player,played,mp,fg,fga,fg_pct,fg3,fg3a,fg3_pct,ft,fta,ft_pct,orb,drb,trb,ast,stl,blk,tov,pf,pts,plus_minus,ts_pct,efg_pct,fg3a_per_fga_pct,fta_per_fga_pct,orb_pct,drb_pct,trb_pct,ast_pct,stl_pct,blk_pct,tov_pct,usg_pct,off_rtg,def_rtg,bpm,game_id,team,opponent,location,team_score,opponent_score,win
Jayson Tatum,1,38.65,13,22,0.591,3,8,0.375,5,6,0.833,0,11,11,4,2,1,4,3,34,0.0,0.69,0.659,0.364,0.273,0.0,24.4,14.7,23.8,2.6,2.2,14.0,35.1,122.0,102.0,10.7,6baf31d5-c4f8-4ae2-9124-9dc73c40aea7,BOS,NYK,Away,108,104,1
Jaylen Brown,1,38.13333333333333,4,11,0.364,0,4,0.0,3,4,0.75,0,6,6,5,1,0,2,5,11,8.0,0.431,0.364,0.364,0.364,0.0,13.5,8.1,19.7,1.3,0.0,13.6,18.3,94.0,112.0,-5.7,6baf31d5-c4f8-4ae2-9124-9dc73c40aea7,BOS,NYK,Away,108,104,1
Kristaps Porziņģis,1,37.9,8,15,0.533,5,9,0.556,9,10,0.9,1,7,8,0,0,4,1,4,30,13.0,0.773,0.7,0.6,0.667,3.4,15.8,10.9,0.0,0.0,9.0,4.9,25.5,150.0,109.0,11.7,6baf31d5-c4f8-4ae2-9124-9dc73c40aea7,BOS,NYK,Away,108,104,1
Jrue Holiday,1,34.78333333333333,4,10,0.4,1,5,0.2,0,0,0.0,2,2,4,2,0,3,2,3,9,3.0,0.45,0.45,0.5,0.0,7.5,4.9,5.9,8.8,0.0,7.4,16.7,16.3,92.0,116.0,-2.7,6baf31d5-c4f8-4ae2-9124-9dc73c40aea7,BOS,NYK,Away,108,104,1
Derrick White,1,31.933333333333334,4,6,0.667,1,3,0.333,3,4,0.75,0,6,6,2,2,1,1,3,12,7.0,0.773,0.75,0.5,0.667,0.0,16.1,9.7,9.7,3.2,2.7,11.4,13.0,142.0,105.0,5.7,6baf31d5-c4f8-4ae2-9124-9dc73c40aea7,BOS,NYK,Away,108,104,1
Al Horford,1,25.78333333333333,3,4,0.75,2,3,0.667,0,0,0.0,3,4,7,2,0,0,3,2,8,-7.0,1.0,1.0,0.75,0.0,15.1,13.3,14.0,11.9,0.0,0.0,42.9,12.8,125.0,116.0,2.2,6baf31d5-c4f8-4ae2-9124-9dc73c40aea7,BOS,NYK,Away,108,104,1
Sam Hauser,1,13.783333333333331,0,4,0.0,0,4,0.0,0,0,0.0,0,2,2,0,1,1,0,1,0,5.0,0.0,0.0,1.0,0.0,0.0,12.4,7.5,0.0,3.7,6.2,0.0,13.7,0.0,104.0,-10.4,6baf31d5-c4f8-4ae2-9124-9dc73c40aea7,BOS,NYK,Away,108,104,1
Payton Pritchard,1,11.033333333333331,1,4,0.25,0,3,0.0,2,2,1.0,0,1,1,1,0,0,0,1,4,-8.0,0.41,0.25,0.75,0.5,0.0,7.8,4.7,13.3,0.0,0.0,0.0,20.9,100.0,119.0,-7.9,6baf31d5-c4f8-4ae2-9124-9dc73c40aea7,BOS,NYK,Away,108,104,1
Luke Kornet,1,8.0,0,1,0.0,0,0,0.0,0,0,0.0,1,0,1,2,0,1,0,0,0,-1.0,0.0,0.0,0.0,0.0,16.2,0.0,6.5,32.4,0.0,10.7,0.0,5.9,123.0,119.0,7.8,6baf31d5-c4f8-4ae2-9124-9dc73c40aea7,BOS,NYK,Away,108,104,1
Dalano Banton,0,0.0,0,0,0.0,0,0,0.0,0,0,0.0,0,0,0,0,0,0,0,0,0,0.0,0.0,0.0,0.0,0.0,0.0,0.0,0.0,0.0,0.0,0.0,0.0,0.0,0.0,0.0,0.0,6baf31d5-c4f8-4ae2-9124-9dc73c40aea7,BOS,NYK,Away,108,104,1
Oshae Brissett,0,0.0,0,0,0.0,0,0,0.0,0,0,0.0,0,0,0,0,0,0,0,0,0,0.0,0.0,0.0,0.0,0.0,0.0,0.0,0.0,0.0,0.0,0.0,0.0,0.0,0.0,0.0,0.0,6baf31d5-c4f8-4ae2-9124-9dc73c40aea7,BOS,NYK,Away,108,104,1
Svi Mykhailiuk,0,0.0,0,0,0.0,0,0,0.0,0,0,0.0,0,0,0,0,0,0,0,0,0,0.0,0.0,0.0,0.0,0.0,0.0,0.0,0.0,0.0,0.0,0.0,0.0,0.0,0.0,0.0,0.0,6baf31d5-c4f8-4ae2-9124-9dc73c40aea7,BOS,NYK,Away,108,104,1
Neemias Queta,0,0.0,0,0,0.0,0,0,0.0,0,0,0.0,0,0,0,0,0,0,0,0,0,0.0,0.0,0.0,0.0,0.0,0.0,0.0,0.0,0.0,0.0,0.0,0.0,0.0,0.0,0.0,0.0,6baf31d5-c4f8-4ae2-9124-9dc73c40aea7,BOS,NYK,Away,108,104,1
Lamar Stevens,0,0.0,0,0,0.0,0,0,0.0,0,0,0.0,0,0,0,0,0,0,0,0,0,0.0,0.0,0.0,0.0,0.0,0.0,0.0,0.0,0.0,0.0,0.0,0.0,0.0,0.0,0.0,0.0,6baf31d5-c4f8-4ae2-9124-9dc73c40aea7,BOS,NYK,Away,108,104,1
Jordan Walsh,0,0.0,0,0,0.0,0,0,0.0,0,0,0.0,0,0,0,0,0,0,0,0,0,0.0,0.0,0.0,0.0,0.0,0.0,0.0,0.0,0.0,0.0,0.0,0.0,0.0,0.0,0.0,0.0,6baf31d5-c4f8-4ae2-9124-9dc73c40aea7,BOS,NYK,Away,108,104,1
Jayson Tatum,1,41.43333333333333,9,22,0.409,3,10,0.3,1,3,0.333,0,8,8,5,1,0,2,4,22,13.0,0.472,0.477,0.455,0.136,0.0,18.5,9.3,16.8,1.2,0.0,7.9,24.8,105.0,113.0,-1.3,7e017f4a-581e-4603-9695-ea0c212007eb,BOS,MIA,Home,119,111,1
Jrue Holiday,1,36.45,7,13,0.538,1,4,0.25,2,2,1.0,2,8,10,7,0,1,1,2,17,4.0,0.612,0.577,0.308,0.154,5.3,21.1,13.2,25.8,0.0,2.4,6.7,16.6,143.0,113.0,7.2,7e017f4a-581e-4603-9695-ea0c212007eb,BOS,MIA,Home,119,111,1
Derrick White,1,36.43333333333333,9,15,0.6,5,7,0.714,5,6,0.833,3,3,6,3,1,3,2,1,28,4.0,0.794,0.767,0.467,0.4,7.9,7.9,7.9,11.9,1.3,7.1,10.2,21.9,155.0,111.0,17.3,7e017f4a-581e-4603-9695-ea0c212007eb,BOS,MIA,Home,119,111,1
Jaylen Brown,1,33.61666666666667,11,22,0.5,3,7,0.429,2,4,0.5,2,4,6,1,2,0,4,1,27,3.0,0.568,0.568,0.318,0.182,5.7,11.4,8.6,4.9,2.9,0.0,14.4,33.5,105.0,112.0,1.8,7e017f4a-581e-4603-9695-ea0c212007eb,BOS,MIA,Home,119,111,1
Kristaps Porziņģis,1,30.23333333333333,6,12,0.5,2,6,0.333,3,4,0.75,3,6,9,1,3,1,1,6,17,-12.0,0.618,0.583,0.5,0.333,9.5,19.1,14.3,4.5,4.8,2.8,6.8,19.8,133.0,102.0,6.1,7e017f4a-581e-4603-9695-ea0c212007eb,BOS,MIA,Home,119,111,1
Al Horford,1,24.633333333333333,0,6,0.0,0,2,0.0,0,0,0.0,3,7,10,2,0,1,3,1,0,7.0,0.0,0.0,0.333,0.0,11.7,27.3,19.5,8.7,0.0,3.5,33.3,14.8,38.0,111.0,-12.6,7e017f4a-581e-4603-9695-ea0c212007eb,BOS,MIA,Home,119,111,1
Oshae Brissett,1,14.033333333333331,1,2,0.5,0,0,0.0,0,0,0.0,3,2,5,0,0,0,2,1,2,7.0,0.5,0.5,0.0,0.0,20.5,13.7,17.1,0.0,0.0,0.0,50.0,11.6,82.0,118.0,-8.1,7e017f4a-581e-4603-9695-ea0c212007eb,BOS,MIA,Home,119,111,1
Payton Pritchard,1,12.966666666666669,1,1,1.0,1,1,1.0,0,0,0.0,0,0,0,1,0,0,0,2,3,8.0,1.5,1.5,1.0,0.0,0.0,0.0,0.0,9.0,0.0,0.0,0.0,3.1,281.0,122.0,0.8,7e017f4a-581e-4603-9695-ea0c212007eb,BOS,MIA,Home,119,111,1
Sam Hauser,1,10.2,1,2,0.5,1,2,0.5,0,0,0.0,0,1,1,0,0,0,0,1,3,6.0,0.75,0.75,1.0,0.0,0.0,9.4,4.7,0.0,0.0,0.0,0.0,8.0,159.0,119.0,-0.3,7e017f4a-581e-4603-9695-ea0c212007eb,BOS,MIA,Home,119,111,1
Dalano Banton,0,0.0,0,0,0.0,0,0,0.0,0,0,0.0,0,0,0,0,0,0,0,0,0,0.0,0.0,0.0,0.0,0.0,0.0,0.0,0.0,0.0,0.0,0.0,0.0,0.0,0.0,0.0,0.0,7e017f4a-581e-4603-9695-ea0c212007eb,BOS,MIA,Home,119,111,1
JD Davison,0,0.0,0,0,0.0,0,0,0.0,0,0,0.0,0,0,0,0,0,0,0,0,0,0.0,0.0,0.0,0.0,0.0,0.0,0.0,0.0,0.0,0.0,0.0,0.0,0.0,0.0,0.0,0.0,7e017f4a-581e-4603-9695-ea0c212007eb,BOS,MIA,Home,119,111,1
Luke Kornet,0,0.0,0,0,0.0,0,0,0.0,0,0,0.0,0,0,0,0,0,0,0,0,0,0.0,0.0,0.0,0.0,0.0,0.0,0.0,0.0,0.0,0.0,0.0,0.0,0.0,0.0,0.0,0.0,7e017f4a-581e-4603-9695-ea0c212007eb,BOS,MIA,Home,119,111,1
Svi Mykhailiuk,0,0.0,0,0,0.0,0,0,0.0,0,0,0.0,0,0,0,0,0,0,0,0,0,0.0,0.0,0.0,0.0,0.0,0.0,0.0,0.0,0.0,0.0,0.0,0.0,0.0,0.0,0.0,0.0,7e017f4a-581e-4603-9695-ea0c212007eb,BOS,MIA,Home,119,111,1
Lamar Stevens,0,0.0,0,0,0.0,0,0,0.0,0,0,0.0,0,0,0,0,0,0,0,0,0,0.0,0.0,0.0,0.0,0.0,0.0,0.0,0.0,0.0,0.0,0.0,0.0,0.0,0.0,0.0,0.0,7e017f4a-581e-4603-9695-ea0c212007eb,BOS,MIA,Home,119,111,1
Jordan Walsh,0,0.0,0,0,0.0,0,0,0.0,0,0,0.0,0,0,0,0,0,0,0,0,0,0.0,0.0,0.0,0.0,0.0,0.0,0.0,0.0,0.0,0.0,0.0,0.0,0.0,0.0,0.0,0.0,7e017f4a-581e-4603-9695-ea0c212007eb,BOS,MIA,Home,119,111,1
Jaylen Brown,1,31.53333333333333,13,24,0.542,8,13,0.615,2,4,0.5,0,6,6,2,3,1,0,3,36,32.0,0.699,0.708,0.542,0.167,0.0,19.4,10.0,9.8,4.5,3.0,0.0,32.1,147.0,99.0,18.3,c9f2b08c-a6ca-4c3f-ad74-4b0f62d62884,BOS,WAS,Away,126,107,1
Jayson Tatum,1,27.6,14,21,0.667,4,9,0.444,1,1,1.0,0,6,6,3,0,0,2,2,33,27.0,0.77,0.762,0.429,0.048,0.0,22.2,11.5,19.6,0.0,0.0,8.5,33.4,142.0,110.0,12.8,c9f2b08c-a6ca-4c3f-ad74-4b0f62d62884,BOS,WAS,Away,126,107,1
Jrue Holiday,1,26.7,4,7,0.571,1,3,0.333,2,2,1.0,1,4,5,3,1,2,1,1,11,28.0,0.698,0.643,0.429,0.286,4.1,15.3,9.9,12.3,1.8,7.1,11.3,13.1,144.0,104.0,5.6,c9f2b08c-a6ca-4c3f-ad74-4b0f62d62884,BOS,WAS,Away,126,107,1
Kristaps Porziņģis,1,23.866666666666667,7,9,0.778,1,2,0.5,0,0,0.0,0,6,6,3,0,1,2,2,15,30.0,0.833,0.833,0.222,0.0,0.0,25.7,13.3,16.3,0.0,3.9,18.2,18.1,137.0,106.0,5.9,c9f2b08c-a6ca-4c3f-ad74-4b0f62d62884,BOS,WAS,Away,126,107,1
Derrick White,1,23.6,2,3,0.667,1,2,0.5,0,0,0.0,1,0,1,8,2,1,2,1,5,27.0,0.833,0.833,0.667,0.0,4.6,0.0,2.2,34.7,4.0,4.0,40.0,8.3,145.0,105.0,9.4,c9f2b08c-a6ca-4c3f-ad74-4b0f62d62884,BOS,WAS,Away,126,107,1
Sam Hauser,1,25.133333333333333,3,10,0.3,2,9,0.222,0,0,0.0,3,5,8,1,0,1,1,3,8,-10.0,0.4,0.4,0.9,0.0,13.0,20.3,16.8,4.2,0.0,3.7,9.1,17.2,100.0,108.0,-7.2,c9f2b08c-a6ca-4c3f-ad74-4b0f62d62884,BOS,WAS,Away,126,107,1
Payton Pritchard,1,25.05,0,8,0.0,0,6,0.0,0,0,0.0,1,6,7,6,1,0,4,3,0,-2.0,0.0,0.0,0.75,0.0,4.4,24.5,14.7,22.5,1.9,0.0,33.3,18.8,44.0,105.0,-19.0,c9f2b08c-a6ca-4c3f-ad74-4b0f62d62884,BOS,WAS,Away,126,107,1
Al Horford,1,15.516666666666667,4,9,0.444,0,3,0.0,0,0,0.0,4,1,5,1,2,0,0,1,8,4.0,0.444,0.444,0.333,0.0,28.1,6.6,17.0,8.0,6.1,0.0,0.0,22.8,123.0,101.0,1.3,c9f2b08c-a6ca-4c3f-ad74-4b0f62d62884,BOS,WAS,Away,126,107,1
Luke Kornet,1,10.7,0,0,0.0,0,0,0.0,0,0,0.0,0,1,1,1,0,0,1,1,0,-11.0,0.0,0.0,0.0,0.0,0.0,9.5,4.9,8.8,0.0,0.0,100.0,3.7,51.0,113.0,-9.4,c9f2b08c-a6ca-4c3f-ad74-4b0f62d62884,BOS,WAS,Away,126,107,1
Oshae Brissett,1,10.266666666666667,0,4,0.0,0,2,0.0,0,0,0.0,1,1,2,1,1,0,0,2,0,-10.0,0.0,0.0,0.5,0.0,10.6,9.9,10.3,9.2,4.6,0.0,0.0,15.3,42.0,102.0,-16.1,c9f2b08c-a6ca-4c3f-ad74-4b0f62d62884,BOS,WAS,Away,126,107,1
Dalano Banton,1,9.683333333333334,1,3,0.333,0,1,0.0,0,0,0.0,2,0,2,1,0,0,1,1,2,-17.0,0.333,0.333,0.333,0.0,22.5,0.0,10.9,10.8,0.0,0.0,25.0,16.2,91.0,116.0,-11.1,c9f2b08c-a6ca-4c3f-ad74-4b0f62d62884,BOS,WAS,Away,126,107,1
Lamar Stevens,1,5.516666666666667,2,2,1.0,1,1,1.0,0,0,0.0,2,0,2,0,0,0,3,1,5,-4.0,1.25,1.25,0.5,0.0,39.5,0.0,19.1,0.0,0.0,0.0,60.0,35.6,76.0,116.0,-5.7,c9f2b08c-a6ca-4c3f-ad74-4b0f62d62884,BOS,WAS,Away,126,107,1
Svi Mykhailiuk,1,4.833333333333333,1,2,0.5,1,2,0.5,0,0,0.0,0,0,0,1,1,0,0,0,3,1.0,0.75,0.75,1.0,0.0,0.0,0.0,0.0,24.2,9.8,0.0,0.0,16.3,174.0,95.0,22.6,c9f2b08c-a6ca-4c3f-ad74-4b0f62d62884,BOS,WAS,Away,126,107,1
Jordan Walsh,0,0.0,0,0,0.0,0,0,0.0,0,0,0.0,0,0,0,0,0,0,0,0,0,0.0,0.0,0.0,0.0,0.0,0.0,0.0,0.0,0.0,0.0,0.0,0.0,0.0,0.0,0.0,0.0,c9f2b08c-a6ca-4c3f-ad74-4b0f62d62884,BOS,WAS,Away,126,107,1
Kristaps Porziņģis,1,27.133333333333333,3,7,0.429,1,3,0.333,6,6,1.0,1,5,6,2,0,0,2,3,13,27.0,0.674,0.5,0.429,0.857,5.2,16.4,12.1,7.3,0.0,0.0,17.2,17.4,133.0,102.0,-0.8,d58eaeb2-6148-471a-82f4-7226b2e71551,BOS,IND,Home,155,104,1
Derrick White,1,26.83333333333333,7,10,0.7,4,7,0.571,0,0,0.0,1,2,3,4,0,0,2,3,18,34.0,0.9,0.9,0.7,0.0,5.3,6.6,6.1,17.3,0.0,0.0,16.7,18.1,158.0,103.0,8.6,d58eaeb2-6148-471a-82f4-7226b2e71551,BOS,IND,Home,155,104,1
Jayson Tatum,1,26.566666666666663,9,15,0.6,3,5,0.6,9,10,0.9,2,10,12,4,0,0,2,1,30,36.0,0.773,0.7,0.333,0.667,10.6,33.5,24.6,19.2,0.0,0.0,9.3,32.7,158.0,99.0,14.4,d58eaeb2-6148-471a-82f4-7226b2e71551,BOS,IND,Home,155,104,1
Jaylen Brown,1,25.466666666666665,7,15,0.467,0,1,0.0,2,2,1.0,1,6,7,1,0,0,2,3,16,22.0,0.504,0.467,0.067,0.133,5.5,20.9,15.0,4.6,0.0,0.0,11.2,28.5,104.0,101.0,-10.2,d58eaeb2-6148-471a-82f4-7226b2e71551,BOS,IND,Home,155,104,1
Jrue Holiday,1,25.433333333333334,6,9,0.667,3,4,0.75,0,0,0.0,0,7,7,4,0,1,1,0,15,20.0,0.833,0.833,0.444,0.0,0.0,24.5,15.0,17.7,0.0,2.9,10.0,16.0,163.0,98.0,12.4,d58eaeb2-6148-471a-82f4-7226b2e71551,BOS,IND,Home,155,104,1
Payton Pritchard,1,26.25,6,10,0.6,2,3,0.667,1,1,1.0,1,3,4,9,0,0,0,2,15,32.0,0.718,0.7,0.3,0.1,5.4,10.2,8.3,38.2,0.0,0.0,0.0,16.1,180.0,103.0,12.6,d58eaeb2-6148-471a-82f4-7226b2e71551,BOS,IND,Home,155,104,1
Oshae Brissett,1,19.516666666666666,1,4,0.25,0,1,0.0,2,2,1.0,0,1,1,0,2,0,0,0,4,21.0,0.41,0.25,0.25,0.5,0.0,4.6,2.8,0.0,4.7,0.0,0.0,10.1,101.0,95.0,-0.2,d58eaeb2-6148-471a-82f4-7226b2e71551,BOS,IND,Home,155,104,1
Sam Hauser,1,19.48333333333333,5,7,0.714,5,6,0.833,2,2,1.0,0,3,3,0,1,0,1,3,17,23.0,1.079,1.071,0.857,0.286,0.0,13.7,8.4,0.0,2.4,0.0,11.3,18.5,182.0,97.0,15.8,d58eaeb2-6148-471a-82f4-7226b2e71551,BOS,IND,Home,155,104,1
Al Horford,1,11.05,1,3,0.333,1,1,1.0,2,2,1.0,2,2,4,0,1,1,1,0,5,7.0,0.644,0.5,0.333,0.667,25.6,16.1,19.7,0.0,4.2,6.8,20.5,17.9,133.0,88.0,8.2,d58eaeb2-6148-471a-82f4-7226b2e71551,BOS,IND,Home,155,104,1
Svi Mykhailiuk,1,11.05,2,6,0.333,1,4,0.25,0,0,0.0,0,3,3,0,0,0,0,0,5,17.0,0.417,0.417,0.667,0.0,0.0,24.1,14.8,0.0,0.0,0.0,0.0,22.0,96.0,101.0,-8.3,d58eaeb2-6148-471a-82f4-7226b2e71551,BOS,IND,Home,155,104,1
Dalano Banton,1,8.266666666666667,4,4,1.0,0,0,0.0,3,3,1.0,0,3,3,1,1,0,0,2,11,3.0,1.034,1.0,0.0,0.75,0.0,32.3,19.8,18.9,5.6,0.0,0.0,26.1,217.0,87.0,27.3,d58eaeb2-6148-471a-82f4-7226b2e71551,BOS,IND,Home,155,104,1
Lamar Stevens,1,6.933333333333334,2,4,0.5,0,0,0.0,0,0,0.0,2,0,2,2,0,0,0,2,4,6.0,0.5,0.5,0.0,0.0,40.7,0.0,15.7,34.5,0.0,0.0,0.0,23.4,154.0,104.0,2.9,d58eaeb2-6148-471a-82f4-7226b2e71551,BOS,IND,Home,155,104,1
Luke Kornet,1,6.016666666666667,1,1,1.0,0,0,0.0,0,0,0.0,1,1,2,0,0,0,0,0,2,7.0,1.0,1.0,0.0,0.0,23.5,14.8,18.1,0.0,0.0,0.0,0.0,6.7,214.0,102.0,5.7,d58eaeb2-6148-471a-82f4-7226b2e71551,BOS,IND,Home,155,104,1
Jayson Tatum,1,40.86666666666667,10,20,0.5,6,10,0.6,6,6,1.0,1,10,11,1,0,0,3,1,32,18.0,0.707,0.65,0.5,0.3,2.8,23.5,14.0,3.8,0.0,0.0,11.7,26.7,128.0,117.0,4.5,f04a73e6-486f-4873-bdd7-368487d93884,BOS,BRK,Away,124,114,1
Jrue Holiday,1,40.36666666666667,6,15,0.4,4,9,0.444,2,2,1.0,4,5,9,10,0,1,3,1,18,14.0,0.567,0.533,0.6,0.133,11.3,11.9,11.6,33.2,0.0,2.5,15.9,19.9,127.0,118.0,5.9,f04a73e6-486f-4873-bdd7-368487d93884,BOS,BRK,Away,124,114,1
Jaylen Brown,1,35.36666666666667,7,22,0.318,2,11,0.182,7,8,0.875,0,5,5,4,0,1,2,4,23,6.0,0.451,0.364,0.5,0.364,0.0,13.6,7.4,16.2,0.0,2.8,7.3,33.1,98.0,117.0,-7.1,f04a73e6-486f-4873-bdd7-368487d93884,BOS,BRK,Away,124,114,1
Al Horford,1,30.2,4,7,0.571,0,3,0.0,0,0,0.0,2,5,7,3,1,1,0,1,8,29.0,0.571,0.571,0.429,0.0,7.6,15.9,12.1,13.0,1.6,3.3,0.0,9.9,143.0,113.0,3.8,f04a73e6-486f-4873-bdd7-368487d93884,BOS,BRK,Away,124,114,1
Kristaps Porziņģis,1,30.15,8,10,0.8,1,2,0.5,5,8,0.625,2,5,7,1,0,3,1,2,22,4.0,0.814,0.85,0.2,0.8,7.6,15.9,12.1,5.3,0.0,10.0,6.9,20.5,156.0,112.0,9.8,f04a73e6-486f-4873-bdd7-368487d93884,BOS,BRK,Away,124,114,1
Payton Pritchard,1,19.183333333333334,0,4,0.0,0,4,0.0,0,0,0.0,0,0,0,2,0,0,1,2,0,-10.0,0.0,0.0,1.0,0.0,0.0,0.0,0.0,11.6,0.0,0.0,20.0,11.1,28.0,123.0,-17.1,f04a73e6-486f-4873-bdd7-368487d93884,BOS,BRK,Away,124,114,1
Sam Hauser,1,18.53333333333333,2,3,0.667,1,2,0.5,0,0,0.0,0,1,1,0,2,0,1,3,5,-5.0,0.833,0.833,0.667,0.0,0.0,5.2,2.8,0.0,5.2,0.0,25.0,9.2,112.0,109.0,0.4,f04a73e6-486f-4873-bdd7-368487d93884,BOS,BRK,Away,124,114,1
Luke Kornet,1,14.8,5,5,1.0,0,0,0.0,1,1,1.0,0,7,7,0,1,0,0,3,11,7.0,1.011,1.0,0.0,0.2,0.0,45.4,24.7,0.0,3.3,0.0,0.0,15.6,206.0,102.0,12.4,f04a73e6-486f-4873-bdd7-368487d93884,BOS,BRK,Away,124,114,1
Oshae Brissett,1,10.5,1,4,0.25,1,4,0.25,2,2,1.0,1,2,3,1,0,0,0,0,5,-13.0,0.512,0.375,1.0,0.5,10.9,18.3,14.9,11.9,0.0,0.0,0.0,19.8,132.0,118.0,2.3,f04a73e6-486f-4873-bdd7-368487d93884,BOS,BRK,Away,124,114,1
Dalano Banton,0,0.0,0,0,0.0,0,0,0.0,0,0,0.0,0,0,0,0,0,0,0,0,0,0.0,0.0,0.0,0.0,0.0,0.0,0.0,0.0,0.0,0.0,0.0,0.0,0.0,0.0,0.0,0.0,f04a73e6-486f-4873-bdd7-368487d93884,BOS,BRK,Away,124,114,1
Svi Mykhailiuk,0,0.0,0,0,0.0,0,0,0.0,0,0,0.0,0,0,0,0,0,0,0,0,0,0.0,0.0,0.0,0.0,0.0,0.0,0.0,0.0,0.0,0.0,0.0,0.0,0.0,0.0,0.0,0.0,f04a73e6-486f-4873-bdd7-368487d93884,BOS,BRK,Away,124,114,1
Lamar Stevens,0,0.0,0,0,0.0,0,0,0.0,0,0,0.0,0,0,0,0,0,0,0,0,0,0.0,0.0,0.0,0.0,0.0,0.0,0.0,0.0,0.0,0.0,0.0,0.0,0.0,0.0,0.0,0.0,f04a73e6-486f-4873-bdd7-368487d93884,BOS,BRK,Away,124,114,1
Jayson Tatum,1,42.96666666666667,12,22,0.545,2,8,0.25,6,8,0.75,0,5,5,2,5,0,6,2,32,3.0,0.627,0.591,0.364,0.364,0.0,15.4,6.9,11.6,5.6,0.0,19.0,31.6,101.0,98.0,8.0,3da7b8be-99b2-4b6e-8aa0-d340e1d937c6,BOS,MIN,Away,109,114,0
Jrue Holiday,1,41.6,4,16,0.25,0,4,0.0,4,6,0.667,3,8,11,6,1,0,3,3,12,-19.0,0.322,0.25,0.25,0.375,7.6,25.5,15.6,24.7,1.2,0.0,13.9,22.4,79.0,106.0,-4.5,3da7b8be-99b2-4b6e-8aa0-d340e1d937c6,BOS,MIN,Away,109,114,0
Jaylen Brown,1,39.48333333333333,10,21,0.476,3,8,0.375,3,4,0.75,0,7,7,4,1,0,3,5,26,-16.0,0.571,0.548,0.381,0.19,0.0,23.5,10.4,23.8,1.2,0.0,11.6,28.1,106.0,106.0,3.9,3da7b8be-99b2-4b6e-8aa0-d340e1d937c6,BOS,MIN,Away,109,114,0
Al Horford,1,36.03333333333333,1,5,0.2,1,4,0.25,0,0,0.0,2,3,5,4,1,0,2,4,3,7.0,0.3,0.3,0.8,0.0,5.9,11.0,8.2,17.0,1.3,0.0,28.6,8.4,79.0,107.0,-3.1,3da7b8be-99b2-4b6e-8aa0-d340e1d937c6,BOS,MIN,Away,109,114,0
Kristaps Porziņģis,1,35.666666666666664,5,14,0.357,2,6,0.333,8,10,0.8,1,4,5,1,1,1,1,5,20,-7.0,0.543,0.429,0.429,0.714,3.0,14.9,8.3,5.2,1.4,3.1,5.2,23.4,113.0,104.0,2.3,3da7b8be-99b2-4b6e-8aa0-d340e1d937c6,BOS,MIN,Away,109,114,0
Sam Hauser,1,24.75,3,8,0.375,3,8,0.375,2,2,1.0,1,3,4,0,1,1,1,3,11,-3.0,0.619,0.563,1.0,0.25,4.3,16.1,9.5,0.0,1.9,4.5,10.1,17.2,115.0,102.0,4.9,3da7b8be-99b2-4b6e-8aa0-d340e1d937c6,BOS,MIN,Away,109,114,0
Payton Pritchard,1,20.366666666666667,0,3,0.0,0,1,0.0,0,0,0.0,3,3,6,3,0,0,0,2,0,13.0,0.0,0.0,0.333,0.0,15.6,19.5,17.3,21.7,0.0,0.0,0.0,6.3,90.0,109.0,-4.0,3da7b8be-99b2-4b6e-8aa0-d340e1d937c6,BOS,MIN,Away,109,114,0
Luke Kornet,1,15.866666666666667,1,2,0.5,0,0,0.0,3,4,0.75,1,0,1,0,2,0,0,2,5,4.0,0.665,0.5,0.0,2.0,6.7,0.0,3.7,0.0,6.1,0.0,0.0,10.2,150.0,98.0,4.2,3da7b8be-99b2-4b6e-8aa0-d340e1d937c6,BOS,MIN,Away,109,114,0
Lamar Stevens,1,4.383333333333334,0,1,0.0,0,0,0.0,0,0,0.0,0,1,1,0,1,0,0,0,0,-5.0,0.0,0.0,0.0,0.0,0.0,30.2,13.4,0.0,11.0,0.0,0.0,9.8,0.0,85.0,1.2,3da7b8be-99b2-4b6e-8aa0-d340e1d937c6,BOS,MIN,Away,109,114,0
Svi Mykhailiuk,1,3.85,0,0,0.0,0,0,0.0,0,0,0.0,0,0,0,0,0,0,0,0,0,-2.0,0.0,0.0,0.0,0.0,0.0,0.0,0.0,0.0,0.0,0.0,0.0,0.0,0.0,112.0,-5.3,3da7b8be-99b2-4b6e-8aa0-d340e1d937c6,BOS,MIN,Away,109,114,0
Dalano Banton,0,0.0,0,0,0.0,0,0,0.0,0,0,0.0,0,0,0,0,0,0,0,0,0,0.0,0.0,0.0,0.0,0.0,0.0,0.0,0.0,0.0,0.0,0.0,0.0,0.0,0.0,0.0,0.0,3da7b8be-99b2-4b6e-8aa0-d340e1d937c6,BOS,MIN,Away,109,114,0
Oshae Brissett,0,0.0,0,0,0.0,0,0,0.0,0,0,0.0,0,0,0,0,0,0,0,0,0,0.0,0.0,0.0,0.0,0.0,0.0,0.0,0.0,0.0,0.0,0.0,0.0,0.0,0.0,0.0,0.0,3da7b8be-99b2-4b6e-8aa0-d340e1d937c6,BOS,MIN,Away,109,114,0
Derrick White,1,37.56666666666667,6,18,0.333,3,11,0.273,4,4,1.0,1,3,4,5,2,1,2,3,19,2.0,0.481,0.417,0.611,0.222,2.4,8.3,5.2,22.5,2.6,2.1,9.2,25.0,98.0,107.0,2.3,9e7649be-207d-4440-917a-6b33febaedeb,BOS,PHI,Away,103,106,0
Jayson Tatum,1,37.083333333333336,6,14,0.429,2,6,0.333,2,3,0.667,1,14,15,6,3,0,2,2,16,-1.0,0.522,0.5,0.429,0.214,2.4,39.4,19.6,27.5,3.9,0.0,11.5,20.1,104.0,96.0,6.7,9e7649be-207d-4440-917a-6b33febaedeb,BOS,PHI,Away,103,106,0
Jaylen Brown,1,35.53333333333333,4,13,0.308,2,7,0.286,1,2,0.5,0,2,2,2,1,1,4,2,11,-3.0,0.396,0.385,0.538,0.154,0.0,5.9,2.7,8.8,1.4,2.2,22.4,21.7,63.0,111.0,-8.9,9e7649be-207d-4440-917a-6b33febaedeb,BOS,PHI,Away,103,106,0
Jrue Holiday,1,34.75,4,9,0.444,2,3,0.667,2,2,1.0,1,4,5,5,1,0,2,1,12,13.0,0.607,0.556,0.333,0.222,2.6,12.0,7.0,22.7,1.4,0.0,16.8,14.7,113.0,110.0,2.1,9e7649be-207d-4440-917a-6b33febaedeb,BOS,PHI,Away,103,106,0
Kristaps Porziņģis,1,31.066666666666663,10,19,0.526,2,6,0.333,7,8,0.875,4,2,6,3,0,1,0,4,29,8.0,0.644,0.579,0.316,0.421,11.7,6.7,9.4,22.6,0.0,2.5,0.0,31.2,138.0,113.0,12.6,9e7649be-207d-4440-917a-6b33febaedeb,BOS,PHI,Away,103,106,0
Al Horford,1,26.216666666666665,1,6,0.167,1,6,0.167,0,0,0.0,0,5,5,3,0,2,1,1,3,-23.0,0.25,0.25,1.0,0.0,0.0,19.9,9.2,16.1,0.0,6.0,14.3,11.5,64.0,107.0,-3.2,9e7649be-207d-4440-917a-6b33febaedeb,BOS,PHI,Away,103,106,0
Sam Hauser,1,18.666666666666668,5,8,0.625,3,6,0.5,0,0,0.0,0,4,4,0,1,1,0,0,13,-6.0,0.813,0.813,0.75,0.0,0.0,22.4,10.4,0.0,2.6,4.2,0.0,18.5,140.0,101.0,16.3,9e7649be-207d-4440-917a-6b33febaedeb,BOS,PHI,Away,103,106,0
Payton Pritchard,1,16.016666666666666,0,4,0.0,0,2,0.0,0,0,0.0,2,0,2,4,0,0,1,0,0,-2.0,0.0,0.0,0.5,0.0,11.3,0.0,6.1,33.3,0.0,0.0,20.0,13.5,63.0,117.0,-9.0,9e7649be-207d-4440-917a-6b33febaedeb,BOS,PHI,Away,103,106,0
Luke Kornet,1,3.083333333333333,0,0,0.0,0,0,0.0,0,0,0.0,0,0,0,0,0,0,0,0,0,-3.0,0.0,0.0,0.0,0.0,0.0,0.0,0.0,0.0,0.0,0.0,0.0,0.0,0.0,117.0,-7.9,9e7649be-207d-4440-917a-6b33febaedeb,BOS,PHI,Away,103,106,0
Dalano Banton,0,0.0,0,0,0.0,0,0,0.0,0,0,0.0,0,0,0,0,0,0,0,0,0,0.0,0.0,0.0,0.0,0.0,0.0,0.0,0.0,0.0,0.0,0.0,0.0,0.0,0.0,0.0,0.0,9e7649be-207d-4440-917a-6b33febaedeb,BOS,PHI,Away,103,106,0
Oshae Brissett,0,0.0,0,0,0.0,0,0,0.0,0,0,0.0,0,0,0,0,0,0,0,0,0,0.0,0.0,0.0,0.0,0.0,0.0,0.0,0.0,0.0,0.0,0.0,0.0,0.0,0.0,0.0,0.0,9e7649be-207d-4440-917a-6b33febaedeb,BOS,PHI,Away,103,106,0
Svi Mykhailiuk,0,0.0,0,0,0.0,0,0,0.0,0,0,0.0,0,0,0,0,0,0,0,0,0,0.0,0.0,0.0,0.0,0.0,0.0,0.0,0.0,0.0,0.0,0.0,0.0,0.0,0.0,0.0,0.0,9e7649be-207d-4440-917a-6b33febaedeb,BOS,PHI,Away,103,106,0
Lamar Stevens,0,0.0,0,0,0.0,0,0,0.0,0,0,0.0,0,0,0,0,0,0,0,0,0,0.0,0.0,0.0,0.0,0.0,0.0,0.0,0.0,0.0,0.0,0.0,0.0,0.0,0.0,0.0,0.0,9e7649be-207d-4440-917a-6b33febaedeb,BOS,PHI,Away,103,106,0
Jayson Tatum,1,33.3,6,17,0.353,4,11,0.364,7,9,0.778,1,9,10,3,0,0,2,1,23,28.0,0.549,0.471,0.647,0.529,2.7,29.5,14.7,13.4,0.0,0.0,8.7,29.2,115.0,115.0,0.6,a77ad56f-a6fd-43ed-86e1-e98f98847d27,BOS,BRK,Home,121,107,1
Jrue Holiday,1,32.833333333333336,6,14,0.429,1,5,0.2,0,0,0.0,3,9,12,9,2,0,0,2,13,26.0,0.464,0.464,0.357,0.0,8.1,29.9,17.9,40.8,3.1,0.0,0.0,18.1,137.0,108.0,7.8,a77ad56f-a6fd-43ed-86e1-e98f98847d27,BOS,BRK,Home,121,107,1
Jaylen Brown,1,29.48333333333333,10,19,0.526,5,9,0.556,3,5,0.6,0,3,3,5,1,0,3,0,28,6.0,0.66,0.658,0.474,0.263,0.0,11.1,5.0,32.9,1.7,0.0,12.4,34.8,120.0,116.0,10.5,a77ad56f-a6fd-43ed-86e1-e98f98847d27,BOS,BRK,Home,121,107,1
Derrick White,1,26.816666666666663,4,10,0.4,2,5,0.4,1,2,0.5,0,4,4,5,0,1,0,2,11,1.0,0.506,0.5,0.5,0.2,0.0,16.3,7.3,26.4,0.0,3.7,0.0,17.2,128.0,116.0,1.3,a77ad56f-a6fd-43ed-86e1-e98f98847d27,BOS,BRK,Home,121,107,1
Kristaps Porziņģis,1,24.666666666666668,2,4,0.5,0,2,0.0,5,5,1.0,0,2,2,2,0,1,0,2,9,20.0,0.726,0.5,0.5,1.25,0.0,8.8,4.0,10.5,0.0,4.1,0.0,10.6,170.0,118.0,0.3,a77ad56f-a6fd-43ed-86e1-e98f98847d27,BOS,BRK,Home,121,107,1
Payton Pritchard,1,30.466666666666665,5,10,0.5,2,7,0.286,1,2,0.5,4,1,5,3,1,0,0,1,13,9.0,0.597,0.6,0.7,0.2,11.7,3.6,8.0,14.3,1.7,0.0,0.0,15.1,147.0,118.0,3.8,a77ad56f-a6fd-43ed-86e1-e98f98847d27,BOS,BRK,Home,121,107,1
Sam Hauser,1,24.633333333333333,5,10,0.5,5,10,0.5,0,0,0.0,1,1,2,1,0,0,0,1,15,-1.0,0.75,0.75,1.0,0.0,3.6,4.4,4.0,6.2,0.0,0.0,0.0,17.2,152.0,122.0,6.6,a77ad56f-a6fd-43ed-86e1-e98f98847d27,BOS,BRK,Home,121,107,1
Luke Kornet,1,17.883333333333333,3,5,0.6,0,0,0.0,1,1,1.0,6,3,9,1,0,1,0,1,7,-2.0,0.643,0.6,0.0,0.2,29.8,18.3,24.6,8.1,0.0,5.6,0.0,12.9,170.0,114.0,4.6,a77ad56f-a6fd-43ed-86e1-e98f98847d27,BOS,BRK,Home,121,107,1
Svi Mykhailiuk,1,8.583333333333334,0,1,0.0,0,1,0.0,0,0,0.0,0,1,1,0,0,0,2,1,0,-5.0,0.0,0.0,1.0,0.0,0.0,12.7,5.7,0.0,0.0,0.0,66.7,14.8,0.0,120.0,-27.2,a77ad56f-a6fd-43ed-86e1-e98f98847d27,BOS,BRK,Home,121,107,1
Oshae Brissett,1,7.766666666666667,0,3,0.0,0,2,0.0,2,4,0.5,1,2,3,0,1,0,0,2,2,-6.0,0.21,0.0,0.667,1.333,11.4,28.1,18.9,0.0,6.6,0.0,0.0,26.0,66.0,99.0,-17.3,a77ad56f-a6fd-43ed-86e1-e98f98847d27,BOS,BRK,Home,121,107,1
Dalano Banton,1,3.533333333333333,0,1,0.0,0,0,0.0,0,0,0.0,1,0,1,0,0,0,0,0,0,-6.0,0.0,0.0,0.0,0.0,25.2,0.0,13.9,0.0,0.0,0.0,0.0,12.0,73.0,123.0,-14.7,a77ad56f-a6fd-43ed-86e1-e98f98847d27,BOS,BRK,Home,121,107,1
Lamar Stevens,0,0.0,0,0,0.0,0,0,0.0,0,0,0.0,0,0,0,0,0,0,0,0,0,0.0,0.0,0.0,0.0,0.0,0.0,0.0,0.0,0.0,0.0,0.0,0.0,0.0,0.0,0.0,0.0,a77ad56f-a6fd-43ed-86e1-e98f98847d27,BOS,BRK,Home,121,107,1
Jayson Tatum,1,34.083333333333336,10,18,0.556,3,9,0.333,4,6,0.667,0,5,5,4,0,1,1,2,27,42.0,0.654,0.639,0.5,0.333,0.0,14.7,8.5,17.1,0.0,2.6,4.6,29.4,127.0,98.0,7.3,4b8bccef-c1fe-43e2-be02-6443e4be2e77,BOS,TOR,Home,117,94,1
Jaylen Brown,1,31.683333333333334,12,20,0.6,3,8,0.375,2,3,0.667,1,4,5,2,0,0,2,1,29,9.0,0.68,0.675,0.4,0.15,4.3,12.6,9.1,10.5,0.0,0.0,8.6,34.1,120.0,100.0,4.9,4b8bccef-c1fe-43e2-be02-6443e4be2e77,BOS,TOR,Home,117,94,1
Jrue Holiday,1,29.8,4,9,0.444,0,2,0.0,0,0,0.0,0,3,3,7,1,2,4,2,8,22.0,0.444,0.444,0.222,0.0,0.0,10.1,5.8,27.8,1.7,6.0,30.8,20.2,86.0,92.0,-0.9,4b8bccef-c1fe-43e2-be02-6443e4be2e77,BOS,TOR,Home,117,94,1
Kristaps Porziņģis,1,27.53333333333333,9,14,0.643,3,7,0.429,0,1,0.0,0,7,7,3,0,0,3,1,21,12.0,0.727,0.75,0.5,0.071,0.0,25.4,14.7,16.7,0.0,0.0,17.2,29.3,113.0,97.0,6.6,4b8bccef-c1fe-43e2-be02-6443e4be2e77,BOS,TOR,Home,117,94,1
Derrick White,1,25.53333333333333,2,5,0.4,0,3,0.0,0,1,0.0,0,4,4,5,0,1,0,2,4,20.0,0.368,0.4,0.6,0.2,0.0,15.7,9.1,21.7,0.0,3.5,0.0,9.9,113.0,97.0,-0.8,4b8bccef-c1fe-43e2-be02-6443e4be2e77,BOS,TOR,Home,117,94,1
Payton Pritchard,1,24.5,2,5,0.4,1,3,0.333,2,2,1.0,3,3,6,4,0,0,1,1,7,14.0,0.595,0.5,0.6,0.4,16.8,12.2,14.2,18.2,0.0,0.0,14.5,13.0,139.0,101.0,2.5,4b8bccef-c1fe-43e2-be02-6443e4be2e77,BOS,TOR,Home,117,94,1
Al Horford,1,24.016666666666666,3,5,0.6,1,3,0.333,0,0,0.0,1,6,7,4,0,0,0,2,7,11.0,0.7,0.7,0.6,0.0,5.7,25.0,16.9,19.5,0.0,0.0,0.0,9.6,162.0,97.0,6.8,4b8bccef-c1fe-43e2-be02-6443e4be2e77,BOS,TOR,Home,117,94,1
Sam Hauser,1,18.416666666666668,4,6,0.667,4,6,0.667,0,0,0.0,0,4,4,0,0,0,0,2,12,-2.0,1.0,1.0,1.0,0.0,0.0,21.7,12.6,0.0,0.0,0.0,0.0,15.1,174.0,98.0,11.4,4b8bccef-c1fe-43e2-be02-6443e4be2e77,BOS,TOR,Home,117,94,1
Luke Kornet,1,8.783333333333333,1,1,1.0,0,0,0.0,0,0,0.0,0,5,5,1,0,0,0,1,2,3.0,1.0,1.0,0.0,0.0,0.0,56.9,32.9,13.2,0.0,0.0,0.0,5.3,210.0,90.0,7.5,4b8bccef-c1fe-43e2-be02-6443e4be2e77,BOS,TOR,Home,117,94,1
Dalano Banton,1,6.05,0,1,0.0,0,1,0.0,0,0,0.0,0,0,0,0,0,0,0,0,0,-2.0,0.0,0.0,1.0,0.0,0.0,0.0,0.0,0.0,0.0,0.0,0.0,7.6,0.0,104.0,-12.2,4b8bccef-c1fe-43e2-be02-6443e4be2e77,BOS,TOR,Home,117,94,1
Oshae Brissett,1,4.783333333333333,0,0,0.0,0,0,0.0,0,0,0.0,0,0,0,0,0,0,0,0,0,-7.0,0.0,0.0,0.0,0.0,0.0,0.0,0.0,0.0,0.0,0.0,0.0,0.0,0.0,104.0,-3.9,4b8bccef-c1fe-43e2-be02-6443e4be2e77,BOS,TOR,Home,117,94,1
Svi Mykhailiuk,1,4.783333333333333,0,2,0.0,0,2,0.0,0,0,0.0,0,0,0,0,0,0,1,0,0,-7.0,0.0,0.0,1.0,0.0,0.0,0.0,0.0,0.0,0.0,0.0,33.3,29.0,0.0,104.0,-34.8,4b8bccef-c1fe-43e2-be02-6443e4be2e77,BOS,TOR,Home,117,94,1
Lamar Stevens,0,0.0,0,0,0.0,0,0,0.0,0,0,0.0,0,0,0,0,0,0,0,0,0,0.0,0.0,0.0,0.0,0.0,0.0,0.0,0.0,0.0,0.0,0.0,0.0,0.0,0.0,0.0,0.0,4b8bccef-c1fe-43e2-be02-6443e4be2e77,BOS,TOR,Home,117,94,1
Jayson Tatum,1,39.46666666666667,13,23,0.565,5,12,0.417,4,5,0.8,1,5,6,7,1,0,3,5,35,12.0,0.694,0.674,0.522,0.217,3.7,14.8,9.9,35.2,1.4,0.0,10.6,35.3,135.0,116.0,11.7,c3a63a68-d5a4-48e0-940b-a677c820000d,BOS,NYK,Home,114,98,1
Jrue Holiday,1,36.91666666666666,5,9,0.556,3,5,0.6,1,1,1.0,4,3,7,2,0,0,2,2,14,5.0,0.742,0.722,0.556,0.111,15.8,9.5,12.3,7.8,0.0,0.0,17.5,15.3,138.0,122.0,2.6,c3a63a68-d5a4-48e0-940b-a677c820000d,BOS,NYK,Home,114,98,1
Jaylen Brown,1,36.46666666666667,7,18,0.389,2,9,0.222,6,6,1.0,1,4,5,6,1,1,3,3,22,17.0,0.533,0.444,0.5,0.333,4.0,12.8,8.9,25.7,1.6,3.0,12.7,32.1,114.0,115.0,0.8,c3a63a68-d5a4-48e0-940b-a677c820000d,BOS,NYK,Home,114,98,1
Kristaps Porziņģis,1,33.416666666666664,7,11,0.636,3,6,0.5,4,4,1.0,1,5,6,3,0,1,1,5,21,19.0,0.823,0.773,0.545,0.364,4.4,17.5,11.6,14.4,0.0,3.3,7.3,20.4,160.0,116.0,10.1,c3a63a68-d5a4-48e0-940b-a677c820000d,BOS,NYK,Home,114,98,1
Derrick White,1,31.166666666666668,1,7,0.143,1,3,0.333,0,0,0.0,1,1,2,4,1,1,1,2,3,14.0,0.214,0.214,0.429,0.0,4.7,3.8,4.2,16.0,1.8,3.5,12.5,12.7,83.0,118.0,-5.1,c3a63a68-d5a4-48e0-940b-a677c820000d,BOS,NYK,Home,114,98,1
Al Horford,1,21.75,1,2,0.5,0,1,0.0,0,0,0.0,0,4,4,0,0,0,1,2,2,2.0,0.5,0.5,0.5,0.0,0.0,21.5,11.9,0.0,0.0,0.0,33.3,6.8,61.0,117.0,-8.0,c3a63a68-d5a4-48e0-940b-a677c820000d,BOS,NYK,Home,114,98,1
Sam Hauser,1,21.416666666666668,4,6,0.667,4,6,0.667,0,0,0.0,0,4,4,2,0,0,0,0,12,6.0,1.0,1.0,1.0,0.0,0.0,21.9,12.1,14.4,0.0,0.0,0.0,13.9,193.0,117.0,17.4,c3a63a68-d5a4-48e0-940b-a677c820000d,BOS,NYK,Home,114,98,1
Payton Pritchard,1,19.35,2,3,0.667,1,1,1.0,0,0,0.0,0,3,3,3,0,0,0,3,5,5.0,0.833,0.833,0.333,0.0,0.0,18.2,10.1,21.2,0.0,0.0,0.0,7.7,188.0,118.0,3.7,c3a63a68-d5a4-48e0-940b-a677c820000d,BOS,NYK,Home,114,98,1
Dalano Banton,0,0.0,0,0,0.0,0,0,0.0,0,0,0.0,0,0,0,0,0,0,0,0,0,0.0,0.0,0.0,0.0,0.0,0.0,0.0,0.0,0.0,0.0,0.0,0.0,0.0,0.0,0.0,0.0,c3a63a68-d5a4-48e0-940b-a677c820000d,BOS,NYK,Home,114,98,1
Oshae Brissett,0,0.0,0,0,0.0,0,0,0.0,0,0,0.0,0,0,0,0,0,0,0,0,0,0.0,0.0,0.0,0.0,0.0,0.0,0.0,0.0,0.0,0.0,0.0,0.0,0.0,0.0,0.0,0.0,c3a63a68-d5a4-48e0-940b-a677c820000d,BOS,NYK,Home,114,98,1
Luke Kornet,0,0.0,0,0,0.0,0,0,0.0,0,0,0.0,0,0,0,0,0,0,0,0,0,0.0,0.0,0.0,0.0,0.0,0.0,0.0,0.0,0.0,0.0,0.0,0.0,0.0,0.0,0.0,0.0,c3a63a68-d5a4-48e0-940b-a677c820000d,BOS,NYK,Home,114,98,1
Svi Mykhailiuk,0,0.0,0,0,0.0,0,0,0.0,0,0,0.0,0,0,0,0,0,0,0,0,0,0.0,0.0,0.0,0.0,0.0,0.0,0.0,0.0,0.0,0.0,0.0,0.0,0.0,0.0,0.0,0.0,c3a63a68-d5a4-48e0-940b-a677c820000d,BOS,NYK,Home,114,98,1
Lamar Stevens,0,0.0,0,0,0.0,0,0,0.0,0,0,0.0,0,0,0,0,0,0,0,0,0,0.0,0.0,0.0,0.0,0.0,0.0,0.0,0.0,0.0,0.0,0.0,0.0,0.0,0.0,0.0,0.0,c3a63a68-d5a4-48e0-940b-a677c820000d,BOS,NYK,Home,114,98,1
Jayson Tatum,1,38.5,10,23,0.435,4,10,0.4,5,6,0.833,2,6,8,6,2,0,3,1,29,2.0,0.566,0.522,0.435,0.261,5.8,17.4,11.6,25.3,2.7,0.0,10.5,33.9,120.0,117.0,6.1,5c054f0d-b914-46e5-883b-cf4ec9275b89,BOS,PHI,Away,117,107,1
Derrick White,1,35.96666666666667,7,12,0.583,4,8,0.5,9,10,0.9,0,3,3,5,1,0,2,3,27,3.0,0.823,0.75,0.667,0.833,0.0,9.3,4.7,20.4,1.5,0.0,10.9,23.3,158.0,122.0,10.1,5c054f0d-b914-46e5-883b-cf4ec9275b89,BOS,PHI,Away,117,107,1
Jrue Holiday,1,35.483333333333334,8,18,0.444,2,9,0.222,0,1,0.0,2,8,10,3,1,2,1,0,18,16.0,0.488,0.5,0.5,0.056,6.3,25.2,15.7,13.0,1.5,4.9,5.1,25.0,110.0,114.0,2.0,5c054f0d-b914-46e5-883b-cf4ec9275b89,BOS,PHI,Away,117,107,1
Sam Hauser,1,35.21666666666667,3,9,0.333,2,8,0.25,0,0,0.0,1,1,2,2,0,1,0,2,8,4.0,0.444,0.444,0.889,0.0,3.2,3.2,3.2,7.2,0.0,2.5,0.0,11.6,114.0,125.0,-4.3,5c054f0d-b914-46e5-883b-cf4ec9275b89,BOS,PHI,Away,117,107,1
Al Horford,1,28.816666666666663,5,9,0.556,4,8,0.5,0,0,0.0,1,7,8,3,0,5,0,2,14,14.0,0.778,0.778,0.889,0.0,3.9,27.1,15.5,14.8,0.0,15.1,0.0,14.2,170.0,109.0,16.9,5c054f0d-b914-46e5-883b-cf4ec9275b89,BOS,PHI,Away,117,107,1
Payton Pritchard,1,23.25,2,5,0.4,1,3,0.333,0,0,0.0,1,1,2,3,0,0,0,0,5,7.0,0.5,0.5,0.6,0.0,4.8,4.8,4.8,16.4,0.0,0.0,0.0,9.8,140.0,126.0,-1.9,5c054f0d-b914-46e5-883b-cf4ec9275b89,BOS,PHI,Away,117,107,1
Luke Kornet,1,19.133333333333333,4,4,1.0,0,0,0.0,1,2,0.5,3,3,6,1,1,0,2,2,9,-4.0,0.922,1.0,0.0,0.5,17.5,17.5,17.5,7.8,2.8,0.0,29.1,16.4,137.0,116.0,3.2,5c054f0d-b914-46e5-883b-cf4ec9275b89,BOS,PHI,Away,117,107,1
Svi Mykhailiuk,1,15.333333333333334,2,4,0.5,1,3,0.333,0,0,0.0,1,0,1,0,1,0,1,3,5,0.0,0.625,0.625,0.75,0.0,7.3,0.0,3.6,0.0,3.4,0.0,20.0,14.9,106.0,119.0,-5.1,5c054f0d-b914-46e5-883b-cf4ec9275b89,BOS,PHI,Away,117,107,1
Dalano Banton,1,8.3,1,4,0.25,0,1,0.0,0,0,0.0,1,4,5,0,1,0,0,2,2,8.0,0.25,0.25,0.25,0.0,13.4,53.8,33.6,0.0,6.3,0.0,0.0,22.0,75.0,98.0,-10.0,5c054f0d-b914-46e5-883b-cf4ec9275b89,BOS,PHI,Away,117,107,1
Oshae Brissett,0,0.0,0,0,0.0,0,0,0.0,0,0,0.0,0,0,0,0,0,0,0,0,0,0.0,0.0,0.0,0.0,0.0,0.0,0.0,0.0,0.0,0.0,0.0,0.0,0.0,0.0,0.0,0.0,5c054f0d-b914-46e5-883b-cf4ec9275b89,BOS,PHI,Away,117,107,1
Neemias Queta,0,0.0,0,0,0.0,0,0,0.0,0,0,0.0,0,0,0,0,0,0,0,0,0,0.0,0.0,0.0,0.0,0.0,0.0,0.0,0.0,0.0,0.0,0.0,0.0,0.0,0.0,0.0,0.0,5c054f0d-b914-46e5-883b-cf4ec9275b89,BOS,PHI,Away,117,107,1
Lamar Stevens,0,0.0,0,0,0.0,0,0,0.0,0,0,0.0,0,0,0,0,0,0,0,0,0,0.0,0.0,0.0,0.0,0.0,0.0,0.0,0.0,0.0,0.0,0.0,0.0,0.0,0.0,0.0,0.0,5c054f0d-b914-46e5-883b-cf4ec9275b89,BOS,PHI,Away,117,107,1
Jayson Tatum,1,37.41666666666666,8,22,0.364,1,11,0.091,0,0,0.0,1,6,7,2,1,0,3,3,17,-4.0,0.386,0.386,0.5,0.0,2.9,18.8,10.6,8.1,1.3,0.0,12.0,30.3,73.0,108.0,-11.6,37a706ee-4964-46f0-8d39-f0a7a4679566,BOS,TOR,Away,108,105,1
Jaylen Brown,1,35.75,9,14,0.643,3,5,0.6,2,3,0.667,0,3,3,4,1,1,3,2,23,4.0,0.751,0.75,0.357,0.214,0.0,9.8,4.7,18.0,1.4,2.5,16.4,23.2,122.0,106.0,5.9,37a706ee-4964-46f0-8d39-f0a7a4679566,BOS,TOR,Away,108,105,1
Kristaps Porziņģis,1,34.88333333333333,6,13,0.462,0,3,0.0,2,2,1.0,2,10,12,5,1,3,2,3,14,2.0,0.504,0.462,0.231,0.154,6.3,33.6,19.4,20.4,1.4,7.6,12.6,20.6,107.0,99.0,2.9,37a706ee-4964-46f0-8d39-f0a7a4679566,BOS,TOR,Away,108,105,1
Jrue Holiday,1,34.68333333333333,5,14,0.357,2,4,0.5,2,2,1.0,2,6,8,5,0,0,1,2,14,-2.0,0.47,0.429,0.286,0.143,6.3,20.3,13.0,19.7,0.0,0.0,6.3,20.7,109.0,110.0,-2.3,37a706ee-4964-46f0-8d39-f0a7a4679566,BOS,TOR,Away,108,105,1
Derrick White,1,34.266666666666666,4,10,0.4,3,8,0.375,2,2,1.0,0,4,4,5,0,0,1,1,13,-1.0,0.597,0.55,0.8,0.2,0.0,13.7,6.6,19.2,0.0,0.0,8.4,15.7,122.0,111.0,-0.2,37a706ee-4964-46f0-8d39-f0a7a4679566,BOS,TOR,Away,108,105,1
Al Horford,1,22.83333333333333,4,5,0.8,3,4,0.75,0,0,0.0,1,3,4,2,0,0,0,1,11,-3.0,1.1,1.1,0.8,0.0,4.8,15.4,9.9,12.5,0.0,0.0,0.0,9.9,209.0,111.0,10.5,37a706ee-4964-46f0-8d39-f0a7a4679566,BOS,TOR,Away,108,105,1
Sam Hauser,1,22.7,4,7,0.571,3,6,0.5,0,0,0.0,1,2,3,3,1,0,0,0,11,8.0,0.786,0.786,0.857,0.0,4.8,10.3,7.5,18.9,2.2,0.0,0.0,14.0,162.0,107.0,11.9,37a706ee-4964-46f0-8d39-f0a7a4679566,BOS,TOR,Away,108,105,1
Payton Pritchard,1,17.45,2,7,0.286,1,5,0.2,0,0,0.0,1,2,3,3,1,0,0,1,5,11.0,0.357,0.357,0.714,0.0,6.3,13.4,9.7,22.6,2.8,0.0,0.0,18.2,100.0,105.0,-1.1,37a706ee-4964-46f0-8d39-f0a7a4679566,BOS,TOR,Away,108,105,1
Dalano Banton,0,0.0,0,0,0.0,0,0,0.0,0,0,0.0,0,0,0,0,0,0,0,0,0,0.0,0.0,0.0,0.0,0.0,0.0,0.0,0.0,0.0,0.0,0.0,0.0,0.0,0.0,0.0,0.0,37a706ee-4964-46f0-8d39-f0a7a4679566,BOS,TOR,Away,108,105,1
Oshae Brissett,0,0.0,0,0,0.0,0,0,0.0,0,0,0.0,0,0,0,0,0,0,0,0,0,0.0,0.0,0.0,0.0,0.0,0.0,0.0,0.0,0.0,0.0,0.0,0.0,0.0,0.0,0.0,0.0,37a706ee-4964-46f0-8d39-f0a7a4679566,BOS,TOR,Away,108,105,1
Luke Kornet,0,0.0,0,0,0.0,0,0,0.0,0,0,0.0,0,0,0,0,0,0,0,0,0,0.0,0.0,0.0,0.0,0.0,0.0,0.0,0.0,0.0,0.0,0.0,0.0,0.0,0.0,0.0,0.0,37a706ee-4964-46f0-8d39-f0a7a4679566,BOS,TOR,Away,108,105,1
Svi Mykhailiuk,0,0.0,0,0,0.0,0,0,0.0,0,0,0.0,0,0,0,0,0,0,0,0,0,0.0,0.0,0.0,0.0,0.0,0.0,0.0,0.0,0.0,0.0,0.0,0.0,0.0,0.0,0.0,0.0,37a706ee-4964-46f0-8d39-f0a7a4679566,BOS,TOR,Away,108,105,1
Neemias Queta,0,0.0,0,0,0.0,0,0,0.0,0,0,0.0,0,0,0,0,0,0,0,0,0,0.0,0.0,0.0,0.0,0.0,0.0,0.0,0.0,0.0,0.0,0.0,0.0,0.0,0.0,0.0,0.0,37a706ee-4964-46f0-8d39-f0a7a4679566,BOS,TOR,Away,108,105,1
Lamar Stevens,0,0.0,0,0,0.0,0,0,0.0,0,0,0.0,0,0,0,0,0,0,0,0,0,0.0,0.0,0.0,0.0,0.0,0.0,0.0,0.0,0.0,0.0,0.0,0.0,0.0,0.0,0.0,0.0,37a706ee-4964-46f0-8d39-f0a7a4679566,BOS,TOR,Away,108,105,1
Jrue Holiday,1,36.766666666666666,2,7,0.286,1,3,0.333,2,2,1.0,2,4,6,4,0,0,2,1,7,-9.0,0.444,0.357,0.429,0.286,7.1,10.4,9.0,16.1,0.0,0.0,20.2,12.3,101.0,118.0,-4.3,bb20929e-0860-4115-b8c2-45ffc967c874,BOS,MEM,Away,102,100,1
Jayson Tatum,1,35.25,7,13,0.538,1,1,1.0,5,6,0.833,2,7,9,5,1,1,8,4,20,-1.0,0.639,0.577,0.077,0.462,7.4,19.1,14.1,26.7,1.5,2.7,33.8,30.7,95.0,108.0,-1.7,bb20929e-0860-4115-b8c2-45ffc967c874,BOS,MEM,Away,102,100,1
Derrick White,1,34.13333333333333,3,9,0.333,2,5,0.4,2,2,1.0,1,2,3,4,0,1,2,2,10,1.0,0.506,0.444,0.556,0.222,3.8,5.6,4.8,18.3,0.0,2.8,16.8,15.9,105.0,119.0,-2.5,bb20929e-0860-4115-b8c2-45ffc967c874,BOS,MEM,Away,102,100,1
Jaylen Brown,1,33.7,5,16,0.313,1,7,0.143,1,2,0.5,0,6,6,3,2,2,2,4,12,1.0,0.355,0.344,0.438,0.125,0.0,17.1,9.8,15.3,3.1,5.6,10.6,25.6,77.0,103.0,-5.2,bb20929e-0860-4115-b8c2-45ffc967c874,BOS,MEM,Away,102,100,1
Kristaps Porziņģis,1,33.53333333333333,9,13,0.692,0,3,0.0,8,9,0.889,2,6,8,1,1,6,2,4,26,4.0,0.767,0.692,0.231,0.692,7.7,17.2,13.2,6.5,1.6,16.8,10.5,25.8,143.0,100.0,14.0,bb20929e-0860-4115-b8c2-45ffc967c874,BOS,MEM,Away,102,100,1
Sam Hauser,1,21.85,5,8,0.625,5,7,0.714,0,0,0.0,0,4,4,0,2,0,0,0,15,17.0,0.938,0.938,0.875,0.0,0.0,17.6,10.1,0.0,4.8,0.0,0.0,16.7,174.0,102.0,20.2,bb20929e-0860-4115-b8c2-45ffc967c874,BOS,MEM,Away,102,100,1
Al Horford,1,21.58333333333333,2,5,0.4,1,3,0.333,0,0,0.0,2,1,3,2,0,0,0,2,5,2.0,0.5,0.5,0.6,0.0,12.0,4.4,7.7,14.6,0.0,0.0,0.0,10.6,134.0,121.0,-0.8,bb20929e-0860-4115-b8c2-45ffc967c874,BOS,MEM,Away,102,100,1
Payton Pritchard,1,15.216666666666669,2,5,0.4,1,2,0.5,2,4,0.5,0,3,3,1,0,0,1,0,7,0.0,0.518,0.5,0.4,0.8,0.0,18.9,10.9,11.0,0.0,0.0,12.9,23.3,98.0,113.0,-3.9,bb20929e-0860-4115-b8c2-45ffc967c874,BOS,MEM,Away,102,100,1
Neemias Queta,1,5.283333333333333,0,1,0.0,0,0,0.0,0,0,0.0,0,2,2,0,0,0,0,1,0,-3.0,0.0,0.0,0.0,0.0,0.0,36.3,20.9,0.0,0.0,0.0,0.0,8.7,0.0,104.0,-14.9,bb20929e-0860-4115-b8c2-45ffc967c874,BOS,MEM,Away,102,100,1
Lamar Stevens,1,2.6833333333333336,0,0,0.0,0,0,0.0,0,0,0.0,0,1,1,0,0,0,0,1,0,-2.0,0.0,0.0,0.0,0.0,0.0,35.8,20.6,0.0,0.0,0.0,0.0,0.0,0.0,105.0,-9.5,bb20929e-0860-4115-b8c2-45ffc967c874,BOS,MEM,Away,102,100,1
Dalano Banton,0,0.0,0,0,0.0,0,0,0.0,0,0,0.0,0,0,0,0,0,0,0,0,0,0.0,0.0,0.0,0.0,0.0,0.0,0.0,0.0,0.0,0.0,0.0,0.0,0.0,0.0,0.0,0.0,bb20929e-0860-4115-b8c2-45ffc967c874,BOS,MEM,Away,102,100,1
Oshae Brissett,0,0.0,0,0,0.0,0,0,0.0,0,0,0.0,0,0,0,0,0,0,0,0,0,0.0,0.0,0.0,0.0,0.0,0.0,0.0,0.0,0.0,0.0,0.0,0.0,0.0,0.0,0.0,0.0,bb20929e-0860-4115-b8c2-45ffc967c874,BOS,MEM,Away,102,100,1
Luke Kornet,0,0.0,0,0,0.0,0,0,0.0,0,0,0.0,0,0,0,0,0,0,0,0,0,0.0,0.0,0.0,0.0,0.0,0.0,0.0,0.0,0.0,0.0,0.0,0.0,0.0,0.0,0.0,0.0,bb20929e-0860-4115-b8c2-45ffc967c874,BOS,MEM,Away,102,100,1
Svi Mykhailiuk,0,0.0,0,0,0.0,0,0,0.0,0,0,0.0,0,0,0,0,0,0,0,0,0,0.0,0.0,0.0,0.0,0.0,0.0,0.0,0.0,0.0,0.0,0.0,0.0,0.0,0.0,0.0,0.0,bb20929e-0860-4115-b8c2-45ffc967c874,BOS,MEM,Away,102,100,1
Jayson Tatum,1,43.9,15,28,0.536,7,15,0.467,8,10,0.8,0,13,13,6,0,2,3,1,45,-5.0,0.694,0.661,0.536,0.357,0.0,29.1,14.9,30.3,0.0,3.7,8.5,34.9,134.0,110.0,17.6,4c80f911-0369-455a-a9f4-ac33e817d43a,BOS,CHO,Away,118,121,0
Sam Hauser,1,37.43333333333333,1,9,0.111,1,9,0.111,0,0,0.0,0,1,1,1,0,0,1,3,3,-22.0,0.167,0.167,1.0,0.0,0.0,2.6,1.3,3.5,0.0,0.0,10.0,11.6,40.0,123.0,-14.9,4c80f911-0369-455a-a9f4-ac33e817d43a,BOS,CHO,Away,118,121,0
Jrue Holiday,1,37.2,5,11,0.455,1,3,0.333,0,2,0.0,3,3,6,5,1,2,7,1,11,-4.0,0.463,0.5,0.273,0.182,8.4,7.9,8.1,20.4,1.3,4.4,37.1,22.0,76.0,115.0,-5.5,4c80f911-0369-455a-a9f4-ac33e817d43a,BOS,CHO,Away,118,121,0
Kristaps Porziņģis,1,34.416666666666664,5,14,0.357,1,8,0.125,6,10,0.6,3,5,8,0,2,3,0,2,17,-26.0,0.462,0.393,0.571,0.714,9.1,14.3,11.7,0.0,2.9,7.1,0.0,23.2,107.0,107.0,0.7,4c80f911-0369-455a-a9f4-ac33e817d43a,BOS,CHO,Away,118,121,0
Jaylen Brown,1,34.016666666666666,5,17,0.294,0,5,0.0,3,4,0.75,1,3,4,3,0,0,2,5,13,-23.0,0.346,0.294,0.294,0.235,3.1,8.7,5.9,13.7,0.0,0.0,9.6,26.4,78.0,121.0,-14.2,4c80f911-0369-455a-a9f4-ac33e817d43a,BOS,CHO,Away,118,121,0
Payton Pritchard,1,33.016666666666666,8,14,0.571,5,8,0.625,0,0,0.0,2,4,6,3,2,0,0,1,21,16.0,0.75,0.75,0.571,0.0,6.3,11.9,9.2,16.5,3.0,0.0,0.0,18.4,159.0,112.0,13.7,4c80f911-0369-455a-a9f4-ac33e817d43a,BOS,CHO,Away,118,121,0
Luke Kornet,1,18.516666666666666,2,2,1.0,0,0,0.0,0,0,0.0,0,3,3,0,0,1,0,0,4,25.0,1.0,1.0,0.0,0.0,0.0,15.9,8.2,0.0,0.0,4.4,0.0,4.7,200.0,115.0,0.1,4c80f911-0369-455a-a9f4-ac33e817d43a,BOS,CHO,Away,118,121,0
Oshae Brissett,1,17.383333333333333,0,0,0.0,0,0,0.0,1,2,0.5,2,5,7,1,0,0,0,2,1,17.0,0.568,0.0,0.0,0.0,12.0,28.2,20.3,7.3,0.0,0.0,0.0,2.2,180.0,112.0,-2.2,4c80f911-0369-455a-a9f4-ac33e817d43a,BOS,CHO,Away,118,121,0
Svi Mykhailiuk,1,9.066666666666666,1,2,0.5,1,2,0.5,0,0,0.0,0,0,0,0,1,0,0,0,3,7.0,0.75,0.75,1.0,0.0,0.0,0.0,0.0,0.0,5.5,0.0,0.0,9.6,148.0,112.0,6.3,4c80f911-0369-455a-a9f4-ac33e817d43a,BOS,CHO,Away,118,121,0
Dalano Banton,0,0.0,0,0,0.0,0,0,0.0,0,0,0.0,0,0,0,0,0,0,0,0,0,0.0,0.0,0.0,0.0,0.0,0.0,0.0,0.0,0.0,0.0,0.0,0.0,0.0,0.0,0.0,0.0,4c80f911-0369-455a-a9f4-ac33e817d43a,BOS,CHO,Away,118,121,0
JD Davison,0,0.0,0,0,0.0,0,0,0.0,0,0,0.0,0,0,0,0,0,0,0,0,0,0.0,0.0,0.0,0.0,0.0,0.0,0.0,0.0,0.0,0.0,0.0,0.0,0.0,0.0,0.0,0.0,4c80f911-0369-455a-a9f4-ac33e817d43a,BOS,CHO,Away,118,121,0
Neemias Queta,0,0.0,0,0,0.0,0,0,0.0,0,0,0.0,0,0,0,0,0,0,0,0,0,0.0,0.0,0.0,0.0,0.0,0.0,0.0,0.0,0.0,0.0,0.0,0.0,0.0,0.0,0.0,0.0,4c80f911-0369-455a-a9f4-ac33e817d43a,BOS,CHO,Away,118,121,0
Lamar Stevens,0,0.0,0,0,0.0,0,0,0.0,0,0,0.0,0,0,0,0,0,0,0,0,0,0.0,0.0,0.0,0.0,0.0,0.0,0.0,0.0,0.0,0.0,0.0,0.0,0.0,0.0,0.0,0.0,4c80f911-0369-455a-a9f4-ac33e817d43a,BOS,CHO,Away,118,121,0
Jordan Walsh,0,0.0,0,0,0.0,0,0,0.0,0,0,0.0,0,0,0,0,0,0,0,0,0,0.0,0.0,0.0,0.0,0.0,0.0,0.0,0.0,0.0,0.0,0.0,0.0,0.0,0.0,0.0,0.0,4c80f911-0369-455a-a9f4-ac33e817d43a,BOS,CHO,Away,118,121,0
Jayson Tatum,1,36.016666666666666,7,17,0.412,2,9,0.222,7,9,0.778,0,11,11,4,0,1,2,2,23,-2.0,0.549,0.471,0.529,0.529,0.0,28.2,16.3,15.4,0.0,2.0,8.7,28.7,108.0,111.0,-0.1,cffe3ad7-e4e2-49f1-a4b6-ace00afad56f,BOS,MIL,Home,119,116,1
Derrick White,1,35.36666666666667,5,9,0.556,3,6,0.5,0,0,0.0,0,4,4,5,1,1,6,1,13,-3.0,0.722,0.722,0.667,0.0,0.0,10.4,6.0,18.2,1.3,2.0,40.0,19.1,91.0,114.0,-0.7,cffe3ad7-e4e2-49f1-a4b6-ace00afad56f,BOS,MIL,Home,119,116,1
Jaylen Brown,1,35.21666666666667,10,16,0.625,3,5,0.6,3,3,1.0,0,2,2,8,1,0,1,1,26,-3.0,0.751,0.719,0.313,0.188,0.0,5.2,3.0,35.9,1.3,0.0,5.5,23.5,151.0,117.0,12.3,cffe3ad7-e4e2-49f1-a4b6-ace00afad56f,BOS,MIL,Home,119,116,1
Jrue Holiday,1,34.96666666666667,1,8,0.125,1,5,0.2,2,2,1.0,1,7,8,1,1,1,2,3,5,-1.0,0.282,0.188,0.625,0.25,3.6,18.5,12.2,3.2,1.4,2.0,18.4,14.0,60.0,111.0,-8.9,cffe3ad7-e4e2-49f1-a4b6-ace00afad56f,BOS,MIL,Home,119,116,1
Kristaps Porziņģis,1,26.73333333333333,9,15,0.6,2,7,0.286,1,2,0.5,1,5,6,1,0,0,1,5,21,3.0,0.661,0.667,0.467,0.133,4.7,17.3,12.0,6.4,0.0,0.0,5.9,28.5,119.0,116.0,0.1,cffe3ad7-e4e2-49f1-a4b6-ace00afad56f,BOS,MIL,Home,119,116,1
Al Horford,1,30.616666666666667,4,7,0.571,2,3,0.667,1,1,1.0,1,7,8,6,0,1,0,1,11,5.0,0.739,0.714,0.429,0.143,4.1,21.1,13.9,24.9,0.0,2.3,0.0,11.0,168.0,113.0,11.0,cffe3ad7-e4e2-49f1-a4b6-ace00afad56f,BOS,MIL,Home,119,116,1
Payton Pritchard,1,21.383333333333333,4,7,0.571,2,4,0.5,0,0,0.0,0,2,2,1,0,0,2,0,10,6.0,0.714,0.714,0.571,0.0,0.0,8.6,5.0,6.4,0.0,0.0,22.2,19.0,101.0,119.0,-2.1,cffe3ad7-e4e2-49f1-a4b6-ace00afad56f,BOS,MIL,Home,119,116,1
Sam Hauser,1,19.7,4,5,0.8,2,3,0.667,0,0,0.0,1,1,2,1,0,1,1,2,10,10.0,1.0,1.0,0.6,0.0,6.4,4.7,5.4,7.1,0.0,3.6,16.7,13.7,156.0,117.0,7.7,cffe3ad7-e4e2-49f1-a4b6-ace00afad56f,BOS,MIL,Home,119,116,1
Dalano Banton,0,0.0,0,0,0.0,0,0,0.0,0,0,0.0,0,0,0,0,0,0,0,0,0,0.0,0.0,0.0,0.0,0.0,0.0,0.0,0.0,0.0,0.0,0.0,0.0,0.0,0.0,0.0,0.0,cffe3ad7-e4e2-49f1-a4b6-ace00afad56f,BOS,MIL,Home,119,116,1
Oshae Brissett,0,0.0,0,0,0.0,0,0,0.0,0,0,0.0,0,0,0,0,0,0,0,0,0,0.0,0.0,0.0,0.0,0.0,0.0,0.0,0.0,0.0,0.0,0.0,0.0,0.0,0.0,0.0,0.0,cffe3ad7-e4e2-49f1-a4b6-ace00afad56f,BOS,MIL,Home,119,116,1
Luke Kornet,0,0.0,0,0,0.0,0,0,0.0,0,0,0.0,0,0,0,0,0,0,0,0,0,0.0,0.0,0.0,0.0,0.0,0.0,0.0,0.0,0.0,0.0,0.0,0.0,0.0,0.0,0.0,0.0,cffe3ad7-e4e2-49f1-a4b6-ace00afad56f,BOS,MIL,Home,119,116,1
Svi Mykhailiuk,0,0.0,0,0,0.0,0,0,0.0,0,0,0.0,0,0,0,0,0,0,0,0,0,0.0,0.0,0.0,0.0,0.0,0.0,0.0,0.0,0.0,0.0,0.0,0.0,0.0,0.0,0.0,0.0,cffe3ad7-e4e2-49f1-a4b6-ace00afad56f,BOS,MIL,Home,119,116,1
Lamar Stevens,0,0.0,0,0,0.0,0,0,0.0,0,0,0.0,0,0,0,0,0,0,0,0,0,0.0,0.0,0.0,0.0,0.0,0.0,0.0,0.0,0.0,0.0,0.0,0.0,0.0,0.0,0.0,0.0,cffe3ad7-e4e2-49f1-a4b6-ace00afad56f,BOS,MIL,Home,119,116,1
Jayson Tatum,1,38.91666666666666,7,16,0.438,0,3,0.0,12,13,0.923,0,5,5,3,2,0,2,3,26,-21.0,0.599,0.438,0.188,0.813,0.0,15.4,7.8,16.5,2.5,0.0,8.4,27.5,116.0,114.0,4.8,f636faae-5c0d-4ea5-8390-7879f5e42279,BOS,ORL,Away,96,113,0
Jaylen Brown,1,38.88333333333333,6,22,0.273,2,8,0.25,4,7,0.571,0,3,3,2,3,1,3,3,18,1.0,0.359,0.318,0.364,0.318,0.0,9.3,4.7,10.5,3.8,2.2,10.7,32.6,67.0,112.0,-5.8,f636faae-5c0d-4ea5-8390-7879f5e42279,BOS,ORL,Away,96,113,0
Derrick White,1,37.4,3,9,0.333,1,5,0.2,9,12,0.75,0,5,5,4,1,1,3,1,16,-6.0,0.56,0.389,0.556,1.333,0.0,16.0,8.1,18.9,1.3,2.3,17.4,20.9,102.0,116.0,1.0,f636faae-5c0d-4ea5-8390-7879f5e42279,BOS,ORL,Away,96,113,0
Al Horford,1,32.96666666666667,1,5,0.2,1,5,0.2,0,0,0.0,0,5,5,3,0,0,1,4,3,-26.0,0.3,0.3,1.0,0.0,0.0,18.2,9.2,14.8,0.0,0.0,16.7,8.2,68.0,119.0,-6.0,f636faae-5c0d-4ea5-8390-7879f5e42279,BOS,ORL,Away,96,113,0
Kristaps Porziņģis,1,22.28333333333333,4,9,0.444,1,4,0.25,0,1,0.0,1,3,4,2,2,0,2,3,9,6.0,0.477,0.5,0.444,0.111,5.5,16.2,10.9,19.2,4.4,0.0,17.5,23.2,84.0,110.0,-0.3,f636faae-5c0d-4ea5-8390-7879f5e42279,BOS,ORL,Away,96,113,0
Sam Hauser,1,25.28333333333333,4,6,0.667,2,4,0.5,0,0,0.0,1,1,2,0,0,0,1,0,10,-16.0,0.833,0.833,0.667,0.0,4.9,4.7,4.8,0.0,0.0,0.0,14.3,12.5,131.0,123.0,2.5,f636faae-5c0d-4ea5-8390-7879f5e42279,BOS,ORL,Away,96,113,0
Luke Kornet,1,24.7,5,6,0.833,0,0,0.0,2,2,1.0,2,4,6,1,2,2,1,2,12,-2.0,0.872,0.833,0.0,0.333,10.0,19.4,14.8,9.1,3.9,6.8,12.7,14.4,155.0,106.0,11.9,f636faae-5c0d-4ea5-8390-7879f5e42279,BOS,ORL,Away,96,113,0
Payton Pritchard,1,13.116666666666667,1,2,0.5,0,0,0.0,0,0,0.0,0,1,1,2,0,0,1,0,2,-6.0,0.5,0.5,0.0,0.0,0.0,9.1,4.6,26.8,0.0,0.0,33.3,10.3,85.0,122.0,-4.6,f636faae-5c0d-4ea5-8390-7879f5e42279,BOS,ORL,Away,96,113,0
Oshae Brissett,1,5.316666666666666,0,0,0.0,0,0,0.0,0,2,0.0,0,0,0,0,0,0,0,2,0,-11.0,0.0,0.0,0.0,0.0,0.0,0.0,0.0,0.0,0.0,0.0,0.0,7.5,0.0,123.0,-18.3,f636faae-5c0d-4ea5-8390-7879f5e42279,BOS,ORL,Away,96,113,0
Dalano Banton,1,0.5333333333333333,0,1,0.0,0,0,0.0,0,0,0.0,0,0,0,0,0,0,0,0,0,-2.0,0.0,0.0,0.0,0.0,0.0,0.0,0.0,0.0,0.0,0.0,0.0,84.7,0.0,125.0,-76.8,f636faae-5c0d-4ea5-8390-7879f5e42279,BOS,ORL,Away,96,113,0
Lamar Stevens,1,0.5333333333333333,0,0,0.0,0,0,0.0,0,0,0.0,0,0,0,0,0,0,0,0,0,-2.0,0.0,0.0,0.0,0.0,0.0,0.0,0.0,0.0,0.0,0.0,0.0,0.0,0.0,125.0,-5.6,f636faae-5c0d-4ea5-8390-7879f5e42279,BOS,ORL,Away,96,113,0
Svi Mykhailiuk,0,0.0,0,0,0.0,0,0,0.0,0,0,0.0,0,0,0,0,0,0,0,0,0,0.0,0.0,0.0,0.0,0.0,0.0,0.0,0.0,0.0,0.0,0.0,0.0,0.0,0.0,0.0,0.0,f636faae-5c0d-4ea5-8390-7879f5e42279,BOS,ORL,Away,96,113,0
Jayson Tatum,1,38.8,11,25,0.44,5,13,0.385,7,10,0.7,1,8,9,4,2,0,6,2,34,3.0,0.578,0.54,0.52,0.4,2.5,19.4,11.0,17.4,2.6,0.0,16.9,37.8,107.0,104.0,5.0,45f8bcf7-4b99-41a9-98ac-2b37aeaca262,BOS,ATL,Home,113,103,1
Derrick White,1,37.48333333333333,5,13,0.385,0,6,0.0,5,5,1.0,2,2,4,11,3,0,3,5,15,29.0,0.493,0.385,0.462,0.385,5.1,5.0,5.1,39.6,4.0,0.0,16.5,20.1,119.0,105.0,4.0,45f8bcf7-4b99-41a9-98ac-2b37aeaca262,BOS,ATL,Home,113,103,1
Jaylen Brown,1,36.46666666666667,9,19,0.474,2,7,0.286,1,2,0.5,1,6,7,3,1,0,2,4,21,5.0,0.528,0.526,0.368,0.105,2.6,15.5,9.1,13.1,1.4,0.0,9.1,24.9,110.0,108.0,-1.3,45f8bcf7-4b99-41a9-98ac-2b37aeaca262,BOS,ATL,Home,113,103,1
Al Horford,1,32.4,3,8,0.375,0,5,0.0,0,0,0.0,3,12,15,3,1,2,0,1,6,17.0,0.375,0.375,0.625,0.0,8.9,34.9,22.0,11.8,1.5,8.5,0.0,10.2,118.0,97.0,3.1,45f8bcf7-4b99-41a9-98ac-2b37aeaca262,BOS,ATL,Home,113,103,1
Dalano Banton,1,18.716666666666665,3,5,0.6,0,1,0.0,2,2,1.0,2,3,5,1,0,0,1,4,8,-4.0,0.68,0.6,0.2,0.4,10.3,15.1,12.7,7.5,0.0,0.0,14.5,15.2,134.0,111.0,-2.3,45f8bcf7-4b99-41a9-98ac-2b37aeaca262,BOS,ATL,Home,113,103,1
Sam Hauser,1,31.73333333333333,4,9,0.444,4,9,0.444,0,0,0.0,2,2,4,2,0,0,0,2,12,11.0,0.667,0.667,1.0,0.0,6.1,5.9,6.0,8.4,0.0,0.0,0.0,11.8,157.0,115.0,3.3,45f8bcf7-4b99-41a9-98ac-2b37aeaca262,BOS,ATL,Home,113,103,1
Payton Pritchard,1,19.9,2,6,0.333,2,6,0.333,0,0,0.0,0,2,2,0,0,0,0,0,6,-10.0,0.5,0.5,1.0,0.0,0.0,9.5,4.8,0.0,0.0,0.0,0.0,12.5,115.0,114.0,-4.6,45f8bcf7-4b99-41a9-98ac-2b37aeaca262,BOS,ATL,Home,113,103,1
Neemias Queta,1,15.15,3,8,0.375,0,0,0.0,1,1,1.0,6,4,10,0,1,0,0,0,7,5.0,0.415,0.375,0.0,0.125,38.0,24.8,31.4,0.0,3.3,0.0,0.0,23.1,124.0,101.0,-0.2,45f8bcf7-4b99-41a9-98ac-2b37aeaca262,BOS,ATL,Home,113,103,1
Luke Kornet,1,9.333333333333334,2,2,1.0,0,0,0.0,0,0,0.0,1,1,2,0,1,1,0,1,4,-6.0,1.0,1.0,0.0,0.0,10.3,10.1,10.2,0.0,5.3,14.7,0.0,8.9,205.0,94.0,12.2,45f8bcf7-4b99-41a9-98ac-2b37aeaca262,BOS,ATL,Home,113,103,1
Oshae Brissett,0,0.0,0,0,0.0,0,0,0.0,0,0,0.0,0,0,0,0,0,0,0,0,0,0.0,0.0,0.0,0.0,0.0,0.0,0.0,0.0,0.0,0.0,0.0,0.0,0.0,0.0,0.0,0.0,45f8bcf7-4b99-41a9-98ac-2b37aeaca262,BOS,ATL,Home,113,103,1
Svi Mykhailiuk,0,0.0,0,0,0.0,0,0,0.0,0,0,0.0,0,0,0,0,0,0,0,0,0,0.0,0.0,0.0,0.0,0.0,0.0,0.0,0.0,0.0,0.0,0.0,0.0,0.0,0.0,0.0,0.0,45f8bcf7-4b99-41a9-98ac-2b37aeaca262,BOS,ATL,Home,113,103,1
Lamar Stevens,0,0.0,0,0,0.0,0,0,0.0,0,0,0.0,0,0,0,0,0,0,0,0,0,0.0,0.0,0.0,0.0,0.0,0.0,0.0,0.0,0.0,0.0,0.0,0.0,0.0,0.0,0.0,0.0,45f8bcf7-4b99-41a9-98ac-2b37aeaca262,BOS,ATL,Home,113,103,1
Jordan Walsh,0,0.0,0,0,0.0,0,0,0.0,0,0,0.0,0,0,0,0,0,0,0,0,0,0.0,0.0,0.0,0.0,0.0,0.0,0.0,0.0,0.0,0.0,0.0,0.0,0.0,0.0,0.0,0.0,45f8bcf7-4b99-41a9-98ac-2b37aeaca262,BOS,ATL,Home,113,103,1
Jayson Tatum,1,35.55,8,16,0.5,2,8,0.25,3,3,1.0,1,6,7,4,0,0,4,2,21,18.0,0.606,0.563,0.5,0.188,3.5,16.2,10.6,14.9,0.0,0.0,18.8,25.9,109.0,106.0,-4.3,a60ebbd3-58f4-4010-8a75-d9b23e230496,BOS,CHI,Home,124,97,1
Jaylen Brown,1,34.78333333333333,12,23,0.522,3,8,0.375,3,5,0.6,2,6,8,6,0,1,3,1,30,22.0,0.595,0.587,0.348,0.217,7.1,16.6,12.4,27.2,0.0,2.2,10.6,35.0,120.0,104.0,2.9,a60ebbd3-58f4-4010-8a75-d9b23e230496,BOS,CHI,Home,124,97,1
Jrue Holiday,1,33.18333333333333,5,8,0.625,4,5,0.8,0,0,0.0,1,6,7,9,1,0,3,3,14,19.0,0.875,0.875,0.625,0.0,3.7,17.4,11.4,32.7,1.5,0.0,27.3,14.3,144.0,102.0,8.8,a60ebbd3-58f4-4010-8a75-d9b23e230496,BOS,CHI,Home,124,97,1
Derrick White,1,28.5,5,7,0.714,2,3,0.667,2,2,1.0,0,3,3,7,2,0,0,4,14,15.0,0.888,0.857,0.429,0.286,0.0,10.1,5.7,30.6,3.5,0.0,0.0,11.9,198.0,99.0,12.3,a60ebbd3-58f4-4010-8a75-d9b23e230496,BOS,CHI,Home,124,97,1
Al Horford,1,28.4,6,8,0.75,4,6,0.667,0,0,0.0,0,9,9,6,2,3,3,3,16,18.0,1.0,1.0,0.75,0.0,0.0,30.4,17.1,27.5,3.5,8.2,27.3,16.7,141.0,87.0,19.7,a60ebbd3-58f4-4010-8a75-d9b23e230496,BOS,CHI,Home,124,97,1
Payton Pritchard,1,22.83333333333333,4,10,0.4,3,7,0.429,0,0,0.0,1,4,5,2,1,0,0,0,11,11.0,0.55,0.55,0.7,0.0,5.4,16.8,11.8,10.9,2.2,0.0,0.0,18.9,127.0,102.0,2.6,a60ebbd3-58f4-4010-8a75-d9b23e230496,BOS,CHI,Home,124,97,1
Sam Hauser,1,20.716666666666665,3,12,0.25,2,10,0.2,1,2,0.5,4,6,10,2,0,0,2,1,9,13.0,0.349,0.333,0.833,0.167,23.8,27.8,26.0,11.6,0.0,0.0,13.4,31.0,90.0,103.0,-12.3,a60ebbd3-58f4-4010-8a75-d9b23e230496,BOS,CHI,Home,124,97,1
Luke Kornet,1,19.45,2,3,0.667,0,0,0.0,0,0,0.0,2,1,3,0,0,3,1,3,4,9.0,0.667,0.667,0.0,0.0,12.7,4.9,8.3,0.0,0.0,11.9,25.0,8.9,114.0,98.0,-3.5,a60ebbd3-58f4-4010-8a75-d9b23e230496,BOS,CHI,Home,124,97,1
Dalano Banton,1,14.6,2,3,0.667,1,2,0.5,0,0,0.0,0,0,0,0,0,1,0,1,5,10.0,0.833,0.833,0.667,0.0,0.0,0.0,0.0,0.0,0.0,5.3,0.0,8.9,157.0,106.0,1.9,a60ebbd3-58f4-4010-8a75-d9b23e230496,BOS,CHI,Home,124,97,1
Svi Mykhailiuk,1,1.8666666666666667,0,0,0.0,0,0,0.0,0,0,0.0,0,0,0,0,0,0,0,0,0,0.0,0.0,0.0,0.0,0.0,0.0,0.0,0.0,0.0,0.0,0.0,0.0,0.0,0.0,111.0,-7.0,a60ebbd3-58f4-4010-8a75-d9b23e230496,BOS,CHI,Home,124,97,1
Lamar Stevens,1,0.1166666666666666,0,0,0.0,0,0,0.0,0,0,0.0,0,0,0,0,0,1,0,0,0,0.0,0.0,0.0,0.0,0.0,0.0,0.0,0.0,0.0,0.0,100.0,0.0,0.0,0.0,-475.0,368.9,a60ebbd3-58f4-4010-8a75-d9b23e230496,BOS,CHI,Home,124,97,1
Oshae Brissett,0,0.0,0,0,0.0,0,0,0.0,0,0,0.0,0,0,0,0,0,0,0,0,0,0.0,0.0,0.0,0.0,0.0,0.0,0.0,0.0,0.0,0.0,0.0,0.0,0.0,0.0,0.0,0.0,a60ebbd3-58f4-4010-8a75-d9b23e230496,BOS,CHI,Home,124,97,1
Neemias Queta,0,0.0,0,0,0.0,0,0,0.0,0,0,0.0,0,0,0,0,0,0,0,0,0,0.0,0.0,0.0,0.0,0.0,0.0,0.0,0.0,0.0,0.0,0.0,0.0,0.0,0.0,0.0,0.0,a60ebbd3-58f4-4010-8a75-d9b23e230496,BOS,CHI,Home,124,97,1
Jaylen Brown,1,35.13333333333333,8,20,0.4,1,4,0.25,3,4,0.75,1,3,4,0,4,2,3,3,20,10.0,0.46,0.425,0.2,0.2,3.7,8.0,6.2,0.0,5.4,4.6,12.1,30.0,86.0,110.0,-7.1,9eb97cd7-18bd-4778-9993-3422768e383c,BOS,PHI,Home,125,119,1
Jrue Holiday,1,34.96666666666667,4,11,0.364,3,5,0.6,2,2,1.0,0,5,5,6,1,0,3,2,13,7.0,0.547,0.5,0.455,0.182,0.0,13.5,7.8,24.6,1.3,0.0,20.2,18.1,109.0,120.0,-3.0,9eb97cd7-18bd-4778-9993-3422768e383c,BOS,PHI,Home,125,119,1
Al Horford,1,33.31666666666667,7,9,0.778,2,4,0.5,4,4,1.0,2,4,6,3,1,2,1,4,20,10.0,0.929,0.889,0.444,0.444,7.8,11.3,9.8,14.9,1.4,4.9,8.5,15.0,178.0,117.0,9.6,9eb97cd7-18bd-4778-9993-3422768e383c,BOS,PHI,Home,125,119,1
Derrick White,1,32.05,5,11,0.455,3,4,0.75,8,8,1.0,1,5,6,5,1,1,1,2,21,20.0,0.723,0.591,0.364,0.727,4.0,14.7,10.2,23.8,1.5,2.5,6.4,20.6,157.0,118.0,7.5,9eb97cd7-18bd-4778-9993-3422768e383c,BOS,PHI,Home,125,119,1
Jayson Tatum,1,27.45,6,9,0.667,2,5,0.4,7,9,0.778,0,7,7,4,1,1,7,1,21,-7.0,0.81,0.778,0.556,1.0,0.0,24.0,13.9,24.5,1.7,3.0,35.1,30.9,107.0,113.0,1.9,9eb97cd7-18bd-4778-9993-3422768e383c,BOS,PHI,Home,125,119,1
Sam Hauser,1,25.866666666666667,3,5,0.6,3,4,0.75,2,2,1.0,1,4,5,1,1,1,3,2,11,-3.0,0.935,0.9,0.8,0.4,5.0,14.6,10.5,5.6,1.8,3.1,33.8,14.6,118.0,116.0,2.8,9eb97cd7-18bd-4778-9993-3422768e383c,BOS,PHI,Home,125,119,1
Payton Pritchard,1,23.35,3,7,0.429,2,6,0.333,2,2,1.0,0,2,2,5,1,0,0,1,10,-2.0,0.635,0.571,0.857,0.286,0.0,8.1,4.7,31.3,2.0,0.0,0.0,14.4,157.0,120.0,4.9,9eb97cd7-18bd-4778-9993-3422768e383c,BOS,PHI,Home,125,119,1
Neemias Queta,1,10.183333333333334,1,1,1.0,0,0,0.0,3,4,0.75,2,3,5,0,0,0,2,1,5,3.0,0.906,1.0,0.0,4.0,25.5,27.7,26.8,0.0,0.0,0.0,42.0,19.9,117.0,117.0,-6.2,9eb97cd7-18bd-4778-9993-3422768e383c,BOS,PHI,Home,125,119,1
Dalano Banton,1,10.066666666666666,2,4,0.5,0,1,0.0,0,1,0.0,3,2,5,1,0,1,0,1,4,1.0,0.45,0.5,0.25,0.25,38.7,18.7,27.1,16.2,0.0,8.1,0.0,18.8,132.0,116.0,2.8,9eb97cd7-18bd-4778-9993-3422768e383c,BOS,PHI,Home,125,119,1
Luke Kornet,1,7.583333333333333,0,0,0.0,0,0,0.0,0,0,0.0,0,1,1,0,0,0,0,1,0,-9.0,0.0,0.0,0.0,0.0,0.0,12.4,7.2,0.0,0.0,0.0,0.0,0.0,0.0,123.0,-8.1,9eb97cd7-18bd-4778-9993-3422768e383c,BOS,PHI,Home,125,119,1
Oshae Brissett,0,0.0,0,0,0.0,0,0,0.0,0,0,0.0,0,0,0,0,0,0,0,0,0,0.0,0.0,0.0,0.0,0.0,0.0,0.0,0.0,0.0,0.0,0.0,0.0,0.0,0.0,0.0,0.0,9eb97cd7-18bd-4778-9993-3422768e383c,BOS,PHI,Home,125,119,1
Svi Mykhailiuk,0,0.0,0,0,0.0,0,0,0.0,0,0,0.0,0,0,0,0,0,0,0,0,0,0.0,0.0,0.0,0.0,0.0,0.0,0.0,0.0,0.0,0.0,0.0,0.0,0.0,0.0,0.0,0.0,9eb97cd7-18bd-4778-9993-3422768e383c,BOS,PHI,Home,125,119,1
Lamar Stevens,0,0.0,0,0,0.0,0,0,0.0,0,0,0.0,0,0,0,0,0,0,0,0,0,0.0,0.0,0.0,0.0,0.0,0.0,0.0,0.0,0.0,0.0,0.0,0.0,0.0,0.0,0.0,0.0,9eb97cd7-18bd-4778-9993-3422768e383c,BOS,PHI,Home,125,119,1
Jrue Holiday,1,38.03333333333333,3,9,0.333,1,5,0.2,2,2,1.0,1,5,6,3,1,1,1,1,9,-15.0,0.455,0.389,0.556,0.222,2.7,12.6,7.8,9.0,1.2,2.3,9.2,11.5,105.0,121.0,-2.9,6c297170-36d2-4961-b6e9-ce2e76162c15,BOS,IND,Away,112,122,0
Jayson Tatum,1,37.36666666666667,13,26,0.5,2,8,0.25,4,7,0.571,1,11,12,6,1,0,2,2,32,-14.0,0.55,0.538,0.308,0.269,2.7,28.3,15.9,26.3,1.3,0.0,6.4,33.5,116.0,120.0,6.5,6c297170-36d2-4961-b6e9-ce2e76162c15,BOS,IND,Away,112,122,0
Derrick White,1,35.96666666666667,7,16,0.438,2,9,0.222,2,2,1.0,0,4,4,8,1,1,5,4,18,-4.0,0.533,0.5,0.563,0.125,0.0,10.7,5.5,29.1,1.3,2.5,22.9,24.5,98.0,121.0,-1.7,6c297170-36d2-4961-b6e9-ce2e76162c15,BOS,IND,Away,112,122,0
Jaylen Brown,1,31.48333333333333,14,23,0.609,2,7,0.286,0,1,0.0,2,7,9,0,1,2,3,6,30,-10.0,0.64,0.652,0.304,0.043,6.5,21.3,14.1,0.0,1.5,5.6,11.3,33.8,110.0,115.0,4.6,6c297170-36d2-4961-b6e9-ce2e76162c15,BOS,IND,Away,112,122,0
Al Horford,1,31.35,1,3,0.333,0,1,0.0,0,0,0.0,2,5,7,4,0,1,2,1,2,-2.0,0.333,0.333,0.333,0.0,6.5,15.3,11.0,13.8,0.0,2.8,40.0,6.4,90.0,123.0,-3.8,6c297170-36d2-4961-b6e9-ce2e76162c15,BOS,IND,Away,112,122,0
Sam Hauser,1,22.65,5,9,0.556,5,7,0.714,0,0,0.0,2,4,6,1,0,0,0,2,15,9.0,0.833,0.833,0.778,0.0,9.0,17.0,13.1,6.0,0.0,0.0,0.0,16.0,169.0,125.0,11.1,6c297170-36d2-4961-b6e9-ce2e76162c15,BOS,IND,Away,112,122,0
Luke Kornet,1,16.65,3,5,0.6,0,0,0.0,0,0,0.0,4,0,4,2,1,4,1,2,6,-8.0,0.6,0.6,0.0,0.0,24.5,0.0,11.9,15.4,2.8,21.4,16.7,14.5,130.0,102.0,10.3,6c297170-36d2-4961-b6e9-ce2e76162c15,BOS,IND,Away,112,122,0
Payton Pritchard,1,15.316666666666666,0,5,0.0,0,4,0.0,0,0,0.0,0,4,4,2,0,0,0,0,0,-4.0,0.0,0.0,0.8,0.0,0.0,25.1,12.9,13.6,0.0,0.0,0.0,13.1,29.0,124.0,-15.1,6c297170-36d2-4961-b6e9-ce2e76162c15,BOS,IND,Away,112,122,0
Dalano Banton,1,11.183333333333334,0,1,0.0,0,0,0.0,0,0,0.0,1,3,4,1,0,0,3,1,0,-2.0,0.0,0.0,0.0,0.0,9.1,25.8,17.7,9.3,0.0,0.0,75.0,14.4,28.0,123.0,-17.6,6c297170-36d2-4961-b6e9-ce2e76162c15,BOS,IND,Away,112,122,0
Oshae Brissett,0,0.0,0,0,0.0,0,0,0.0,0,0,0.0,0,0,0,0,0,0,0,0,0,0.0,0.0,0.0,0.0,0.0,0.0,0.0,0.0,0.0,0.0,0.0,0.0,0.0,0.0,0.0,0.0,6c297170-36d2-4961-b6e9-ce2e76162c15,BOS,IND,Away,112,122,0
Svi Mykhailiuk,0,0.0,0,0,0.0,0,0,0.0,0,0,0.0,0,0,0,0,0,0,0,0,0,0.0,0.0,0.0,0.0,0.0,0.0,0.0,0.0,0.0,0.0,0.0,0.0,0.0,0.0,0.0,0.0,6c297170-36d2-4961-b6e9-ce2e76162c15,BOS,IND,Away,112,122,0
Neemias Queta,0,0.0,0,0,0.0,0,0,0.0,0,0,0.0,0,0,0,0,0,0,0,0,0,0.0,0.0,0.0,0.0,0.0,0.0,0.0,0.0,0.0,0.0,0.0,0.0,0.0,0.0,0.0,0.0,6c297170-36d2-4961-b6e9-ce2e76162c15,BOS,IND,Away,112,122,0
Lamar Stevens,0,0.0,0,0,0.0,0,0,0.0,0,0,0.0,0,0,0,0,0,0,0,0,0,0.0,0.0,0.0,0.0,0.0,0.0,0.0,0.0,0.0,0.0,0.0,0.0,0.0,0.0,0.0,0.0,6c297170-36d2-4961-b6e9-ce2e76162c15,BOS,IND,Away,112,122,0
Jayson Tatum,1,38.6,8,18,0.444,3,9,0.333,6,8,0.75,0,6,6,5,1,0,0,3,25,17.0,0.581,0.528,0.5,0.444,0.0,19.6,9.6,16.3,1.3,0.0,0.0,25.0,132.0,127.0,1.7,0cde151c-826c-46a6-a417-e7cec631cc07,BOS,NYK,Home,133,123,1
Jrue Holiday,1,34.833333333333336,7,11,0.636,1,3,0.333,1,1,1.0,0,6,6,5,2,1,1,1,16,6.0,0.699,0.682,0.273,0.091,0.0,21.8,10.6,18.0,2.8,2.7,8.0,16.0,142.0,122.0,6.4,0cde151c-826c-46a6-a417-e7cec631cc07,BOS,NYK,Home,133,123,1
Derrick White,1,31.633333333333333,10,16,0.625,6,10,0.6,4,4,1.0,2,1,3,3,2,2,0,4,30,21.0,0.845,0.813,0.625,0.25,7.6,4.0,5.8,13.9,3.1,6.0,0.0,25.1,176.0,124.0,20.0,0cde151c-826c-46a6-a417-e7cec631cc07,BOS,NYK,Home,133,123,1
Kristaps Porziņģis,1,29.3,7,13,0.538,3,6,0.5,4,4,1.0,1,2,3,1,2,0,2,2,21,13.0,0.711,0.654,0.462,0.308,4.1,8.6,6.3,4.5,3.4,0.0,11.9,25.6,129.0,126.0,2.8,0cde151c-826c-46a6-a417-e7cec631cc07,BOS,NYK,Home,133,123,1
Jaylen Brown,1,27.166666666666668,7,13,0.538,2,5,0.4,1,1,1.0,0,0,0,4,1,1,2,5,17,18.0,0.632,0.615,0.385,0.077,0.0,0.0,0.0,19.8,1.8,3.5,13.0,25.4,120.0,129.0,-0.2,0cde151c-826c-46a6-a417-e7cec631cc07,BOS,NYK,Home,133,123,1
Al Horford,1,27.35,5,8,0.625,3,6,0.5,1,1,1.0,2,8,10,2,0,0,2,1,14,9.0,0.829,0.813,0.75,0.125,8.8,36.9,22.5,8.9,0.0,0.0,19.2,17.1,141.0,126.0,4.6,0cde151c-826c-46a6-a417-e7cec631cc07,BOS,NYK,Home,133,123,1
Sam Hauser,1,20.95,0,5,0.0,0,5,0.0,1,2,0.5,1,2,3,1,0,1,0,1,1,-10.0,0.085,0.0,1.0,0.4,5.7,12.1,8.8,4.8,0.0,4.5,0.0,12.6,50.0,130.0,-13.2,0cde151c-826c-46a6-a417-e7cec631cc07,BOS,NYK,Home,133,123,1
Payton Pritchard,1,18.53333333333333,2,4,0.5,1,3,0.333,0,0,0.0,1,1,2,2,0,0,0,2,5,-12.0,0.625,0.625,0.75,0.0,6.5,6.8,6.6,12.1,0.0,0.0,0.0,9.7,153.0,134.0,-2.3,0cde151c-826c-46a6-a417-e7cec631cc07,BOS,NYK,Home,133,123,1
Luke Kornet,1,10.85,2,3,0.667,0,0,0.0,0,0,0.0,1,0,1,1,0,0,0,0,4,-8.0,0.667,0.667,0.0,0.0,11.1,0.0,5.7,11.3,0.0,0.0,0.0,12.4,158.0,136.0,0.9,0cde151c-826c-46a6-a417-e7cec631cc07,BOS,NYK,Home,133,123,1
Dalano Banton,1,0.35,0,0,0.0,0,0,0.0,0,0,0.0,0,0,0,0,0,0,0,0,0,-2.0,0.0,0.0,0.0,0.0,0.0,0.0,0.0,0.0,0.0,0.0,0.0,0.0,0.0,136.0,-5.9,0cde151c-826c-46a6-a417-e7cec631cc07,BOS,NYK,Home,133,123,1
Oshae Brissett,1,0.35,0,0,0.0,0,0,0.0,0,0,0.0,0,0,0,0,0,0,0,0,0,-2.0,0.0,0.0,0.0,0.0,0.0,0.0,0.0,0.0,0.0,0.0,0.0,0.0,0.0,136.0,-5.6,0cde151c-826c-46a6-a417-e7cec631cc07,BOS,NYK,Home,133,123,1
Svi Mykhailiuk,0,0.0,0,0,0.0,0,0,0.0,0,0,0.0,0,0,0,0,0,0,0,0,0,0.0,0.0,0.0,0.0,0.0,0.0,0.0,0.0,0.0,0.0,0.0,0.0,0.0,0.0,0.0,0.0,0cde151c-826c-46a6-a417-e7cec631cc07,BOS,NYK,Home,133,123,1
Neemias Queta,0,0.0,0,0,0.0,0,0,0.0,0,0,0.0,0,0,0,0,0,0,0,0,0,0.0,0.0,0.0,0.0,0.0,0.0,0.0,0.0,0.0,0.0,0.0,0.0,0.0,0.0,0.0,0.0,0cde151c-826c-46a6-a417-e7cec631cc07,BOS,NYK,Home,133,123,1
Lamar Stevens,0,0.0,0,0,0.0,0,0,0.0,0,0,0.0,0,0,0,0,0,0,0,0,0,0.0,0.0,0.0,0.0,0.0,0.0,0.0,0.0,0.0,0.0,0.0,0.0,0.0,0.0,0.0,0.0,0cde151c-826c-46a6-a417-e7cec631cc07,BOS,NYK,Home,133,123,1
Jayson Tatum,1,40.56666666666667,7,19,0.368,2,9,0.222,9,9,1.0,0,10,10,5,0,2,4,3,25,9.0,0.544,0.421,0.474,0.474,0.0,30.3,14.8,19.9,0.0,5.0,14.8,29.4,110.0,118.0,-3.3,096687a1-f3a3-4203-aaba-3c019987d7b1,BOS,CLE,Home,120,113,1
Derrick White,1,36.91666666666666,5,9,0.556,5,8,0.625,2,2,1.0,0,4,4,4,1,2,1,3,17,-6.0,0.86,0.833,0.889,0.222,0.0,13.3,6.5,16.5,1.3,5.5,9.2,13.0,164.0,117.0,7.6,096687a1-f3a3-4203-aaba-3c019987d7b1,BOS,CLE,Home,120,113,1
Jaylen Brown,1,34.6,10,17,0.588,1,5,0.2,4,4,1.0,1,1,2,4,1,1,3,1,25,-6.0,0.666,0.618,0.294,0.235,3.4,3.6,3.5,23.0,1.4,3.0,13.8,27.8,126.0,121.0,2.3,096687a1-f3a3-4203-aaba-3c019987d7b1,BOS,CLE,Home,120,113,1
Jrue Holiday,1,34.016666666666666,4,7,0.571,3,5,0.6,0,0,0.0,2,2,4,2,3,1,1,3,11,2.0,0.786,0.786,0.714,0.0,6.9,7.2,7.1,8.7,4.4,3.0,12.5,10.4,149.0,113.0,5.3,096687a1-f3a3-4203-aaba-3c019987d7b1,BOS,CLE,Home,120,113,1
Kristaps Porziņģis,1,31.73333333333333,5,16,0.313,2,6,0.333,9,9,1.0,3,7,10,3,1,2,3,1,21,-3.0,0.526,0.375,0.375,0.563,11.1,27.1,18.9,14.9,1.6,6.4,13.1,32.0,114.0,114.0,-0.4,096687a1-f3a3-4203-aaba-3c019987d7b1,BOS,CLE,Home,120,113,1
Al Horford,1,22.3,1,3,0.333,0,2,0.0,0,0,0.0,2,3,5,1,1,0,0,0,2,13.0,0.333,0.333,0.667,0.0,10.5,16.6,13.5,6.0,2.2,0.0,0.0,6.0,124.0,119.0,-3.4,096687a1-f3a3-4203-aaba-3c019987d7b1,BOS,CLE,Home,120,113,1
Sam Hauser,1,19.65,3,5,0.6,3,4,0.75,0,0,0.0,1,2,3,1,0,0,0,1,9,14.0,0.9,0.9,0.8,0.0,6.0,12.5,9.2,8.0,0.0,0.0,0.0,11.3,186.0,125.0,5.9,096687a1-f3a3-4203-aaba-3c019987d7b1,BOS,CLE,Home,120,113,1
Payton Pritchard,1,11.8,2,5,0.4,2,5,0.4,0,0,0.0,0,3,3,3,2,1,1,1,6,10.0,0.6,0.6,1.0,0.0,0.0,31.3,15.3,40.9,8.4,8.7,16.7,22.5,124.0,96.0,17.6,096687a1-f3a3-4203-aaba-3c019987d7b1,BOS,CLE,Home,120,113,1
Luke Kornet,1,8.383333333333333,1,3,0.333,0,0,0.0,2,2,1.0,3,1,4,0,0,0,0,0,4,2.0,0.515,0.333,0.0,0.667,41.9,14.7,28.6,0.0,0.0,0.0,0.0,20.5,149.0,125.0,-3.7,096687a1-f3a3-4203-aaba-3c019987d7b1,BOS,CLE,Home,120,113,1
Dalano Banton,0,0.0,0,0,0.0,0,0,0.0,0,0,0.0,0,0,0,0,0,0,0,0,0,0.0,0.0,0.0,0.0,0.0,0.0,0.0,0.0,0.0,0.0,0.0,0.0,0.0,0.0,0.0,0.0,096687a1-f3a3-4203-aaba-3c019987d7b1,BOS,CLE,Home,120,113,1
Oshae Brissett,0,0.0,0,0,0.0,0,0,0.0,0,0,0.0,0,0,0,0,0,0,0,0,0,0.0,0.0,0.0,0.0,0.0,0.0,0.0,0.0,0.0,0.0,0.0,0.0,0.0,0.0,0.0,0.0,096687a1-f3a3-4203-aaba-3c019987d7b1,BOS,CLE,Home,120,113,1
Svi Mykhailiuk,0,0.0,0,0,0.0,0,0,0.0,0,0,0.0,0,0,0,0,0,0,0,0,0,0.0,0.0,0.0,0.0,0.0,0.0,0.0,0.0,0.0,0.0,0.0,0.0,0.0,0.0,0.0,0.0,096687a1-f3a3-4203-aaba-3c019987d7b1,BOS,CLE,Home,120,113,1
Neemias Queta,0,0.0,0,0,0.0,0,0,0.0,0,0,0.0,0,0,0,0,0,0,0,0,0,0.0,0.0,0.0,0.0,0.0,0.0,0.0,0.0,0.0,0.0,0.0,0.0,0.0,0.0,0.0,0.0,096687a1-f3a3-4203-aaba-3c019987d7b1,BOS,CLE,Home,120,113,1
Lamar Stevens,0,0.0,0,0,0.0,0,0,0.0,0,0,0.0,0,0,0,0,0,0,0,0,0,0.0,0.0,0.0,0.0,0.0,0.0,0.0,0.0,0.0,0.0,0.0,0.0,0.0,0.0,0.0,0.0,096687a1-f3a3-4203-aaba-3c019987d7b1,BOS,CLE,Home,120,113,1
Jrue Holiday,1,37.21666666666667,7,11,0.636,1,3,0.333,0,0,0.0,2,1,3,4,0,0,2,2,15,11.0,0.682,0.682,0.273,0.0,6.0,3.2,4.7,15.2,0.0,0.0,15.4,15.7,131.0,122.0,-0.7,3a6daa16-0f6c-4f78-97b2-bd2ecb7dd859,BOS,CLE,Home,116,107,1
Jayson Tatum,1,36.43333333333333,9,22,0.409,3,10,0.3,6,8,0.75,3,8,11,3,0,3,3,1,27,2.0,0.529,0.477,0.455,0.364,9.2,26.3,17.5,12.7,0.0,7.9,10.5,35.2,112.0,111.0,2.6,3a6daa16-0f6c-4f78-97b2-bd2ecb7dd859,BOS,CLE,Home,116,107,1
Jaylen Brown,1,36.016666666666666,10,20,0.5,2,5,0.4,0,0,0.0,2,3,5,5,2,0,2,3,22,4.0,0.55,0.55,0.25,0.0,6.2,10.0,8.0,22.5,2.8,0.0,9.1,27.5,118.0,114.0,2.0,3a6daa16-0f6c-4f78-97b2-bd2ecb7dd859,BOS,CLE,Home,116,107,1
Derrick White,1,35.166666666666664,5,10,0.5,2,4,0.5,2,2,1.0,2,3,5,3,3,0,3,0,14,9.0,0.643,0.6,0.4,0.2,6.3,10.2,8.2,11.3,4.4,0.0,21.6,17.7,116.0,111.0,3.2,3a6daa16-0f6c-4f78-97b2-bd2ecb7dd859,BOS,CLE,Home,116,107,1
Kristaps Porziņģis,1,30.716666666666665,5,11,0.455,1,6,0.167,7,8,0.875,1,5,6,0,1,2,3,2,18,-1.0,0.62,0.5,0.545,0.727,3.6,19.5,11.3,0.0,1.7,6.3,17.1,25.6,111.0,110.0,-1.9,3a6daa16-0f6c-4f78-97b2-bd2ecb7dd859,BOS,CLE,Home,116,107,1
Al Horford,1,23.566666666666663,3,4,0.75,1,2,0.5,0,0,0.0,3,7,10,3,0,1,0,1,7,9.0,0.875,0.875,0.5,0.0,14.2,35.6,24.5,16.6,0.0,4.1,0.0,7.6,198.0,112.0,10.8,3a6daa16-0f6c-4f78-97b2-bd2ecb7dd859,BOS,CLE,Home,116,107,1
Sam Hauser,1,18.016666666666666,3,3,1.0,3,3,1.0,0,0,0.0,0,0,0,1,0,0,0,2,9,9.0,1.5,1.5,1.0,0.0,0.0,0.0,0.0,7.6,0.0,0.0,0.0,7.5,290.0,123.0,11.5,3a6daa16-0f6c-4f78-97b2-bd2ecb7dd859,BOS,CLE,Home,116,107,1
Payton Pritchard,1,14.316666666666666,0,1,0.0,0,1,0.0,0,0,0.0,0,3,3,2,0,1,0,1,0,1.0,0.0,0.0,1.0,0.0,0.0,25.1,12.1,15.6,0.0,6.7,0.0,3.1,102.0,112.0,-1.9,3a6daa16-0f6c-4f78-97b2-bd2ecb7dd859,BOS,CLE,Home,116,107,1
Lamar Stevens,1,8.533333333333333,1,3,0.333,0,2,0.0,2,2,1.0,0,1,1,1,1,1,0,3,4,1.0,0.515,0.333,0.667,0.667,0.0,14.1,6.8,15.1,6.0,11.3,0.0,20.4,130.0,98.0,4.7,3a6daa16-0f6c-4f78-97b2-bd2ecb7dd859,BOS,CLE,Home,116,107,1
Dalano Banton,0,0.0,0,0,0.0,0,0,0.0,0,0,0.0,0,0,0,0,0,0,0,0,0,0.0,0.0,0.0,0.0,0.0,0.0,0.0,0.0,0.0,0.0,0.0,0.0,0.0,0.0,0.0,0.0,3a6daa16-0f6c-4f78-97b2-bd2ecb7dd859,BOS,CLE,Home,116,107,1
Oshae Brissett,0,0.0,0,0,0.0,0,0,0.0,0,0,0.0,0,0,0,0,0,0,0,0,0,0.0,0.0,0.0,0.0,0.0,0.0,0.0,0.0,0.0,0.0,0.0,0.0,0.0,0.0,0.0,0.0,3a6daa16-0f6c-4f78-97b2-bd2ecb7dd859,BOS,CLE,Home,116,107,1
Luke Kornet,1,0.0,0,0,0.0,0,0,0.0,0,0,0.0,0,0,0,0,0,0,0,0,0,0.0,0.0,0.0,0.0,0.0,0.0,0.0,0.0,0.0,0.0,0.0,0.0,0.0,0.0,0.0,0.0,3a6daa16-0f6c-4f78-97b2-bd2ecb7dd859,BOS,CLE,Home,116,107,1
Svi Mykhailiuk,0,0.0,0,0,0.0,0,0,0.0,0,0,0.0,0,0,0,0,0,0,0,0,0,0.0,0.0,0.0,0.0,0.0,0.0,0.0,0.0,0.0,0.0,0.0,0.0,0.0,0.0,0.0,0.0,3a6daa16-0f6c-4f78-97b2-bd2ecb7dd859,BOS,CLE,Home,116,107,1
Jayson Tatum,1,38.78333333333333,11,22,0.5,2,9,0.222,6,9,0.667,0,6,6,4,0,0,2,3,30,14.0,0.578,0.545,0.409,0.409,0.0,19.5,9.4,14.4,0.0,0.0,7.2,31.2,115.0,118.0,-3.8,3faa6252-26df-416c-ba47-3b7494731030,BOS,ORL,Home,128,111,1
Derrick White,1,30.133333333333333,7,15,0.467,3,7,0.429,2,2,1.0,1,3,4,8,4,1,1,0,19,13.0,0.598,0.567,0.467,0.133,3.9,12.6,8.1,34.6,6.4,3.1,5.9,24.3,135.0,105.0,14.2,3faa6252-26df-416c-ba47-3b7494731030,BOS,ORL,Home,128,111,1
Jaylen Brown,1,29.58333333333333,8,15,0.533,0,5,0.0,2,3,0.667,0,3,3,4,0,1,2,0,18,20.0,0.551,0.533,0.333,0.2,0.0,12.8,6.2,18.5,0.0,3.1,10.9,26.8,108.0,119.0,-4.2,3faa6252-26df-416c-ba47-3b7494731030,BOS,ORL,Home,128,111,1
Jrue Holiday,1,28.2,2,7,0.286,2,3,0.667,0,0,0.0,1,3,4,4,2,1,0,2,6,12.0,0.429,0.429,0.429,0.0,4.2,13.4,8.6,15.3,3.4,3.3,0.0,10.8,122.0,111.0,1.1,3faa6252-26df-416c-ba47-3b7494731030,BOS,ORL,Home,128,111,1
Lamar Stevens,1,14.116666666666667,3,7,0.429,1,3,0.333,1,2,0.5,1,2,3,0,2,1,1,2,8,-7.0,0.508,0.5,0.429,0.286,8.3,17.9,12.9,0.0,6.9,6.5,11.3,27.3,95.0,100.0,-2.2,3faa6252-26df-416c-ba47-3b7494731030,BOS,ORL,Home,128,111,1
Sam Hauser,1,31.5,4,8,0.5,3,6,0.5,0,0,0.0,2,5,7,4,4,0,1,1,11,19.0,0.688,0.688,0.75,0.0,7.4,20.1,13.5,14.5,6.1,0.0,11.1,12.4,141.0,104.0,8.9,3faa6252-26df-416c-ba47-3b7494731030,BOS,ORL,Home,128,111,1
Payton Pritchard,1,28.28333333333333,7,10,0.7,6,7,0.857,1,2,0.5,1,2,3,5,1,0,0,4,21,8.0,0.965,1.0,0.7,0.2,4.1,8.9,6.4,23.5,1.7,0.0,0.0,16.7,192.0,118.0,15.1,3faa6252-26df-416c-ba47-3b7494731030,BOS,ORL,Home,128,111,1
Neemias Queta,1,18.3,2,3,0.667,0,0,0.0,0,0,0.0,2,1,3,1,1,3,1,6,4,13.0,0.667,0.667,0.0,0.0,12.8,6.9,10.0,6.1,2.6,15.1,25.0,9.5,126.0,108.0,-3.2,3faa6252-26df-416c-ba47-3b7494731030,BOS,ORL,Home,128,111,1
Oshae Brissett,1,15.633333333333333,4,4,1.0,1,1,1.0,2,2,1.0,1,0,1,1,0,0,2,4,11,-3.0,1.127,1.125,0.25,0.5,7.5,0.0,3.9,8.6,0.0,0.0,29.1,19.1,149.0,124.0,1.3,3faa6252-26df-416c-ba47-3b7494731030,BOS,ORL,Home,128,111,1
Svi Mykhailiuk,1,5.466666666666667,0,1,0.0,0,1,0.0,0,0,0.0,0,0,0,0,0,0,0,0,0,-4.0,0.0,0.0,1.0,0.0,0.0,0.0,0.0,0.0,0.0,0.0,0.0,7.9,0.0,125.0,-17.1,3faa6252-26df-416c-ba47-3b7494731030,BOS,ORL,Home,128,111,1
Kristaps Porziņģis,1,0.0,0,0,0.0,0,0,0.0,0,0,0.0,0,0,0,0,0,0,0,0,0,0.0,0.0,0.0,0.0,0.0,0.0,0.0,0.0,0.0,0.0,0.0,0.0,0.0,0.0,0.0,0.0,3faa6252-26df-416c-ba47-3b7494731030,BOS,ORL,Home,128,111,1
Jrue Holiday,1,34.21666666666667,6,12,0.5,2,5,0.4,0,0,0.0,1,5,6,0,0,2,3,2,14,17.0,0.583,0.583,0.417,0.0,3.3,12.8,8.6,0.0,0.0,5.3,20.0,18.7,95.0,102.0,-1.8,1f8a5d35-869a-46c7-984b-ed59f8f2ea73,BOS,ORL,Home,114,97,1
Jaylen Brown,1,33.983333333333334,12,20,0.6,5,8,0.625,2,2,1.0,1,4,5,6,1,1,2,4,31,11.0,0.742,0.725,0.4,0.1,3.3,10.3,7.2,30.2,1.4,2.7,8.7,28.7,147.0,101.0,17.7,1f8a5d35-869a-46c7-984b-ed59f8f2ea73,BOS,ORL,Home,114,97,1
Jayson Tatum,1,30.866666666666667,8,21,0.381,4,6,0.667,3,4,0.75,3,5,8,3,0,1,1,3,23,9.0,0.505,0.476,0.286,0.19,10.8,14.1,12.7,14.3,0.0,2.9,4.2,32.8,115.0,103.0,5.0,1f8a5d35-869a-46c7-984b-ed59f8f2ea73,BOS,ORL,Home,114,97,1
Kristaps Porziņģis,1,28.966666666666665,6,12,0.5,2,4,0.5,1,1,1.0,1,9,10,0,1,1,4,2,15,4.0,0.603,0.583,0.333,0.083,3.9,27.1,16.9,0.0,1.7,3.1,24.3,24.2,92.0,94.0,-1.2,1f8a5d35-869a-46c7-984b-ed59f8f2ea73,BOS,ORL,Home,114,97,1
Derrick White,1,27.383333333333333,4,9,0.444,1,5,0.2,1,1,1.0,0,5,5,4,1,3,2,1,10,7.0,0.53,0.5,0.556,0.111,0.0,15.9,8.9,18.5,1.8,9.9,17.5,17.8,106.0,93.0,6.9,1f8a5d35-869a-46c7-984b-ed59f8f2ea73,BOS,ORL,Home,114,97,1
Al Horford,1,23.683333333333334,3,7,0.429,2,3,0.667,0,0,0.0,1,7,8,2,0,1,0,2,8,19.0,0.571,0.571,0.429,0.0,4.7,25.8,16.5,10.4,0.0,3.8,0.0,12.6,136.0,98.0,5.8,1f8a5d35-869a-46c7-984b-ed59f8f2ea73,BOS,ORL,Home,114,97,1
Payton Pritchard,1,20.616666666666667,2,5,0.4,1,1,1.0,0,0,0.0,2,4,6,3,0,1,1,3,5,10.0,0.5,0.5,0.2,0.0,10.8,16.9,14.3,17.3,0.0,4.4,16.7,12.4,120.0,100.0,1.9,1f8a5d35-869a-46c7-984b-ed59f8f2ea73,BOS,ORL,Home,114,97,1
Sam Hauser,1,16.5,2,5,0.4,0,3,0.0,0,0,0.0,1,1,2,0,1,0,1,0,4,12.0,0.4,0.4,0.6,0.0,6.8,5.3,5.9,0.0,3.0,0.0,16.7,15.5,78.0,101.0,-4.6,1f8a5d35-869a-46c7-984b-ed59f8f2ea73,BOS,ORL,Home,114,97,1
Neemias Queta,1,16.433333333333334,1,2,0.5,0,0,0.0,0,0,0.0,0,3,3,0,0,0,0,1,2,8.0,0.5,0.5,0.0,0.0,0.0,15.9,8.9,0.0,0.0,0.0,0.0,5.2,105.0,104.0,-4.4,1f8a5d35-869a-46c7-984b-ed59f8f2ea73,BOS,ORL,Home,114,97,1
Dalano Banton,1,2.45,1,2,0.5,0,1,0.0,0,0,0.0,0,0,0,0,0,0,0,0,2,-4.0,0.5,0.5,0.5,0.0,0.0,0.0,0.0,0.0,0.0,0.0,0.0,34.8,101.0,110.0,-4.8,1f8a5d35-869a-46c7-984b-ed59f8f2ea73,BOS,ORL,Home,114,97,1
Oshae Brissett,1,2.45,0,0,0.0,0,0,0.0,0,0,0.0,0,2,2,0,0,0,0,0,0,-4.0,0.0,0.0,0.0,0.0,0.0,71.2,40.0,0.0,0.0,0.0,0.0,0.0,0.0,86.0,2.7,1f8a5d35-869a-46c7-984b-ed59f8f2ea73,BOS,ORL,Home,114,97,1
Lamar Stevens,1,2.45,0,0,0.0,0,0,0.0,0,0,0.0,0,0,0,0,0,0,0,1,0,-4.0,0.0,0.0,0.0,0.0,0.0,0.0,0.0,0.0,0.0,0.0,0.0,0.0,0.0,109.0,-11.3,1f8a5d35-869a-46c7-984b-ed59f8f2ea73,BOS,ORL,Home,114,97,1
Svi Mykhailiuk,0,0.0,0,0,0.0,0,0,0.0,0,0,0.0,0,0,0,0,0,0,0,0,0,0.0,0.0,0.0,0.0,0.0,0.0,0.0,0.0,0.0,0.0,0.0,0.0,0.0,0.0,0.0,0.0,1f8a5d35-869a-46c7-984b-ed59f8f2ea73,BOS,ORL,Home,114,97,1
Jaylen Brown,1,41.28333333333333,10,22,0.455,1,4,0.25,7,8,0.875,3,5,8,7,0,1,4,2,28,-3.0,0.549,0.477,0.182,0.364,6.5,11.7,9.0,26.3,0.0,2.2,13.6,29.3,114.0,129.0,1.5,b6896d64-57fa-419f-a838-6c82eb2fe83d,BOS,GSW,Away,126,132,0
Jayson Tatum,1,40.95,5,17,0.294,2,9,0.222,3,3,1.0,3,5,8,7,2,0,0,0,15,-9.0,0.409,0.353,0.529,0.176,6.6,11.8,9.1,22.4,2.5,0.0,0.0,18.3,117.0,124.0,2.0,b6896d64-57fa-419f-a838-6c82eb2fe83d,BOS,GSW,Away,126,132,0
Derrick White,1,40.2,11,24,0.458,7,18,0.389,1,2,0.5,2,5,7,3,0,3,0,2,30,-1.0,0.603,0.604,0.75,0.083,4.5,12.0,8.1,12.2,0.0,6.7,0.0,25.3,133.0,126.0,10.7,b6896d64-57fa-419f-a838-6c82eb2fe83d,BOS,GSW,Away,126,132,0
Al Horford,1,38.4,4,14,0.286,3,10,0.3,2,2,1.0,2,10,12,6,0,1,2,1,13,-8.0,0.437,0.393,0.714,0.143,4.7,25.1,14.5,20.0,0.0,2.3,11.8,18.0,104.0,123.0,-0.3,b6896d64-57fa-419f-a838-6c82eb2fe83d,BOS,GSW,Away,126,132,0
Jrue Holiday,1,35.666666666666664,5,12,0.417,1,5,0.2,2,2,1.0,1,6,7,1,2,0,1,5,13,-14.0,0.505,0.458,0.417,0.167,2.5,16.2,9.1,3.8,2.8,0.0,7.2,15.9,106.0,121.0,-5.3,b6896d64-57fa-419f-a838-6c82eb2fe83d,BOS,GSW,Away,126,132,0
Neemias Queta,1,20.766666666666666,5,8,0.625,0,0,0.0,0,0,0.0,6,4,10,1,1,0,0,0,10,10.0,0.625,0.625,0.0,0.0,26.0,18.6,22.4,7.5,2.4,0.0,0.0,15.8,153.0,121.0,5.6,b6896d64-57fa-419f-a838-6c82eb2fe83d,BOS,GSW,Away,126,132,0
Sam Hauser,1,20.633333333333333,0,7,0.0,0,6,0.0,0,0,0.0,1,2,3,1,0,0,0,2,0,1.0,0.0,0.0,0.857,0.0,4.4,9.3,6.8,5.5,0.0,0.0,0.0,13.9,22.0,131.0,-20.8,b6896d64-57fa-419f-a838-6c82eb2fe83d,BOS,GSW,Away,126,132,0
Payton Pritchard,1,19.33333333333333,4,6,0.667,3,5,0.6,0,0,0.0,0,0,0,2,0,0,1,1,11,-10.0,0.917,0.917,0.833,0.0,0.0,0.0,0.0,15.2,0.0,0.0,14.3,14.8,152.0,136.0,5.3,b6896d64-57fa-419f-a838-6c82eb2fe83d,BOS,GSW,Away,126,132,0
Oshae Brissett,1,5.45,3,3,1.0,0,0,0.0,0,0,0.0,0,0,0,0,1,0,0,0,6,1.0,1.0,1.0,0.0,0.0,0.0,0.0,0.0,0.0,9.2,0.0,0.0,22.5,200.0,113.0,27.3,b6896d64-57fa-419f-a838-6c82eb2fe83d,BOS,GSW,Away,126,132,0
Svi Mykhailiuk,1,2.3166666666666664,0,1,0.0,0,1,0.0,0,0,0.0,0,0,0,0,0,0,0,0,0,3.0,0.0,0.0,1.0,0.0,0.0,0.0,0.0,0.0,0.0,0.0,0.0,17.7,0.0,136.0,-26.4,b6896d64-57fa-419f-a838-6c82eb2fe83d,BOS,GSW,Away,126,132,0
Dalano Banton,0,0.0,0,0,0.0,0,0,0.0,0,0,0.0,0,0,0,0,0,0,0,0,0,0.0,0.0,0.0,0.0,0.0,0.0,0.0,0.0,0.0,0.0,0.0,0.0,0.0,0.0,0.0,0.0,b6896d64-57fa-419f-a838-6c82eb2fe83d,BOS,GSW,Away,126,132,0
Lamar Stevens,0,0.0,0,0,0.0,0,0,0.0,0,0,0.0,0,0,0,0,0,0,0,0,0,0.0,0.0,0.0,0.0,0.0,0.0,0.0,0.0,0.0,0.0,0.0,0.0,0.0,0.0,0.0,0.0,b6896d64-57fa-419f-a838-6c82eb2fe83d,BOS,GSW,Away,126,132,0
Sam Hauser,1,34.86666666666667,4,6,0.667,2,4,0.5,0,0,0.0,0,5,5,1,0,0,0,3,10,24.0,0.833,0.833,0.667,0.0,0.0,14.3,7.9,3.0,0.0,0.0,0.0,7.4,173.0,131.0,-3.8,697b5ea4-bb06-4892-a063-7c4debab199c,BOS,SAC,Away,144,119,1
Jrue Holiday,1,33.88333333333333,7,13,0.538,4,6,0.667,3,3,1.0,2,6,8,10,2,1,3,1,21,17.0,0.733,0.692,0.462,0.231,7.3,17.7,13.0,34.5,3.0,3.0,17.3,22.0,150.0,122.0,11.4,697b5ea4-bb06-4892-a063-7c4debab199c,BOS,SAC,Away,144,119,1
Derrick White,1,29.316666666666663,10,13,0.769,6,9,0.667,2,3,0.667,1,1,2,7,1,3,1,1,28,16.0,0.978,1.0,0.692,0.231,4.2,3.4,3.8,33.1,1.7,10.5,6.5,22.5,188.0,125.0,25.6,697b5ea4-bb06-4892-a063-7c4debab199c,BOS,SAC,Away,144,119,1
Jaylen Brown,1,29.216666666666665,11,21,0.524,0,3,0.0,6,7,0.857,1,4,5,6,0,0,0,2,28,22.0,0.581,0.524,0.143,0.333,4.2,13.7,9.4,29.9,0.0,0.0,0.0,35.5,144.0,132.0,-2.4,697b5ea4-bb06-4892-a063-7c4debab199c,BOS,SAC,Away,144,119,1
Kristaps Porziņģis,1,29.216666666666665,7,11,0.636,3,4,0.75,7,8,0.875,2,7,9,2,0,6,3,3,24,22.0,0.826,0.773,0.364,0.727,8.4,24.0,17.0,8.3,0.0,21.0,17.1,25.8,145.0,115.0,9.8,697b5ea4-bb06-4892-a063-7c4debab199c,BOS,SAC,Away,144,119,1
Payton Pritchard,1,29.48333333333333,6,12,0.5,6,11,0.545,2,3,0.667,0,4,4,4,1,0,1,1,20,10.0,0.751,0.75,0.917,0.25,0.0,13.6,7.5,15.8,1.7,0.0,7.0,20.9,152.0,128.0,5.4,697b5ea4-bb06-4892-a063-7c4debab199c,BOS,SAC,Away,144,119,1
Neemias Queta,1,18.78333333333333,3,8,0.375,0,0,0.0,0,0,0.0,4,4,8,0,1,0,1,5,6,3.0,0.375,0.375,0.0,0.0,26.2,21.3,23.5,0.0,2.7,0.0,11.1,20.6,104.0,120.0,-19.0,697b5ea4-bb06-4892-a063-7c4debab199c,BOS,SAC,Away,144,119,1
Oshae Brissett,1,16.683333333333334,1,1,1.0,1,1,1.0,0,0,0.0,2,3,5,2,0,0,0,0,3,4.0,1.5,1.5,1.0,0.0,14.8,18.0,16.5,12.0,0.0,0.0,0.0,2.6,256.0,132.0,6.4,697b5ea4-bb06-4892-a063-7c4debab199c,BOS,SAC,Away,144,119,1
Svi Mykhailiuk,1,16.216666666666665,1,6,0.167,0,4,0.0,0,0,0.0,2,2,4,3,1,0,0,1,2,7.0,0.167,0.167,0.667,0.0,15.2,12.3,13.6,18.5,3.1,0.0,0.0,15.9,104.0,125.0,-10.4,697b5ea4-bb06-4892-a063-7c4debab199c,BOS,SAC,Away,144,119,1
Lamar Stevens,1,2.333333333333333,1,1,1.0,0,0,0.0,0,0,0.0,0,0,0,0,0,0,0,0,2,0.0,1.0,1.0,0.0,0.0,0.0,0.0,0.0,0.0,0.0,0.0,0.0,18.4,200.0,137.0,5.4,697b5ea4-bb06-4892-a063-7c4debab199c,BOS,SAC,Away,144,119,1
Dalano Banton,0,0.0,0,0,0.0,0,0,0.0,0,0,0.0,0,0,0,0,0,0,0,0,0,0.0,0.0,0.0,0.0,0.0,0.0,0.0,0.0,0.0,0.0,0.0,0.0,0.0,0.0,0.0,0.0,697b5ea4-bb06-4892-a063-7c4debab199c,BOS,SAC,Away,144,119,1
Jayson Tatum,1,30.33333333333333,9,16,0.563,5,10,0.5,7,9,0.778,0,4,4,2,1,0,2,0,30,19.0,0.752,0.719,0.625,0.563,0.0,14.1,7.4,9.1,1.7,0.0,9.1,30.1,144.0,114.0,8.6,45ea47d2-d9c0-472d-a96d-55e963c5f456,BOS,LAC,Away,145,108,1
Jaylen Brown,1,29.1,9,17,0.529,3,6,0.5,3,4,0.75,3,3,6,2,1,0,3,2,24,29.0,0.64,0.618,0.353,0.235,12.4,11.0,11.6,9.7,1.7,0.0,13.8,31.1,125.0,114.0,-0.5,45ea47d2-d9c0-472d-a96d-55e963c5f456,BOS,LAC,Away,145,108,1
Derrick White,1,28.566666666666663,5,12,0.417,3,10,0.3,5,5,1.0,0,3,3,3,0,3,2,2,18,27.0,0.634,0.542,0.833,0.417,0.0,11.2,5.9,12.4,0.0,9.2,12.3,23.6,131.0,111.0,2.4,45ea47d2-d9c0-472d-a96d-55e963c5f456,BOS,LAC,Away,145,108,1
Jrue Holiday,1,27.6,8,12,0.667,4,6,0.667,0,0,0.0,3,3,6,7,1,0,1,1,20,22.0,0.833,0.833,0.5,0.0,13.0,11.6,12.3,34.7,1.8,0.0,7.7,19.6,178.0,114.0,17.2,45ea47d2-d9c0-472d-a96d-55e963c5f456,BOS,LAC,Away,145,108,1
Al Horford,1,26.816666666666663,2,6,0.333,2,5,0.4,0,0,0.0,0,8,8,5,1,2,0,2,6,24.0,0.5,0.5,0.833,0.0,0.0,31.8,16.8,19.7,1.9,6.5,0.0,9.3,155.0,103.0,7.6,45ea47d2-d9c0-472d-a96d-55e963c5f456,BOS,LAC,Away,145,108,1
Payton Pritchard,1,23.183333333333334,3,8,0.375,3,5,0.6,0,0,0.0,1,3,4,3,0,0,0,3,9,13.0,0.563,0.563,0.625,0.0,5.2,13.8,9.7,14.5,0.0,0.0,0.0,14.4,151.0,117.0,-1.8,45ea47d2-d9c0-472d-a96d-55e963c5f456,BOS,LAC,Away,145,108,1
Neemias Queta,1,22.916666666666668,4,7,0.571,0,0,0.0,6,8,0.75,6,6,12,3,0,0,1,5,14,14.0,0.665,0.571,0.0,1.143,31.4,27.9,29.6,15.5,0.0,0.0,8.7,20.9,160.0,114.0,1.4,45ea47d2-d9c0-472d-a96d-55e963c5f456,BOS,LAC,Away,145,108,1
Sam Hauser,1,18.633333333333333,1,5,0.2,1,5,0.2,0,0,0.0,0,2,2,4,0,0,0,3,3,11.0,0.3,0.3,1.0,0.0,0.0,11.4,6.1,22.2,0.0,0.0,0.0,11.2,125.0,118.0,-5.9,45ea47d2-d9c0-472d-a96d-55e963c5f456,BOS,LAC,Away,145,108,1
Oshae Brissett,1,18.383333333333333,4,5,0.8,3,4,0.75,1,2,0.5,1,2,3,1,0,0,0,0,12,12.0,1.02,1.1,0.8,0.4,6.5,11.6,9.2,6.8,0.0,0.0,0.0,13.3,202.0,118.0,12.7,45ea47d2-d9c0-472d-a96d-55e963c5f456,BOS,LAC,Away,145,108,1
Lamar Stevens,1,5.083333333333333,2,3,0.667,0,0,0.0,0,0,0.0,1,1,2,1,0,0,0,0,4,4.0,0.667,0.667,0.0,0.0,23.6,21.0,22.2,31.4,0.0,0.0,0.0,24.6,166.0,116.0,10.3,45ea47d2-d9c0-472d-a96d-55e963c5f456,BOS,LAC,Away,145,108,1
Dalano Banton,1,4.283333333333333,1,1,1.0,0,0,0.0,0,0,0.0,0,0,0,1,0,0,0,0,2,6.0,1.0,1.0,0.0,0.0,0.0,0.0,0.0,29.7,0.0,0.0,0.0,9.7,216.0,121.0,10.7,45ea47d2-d9c0-472d-a96d-55e963c5f456,BOS,LAC,Away,145,108,1
Drew Peterson,1,2.55,1,1,1.0,1,1,1.0,0,0,0.0,0,0,0,1,0,0,0,1,3,2.0,1.5,1.5,1.0,0.0,0.0,0.0,0.0,62.4,0.0,0.0,0.0,16.3,283.0,121.0,40.3,45ea47d2-d9c0-472d-a96d-55e963c5f456,BOS,LAC,Away,145,108,1
JD Davison,1,2.55,0,1,0.0,0,1,0.0,0,0,0.0,0,1,1,0,0,0,0,0,0,2.0,0.0,0.0,1.0,0.0,0.0,41.8,22.1,0.0,0.0,0.0,0.0,16.3,0.0,111.0,-24.7,45ea47d2-d9c0-472d-a96d-55e963c5f456,BOS,LAC,Away,145,108,1
Jordan Walsh,0,0.0,0,0,0.0,0,0,0.0,0,0,0.0,0,0,0,0,0,0,0,0,0,0.0,0.0,0.0,0.0,0.0,0.0,0.0,0.0,0.0,0.0,0.0,0.0,0.0,0.0,0.0,0.0,45ea47d2-d9c0-472d-a96d-55e963c5f456,BOS,LAC,Away,145,108,1
Jayson Tatum,1,41.23333333333333,6,15,0.4,1,6,0.167,12,13,0.923,0,8,8,7,0,1,1,0,25,10.0,0.603,0.433,0.4,0.867,0.0,20.2,10.7,20.9,0.0,2.0,4.6,22.7,137.0,121.0,3.8,73d9ee29-c265-41d4-8623-a194b8fd87cd,BOS,LAL,Away,126,115,1
Jrue Holiday,1,38.23333333333333,7,10,0.7,3,5,0.6,1,1,1.0,2,5,7,7,1,1,2,1,18,15.0,0.862,0.85,0.5,0.1,6.1,13.6,10.1,23.6,1.3,2.2,16.1,14.0,155.0,120.0,9.3,73d9ee29-c265-41d4-8623-a194b8fd87cd,BOS,LAL,Away,126,115,1
Kristaps Porziņģis,1,35.3,11,19,0.579,2,8,0.25,4,7,0.571,3,8,11,2,1,2,1,3,28,16.0,0.634,0.632,0.421,0.368,9.9,23.6,17.2,8.8,1.4,4.7,4.3,28.2,130.0,115.0,5.6,73d9ee29-c265-41d4-8623-a194b8fd87cd,BOS,LAL,Away,126,115,1
Derrick White,1,35.3,8,13,0.615,2,4,0.5,0,0,0.0,0,2,2,11,2,2,2,3,18,16.0,0.692,0.692,0.308,0.0,0.0,5.9,3.1,42.6,2.8,4.7,13.3,18.3,140.0,118.0,11.2,73d9ee29-c265-41d4-8623-a194b8fd87cd,BOS,LAL,Away,126,115,1
Jaylen Brown,1,32.56666666666667,7,17,0.412,1,5,0.2,4,7,0.571,3,2,5,2,3,0,2,3,19,9.0,0.473,0.441,0.294,0.412,10.8,6.4,8.5,8.3,4.6,0.0,9.1,29.2,101.0,116.0,-4.5,73d9ee29-c265-41d4-8623-a194b8fd87cd,BOS,LAL,Away,126,115,1
Al Horford,1,23.316666666666663,2,4,0.5,2,4,0.5,0,0,0.0,0,6,6,1,0,1,0,3,6,1.0,0.75,0.75,1.0,0.0,0.0,26.9,14.2,4.9,0.0,3.5,0.0,7.4,153.0,118.0,0.0,73d9ee29-c265-41d4-8623-a194b8fd87cd,BOS,LAL,Away,126,115,1
Sam Hauser,1,14.633333333333333,1,5,0.2,0,4,0.0,0,0,0.0,1,1,2,0,0,0,0,0,2,3.0,0.2,0.2,0.8,0.0,8.0,7.1,7.5,0.0,0.0,0.0,0.0,14.7,63.0,127.0,-15.8,73d9ee29-c265-41d4-8623-a194b8fd87cd,BOS,LAL,Away,126,115,1
Payton Pritchard,1,12.7,4,8,0.5,2,6,0.333,0,0,0.0,2,0,2,0,0,0,0,1,10,-5.0,0.625,0.625,0.75,0.0,18.4,0.0,8.7,0.0,0.0,0.0,0.0,27.2,132.0,129.0,2.6,73d9ee29-c265-41d4-8623-a194b8fd87cd,BOS,LAL,Away,126,115,1
Neemias Queta,1,6.716666666666667,0,0,0.0,0,0,0.0,0,0,0.0,0,1,1,1,1,0,0,3,0,-10.0,0.0,0.0,0.0,0.0,0.0,15.5,8.2,15.5,7.4,0.0,0.0,0.0,228.0,106.0,-0.4,73d9ee29-c265-41d4-8623-a194b8fd87cd,BOS,LAL,Away,126,115,1
Dalano Banton,0,0.0,0,0,0.0,0,0,0.0,0,0,0.0,0,0,0,0,0,0,0,0,0,0.0,0.0,0.0,0.0,0.0,0.0,0.0,0.0,0.0,0.0,0.0,0.0,0.0,0.0,0.0,0.0,73d9ee29-c265-41d4-8623-a194b8fd87cd,BOS,LAL,Away,126,115,1
Oshae Brissett,0,0.0,0,0,0.0,0,0,0.0,0,0,0.0,0,0,0,0,0,0,0,0,0,0.0,0.0,0.0,0.0,0.0,0.0,0.0,0.0,0.0,0.0,0.0,0.0,0.0,0.0,0.0,0.0,73d9ee29-c265-41d4-8623-a194b8fd87cd,BOS,LAL,Away,126,115,1
JD Davison,0,0.0,0,0,0.0,0,0,0.0,0,0,0.0,0,0,0,0,0,0,0,0,0,0.0,0.0,0.0,0.0,0.0,0.0,0.0,0.0,0.0,0.0,0.0,0.0,0.0,0.0,0.0,0.0,73d9ee29-c265-41d4-8623-a194b8fd87cd,BOS,LAL,Away,126,115,1
Luke Kornet,0,0.0,0,0,0.0,0,0,0.0,0,0,0.0,0,0,0,0,0,0,0,0,0,0.0,0.0,0.0,0.0,0.0,0.0,0.0,0.0,0.0,0.0,0.0,0.0,0.0,0.0,0.0,0.0,73d9ee29-c265-41d4-8623-a194b8fd87cd,BOS,LAL,Away,126,115,1
Drew Peterson,0,0.0,0,0,0.0,0,0,0.0,0,0,0.0,0,0,0,0,0,0,0,0,0,0.0,0.0,0.0,0.0,0.0,0.0,0.0,0.0,0.0,0.0,0.0,0.0,0.0,0.0,0.0,0.0,73d9ee29-c265-41d4-8623-a194b8fd87cd,BOS,LAL,Away,126,115,1
Jordan Walsh,0,0.0,0,0,0.0,0,0,0.0,0,0,0.0,0,0,0,0,0,0,0,0,0,0.0,0.0,0.0,0.0,0.0,0.0,0.0,0.0,0.0,0.0,0.0,0.0,0.0,0.0,0.0,0.0,73d9ee29-c265-41d4-8623-a194b8fd87cd,BOS,LAL,Away,126,115,1
Jrue Holiday,1,44.13333333333333,4,9,0.444,0,2,0.0,4,5,0.8,2,7,9,3,1,1,3,1,12,1.0,0.536,0.444,0.222,0.556,4.9,16.5,10.8,8.3,1.1,2.1,21.1,14.0,101.0,114.0,-4.1,7a6aff3a-0db4-4885-bc3f-8d8ebefe5e5c,BOS,DET,Home,128,122,1
Jayson Tatum,1,43.31666666666667,11,31,0.355,2,11,0.182,7,8,0.875,2,5,7,10,5,0,3,4,31,10.0,0.449,0.387,0.355,0.258,5.0,12.0,8.6,35.4,5.7,0.0,8.0,37.6,103.0,106.0,4.2,7a6aff3a-0db4-4885-bc3f-8d8ebefe5e5c,BOS,DET,Home,128,122,1
Derrick White,1,37.65,9,15,0.6,2,4,0.5,3,3,1.0,1,3,4,5,0,2,2,1,23,8.0,0.705,0.667,0.267,0.2,2.9,8.3,5.6,19.9,0.0,4.9,10.9,21.1,135.0,119.0,6.2,7a6aff3a-0db4-4885-bc3f-8d8ebefe5e5c,BOS,DET,Home,128,122,1
Al Horford,1,37.18333333333333,3,4,0.75,2,3,0.667,0,0,0.0,2,3,5,3,1,1,1,1,8,10.0,1.0,1.0,0.75,0.0,5.8,8.4,7.1,9.8,1.3,2.5,20.0,5.8,165.0,117.0,3.6,7a6aff3a-0db4-4885-bc3f-8d8ebefe5e5c,BOS,DET,Home,128,122,1
Kristaps Porziņģis,1,35.88333333333333,13,21,0.619,3,9,0.333,6,7,0.857,0,8,8,1,1,0,1,4,35,12.0,0.727,0.69,0.429,0.333,0.0,23.2,11.8,5.1,1.4,0.0,4.0,30.4,140.0,111.0,8.9,7a6aff3a-0db4-4885-bc3f-8d8ebefe5e5c,BOS,DET,Home,128,122,1
Payton Pritchard,1,23.58333333333333,4,11,0.364,1,6,0.167,0,0,0.0,2,2,4,2,1,0,1,0,9,-9.0,0.409,0.409,0.545,0.0,9.2,8.8,9.0,11.5,2.1,0.0,8.3,22.1,94.0,116.0,-4.7,7a6aff3a-0db4-4885-bc3f-8d8ebefe5e5c,BOS,DET,Home,128,122,1
Neemias Queta,1,19.73333333333333,2,2,1.0,0,0,0.0,1,2,0.5,0,2,2,0,1,0,0,4,5,-3.0,0.868,1.0,0.0,1.0,0.0,10.5,5.4,0.0,2.5,0.0,0.0,6.3,172.0,113.0,-3.7,7a6aff3a-0db4-4885-bc3f-8d8ebefe5e5c,BOS,DET,Home,128,122,1
Sam Hauser,1,17.733333333333334,2,6,0.333,1,4,0.25,0,0,0.0,1,2,3,1,0,0,1,0,5,-8.0,0.417,0.417,0.667,0.0,6.1,11.7,9.0,7.1,0.0,0.0,14.3,17.1,87.0,120.0,-7.4,7a6aff3a-0db4-4885-bc3f-8d8ebefe5e5c,BOS,DET,Home,128,122,1
Oshae Brissett,1,5.783333333333333,0,0,0.0,0,0,0.0,0,0,0.0,1,0,1,0,0,0,0,0,0,9.0,0.0,0.0,0.0,0.0,18.7,0.0,9.2,0.0,0.0,0.0,0.0,0.0,222.0,125.0,-4.0,7a6aff3a-0db4-4885-bc3f-8d8ebefe5e5c,BOS,DET,Home,128,122,1
Dalano Banton,0,0.0,0,0,0.0,0,0,0.0,0,0,0.0,0,0,0,0,0,0,0,0,0,0.0,0.0,0.0,0.0,0.0,0.0,0.0,0.0,0.0,0.0,0.0,0.0,0.0,0.0,0.0,0.0,7a6aff3a-0db4-4885-bc3f-8d8ebefe5e5c,BOS,DET,Home,128,122,1
Luke Kornet,0,0.0,0,0,0.0,0,0,0.0,0,0,0.0,0,0,0,0,0,0,0,0,0,0.0,0.0,0.0,0.0,0.0,0.0,0.0,0.0,0.0,0.0,0.0,0.0,0.0,0.0,0.0,0.0,7a6aff3a-0db4-4885-bc3f-8d8ebefe5e5c,BOS,DET,Home,128,122,1
Svi Mykhailiuk,0,0.0,0,0,0.0,0,0,0.0,0,0,0.0,0,0,0,0,0,0,0,0,0,0.0,0.0,0.0,0.0,0.0,0.0,0.0,0.0,0.0,0.0,0.0,0.0,0.0,0.0,0.0,0.0,7a6aff3a-0db4-4885-bc3f-8d8ebefe5e5c,BOS,DET,Home,128,122,1
Lamar Stevens,0,0.0,0,0,0.0,0,0,0.0,0,0,0.0,0,0,0,0,0,0,0,0,0,0.0,0.0,0.0,0.0,0.0,0.0,0.0,0.0,0.0,0.0,0.0,0.0,0.0,0.0,0.0,0.0,7a6aff3a-0db4-4885-bc3f-8d8ebefe5e5c,BOS,DET,Home,128,122,1
Jaylen Brown,1,40.88333333333333,11,16,0.688,5,6,0.833,4,5,0.8,1,9,10,6,0,0,7,4,31,12.0,0.852,0.844,0.375,0.313,2.8,22.0,13.0,23.4,0.0,0.0,27.8,26.2,122.0,124.0,3.9,c7f177d4-9b5a-47f2-8065-3951d216cbf1,BOS,TOR,Home,120,118,1
Derrick White,1,35.666666666666664,5,19,0.263,2,10,0.2,9,9,1.0,1,4,5,7,3,2,3,2,21,7.0,0.457,0.316,0.526,0.474,3.2,11.2,7.5,26.0,4.2,5.3,11.6,31.0,108.0,113.0,0.9,c7f177d4-9b5a-47f2-8065-3951d216cbf1,BOS,TOR,Home,120,118,1
Sam Hauser,1,34.13333333333333,3,7,0.429,3,7,0.429,0,0,0.0,0,9,9,1,0,1,0,2,9,-8.0,0.643,0.643,1.0,0.0,0.0,26.4,14.1,3.6,0.0,2.8,0.0,8.7,138.0,121.0,-0.6,c7f177d4-9b5a-47f2-8065-3951d216cbf1,BOS,TOR,Home,120,118,1
Luke Kornet,1,33.333333333333336,9,11,0.818,0,0,0.0,2,2,1.0,5,3,8,3,0,3,1,3,20,-2.0,0.842,0.818,0.0,0.182,17.1,9.0,12.8,14.4,0.0,8.5,7.8,16.4,170.0,120.0,8.7,c7f177d4-9b5a-47f2-8065-3951d216cbf1,BOS,TOR,Home,120,118,1
Jrue Holiday,1,31.683333333333334,5,15,0.333,3,5,0.6,2,4,0.5,0,2,2,3,0,0,1,1,15,8.0,0.447,0.433,0.333,0.267,0.0,6.3,3.4,12.8,0.0,0.0,5.6,23.9,101.0,128.0,-8.3,c7f177d4-9b5a-47f2-8065-3951d216cbf1,BOS,TOR,Home,120,118,1
Payton Pritchard,1,25.133333333333333,3,10,0.3,3,8,0.375,0,0,0.0,3,2,5,6,0,0,2,3,9,-3.0,0.45,0.45,0.8,0.0,13.6,8.0,10.6,30.7,0.0,0.0,16.7,20.3,114.0,127.0,-3.2,c7f177d4-9b5a-47f2-8065-3951d216cbf1,BOS,TOR,Home,120,118,1
Oshae Brissett,1,15.3,1,3,0.333,0,1,0.0,0,0,0.0,2,5,7,1,0,0,1,0,2,3.0,0.333,0.333,0.333,0.0,14.9,32.7,24.4,7.9,0.0,0.0,25.0,11.1,92.0,122.0,-6.1,c7f177d4-9b5a-47f2-8065-3951d216cbf1,BOS,TOR,Home,120,118,1
Neemias Queta,1,14.45,3,3,1.0,0,0,0.0,0,0,0.0,1,4,5,1,0,0,0,0,6,3.0,1.0,1.0,0.0,0.0,7.9,27.7,18.5,10.1,0.0,0.0,0.0,8.8,210.0,123.0,6.8,c7f177d4-9b5a-47f2-8065-3951d216cbf1,BOS,TOR,Home,120,118,1
Svi Mykhailiuk,1,7.233333333333333,2,3,0.667,1,2,0.5,0,0,0.0,0,1,1,1,0,0,0,2,5,-6.0,0.833,0.833,0.667,0.0,0.0,13.8,7.4,22.3,0.0,0.0,0.0,17.6,173.0,124.0,6.1,c7f177d4-9b5a-47f2-8065-3951d216cbf1,BOS,TOR,Home,120,118,1
Dalano Banton,1,2.183333333333333,1,1,1.0,0,0,0.0,0,0,0.0,0,0,0,0,0,0,1,0,2,-4.0,1.0,1.0,0.0,0.0,0.0,0.0,0.0,0.0,0.0,0.0,50.0,39.0,64.0,130.0,-11.6,c7f177d4-9b5a-47f2-8065-3951d216cbf1,BOS,TOR,Home,120,118,1
Lamar Stevens,0,0.0,0,0,0.0,0,0,0.0,0,0,0.0,0,0,0,0,0,0,0,0,0,0.0,0.0,0.0,0.0,0.0,0.0,0.0,0.0,0.0,0.0,0.0,0.0,0.0,0.0,0.0,0.0,c7f177d4-9b5a-47f2-8065-3951d216cbf1,BOS,TOR,Home,120,118,1
Jayson Tatum,1,0.0,0,0,0.0,0,0,0.0,0,0,0.0,0,0,0,0,0,0,0,0,0,0.0,0.0,0.0,0.0,0.0,0.0,0.0,0.0,0.0,0.0,0.0,0.0,0.0,0.0,0.0,0.0,c7f177d4-9b5a-47f2-8065-3951d216cbf1,BOS,TOR,Home,120,118,1
Jayson Tatum,1,30.83333333333333,10,17,0.588,5,10,0.5,0,0,0.0,1,5,6,2,0,2,3,1,25,32.0,0.735,0.735,0.588,0.0,3.6,14.7,9.7,8.8,0.0,6.4,15.0,27.1,125.0,101.0,7.0,ee0e3daf-fa30-4e9c-bdeb-8bd0028f482d,BOS,SAS,Away,134,101,1
Kristaps Porziņģis,1,29.55,4,14,0.286,0,7,0.0,6,6,1.0,1,8,9,2,1,2,1,2,14,33.0,0.421,0.286,0.5,0.429,3.8,24.5,15.2,7.3,1.6,6.6,5.7,25.0,101.0,95.0,-5.5,ee0e3daf-fa30-4e9c-bdeb-8bd0028f482d,BOS,SAS,Away,134,101,1
Jaylen Brown,1,26.33333333333333,9,13,0.692,2,2,1.0,4,6,0.667,1,5,6,3,2,0,2,0,24,26.0,0.767,0.769,0.154,0.462,4.2,17.2,11.4,15.8,3.6,0.0,11.3,28.0,141.0,97.0,12.3,ee0e3daf-fa30-4e9c-bdeb-8bd0028f482d,BOS,SAS,Away,134,101,1
Derrick White,1,25.73333333333333,7,11,0.636,3,6,0.5,0,0,0.0,1,2,3,5,0,0,0,1,17,24.0,0.773,0.773,0.545,0.0,4.3,7.0,5.8,24.6,0.0,0.0,0.0,17.9,171.0,108.0,9.9,ee0e3daf-fa30-4e9c-bdeb-8bd0028f482d,BOS,SAS,Away,134,101,1
Al Horford,1,19.65,3,5,0.6,1,3,0.333,0,0,0.0,1,6,7,4,0,0,0,0,7,17.0,0.7,0.7,0.6,0.0,5.7,27.7,17.8,22.4,0.0,0.0,0.0,10.7,170.0,103.0,8.9,ee0e3daf-fa30-4e9c-bdeb-8bd0028f482d,BOS,SAS,Away,134,101,1
Oshae Brissett,1,21.45,2,5,0.4,0,0,0.0,0,1,0.0,3,3,6,0,2,0,0,2,4,9.0,0.368,0.4,0.0,0.2,15.6,12.7,14.0,0.0,4.5,0.0,0.0,10.6,111.0,96.0,-3.4,ee0e3daf-fa30-4e9c-bdeb-8bd0028f482d,BOS,SAS,Away,134,101,1
Sam Hauser,1,20.266666666666666,4,6,0.667,3,5,0.6,0,0,0.0,0,4,4,1,0,0,1,2,11,15.0,0.917,0.917,0.833,0.0,0.0,17.9,9.9,5.7,0.0,0.0,14.3,14.5,149.0,105.0,4.3,ee0e3daf-fa30-4e9c-bdeb-8bd0028f482d,BOS,SAS,Away,134,101,1
Payton Pritchard,1,18.966666666666665,4,8,0.5,1,5,0.2,0,2,0.0,1,2,3,7,0,0,0,0,9,10.0,0.507,0.563,0.625,0.25,5.9,9.6,7.9,43.3,0.0,0.0,0.0,19.6,140.0,107.0,6.3,ee0e3daf-fa30-4e9c-bdeb-8bd0028f482d,BOS,SAS,Away,134,101,1
Luke Kornet,1,16.3,5,7,0.714,0,0,0.0,2,2,1.0,3,1,4,2,0,2,0,1,12,6.0,0.761,0.714,0.0,0.286,20.5,5.6,12.3,16.2,0.0,12.0,0.0,20.2,175.0,100.0,13.3,ee0e3daf-fa30-4e9c-bdeb-8bd0028f482d,BOS,SAS,Away,134,101,1
Dalano Banton,1,10.566666666666666,0,2,0.0,0,0,0.0,4,4,1.0,1,3,4,1,0,0,2,2,4,-3.0,0.532,0.0,0.0,2.0,10.6,25.7,18.9,8.9,0.0,0.0,34.7,22.8,94.0,103.0,-11.9,ee0e3daf-fa30-4e9c-bdeb-8bd0028f482d,BOS,SAS,Away,134,101,1
Svi Mykhailiuk,1,8.0,0,4,0.0,0,4,0.0,0,0,0.0,0,1,1,0,1,0,1,1,0,-4.0,0.0,0.0,1.0,0.0,0.0,11.3,6.3,0.0,6.0,0.0,20.0,26.2,0.0,93.0,-29.5,ee0e3daf-fa30-4e9c-bdeb-8bd0028f482d,BOS,SAS,Away,134,101,1
Lamar Stevens,1,7.066666666666666,1,1,1.0,0,0,0.0,0,0,0.0,0,2,2,2,0,0,0,0,2,-1.0,1.0,1.0,0.0,0.0,0.0,25.6,14.2,30.7,0.0,0.0,0.0,5.9,213.0,103.0,13.4,ee0e3daf-fa30-4e9c-bdeb-8bd0028f482d,BOS,SAS,Away,134,101,1
Neemias Queta,1,5.283333333333333,2,2,1.0,0,0,0.0,1,1,1.0,0,2,2,0,0,1,0,0,5,1.0,1.025,1.0,0.0,0.5,0.0,34.3,18.9,0.0,0.0,18.5,0.0,19.3,213.0,88.0,20.8,ee0e3daf-fa30-4e9c-bdeb-8bd0028f482d,BOS,SAS,Away,134,101,1
Jaylen Brown,1,37.71666666666667,4,18,0.222,0,8,0.0,7,8,0.875,2,4,6,3,0,0,4,5,15,-1.0,0.349,0.222,0.444,0.444,5.7,12.7,9.0,10.3,0.0,0.0,15.7,27.3,82.0,138.0,-19.5,b0ffd0b3-c410-494c-a9b5-9f3490b3d023,BOS,OKC,Away,123,127,0
Jayson Tatum,1,37.6,10,21,0.476,2,5,0.4,8,10,0.8,5,8,13,8,1,0,4,3,30,0.0,0.591,0.524,0.238,0.476,14.2,25.5,19.5,34.9,1.3,0.0,13.6,31.6,126.0,132.0,5.3,b0ffd0b3-c410-494c-a9b5-9f3490b3d023,BOS,OKC,Away,123,127,0
Kristaps Porziņģis,1,34.9,12,18,0.667,2,3,0.667,8,9,0.889,6,4,10,2,0,3,1,1,34,3.0,0.774,0.722,0.167,0.5,18.3,13.8,16.2,10.8,0.0,8.1,4.4,26.6,163.0,132.0,14.0,b0ffd0b3-c410-494c-a9b5-9f3490b3d023,BOS,OKC,Away,123,127,0
Jrue Holiday,1,30.83333333333333,2,8,0.25,2,5,0.4,1,2,0.5,1,4,5,7,1,0,3,1,7,-15.0,0.394,0.375,0.625,0.25,3.5,15.6,9.2,28.0,1.6,0.0,25.3,15.6,95.0,134.0,-4.8,b0ffd0b3-c410-494c-a9b5-9f3490b3d023,BOS,OKC,Away,123,127,0
Derrick White,1,28.5,7,12,0.583,5,9,0.556,0,0,0.0,0,5,5,6,1,1,2,4,19,5.0,0.792,0.792,0.75,0.0,0.0,21.1,9.9,33.4,1.7,3.3,14.3,19.9,142.0,130.0,10.6,b0ffd0b3-c410-494c-a9b5-9f3490b3d023,BOS,OKC,Away,123,127,0
Payton Pritchard,1,25.45,2,5,0.4,1,4,0.25,0,0,0.0,1,2,3,4,2,0,0,1,5,9.0,0.5,0.5,0.8,0.0,4.2,9.4,6.7,19.7,3.9,0.0,0.0,7.9,147.0,130.0,1.3,b0ffd0b3-c410-494c-a9b5-9f3490b3d023,BOS,OKC,Away,123,127,0
Al Horford,1,19.716666666666665,3,5,0.6,1,3,0.333,0,0,0.0,0,2,2,3,1,5,0,0,7,-13.0,0.7,0.7,0.6,0.0,0.0,12.2,5.7,21.0,2.5,23.9,0.0,10.2,163.0,116.0,17.3,b0ffd0b3-c410-494c-a9b5-9f3490b3d023,BOS,OKC,Away,123,127,0
Luke Kornet,1,14.9,0,2,0.0,0,0,0.0,0,0,0.0,2,0,2,0,1,1,0,0,0,-1.0,0.0,0.0,0.0,0.0,14.3,0.0,7.6,0.0,3.3,6.3,0.0,5.4,70.0,129.0,-7.8,b0ffd0b3-c410-494c-a9b5-9f3490b3d023,BOS,OKC,Away,123,127,0
Sam Hauser,1,10.383333333333333,2,3,0.667,2,3,0.667,0,0,0.0,0,1,1,0,0,0,0,0,6,-7.0,1.0,1.0,1.0,0.0,0.0,11.6,5.4,0.0,0.0,0.0,0.0,11.7,183.0,139.0,7.3,b0ffd0b3-c410-494c-a9b5-9f3490b3d023,BOS,OKC,Away,123,127,0
Dalano Banton,0,0.0,0,0,0.0,0,0,0.0,0,0,0.0,0,0,0,0,0,0,0,0,0,0.0,0.0,0.0,0.0,0.0,0.0,0.0,0.0,0.0,0.0,0.0,0.0,0.0,0.0,0.0,0.0,b0ffd0b3-c410-494c-a9b5-9f3490b3d023,BOS,OKC,Away,123,127,0
Oshae Brissett,0,0.0,0,0,0.0,0,0,0.0,0,0,0.0,0,0,0,0,0,0,0,0,0,0.0,0.0,0.0,0.0,0.0,0.0,0.0,0.0,0.0,0.0,0.0,0.0,0.0,0.0,0.0,0.0,b0ffd0b3-c410-494c-a9b5-9f3490b3d023,BOS,OKC,Away,123,127,0
Svi Mykhailiuk,0,0.0,0,0,0.0,0,0,0.0,0,0,0.0,0,0,0,0,0,0,0,0,0,0.0,0.0,0.0,0.0,0.0,0.0,0.0,0.0,0.0,0.0,0.0,0.0,0.0,0.0,0.0,0.0,b0ffd0b3-c410-494c-a9b5-9f3490b3d023,BOS,OKC,Away,123,127,0
Neemias Queta,0,0.0,0,0,0.0,0,0,0.0,0,0,0.0,0,0,0,0,0,0,0,0,0,0.0,0.0,0.0,0.0,0.0,0.0,0.0,0.0,0.0,0.0,0.0,0.0,0.0,0.0,0.0,0.0,b0ffd0b3-c410-494c-a9b5-9f3490b3d023,BOS,OKC,Away,123,127,0
Lamar Stevens,0,0.0,0,0,0.0,0,0,0.0,0,0,0.0,0,0,0,0,0,0,0,0,0,0.0,0.0,0.0,0.0,0.0,0.0,0.0,0.0,0.0,0.0,0.0,0.0,0.0,0.0,0.0,0.0,b0ffd0b3-c410-494c-a9b5-9f3490b3d023,BOS,OKC,Away,123,127,0
Kristaps Porziņģis,1,26.9,4,7,0.571,1,3,0.333,10,12,0.833,0,5,5,2,0,1,1,3,19,18.0,0.774,0.643,0.429,1.714,0.0,14.2,7.9,11.2,0.0,3.0,7.5,20.1,152.0,93.0,6.6,1885a744-a35d-4161-9020-763de800b626,BOS,UTA,Home,126,97,1
Jaylen Brown,1,26.9,5,12,0.417,2,4,0.5,1,2,0.5,0,3,3,5,1,1,3,2,13,18.0,0.505,0.5,0.333,0.167,0.0,8.5,4.7,29.7,1.7,3.0,18.9,24.0,93.0,92.0,0.1,1885a744-a35d-4161-9020-763de800b626,BOS,UTA,Home,126,97,1
Derrick White,1,26.2,3,9,0.333,2,7,0.286,2,2,1.0,0,7,7,3,1,1,0,2,10,19.0,0.506,0.444,0.778,0.222,0.0,20.4,11.3,16.4,1.7,3.1,0.0,15.4,116.0,87.0,3.0,1885a744-a35d-4161-9020-763de800b626,BOS,UTA,Home,126,97,1
Jayson Tatum,1,24.633333333333333,6,12,0.5,5,8,0.625,13,14,0.929,0,9,9,5,1,1,1,1,30,34.0,0.826,0.708,0.667,1.167,0.0,27.8,15.5,35.7,1.8,3.2,5.2,31.7,166.0,83.0,28.0,1885a744-a35d-4161-9020-763de800b626,BOS,UTA,Home,126,97,1
Jrue Holiday,1,23.53333333333333,6,8,0.75,2,3,0.667,0,0,0.0,1,5,6,1,0,2,2,1,14,22.0,0.875,0.875,0.375,0.0,4.1,16.2,10.8,7.6,0.0,6.8,20.0,17.3,128.0,90.0,8.4,1885a744-a35d-4161-9020-763de800b626,BOS,UTA,Home,126,97,1
Sam Hauser,1,23.48333333333333,5,10,0.5,3,7,0.429,0,0,0.0,1,4,5,1,1,0,0,1,13,17.0,0.65,0.65,0.7,0.0,4.1,13.0,9.0,7.1,1.9,0.0,0.0,17.3,131.0,91.0,6.4,1885a744-a35d-4161-9020-763de800b626,BOS,UTA,Home,126,97,1
Payton Pritchard,1,23.166666666666668,3,10,0.3,1,7,0.143,0,0,0.0,1,1,2,4,1,0,3,3,7,14.0,0.35,0.35,0.7,0.0,4.1,3.3,3.7,25.3,1.9,0.0,23.1,22.9,74.0,95.0,-9.2,1885a744-a35d-4161-9020-763de800b626,BOS,UTA,Home,126,97,1
Oshae Brissett,1,17.25,2,5,0.4,0,2,0.0,2,2,1.0,1,2,3,2,2,0,0,3,6,1.0,0.51,0.4,0.4,0.4,5.6,8.8,7.4,16.6,5.2,0.0,0.0,13.9,128.0,86.0,4.2,1885a744-a35d-4161-9020-763de800b626,BOS,UTA,Home,126,97,1
Svi Mykhailiuk,1,14.833333333333334,1,7,0.143,1,6,0.167,0,0,0.0,0,3,3,0,0,0,0,2,3,-6.0,0.214,0.214,0.857,0.0,0.0,15.4,8.6,0.0,0.0,0.0,0.0,19.2,46.0,94.0,-16.1,1885a744-a35d-4161-9020-763de800b626,BOS,UTA,Home,126,97,1
Lamar Stevens,1,12.0,2,4,0.5,0,1,0.0,0,0,0.0,1,4,5,0,1,1,1,1,4,-3.0,0.5,0.5,0.25,0.0,8.0,25.4,17.7,0.0,3.7,6.7,20.0,17.0,87.0,78.0,0.6,1885a744-a35d-4161-9020-763de800b626,BOS,UTA,Home,126,97,1
Luke Kornet,1,11.466666666666669,1,3,0.333,0,0,0.0,0,0,0.0,4,3,7,0,1,1,1,1,2,13.0,0.333,0.333,0.0,0.0,33.5,19.9,25.9,0.0,3.9,7.0,25.0,14.2,104.0,80.0,-1.6,1885a744-a35d-4161-9020-763de800b626,BOS,UTA,Home,126,97,1
Dalano Banton,1,5.883333333333333,1,2,0.5,0,1,0.0,3,4,0.75,0,1,1,1,0,0,0,1,5,3.0,0.665,0.5,0.5,2.0,0.0,13.0,7.2,26.5,0.0,0.0,0.0,26.0,150.0,94.0,6.1,1885a744-a35d-4161-9020-763de800b626,BOS,UTA,Home,126,97,1
Neemias Queta,1,3.75,0,1,0.0,0,0,0.0,0,0,0.0,0,0,0,0,0,0,0,2,0,-5.0,0.0,0.0,0.0,0.0,0.0,0.0,0.0,0.0,0.0,0.0,0.0,10.9,0.0,98.0,-24.7,1885a744-a35d-4161-9020-763de800b626,BOS,UTA,Home,126,97,1
Jayson Tatum,1,37.6,14,23,0.609,8,13,0.615,2,4,0.5,1,12,13,6,1,0,4,4,38,19.0,0.767,0.783,0.565,0.174,3.1,28.9,17.7,27.2,1.3,0.0,13.9,31.8,137.0,100.0,17.7,2f51ad66-5cc4-41b2-bce1-ed10ecde595b,BOS,IND,Away,118,101,1
Jrue Holiday,1,36.73333333333333,3,9,0.333,1,5,0.2,1,2,0.5,1,5,6,5,1,0,2,2,8,6.0,0.405,0.389,0.556,0.222,3.2,12.3,8.3,15.5,1.3,0.0,16.8,13.5,99.0,104.0,-2.7,2f51ad66-5cc4-41b2-bce1-ed10ecde595b,BOS,IND,Away,118,101,1
Jaylen Brown,1,35.766666666666666,13,20,0.65,1,4,0.25,4,8,0.5,1,3,4,1,0,1,3,0,31,7.0,0.659,0.675,0.2,0.4,3.3,7.6,5.7,4.7,0.0,2.7,11.3,30.9,119.0,107.0,3.8,2f51ad66-5cc4-41b2-bce1-ed10ecde595b,BOS,IND,Away,118,101,1
Derrick White,1,24.183333333333334,3,6,0.5,1,2,0.5,0,0,0.0,0,5,5,2,0,1,4,5,7,20.0,0.583,0.583,0.333,0.0,0.0,18.7,10.6,9.9,0.0,4.0,40.0,17.2,76.0,102.0,-8.5,2f51ad66-5cc4-41b2-bce1-ed10ecde595b,BOS,IND,Away,118,101,1
Kristaps Porziņģis,1,6.233333333333333,1,2,0.5,0,1,0.0,0,0,0.0,1,2,3,0,1,1,0,0,2,4.0,0.5,0.5,0.5,0.0,18.8,29.1,24.6,0.0,7.8,15.4,0.0,13.4,128.0,75.0,13.4,2f51ad66-5cc4-41b2-bce1-ed10ecde595b,BOS,IND,Away,118,101,1
Al Horford,1,29.58333333333333,4,8,0.5,2,5,0.4,0,2,0.0,1,6,7,8,1,2,2,1,10,10.0,0.563,0.625,0.625,0.25,4.0,18.4,12.1,32.9,1.6,6.5,18.4,15.3,125.0,98.0,12.5,2f51ad66-5cc4-41b2-bce1-ed10ecde595b,BOS,IND,Away,118,101,1
Oshae Brissett,1,19.78333333333333,3,9,0.333,1,3,0.333,1,1,1.0,5,3,8,0,0,1,0,3,8,4.0,0.424,0.389,0.333,0.111,29.6,13.7,20.6,0.0,0.0,4.9,0.0,19.9,120.0,103.0,-2.4,2f51ad66-5cc4-41b2-bce1-ed10ecde595b,BOS,IND,Away,118,101,1
Sam Hauser,1,16.433333333333334,2,6,0.333,1,5,0.2,0,0,0.0,0,4,4,1,0,0,1,4,5,2.0,0.417,0.417,0.833,0.0,0.0,22.0,12.4,7.3,0.0,0.0,14.3,17.7,85.0,104.0,-9.4,2f51ad66-5cc4-41b2-bce1-ed10ecde595b,BOS,IND,Away,118,101,1
Luke Kornet,1,16.016666666666666,1,2,0.5,0,0,0.0,2,2,1.0,3,1,4,3,1,0,1,1,4,3.0,0.694,0.5,0.0,1.0,21.9,5.7,12.8,20.9,3.0,0.0,25.8,10.1,151.0,103.0,8.5,2f51ad66-5cc4-41b2-bce1-ed10ecde595b,BOS,IND,Away,118,101,1
Payton Pritchard,1,15.466666666666669,2,5,0.4,1,3,0.333,0,0,0.0,0,2,2,0,1,0,0,0,5,10.0,0.5,0.5,0.6,0.0,0.0,11.7,6.6,0.0,3.1,0.0,0.0,13.5,110.0,101.0,0.2,2f51ad66-5cc4-41b2-bce1-ed10ecde595b,BOS,IND,Away,118,101,1
Dalano Banton,1,1.1,0,0,0.0,0,0,0.0,0,0,0.0,0,0,0,0,0,0,0,0,0,0.0,0.0,0.0,0.0,0.0,0.0,0.0,0.0,0.0,0.0,0.0,0.0,0.0,0.0,111.0,-3.9,2f51ad66-5cc4-41b2-bce1-ed10ecde595b,BOS,IND,Away,118,101,1
Svi Mykhailiuk,1,1.1,0,0,0.0,0,0,0.0,0,0,0.0,0,0,0,0,0,0,0,0,0,0.0,0.0,0.0,0.0,0.0,0.0,0.0,0.0,0.0,0.0,0.0,0.0,0.0,0.0,111.0,-4.7,2f51ad66-5cc4-41b2-bce1-ed10ecde595b,BOS,IND,Away,118,101,1
Neemias Queta,0,0.0,0,0,0.0,0,0,0.0,0,0,0.0,0,0,0,0,0,0,0,0,0,0.0,0.0,0.0,0.0,0.0,0.0,0.0,0.0,0.0,0.0,0.0,0.0,0.0,0.0,0.0,0.0,2f51ad66-5cc4-41b2-bce1-ed10ecde595b,BOS,IND,Away,118,101,1
Lamar Stevens,0,0.0,0,0,0.0,0,0,0.0,0,0,0.0,0,0,0,0,0,0,0,0,0,0.0,0.0,0.0,0.0,0.0,0.0,0.0,0.0,0.0,0.0,0.0,0.0,0.0,0.0,0.0,0.0,2f51ad66-5cc4-41b2-bce1-ed10ecde595b,BOS,IND,Away,118,101,1
Jaylen Brown,1,37.98333333333333,17,26,0.654,3,4,0.75,3,5,0.6,1,4,5,2,0,0,5,2,40,-1.0,0.709,0.712,0.154,0.192,2.9,13.3,7.8,9.9,0.0,0.0,15.1,35.6,120.0,134.0,0.9,cdfd7dca-b71c-4425-b87f-6a3a12b59c21,BOS,IND,Away,131,133,0
Jrue Holiday,1,37.96666666666667,9,16,0.563,3,6,0.5,0,0,0.0,1,5,6,6,1,0,3,2,21,0.0,0.656,0.656,0.375,0.0,2.9,16.6,9.4,21.3,1.2,0.0,15.8,20.4,126.0,131.0,1.9,cdfd7dca-b71c-4425-b87f-6a3a12b59c21,BOS,IND,Away,131,133,0
Kristaps Porziņģis,1,37.56666666666667,6,13,0.462,1,4,0.25,6,7,0.857,2,3,5,7,0,3,1,2,19,1.0,0.591,0.5,0.308,0.538,5.9,10.1,7.9,22.7,0.0,7.5,5.9,18.5,142.0,130.0,5.4,cdfd7dca-b71c-4425-b87f-6a3a12b59c21,BOS,IND,Away,131,133,0
Derrick White,1,35.95,4,16,0.25,2,8,0.25,3,3,1.0,0,4,4,6,0,2,1,3,13,-2.0,0.375,0.313,0.5,0.188,0.0,14.1,6.6,19.2,0.0,5.2,5.5,20.8,101.0,131.0,-6.4,cdfd7dca-b71c-4425-b87f-6a3a12b59c21,BOS,IND,Away,131,133,0
Al Horford,1,32.25,4,5,0.8,3,4,0.75,0,0,0.0,0,6,6,0,0,1,1,1,11,-9.0,1.1,1.1,0.8,0.0,0.0,23.5,11.0,0.0,0.0,2.9,16.7,7.6,162.0,130.0,2.5,cdfd7dca-b71c-4425-b87f-6a3a12b59c21,BOS,IND,Away,131,133,0
Payton Pritchard,1,23.45,5,6,0.833,4,5,0.8,0,0,0.0,4,3,7,3,0,0,1,2,14,-2.0,1.167,1.167,0.833,0.0,19.0,16.2,17.7,16.7,0.0,0.0,14.3,12.2,197.0,134.0,13.7,cdfd7dca-b71c-4425-b87f-6a3a12b59c21,BOS,IND,Away,131,133,0
Oshae Brissett,1,15.666666666666666,1,4,0.25,1,4,0.25,3,6,0.5,2,4,6,0,2,0,0,3,6,5.0,0.452,0.375,1.0,1.5,14.3,32.3,22.7,0.0,6.0,0.0,0.0,17.3,117.0,116.0,-1.3,cdfd7dca-b71c-4425-b87f-6a3a12b59c21,BOS,IND,Away,131,133,0
Luke Kornet,1,10.4,1,4,0.25,0,0,0.0,3,4,0.75,2,0,2,2,0,2,1,2,5,-3.0,0.434,0.25,0.0,1.0,21.5,0.0,11.4,21.8,0.0,18.1,14.8,26.5,112.0,124.0,-1.6,cdfd7dca-b71c-4425-b87f-6a3a12b59c21,BOS,IND,Away,131,133,0
Svi Mykhailiuk,1,4.833333333333333,0,0,0.0,0,0,0.0,2,4,0.5,1,0,1,0,0,0,1,0,2,-1.0,0.568,0.0,0.0,0.0,23.1,0.0,12.3,0.0,0.0,0.0,36.2,23.3,92.0,137.0,-11.2,cdfd7dca-b71c-4425-b87f-6a3a12b59c21,BOS,IND,Away,131,133,0
Dalano Banton,1,3.9333333333333336,0,0,0.0,0,0,0.0,0,0,0.0,0,0,0,0,0,0,1,3,0,2.0,0.0,0.0,0.0,0.0,0.0,0.0,0.0,0.0,0.0,0.0,100.0,10.4,0.0,136.0,-30.6,cdfd7dca-b71c-4425-b87f-6a3a12b59c21,BOS,IND,Away,131,133,0
Neemias Queta,0,0.0,0,0,0.0,0,0,0.0,0,0,0.0,0,0,0,0,0,0,0,0,0,0.0,0.0,0.0,0.0,0.0,0.0,0.0,0.0,0.0,0.0,0.0,0.0,0.0,0.0,0.0,0.0,cdfd7dca-b71c-4425-b87f-6a3a12b59c21,BOS,IND,Away,131,133,0
Lamar Stevens,0,0.0,0,0,0.0,0,0,0.0,0,0,0.0,0,0,0,0,0,0,0,0,0,0.0,0.0,0.0,0.0,0.0,0.0,0.0,0.0,0.0,0.0,0.0,0.0,0.0,0.0,0.0,0.0,cdfd7dca-b71c-4425-b87f-6a3a12b59c21,BOS,IND,Away,131,133,0
Derrick White,1,43.4,3,11,0.273,1,5,0.2,2,2,1.0,2,4,6,6,0,0,2,5,9,11.0,0.379,0.318,0.455,0.182,5.3,10.4,7.9,20.7,0.0,0.0,14.4,15.2,97.0,122.0,-7.3,31870bfb-38c8-4b54-bcbc-b61d934e6ee1,BOS,MIN,Home,127,120,1
Jaylen Brown,1,43.15,9,16,0.563,4,7,0.571,13,13,1.0,1,10,11,3,2,1,2,1,35,10.0,0.806,0.688,0.438,0.813,2.7,26.1,14.5,13.2,2.4,2.0,8.4,26.1,154.0,112.0,15.1,31870bfb-38c8-4b54-bcbc-b61d934e6ee1,BOS,MIN,Home,127,120,1
Jayson Tatum,1,42.25,13,26,0.5,6,11,0.545,13,14,0.929,0,4,4,2,1,0,1,3,45,3.0,0.7,0.615,0.423,0.538,0.0,10.7,5.4,11.1,1.2,0.0,3.0,37.3,138.0,119.0,12.1,31870bfb-38c8-4b54-bcbc-b61d934e6ee1,BOS,MIN,Home,127,120,1
Jrue Holiday,1,39.9,5,15,0.333,2,10,0.2,0,0,0.0,1,4,5,4,2,1,2,3,12,8.0,0.4,0.4,0.667,0.0,2.9,11.3,7.1,16.4,2.6,2.2,11.8,20.2,86.0,114.0,-3.4,31870bfb-38c8-4b54-bcbc-b61d934e6ee1,BOS,MIN,Home,127,120,1
Al Horford,1,38.266666666666666,3,8,0.375,3,6,0.5,0,0,0.0,1,7,8,5,0,0,1,3,9,2.0,0.563,0.563,0.75,0.0,3.0,20.6,11.9,19.9,0.0,0.0,11.1,11.2,123.0,120.0,1.7,31870bfb-38c8-4b54-bcbc-b61d934e6ee1,BOS,MIN,Home,127,120,1
Luke Kornet,1,18.3,3,4,0.75,0,0,0.0,2,2,1.0,2,3,5,0,0,1,0,1,8,6.0,0.82,0.75,0.0,0.5,12.6,18.5,15.6,0.0,0.0,4.7,0.0,12.7,179.0,116.0,5.2,31870bfb-38c8-4b54-bcbc-b61d934e6ee1,BOS,MIN,Home,127,120,1
Sam Hauser,1,17.966666666666665,2,6,0.333,2,5,0.4,0,0,0.0,0,4,4,0,0,1,0,2,6,-2.0,0.5,0.5,0.833,0.0,0.0,25.1,12.7,0.0,0.0,4.8,0.0,15.9,97.0,115.0,-1.5,31870bfb-38c8-4b54-bcbc-b61d934e6ee1,BOS,MIN,Home,127,120,1
Payton Pritchard,1,16.366666666666667,1,4,0.25,1,3,0.333,0,0,0.0,0,1,1,1,0,0,0,0,3,3.0,0.375,0.375,0.75,0.0,0.0,6.9,3.5,9.1,0.0,0.0,0.0,11.6,88.0,123.0,-6.0,31870bfb-38c8-4b54-bcbc-b61d934e6ee1,BOS,MIN,Home,127,120,1
Oshae Brissett,1,5.4,0,0,0.0,0,0,0.0,0,0,0.0,0,2,2,0,0,0,0,1,0,-6.0,0.0,0.0,0.0,0.0,0.0,41.8,21.1,0.0,0.0,0.0,0.0,0.0,0.0,116.0,-5.0,31870bfb-38c8-4b54-bcbc-b61d934e6ee1,BOS,MIN,Home,127,120,1
Dalano Banton,0,0.0,0,0,0.0,0,0,0.0,0,0,0.0,0,0,0,0,0,0,0,0,0,0.0,0.0,0.0,0.0,0.0,0.0,0.0,0.0,0.0,0.0,0.0,0.0,0.0,0.0,0.0,0.0,31870bfb-38c8-4b54-bcbc-b61d934e6ee1,BOS,MIN,Home,127,120,1
Svi Mykhailiuk,0,0.0,0,0,0.0,0,0,0.0,0,0,0.0,0,0,0,0,0,0,0,0,0,0.0,0.0,0.0,0.0,0.0,0.0,0.0,0.0,0.0,0.0,0.0,0.0,0.0,0.0,0.0,0.0,31870bfb-38c8-4b54-bcbc-b61d934e6ee1,BOS,MIN,Home,127,120,1
Neemias Queta,0,0.0,0,0,0.0,0,0,0.0,0,0,0.0,0,0,0,0,0,0,0,0,0,0.0,0.0,0.0,0.0,0.0,0.0,0.0,0.0,0.0,0.0,0.0,0.0,0.0,0.0,0.0,0.0,31870bfb-38c8-4b54-bcbc-b61d934e6ee1,BOS,MIN,Home,127,120,1
Lamar Stevens,0,0.0,0,0,0.0,0,0,0.0,0,0,0.0,0,0,0,0,0,0,0,0,0,0.0,0.0,0.0,0.0,0.0,0.0,0.0,0.0,0.0,0.0,0.0,0.0,0.0,0.0,0.0,0.0,31870bfb-38c8-4b54-bcbc-b61d934e6ee1,BOS,MIN,Home,127,120,1
Kristaps Porziņģis,1,20.933333333333334,3,9,0.333,0,3,0.0,0,0,0.0,1,1,2,4,1,1,1,2,6,-27.0,0.333,0.333,0.333,0.0,4.8,6.2,5.4,33.8,2.4,4.6,10.0,20.8,79.0,137.0,-4.3,5b47463f-bb81-4c28-be1c-cb618bac9569,BOS,MIL,Away,102,135,0
Jrue Holiday,1,18.58333333333333,2,9,0.222,0,4,0.0,2,2,1.0,1,3,4,2,0,0,1,1,6,-31.0,0.304,0.222,0.444,0.222,5.4,20.9,12.2,17.9,0.0,0.0,9.2,25.5,69.0,142.0,-13.9,5b47463f-bb81-4c28-be1c-cb618bac9569,BOS,MIL,Away,102,135,0
Jaylen Brown,1,18.316666666666663,5,14,0.357,0,1,0.0,0,0,0.0,1,3,4,3,0,0,0,1,10,-17.0,0.357,0.357,0.071,0.0,5.5,21.2,12.3,37.6,0.0,0.0,0.0,33.3,82.0,142.0,-7.0,5b47463f-bb81-4c28-be1c-cb618bac9569,BOS,MIL,Away,102,135,0
Derrick White,1,17.5,1,4,0.25,0,1,0.0,0,0,0.0,0,1,1,0,0,0,0,0,2,-14.0,0.25,0.25,0.25,0.0,0.0,7.4,3.2,0.0,0.0,0.0,0.0,10.0,50.0,145.0,-15.8,5b47463f-bb81-4c28-be1c-cb618bac9569,BOS,MIL,Away,102,135,0
Jayson Tatum,1,15.75,2,6,0.333,0,1,0.0,3,4,0.75,0,1,1,3,0,0,1,2,7,-31.0,0.451,0.333,0.167,0.667,0.0,8.2,3.6,32.8,0.0,0.0,11.4,24.2,93.0,145.0,-7.3,5b47463f-bb81-4c28-be1c-cb618bac9569,BOS,MIL,Away,102,135,0
Payton Pritchard,1,30.58333333333333,6,13,0.462,2,9,0.222,7,7,1.0,0,4,4,4,0,1,1,1,21,-13.0,0.653,0.538,0.692,0.538,0.0,17.0,7.4,25.5,0.0,3.1,5.9,24.3,128.0,141.0,5.2,5b47463f-bb81-4c28-be1c-cb618bac9569,BOS,MIL,Away,102,135,0
Sam Hauser,1,23.6,4,8,0.5,4,8,0.5,3,3,1.0,1,3,4,0,1,0,1,1,15,-16.0,0.805,0.75,1.0,0.375,4.2,16.5,9.6,0.0,2.1,0.0,9.7,19.0,135.0,138.0,6.2,5b47463f-bb81-4c28-be1c-cb618bac9569,BOS,MIL,Away,102,135,0
Lamar Stevens,1,19.4,1,6,0.167,0,0,0.0,3,4,0.75,1,3,4,0,0,1,0,2,5,3.0,0.322,0.167,0.0,0.667,5.2,20.1,11.6,0.0,0.0,4.9,0.0,17.4,76.0,139.0,-12.2,5b47463f-bb81-4c28-be1c-cb618bac9569,BOS,MIL,Away,102,135,0
Dalano Banton,1,17.95,1,5,0.2,1,2,0.5,1,2,0.5,0,1,1,3,2,1,0,1,4,7.0,0.34,0.3,0.4,0.4,0.0,7.2,3.1,25.6,5.5,5.3,0.0,14.3,87.0,129.0,2.8,5b47463f-bb81-4c28-be1c-cb618bac9569,BOS,MIL,Away,102,135,0
Oshae Brissett,1,17.45,4,8,0.5,0,3,0.0,5,6,0.833,0,2,2,1,0,0,0,0,13,-1.0,0.611,0.5,0.375,0.75,0.0,14.9,6.5,12.0,0.0,0.0,0.0,26.6,126.0,143.0,1.9,5b47463f-bb81-4c28-be1c-cb618bac9569,BOS,MIL,Away,102,135,0
Svi Mykhailiuk,1,17.35,3,5,0.6,2,3,0.667,1,2,0.5,0,1,1,1,1,0,0,0,9,-5.0,0.765,0.8,0.6,0.4,0.0,7.5,3.3,10.8,2.8,0.0,0.0,14.8,144.0,138.0,6.4,5b47463f-bb81-4c28-be1c-cb618bac9569,BOS,MIL,Away,102,135,0
Neemias Queta,1,12.65,2,4,0.5,0,0,0.0,0,0,0.0,1,2,3,0,0,1,1,1,4,-4.0,0.5,0.5,0.0,0.0,7.9,20.5,13.4,0.0,0.0,7.6,20.0,17.2,83.0,137.0,-9.9,5b47463f-bb81-4c28-be1c-cb618bac9569,BOS,MIL,Away,102,135,0
Luke Kornet,1,9.933333333333334,0,0,0.0,0,0,0.0,0,0,0.0,0,0,0,1,0,0,0,1,0,-16.0,0.0,0.0,0.0,0.0,0.0,0.0,0.0,14.2,0.0,0.0,0.0,0.0,226.0,147.0,-9.3,5b47463f-bb81-4c28-be1c-cb618bac9569,BOS,MIL,Away,102,135,0
Jayson Tatum,1,29.5,9,17,0.529,4,7,0.571,5,7,0.714,1,7,8,5,1,1,2,2,27,9.0,0.672,0.647,0.412,0.412,3.6,20.7,13.0,22.4,1.5,2.4,9.1,30.7,136.0,104.0,9.6,6222f966-8e84-4dc3-a09a-1de890a8c4ce,BOS,HOU,Home,145,113,1
Jaylen Brown,1,28.45,11,15,0.733,4,6,0.667,6,10,0.6,1,5,6,2,2,2,3,5,32,19.0,0.825,0.867,0.4,0.667,3.7,15.3,10.1,10.4,3.2,4.9,13.4,32.3,141.0,101.0,13.7,6222f966-8e84-4dc3-a09a-1de890a8c4ce,BOS,HOU,Home,145,113,1
Kristaps Porziņģis,1,28.116666666666667,6,11,0.545,3,5,0.6,2,2,1.0,1,6,7,5,1,3,2,3,17,23.0,0.715,0.682,0.455,0.182,3.8,18.6,12.0,20.9,1.6,7.4,14.4,20.3,140.0,102.0,10.8,6222f966-8e84-4dc3-a09a-1de890a8c4ce,BOS,HOU,Home,145,113,1
Jrue Holiday,1,26.1,4,10,0.4,1,4,0.25,2,2,1.0,2,4,6,3,0,0,1,2,11,22.0,0.506,0.45,0.4,0.2,8.2,13.4,11.0,12.6,0.0,0.0,8.4,18.7,120.0,112.0,-4.4,6222f966-8e84-4dc3-a09a-1de890a8c4ce,BOS,HOU,Home,145,113,1
Derrick White,1,25.25,5,9,0.556,3,5,0.6,0,0,0.0,1,2,3,5,2,0,0,1,13,29.0,0.722,0.722,0.556,0.0,4.2,6.9,5.7,22.9,3.6,0.0,0.0,14.6,168.0,107.0,11.2,6222f966-8e84-4dc3-a09a-1de890a8c4ce,BOS,HOU,Home,145,113,1
Payton Pritchard,1,22.58333333333333,7,10,0.7,3,6,0.5,2,2,1.0,2,2,4,3,0,0,2,1,19,12.0,0.873,0.85,0.6,0.2,9.4,7.7,8.5,17.7,0.0,0.0,15.5,23.4,155.0,114.0,9.2,6222f966-8e84-4dc3-a09a-1de890a8c4ce,BOS,HOU,Home,145,113,1
Al Horford,1,20.4,2,3,0.667,1,2,0.5,2,2,1.0,0,4,4,1,0,1,0,0,7,30.0,0.902,0.833,0.667,0.667,0.0,17.1,9.4,5.1,0.0,3.4,0.0,7.8,191.0,108.0,5.5,6222f966-8e84-4dc3-a09a-1de890a8c4ce,BOS,HOU,Home,145,113,1
Sam Hauser,1,20.23333333333333,2,9,0.222,2,8,0.25,0,0,0.0,0,6,6,0,0,0,0,0,6,20.0,0.333,0.333,0.889,0.0,0.0,25.9,14.2,0.0,0.0,0.0,0.0,18.2,72.0,107.0,-10.5,6222f966-8e84-4dc3-a09a-1de890a8c4ce,BOS,HOU,Home,145,113,1
Luke Kornet,1,14.35,1,2,0.5,0,0,0.0,0,0,0.0,1,1,2,0,0,1,0,5,2,0.0,0.5,0.5,0.0,0.0,7.4,6.1,6.7,0.0,0.0,4.8,0.0,5.7,131.0,112.0,-8.5,6222f966-8e84-4dc3-a09a-1de890a8c4ce,BOS,HOU,Home,145,113,1
Svi Mykhailiuk,1,9.133333333333333,2,5,0.4,2,3,0.667,0,0,0.0,1,0,1,0,0,0,0,1,6,-1.0,0.6,0.6,0.6,0.0,11.7,0.0,5.3,0.0,0.0,0.0,0.0,22.5,131.0,117.0,-0.9,6222f966-8e84-4dc3-a09a-1de890a8c4ce,BOS,HOU,Home,145,113,1
Oshae Brissett,1,9.133333333333333,2,2,1.0,1,1,1.0,0,0,0.0,0,3,3,2,1,0,0,1,5,-1.0,1.25,1.25,0.5,0.0,0.0,28.7,15.8,26.0,5.0,0.0,0.0,9.0,249.0,95.0,23.5,6222f966-8e84-4dc3-a09a-1de890a8c4ce,BOS,HOU,Home,145,113,1
Lamar Stevens,1,6.75,0,2,0.0,0,0,0.0,0,0,0.0,0,0,0,0,0,0,1,0,0,-2.0,0.0,0.0,0.0,0.0,0.0,0.0,0.0,0.0,0.0,0.0,33.3,18.2,0.0,118.0,-25.1,6222f966-8e84-4dc3-a09a-1de890a8c4ce,BOS,HOU,Home,145,113,1
Dalano Banton,0,0.0,0,0,0.0,0,0,0.0,0,0,0.0,0,0,0,0,0,0,0,0,0,0.0,0.0,0.0,0.0,0.0,0.0,0.0,0.0,0.0,0.0,0.0,0.0,0.0,0.0,0.0,0.0,6222f966-8e84-4dc3-a09a-1de890a8c4ce,BOS,HOU,Home,145,113,1
Jayson Tatum,1,37.46666666666667,7,19,0.368,1,6,0.167,4,4,1.0,0,14,14,6,1,1,1,2,19,8.0,0.458,0.395,0.316,0.211,0.0,31.5,17.1,32.0,1.3,2.0,4.6,26.6,100.0,91.0,4.7,4ac2b6cf-d127-4cd5-95ed-f9d118c71d46,BOS,TOR,Away,105,96,1
Derrick White,1,37.0,7,18,0.389,5,11,0.455,3,3,1.0,0,2,2,1,0,0,3,1,22,-8.0,0.569,0.528,0.611,0.167,0.0,4.6,2.5,5.4,0.0,0.0,13.4,27.6,93.0,102.0,-1.4,4ac2b6cf-d127-4cd5-95ed-f9d118c71d46,BOS,TOR,Away,105,96,1
Al Horford,1,35.166666666666664,4,10,0.4,2,4,0.5,0,0,0.0,2,9,11,2,1,0,1,3,10,1.0,0.5,0.5,0.4,0.0,5.7,21.6,14.3,9.9,1.4,0.0,9.1,14.3,102.0,95.0,0.9,4ac2b6cf-d127-4cd5-95ed-f9d118c71d46,BOS,TOR,Away,105,96,1
Jrue Holiday,1,33.93333333333333,7,14,0.5,4,6,0.667,4,4,1.0,1,5,6,7,1,2,1,2,22,4.0,0.698,0.643,0.429,0.286,2.9,12.4,8.1,42.9,1.4,4.5,6.0,22.6,142.0,94.0,17.2,4ac2b6cf-d127-4cd5-95ed-f9d118c71d46,BOS,TOR,Away,105,96,1
Kristaps Porziņģis,1,31.883333333333333,2,6,0.333,1,4,0.25,10,12,0.833,0,6,6,2,0,2,6,4,15,2.0,0.665,0.417,0.667,2.0,0.0,15.8,8.6,10.0,0.0,4.8,34.7,24.8,92.0,95.0,-3.2,4ac2b6cf-d127-4cd5-95ed-f9d118c71d46,BOS,TOR,Away,105,96,1
Payton Pritchard,1,23.73333333333333,1,7,0.143,1,6,0.167,0,0,0.0,0,3,3,2,0,0,0,2,3,16.0,0.214,0.214,0.857,0.0,0.0,10.6,5.8,13.1,0.0,0.0,0.0,13.5,59.0,101.0,-9.0,4ac2b6cf-d127-4cd5-95ed-f9d118c71d46,BOS,TOR,Away,105,96,1
Luke Kornet,1,17.866666666666667,2,2,1.0,0,0,0.0,0,0,0.0,0,3,3,0,0,1,0,1,4,12.0,1.0,1.0,0.0,0.0,0.0,14.1,7.7,0.0,0.0,4.3,0.0,5.1,200.0,96.0,2.5,4ac2b6cf-d127-4cd5-95ed-f9d118c71d46,BOS,TOR,Away,105,96,1
Sam Hauser,1,16.183333333333334,1,2,0.5,1,1,1.0,0,0,0.0,0,5,5,0,0,1,0,0,3,5.0,0.75,0.75,0.5,0.0,0.0,26.0,14.1,0.0,0.0,4.7,0.0,5.6,134.0,93.0,4.7,4ac2b6cf-d127-4cd5-95ed-f9d118c71d46,BOS,TOR,Away,105,96,1
Oshae Brissett,1,6.75,2,4,0.5,1,1,1.0,2,2,1.0,2,1,3,0,0,0,0,1,7,5.0,0.717,0.625,0.25,0.5,29.6,12.5,20.3,0.0,0.0,0.0,0.0,33.0,153.0,100.0,15.3,4ac2b6cf-d127-4cd5-95ed-f9d118c71d46,BOS,TOR,Away,105,96,1
Dalano Banton,0,0.0,0,0,0.0,0,0,0.0,0,0,0.0,0,0,0,0,0,0,0,0,0,0.0,0.0,0.0,0.0,0.0,0.0,0.0,0.0,0.0,0.0,0.0,0.0,0.0,0.0,0.0,0.0,4ac2b6cf-d127-4cd5-95ed-f9d118c71d46,BOS,TOR,Away,105,96,1
Svi Mykhailiuk,0,0.0,0,0,0.0,0,0,0.0,0,0,0.0,0,0,0,0,0,0,0,0,0,0.0,0.0,0.0,0.0,0.0,0.0,0.0,0.0,0.0,0.0,0.0,0.0,0.0,0.0,0.0,0.0,4ac2b6cf-d127-4cd5-95ed-f9d118c71d46,BOS,TOR,Away,105,96,1
Neemias Queta,0,0.0,0,0,0.0,0,0,0.0,0,0,0.0,0,0,0,0,0,0,0,0,0,0.0,0.0,0.0,0.0,0.0,0.0,0.0,0.0,0.0,0.0,0.0,0.0,0.0,0.0,0.0,0.0,4ac2b6cf-d127-4cd5-95ed-f9d118c71d46,BOS,TOR,Away,105,96,1
Lamar Stevens,0,0.0,0,0,0.0,0,0,0.0,0,0,0.0,0,0,0,0,0,0,0,0,0,0.0,0.0,0.0,0.0,0.0,0.0,0.0,0.0,0.0,0.0,0.0,0.0,0.0,0.0,0.0,0.0,4ac2b6cf-d127-4cd5-95ed-f9d118c71d46,BOS,TOR,Away,105,96,1
Jayson Tatum,1,31.55,9,21,0.429,3,8,0.375,3,5,0.6,0,5,5,2,0,0,2,2,24,11.0,0.517,0.5,0.381,0.238,0.0,14.4,8.0,10.7,0.0,0.0,7.9,34.7,104.0,106.0,-3.2,6aac3f30-3156-4900-87e5-9b53a3f1a54a,BOS,SAS,Home,117,98,1
Jrue Holiday,1,31.28333333333333,8,14,0.571,6,7,0.857,0,0,0.0,0,4,4,4,0,0,1,0,22,10.0,0.786,0.786,0.5,0.0,0.0,11.6,6.5,20.6,0.0,0.0,6.7,20.9,154.0,107.0,11.9,6aac3f30-3156-4900-87e5-9b53a3f1a54a,BOS,SAS,Home,117,98,1
Jaylen Brown,1,31.28333333333333,8,16,0.5,3,6,0.5,2,2,1.0,1,6,7,5,1,1,3,2,21,12.0,0.622,0.594,0.375,0.125,3.7,17.4,11.3,25.8,1.6,2.6,15.1,27.6,121.0,100.0,6.8,6aac3f30-3156-4900-87e5-9b53a3f1a54a,BOS,SAS,Home,117,98,1
Luke Kornet,1,30.416666666666668,3,5,0.6,0,0,0.0,0,0,0.0,3,6,9,4,1,3,2,2,6,11.0,0.6,0.6,0.0,0.0,11.3,17.9,15.0,16.9,1.6,8.0,28.6,10.0,123.0,95.0,5.3,6aac3f30-3156-4900-87e5-9b53a3f1a54a,BOS,SAS,Home,117,98,1
Al Horford,1,24.55,3,4,0.75,3,4,0.75,0,0,0.0,0,3,3,0,1,0,0,2,9,14.0,1.125,1.125,1.0,0.0,0.0,11.1,6.2,0.0,2.0,0.0,0.0,7.1,218.0,103.0,6.3,6aac3f30-3156-4900-87e5-9b53a3f1a54a,BOS,SAS,Home,117,98,1
Payton Pritchard,1,27.116666666666667,4,10,0.4,2,4,0.5,2,2,1.0,1,2,3,4,1,0,0,2,12,17.0,0.551,0.5,0.4,0.2,4.2,6.7,5.6,20.3,1.8,0.0,0.0,17.5,140.0,104.0,3.6,6aac3f30-3156-4900-87e5-9b53a3f1a54a,BOS,SAS,Home,117,98,1
Sam Hauser,1,20.03333333333333,3,6,0.5,1,4,0.25,0,0,0.0,0,4,4,2,0,0,2,0,7,18.0,0.583,0.583,0.667,0.0,0.0,18.1,10.1,13.8,0.0,0.0,25.0,17.4,97.0,105.0,-2.5,6aac3f30-3156-4900-87e5-9b53a3f1a54a,BOS,SAS,Home,117,98,1
Oshae Brissett,1,12.966666666666669,2,5,0.4,0,1,0.0,3,4,0.75,1,3,4,1,0,0,1,0,7,4.0,0.518,0.4,0.2,0.8,8.8,21.0,15.6,10.7,0.0,0.0,12.9,26.0,110.0,104.0,-3.1,6aac3f30-3156-4900-87e5-9b53a3f1a54a,BOS,SAS,Home,117,98,1
Neemias Queta,1,12.083333333333334,2,4,0.5,0,0,0.0,2,2,1.0,4,4,8,0,0,2,0,5,6,6.0,0.615,0.5,0.0,0.5,37.8,30.0,33.5,0.0,0.0,13.5,0.0,17.6,160.0,90.0,1.6,6aac3f30-3156-4900-87e5-9b53a3f1a54a,BOS,SAS,Home,117,98,1
Lamar Stevens,1,4.816666666666666,0,0,0.0,0,0,0.0,0,0,0.0,0,0,0,0,1,0,1,0,0,-2.0,0.0,0.0,0.0,0.0,0.0,0.0,0.0,0.0,10.4,0.0,100.0,9.0,0.0,88.0,-4.1,6aac3f30-3156-4900-87e5-9b53a3f1a54a,BOS,SAS,Home,117,98,1
Dalano Banton,1,3.9,0,2,0.0,0,1,0.0,1,2,0.5,1,1,2,0,0,0,0,0,1,-2.0,0.174,0.0,0.5,1.0,29.3,23.2,25.9,0.0,0.0,0.0,0.0,32.1,67.0,103.0,-20.6,6aac3f30-3156-4900-87e5-9b53a3f1a54a,BOS,SAS,Home,117,98,1
Svi Mykhailiuk,1,3.9,0,2,0.0,0,2,0.0,0,0,0.0,0,0,0,0,0,0,0,0,0,-2.0,0.0,0.0,1.0,0.0,0.0,0.0,0.0,0.0,0.0,0.0,0.0,22.3,0.0,110.0,-28.9,6aac3f30-3156-4900-87e5-9b53a3f1a54a,BOS,SAS,Home,117,98,1
JD Davison,1,3.05,0,0,0.0,0,0,0.0,2,2,1.0,1,0,1,0,0,0,0,0,2,-1.0,1.136,0.0,0.0,0.0,37.5,0.0,16.6,0.0,0.0,0.0,0.0,12.5,246.0,110.0,16.2,6aac3f30-3156-4900-87e5-9b53a3f1a54a,BOS,SAS,Home,117,98,1
Jordan Walsh,1,3.05,0,1,0.0,0,1,0.0,0,0,0.0,0,4,4,0,0,0,0,0,0,-1.0,0.0,0.0,1.0,0.0,0.0,100.0,66.3,0.0,0.0,0.0,0.0,14.3,0.0,73.0,-10.2,6aac3f30-3156-4900-87e5-9b53a3f1a54a,BOS,SAS,Home,117,98,1
Jayson Tatum,1,38.91666666666666,9,24,0.375,1,8,0.125,3,3,1.0,2,6,8,5,1,0,0,1,22,6.0,0.434,0.396,0.333,0.125,5.0,20.6,11.6,22.9,1.5,0.0,0.0,32.1,107.0,121.0,2.8,61397cab-d6f0-49cb-a8b6-57e904d4651e,BOS,DEN,Home,100,102,0
Kristaps Porziņģis,1,36.21666666666667,6,11,0.545,3,5,0.6,6,8,0.75,4,4,8,2,0,1,0,4,21,2.0,0.723,0.682,0.455,0.727,10.8,14.7,12.5,8.8,0.0,2.7,0.0,19.8,160.0,124.0,9.2,61397cab-d6f0-49cb-a8b6-57e904d4651e,BOS,DEN,Home,100,102,0
Jaylen Brown,1,35.733333333333334,6,19,0.316,1,9,0.111,0,2,0.0,0,2,2,1,2,0,0,3,13,-2.0,0.327,0.342,0.474,0.105,0.0,7.5,3.2,4.5,3.2,0.0,0.0,27.5,72.0,120.0,-9.9,61397cab-d6f0-49cb-a8b6-57e904d4651e,BOS,DEN,Home,100,102,0
Derrick White,1,35.65,9,18,0.5,5,12,0.417,1,1,1.0,1,2,3,5,2,1,1,3,24,-2.0,0.651,0.639,0.667,0.056,2.7,7.5,4.8,26.0,3.2,2.7,5.1,26.9,134.0,118.0,15.1,61397cab-d6f0-49cb-a8b6-57e904d4651e,BOS,DEN,Home,100,102,0
Jrue Holiday,1,29.866666666666667,3,7,0.429,1,3,0.333,0,0,0.0,1,1,2,3,0,0,1,0,7,-12.0,0.5,0.5,0.429,0.0,3.3,4.5,3.8,14.5,0.0,0.0,12.5,13.2,108.0,128.0,-3.4,61397cab-d6f0-49cb-a8b6-57e904d4651e,BOS,DEN,Home,100,102,0
Al Horford,1,27.25,2,5,0.4,2,5,0.4,0,0,0.0,3,7,10,2,0,0,0,3,6,4.0,0.6,0.6,1.0,0.0,10.8,34.3,20.7,10.2,0.0,0.0,0.0,9.1,153.0,121.0,1.8,61397cab-d6f0-49cb-a8b6-57e904d4651e,BOS,DEN,Home,100,102,0
Sam Hauser,1,15.966666666666669,0,1,0.0,0,1,0.0,0,0,0.0,0,1,1,1,0,0,0,2,0,-5.0,0.0,0.0,1.0,0.0,0.0,8.4,3.5,7.9,0.0,0.0,0.0,3.1,57.0,127.0,-10.1,61397cab-d6f0-49cb-a8b6-57e904d4651e,BOS,DEN,Home,100,102,0
Payton Pritchard,1,12.35,1,2,0.5,1,1,1.0,0,0,0.0,1,1,2,1,0,0,0,1,3,0.0,0.75,0.75,0.5,0.0,7.9,10.8,9.1,11.4,0.0,0.0,0.0,8.0,172.0,126.0,1.7,61397cab-d6f0-49cb-a8b6-57e904d4651e,BOS,DEN,Home,100,102,0
Luke Kornet,1,8.05,2,2,1.0,0,0,0.0,0,0,0.0,0,2,2,1,0,0,0,0,4,-1.0,1.0,1.0,0.0,0.0,0.0,33.1,14.0,22.9,0.0,0.0,0.0,12.3,206.0,121.0,14.7,61397cab-d6f0-49cb-a8b6-57e904d4651e,BOS,DEN,Home,100,102,0
Dalano Banton,0,0.0,0,0,0.0,0,0,0.0,0,0,0.0,0,0,0,0,0,0,0,0,0,0.0,0.0,0.0,0.0,0.0,0.0,0.0,0.0,0.0,0.0,0.0,0.0,0.0,0.0,0.0,0.0,61397cab-d6f0-49cb-a8b6-57e904d4651e,BOS,DEN,Home,100,102,0
Oshae Brissett,0,0.0,0,0,0.0,0,0,0.0,0,0,0.0,0,0,0,0,0,0,0,0,0,0.0,0.0,0.0,0.0,0.0,0.0,0.0,0.0,0.0,0.0,0.0,0.0,0.0,0.0,0.0,0.0,61397cab-d6f0-49cb-a8b6-57e904d4651e,BOS,DEN,Home,100,102,0
Svi Mykhailiuk,0,0.0,0,0,0.0,0,0,0.0,0,0,0.0,0,0,0,0,0,0,0,0,0,0.0,0.0,0.0,0.0,0.0,0.0,0.0,0.0,0.0,0.0,0.0,0.0,0.0,0.0,0.0,0.0,61397cab-d6f0-49cb-a8b6-57e904d4651e,BOS,DEN,Home,100,102,0
Neemias Queta,0,0.0,0,0,0.0,0,0,0.0,0,0,0.0,0,0,0,0,0,0,0,0,0,0.0,0.0,0.0,0.0,0.0,0.0,0.0,0.0,0.0,0.0,0.0,0.0,0.0,0.0,0.0,0.0,61397cab-d6f0-49cb-a8b6-57e904d4651e,BOS,DEN,Home,100,102,0
Lamar Stevens,0,0.0,0,0,0.0,0,0,0.0,0,0,0.0,0,0,0,0,0,0,0,0,0,0.0,0.0,0.0,0.0,0.0,0.0,0.0,0.0,0.0,0.0,0.0,0.0,0.0,0.0,0.0,0.0,61397cab-d6f0-49cb-a8b6-57e904d4651e,BOS,DEN,Home,100,102,0
Derrick White,1,35.71666666666667,9,19,0.474,3,8,0.375,0,0,0.0,2,9,11,3,0,2,3,2,21,13.0,0.553,0.553,0.421,0.0,5.0,24.2,14.2,13.0,0.0,4.6,13.6,24.3,103.0,104.0,0.0,d2a67454-5931-4d72-ab0f-215acf27766d,BOS,HOU,Away,116,107,1
Jayson Tatum,1,35.11666666666667,4,17,0.235,1,6,0.167,9,12,0.75,1,6,7,3,1,0,2,0,18,-4.0,0.404,0.265,0.353,0.706,2.5,16.4,9.2,10.9,1.3,0.0,8.2,27.2,93.0,107.0,-6.8,d2a67454-5931-4d72-ab0f-215acf27766d,BOS,HOU,Away,116,107,1
Kristaps Porziņģis,1,32.81666666666667,11,21,0.524,6,11,0.545,4,4,1.0,4,2,6,1,1,5,3,5,32,18.0,0.703,0.667,0.524,0.19,10.8,5.9,8.4,5.4,1.4,12.4,11.6,30.9,126.0,100.0,11.9,d2a67454-5931-4d72-ab0f-215acf27766d,BOS,HOU,Away,116,107,1
Jaylen Brown,1,30.83333333333333,6,14,0.429,1,3,0.333,0,2,0.0,0,11,11,10,3,0,3,0,13,4.0,0.437,0.464,0.214,0.143,0.0,34.2,16.5,46.3,4.5,0.0,16.8,22.8,99.0,95.0,5.3,d2a67454-5931-4d72-ab0f-215acf27766d,BOS,HOU,Away,116,107,1
Sam Hauser,1,30.616666666666667,3,12,0.25,3,12,0.25,0,0,0.0,2,5,7,6,1,1,1,0,9,8.0,0.375,0.375,1.0,0.0,5.8,15.7,10.6,24.6,1.5,2.7,7.7,16.7,104.0,105.0,1.8,d2a67454-5931-4d72-ab0f-215acf27766d,BOS,HOU,Away,116,107,1
Payton Pritchard,1,30.33333333333333,3,6,0.5,3,5,0.6,0,0,0.0,1,1,2,4,2,0,0,1,9,5.0,0.75,0.75,0.833,0.0,2.9,3.2,3.0,16.5,3.0,0.0,0.0,7.8,169.0,106.0,4.8,d2a67454-5931-4d72-ab0f-215acf27766d,BOS,HOU,Away,116,107,1
Luke Kornet,1,22.766666666666666,4,4,1.0,0,0,0.0,0,0,0.0,5,4,9,1,1,3,1,3,8,-2.0,1.0,1.0,0.0,0.0,19.5,16.9,18.2,6.1,2.0,10.7,20.0,8.6,169.0,97.0,6.9,d2a67454-5931-4d72-ab0f-215acf27766d,BOS,HOU,Away,116,107,1
Oshae Brissett,1,18.416666666666668,3,5,0.6,0,2,0.0,0,0,0.0,1,1,2,3,0,1,3,4,6,4.0,0.6,0.6,0.4,0.0,4.8,5.2,5.0,22.2,0.0,4.4,37.5,17.1,89.0,108.0,-6.1,d2a67454-5931-4d72-ab0f-215acf27766d,BOS,HOU,Away,116,107,1
Neemias Queta,1,3.3833333333333333,0,0,0.0,0,0,0.0,0,0,0.0,0,0,0,0,1,0,0,2,0,-1.0,0.0,0.0,0.0,0.0,0.0,0.0,0.0,0.0,13.6,0.0,0.0,0.0,0.0,81.0,-5.5,d2a67454-5931-4d72-ab0f-215acf27766d,BOS,HOU,Away,116,107,1
Dalano Banton,0,0.0,0,0,0.0,0,0,0.0,0,0,0.0,0,0,0,0,0,0,0,0,0,0.0,0.0,0.0,0.0,0.0,0.0,0.0,0.0,0.0,0.0,0.0,0.0,0.0,0.0,0.0,0.0,d2a67454-5931-4d72-ab0f-215acf27766d,BOS,HOU,Away,116,107,1
Svi Mykhailiuk,0,0.0,0,0,0.0,0,0,0.0,0,0,0.0,0,0,0,0,0,0,0,0,0,0.0,0.0,0.0,0.0,0.0,0.0,0.0,0.0,0.0,0.0,0.0,0.0,0.0,0.0,0.0,0.0,d2a67454-5931-4d72-ab0f-215acf27766d,BOS,HOU,Away,116,107,1
Lamar Stevens,0,0.0,0,0,0.0,0,0,0.0,0,0,0.0,0,0,0,0,0,0,0,0,0,0.0,0.0,0.0,0.0,0.0,0.0,0.0,0.0,0.0,0.0,0.0,0.0,0.0,0.0,0.0,0.0,d2a67454-5931-4d72-ab0f-215acf27766d,BOS,HOU,Away,116,107,1
Jordan Walsh,0,0.0,0,0,0.0,0,0,0.0,0,0,0.0,0,0,0,0,0,0,0,0,0,0.0,0.0,0.0,0.0,0.0,0.0,0.0,0.0,0.0,0.0,0.0,0.0,0.0,0.0,0.0,0.0,d2a67454-5931-4d72-ab0f-215acf27766d,BOS,HOU,Away,116,107,1
Jayson Tatum,1,40.91666666666666,11,21,0.524,2,8,0.25,15,19,0.789,0,11,11,5,3,2,0,4,39,27.0,0.664,0.571,0.381,0.905,0.0,26.3,14.0,20.9,3.5,4.1,0.0,32.1,140.0,101.0,15.5,7e4715d6-3a15-4352-8977-dcb757fb49fb,BOS,DAL,Away,119,110,1
Jrue Holiday,1,38.28333333333333,6,13,0.462,5,12,0.417,0,0,0.0,0,7,7,6,0,1,1,2,17,19.0,0.654,0.654,0.923,0.0,0.0,17.9,9.5,22.5,0.0,2.2,7.1,16.4,126.0,113.0,4.7,7e4715d6-3a15-4352-8977-dcb757fb49fb,BOS,DAL,Away,119,110,1
Jaylen Brown,1,36.55,13,22,0.591,2,7,0.286,6,9,0.667,1,2,3,4,0,2,0,5,34,-6.0,0.655,0.636,0.318,0.409,3.1,5.4,4.3,22.0,0.0,4.6,0.0,31.8,134.0,114.0,8.2,7e4715d6-3a15-4352-8977-dcb757fb49fb,BOS,DAL,Away,119,110,1
Derrick White,1,34.483333333333334,2,12,0.167,1,7,0.143,1,2,0.5,0,4,4,1,2,1,1,3,6,-11.0,0.233,0.208,0.583,0.167,0.0,11.4,6.1,3.6,2.8,2.4,7.2,18.0,48.0,108.0,-12.0,7e4715d6-3a15-4352-8977-dcb757fb49fb,BOS,DAL,Away,119,110,1
Al Horford,1,31.23333333333333,4,7,0.571,3,6,0.5,0,0,0.0,1,5,6,3,1,0,1,2,11,8.0,0.786,0.786,0.857,0.0,3.6,15.7,10.0,13.2,1.5,0.0,12.5,11.5,139.0,112.0,4.4,7e4715d6-3a15-4352-8977-dcb757fb49fb,BOS,DAL,Away,119,110,1
Payton Pritchard,1,24.5,2,7,0.286,1,4,0.25,0,0,0.0,1,6,7,6,1,1,1,1,5,16.0,0.357,0.357,0.571,0.0,4.6,24.0,14.9,31.7,1.9,3.4,12.5,14.6,100.0,106.0,1.9,7e4715d6-3a15-4352-8977-dcb757fb49fb,BOS,DAL,Away,119,110,1
Luke Kornet,1,18.633333333333333,1,3,0.333,0,0,0.0,0,0,0.0,1,4,5,1,0,1,2,2,2,-4.0,0.333,0.333,0.0,0.0,6.0,21.0,14.0,6.7,0.0,4.5,40.0,12.0,63.0,110.0,-9.8,7e4715d6-3a15-4352-8977-dcb757fb49fb,BOS,DAL,Away,119,110,1
Sam Hauser,1,15.4,2,3,0.667,1,2,0.5,0,0,0.0,1,0,1,0,0,0,0,1,5,-4.0,0.833,0.833,0.667,0.0,7.2,0.0,3.4,0.0,0.0,0.0,0.0,8.7,163.0,119.0,-0.6,7e4715d6-3a15-4352-8977-dcb757fb49fb,BOS,DAL,Away,119,110,1
Dalano Banton,0,0.0,0,0,0.0,0,0,0.0,0,0,0.0,0,0,0,0,0,0,0,0,0,0.0,0.0,0.0,0.0,0.0,0.0,0.0,0.0,0.0,0.0,0.0,0.0,0.0,0.0,0.0,0.0,7e4715d6-3a15-4352-8977-dcb757fb49fb,BOS,DAL,Away,119,110,1
Svi Mykhailiuk,0,0.0,0,0,0.0,0,0,0.0,0,0,0.0,0,0,0,0,0,0,0,0,0,0.0,0.0,0.0,0.0,0.0,0.0,0.0,0.0,0.0,0.0,0.0,0.0,0.0,0.0,0.0,0.0,7e4715d6-3a15-4352-8977-dcb757fb49fb,BOS,DAL,Away,119,110,1
Neemias Queta,0,0.0,0,0,0.0,0,0,0.0,0,0,0.0,0,0,0,0,0,0,0,0,0,0.0,0.0,0.0,0.0,0.0,0.0,0.0,0.0,0.0,0.0,0.0,0.0,0.0,0.0,0.0,0.0,7e4715d6-3a15-4352-8977-dcb757fb49fb,BOS,DAL,Away,119,110,1
Lamar Stevens,0,0.0,0,0,0.0,0,0,0.0,0,0,0.0,0,0,0,0,0,0,0,0,0,0.0,0.0,0.0,0.0,0.0,0.0,0.0,0.0,0.0,0.0,0.0,0.0,0.0,0.0,0.0,0.0,7e4715d6-3a15-4352-8977-dcb757fb49fb,BOS,DAL,Away,119,110,1
Jordan Walsh,0,0.0,0,0,0.0,0,0,0.0,0,0,0.0,0,0,0,0,0,0,0,0,0,0.0,0.0,0.0,0.0,0.0,0.0,0.0,0.0,0.0,0.0,0.0,0.0,0.0,0.0,0.0,0.0,7e4715d6-3a15-4352-8977-dcb757fb49fb,BOS,DAL,Away,119,110,1
Jayson Tatum,1,32.2,7,15,0.467,3,7,0.429,9,10,0.9,1,7,8,4,0,0,1,1,26,22.0,0.67,0.567,0.467,0.667,5.7,20.1,15.3,14.7,0.0,0.0,4.9,30.5,145.0,122.0,-0.9,8a485334-6783-4494-9f72-c67a6f3a3dd2,BOS,MIA,Away,143,110,1
Derrick White,1,29.183333333333334,6,12,0.5,3,9,0.333,0,0,0.0,2,4,6,6,0,2,1,0,15,24.0,0.625,0.625,0.75,0.0,12.7,12.7,12.7,24.0,0.0,6.3,7.7,21.4,145.0,120.0,4.6,8a485334-6783-4494-9f72-c67a6f3a3dd2,BOS,MIA,Away,143,110,1
Jrue Holiday,1,28.516666666666666,7,8,0.875,3,4,0.75,0,0,0.0,0,5,5,5,0,1,3,1,17,13.0,1.063,1.063,0.5,0.0,0.0,16.2,10.8,21.5,0.0,3.2,27.3,18.6,149.0,121.0,8.1,8a485334-6783-4494-9f72-c67a6f3a3dd2,BOS,MIA,Away,143,110,1
Jaylen Brown,1,27.33333333333333,7,11,0.636,4,8,0.5,0,0,0.0,1,3,4,5,3,0,3,1,18,22.0,0.818,0.818,0.727,0.0,6.8,10.1,9.0,22.7,5.7,0.0,21.4,24.6,136.0,112.0,9.7,8a485334-6783-4494-9f72-c67a6f3a3dd2,BOS,MIA,Away,143,110,1
Kristaps Porziņģis,1,20.616666666666667,6,9,0.667,3,4,0.75,4,4,1.0,0,4,4,1,0,0,0,1,19,26.0,0.883,0.833,0.444,0.444,0.0,17.9,11.9,6.3,0.0,0.0,0.0,25.1,177.0,123.0,7.8,8a485334-6783-4494-9f72-c67a6f3a3dd2,BOS,MIA,Away,143,110,1
Payton Pritchard,1,23.183333333333334,4,7,0.571,1,2,0.5,2,2,1.0,0,3,3,3,0,0,0,0,11,13.0,0.698,0.643,0.286,0.286,0.0,11.9,8.0,14.5,0.0,0.0,0.0,16.3,159.0,125.0,-1.1,8a485334-6783-4494-9f72-c67a6f3a3dd2,BOS,MIA,Away,143,110,1
Al Horford,1,22.5,3,4,0.75,2,3,0.667,0,0,0.0,0,7,7,6,0,1,1,2,8,12.0,1.0,1.0,0.75,0.0,0.0,28.7,19.1,28.7,0.0,4.1,20.0,10.7,179.0,116.0,13.1,8a485334-6783-4494-9f72-c67a6f3a3dd2,BOS,MIA,Away,143,110,1
Luke Kornet,1,18.83333333333333,4,4,1.0,0,0,0.0,4,4,1.0,1,4,5,1,0,0,0,1,12,10.0,1.042,1.0,0.0,1.0,9.8,19.6,16.3,6.2,0.0,0.0,0.0,14.7,225.0,122.0,6.8,8a485334-6783-4494-9f72-c67a6f3a3dd2,BOS,MIA,Away,143,110,1
Sam Hauser,1,12.3,2,2,1.0,1,1,1.0,0,0,0.0,0,0,0,1,0,0,1,0,5,13.0,1.25,1.25,0.5,0.0,0.0,0.0,0.0,9.0,0.0,0.0,33.3,11.7,143.0,129.0,2.7,8a485334-6783-4494-9f72-c67a6f3a3dd2,BOS,MIA,Away,143,110,1
Dalano Banton,1,6.616666666666667,0,1,0.0,0,0,0.0,0,0,0.0,0,0,0,2,1,0,0,1,0,1.0,0.0,0.0,0.0,0.0,0.0,0.0,0.0,28.4,7.9,0.0,0.0,7.3,121.0,110.0,3.3,8a485334-6783-4494-9f72-c67a6f3a3dd2,BOS,MIA,Away,143,110,1
Lamar Stevens,1,4.433333333333334,1,3,0.333,0,0,0.0,0,0,0.0,0,1,1,1,0,0,1,0,2,3.0,0.333,0.333,0.0,0.0,0.0,20.8,13.9,27.0,0.0,0.0,25.0,43.4,70.0,122.0,-28.8,8a485334-6783-4494-9f72-c67a6f3a3dd2,BOS,MIA,Away,143,110,1
Neemias Queta,1,4.433333333333334,0,0,0.0,0,0,0.0,0,0,0.0,0,1,1,0,0,1,0,2,0,3.0,0.0,0.0,0.0,0.0,0.0,20.8,13.9,0.0,0.0,20.8,0.0,0.0,0.0,104.0,-4.9,8a485334-6783-4494-9f72-c67a6f3a3dd2,BOS,MIA,Away,143,110,1
Oshae Brissett,1,3.3833333333333333,2,2,1.0,0,0,0.0,0,0,0.0,1,1,2,0,0,0,0,0,4,-1.0,1.0,1.0,0.0,0.0,54.6,27.3,36.4,0.0,0.0,0.0,0.0,28.4,214.0,120.0,16.1,8a485334-6783-4494-9f72-c67a6f3a3dd2,BOS,MIA,Away,143,110,1
Svi Mykhailiuk,1,3.2333333333333334,2,2,1.0,2,2,1.0,0,0,0.0,0,0,0,0,0,0,0,0,6,2.0,1.5,1.5,1.0,0.0,0.0,0.0,0.0,0.0,0.0,0.0,0.0,29.8,300.0,129.0,49.6,8a485334-6783-4494-9f72-c67a6f3a3dd2,BOS,MIA,Away,143,110,1
Jordan Walsh,1,3.2333333333333334,0,0,0.0,0,0,0.0,0,0,0.0,0,1,1,1,0,0,0,0,0,2.0,0.0,0.0,0.0,0.0,0.0,28.5,19.0,29.1,0.0,0.0,0.0,0.0,243.0,119.0,10.9,8a485334-6783-4494-9f72-c67a6f3a3dd2,BOS,MIA,Away,143,110,1
Jayson Tatum,1,30.03333333333333,8,18,0.444,2,4,0.5,3,3,1.0,3,8,11,1,0,1,3,2,21,-32.0,0.543,0.5,0.222,0.167,7.9,26.1,16.0,6.9,0.0,2.6,13.4,30.2,102.0,115.0,2.6,7f5db007-bdf9-49a8-ae1f-8b4b05b5d099,BOS,LAC,Home,96,115,0
Jrue Holiday,1,27.616666666666667,2,11,0.182,1,7,0.143,2,2,1.0,0,3,3,4,1,0,2,1,7,-28.0,0.295,0.227,0.636,0.182,0.0,10.6,4.7,21.4,1.8,0.0,14.4,20.4,69.0,119.0,-8.1,7f5db007-bdf9-49a8-ae1f-8b4b05b5d099,BOS,LAC,Home,96,115,0
Derrick White,1,24.48333333333333,0,8,0.0,0,4,0.0,2,2,1.0,0,2,2,2,0,3,1,2,2,-22.0,0.113,0.0,0.5,0.25,0.0,8.0,3.6,10.9,0.0,9.5,10.1,16.4,36.0,118.0,-11.7,7f5db007-bdf9-49a8-ae1f-8b4b05b5d099,BOS,LAC,Home,96,115,0
Jaylen Brown,1,24.166666666666668,3,13,0.231,0,2,0.0,2,2,1.0,5,1,6,2,0,1,1,3,8,-18.0,0.288,0.231,0.154,0.154,16.3,4.1,10.8,13.2,0.0,3.2,6.7,25.0,81.0,123.0,-7.8,7f5db007-bdf9-49a8-ae1f-8b4b05b5d099,BOS,LAC,Home,96,115,0
Al Horford,1,19.216666666666665,0,5,0.0,0,4,0.0,0,0,0.0,0,2,2,1,0,0,1,1,0,-21.0,0.0,0.0,0.8,0.0,0.0,10.2,4.5,6.9,0.0,0.0,16.7,12.7,10.0,123.0,-18.6,7f5db007-bdf9-49a8-ae1f-8b4b05b5d099,BOS,LAC,Home,96,115,0
Payton Pritchard,1,21.016666666666666,4,8,0.5,3,7,0.429,1,1,1.0,0,4,4,2,0,0,0,1,12,-12.0,0.711,0.688,0.875,0.125,0.0,18.6,8.3,17.0,0.0,0.0,0.0,16.3,152.0,120.0,7.5,7f5db007-bdf9-49a8-ae1f-8b4b05b5d099,BOS,LAC,Home,96,115,0
Sam Hauser,1,19.916666666666668,2,5,0.4,2,4,0.5,0,0,0.0,0,3,3,1,0,1,0,1,6,-11.0,0.6,0.6,0.8,0.0,0.0,14.8,6.6,7.7,0.0,3.9,0.0,10.2,131.0,119.0,1.7,7f5db007-bdf9-49a8-ae1f-8b4b05b5d099,BOS,LAC,Home,96,115,0
Luke Kornet,1,17.566666666666666,5,10,0.5,0,0,0.0,1,1,1.0,4,1,5,0,0,1,0,2,11,-15.0,0.527,0.5,0.0,0.1,17.9,5.6,12.4,0.0,0.0,4.4,0.0,24.2,122.0,122.0,1.4,7f5db007-bdf9-49a8-ae1f-8b4b05b5d099,BOS,LAC,Home,96,115,0
Oshae Brissett,1,16.216666666666665,2,5,0.4,0,1,0.0,1,2,0.5,1,4,5,2,0,0,1,0,5,9.0,0.425,0.4,0.2,0.4,4.9,24.2,13.5,19.7,0.0,0.0,14.5,17.3,91.0,117.0,-2.6,7f5db007-bdf9-49a8-ae1f-8b4b05b5d099,BOS,LAC,Home,96,115,0
Neemias Queta,1,12.233333333333333,4,4,1.0,0,0,0.0,0,0,0.0,2,3,5,1,0,2,0,0,8,15.0,1.0,1.0,0.0,0.0,12.9,24.0,17.8,19.3,0.0,12.7,0.0,13.3,206.0,110.0,20.9,7f5db007-bdf9-49a8-ae1f-8b4b05b5d099,BOS,LAC,Home,96,115,0
Dalano Banton,1,12.0,1,4,0.25,0,2,0.0,0,0,0.0,0,0,0,3,0,0,1,0,2,12.0,0.25,0.25,0.5,0.0,0.0,0.0,0.0,37.5,0.0,0.0,20.0,16.9,68.0,127.0,-7.7,7f5db007-bdf9-49a8-ae1f-8b4b05b5d099,BOS,LAC,Home,96,115,0
Lamar Stevens,1,7.766666666666667,3,4,0.75,0,0,0.0,2,3,0.667,3,2,5,1,0,0,1,0,8,14.0,0.752,0.75,0.0,0.75,30.4,25.2,28.1,35.4,0.0,0.0,15.8,33.1,136.0,117.0,19.8,7f5db007-bdf9-49a8-ae1f-8b4b05b5d099,BOS,LAC,Home,96,115,0
Svi Mykhailiuk,1,7.766666666666667,2,5,0.4,2,5,0.4,0,0,0.0,0,1,1,1,1,0,0,0,6,14.0,0.6,0.6,1.0,0.0,0.0,12.6,5.6,26.1,6.3,0.0,0.0,26.2,131.0,108.0,20.9,7f5db007-bdf9-49a8-ae1f-8b4b05b5d099,BOS,LAC,Home,96,115,0
Jayson Tatum,1,37.5,10,18,0.556,2,8,0.25,6,7,0.857,0,10,10,8,3,1,7,1,28,9.0,0.664,0.611,0.444,0.389,0.0,29.8,16.0,33.9,3.9,2.3,24.9,34.3,109.0,106.0,7.4,6c233c3a-84ef-4a18-ba85-6f176c9f2708,BOS,NOP,Home,118,112,1
Jaylen Brown,1,36.85,8,15,0.533,1,5,0.2,5,7,0.714,2,9,11,7,0,1,0,3,22,6.0,0.608,0.567,0.333,0.467,7.0,27.3,17.9,28.0,0.0,2.3,0.0,22.5,143.0,115.0,6.2,6c233c3a-84ef-4a18-ba85-6f176c9f2708,BOS,NOP,Home,118,112,1
Al Horford,1,36.4,4,9,0.444,3,6,0.5,0,0,0.0,1,7,8,4,0,1,0,1,11,12.0,0.611,0.611,0.667,0.0,3.6,21.5,13.2,14.0,0.0,2.4,0.0,11.3,139.0,117.0,3.6,6c233c3a-84ef-4a18-ba85-6f176c9f2708,BOS,NOP,Home,118,112,1
Derrick White,1,34.916666666666664,6,14,0.429,4,10,0.4,1,2,0.5,0,1,1,4,1,1,1,2,17,7.0,0.571,0.571,0.714,0.143,0.0,3.2,1.7,15.8,1.4,2.5,6.3,20.8,114.0,117.0,1.1,6c233c3a-84ef-4a18-ba85-6f176c9f2708,BOS,NOP,Home,118,112,1
Jrue Holiday,1,33.05,7,11,0.636,3,5,0.6,3,4,0.75,2,1,3,2,1,0,1,1,20,-4.0,0.784,0.773,0.455,0.364,7.9,3.4,5.4,8.8,1.5,0.0,7.3,19.1,149.0,119.0,6.0,6c233c3a-84ef-4a18-ba85-6f176c9f2708,BOS,NOP,Home,118,112,1
Sam Hauser,1,25.683333333333334,4,8,0.5,3,7,0.429,0,0,0.0,0,0,0,1,1,0,0,0,11,9.0,0.688,0.688,0.875,0.0,0.0,0.0,0.0,5.3,1.9,0.0,0.0,14.3,133.0,118.0,3.2,6c233c3a-84ef-4a18-ba85-6f176c9f2708,BOS,NOP,Home,118,112,1
Payton Pritchard,1,14.366666666666667,2,5,0.4,1,4,0.25,0,0,0.0,0,0,0,0,1,0,1,3,5,-8.0,0.5,0.5,0.8,0.0,0.0,0.0,0.0,0.0,3.4,0.0,16.7,19.1,77.0,115.0,-10.2,6c233c3a-84ef-4a18-ba85-6f176c9f2708,BOS,NOP,Home,118,112,1
Oshae Brissett,1,10.8,0,1,0.0,0,1,0.0,0,0,0.0,1,4,5,0,0,0,0,3,0,2.0,0.0,0.0,1.0,0.0,12.0,41.3,27.8,0.0,0.0,0.0,0.0,4.2,77.0,114.0,-10.8,6c233c3a-84ef-4a18-ba85-6f176c9f2708,BOS,NOP,Home,118,112,1
Neemias Queta,1,10.433333333333334,2,4,0.5,0,0,0.0,0,0,0.0,0,2,2,1,0,1,1,1,4,-3.0,0.5,0.5,0.0,0.0,0.0,21.4,11.5,13.6,0.0,8.2,20.0,21.9,86.0,112.0,-4.6,6c233c3a-84ef-4a18-ba85-6f176c9f2708,BOS,NOP,Home,118,112,1
Dalano Banton,0,0.0,0,0,0.0,0,0,0.0,0,0,0.0,0,0,0,0,0,0,0,0,0,0.0,0.0,0.0,0.0,0.0,0.0,0.0,0.0,0.0,0.0,0.0,0.0,0.0,0.0,0.0,0.0,6c233c3a-84ef-4a18-ba85-6f176c9f2708,BOS,NOP,Home,118,112,1
Svi Mykhailiuk,0,0.0,0,0,0.0,0,0,0.0,0,0,0.0,0,0,0,0,0,0,0,0,0,0.0,0.0,0.0,0.0,0.0,0.0,0.0,0.0,0.0,0.0,0.0,0.0,0.0,0.0,0.0,0.0,6c233c3a-84ef-4a18-ba85-6f176c9f2708,BOS,NOP,Home,118,112,1
Lamar Stevens,0,0.0,0,0,0.0,0,0,0.0,0,0,0.0,0,0,0,0,0,0,0,0,0,0.0,0.0,0.0,0.0,0.0,0.0,0.0,0.0,0.0,0.0,0.0,0.0,0.0,0.0,0.0,0.0,6c233c3a-84ef-4a18-ba85-6f176c9f2708,BOS,NOP,Home,118,112,1
Jrue Holiday,1,39.45,6,8,0.75,3,3,1.0,2,2,1.0,0,5,5,4,1,3,1,0,17,2.0,0.957,0.938,0.375,0.25,0.0,11.7,6.8,12.3,1.2,5.3,10.1,11.3,174.0,126.0,9.4,6ca08db7-1d96-4005-a650-15e10d6e2085,BOS,IND,Home,129,124,1
Jayson Tatum,1,38.833333333333336,12,19,0.632,4,9,0.444,2,3,0.667,0,7,7,7,1,2,2,2,30,-4.0,0.738,0.737,0.474,0.158,0.0,16.6,9.6,26.9,1.3,3.6,9.0,25.9,142.0,124.0,10.6,6ca08db7-1d96-4005-a650-15e10d6e2085,BOS,IND,Home,129,124,1
Jaylen Brown,1,35.7,9,15,0.6,0,3,0.0,7,8,0.875,2,4,6,2,2,0,0,0,25,-6.0,0.675,0.6,0.2,0.533,7.1,10.3,9.0,7.7,2.7,0.0,0.0,23.3,148.0,126.0,4.0,6ca08db7-1d96-4005-a650-15e10d6e2085,BOS,IND,Home,129,124,1
Derrick White,1,35.266666666666666,8,16,0.5,4,7,0.571,4,4,1.0,0,2,2,5,1,1,0,2,24,-4.0,0.676,0.625,0.438,0.25,0.0,5.2,3.0,18.8,1.4,2.0,0.0,22.7,147.0,130.0,6.1,6ca08db7-1d96-4005-a650-15e10d6e2085,BOS,IND,Home,129,124,1
Kristaps Porziņģis,1,31.383333333333333,6,17,0.353,2,6,0.333,3,4,0.75,4,8,12,2,0,1,4,5,17,-7.0,0.453,0.412,0.353,0.235,16.1,23.5,20.4,8.1,0.0,2.2,17.6,32.6,92.0,124.0,-13.3,6ca08db7-1d96-4005-a650-15e10d6e2085,BOS,IND,Home,129,124,1
Sam Hauser,1,23.15,3,5,0.6,3,5,0.6,0,0,0.0,0,2,2,1,1,0,2,3,9,14.0,0.9,0.9,1.0,0.0,0.0,8.0,4.6,5.1,2.1,0.0,28.6,13.6,117.0,128.0,-0.6,6ca08db7-1d96-4005-a650-15e10d6e2085,BOS,IND,Home,129,124,1
Payton Pritchard,1,16.5,1,4,0.25,1,3,0.333,0,0,0.0,1,3,4,3,0,0,0,2,3,12.0,0.375,0.375,0.75,0.0,7.7,16.8,12.9,19.8,0.0,0.0,0.0,10.9,125.0,129.0,-4.8,6ca08db7-1d96-4005-a650-15e10d6e2085,BOS,IND,Home,129,124,1
Neemias Queta,1,14.016666666666667,2,3,0.667,0,0,0.0,0,1,0.0,0,1,1,1,0,2,1,1,4,15.0,0.581,0.667,0.0,0.333,0.0,6.6,3.8,8.5,0.0,9.9,22.5,14.3,94.0,128.0,-3.1,6ca08db7-1d96-4005-a650-15e10d6e2085,BOS,IND,Home,129,124,1
Oshae Brissett,1,5.7,0,0,0.0,0,0,0.0,0,0,0.0,0,1,1,0,0,0,0,1,0,3.0,0.0,0.0,0.0,0.0,0.0,16.2,9.4,0.0,0.0,0.0,0.0,0.0,0.0,129.0,-8.2,6ca08db7-1d96-4005-a650-15e10d6e2085,BOS,IND,Home,129,124,1
Dalano Banton,0,0.0,0,0,0.0,0,0,0.0,0,0,0.0,0,0,0,0,0,0,0,0,0,0.0,0.0,0.0,0.0,0.0,0.0,0.0,0.0,0.0,0.0,0.0,0.0,0.0,0.0,0.0,0.0,6ca08db7-1d96-4005-a650-15e10d6e2085,BOS,IND,Home,129,124,1
Svi Mykhailiuk,0,0.0,0,0,0.0,0,0,0.0,0,0,0.0,0,0,0,0,0,0,0,0,0,0.0,0.0,0.0,0.0,0.0,0.0,0.0,0.0,0.0,0.0,0.0,0.0,0.0,0.0,0.0,0.0,6ca08db7-1d96-4005-a650-15e10d6e2085,BOS,IND,Home,129,124,1
Lamar Stevens,0,0.0,0,0,0.0,0,0,0.0,0,0,0.0,0,0,0,0,0,0,0,0,0,0.0,0.0,0.0,0.0,0.0,0.0,0.0,0.0,0.0,0.0,0.0,0.0,0.0,0.0,0.0,0.0,6ca08db7-1d96-4005-a650-15e10d6e2085,BOS,IND,Home,129,124,1
Jayson Tatum,1,36.61666666666667,8,21,0.381,5,10,0.5,2,2,1.0,2,5,7,3,1,1,2,3,23,-12.0,0.526,0.5,0.476,0.095,5.1,11.9,8.7,12.9,1.4,2.3,8.4,27.2,106.0,119.0,1.4,42c5a131-090d-4336-a36e-de8c1389b375,BOS,LAL,Home,105,114,0
Derrick White,1,32.733333333333334,4,11,0.364,1,5,0.2,0,0,0.0,1,3,4,6,0,2,2,3,9,-19.0,0.409,0.409,0.455,0.0,2.9,8.0,5.5,25.0,0.0,5.1,15.4,16.6,95.0,123.0,-4.8,42c5a131-090d-4336-a36e-de8c1389b375,BOS,LAL,Home,105,114,0
Kristaps Porziņģis,1,29.48333333333333,7,15,0.467,1,7,0.143,2,2,1.0,1,6,7,3,1,5,3,1,17,-22.0,0.535,0.5,0.467,0.133,3.2,17.8,10.8,16.5,1.7,14.0,15.9,26.7,98.0,108.0,4.8,42c5a131-090d-4336-a36e-de8c1389b375,BOS,LAL,Home,105,114,0
Jrue Holiday,1,29.166666666666668,4,9,0.444,0,2,0.0,0,0,0.0,2,5,7,7,0,0,4,3,8,-9.0,0.444,0.444,0.222,0.0,6.5,15.0,10.9,33.5,0.0,0.0,30.8,18.6,90.0,123.0,-7.8,42c5a131-090d-4336-a36e-de8c1389b375,BOS,LAL,Home,105,114,0
Jaylen Brown,1,27.4,4,12,0.333,0,3,0.0,0,0,0.0,3,5,8,7,1,0,3,5,8,-20.0,0.333,0.333,0.25,0.0,10.3,15.9,13.2,36.1,1.8,0.0,20.0,22.8,87.0,117.0,-7.8,42c5a131-090d-4336-a36e-de8c1389b375,BOS,LAL,Home,105,114,0
Al Horford,1,23.8,2,6,0.333,2,6,0.333,0,0,0.0,0,9,9,1,1,2,0,0,6,3.0,0.5,0.5,1.0,0.0,0.0,33.0,17.1,5.5,2.1,7.0,0.0,10.5,110.0,105.0,3.4,42c5a131-090d-4336-a36e-de8c1389b375,BOS,LAL,Home,105,114,0
Sam Hauser,1,22.65,6,11,0.545,5,9,0.556,0,0,0.0,0,3,3,0,0,0,0,1,17,6.0,0.773,0.773,0.818,0.0,0.0,11.6,6.0,0.0,0.0,0.0,0.0,20.3,142.0,125.0,7.9,42c5a131-090d-4336-a36e-de8c1389b375,BOS,LAL,Home,105,114,0
Payton Pritchard,1,21.3,3,6,0.5,2,5,0.4,0,0,0.0,0,0,0,1,0,1,1,1,8,13.0,0.667,0.667,0.833,0.0,0.0,0.0,0.0,6.6,0.0,3.9,14.3,13.7,111.0,128.0,-2.9,42c5a131-090d-4336-a36e-de8c1389b375,BOS,LAL,Home,105,114,0
Neemias Queta,1,12.816666666666666,3,5,0.6,0,0,0.0,1,1,1.0,4,3,7,1,0,1,0,2,7,7.0,0.643,0.6,0.0,0.2,29.4,20.4,24.7,12.6,0.0,6.5,0.0,17.7,157.0,115.0,5.7,42c5a131-090d-4336-a36e-de8c1389b375,BOS,LAL,Home,105,114,0
Dalano Banton,1,2.0166666666666666,0,0,0.0,0,0,0.0,2,2,1.0,0,1,1,1,0,0,0,0,2,4.0,1.136,0.0,0.0,0.0,0.0,43.3,22.5,58.1,0.0,0.0,0.0,18.2,247.0,109.0,38.0,42c5a131-090d-4336-a36e-de8c1389b375,BOS,LAL,Home,105,114,0
Oshae Brissett,1,2.0166666666666666,0,1,0.0,0,1,0.0,0,0,0.0,1,0,1,0,0,0,0,0,0,4.0,0.0,0.0,1.0,0.0,46.7,0.0,22.5,0.0,0.0,0.0,0.0,20.7,60.0,131.0,-20.9,42c5a131-090d-4336-a36e-de8c1389b375,BOS,LAL,Home,105,114,0
Svi Mykhailiuk,0,0.0,0,0,0.0,0,0,0.0,0,0,0.0,0,0,0,0,0,0,0,0,0,0.0,0.0,0.0,0.0,0.0,0.0,0.0,0.0,0.0,0.0,0.0,0.0,0.0,0.0,0.0,0.0,42c5a131-090d-4336-a36e-de8c1389b375,BOS,LAL,Home,105,114,0
Lamar Stevens,0,0.0,0,0,0.0,0,0,0.0,0,0,0.0,0,0,0,0,0,0,0,0,0,0.0,0.0,0.0,0.0,0.0,0.0,0.0,0.0,0.0,0.0,0.0,0.0,0.0,0.0,0.0,0.0,42c5a131-090d-4336-a36e-de8c1389b375,BOS,LAL,Home,105,114,0
Jayson Tatum,1,30.8,12,22,0.545,6,12,0.5,4,4,1.0,1,7,8,7,1,0,2,1,34,27.0,0.715,0.682,0.545,0.182,3.3,19.5,12.1,37.2,1.6,0.0,7.8,34.3,149.0,93.0,19.0,09ae23b3-cf91-42b4-b421-a32f012d9f52,BOS,MEM,Home,131,91,1
Derrick White,1,28.066666666666663,5,10,0.5,4,8,0.5,1,2,0.5,1,2,3,3,1,1,1,1,15,27.0,0.689,0.7,0.8,0.2,3.6,6.1,5.0,13.0,1.7,3.2,8.4,17.4,142.0,97.0,6.4,09ae23b3-cf91-42b4-b421-a32f012d9f52,BOS,MEM,Home,131,91,1
Kristaps Porziņģis,1,27.73333333333333,10,17,0.588,2,5,0.4,4,5,0.8,2,6,8,2,1,2,1,2,26,26.0,0.677,0.647,0.294,0.294,7.4,18.5,13.4,11.3,1.8,6.4,5.0,29.9,142.0,89.0,10.7,09ae23b3-cf91-42b4-b421-a32f012d9f52,BOS,MEM,Home,131,91,1
Jrue Holiday,1,27.08333333333333,2,6,0.333,1,3,0.333,2,2,1.0,0,3,3,4,1,0,2,1,7,11.0,0.509,0.417,0.5,0.333,0.0,9.5,5.2,15.9,1.8,0.0,22.5,13.5,107.0,97.0,-4.0,09ae23b3-cf91-42b4-b421-a32f012d9f52,BOS,MEM,Home,131,91,1
Al Horford,1,23.166666666666668,5,9,0.556,1,5,0.2,0,0,0.0,0,5,5,2,2,0,1,1,11,27.0,0.611,0.611,0.556,0.0,0.0,18.5,10.1,11.0,4.2,0.0,10.0,17.7,121.0,87.0,3.1,09ae23b3-cf91-42b4-b421-a32f012d9f52,BOS,MEM,Home,131,91,1
Sam Hauser,1,23.683333333333334,1,3,0.333,1,3,0.333,0,0,0.0,0,3,3,1,0,0,0,1,3,16.0,0.5,0.5,1.0,0.0,0.0,10.9,5.9,4.4,0.0,0.0,0.0,5.2,130.0,101.0,-5.3,09ae23b3-cf91-42b4-b421-a32f012d9f52,BOS,MEM,Home,131,91,1
Payton Pritchard,1,15.0,2,8,0.25,0,6,0.0,2,2,1.0,1,1,2,3,1,0,1,2,6,2.0,0.338,0.25,0.75,0.25,6.8,5.7,6.2,23.1,3.3,0.0,10.1,27.0,96.0,96.0,-9.9,09ae23b3-cf91-42b4-b421-a32f012d9f52,BOS,MEM,Home,131,91,1
Luke Kornet,1,14.833333333333334,0,2,0.0,0,0,0.0,2,2,1.0,5,3,8,1,1,1,1,0,2,-5.0,0.347,0.0,0.0,1.0,34.4,17.3,25.1,6.7,3.3,6.0,25.8,10.7,127.0,87.0,0.7,09ae23b3-cf91-42b4-b421-a32f012d9f52,BOS,MEM,Home,131,91,1
Oshae Brissett,1,10.583333333333334,2,4,0.5,1,1,1.0,1,1,1.0,1,2,3,1,1,0,1,1,6,2.0,0.676,0.625,0.25,0.25,9.6,16.2,13.2,11.7,4.6,0.0,18.4,21.1,127.0,87.0,5.6,09ae23b3-cf91-42b4-b421-a32f012d9f52,BOS,MEM,Home,131,91,1
Neemias Queta,1,9.666666666666666,4,4,1.0,0,0,0.0,0,0,0.0,4,4,8,0,2,0,0,0,8,18.0,1.0,1.0,0.0,0.0,42.3,35.5,38.6,0.0,10.1,0.0,0.0,17.0,214.0,65.0,26.2,09ae23b3-cf91-42b4-b421-a32f012d9f52,BOS,MEM,Home,131,91,1
Jordan Walsh,1,8.55,1,1,1.0,0,0,0.0,0,0,0.0,1,0,1,1,1,0,0,2,2,16.0,1.0,1.0,0.0,0.0,11.9,0.0,5.5,13.2,5.7,0.0,0.0,4.8,218.0,93.0,7.3,09ae23b3-cf91-42b4-b421-a32f012d9f52,BOS,MEM,Home,131,91,1
Svi Mykhailiuk,1,6.933333333333334,2,5,0.4,2,5,0.4,0,0,0.0,0,2,2,3,0,0,0,0,6,11.0,0.6,0.6,1.0,0.0,0.0,24.7,13.4,60.8,0.0,0.0,0.0,29.6,159.0,94.0,19.2,09ae23b3-cf91-42b4-b421-a32f012d9f52,BOS,MEM,Home,131,91,1
Lamar Stevens,1,6.933333333333334,2,4,0.5,1,1,1.0,0,0,0.0,1,1,2,0,0,0,0,1,5,11.0,0.625,0.625,0.25,0.0,14.7,12.4,13.4,0.0,0.0,0.0,0.0,23.7,141.0,100.0,0.3,09ae23b3-cf91-42b4-b421-a32f012d9f52,BOS,MEM,Home,131,91,1
Dalano Banton,1,6.933333333333334,0,4,0.0,0,2,0.0,0,0,0.0,0,1,1,2,0,0,0,0,0,11.0,0.0,0.0,0.5,0.0,0.0,12.4,6.7,28.8,0.0,0.0,0.0,23.7,44.0,100.0,-21.8,09ae23b3-cf91-42b4-b421-a32f012d9f52,BOS,MEM,Home,131,91,1
Al Horford,1,36.18333333333333,5,12,0.417,4,9,0.444,0,0,0.0,2,6,8,8,2,4,1,1,14,12.0,0.583,0.583,0.75,0.0,6.3,15.3,11.3,25.0,2.6,8.7,7.7,15.4,131.0,106.0,12.1,5b530a72-68d5-4c39-92ec-4db9bf82d397,BOS,ATL,Home,125,117,1
Jayson Tatum,1,35.6,8,21,0.381,2,13,0.154,2,2,1.0,0,9,9,7,1,0,3,3,20,3.0,0.457,0.429,0.619,0.095,0.0,23.3,12.9,24.7,1.3,0.0,12.1,30.0,94.0,112.0,-5.4,5b530a72-68d5-4c39-92ec-4db9bf82d397,BOS,ATL,Home,125,117,1
Derrick White,1,35.38333333333333,8,14,0.571,5,10,0.5,0,0,0.0,1,5,6,7,1,1,2,2,21,0.0,0.75,0.75,0.714,0.0,3.2,13.0,8.7,24.9,1.3,2.2,12.5,19.4,136.0,114.0,8.2,5b530a72-68d5-4c39-92ec-4db9bf82d397,BOS,ATL,Home,125,117,1
Jaylen Brown,1,33.86666666666667,7,11,0.636,0,2,0.0,1,1,1.0,0,6,6,6,1,0,2,4,15,-3.0,0.656,0.636,0.182,0.091,0.0,16.4,9.0,21.8,1.4,0.0,14.9,17.0,123.0,114.0,-1.1,5b530a72-68d5-4c39-92ec-4db9bf82d397,BOS,ATL,Home,125,117,1
Kristaps Porziņģis,1,31.4,13,19,0.684,2,4,0.5,3,4,0.75,0,3,3,1,0,2,2,2,31,2.0,0.747,0.737,0.211,0.211,0.0,8.8,4.9,5.2,0.0,5.0,8.8,31.1,126.0,117.0,4.8,5b530a72-68d5-4c39-92ec-4db9bf82d397,BOS,ATL,Home,125,117,1
Sam Hauser,1,24.7,3,8,0.375,2,6,0.333,2,2,1.0,2,3,5,0,0,0,2,1,10,14.0,0.563,0.5,0.75,0.25,9.3,11.2,10.3,0.0,0.0,0.0,18.4,18.9,99.0,119.0,-7.7,5b530a72-68d5-4c39-92ec-4db9bf82d397,BOS,ATL,Home,125,117,1
Luke Kornet,1,21.0,2,2,1.0,0,0,0.0,0,0,0.0,1,5,6,0,0,2,0,2,4,2.0,1.0,1.0,0.0,0.0,5.4,22.0,14.6,0.0,0.0,7.5,0.0,4.1,209.0,110.0,-0.2,5b530a72-68d5-4c39-92ec-4db9bf82d397,BOS,ATL,Home,125,117,1
Payton Pritchard,1,15.916666666666666,3,5,0.6,2,4,0.5,0,0,0.0,0,2,2,2,1,0,2,1,8,11.0,0.8,0.8,0.8,0.0,0.0,11.6,6.4,15.1,2.9,0.0,28.6,18.9,108.0,113.0,1.9,5b530a72-68d5-4c39-92ec-4db9bf82d397,BOS,ATL,Home,125,117,1
Oshae Brissett,1,5.95,0,1,0.0,0,1,0.0,2,2,1.0,0,0,0,2,0,0,0,0,2,-1.0,0.532,0.0,1.0,2.0,0.0,0.0,0.0,32.9,0.0,0.0,0.0,13.6,150.0,123.0,6.0,5b530a72-68d5-4c39-92ec-4db9bf82d397,BOS,ATL,Home,125,117,1
Dalano Banton,0,0.0,0,0,0.0,0,0,0.0,0,0,0.0,0,0,0,0,0,0,0,0,0,0.0,0.0,0.0,0.0,0.0,0.0,0.0,0.0,0.0,0.0,0.0,0.0,0.0,0.0,0.0,0.0,5b530a72-68d5-4c39-92ec-4db9bf82d397,BOS,ATL,Home,125,117,1
Svi Mykhailiuk,0,0.0,0,0,0.0,0,0,0.0,0,0,0.0,0,0,0,0,0,0,0,0,0,0.0,0.0,0.0,0.0,0.0,0.0,0.0,0.0,0.0,0.0,0.0,0.0,0.0,0.0,0.0,0.0,5b530a72-68d5-4c39-92ec-4db9bf82d397,BOS,ATL,Home,125,117,1
Neemias Queta,0,0.0,0,0,0.0,0,0,0.0,0,0,0.0,0,0,0,0,0,0,0,0,0,0.0,0.0,0.0,0.0,0.0,0.0,0.0,0.0,0.0,0.0,0.0,0.0,0.0,0.0,0.0,0.0,5b530a72-68d5-4c39-92ec-4db9bf82d397,BOS,ATL,Home,125,117,1
Jordan Walsh,0,0.0,0,0,0.0,0,0,0.0,0,0,0.0,0,0,0,0,0,0,0,0,0,0.0,0.0,0.0,0.0,0.0,0.0,0.0,0.0,0.0,0.0,0.0,0.0,0.0,0.0,0.0,0.0,5b530a72-68d5-4c39-92ec-4db9bf82d397,BOS,ATL,Home,125,117,1
Jayson Tatum,1,38.06666666666667,12,22,0.545,3,10,0.3,8,9,0.889,1,9,10,8,1,2,2,1,35,9.0,0.674,0.614,0.455,0.409,2.9,25.2,14.3,30.7,1.2,5.3,7.2,30.1,138.0,117.0,11.8,c60eac85-1df1-4fa1-bef5-71a883d08d60,BOS,WAS,Home,133,129,1
Jaylen Brown,1,34.71666666666667,9,15,0.6,0,1,0.0,0,0,0.0,1,6,7,3,1,0,3,3,18,-15.0,0.6,0.6,0.067,0.0,3.2,18.4,11.0,11.7,1.3,0.0,16.7,21.2,106.0,122.0,-5.0,c60eac85-1df1-4fa1-bef5-71a883d08d60,BOS,WAS,Home,133,129,1
Jrue Holiday,1,33.93333333333333,9,13,0.692,2,2,1.0,0,0,0.0,3,4,7,5,1,0,2,2,20,-11.0,0.769,0.769,0.154,0.0,9.9,12.6,11.3,20.1,1.3,0.0,13.3,18.1,144.0,123.0,5.2,c60eac85-1df1-4fa1-bef5-71a883d08d60,BOS,WAS,Home,133,129,1
Derrick White,1,33.05,2,6,0.333,0,4,0.0,0,0,0.0,0,2,2,6,3,1,3,4,4,-3.0,0.333,0.333,0.667,0.0,0.0,6.5,3.3,19.3,4.0,3.0,33.3,11.1,76.0,114.0,-4.7,c60eac85-1df1-4fa1-bef5-71a883d08d60,BOS,WAS,Home,133,129,1
Kristaps Porziņģis,1,32.88333333333333,9,18,0.5,2,4,0.5,14,14,1.0,2,9,11,0,0,1,3,3,34,8.0,0.704,0.556,0.222,0.778,6.8,29.2,18.2,0.0,0.0,3.0,11.0,33.8,132.0,121.0,1.4,c60eac85-1df1-4fa1-bef5-71a883d08d60,BOS,WAS,Home,133,129,1
Al Horford,1,23.116666666666667,2,5,0.4,1,2,0.5,1,2,0.5,2,3,5,1,2,0,0,1,6,7.0,0.51,0.5,0.4,0.4,9.7,13.8,11.8,4.7,3.8,0.0,0.0,10.4,128.0,116.0,0.1,c60eac85-1df1-4fa1-bef5-71a883d08d60,BOS,WAS,Home,133,129,1
Payton Pritchard,1,16.9,4,7,0.571,2,5,0.4,1,1,1.0,0,6,6,1,0,0,0,0,11,7.0,0.739,0.714,0.714,0.143,0.0,37.9,19.4,7.8,0.0,0.0,0.0,18.0,151.0,123.0,4.5,c60eac85-1df1-4fa1-bef5-71a883d08d60,BOS,WAS,Home,133,129,1
Sam Hauser,1,16.216666666666665,1,6,0.167,1,6,0.167,2,2,1.0,0,1,1,1,1,0,0,1,5,14.0,0.363,0.25,1.0,0.333,0.0,6.6,3.4,6.6,2.7,0.0,0.0,17.4,89.0,120.0,-7.2,c60eac85-1df1-4fa1-bef5-71a883d08d60,BOS,WAS,Home,133,129,1
Luke Kornet,1,11.116666666666667,0,0,0.0,0,0,0.0,0,0,0.0,0,0,0,0,0,1,0,2,0,4.0,0.0,0.0,0.0,0.0,0.0,0.0,0.0,0.0,0.0,9.0,0.0,0.0,0.0,120.0,-7.3,c60eac85-1df1-4fa1-bef5-71a883d08d60,BOS,WAS,Home,133,129,1
Oshae Brissett,0,0.0,0,0,0.0,0,0,0.0,0,0,0.0,0,0,0,0,0,0,0,0,0,0.0,0.0,0.0,0.0,0.0,0.0,0.0,0.0,0.0,0.0,0.0,0.0,0.0,0.0,0.0,0.0,c60eac85-1df1-4fa1-bef5-71a883d08d60,BOS,WAS,Home,133,129,1
JD Davison,0,0.0,0,0,0.0,0,0,0.0,0,0,0.0,0,0,0,0,0,0,0,0,0,0.0,0.0,0.0,0.0,0.0,0.0,0.0,0.0,0.0,0.0,0.0,0.0,0.0,0.0,0.0,0.0,c60eac85-1df1-4fa1-bef5-71a883d08d60,BOS,WAS,Home,133,129,1
Svi Mykhailiuk,0,0.0,0,0,0.0,0,0,0.0,0,0,0.0,0,0,0,0,0,0,0,0,0,0.0,0.0,0.0,0.0,0.0,0.0,0.0,0.0,0.0,0.0,0.0,0.0,0.0,0.0,0.0,0.0,c60eac85-1df1-4fa1-bef5-71a883d08d60,BOS,WAS,Home,133,129,1
Drew Peterson,0,0.0,0,0,0.0,0,0,0.0,0,0,0.0,0,0,0,0,0,0,0,0,0,0.0,0.0,0.0,0.0,0.0,0.0,0.0,0.0,0.0,0.0,0.0,0.0,0.0,0.0,0.0,0.0,c60eac85-1df1-4fa1-bef5-71a883d08d60,BOS,WAS,Home,133,129,1
Jordan Walsh,0,0.0,0,0,0.0,0,0,0.0,0,0,0.0,0,0,0,0,0,0,0,0,0,0.0,0.0,0.0,0.0,0.0,0.0,0.0,0.0,0.0,0.0,0.0,0.0,0.0,0.0,0.0,0.0,c60eac85-1df1-4fa1-bef5-71a883d08d60,BOS,WAS,Home,133,129,1
Jayson Tatum,1,38.68333333333333,11,20,0.55,2,6,0.333,2,2,1.0,1,9,10,9,0,2,1,1,26,5.0,0.623,0.6,0.3,0.1,3.4,22.3,14.3,40.8,0.0,4.4,4.6,27.9,135.0,113.0,11.1,9f1f5b1f-ae4f-415e-90aa-d98ad946fd52,BOS,MIA,Away,110,106,1
Derrick White,1,37.91666666666666,3,9,0.333,0,5,0.0,0,0,0.0,0,2,2,4,0,1,1,2,6,6.0,0.333,0.333,0.556,0.0,0.0,5.1,2.9,13.6,0.0,2.2,10.0,13.0,83.0,122.0,-9.7,9f1f5b1f-ae4f-415e-90aa-d98ad946fd52,BOS,MIA,Away,110,106,1
Jaylen Brown,1,37.2,8,16,0.5,3,8,0.375,1,4,0.25,3,6,9,2,0,0,6,1,20,3.0,0.563,0.594,0.5,0.25,10.5,15.5,13.3,8.4,0.0,0.0,25.3,31.5,88.0,118.0,-8.5,9f1f5b1f-ae4f-415e-90aa-d98ad946fd52,BOS,MIA,Away,110,106,1
Jrue Holiday,1,35.45,5,8,0.625,5,6,0.833,0,0,0.0,1,2,3,6,1,1,0,3,15,4.0,0.938,0.938,0.75,0.0,3.7,5.4,4.7,23.7,1.5,2.4,0.0,11.1,189.0,118.0,12.1,9f1f5b1f-ae4f-415e-90aa-d98ad946fd52,BOS,MIA,Away,110,106,1
Kristaps Porziņģis,1,31.566666666666663,8,14,0.571,2,4,0.5,7,9,0.778,0,9,9,3,0,2,1,4,25,2.0,0.696,0.643,0.286,0.643,0.0,27.4,15.7,15.8,0.0,5.3,5.3,29.6,136.0,110.0,8.1,9f1f5b1f-ae4f-415e-90aa-d98ad946fd52,BOS,MIA,Away,110,106,1
Al Horford,1,24.85,1,5,0.2,0,2,0.0,2,2,1.0,0,5,5,0,0,3,0,1,4,2.0,0.34,0.2,0.4,0.4,0.0,19.3,11.1,0.0,0.0,10.2,0.0,11.7,74.0,110.0,-5.4,9f1f5b1f-ae4f-415e-90aa-d98ad946fd52,BOS,MIA,Away,110,106,1
Payton Pritchard,1,15.316666666666666,3,5,0.6,2,4,0.5,0,0,0.0,1,2,3,2,0,0,0,0,8,-6.0,0.8,0.8,0.8,0.0,8.5,12.5,10.8,19.8,0.0,0.0,0.0,16.1,167.0,120.0,9.4,9f1f5b1f-ae4f-415e-90aa-d98ad946fd52,BOS,MIA,Away,110,106,1
Sam Hauser,1,14.733333333333333,2,4,0.5,2,4,0.5,0,0,0.0,0,0,0,0,0,0,0,1,6,0.0,0.75,0.75,1.0,0.0,0.0,0.0,0.0,0.0,0.0,0.0,0.0,13.4,135.0,125.0,-0.9,9f1f5b1f-ae4f-415e-90aa-d98ad946fd52,BOS,MIA,Away,110,106,1
Luke Kornet,1,2.2,0,0,0.0,0,0,0.0,0,0,0.0,0,0,0,0,0,0,0,0,0,0.0,0.0,0.0,0.0,0.0,0.0,0.0,0.0,0.0,0.0,0.0,0.0,0.0,0.0,125.0,-8.1,9f1f5b1f-ae4f-415e-90aa-d98ad946fd52,BOS,MIA,Away,110,106,1
Oshae Brissett,1,2.083333333333333,0,0,0.0,0,0,0.0,0,0,0.0,0,1,1,1,0,0,0,0,0,4.0,0.0,0.0,0.0,0.0,0.0,46.1,26.5,56.2,0.0,0.0,0.0,0.0,239.0,105.0,19.4,9f1f5b1f-ae4f-415e-90aa-d98ad946fd52,BOS,MIA,Away,110,106,1
Svi Mykhailiuk,0,0.0,0,0,0.0,0,0,0.0,0,0,0.0,0,0,0,0,0,0,0,0,0,0.0,0.0,0.0,0.0,0.0,0.0,0.0,0.0,0.0,0.0,0.0,0.0,0.0,0.0,0.0,0.0,9f1f5b1f-ae4f-415e-90aa-d98ad946fd52,BOS,MIA,Away,110,106,1
Jordan Walsh,0,0.0,0,0,0.0,0,0,0.0,0,0,0.0,0,0,0,0,0,0,0,0,0,0.0,0.0,0.0,0.0,0.0,0.0,0.0,0.0,0.0,0.0,0.0,0.0,0.0,0.0,0.0,0.0,9f1f5b1f-ae4f-415e-90aa-d98ad946fd52,BOS,MIA,Away,110,106,1
Jayson Tatum,1,38.98333333333333,14,26,0.538,5,11,0.455,8,8,1.0,0,14,14,5,2,1,2,3,41,21.0,0.694,0.635,0.423,0.308,0.0,44.2,22.7,23.9,2.6,2.7,6.3,36.6,133.0,106.0,15.9,ef3faec5-1014-4bcd-bb58-51dbfd33e481,BOS,BRK,Away,118,110,1
Derrick White,1,38.31666666666667,6,11,0.545,3,6,0.5,1,1,1.0,0,2,2,3,0,0,2,1,16,6.0,0.699,0.682,0.545,0.091,0.0,6.4,3.3,10.6,0.0,0.0,14.9,15.9,118.0,121.0,-1.4,ef3faec5-1014-4bcd-bb58-51dbfd33e481,BOS,BRK,Away,118,110,1
Jaylen Brown,1,37.43333333333333,7,19,0.368,1,6,0.167,4,6,0.667,1,0,1,4,1,0,4,5,19,9.0,0.439,0.395,0.316,0.316,3.5,0.0,1.7,15.1,1.3,0.0,15.6,31.0,86.0,119.0,-12.2,ef3faec5-1014-4bcd-bb58-51dbfd33e481,BOS,BRK,Away,118,110,1
Al Horford,1,36.56666666666667,6,6,1.0,2,2,1.0,2,2,1.0,1,5,6,4,1,0,0,0,16,2.0,1.163,1.167,0.333,0.333,3.5,16.8,10.4,14.9,1.4,0.0,0.0,8.5,236.0,116.0,12.9,ef3faec5-1014-4bcd-bb58-51dbfd33e481,BOS,BRK,Away,118,110,1
Jrue Holiday,1,35.2,6,10,0.6,2,4,0.5,0,0,0.0,0,5,5,12,2,0,3,5,14,18.0,0.7,0.7,0.4,0.0,0.0,17.5,9.0,47.0,2.9,0.0,23.1,16.7,133.0,112.0,8.7,ef3faec5-1014-4bcd-bb58-51dbfd33e481,BOS,BRK,Away,118,110,1
Payton Pritchard,1,15.4,1,6,0.167,1,5,0.2,0,0,0.0,1,2,3,1,0,0,1,3,3,-8.0,0.25,0.25,0.833,0.0,8.4,16.0,12.3,7.8,0.0,0.0,14.3,20.6,64.0,118.0,-17.4,ef3faec5-1014-4bcd-bb58-51dbfd33e481,BOS,BRK,Away,118,110,1
Luke Kornet,1,14.883333333333333,2,2,1.0,0,0,0.0,1,2,0.5,2,3,5,1,0,0,1,5,5,4.0,0.868,1.0,0.0,1.0,17.4,24.8,21.2,8.8,0.0,0.0,25.8,11.8,144.0,116.0,-3.6,ef3faec5-1014-4bcd-bb58-51dbfd33e481,BOS,BRK,Away,118,110,1
Sam Hauser,1,14.333333333333334,1,3,0.333,1,3,0.333,0,0,0.0,1,1,2,0,0,0,0,2,3,1.0,0.5,0.5,1.0,0.0,9.1,8.6,8.8,0.0,0.0,0.0,0.0,9.5,116.0,120.0,-6.0,ef3faec5-1014-4bcd-bb58-51dbfd33e481,BOS,BRK,Away,118,110,1
Oshae Brissett,1,8.883333333333333,0,0,0.0,0,0,0.0,1,4,0.25,1,0,1,1,0,0,0,0,1,-13.0,0.284,0.0,0.0,0.0,14.6,0.0,7.1,12.6,0.0,0.0,0.0,9.0,112.0,122.0,-3.0,ef3faec5-1014-4bcd-bb58-51dbfd33e481,BOS,BRK,Away,118,110,1
Svi Mykhailiuk,0,0.0,0,0,0.0,0,0,0.0,0,0,0.0,0,0,0,0,0,0,0,0,0,0.0,0.0,0.0,0.0,0.0,0.0,0.0,0.0,0.0,0.0,0.0,0.0,0.0,0.0,0.0,0.0,ef3faec5-1014-4bcd-bb58-51dbfd33e481,BOS,BRK,Away,118,110,1
Neemias Queta,0,0.0,0,0,0.0,0,0,0.0,0,0,0.0,0,0,0,0,0,0,0,0,0,0.0,0.0,0.0,0.0,0.0,0.0,0.0,0.0,0.0,0.0,0.0,0.0,0.0,0.0,0.0,0.0,ef3faec5-1014-4bcd-bb58-51dbfd33e481,BOS,BRK,Away,118,110,1
Jordan Walsh,0,0.0,0,0,0.0,0,0,0.0,0,0,0.0,0,0,0,0,0,0,0,0,0,0.0,0.0,0.0,0.0,0.0,0.0,0.0,0.0,0.0,0.0,0.0,0.0,0.0,0.0,0.0,0.0,ef3faec5-1014-4bcd-bb58-51dbfd33e481,BOS,BRK,Away,118,110,1
Sam Hauser,1,29.116666666666667,5,9,0.556,4,8,0.5,0,0,0.0,0,5,5,2,1,0,0,0,14,40.0,0.778,0.778,0.889,0.0,0.0,17.5,10.1,7.5,1.8,0.0,0.0,14.2,163.0,95.0,8.0,53d307de-eac9-40e8-b88b-46b9af9f7fec,BOS,BRK,Home,136,86,1
Jayson Tatum,1,28.383333333333333,7,16,0.438,2,7,0.286,4,5,0.8,1,6,7,9,0,0,1,0,20,27.0,0.549,0.5,0.438,0.313,4.8,21.6,14.4,37.9,0.0,0.0,5.2,31.1,138.0,98.0,6.6,53d307de-eac9-40e8-b88b-46b9af9f7fec,BOS,BRK,Home,136,86,1
Derrick White,1,27.766666666666666,10,16,0.625,5,10,0.5,2,2,1.0,0,5,5,4,1,0,2,2,27,44.0,0.8,0.781,0.625,0.125,0.0,18.4,10.5,19.9,1.9,0.0,10.6,31.3,147.0,94.0,12.0,53d307de-eac9-40e8-b88b-46b9af9f7fec,BOS,BRK,Home,136,86,1
Jrue Holiday,1,24.066666666666663,1,3,0.333,1,2,0.5,0,0,0.0,1,3,4,5,0,0,0,0,3,31.0,0.5,0.5,0.667,0.0,5.7,12.7,9.7,19.9,0.0,0.0,0.0,5.7,173.0,100.0,2.9,53d307de-eac9-40e8-b88b-46b9af9f7fec,BOS,BRK,Home,136,86,1
Kristaps Porziņģis,1,16.116666666666667,6,9,0.667,3,4,0.75,0,0,0.0,0,5,5,1,0,1,1,0,15,16.0,0.833,0.833,0.444,0.0,0.0,31.7,18.2,8.7,0.0,6.0,10.0,28.6,141.0,91.0,14.5,53d307de-eac9-40e8-b88b-46b9af9f7fec,BOS,BRK,Home,136,86,1
Payton Pritchard,1,31.73333333333333,11,16,0.688,6,9,0.667,0,0,0.0,1,3,4,3,0,0,0,1,28,29.0,0.875,0.875,0.563,0.0,4.3,9.7,7.4,12.8,0.0,0.0,0.0,23.2,179.0,101.0,13.8,53d307de-eac9-40e8-b88b-46b9af9f7fec,BOS,BRK,Home,136,86,1
Oshae Brissett,1,19.53333333333333,3,6,0.5,1,3,0.333,4,5,0.8,0,4,4,5,1,0,0,1,11,11.0,0.671,0.583,0.5,0.833,0.0,20.9,12.0,27.5,2.7,0.0,0.0,19.3,166.0,92.0,13.0,53d307de-eac9-40e8-b88b-46b9af9f7fec,BOS,BRK,Home,136,86,1
Luke Kornet,1,18.55,4,5,0.8,0,0,0.0,0,0,0.0,4,4,8,3,1,3,0,2,8,27.0,0.8,0.8,0.0,0.0,29.6,22.0,25.2,18.6,2.8,15.5,0.0,12.4,195.0,78.0,19.0,53d307de-eac9-40e8-b88b-46b9af9f7fec,BOS,BRK,Home,136,86,1
Jordan Walsh,1,18.166666666666668,0,3,0.0,0,2,0.0,0,0,0.0,1,4,5,0,1,1,2,3,0,8.0,0.0,0.0,0.667,0.0,7.5,22.5,16.1,0.0,2.9,5.3,40.0,12.7,22.0,86.0,-13.7,53d307de-eac9-40e8-b88b-46b9af9f7fec,BOS,BRK,Home,136,86,1
Svi Mykhailiuk,1,13.35,1,2,0.5,0,0,0.0,0,0,0.0,0,0,0,0,0,0,1,1,2,8.0,0.5,0.5,0.0,0.0,0.0,0.0,0.0,0.0,0.0,0.0,33.3,10.3,63.0,103.0,-12.7,53d307de-eac9-40e8-b88b-46b9af9f7fec,BOS,BRK,Home,136,86,1
Neemias Queta,1,13.216666666666669,4,6,0.667,0,0,0.0,0,0,0.0,2,2,4,0,1,0,1,3,8,9.0,0.667,0.667,0.0,0.0,20.8,15.5,17.7,0.0,4.0,0.0,14.3,24.4,125.0,90.0,-5.1,53d307de-eac9-40e8-b88b-46b9af9f7fec,BOS,BRK,Home,136,86,1
Jayson Tatum,1,34.916666666666664,8,17,0.471,5,10,0.5,4,6,0.667,0,7,7,5,3,0,3,3,25,13.0,0.636,0.618,0.588,0.353,0.0,21.9,11.9,20.2,4.2,0.0,13.3,29.6,117.0,110.0,3.0,9755b269-df85-4485-8ef5-67f45f78a2f4,BOS,CHI,Away,129,112,1
Derrick White,1,33.18333333333333,9,14,0.643,5,10,0.5,5,5,1.0,0,3,3,5,2,3,2,1,28,15.0,0.864,0.821,0.714,0.357,0.0,9.9,5.4,22.6,2.9,6.6,11.0,25.0,156.0,112.0,16.4,9755b269-df85-4485-8ef5-67f45f78a2f4,BOS,CHI,Away,129,112,1
Jaylen Brown,1,32.916666666666664,7,12,0.583,3,5,0.6,4,6,0.667,0,5,5,5,1,1,2,2,21,19.0,0.717,0.708,0.417,0.5,0.0,16.6,9.0,21.0,1.5,2.2,12.0,23.1,135.0,116.0,3.9,9755b269-df85-4485-8ef5-67f45f78a2f4,BOS,CHI,Away,129,112,1
Kristaps Porziņģis,1,29.666666666666668,5,16,0.313,2,9,0.222,2,2,1.0,0,4,4,1,1,3,1,4,14,13.0,0.415,0.375,0.563,0.125,0.0,14.7,8.0,4.4,1.6,7.4,5.6,27.5,82.0,112.0,-11.2,9755b269-df85-4485-8ef5-67f45f78a2f4,BOS,CHI,Away,129,112,1
Jrue Holiday,1,29.25,3,5,0.6,2,3,0.667,1,2,0.5,0,3,3,6,2,1,2,3,9,9.0,0.765,0.8,0.6,0.4,0.0,11.2,6.1,24.6,3.3,2.5,25.4,12.3,137.0,113.0,4.5,9755b269-df85-4485-8ef5-67f45f78a2f4,BOS,CHI,Away,129,112,1
Al Horford,1,22.633333333333333,0,1,0.0,0,0,0.0,0,0,0.0,1,4,5,0,0,1,1,1,0,1.0,0.0,0.0,0.0,0.0,5.7,19.3,13.1,0.0,0.0,3.2,50.0,4.0,47.0,118.0,-8.9,9755b269-df85-4485-8ef5-67f45f78a2f4,BOS,CHI,Away,129,112,1
Payton Pritchard,1,19.85,3,6,0.5,3,6,0.5,0,0,0.0,0,3,3,1,0,0,2,0,9,-1.0,0.75,0.75,1.0,0.0,0.0,16.5,9.0,6.4,0.0,0.0,25.0,18.4,104.0,121.0,-4.1,9755b269-df85-4485-8ef5-67f45f78a2f4,BOS,CHI,Away,129,112,1
Sam Hauser,1,14.466666666666669,3,3,1.0,2,2,1.0,0,0,0.0,0,1,1,1,0,1,0,0,8,6.0,1.333,1.333,0.667,0.0,0.0,7.5,4.1,9.5,0.0,5.0,0.0,9.5,264.0,120.0,14.4,9755b269-df85-4485-8ef5-67f45f78a2f4,BOS,CHI,Away,129,112,1
Luke Kornet,1,13.866666666666667,5,6,0.833,0,0,0.0,0,0,0.0,4,0,4,2,1,0,0,1,10,10.0,0.833,0.833,0.0,0.0,37.4,0.0,17.1,25.0,3.5,0.0,0.0,19.7,191.0,118.0,13.0,9755b269-df85-4485-8ef5-67f45f78a2f4,BOS,CHI,Away,129,112,1
Xavier Tillman Sr.,1,2.55,1,1,1.0,0,0,0.0,0,0,0.0,0,0,0,0,0,1,0,1,2,0.0,1.0,1.0,0.0,0.0,0.0,0.0,0.0,0.0,0.0,28.5,0.0,17.9,200.0,106.0,16.7,9755b269-df85-4485-8ef5-67f45f78a2f4,BOS,CHI,Away,129,112,1
Svi Mykhailiuk,1,2.2333333333333334,1,1,1.0,1,1,1.0,0,0,0.0,0,1,1,1,0,0,0,0,3,0.0,1.5,1.5,1.0,0.0,0.0,48.8,26.5,91.4,0.0,0.0,0.0,20.4,285.0,110.0,53.0,9755b269-df85-4485-8ef5-67f45f78a2f4,BOS,CHI,Away,129,112,1
Oshae Brissett,1,2.2333333333333334,0,0,0.0,0,0,0.0,0,0,0.0,0,0,0,0,0,0,0,0,0,0.0,0.0,0.0,0.0,0.0,0.0,0.0,0.0,0.0,0.0,0.0,0.0,0.0,0.0,126.0,-6.5,9755b269-df85-4485-8ef5-67f45f78a2f4,BOS,CHI,Away,129,112,1
Jaden Springer,1,2.2333333333333334,0,1,0.0,0,1,0.0,0,0,0.0,0,0,0,0,0,0,0,0,0,0.0,0.0,0.0,1.0,0.0,0.0,0.0,0.0,0.0,0.0,0.0,0.0,20.4,0.0,126.0,-31.0,9755b269-df85-4485-8ef5-67f45f78a2f4,BOS,CHI,Away,129,112,1
Jayson Tatum,1,43.36666666666667,7,15,0.467,2,8,0.25,3,4,0.75,1,5,6,6,2,1,4,3,19,15.0,0.567,0.533,0.533,0.267,3.2,13.8,8.9,17.4,2.7,2.5,19.3,24.6,111.0,122.0,-2.0,033c02df-a7e5-4ba3-9ace-880f2eab8acb,BOS,NYK,Away,116,102,1
Jrue Holiday,1,35.05,5,10,0.5,2,6,0.333,0,0,0.0,0,1,1,6,2,1,1,2,12,14.0,0.6,0.6,0.6,0.0,0.0,3.4,1.8,21.0,3.3,3.1,9.1,16.1,135.0,125.0,4.0,033c02df-a7e5-4ba3-9ace-880f2eab8acb,BOS,NYK,Away,116,102,1
Jaylen Brown,1,34.95,13,24,0.542,3,9,0.333,1,3,0.333,0,8,8,3,1,0,0,2,30,15.0,0.592,0.604,0.375,0.125,0.0,27.5,14.6,14.6,1.7,0.0,0.0,37.3,129.0,119.0,1.8,033c02df-a7e5-4ba3-9ace-880f2eab8acb,BOS,NYK,Away,116,102,1
Derrick White,1,32.333333333333336,5,8,0.625,3,5,0.6,0,0,0.0,1,2,3,6,2,0,0,1,13,7.0,0.813,0.813,0.625,0.0,4.2,7.4,5.9,23.1,3.6,0.0,0.0,12.7,185.0,124.0,11.8,033c02df-a7e5-4ba3-9ace-880f2eab8acb,BOS,NYK,Away,116,102,1
Kristaps Porziņģis,1,31.53333333333333,7,11,0.636,3,4,0.75,5,5,1.0,2,2,4,4,0,1,1,3,22,12.0,0.833,0.773,0.364,0.455,8.7,7.6,8.1,17.2,0.0,3.5,7.0,23.2,170.0,130.0,10.9,033c02df-a7e5-4ba3-9ace-880f2eab8acb,BOS,NYK,Away,116,102,1
Al Horford,1,26.316666666666663,5,7,0.714,0,0,0.0,0,0,0.0,4,3,7,0,0,1,0,2,10,11.0,0.714,0.714,0.0,0.0,20.8,13.7,17.0,0.0,0.0,4.1,0.0,13.7,165.0,127.0,-0.4,033c02df-a7e5-4ba3-9ace-880f2eab8acb,BOS,NYK,Away,116,102,1
Payton Pritchard,1,15.283333333333331,1,3,0.333,0,1,0.0,0,0,0.0,2,0,2,2,1,0,1,2,2,3.0,0.333,0.333,0.333,0.0,17.9,0.0,8.4,14.7,3.8,0.0,25.0,13.5,108.0,127.0,-6.5,033c02df-a7e5-4ba3-9ace-880f2eab8acb,BOS,NYK,Away,116,102,1
Sam Hauser,1,10.483333333333333,2,2,1.0,2,2,1.0,0,0,0.0,1,2,3,0,0,0,0,1,6,-1.0,1.5,1.5,1.0,0.0,13.1,22.9,18.3,0.0,0.0,0.0,0.0,9.8,278.0,125.0,15.8,033c02df-a7e5-4ba3-9ace-880f2eab8acb,BOS,NYK,Away,116,102,1
Luke Kornet,1,9.533333333333331,1,1,1.0,0,0,0.0,0,0,0.0,0,2,2,0,0,0,0,0,2,-4.0,1.0,1.0,0.0,0.0,0.0,25.2,13.4,0.0,0.0,0.0,0.0,5.4,200.0,124.0,-1.7,033c02df-a7e5-4ba3-9ace-880f2eab8acb,BOS,NYK,Away,116,102,1
Jaden Springer,1,1.15,0,0,0.0,0,0,0.0,0,0,0.0,0,0,0,0,0,0,0,0,0,-2.0,0.0,0.0,0.0,0.0,0.0,0.0,0.0,0.0,0.0,0.0,0.0,0.0,0.0,135.0,-7.4,033c02df-a7e5-4ba3-9ace-880f2eab8acb,BOS,NYK,Away,116,102,1
Oshae Brissett,0,0.0,0,0,0.0,0,0,0.0,0,0,0.0,0,0,0,0,0,0,0,0,0,0.0,0.0,0.0,0.0,0.0,0.0,0.0,0.0,0.0,0.0,0.0,0.0,0.0,0.0,0.0,0.0,033c02df-a7e5-4ba3-9ace-880f2eab8acb,BOS,NYK,Away,116,102,1
Svi Mykhailiuk,0,0.0,0,0,0.0,0,0,0.0,0,0,0.0,0,0,0,0,0,0,0,0,0,0.0,0.0,0.0,0.0,0.0,0.0,0.0,0.0,0.0,0.0,0.0,0.0,0.0,0.0,0.0,0.0,033c02df-a7e5-4ba3-9ace-880f2eab8acb,BOS,NYK,Away,116,102,1
Xavier Tillman Sr.,0,0.0,0,0,0.0,0,0,0.0,0,0,0.0,0,0,0,0,0,0,0,0,0,0.0,0.0,0.0,0.0,0.0,0.0,0.0,0.0,0.0,0.0,0.0,0.0,0.0,0.0,0.0,0.0,033c02df-a7e5-4ba3-9ace-880f2eab8acb,BOS,NYK,Away,116,102,1
Jrue Holiday,1,34.96666666666667,6,8,0.75,1,1,1.0,0,0,0.0,3,4,7,4,1,2,4,0,13,19.0,0.813,0.813,0.125,0.0,14.2,10.0,11.4,17.8,1.4,5.3,33.3,15.8,119.0,104.0,6.5,e977e5db-be97-452d-86ea-24ffe2a91278,BOS,PHI,Home,117,99,1
Jayson Tatum,1,34.75,9,20,0.45,1,7,0.143,10,11,0.909,0,11,11,8,0,1,1,1,29,27.0,0.584,0.475,0.35,0.55,0.0,27.6,18.1,41.6,0.0,2.7,3.9,34.2,136.0,105.0,9.6,e977e5db-be97-452d-86ea-24ffe2a91278,BOS,PHI,Home,117,99,1
Jaylen Brown,1,34.68333333333333,11,14,0.786,1,2,0.5,8,10,0.8,1,5,6,1,1,0,4,4,31,25.0,0.842,0.821,0.143,0.714,4.8,12.6,9.9,5.8,1.5,0.0,17.9,29.7,137.0,108.0,5.4,e977e5db-be97-452d-86ea-24ffe2a91278,BOS,PHI,Home,117,99,1
Kristaps Porziņģis,1,31.316666666666663,5,12,0.417,1,2,0.5,12,12,1.0,4,8,12,1,1,1,1,1,23,29.0,0.666,0.458,0.167,1.0,21.1,22.3,21.9,4.9,1.6,2.9,5.5,26.9,150.0,102.0,7.2,e977e5db-be97-452d-86ea-24ffe2a91278,BOS,PHI,Home,117,99,1
Derrick White,1,29.98333333333333,2,6,0.333,0,2,0.0,2,2,1.0,0,6,6,6,2,3,2,0,6,31.0,0.436,0.333,0.333,0.333,0.0,17.5,11.4,26.8,3.4,9.2,22.5,13.6,101.0,94.0,6.8,e977e5db-be97-452d-86ea-24ffe2a91278,BOS,PHI,Home,117,99,1
Al Horford,1,21.183333333333334,4,6,0.667,0,2,0.0,0,0,0.0,0,5,5,1,1,1,0,1,8,-5.0,0.667,0.667,0.333,0.0,0.0,20.6,13.5,7.6,2.4,4.4,0.0,13.0,143.0,100.0,5.7,e977e5db-be97-452d-86ea-24ffe2a91278,BOS,PHI,Home,117,99,1
Sam Hauser,1,21.183333333333334,1,2,0.5,1,2,0.5,0,0,0.0,0,5,5,0,0,1,1,4,3,-17.0,0.75,0.75,1.0,0.0,0.0,20.6,13.5,0.0,0.0,4.4,33.3,6.5,91.0,105.0,-3.7,e977e5db-be97-452d-86ea-24ffe2a91278,BOS,PHI,Home,117,99,1
Payton Pritchard,1,16.2,1,4,0.25,0,3,0.0,0,0,0.0,0,2,2,0,1,0,1,1,2,-13.0,0.25,0.25,0.75,0.0,0.0,10.8,7.1,0.0,3.1,0.0,20.0,14.2,45.0,104.0,-11.9,e977e5db-be97-452d-86ea-24ffe2a91278,BOS,PHI,Home,117,99,1
Luke Kornet,1,11.1,0,0,0.0,0,0,0.0,2,2,1.0,0,1,1,0,0,0,0,3,2,0.0,1.136,0.0,0.0,0.0,0.0,7.9,5.1,0.0,0.0,0.0,0.0,3.6,250.0,112.0,-5.3,e977e5db-be97-452d-86ea-24ffe2a91278,BOS,PHI,Home,117,99,1
Oshae Brissett,1,2.5666666666666664,0,1,0.0,0,1,0.0,0,0,0.0,0,0,0,0,0,0,0,0,0,-4.0,0.0,0.0,1.0,0.0,0.0,0.0,0.0,0.0,0.0,0.0,0.0,17.9,0.0,114.0,-23.6,e977e5db-be97-452d-86ea-24ffe2a91278,BOS,PHI,Home,117,99,1
Jaden Springer,1,2.066666666666667,0,1,0.0,0,0,0.0,0,0,0.0,1,0,1,0,0,0,0,1,0,-2.0,0.0,0.0,0.0,0.0,80.1,0.0,27.6,0.0,0.0,0.0,0.0,22.3,78.0,114.0,-25.1,e977e5db-be97-452d-86ea-24ffe2a91278,BOS,PHI,Home,117,99,1
Svi Mykhailiuk,0,0.0,0,0,0.0,0,0,0.0,0,0,0.0,0,0,0,0,0,0,0,0,0,0.0,0.0,0.0,0.0,0.0,0.0,0.0,0.0,0.0,0.0,0.0,0.0,0.0,0.0,0.0,0.0,e977e5db-be97-452d-86ea-24ffe2a91278,BOS,PHI,Home,117,99,1
Xavier Tillman Sr.,0,0.0,0,0,0.0,0,0,0.0,0,0,0.0,0,0,0,0,0,0,0,0,0,0.0,0.0,0.0,0.0,0.0,0.0,0.0,0.0,0.0,0.0,0.0,0.0,0.0,0.0,0.0,0.0,e977e5db-be97-452d-86ea-24ffe2a91278,BOS,PHI,Home,117,99,1
Jordan Walsh,0,0.0,0,0,0.0,0,0,0.0,0,0,0.0,0,0,0,0,0,0,0,0,0,0.0,0.0,0.0,0.0,0.0,0.0,0.0,0.0,0.0,0.0,0.0,0.0,0.0,0.0,0.0,0.0,e977e5db-be97-452d-86ea-24ffe2a91278,BOS,PHI,Home,117,99,1
Jayson Tatum,1,37.16666666666666,10,19,0.526,5,9,0.556,7,7,1.0,0,8,8,3,0,0,4,2,32,17.0,0.725,0.658,0.474,0.368,0.0,21.5,11.6,9.9,0.0,0.0,15.3,31.0,124.0,115.0,1.6,eac0addb-ddc8-4139-a949-17ed2ef5728f,BOS,DAL,Home,138,110,1
Derrick White,1,32.36666666666667,5,10,0.5,3,6,0.5,0,0,0.0,1,6,7,8,1,2,2,2,13,21.0,0.65,0.65,0.6,0.0,3.6,18.5,11.7,26.6,1.5,4.9,16.7,16.4,135.0,109.0,7.9,eac0addb-ddc8-4139-a949-17ed2ef5728f,BOS,DAL,Home,138,110,1
Jaylen Brown,1,30.78333333333333,11,20,0.55,2,5,0.4,1,1,1.0,1,6,7,5,1,0,0,3,25,16.0,0.612,0.6,0.25,0.05,3.8,19.5,12.3,22.4,1.6,0.0,0.0,29.3,136.0,112.0,4.1,eac0addb-ddc8-4139-a949-17ed2ef5728f,BOS,DAL,Home,138,110,1
Kristaps Porziņģis,1,29.416666666666668,8,14,0.571,4,8,0.5,4,4,1.0,3,3,6,2,0,1,0,2,24,14.0,0.761,0.714,0.571,0.286,11.9,10.2,11.0,8.4,0.0,2.7,0.0,23.7,164.0,116.0,9.1,eac0addb-ddc8-4139-a949-17ed2ef5728f,BOS,DAL,Home,138,110,1
Jrue Holiday,1,26.83333333333333,4,6,0.667,3,3,1.0,0,0,0.0,0,2,2,7,2,1,0,1,11,12.0,0.917,0.917,0.5,0.0,0.0,7.5,4.0,27.9,3.7,3.0,0.0,9.9,198.0,109.0,17.0,eac0addb-ddc8-4139-a949-17ed2ef5728f,BOS,DAL,Home,138,110,1
Al Horford,1,27.73333333333333,5,8,0.625,2,5,0.4,0,0,0.0,1,7,8,3,0,2,1,1,12,21.0,0.75,0.75,0.625,0.0,4.2,25.2,15.6,12.0,0.0,5.8,11.1,14.3,143.0,110.0,6.8,eac0addb-ddc8-4139-a949-17ed2ef5728f,BOS,DAL,Home,138,110,1
Payton Pritchard,1,16.016666666666666,4,7,0.571,2,4,0.5,0,0,0.0,1,1,2,1,0,0,1,2,10,6.0,0.714,0.714,0.571,0.0,7.3,6.2,6.7,7.5,0.0,0.0,12.5,22.1,128.0,119.0,-1.4,eac0addb-ddc8-4139-a949-17ed2ef5728f,BOS,DAL,Home,138,110,1
Sam Hauser,1,15.183333333333334,0,3,0.0,0,3,0.0,0,0,0.0,0,4,4,1,0,0,0,1,0,8.0,0.0,0.0,1.0,0.0,0.0,26.3,14.2,6.1,0.0,0.0,0.0,8.7,29.0,114.0,-12.7,eac0addb-ddc8-4139-a949-17ed2ef5728f,BOS,DAL,Home,138,110,1
Xavier Tillman Sr.,1,15.1,3,3,1.0,0,0,0.0,0,0,0.0,0,1,1,2,0,1,0,1,6,13.0,1.0,1.0,0.0,0.0,0.0,6.6,3.6,15.0,0.0,5.3,0.0,8.8,210.0,115.0,8.9,eac0addb-ddc8-4139-a949-17ed2ef5728f,BOS,DAL,Home,138,110,1
Oshae Brissett,1,3.9166666666666665,1,2,0.5,0,0,0.0,1,1,1.0,0,0,0,0,0,1,0,0,3,4.0,0.615,0.5,0.0,0.5,0.0,0.0,0.0,0.0,0.0,20.4,0.0,27.5,129.0,105.0,5.7,eac0addb-ddc8-4139-a949-17ed2ef5728f,BOS,DAL,Home,138,110,1
Svi Mykhailiuk,1,3.5666666666666664,0,0,0.0,0,0,0.0,0,0,0.0,1,0,1,1,0,0,1,0,0,5.0,0.0,0.0,0.0,0.0,32.8,0.0,15.1,25.9,0.0,0.0,100.0,12.4,102.0,121.0,-2.9,eac0addb-ddc8-4139-a949-17ed2ef5728f,BOS,DAL,Home,138,110,1
Jaden Springer,1,1.9166666666666663,1,2,0.5,0,0,0.0,0,0,0.0,1,0,1,0,0,0,0,0,2,3.0,0.5,0.5,0.0,0.0,61.1,0.0,28.1,0.0,0.0,0.0,0.0,46.1,128.0,121.0,-3.5,eac0addb-ddc8-4139-a949-17ed2ef5728f,BOS,DAL,Home,138,110,1
Luke Kornet,0,0.0,0,0,0.0,0,0,0.0,0,0,0.0,0,0,0,0,0,0,0,0,0,0.0,0.0,0.0,0.0,0.0,0.0,0.0,0.0,0.0,0.0,0.0,0.0,0.0,0.0,0.0,0.0,eac0addb-ddc8-4139-a949-17ed2ef5728f,BOS,DAL,Home,138,110,1
Jrue Holiday,1,26.166666666666668,3,7,0.429,1,3,0.333,0,0,0.0,1,5,6,4,0,1,0,2,7,39.0,0.5,0.5,0.429,0.0,4.5,16.4,11.3,15.4,0.0,3.6,0.0,11.9,134.0,90.0,0.1,5564305c-fff3-4136-9d07-ca23eb1d9912,BOS,GSW,Home,140,88,1
Jayson Tatum,1,25.2,9,13,0.692,4,5,0.8,5,5,1.0,0,3,3,5,1,1,0,2,27,40.0,0.888,0.846,0.385,0.385,0.0,10.2,5.9,26.6,1.9,3.7,0.0,26.8,183.0,88.0,22.8,5564305c-fff3-4136-9d07-ca23eb1d9912,BOS,GSW,Home,140,88,1
Jaylen Brown,1,22.383333333333333,11,19,0.579,5,10,0.5,2,2,1.0,1,2,3,3,1,0,1,2,29,35.0,0.729,0.711,0.526,0.105,5.2,7.7,6.6,21.9,2.1,0.0,4.8,41.5,137.0,91.0,13.5,5564305c-fff3-4136-9d07-ca23eb1d9912,BOS,GSW,Home,140,88,1
Al Horford,1,20.65,3,5,0.6,1,2,0.5,0,0,0.0,0,4,4,4,1,0,0,2,7,35.0,0.7,0.7,0.4,0.0,0.0,16.6,9.6,20.2,2.3,0.0,0.0,10.8,163.0,87.0,7.5,5564305c-fff3-4136-9d07-ca23eb1d9912,BOS,GSW,Home,140,88,1
Derrick White,1,19.683333333333334,5,6,0.833,4,5,0.8,0,0,0.0,0,3,3,8,1,0,0,1,14,36.0,1.167,1.167,0.833,0.0,0.0,13.1,7.5,47.8,2.4,0.0,0.0,13.6,233.0,89.0,28.1,5564305c-fff3-4136-9d07-ca23eb1d9912,BOS,GSW,Home,140,88,1
Payton Pritchard,1,27.35,8,12,0.667,3,5,0.6,0,0,0.0,0,6,6,6,2,0,2,3,19,17.0,0.792,0.792,0.417,0.0,0.0,18.8,10.9,27.0,3.5,0.0,14.3,22.8,142.0,84.0,10.2,5564305c-fff3-4136-9d07-ca23eb1d9912,BOS,GSW,Home,140,88,1
Sam Hauser,1,19.633333333333333,4,9,0.444,4,9,0.444,0,0,0.0,0,5,5,0,0,1,1,3,12,30.0,0.667,0.667,1.0,0.0,0.0,21.8,12.6,0.0,0.0,4.8,10.0,22.7,106.0,88.0,-0.5,5564305c-fff3-4136-9d07-ca23eb1d9912,BOS,GSW,Home,140,88,1
Svi Mykhailiuk,1,19.266666666666666,3,8,0.375,2,6,0.333,0,0,0.0,2,2,4,2,1,0,0,0,8,1.0,0.5,0.5,0.75,0.0,12.2,8.9,10.3,10.9,2.5,0.0,0.0,18.5,126.0,90.0,2.0,5564305c-fff3-4136-9d07-ca23eb1d9912,BOS,GSW,Home,140,88,1
Oshae Brissett,1,19.266666666666666,3,7,0.429,0,1,0.0,0,2,0.0,1,7,8,2,2,1,2,2,6,1.0,0.381,0.429,0.143,0.286,6.1,31.1,20.5,10.9,5.0,4.9,20.2,22.8,79.0,74.0,-3.9,5564305c-fff3-4136-9d07-ca23eb1d9912,BOS,GSW,Home,140,88,1
Xavier Tillman Sr.,1,17.85,2,4,0.5,1,2,0.5,2,2,1.0,0,4,4,0,1,0,0,1,7,13.0,0.717,0.625,0.5,0.5,0.0,19.2,11.1,0.0,2.7,0.0,0.0,12.2,144.0,86.0,1.8,5564305c-fff3-4136-9d07-ca23eb1d9912,BOS,GSW,Home,140,88,1
Jaden Springer,1,12.0,1,4,0.25,0,1,0.0,0,0,0.0,1,1,2,1,0,0,1,1,2,-1.0,0.25,0.25,0.25,0.0,9.8,7.1,8.2,8.2,0.0,0.0,20.0,18.5,72.0,96.0,-15.7,5564305c-fff3-4136-9d07-ca23eb1d9912,BOS,GSW,Home,140,88,1
Luke Kornet,1,10.55,1,2,0.5,0,0,0.0,0,0,0.0,1,2,3,0,0,1,0,0,2,14.0,0.5,0.5,0.0,0.0,11.1,16.2,14.1,0.0,0.0,8.9,0.0,8.4,130.0,88.0,-1.5,5564305c-fff3-4136-9d07-ca23eb1d9912,BOS,GSW,Home,140,88,1
Jayson Tatum,1,37.516666666666666,8,21,0.381,5,9,0.556,5,6,0.833,2,11,13,2,0,0,2,3,26,-7.0,0.55,0.5,0.429,0.286,5.3,29.9,17.5,8.9,0.0,0.0,7.8,29.5,113.0,115.0,1.9,83be69af-611c-4684-8956-f844ca0c8073,BOS,CLE,Away,104,105,0
Jaylen Brown,1,36.583333333333336,8,20,0.4,3,7,0.429,2,2,1.0,2,1,3,4,0,0,1,3,21,9.0,0.503,0.475,0.35,0.1,5.5,2.8,4.1,18.4,0.0,0.0,4.6,25.8,114.0,122.0,-1.3,83be69af-611c-4684-8956-f844ca0c8073,BOS,CLE,Away,104,105,0
Jrue Holiday,1,36.21666666666667,5,9,0.556,2,6,0.333,0,0,0.0,2,2,4,5,2,0,4,1,12,-14.0,0.667,0.667,0.667,0.0,5.5,5.6,5.6,20.5,2.8,0.0,30.8,15.5,106.0,115.0,1.0,83be69af-611c-4684-8956-f844ca0c8073,BOS,CLE,Away,104,105,0
Derrick White,1,35.28333333333333,1,5,0.2,0,2,0.0,1,1,1.0,2,4,6,7,0,4,2,0,3,4.0,0.276,0.2,0.4,0.2,5.7,11.6,8.6,25.3,0.0,11.3,26.9,9.1,96.0,111.0,0.7,83be69af-611c-4684-8956-f844ca0c8073,BOS,CLE,Away,104,105,0
Kristaps Porziņģis,1,32.03333333333333,9,18,0.5,3,6,0.5,3,3,1.0,2,7,9,3,2,3,1,2,24,0.0,0.621,0.583,0.333,0.167,6.2,22.3,14.2,17.6,3.2,9.4,4.9,27.4,131.0,102.0,14.8,83be69af-611c-4684-8956-f844ca0c8073,BOS,CLE,Away,104,105,0
Al Horford,1,19.83333333333333,3,8,0.375,1,4,0.25,0,0,0.0,2,3,5,0,1,0,1,1,7,-2.0,0.438,0.438,0.5,0.0,10.1,15.4,12.7,0.0,2.6,0.0,11.1,19.6,91.0,113.0,-5.7,83be69af-611c-4684-8956-f844ca0c8073,BOS,CLE,Away,104,105,0
Luke Kornet,1,15.633333333333333,2,4,0.5,0,0,0.0,0,0,0.0,0,3,3,1,0,2,0,1,4,-2.0,0.5,0.5,0.0,0.0,0.0,19.6,9.7,9.3,0.0,12.8,0.0,11.0,116.0,108.0,1.1,83be69af-611c-4684-8956-f844ca0c8073,BOS,CLE,Away,104,105,0
Sam Hauser,1,14.066666666666666,2,5,0.4,1,3,0.333,0,0,0.0,1,4,5,1,1,0,0,1,5,14.0,0.5,0.5,0.6,0.0,7.1,29.0,18.0,10.6,3.6,0.0,0.0,15.3,122.0,107.0,4.0,83be69af-611c-4684-8956-f844ca0c8073,BOS,CLE,Away,104,105,0
Payton Pritchard,1,12.833333333333334,1,3,0.333,0,1,0.0,0,0,0.0,1,4,5,1,0,0,2,1,2,-7.0,0.333,0.333,0.333,0.0,7.8,31.8,19.7,10.6,0.0,0.0,40.0,16.8,60.0,115.0,-14.4,83be69af-611c-4684-8956-f844ca0c8073,BOS,CLE,Away,104,105,0
Oshae Brissett,0,0.0,0,0,0.0,0,0,0.0,0,0,0.0,0,0,0,0,0,0,0,0,0,0.0,0.0,0.0,0.0,0.0,0.0,0.0,0.0,0.0,0.0,0.0,0.0,0.0,0.0,0.0,0.0,83be69af-611c-4684-8956-f844ca0c8073,BOS,CLE,Away,104,105,0
Svi Mykhailiuk,0,0.0,0,0,0.0,0,0,0.0,0,0,0.0,0,0,0,0,0,0,0,0,0,0.0,0.0,0.0,0.0,0.0,0.0,0.0,0.0,0.0,0.0,0.0,0.0,0.0,0.0,0.0,0.0,83be69af-611c-4684-8956-f844ca0c8073,BOS,CLE,Away,104,105,0
Jaden Springer,0,0.0,0,0,0.0,0,0,0.0,0,0,0.0,0,0,0,0,0,0,0,0,0,0.0,0.0,0.0,0.0,0.0,0.0,0.0,0.0,0.0,0.0,0.0,0.0,0.0,0.0,0.0,0.0,83be69af-611c-4684-8956-f844ca0c8073,BOS,CLE,Away,104,105,0
Jordan Walsh,0,0.0,0,0,0.0,0,0,0.0,0,0,0.0,0,0,0,0,0,0,0,0,0,0.0,0.0,0.0,0.0,0.0,0.0,0.0,0.0,0.0,0.0,0.0,0.0,0.0,0.0,0.0,0.0,83be69af-611c-4684-8956-f844ca0c8073,BOS,CLE,Away,104,105,0
Jaylen Brown,1,41.06666666666667,16,29,0.552,2,7,0.286,7,14,0.5,6,8,14,4,2,0,2,4,41,5.0,0.583,0.586,0.241,0.483,14.0,22.3,17.8,21.0,2.4,0.0,5.4,38.1,122.0,115.0,12.1,bac2b8b8-c8c6-4d22-a721-1efab1ca9124,BOS,DEN,Away,109,115,0
Jayson Tatum,1,38.65,5,13,0.385,2,5,0.4,3,4,0.75,1,3,4,8,2,0,5,4,15,-2.0,0.508,0.462,0.385,0.308,2.5,8.9,5.4,28.6,2.5,0.0,25.3,21.5,95.0,117.0,0.2,bac2b8b8-c8c6-4d22-a721-1efab1ca9124,BOS,DEN,Away,109,115,0
Derrick White,1,36.95,3,8,0.375,0,4,0.0,1,1,1.0,1,4,5,6,1,1,1,4,7,-2.0,0.415,0.375,0.5,0.125,2.6,12.4,7.1,21.0,1.3,1.9,10.6,10.8,107.0,117.0,-1.2,bac2b8b8-c8c6-4d22-a721-1efab1ca9124,BOS,DEN,Away,109,115,0
Kristaps Porziņģis,1,35.266666666666666,9,23,0.391,3,10,0.3,3,4,0.75,2,10,12,2,1,1,3,2,24,6.0,0.485,0.457,0.435,0.174,5.4,32.4,17.8,9.5,1.4,2.0,10.8,33.1,95.0,114.0,1.3,bac2b8b8-c8c6-4d22-a721-1efab1ca9124,BOS,DEN,Away,109,115,0
Jrue Holiday,1,34.916666666666664,5,10,0.5,2,6,0.333,0,0,0.0,1,3,4,2,0,0,1,2,12,-6.0,0.6,0.6,0.6,0.0,2.7,9.8,6.0,8.1,0.0,0.0,9.1,13.3,117.0,123.0,-1.3,bac2b8b8-c8c6-4d22-a721-1efab1ca9124,BOS,DEN,Away,109,115,0
Al Horford,1,18.85,0,2,0.0,0,1,0.0,2,2,1.0,1,3,4,0,0,0,0,1,2,-10.0,0.347,0.0,0.5,1.0,5.1,18.2,11.1,0.0,0.0,0.0,0.0,6.4,101.0,121.0,-6.7,bac2b8b8-c8c6-4d22-a721-1efab1ca9124,BOS,DEN,Away,109,115,0
Xavier Tillman Sr.,1,13.416666666666666,1,2,0.5,0,1,0.0,0,0,0.0,1,3,4,1,0,0,0,0,2,-12.0,0.5,0.5,0.5,0.0,7.2,25.6,15.6,9.6,0.0,0.0,0.0,6.3,136.0,120.0,0.9,bac2b8b8-c8c6-4d22-a721-1efab1ca9124,BOS,DEN,Away,109,115,0
Payton Pritchard,1,10.6,0,1,0.0,0,1,0.0,0,0,0.0,0,0,0,0,0,0,0,1,0,-1.0,0.0,0.0,1.0,0.0,0.0,0.0,0.0,0.0,0.0,0.0,0.0,4.0,0.0,124.0,-13.1,bac2b8b8-c8c6-4d22-a721-1efab1ca9124,BOS,DEN,Away,109,115,0
Sam Hauser,1,10.283333333333331,2,3,0.667,2,3,0.667,0,0,0.0,0,0,0,1,0,1,0,0,6,-8.0,1.0,1.0,1.0,0.0,0.0,0.0,0.0,14.7,0.0,6.8,0.0,12.3,195.0,118.0,19.7,bac2b8b8-c8c6-4d22-a721-1efab1ca9124,BOS,DEN,Away,109,115,0
Oshae Brissett,0,0.0,0,0,0.0,0,0,0.0,0,0,0.0,0,0,0,0,0,0,0,0,0,0.0,0.0,0.0,0.0,0.0,0.0,0.0,0.0,0.0,0.0,0.0,0.0,0.0,0.0,0.0,0.0,bac2b8b8-c8c6-4d22-a721-1efab1ca9124,BOS,DEN,Away,109,115,0
Luke Kornet,0,0.0,0,0,0.0,0,0,0.0,0,0,0.0,0,0,0,0,0,0,0,0,0,0.0,0.0,0.0,0.0,0.0,0.0,0.0,0.0,0.0,0.0,0.0,0.0,0.0,0.0,0.0,0.0,bac2b8b8-c8c6-4d22-a721-1efab1ca9124,BOS,DEN,Away,109,115,0
Svi Mykhailiuk,0,0.0,0,0,0.0,0,0,0.0,0,0,0.0,0,0,0,0,0,0,0,0,0,0.0,0.0,0.0,0.0,0.0,0.0,0.0,0.0,0.0,0.0,0.0,0.0,0.0,0.0,0.0,0.0,bac2b8b8-c8c6-4d22-a721-1efab1ca9124,BOS,DEN,Away,109,115,0
Jaden Springer,0,0.0,0,0,0.0,0,0,0.0,0,0,0.0,0,0,0,0,0,0,0,0,0,0.0,0.0,0.0,0.0,0.0,0.0,0.0,0.0,0.0,0.0,0.0,0.0,0.0,0.0,0.0,0.0,bac2b8b8-c8c6-4d22-a721-1efab1ca9124,BOS,DEN,Away,109,115,0
Jayson Tatum,1,42.266666666666666,11,28,0.393,5,9,0.556,2,2,1.0,3,7,10,7,1,0,4,0,29,4.0,0.502,0.482,0.321,0.071,7.7,19.9,13.5,23.7,1.2,0.0,12.2,33.4,107.0,113.0,2.4,b572ed89-8e18-435a-927d-39da18d99e04,BOS,PHO,Away,117,107,1
Jrue Holiday,1,35.733333333333334,5,7,0.714,3,5,0.6,2,2,1.0,0,3,3,6,2,1,3,1,15,6.0,0.952,0.929,0.714,0.286,0.0,10.1,4.8,20.5,2.8,2.4,27.6,13.1,141.0,109.0,9.6,b572ed89-8e18-435a-927d-39da18d99e04,BOS,PHO,Away,117,107,1
Derrick White,1,34.53333333333333,5,8,0.625,0,3,0.0,0,0,0.0,2,3,5,9,0,1,2,3,10,1.0,0.625,0.625,0.375,0.0,6.3,10.4,8.3,32.0,0.0,2.5,20.0,12.4,135.0,115.0,2.8,b572ed89-8e18-435a-927d-39da18d99e04,BOS,PHO,Away,117,107,1
Jaylen Brown,1,34.416666666666664,10,21,0.476,3,7,0.429,4,7,0.571,1,2,3,3,2,0,2,1,27,6.0,0.561,0.548,0.333,0.333,3.2,7.0,5.0,13.1,2.9,0.0,7.7,32.6,113.0,111.0,3.2,b572ed89-8e18-435a-927d-39da18d99e04,BOS,PHO,Away,117,107,1
Al Horford,1,32.18333333333333,4,12,0.333,1,7,0.143,0,0,0.0,3,9,12,3,1,0,1,4,9,0.0,0.375,0.375,0.583,0.0,10.2,33.6,21.3,11.2,1.6,0.0,7.7,17.4,99.0,108.0,-4.7,b572ed89-8e18-435a-927d-39da18d99e04,BOS,PHO,Away,117,107,1
Payton Pritchard,1,22.516666666666666,4,6,0.667,2,4,0.5,0,0,0.0,1,1,2,1,1,0,0,0,10,13.0,0.833,0.833,0.667,0.0,4.8,5.3,5.1,5.7,2.2,0.0,0.0,11.4,172.0,114.0,7.1,b572ed89-8e18-435a-927d-39da18d99e04,BOS,PHO,Away,117,107,1
Luke Kornet,1,19.8,6,7,0.857,0,0,0.0,2,2,1.0,3,3,6,0,0,1,0,2,14,12.0,0.888,0.857,0.0,0.286,16.5,18.2,17.3,0.0,0.0,4.3,0.0,17.1,188.0,112.0,9.3,b572ed89-8e18-435a-927d-39da18d99e04,BOS,PHO,Away,117,107,1
Sam Hauser,1,17.816666666666666,1,5,0.2,1,4,0.25,0,0,0.0,0,2,2,0,0,1,0,0,3,10.0,0.3,0.3,0.8,0.0,0.0,13.5,6.4,0.0,0.0,4.8,0.0,12.1,70.0,113.0,-7.0,b572ed89-8e18-435a-927d-39da18d99e04,BOS,PHO,Away,117,107,1
JD Davison,1,0.3666666666666666,0,0,0.0,0,0,0.0,0,0,0.0,0,0,0,0,0,0,0,0,0,-1.0,0.0,0.0,0.0,0.0,0.0,0.0,0.0,0.0,0.0,0.0,0.0,0.0,0.0,120.0,-8.4,b572ed89-8e18-435a-927d-39da18d99e04,BOS,PHO,Away,117,107,1
Jaden Springer,1,0.3666666666666666,0,0,0.0,0,0,0.0,0,0,0.0,0,0,0,0,0,0,0,1,0,-1.0,0.0,0.0,0.0,0.0,0.0,0.0,0.0,0.0,0.0,0.0,0.0,0.0,0.0,97.0,-56.6,b572ed89-8e18-435a-927d-39da18d99e04,BOS,PHO,Away,117,107,1
Oshae Brissett,0,0.0,0,0,0.0,0,0,0.0,0,0,0.0,0,0,0,0,0,0,0,0,0,0.0,0.0,0.0,0.0,0.0,0.0,0.0,0.0,0.0,0.0,0.0,0.0,0.0,0.0,0.0,0.0,b572ed89-8e18-435a-927d-39da18d99e04,BOS,PHO,Away,117,107,1
Svi Mykhailiuk,0,0.0,0,0,0.0,0,0,0.0,0,0,0.0,0,0,0,0,0,0,0,0,0,0.0,0.0,0.0,0.0,0.0,0.0,0.0,0.0,0.0,0.0,0.0,0.0,0.0,0.0,0.0,0.0,b572ed89-8e18-435a-927d-39da18d99e04,BOS,PHO,Away,117,107,1
Xavier Tillman Sr.,0,0.0,0,0,0.0,0,0,0.0,0,0,0.0,0,0,0,0,0,0,0,0,0,0.0,0.0,0.0,0.0,0.0,0.0,0.0,0.0,0.0,0.0,0.0,0.0,0.0,0.0,0.0,0.0,b572ed89-8e18-435a-927d-39da18d99e04,BOS,PHO,Away,117,107,1
Jayson Tatum,1,35.666666666666664,9,23,0.391,2,8,0.25,6,8,0.75,0,5,5,8,0,0,1,0,26,16.0,0.49,0.435,0.348,0.348,0.0,16.8,8.1,29.2,0.0,0.0,3.6,34.2,118.0,116.0,-0.2,1f550a25-0012-4d23-8ded-ea667cf394f5,BOS,POR,Away,121,99,1
Derrick White,1,34.15,5,14,0.357,1,5,0.2,0,0,0.0,2,4,6,5,2,3,1,3,11,12.0,0.393,0.393,0.357,0.0,6.5,14.1,10.2,16.7,3.1,7.1,6.7,19.5,104.0,104.0,-1.8,1f550a25-0012-4d23-8ded-ea667cf394f5,BOS,POR,Away,121,99,1
Jaylen Brown,1,32.766666666666666,13,29,0.448,1,8,0.125,0,0,0.0,3,3,6,5,1,0,0,3,27,10.0,0.466,0.466,0.276,0.0,10.2,11.0,10.6,24.5,1.6,0.0,0.0,39.2,115.0,114.0,-3.2,1f550a25-0012-4d23-8ded-ea667cf394f5,BOS,POR,Away,121,99,1
Al Horford,1,29.85,4,4,1.0,3,3,1.0,0,0,0.0,0,4,4,4,1,3,0,1,11,11.0,1.375,1.375,0.75,0.0,0.0,16.1,7.7,15.1,1.8,8.2,0.0,5.9,259.0,105.0,14.1,1f550a25-0012-4d23-8ded-ea667cf394f5,BOS,POR,Away,121,99,1
Payton Pritchard,1,29.683333333333334,5,11,0.455,1,4,0.25,0,0,0.0,1,7,8,8,0,0,0,0,11,12.0,0.5,0.5,0.364,0.0,3.8,28.3,15.6,31.6,0.0,0.0,0.0,16.4,139.0,113.0,0.8,1f550a25-0012-4d23-8ded-ea667cf394f5,BOS,POR,Away,121,99,1
Sam Hauser,1,31.916666666666668,8,12,0.667,6,10,0.6,0,0,0.0,0,2,2,0,2,1,0,0,22,20.0,0.917,0.917,0.833,0.0,0.0,7.5,3.6,0.0,3.3,2.5,0.0,16.7,174.0,109.0,12.5,1f550a25-0012-4d23-8ded-ea667cf394f5,BOS,POR,Away,121,99,1
Luke Kornet,1,21.066666666666663,3,3,1.0,0,0,0.0,0,0,0.0,3,2,5,2,0,2,1,0,6,10.0,1.0,1.0,0.0,0.0,15.9,11.4,13.7,10.8,0.0,7.7,25.0,8.4,163.0,111.0,3.3,1f550a25-0012-4d23-8ded-ea667cf394f5,BOS,POR,Away,121,99,1
Oshae Brissett,1,19.2,1,2,0.5,0,1,0.0,1,2,0.5,4,3,7,1,0,0,0,3,3,13.0,0.521,0.5,0.5,1.0,23.3,18.8,21.1,5.4,0.0,0.0,0.0,6.6,161.0,116.0,-6.7,1f550a25-0012-4d23-8ded-ea667cf394f5,BOS,POR,Away,121,99,1
JD Davison,1,1.9,1,1,1.0,1,1,1.0,0,0,0.0,0,1,1,0,0,0,0,1,3,2.0,1.5,1.5,1.0,0.0,0.0,63.2,30.4,0.0,0.0,0.0,0.0,23.3,300.0,104.0,40.7,1f550a25-0012-4d23-8ded-ea667cf394f5,BOS,POR,Away,121,99,1
Neemias Queta,1,1.9,0,1,0.0,0,0,0.0,1,2,0.5,1,0,1,1,0,1,0,0,1,2.0,0.266,0.0,0.0,2.0,58.8,0.0,30.4,51.6,0.0,42.8,0.0,43.9,114.0,85.0,21.7,1f550a25-0012-4d23-8ded-ea667cf394f5,BOS,POR,Away,121,99,1
Jaden Springer,1,1.9,0,0,0.0,0,0,0.0,0,0,0.0,0,0,0,0,1,0,0,0,0,2.0,0.0,0.0,0.0,0.0,0.0,0.0,0.0,0.0,27.9,0.0,0.0,0.0,0.0,57.0,24.4,1f550a25-0012-4d23-8ded-ea667cf394f5,BOS,POR,Away,121,99,1
Xavier Tillman Sr.,0,0.0,0,0,0.0,0,0,0.0,0,0,0.0,0,0,0,0,0,0,0,0,0,0.0,0.0,0.0,0.0,0.0,0.0,0.0,0.0,0.0,0.0,0.0,0.0,0.0,0.0,0.0,0.0,1f550a25-0012-4d23-8ded-ea667cf394f5,BOS,POR,Away,121,99,1
Jrue Holiday,1,37.7,6,12,0.5,2,7,0.286,2,2,1.0,1,4,5,8,2,1,1,1,16,7.0,0.621,0.583,0.583,0.167,3.0,12.4,7.6,28.8,2.8,2.4,7.2,16.3,148.0,116.0,6.4,a5d7fdbf-1ddf-4c83-9a76-873deaab4d20,BOS,UTA,Away,123,107,1
Derrick White,1,35.06666666666667,8,17,0.471,7,11,0.636,1,1,1.0,0,6,6,3,1,3,3,3,24,15.0,0.688,0.676,0.647,0.059,0.0,20.0,9.8,12.8,1.5,7.6,14.7,25.8,123.0,113.0,6.7,a5d7fdbf-1ddf-4c83-9a76-873deaab4d20,BOS,UTA,Away,123,107,1
Sam Hauser,1,34.21666666666667,5,13,0.385,4,11,0.364,0,0,0.0,1,4,5,2,1,2,0,3,14,14.0,0.538,0.538,0.846,0.0,3.3,13.7,8.4,7.8,1.6,5.2,0.0,16.8,129.0,117.0,0.1,a5d7fdbf-1ddf-4c83-9a76-873deaab4d20,BOS,UTA,Away,123,107,1
Jayson Tatum,1,34.0,13,25,0.52,4,10,0.4,8,8,1.0,2,4,6,2,0,1,3,3,38,8.0,0.666,0.6,0.4,0.32,6.6,13.8,10.1,11.5,0.0,2.6,9.5,41.1,131.0,122.0,5.1,a5d7fdbf-1ddf-4c83-9a76-873deaab4d20,BOS,UTA,Away,123,107,1
Luke Kornet,1,28.216666666666665,4,7,0.571,0,0,0.0,4,4,1.0,4,5,9,6,0,1,0,2,12,10.0,0.685,0.571,0.0,0.571,15.8,20.7,18.2,28.2,0.0,3.2,0.0,13.8,180.0,120.0,8.8,a5d7fdbf-1ddf-4c83-9a76-873deaab4d20,BOS,UTA,Away,123,107,1
Xavier Tillman Sr.,1,26.516666666666666,3,5,0.6,1,1,1.0,0,0,0.0,4,4,8,1,1,0,0,0,7,14.0,0.7,0.7,0.2,0.0,16.8,17.7,17.2,4.8,2.0,0.0,0.0,8.4,175.0,119.0,2.2,a5d7fdbf-1ddf-4c83-9a76-873deaab4d20,BOS,UTA,Away,123,107,1
Payton Pritchard,1,25.28333333333333,3,12,0.25,2,9,0.222,2,2,1.0,0,2,2,2,0,0,1,2,10,14.0,0.388,0.333,0.75,0.167,0.0,9.3,4.5,10.2,0.0,0.0,7.2,24.3,92.0,126.0,-15.2,a5d7fdbf-1ddf-4c83-9a76-873deaab4d20,BOS,UTA,Away,123,107,1
Oshae Brissett,1,16.75,1,1,1.0,0,0,0.0,0,2,0.0,2,3,5,1,0,0,0,0,2,-2.0,0.532,1.0,0.0,2.0,13.3,21.0,17.1,7.1,0.0,0.0,0.0,5.0,148.0,123.0,-2.9,a5d7fdbf-1ddf-4c83-9a76-873deaab4d20,BOS,UTA,Away,123,107,1
JD Davison,1,0.7666666666666667,0,0,0.0,0,0,0.0,0,0,0.0,0,0,0,0,0,0,0,0,0,0.0,0.0,0.0,0.0,0.0,0.0,0.0,0.0,0.0,0.0,0.0,0.0,0.0,0.0,128.0,-11.4,a5d7fdbf-1ddf-4c83-9a76-873deaab4d20,BOS,UTA,Away,123,107,1
Jaden Springer,1,0.7666666666666667,0,0,0.0,0,0,0.0,0,0,0.0,0,0,0,0,0,0,0,0,0,0.0,0.0,0.0,0.0,0.0,0.0,0.0,0.0,0.0,0.0,0.0,0.0,0.0,0.0,128.0,-9.6,a5d7fdbf-1ddf-4c83-9a76-873deaab4d20,BOS,UTA,Away,123,107,1
Svi Mykhailiuk,1,0.7166666666666667,0,0,0.0,0,0,0.0,0,0,0.0,0,0,0,0,0,0,0,0,0,0.0,0.0,0.0,0.0,0.0,0.0,0.0,0.0,0.0,0.0,0.0,0.0,0.0,0.0,128.0,-10.2,a5d7fdbf-1ddf-4c83-9a76-873deaab4d20,BOS,UTA,Away,123,107,1
Neemias Queta,0,0.0,0,0,0.0,0,0,0.0,0,0,0.0,0,0,0,0,0,0,0,0,0,0.0,0.0,0.0,0.0,0.0,0.0,0.0,0.0,0.0,0.0,0.0,0.0,0.0,0.0,0.0,0.0,a5d7fdbf-1ddf-4c83-9a76-873deaab4d20,BOS,UTA,Away,123,107,1
Jaylen Brown,1,33.43333333333333,14,23,0.609,5,9,0.556,4,6,0.667,0,5,5,3,2,0,1,2,37,8.0,0.722,0.717,0.391,0.261,0.0,15.6,8.5,16.0,3.1,0.0,3.8,37.6,135.0,118.0,8.9,ad507727-2097-455c-b0cf-28ed534fc9f8,BOS,PHO,Home,127,112,1
Derrick White,1,33.43333333333333,5,13,0.385,3,9,0.333,0,0,0.0,1,7,8,5,2,1,0,1,13,8.0,0.5,0.5,0.692,0.0,3.8,21.8,13.7,18.0,3.1,2.1,0.0,18.3,123.0,114.0,1.5,ad507727-2097-455c-b0cf-28ed534fc9f8,BOS,PHO,Home,127,112,1
Jayson Tatum,1,33.083333333333336,10,18,0.556,4,8,0.5,2,3,0.667,1,4,5,5,0,0,3,3,26,26.0,0.673,0.667,0.444,0.167,3.8,12.6,8.6,22.3,0.0,0.0,13.4,31.8,123.0,126.0,-0.5,ad507727-2097-455c-b0cf-28ed534fc9f8,BOS,PHO,Home,127,112,1
Jrue Holiday,1,33.083333333333336,3,5,0.6,3,5,0.6,0,0,0.0,0,0,0,10,2,2,0,1,9,26.0,0.9,0.9,1.0,0.0,0.0,0.0,0.0,34.0,3.1,4.3,0.0,7.1,207.0,123.0,13.9,ad507727-2097-455c-b0cf-28ed534fc9f8,BOS,PHO,Home,127,112,1
Al Horford,1,32.8,8,14,0.571,6,10,0.6,2,2,1.0,2,1,3,3,3,1,1,1,24,15.0,0.806,0.786,0.714,0.143,7.7,3.2,5.2,12.4,4.7,2.2,6.3,22.8,153.0,119.0,13.0,ad507727-2097-455c-b0cf-28ed534fc9f8,BOS,PHO,Home,127,112,1
Sam Hauser,1,22.6,3,7,0.429,2,5,0.4,0,0,0.0,0,4,4,2,1,0,0,0,8,1.0,0.571,0.571,0.714,0.0,0.0,18.5,10.1,10.5,2.3,0.0,0.0,14.6,124.0,119.0,-0.2,ad507727-2097-455c-b0cf-28ed534fc9f8,BOS,PHO,Home,127,112,1
Payton Pritchard,1,19.116666666666667,1,3,0.333,1,1,1.0,0,0,0.0,1,2,3,1,1,0,3,1,3,-2.0,0.5,0.5,0.333,0.0,6.6,10.9,9.0,5.6,2.7,0.0,50.0,14.8,68.0,121.0,-12.1,ad507727-2097-455c-b0cf-28ed534fc9f8,BOS,PHO,Home,127,112,1
Xavier Tillman Sr.,1,17.916666666666668,2,4,0.5,1,3,0.333,0,0,0.0,1,3,4,1,0,1,0,3,5,-10.0,0.625,0.625,0.75,0.0,7.1,17.5,12.8,6.4,0.0,3.9,0.0,10.5,143.0,122.0,-2.7,ad507727-2097-455c-b0cf-28ed534fc9f8,BOS,PHO,Home,127,112,1
Luke Kornet,1,11.566666666666666,1,2,0.5,0,0,0.0,0,0,0.0,0,1,1,1,1,0,0,1,2,6.0,0.5,0.5,0.0,0.0,0.0,9.0,4.9,9.7,4.4,0.0,0.0,8.1,124.0,118.0,-2.7,ad507727-2097-455c-b0cf-28ed534fc9f8,BOS,PHO,Home,127,112,1
Oshae Brissett,1,2.966666666666667,0,0,0.0,0,0,0.0,0,0,0.0,0,0,0,0,0,0,0,0,0,-3.0,0.0,0.0,0.0,0.0,0.0,0.0,0.0,0.0,0.0,0.0,0.0,0.0,0.0,132.0,-8.2,ad507727-2097-455c-b0cf-28ed534fc9f8,BOS,PHO,Home,127,112,1
Svi Mykhailiuk,0,0.0,0,0,0.0,0,0,0.0,0,0,0.0,0,0,0,0,0,0,0,0,0,0.0,0.0,0.0,0.0,0.0,0.0,0.0,0.0,0.0,0.0,0.0,0.0,0.0,0.0,0.0,0.0,ad507727-2097-455c-b0cf-28ed534fc9f8,BOS,PHO,Home,127,112,1
Neemias Queta,0,0.0,0,0,0.0,0,0,0.0,0,0,0.0,0,0,0,0,0,0,0,0,0,0.0,0.0,0.0,0.0,0.0,0.0,0.0,0.0,0.0,0.0,0.0,0.0,0.0,0.0,0.0,0.0,ad507727-2097-455c-b0cf-28ed534fc9f8,BOS,PHO,Home,127,112,1
Jaden Springer,0,0.0,0,0,0.0,0,0,0.0,0,0,0.0,0,0,0,0,0,0,0,0,0,0.0,0.0,0.0,0.0,0.0,0.0,0.0,0.0,0.0,0.0,0.0,0.0,0.0,0.0,0.0,0.0,ad507727-2097-455c-b0cf-28ed534fc9f8,BOS,PHO,Home,127,112,1
Oshae Brissett,1,28.9,1,5,0.2,0,3,0.0,5,6,0.833,3,1,4,2,0,0,1,3,7,17.0,0.458,0.2,0.6,1.2,11.9,4.1,8.0,8.0,0.0,0.0,11.6,12.9,122.0,115.0,-9.4,679f7573-7fc7-4ce6-87ae-13f380952ec3,BOS,WAS,Away,130,104,1
Jayson Tatum,1,26.6,8,17,0.471,6,12,0.5,8,10,0.8,0,6,6,6,3,1,2,1,30,26.0,0.701,0.647,0.706,0.588,0.0,26.4,13.0,37.9,5.5,3.3,8.5,37.9,142.0,95.0,20.3,679f7573-7fc7-4ce6-87ae-13f380952ec3,BOS,WAS,Away,130,104,1
Sam Hauser,1,22.816666666666663,10,13,0.769,10,13,0.769,0,0,0.0,0,6,6,1,1,0,0,1,30,18.0,1.154,1.154,1.0,0.0,0.0,30.8,15.2,9.6,2.2,0.0,0.0,24.5,206.0,104.0,32.9,679f7573-7fc7-4ce6-87ae-13f380952ec3,BOS,WAS,Away,130,104,1
Al Horford,1,22.8,5,7,0.714,2,4,0.5,2,2,1.0,2,2,4,2,0,0,1,3,14,16.0,0.888,0.857,0.571,0.286,10.0,10.3,10.1,13.0,0.0,0.0,11.3,16.8,166.0,114.0,3.5,679f7573-7fc7-4ce6-87ae-13f380952ec3,BOS,WAS,Away,130,104,1
Jrue Holiday,1,22.216666666666665,3,7,0.429,1,2,0.5,0,0,0.0,0,1,1,3,1,2,3,2,7,17.0,0.5,0.5,0.286,0.0,0.0,5.3,2.6,17.7,2.2,7.9,30.0,19.4,86.0,105.0,-5.6,679f7573-7fc7-4ce6-87ae-13f380952ec3,BOS,WAS,Away,130,104,1
Payton Pritchard,1,34.9,6,15,0.4,2,5,0.4,0,0,0.0,2,3,5,13,1,0,1,0,14,16.0,0.467,0.467,0.333,0.0,6.5,10.1,8.3,51.5,1.4,0.0,6.3,19.7,140.0,111.0,3.1,679f7573-7fc7-4ce6-87ae-13f380952ec3,BOS,WAS,Away,130,104,1
Svi Mykhailiuk,1,22.58333333333333,3,7,0.429,3,6,0.5,0,0,0.0,0,5,5,2,0,0,0,0,9,7.0,0.643,0.643,0.857,0.0,0.0,25.9,12.8,11.6,0.0,0.0,0.0,13.3,143.0,110.0,0.1,679f7573-7fc7-4ce6-87ae-13f380952ec3,BOS,WAS,Away,130,104,1
Luke Kornet,1,20.05,5,9,0.556,0,0,0.0,4,4,1.0,3,3,6,1,0,2,1,1,14,9.0,0.651,0.556,0.0,0.444,17.1,17.5,17.3,7.7,0.0,8.7,8.5,25.2,139.0,106.0,0.6,679f7573-7fc7-4ce6-87ae-13f380952ec3,BOS,WAS,Away,130,104,1
Jaden Springer,1,16.0,1,3,0.333,0,2,0.0,0,0,0.0,1,1,2,0,1,0,3,4,2,-6.0,0.333,0.333,0.667,0.0,7.1,7.3,7.2,0.0,3.1,0.0,50.0,16.1,44.0,108.0,-19.7,679f7573-7fc7-4ce6-87ae-13f380952ec3,BOS,WAS,Away,130,104,1
Xavier Tillman Sr.,1,14.766666666666667,1,4,0.25,0,3,0.0,1,2,0.5,1,1,2,0,2,1,1,1,3,8.0,0.307,0.25,0.75,0.5,7.7,7.9,7.8,0.0,6.7,5.9,17.0,17.1,68.0,96.0,-7.8,679f7573-7fc7-4ce6-87ae-13f380952ec3,BOS,WAS,Away,130,104,1
Neemias Queta,1,8.366666666666667,0,0,0.0,0,0,0.0,0,0,0.0,0,2,2,0,0,0,1,1,0,2.0,0.0,0.0,0.0,0.0,0.0,28.0,13.8,0.0,0.0,0.0,100.0,5.1,0.0,109.0,-14.7,679f7573-7fc7-4ce6-87ae-13f380952ec3,BOS,WAS,Away,130,104,1
Jaylen Brown,1,0.0,0,0,0.0,0,0,0.0,0,0,0.0,0,0,0,0,0,0,0,0,0,0.0,0.0,0.0,0.0,0.0,0.0,0.0,0.0,0.0,0.0,0.0,0.0,0.0,0.0,0.0,0.0,679f7573-7fc7-4ce6-87ae-13f380952ec3,BOS,WAS,Away,130,104,1
Payton Pritchard,1,37.95,8,14,0.571,5,9,0.556,2,2,1.0,1,1,2,7,0,0,2,1,23,19.0,0.773,0.75,0.643,0.143,2.5,2.7,2.6,26.9,0.0,0.0,11.8,19.5,149.0,111.0,5.1,e3705d96-f363-4498-83a2-5ab8c1d2e28d,BOS,DET,Home,119,94,1
Derrick White,1,36.55,8,20,0.4,6,12,0.5,0,0,0.0,0,10,10,10,2,1,3,0,22,17.0,0.55,0.55,0.6,0.0,0.0,28.5,13.7,40.4,2.8,2.4,13.0,27.5,118.0,96.0,7.8,e3705d96-f363-4498-83a2-5ab8c1d2e28d,BOS,DET,Home,119,94,1
Jaylen Brown,1,30.4,11,20,0.55,3,6,0.5,6,8,0.75,0,7,7,3,1,0,3,2,31,22.0,0.659,0.625,0.3,0.4,0.0,24.0,11.5,18.5,1.7,0.0,11.3,38.2,120.0,102.0,4.0,e3705d96-f363-4498-83a2-5ab8c1d2e28d,BOS,DET,Home,119,94,1
Luke Kornet,1,27.766666666666666,2,4,0.5,0,0,0.0,0,0,0.0,6,4,10,0,2,3,0,1,4,9.0,0.5,0.5,0.0,0.0,20.7,15.0,18.0,0.0,3.7,9.4,0.0,6.3,158.0,92.0,0.5,e3705d96-f363-4498-83a2-5ab8c1d2e28d,BOS,DET,Home,119,94,1
Kristaps Porziņģis,1,21.48333333333333,7,14,0.5,5,9,0.556,1,1,1.0,1,7,8,1,1,1,0,2,20,14.0,0.693,0.679,0.643,0.071,4.5,34.0,18.6,8.2,2.4,4.1,0.0,29.4,142.0,95.0,14.4,e3705d96-f363-4498-83a2-5ab8c1d2e28d,BOS,DET,Home,119,94,1
Svi Mykhailiuk,1,23.616666666666667,2,8,0.25,2,8,0.25,0,0,0.0,0,2,2,2,2,0,1,0,6,13.0,0.375,0.375,1.0,0.0,0.0,8.8,4.2,10.4,4.4,0.0,11.1,16.7,84.0,100.0,-6.0,e3705d96-f363-4498-83a2-5ab8c1d2e28d,BOS,DET,Home,119,94,1
Jaden Springer,1,21.85,2,5,0.4,0,2,0.0,2,2,1.0,4,0,4,4,0,2,0,2,6,10.0,0.51,0.4,0.4,0.4,17.6,0.0,9.2,22.8,0.0,8.0,0.0,11.8,160.0,105.0,4.7,e3705d96-f363-4498-83a2-5ab8c1d2e28d,BOS,DET,Home,119,94,1
Oshae Brissett,1,18.75,1,7,0.143,1,2,0.5,0,0,0.0,2,2,4,0,0,0,0,1,3,-1.0,0.214,0.214,0.286,0.0,10.2,11.1,10.7,0.0,0.0,0.0,0.0,16.3,72.0,109.0,-17.4,e3705d96-f363-4498-83a2-5ab8c1d2e28d,BOS,DET,Home,119,94,1
Xavier Tillman Sr.,1,17.45,1,2,0.5,0,1,0.0,0,0,0.0,0,4,4,1,0,1,0,0,2,19.0,0.5,0.5,0.5,0.0,0.0,23.9,11.5,6.8,0.0,5.0,0.0,5.0,128.0,102.0,-3.1,e3705d96-f363-4498-83a2-5ab8c1d2e28d,BOS,DET,Home,119,94,1
Jordan Walsh,1,4.15,1,1,1.0,0,0,0.0,0,0,0.0,1,1,2,2,0,0,0,0,2,3.0,1.0,1.0,0.0,0.0,23.1,25.1,24.1,73.6,0.0,0.0,0.0,10.5,225.0,106.0,27.7,e3705d96-f363-4498-83a2-5ab8c1d2e28d,BOS,DET,Home,119,94,1
Drew Peterson,0,0.0,0,0,0.0,0,0,0.0,0,0,0.0,0,0,0,0,0,0,0,0,0,0.0,0.0,0.0,0.0,0.0,0.0,0.0,0.0,0.0,0.0,0.0,0.0,0.0,0.0,0.0,0.0,e3705d96-f363-4498-83a2-5ab8c1d2e28d,BOS,DET,Home,119,94,1
Neemias Queta,0,0.0,0,0,0.0,0,0,0.0,0,0,0.0,0,0,0,0,0,0,0,0,0,0.0,0.0,0.0,0.0,0.0,0.0,0.0,0.0,0.0,0.0,0.0,0.0,0.0,0.0,0.0,0.0,e3705d96-f363-4498-83a2-5ab8c1d2e28d,BOS,DET,Home,119,94,1
Jayson Tatum,1,39.333333333333336,9,19,0.474,4,7,0.571,9,10,0.9,0,8,8,4,3,2,2,2,31,2.0,0.662,0.579,0.368,0.526,0.0,27.9,12.5,16.8,3.9,5.0,7.9,29.0,132.0,117.0,10.4,60632d5f-29f9-47b9-aabf-3a4f873ec260,BOS,MIL,Home,122,119,1
Al Horford,1,38.11666666666667,3,3,1.0,2,2,1.0,0,0,0.0,1,3,4,4,1,1,2,2,8,15.0,1.333,1.333,0.667,0.0,2.9,10.8,6.5,13.9,1.4,2.6,40.0,5.9,154.0,129.0,3.0,60632d5f-29f9-47b9-aabf-3a4f873ec260,BOS,MIL,Home,122,119,1
Derrick White,1,37.46666666666667,8,17,0.471,4,11,0.364,3,3,1.0,0,5,5,8,0,2,0,5,23,-7.0,0.628,0.588,0.647,0.176,0.0,18.3,8.2,34.4,0.0,5.2,0.0,22.0,148.0,128.0,6.7,60632d5f-29f9-47b9-aabf-3a4f873ec260,BOS,MIL,Home,122,119,1
Jaylen Brown,1,37.083333333333336,6,15,0.4,2,4,0.5,7,10,0.7,4,4,8,2,1,0,1,3,21,-2.0,0.541,0.467,0.267,0.667,12.0,14.8,13.3,8.0,1.4,0.0,4.9,24.7,124.0,129.0,-3.0,60632d5f-29f9-47b9-aabf-3a4f873ec260,BOS,MIL,Home,122,119,1
Kristaps Porziņģis,1,27.78333333333333,6,16,0.375,0,5,0.0,5,6,0.833,3,0,3,2,0,0,2,3,17,-8.0,0.456,0.375,0.313,0.375,12.1,0.0,6.6,11.7,0.0,0.0,9.7,33.4,102.0,136.0,-13.3,60632d5f-29f9-47b9-aabf-3a4f873ec260,BOS,MIL,Home,122,119,1
Payton Pritchard,1,31.48333333333333,7,11,0.636,5,8,0.625,0,0,0.0,2,4,6,3,0,0,1,2,19,2.0,0.864,0.864,0.727,0.0,7.1,17.4,11.7,15.6,0.0,0.0,8.3,17.1,161.0,132.0,7.3,60632d5f-29f9-47b9-aabf-3a4f873ec260,BOS,MIL,Home,122,119,1
Xavier Tillman Sr.,1,14.466666666666669,0,2,0.0,0,2,0.0,0,0,0.0,1,2,3,2,1,0,1,1,0,-4.0,0.0,0.0,1.0,0.0,7.7,19.0,12.8,16.6,3.6,0.0,33.3,9.3,65.0,123.0,-6.7,60632d5f-29f9-47b9-aabf-3a4f873ec260,BOS,MIL,Home,122,119,1
Luke Kornet,1,9.15,0,1,0.0,0,0,0.0,0,0,0.0,0,0,0,0,0,0,0,0,0,7.0,0.0,0.0,0.0,0.0,0.0,0.0,0.0,0.0,0.0,0.0,0.0,4.9,0.0,136.0,-13.9,60632d5f-29f9-47b9-aabf-3a4f873ec260,BOS,MIL,Home,122,119,1
Svi Mykhailiuk,1,5.116666666666666,1,1,1.0,1,1,1.0,0,0,0.0,0,0,0,0,0,0,0,0,3,10.0,1.5,1.5,1.0,0.0,0.0,0.0,0.0,0.0,0.0,0.0,0.0,8.8,300.0,136.0,12.0,60632d5f-29f9-47b9-aabf-3a4f873ec260,BOS,MIL,Home,122,119,1
Oshae Brissett,0,0.0,0,0,0.0,0,0,0.0,0,0,0.0,0,0,0,0,0,0,0,0,0,0.0,0.0,0.0,0.0,0.0,0.0,0.0,0.0,0.0,0.0,0.0,0.0,0.0,0.0,0.0,0.0,60632d5f-29f9-47b9-aabf-3a4f873ec260,BOS,MIL,Home,122,119,1
Drew Peterson,0,0.0,0,0,0.0,0,0,0.0,0,0,0.0,0,0,0,0,0,0,0,0,0,0.0,0.0,0.0,0.0,0.0,0.0,0.0,0.0,0.0,0.0,0.0,0.0,0.0,0.0,0.0,0.0,60632d5f-29f9-47b9-aabf-3a4f873ec260,BOS,MIL,Home,122,119,1
Jaden Springer,0,0.0,0,0,0.0,0,0,0.0,0,0,0.0,0,0,0,0,0,0,0,0,0,0.0,0.0,0.0,0.0,0.0,0.0,0.0,0.0,0.0,0.0,0.0,0.0,0.0,0.0,0.0,0.0,60632d5f-29f9-47b9-aabf-3a4f873ec260,BOS,MIL,Home,122,119,1
Payton Pritchard,1,37.71666666666667,8,15,0.533,4,9,0.444,0,0,0.0,0,2,2,9,0,0,1,2,20,15.0,0.667,0.667,0.6,0.0,0.0,7.3,3.3,31.1,0.0,0.0,6.3,18.9,139.0,112.0,3.2,a25c524e-377e-4588-8e72-90a72d15fb7e,BOS,DET,Away,129,102,1
Derrick White,1,35.81666666666667,5,14,0.357,1,7,0.143,8,9,0.889,2,6,8,11,0,1,1,1,19,23.0,0.529,0.393,0.5,0.643,6.4,23.0,13.9,36.6,0.0,2.6,5.3,23.6,134.0,108.0,3.7,a25c524e-377e-4588-8e72-90a72d15fb7e,BOS,DET,Away,129,102,1
Jaylen Brown,1,33.13333333333333,13,19,0.684,3,8,0.375,4,7,0.571,0,4,4,0,4,0,4,1,33,9.0,0.747,0.763,0.421,0.368,0.0,16.6,7.5,0.0,6.0,0.0,15.3,35.0,113.0,98.0,6.4,a25c524e-377e-4588-8e72-90a72d15fb7e,BOS,DET,Away,129,102,1
Kristaps Porziņģis,1,26.116666666666667,7,15,0.467,2,6,0.333,3,4,0.75,2,2,4,1,3,2,0,5,19,22.0,0.567,0.533,0.4,0.267,8.8,10.5,9.5,5.4,5.7,7.1,0.0,28.6,122.0,94.0,3.2,a25c524e-377e-4588-8e72-90a72d15fb7e,BOS,DET,Away,129,102,1
Xavier Tillman Sr.,1,19.916666666666668,1,2,0.5,0,1,0.0,0,0,0.0,2,2,4,0,0,0,1,1,2,-3.0,0.5,0.5,0.5,0.0,11.5,13.8,12.5,0.0,0.0,0.0,33.3,6.7,103.0,111.0,-9.1,a25c524e-377e-4588-8e72-90a72d15fb7e,BOS,DET,Away,129,102,1
Sam Hauser,1,23.83333333333333,5,14,0.357,4,11,0.364,0,0,0.0,0,4,4,1,1,0,0,1,14,15.0,0.5,0.5,0.786,0.0,0.0,23.0,10.5,5.5,2.1,0.0,0.0,26.1,101.0,105.0,-3.3,a25c524e-377e-4588-8e72-90a72d15fb7e,BOS,DET,Away,129,102,1
Oshae Brissett,1,19.366666666666667,2,2,1.0,1,1,1.0,1,2,0.5,0,2,2,1,0,1,0,1,6,19.0,1.042,1.25,0.5,1.0,0.0,14.2,6.4,5.9,0.0,4.8,0.0,6.6,202.0,108.0,3.9,a25c524e-377e-4588-8e72-90a72d15fb7e,BOS,DET,Away,129,102,1
Luke Kornet,1,17.183333333333334,1,2,0.5,0,0,0.0,1,2,0.5,1,2,3,4,0,1,0,2,3,-1.0,0.521,0.5,0.0,1.0,6.7,16.0,10.9,25.3,0.0,5.4,0.0,7.5,158.0,107.0,3.9,a25c524e-377e-4588-8e72-90a72d15fb7e,BOS,DET,Away,129,102,1
Svi Mykhailiuk,1,15.716666666666669,1,1,1.0,0,0,0.0,1,1,1.0,0,2,2,1,0,0,0,0,3,12.0,1.042,1.0,0.0,1.0,0.0,17.5,7.9,6.9,0.0,0.0,0.0,4.1,222.0,111.0,-1.6,a25c524e-377e-4588-8e72-90a72d15fb7e,BOS,DET,Away,129,102,1
Neemias Queta,1,2.8,2,2,1.0,0,0,0.0,1,2,0.5,1,1,2,2,1,0,0,0,5,6.0,0.868,1.0,0.0,1.0,40.8,49.0,44.5,100.0,17.6,0.0,0.0,45.8,193.0,66.0,80.1,a25c524e-377e-4588-8e72-90a72d15fb7e,BOS,DET,Away,129,102,1
JD Davison,1,2.8,1,1,1.0,1,1,1.0,0,0,0.0,0,0,0,1,0,0,0,0,3,6.0,1.5,1.5,1.0,0.0,0.0,0.0,0.0,57.4,0.0,0.0,0.0,15.9,278.0,114.0,39.5,a25c524e-377e-4588-8e72-90a72d15fb7e,BOS,DET,Away,129,102,1
Jordan Walsh,1,2.8,1,2,0.5,0,1,0.0,0,0,0.0,0,0,0,0,0,0,0,1,2,6.0,0.5,0.5,0.5,0.0,0.0,0.0,0.0,0.0,0.0,0.0,0.0,31.8,94.0,113.0,-18.7,a25c524e-377e-4588-8e72-90a72d15fb7e,BOS,DET,Away,129,102,1
Jaden Springer,1,2.8,0,0,0.0,0,0,0.0,0,0,0.0,0,0,0,0,0,0,0,0,0,6.0,0.0,0.0,0.0,0.0,0.0,0.0,0.0,0.0,0.0,0.0,0.0,0.0,0.0,114.0,-7.9,a25c524e-377e-4588-8e72-90a72d15fb7e,BOS,DET,Away,129,102,1
Derrick White,1,38.266666666666666,6,14,0.429,3,11,0.273,2,3,0.667,0,3,3,6,1,0,1,1,17,8.0,0.555,0.536,0.786,0.214,0.0,11.8,5.4,20.6,1.4,0.0,6.1,19.4,130.0,126.0,-1.0,20776417-5be4-4714-bf57-c215374fa08f,BOS,CHI,Away,124,113,1
Jayson Tatum,1,37.4,8,20,0.4,2,7,0.286,8,9,0.889,1,1,2,6,1,1,5,1,26,5.0,0.543,0.45,0.35,0.45,3.4,4.0,3.7,22.8,1.4,2.2,17.3,35.2,110.0,124.0,-4.2,20776417-5be4-4714-bf57-c215374fa08f,BOS,CHI,Away,124,113,1
Sam Hauser,1,32.1,8,9,0.889,7,8,0.875,0,0,0.0,1,4,5,1,2,0,2,0,23,8.0,1.278,1.278,0.889,0.0,3.9,18.7,10.7,4.7,3.3,0.0,18.2,15.6,176.0,122.0,18.7,20776417-5be4-4714-bf57-c215374fa08f,BOS,CHI,Away,124,113,1
Al Horford,1,31.216666666666665,8,16,0.5,5,10,0.5,2,2,1.0,2,6,8,1,0,0,2,1,23,9.0,0.681,0.656,0.625,0.125,8.1,28.8,17.6,4.9,0.0,0.0,10.6,27.5,129.0,128.0,1.2,20776417-5be4-4714-bf57-c215374fa08f,BOS,CHI,Away,124,113,1
Luke Kornet,1,30.633333333333333,4,5,0.8,0,0,0.0,0,0,0.0,5,8,13,4,0,2,1,2,8,3.0,0.8,0.8,0.0,0.0,20.6,39.2,29.1,16.6,0.0,5.4,16.7,8.9,172.0,121.0,6.5,20776417-5be4-4714-bf57-c215374fa08f,BOS,CHI,Away,124,113,1
Payton Pritchard,1,33.733333333333334,5,13,0.385,2,6,0.333,3,3,1.0,0,3,3,8,1,0,0,1,15,17.0,0.524,0.462,0.462,0.231,0.0,13.3,6.1,30.9,1.6,0.0,0.0,19.3,144.0,126.0,1.9,20776417-5be4-4714-bf57-c215374fa08f,BOS,CHI,Away,124,113,1
Oshae Brissett,1,16.766666666666666,3,3,1.0,1,1,1.0,0,0,0.0,3,1,4,0,0,0,1,1,7,4.0,1.167,1.167,0.333,0.0,22.6,8.9,16.4,0.0,0.0,0.0,25.0,10.9,170.0,130.0,3.3,20776417-5be4-4714-bf57-c215374fa08f,BOS,CHI,Away,124,113,1
Xavier Tillman Sr.,1,10.85,1,2,0.5,0,1,0.0,0,0,0.0,0,2,2,2,0,0,0,1,2,0.0,0.5,0.5,0.5,0.0,0.0,27.6,12.6,22.4,0.0,0.0,0.0,8.4,149.0,129.0,-0.5,20776417-5be4-4714-bf57-c215374fa08f,BOS,CHI,Away,124,113,1
Svi Mykhailiuk,1,8.966666666666667,1,4,0.25,1,4,0.25,0,0,0.0,0,1,1,0,0,0,0,1,3,1.0,0.375,0.375,1.0,0.0,0.0,16.7,7.6,0.0,0.0,0.0,0.0,20.3,86.0,129.0,-15.2,20776417-5be4-4714-bf57-c215374fa08f,BOS,CHI,Away,124,113,1
Jaden Springer,1,0.0666666666666666,0,0,0.0,0,0,0.0,0,0,0.0,0,0,0,0,0,0,0,0,0,0.0,0.0,0.0,0.0,0.0,0.0,0.0,0.0,0.0,0.0,0.0,0.0,0.0,0.0,130.0,-7.1,20776417-5be4-4714-bf57-c215374fa08f,BOS,CHI,Away,124,113,1
JD Davison,0,0.0,0,0,0.0,0,0,0.0,0,0,0.0,0,0,0,0,0,0,0,0,0,0.0,0.0,0.0,0.0,0.0,0.0,0.0,0.0,0.0,0.0,0.0,0.0,0.0,0.0,0.0,0.0,20776417-5be4-4714-bf57-c215374fa08f,BOS,CHI,Away,124,113,1
Neemias Queta,0,0.0,0,0,0.0,0,0,0.0,0,0,0.0,0,0,0,0,0,0,0,0,0,0.0,0.0,0.0,0.0,0.0,0.0,0.0,0.0,0.0,0.0,0.0,0.0,0.0,0.0,0.0,0.0,20776417-5be4-4714-bf57-c215374fa08f,BOS,CHI,Away,124,113,1
Jordan Walsh,0,0.0,0,0,0.0,0,0,0.0,0,0,0.0,0,0,0,0,0,0,0,0,0,0.0,0.0,0.0,0.0,0.0,0.0,0.0,0.0,0.0,0.0,0.0,0.0,0.0,0.0,0.0,0.0,20776417-5be4-4714-bf57-c215374fa08f,BOS,CHI,Away,124,113,1
Jayson Tatum,1,39.38333333333333,13,26,0.5,2,7,0.286,9,11,0.818,2,6,8,5,2,1,2,1,37,3.0,0.6,0.538,0.269,0.423,5.9,17.8,11.9,19.6,2.6,2.4,6.1,36.3,129.0,126.0,9.4,e0b761ba-9131-454b-8d46-9dfc8391f73c,BOS,ATL,Away,118,120,0
Jaylen Brown,1,37.016666666666666,10,22,0.455,2,7,0.286,2,4,0.5,2,2,4,1,2,0,1,3,24,-2.0,0.505,0.5,0.318,0.182,6.3,6.3,6.3,3.8,2.8,0.0,4.0,29.1,110.0,131.0,-4.4,e0b761ba-9131-454b-8d46-9dfc8391f73c,BOS,ATL,Away,118,120,0
Al Horford,1,35.53333333333333,3,5,0.6,1,2,0.5,0,0,0.0,1,8,9,2,1,1,1,1,7,-5.0,0.7,0.7,0.4,0.0,3.3,26.4,14.8,6.3,1.5,2.6,16.7,7.3,132.0,126.0,-1.2,e0b761ba-9131-454b-8d46-9dfc8391f73c,BOS,ATL,Away,118,120,0
Kristaps Porziņģis,1,34.13333333333333,7,14,0.5,1,4,0.25,2,2,1.0,5,0,5,2,0,3,3,3,17,-7.0,0.571,0.536,0.286,0.143,17.1,0.0,8.6,7.6,0.0,8.3,16.8,22.8,115.0,135.0,-4.0,e0b761ba-9131-454b-8d46-9dfc8391f73c,BOS,ATL,Away,118,120,0
Sam Hauser,1,26.73333333333333,2,10,0.2,2,10,0.2,0,0,0.0,1,4,5,0,2,2,0,2,6,-7.0,0.3,0.3,1.0,0.0,4.4,17.5,10.9,0.0,3.9,7.0,0.0,16.3,78.0,120.0,-5.8,e0b761ba-9131-454b-8d46-9dfc8391f73c,BOS,ATL,Away,118,120,0
Payton Pritchard,1,27.566666666666663,7,12,0.583,1,5,0.2,0,2,0.0,1,4,5,6,0,0,0,3,15,-5.0,0.582,0.625,0.417,0.167,4.2,17.0,10.6,30.0,0.0,0.0,0.0,20.3,139.0,133.0,2.0,e0b761ba-9131-454b-8d46-9dfc8391f73c,BOS,ATL,Away,118,120,0
Svi Mykhailiuk,1,10.983333333333333,2,2,1.0,2,2,1.0,0,0,0.0,0,0,0,3,0,0,0,0,6,0.0,1.5,1.5,1.0,0.0,0.0,0.0,0.0,34.3,0.0,0.0,0.0,7.9,273.0,140.0,20.1,e0b761ba-9131-454b-8d46-9dfc8391f73c,BOS,ATL,Away,118,120,0
Oshae Brissett,1,10.85,0,0,0.0,0,0,0.0,0,0,0.0,0,1,1,2,0,0,0,1,0,12.0,0.0,0.0,0.0,0.0,0.0,10.8,5.4,18.8,0.0,0.0,0.0,0.0,223.0,136.0,-1.8,e0b761ba-9131-454b-8d46-9dfc8391f73c,BOS,ATL,Away,118,120,0
Luke Kornet,1,9.666666666666666,2,2,1.0,0,0,0.0,0,0,0.0,0,0,0,0,0,0,0,0,4,4.0,1.0,1.0,0.0,0.0,0.0,0.0,0.0,0.0,0.0,0.0,0.0,9.0,200.0,140.0,-0.9,e0b761ba-9131-454b-8d46-9dfc8391f73c,BOS,ATL,Away,118,120,0
Jaden Springer,1,8.116666666666667,1,2,0.5,0,1,0.0,0,0,0.0,0,1,1,0,0,1,0,2,2,-3.0,0.5,0.5,0.5,0.0,0.0,14.4,7.2,0.0,0.0,11.6,0.0,10.7,108.0,127.0,-6.0,e0b761ba-9131-454b-8d46-9dfc8391f73c,BOS,ATL,Away,118,120,0
JD Davison,0,0.0,0,0,0.0,0,0,0.0,0,0,0.0,0,0,0,0,0,0,0,0,0,0.0,0.0,0.0,0.0,0.0,0.0,0.0,0.0,0.0,0.0,0.0,0.0,0.0,0.0,0.0,0.0,e0b761ba-9131-454b-8d46-9dfc8391f73c,BOS,ATL,Away,118,120,0
Derrick White,1,0.0,0,0,0.0,0,0,0.0,0,0,0.0,0,0,0,0,0,0,0,0,0,0.0,0.0,0.0,0.0,0.0,0.0,0.0,0.0,0.0,0.0,0.0,0.0,0.0,0.0,0.0,0.0,e0b761ba-9131-454b-8d46-9dfc8391f73c,BOS,ATL,Away,118,120,0
Jayson Tatum,1,45.23333333333333,9,22,0.409,2,7,0.286,11,13,0.846,3,10,13,6,0,0,2,3,31,-11.0,0.559,0.455,0.318,0.591,7.8,23.0,15.9,20.4,0.0,0.0,6.7,30.2,121.0,122.0,1.3,8cb08842-c6e8-4668-a3a2-a2ee42738eab,BOS,ATL,Away,122,123,0
Derrick White,1,41.0,8,11,0.727,5,6,0.833,1,1,1.0,2,5,7,5,1,0,3,3,22,3.0,0.962,0.955,0.545,0.091,5.7,12.7,9.4,18.6,1.3,0.0,20.8,16.2,149.0,123.0,7.5,8cb08842-c6e8-4668-a3a2-a2ee42738eab,BOS,ATL,Away,122,123,0
Kristaps Porziņģis,1,40.61666666666667,8,20,0.4,2,7,0.286,2,3,0.667,2,5,7,2,1,3,3,3,20,-4.0,0.469,0.45,0.35,0.15,5.8,12.8,9.5,7.6,1.3,6.5,12.3,27.5,90.0,119.0,-5.5,8cb08842-c6e8-4668-a3a2-a2ee42738eab,BOS,ATL,Away,122,123,0
Jaylen Brown,1,38.81666666666667,9,17,0.529,0,3,0.0,0,0,0.0,0,1,1,4,2,2,3,3,18,8.0,0.529,0.529,0.176,0.0,0.0,2.7,1.4,16.7,2.7,4.6,15.0,23.7,95.0,121.0,-2.7,8cb08842-c6e8-4668-a3a2-a2ee42738eab,BOS,ATL,Away,122,123,0
Jrue Holiday,1,36.53333333333333,5,11,0.455,3,6,0.5,0,0,0.0,1,6,7,5,1,1,0,1,13,-1.0,0.591,0.591,0.545,0.0,3.2,17.1,10.6,19.2,1.4,2.4,0.0,13.8,135.0,119.0,4.9,8cb08842-c6e8-4668-a3a2-a2ee42738eab,BOS,ATL,Away,122,123,0
Sam Hauser,1,22.516666666666666,3,6,0.5,2,4,0.5,0,0,0.0,0,2,2,3,0,0,0,1,8,3.0,0.667,0.667,0.667,0.0,0.0,9.2,4.9,18.6,0.0,0.0,0.0,12.3,145.0,127.0,2.8,8cb08842-c6e8-4668-a3a2-a2ee42738eab,BOS,ATL,Away,122,123,0
Payton Pritchard,1,18.73333333333333,1,3,0.333,0,1,0.0,2,2,1.0,0,1,1,2,1,0,1,1,4,-11.0,0.515,0.333,0.333,0.667,0.0,5.5,2.9,13.4,2.8,0.0,20.5,12.0,102.0,122.0,-5.3,8cb08842-c6e8-4668-a3a2-a2ee42738eab,BOS,ATL,Away,122,123,0
Luke Kornet,1,13.016666666666667,1,1,1.0,0,0,0.0,2,2,1.0,1,2,3,0,1,0,0,0,4,3.0,1.064,1.0,0.0,2.0,9.0,16.0,12.7,0.0,4.0,0.0,0.0,6.6,228.0,115.0,5.0,8cb08842-c6e8-4668-a3a2-a2ee42738eab,BOS,ATL,Away,122,123,0
Xavier Tillman Sr.,1,8.533333333333333,1,3,0.333,0,2,0.0,0,0,0.0,0,2,2,1,0,0,0,0,2,5.0,0.333,0.333,0.667,0.0,0.0,24.4,12.9,16.0,0.0,0.0,0.0,16.2,86.0,121.0,-6.6,8cb08842-c6e8-4668-a3a2-a2ee42738eab,BOS,ATL,Away,122,123,0
Oshae Brissett,0,0.0,0,0,0.0,0,0,0.0,0,0,0.0,0,0,0,0,0,0,0,0,0,0.0,0.0,0.0,0.0,0.0,0.0,0.0,0.0,0.0,0.0,0.0,0.0,0.0,0.0,0.0,0.0,8cb08842-c6e8-4668-a3a2-a2ee42738eab,BOS,ATL,Away,122,123,0
Al Horford,1,0.0,0,0,0.0,0,0,0.0,0,0,0.0,0,0,0,0,0,0,0,0,0,0.0,0.0,0.0,0.0,0.0,0.0,0.0,0.0,0.0,0.0,0.0,0.0,0.0,0.0,0.0,0.0,8cb08842-c6e8-4668-a3a2-a2ee42738eab,BOS,ATL,Away,122,123,0
Svi Mykhailiuk,0,0.0,0,0,0.0,0,0,0.0,0,0,0.0,0,0,0,0,0,0,0,0,0,0.0,0.0,0.0,0.0,0.0,0.0,0.0,0.0,0.0,0.0,0.0,0.0,0.0,0.0,0.0,0.0,8cb08842-c6e8-4668-a3a2-a2ee42738eab,BOS,ATL,Away,122,123,0
Jayson Tatum,1,35.5,10,17,0.588,3,6,0.5,0,0,0.0,1,8,9,4,0,0,4,1,23,8.0,0.676,0.676,0.353,0.0,3.5,20.4,13.2,21.2,0.0,0.0,19.0,28.6,109.0,106.0,3.2,a628cf6f-deac-4b32-8228-df10031ed723,BOS,NOP,Away,104,92,1
Jrue Holiday,1,35.31666666666667,5,10,0.5,3,6,0.5,0,0,0.0,1,7,8,7,2,1,3,2,13,8.0,0.65,0.65,0.6,0.0,3.5,18.0,11.8,29.5,3.0,2.7,23.1,17.8,117.0,97.0,7.9,a628cf6f-deac-4b32-8228-df10031ed723,BOS,NOP,Away,104,92,1
Jaylen Brown,1,35.0,6,16,0.375,3,4,0.75,2,2,1.0,2,5,7,6,1,1,2,2,17,4.0,0.504,0.469,0.25,0.125,7.0,12.9,10.4,26.7,1.5,2.7,10.6,26.1,110.0,102.0,3.4,a628cf6f-deac-4b32-8228-df10031ed723,BOS,NOP,Away,104,92,1
Derrick White,1,31.58333333333333,5,9,0.556,3,7,0.429,2,2,1.0,1,2,3,3,0,0,0,1,15,9.0,0.759,0.722,0.778,0.222,3.9,5.7,5.0,14.5,0.0,0.0,0.0,15.1,160.0,111.0,5.7,a628cf6f-deac-4b32-8228-df10031ed723,BOS,NOP,Away,104,92,1
Kristaps Porziņģis,1,31.466666666666665,6,14,0.429,1,6,0.167,6,6,1.0,0,10,10,3,2,4,2,4,19,12.0,0.571,0.464,0.429,0.429,0.0,28.8,16.6,15.3,3.4,12.0,10.7,28.6,111.0,85.0,8.1,a628cf6f-deac-4b32-8228-df10031ed723,BOS,NOP,Away,104,92,1
Al Horford,1,30.05,4,7,0.571,1,3,0.333,0,0,0.0,0,6,6,2,1,1,0,1,9,8.0,0.643,0.643,0.429,0.0,0.0,18.1,10.4,9.8,1.8,3.1,0.0,11.3,135.0,100.0,4.5,a628cf6f-deac-4b32-8228-df10031ed723,BOS,NOP,Away,104,92,1
Payton Pritchard,1,17.083333333333332,1,3,0.333,0,2,0.0,0,0,0.0,2,1,3,0,0,0,1,1,2,3.0,0.333,0.333,0.667,0.0,14.4,5.3,9.2,0.0,0.0,0.0,25.0,11.3,80.0,110.0,-11.4,a628cf6f-deac-4b32-8228-df10031ed723,BOS,NOP,Away,104,92,1
Sam Hauser,1,13.533333333333331,1,3,0.333,1,3,0.333,0,0,0.0,0,3,3,1,1,0,0,1,3,1.0,0.5,0.5,1.0,0.0,0.0,20.1,11.6,10.0,3.9,0.0,0.0,10.7,114.0,96.0,2.9,a628cf6f-deac-4b32-8228-df10031ed723,BOS,NOP,Away,104,92,1
Xavier Tillman Sr.,1,10.466666666666669,1,3,0.333,0,0,0.0,1,2,0.5,1,1,2,1,0,0,0,0,3,7.0,0.387,0.333,0.0,0.667,11.8,8.7,10.0,13.3,0.0,0.0,0.0,17.9,108.0,110.0,-3.8,a628cf6f-deac-4b32-8228-df10031ed723,BOS,NOP,Away,104,92,1
Oshae Brissett,0,0.0,0,0,0.0,0,0,0.0,0,0,0.0,0,0,0,0,0,0,0,0,0,0.0,0.0,0.0,0.0,0.0,0.0,0.0,0.0,0.0,0.0,0.0,0.0,0.0,0.0,0.0,0.0,a628cf6f-deac-4b32-8228-df10031ed723,BOS,NOP,Away,104,92,1
Luke Kornet,0,0.0,0,0,0.0,0,0,0.0,0,0,0.0,0,0,0,0,0,0,0,0,0,0.0,0.0,0.0,0.0,0.0,0.0,0.0,0.0,0.0,0.0,0.0,0.0,0.0,0.0,0.0,0.0,a628cf6f-deac-4b32-8228-df10031ed723,BOS,NOP,Away,104,92,1
Svi Mykhailiuk,0,0.0,0,0,0.0,0,0,0.0,0,0,0.0,0,0,0,0,0,0,0,0,0,0.0,0.0,0.0,0.0,0.0,0.0,0.0,0.0,0.0,0.0,0.0,0.0,0.0,0.0,0.0,0.0,a628cf6f-deac-4b32-8228-df10031ed723,BOS,NOP,Away,104,92,1
Derrick White,1,35.63333333333333,7,15,0.467,4,10,0.4,1,1,1.0,2,7,9,5,0,1,2,3,19,13.0,0.615,0.6,0.667,0.067,6.3,19.6,13.3,20.1,0.0,2.5,11.5,22.2,125.0,112.0,2.7,a45a9d9a-8d96-42be-8b4a-70bff6058100,BOS,CHO,Away,118,104,1
Jayson Tatum,1,34.38333333333333,9,19,0.474,4,10,0.4,3,3,1.0,0,10,10,4,2,1,4,2,25,14.0,0.615,0.579,0.526,0.158,0.0,29.1,15.3,18.3,3.0,2.6,16.4,32.0,108.0,103.0,5.1,a45a9d9a-8d96-42be-8b4a-70bff6058100,BOS,CHO,Away,118,104,1
Jrue Holiday,1,30.35,1,11,0.091,0,8,0.0,0,0,0.0,1,4,5,2,0,0,1,2,2,6.0,0.091,0.091,0.727,0.0,3.7,13.2,8.7,7.6,0.0,0.0,8.3,17.9,41.0,116.0,-20.9,a45a9d9a-8d96-42be-8b4a-70bff6058100,BOS,CHO,Away,118,104,1
Kristaps Porziņģis,1,30.266666666666666,6,10,0.6,1,3,0.333,7,8,0.875,2,5,7,5,0,1,1,1,20,11.0,0.74,0.65,0.3,0.8,7.4,16.5,12.2,23.7,0.0,2.9,6.9,21.7,158.0,112.0,10.9,a45a9d9a-8d96-42be-8b4a-70bff6058100,BOS,CHO,Away,118,104,1
Al Horford,1,24.83333333333333,6,11,0.545,3,6,0.5,0,0,0.0,3,2,5,3,0,0,0,0,15,8.0,0.682,0.682,0.545,0.0,13.5,8.1,10.6,18.5,0.0,0.0,0.0,20.1,155.0,117.0,9.0,a45a9d9a-8d96-42be-8b4a-70bff6058100,BOS,CHO,Away,118,104,1
Payton Pritchard,1,27.916666666666668,3,7,0.429,0,4,0.0,1,2,0.5,1,2,3,5,0,0,1,4,7,6.0,0.444,0.429,0.571,0.286,4.0,7.2,5.7,22.7,0.0,0.0,11.3,14.4,114.0,117.0,-7.3,a45a9d9a-8d96-42be-8b4a-70bff6058100,BOS,CHO,Away,118,104,1
Sam Hauser,1,24.23333333333333,9,13,0.692,7,11,0.636,0,0,0.0,1,4,5,0,0,0,1,2,25,7.0,0.962,0.962,0.846,0.0,4.6,16.5,10.9,0.0,0.0,0.0,7.1,26.2,157.0,115.0,17.3,a45a9d9a-8d96-42be-8b4a-70bff6058100,BOS,CHO,Away,118,104,1
Luke Kornet,1,13.2,2,2,1.0,0,0,0.0,0,0,0.0,1,3,4,1,1,0,0,0,4,1.0,1.0,1.0,0.0,0.0,8.5,22.7,16.0,10.2,3.9,0.0,0.0,6.9,214.0,104.0,9.4,a45a9d9a-8d96-42be-8b4a-70bff6058100,BOS,CHO,Away,118,104,1
Oshae Brissett,1,13.2,0,1,0.0,0,1,0.0,1,2,0.5,0,2,2,2,0,0,0,0,1,8.0,0.266,0.0,1.0,2.0,0.0,15.2,8.0,16.9,0.0,0.0,0.0,6.4,112.0,115.0,-2.2,a45a9d9a-8d96-42be-8b4a-70bff6058100,BOS,CHO,Away,118,104,1
Xavier Tillman Sr.,1,4.583333333333333,0,0,0.0,0,0,0.0,0,0,0.0,0,1,1,1,0,0,0,1,0,-2.0,0.0,0.0,0.0,0.0,0.0,21.8,11.5,24.4,0.0,0.0,0.0,0.0,244.0,113.0,0.2,a45a9d9a-8d96-42be-8b4a-70bff6058100,BOS,CHO,Away,118,104,1
Svi Mykhailiuk,1,1.4,0,0,0.0,0,0,0.0,0,0,0.0,0,0,0,0,0,0,0,0,0,-2.0,0.0,0.0,0.0,0.0,0.0,0.0,0.0,0.0,0.0,0.0,0.0,0.0,0.0,119.0,-7.8,a45a9d9a-8d96-42be-8b4a-70bff6058100,BOS,CHO,Away,118,104,1
Jaden Springer,0,0.0,0,0,0.0,0,0,0.0,0,0,0.0,0,0,0,0,0,0,0,0,0,0.0,0.0,0.0,0.0,0.0,0.0,0.0,0.0,0.0,0.0,0.0,0.0,0.0,0.0,0.0,0.0,a45a9d9a-8d96-42be-8b4a-70bff6058100,BOS,CHO,Away,118,104,1
Jaylen Brown,1,32.81666666666667,9,20,0.45,3,9,0.333,2,3,0.667,1,6,7,4,1,2,5,4,23,8.0,0.539,0.525,0.45,0.15,4.0,21.9,13.3,15.9,1.5,5.1,19.0,34.9,98.0,100.0,-4.4,326fd422-41c6-463c-b4c4-4ad95738af6f,BOS,OKC,Home,135,100,1
Jrue Holiday,1,31.566666666666663,5,9,0.556,2,6,0.333,0,0,0.0,1,6,7,4,0,1,3,1,12,31.0,0.667,0.667,0.667,0.0,4.1,22.8,13.8,14.3,0.0,2.7,25.0,16.5,113.0,106.0,-0.2,326fd422-41c6-463c-b4c4-4ad95738af6f,BOS,OKC,Home,135,100,1
Derrick White,1,31.183333333333334,2,5,0.4,2,4,0.5,2,2,1.0,0,1,1,6,1,1,0,4,8,13.0,0.68,0.6,0.8,0.4,0.0,3.8,2.0,19.7,1.6,2.7,0.0,8.2,173.0,105.0,3.8,326fd422-41c6-463c-b4c4-4ad95738af6f,BOS,OKC,Home,135,100,1
Kristaps Porziņģis,1,30.883333333333333,11,14,0.786,3,3,1.0,2,2,1.0,3,9,12,4,1,5,0,3,27,19.0,0.907,0.893,0.214,0.143,12.6,35.0,24.2,18.9,1.6,13.6,0.0,21.0,191.0,90.0,25.0,326fd422-41c6-463c-b4c4-4ad95738af6f,BOS,OKC,Home,135,100,1
Jayson Tatum,1,28.9,7,15,0.467,2,5,0.4,8,8,1.0,3,4,7,3,1,0,0,2,24,14.0,0.648,0.533,0.333,0.533,13.5,16.6,15.1,13.0,1.7,0.0,0.0,27.9,154.0,105.0,7.3,326fd422-41c6-463c-b4c4-4ad95738af6f,BOS,OKC,Home,135,100,1
Payton Pritchard,1,27.78333333333333,4,10,0.4,1,4,0.25,2,2,1.0,1,3,4,8,2,0,0,0,11,23.0,0.506,0.45,0.4,0.2,4.7,13.0,9.0,32.1,3.5,0.0,0.0,17.0,145.0,102.0,7.4,326fd422-41c6-463c-b4c4-4ad95738af6f,BOS,OKC,Home,135,100,1
Al Horford,1,24.683333333333334,7,10,0.7,2,4,0.5,0,0,0.0,2,2,4,2,0,1,2,1,16,32.0,0.8,0.8,0.4,0.0,10.5,9.7,10.1,10.7,0.0,3.4,16.7,21.1,136.0,107.0,5.5,326fd422-41c6-463c-b4c4-4ad95738af6f,BOS,OKC,Home,135,100,1
Sam Hauser,1,21.516666666666666,4,8,0.5,2,5,0.4,0,0,0.0,0,2,2,0,0,0,0,3,10,11.0,0.625,0.625,0.625,0.0,0.0,11.2,5.8,0.0,0.0,0.0,0.0,16.2,127.0,110.0,-4.7,326fd422-41c6-463c-b4c4-4ad95738af6f,BOS,OKC,Home,135,100,1
Luke Kornet,1,3.583333333333333,1,1,1.0,0,0,0.0,0,0,0.0,0,1,1,0,1,0,0,0,2,8.0,1.0,1.0,0.0,0.0,0.0,33.5,17.4,0.0,13.7,0.0,0.0,12.1,200.0,77.0,20.5,326fd422-41c6-463c-b4c4-4ad95738af6f,BOS,OKC,Home,135,100,1
Svi Mykhailiuk,1,3.583333333333333,0,0,0.0,0,0,0.0,0,0,0.0,0,0,0,2,0,0,0,0,0,8.0,0.0,0.0,0.0,0.0,0.0,0.0,0.0,53.6,0.0,0.0,0.0,0.0,234.0,111.0,13.9,326fd422-41c6-463c-b4c4-4ad95738af6f,BOS,OKC,Home,135,100,1
Oshae Brissett,1,3.4833333333333334,0,0,0.0,0,0,0.0,2,2,1.0,0,1,1,0,0,0,0,0,2,8.0,1.136,0.0,0.0,0.0,0.0,34.4,17.9,0.0,0.0,0.0,0.0,11.0,250.0,106.0,8.6,326fd422-41c6-463c-b4c4-4ad95738af6f,BOS,OKC,Home,135,100,1
Xavier Tillman Sr.,0,0.0,0,0,0.0,0,0,0.0,0,0,0.0,0,0,0,0,0,0,0,0,0,0.0,0.0,0.0,0.0,0.0,0.0,0.0,0.0,0.0,0.0,0.0,0.0,0.0,0.0,0.0,0.0,326fd422-41c6-463c-b4c4-4ad95738af6f,BOS,OKC,Home,135,100,1
Sam Hauser,1,36.28333333333333,1,18,0.056,1,13,0.077,0,0,0.0,1,6,7,3,1,0,0,1,3,-5.0,0.083,0.083,0.722,0.0,2.6,14.7,8.8,10.8,1.4,0.0,0.0,22.9,36.0,110.0,-17.8,4bd157a8-95f4-4795-b847-d023a25f4c88,BOS,SAC,Home,101,100,1
Jayson Tatum,1,32.5,5,15,0.333,1,6,0.167,6,8,0.75,0,6,6,5,0,0,3,0,17,14.0,0.459,0.367,0.4,0.533,0.0,16.4,8.4,24.1,0.0,0.0,13.9,30.6,92.0,113.0,-3.5,4bd157a8-95f4-4795-b847-d023a25f4c88,BOS,SAC,Home,101,100,1
Jrue Holiday,1,30.75,5,8,0.625,0,2,0.0,0,0,0.0,1,3,4,7,0,0,1,0,10,-1.0,0.625,0.625,0.25,0.0,3.1,8.7,5.9,36.2,0.0,0.0,11.1,13.5,135.0,117.0,3.3,4bd157a8-95f4-4795-b847-d023a25f4c88,BOS,SAC,Home,101,100,1
Kristaps Porziņģis,1,24.45,7,10,0.7,2,2,1.0,4,4,1.0,1,10,11,2,2,1,1,3,20,0.0,0.85,0.8,0.2,0.4,3.8,36.4,20.6,16.2,4.3,4.1,7.8,24.1,157.0,89.0,20.6,4bd157a8-95f4-4795-b847-d023a25f4c88,BOS,SAC,Home,101,100,1
Al Horford,1,20.05,3,7,0.429,1,5,0.2,1,2,0.5,0,6,6,1,0,1,0,0,8,3.0,0.508,0.5,0.714,0.286,0.0,26.6,13.7,7.8,0.0,5.0,0.0,18.2,108.0,105.0,1.6,4bd157a8-95f4-4795-b847-d023a25f4c88,BOS,SAC,Home,101,100,1
Payton Pritchard,1,33.416666666666664,8,16,0.5,5,10,0.5,0,0,0.0,1,0,1,3,2,0,1,3,21,2.0,0.656,0.656,0.625,0.0,2.8,0.0,1.4,16.3,3.1,0.0,5.9,23.5,125.0,113.0,7.9,4bd157a8-95f4-4795-b847-d023a25f4c88,BOS,SAC,Home,101,100,1
Xavier Tillman Sr.,1,19.15,4,7,0.571,1,3,0.333,0,0,0.0,1,3,4,2,0,0,0,0,9,1.0,0.643,0.643,0.429,0.0,4.9,13.9,9.5,17.9,0.0,0.0,0.0,16.9,139.0,114.0,5.8,4bd157a8-95f4-4795-b847-d023a25f4c88,BOS,SAC,Home,101,100,1
Luke Kornet,1,18.33333333333333,3,4,0.75,0,0,0.0,0,0,0.0,2,3,5,1,1,2,0,1,6,7.0,0.75,0.75,0.0,0.0,10.3,14.5,12.5,8.7,2.9,10.9,0.0,10.1,165.0,101.0,8.8,4bd157a8-95f4-4795-b847-d023a25f4c88,BOS,SAC,Home,101,100,1
Svi Mykhailiuk,1,11.933333333333334,2,3,0.667,1,2,0.5,0,0,0.0,1,1,2,1,0,0,0,0,5,6.0,0.833,0.833,0.667,0.0,7.9,7.4,7.7,13.4,0.0,0.0,0.0,11.6,173.0,118.0,7.2,4bd157a8-95f4-4795-b847-d023a25f4c88,BOS,SAC,Home,101,100,1
Oshae Brissett,1,6.7,0,0,0.0,0,0,0.0,2,4,0.5,3,1,4,0,0,0,1,2,2,-17.0,0.568,0.0,0.0,0.0,42.1,13.3,27.3,0.0,0.0,0.0,36.2,19.0,115.0,111.0,-9.9,4bd157a8-95f4-4795-b847-d023a25f4c88,BOS,SAC,Home,101,100,1
Jordan Walsh,1,6.433333333333334,0,1,0.0,0,1,0.0,0,0,0.0,1,0,1,0,0,0,0,1,0,-5.0,0.0,0.0,1.0,0.0,14.6,0.0,7.1,0.0,0.0,0.0,0.0,7.2,66.0,120.0,-14.2,4bd157a8-95f4-4795-b847-d023a25f4c88,BOS,SAC,Home,101,100,1
Drew Peterson,0,0.0,0,0,0.0,0,0,0.0,0,0,0.0,0,0,0,0,0,0,0,0,0,0.0,0.0,0.0,0.0,0.0,0.0,0.0,0.0,0.0,0.0,0.0,0.0,0.0,0.0,0.0,0.0,4bd157a8-95f4-4795-b847-d023a25f4c88,BOS,SAC,Home,101,100,1
Derrick White,1,30.966666666666665,5,13,0.385,3,10,0.3,2,2,1.0,0,1,1,9,1,0,2,1,15,2.0,0.54,0.5,0.769,0.154,0.0,2.7,1.7,33.8,1.6,0.0,12.6,23.5,117.0,120.0,-1.4,d2bdf4a3-04d1-4c61-8e1e-0915952809f9,BOS,POR,Home,124,107,1
Jaylen Brown,1,29.83333333333333,10,17,0.588,3,5,0.6,3,3,1.0,0,4,4,2,1,1,2,2,26,6.0,0.71,0.676,0.294,0.176,0.0,11.3,6.9,9.8,1.7,2.5,9.8,31.2,122.0,113.0,1.6,d2bdf4a3-04d1-4c61-8e1e-0915952809f9,BOS,POR,Home,124,107,1
Kristaps Porziņģis,1,27.3,3,7,0.429,1,3,0.333,5,8,0.625,1,9,10,2,3,5,2,1,12,4.0,0.57,0.5,0.429,1.143,4.9,27.8,18.9,8.0,5.4,13.7,16.0,21.0,107.0,87.0,5.6,d2bdf4a3-04d1-4c61-8e1e-0915952809f9,BOS,POR,Home,124,107,1
Jrue Holiday,1,20.916666666666668,5,8,0.625,2,3,0.667,0,0,0.0,0,1,1,2,0,0,0,1,12,7.0,0.75,0.75,0.375,0.0,0.0,4.0,2.5,12.2,0.0,0.0,0.0,17.5,146.0,123.0,-0.2,d2bdf4a3-04d1-4c61-8e1e-0915952809f9,BOS,POR,Home,124,107,1
Al Horford,1,20.916666666666668,3,6,0.5,1,4,0.25,0,0,0.0,1,5,6,3,1,0,1,0,7,7.0,0.583,0.583,0.667,0.0,6.4,20.1,14.8,16.3,2.4,0.0,14.3,15.3,119.0,106.0,0.2,d2bdf4a3-04d1-4c61-8e1e-0915952809f9,BOS,POR,Home,124,107,1
Sam Hauser,1,27.08333333333333,4,6,0.667,2,4,0.5,0,0,0.0,0,2,2,3,1,0,0,3,10,10.0,0.833,0.833,0.667,0.0,0.0,6.2,3.8,12.7,1.8,0.0,0.0,10.2,167.0,117.0,1.5,d2bdf4a3-04d1-4c61-8e1e-0915952809f9,BOS,POR,Home,124,107,1
Payton Pritchard,1,25.73333333333333,9,13,0.692,2,4,0.5,0,0,0.0,0,3,3,8,1,0,2,1,20,19.0,0.769,0.769,0.308,0.0,0.0,9.8,6.0,46.3,1.9,0.0,13.3,26.7,141.0,115.0,8.8,d2bdf4a3-04d1-4c61-8e1e-0915952809f9,BOS,POR,Home,124,107,1
Luke Kornet,1,18.55,1,1,1.0,0,0,0.0,0,0,0.0,3,2,5,1,0,0,0,0,2,5.0,1.0,1.0,0.0,0.0,21.6,9.1,13.9,5.6,0.0,0.0,0.0,2.5,222.0,120.0,-2.9,d2bdf4a3-04d1-4c61-8e1e-0915952809f9,BOS,POR,Home,124,107,1
Xavier Tillman Sr.,1,17.2,4,7,0.571,1,2,0.5,0,0,0.0,0,5,5,1,1,2,0,0,9,6.0,0.643,0.643,0.286,0.0,0.0,24.5,15.0,7.4,2.9,8.7,0.0,18.7,125.0,98.0,6.9,d2bdf4a3-04d1-4c61-8e1e-0915952809f9,BOS,POR,Home,124,107,1
Svi Mykhailiuk,1,12.0,2,4,0.5,1,2,0.5,0,0,0.0,0,2,2,2,0,0,1,2,5,9.0,0.625,0.625,0.5,0.0,0.0,14.0,8.6,19.5,0.0,0.0,20.0,19.1,108.0,116.0,-7.2,d2bdf4a3-04d1-4c61-8e1e-0915952809f9,BOS,POR,Home,124,107,1
Oshae Brissett,1,8.883333333333333,3,5,0.6,0,1,0.0,0,0,0.0,0,1,1,1,1,0,1,1,6,7.0,0.6,0.6,0.2,0.0,0.0,9.5,5.8,16.5,5.6,0.0,16.7,31.0,97.0,106.0,-4.5,d2bdf4a3-04d1-4c61-8e1e-0915952809f9,BOS,POR,Home,124,107,1
Jaden Springer,1,0.6166666666666667,0,0,0.0,0,0,0.0,0,0,0.0,0,0,0,0,1,0,1,0,0,3.0,0.0,0.0,0.0,0.0,0.0,0.0,0.0,0.0,80.2,0.0,100.0,74.3,0.0,-67.0,17.0,d2bdf4a3-04d1-4c61-8e1e-0915952809f9,BOS,POR,Home,124,107,1
Jayson Tatum,1,37.43333333333333,9,19,0.474,4,9,0.444,0,0,0.0,0,5,5,6,0,1,2,1,22,-11.0,0.579,0.579,0.474,0.0,0.0,17.8,7.4,30.2,0.0,2.8,9.5,25.6,112.0,122.0,5.1,e4b8639b-03d9-4b08-81c3-b36833ac1252,BOS,MIL,Away,91,104,0
Jaylen Brown,1,35.53333333333333,7,19,0.368,0,6,0.0,0,0,0.0,4,6,10,3,4,0,5,3,14,-13.0,0.368,0.368,0.316,0.0,10.6,22.5,15.5,14.7,6.1,0.0,20.8,30.9,72.0,108.0,-7.7,e4b8639b-03d9-4b08-81c3-b36833ac1252,BOS,MIL,Away,91,104,0
Jrue Holiday,1,31.65,5,13,0.385,2,6,0.333,0,0,0.0,3,4,7,5,1,1,2,0,12,-10.0,0.462,0.462,0.462,0.0,8.9,16.9,12.2,25.8,1.7,3.4,13.3,21.7,101.0,118.0,1.6,e4b8639b-03d9-4b08-81c3-b36833ac1252,BOS,MIL,Away,91,104,0
Derrick White,1,31.316666666666663,3,10,0.3,3,9,0.333,0,0,0.0,1,3,4,3,2,0,1,1,9,-11.0,0.45,0.45,0.9,0.0,3.0,12.8,7.0,14.2,3.5,0.0,9.1,16.1,97.0,117.0,-2.1,e4b8639b-03d9-4b08-81c3-b36833ac1252,BOS,MIL,Away,91,104,0
Xavier Tillman Sr.,1,18.416666666666668,2,7,0.286,2,5,0.4,0,0,0.0,0,0,0,2,1,2,0,1,6,-15.0,0.429,0.429,0.714,0.0,0.0,0.0,0.0,16.4,2.9,11.6,0.0,17.4,101.0,114.0,4.3,e4b8639b-03d9-4b08-81c3-b36833ac1252,BOS,MIL,Away,91,104,0
Sam Hauser,1,28.016666666666666,3,8,0.375,2,6,0.333,0,0,0.0,2,3,5,2,2,0,1,0,8,0.0,0.5,0.5,0.75,0.0,6.7,14.3,9.8,10.8,3.9,0.0,11.1,14.7,104.0,116.0,0.5,e4b8639b-03d9-4b08-81c3-b36833ac1252,BOS,MIL,Away,91,104,0
Payton Pritchard,1,23.633333333333333,2,9,0.222,2,8,0.25,0,0,0.0,0,2,2,3,1,0,1,0,6,1.0,0.333,0.333,0.889,0.0,0.0,11.3,4.7,18.5,2.3,0.0,10.0,19.3,77.0,120.0,-7.1,e4b8639b-03d9-4b08-81c3-b36833ac1252,BOS,MIL,Away,91,104,0
Luke Kornet,1,20.933333333333334,3,3,1.0,1,1,1.0,0,0,0.0,1,1,2,1,0,0,0,1,7,-8.0,1.167,1.167,0.333,0.0,4.5,6.4,5.3,7.6,0.0,0.0,0.0,6.6,236.0,127.0,1.7,e4b8639b-03d9-4b08-81c3-b36833ac1252,BOS,MIL,Away,91,104,0
Svi Mykhailiuk,1,6.533333333333333,2,2,1.0,1,1,1.0,0,0,0.0,0,1,1,1,0,0,0,0,5,1.0,1.25,1.25,0.5,0.0,0.0,20.4,8.4,32.9,0.0,0.0,0.0,14.0,249.0,124.0,22.4,e4b8639b-03d9-4b08-81c3-b36833ac1252,BOS,MIL,Away,91,104,0
Oshae Brissett,1,6.533333333333333,1,3,0.333,0,1,0.0,0,0,0.0,1,1,2,1,0,0,0,1,2,1.0,0.333,0.333,0.333,0.0,14.4,20.4,16.9,24.8,0.0,0.0,0.0,21.0,100.0,123.0,-6.6,e4b8639b-03d9-4b08-81c3-b36833ac1252,BOS,MIL,Away,91,104,0
Al Horford,1,0.0,0,0,0.0,0,0,0.0,0,0,0.0,0,0,0,0,0,0,0,0,0,0.0,0.0,0.0,0.0,0.0,0.0,0.0,0.0,0.0,0.0,0.0,0.0,0.0,0.0,0.0,0.0,e4b8639b-03d9-4b08-81c3-b36833ac1252,BOS,MIL,Away,91,104,0
Jaden Springer,0,0.0,0,0,0.0,0,0,0.0,0,0,0.0,0,0,0,0,0,0,0,0,0,0.0,0.0,0.0,0.0,0.0,0.0,0.0,0.0,0.0,0.0,0.0,0.0,0.0,0.0,0.0,0.0,e4b8639b-03d9-4b08-81c3-b36833ac1252,BOS,MIL,Away,91,104,0
Jayson Tatum,1,31.8,5,13,0.385,1,7,0.143,7,9,0.778,1,3,4,7,2,1,2,3,18,-30.0,0.531,0.423,0.538,0.692,3.4,10.5,6.9,32.6,3.2,2.4,10.5,27.2,118.0,124.0,3.5,565b4930-31f1-4180-9c73-ce1a5da0e855,BOS,NYK,Home,109,118,0
Jrue Holiday,1,28.83333333333333,3,7,0.429,1,4,0.25,0,0,0.0,1,4,5,1,1,2,2,2,7,-26.0,0.5,0.5,0.571,0.0,3.7,15.5,9.5,4.8,1.8,5.3,22.2,14.3,86.0,124.0,-5.4,565b4930-31f1-4180-9c73-ce1a5da0e855,BOS,NYK,Home,109,118,0
Jaylen Brown,1,28.633333333333333,6,15,0.4,1,5,0.2,2,3,0.667,1,1,2,1,0,2,3,3,15,-29.0,0.46,0.433,0.333,0.2,3.7,3.9,3.8,5.6,0.0,5.3,15.5,30.8,83.0,132.0,-12.0,565b4930-31f1-4180-9c73-ce1a5da0e855,BOS,NYK,Home,109,118,0
Derrick White,1,28.633333333333333,1,5,0.2,0,3,0.0,0,0,0.0,0,2,2,2,1,1,1,3,2,-29.0,0.2,0.2,0.6,0.0,0.0,7.8,3.8,8.7,1.8,2.7,16.7,9.6,56.0,128.0,-12.2,565b4930-31f1-4180-9c73-ce1a5da0e855,BOS,NYK,Home,109,118,0
Kristaps Porziņģis,1,25.316666666666663,5,12,0.417,2,5,0.4,2,2,1.0,2,6,8,1,0,2,1,2,14,-14.0,0.543,0.5,0.417,0.167,8.4,26.5,17.2,6.2,0.0,6.0,7.2,25.1,112.0,123.0,-1.4,565b4930-31f1-4180-9c73-ce1a5da0e855,BOS,NYK,Home,109,118,0
Sam Hauser,1,22.066666666666663,5,8,0.625,3,5,0.6,2,2,1.0,1,3,4,3,0,1,0,0,15,16.0,0.845,0.813,0.625,0.25,4.8,15.2,9.9,22.4,0.0,3.5,0.0,18.4,177.0,129.0,15.1,565b4930-31f1-4180-9c73-ce1a5da0e855,BOS,NYK,Home,109,118,0
Payton Pritchard,1,20.83333333333333,7,13,0.538,2,4,0.5,0,0,0.0,2,2,4,6,0,0,0,0,16,22.0,0.615,0.615,0.308,0.0,10.2,10.7,10.5,57.9,0.0,0.0,0.0,28.5,145.0,133.0,11.9,565b4930-31f1-4180-9c73-ce1a5da0e855,BOS,NYK,Home,109,118,0
Al Horford,1,15.533333333333331,2,3,0.667,2,3,0.667,0,0,0.0,0,2,2,1,1,2,1,2,6,-18.0,1.0,1.0,1.0,0.0,0.0,14.4,7.0,9.1,3.3,9.8,25.0,11.8,133.0,118.0,9.1,565b4930-31f1-4180-9c73-ce1a5da0e855,BOS,NYK,Home,109,118,0
Svi Mykhailiuk,1,12.783333333333331,3,5,0.6,3,4,0.75,0,0,0.0,1,1,2,2,0,0,0,0,9,21.0,0.9,0.9,0.8,0.0,8.3,8.7,8.5,26.1,0.0,0.0,0.0,17.9,183.0,134.0,16.6,565b4930-31f1-4180-9c73-ce1a5da0e855,BOS,NYK,Home,109,118,0
Jaden Springer,1,12.783333333333331,1,2,0.5,1,2,0.5,0,0,0.0,0,1,1,0,2,0,1,1,3,21.0,0.75,0.75,1.0,0.0,0.0,8.7,4.3,0.0,8.0,0.0,33.3,10.7,84.0,115.0,0.9,565b4930-31f1-4180-9c73-ce1a5da0e855,BOS,NYK,Home,109,118,0
Luke Kornet,1,6.733333333333333,1,2,0.5,0,0,0.0,0,0,0.0,1,1,2,0,0,1,1,0,2,15.0,0.5,0.5,0.0,0.0,15.8,16.6,16.2,0.0,0.0,11.3,33.3,20.4,80.0,124.0,-8.3,565b4930-31f1-4180-9c73-ce1a5da0e855,BOS,NYK,Home,109,118,0
Xavier Tillman Sr.,1,6.05,1,1,1.0,0,0,0.0,0,0,0.0,0,0,0,1,0,0,0,0,2,6.0,1.0,1.0,0.0,0.0,0.0,0.0,0.0,24.7,0.0,0.0,0.0,7.6,211.0,137.0,5.0,565b4930-31f1-4180-9c73-ce1a5da0e855,BOS,NYK,Home,109,118,0
Svi Mykhailiuk,1,33.85,2,13,0.154,2,11,0.182,2,2,1.0,0,3,3,0,1,0,1,2,8,9.0,0.288,0.231,0.846,0.154,0.0,10.4,4.9,0.0,1.5,0.0,6.7,18.2,67.0,104.0,-16.9,354a6b11-8628-404e-8985-755d407ba616,BOS,CHO,Home,131,98,1
Payton Pritchard,1,30.866666666666667,14,22,0.636,3,8,0.375,0,0,0.0,0,3,3,11,1,0,2,2,31,15.0,0.705,0.705,0.364,0.0,0.0,11.4,5.4,53.1,1.6,0.0,8.3,32.3,146.0,103.0,14.4,354a6b11-8628-404e-8985-755d407ba616,BOS,CHO,Home,131,98,1
Sam Hauser,1,30.2,6,17,0.353,4,13,0.308,0,0,0.0,0,4,4,2,0,0,0,0,16,34.0,0.471,0.471,0.765,0.0,0.0,15.5,7.4,7.1,0.0,0.0,0.0,23.3,112.0,107.0,-5.8,354a6b11-8628-404e-8985-755d407ba616,BOS,CHO,Home,131,98,1
Jaden Springer,1,24.933333333333334,4,6,0.667,0,0,0.0,3,4,0.75,0,6,6,4,3,0,1,3,11,17.0,0.709,0.667,0.0,0.667,0.0,28.2,13.4,16.6,5.9,0.0,11.4,14.6,143.0,91.0,5.6,354a6b11-8628-404e-8985-755d407ba616,BOS,CHO,Home,131,98,1
Luke Kornet,1,24.633333333333333,7,10,0.7,0,0,0.0,2,2,1.0,3,7,10,3,0,0,0,3,16,30.0,0.735,0.7,0.0,0.2,13.0,33.3,22.7,14.5,0.0,0.0,0.0,18.3,169.0,104.0,5.8,354a6b11-8628-404e-8985-755d407ba616,BOS,CHO,Home,131,98,1
Jordan Walsh,1,19.95,3,4,0.75,2,3,0.667,0,0,0.0,1,2,3,0,1,0,0,3,8,8.0,1.0,1.0,0.75,0.0,5.3,11.7,8.4,0.0,2.5,0.0,0.0,8.3,200.0,101.0,2.9,354a6b11-8628-404e-8985-755d407ba616,BOS,CHO,Home,131,98,1
Neemias Queta,1,17.95,8,10,0.8,0,0,0.0,0,0,0.0,4,2,6,5,2,0,0,2,16,25.0,0.8,0.8,0.0,0.0,23.8,13.0,18.7,41.0,5.5,0.0,0.0,23.1,181.0,94.0,24.3,354a6b11-8628-404e-8985-755d407ba616,BOS,CHO,Home,131,98,1
JD Davison,1,17.133333333333333,3,7,0.429,1,3,0.333,0,0,0.0,1,3,4,7,0,1,1,1,7,18.0,0.5,0.5,0.429,0.0,6.2,20.5,13.0,43.0,0.0,6.8,12.5,19.4,131.0,101.0,6.9,354a6b11-8628-404e-8985-755d407ba616,BOS,CHO,Home,131,98,1
Oshae Brissett,1,15.15,3,8,0.375,0,0,0.0,2,5,0.4,6,5,11,1,1,0,0,1,8,-2.0,0.392,0.375,0.0,0.625,42.2,38.6,40.5,7.1,3.2,0.0,0.0,27.9,121.0,96.0,-2.7,354a6b11-8628-404e-8985-755d407ba616,BOS,CHO,Home,131,98,1
Xavier Tillman Sr.,1,13.333333333333334,1,3,0.333,0,0,0.0,0,0,0.0,1,2,3,1,2,0,1,3,2,-4.0,0.333,0.333,0.0,0.0,8.0,17.6,12.6,7.1,7.4,0.0,25.0,12.4,82.0,89.0,-6.5,354a6b11-8628-404e-8985-755d407ba616,BOS,CHO,Home,131,98,1
Drew Peterson,1,12.0,3,4,0.75,2,3,0.667,0,0,0.0,0,0,0,0,1,0,0,0,8,15.0,1.0,1.0,0.75,0.0,0.0,0.0,0.0,0.0,4.1,0.0,0.0,13.8,194.0,99.0,11.7,354a6b11-8628-404e-8985-755d407ba616,BOS,CHO,Home,131,98,1
Derrick White,1,0.0,0,0,0.0,0,0,0.0,0,0,0.0,0,0,0,0,0,0,0,0,0,0.0,0.0,0.0,0.0,0.0,0.0,0.0,0.0,0.0,0.0,0.0,0.0,0.0,0.0,0.0,0.0,354a6b11-8628-404e-8985-755d407ba616,BOS,CHO,Home,131,98,1
Payton Pritchard,1,43.71666666666667,15,21,0.714,4,6,0.667,4,4,1.0,1,8,9,12,0,0,2,3,38,13.0,0.835,0.81,0.286,0.19,2.9,19.1,11.8,38.2,0.0,0.0,8.1,24.2,168.0,125.0,7.6,ff2d813d-b1cf-4b62-8e10-30716a54b061,BOS,WAS,Home,132,122,1
Svi Mykhailiuk,1,37.266666666666666,10,13,0.769,6,8,0.75,0,0,0.0,1,4,5,5,0,1,1,2,26,21.0,1.0,1.0,0.615,0.0,3.4,11.2,7.7,16.9,0.0,2.0,7.1,16.1,185.0,124.0,7.9,ff2d813d-b1cf-4b62-8e10-30716a54b061,BOS,WAS,Home,132,122,1
Sam Hauser,1,35.266666666666666,6,20,0.3,4,11,0.364,0,0,0.0,1,4,5,2,2,1,0,1,16,26.0,0.4,0.4,0.55,0.0,3.6,11.8,8.1,6.4,2.6,2.1,0.0,24.3,97.0,118.0,-10.2,ff2d813d-b1cf-4b62-8e10-30716a54b061,BOS,WAS,Home,132,122,1
Luke Kornet,1,27.116666666666667,4,5,0.8,0,0,0.0,3,3,1.0,3,5,8,5,0,3,0,0,11,18.0,0.87,0.8,0.0,0.6,14.0,19.2,16.9,20.2,0.0,8.2,0.0,10.0,199.0,117.0,8.8,ff2d813d-b1cf-4b62-8e10-30716a54b061,BOS,WAS,Home,132,122,1
Jordan Walsh,1,17.133333333333333,0,2,0.0,0,1,0.0,1,2,0.5,0,3,3,1,2,0,1,1,1,10.0,0.174,0.0,0.5,1.0,0.0,18.3,10.0,5.5,5.4,0.0,25.8,9.7,47.0,113.0,-9.6,ff2d813d-b1cf-4b62-8e10-30716a54b061,BOS,WAS,Home,132,122,1
Jaden Springer,1,20.03333333333333,2,4,0.5,1,2,0.5,2,2,1.0,0,2,2,0,3,1,1,2,7,-9.0,0.717,0.625,0.5,0.5,0.0,10.4,5.7,0.0,6.9,3.7,17.0,12.6,120.0,108.0,0.6,ff2d813d-b1cf-4b62-8e10-30716a54b061,BOS,WAS,Home,132,122,1
Neemias Queta,1,19.5,8,11,0.727,0,0,0.0,3,4,0.75,3,6,9,1,0,6,3,2,19,-4.0,0.745,0.727,0.0,0.364,19.4,32.1,26.4,7.9,0.0,22.7,19.0,34.6,126.0,101.0,4.8,ff2d813d-b1cf-4b62-8e10-30716a54b061,BOS,WAS,Home,132,122,1
Oshae Brissett,1,15.6,2,6,0.333,0,1,0.0,0,3,0.0,0,2,2,1,1,3,3,0,4,-13.0,0.273,0.333,0.167,0.5,0.0,13.4,7.3,6.9,2.9,14.2,29.1,28.3,45.0,106.0,-16.2,ff2d813d-b1cf-4b62-8e10-30716a54b061,BOS,WAS,Home,132,122,1
JD Davison,1,10.433333333333334,0,2,0.0,0,1,0.0,1,2,0.5,0,3,3,2,1,0,1,2,1,-3.0,0.174,0.0,0.5,1.0,0.0,30.0,16.4,18.0,4.4,0.0,25.8,15.9,63.0,113.0,-14.7,ff2d813d-b1cf-4b62-8e10-30716a54b061,BOS,WAS,Home,132,122,1
Drew Peterson,1,8.133333333333333,0,1,0.0,0,1,0.0,0,0,0.0,0,1,1,0,1,0,1,0,0,-9.0,0.0,0.0,1.0,0.0,0.0,12.8,7.0,0.0,5.7,0.0,50.0,10.5,0.0,113.0,-15.1,ff2d813d-b1cf-4b62-8e10-30716a54b061,BOS,WAS,Home,132,122,1
Xavier Tillman Sr.,1,5.783333333333333,4,4,1.0,1,1,1.0,0,1,0.0,1,0,1,0,0,0,1,0,9,0.0,1.014,1.125,0.25,0.25,21.8,0.0,9.9,0.0,0.0,0.0,18.4,40.2,136.0,128.0,12.8,ff2d813d-b1cf-4b62-8e10-30716a54b061,BOS,WAS,Home,132,122,1
Derrick White,1,0.0,0,0,0.0,0,0,0.0,0,0,0.0,0,0,0,0,0,0,0,0,0,0.0,0.0,0.0,0.0,0.0,0.0,0.0,0.0,0.0,0.0,0.0,0.0,0.0,0.0,0.0,0.0,ff2d813d-b1cf-4b62-8e10-30716a54b061,BOS,WAS,Home,132,122,1
