player,played,mp,fg,fga,fg_pct,fg3,fg3a,fg3_pct,ft,fta,ft_pct,orb,drb,trb,ast,stl,blk,tov,pf,pts,plus_minus,ts_pct,efg_pct,fg3a_per_fga_pct,fta_per_fga_pct,orb_pct,drb_pct,trb_pct,ast_pct,stl_pct,blk_pct,tov_pct,usg_pct,off_rtg,def_rtg,bpm,game_id,team,opponent,location,team_score,opponent_score,win
Nikola Jokić,1,36.266666666666666,12,22,0.545,3,5,0.6,2,4,0.5,3,10,13,11,1,1,2,2,29,15.0,0.61,0.614,0.227,0.182,9.9,28.8,20.0,45.3,1.4,2.2,7.8,31.8,133.0,109.0,15.0,6f29b116-9da4-4c9c-98a8-f5c909d94293,DEN,LAL,Home,119,107,1
Kentavious Caldwell-Pope,1,36.25,8,12,0.667,2,3,0.667,2,2,1.0,1,1,2,1,3,1,3,5,20,10.0,0.776,0.75,0.25,0.167,3.3,2.9,3.1,3.5,4.2,2.2,18.9,19.6,122.0,111.0,2.0,6f29b116-9da4-4c9c-98a8-f5c909d94293,DEN,LAL,Home,119,107,1
Aaron Gordon,1,34.983333333333334,7,11,0.636,1,2,0.5,0,0,0.0,2,5,7,5,2,1,0,0,15,6.0,0.682,0.682,0.182,0.0,6.9,14.9,11.2,17.9,2.9,2.2,0.0,14.1,155.0,110.0,8.7,6f29b116-9da4-4c9c-98a8-f5c909d94293,DEN,LAL,Home,119,107,1
Jamal Murray,1,34.25,8,13,0.615,3,5,0.6,2,2,1.0,0,2,2,6,0,1,1,3,21,3.0,0.756,0.731,0.385,0.154,0.0,6.1,3.3,22.9,0.0,2.3,6.7,19.4,150.0,119.0,5.1,6f29b116-9da4-4c9c-98a8-f5c909d94293,DEN,LAL,Home,119,107,1
Michael Porter Jr.,1,30.133333333333333,5,13,0.385,2,9,0.222,0,0,0.0,2,10,12,2,2,0,0,1,12,12.0,0.462,0.462,0.692,0.0,8.0,34.6,22.2,8.0,3.3,0.0,0.0,19.3,111.0,104.0,-0.1,6f29b116-9da4-4c9c-98a8-f5c909d94293,DEN,LAL,Home,119,107,1
Reggie Jackson,1,24.066666666666663,3,8,0.375,2,5,0.4,0,0,0.0,0,3,3,1,1,0,2,0,8,11.0,0.5,0.5,0.625,0.0,0.0,13.0,7.0,4.7,2.1,0.0,20.0,18.6,82.0,114.0,-7.8,6f29b116-9da4-4c9c-98a8-f5c909d94293,DEN,LAL,Home,119,107,1
Christian Braun,1,19.33333333333333,2,5,0.4,0,1,0.0,1,2,0.5,1,2,3,2,0,1,1,1,5,5.0,0.425,0.4,0.2,0.4,6.2,10.8,8.7,11.5,0.0,4.1,14.5,15.9,97.0,117.0,-6.1,6f29b116-9da4-4c9c-98a8-f5c909d94293,DEN,LAL,Home,119,107,1
Zeke Nnaji,1,11.733333333333333,1,3,0.333,0,1,0.0,2,2,1.0,0,0,0,1,0,0,1,2,4,-3.0,0.515,0.333,0.333,0.667,0.0,0.0,0.0,9.3,0.0,0.0,20.5,18.6,96.0,123.0,-11.8,6f29b116-9da4-4c9c-98a8-f5c909d94293,DEN,LAL,Home,119,107,1
Peyton Watson,1,10.833333333333334,1,3,0.333,1,3,0.333,0,0,0.0,0,0,0,0,0,1,1,1,3,1.0,0.5,0.5,1.0,0.0,0.0,0.0,0.0,0.0,0.0,7.3,25.0,16.5,71.0,118.0,-9.3,6f29b116-9da4-4c9c-98a8-f5c909d94293,DEN,LAL,Home,119,107,1
Jalen Pickett,1,0.7166666666666667,1,1,1.0,0,0,0.0,0,0,0.0,0,0,0,0,0,0,0,0,2,0.0,1.0,1.0,0.0,0.0,0.0,0.0,0.0,0.0,0.0,0.0,0.0,62.4,200.0,123.0,49.2,6f29b116-9da4-4c9c-98a8-f5c909d94293,DEN,LAL,Home,119,107,1
Collin Gillespie,1,0.7166666666666667,0,0,0.0,0,0,0.0,0,0,0.0,0,0,0,0,0,0,0,0,0,0.0,0.0,0.0,0.0,0.0,0.0,0.0,0.0,0.0,0.0,0.0,0.0,0.0,0.0,123.0,-9.8,6f29b116-9da4-4c9c-98a8-f5c909d94293,DEN,LAL,Home,119,107,1
Braxton Key,1,0.7166666666666667,0,0,0.0,0,0,0.0,0,0,0.0,0,0,0,0,0,0,0,0,0,0.0,0.0,0.0,0.0,0.0,0.0,0.0,0.0,0.0,0.0,0.0,0.0,0.0,0.0,123.0,-8.9,6f29b116-9da4-4c9c-98a8-f5c909d94293,DEN,LAL,Home,119,107,1
Justin Holiday,0,0.0,0,0,0.0,0,0,0.0,0,0,0.0,0,0,0,0,0,0,0,0,0,0.0,0.0,0.0,0.0,0.0,0.0,0.0,0.0,0.0,0.0,0.0,0.0,0.0,0.0,0.0,0.0,6f29b116-9da4-4c9c-98a8-f5c909d94293,DEN,LAL,Home,119,107,1
DeAndre Jordan,0,0.0,0,0,0.0,0,0,0.0,0,0,0.0,0,0,0,0,0,0,0,0,0,0.0,0.0,0.0,0.0,0.0,0.0,0.0,0.0,0.0,0.0,0.0,0.0,0.0,0.0,0.0,0.0,6f29b116-9da4-4c9c-98a8-f5c909d94293,DEN,LAL,Home,119,107,1
Julian Strawther,0,0.0,0,0,0.0,0,0,0.0,0,0,0.0,0,0,0,0,0,0,0,0,0,0.0,0.0,0.0,0.0,0.0,0.0,0.0,0.0,0.0,0.0,0.0,0.0,0.0,0.0,0.0,0.0,6f29b116-9da4-4c9c-98a8-f5c909d94293,DEN,LAL,Home,119,107,1
Nikola Jokić,1,34.96666666666667,8,14,0.571,1,4,0.25,5,6,0.833,3,9,12,7,1,1,9,1,22,6.0,0.661,0.607,0.286,0.429,10.0,26.3,18.7,32.0,1.3,2.6,35.1,31.2,98.0,100.0,0.6,06acef51-0e73-490f-9d50-375aedd6eaec,DEN,MEM,Away,108,104,1
Kentavious Caldwell-Pope,1,34.96666666666667,3,10,0.3,2,6,0.333,0,0,0.0,0,2,2,1,5,1,0,1,8,6.0,0.4,0.4,0.6,0.0,0.0,5.8,3.1,3.7,6.7,2.6,0.0,12.2,83.0,95.0,1.2,06acef51-0e73-490f-9d50-375aedd6eaec,DEN,MEM,Away,108,104,1
Jamal Murray,1,33.916666666666664,7,17,0.412,4,9,0.444,4,4,1.0,0,1,1,5,0,1,3,2,22,8.0,0.586,0.529,0.529,0.235,0.0,3.0,1.6,22.8,0.0,2.7,13.8,27.3,107.0,111.0,-0.5,06acef51-0e73-490f-9d50-375aedd6eaec,DEN,MEM,Away,108,104,1
Aaron Gordon,1,30.33333333333333,5,11,0.455,0,1,0.0,0,1,0.0,1,1,2,3,3,1,1,3,10,8.0,0.437,0.455,0.091,0.091,3.9,3.4,3.6,14.3,4.6,3.0,8.0,17.4,93.0,100.0,-1.8,06acef51-0e73-490f-9d50-375aedd6eaec,DEN,MEM,Away,108,104,1
Michael Porter Jr.,1,28.866666666666667,3,7,0.429,2,5,0.4,1,1,1.0,1,12,13,3,0,0,1,4,9,4.0,0.605,0.571,0.714,0.143,4.1,42.5,24.6,13.9,0.0,0.0,11.8,12.4,119.0,99.0,-0.9,06acef51-0e73-490f-9d50-375aedd6eaec,DEN,MEM,Away,108,104,1
Reggie Jackson,1,21.683333333333334,7,13,0.538,2,5,0.4,0,0,0.0,0,2,2,6,0,1,0,0,16,-4.0,0.615,0.615,0.385,0.0,0.0,9.4,5.0,52.1,0.0,4.3,0.0,25.5,134.0,108.0,11.0,06acef51-0e73-490f-9d50-375aedd6eaec,DEN,MEM,Away,108,104,1
Christian Braun,1,18.7,2,6,0.333,1,4,0.25,0,2,0.0,1,3,4,2,1,0,1,1,5,0.0,0.363,0.417,0.667,0.333,6.3,16.4,11.7,14.3,2.5,0.0,12.7,17.9,80.0,102.0,-5.1,06acef51-0e73-490f-9d50-375aedd6eaec,DEN,MEM,Away,108,104,1
Peyton Watson,1,18.1,3,4,0.75,2,3,0.667,1,2,0.5,0,3,3,0,1,3,1,3,9,-4.0,0.922,1.0,0.75,0.5,0.0,16.9,9.0,0.0,2.6,15.3,17.0,13.8,128.0,93.0,9.0,06acef51-0e73-490f-9d50-375aedd6eaec,DEN,MEM,Away,108,104,1
Zeke Nnaji,1,13.033333333333331,3,4,0.75,0,0,0.0,1,2,0.5,0,1,1,0,0,2,1,1,7,-2.0,0.717,0.75,0.0,0.5,0.0,7.8,4.2,0.0,0.0,14.2,17.0,19.2,106.0,103.0,0.3,06acef51-0e73-490f-9d50-375aedd6eaec,DEN,MEM,Away,108,104,1
Julian Strawther,1,5.433333333333334,0,2,0.0,0,0,0.0,0,0,0.0,0,0,0,0,0,0,0,2,0,-2.0,0.0,0.0,0.0,0.0,0.0,0.0,0.0,0.0,0.0,0.0,0.0,15.6,0.0,113.0,-29.1,06acef51-0e73-490f-9d50-375aedd6eaec,DEN,MEM,Away,108,104,1
Justin Holiday,0,0.0,0,0,0.0,0,0,0.0,0,0,0.0,0,0,0,0,0,0,0,0,0,0.0,0.0,0.0,0.0,0.0,0.0,0.0,0.0,0.0,0.0,0.0,0.0,0.0,0.0,0.0,0.0,06acef51-0e73-490f-9d50-375aedd6eaec,DEN,MEM,Away,108,104,1
DeAndre Jordan,0,0.0,0,0,0.0,0,0,0.0,0,0,0.0,0,0,0,0,0,0,0,0,0,0.0,0.0,0.0,0.0,0.0,0.0,0.0,0.0,0.0,0.0,0.0,0.0,0.0,0.0,0.0,0.0,06acef51-0e73-490f-9d50-375aedd6eaec,DEN,MEM,Away,108,104,1
Braxton Key,0,0.0,0,0,0.0,0,0,0.0,0,0,0.0,0,0,0,0,0,0,0,0,0,0.0,0.0,0.0,0.0,0.0,0.0,0.0,0.0,0.0,0.0,0.0,0.0,0.0,0.0,0.0,0.0,06acef51-0e73-490f-9d50-375aedd6eaec,DEN,MEM,Away,108,104,1
Jalen Pickett,0,0.0,0,0,0.0,0,0,0.0,0,0,0.0,0,0,0,0,0,0,0,0,0,0.0,0.0,0.0,0.0,0.0,0.0,0.0,0.0,0.0,0.0,0.0,0.0,0.0,0.0,0.0,0.0,06acef51-0e73-490f-9d50-375aedd6eaec,DEN,MEM,Away,108,104,1
Hunter Tyson,0,0.0,0,0,0.0,0,0,0.0,0,0,0.0,0,0,0,0,0,0,0,0,0,0.0,0.0,0.0,0.0,0.0,0.0,0.0,0.0,0.0,0.0,0.0,0.0,0.0,0.0,0.0,0.0,06acef51-0e73-490f-9d50-375aedd6eaec,DEN,MEM,Away,108,104,1
Jamal Murray,1,29.916666666666668,9,14,0.643,1,1,1.0,0,0,0.0,1,1,2,8,0,0,4,1,19,22.0,0.679,0.679,0.071,0.0,5.0,3.6,4.2,33.3,0.0,0.0,22.2,27.1,122.0,107.0,1.3,d2586512-1e44-4a31-8aeb-9cf9632151db,DEN,OKC,Away,128,95,1
Nikola Jokić,1,29.866666666666667,12,16,0.75,1,2,0.5,3,3,1.0,2,12,14,5,0,0,4,3,28,21.0,0.808,0.781,0.125,0.188,10.0,42.9,29.2,23.8,0.0,0.0,18.8,32.1,137.0,99.0,10.1,d2586512-1e44-4a31-8aeb-9cf9632151db,DEN,OKC,Away,128,95,1
Kentavious Caldwell-Pope,1,29.866666666666667,2,5,0.4,1,4,0.25,2,2,1.0,0,3,3,1,2,0,1,2,7,21.0,0.595,0.5,0.8,0.4,0.0,10.7,6.3,3.2,3.4,0.0,14.5,10.4,114.0,98.0,-1.6,d2586512-1e44-4a31-8aeb-9cf9632151db,DEN,OKC,Away,128,95,1
Michael Porter Jr.,1,24.65,8,14,0.571,4,7,0.571,0,0,0.0,3,6,9,2,0,0,1,3,20,12.0,0.714,0.714,0.5,0.0,18.3,26.0,22.8,10.4,0.0,0.0,6.7,27.4,144.0,102.0,7.2,d2586512-1e44-4a31-8aeb-9cf9632151db,DEN,OKC,Away,128,95,1
Aaron Gordon,1,23.08333333333333,4,7,0.571,0,1,0.0,1,3,0.333,1,2,3,2,1,3,1,1,9,22.0,0.541,0.571,0.143,0.429,6.5,9.2,8.1,9.3,2.2,10.8,10.7,18.2,113.0,92.0,3.9,d2586512-1e44-4a31-8aeb-9cf9632151db,DEN,OKC,Away,128,95,1
Reggie Jackson,1,22.0,2,3,0.667,1,2,0.5,0,0,0.0,0,0,0,6,2,0,2,4,5,13.0,0.833,0.833,0.667,0.0,0.0,0.0,0.0,26.9,4.5,0.0,40.0,10.2,129.0,98.0,4.4,d2586512-1e44-4a31-8aeb-9cf9632151db,DEN,OKC,Away,128,95,1
Peyton Watson,1,21.6,8,11,0.727,1,3,0.333,0,0,0.0,1,3,4,1,1,1,0,1,17,11.0,0.773,0.773,0.273,0.0,6.9,14.8,11.5,6.3,2.3,3.8,0.0,22.9,159.0,97.0,11.2,d2586512-1e44-4a31-8aeb-9cf9632151db,DEN,OKC,Away,128,95,1
Christian Braun,1,21.166666666666668,4,9,0.444,0,2,0.0,5,5,1.0,1,6,7,7,1,1,0,2,13,25.0,0.58,0.444,0.222,0.556,7.1,30.2,20.6,36.1,2.4,3.9,0.0,23.8,154.0,93.0,14.4,d2586512-1e44-4a31-8aeb-9cf9632151db,DEN,OKC,Away,128,95,1
Zeke Nnaji,1,14.816666666666666,0,1,0.0,0,0,0.0,0,0,0.0,1,2,3,1,0,0,0,2,0,12.0,0.0,0.0,0.0,0.0,10.1,14.4,12.6,6.1,0.0,0.0,0.0,3.0,114.0,105.0,-5.1,d2586512-1e44-4a31-8aeb-9cf9632151db,DEN,OKC,Away,128,95,1
Julian Strawther,1,7.566666666666666,3,5,0.6,2,3,0.667,0,0,0.0,0,1,1,1,0,0,0,0,8,4.0,0.8,0.8,0.6,0.0,0.0,14.1,8.2,18.7,0.0,0.0,0.0,29.7,162.0,105.0,17.0,d2586512-1e44-4a31-8aeb-9cf9632151db,DEN,OKC,Away,128,95,1
Collin Gillespie,1,5.516666666666667,0,1,0.0,0,1,0.0,0,0,0.0,0,0,0,0,1,0,0,1,0,2.0,0.0,0.0,1.0,0.0,0.0,0.0,0.0,0.0,9.1,0.0,0.0,8.2,0.0,88.0,-6.7,d2586512-1e44-4a31-8aeb-9cf9632151db,DEN,OKC,Away,128,95,1
Braxton Key,1,3.3166666666666664,1,2,0.5,0,1,0.0,0,0,0.0,0,1,1,0,0,0,0,0,2,0.0,0.5,0.5,0.5,0.0,0.0,32.2,18.8,0.0,0.0,0.0,0.0,27.1,105.0,101.0,-7.7,d2586512-1e44-4a31-8aeb-9cf9632151db,DEN,OKC,Away,128,95,1
Justin Holiday,1,3.3166666666666664,0,0,0.0,0,0,0.0,0,0,0.0,0,0,0,0,0,0,0,0,0,0.0,0.0,0.0,0.0,0.0,0.0,0.0,0.0,0.0,0.0,0.0,0.0,0.0,0.0,108.0,-5.3,d2586512-1e44-4a31-8aeb-9cf9632151db,DEN,OKC,Away,128,95,1
Hunter Tyson,1,3.3166666666666664,0,0,0.0,0,0,0.0,0,0,0.0,0,1,1,0,0,0,0,1,0,0.0,0.0,0.0,0.0,0.0,0.0,32.2,18.8,0.0,0.0,0.0,0.0,0.0,0.0,101.0,-7.6,d2586512-1e44-4a31-8aeb-9cf9632151db,DEN,OKC,Away,128,95,1
DeAndre Jordan,0,0.0,0,0,0.0,0,0,0.0,0,0,0.0,0,0,0,0,0,0,0,0,0,0.0,0.0,0.0,0.0,0.0,0.0,0.0,0.0,0.0,0.0,0.0,0.0,0.0,0.0,0.0,0.0,d2586512-1e44-4a31-8aeb-9cf9632151db,DEN,OKC,Away,128,95,1
Jamal Murray,1,36.91666666666666,7,19,0.368,3,7,0.429,1,2,0.5,0,3,3,14,0,2,3,0,18,-5.0,0.453,0.447,0.368,0.105,0.0,7.4,4.1,48.0,0.0,4.3,13.1,28.7,104.0,110.0,3.3,727b797a-028a-4ecb-8e7b-bd6a86a1dfeb,DEN,UTA,Home,110,102,1
Nikola Jokić,1,35.233333333333334,12,16,0.75,1,3,0.333,2,5,0.4,1,9,10,11,0,2,1,3,27,13.0,0.742,0.781,0.188,0.313,3.3,23.1,14.5,48.9,0.0,4.5,5.2,25.3,152.0,102.0,18.7,727b797a-028a-4ecb-8e7b-bd6a86a1dfeb,DEN,UTA,Home,110,102,1
Kentavious Caldwell-Pope,1,33.266666666666666,3,5,0.6,2,4,0.5,0,0,0.0,0,3,3,0,1,2,2,4,8,11.0,0.8,0.8,0.8,0.0,0.0,8.2,4.6,0.0,1.5,4.7,28.6,9.8,93.0,105.0,-2.5,727b797a-028a-4ecb-8e7b-bd6a86a1dfeb,DEN,UTA,Home,110,102,1
Aaron Gordon,1,33.2,10,12,0.833,0,0,0.0,1,4,0.25,3,4,7,2,0,0,3,2,21,8.0,0.763,0.833,0.0,0.333,10.6,10.9,10.8,8.9,0.0,0.0,17.9,23.4,122.0,110.0,0.3,727b797a-028a-4ecb-8e7b-bd6a86a1dfeb,DEN,UTA,Home,110,102,1
Michael Porter Jr.,1,18.6,3,8,0.375,2,6,0.333,0,0,0.0,0,1,1,2,0,1,1,3,8,2.0,0.5,0.5,0.75,0.0,0.0,4.9,2.7,13.1,0.0,4.2,11.1,22.4,94.0,109.0,-4.3,727b797a-028a-4ecb-8e7b-bd6a86a1dfeb,DEN,UTA,Home,110,102,1
Christian Braun,1,30.016666666666666,4,8,0.5,1,2,0.5,0,0,0.0,1,7,8,2,1,0,1,0,9,6.0,0.563,0.563,0.25,0.0,3.9,21.1,13.6,7.9,1.7,0.0,11.1,13.9,108.0,103.0,-0.6,727b797a-028a-4ecb-8e7b-bd6a86a1dfeb,DEN,UTA,Home,110,102,1
Reggie Jackson,1,18.766666666666666,2,6,0.333,0,3,0.0,0,1,0.0,1,3,4,1,0,0,1,2,4,9.0,0.311,0.333,0.5,0.167,6.2,14.5,10.9,6.1,0.0,0.0,13.4,18.4,69.0,108.0,-15.1,727b797a-028a-4ecb-8e7b-bd6a86a1dfeb,DEN,UTA,Home,110,102,1
Peyton Watson,1,15.016666666666667,2,4,0.5,0,1,0.0,1,2,0.5,0,2,2,0,0,1,0,0,5,0.0,0.512,0.5,0.25,0.5,0.0,12.1,6.8,0.0,0.0,5.2,0.0,15.1,102.0,108.0,-3.7,727b797a-028a-4ecb-8e7b-bd6a86a1dfeb,DEN,UTA,Home,110,102,1
Zeke Nnaji,1,12.766666666666667,2,2,1.0,0,0,0.0,2,3,0.667,1,2,3,0,2,0,0,0,6,-5.0,0.904,1.0,0.0,1.5,9.2,14.2,12.0,0.0,7.8,0.0,0.0,12.1,188.0,93.0,11.6,727b797a-028a-4ecb-8e7b-bd6a86a1dfeb,DEN,UTA,Home,110,102,1
Julian Strawther,1,6.216666666666667,2,4,0.5,0,2,0.0,0,0,0.0,0,2,2,0,0,0,0,0,4,1.0,0.5,0.5,0.5,0.0,0.0,29.1,16.4,0.0,0.0,0.0,0.0,29.8,93.0,103.0,-6.9,727b797a-028a-4ecb-8e7b-bd6a86a1dfeb,DEN,UTA,Home,110,102,1
Collin Gillespie,0,0.0,0,0,0.0,0,0,0.0,0,0,0.0,0,0,0,0,0,0,0,0,0,0.0,0.0,0.0,0.0,0.0,0.0,0.0,0.0,0.0,0.0,0.0,0.0,0.0,0.0,0.0,0.0,727b797a-028a-4ecb-8e7b-bd6a86a1dfeb,DEN,UTA,Home,110,102,1
Justin Holiday,0,0.0,0,0,0.0,0,0,0.0,0,0,0.0,0,0,0,0,0,0,0,0,0,0.0,0.0,0.0,0.0,0.0,0.0,0.0,0.0,0.0,0.0,0.0,0.0,0.0,0.0,0.0,0.0,727b797a-028a-4ecb-8e7b-bd6a86a1dfeb,DEN,UTA,Home,110,102,1
DeAndre Jordan,0,0.0,0,0,0.0,0,0,0.0,0,0,0.0,0,0,0,0,0,0,0,0,0,0.0,0.0,0.0,0.0,0.0,0.0,0.0,0.0,0.0,0.0,0.0,0.0,0.0,0.0,0.0,0.0,727b797a-028a-4ecb-8e7b-bd6a86a1dfeb,DEN,UTA,Home,110,102,1
Jalen Pickett,0,0.0,0,0,0.0,0,0,0.0,0,0,0.0,0,0,0,0,0,0,0,0,0,0.0,0.0,0.0,0.0,0.0,0.0,0.0,0.0,0.0,0.0,0.0,0.0,0.0,0.0,0.0,0.0,727b797a-028a-4ecb-8e7b-bd6a86a1dfeb,DEN,UTA,Home,110,102,1
Hunter Tyson,0,0.0,0,0,0.0,0,0,0.0,0,0,0.0,0,0,0,0,0,0,0,0,0,0.0,0.0,0.0,0.0,0.0,0.0,0.0,0.0,0.0,0.0,0.0,0.0,0.0,0.0,0.0,0.0,727b797a-028a-4ecb-8e7b-bd6a86a1dfeb,DEN,UTA,Home,110,102,1
Jamal Murray,1,32.2,5,16,0.313,1,4,0.25,3,5,0.6,2,4,6,6,1,1,3,3,14,-17.0,0.385,0.344,0.25,0.313,5.8,15.3,9.9,29.3,1.5,2.4,14.2,27.4,83.0,113.0,-1.5,92115c2a-e64b-4624-a8b0-06d1a12d4d5a,DEN,MIN,Away,89,110,0
Nikola Jokić,1,29.966666666666665,11,23,0.478,1,6,0.167,2,2,1.0,2,8,10,3,0,0,5,0,25,-19.0,0.523,0.5,0.261,0.087,6.3,32.9,17.8,23.6,0.0,0.0,17.3,40.1,90.0,114.0,3.9,92115c2a-e64b-4624-a8b0-06d1a12d4d5a,DEN,MIN,Away,89,110,0
Kentavious Caldwell-Pope,1,26.366666666666667,2,4,0.5,1,1,1.0,1,1,1.0,0,0,0,0,1,1,1,2,6,-20.0,0.676,0.625,0.25,0.25,0.0,0.0,0.0,0.0,1.8,2.9,18.4,8.6,106.0,115.0,-3.3,92115c2a-e64b-4624-a8b0-06d1a12d4d5a,DEN,MIN,Away,89,110,0
Michael Porter Jr.,1,25.066666666666663,2,11,0.182,0,5,0.0,1,1,1.0,2,3,5,1,1,1,0,0,5,-19.0,0.219,0.182,0.455,0.091,7.5,14.7,10.6,5.6,1.9,3.1,0.0,19.0,62.0,111.0,-7.1,92115c2a-e64b-4624-a8b0-06d1a12d4d5a,DEN,MIN,Away,89,110,0
Aaron Gordon,1,18.45,2,3,0.667,0,1,0.0,0,0,0.0,1,1,2,2,0,1,2,4,4,-13.0,0.667,0.667,0.333,0.0,5.1,6.7,5.8,15.9,0.0,4.2,40.0,11.3,89.0,116.0,-6.7,92115c2a-e64b-4624-a8b0-06d1a12d4d5a,DEN,MIN,Away,89,110,0
Christian Braun,1,20.166666666666668,4,8,0.5,0,1,0.0,0,0,0.0,3,6,9,2,0,1,1,3,8,-3.0,0.5,0.5,0.125,0.0,14.0,36.6,23.8,16.7,0.0,3.8,11.1,18.6,105.0,110.0,1.6,92115c2a-e64b-4624-a8b0-06d1a12d4d5a,DEN,MIN,Away,89,110,0
Reggie Jackson,1,18.6,1,4,0.25,0,1,0.0,0,0,0.0,0,0,0,5,2,1,1,0,2,-4.0,0.25,0.25,0.25,0.0,0.0,0.0,0.0,36.4,5.2,4.2,20.0,11.2,77.0,106.0,3.5,92115c2a-e64b-4624-a8b0-06d1a12d4d5a,DEN,MIN,Away,89,110,0
Zeke Nnaji,1,17.683333333333334,4,9,0.444,1,3,0.333,0,0,0.0,2,3,5,0,0,2,0,3,9,-6.0,0.5,0.5,0.333,0.0,10.6,20.9,15.1,0.0,0.0,8.8,0.0,21.2,107.0,109.0,1.6,92115c2a-e64b-4624-a8b0-06d1a12d4d5a,DEN,MIN,Away,89,110,0
Julian Strawther,1,15.616666666666667,2,7,0.286,1,6,0.167,0,1,0.0,0,0,0,0,1,2,0,0,5,2.0,0.336,0.357,0.857,0.143,0.0,0.0,0.0,0.0,3.1,9.9,0.0,19.8,71.0,106.0,1.4,92115c2a-e64b-4624-a8b0-06d1a12d4d5a,DEN,MIN,Away,89,110,0
Peyton Watson,1,15.516666666666667,2,3,0.667,0,1,0.0,0,0,0.0,0,2,2,1,0,0,2,2,4,-6.0,0.667,0.667,0.333,0.0,0.0,15.9,6.9,9.7,0.0,0.0,40.0,13.4,76.0,118.0,-8.6,92115c2a-e64b-4624-a8b0-06d1a12d4d5a,DEN,MIN,Away,89,110,0
Justin Holiday,1,5.733333333333333,1,2,0.5,1,2,0.5,0,0,0.0,0,1,1,0,0,0,0,0,3,2.0,0.75,0.75,1.0,0.0,0.0,21.5,9.3,0.0,0.0,0.0,0.0,14.5,141.0,117.0,6.1,92115c2a-e64b-4624-a8b0-06d1a12d4d5a,DEN,MIN,Away,89,110,0
Jalen Pickett,1,5.216666666666667,1,2,0.5,0,1,0.0,0,0,0.0,0,2,2,0,0,0,0,1,2,0.0,0.5,0.5,0.5,0.0,0.0,47.2,20.4,0.0,0.0,0.0,0.0,15.9,100.0,111.0,-6.6,92115c2a-e64b-4624-a8b0-06d1a12d4d5a,DEN,MIN,Away,89,110,0
Braxton Key,1,5.216666666666667,0,2,0.0,0,0,0.0,0,0,0.0,0,0,0,3,0,0,0,2,0,0.0,0.0,0.0,0.0,0.0,0.0,0.0,0.0,72.6,0.0,0.0,0.0,15.9,62.0,121.0,-3.9,92115c2a-e64b-4624-a8b0-06d1a12d4d5a,DEN,MIN,Away,89,110,0
Hunter Tyson,1,4.2,1,2,0.5,0,1,0.0,0,0,0.0,0,1,1,0,0,0,0,2,2,-2.0,0.5,0.5,0.5,0.0,0.0,29.3,12.7,0.0,0.0,0.0,0.0,19.8,99.0,115.0,-10.4,92115c2a-e64b-4624-a8b0-06d1a12d4d5a,DEN,MIN,Away,89,110,0
DeAndre Jordan,0,0.0,0,0,0.0,0,0,0.0,0,0,0.0,0,0,0,0,0,0,0,0,0,0.0,0.0,0.0,0.0,0.0,0.0,0.0,0.0,0.0,0.0,0.0,0.0,0.0,0.0,0.0,0.0,92115c2a-e64b-4624-a8b0-06d1a12d4d5a,DEN,MIN,Away,89,110,0
Jamal Murray,1,39.3,5,15,0.333,2,6,0.333,6,6,1.0,0,2,2,13,1,0,2,4,18,2.0,0.51,0.4,0.4,0.4,0.0,5.8,2.9,37.0,1.3,0.0,10.2,20.3,138.0,125.0,0.2,49d332e7-7458-49a7-a43f-514ab462c125,DEN,DAL,Home,125,114,1
Kentavious Caldwell-Pope,1,36.85,3,7,0.429,2,3,0.667,0,0,0.0,0,5,5,1,2,0,1,0,8,15.0,0.571,0.571,0.429,0.0,0.0,15.5,7.7,2.9,2.7,0.0,12.5,8.8,115.0,119.0,-2.8,49d332e7-7458-49a7-a43f-514ab462c125,DEN,DAL,Home,125,114,1
Nikola Jokić,1,35.583333333333336,14,16,0.875,2,2,1.0,3,5,0.6,7,7,14,9,1,1,4,3,33,17.0,0.907,0.938,0.125,0.313,22.0,22.5,22.2,40.3,1.4,3.1,18.0,25.3,157.0,118.0,21.2,49d332e7-7458-49a7-a43f-514ab462c125,DEN,DAL,Home,125,114,1
Aaron Gordon,1,35.233333333333334,8,17,0.471,2,6,0.333,0,0,0.0,2,6,8,6,2,1,4,2,18,22.0,0.529,0.529,0.353,0.0,6.3,19.5,12.8,21.5,2.8,3.1,19.0,24.2,109.0,116.0,0.5,49d332e7-7458-49a7-a43f-514ab462c125,DEN,DAL,Home,125,114,1
Michael Porter Jr.,1,34.45,10,18,0.556,4,8,0.5,0,0,0.0,5,4,9,1,0,2,1,2,24,17.0,0.667,0.667,0.444,0.0,16.2,13.3,14.8,4.0,0.0,6.3,5.3,22.4,145.0,122.0,4.7,49d332e7-7458-49a7-a43f-514ab462c125,DEN,DAL,Home,125,114,1
Reggie Jackson,1,19.85,3,10,0.3,1,4,0.25,1,2,0.5,0,1,1,2,4,0,3,1,8,5.0,0.368,0.35,0.4,0.2,0.0,5.8,2.8,11.6,10.0,0.0,21.6,28.4,75.0,104.0,-6.6,49d332e7-7458-49a7-a43f-514ab462c125,DEN,DAL,Home,125,114,1
Christian Braun,1,14.633333333333333,3,4,0.75,0,0,0.0,3,3,1.0,2,3,5,0,1,0,1,3,9,-5.0,0.846,0.75,0.0,0.75,15.3,23.4,19.3,0.0,3.4,0.0,15.8,17.5,153.0,115.0,2.7,49d332e7-7458-49a7-a43f-514ab462c125,DEN,DAL,Home,125,114,1
Peyton Watson,1,12.5,1,4,0.25,0,1,0.0,1,2,0.5,2,1,3,1,0,2,0,2,3,-14.0,0.307,0.25,0.25,0.5,17.9,9.1,13.6,8.5,0.0,17.5,0.0,15.8,110.0,116.0,-4.6,49d332e7-7458-49a7-a43f-514ab462c125,DEN,DAL,Home,125,114,1
Zeke Nnaji,1,11.583333333333334,2,2,1.0,0,0,0.0,0,1,0.0,1,3,4,0,0,0,1,0,4,-4.0,0.82,1.0,0.0,0.5,9.6,29.6,19.5,0.0,0.0,0.0,29.1,12.0,100.0,122.0,-3.3,49d332e7-7458-49a7-a43f-514ab462c125,DEN,DAL,Home,125,114,1
Collin Gillespie,0,0.0,0,0,0.0,0,0,0.0,0,0,0.0,0,0,0,0,0,0,0,0,0,0.0,0.0,0.0,0.0,0.0,0.0,0.0,0.0,0.0,0.0,0.0,0.0,0.0,0.0,0.0,0.0,49d332e7-7458-49a7-a43f-514ab462c125,DEN,DAL,Home,125,114,1
Justin Holiday,0,0.0,0,0,0.0,0,0,0.0,0,0,0.0,0,0,0,0,0,0,0,0,0,0.0,0.0,0.0,0.0,0.0,0.0,0.0,0.0,0.0,0.0,0.0,0.0,0.0,0.0,0.0,0.0,49d332e7-7458-49a7-a43f-514ab462c125,DEN,DAL,Home,125,114,1
DeAndre Jordan,0,0.0,0,0,0.0,0,0,0.0,0,0,0.0,0,0,0,0,0,0,0,0,0,0.0,0.0,0.0,0.0,0.0,0.0,0.0,0.0,0.0,0.0,0.0,0.0,0.0,0.0,0.0,0.0,49d332e7-7458-49a7-a43f-514ab462c125,DEN,DAL,Home,125,114,1
Braxton Key,0,0.0,0,0,0.0,0,0,0.0,0,0,0.0,0,0,0,0,0,0,0,0,0,0.0,0.0,0.0,0.0,0.0,0.0,0.0,0.0,0.0,0.0,0.0,0.0,0.0,0.0,0.0,0.0,49d332e7-7458-49a7-a43f-514ab462c125,DEN,DAL,Home,125,114,1
Jalen Pickett,0,0.0,0,0,0.0,0,0,0.0,0,0,0.0,0,0,0,0,0,0,0,0,0,0.0,0.0,0.0,0.0,0.0,0.0,0.0,0.0,0.0,0.0,0.0,0.0,0.0,0.0,0.0,0.0,49d332e7-7458-49a7-a43f-514ab462c125,DEN,DAL,Home,125,114,1
Julian Strawther,0,0.0,0,0,0.0,0,0,0.0,0,0,0.0,0,0,0,0,0,0,0,0,0,0.0,0.0,0.0,0.0,0.0,0.0,0.0,0.0,0.0,0.0,0.0,0.0,0.0,0.0,0.0,0.0,49d332e7-7458-49a7-a43f-514ab462c125,DEN,DAL,Home,125,114,1
Aaron Gordon,1,34.68333333333333,4,9,0.444,1,3,0.333,6,8,0.75,3,9,12,5,2,1,3,2,15,26.0,0.599,0.5,0.333,0.889,10.9,25.9,19.3,19.0,2.9,2.3,19.3,20.4,122.0,101.0,2.1,b68045c8-68bb-48d8-a897-73ecf0bf7938,DEN,CHI,Home,123,101,1
Nikola Jokić,1,33.35,9,16,0.563,1,3,0.333,9,9,1.0,4,12,16,9,3,0,1,3,28,33.0,0.701,0.594,0.188,0.563,15.2,36.0,26.8,44.6,4.6,0.0,4.8,28.7,161.0,97.0,18.9,b68045c8-68bb-48d8-a897-73ecf0bf7938,DEN,CHI,Home,123,101,1
Michael Porter Jr.,1,30.816666666666663,9,16,0.563,5,10,0.5,4,5,0.8,1,5,6,2,1,2,2,4,27,30.0,0.742,0.719,0.625,0.313,4.1,16.2,10.9,11.1,1.6,5.2,9.9,29.9,132.0,103.0,7.8,b68045c8-68bb-48d8-a897-73ecf0bf7938,DEN,CHI,Home,123,101,1
Kentavious Caldwell-Pope,1,29.75,4,8,0.5,2,4,0.5,0,0,0.0,0,0,0,2,1,0,1,1,10,29.0,0.625,0.625,0.5,0.0,0.0,0.0,0.0,9.1,1.7,0.0,11.1,13.8,115.0,112.0,-3.8,b68045c8-68bb-48d8-a897-73ecf0bf7938,DEN,CHI,Home,123,101,1
Jamal Murray,1,9.5,1,3,0.333,0,0,0.0,0,0,0.0,0,2,2,0,0,0,0,0,2,-2.0,0.333,0.333,0.0,0.0,0.0,21.1,11.8,0.0,0.0,0.0,0.0,14.4,71.0,111.0,-15.1,b68045c8-68bb-48d8-a897-73ecf0bf7938,DEN,CHI,Home,123,101,1
Reggie Jackson,1,25.3,6,10,0.6,3,5,0.6,1,2,0.5,0,1,1,3,0,1,1,0,16,14.0,0.735,0.75,0.5,0.2,0.0,4.0,2.2,18.6,0.0,3.2,8.4,21.4,135.0,112.0,4.3,b68045c8-68bb-48d8-a897-73ecf0bf7938,DEN,CHI,Home,123,101,1
Peyton Watson,1,18.383333333333333,1,3,0.333,0,1,0.0,0,0,0.0,0,2,2,2,2,0,2,2,2,-8.0,0.333,0.333,0.333,0.0,0.0,10.9,6.1,13.3,5.5,0.0,40.0,12.4,63.0,101.0,-6.6,b68045c8-68bb-48d8-a897-73ecf0bf7938,DEN,CHI,Home,123,101,1
Christian Braun,1,17.983333333333334,4,8,0.5,1,3,0.333,1,2,0.5,1,4,5,4,1,0,0,1,10,-3.0,0.563,0.563,0.375,0.25,7.0,22.2,15.5,34.1,2.8,0.0,0.0,22.5,139.0,104.0,7.0,b68045c8-68bb-48d8-a897-73ecf0bf7938,DEN,CHI,Home,123,101,1
DeAndre Jordan,1,12.25,0,0,0.0,0,0,0.0,1,2,0.5,1,0,1,1,0,0,1,2,1,-10.0,0.568,0.0,0.0,0.0,10.3,0.0,4.6,9.3,0.0,0.0,53.2,7.0,103.0,115.0,-10.4,b68045c8-68bb-48d8-a897-73ecf0bf7938,DEN,CHI,Home,123,101,1
Collin Gillespie,1,11.733333333333333,2,4,0.5,1,3,0.333,0,0,0.0,0,1,1,2,0,0,0,1,5,12.0,0.625,0.625,0.75,0.0,0.0,8.5,4.8,24.2,0.0,0.0,0.0,15.6,144.0,113.0,-1.5,b68045c8-68bb-48d8-a897-73ecf0bf7938,DEN,CHI,Home,123,101,1
Julian Strawther,1,9.133333333333333,1,2,0.5,1,2,0.5,0,0,0.0,0,1,1,1,0,0,0,0,3,-8.0,0.75,0.75,1.0,0.0,0.0,10.9,6.1,14.3,0.0,0.0,0.0,10.0,161.0,113.0,2.3,b68045c8-68bb-48d8-a897-73ecf0bf7938,DEN,CHI,Home,123,101,1
Zeke Nnaji,1,2.3833333333333333,0,0,0.0,0,0,0.0,1,2,0.5,0,1,1,0,0,0,0,1,1,-1.0,0.568,0.0,0.0,0.0,0.0,42.0,23.4,0.0,0.0,0.0,0.0,16.8,123.0,104.0,-12.2,b68045c8-68bb-48d8-a897-73ecf0bf7938,DEN,CHI,Home,123,101,1
Jalen Pickett,1,2.35,1,1,1.0,1,1,1.0,0,0,0.0,0,0,0,0,0,0,0,0,3,-1.0,1.5,1.5,1.0,0.0,0.0,0.0,0.0,0.0,0.0,0.0,0.0,19.4,300.0,116.0,33.9,b68045c8-68bb-48d8-a897-73ecf0bf7938,DEN,CHI,Home,123,101,1
Hunter Tyson,1,2.35,0,1,0.0,0,1,0.0,0,0,0.0,0,1,1,0,0,0,0,1,0,-1.0,0.0,0.0,1.0,0.0,0.0,42.6,23.8,0.0,0.0,0.0,0.0,19.4,0.0,104.0,-33.7,b68045c8-68bb-48d8-a897-73ecf0bf7938,DEN,CHI,Home,123,101,1
Justin Holiday,0,0.0,0,0,0.0,0,0,0.0,0,0,0.0,0,0,0,0,0,0,0,0,0,0.0,0.0,0.0,0.0,0.0,0.0,0.0,0.0,0.0,0.0,0.0,0.0,0.0,0.0,0.0,0.0,b68045c8-68bb-48d8-a897-73ecf0bf7938,DEN,CHI,Home,123,101,1
Nikola Jokić,1,36.36666666666667,15,24,0.625,2,6,0.333,3,5,0.6,3,11,14,12,1,1,2,1,35,16.0,0.668,0.667,0.25,0.208,9.7,34.6,22.3,50.8,1.3,2.2,7.1,32.6,143.0,112.0,17.6,06e4629e-0e12-4cda-b26d-758656b63578,DEN,NOP,Home,134,116,1
Aaron Gordon,1,36.16666666666666,7,11,0.636,0,2,0.0,1,2,0.5,5,7,12,6,0,1,2,1,15,8.0,0.631,0.636,0.182,0.182,16.2,22.1,19.2,19.1,0.0,2.2,14.4,16.1,136.0,117.0,1.5,06e4629e-0e12-4cda-b26d-758656b63578,DEN,NOP,Home,134,116,1
Kentavious Caldwell-Pope,1,32.95,5,10,0.5,3,7,0.429,2,2,1.0,0,1,1,7,1,0,2,4,15,23.0,0.689,0.65,0.7,0.2,0.0,3.5,1.8,23.3,1.5,0.0,15.5,16.4,133.0,119.0,0.2,06e4629e-0e12-4cda-b26d-758656b63578,DEN,NOP,Home,134,116,1
Michael Porter Jr.,1,28.616666666666667,8,16,0.5,2,6,0.333,4,4,1.0,2,7,9,3,0,0,1,2,22,13.0,0.619,0.563,0.375,0.25,8.2,28.0,18.2,13.4,0.0,0.0,5.3,27.6,131.0,118.0,0.5,06e4629e-0e12-4cda-b26d-758656b63578,DEN,NOP,Home,134,116,1
Reggie Jackson,1,24.28333333333333,2,8,0.25,1,4,0.25,2,2,1.0,0,1,1,4,0,0,0,1,7,16.0,0.394,0.313,0.5,0.25,0.0,4.7,2.4,16.8,0.0,0.0,0.0,15.4,111.0,122.0,-9.2,06e4629e-0e12-4cda-b26d-758656b63578,DEN,NOP,Home,134,116,1
Julian Strawther,1,19.116666666666667,8,13,0.615,5,9,0.556,0,1,0.0,0,2,2,1,0,0,1,1,21,-7.0,0.781,0.808,0.692,0.077,0.0,12.0,6.1,8.1,0.0,0.0,6.9,31.8,130.0,121.0,8.0,06e4629e-0e12-4cda-b26d-758656b63578,DEN,NOP,Home,134,116,1
Peyton Watson,1,18.666666666666668,2,3,0.667,0,0,0.0,0,0,0.0,0,3,3,1,2,2,0,0,4,15.0,0.667,0.667,0.0,0.0,0.0,18.4,9.3,5.6,5.1,8.6,0.0,6.8,144.0,101.0,6.7,06e4629e-0e12-4cda-b26d-758656b63578,DEN,NOP,Home,134,116,1
Christian Braun,1,17.85,1,5,0.2,0,1,0.0,4,6,0.667,0,0,0,1,0,0,0,1,6,4.0,0.393,0.2,0.2,1.2,0.0,0.0,0.0,5.6,0.0,0.0,0.0,18.0,98.0,123.0,-13.3,06e4629e-0e12-4cda-b26d-758656b63578,DEN,NOP,Home,134,116,1
Collin Gillespie,1,16.983333333333334,2,4,0.5,1,3,0.333,1,1,1.0,0,1,1,1,2,0,0,3,6,-1.0,0.676,0.625,0.75,0.25,0.0,6.7,3.4,6.2,5.6,0.0,0.0,11.0,146.0,109.0,0.3,06e4629e-0e12-4cda-b26d-758656b63578,DEN,NOP,Home,134,116,1
Zeke Nnaji,1,6.0,0,0,0.0,0,0,0.0,0,0,0.0,1,1,2,1,0,1,1,2,0,-6.0,0.0,0.0,0.0,0.0,19.5,19.0,19.3,15.7,0.0,13.3,100.0,7.0,92.0,108.0,-4.5,06e4629e-0e12-4cda-b26d-758656b63578,DEN,NOP,Home,134,116,1
Jalen Pickett,1,0.9666666666666668,1,1,1.0,1,1,1.0,0,0,0.0,0,0,0,0,0,0,0,0,3,3.0,1.5,1.5,1.0,0.0,0.0,0.0,0.0,0.0,0.0,0.0,0.0,43.5,300.0,123.0,91.5,06e4629e-0e12-4cda-b26d-758656b63578,DEN,NOP,Home,134,116,1
Braxton Key,1,0.9666666666666668,0,0,0.0,0,0,0.0,0,0,0.0,0,0,0,0,0,0,0,0,0,3.0,0.0,0.0,0.0,0.0,0.0,0.0,0.0,0.0,0.0,0.0,0.0,0.0,0.0,123.0,-9.4,06e4629e-0e12-4cda-b26d-758656b63578,DEN,NOP,Home,134,116,1
Hunter Tyson,1,0.9666666666666668,0,0,0.0,0,0,0.0,0,0,0.0,0,0,0,0,0,0,0,0,0,3.0,0.0,0.0,0.0,0.0,0.0,0.0,0.0,0.0,0.0,0.0,0.0,0.0,0.0,123.0,-8.4,06e4629e-0e12-4cda-b26d-758656b63578,DEN,NOP,Home,134,116,1
Justin Holiday,0,0.0,0,0,0.0,0,0,0.0,0,0,0.0,0,0,0,0,0,0,0,0,0,0.0,0.0,0.0,0.0,0.0,0.0,0.0,0.0,0.0,0.0,0.0,0.0,0.0,0.0,0.0,0.0,06e4629e-0e12-4cda-b26d-758656b63578,DEN,NOP,Home,134,116,1
DeAndre Jordan,0,0.0,0,0,0.0,0,0,0.0,0,0,0.0,0,0,0,0,0,0,0,0,0,0.0,0.0,0.0,0.0,0.0,0.0,0.0,0.0,0.0,0.0,0.0,0.0,0.0,0.0,0.0,0.0,06e4629e-0e12-4cda-b26d-758656b63578,DEN,NOP,Home,134,116,1
Michael Porter Jr.,1,36.9,7,17,0.412,3,8,0.375,0,0,0.0,2,6,8,2,0,2,0,1,17,13.0,0.5,0.5,0.471,0.0,5.4,17.0,11.1,8.2,0.0,5.1,0.0,20.5,110.0,113.0,1.6,10bbf762-4b29-4da1-8d65-d3f7d1dcccd6,DEN,GSW,Home,108,105,1
Nikola Jokić,1,36.6,14,25,0.56,1,8,0.125,6,10,0.6,3,10,13,5,3,1,3,3,35,3.0,0.595,0.58,0.32,0.4,8.2,28.5,18.1,29.0,4.2,2.6,9.3,39.5,116.0,101.0,14.9,10bbf762-4b29-4da1-8d65-d3f7d1dcccd6,DEN,GSW,Home,108,105,1
Kentavious Caldwell-Pope,1,35.11666666666667,3,8,0.375,0,3,0.0,4,4,1.0,1,2,3,3,1,0,0,3,10,13.0,0.512,0.375,0.375,0.5,2.8,5.9,4.4,11.1,1.5,0.0,0.0,12.4,124.0,116.0,-3.2,10bbf762-4b29-4da1-8d65-d3f7d1dcccd6,DEN,GSW,Home,108,105,1
Aaron Gordon,1,34.416666666666664,5,14,0.357,1,2,0.5,3,4,0.75,4,7,11,3,3,1,2,2,14,12.0,0.444,0.393,0.143,0.286,11.6,21.2,16.3,12.3,4.4,2.7,11.3,23.0,99.0,103.0,1.8,10bbf762-4b29-4da1-8d65-d3f7d1dcccd6,DEN,GSW,Home,108,105,1
Reggie Jackson,1,32.35,8,17,0.471,3,7,0.429,1,2,0.5,0,2,2,6,0,0,0,5,20,12.0,0.559,0.559,0.412,0.118,0.0,6.5,3.2,30.6,0.0,0.0,0.0,24.6,124.0,119.0,1.9,10bbf762-4b29-4da1-8d65-d3f7d1dcccd6,DEN,GSW,Home,108,105,1
Christian Braun,1,15.75,1,3,0.333,1,2,0.5,1,2,0.5,0,2,2,2,0,0,0,1,4,-8.0,0.515,0.5,0.667,0.667,0.0,13.3,6.5,16.1,0.0,0.0,0.0,11.0,123.0,117.0,-0.7,10bbf762-4b29-4da1-8d65-d3f7d1dcccd6,DEN,GSW,Home,108,105,1
Collin Gillespie,1,15.65,1,2,0.5,1,2,0.5,0,0,0.0,0,0,0,1,0,0,1,2,3,-9.0,0.75,0.75,1.0,0.0,0.0,0.0,0.0,8.1,0.0,0.0,33.3,8.5,99.0,121.0,-8.8,10bbf762-4b29-4da1-8d65-d3f7d1dcccd6,DEN,GSW,Home,108,105,1
Peyton Watson,1,10.6,1,2,0.5,0,0,0.0,0,0,0.0,0,0,0,0,0,0,0,0,2,-8.0,0.5,0.5,0.0,0.0,0.0,0.0,0.0,0.0,0.0,0.0,0.0,8.4,100.0,122.0,-7.5,10bbf762-4b29-4da1-8d65-d3f7d1dcccd6,DEN,GSW,Home,108,105,1
Julian Strawther,1,8.233333333333333,0,1,0.0,0,1,0.0,0,0,0.0,0,1,1,0,0,0,0,2,0,-12.0,0.0,0.0,1.0,0.0,0.0,12.7,6.2,0.0,0.0,0.0,0.0,5.4,0.0,117.0,-16.9,10bbf762-4b29-4da1-8d65-d3f7d1dcccd6,DEN,GSW,Home,108,105,1
Justin Holiday,1,7.9,1,2,0.5,1,2,0.5,0,0,0.0,0,3,3,0,0,0,0,1,3,2.0,0.75,0.75,1.0,0.0,0.0,39.6,19.4,0.0,0.0,0.0,0.0,11.3,141.0,108.0,0.4,10bbf762-4b29-4da1-8d65-d3f7d1dcccd6,DEN,GSW,Home,108,105,1
Zeke Nnaji,1,6.483333333333333,0,1,0.0,0,0,0.0,0,0,0.0,0,2,2,2,0,0,0,0,0,-3.0,0.0,0.0,0.0,0.0,0.0,32.2,15.8,36.1,0.0,0.0,0.0,6.9,86.0,111.0,3.9,10bbf762-4b29-4da1-8d65-d3f7d1dcccd6,DEN,GSW,Home,108,105,1
DeAndre Jordan,0,0.0,0,0,0.0,0,0,0.0,0,0,0.0,0,0,0,0,0,0,0,0,0,0.0,0.0,0.0,0.0,0.0,0.0,0.0,0.0,0.0,0.0,0.0,0.0,0.0,0.0,0.0,0.0,10bbf762-4b29-4da1-8d65-d3f7d1dcccd6,DEN,GSW,Home,108,105,1
Braxton Key,0,0.0,0,0,0.0,0,0,0.0,0,0,0.0,0,0,0,0,0,0,0,0,0,0.0,0.0,0.0,0.0,0.0,0.0,0.0,0.0,0.0,0.0,0.0,0.0,0.0,0.0,0.0,0.0,10bbf762-4b29-4da1-8d65-d3f7d1dcccd6,DEN,GSW,Home,108,105,1
Jalen Pickett,0,0.0,0,0,0.0,0,0,0.0,0,0,0.0,0,0,0,0,0,0,0,0,0,0.0,0.0,0.0,0.0,0.0,0.0,0.0,0.0,0.0,0.0,0.0,0.0,0.0,0.0,0.0,0.0,10bbf762-4b29-4da1-8d65-d3f7d1dcccd6,DEN,GSW,Home,108,105,1
Hunter Tyson,0,0.0,0,0,0.0,0,0,0.0,0,0,0.0,0,0,0,0,0,0,0,0,0,0.0,0.0,0.0,0.0,0.0,0.0,0.0,0.0,0.0,0.0,0.0,0.0,0.0,0.0,0.0,0.0,10bbf762-4b29-4da1-8d65-d3f7d1dcccd6,DEN,GSW,Home,108,105,1
Aaron Gordon,1,38.5,6,10,0.6,1,2,0.5,3,6,0.5,1,7,8,5,0,2,2,2,16,8.0,0.633,0.65,0.2,0.6,2.8,17.8,10.6,18.1,0.0,4.5,13.7,16.9,121.0,112.0,4.1,0d11a809-8b3b-4a5e-a55a-d71190dd87d3,DEN,HOU,Away,104,107,0
Nikola Jokić,1,38.23333333333333,13,26,0.5,2,6,0.333,8,8,1.0,6,15,21,11,0,1,3,3,36,12.0,0.61,0.538,0.231,0.308,16.7,38.4,28.0,53.8,0.0,2.3,9.2,37.7,133.0,107.0,20.9,0d11a809-8b3b-4a5e-a55a-d71190dd87d3,DEN,HOU,Away,104,107,0
Michael Porter Jr.,1,37.71666666666667,11,19,0.579,3,10,0.3,0,0,0.0,2,8,10,0,0,1,2,3,25,2.0,0.658,0.658,0.526,0.0,5.7,20.8,13.5,0.0,0.0,2.3,9.5,24.7,118.0,113.0,2.6,0d11a809-8b3b-4a5e-a55a-d71190dd87d3,DEN,HOU,Away,104,107,0
Kentavious Caldwell-Pope,1,37.55,2,5,0.4,1,2,0.5,0,0,0.0,0,0,0,1,1,0,1,3,5,6.0,0.5,0.5,0.4,0.0,0.0,0.0,0.0,3.2,1.4,0.0,16.7,7.1,90.0,119.0,-7.2,0d11a809-8b3b-4a5e-a55a-d71190dd87d3,DEN,HOU,Away,104,107,0
Reggie Jackson,1,27.883333333333333,6,12,0.5,2,5,0.4,0,0,0.0,0,4,4,2,0,0,1,2,14,-3.0,0.583,0.583,0.417,0.0,0.0,14.1,7.3,10.9,0.0,0.0,7.7,20.7,113.0,117.0,-1.8,0d11a809-8b3b-4a5e-a55a-d71190dd87d3,DEN,HOU,Away,104,107,0
Collin Gillespie,1,20.1,3,7,0.429,0,2,0.0,0,0,0.0,0,1,1,3,2,0,1,2,6,0.0,0.429,0.429,0.286,0.0,0.0,4.9,2.5,20.6,5.1,0.0,12.5,17.7,93.0,109.0,-1.8,0d11a809-8b3b-4a5e-a55a-d71190dd87d3,DEN,HOU,Away,104,107,0
Christian Braun,1,13.683333333333334,0,4,0.0,0,2,0.0,0,0,0.0,1,0,1,0,0,0,1,1,0,-11.0,0.0,0.0,0.5,0.0,7.8,0.0,3.7,0.0,0.0,0.0,20.0,16.2,16.0,122.0,-22.9,0d11a809-8b3b-4a5e-a55a-d71190dd87d3,DEN,HOU,Away,104,107,0
Zeke Nnaji,1,11.316666666666666,1,4,0.25,0,1,0.0,0,0,0.0,2,2,4,0,0,0,0,0,2,-18.0,0.25,0.25,0.25,0.0,18.9,17.3,18.0,0.0,0.0,0.0,0.0,15.7,84.0,116.0,-10.1,0d11a809-8b3b-4a5e-a55a-d71190dd87d3,DEN,HOU,Away,104,107,0
Julian Strawther,1,7.783333333333333,0,2,0.0,0,2,0.0,0,0,0.0,0,0,0,1,0,0,0,2,0,-5.0,0.0,0.0,1.0,0.0,0.0,0.0,0.0,14.7,0.0,0.0,0.0,11.4,32.0,121.0,-17.8,0d11a809-8b3b-4a5e-a55a-d71190dd87d3,DEN,HOU,Away,104,107,0
Peyton Watson,1,7.183333333333334,0,2,0.0,0,0,0.0,0,0,0.0,0,0,0,1,0,1,0,2,0,-6.0,0.0,0.0,0.0,0.0,0.0,0.0,0.0,15.9,0.0,12.1,0.0,12.4,32.0,113.0,-11.1,0d11a809-8b3b-4a5e-a55a-d71190dd87d3,DEN,HOU,Away,104,107,0
Justin Holiday,0,0.0,0,0,0.0,0,0,0.0,0,0,0.0,0,0,0,0,0,0,0,0,0,0.0,0.0,0.0,0.0,0.0,0.0,0.0,0.0,0.0,0.0,0.0,0.0,0.0,0.0,0.0,0.0,0d11a809-8b3b-4a5e-a55a-d71190dd87d3,DEN,HOU,Away,104,107,0
DeAndre Jordan,0,0.0,0,0,0.0,0,0,0.0,0,0,0.0,0,0,0,0,0,0,0,0,0,0.0,0.0,0.0,0.0,0.0,0.0,0.0,0.0,0.0,0.0,0.0,0.0,0.0,0.0,0.0,0.0,0d11a809-8b3b-4a5e-a55a-d71190dd87d3,DEN,HOU,Away,104,107,0
Braxton Key,0,0.0,0,0,0.0,0,0,0.0,0,0,0.0,0,0,0,0,0,0,0,0,0,0.0,0.0,0.0,0.0,0.0,0.0,0.0,0.0,0.0,0.0,0.0,0.0,0.0,0.0,0.0,0.0,0d11a809-8b3b-4a5e-a55a-d71190dd87d3,DEN,HOU,Away,104,107,0
Jalen Pickett,0,0.0,0,0,0.0,0,0,0.0,0,0,0.0,0,0,0,0,0,0,0,0,0,0.0,0.0,0.0,0.0,0.0,0.0,0.0,0.0,0.0,0.0,0.0,0.0,0.0,0.0,0.0,0.0,0d11a809-8b3b-4a5e-a55a-d71190dd87d3,DEN,HOU,Away,104,107,0
Aaron Gordon,1,39.4,8,12,0.667,1,2,0.5,3,3,1.0,1,4,5,5,0,0,3,1,20,2.0,0.751,0.708,0.167,0.25,3.6,11.1,7.8,20.8,0.0,0.0,18.4,19.7,128.0,123.0,3.8,1dcb2c43-376d-48f4-8e86-7ad0f65dc594,DEN,LAC,Home,111,108,1
Kentavious Caldwell-Pope,1,38.98333333333333,2,3,0.667,2,3,0.667,3,5,0.6,0,1,1,4,1,0,1,3,9,3.0,0.865,1.0,1.0,1.667,0.0,2.8,1.6,13.5,1.4,0.0,16.1,7.6,149.0,124.0,2.2,1dcb2c43-376d-48f4-8e86-7ad0f65dc594,DEN,LAC,Home,111,108,1
Nikola Jokić,1,35.75,8,23,0.348,2,7,0.286,14,14,1.0,3,13,16,9,1,0,4,2,32,3.0,0.549,0.391,0.304,0.609,11.8,39.7,27.5,42.8,1.5,0.0,12.1,44.0,116.0,107.0,9.7,1dcb2c43-376d-48f4-8e86-7ad0f65dc594,DEN,LAC,Home,111,108,1
Michael Porter Jr.,1,34.43333333333333,4,11,0.364,2,8,0.25,0,2,0.0,1,4,5,0,1,1,2,3,10,4.0,0.421,0.455,0.727,0.182,4.1,12.7,8.9,0.0,1.5,2.4,14.4,19.1,73.0,117.0,-8.3,1dcb2c43-376d-48f4-8e86-7ad0f65dc594,DEN,LAC,Home,111,108,1
Reggie Jackson,1,29.566666666666663,7,11,0.636,0,1,0.0,4,6,0.667,0,3,3,4,0,1,2,3,18,9.0,0.66,0.636,0.091,0.545,0.0,11.1,6.2,23.5,0.0,2.8,12.8,25.1,121.0,121.0,1.0,1dcb2c43-376d-48f4-8e86-7ad0f65dc594,DEN,LAC,Home,111,108,1
Christian Braun,1,19.98333333333333,5,6,0.833,0,0,0.0,0,0,0.0,0,1,1,1,0,0,0,3,10,-3.0,0.833,0.833,0.0,0.0,0.0,5.5,3.1,8.9,0.0,0.0,0.0,14.3,163.0,126.0,2.4,1dcb2c43-376d-48f4-8e86-7ad0f65dc594,DEN,LAC,Home,111,108,1
Jalen Pickett,1,16.783333333333335,2,3,0.667,1,2,0.5,0,0,0.0,0,2,2,2,1,0,2,2,5,-4.0,0.833,0.833,0.667,0.0,0.0,13.0,7.3,17.2,3.1,0.0,40.0,14.1,99.0,115.0,0.4,1dcb2c43-376d-48f4-8e86-7ad0f65dc594,DEN,LAC,Home,111,108,1
Zeke Nnaji,1,12.25,1,2,0.5,0,0,0.0,1,2,0.5,1,2,3,0,0,0,0,1,3,0.0,0.521,0.5,0.0,1.0,11.5,17.8,15.1,0.0,0.0,0.0,0.0,11.2,123.0,120.0,-4.4,1dcb2c43-376d-48f4-8e86-7ad0f65dc594,DEN,LAC,Home,111,108,1
Peyton Watson,1,11.033333333333331,2,2,1.0,0,0,0.0,0,0,0.0,0,0,0,0,0,0,0,1,4,2.0,1.0,1.0,0.0,0.0,0.0,0.0,0.0,0.0,0.0,0.0,0.0,8.6,200.0,128.0,0.9,1dcb2c43-376d-48f4-8e86-7ad0f65dc594,DEN,LAC,Home,111,108,1
Justin Holiday,1,1.7833333333333332,0,0,0.0,0,0,0.0,0,0,0.0,0,0,0,1,0,0,0,0,0,-1.0,0.0,0.0,0.0,0.0,0.0,0.0,0.0,69.0,0.0,0.0,0.0,0.0,221.0,128.0,15.1,1dcb2c43-376d-48f4-8e86-7ad0f65dc594,DEN,LAC,Home,111,108,1
Collin Gillespie,0,0.0,0,0,0.0,0,0,0.0,0,0,0.0,0,0,0,0,0,0,0,0,0,0.0,0.0,0.0,0.0,0.0,0.0,0.0,0.0,0.0,0.0,0.0,0.0,0.0,0.0,0.0,0.0,1dcb2c43-376d-48f4-8e86-7ad0f65dc594,DEN,LAC,Home,111,108,1
DeAndre Jordan,0,0.0,0,0,0.0,0,0,0.0,0,0,0.0,0,0,0,0,0,0,0,0,0,0.0,0.0,0.0,0.0,0.0,0.0,0.0,0.0,0.0,0.0,0.0,0.0,0.0,0.0,0.0,0.0,1dcb2c43-376d-48f4-8e86-7ad0f65dc594,DEN,LAC,Home,111,108,1
Braxton Key,0,0.0,0,0,0.0,0,0,0.0,0,0,0.0,0,0,0,0,0,0,0,0,0,0.0,0.0,0.0,0.0,0.0,0.0,0.0,0.0,0.0,0.0,0.0,0.0,0.0,0.0,0.0,0.0,1dcb2c43-376d-48f4-8e86-7ad0f65dc594,DEN,LAC,Home,111,108,1
Julian Strawther,0,0.0,0,0,0.0,0,0,0.0,0,0,0.0,0,0,0,0,0,0,0,0,0,0.0,0.0,0.0,0.0,0.0,0.0,0.0,0.0,0.0,0.0,0.0,0.0,0.0,0.0,0.0,0.0,1dcb2c43-376d-48f4-8e86-7ad0f65dc594,DEN,LAC,Home,111,108,1
Aaron Gordon,1,39.15,7,14,0.5,0,4,0.0,0,3,0.0,1,7,8,2,1,0,0,4,14,1.0,0.457,0.5,0.286,0.214,2.7,19.5,10.9,6.4,1.2,0.0,0.0,16.4,98.0,113.0,-6.0,0a015382-3a11-4b86-8c5c-b8298daa0406,DEN,NOP,Away,110,115,0
Nikola Jokić,1,36.16666666666666,10,20,0.5,1,8,0.125,5,5,1.0,2,14,16,18,1,1,4,2,26,5.0,0.586,0.525,0.4,0.25,5.8,42.2,23.6,70.8,1.3,2.0,15.3,30.4,126.0,109.0,19.8,0a015382-3a11-4b86-8c5c-b8298daa0406,DEN,NOP,Away,110,115,0
Kentavious Caldwell-Pope,1,34.86666666666667,3,7,0.429,2,4,0.5,0,0,0.0,0,1,1,8,1,2,0,0,8,4.0,0.571,0.571,0.571,0.0,0.0,3.1,1.5,25.7,1.4,4.2,0.0,8.4,144.0,110.0,6.1,0a015382-3a11-4b86-8c5c-b8298daa0406,DEN,NOP,Away,110,115,0
Reggie Jackson,1,33.31666666666667,6,12,0.5,2,7,0.286,0,0,0.0,1,1,2,3,0,0,4,2,14,-4.0,0.583,0.583,0.583,0.0,3.1,3.3,3.2,11.3,0.0,0.0,25.0,20.2,89.0,118.0,-8.0,0a015382-3a11-4b86-8c5c-b8298daa0406,DEN,NOP,Away,110,115,0
Michael Porter Jr.,1,32.88333333333333,8,14,0.571,2,6,0.333,0,1,0.0,3,8,11,0,0,0,0,3,18,-15.0,0.623,0.643,0.429,0.071,9.5,26.5,17.8,0.0,0.0,0.0,0.0,18.4,125.0,116.0,-0.6,0a015382-3a11-4b86-8c5c-b8298daa0406,DEN,NOP,Away,110,115,0
Christian Braun,1,29.7,11,19,0.579,3,5,0.6,0,1,0.0,2,7,9,3,0,0,0,1,25,3.0,0.643,0.658,0.263,0.053,7.0,25.7,16.2,16.6,0.0,0.0,0.0,27.5,130.0,116.0,9.0,0a015382-3a11-4b86-8c5c-b8298daa0406,DEN,NOP,Away,110,115,0
Peyton Watson,1,11.416666666666666,1,3,0.333,0,1,0.0,1,2,0.5,2,1,3,1,0,0,2,2,3,-2.0,0.387,0.333,0.333,0.667,18.3,9.6,14.0,9.8,0.0,0.0,34.0,21.6,76.0,116.0,-14.9,0a015382-3a11-4b86-8c5c-b8298daa0406,DEN,NOP,Away,110,115,0
Jalen Pickett,1,9.666666666666666,0,2,0.0,0,2,0.0,0,0,0.0,0,1,1,1,0,0,1,2,0,9.0,0.0,0.0,1.0,0.0,0.0,11.3,5.5,10.6,0.0,0.0,33.3,13.0,21.0,116.0,-22.2,0a015382-3a11-4b86-8c5c-b8298daa0406,DEN,NOP,Away,110,115,0
Julian Strawther,1,8.5,1,4,0.25,0,3,0.0,0,0,0.0,0,0,0,1,1,0,0,2,2,-16.0,0.25,0.25,0.75,0.0,0.0,0.0,0.0,13.7,5.6,0.0,0.0,19.8,68.0,104.0,-10.2,0a015382-3a11-4b86-8c5c-b8298daa0406,DEN,NOP,Away,110,115,0
Zeke Nnaji,1,4.3,0,1,0.0,0,0,0.0,0,0,0.0,0,0,0,0,0,0,2,2,0,-10.0,0.0,0.0,0.0,0.0,0.0,0.0,0.0,0.0,0.0,0.0,66.7,29.3,0.0,114.0,-46.6,0a015382-3a11-4b86-8c5c-b8298daa0406,DEN,NOP,Away,110,115,0
Collin Gillespie,0,0.0,0,0,0.0,0,0,0.0,0,0,0.0,0,0,0,0,0,0,0,0,0,0.0,0.0,0.0,0.0,0.0,0.0,0.0,0.0,0.0,0.0,0.0,0.0,0.0,0.0,0.0,0.0,0a015382-3a11-4b86-8c5c-b8298daa0406,DEN,NOP,Away,110,115,0
Justin Holiday,0,0.0,0,0,0.0,0,0,0.0,0,0,0.0,0,0,0,0,0,0,0,0,0,0.0,0.0,0.0,0.0,0.0,0.0,0.0,0.0,0.0,0.0,0.0,0.0,0.0,0.0,0.0,0.0,0a015382-3a11-4b86-8c5c-b8298daa0406,DEN,NOP,Away,110,115,0
DeAndre Jordan,0,0.0,0,0,0.0,0,0,0.0,0,0,0.0,0,0,0,0,0,0,0,0,0,0.0,0.0,0.0,0.0,0.0,0.0,0.0,0.0,0.0,0.0,0.0,0.0,0.0,0.0,0.0,0.0,0a015382-3a11-4b86-8c5c-b8298daa0406,DEN,NOP,Away,110,115,0
Braxton Key,0,0.0,0,0,0.0,0,0,0.0,0,0,0.0,0,0,0,0,0,0,0,0,0,0.0,0.0,0.0,0.0,0.0,0.0,0.0,0.0,0.0,0.0,0.0,0.0,0.0,0.0,0.0,0.0,0a015382-3a11-4b86-8c5c-b8298daa0406,DEN,NOP,Away,110,115,0
Aaron Gordon,1,31.616666666666667,4,11,0.364,0,2,0.0,3,6,0.5,2,2,4,5,1,2,1,2,11,-18.0,0.403,0.364,0.182,0.545,6.7,8.7,7.6,23.1,1.6,5.5,6.8,21.6,102.0,129.0,-3.0,b22c11c4-249e-4e3c-91e7-e7cbdf142a8e,DEN,CLE,Away,109,121,0
Kentavious Caldwell-Pope,1,30.65,2,9,0.222,1,5,0.2,4,4,1.0,2,0,2,2,1,1,1,1,9,-13.0,0.418,0.278,0.556,0.444,7.0,0.0,3.9,8.7,1.7,2.8,8.5,17.9,100.0,132.0,-6.4,b22c11c4-249e-4e3c-91e7-e7cbdf142a8e,DEN,CLE,Away,109,121,0
Nikola Jokić,1,27.816666666666663,8,13,0.615,0,0,0.0,2,5,0.4,1,9,10,7,1,1,3,5,18,-16.0,0.592,0.615,0.0,0.385,3.8,44.4,21.6,47.9,1.9,3.1,16.5,30.5,114.0,121.0,4.6,b22c11c4-249e-4e3c-91e7-e7cbdf142a8e,DEN,CLE,Away,109,121,0
Michael Porter Jr.,1,27.383333333333333,7,15,0.467,5,9,0.556,2,2,1.0,1,5,6,0,1,0,2,2,21,-31.0,0.661,0.633,0.6,0.133,3.9,25.0,13.1,0.0,1.9,0.0,11.2,30.4,113.0,128.0,1.1,b22c11c4-249e-4e3c-91e7-e7cbdf142a8e,DEN,CLE,Away,109,121,0
Reggie Jackson,1,21.016666666666666,3,5,0.6,1,1,1.0,0,0,0.0,0,0,0,1,2,0,2,2,7,-28.0,0.7,0.7,0.2,0.0,0.0,0.0,0.0,7.1,4.9,0.0,28.6,15.5,94.0,127.0,-4.4,b22c11c4-249e-4e3c-91e7-e7cbdf142a8e,DEN,CLE,Away,109,121,0
Christian Braun,1,25.28333333333333,6,11,0.545,1,1,1.0,0,0,0.0,0,2,2,0,0,0,0,1,13,3.0,0.591,0.591,0.091,0.0,0.0,10.8,4.7,0.0,0.0,0.0,0.0,20.3,114.0,135.0,-5.8,b22c11c4-249e-4e3c-91e7-e7cbdf142a8e,DEN,CLE,Away,109,121,0
Julian Strawther,1,19.866666666666667,2,6,0.333,1,3,0.333,2,2,1.0,0,2,2,1,0,1,0,4,7,8.0,0.509,0.417,0.5,0.333,0.0,13.8,6.0,7.1,0.0,4.4,0.0,16.1,113.0,132.0,-7.0,b22c11c4-249e-4e3c-91e7-e7cbdf142a8e,DEN,CLE,Away,109,121,0
Jalen Pickett,1,19.05,2,4,0.5,2,3,0.667,2,2,1.0,0,2,2,3,1,0,1,0,8,7.0,0.82,0.75,0.75,0.5,0.0,14.4,6.3,22.3,2.7,0.0,17.0,14.4,146.0,129.0,5.6,b22c11c4-249e-4e3c-91e7-e7cbdf142a8e,DEN,CLE,Away,109,121,0
Justin Holiday,1,17.35,2,3,0.667,2,3,0.667,0,0,0.0,0,1,1,1,0,0,0,2,6,1.0,1.0,1.0,1.0,0.0,0.0,7.9,3.5,8.3,0.0,0.0,0.0,8.0,191.0,136.0,0.1,b22c11c4-249e-4e3c-91e7-e7cbdf142a8e,DEN,CLE,Away,109,121,0
Zeke Nnaji,1,14.283333333333331,3,4,0.75,1,1,1.0,2,2,1.0,3,1,4,1,0,0,1,2,9,7.0,0.922,0.875,0.25,0.5,22.4,9.6,16.8,11.6,0.0,0.0,17.0,19.2,164.0,135.0,5.0,b22c11c4-249e-4e3c-91e7-e7cbdf142a8e,DEN,CLE,Away,109,121,0
Collin Gillespie,1,2.833333333333333,0,0,0.0,0,0,0.0,0,0,0.0,0,0,0,1,0,0,0,0,0,10.0,0.0,0.0,0.0,0.0,0.0,0.0,0.0,43.4,0.0,0.0,0.0,0.0,236.0,138.0,0.2,b22c11c4-249e-4e3c-91e7-e7cbdf142a8e,DEN,CLE,Away,109,121,0
Hunter Tyson,1,2.833333333333333,0,1,0.0,0,1,0.0,0,0,0.0,0,0,0,1,0,0,0,0,0,10.0,0.0,0.0,1.0,0.0,0.0,0.0,0.0,43.4,0.0,0.0,0.0,16.4,59.0,138.0,-9.1,b22c11c4-249e-4e3c-91e7-e7cbdf142a8e,DEN,CLE,Away,109,121,0
DeAndre Jordan,0,0.0,0,0,0.0,0,0,0.0,0,0,0.0,0,0,0,0,0,0,0,0,0,0.0,0.0,0.0,0.0,0.0,0.0,0.0,0.0,0.0,0.0,0.0,0.0,0.0,0.0,0.0,0.0,b22c11c4-249e-4e3c-91e7-e7cbdf142a8e,DEN,CLE,Away,109,121,0
Braxton Key,0,0.0,0,0,0.0,0,0,0.0,0,0,0.0,0,0,0,0,0,0,0,0,0,0.0,0.0,0.0,0.0,0.0,0.0,0.0,0.0,0.0,0.0,0.0,0.0,0.0,0.0,0.0,0.0,b22c11c4-249e-4e3c-91e7-e7cbdf142a8e,DEN,CLE,Away,109,121,0
Peyton Watson,0,0.0,0,0,0.0,0,0,0.0,0,0,0.0,0,0,0,0,0,0,0,0,0,0.0,0.0,0.0,0.0,0.0,0.0,0.0,0.0,0.0,0.0,0.0,0.0,0.0,0.0,0.0,0.0,b22c11c4-249e-4e3c-91e7-e7cbdf142a8e,DEN,CLE,Away,109,121,0
Michael Porter Jr.,1,38.266666666666666,5,15,0.333,4,9,0.444,0,1,0.0,2,9,11,2,0,1,4,3,14,-1.0,0.453,0.467,0.6,0.067,5.8,26.3,16.0,7.4,0.0,2.1,20.6,22.1,79.0,107.0,-9.5,9207d684-0ed7-431e-bc6b-f42b1942bbed,DEN,DET,Away,107,103,1
Aaron Gordon,1,36.96666666666667,4,11,0.364,0,1,0.0,3,4,0.75,5,4,9,7,1,0,2,1,11,-2.0,0.431,0.364,0.091,0.364,15.1,12.1,13.6,26.1,1.3,0.0,13.6,17.4,111.0,109.0,-2.4,9207d684-0ed7-431e-bc6b-f42b1942bbed,DEN,DET,Away,107,103,1
Kentavious Caldwell-Pope,1,35.516666666666666,8,17,0.471,2,5,0.4,2,2,1.0,1,2,3,3,2,1,3,2,20,3.0,0.559,0.529,0.294,0.118,3.1,6.3,4.7,13.9,2.8,2.3,14.4,25.6,101.0,106.0,-1.9,9207d684-0ed7-431e-bc6b-f42b1942bbed,DEN,DET,Away,107,103,1
Reggie Jackson,1,32.083333333333336,9,15,0.6,1,3,0.333,2,3,0.667,0,3,3,6,1,1,0,2,21,3.0,0.643,0.633,0.2,0.2,0.0,10.4,5.2,33.8,1.5,2.5,0.0,22.1,141.0,108.0,6.5,9207d684-0ed7-431e-bc6b-f42b1942bbed,DEN,DET,Away,107,103,1
Nikola Jokić,1,15.216666666666669,4,8,0.5,1,4,0.25,0,0,0.0,0,5,5,5,0,1,1,1,9,-4.0,0.563,0.563,0.5,0.0,0.0,36.7,18.3,57.6,0.0,5.3,11.1,25.8,119.0,101.0,10.7,9207d684-0ed7-431e-bc6b-f42b1942bbed,DEN,DET,Away,107,103,1
Christian Braun,1,32.0,5,10,0.5,2,2,1.0,3,4,0.75,1,5,6,2,1,1,2,2,15,21.0,0.638,0.6,0.2,0.4,3.5,17.4,10.5,9.2,1.5,2.5,14.5,18.7,114.0,106.0,-0.5,9207d684-0ed7-431e-bc6b-f42b1942bbed,DEN,DET,Away,107,103,1
Julian Strawther,1,15.316666666666666,1,5,0.2,0,3,0.0,2,2,1.0,0,2,2,2,0,0,0,1,4,-8.0,0.34,0.2,0.6,0.4,0.0,14.6,7.3,17.0,0.0,0.0,0.0,16.7,95.0,112.0,-10.3,9207d684-0ed7-431e-bc6b-f42b1942bbed,DEN,DET,Away,107,103,1
Zeke Nnaji,1,14.333333333333334,2,3,0.667,1,1,1.0,2,3,0.667,1,0,1,0,1,1,1,3,7,2.0,0.81,0.833,0.333,1.0,7.8,0.0,3.9,0.0,3.5,5.6,18.8,16.2,126.0,104.0,-0.1,9207d684-0ed7-431e-bc6b-f42b1942bbed,DEN,DET,Away,107,103,1
Peyton Watson,1,13.4,1,2,0.5,0,0,0.0,2,2,1.0,0,1,1,2,0,2,1,1,4,5.0,0.694,0.5,0.0,1.0,0.0,8.3,4.2,19.7,0.0,11.9,25.8,12.6,121.0,105.0,2.8,9207d684-0ed7-431e-bc6b-f42b1942bbed,DEN,DET,Away,107,103,1
Jalen Pickett,1,6.883333333333333,1,1,1.0,0,0,0.0,0,0,0.0,1,1,2,1,1,0,0,1,2,1.0,1.0,1.0,0.0,0.0,16.2,16.2,16.2,21.1,7.2,0.0,0.0,6.3,212.0,95.0,11.1,9207d684-0ed7-431e-bc6b-f42b1942bbed,DEN,DET,Away,107,103,1
Collin Gillespie,0,0.0,0,0,0.0,0,0,0.0,0,0,0.0,0,0,0,0,0,0,0,0,0,0.0,0.0,0.0,0.0,0.0,0.0,0.0,0.0,0.0,0.0,0.0,0.0,0.0,0.0,0.0,0.0,9207d684-0ed7-431e-bc6b-f42b1942bbed,DEN,DET,Away,107,103,1
Justin Holiday,0,0.0,0,0,0.0,0,0,0.0,0,0,0.0,0,0,0,0,0,0,0,0,0,0.0,0.0,0.0,0.0,0.0,0.0,0.0,0.0,0.0,0.0,0.0,0.0,0.0,0.0,0.0,0.0,9207d684-0ed7-431e-bc6b-f42b1942bbed,DEN,DET,Away,107,103,1
DeAndre Jordan,0,0.0,0,0,0.0,0,0,0.0,0,0,0.0,0,0,0,0,0,0,0,0,0,0.0,0.0,0.0,0.0,0.0,0.0,0.0,0.0,0.0,0.0,0.0,0.0,0.0,0.0,0.0,0.0,9207d684-0ed7-431e-bc6b-f42b1942bbed,DEN,DET,Away,107,103,1
Braxton Key,0,0.0,0,0,0.0,0,0,0.0,0,0,0.0,0,0,0,0,0,0,0,0,0,0.0,0.0,0.0,0.0,0.0,0.0,0.0,0.0,0.0,0.0,0.0,0.0,0.0,0.0,0.0,0.0,9207d684-0ed7-431e-bc6b-f42b1942bbed,DEN,DET,Away,107,103,1
Hunter Tyson,0,0.0,0,0,0.0,0,0,0.0,0,0,0.0,0,0,0,0,0,0,0,0,0,0.0,0.0,0.0,0.0,0.0,0.0,0.0,0.0,0.0,0.0,0.0,0.0,0.0,0.0,0.0,0.0,9207d684-0ed7-431e-bc6b-f42b1942bbed,DEN,DET,Away,107,103,1
Aaron Gordon,1,36.68333333333333,7,16,0.438,1,3,0.333,0,2,0.0,7,3,10,1,2,0,2,3,15,4.0,0.444,0.469,0.188,0.125,19.5,10.9,15.8,3.8,2.8,0.0,10.6,22.0,104.0,132.0,-6.5,f187e742-84f5-4225-aa8e-7bce9c9e1950,DEN,ORL,Away,119,124,0
Nikola Jokić,1,36.333333333333336,12,18,0.667,1,2,0.5,5,5,1.0,5,8,13,12,3,2,1,4,30,4.0,0.743,0.694,0.111,0.278,14.1,29.4,20.7,56.3,4.3,5.1,4.7,25.0,170.0,121.0,27.2,f187e742-84f5-4225-aa8e-7bce9c9e1950,DEN,ORL,Away,119,124,0
Kentavious Caldwell-Pope,1,34.266666666666666,3,8,0.375,2,5,0.4,2,2,1.0,0,1,1,2,0,0,2,2,10,5.0,0.563,0.5,0.625,0.25,0.0,3.9,1.7,7.0,0.0,0.0,18.4,13.6,105.0,139.0,-8.8,f187e742-84f5-4225-aa8e-7bce9c9e1950,DEN,ORL,Away,119,124,0
Reggie Jackson,1,33.766666666666666,5,15,0.333,3,7,0.429,1,1,1.0,1,3,4,9,0,0,1,1,14,-8.0,0.453,0.433,0.467,0.067,3.0,11.8,6.9,34.7,0.0,0.0,6.1,20.8,124.0,138.0,-1.5,f187e742-84f5-4225-aa8e-7bce9c9e1950,DEN,ORL,Away,119,124,0
Michael Porter Jr.,1,30.683333333333334,9,16,0.563,5,9,0.556,2,2,1.0,0,2,2,0,1,0,0,4,25,5.0,0.741,0.719,0.563,0.125,0.0,8.7,3.8,0.0,1.7,0.0,0.0,23.5,153.0,135.0,5.9,f187e742-84f5-4225-aa8e-7bce9c9e1950,DEN,ORL,Away,119,124,0
Christian Braun,1,21.166666666666668,4,7,0.571,2,2,1.0,3,3,1.0,1,6,7,1,0,0,3,4,13,-13.0,0.781,0.714,0.286,0.429,4.8,37.8,19.1,6.5,0.0,0.0,26.5,22.9,116.0,131.0,-2.9,f187e742-84f5-4225-aa8e-7bce9c9e1950,DEN,ORL,Away,119,124,0
Julian Strawther,1,16.966666666666665,2,6,0.333,1,4,0.25,2,2,1.0,1,1,2,2,0,0,0,5,7,-5.0,0.509,0.417,0.667,0.333,6.0,7.9,6.8,14.8,0.0,0.0,0.0,17.3,137.0,138.0,-7.0,f187e742-84f5-4225-aa8e-7bce9c9e1950,DEN,ORL,Away,119,124,0
Zeke Nnaji,1,11.666666666666666,1,2,0.5,0,0,0.0,1,2,0.5,1,0,1,2,0,0,0,1,3,-9.0,0.521,0.5,0.0,1.0,8.8,0.0,5.0,20.6,0.0,0.0,0.0,10.6,147.0,140.0,-0.3,f187e742-84f5-4225-aa8e-7bce9c9e1950,DEN,ORL,Away,119,124,0
Peyton Watson,1,10.316666666666666,1,1,1.0,0,0,0.0,0,2,0.0,1,0,1,0,0,0,0,1,2,-9.0,0.532,1.0,0.0,2.0,9.9,0.0,5.6,0.0,0.0,0.0,0.0,7.8,108.0,140.0,-8.7,f187e742-84f5-4225-aa8e-7bce9c9e1950,DEN,ORL,Away,119,124,0
Jalen Pickett,1,8.15,0,4,0.0,0,3,0.0,0,0,0.0,0,1,1,0,0,0,1,0,0,1.0,0.0,0.0,0.75,0.0,0.0,16.4,7.1,0.0,0.0,0.0,20.0,26.2,0.0,137.0,-36.8,f187e742-84f5-4225-aa8e-7bce9c9e1950,DEN,ORL,Away,119,124,0
Justin Holiday,1,0.0,0,0,0.0,0,0,0.0,0,0,0.0,0,0,0,0,0,0,0,0,0,0.0,0.0,0.0,0.0,0.0,0.0,0.0,0.0,0.0,0.0,0.0,0.0,0.0,0.0,0.0,-9.5,f187e742-84f5-4225-aa8e-7bce9c9e1950,DEN,ORL,Away,119,124,0
Collin Gillespie,0,0.0,0,0,0.0,0,0,0.0,0,0,0.0,0,0,0,0,0,0,0,0,0,0.0,0.0,0.0,0.0,0.0,0.0,0.0,0.0,0.0,0.0,0.0,0.0,0.0,0.0,0.0,0.0,f187e742-84f5-4225-aa8e-7bce9c9e1950,DEN,ORL,Away,119,124,0
DeAndre Jordan,0,0.0,0,0,0.0,0,0,0.0,0,0,0.0,0,0,0,0,0,0,0,0,0,0.0,0.0,0.0,0.0,0.0,0.0,0.0,0.0,0.0,0.0,0.0,0.0,0.0,0.0,0.0,0.0,f187e742-84f5-4225-aa8e-7bce9c9e1950,DEN,ORL,Away,119,124,0
Braxton Key,0,0.0,0,0,0.0,0,0,0.0,0,0,0.0,0,0,0,0,0,0,0,0,0,0.0,0.0,0.0,0.0,0.0,0.0,0.0,0.0,0.0,0.0,0.0,0.0,0.0,0.0,0.0,0.0,f187e742-84f5-4225-aa8e-7bce9c9e1950,DEN,ORL,Away,119,124,0
Hunter Tyson,0,0.0,0,0,0.0,0,0,0.0,0,0,0.0,0,0,0,0,0,0,0,0,0,0.0,0.0,0.0,0.0,0.0,0.0,0.0,0.0,0.0,0.0,0.0,0.0,0.0,0.0,0.0,0.0,f187e742-84f5-4225-aa8e-7bce9c9e1950,DEN,ORL,Away,119,124,0
Nikola Jokić,1,42.15,14,31,0.452,3,8,0.375,7,11,0.636,6,13,19,8,3,0,3,3,38,-12.0,0.53,0.5,0.258,0.355,11.6,41.1,22.8,56.7,3.5,0.0,7.7,37.4,113.0,102.0,21.6,74c69c55-5bac-4453-99cb-6fa91d9d2c5b,DEN,HOU,Away,86,105,0
Kentavious Caldwell-Pope,1,39.266666666666666,7,15,0.467,1,5,0.2,5,5,1.0,3,2,5,3,3,0,2,4,20,-7.0,0.581,0.5,0.333,0.333,6.2,6.8,6.4,15.6,3.8,0.0,10.4,19.8,117.0,107.0,5.8,74c69c55-5bac-4453-99cb-6fa91d9d2c5b,DEN,HOU,Away,86,105,0
Aaron Gordon,1,39.016666666666666,0,12,0.0,0,4,0.0,2,4,0.5,3,4,7,2,0,0,1,1,2,-9.0,0.073,0.0,0.333,0.333,6.3,13.7,9.1,7.7,0.0,0.0,6.8,15.4,33.0,115.0,-14.6,74c69c55-5bac-4453-99cb-6fa91d9d2c5b,DEN,HOU,Away,86,105,0
Michael Porter Jr.,1,37.16666666666666,6,14,0.429,2,8,0.25,0,0,0.0,1,6,7,1,1,2,1,1,14,-8.0,0.5,0.5,0.571,0.0,2.2,21.5,9.5,5.3,1.3,4.9,6.7,16.4,100.0,106.0,2.2,74c69c55-5bac-4453-99cb-6fa91d9d2c5b,DEN,HOU,Away,86,105,0
Reggie Jackson,1,25.3,1,7,0.143,0,2,0.0,0,0,0.0,2,2,4,3,0,1,6,0,2,-26.0,0.143,0.143,0.286,0.0,6.4,10.5,8.0,18.9,0.0,3.6,46.2,20.9,32.0,112.0,-17.0,74c69c55-5bac-4453-99cb-6fa91d9d2c5b,DEN,HOU,Away,86,105,0
Christian Braun,1,25.8,3,9,0.333,0,0,0.0,1,1,1.0,0,3,3,0,0,0,0,1,7,-2.0,0.371,0.333,0.0,0.111,0.0,15.5,5.9,0.0,0.0,0.0,0.0,14.9,83.0,115.0,-7.6,74c69c55-5bac-4453-99cb-6fa91d9d2c5b,DEN,HOU,Away,86,105,0
Justin Holiday,1,12.733333333333333,1,2,0.5,1,2,0.5,0,0,0.0,0,0,0,0,1,0,0,2,3,9.0,0.75,0.75,1.0,0.0,0.0,0.0,0.0,0.0,3.9,0.0,0.0,6.4,150.0,108.0,0.0,74c69c55-5bac-4453-99cb-6fa91d9d2c5b,DEN,HOU,Away,86,105,0
Julian Strawther,1,5.866666666666667,0,0,0.0,0,0,0.0,0,0,0.0,0,0,0,0,0,0,0,1,0,-15.0,0.0,0.0,0.0,0.0,0.0,0.0,0.0,0.0,0.0,0.0,0.0,0.0,0.0,117.0,-11.7,74c69c55-5bac-4453-99cb-6fa91d9d2c5b,DEN,HOU,Away,86,105,0
Peyton Watson,1,5.783333333333333,0,3,0.0,0,1,0.0,0,0,0.0,1,0,1,0,0,1,0,1,0,-18.0,0.0,0.0,0.333,0.0,14.1,0.0,8.7,0.0,0.0,15.7,0.0,21.1,18.0,103.0,-16.7,74c69c55-5bac-4453-99cb-6fa91d9d2c5b,DEN,HOU,Away,86,105,0
Zeke Nnaji,1,3.8166666666666655,0,1,0.0,0,0,0.0,0,0,0.0,0,0,0,0,0,0,1,0,0,0.0,0.0,0.0,0.0,0.0,0.0,0.0,0.0,0.0,0.0,0.0,50.0,21.3,0.0,117.0,-28.5,74c69c55-5bac-4453-99cb-6fa91d9d2c5b,DEN,HOU,Away,86,105,0
Collin Gillespie,1,3.066666666666667,0,0,0.0,0,0,0.0,0,0,0.0,0,0,0,0,0,0,1,0,0,-7.0,0.0,0.0,0.0,0.0,0.0,0.0,0.0,0.0,0.0,0.0,100.0,13.2,0.0,117.0,-25.9,74c69c55-5bac-4453-99cb-6fa91d9d2c5b,DEN,HOU,Away,86,105,0
DeAndre Jordan,0,0.0,0,0,0.0,0,0,0.0,0,0,0.0,0,0,0,0,0,0,0,0,0,0.0,0.0,0.0,0.0,0.0,0.0,0.0,0.0,0.0,0.0,0.0,0.0,0.0,0.0,0.0,0.0,74c69c55-5bac-4453-99cb-6fa91d9d2c5b,DEN,HOU,Away,86,105,0
Braxton Key,0,0.0,0,0,0.0,0,0,0.0,0,0,0.0,0,0,0,0,0,0,0,0,0,0.0,0.0,0.0,0.0,0.0,0.0,0.0,0.0,0.0,0.0,0.0,0.0,0.0,0.0,0.0,0.0,74c69c55-5bac-4453-99cb-6fa91d9d2c5b,DEN,HOU,Away,86,105,0
Jalen Pickett,0,0.0,0,0,0.0,0,0,0.0,0,0,0.0,0,0,0,0,0,0,0,0,0,0.0,0.0,0.0,0.0,0.0,0.0,0.0,0.0,0.0,0.0,0.0,0.0,0.0,0.0,0.0,0.0,74c69c55-5bac-4453-99cb-6fa91d9d2c5b,DEN,HOU,Away,86,105,0
Hunter Tyson,0,0.0,0,0,0.0,0,0,0.0,0,0,0.0,0,0,0,0,0,0,0,0,0,0.0,0.0,0.0,0.0,0.0,0.0,0.0,0.0,0.0,0.0,0.0,0.0,0.0,0.0,0.0,0.0,74c69c55-5bac-4453-99cb-6fa91d9d2c5b,DEN,HOU,Away,86,105,0
Nikola Jokić,1,34.2,17,29,0.586,0,0,0.0,5,5,1.0,5,6,11,9,1,0,5,3,39,14.0,0.625,0.586,0.0,0.172,19.5,19.1,19.3,48.3,1.3,0.0,13.8,42.7,125.0,114.0,6.2,68f592d0-5547-4612-8287-461404485bbb,DEN,SAS,Home,132,120,1
Michael Porter Jr.,1,32.86666666666667,8,14,0.571,4,9,0.444,5,6,0.833,1,6,7,2,0,1,3,0,25,15.0,0.751,0.714,0.643,0.429,4.1,19.9,12.8,7.6,0.0,2.6,15.3,24.1,128.0,115.0,3.0,68f592d0-5547-4612-8287-461404485bbb,DEN,SAS,Home,132,120,1
Kentavious Caldwell-Pope,1,31.466666666666665,5,7,0.714,2,4,0.5,4,4,1.0,0,1,1,6,1,0,3,3,16,6.0,0.913,0.857,0.571,0.571,0.0,3.5,1.9,21.6,1.4,0.0,25.5,15.1,142.0,118.0,2.8,68f592d0-5547-4612-8287-461404485bbb,DEN,SAS,Home,132,120,1
Reggie Jackson,1,28.25,7,10,0.7,3,3,1.0,3,3,1.0,2,5,7,6,1,0,4,5,20,15.0,0.883,0.85,0.3,0.3,9.4,19.3,14.9,26.8,1.6,0.0,26.1,21.9,136.0,114.0,5.2,68f592d0-5547-4612-8287-461404485bbb,DEN,SAS,Home,132,120,1
Justin Holiday,1,27.45,2,5,0.4,1,4,0.25,0,0,0.0,0,2,2,3,1,0,0,2,5,15.0,0.5,0.5,0.8,0.0,0.0,7.9,4.4,11.3,1.7,0.0,0.0,7.3,131.0,116.0,-3.5,68f592d0-5547-4612-8287-461404485bbb,DEN,SAS,Home,132,120,1
Christian Braun,1,24.566666666666663,1,5,0.2,0,1,0.0,3,4,0.75,1,3,4,4,0,0,0,1,5,0.0,0.37,0.2,0.2,0.8,5.4,13.3,9.8,16.3,0.0,0.0,0.0,11.1,122.0,119.0,-4.8,68f592d0-5547-4612-8287-461404485bbb,DEN,SAS,Home,132,120,1
Peyton Watson,1,21.6,2,6,0.333,0,2,0.0,0,0,0.0,1,3,4,2,1,2,1,1,4,5.0,0.333,0.333,0.333,0.0,6.2,15.2,11.1,9.8,2.1,7.9,14.3,13.1,86.0,108.0,-3.8,68f592d0-5547-4612-8287-461404485bbb,DEN,SAS,Home,132,120,1
Julian Strawther,1,18.75,4,8,0.5,2,4,0.5,0,0,0.0,0,1,1,4,3,0,1,4,10,7.0,0.625,0.625,0.5,0.0,0.0,5.8,3.2,25.8,7.3,0.0,11.1,19.4,127.0,104.0,6.6,68f592d0-5547-4612-8287-461404485bbb,DEN,SAS,Home,132,120,1
DeAndre Jordan,1,12.283333333333331,3,3,1.0,0,0,0.0,0,3,0.0,1,5,6,1,0,0,1,3,6,2.0,0.694,1.0,0.0,1.0,10.9,44.4,29.3,10.2,0.0,0.0,18.8,17.5,104.0,111.0,-4.1,68f592d0-5547-4612-8287-461404485bbb,DEN,SAS,Home,132,120,1
Jay Huff,1,1.5166666666666666,1,1,1.0,0,0,0.0,0,0,0.0,0,0,0,0,0,0,0,0,2,-4.0,1.0,1.0,0.0,0.0,0.0,0.0,0.0,0.0,0.0,0.0,0.0,26.6,200.0,122.0,14.5,68f592d0-5547-4612-8287-461404485bbb,DEN,SAS,Home,132,120,1
Collin Gillespie,1,1.5166666666666666,0,0,0.0,0,0,0.0,0,0,0.0,0,0,0,0,0,0,0,0,0,-4.0,0.0,0.0,0.0,0.0,0.0,0.0,0.0,0.0,0.0,0.0,0.0,0.0,0.0,122.0,-8.9,68f592d0-5547-4612-8287-461404485bbb,DEN,SAS,Home,132,120,1
Braxton Key,1,1.5166666666666666,0,1,0.0,0,1,0.0,0,0,0.0,0,1,1,1,0,0,0,0,0,-4.0,0.0,0.0,1.0,0.0,0.0,71.9,39.6,63.3,0.0,0.0,0.0,26.6,69.0,104.0,-6.7,68f592d0-5547-4612-8287-461404485bbb,DEN,SAS,Home,132,120,1
Jalen Pickett,1,1.5166666666666666,0,0,0.0,0,0,0.0,0,0,0.0,0,0,0,0,0,0,1,1,0,-4.0,0.0,0.0,0.0,0.0,0.0,0.0,0.0,0.0,0.0,0.0,100.0,26.6,0.0,122.0,-48.8,68f592d0-5547-4612-8287-461404485bbb,DEN,SAS,Home,132,120,1
Hunter Tyson,1,1.3833333333333333,0,0,0.0,0,0,0.0,0,0,0.0,0,1,1,0,0,0,0,0,0,-1.0,0.0,0.0,0.0,0.0,0.0,78.9,43.4,0.0,0.0,0.0,0.0,0.0,0.0,102.0,-1.7,68f592d0-5547-4612-8287-461404485bbb,DEN,SAS,Home,132,120,1
Zeke Nnaji,1,1.1,0,0,0.0,0,0,0.0,0,0,0.0,0,0,0,0,0,0,0,2,0,-2.0,0.0,0.0,0.0,0.0,0.0,0.0,0.0,0.0,0.0,0.0,0.0,0.0,0.0,120.0,-37.1,68f592d0-5547-4612-8287-461404485bbb,DEN,SAS,Home,132,120,1
Reggie Jackson,1,40.0,15,19,0.789,3,4,0.75,2,4,0.5,1,4,5,13,2,0,2,3,35,25.0,0.843,0.868,0.211,0.211,2.4,9.6,5.9,60.0,2.5,0.0,8.8,23.7,164.0,110.0,21.1,66f7e02a-9b4f-4f19-9c15-34e29f4ac5c5,DEN,LAC,Away,113,104,1
Kentavious Caldwell-Pope,1,38.083333333333336,3,14,0.214,0,1,0.0,6,6,1.0,2,1,3,2,1,0,0,2,12,15.0,0.361,0.214,0.071,0.429,4.9,2.5,3.7,6.3,1.3,0.0,0.0,18.2,102.0,116.0,-8.8,66f7e02a-9b4f-4f19-9c15-34e29f4ac5c5,DEN,LAC,Away,113,104,1
Justin Holiday,1,33.68333333333333,5,8,0.625,2,4,0.5,0,0,0.0,1,5,6,1,1,0,3,2,12,5.0,0.75,0.75,0.5,0.0,2.8,14.3,8.5,3.9,1.5,0.0,27.3,13.6,104.0,110.0,-2.7,66f7e02a-9b4f-4f19-9c15-34e29f4ac5c5,DEN,LAC,Away,113,104,1
DeAndre Jordan,1,33.5,8,11,0.727,0,0,0.0,5,11,0.455,3,10,13,5,2,1,2,3,21,17.0,0.663,0.727,0.0,1.0,8.4,28.7,18.4,22.0,3.0,2.2,11.2,22.2,130.0,99.0,10.4,66f7e02a-9b4f-4f19-9c15-34e29f4ac5c5,DEN,LAC,Away,113,104,1
Michael Porter Jr.,1,28.916666666666668,3,13,0.231,2,7,0.286,0,0,0.0,3,7,10,3,0,0,1,5,8,4.0,0.308,0.308,0.538,0.0,9.8,23.2,16.4,12.8,0.0,0.0,7.1,20.2,89.0,109.0,-9.9,66f7e02a-9b4f-4f19-9c15-34e29f4ac5c5,DEN,LAC,Away,113,104,1
Peyton Watson,1,23.516666666666666,4,7,0.571,0,0,0.0,0,2,0.0,0,3,3,1,2,1,1,0,8,2.0,0.508,0.571,0.0,0.286,0.0,12.2,6.1,5.7,4.3,3.1,11.3,15.7,93.0,104.0,0.4,66f7e02a-9b4f-4f19-9c15-34e29f4ac5c5,DEN,LAC,Away,113,104,1
Julian Strawther,1,18.98333333333333,3,8,0.375,3,5,0.6,0,0,0.0,0,3,3,1,0,1,1,1,9,9.0,0.563,0.563,0.625,0.0,0.0,15.2,7.5,6.9,0.0,3.9,11.1,19.7,108.0,111.0,0.5,66f7e02a-9b4f-4f19-9c15-34e29f4ac5c5,DEN,LAC,Away,113,104,1
Christian Braun,1,11.716666666666669,0,4,0.0,0,1,0.0,0,0,0.0,1,1,2,2,0,0,0,4,0,-19.0,0.0,0.0,0.25,0.0,8.0,8.2,8.1,18.6,0.0,0.0,0.0,14.2,53.0,116.0,-19.2,66f7e02a-9b4f-4f19-9c15-34e29f4ac5c5,DEN,LAC,Away,113,104,1
Zeke Nnaji,1,11.55,3,8,0.375,0,0,0.0,2,5,0.4,7,0,7,0,0,3,1,2,8,-13.0,0.392,0.375,0.0,0.625,57.0,0.0,28.8,0.0,0.0,19.2,8.9,40.4,103.0,109.0,-4.6,66f7e02a-9b4f-4f19-9c15-34e29f4ac5c5,DEN,LAC,Away,113,104,1
Jay Huff,1,0.0,0,0,0.0,0,0,0.0,0,0,0.0,0,0,0,0,0,0,0,0,0,0.0,0.0,0.0,0.0,0.0,0.0,0.0,0.0,0.0,0.0,0.0,0.0,0.0,0.0,0.0,-9.4,66f7e02a-9b4f-4f19-9c15-34e29f4ac5c5,DEN,LAC,Away,113,104,1
Collin Gillespie,0,0.0,0,0,0.0,0,0,0.0,0,0,0.0,0,0,0,0,0,0,0,0,0,0.0,0.0,0.0,0.0,0.0,0.0,0.0,0.0,0.0,0.0,0.0,0.0,0.0,0.0,0.0,0.0,66f7e02a-9b4f-4f19-9c15-34e29f4ac5c5,DEN,LAC,Away,113,104,1
Braxton Key,0,0.0,0,0,0.0,0,0,0.0,0,0,0.0,0,0,0,0,0,0,0,0,0,0.0,0.0,0.0,0.0,0.0,0.0,0.0,0.0,0.0,0.0,0.0,0.0,0.0,0.0,0.0,0.0,66f7e02a-9b4f-4f19-9c15-34e29f4ac5c5,DEN,LAC,Away,113,104,1
Jalen Pickett,0,0.0,0,0,0.0,0,0,0.0,0,0,0.0,0,0,0,0,0,0,0,0,0,0.0,0.0,0.0,0.0,0.0,0.0,0.0,0.0,0.0,0.0,0.0,0.0,0.0,0.0,0.0,0.0,66f7e02a-9b4f-4f19-9c15-34e29f4ac5c5,DEN,LAC,Away,113,104,1
Michael Porter Jr.,1,33.81666666666667,11,17,0.647,7,12,0.583,1,3,0.333,2,8,10,5,1,0,0,2,30,26.0,0.819,0.853,0.706,0.176,7.1,31.5,18.7,21.9,1.5,0.0,0.0,23.8,168.0,131.0,16.6,1d06b3e1-ddeb-4ee3-83be-4a8c3b6b3c73,DEN,HOU,Home,134,124,1
Nikola Jokić,1,33.35,12,19,0.632,1,2,0.5,7,8,0.875,6,4,10,15,1,0,0,2,32,29.0,0.71,0.658,0.105,0.421,21.6,16.0,18.9,70.3,1.6,0.0,0.0,29.6,178.0,134.0,26.1,1d06b3e1-ddeb-4ee3-83be-4a8c3b6b3c73,DEN,HOU,Home,134,124,1
Kentavious Caldwell-Pope,1,31.58333333333333,4,6,0.667,2,3,0.667,0,0,0.0,0,1,1,2,0,0,0,0,10,21.0,0.833,0.833,0.5,0.0,0.0,4.2,2.0,7.3,0.0,0.0,0.0,8.3,172.0,139.0,-3.2,1d06b3e1-ddeb-4ee3-83be-4a8c3b6b3c73,DEN,HOU,Home,134,124,1
Justin Holiday,1,26.58333333333333,4,7,0.571,3,5,0.6,0,0,0.0,1,2,3,4,2,0,0,2,11,27.0,0.786,0.786,0.714,0.0,4.5,10.0,7.1,17.7,3.9,0.0,0.0,11.5,175.0,129.0,6.7,1d06b3e1-ddeb-4ee3-83be-4a8c3b6b3c73,DEN,HOU,Home,134,124,1
Jamal Murray,1,22.366666666666667,4,14,0.286,3,8,0.375,5,5,1.0,0,6,6,6,0,0,0,2,16,14.0,0.494,0.393,0.571,0.357,0.0,35.8,16.9,32.7,0.0,0.0,0.0,31.8,132.0,134.0,-1.1,1d06b3e1-ddeb-4ee3-83be-4a8c3b6b3c73,DEN,HOU,Home,134,124,1
Reggie Jackson,1,23.75,6,14,0.429,2,7,0.286,0,0,0.0,0,2,2,2,0,1,0,3,14,-1.0,0.5,0.5,0.5,0.0,0.0,11.2,5.3,11.3,0.0,4.5,0.0,25.9,113.0,135.0,-8.7,1d06b3e1-ddeb-4ee3-83be-4a8c3b6b3c73,DEN,HOU,Home,134,124,1
Christian Braun,1,18.58333333333333,4,7,0.571,1,2,0.5,2,2,1.0,1,2,3,1,0,0,2,2,11,0.0,0.698,0.643,0.286,0.286,6.5,14.3,10.2,6.9,0.0,0.0,20.2,23.3,116.0,137.0,-7.8,1d06b3e1-ddeb-4ee3-83be-4a8c3b6b3c73,DEN,HOU,Home,134,124,1
Zeke Nnaji,1,18.33333333333333,2,4,0.5,0,0,0.0,3,4,0.75,2,1,3,0,0,1,0,2,7,-17.0,0.608,0.5,0.0,1.0,13.1,7.3,10.3,0.0,0.0,5.8,0.0,13.8,148.0,135.0,-7.5,1d06b3e1-ddeb-4ee3-83be-4a8c3b6b3c73,DEN,HOU,Home,134,124,1
Julian Strawther,1,13.283333333333331,0,4,0.0,0,2,0.0,0,0,0.0,0,1,1,1,0,0,0,1,0,-2.0,0.0,0.0,0.5,0.0,0.0,10.0,4.8,7.5,0.0,0.0,0.0,13.2,24.0,138.0,-24.1,1d06b3e1-ddeb-4ee3-83be-4a8c3b6b3c73,DEN,HOU,Home,134,124,1
DeAndre Jordan,1,5.816666666666666,1,1,1.0,0,0,0.0,0,2,0.0,1,0,1,0,0,0,0,0,2,-11.0,0.532,1.0,0.0,2.0,20.6,0.0,10.9,0.0,0.0,0.0,0.0,14.2,111.0,140.0,-10.3,1d06b3e1-ddeb-4ee3-83be-4a8c3b6b3c73,DEN,HOU,Home,134,124,1
Braxton Key,1,3.1333333333333333,0,0,0.0,0,0,0.0,1,2,0.5,0,1,1,1,0,0,0,1,1,-9.0,0.568,0.0,0.0,0.0,0.0,42.6,20.2,31.9,0.0,0.0,0.0,12.3,154.0,132.0,-0.3,1d06b3e1-ddeb-4ee3-83be-4a8c3b6b3c73,DEN,HOU,Home,134,124,1
Collin Gillespie,1,3.1333333333333333,0,1,0.0,0,1,0.0,0,0,0.0,0,0,0,0,0,0,1,0,0,-9.0,0.0,0.0,1.0,0.0,0.0,0.0,0.0,0.0,0.0,0.0,50.0,28.0,0.0,140.0,-44.0,1d06b3e1-ddeb-4ee3-83be-4a8c3b6b3c73,DEN,HOU,Home,134,124,1
Jalen Pickett,1,3.1333333333333333,0,1,0.0,0,1,0.0,0,0,0.0,0,0,0,0,0,0,0,0,0,-9.0,0.0,0.0,1.0,0.0,0.0,0.0,0.0,0.0,0.0,0.0,0.0,14.0,0.0,140.0,-27.8,1d06b3e1-ddeb-4ee3-83be-4a8c3b6b3c73,DEN,HOU,Home,134,124,1
Hunter Tyson,1,3.1333333333333333,0,0,0.0,0,0,0.0,0,0,0.0,0,0,0,0,0,0,0,1,0,-9.0,0.0,0.0,0.0,0.0,0.0,0.0,0.0,0.0,0.0,0.0,0.0,0.0,0.0,139.0,-17.0,1d06b3e1-ddeb-4ee3-83be-4a8c3b6b3c73,DEN,HOU,Home,134,124,1
Peyton Watson,0,0.0,0,0,0.0,0,0,0.0,0,0,0.0,0,0,0,0,0,0,0,0,0,0.0,0.0,0.0,0.0,0.0,0.0,0.0,0.0,0.0,0.0,0.0,0.0,0.0,0.0,0.0,0.0,1d06b3e1-ddeb-4ee3-83be-4a8c3b6b3c73,DEN,HOU,Home,134,124,1
Michael Porter Jr.,1,36.516666666666666,8,16,0.5,0,4,0.0,3,3,1.0,1,9,10,4,2,1,2,1,19,8.0,0.548,0.5,0.25,0.188,3.4,32.9,17.5,13.3,2.7,2.3,10.4,24.8,106.0,109.0,-1.2,4122c07c-28ef-44ec-8b21-3ad1b32f738b,DEN,PHO,Away,119,111,1
Nikola Jokić,1,34.916666666666664,9,18,0.5,0,3,0.0,3,6,0.5,1,4,5,16,1,2,3,4,21,6.0,0.509,0.5,0.167,0.333,3.5,15.3,9.2,58.5,1.4,4.8,12.7,31.8,117.0,114.0,8.5,4122c07c-28ef-44ec-8b21-3ad1b32f738b,DEN,PHO,Away,119,111,1
Kentavious Caldwell-Pope,1,34.61666666666667,6,10,0.6,3,6,0.5,0,0,0.0,0,1,1,6,3,0,0,2,15,6.0,0.75,0.75,0.6,0.0,0.0,3.9,1.8,20.0,4.3,0.0,0.0,13.6,151.0,113.0,7.3,4122c07c-28ef-44ec-8b21-3ad1b32f738b,DEN,PHO,Away,119,111,1
Reggie Jackson,1,29.416666666666668,8,11,0.727,3,4,0.75,1,2,0.5,0,2,2,4,0,0,1,3,20,0.0,0.842,0.864,0.364,0.182,0.0,9.1,4.4,17.7,0.0,0.0,7.8,20.5,146.0,122.0,3.1,4122c07c-28ef-44ec-8b21-3ad1b32f738b,DEN,PHO,Away,119,111,1
Justin Holiday,1,25.48333333333333,6,8,0.75,3,5,0.6,0,0,0.0,1,1,2,4,1,0,0,2,15,8.0,0.938,0.938,0.625,0.0,4.8,5.2,5.0,19.5,1.9,0.0,0.0,14.7,180.0,118.0,10.5,4122c07c-28ef-44ec-8b21-3ad1b32f738b,DEN,PHO,Away,119,111,1
Peyton Watson,1,25.48333333333333,4,9,0.444,0,2,0.0,0,0,0.0,0,3,3,0,0,0,0,5,8,5.0,0.444,0.444,0.222,0.0,0.0,15.7,7.5,0.0,0.0,0.0,0.0,16.6,82.0,121.0,-15.2,4122c07c-28ef-44ec-8b21-3ad1b32f738b,DEN,PHO,Away,119,111,1
Christian Braun,1,22.366666666666667,4,6,0.667,0,0,0.0,0,0,0.0,1,3,4,4,1,0,1,0,8,5.0,0.667,0.667,0.0,0.0,5.5,17.9,11.4,20.7,2.2,0.0,14.3,14.7,130.0,115.0,2.9,4122c07c-28ef-44ec-8b21-3ad1b32f738b,DEN,PHO,Away,119,111,1
Julian Strawther,1,18.116666666666667,4,9,0.444,3,8,0.375,0,0,0.0,0,3,3,0,0,1,0,2,11,0.0,0.611,0.611,0.889,0.0,0.0,22.1,10.6,0.0,0.0,4.6,0.0,23.3,105.0,116.0,-1.8,4122c07c-28ef-44ec-8b21-3ad1b32f738b,DEN,PHO,Away,119,111,1
DeAndre Jordan,1,13.083333333333334,1,1,1.0,0,0,0.0,0,1,0.0,0,2,2,0,0,0,2,2,2,2.0,0.694,1.0,0.0,1.0,0.0,20.4,9.8,0.0,0.0,0.0,58.1,12.3,38.0,120.0,-16.9,4122c07c-28ef-44ec-8b21-3ad1b32f738b,DEN,PHO,Away,119,111,1
Collin Gillespie,0,0.0,0,0,0.0,0,0,0.0,0,0,0.0,0,0,0,0,0,0,0,0,0,0.0,0.0,0.0,0.0,0.0,0.0,0.0,0.0,0.0,0.0,0.0,0.0,0.0,0.0,0.0,0.0,4122c07c-28ef-44ec-8b21-3ad1b32f738b,DEN,PHO,Away,119,111,1
Braxton Key,0,0.0,0,0,0.0,0,0,0.0,0,0,0.0,0,0,0,0,0,0,0,0,0,0.0,0.0,0.0,0.0,0.0,0.0,0.0,0.0,0.0,0.0,0.0,0.0,0.0,0.0,0.0,0.0,4122c07c-28ef-44ec-8b21-3ad1b32f738b,DEN,PHO,Away,119,111,1
Zeke Nnaji,0,0.0,0,0,0.0,0,0,0.0,0,0,0.0,0,0,0,0,0,0,0,0,0,0.0,0.0,0.0,0.0,0.0,0.0,0.0,0.0,0.0,0.0,0.0,0.0,0.0,0.0,0.0,0.0,4122c07c-28ef-44ec-8b21-3ad1b32f738b,DEN,PHO,Away,119,111,1
Nikola Jokić,1,38.16666666666666,13,23,0.565,1,4,0.25,9,12,0.75,2,11,13,14,2,1,0,3,36,11.0,0.636,0.587,0.174,0.522,5.5,29.4,17.6,53.9,2.4,1.9,0.0,30.2,143.0,112.0,21.4,e7cd361f-cdef-4ca1-bbd3-01ce2a3935f9,DEN,SAC,Away,117,123,0
Kentavious Caldwell-Pope,1,38.0,4,12,0.333,0,3,0.0,1,2,0.5,0,5,5,3,4,0,4,1,9,9.0,0.349,0.333,0.25,0.167,0.0,13.4,6.8,8.6,4.7,0.0,23.7,18.1,60.0,111.0,-9.4,e7cd361f-cdef-4ca1-bbd3-01ce2a3935f9,DEN,SAC,Away,117,123,0
Reggie Jackson,1,33.38333333333333,9,18,0.5,2,6,0.333,0,0,0.0,0,1,1,8,1,0,2,3,20,-14.0,0.556,0.556,0.333,0.0,0.0,3.1,1.5,31.9,1.3,0.0,10.0,24.4,108.0,121.0,-1.0,e7cd361f-cdef-4ca1-bbd3-01ce2a3935f9,DEN,SAC,Away,117,123,0
Aaron Gordon,1,32.666666666666664,8,13,0.615,1,3,0.333,0,0,0.0,4,3,7,3,0,1,1,1,17,-11.0,0.654,0.654,0.231,0.0,12.8,9.4,11.1,11.8,0.0,2.3,7.1,17.5,129.0,121.0,1.4,e7cd361f-cdef-4ca1-bbd3-01ce2a3935f9,DEN,SAC,Away,117,123,0
Michael Porter Jr.,1,32.56666666666667,6,12,0.5,1,5,0.2,0,0,0.0,0,8,8,2,0,2,1,1,13,-6.0,0.542,0.542,0.417,0.0,0.0,25.1,12.7,7.3,0.0,4.5,7.7,16.3,99.0,116.0,-2.9,e7cd361f-cdef-4ca1-bbd3-01ce2a3935f9,DEN,SAC,Away,117,123,0
Christian Braun,1,17.05,5,10,0.5,1,2,0.5,0,0,0.0,0,3,3,2,1,1,1,1,11,0.0,0.55,0.55,0.2,0.0,0.0,18.0,9.1,16.1,2.6,4.3,9.1,26.3,99.0,111.0,2.5,e7cd361f-cdef-4ca1-bbd3-01ce2a3935f9,DEN,SAC,Away,117,123,0
Peyton Watson,1,14.05,1,1,1.0,0,0,0.0,2,2,1.0,0,1,1,1,1,2,0,2,4,8.0,1.064,1.0,0.0,2.0,0.0,7.3,3.7,7.5,3.2,10.5,0.0,5.5,225.0,106.0,6.5,e7cd361f-cdef-4ca1-bbd3-01ce2a3935f9,DEN,SAC,Away,117,123,0
Julian Strawther,1,12.383333333333333,1,3,0.333,0,2,0.0,1,2,0.5,0,1,1,2,0,0,0,0,3,-7.0,0.387,0.333,0.667,0.667,0.0,8.2,4.2,17.2,0.0,0.0,0.0,12.8,99.0,123.0,-6.2,e7cd361f-cdef-4ca1-bbd3-01ce2a3935f9,DEN,SAC,Away,117,123,0
Justin Holiday,1,11.9,0,1,0.0,0,0,0.0,0,0,0.0,0,3,3,0,0,0,0,2,0,-3.0,0.0,0.0,0.0,0.0,0.0,25.7,13.0,0.0,0.0,0.0,0.0,3.4,0.0,119.0,-15.0,e7cd361f-cdef-4ca1-bbd3-01ce2a3935f9,DEN,SAC,Away,117,123,0
DeAndre Jordan,1,9.833333333333334,2,6,0.333,0,0,0.0,0,2,0.0,2,2,4,0,0,0,1,0,4,-17.0,0.291,0.333,0.0,0.333,21.2,20.8,21.0,0.0,0.0,0.0,12.7,32.7,65.0,121.0,-20.6,e7cd361f-cdef-4ca1-bbd3-01ce2a3935f9,DEN,SAC,Away,117,123,0
Collin Gillespie,0,0.0,0,0,0.0,0,0,0.0,0,0,0.0,0,0,0,0,0,0,0,0,0,0.0,0.0,0.0,0.0,0.0,0.0,0.0,0.0,0.0,0.0,0.0,0.0,0.0,0.0,0.0,0.0,e7cd361f-cdef-4ca1-bbd3-01ce2a3935f9,DEN,SAC,Away,117,123,0
Braxton Key,0,0.0,0,0,0.0,0,0,0.0,0,0,0.0,0,0,0,0,0,0,0,0,0,0.0,0.0,0.0,0.0,0.0,0.0,0.0,0.0,0.0,0.0,0.0,0.0,0.0,0.0,0.0,0.0,e7cd361f-cdef-4ca1-bbd3-01ce2a3935f9,DEN,SAC,Away,117,123,0
Zeke Nnaji,0,0.0,0,0,0.0,0,0,0.0,0,0,0.0,0,0,0,0,0,0,0,0,0,0.0,0.0,0.0,0.0,0.0,0.0,0.0,0.0,0.0,0.0,0.0,0.0,0.0,0.0,0.0,0.0,e7cd361f-cdef-4ca1-bbd3-01ce2a3935f9,DEN,SAC,Away,117,123,0
Nikola Jokić,1,37.11666666666667,9,32,0.281,2,7,0.286,2,2,1.0,5,10,15,10,1,0,4,2,22,1.0,0.335,0.313,0.219,0.063,12.4,28.7,20.0,44.0,1.4,0.0,10.8,42.2,85.0,114.0,-0.3,9e90ca02-1a80-4e76-865b-6a041388c8d0,DEN,LAC,Away,102,111,0
Kentavious Caldwell-Pope,1,34.166666666666664,1,4,0.25,1,3,0.333,0,0,0.0,0,1,1,3,1,0,0,1,3,2.0,0.375,0.375,0.75,0.0,0.0,3.1,1.4,10.6,1.5,0.0,0.0,5.0,109.0,123.0,-5.5,9e90ca02-1a80-4e76-865b-6a041388c8d0,DEN,LAC,Away,102,111,0
Michael Porter Jr.,1,33.56666666666667,7,8,0.875,4,5,0.8,0,0,0.0,3,6,9,0,0,1,2,2,18,4.0,1.125,1.125,0.625,0.0,8.2,19.1,13.3,0.0,0.0,2.4,20.0,12.7,152.0,119.0,7.0,9e90ca02-1a80-4e76-865b-6a041388c8d0,DEN,LAC,Away,102,111,0
Aaron Gordon,1,31.25,4,9,0.444,0,0,0.0,0,0,0.0,2,4,6,2,2,0,0,2,8,6.0,0.444,0.444,0.0,0.0,5.9,13.7,9.5,8.8,3.2,0.0,0.0,12.2,110.0,115.0,-2.2,9e90ca02-1a80-4e76-865b-6a041388c8d0,DEN,LAC,Away,102,111,0
Jamal Murray,1,29.183333333333334,10,18,0.556,2,7,0.286,1,1,1.0,0,0,0,6,1,1,1,4,23,2.0,0.624,0.611,0.389,0.056,0.0,0.0,0.0,40.2,1.7,2.7,5.1,28.3,127.0,121.0,10.6,9e90ca02-1a80-4e76-865b-6a041388c8d0,DEN,LAC,Away,102,111,0
Reggie Jackson,1,18.816666666666663,4,10,0.4,3,4,0.75,3,4,0.75,0,1,1,3,1,0,2,1,14,-11.0,0.595,0.55,0.4,0.4,0.0,5.7,2.6,24.8,2.7,0.0,14.5,31.1,109.0,119.0,5.8,9e90ca02-1a80-4e76-865b-6a041388c8d0,DEN,LAC,Away,102,111,0
Peyton Watson,1,16.3,0,3,0.0,0,2,0.0,2,2,1.0,0,3,3,3,1,1,1,1,2,-15.0,0.258,0.0,0.667,0.667,0.0,19.6,9.1,21.5,3.1,4.9,20.5,12.7,75.0,110.0,-0.8,9e90ca02-1a80-4e76-865b-6a041388c8d0,DEN,LAC,Away,102,111,0
Christian Braun,1,15.983333333333333,4,6,0.667,0,1,0.0,0,0,0.0,1,4,5,0,0,1,0,3,8,-17.0,0.667,0.667,0.167,0.0,5.8,26.7,15.5,0.0,0.0,5.0,0.0,16.0,134.0,114.0,1.1,9e90ca02-1a80-4e76-865b-6a041388c8d0,DEN,LAC,Away,102,111,0
Julian Strawther,1,12.883333333333333,0,2,0.0,0,2,0.0,0,0,0.0,0,1,1,2,0,0,1,4,0,-9.0,0.0,0.0,1.0,0.0,0.0,8.3,3.8,18.2,0.0,0.0,33.3,9.9,36.0,123.0,-18.4,9e90ca02-1a80-4e76-865b-6a041388c8d0,DEN,LAC,Away,102,111,0
DeAndre Jordan,1,10.733333333333333,2,6,0.333,0,0,0.0,0,0,0.0,3,2,5,0,0,1,0,0,4,-8.0,0.333,0.333,0.0,0.0,25.8,19.9,23.1,0.0,0.0,7.5,0.0,23.8,94.0,115.0,-6.3,9e90ca02-1a80-4e76-865b-6a041388c8d0,DEN,LAC,Away,102,111,0
Collin Gillespie,0,0.0,0,0,0.0,0,0,0.0,0,0,0.0,0,0,0,0,0,0,0,0,0,0.0,0.0,0.0,0.0,0.0,0.0,0.0,0.0,0.0,0.0,0.0,0.0,0.0,0.0,0.0,0.0,9e90ca02-1a80-4e76-865b-6a041388c8d0,DEN,LAC,Away,102,111,0
Justin Holiday,0,0.0,0,0,0.0,0,0,0.0,0,0,0.0,0,0,0,0,0,0,0,0,0,0.0,0.0,0.0,0.0,0.0,0.0,0.0,0.0,0.0,0.0,0.0,0.0,0.0,0.0,0.0,0.0,9e90ca02-1a80-4e76-865b-6a041388c8d0,DEN,LAC,Away,102,111,0
Braxton Key,0,0.0,0,0,0.0,0,0,0.0,0,0,0.0,0,0,0,0,0,0,0,0,0,0.0,0.0,0.0,0.0,0.0,0.0,0.0,0.0,0.0,0.0,0.0,0.0,0.0,0.0,0.0,0.0,9e90ca02-1a80-4e76-865b-6a041388c8d0,DEN,LAC,Away,102,111,0
Zeke Nnaji,0,0.0,0,0,0.0,0,0,0.0,0,0,0.0,0,0,0,0,0,0,0,0,0,0.0,0.0,0.0,0.0,0.0,0.0,0.0,0.0,0.0,0.0,0.0,0.0,0.0,0.0,0.0,0.0,9e90ca02-1a80-4e76-865b-6a041388c8d0,DEN,LAC,Away,102,111,0
Michael Porter Jr.,1,39.6,8,12,0.667,3,6,0.5,1,1,1.0,1,7,8,0,0,2,2,3,20,11.0,0.804,0.792,0.5,0.083,2.5,18.4,10.3,0.0,0.0,5.6,13.9,15.6,131.0,118.0,3.4,510d45fc-54a0-4325-a409-25c3cb469504,DEN,HOU,Home,106,114,0
Nikola Jokić,1,34.36666666666667,9,26,0.346,1,2,0.5,4,7,0.571,7,9,16,5,0,2,3,5,23,3.0,0.395,0.365,0.077,0.269,20.4,27.3,23.8,27.5,0.0,6.5,9.4,40.0,93.0,114.0,-0.1,510d45fc-54a0-4325-a409-25c3cb469504,DEN,HOU,Home,106,114,0
Jamal Murray,1,31.666666666666668,6,17,0.353,4,8,0.5,5,5,1.0,0,5,5,3,0,0,1,2,21,4.0,0.547,0.471,0.471,0.294,0.0,16.5,8.1,15.7,0.0,0.0,5.0,27.4,115.0,121.0,2.1,510d45fc-54a0-4325-a409-25c3cb469504,DEN,HOU,Home,106,114,0
Kentavious Caldwell-Pope,1,25.066666666666663,5,6,0.833,2,3,0.667,2,2,1.0,0,0,0,0,0,1,0,1,14,-16.0,1.017,1.0,0.5,0.333,0.0,0.0,0.0,0.0,0.0,4.5,0.0,11.8,202.0,124.0,8.5,510d45fc-54a0-4325-a409-25c3cb469504,DEN,HOU,Home,106,114,0
Aaron Gordon,1,22.4,1,5,0.2,0,2,0.0,1,5,0.2,1,5,6,3,0,0,1,1,3,-12.0,0.208,0.2,0.4,1.0,4.5,23.3,13.7,17.9,0.0,0.0,12.2,15.7,63.0,119.0,-9.5,510d45fc-54a0-4325-a409-25c3cb469504,DEN,HOU,Home,106,114,0
Peyton Watson,1,25.6,4,9,0.444,0,1,0.0,5,5,1.0,1,3,4,2,0,0,1,3,13,4.0,0.58,0.444,0.111,0.556,3.9,12.2,8.0,12.3,0.0,0.0,8.2,20.4,122.0,122.0,-1.4,510d45fc-54a0-4325-a409-25c3cb469504,DEN,HOU,Home,106,114,0
Reggie Jackson,1,24.616666666666667,2,8,0.25,0,4,0.0,2,2,1.0,1,2,3,6,0,0,0,2,6,4.0,0.338,0.25,0.5,0.25,4.1,8.5,6.2,34.3,0.0,0.0,0.0,15.5,107.0,124.0,-3.7,510d45fc-54a0-4325-a409-25c3cb469504,DEN,HOU,Home,106,114,0
Christian Braun,1,14.05,1,4,0.25,0,2,0.0,0,0,0.0,0,1,1,1,2,0,1,3,2,-9.0,0.25,0.25,0.5,0.0,0.0,7.4,3.6,9.9,7.1,0.0,20.0,15.3,52.0,107.0,-8.0,510d45fc-54a0-4325-a409-25c3cb469504,DEN,HOU,Home,106,114,0
DeAndre Jordan,1,12.266666666666667,1,2,0.5,0,0,0.0,0,0,0.0,1,3,4,2,1,0,1,2,2,-2.0,0.5,0.5,0.0,0.0,8.2,25.5,16.7,23.0,4.1,0.0,33.3,10.5,100.0,109.0,1.5,510d45fc-54a0-4325-a409-25c3cb469504,DEN,HOU,Home,106,114,0
Justin Holiday,1,6.0,1,1,1.0,0,0,0.0,0,0,0.0,0,0,0,0,1,0,0,1,2,-12.0,1.0,1.0,0.0,0.0,0.0,0.0,0.0,0.0,8.3,0.0,0.0,7.2,200.0,107.0,7.5,510d45fc-54a0-4325-a409-25c3cb469504,DEN,HOU,Home,106,114,0
Julian Strawther,1,4.316666666666666,0,0,0.0,0,0,0.0,0,0,0.0,0,0,0,0,0,0,0,1,0,-15.0,0.0,0.0,0.0,0.0,0.0,0.0,0.0,0.0,0.0,0.0,0.0,0.0,0.0,126.0,-11.8,510d45fc-54a0-4325-a409-25c3cb469504,DEN,HOU,Home,106,114,0
Zeke Nnaji,0,0.0,0,0,0.0,0,0,0.0,0,0,0.0,0,0,0,0,0,0,0,0,0,0.0,0.0,0.0,0.0,0.0,0.0,0.0,0.0,0.0,0.0,0.0,0.0,0.0,0.0,0.0,0.0,510d45fc-54a0-4325-a409-25c3cb469504,DEN,HOU,Home,106,114,0
Jalen Pickett,0,0.0,0,0,0.0,0,0,0.0,0,0,0.0,0,0,0,0,0,0,0,0,0,0.0,0.0,0.0,0.0,0.0,0.0,0.0,0.0,0.0,0.0,0.0,0.0,0.0,0.0,0.0,0.0,510d45fc-54a0-4325-a409-25c3cb469504,DEN,HOU,Home,106,114,0
Hunter Tyson,0,0.0,0,0,0.0,0,0,0.0,0,0,0.0,0,0,0,0,0,0,0,0,0,0.0,0.0,0.0,0.0,0.0,0.0,0.0,0.0,0.0,0.0,0.0,0.0,0.0,0.0,0.0,0.0,510d45fc-54a0-4325-a409-25c3cb469504,DEN,HOU,Home,106,114,0
Nikola Jokić,1,36.016666666666666,9,13,0.692,1,1,1.0,6,7,0.857,2,6,8,9,3,2,1,3,25,8.0,0.777,0.731,0.077,0.538,7.4,16.7,12.7,34.3,4.1,5.1,5.9,19.5,170.0,117.0,17.0,7fd4723a-7d32-4703-89d8-7b7bcf2d4354,DEN,ATL,Away,129,122,1
Kentavious Caldwell-Pope,1,29.78333333333333,1,6,0.167,0,2,0.0,6,8,0.75,0,3,3,2,0,1,2,2,8,11.0,0.42,0.167,0.333,1.333,0.0,10.1,5.8,7.1,0.0,3.1,17.4,15.9,92.0,130.0,-12.1,7fd4723a-7d32-4703-89d8-7b7bcf2d4354,DEN,ATL,Away,129,122,1
Jamal Murray,1,28.966666666666665,12,15,0.8,4,5,0.8,1,1,1.0,1,8,9,4,1,2,6,1,29,14.0,0.939,0.933,0.333,0.067,4.6,27.6,17.8,24.4,1.7,6.4,28.0,30.4,126.0,118.0,14.0,7fd4723a-7d32-4703-89d8-7b7bcf2d4354,DEN,ATL,Away,129,122,1
Aaron Gordon,1,28.55,7,10,0.7,0,0,0.0,4,5,0.8,7,5,12,1,0,0,2,2,18,9.0,0.738,0.7,0.0,0.5,32.7,17.5,24.0,4.8,0.0,0.0,14.1,20.4,146.0,130.0,0.4,7fd4723a-7d32-4703-89d8-7b7bcf2d4354,DEN,ATL,Away,129,122,1
Michael Porter Jr.,1,26.4,1,11,0.091,0,4,0.0,1,2,0.5,2,5,7,3,0,0,1,3,3,12.0,0.126,0.091,0.364,0.182,10.1,18.9,15.2,12.1,0.0,0.0,7.8,20.1,62.0,129.0,-21.0,7fd4723a-7d32-4703-89d8-7b7bcf2d4354,DEN,ATL,Away,129,122,1
Julian Strawther,1,28.23333333333333,8,16,0.5,6,11,0.545,0,0,0.0,0,1,1,2,5,0,2,1,22,-4.0,0.688,0.688,0.688,0.0,0.0,3.5,2.0,10.2,8.6,0.0,11.1,26.2,130.0,114.0,11.1,7fd4723a-7d32-4703-89d8-7b7bcf2d4354,DEN,ATL,Away,129,122,1
Peyton Watson,1,20.23333333333333,1,2,0.5,0,0,0.0,1,2,0.5,1,1,2,0,0,1,0,2,3,-7.0,0.521,0.5,0.0,1.0,6.6,4.9,5.6,0.0,0.0,4.6,0.0,5.9,130.0,131.0,-7.0,7fd4723a-7d32-4703-89d8-7b7bcf2d4354,DEN,ATL,Away,129,122,1
Reggie Jackson,1,19.116666666666667,5,10,0.5,1,5,0.2,1,1,1.0,0,1,1,6,0,0,1,0,12,-5.0,0.575,0.55,0.5,0.1,0.0,5.2,3.0,43.7,0.0,0.0,8.7,24.6,136.0,134.0,0.8,7fd4723a-7d32-4703-89d8-7b7bcf2d4354,DEN,ATL,Away,129,122,1
Zeke Nnaji,1,11.983333333333333,1,2,0.5,0,1,0.0,1,1,1.0,1,3,4,1,0,2,1,3,3,-1.0,0.615,0.5,0.5,0.5,11.1,25.0,19.1,9.3,0.0,15.4,29.1,11.8,115.0,117.0,-2.1,7fd4723a-7d32-4703-89d8-7b7bcf2d4354,DEN,ATL,Away,129,122,1
Christian Braun,1,10.666666666666666,2,3,0.667,0,0,0.0,2,2,1.0,0,2,2,1,0,0,0,2,6,-2.0,0.773,0.667,0.0,0.667,0.0,18.8,10.7,11.8,0.0,0.0,0.0,15.0,176.0,129.0,0.1,7fd4723a-7d32-4703-89d8-7b7bcf2d4354,DEN,ATL,Away,129,122,1
Justin Holiday,0,0.0,0,0,0.0,0,0,0.0,0,0,0.0,0,0,0,0,0,0,0,0,0,0.0,0.0,0.0,0.0,0.0,0.0,0.0,0.0,0.0,0.0,0.0,0.0,0.0,0.0,0.0,0.0,7fd4723a-7d32-4703-89d8-7b7bcf2d4354,DEN,ATL,Away,129,122,1
DeAndre Jordan,0,0.0,0,0,0.0,0,0,0.0,0,0,0.0,0,0,0,0,0,0,0,0,0,0.0,0.0,0.0,0.0,0.0,0.0,0.0,0.0,0.0,0.0,0.0,0.0,0.0,0.0,0.0,0.0,7fd4723a-7d32-4703-89d8-7b7bcf2d4354,DEN,ATL,Away,129,122,1
Jalen Pickett,0,0.0,0,0,0.0,0,0,0.0,0,0,0.0,0,0,0,0,0,0,0,0,0,0.0,0.0,0.0,0.0,0.0,0.0,0.0,0.0,0.0,0.0,0.0,0.0,0.0,0.0,0.0,0.0,7fd4723a-7d32-4703-89d8-7b7bcf2d4354,DEN,ATL,Away,129,122,1
Hunter Tyson,0,0.0,0,0,0.0,0,0,0.0,0,0,0.0,0,0,0,0,0,0,0,0,0,0.0,0.0,0.0,0.0,0.0,0.0,0.0,0.0,0.0,0.0,0.0,0.0,0.0,0.0,0.0,0.0,7fd4723a-7d32-4703-89d8-7b7bcf2d4354,DEN,ATL,Away,129,122,1
Aaron Gordon,1,32.333333333333336,6,13,0.462,1,2,0.5,1,2,0.5,5,2,7,6,0,0,0,1,14,8.0,0.504,0.5,0.154,0.154,16.5,7.1,11.9,29.6,0.0,0.0,0.0,19.2,139.0,122.0,2.8,0a291870-838b-403b-99bc-09e53df57220,DEN,CHI,Away,114,106,1
Reggie Jackson,1,31.633333333333333,9,16,0.563,5,8,0.625,2,2,1.0,0,2,2,6,0,0,2,4,25,11.0,0.741,0.719,0.5,0.125,0.0,7.2,3.5,35.9,0.0,0.0,10.6,26.8,141.0,122.0,6.8,0a291870-838b-403b-99bc-09e53df57220,DEN,CHI,Away,114,106,1
Michael Porter Jr.,1,31.633333333333333,6,16,0.375,2,8,0.25,3,4,0.75,0,7,7,0,1,0,0,1,17,3.0,0.479,0.438,0.5,0.25,0.0,25.3,12.2,0.0,1.7,0.0,0.0,25.2,106.0,112.0,-5.5,0a291870-838b-403b-99bc-09e53df57220,DEN,CHI,Away,114,106,1
Nikola Jokić,1,16.4,2,5,0.4,0,0,0.0,0,0,0.0,3,6,9,6,0,0,0,1,4,5.0,0.4,0.4,0.0,0.0,19.5,41.8,30.3,53.0,0.0,0.0,0.0,13.7,150.0,110.0,8.9,0a291870-838b-403b-99bc-09e53df57220,DEN,CHI,Away,114,106,1
Kentavious Caldwell-Pope,1,12.533333333333331,2,4,0.5,0,0,0.0,0,0,0.0,0,1,1,0,0,0,0,2,4,10.0,0.5,0.5,0.0,0.0,0.0,9.1,4.4,0.0,0.0,0.0,0.0,14.3,105.0,121.0,-11.8,0a291870-838b-403b-99bc-09e53df57220,DEN,CHI,Away,114,106,1
DeAndre Jordan,1,24.516666666666666,2,4,0.5,0,0,0.0,5,10,0.5,4,6,10,2,1,2,2,5,9,-6.0,0.536,0.5,0.0,2.5,17.4,28.0,22.5,11.2,2.1,8.5,19.2,19.0,112.0,105.0,-2.4,0a291870-838b-403b-99bc-09e53df57220,DEN,CHI,Away,114,106,1
Julian Strawther,1,22.8,4,9,0.444,2,5,0.4,6,8,0.75,0,6,6,3,1,0,2,1,16,12.0,0.639,0.556,0.556,0.889,0.0,30.1,14.5,20.7,2.3,0.0,13.8,28.5,123.0,108.0,4.1,0a291870-838b-403b-99bc-09e53df57220,DEN,CHI,Away,114,106,1
Christian Braun,1,22.78333333333333,4,6,0.667,2,4,0.5,3,4,0.75,1,1,2,2,0,1,3,1,13,-14.0,0.838,0.833,0.667,0.667,4.7,5.0,4.8,13.8,0.0,4.6,27.9,21.2,119.0,120.0,3.1,0a291870-838b-403b-99bc-09e53df57220,DEN,CHI,Away,114,106,1
Peyton Watson,1,22.716666666666665,1,6,0.167,0,0,0.0,2,2,1.0,1,0,1,1,1,1,1,1,4,7.0,0.291,0.167,0.0,0.333,4.7,0.0,2.4,5.7,2.3,4.6,12.7,15.5,76.0,116.0,-10.1,0a291870-838b-403b-99bc-09e53df57220,DEN,CHI,Away,114,106,1
Justin Holiday,1,22.633333333333333,3,4,0.75,2,3,0.667,0,0,0.0,1,0,1,2,0,0,0,3,8,4.0,1.0,1.0,0.75,0.0,4.7,0.0,2.4,13.0,0.0,0.0,0.0,7.9,203.0,124.0,2.5,0a291870-838b-403b-99bc-09e53df57220,DEN,CHI,Away,114,106,1
Zeke Nnaji,0,0.0,0,0,0.0,0,0,0.0,0,0,0.0,0,0,0,0,0,0,0,0,0,0.0,0.0,0.0,0.0,0.0,0.0,0.0,0.0,0.0,0.0,0.0,0.0,0.0,0.0,0.0,0.0,0a291870-838b-403b-99bc-09e53df57220,DEN,CHI,Away,114,106,1
Jalen Pickett,0,0.0,0,0,0.0,0,0,0.0,0,0,0.0,0,0,0,0,0,0,0,0,0,0.0,0.0,0.0,0.0,0.0,0.0,0.0,0.0,0.0,0.0,0.0,0.0,0.0,0.0,0.0,0.0,0a291870-838b-403b-99bc-09e53df57220,DEN,CHI,Away,114,106,1
Hunter Tyson,0,0.0,0,0,0.0,0,0,0.0,0,0,0.0,0,0,0,0,0,0,0,0,0,0.0,0.0,0.0,0.0,0.0,0.0,0.0,0.0,0.0,0.0,0.0,0.0,0.0,0.0,0.0,0.0,0a291870-838b-403b-99bc-09e53df57220,DEN,CHI,Away,114,106,1
Nikola Jokić,1,29.816666666666663,8,12,0.667,0,2,0.0,10,12,0.833,1,13,14,10,1,0,1,2,26,21.0,0.752,0.667,0.167,1.0,3.4,38.8,22.3,47.2,1.6,0.0,5.5,25.3,162.0,92.0,20.1,49f49360-e4bb-45d4-acea-0b155a7f2666,DEN,BRK,Home,124,101,1
Justin Holiday,1,27.3,1,6,0.167,0,5,0.0,0,0,0.0,0,1,1,2,4,0,1,2,2,20.0,0.167,0.167,0.833,0.0,0.0,3.3,1.7,7.8,7.0,0.0,14.3,10.6,48.0,97.0,-7.6,49f49360-e4bb-45d4-acea-0b155a7f2666,DEN,BRK,Home,124,101,1
Aaron Gordon,1,23.866666666666667,6,9,0.667,0,1,0.0,1,1,1.0,0,3,3,2,1,1,2,0,13,16.0,0.689,0.667,0.111,0.111,0.0,11.2,6.0,11.5,2.0,3.1,17.5,19.8,113.0,103.0,0.8,49f49360-e4bb-45d4-acea-0b155a7f2666,DEN,BRK,Home,124,101,1
Michael Porter Jr.,1,23.416666666666668,3,8,0.375,1,4,0.25,2,2,1.0,2,4,6,1,1,0,0,0,9,11.0,0.507,0.438,0.5,0.25,8.7,15.2,12.2,5.0,2.0,0.0,0.0,15.7,123.0,103.0,-2.3,49f49360-e4bb-45d4-acea-0b155a7f2666,DEN,BRK,Home,124,101,1
Jamal Murray,1,22.383333333333333,7,15,0.467,2,4,0.5,0,0,0.0,0,1,1,2,3,1,0,2,16,9.0,0.533,0.533,0.267,0.0,0.0,4.0,2.1,13.4,6.4,3.3,0.0,27.7,112.0,96.0,6.9,49f49360-e4bb-45d4-acea-0b155a7f2666,DEN,BRK,Home,124,101,1
Peyton Watson,1,24.133333333333333,7,10,0.7,2,5,0.4,2,3,0.667,3,4,7,5,1,1,1,3,18,7.0,0.795,0.8,0.5,0.3,12.7,14.7,13.8,30.1,2.0,3.1,8.1,21.1,157.0,101.0,15.3,49f49360-e4bb-45d4-acea-0b155a7f2666,DEN,BRK,Home,124,101,1
Christian Braun,1,24.016666666666666,4,10,0.4,1,3,0.333,1,1,1.0,1,3,4,2,0,2,1,0,10,7.0,0.479,0.45,0.3,0.1,4.3,11.1,7.9,10.2,0.0,6.1,8.7,19.7,102.0,106.0,-2.8,49f49360-e4bb-45d4-acea-0b155a7f2666,DEN,BRK,Home,124,101,1
Reggie Jackson,1,23.4,4,13,0.308,2,4,0.5,2,2,1.0,0,0,0,4,2,0,1,3,12,8.0,0.432,0.385,0.308,0.154,0.0,0.0,0.0,21.2,4.1,0.0,6.7,26.3,98.0,105.0,-5.2,49f49360-e4bb-45d4-acea-0b155a7f2666,DEN,BRK,Home,124,101,1
Julian Strawther,1,19.85,3,11,0.273,2,6,0.333,0,0,0.0,0,4,4,1,0,0,0,0,8,5.0,0.364,0.364,0.545,0.0,0.0,17.9,9.6,6.1,0.0,0.0,0.0,22.9,82.0,106.0,-11.1,49f49360-e4bb-45d4-acea-0b155a7f2666,DEN,BRK,Home,124,101,1
DeAndre Jordan,1,12.333333333333334,1,2,0.5,0,0,0.0,0,0,0.0,2,2,4,0,0,1,1,2,2,-2.0,0.5,0.5,0.0,0.0,16.6,14.4,15.4,0.0,0.0,6.0,33.3,10.0,97.0,104.0,-11.1,49f49360-e4bb-45d4-acea-0b155a7f2666,DEN,BRK,Home,124,101,1
Zeke Nnaji,1,5.85,2,2,1.0,1,1,1.0,0,0,0.0,3,0,3,1,0,0,0,1,5,4.0,1.25,1.25,0.5,0.0,52.4,0.0,24.4,26.8,0.0,0.0,0.0,14.1,236.0,114.0,25.5,49f49360-e4bb-45d4-acea-0b155a7f2666,DEN,BRK,Home,124,101,1
Jalen Pickett,1,2.216666666666667,1,1,1.0,1,1,1.0,0,0,0.0,0,0,0,1,0,0,0,0,3,6.0,1.5,1.5,1.0,0.0,0.0,0.0,0.0,85.4,0.0,0.0,0.0,18.6,279.0,115.0,49.9,49f49360-e4bb-45d4-acea-0b155a7f2666,DEN,BRK,Home,124,101,1
Hunter Tyson,1,1.4166666666666667,0,0,0.0,0,0,0.0,0,0,0.0,0,1,1,0,0,0,0,0,0,3.0,0.0,0.0,0.0,0.0,0.0,62.7,33.5,0.0,0.0,0.0,0.0,0.0,0.0,84.0,-4.1,49f49360-e4bb-45d4-acea-0b155a7f2666,DEN,BRK,Home,124,101,1
Nikola Jokić,1,37.41666666666666,8,15,0.533,1,2,0.5,7,8,0.875,4,2,6,12,2,0,3,3,24,-9.0,0.648,0.567,0.133,0.533,10.9,6.6,9.0,48.5,2.7,0.0,13.9,24.5,140.0,123.0,14.7,20dd8173-503d-40cc-829f-7ca48f0404c3,DEN,OKC,Home,117,118,0
Aaron Gordon,1,32.85,5,10,0.5,0,0,0.0,6,7,0.857,6,3,9,5,2,0,0,2,16,-7.0,0.612,0.5,0.0,0.7,18.7,11.2,15.3,21.1,3.1,0.0,0.0,17.0,159.0,121.0,10.1,20dd8173-503d-40cc-829f-7ca48f0404c3,DEN,OKC,Home,117,118,0
Michael Porter Jr.,1,32.416666666666664,8,18,0.444,4,8,0.5,0,0,0.0,0,11,11,0,0,0,1,0,20,1.0,0.556,0.556,0.444,0.0,0.0,41.8,18.9,0.0,0.0,0.0,5.3,25.0,107.0,122.0,0.2,20dd8173-503d-40cc-829f-7ca48f0404c3,DEN,OKC,Home,117,118,0
Jamal Murray,1,27.516666666666666,5,13,0.385,0,6,0.0,5,5,1.0,1,1,2,5,0,0,1,4,15,-3.0,0.493,0.385,0.462,0.385,3.7,4.5,4.1,26.2,0.0,0.0,6.2,25.1,119.0,129.0,-3.7,20dd8173-503d-40cc-829f-7ca48f0404c3,DEN,OKC,Home,117,118,0
Justin Holiday,1,25.433333333333334,2,4,0.5,2,3,0.667,0,0,0.0,0,1,1,2,0,0,1,0,6,-8.0,0.75,0.75,0.75,0.0,0.0,4.8,2.2,9.9,0.0,0.0,20.0,8.4,124.0,129.0,-1.2,20dd8173-503d-40cc-829f-7ca48f0404c3,DEN,OKC,Home,117,118,0
Christian Braun,1,25.383333333333333,5,10,0.5,2,5,0.4,2,2,1.0,0,2,2,1,1,0,1,3,14,1.0,0.643,0.6,0.5,0.2,0.0,9.7,4.4,5.8,2.0,0.0,8.4,20.0,123.0,124.0,0.9,20dd8173-503d-40cc-829f-7ca48f0404c3,DEN,OKC,Home,117,118,0
Reggie Jackson,1,21.65,3,10,0.3,1,4,0.25,0,0,0.0,1,2,3,3,0,0,1,4,7,4.0,0.35,0.35,0.4,0.0,4.7,11.4,7.7,18.8,0.0,0.0,9.1,21.7,89.0,128.0,-11.5,20dd8173-503d-40cc-829f-7ca48f0404c3,DEN,OKC,Home,117,118,0
Peyton Watson,1,16.3,5,8,0.625,2,2,1.0,1,2,0.5,1,3,4,0,0,0,1,5,13,3.0,0.732,0.75,0.25,0.25,6.3,22.7,13.7,0.0,0.0,0.0,10.1,25.8,125.0,125.0,0.8,20dd8173-503d-40cc-829f-7ca48f0404c3,DEN,OKC,Home,117,118,0
Julian Strawther,1,14.716666666666669,0,3,0.0,0,2,0.0,0,0,0.0,0,1,1,1,0,0,0,0,0,8.0,0.0,0.0,0.667,0.0,0.0,8.4,3.8,7.8,0.0,0.0,0.0,8.7,26.0,128.0,-12.7,20dd8173-503d-40cc-829f-7ca48f0404c3,DEN,OKC,Home,117,118,0
DeAndre Jordan,1,6.3,1,2,0.5,0,0,0.0,0,0,0.0,3,4,7,1,0,0,0,1,2,5.0,0.5,0.5,0.0,0.0,48.6,78.1,62.0,22.2,0.0,0.0,0.0,13.5,161.0,115.0,8.8,20dd8173-503d-40cc-829f-7ca48f0404c3,DEN,OKC,Home,117,118,0
Collin Gillespie,0,0.0,0,0,0.0,0,0,0.0,0,0,0.0,0,0,0,0,0,0,0,0,0,0.0,0.0,0.0,0.0,0.0,0.0,0.0,0.0,0.0,0.0,0.0,0.0,0.0,0.0,0.0,0.0,20dd8173-503d-40cc-829f-7ca48f0404c3,DEN,OKC,Home,117,118,0
Braxton Key,0,0.0,0,0,0.0,0,0,0.0,0,0,0.0,0,0,0,0,0,0,0,0,0,0.0,0.0,0.0,0.0,0.0,0.0,0.0,0.0,0.0,0.0,0.0,0.0,0.0,0.0,0.0,0.0,20dd8173-503d-40cc-829f-7ca48f0404c3,DEN,OKC,Home,117,118,0
Zeke Nnaji,0,0.0,0,0,0.0,0,0,0.0,0,0,0.0,0,0,0,0,0,0,0,0,0,0.0,0.0,0.0,0.0,0.0,0.0,0.0,0.0,0.0,0.0,0.0,0.0,0.0,0.0,0.0,0.0,20dd8173-503d-40cc-829f-7ca48f0404c3,DEN,OKC,Home,117,118,0
Nikola Jokić,1,27.83333333333333,3,8,0.375,0,1,0.0,2,2,1.0,1,8,9,7,2,0,2,2,8,16.0,0.45,0.375,0.125,0.25,4.7,26.5,17.4,27.5,3.7,0.0,18.4,17.9,112.0,101.0,1.2,aba7340f-1575-4968-a964-23548cd9e4f2,DEN,DAL,Home,130,104,1
Kentavious Caldwell-Pope,1,26.433333333333334,4,6,0.667,1,2,0.5,0,0,0.0,1,2,3,2,0,0,0,0,9,17.0,0.75,0.75,0.333,0.0,4.9,7.0,6.1,8.7,0.0,0.0,0.0,10.4,164.0,118.0,0.6,aba7340f-1575-4968-a964-23548cd9e4f2,DEN,DAL,Home,130,104,1
Jamal Murray,1,24.75,8,14,0.571,4,4,1.0,2,2,1.0,0,4,4,2,1,1,2,1,22,18.0,0.739,0.714,0.286,0.143,0.0,14.9,8.7,11.6,2.1,3.6,11.8,31.3,129.0,107.0,8.6,aba7340f-1575-4968-a964-23548cd9e4f2,DEN,DAL,Home,130,104,1
Aaron Gordon,1,24.25,7,9,0.778,2,3,0.667,5,6,0.833,1,4,5,5,1,0,0,1,21,18.0,0.902,0.889,0.333,0.667,5.3,15.2,11.1,28.2,2.1,0.0,0.0,22.0,192.0,109.0,20.2,aba7340f-1575-4968-a964-23548cd9e4f2,DEN,DAL,Home,130,104,1
Michael Porter Jr.,1,22.683333333333334,3,8,0.375,2,3,0.667,0,0,0.0,2,2,4,1,0,0,2,1,8,13.0,0.5,0.5,0.375,0.0,11.4,8.1,9.5,5.0,0.0,0.0,20.0,20.2,97.0,117.0,-9.3,aba7340f-1575-4968-a964-23548cd9e4f2,DEN,DAL,Home,130,104,1
Peyton Watson,1,23.75,3,5,0.6,2,3,0.667,2,4,0.5,1,6,7,3,1,1,0,1,10,8.0,0.74,0.8,0.6,0.8,5.5,23.3,15.9,14.1,2.1,3.7,0.0,13.1,164.0,104.0,10.6,aba7340f-1575-4968-a964-23548cd9e4f2,DEN,DAL,Home,130,104,1
Julian Strawther,1,21.066666666666663,5,10,0.5,2,4,0.5,0,0,0.0,0,3,3,2,1,0,0,1,12,9.0,0.6,0.6,0.4,0.0,0.0,13.1,7.7,12.1,2.4,0.0,0.0,21.8,129.0,109.0,1.8,aba7340f-1575-4968-a964-23548cd9e4f2,DEN,DAL,Home,130,104,1
Zeke Nnaji,1,20.166666666666668,5,8,0.625,0,2,0.0,4,4,1.0,2,2,4,2,1,1,1,4,14,10.0,0.717,0.625,0.25,0.5,12.9,9.2,10.7,12.8,2.5,4.4,9.3,24.5,147.0,106.0,3.9,aba7340f-1575-4968-a964-23548cd9e4f2,DEN,DAL,Home,130,104,1
Christian Braun,1,20.15,2,4,0.5,0,1,0.0,2,3,0.667,0,4,4,1,0,0,1,4,6,19.0,0.564,0.5,0.25,0.75,0.0,18.3,10.7,5.4,0.0,0.0,15.8,14.4,104.0,111.0,-10.1,aba7340f-1575-4968-a964-23548cd9e4f2,DEN,DAL,Home,130,104,1
Reggie Jackson,1,18.58333333333333,9,12,0.75,1,3,0.333,1,1,1.0,0,1,1,4,0,0,0,2,20,14.0,0.804,0.792,0.25,0.083,0.0,5.0,2.9,40.1,0.0,0.0,0.0,30.7,168.0,117.0,12.1,aba7340f-1575-4968-a964-23548cd9e4f2,DEN,DAL,Home,130,104,1
Collin Gillespie,1,5.166666666666667,0,1,0.0,0,0,0.0,0,0,0.0,1,0,1,0,0,0,0,1,0,-6.0,0.0,0.0,0.0,0.0,25.1,0.0,10.4,0.0,0.0,0.0,0.0,8.9,84.0,118.0,-16.1,aba7340f-1575-4968-a964-23548cd9e4f2,DEN,DAL,Home,130,104,1
Justin Holiday,1,5.166666666666667,0,2,0.0,0,0,0.0,0,0,0.0,0,1,1,0,0,1,0,1,0,-6.0,0.0,0.0,0.0,0.0,0.0,17.9,10.4,0.0,0.0,17.2,0.0,17.7,0.0,101.0,-18.1,aba7340f-1575-4968-a964-23548cd9e4f2,DEN,DAL,Home,130,104,1
DeAndre Jordan,0,0.0,0,0,0.0,0,0,0.0,0,0,0.0,0,0,0,0,0,0,0,0,0,0.0,0.0,0.0,0.0,0.0,0.0,0.0,0.0,0.0,0.0,0.0,0.0,0.0,0.0,0.0,0.0,aba7340f-1575-4968-a964-23548cd9e4f2,DEN,DAL,Home,130,104,1
Nikola Jokić,1,38.1,13,23,0.565,3,5,0.6,2,3,0.667,5,10,15,6,0,2,2,2,31,15.0,0.637,0.63,0.217,0.13,13.7,30.7,21.7,23.2,0.0,4.0,7.6,30.4,135.0,112.0,11.1,6a0adc52-a47a-421e-a658-7f4325526eb4,DEN,TOR,Away,113,104,1
Michael Porter Jr.,1,32.63333333333333,5,13,0.385,2,7,0.286,0,0,0.0,1,5,6,2,1,0,0,1,12,10.0,0.462,0.462,0.538,0.0,3.2,17.9,10.1,7.1,1.6,0.0,0.0,17.5,113.0,115.0,-4.9,6a0adc52-a47a-421e-a658-7f4325526eb4,DEN,TOR,Away,113,104,1
Jamal Murray,1,32.06666666666667,9,22,0.409,2,7,0.286,0,0,0.0,1,4,5,6,1,2,2,2,20,12.0,0.455,0.455,0.318,0.0,3.3,14.6,8.6,25.3,1.6,4.8,8.3,32.9,104.0,112.0,-0.5,6a0adc52-a47a-421e-a658-7f4325526eb4,DEN,TOR,Away,113,104,1
Kentavious Caldwell-Pope,1,31.75,4,5,0.8,2,3,0.667,0,0,0.0,0,2,2,3,2,2,0,2,10,15.0,1.0,1.0,0.6,0.0,0.0,7.4,3.5,10.6,3.3,4.8,0.0,6.9,204.0,110.0,7.4,6a0adc52-a47a-421e-a658-7f4325526eb4,DEN,TOR,Away,113,104,1
Aaron Gordon,1,30.183333333333334,6,9,0.667,0,1,0.0,0,0,0.0,3,2,5,2,0,0,1,1,12,14.0,0.667,0.667,0.111,0.0,10.4,7.8,9.1,8.1,0.0,0.0,10.0,14.6,136.0,121.0,-3.8,6a0adc52-a47a-421e-a658-7f4325526eb4,DEN,TOR,Away,113,104,1
Peyton Watson,1,17.816666666666666,5,6,0.833,1,1,1.0,0,0,0.0,1,3,4,1,1,1,0,1,11,-5.0,0.917,0.917,0.167,0.0,5.9,19.7,12.4,7.6,2.9,4.3,0.0,14.8,187.0,108.0,12.8,6a0adc52-a47a-421e-a658-7f4325526eb4,DEN,TOR,Away,113,104,1
Christian Braun,1,16.883333333333333,1,4,0.25,1,2,0.5,0,0,0.0,1,2,3,2,1,0,0,0,3,-6.0,0.375,0.375,0.5,0.0,6.2,13.9,9.8,12.3,3.1,0.0,0.0,10.4,119.0,113.0,-1.5,6a0adc52-a47a-421e-a658-7f4325526eb4,DEN,TOR,Away,113,104,1
Reggie Jackson,1,16.716666666666665,3,7,0.429,0,3,0.0,1,2,0.5,1,1,2,4,0,0,1,1,7,-5.0,0.444,0.429,0.429,0.286,6.2,7.0,6.6,28.4,0.0,0.0,11.3,23.4,108.0,121.0,-7.2,6a0adc52-a47a-421e-a658-7f4325526eb4,DEN,TOR,Away,113,104,1
Julian Strawther,1,13.95,3,6,0.5,1,4,0.25,0,0,0.0,0,1,1,2,2,0,0,2,7,1.0,0.583,0.583,0.667,0.0,0.0,8.4,4.0,17.8,7.4,0.0,0.0,18.9,136.0,104.0,6.6,6a0adc52-a47a-421e-a658-7f4325526eb4,DEN,TOR,Away,113,104,1
Zeke Nnaji,1,9.9,0,3,0.0,0,0,0.0,0,2,0.0,2,1,3,1,1,2,2,1,0,-6.0,0.0,0.0,0.0,0.667,21.1,11.8,16.7,9.9,5.2,15.4,34.0,26.1,34.0,96.0,-17.7,6a0adc52-a47a-421e-a658-7f4325526eb4,DEN,TOR,Away,113,104,1
Collin Gillespie,0,0.0,0,0,0.0,0,0,0.0,0,0,0.0,0,0,0,0,0,0,0,0,0,0.0,0.0,0.0,0.0,0.0,0.0,0.0,0.0,0.0,0.0,0.0,0.0,0.0,0.0,0.0,0.0,6a0adc52-a47a-421e-a658-7f4325526eb4,DEN,TOR,Away,113,104,1
Justin Holiday,0,0.0,0,0,0.0,0,0,0.0,0,0,0.0,0,0,0,0,0,0,0,0,0,0.0,0.0,0.0,0.0,0.0,0.0,0.0,0.0,0.0,0.0,0.0,0.0,0.0,0.0,0.0,0.0,6a0adc52-a47a-421e-a658-7f4325526eb4,DEN,TOR,Away,113,104,1
DeAndre Jordan,0,0.0,0,0,0.0,0,0,0.0,0,0,0.0,0,0,0,0,0,0,0,0,0,0.0,0.0,0.0,0.0,0.0,0.0,0.0,0.0,0.0,0.0,0.0,0.0,0.0,0.0,0.0,0.0,6a0adc52-a47a-421e-a658-7f4325526eb4,DEN,TOR,Away,113,104,1
Jamal Murray,1,34.25,11,19,0.579,4,6,0.667,6,8,0.75,1,4,5,9,0,2,1,0,32,18.0,0.71,0.684,0.316,0.421,3.6,11.9,8.1,42.6,0.0,5.0,4.3,31.7,148.0,126.0,16.5,206e70fb-48f1-4ecd-beca-d324a220cca7,DEN,BRK,Away,122,117,1
Nikola Jokić,1,34.15,12,17,0.706,2,2,1.0,5,5,1.0,2,9,11,7,3,2,0,4,31,29.0,0.807,0.765,0.118,0.294,7.2,26.9,18.0,35.0,4.5,5.0,0.0,25.9,172.0,110.0,23.7,206e70fb-48f1-4ecd-beca-d324a220cca7,DEN,BRK,Away,122,117,1
Michael Porter Jr.,1,34.1,6,10,0.6,3,5,0.6,0,0,0.0,0,4,4,3,0,1,1,1,15,13.0,0.75,0.75,0.5,0.0,0.0,12.0,6.5,11.6,0.0,2.5,9.1,14.9,135.0,127.0,2.1,206e70fb-48f1-4ecd-beca-d324a220cca7,DEN,BRK,Away,122,117,1
Aaron Gordon,1,32.13333333333333,5,6,0.833,0,0,0.0,8,9,0.889,2,3,5,2,1,0,1,1,18,19.0,0.904,0.833,0.0,1.5,7.7,9.5,8.7,8.0,1.6,0.0,9.1,15.7,175.0,126.0,4.6,206e70fb-48f1-4ecd-beca-d324a220cca7,DEN,BRK,Away,122,117,1
Kentavious Caldwell-Pope,1,30.23333333333333,1,6,0.167,1,2,0.5,0,0,0.0,1,4,5,4,2,0,1,3,3,15.0,0.25,0.25,0.333,0.0,4.1,13.5,9.2,14.6,3.4,0.0,14.3,10.7,83.0,120.0,-6.7,206e70fb-48f1-4ecd-beca-d324a220cca7,DEN,BRK,Away,122,117,1
Peyton Watson,1,19.566666666666663,4,5,0.8,1,2,0.5,0,1,0.0,0,3,3,0,0,0,0,2,9,-14.0,0.827,0.9,0.4,0.2,0.0,15.7,8.6,0.0,0.0,0.0,0.0,12.8,151.0,127.0,-1.5,206e70fb-48f1-4ecd-beca-d324a220cca7,DEN,BRK,Away,122,117,1
Christian Braun,1,16.05,0,3,0.0,0,1,0.0,2,2,1.0,0,0,0,1,0,0,0,1,2,-12.0,0.258,0.0,0.333,0.667,0.0,0.0,0.0,6.6,0.0,0.0,0.0,11.2,74.0,133.0,-13.6,206e70fb-48f1-4ecd-beca-d324a220cca7,DEN,BRK,Away,122,117,1
Reggie Jackson,1,15.566666666666666,4,13,0.308,0,5,0.0,0,0,0.0,0,2,2,3,0,0,1,4,8,-15.0,0.308,0.308,0.385,0.0,0.0,13.1,7.2,28.3,0.0,0.0,7.1,41.5,71.0,127.0,-26.4,206e70fb-48f1-4ecd-beca-d324a220cca7,DEN,BRK,Away,122,117,1
Julian Strawther,1,10.933333333333334,0,5,0.0,0,3,0.0,0,0,0.0,1,2,3,0,0,0,1,1,0,-10.0,0.0,0.0,0.6,0.0,11.3,18.7,15.3,0.0,0.0,0.0,16.7,25.3,18.0,126.0,-33.7,206e70fb-48f1-4ecd-beca-d324a220cca7,DEN,BRK,Away,122,117,1
Zeke Nnaji,1,6.966666666666667,1,2,0.5,0,0,0.0,0,0,0.0,1,2,3,0,0,0,0,2,2,-9.0,0.5,0.5,0.0,0.0,17.7,29.3,24.0,0.0,0.0,0.0,0.0,13.2,126.0,121.0,-11.0,206e70fb-48f1-4ecd-beca-d324a220cca7,DEN,BRK,Away,122,117,1
DeAndre Jordan,1,6.05,1,1,1.0,0,0,0.0,0,0,0.0,0,0,0,0,0,0,0,0,2,-9.0,1.0,1.0,0.0,0.0,0.0,0.0,0.0,0.0,0.0,0.0,0.0,7.6,200.0,133.0,-2.6,206e70fb-48f1-4ecd-beca-d324a220cca7,DEN,BRK,Away,122,117,1
Justin Holiday,0,0.0,0,0,0.0,0,0,0.0,0,0,0.0,0,0,0,0,0,0,0,0,0,0.0,0.0,0.0,0.0,0.0,0.0,0.0,0.0,0.0,0.0,0.0,0.0,0.0,0.0,0.0,0.0,206e70fb-48f1-4ecd-beca-d324a220cca7,DEN,BRK,Away,122,117,1
Braxton Key,0,0.0,0,0,0.0,0,0,0.0,0,0,0.0,0,0,0,0,0,0,0,0,0,0.0,0.0,0.0,0.0,0.0,0.0,0.0,0.0,0.0,0.0,0.0,0.0,0.0,0.0,0.0,0.0,206e70fb-48f1-4ecd-beca-d324a220cca7,DEN,BRK,Away,122,117,1
Jalen Pickett,0,0.0,0,0,0.0,0,0,0.0,0,0,0.0,0,0,0,0,0,0,0,0,0,0.0,0.0,0.0,0.0,0.0,0.0,0.0,0.0,0.0,0.0,0.0,0.0,0.0,0.0,0.0,0.0,206e70fb-48f1-4ecd-beca-d324a220cca7,DEN,BRK,Away,122,117,1
Hunter Tyson,0,0.0,0,0,0.0,0,0,0.0,0,0,0.0,0,0,0,0,0,0,0,0,0,0.0,0.0,0.0,0.0,0.0,0.0,0.0,0.0,0.0,0.0,0.0,0.0,0.0,0.0,0.0,0.0,206e70fb-48f1-4ecd-beca-d324a220cca7,DEN,BRK,Away,122,117,1
Nikola Jokić,1,35.63333333333333,8,14,0.571,0,2,0.0,2,2,1.0,2,8,10,9,1,1,3,6,18,12.0,0.605,0.571,0.143,0.143,5.9,22.0,14.2,43.0,1.4,2.2,16.8,21.9,122.0,98.0,3.6,4f78eb47-8d06-466f-a235-8a61e7fca0c5,DEN,CHO,Away,102,95,1
Jamal Murray,1,33.266666666666666,8,19,0.421,2,6,0.333,2,2,1.0,2,10,12,5,3,0,1,1,20,7.0,0.503,0.474,0.316,0.105,6.3,29.4,18.2,26.3,4.5,0.0,4.8,27.3,113.0,90.0,5.7,4f78eb47-8d06-466f-a235-8a61e7fca0c5,DEN,CHO,Away,102,95,1
Aaron Gordon,1,31.83333333333333,5,11,0.455,0,0,0.0,4,5,0.8,2,0,2,1,1,1,2,1,14,12.0,0.53,0.455,0.0,0.455,6.6,0.0,3.2,4.8,1.6,2.5,13.2,20.8,103.0,107.0,-5.9,4f78eb47-8d06-466f-a235-8a61e7fca0c5,DEN,CHO,Away,102,95,1
Kentavious Caldwell-Pope,1,31.666666666666668,1,3,0.333,1,2,0.5,0,0,0.0,0,3,3,2,2,4,0,1,3,11.0,0.5,0.5,0.667,0.0,0.0,9.3,4.8,8.1,3.1,10.1,0.0,4.1,127.0,95.0,3.3,4f78eb47-8d06-466f-a235-8a61e7fca0c5,DEN,CHO,Away,102,95,1
Michael Porter Jr.,1,30.53333333333333,8,14,0.571,5,8,0.625,1,2,0.5,1,4,5,1,1,2,1,2,22,15.0,0.739,0.75,0.571,0.143,3.4,12.8,8.3,5.9,1.6,5.2,6.3,22.7,134.0,100.0,9.3,4f78eb47-8d06-466f-a235-8a61e7fca0c5,DEN,CHO,Away,102,95,1
Christian Braun,1,17.716666666666665,3,7,0.429,2,3,0.667,3,3,1.0,2,5,7,1,0,2,1,1,11,-8.0,0.661,0.571,0.429,0.429,11.8,27.6,20.0,8.8,0.0,9.0,10.7,22.9,131.0,95.0,8.2,4f78eb47-8d06-466f-a235-8a61e7fca0c5,DEN,CHO,Away,102,95,1
Peyton Watson,1,16.766666666666666,1,2,0.5,0,1,0.0,0,0,0.0,0,3,3,0,1,1,1,2,2,-3.0,0.5,0.5,0.5,0.0,0.0,17.5,9.0,0.0,2.9,4.8,33.3,7.8,62.0,95.0,-7.5,4f78eb47-8d06-466f-a235-8a61e7fca0c5,DEN,CHO,Away,102,95,1
Julian Strawther,1,16.083333333333332,4,10,0.4,2,5,0.4,0,0,0.0,1,0,1,1,1,0,1,0,10,-4.0,0.5,0.5,0.5,0.0,6.5,0.0,3.1,11.0,3.1,0.0,9.1,29.8,98.0,105.0,-1.4,4f78eb47-8d06-466f-a235-8a61e7fca0c5,DEN,CHO,Away,102,95,1
Reggie Jackson,1,14.816666666666666,1,9,0.111,0,3,0.0,0,0,0.0,0,3,3,4,1,0,2,3,2,0.0,0.111,0.111,0.333,0.0,0.0,19.8,10.2,36.2,3.3,0.0,18.2,32.3,43.0,96.0,-24.1,4f78eb47-8d06-466f-a235-8a61e7fca0c5,DEN,CHO,Away,102,95,1
Zeke Nnaji,1,11.683333333333334,0,1,0.0,0,0,0.0,0,0,0.0,2,0,2,1,0,2,2,4,0,-7.0,0.0,0.0,0.0,0.0,17.9,0.0,8.6,10.5,0.0,13.7,66.7,11.2,51.0,103.0,-15.1,4f78eb47-8d06-466f-a235-8a61e7fca0c5,DEN,CHO,Away,102,95,1
Collin Gillespie,0,0.0,0,0,0.0,0,0,0.0,0,0,0.0,0,0,0,0,0,0,0,0,0,0.0,0.0,0.0,0.0,0.0,0.0,0.0,0.0,0.0,0.0,0.0,0.0,0.0,0.0,0.0,0.0,4f78eb47-8d06-466f-a235-8a61e7fca0c5,DEN,CHO,Away,102,95,1
Justin Holiday,0,0.0,0,0,0.0,0,0,0.0,0,0,0.0,0,0,0,0,0,0,0,0,0,0.0,0.0,0.0,0.0,0.0,0.0,0.0,0.0,0.0,0.0,0.0,0.0,0.0,0.0,0.0,0.0,4f78eb47-8d06-466f-a235-8a61e7fca0c5,DEN,CHO,Away,102,95,1
Jay Huff,0,0.0,0,0,0.0,0,0,0.0,0,0,0.0,0,0,0,0,0,0,0,0,0,0.0,0.0,0.0,0.0,0.0,0.0,0.0,0.0,0.0,0.0,0.0,0.0,0.0,0.0,0.0,0.0,4f78eb47-8d06-466f-a235-8a61e7fca0c5,DEN,CHO,Away,102,95,1
DeAndre Jordan,0,0.0,0,0,0.0,0,0,0.0,0,0,0.0,0,0,0,0,0,0,0,0,0,0.0,0.0,0.0,0.0,0.0,0.0,0.0,0.0,0.0,0.0,0.0,0.0,0.0,0.0,0.0,0.0,4f78eb47-8d06-466f-a235-8a61e7fca0c5,DEN,CHO,Away,102,95,1
Hunter Tyson,0,0.0,0,0,0.0,0,0,0.0,0,0,0.0,0,0,0,0,0,0,0,0,0,0.0,0.0,0.0,0.0,0.0,0.0,0.0,0.0,0.0,0.0,0.0,0.0,0.0,0.0,0.0,0.0,4f78eb47-8d06-466f-a235-8a61e7fca0c5,DEN,CHO,Away,102,95,1
Michael Porter Jr.,1,40.48333333333333,8,17,0.471,3,10,0.3,0,0,0.0,0,10,10,1,0,4,0,1,19,23.0,0.559,0.559,0.588,0.0,0.0,28.2,14.5,3.9,0.0,10.1,0.0,18.3,116.0,111.0,3.0,99b59001-e800-4736-81e9-0dd3d3f4f10c,DEN,GSW,Home,120,114,1
Nikola Jokić,1,39.05,4,12,0.333,0,2,0.0,18,18,1.0,4,10,14,8,0,0,3,2,26,21.0,0.653,0.333,0.167,1.5,12.3,29.3,21.0,28.0,0.0,0.0,13.1,25.6,143.0,117.0,7.0,99b59001-e800-4736-81e9-0dd3d3f4f10c,DEN,GSW,Home,120,114,1
Kentavious Caldwell-Pope,1,37.13333333333333,6,13,0.462,4,9,0.444,0,0,0.0,1,3,4,5,2,0,0,1,16,15.0,0.615,0.615,0.692,0.0,3.2,9.2,6.3,20.0,2.6,0.0,0.0,15.3,141.0,116.0,6.7,99b59001-e800-4736-81e9-0dd3d3f4f10c,DEN,GSW,Home,120,114,1
Jamal Murray,1,32.8,10,18,0.556,3,5,0.6,5,5,1.0,1,4,5,3,2,0,2,4,28,20.0,0.693,0.639,0.278,0.278,3.7,13.9,8.9,17.3,3.0,0.0,9.0,29.5,133.0,114.0,7.5,99b59001-e800-4736-81e9-0dd3d3f4f10c,DEN,GSW,Home,120,114,1
Aaron Gordon,1,31.616666666666667,7,10,0.7,1,4,0.25,1,4,0.25,4,6,10,3,1,0,2,2,16,13.0,0.68,0.75,0.4,0.4,15.2,21.7,18.5,15.5,1.5,0.0,14.5,19.0,129.0,116.0,4.1,99b59001-e800-4736-81e9-0dd3d3f4f10c,DEN,GSW,Home,120,114,1
Peyton Watson,1,20.516666666666666,2,5,0.4,1,2,0.5,0,0,0.0,0,0,0,1,0,0,2,2,5,-11.0,0.5,0.5,0.4,0.0,0.0,0.0,0.0,6.6,0.0,0.0,28.6,14.9,75.0,124.0,-9.6,99b59001-e800-4736-81e9-0dd3d3f4f10c,DEN,GSW,Home,120,114,1
Reggie Jackson,1,14.533333333333331,0,2,0.0,0,0,0.0,2,2,1.0,0,0,0,3,0,0,4,1,2,-14.0,0.347,0.0,0.0,1.0,0.0,0.0,0.0,24.8,0.0,0.0,58.1,20.6,54.0,124.0,-17.9,99b59001-e800-4736-81e9-0dd3d3f4f10c,DEN,GSW,Home,120,114,1
Christian Braun,1,10.816666666666666,2,4,0.5,2,2,1.0,0,2,0.0,0,0,0,1,0,0,1,3,6,-22.0,0.615,0.75,0.5,0.5,0.0,0.0,0.0,14.3,0.0,0.0,17.0,23.7,98.0,124.0,-5.0,99b59001-e800-4736-81e9-0dd3d3f4f10c,DEN,GSW,Home,120,114,1
Julian Strawther,1,7.733333333333333,1,1,1.0,0,0,0.0,0,1,0.0,0,0,0,0,0,0,0,0,2,-4.0,0.694,1.0,0.0,1.0,0.0,0.0,0.0,0.0,0.0,0.0,0.0,8.1,119.0,124.0,-3.2,99b59001-e800-4736-81e9-0dd3d3f4f10c,DEN,GSW,Home,120,114,1
Zeke Nnaji,1,5.316666666666666,0,0,0.0,0,0,0.0,0,0,0.0,0,0,0,0,1,0,0,1,0,-11.0,0.0,0.0,0.0,0.0,0.0,0.0,0.0,0.0,9.2,0.0,0.0,0.0,0.0,103.0,1.3,99b59001-e800-4736-81e9-0dd3d3f4f10c,DEN,GSW,Home,120,114,1
Justin Holiday,0,0.0,0,0,0.0,0,0,0.0,0,0,0.0,0,0,0,0,0,0,0,0,0,0.0,0.0,0.0,0.0,0.0,0.0,0.0,0.0,0.0,0.0,0.0,0.0,0.0,0.0,0.0,0.0,99b59001-e800-4736-81e9-0dd3d3f4f10c,DEN,GSW,Home,120,114,1
DeAndre Jordan,0,0.0,0,0,0.0,0,0,0.0,0,0,0.0,0,0,0,0,0,0,0,0,0,0.0,0.0,0.0,0.0,0.0,0.0,0.0,0.0,0.0,0.0,0.0,0.0,0.0,0.0,0.0,0.0,99b59001-e800-4736-81e9-0dd3d3f4f10c,DEN,GSW,Home,120,114,1
Braxton Key,0,0.0,0,0,0.0,0,0,0.0,0,0,0.0,0,0,0,0,0,0,0,0,0,0.0,0.0,0.0,0.0,0.0,0.0,0.0,0.0,0.0,0.0,0.0,0.0,0.0,0.0,0.0,0.0,99b59001-e800-4736-81e9-0dd3d3f4f10c,DEN,GSW,Home,120,114,1
Jalen Pickett,0,0.0,0,0,0.0,0,0,0.0,0,0,0.0,0,0,0,0,0,0,0,0,0,0.0,0.0,0.0,0.0,0.0,0.0,0.0,0.0,0.0,0.0,0.0,0.0,0.0,0.0,0.0,0.0,99b59001-e800-4736-81e9-0dd3d3f4f10c,DEN,GSW,Home,120,114,1
Hunter Tyson,0,0.0,0,0,0.0,0,0,0.0,0,0,0.0,0,0,0,0,0,0,0,0,0,0.0,0.0,0.0,0.0,0.0,0.0,0.0,0.0,0.0,0.0,0.0,0.0,0.0,0.0,0.0,0.0,99b59001-e800-4736-81e9-0dd3d3f4f10c,DEN,GSW,Home,120,114,1
Nikola Jokić,1,29.966666666666665,11,11,1.0,1,1,1.0,3,3,1.0,0,14,14,10,0,2,3,1,26,25.0,1.055,1.045,0.091,0.273,0.0,43.1,25.2,42.9,0.0,5.9,19.6,21.7,173.0,98.0,22.3,b587d90f-422b-4e4c-be8f-e8fa5330d8fc,DEN,MEM,Home,142,105,1
Jamal Murray,1,25.666666666666668,9,12,0.75,4,6,0.667,1,1,1.0,2,1,3,9,2,0,1,0,23,19.0,0.924,0.917,0.5,0.083,10.1,3.6,6.3,44.1,3.8,0.0,7.4,22.2,184.0,107.0,23.4,b587d90f-422b-4e4c-be8f-e8fa5330d8fc,DEN,MEM,Home,142,105,1
Kentavious Caldwell-Pope,1,25.2,5,10,0.5,2,5,0.4,0,0,0.0,2,0,2,3,0,1,0,2,12,27.0,0.6,0.6,0.5,0.0,10.3,0.0,4.3,12.6,0.0,3.5,0.0,16.8,146.0,114.0,-1.0,b587d90f-422b-4e4c-be8f-e8fa5330d8fc,DEN,MEM,Home,142,105,1
Peyton Watson,1,23.0,6,14,0.429,4,10,0.4,4,4,1.0,0,5,5,2,0,0,0,1,20,28.0,0.635,0.571,0.714,0.286,0.0,20.1,11.7,9.8,0.0,0.0,0.0,29.1,141.0,110.0,0.7,b587d90f-422b-4e4c-be8f-e8fa5330d8fc,DEN,MEM,Home,142,105,1
Michael Porter Jr.,1,22.766666666666666,3,6,0.5,2,3,0.667,0,0,0.0,0,4,4,0,0,1,2,3,8,28.0,0.667,0.667,0.5,0.0,0.0,16.2,9.5,0.0,0.0,3.9,25.0,14.9,88.0,108.0,-9.3,b587d90f-422b-4e4c-be8f-e8fa5330d8fc,DEN,MEM,Home,142,105,1
Julian Strawther,1,24.683333333333334,5,13,0.385,2,8,0.25,0,0,0.0,0,3,3,2,0,1,1,4,12,6.0,0.462,0.462,0.615,0.0,0.0,11.2,6.6,8.6,0.0,3.6,7.1,24.1,99.0,110.0,-12.7,b587d90f-422b-4e4c-be8f-e8fa5330d8fc,DEN,MEM,Home,142,105,1
Christian Braun,1,23.35,4,8,0.5,1,2,0.5,2,4,0.5,0,3,3,4,1,0,0,0,11,13.0,0.564,0.563,0.25,0.5,0.0,11.9,6.9,17.6,2.1,0.0,0.0,17.7,137.0,108.0,1.0,b587d90f-422b-4e4c-be8f-e8fa5330d8fc,DEN,MEM,Home,142,105,1
Justin Holiday,1,17.983333333333334,3,5,0.6,2,3,0.667,0,0,0.0,0,2,2,1,2,0,0,2,8,1.0,0.8,0.8,0.6,0.0,0.0,10.3,6.0,5.7,5.4,0.0,0.0,11.8,162.0,101.0,5.2,b587d90f-422b-4e4c-be8f-e8fa5330d8fc,DEN,MEM,Home,142,105,1
Reggie Jackson,1,16.816666666666666,3,7,0.429,1,1,1.0,2,2,1.0,1,1,2,7,1,0,3,1,9,15.0,0.571,0.5,0.143,0.286,7.7,5.5,6.4,43.0,2.9,0.0,27.6,27.4,120.0,108.0,-0.1,b587d90f-422b-4e4c-be8f-e8fa5330d8fc,DEN,MEM,Home,142,105,1
DeAndre Jordan,1,12.516666666666667,2,3,0.667,0,0,0.0,0,0,0.0,5,4,9,2,0,2,0,3,4,9.0,0.667,0.667,0.0,0.0,51.8,29.5,38.8,16.2,0.0,14.2,0.0,10.2,191.0,96.0,8.1,b587d90f-422b-4e4c-be8f-e8fa5330d8fc,DEN,MEM,Home,142,105,1
Braxton Key,1,7.016666666666667,1,2,0.5,0,0,0.0,0,0,0.0,1,1,2,1,0,0,0,0,2,8.0,0.5,0.5,0.0,0.0,18.5,13.2,15.4,14.2,0.0,0.0,0.0,12.1,150.0,113.0,-2.0,b587d90f-422b-4e4c-be8f-e8fa5330d8fc,DEN,MEM,Home,142,105,1
Zeke Nnaji,1,5.516666666666667,2,3,0.667,0,0,0.0,0,0,0.0,1,2,3,0,0,0,1,2,4,3.0,0.667,0.667,0.0,0.0,23.5,33.5,29.3,0.0,0.0,0.0,25.0,30.8,103.0,104.0,-16.0,b587d90f-422b-4e4c-be8f-e8fa5330d8fc,DEN,MEM,Home,142,105,1
Jalen Pickett,1,5.516666666666667,1,2,0.5,1,2,0.5,0,0,0.0,0,1,1,2,0,0,0,0,3,3.0,0.75,0.75,1.0,0.0,0.0,16.7,9.8,37.6,0.0,0.0,0.0,15.4,182.0,111.0,11.4,b587d90f-422b-4e4c-be8f-e8fa5330d8fc,DEN,MEM,Home,142,105,1
Jamal Murray,1,35.6,4,15,0.267,1,6,0.167,0,1,0.0,0,3,3,11,1,1,2,1,9,-20.0,0.291,0.3,0.4,0.067,0.0,9.9,4.6,48.5,1.4,2.4,11.5,21.9,77.0,121.0,-2.9,54817867-74f7-4a68-92fb-f6000f9191fb,DEN,OKC,Home,93,119,0
Peyton Watson,1,32.35,6,12,0.5,1,6,0.167,1,2,0.5,0,2,2,2,1,2,1,4,14,-7.0,0.543,0.542,0.5,0.167,0.0,7.2,3.4,11.0,1.5,5.3,7.2,19.1,96.0,120.0,-0.1,54817867-74f7-4a68-92fb-f6000f9191fb,DEN,OKC,Home,93,119,0
Nikola Jokić,1,31.53333333333333,9,10,0.9,1,1,1.0,0,0,0.0,2,8,10,7,1,1,7,2,19,-19.0,0.95,0.95,0.1,0.0,6.6,29.7,17.5,47.8,1.5,2.7,41.2,24.0,106.0,116.0,8.5,54817867-74f7-4a68-92fb-f6000f9191fb,DEN,OKC,Home,93,119,0
Michael Porter Jr.,1,30.78333333333333,4,12,0.333,2,8,0.25,2,2,1.0,0,6,6,1,0,1,0,1,12,-10.0,0.466,0.417,0.667,0.167,0.0,22.8,10.8,5.2,0.0,2.8,0.0,18.7,91.0,121.0,-2.3,54817867-74f7-4a68-92fb-f6000f9191fb,DEN,OKC,Home,93,119,0
Kentavious Caldwell-Pope,1,27.166666666666668,3,5,0.6,2,3,0.667,0,1,0.0,0,0,0,2,1,0,1,3,8,-16.0,0.735,0.8,0.6,0.2,0.0,0.0,0.0,11.5,1.8,0.0,15.5,10.6,109.0,125.0,-1.4,54817867-74f7-4a68-92fb-f6000f9191fb,DEN,OKC,Home,93,119,0
Christian Braun,1,16.683333333333334,0,3,0.0,0,2,0.0,4,4,1.0,0,3,3,1,0,0,1,1,4,-6.0,0.42,0.0,0.667,1.333,0.0,21.1,9.9,8.0,0.0,0.0,17.4,15.4,81.0,124.0,-8.8,54817867-74f7-4a68-92fb-f6000f9191fb,DEN,OKC,Home,93,119,0
Justin Holiday,1,15.65,0,3,0.0,0,2,0.0,0,0,0.0,0,1,1,2,0,0,0,1,0,-19.0,0.0,0.0,0.667,0.0,0.0,7.5,3.5,17.0,0.0,0.0,0.0,8.6,35.0,127.0,-12.2,54817867-74f7-4a68-92fb-f6000f9191fb,DEN,OKC,Home,93,119,0
Reggie Jackson,1,15.35,3,10,0.3,2,5,0.4,0,0,0.0,0,2,2,3,1,0,0,0,8,1.0,0.4,0.4,0.5,0.0,0.0,15.3,7.2,35.2,3.2,0.0,0.0,29.1,86.0,118.0,3.5,54817867-74f7-4a68-92fb-f6000f9191fb,DEN,OKC,Home,93,119,0
DeAndre Jordan,1,13.066666666666666,3,4,0.75,0,0,0.0,0,0,0.0,3,5,8,1,1,0,1,0,6,-1.0,0.75,0.75,0.0,0.0,24.0,44.8,33.8,14.7,3.7,0.0,20.0,17.1,129.0,110.0,9.0,54817867-74f7-4a68-92fb-f6000f9191fb,DEN,OKC,Home,93,119,0
Julian Strawther,1,11.616666666666667,3,7,0.429,1,4,0.25,3,4,0.75,0,1,1,0,0,0,3,3,10,-15.0,0.571,0.5,0.571,0.571,0.0,10.1,4.7,0.0,0.0,0.0,25.5,45.2,78.0,126.0,-14.3,54817867-74f7-4a68-92fb-f6000f9191fb,DEN,OKC,Home,93,119,0
Braxton Key,1,3.4,1,2,0.5,0,0,0.0,1,1,1.0,0,0,0,0,0,0,0,0,3,-6.0,0.615,0.5,0.0,0.5,0.0,0.0,0.0,0.0,0.0,0.0,0.0,32.0,121.0,129.0,3.0,54817867-74f7-4a68-92fb-f6000f9191fb,DEN,OKC,Home,93,119,0
Zeke Nnaji,1,3.4,0,1,0.0,0,0,0.0,0,0,0.0,0,0,0,0,0,0,0,0,0,-6.0,0.0,0.0,0.0,0.0,0.0,0.0,0.0,0.0,0.0,0.0,0.0,13.1,0.0,129.0,-18.7,54817867-74f7-4a68-92fb-f6000f9191fb,DEN,OKC,Home,93,119,0
Jalen Pickett,1,3.4,0,1,0.0,0,0,0.0,0,0,0.0,0,0,0,0,0,0,0,1,0,-6.0,0.0,0.0,0.0,0.0,0.0,0.0,0.0,0.0,0.0,0.0,0.0,13.1,0.0,129.0,-25.2,54817867-74f7-4a68-92fb-f6000f9191fb,DEN,OKC,Home,93,119,0
Michael Porter Jr.,1,30.5,8,17,0.471,4,11,0.364,2,2,1.0,1,7,8,1,0,0,1,1,22,33.0,0.615,0.588,0.647,0.118,3.8,23.0,14.1,5.5,0.0,0.0,5.3,29.4,112.0,103.0,-0.9,275d50d6-658c-4b08-b0a7-a96498f31bc9,DEN,CHO,Home,111,93,1
Kentavious Caldwell-Pope,1,29.08333333333333,2,6,0.333,0,3,0.0,1,1,1.0,0,3,3,4,1,0,0,3,5,28.0,0.388,0.333,0.5,0.167,0.0,10.3,5.6,17.5,1.7,0.0,0.0,10.5,105.0,102.0,-7.1,275d50d6-658c-4b08-b0a7-a96498f31bc9,DEN,CHO,Home,111,93,1
Nikola Jokić,1,27.5,6,7,0.857,0,0,0.0,1,1,1.0,0,11,11,6,1,1,3,2,13,27.0,0.874,0.857,0.0,0.143,0.0,40.0,21.6,34.3,1.8,2.9,28.7,18.1,133.0,92.0,6.6,275d50d6-658c-4b08-b0a7-a96498f31bc9,DEN,CHO,Home,111,93,1
Jamal Murray,1,26.8,7,16,0.438,5,9,0.556,6,7,0.857,0,3,3,7,2,1,2,1,25,26.0,0.655,0.594,0.563,0.438,0.0,11.2,6.0,44.0,3.7,3.0,9.5,37.4,126.0,95.0,15.2,275d50d6-658c-4b08-b0a7-a96498f31bc9,DEN,CHO,Home,111,93,1
Aaron Gordon,1,24.633333333333333,4,5,0.8,1,1,1.0,1,2,0.5,1,1,2,0,1,1,0,0,10,29.0,0.85,0.9,0.2,0.4,4.8,4.1,4.4,0.0,2.0,3.2,0.0,11.4,165.0,100.0,2.5,275d50d6-658c-4b08-b0a7-a96498f31bc9,DEN,CHO,Home,111,93,1
Christian Braun,1,23.85,3,6,0.5,1,3,0.333,2,3,0.667,1,3,4,2,1,2,1,1,9,-11.0,0.615,0.583,0.5,0.5,4.9,12.6,9.0,11.5,2.1,6.7,12.0,16.6,119.0,95.0,2.4,275d50d6-658c-4b08-b0a7-a96498f31bc9,DEN,CHO,Home,111,93,1
Zeke Nnaji,1,20.5,1,5,0.2,0,2,0.0,0,0,0.0,1,2,3,1,0,3,2,2,2,-9.0,0.2,0.2,0.4,0.0,5.7,9.8,7.9,6.1,0.0,11.7,28.6,16.2,48.0,95.0,-13.2,275d50d6-658c-4b08-b0a7-a96498f31bc9,DEN,CHO,Home,111,93,1
Peyton Watson,1,19.23333333333333,3,6,0.5,2,4,0.5,0,0,0.0,0,4,4,1,1,1,0,2,8,-5.0,0.667,0.667,0.667,0.0,0.0,20.8,11.2,7.4,2.6,4.2,0.0,14.8,126.0,94.0,3.6,275d50d6-658c-4b08-b0a7-a96498f31bc9,DEN,CHO,Home,111,93,1
Reggie Jackson,1,17.066666666666666,6,11,0.545,2,3,0.667,1,2,0.5,0,4,4,4,1,0,0,2,15,-2.0,0.631,0.636,0.273,0.182,0.0,23.4,12.6,46.6,2.9,0.0,0.0,33.1,131.0,96.0,9.7,275d50d6-658c-4b08-b0a7-a96498f31bc9,DEN,CHO,Home,111,93,1
Julian Strawther,1,12.566666666666666,1,2,0.5,0,1,0.0,0,0,0.0,0,1,1,1,0,0,1,1,2,-14.0,0.5,0.5,0.5,0.0,0.0,8.0,4.3,10.3,0.0,0.0,33.3,11.4,77.0,106.0,-11.7,275d50d6-658c-4b08-b0a7-a96498f31bc9,DEN,CHO,Home,111,93,1
Braxton Key,1,4.133333333333334,0,1,0.0,0,0,0.0,0,0,0.0,0,1,1,0,1,0,0,0,0,-6.0,0.0,0.0,0.0,0.0,0.0,24.2,13.0,0.0,12.1,0.0,0.0,11.5,0.0,76.0,-5.1,275d50d6-658c-4b08-b0a7-a96498f31bc9,DEN,CHO,Home,111,93,1
Jalen Pickett,1,4.133333333333334,0,1,0.0,0,1,0.0,0,0,0.0,0,0,0,0,0,0,0,0,0,-6.0,0.0,0.0,1.0,0.0,0.0,0.0,0.0,0.0,0.0,0.0,0.0,11.5,0.0,109.0,-21.7,275d50d6-658c-4b08-b0a7-a96498f31bc9,DEN,CHO,Home,111,93,1
Justin Holiday,0,0.0,0,0,0.0,0,0,0.0,0,0,0.0,0,0,0,0,0,0,0,0,0,0.0,0.0,0.0,0.0,0.0,0.0,0.0,0.0,0.0,0.0,0.0,0.0,0.0,0.0,0.0,0.0,275d50d6-658c-4b08-b0a7-a96498f31bc9,DEN,CHO,Home,111,93,1
DeAndre Jordan,0,0.0,0,0,0.0,0,0,0.0,0,0,0.0,0,0,0,0,0,0,0,0,0,0.0,0.0,0.0,0.0,0.0,0.0,0.0,0.0,0.0,0.0,0.0,0.0,0.0,0.0,0.0,0.0,275d50d6-658c-4b08-b0a7-a96498f31bc9,DEN,CHO,Home,111,93,1
Nikola Jokić,1,38.41666666666666,13,16,0.813,2,2,1.0,6,7,0.857,2,7,9,10,2,1,4,2,34,4.0,0.891,0.875,0.125,0.438,7.1,25.7,16.3,39.3,2.7,2.3,17.3,27.5,156.0,133.0,18.9,970f3cd6-3fed-4f34-b9c4-02c3984cf457,DEN,GSW,Away,130,127,1
Aaron Gordon,1,35.2,11,17,0.647,2,4,0.5,6,7,0.857,5,4,9,2,0,1,0,2,30,6.0,0.747,0.706,0.235,0.412,19.5,16.0,17.8,8.3,0.0,2.5,0.0,26.1,167.0,141.0,7.7,970f3cd6-3fed-4f34-b9c4-02c3984cf457,DEN,GSW,Away,130,127,1
Kentavious Caldwell-Pope,1,34.766666666666666,4,8,0.5,0,2,0.0,0,0,0.0,1,2,3,4,1,1,1,0,8,4.0,0.5,0.5,0.25,0.0,3.9,8.1,6.0,13.0,1.5,2.6,11.1,11.9,117.0,139.0,-3.2,970f3cd6-3fed-4f34-b9c4-02c3984cf457,DEN,GSW,Away,130,127,1
Jamal Murray,1,32.05,8,16,0.5,1,6,0.167,8,9,0.889,0,2,2,6,2,0,0,4,25,9.0,0.626,0.531,0.375,0.563,0.0,8.8,4.3,24.9,3.3,0.0,0.0,28.5,148.0,137.0,4.0,970f3cd6-3fed-4f34-b9c4-02c3984cf457,DEN,GSW,Away,130,127,1
Michael Porter Jr.,1,30.48333333333333,3,6,0.5,2,5,0.4,0,0,0.0,0,4,4,0,0,0,0,3,8,5.0,0.667,0.667,0.833,0.0,0.0,18.5,9.1,0.0,0.0,0.0,0.0,9.0,139.0,142.0,-7.0,970f3cd6-3fed-4f34-b9c4-02c3984cf457,DEN,GSW,Away,130,127,1
Peyton Watson,1,19.2,6,10,0.6,2,4,0.5,5,6,0.833,1,4,5,0,0,0,0,1,19,7.0,0.752,0.7,0.4,0.6,7.1,29.4,18.1,0.0,0.0,0.0,0.0,30.2,160.0,140.0,5.0,970f3cd6-3fed-4f34-b9c4-02c3984cf457,DEN,GSW,Away,130,127,1
Christian Braun,1,18.466666666666665,1,4,0.25,0,2,0.0,0,0,0.0,0,0,0,1,1,1,1,3,2,-5.0,0.25,0.25,0.5,0.0,0.0,0.0,0.0,5.7,2.8,4.8,20.0,12.4,57.0,136.0,-12.5,970f3cd6-3fed-4f34-b9c4-02c3984cf457,DEN,GSW,Away,130,127,1
Reggie Jackson,1,15.95,1,6,0.167,0,0,0.0,0,0,0.0,0,0,0,3,0,0,1,0,2,-6.0,0.167,0.167,0.0,0.0,0.0,0.0,0.0,20.1,0.0,0.0,14.3,20.1,61.0,146.0,-20.1,970f3cd6-3fed-4f34-b9c4-02c3984cf457,DEN,GSW,Away,130,127,1
Julian Strawther,1,9.3,0,1,0.0,0,1,0.0,0,0,0.0,1,0,1,1,1,0,0,0,0,-6.0,0.0,0.0,1.0,0.0,14.7,0.0,7.5,10.8,5.6,0.0,0.0,4.9,114.0,133.0,-0.4,970f3cd6-3fed-4f34-b9c4-02c3984cf457,DEN,GSW,Away,130,127,1
Zeke Nnaji,1,6.166666666666667,1,1,1.0,0,0,0.0,0,0,0.0,1,2,3,1,0,0,0,0,2,-3.0,1.0,1.0,0.0,0.0,22.2,45.8,33.8,19.4,0.0,0.0,0.0,7.4,210.0,137.0,11.2,970f3cd6-3fed-4f34-b9c4-02c3984cf457,DEN,GSW,Away,130,127,1
Collin Gillespie,0,0.0,0,0,0.0,0,0,0.0,0,0,0.0,0,0,0,0,0,0,0,0,0,0.0,0.0,0.0,0.0,0.0,0.0,0.0,0.0,0.0,0.0,0.0,0.0,0.0,0.0,0.0,0.0,970f3cd6-3fed-4f34-b9c4-02c3984cf457,DEN,GSW,Away,130,127,1
Justin Holiday,0,0.0,0,0,0.0,0,0,0.0,0,0,0.0,0,0,0,0,0,0,0,0,0,0.0,0.0,0.0,0.0,0.0,0.0,0.0,0.0,0.0,0.0,0.0,0.0,0.0,0.0,0.0,0.0,970f3cd6-3fed-4f34-b9c4-02c3984cf457,DEN,GSW,Away,130,127,1
Jay Huff,0,0.0,0,0,0.0,0,0,0.0,0,0,0.0,0,0,0,0,0,0,0,0,0,0.0,0.0,0.0,0.0,0.0,0.0,0.0,0.0,0.0,0.0,0.0,0.0,0.0,0.0,0.0,0.0,970f3cd6-3fed-4f34-b9c4-02c3984cf457,DEN,GSW,Away,130,127,1
DeAndre Jordan,0,0.0,0,0,0.0,0,0,0.0,0,0,0.0,0,0,0,0,0,0,0,0,0,0.0,0.0,0.0,0.0,0.0,0.0,0.0,0.0,0.0,0.0,0.0,0.0,0.0,0.0,0.0,0.0,970f3cd6-3fed-4f34-b9c4-02c3984cf457,DEN,GSW,Away,130,127,1
Braxton Key,0,0.0,0,0,0.0,0,0,0.0,0,0,0.0,0,0,0,0,0,0,0,0,0,0.0,0.0,0.0,0.0,0.0,0.0,0.0,0.0,0.0,0.0,0.0,0.0,0.0,0.0,0.0,0.0,970f3cd6-3fed-4f34-b9c4-02c3984cf457,DEN,GSW,Away,130,127,1
Nikola Jokić,1,36.85,13,19,0.684,0,1,0.0,3,4,0.75,0,4,4,8,3,0,2,3,29,-4.0,0.698,0.684,0.053,0.211,0.0,13.0,6.7,33.5,3.9,0.0,8.8,25.5,137.0,117.0,13.1,da254a8b-34b0-486e-97ab-caf7a73363de,DEN,ORL,Home,120,122,0
Aaron Gordon,1,36.23333333333333,5,8,0.625,2,4,0.5,4,5,0.8,3,5,8,3,0,0,1,4,16,-4.0,0.784,0.75,0.5,0.625,10.5,16.6,13.6,9.6,0.0,0.0,8.9,12.8,156.0,125.0,2.7,da254a8b-34b0-486e-97ab-caf7a73363de,DEN,ORL,Home,120,122,0
Jamal Murray,1,33.35,9,23,0.391,0,6,0.0,2,2,1.0,1,6,7,9,1,0,3,3,20,-5.0,0.419,0.391,0.261,0.087,3.8,21.6,12.9,37.0,1.4,0.0,11.2,33.2,96.0,121.0,-4.0,da254a8b-34b0-486e-97ab-caf7a73363de,DEN,ORL,Home,120,122,0
Michael Porter Jr.,1,30.95,9,14,0.643,4,6,0.667,0,0,0.0,0,3,3,1,2,0,0,2,22,6.0,0.786,0.786,0.429,0.0,0.0,11.6,6.0,4.6,3.1,0.0,0.0,18.7,154.0,120.0,10.5,da254a8b-34b0-486e-97ab-caf7a73363de,DEN,ORL,Home,120,122,0
Kentavious Caldwell-Pope,1,29.016666666666666,1,4,0.25,0,3,0.0,4,4,1.0,1,2,3,2,1,1,3,1,6,2.0,0.521,0.25,0.75,1.0,4.4,8.3,6.4,7.1,1.6,3.6,34.2,12.5,88.0,122.0,-4.8,da254a8b-34b0-486e-97ab-caf7a73363de,DEN,ORL,Home,120,122,0
Reggie Jackson,1,17.3,5,12,0.417,1,5,0.2,0,0,0.0,1,2,3,3,0,0,1,0,11,1.0,0.458,0.458,0.417,0.0,7.3,13.9,10.7,24.4,0.0,0.0,7.7,31.0,100.0,127.0,-3.3,da254a8b-34b0-486e-97ab-caf7a73363de,DEN,ORL,Home,120,122,0
Christian Braun,1,16.333333333333332,2,4,0.5,1,3,0.333,1,2,0.5,1,3,4,0,0,0,1,0,6,-2.0,0.615,0.625,0.75,0.5,7.7,22.0,15.1,0.0,0.0,0.0,17.0,14.9,107.0,125.0,-3.3,da254a8b-34b0-486e-97ab-caf7a73363de,DEN,ORL,Home,120,122,0
Peyton Watson,1,12.766666666666667,2,6,0.333,0,2,0.0,0,0,0.0,1,0,1,0,0,0,0,4,4,-16.0,0.333,0.333,0.333,0.0,9.9,0.0,4.8,0.0,0.0,0.0,0.0,19.4,82.0,128.0,-17.5,da254a8b-34b0-486e-97ab-caf7a73363de,DEN,ORL,Home,120,122,0
Zeke Nnaji,1,11.15,1,1,1.0,0,0,0.0,1,2,0.5,1,1,2,0,1,0,2,4,3,2.0,0.798,1.0,0.0,2.0,11.3,10.8,11.0,0.0,4.3,0.0,51.5,14.4,80.0,115.0,-10.6,da254a8b-34b0-486e-97ab-caf7a73363de,DEN,ORL,Home,120,122,0
Justin Holiday,1,10.083333333333334,0,1,0.0,0,1,0.0,0,0,0.0,0,1,1,1,0,0,0,1,0,4.0,0.0,0.0,1.0,0.0,0.0,11.9,6.1,9.9,0.0,0.0,0.0,4.1,57.0,127.0,-9.1,da254a8b-34b0-486e-97ab-caf7a73363de,DEN,ORL,Home,120,122,0
Braxton Key,1,5.95,1,3,0.333,1,2,0.5,0,0,0.0,0,2,2,1,0,0,0,1,3,6.0,0.5,0.5,0.667,0.0,0.0,40.3,20.7,20.2,0.0,0.0,0.0,20.8,118.0,119.0,2.7,da254a8b-34b0-486e-97ab-caf7a73363de,DEN,ORL,Home,120,122,0
Collin Gillespie,0,0.0,0,0,0.0,0,0,0.0,0,0,0.0,0,0,0,0,0,0,0,0,0,0.0,0.0,0.0,0.0,0.0,0.0,0.0,0.0,0.0,0.0,0.0,0.0,0.0,0.0,0.0,0.0,da254a8b-34b0-486e-97ab-caf7a73363de,DEN,ORL,Home,120,122,0
Jay Huff,0,0.0,0,0,0.0,0,0,0.0,0,0,0.0,0,0,0,0,0,0,0,0,0,0.0,0.0,0.0,0.0,0.0,0.0,0.0,0.0,0.0,0.0,0.0,0.0,0.0,0.0,0.0,0.0,da254a8b-34b0-486e-97ab-caf7a73363de,DEN,ORL,Home,120,122,0
DeAndre Jordan,0,0.0,0,0,0.0,0,0,0.0,0,0,0.0,0,0,0,0,0,0,0,0,0,0.0,0.0,0.0,0.0,0.0,0.0,0.0,0.0,0.0,0.0,0.0,0.0,0.0,0.0,0.0,0.0,da254a8b-34b0-486e-97ab-caf7a73363de,DEN,ORL,Home,120,122,0
Kentavious Caldwell-Pope,1,36.11666666666667,6,10,0.6,3,6,0.5,3,3,1.0,0,4,4,0,2,1,3,2,18,12.0,0.795,0.75,0.6,0.3,0.0,11.8,7.1,0.0,2.7,2.0,20.9,18.0,112.0,116.0,-2.0,c3c0f8bb-de60-47b1-9268-868560d250e8,DEN,DET,Home,131,114,1
Jamal Murray,1,30.016666666666666,14,24,0.583,3,8,0.375,6,7,0.857,2,3,5,4,1,1,1,4,37,11.0,0.683,0.646,0.333,0.292,10.7,10.7,10.7,26.0,1.6,2.5,3.6,42.5,137.0,118.0,7.4,c3c0f8bb-de60-47b1-9268-868560d250e8,DEN,DET,Home,131,114,1
Michael Porter Jr.,1,28.066666666666663,7,12,0.583,1,5,0.2,3,3,1.0,0,1,1,2,0,0,1,1,18,29.0,0.676,0.625,0.417,0.25,0.0,3.8,2.3,9.8,0.0,0.0,7.0,23.2,127.0,125.0,-4.6,c3c0f8bb-de60-47b1-9268-868560d250e8,DEN,DET,Home,131,114,1
Nikola Jokić,1,24.616666666666667,2,3,0.667,0,0,0.0,0,0,0.0,0,7,7,16,0,5,2,4,4,16.0,0.667,0.667,0.0,0.0,0.0,30.3,18.2,72.4,0.0,15.0,40.0,9.2,153.0,106.0,21.7,c3c0f8bb-de60-47b1-9268-868560d250e8,DEN,DET,Home,131,114,1
Aaron Gordon,1,20.35,3,4,0.75,0,0,0.0,2,2,1.0,1,0,1,1,1,0,0,0,8,10.0,0.82,0.75,0.0,0.5,7.9,0.0,3.1,5.9,2.4,0.0,0.0,10.9,176.0,122.0,0.4,c3c0f8bb-de60-47b1-9268-868560d250e8,DEN,DET,Home,131,114,1
Peyton Watson,1,23.366666666666667,4,10,0.4,2,4,0.5,5,5,1.0,1,5,6,1,1,1,0,0,15,7.0,0.615,0.5,0.4,0.5,6.8,22.8,16.4,5.3,2.1,3.2,0.0,23.7,135.0,113.0,1.2,c3c0f8bb-de60-47b1-9268-868560d250e8,DEN,DET,Home,131,114,1
Reggie Jackson,1,21.2,5,7,0.714,1,1,1.0,2,2,1.0,2,1,3,9,1,0,1,5,13,14.0,0.825,0.786,0.143,0.286,15.1,5.0,9.1,57.1,2.3,0.0,11.3,19.0,170.0,119.0,10.9,c3c0f8bb-de60-47b1-9268-868560d250e8,DEN,DET,Home,131,114,1
Christian Braun,1,21.016666666666666,3,5,0.6,0,1,0.0,1,2,0.5,0,3,3,1,0,1,0,0,7,6.0,0.595,0.6,0.2,0.4,0.0,15.2,9.1,5.7,0.0,3.5,0.0,12.7,124.0,120.0,-3.9,c3c0f8bb-de60-47b1-9268-868560d250e8,DEN,DET,Home,131,114,1
DeAndre Jordan,1,20.9,3,3,1.0,0,0,0.0,3,5,0.6,0,7,7,1,0,1,3,5,9,7.0,0.865,1.0,0.0,1.667,0.0,35.7,21.4,5.7,0.0,3.5,36.6,17.8,100.0,112.0,-7.7,c3c0f8bb-de60-47b1-9268-868560d250e8,DEN,DET,Home,131,114,1
Justin Holiday,1,4.416666666666667,0,0,0.0,0,0,0.0,0,0,0.0,0,0,0,0,0,0,0,0,0,-3.0,0.0,0.0,0.0,0.0,0.0,0.0,0.0,0.0,0.0,0.0,0.0,0.0,0.0,127.0,-9.0,c3c0f8bb-de60-47b1-9268-868560d250e8,DEN,DET,Home,131,114,1
Braxton Key,1,2.4833333333333334,0,0,0.0,0,0,0.0,2,2,1.0,0,1,1,0,0,0,0,0,2,-6.0,1.136,0.0,0.0,0.0,0.0,43.0,25.8,0.0,0.0,0.0,0.0,16.1,250.0,113.0,9.8,c3c0f8bb-de60-47b1-9268-868560d250e8,DEN,DET,Home,131,114,1
Collin Gillespie,1,2.4833333333333334,0,0,0.0,0,0,0.0,0,0,0.0,0,0,0,0,0,0,1,1,0,-6.0,0.0,0.0,0.0,0.0,0.0,0.0,0.0,0.0,0.0,0.0,100.0,18.3,0.0,125.0,-36.6,c3c0f8bb-de60-47b1-9268-868560d250e8,DEN,DET,Home,131,114,1
Jay Huff,1,2.4833333333333334,0,1,0.0,0,1,0.0,0,0,0.0,0,0,0,0,0,0,0,1,0,-6.0,0.0,0.0,1.0,0.0,0.0,0.0,0.0,0.0,0.0,0.0,0.0,18.3,0.0,125.0,-37.2,c3c0f8bb-de60-47b1-9268-868560d250e8,DEN,DET,Home,131,114,1
Zeke Nnaji,1,2.4833333333333334,0,1,0.0,0,1,0.0,0,0,0.0,0,0,0,0,0,0,0,0,0,-6.0,0.0,0.0,1.0,0.0,0.0,0.0,0.0,0.0,0.0,0.0,0.0,18.3,0.0,127.0,-29.7,c3c0f8bb-de60-47b1-9268-868560d250e8,DEN,DET,Home,131,114,1
Jamal Murray,1,31.28333333333333,6,15,0.4,1,5,0.2,4,4,1.0,0,1,1,6,1,2,4,3,17,-27.0,0.507,0.433,0.333,0.267,0.0,4.6,2.1,33.1,1.5,6.1,19.3,29.1,95.0,125.0,-4.2,cd0091f4-24ee-4622-93f7-f09371b59104,DEN,UTA,Away,111,124,0
Nikola Jokić,1,30.466666666666665,8,9,0.889,1,1,1.0,10,12,0.833,1,10,11,6,1,0,6,3,27,-21.0,0.945,0.944,0.111,1.333,3.8,47.7,23.4,38.7,1.6,0.0,29.6,29.2,135.0,123.0,10.7,cd0091f4-24ee-4622-93f7-f09371b59104,DEN,UTA,Away,111,124,0
Aaron Gordon,1,28.55,5,6,0.833,2,2,1.0,0,0,0.0,2,3,5,4,1,0,2,4,12,-20.0,1.0,1.0,0.333,0.0,8.2,15.3,11.4,23.5,1.7,0.0,25.0,12.3,150.0,127.0,4.2,cd0091f4-24ee-4622-93f7-f09371b59104,DEN,UTA,Away,111,124,0
Kentavious Caldwell-Pope,1,28.33333333333333,4,9,0.444,2,5,0.4,2,2,1.0,0,1,1,1,4,1,1,2,12,-20.0,0.607,0.556,0.556,0.222,0.0,5.1,2.3,5.6,6.8,3.4,9.2,16.9,111.0,115.0,4.1,cd0091f4-24ee-4622-93f7-f09371b59104,DEN,UTA,Away,111,124,0
Michael Porter Jr.,1,24.03333333333333,2,9,0.222,1,3,0.333,0,0,0.0,1,3,4,1,0,0,1,2,5,-18.0,0.278,0.278,0.333,0.0,4.9,18.2,10.8,6.1,0.0,0.0,10.0,18.3,64.0,131.0,-15.5,cd0091f4-24ee-4622-93f7-f09371b59104,DEN,UTA,Away,111,124,0
Reggie Jackson,1,20.3,2,7,0.286,1,4,0.25,0,0,0.0,0,0,0,2,0,0,0,2,5,3.0,0.357,0.357,0.571,0.0,0.0,0.0,0.0,14.7,0.0,0.0,0.0,15.1,87.0,133.0,-11.9,cd0091f4-24ee-4622-93f7-f09371b59104,DEN,UTA,Away,111,124,0
Peyton Watson,1,17.266666666666666,1,8,0.125,1,5,0.2,0,0,0.0,1,1,2,0,0,0,0,1,3,-12.0,0.188,0.188,0.625,0.0,6.8,8.4,7.5,0.0,0.0,0.0,0.0,20.3,51.0,132.0,-19.8,cd0091f4-24ee-4622-93f7-f09371b59104,DEN,UTA,Away,111,124,0
Christian Braun,1,16.716666666666665,2,4,0.5,1,2,0.5,0,0,0.0,0,3,3,1,1,0,1,1,5,-5.0,0.625,0.625,0.5,0.0,0.0,26.1,11.6,9.2,2.9,0.0,20.0,13.1,98.0,123.0,-2.1,cd0091f4-24ee-4622-93f7-f09371b59104,DEN,UTA,Away,111,124,0
Justin Holiday,1,12.35,1,3,0.333,1,3,0.333,0,0,0.0,0,0,0,1,1,0,0,2,3,11.0,0.5,0.5,1.0,0.0,0.0,0.0,0.0,11.7,3.9,0.0,0.0,10.7,112.0,124.0,-3.0,cd0091f4-24ee-4622-93f7-f09371b59104,DEN,UTA,Away,111,124,0
DeAndre Jordan,1,7.633333333333333,1,3,0.333,0,0,0.0,3,4,0.75,2,3,5,0,0,1,0,0,5,-4.0,0.525,0.333,0.0,1.333,30.7,57.2,42.5,0.0,0.0,12.6,0.0,27.4,131.0,117.0,2.1,cd0091f4-24ee-4622-93f7-f09371b59104,DEN,UTA,Away,111,124,0
Collin Gillespie,1,5.766666666666667,2,3,0.667,1,1,1.0,3,4,0.75,0,1,1,1,0,0,0,0,8,12.0,0.84,0.833,0.333,1.333,0.0,25.2,11.2,40.9,0.0,0.0,0.0,36.2,171.0,130.0,23.1,cd0091f4-24ee-4622-93f7-f09371b59104,DEN,UTA,Away,111,124,0
Zeke Nnaji,1,5.766666666666667,1,2,0.5,1,1,1.0,2,2,1.0,0,0,0,1,1,0,0,2,5,12.0,0.868,0.75,0.5,1.0,0.0,0.0,0.0,29.0,8.4,0.0,0.0,21.9,184.0,114.0,20.2,cd0091f4-24ee-4622-93f7-f09371b59104,DEN,UTA,Away,111,124,0
Jay Huff,1,5.766666666666667,1,2,0.5,0,1,0.0,0,0,0.0,0,0,0,1,0,0,1,1,2,12.0,0.5,0.5,0.5,0.0,0.0,0.0,0.0,29.0,0.0,0.0,33.3,22.8,77.0,133.0,-12.0,cd0091f4-24ee-4622-93f7-f09371b59104,DEN,UTA,Away,111,124,0
Braxton Key,1,5.766666666666667,1,1,1.0,0,0,0.0,0,0,0.0,1,0,1,1,1,0,0,0,2,12.0,1.0,1.0,0.0,0.0,20.3,0.0,11.2,29.0,8.4,0.0,0.0,7.6,216.0,114.0,17.7,cd0091f4-24ee-4622-93f7-f09371b59104,DEN,UTA,Away,111,124,0
Jamal Murray,1,34.11666666666667,8,15,0.533,3,5,0.6,1,1,1.0,0,2,2,9,0,0,2,3,20,18.0,0.648,0.633,0.333,0.067,0.0,6.1,3.4,32.7,0.0,0.0,11.5,22.0,135.0,121.0,3.7,60db62a4-774b-4f2f-b11a-995ee9a4d9c6,DEN,NOP,Home,125,113,1
Michael Porter Jr.,1,33.38333333333333,8,12,0.667,2,5,0.4,2,3,0.667,1,9,10,1,1,1,1,2,20,14.0,0.751,0.75,0.417,0.25,3.9,28.1,17.3,3.7,1.5,2.6,7.0,18.4,142.0,111.0,6.5,60db62a4-774b-4f2f-b11a-995ee9a4d9c6,DEN,NOP,Home,125,113,1
Nikola Jokić,1,32.18333333333333,11,17,0.647,1,2,0.5,4,4,1.0,3,7,10,14,0,1,2,4,27,12.0,0.72,0.676,0.118,0.235,12.1,22.7,18.0,62.2,0.0,2.7,9.6,27.7,158.0,115.0,21.9,60db62a4-774b-4f2f-b11a-995ee9a4d9c6,DEN,NOP,Home,125,113,1
Kentavious Caldwell-Pope,1,31.0,4,9,0.444,3,6,0.5,0,0,0.0,0,2,2,3,2,0,0,0,11,9.0,0.611,0.611,0.667,0.0,0.0,6.7,3.7,10.6,3.2,0.0,0.0,12.5,139.0,114.0,5.2,60db62a4-774b-4f2f-b11a-995ee9a4d9c6,DEN,NOP,Home,125,113,1
Aaron Gordon,1,30.98333333333333,7,12,0.583,0,2,0.0,1,3,0.333,3,2,5,2,0,0,2,2,15,9.0,0.563,0.583,0.167,0.25,12.6,6.7,9.3,7.9,0.0,0.0,13.1,21.3,112.0,121.0,-4.7,60db62a4-774b-4f2f-b11a-995ee9a4d9c6,DEN,NOP,Home,125,113,1
Reggie Jackson,1,24.35,5,10,0.5,2,5,0.4,0,0,0.0,0,2,2,0,1,0,3,1,12,4.0,0.6,0.6,0.5,0.0,0.0,8.6,4.8,0.0,2.0,0.0,23.1,23.0,86.0,116.0,-6.5,60db62a4-774b-4f2f-b11a-995ee9a4d9c6,DEN,NOP,Home,125,113,1
Christian Braun,1,16.716666666666665,1,4,0.25,1,4,0.25,1,2,0.5,1,5,6,0,0,0,3,2,4,7.0,0.41,0.375,1.0,0.5,7.8,31.2,20.8,0.0,0.0,0.0,38.1,20.3,60.0,116.0,-15.0,60db62a4-774b-4f2f-b11a-995ee9a4d9c6,DEN,NOP,Home,125,113,1
Peyton Watson,1,15.083333333333334,3,7,0.429,2,4,0.5,0,0,0.0,1,2,3,0,1,1,0,1,8,9.0,0.571,0.571,0.571,0.0,8.6,13.8,11.5,0.0,3.2,5.7,0.0,20.0,124.0,107.0,5.1,60db62a4-774b-4f2f-b11a-995ee9a4d9c6,DEN,NOP,Home,125,113,1
DeAndre Jordan,1,13.883333333333333,2,2,1.0,0,0,0.0,2,2,1.0,1,6,7,1,0,1,0,1,6,6.0,1.042,1.0,0.0,1.0,9.3,45.1,29.2,8.0,0.0,6.2,0.0,8.9,220.0,108.0,12.4,60db62a4-774b-4f2f-b11a-995ee9a4d9c6,DEN,NOP,Home,125,113,1
Collin Gillespie,1,1.9333333333333331,1,1,1.0,0,0,0.0,0,0,0.0,0,0,0,0,0,0,0,1,2,-6.0,1.0,1.0,0.0,0.0,0.0,0.0,0.0,0.0,0.0,0.0,0.0,22.2,200.0,120.0,3.9,60db62a4-774b-4f2f-b11a-995ee9a4d9c6,DEN,NOP,Home,125,113,1
Justin Holiday,1,1.9333333333333331,0,0,0.0,0,0,0.0,0,0,0.0,0,0,0,0,0,0,1,0,0,-6.0,0.0,0.0,0.0,0.0,0.0,0.0,0.0,0.0,0.0,0.0,100.0,22.2,0.0,123.0,-29.7,60db62a4-774b-4f2f-b11a-995ee9a4d9c6,DEN,NOP,Home,125,113,1
Jay Huff,1,1.9333333333333331,0,0,0.0,0,0,0.0,0,0,0.0,0,1,1,0,0,0,0,1,0,-6.0,0.0,0.0,0.0,0.0,0.0,54.0,29.9,0.0,0.0,0.0,0.0,0.0,0.0,109.0,-10.6,60db62a4-774b-4f2f-b11a-995ee9a4d9c6,DEN,NOP,Home,125,113,1
Zeke Nnaji,1,1.9333333333333331,0,1,0.0,0,0,0.0,0,0,0.0,0,0,0,0,0,0,0,0,0,-6.0,0.0,0.0,0.0,0.0,0.0,0.0,0.0,0.0,0.0,0.0,0.0,22.2,0.0,123.0,-29.6,60db62a4-774b-4f2f-b11a-995ee9a4d9c6,DEN,NOP,Home,125,113,1
Braxton Key,1,0.5666666666666667,0,0,0.0,0,0,0.0,0,0,0.0,0,0,0,0,0,0,1,0,0,-4.0,0.0,0.0,0.0,0.0,0.0,0.0,0.0,0.0,0.0,0.0,100.0,75.9,0.0,123.0,-88.7,60db62a4-774b-4f2f-b11a-995ee9a4d9c6,DEN,NOP,Home,125,113,1
Kentavious Caldwell-Pope,1,37.23333333333333,3,4,0.75,2,3,0.667,3,3,1.0,0,2,2,1,2,0,1,2,11,11.0,1.034,1.0,0.75,0.75,0.0,5.2,3.3,3.1,2.6,0.0,15.8,8.0,165.0,112.0,3.2,a064e5ca-786d-4f36-8057-545e5252621a,DEN,IND,Home,117,109,1
Aaron Gordon,1,37.21666666666667,7,10,0.7,0,1,0.0,6,8,0.75,1,9,10,3,0,0,2,0,20,17.0,0.74,0.7,0.1,0.8,4.8,23.2,16.7,10.5,0.0,0.0,12.9,19.6,136.0,112.0,1.3,a064e5ca-786d-4f36-8057-545e5252621a,DEN,IND,Home,117,109,1
Michael Porter Jr.,1,36.833333333333336,9,15,0.6,7,11,0.636,0,0,0.0,0,8,8,5,1,2,1,1,25,13.0,0.833,0.833,0.733,0.0,0.0,20.9,13.5,19.0,1.3,4.1,6.3,20.4,150.0,107.0,15.4,a064e5ca-786d-4f36-8057-545e5252621a,DEN,IND,Home,117,109,1
Jamal Murray,1,36.16666666666666,11,18,0.611,1,4,0.25,2,4,0.5,0,1,1,8,1,0,5,3,25,-5.0,0.633,0.639,0.222,0.222,0.0,2.7,1.7,33.8,1.4,0.0,20.2,32.2,110.0,116.0,-3.2,a064e5ca-786d-4f36-8057-545e5252621a,DEN,IND,Home,117,109,1
Nikola Jokić,1,33.083333333333336,12,13,0.923,0,0,0.0,1,2,0.5,3,9,12,9,2,1,7,3,25,10.0,0.901,0.923,0.0,0.154,16.1,26.1,22.6,45.7,3.0,2.3,33.5,29.7,129.0,103.0,12.4,a064e5ca-786d-4f36-8057-545e5252621a,DEN,IND,Home,117,109,1
Reggie Jackson,1,23.4,3,3,1.0,0,0,0.0,3,4,0.75,0,0,0,4,1,0,3,1,9,4.0,0.945,1.0,0.0,1.333,0.0,0.0,0.0,20.6,2.1,0.0,38.7,15.6,126.0,115.0,0.8,a064e5ca-786d-4f36-8057-545e5252621a,DEN,IND,Home,117,109,1
Christian Braun,1,14.75,1,5,0.2,0,1,0.0,0,2,0.0,0,2,2,0,0,0,0,1,2,-5.0,0.17,0.2,0.2,0.4,0.0,13.0,8.5,0.0,0.0,0.0,0.0,18.7,35.0,115.0,-20.4,a064e5ca-786d-4f36-8057-545e5252621a,DEN,IND,Home,117,109,1
Peyton Watson,1,13.65,0,3,0.0,0,0,0.0,0,0,0.0,0,3,3,0,1,0,0,3,0,-1.0,0.0,0.0,0.0,0.0,0.0,21.1,13.7,0.0,3.6,0.0,0.0,10.3,0.0,104.0,-14.2,a064e5ca-786d-4f36-8057-545e5252621a,DEN,IND,Home,117,109,1
DeAndre Jordan,1,7.383333333333334,0,0,0.0,0,0,0.0,0,0,0.0,0,2,2,1,0,0,2,4,0,-4.0,0.0,0.0,0.0,0.0,0.0,26.0,16.9,14.1,0.0,0.0,100.0,12.7,33.0,108.0,-17.9,a064e5ca-786d-4f36-8057-545e5252621a,DEN,IND,Home,117,109,1
Justin Holiday,1,0.2666666666666666,0,0,0.0,0,0,0.0,0,0,0.0,0,0,0,0,0,0,0,0,0,0.0,0.0,0.0,0.0,0.0,0.0,0.0,0.0,0.0,0.0,0.0,0.0,0.0,0.0,120.0,-4.8,a064e5ca-786d-4f36-8057-545e5252621a,DEN,IND,Home,117,109,1
Collin Gillespie,0,0.0,0,0,0.0,0,0,0.0,0,0,0.0,0,0,0,0,0,0,0,0,0,0.0,0.0,0.0,0.0,0.0,0.0,0.0,0.0,0.0,0.0,0.0,0.0,0.0,0.0,0.0,0.0,a064e5ca-786d-4f36-8057-545e5252621a,DEN,IND,Home,117,109,1
Jay Huff,0,0.0,0,0,0.0,0,0,0.0,0,0,0.0,0,0,0,0,0,0,0,0,0,0.0,0.0,0.0,0.0,0.0,0.0,0.0,0.0,0.0,0.0,0.0,0.0,0.0,0.0,0.0,0.0,a064e5ca-786d-4f36-8057-545e5252621a,DEN,IND,Home,117,109,1
Braxton Key,0,0.0,0,0,0.0,0,0,0.0,0,0,0.0,0,0,0,0,0,0,0,0,0,0.0,0.0,0.0,0.0,0.0,0.0,0.0,0.0,0.0,0.0,0.0,0.0,0.0,0.0,0.0,0.0,a064e5ca-786d-4f36-8057-545e5252621a,DEN,IND,Home,117,109,1
Zeke Nnaji,0,0.0,0,0,0.0,0,0,0.0,0,0,0.0,0,0,0,0,0,0,0,0,0,0.0,0.0,0.0,0.0,0.0,0.0,0.0,0.0,0.0,0.0,0.0,0.0,0.0,0.0,0.0,0.0,a064e5ca-786d-4f36-8057-545e5252621a,DEN,IND,Home,117,109,1
Aaron Gordon,1,38.5,7,11,0.636,0,1,0.0,2,6,0.333,3,3,6,4,0,0,2,5,16,0.0,0.587,0.636,0.091,0.545,8.7,10.7,9.6,13.7,0.0,0.0,12.8,17.7,121.0,140.0,-3.3,3dd29341-f906-44e5-9dd6-202bd45d4ef2,DEN,PHI,Away,121,126,0
Jamal Murray,1,38.13333333333333,7,16,0.438,1,3,0.333,2,2,1.0,1,2,3,10,0,1,2,0,17,-5.0,0.504,0.469,0.188,0.125,2.9,7.2,4.8,34.8,0.0,2.8,10.6,21.6,125.0,139.0,1.9,3dd29341-f906-44e5-9dd6-202bd45d4ef2,DEN,PHI,Away,121,126,0
Nikola Jokić,1,38.0,11,20,0.55,0,2,0.0,3,4,0.75,11,8,19,3,1,1,4,3,25,1.0,0.574,0.55,0.1,0.2,32.3,28.9,30.8,12.2,1.4,2.8,15.5,29.6,124.0,133.0,3.1,3dd29341-f906-44e5-9dd6-202bd45d4ef2,DEN,PHI,Away,121,126,0
Michael Porter Jr.,1,33.78333333333333,6,12,0.5,4,8,0.5,4,5,0.8,0,5,5,0,1,0,1,3,20,-12.0,0.704,0.667,0.667,0.417,0.0,20.3,9.1,0.0,1.5,0.0,6.6,19.6,141.0,136.0,2.4,3dd29341-f906-44e5-9dd6-202bd45d4ef2,DEN,PHI,Away,121,126,0
Kentavious Caldwell-Pope,1,32.78333333333333,5,13,0.385,2,7,0.286,1,1,1.0,0,5,5,2,1,0,0,2,13,-3.0,0.484,0.462,0.538,0.077,0.0,20.9,9.4,7.8,1.6,0.0,0.0,17.9,120.0,136.0,-3.0,3dd29341-f906-44e5-9dd6-202bd45d4ef2,DEN,PHI,Away,121,126,0
Reggie Jackson,1,19.666666666666668,3,6,0.5,2,3,0.667,2,2,1.0,0,2,2,2,1,0,1,0,10,4.0,0.727,0.667,0.5,0.333,0.0,13.9,6.3,13.0,2.7,0.0,12.7,17.5,143.0,135.0,6.1,3dd29341-f906-44e5-9dd6-202bd45d4ef2,DEN,PHI,Away,121,126,0
Christian Braun,1,17.8,3,5,0.6,2,3,0.667,3,3,1.0,0,4,4,0,0,1,0,3,11,3.0,0.87,0.8,0.6,0.6,0.0,30.8,13.8,0.0,0.0,6.0,0.0,15.5,189.0,133.0,8.3,3dd29341-f906-44e5-9dd6-202bd45d4ef2,DEN,PHI,Away,121,126,0
Peyton Watson,1,11.3,1,4,0.25,1,2,0.5,2,2,1.0,1,0,1,2,0,0,0,0,5,-8.0,0.512,0.375,0.5,0.5,9.9,0.0,5.4,20.8,0.0,0.0,0.0,18.8,148.0,142.0,4.7,3dd29341-f906-44e5-9dd6-202bd45d4ef2,DEN,PHI,Away,121,126,0
DeAndre Jordan,1,9.983333333333333,2,2,1.0,0,0,0.0,0,0,0.0,0,1,1,0,0,0,0,3,4,-5.0,1.0,1.0,0.0,0.0,0.0,13.7,6.2,0.0,0.0,0.0,0.0,8.7,200.0,139.0,-2.9,3dd29341-f906-44e5-9dd6-202bd45d4ef2,DEN,PHI,Away,121,126,0
Collin Gillespie,0,0.0,0,0,0.0,0,0,0.0,0,0,0.0,0,0,0,0,0,0,0,0,0,0.0,0.0,0.0,0.0,0.0,0.0,0.0,0.0,0.0,0.0,0.0,0.0,0.0,0.0,0.0,0.0,3dd29341-f906-44e5-9dd6-202bd45d4ef2,DEN,PHI,Away,121,126,0
Justin Holiday,0,0.0,0,0,0.0,0,0,0.0,0,0,0.0,0,0,0,0,0,0,0,0,0,0.0,0.0,0.0,0.0,0.0,0.0,0.0,0.0,0.0,0.0,0.0,0.0,0.0,0.0,0.0,0.0,3dd29341-f906-44e5-9dd6-202bd45d4ef2,DEN,PHI,Away,121,126,0
Jay Huff,0,0.0,0,0,0.0,0,0,0.0,0,0,0.0,0,0,0,0,0,0,0,0,0,0.0,0.0,0.0,0.0,0.0,0.0,0.0,0.0,0.0,0.0,0.0,0.0,0.0,0.0,0.0,0.0,3dd29341-f906-44e5-9dd6-202bd45d4ef2,DEN,PHI,Away,121,126,0
Braxton Key,0,0.0,0,0,0.0,0,0,0.0,0,0,0.0,0,0,0,0,0,0,0,0,0,0.0,0.0,0.0,0.0,0.0,0.0,0.0,0.0,0.0,0.0,0.0,0.0,0.0,0.0,0.0,0.0,3dd29341-f906-44e5-9dd6-202bd45d4ef2,DEN,PHI,Away,121,126,0
Zeke Nnaji,0,0.0,0,0,0.0,0,0,0.0,0,0,0.0,0,0,0,0,0,0,0,0,0,0.0,0.0,0.0,0.0,0.0,0.0,0.0,0.0,0.0,0.0,0.0,0.0,0.0,0.0,0.0,0.0,3dd29341-f906-44e5-9dd6-202bd45d4ef2,DEN,PHI,Away,121,126,0
Jalen Pickett,0,0.0,0,0,0.0,0,0,0.0,0,0,0.0,0,0,0,0,0,0,0,0,0,0.0,0.0,0.0,0.0,0.0,0.0,0.0,0.0,0.0,0.0,0.0,0.0,0.0,0.0,0.0,0.0,3dd29341-f906-44e5-9dd6-202bd45d4ef2,DEN,PHI,Away,121,126,0
Aaron Gordon,1,41.56666666666667,0,6,0.0,0,3,0.0,2,3,0.667,2,8,10,3,0,1,1,3,2,1.0,0.137,0.0,0.5,0.5,6.4,18.9,13.6,8.2,0.0,2.6,12.0,10.0,66.0,118.0,-6.9,61397cab-d6f0-49cb-a8b6-57e904d4651e,DEN,BOS,Away,102,100,1
Nikola Jokić,1,38.266666666666666,14,22,0.636,2,4,0.5,4,4,1.0,2,10,12,9,0,0,4,1,34,1.0,0.715,0.682,0.182,0.182,7.0,25.6,17.7,46.2,0.0,0.0,14.4,36.4,136.0,117.0,20.5,61397cab-d6f0-49cb-a8b6-57e904d4651e,DEN,BOS,Away,102,100,1
Michael Porter Jr.,1,37.45,5,9,0.556,1,4,0.25,2,3,0.667,4,4,8,0,0,0,1,3,13,6.0,0.63,0.611,0.444,0.333,14.2,10.5,12.1,0.0,0.0,0.0,8.8,15.2,131.0,123.0,-1.0,61397cab-d6f0-49cb-a8b6-57e904d4651e,DEN,BOS,Away,102,100,1
Jamal Murray,1,36.98333333333333,15,21,0.714,3,7,0.429,2,3,0.667,0,8,8,5,0,0,1,3,35,-7.0,0.784,0.786,0.333,0.143,0.0,21.2,12.2,28.8,0.0,0.0,4.3,31.6,156.0,118.0,18.7,61397cab-d6f0-49cb-a8b6-57e904d4651e,DEN,BOS,Away,102,100,1
Kentavious Caldwell-Pope,1,36.78333333333333,2,6,0.333,1,3,0.333,0,0,0.0,1,4,5,1,0,0,0,1,5,0.0,0.417,0.417,0.5,0.0,3.6,10.7,7.7,3.3,0.0,0.0,0.0,8.2,108.0,123.0,-3.5,61397cab-d6f0-49cb-a8b6-57e904d4651e,DEN,BOS,Away,102,100,1
Reggie Jackson,1,20.666666666666668,2,4,0.5,0,2,0.0,0,0,0.0,1,1,2,2,0,0,2,0,4,10.0,0.5,0.5,0.5,0.0,6.5,4.7,5.5,12.4,0.0,0.0,33.3,14.6,88.0,125.0,-5.6,61397cab-d6f0-49cb-a8b6-57e904d4651e,DEN,BOS,Away,102,100,1
Peyton Watson,1,20.58333333333333,4,11,0.364,1,6,0.167,0,0,0.0,0,2,2,0,0,2,0,2,9,7.0,0.409,0.409,0.545,0.0,0.0,9.5,5.5,0.0,0.0,10.4,0.0,26.8,90.0,116.0,-4.7,61397cab-d6f0-49cb-a8b6-57e904d4651e,DEN,BOS,Away,102,100,1
Christian Braun,1,5.083333333333333,0,2,0.0,0,2,0.0,0,0,0.0,0,0,0,0,0,0,0,0,0,-7.0,0.0,0.0,1.0,0.0,0.0,0.0,0.0,0.0,0.0,0.0,0.0,19.7,0.0,127.0,-24.0,61397cab-d6f0-49cb-a8b6-57e904d4651e,DEN,BOS,Away,102,100,1
Justin Holiday,1,2.6166666666666667,0,0,0.0,0,0,0.0,0,0,0.0,0,0,0,0,0,0,0,0,0,-1.0,0.0,0.0,0.0,0.0,0.0,0.0,0.0,0.0,0.0,0.0,0.0,0.0,0.0,127.0,-4.6,61397cab-d6f0-49cb-a8b6-57e904d4651e,DEN,BOS,Away,102,100,1
Collin Gillespie,0,0.0,0,0,0.0,0,0,0.0,0,0,0.0,0,0,0,0,0,0,0,0,0,0.0,0.0,0.0,0.0,0.0,0.0,0.0,0.0,0.0,0.0,0.0,0.0,0.0,0.0,0.0,0.0,61397cab-d6f0-49cb-a8b6-57e904d4651e,DEN,BOS,Away,102,100,1
Jay Huff,0,0.0,0,0,0.0,0,0,0.0,0,0,0.0,0,0,0,0,0,0,0,0,0,0.0,0.0,0.0,0.0,0.0,0.0,0.0,0.0,0.0,0.0,0.0,0.0,0.0,0.0,0.0,0.0,61397cab-d6f0-49cb-a8b6-57e904d4651e,DEN,BOS,Away,102,100,1
DeAndre Jordan,0,0.0,0,0,0.0,0,0,0.0,0,0,0.0,0,0,0,0,0,0,0,0,0,0.0,0.0,0.0,0.0,0.0,0.0,0.0,0.0,0.0,0.0,0.0,0.0,0.0,0.0,0.0,0.0,61397cab-d6f0-49cb-a8b6-57e904d4651e,DEN,BOS,Away,102,100,1
Braxton Key,0,0.0,0,0,0.0,0,0,0.0,0,0,0.0,0,0,0,0,0,0,0,0,0,0.0,0.0,0.0,0.0,0.0,0.0,0.0,0.0,0.0,0.0,0.0,0.0,0.0,0.0,0.0,0.0,61397cab-d6f0-49cb-a8b6-57e904d4651e,DEN,BOS,Away,102,100,1
Zeke Nnaji,0,0.0,0,0,0.0,0,0,0.0,0,0,0.0,0,0,0,0,0,0,0,0,0,0.0,0.0,0.0,0.0,0.0,0.0,0.0,0.0,0.0,0.0,0.0,0.0,0.0,0.0,0.0,0.0,61397cab-d6f0-49cb-a8b6-57e904d4651e,DEN,BOS,Away,102,100,1
Hunter Tyson,0,0.0,0,0,0.0,0,0,0.0,0,0,0.0,0,0,0,0,0,0,0,0,0,0.0,0.0,0.0,0.0,0.0,0.0,0.0,0.0,0.0,0.0,0.0,0.0,0.0,0.0,0.0,0.0,61397cab-d6f0-49cb-a8b6-57e904d4651e,DEN,BOS,Away,102,100,1
Jamal Murray,1,38.8,7,23,0.304,3,8,0.375,2,2,1.0,1,4,5,7,0,0,1,2,19,4.0,0.398,0.37,0.348,0.087,3.0,10.1,6.9,25.2,0.0,0.0,4.0,27.2,102.0,114.0,-6.8,4b3ce241-ad23-4a2b-96fc-4737d0135074,DEN,WAS,Away,113,104,1
Nikola Jokić,1,36.083333333333336,15,20,0.75,0,0,0.0,12,14,0.857,4,8,12,8,2,2,0,2,42,20.0,0.803,0.75,0.0,0.7,13.0,21.7,17.7,46.2,2.7,4.2,0.0,30.7,176.0,101.0,29.4,4b3ce241-ad23-4a2b-96fc-4737d0135074,DEN,WAS,Away,113,104,1
Kentavious Caldwell-Pope,1,35.35,4,9,0.444,1,5,0.2,1,2,0.5,0,3,3,3,3,0,2,2,10,10.0,0.506,0.5,0.556,0.222,0.0,8.3,4.5,10.8,4.2,0.0,16.8,14.2,96.0,106.0,-3.7,4b3ce241-ad23-4a2b-96fc-4737d0135074,DEN,WAS,Away,113,104,1
Michael Porter Jr.,1,32.416666666666664,8,14,0.571,3,7,0.429,0,0,0.0,0,5,5,0,2,2,3,2,19,13.0,0.679,0.679,0.5,0.0,0.0,15.1,8.2,0.0,3.0,4.6,17.6,22.2,103.0,103.0,1.1,4b3ce241-ad23-4a2b-96fc-4737d0135074,DEN,WAS,Away,113,104,1
Aaron Gordon,1,31.05,4,10,0.4,0,0,0.0,3,7,0.429,3,7,10,2,1,3,1,0,11,12.0,0.42,0.4,0.0,0.7,11.3,22.1,17.2,8.4,1.6,7.2,7.1,19.2,100.0,102.0,-0.9,4b3ce241-ad23-4a2b-96fc-4737d0135074,DEN,WAS,Away,113,104,1
Christian Braun,1,21.05,1,3,0.333,0,0,0.0,0,0,0.0,2,4,6,2,0,1,1,3,2,-9.0,0.333,0.333,0.0,0.0,11.1,18.6,15.2,11.2,0.0,3.6,25.0,8.0,95.0,109.0,-6.7,4b3ce241-ad23-4a2b-96fc-4737d0135074,DEN,WAS,Away,113,104,1
Reggie Jackson,1,20.83333333333333,1,4,0.25,1,2,0.5,0,0,0.0,0,1,1,3,0,0,0,1,3,5.0,0.375,0.375,0.5,0.0,0.0,4.7,2.6,17.0,0.0,0.0,0.0,8.1,115.0,116.0,-7.5,4b3ce241-ad23-4a2b-96fc-4737d0135074,DEN,WAS,Away,113,104,1
Peyton Watson,1,12.716666666666669,1,2,0.5,0,0,0.0,0,1,0.0,0,3,3,2,0,3,2,0,2,-2.0,0.41,0.5,0.0,0.5,0.0,23.1,12.6,19.2,0.0,17.7,45.0,14.8,61.0,97.0,1.3,4b3ce241-ad23-4a2b-96fc-4737d0135074,DEN,WAS,Away,113,104,1
DeAndre Jordan,1,6.616666666666667,1,1,1.0,0,0,0.0,1,2,0.5,2,2,4,0,0,0,1,1,3,-4.0,0.798,1.0,0.0,2.0,35.4,29.6,32.2,0.0,0.0,0.0,34.7,18.4,115.0,108.0,-6.4,4b3ce241-ad23-4a2b-96fc-4737d0135074,DEN,WAS,Away,113,104,1
Zeke Nnaji,1,5.083333333333333,1,2,0.5,0,0,0.0,0,0,0.0,1,0,1,2,1,0,2,3,2,-4.0,0.5,0.5,0.0,0.0,23.0,0.0,10.5,56.3,9.6,0.0,50.0,33.3,80.0,96.0,-6.6,4b3ce241-ad23-4a2b-96fc-4737d0135074,DEN,WAS,Away,113,104,1
Justin Holiday,0,0.0,0,0,0.0,0,0,0.0,0,0,0.0,0,0,0,0,0,0,0,0,0,0.0,0.0,0.0,0.0,0.0,0.0,0.0,0.0,0.0,0.0,0.0,0.0,0.0,0.0,0.0,0.0,4b3ce241-ad23-4a2b-96fc-4737d0135074,DEN,WAS,Away,113,104,1
Jay Huff,0,0.0,0,0,0.0,0,0,0.0,0,0,0.0,0,0,0,0,0,0,0,0,0,0.0,0.0,0.0,0.0,0.0,0.0,0.0,0.0,0.0,0.0,0.0,0.0,0.0,0.0,0.0,0.0,4b3ce241-ad23-4a2b-96fc-4737d0135074,DEN,WAS,Away,113,104,1
Jalen Pickett,0,0.0,0,0,0.0,0,0,0.0,0,0,0.0,0,0,0,0,0,0,0,0,0,0.0,0.0,0.0,0.0,0.0,0.0,0.0,0.0,0.0,0.0,0.0,0.0,0.0,0.0,0.0,0.0,4b3ce241-ad23-4a2b-96fc-4737d0135074,DEN,WAS,Away,113,104,1
Hunter Tyson,0,0.0,0,0,0.0,0,0,0.0,0,0,0.0,0,0,0,0,0,0,0,0,0,0.0,0.0,0.0,0.0,0.0,0.0,0.0,0.0,0.0,0.0,0.0,0.0,0.0,0.0,0.0,0.0,4b3ce241-ad23-4a2b-96fc-4737d0135074,DEN,WAS,Away,113,104,1
Nikola Jokić,1,37.016666666666666,13,19,0.684,3,4,0.75,2,2,1.0,2,11,13,10,0,1,1,3,31,9.0,0.78,0.763,0.211,0.105,6.2,37.5,21.1,47.8,0.0,2.0,4.8,25.7,164.0,115.0,20.7,a55cbae2-853d-4ec6-87b0-280bc7dbeeb6,DEN,IND,Away,114,109,1
Jamal Murray,1,36.78333333333333,11,24,0.458,3,9,0.333,6,6,1.0,2,6,8,7,0,0,3,1,31,17.0,0.582,0.521,0.375,0.25,6.2,20.6,13.0,30.8,0.0,0.0,10.1,36.7,122.0,119.0,4.1,a55cbae2-853d-4ec6-87b0-280bc7dbeeb6,DEN,IND,Away,114,109,1
Kentavious Caldwell-Pope,1,34.766666666666666,5,12,0.417,2,6,0.333,2,2,1.0,2,3,5,0,1,0,1,3,14,7.0,0.543,0.5,0.5,0.167,6.6,10.9,8.6,0.0,1.5,0.0,7.2,18.2,113.0,118.0,-5.0,a55cbae2-853d-4ec6-87b0-280bc7dbeeb6,DEN,IND,Away,114,109,1
Aaron Gordon,1,32.266666666666666,3,5,0.6,0,1,0.0,3,3,1.0,0,1,1,1,0,2,0,3,9,5.0,0.712,0.6,0.2,0.6,0.0,3.9,1.9,3.8,0.0,4.5,0.0,8.9,156.0,118.0,-2.1,a55cbae2-853d-4ec6-87b0-280bc7dbeeb6,DEN,IND,Away,114,109,1
Michael Porter Jr.,1,30.65,2,9,0.222,1,5,0.2,0,0,0.0,0,4,4,1,0,1,0,1,5,7.0,0.278,0.278,0.556,0.0,0.0,16.5,7.8,3.8,0.0,2.4,0.0,13.4,70.0,118.0,-9.9,a55cbae2-853d-4ec6-87b0-280bc7dbeeb6,DEN,IND,Away,114,109,1
Reggie Jackson,1,24.45,6,11,0.545,1,4,0.25,0,0,0.0,0,2,2,2,2,1,2,3,13,-14.0,0.591,0.591,0.364,0.0,0.0,10.3,4.9,12.2,4.2,3.0,15.4,24.2,105.0,109.0,0.5,a55cbae2-853d-4ec6-87b0-280bc7dbeeb6,DEN,IND,Away,114,109,1
Peyton Watson,1,18.65,2,4,0.5,1,2,0.5,2,2,1.0,0,2,2,0,1,2,2,1,7,-3.0,0.717,0.625,0.5,0.5,0.0,13.5,6.4,0.0,2.7,7.8,29.1,16.8,99.0,107.0,0.8,a55cbae2-853d-4ec6-87b0-280bc7dbeeb6,DEN,IND,Away,114,109,1
Christian Braun,1,14.683333333333334,1,3,0.333,0,2,0.0,0,0,0.0,3,1,4,0,1,1,0,0,2,-1.0,0.333,0.333,0.667,0.0,23.4,8.6,16.3,0.0,3.5,5.0,0.0,9.3,121.0,109.0,0.9,a55cbae2-853d-4ec6-87b0-280bc7dbeeb6,DEN,IND,Away,114,109,1
DeAndre Jordan,1,10.733333333333333,1,1,1.0,0,0,0.0,0,2,0.0,2,1,3,1,0,1,1,2,2,-2.0,0.532,1.0,0.0,2.0,21.3,11.8,16.8,11.3,0.0,6.8,34.7,12.2,103.0,114.0,-4.7,a55cbae2-853d-4ec6-87b0-280bc7dbeeb6,DEN,IND,Away,114,109,1
Justin Holiday,0,0.0,0,0,0.0,0,0,0.0,0,0,0.0,0,0,0,0,0,0,0,0,0,0.0,0.0,0.0,0.0,0.0,0.0,0.0,0.0,0.0,0.0,0.0,0.0,0.0,0.0,0.0,0.0,a55cbae2-853d-4ec6-87b0-280bc7dbeeb6,DEN,IND,Away,114,109,1
Jay Huff,0,0.0,0,0,0.0,0,0,0.0,0,0,0.0,0,0,0,0,0,0,0,0,0,0.0,0.0,0.0,0.0,0.0,0.0,0.0,0.0,0.0,0.0,0.0,0.0,0.0,0.0,0.0,0.0,a55cbae2-853d-4ec6-87b0-280bc7dbeeb6,DEN,IND,Away,114,109,1
Zeke Nnaji,0,0.0,0,0,0.0,0,0,0.0,0,0,0.0,0,0,0,0,0,0,0,0,0,0.0,0.0,0.0,0.0,0.0,0.0,0.0,0.0,0.0,0.0,0.0,0.0,0.0,0.0,0.0,0.0,a55cbae2-853d-4ec6-87b0-280bc7dbeeb6,DEN,IND,Away,114,109,1
Jalen Pickett,0,0.0,0,0,0.0,0,0,0.0,0,0,0.0,0,0,0,0,0,0,0,0,0,0.0,0.0,0.0,0.0,0.0,0.0,0.0,0.0,0.0,0.0,0.0,0.0,0.0,0.0,0.0,0.0,a55cbae2-853d-4ec6-87b0-280bc7dbeeb6,DEN,IND,Away,114,109,1
Hunter Tyson,0,0.0,0,0,0.0,0,0,0.0,0,0,0.0,0,0,0,0,0,0,0,0,0,0.0,0.0,0.0,0.0,0.0,0.0,0.0,0.0,0.0,0.0,0.0,0.0,0.0,0.0,0.0,0.0,a55cbae2-853d-4ec6-87b0-280bc7dbeeb6,DEN,IND,Away,114,109,1
Jamal Murray,1,29.55,3,11,0.273,1,3,0.333,2,3,0.667,0,2,2,7,0,0,3,1,9,-29.0,0.365,0.318,0.273,0.273,0.0,8.3,3.9,39.0,0.0,0.0,19.6,22.9,81.0,139.0,-5.5,9bb9daa2-0853-4ba2-9453-e087d7a56e6c,DEN,NYK,Away,84,122,0
Aaron Gordon,1,29.516666666666666,5,10,0.5,0,1,0.0,2,2,1.0,1,4,5,2,1,0,1,2,12,-28.0,0.551,0.5,0.1,0.2,3.6,16.7,9.7,12.6,1.8,0.0,8.4,17.8,113.0,132.0,1.4,9bb9daa2-0853-4ba2-9453-e087d7a56e6c,DEN,NYK,Away,84,122,0
Nikola Jokić,1,27.48333333333333,13,18,0.722,2,3,0.667,3,3,1.0,4,7,11,3,0,0,7,1,31,-23.0,0.802,0.778,0.167,0.167,15.5,31.3,22.9,46.4,0.0,0.0,26.6,42.3,112.0,132.0,18.5,9bb9daa2-0853-4ba2-9453-e087d7a56e6c,DEN,NYK,Away,84,122,0
Kentavious Caldwell-Pope,1,22.316666666666663,2,6,0.333,1,3,0.333,0,0,0.0,0,0,0,0,0,0,1,4,5,-21.0,0.417,0.417,0.5,0.0,0.0,0.0,0.0,0.0,0.0,0.0,14.3,13.8,75.0,141.0,-12.3,9bb9daa2-0853-4ba2-9453-e087d7a56e6c,DEN,NYK,Away,84,122,0
Michael Porter Jr.,1,21.58333333333333,2,4,0.5,0,0,0.0,1,1,1.0,3,3,6,0,0,0,2,2,5,-29.0,0.563,0.5,0.0,0.25,14.8,17.1,15.9,0.0,0.0,0.0,31.1,13.2,91.0,136.0,-7.9,9bb9daa2-0853-4ba2-9453-e087d7a56e6c,DEN,NYK,Away,84,122,0
Reggie Jackson,1,23.55,1,7,0.143,0,1,0.0,0,0,0.0,1,0,1,3,0,0,0,2,2,-16.0,0.143,0.143,0.143,0.0,4.5,0.0,2.4,19.1,0.0,0.0,0.0,13.1,62.0,141.0,-11.3,9bb9daa2-0853-4ba2-9453-e087d7a56e6c,DEN,NYK,Away,84,122,0
Peyton Watson,1,23.133333333333333,3,8,0.375,0,4,0.0,1,2,0.5,1,3,4,3,0,2,2,2,7,-12.0,0.394,0.375,0.5,0.25,4.6,16.0,9.9,22.4,0.0,8.8,18.4,20.8,81.0,132.0,-1.3,9bb9daa2-0853-4ba2-9453-e087d7a56e6c,DEN,NYK,Away,84,122,0
Christian Braun,1,14.566666666666666,1,4,0.25,0,1,0.0,2,2,1.0,1,2,3,0,0,0,1,1,4,-10.0,0.41,0.25,0.25,0.5,7.3,16.9,11.8,0.0,0.0,0.0,17.0,17.8,82.0,137.0,-9.4,9bb9daa2-0853-4ba2-9453-e087d7a56e6c,DEN,NYK,Away,84,122,0
Justin Holiday,1,12.0,2,4,0.5,0,2,0.0,0,0,0.0,0,1,1,0,1,0,0,2,4,-6.0,0.5,0.5,0.5,0.0,0.0,10.3,4.8,0.0,4.4,0.0,0.0,14.7,105.0,128.0,-1.6,9bb9daa2-0853-4ba2-9453-e087d7a56e6c,DEN,NYK,Away,84,122,0
DeAndre Jordan,1,11.2,0,2,0.0,0,0,0.0,0,0,0.0,2,3,5,0,0,0,0,0,0,-8.0,0.0,0.0,0.0,0.0,19.0,33.0,25.5,0.0,0.0,0.0,0.0,7.9,50.0,132.0,-9.8,9bb9daa2-0853-4ba2-9453-e087d7a56e6c,DEN,NYK,Away,84,122,0
Jalen Pickett,1,7.2,1,3,0.333,0,2,0.0,0,0,0.0,0,0,0,2,0,0,0,0,2,-1.0,0.333,0.333,0.667,0.0,0.0,0.0,0.0,48.8,0.0,0.0,0.0,18.4,99.0,142.0,-0.3,9bb9daa2-0853-4ba2-9453-e087d7a56e6c,DEN,NYK,Away,84,122,0
Hunter Tyson,1,7.2,0,3,0.0,0,3,0.0,0,0,0.0,0,1,1,0,0,0,2,1,0,-1.0,0.0,0.0,1.0,0.0,0.0,17.1,7.9,0.0,0.0,0.0,40.0,30.7,0.0,136.0,-38.1,9bb9daa2-0853-4ba2-9453-e087d7a56e6c,DEN,NYK,Away,84,122,0
Jay Huff,1,5.35,1,2,0.5,1,2,0.5,0,0,0.0,0,0,0,0,0,0,0,2,3,-3.0,0.75,0.75,1.0,0.0,0.0,0.0,0.0,0.0,0.0,0.0,0.0,16.5,146.0,141.0,1.2,9bb9daa2-0853-4ba2-9453-e087d7a56e6c,DEN,NYK,Away,84,122,0
Zeke Nnaji,1,5.35,0,2,0.0,0,1,0.0,0,0,0.0,0,1,1,0,0,0,0,0,0,-3.0,0.0,0.0,0.5,0.0,0.0,23.0,10.7,0.0,0.0,0.0,0.0,16.5,0.0,135.0,-19.0,9bb9daa2-0853-4ba2-9453-e087d7a56e6c,DEN,NYK,Away,84,122,0
Jamal Murray,1,36.8,8,15,0.533,6,10,0.6,1,4,0.25,0,3,3,7,1,1,2,1,23,13.0,0.686,0.733,0.667,0.267,0.0,10.6,4.7,34.4,1.4,2.2,10.7,23.1,129.0,114.0,10.0,03cb6054-cf0a-4262-8873-156129ae8eb6,DEN,PHI,Home,111,105,1
Nikola Jokić,1,36.66666666666666,8,16,0.5,0,1,0.0,10,16,0.625,5,11,16,7,2,0,3,3,26,2.0,0.564,0.5,0.063,1.0,14.2,38.9,25.2,34.5,2.9,0.0,11.5,32.2,122.0,109.0,8.4,03cb6054-cf0a-4262-8873-156129ae8eb6,DEN,PHI,Home,111,105,1
Michael Porter Jr.,1,35.13333333333333,8,19,0.421,4,12,0.333,0,0,0.0,3,5,8,2,0,0,1,2,20,18.0,0.526,0.526,0.632,0.0,8.9,18.5,13.2,10.5,0.0,0.0,5.0,25.8,112.0,118.0,-1.4,03cb6054-cf0a-4262-8873-156129ae8eb6,DEN,PHI,Home,111,105,1
Kentavious Caldwell-Pope,1,32.93333333333333,2,8,0.25,0,3,0.0,4,4,1.0,0,1,1,2,0,0,0,3,8,7.0,0.41,0.25,0.375,0.5,0.0,3.9,1.8,8.6,0.0,0.0,0.0,13.5,105.0,120.0,-10.5,03cb6054-cf0a-4262-8873-156129ae8eb6,DEN,PHI,Home,111,105,1
Aaron Gordon,1,31.066666666666663,6,8,0.75,2,3,0.667,4,6,0.667,2,2,4,2,1,0,1,1,18,6.0,0.846,0.875,0.375,0.75,6.7,8.4,7.4,11.1,1.7,0.0,8.6,17.0,157.0,116.0,7.7,03cb6054-cf0a-4262-8873-156129ae8eb6,DEN,PHI,Home,111,105,1
Peyton Watson,1,20.85,3,7,0.429,0,3,0.0,3,6,0.5,0,3,3,3,1,1,0,1,9,-6.0,0.467,0.429,0.429,0.857,0.0,18.7,8.3,23.0,2.5,3.9,0.0,21.0,113.0,109.0,2.8,03cb6054-cf0a-4262-8873-156129ae8eb6,DEN,PHI,Home,111,105,1
Reggie Jackson,1,18.28333333333333,1,6,0.167,1,4,0.25,0,0,0.0,0,3,3,0,0,0,0,0,3,-14.0,0.25,0.25,0.667,0.0,0.0,21.3,9.5,0.0,0.0,0.0,0.0,14.9,58.0,118.0,-14.4,03cb6054-cf0a-4262-8873-156129ae8eb6,DEN,PHI,Home,111,105,1
Christian Braun,1,16.933333333333334,0,2,0.0,0,1,0.0,2,2,1.0,0,0,0,2,0,0,0,2,2,0.0,0.347,0.0,0.5,1.0,0.0,0.0,0.0,15.3,0.0,0.0,0.0,7.7,114.0,120.0,-8.0,03cb6054-cf0a-4262-8873-156129ae8eb6,DEN,PHI,Home,111,105,1
DeAndre Jordan,1,11.333333333333334,1,1,1.0,0,0,0.0,0,0,0.0,3,3,6,0,0,1,0,2,2,4.0,1.0,1.0,0.0,0.0,27.6,34.3,30.6,0.0,0.0,7.2,0.0,4.0,214.0,109.0,0.0,03cb6054-cf0a-4262-8873-156129ae8eb6,DEN,PHI,Home,111,105,1
Justin Holiday,0,0.0,0,0,0.0,0,0,0.0,0,0,0.0,0,0,0,0,0,0,0,0,0,0.0,0.0,0.0,0.0,0.0,0.0,0.0,0.0,0.0,0.0,0.0,0.0,0.0,0.0,0.0,0.0,03cb6054-cf0a-4262-8873-156129ae8eb6,DEN,PHI,Home,111,105,1
Jay Huff,0,0.0,0,0,0.0,0,0,0.0,0,0,0.0,0,0,0,0,0,0,0,0,0,0.0,0.0,0.0,0.0,0.0,0.0,0.0,0.0,0.0,0.0,0.0,0.0,0.0,0.0,0.0,0.0,03cb6054-cf0a-4262-8873-156129ae8eb6,DEN,PHI,Home,111,105,1
Zeke Nnaji,0,0.0,0,0,0.0,0,0,0.0,0,0,0.0,0,0,0,0,0,0,0,0,0,0.0,0.0,0.0,0.0,0.0,0.0,0.0,0.0,0.0,0.0,0.0,0.0,0.0,0.0,0.0,0.0,03cb6054-cf0a-4262-8873-156129ae8eb6,DEN,PHI,Home,111,105,1
Jalen Pickett,0,0.0,0,0,0.0,0,0,0.0,0,0,0.0,0,0,0,0,0,0,0,0,0,0.0,0.0,0.0,0.0,0.0,0.0,0.0,0.0,0.0,0.0,0.0,0.0,0.0,0.0,0.0,0.0,03cb6054-cf0a-4262-8873-156129ae8eb6,DEN,PHI,Home,111,105,1
Hunter Tyson,0,0.0,0,0,0.0,0,0,0.0,0,0,0.0,0,0,0,0,0,0,0,0,0,0.0,0.0,0.0,0.0,0.0,0.0,0.0,0.0,0.0,0.0,0.0,0.0,0.0,0.0,0.0,0.0,03cb6054-cf0a-4262-8873-156129ae8eb6,DEN,PHI,Home,111,105,1
Nikola Jokić,1,39.516666666666666,10,25,0.4,1,6,0.167,4,5,0.8,1,15,16,12,3,2,3,1,25,9.0,0.46,0.42,0.24,0.2,2.9,40.5,22.3,45.8,3.7,5.5,9.9,33.5,101.0,97.0,13.0,9bc3986d-73a3-4065-9030-f304006a9004,DEN,MIL,Home,113,107,1
Michael Porter Jr.,1,37.25,6,14,0.429,1,3,0.333,0,0,0.0,2,6,8,0,0,0,1,2,13,-1.0,0.464,0.464,0.214,0.0,6.1,17.2,11.8,0.0,0.0,0.0,6.7,17.6,93.0,114.0,-7.1,9bc3986d-73a3-4065-9030-f304006a9004,DEN,MIL,Home,113,107,1
Jamal Murray,1,35.85,13,22,0.591,0,2,0.0,9,10,0.9,1,1,2,5,2,0,2,1,35,-3.0,0.663,0.591,0.091,0.455,3.2,3.0,3.1,25.2,2.7,0.0,7.0,34.7,130.0,111.0,11.8,9bc3986d-73a3-4065-9030-f304006a9004,DEN,MIL,Home,113,107,1
Kentavious Caldwell-Pope,1,33.78333333333333,5,9,0.556,0,3,0.0,2,2,1.0,0,1,1,2,1,0,0,1,12,-3.0,0.607,0.556,0.333,0.222,0.0,3.2,1.6,7.7,1.5,0.0,0.0,12.8,129.0,114.0,-0.6,9bc3986d-73a3-4065-9030-f304006a9004,DEN,MIL,Home,113,107,1
Aaron Gordon,1,25.35,2,6,0.333,1,2,0.5,3,4,0.75,2,4,6,2,0,1,2,6,8,-9.0,0.515,0.417,0.333,0.667,9.0,16.8,13.1,9.4,0.0,4.3,20.5,16.9,100.0,111.0,-5.9,9bc3986d-73a3-4065-9030-f304006a9004,DEN,MIL,Home,113,107,1
Peyton Watson,1,23.08333333333333,3,4,0.75,0,0,0.0,0,0,0.0,0,4,4,2,1,0,0,3,6,14.0,0.75,0.75,0.0,0.0,0.0,18.5,9.6,11.0,2.1,0.0,0.0,7.6,155.0,109.0,2.6,9bc3986d-73a3-4065-9030-f304006a9004,DEN,MIL,Home,113,107,1
Reggie Jackson,1,20.2,3,7,0.429,1,2,0.5,2,2,1.0,1,1,2,5,0,0,0,4,9,15.0,0.571,0.5,0.286,0.286,5.7,5.3,5.5,32.2,0.0,0.0,0.0,17.1,138.0,116.0,2.4,9bc3986d-73a3-4065-9030-f304006a9004,DEN,MIL,Home,113,107,1
Christian Braun,1,16.566666666666666,0,1,0.0,0,0,0.0,0,0,0.0,2,4,6,1,0,0,0,2,0,10.0,0.0,0.0,0.0,0.0,13.8,25.8,20.0,6.6,0.0,0.0,0.0,2.6,119.0,112.0,-5.1,9bc3986d-73a3-4065-9030-f304006a9004,DEN,MIL,Home,113,107,1
DeAndre Jordan,1,8.4,2,3,0.667,0,0,0.0,1,1,1.0,0,2,2,0,0,1,0,2,5,-2.0,0.727,0.667,0.0,0.333,0.0,25.4,13.1,0.0,0.0,13.0,0.0,17.9,145.0,103.0,3.7,9bc3986d-73a3-4065-9030-f304006a9004,DEN,MIL,Home,113,107,1
Justin Holiday,0,0.0,0,0,0.0,0,0,0.0,0,0,0.0,0,0,0,0,0,0,0,0,0,0.0,0.0,0.0,0.0,0.0,0.0,0.0,0.0,0.0,0.0,0.0,0.0,0.0,0.0,0.0,0.0,9bc3986d-73a3-4065-9030-f304006a9004,DEN,MIL,Home,113,107,1
Jay Huff,0,0.0,0,0,0.0,0,0,0.0,0,0,0.0,0,0,0,0,0,0,0,0,0,0.0,0.0,0.0,0.0,0.0,0.0,0.0,0.0,0.0,0.0,0.0,0.0,0.0,0.0,0.0,0.0,9bc3986d-73a3-4065-9030-f304006a9004,DEN,MIL,Home,113,107,1
Zeke Nnaji,0,0.0,0,0,0.0,0,0,0.0,0,0,0.0,0,0,0,0,0,0,0,0,0,0.0,0.0,0.0,0.0,0.0,0.0,0.0,0.0,0.0,0.0,0.0,0.0,0.0,0.0,0.0,0.0,9bc3986d-73a3-4065-9030-f304006a9004,DEN,MIL,Home,113,107,1
Jalen Pickett,0,0.0,0,0,0.0,0,0,0.0,0,0,0.0,0,0,0,0,0,0,0,0,0,0.0,0.0,0.0,0.0,0.0,0.0,0.0,0.0,0.0,0.0,0.0,0.0,0.0,0.0,0.0,0.0,9bc3986d-73a3-4065-9030-f304006a9004,DEN,MIL,Home,113,107,1
Hunter Tyson,0,0.0,0,0,0.0,0,0,0.0,0,0,0.0,0,0,0,0,0,0,0,0,0,0.0,0.0,0.0,0.0,0.0,0.0,0.0,0.0,0.0,0.0,0.0,0.0,0.0,0.0,0.0,0.0,9bc3986d-73a3-4065-9030-f304006a9004,DEN,MIL,Home,113,107,1
Aaron Gordon,1,39.23333333333333,7,16,0.438,1,3,0.333,1,6,0.167,4,9,13,7,1,4,1,2,16,7.0,0.429,0.469,0.188,0.375,9.8,22.0,15.9,30.1,1.3,8.0,5.1,22.2,107.0,107.0,7.0,443e6756-b292-46f2-a17a-0015aa304ae1,DEN,OKC,Away,100,105,0
Michael Porter Jr.,1,38.78333333333333,6,17,0.353,3,9,0.333,0,0,0.0,1,7,8,2,1,0,0,4,15,-16.0,0.441,0.441,0.529,0.0,2.5,17.3,9.9,8.4,1.3,0.0,0.0,19.5,100.0,114.0,-3.6,443e6756-b292-46f2-a17a-0015aa304ae1,DEN,OKC,Away,100,105,0
Jamal Murray,1,38.516666666666666,6,14,0.429,2,3,0.667,2,2,1.0,1,2,3,4,0,2,0,3,16,1.0,0.538,0.5,0.214,0.143,2.5,5.0,3.7,16.9,0.0,4.1,0.0,17.2,125.0,120.0,0.5,443e6756-b292-46f2-a17a-0015aa304ae1,DEN,OKC,Away,100,105,0
Kentavious Caldwell-Pope,1,36.266666666666666,3,10,0.3,3,9,0.333,2,2,1.0,1,5,6,3,1,0,3,4,11,13.0,0.506,0.45,0.9,0.2,2.6,13.2,7.9,12.0,1.4,0.0,21.6,17.0,92.0,116.0,-6.1,443e6756-b292-46f2-a17a-0015aa304ae1,DEN,OKC,Away,100,105,0
Peyton Watson,1,20.916666666666668,3,10,0.3,1,4,0.25,2,2,1.0,2,2,4,1,2,1,2,4,9,13.0,0.414,0.35,0.4,0.2,9.2,9.2,9.2,7.6,5.0,3.8,15.5,27.4,84.0,107.0,-5.3,443e6756-b292-46f2-a17a-0015aa304ae1,DEN,OKC,Away,100,105,0
Reggie Jackson,1,29.7,5,12,0.417,2,3,0.667,4,4,1.0,0,4,4,3,0,1,1,2,16,-12.0,0.581,0.5,0.25,0.333,0.0,12.9,6.5,16.8,0.0,2.6,6.8,22.1,120.0,118.0,1.1,443e6756-b292-46f2-a17a-0015aa304ae1,DEN,OKC,Away,100,105,0
Christian Braun,1,16.45,4,7,0.571,2,4,0.5,0,0,0.0,1,4,5,0,1,0,0,0,10,-12.0,0.714,0.714,0.571,0.0,5.8,23.3,14.6,0.0,3.2,0.0,0.0,18.9,142.0,108.0,10.6,443e6756-b292-46f2-a17a-0015aa304ae1,DEN,OKC,Away,100,105,0
Justin Holiday,1,11.366666666666667,2,3,0.667,1,2,0.5,0,0,0.0,0,1,1,0,1,1,0,3,5,-7.0,0.833,0.833,0.667,0.0,0.0,8.4,4.2,0.0,4.6,6.9,0.0,11.7,159.0,106.0,8.1,443e6756-b292-46f2-a17a-0015aa304ae1,DEN,OKC,Away,100,105,0
Zeke Nnaji,1,8.766666666666667,1,4,0.25,0,0,0.0,0,0,0.0,2,1,3,1,0,0,1,1,2,-12.0,0.25,0.25,0.0,0.0,21.9,11.0,16.4,17.4,0.0,0.0,20.0,25.3,73.0,120.0,-15.0,443e6756-b292-46f2-a17a-0015aa304ae1,DEN,OKC,Away,100,105,0
Collin Gillespie,0,0.0,0,0,0.0,0,0,0.0,0,0,0.0,0,0,0,0,0,0,0,0,0,0.0,0.0,0.0,0.0,0.0,0.0,0.0,0.0,0.0,0.0,0.0,0.0,0.0,0.0,0.0,0.0,443e6756-b292-46f2-a17a-0015aa304ae1,DEN,OKC,Away,100,105,0
Jay Huff,0,0.0,0,0,0.0,0,0,0.0,0,0,0.0,0,0,0,0,0,0,0,0,0,0.0,0.0,0.0,0.0,0.0,0.0,0.0,0.0,0.0,0.0,0.0,0.0,0.0,0.0,0.0,0.0,443e6756-b292-46f2-a17a-0015aa304ae1,DEN,OKC,Away,100,105,0
DeAndre Jordan,0,0.0,0,0,0.0,0,0,0.0,0,0,0.0,0,0,0,0,0,0,0,0,0,0.0,0.0,0.0,0.0,0.0,0.0,0.0,0.0,0.0,0.0,0.0,0.0,0.0,0.0,0.0,0.0,443e6756-b292-46f2-a17a-0015aa304ae1,DEN,OKC,Away,100,105,0
Braxton Key,0,0.0,0,0,0.0,0,0,0.0,0,0,0.0,0,0,0,0,0,0,0,0,0,0.0,0.0,0.0,0.0,0.0,0.0,0.0,0.0,0.0,0.0,0.0,0.0,0.0,0.0,0.0,0.0,443e6756-b292-46f2-a17a-0015aa304ae1,DEN,OKC,Away,100,105,0
Nikola Jokić,1,38.266666666666666,11,16,0.688,1,1,1.0,4,4,1.0,7,15,22,12,1,2,4,3,27,20.0,0.76,0.719,0.063,0.25,22.0,41.8,32.5,46.7,1.4,4.8,18.4,24.9,149.0,109.0,20.7,5ffa38e8-acfd-469e-b4a4-7bc3cf6dd80c,DEN,POR,Home,120,108,1
Michael Porter Jr.,1,34.983333333333334,5,14,0.357,3,10,0.3,0,0,0.0,0,4,4,1,0,0,1,0,13,8.0,0.464,0.464,0.714,0.0,0.0,12.2,6.5,3.5,0.0,0.0,6.7,18.8,101.0,127.0,-8.6,5ffa38e8-acfd-469e-b4a4-7bc3cf6dd80c,DEN,POR,Home,120,108,1
Kentavious Caldwell-Pope,1,33.766666666666666,4,8,0.5,1,2,0.5,7,7,1.0,0,1,1,2,0,1,0,3,16,22.0,0.722,0.563,0.25,0.875,0.0,3.2,1.7,7.1,0.0,2.7,0.0,14.4,170.0,128.0,-0.2,5ffa38e8-acfd-469e-b4a4-7bc3cf6dd80c,DEN,POR,Home,120,108,1
Jamal Murray,1,32.733333333333334,5,21,0.238,3,15,0.2,0,0,0.0,4,5,9,10,0,2,2,1,13,9.0,0.31,0.31,0.714,0.0,14.7,16.3,15.5,37.9,0.0,5.6,8.7,30.8,103.0,121.0,-3.1,5ffa38e8-acfd-469e-b4a4-7bc3cf6dd80c,DEN,POR,Home,120,108,1
Aaron Gordon,1,27.683333333333334,7,9,0.778,1,1,1.0,3,3,1.0,2,2,4,5,0,0,3,4,18,20.0,0.872,0.833,0.111,0.333,8.7,7.7,8.2,25.6,0.0,0.0,22.5,21.1,143.0,128.0,5.4,5ffa38e8-acfd-469e-b4a4-7bc3cf6dd80c,DEN,POR,Home,120,108,1
Reggie Jackson,1,24.3,5,9,0.556,1,3,0.333,2,3,0.667,0,0,0,3,0,0,0,3,13,-9.0,0.63,0.611,0.333,0.333,0.0,0.0,0.0,16.4,0.0,0.0,0.0,18.6,147.0,131.0,-2.6,5ffa38e8-acfd-469e-b4a4-7bc3cf6dd80c,DEN,POR,Home,120,108,1
Peyton Watson,1,21.8,6,8,0.75,2,2,1.0,0,0,0.0,1,4,5,0,0,1,0,4,14,0.0,0.875,0.875,0.25,0.0,5.5,19.6,13.0,0.0,0.0,4.2,0.0,16.1,176.0,121.0,6.0,5ffa38e8-acfd-469e-b4a4-7bc3cf6dd80c,DEN,POR,Home,120,108,1
Justin Holiday,1,11.566666666666666,0,2,0.0,0,1,0.0,0,0,0.0,0,0,0,1,1,0,0,0,0,1.0,0.0,0.0,0.5,0.0,0.0,0.0,0.0,9.0,4.7,0.0,0.0,7.6,43.0,120.0,-8.5,5ffa38e8-acfd-469e-b4a4-7bc3cf6dd80c,DEN,POR,Home,120,108,1
Christian Braun,1,8.1,1,2,0.5,0,1,0.0,0,0,0.0,1,1,2,0,0,0,1,1,2,-7.0,0.5,0.5,0.5,0.0,14.8,13.2,13.9,0.0,0.0,0.0,33.3,16.2,81.0,126.0,-15.0,5ffa38e8-acfd-469e-b4a4-7bc3cf6dd80c,DEN,POR,Home,120,108,1
DeAndre Jordan,1,4.6,1,1,1.0,0,0,0.0,0,0,0.0,1,0,1,0,0,0,0,1,2,-10.0,1.0,1.0,0.0,0.0,26.1,0.0,12.3,0.0,0.0,0.0,0.0,9.5,210.0,130.0,-1.6,5ffa38e8-acfd-469e-b4a4-7bc3cf6dd80c,DEN,POR,Home,120,108,1
Collin Gillespie,1,0.7333333333333333,1,1,1.0,0,0,0.0,0,0,0.0,0,0,0,0,0,0,0,0,2,2.0,1.0,1.0,0.0,0.0,0.0,0.0,0.0,0.0,0.0,0.0,0.0,59.8,200.0,131.0,52.4,5ffa38e8-acfd-469e-b4a4-7bc3cf6dd80c,DEN,POR,Home,120,108,1
Jay Huff,1,0.7333333333333333,0,0,0.0,0,0,0.0,0,0,0.0,0,0,0,0,1,0,0,0,0,2.0,0.0,0.0,0.0,0.0,0.0,0.0,0.0,0.0,74.3,0.0,0.0,0.0,0.0,-37.0,66.9,5ffa38e8-acfd-469e-b4a4-7bc3cf6dd80c,DEN,POR,Home,120,108,1
Braxton Key,1,0.7333333333333333,0,0,0.0,0,0,0.0,0,0,0.0,0,0,0,0,0,0,0,0,0,2.0,0.0,0.0,0.0,0.0,0.0,0.0,0.0,0.0,0.0,0.0,0.0,0.0,0.0,131.0,-9.4,5ffa38e8-acfd-469e-b4a4-7bc3cf6dd80c,DEN,POR,Home,120,108,1
Zeke Nnaji,0,0.0,0,0,0.0,0,0,0.0,0,0,0.0,0,0,0,0,0,0,0,0,0,0.0,0.0,0.0,0.0,0.0,0.0,0.0,0.0,0.0,0.0,0.0,0.0,0.0,0.0,0.0,0.0,5ffa38e8-acfd-469e-b4a4-7bc3cf6dd80c,DEN,POR,Home,120,108,1
Julian Strawther,0,0.0,0,0,0.0,0,0,0.0,0,0,0.0,0,0,0,0,0,0,0,0,0,0.0,0.0,0.0,0.0,0.0,0.0,0.0,0.0,0.0,0.0,0.0,0.0,0.0,0.0,0.0,0.0,5ffa38e8-acfd-469e-b4a4-7bc3cf6dd80c,DEN,POR,Home,120,108,1
Jamal Murray,1,34.4,8,16,0.5,4,6,0.667,1,2,0.5,2,3,5,10,1,2,1,2,21,16.0,0.622,0.625,0.375,0.125,6.8,9.7,8.3,45.2,1.6,5.2,5.6,24.4,146.0,120.0,13.2,336c847d-7e39-400b-b44d-0277092e8b73,DEN,POR,Home,112,103,1
Nikola Jokić,1,34.233333333333334,12,20,0.6,1,3,0.333,4,5,0.8,1,7,8,7,2,0,2,1,29,-5.0,0.653,0.625,0.15,0.25,3.4,22.8,13.4,39.0,3.3,0.0,8.3,33.1,136.0,113.0,12.6,336c847d-7e39-400b-b44d-0277092e8b73,DEN,POR,Home,112,103,1
Kentavious Caldwell-Pope,1,30.883333333333333,3,9,0.333,2,5,0.4,3,3,1.0,0,3,3,0,1,0,1,0,11,-5.0,0.533,0.444,0.556,0.333,0.0,10.8,5.6,0.0,1.8,0.0,8.8,17.2,108.0,122.0,-8.0,336c847d-7e39-400b-b44d-0277092e8b73,DEN,POR,Home,112,103,1
Aaron Gordon,1,29.53333333333333,4,8,0.5,0,1,0.0,4,4,1.0,3,4,7,2,0,0,0,3,12,-2.0,0.615,0.5,0.125,0.5,11.9,15.1,13.5,9.2,0.0,0.0,0.0,15.5,154.0,124.0,-3.7,336c847d-7e39-400b-b44d-0277092e8b73,DEN,POR,Home,112,103,1
Michael Porter Jr.,1,24.0,4,10,0.4,2,6,0.333,2,2,1.0,3,2,5,3,0,3,3,1,12,-2.0,0.551,0.5,0.6,0.2,14.6,9.3,11.9,17.6,0.0,11.1,21.6,27.1,109.0,121.0,0.3,336c847d-7e39-400b-b44d-0277092e8b73,DEN,POR,Home,112,103,1
Peyton Watson,1,29.883333333333333,5,6,0.833,2,3,0.667,0,0,0.0,3,3,6,1,2,1,1,1,12,14.0,1.0,1.0,0.5,0.0,11.8,11.2,11.5,4.7,3.7,3.0,14.3,11.0,170.0,116.0,7.8,336c847d-7e39-400b-b44d-0277092e8b73,DEN,POR,Home,112,103,1
Christian Braun,1,27.716666666666665,1,4,0.25,0,0,0.0,2,3,0.667,2,1,3,2,1,0,0,0,4,18.0,0.376,0.25,0.0,0.75,8.4,4.0,6.2,8.6,2.0,0.0,0.0,9.0,123.0,124.0,-5.9,336c847d-7e39-400b-b44d-0277092e8b73,DEN,POR,Home,112,103,1
Reggie Jackson,1,21.433333333333334,3,11,0.273,1,4,0.25,0,0,0.0,0,4,4,1,1,0,0,2,7,6.0,0.318,0.318,0.364,0.0,0.0,20.8,10.7,6.3,2.6,0.0,0.0,24.1,81.0,116.0,-15.3,336c847d-7e39-400b-b44d-0277092e8b73,DEN,POR,Home,112,103,1
DeAndre Jordan,1,7.916666666666667,2,2,1.0,0,0,0.0,0,0,0.0,0,1,1,0,0,0,0,1,4,5.0,1.0,1.0,0.0,0.0,0.0,14.1,7.2,0.0,0.0,0.0,0.0,11.8,200.0,124.0,-0.5,336c847d-7e39-400b-b44d-0277092e8b73,DEN,POR,Home,112,103,1
Collin Gillespie,0,0.0,0,0,0.0,0,0,0.0,0,0,0.0,0,0,0,0,0,0,0,0,0,0.0,0.0,0.0,0.0,0.0,0.0,0.0,0.0,0.0,0.0,0.0,0.0,0.0,0.0,0.0,0.0,336c847d-7e39-400b-b44d-0277092e8b73,DEN,POR,Home,112,103,1
Justin Holiday,0,0.0,0,0,0.0,0,0,0.0,0,0,0.0,0,0,0,0,0,0,0,0,0,0.0,0.0,0.0,0.0,0.0,0.0,0.0,0.0,0.0,0.0,0.0,0.0,0.0,0.0,0.0,0.0,336c847d-7e39-400b-b44d-0277092e8b73,DEN,POR,Home,112,103,1
Jay Huff,0,0.0,0,0,0.0,0,0,0.0,0,0,0.0,0,0,0,0,0,0,0,0,0,0.0,0.0,0.0,0.0,0.0,0.0,0.0,0.0,0.0,0.0,0.0,0.0,0.0,0.0,0.0,0.0,336c847d-7e39-400b-b44d-0277092e8b73,DEN,POR,Home,112,103,1
Braxton Key,0,0.0,0,0,0.0,0,0,0.0,0,0,0.0,0,0,0,0,0,0,0,0,0,0.0,0.0,0.0,0.0,0.0,0.0,0.0,0.0,0.0,0.0,0.0,0.0,0.0,0.0,0.0,0.0,336c847d-7e39-400b-b44d-0277092e8b73,DEN,POR,Home,112,103,1
Zeke Nnaji,0,0.0,0,0,0.0,0,0,0.0,0,0,0.0,0,0,0,0,0,0,0,0,0,0.0,0.0,0.0,0.0,0.0,0.0,0.0,0.0,0.0,0.0,0.0,0.0,0.0,0.0,0.0,0.0,336c847d-7e39-400b-b44d-0277092e8b73,DEN,POR,Home,112,103,1
Michael Porter Jr.,1,37.81666666666667,11,20,0.55,4,7,0.571,1,1,1.0,1,7,8,2,0,1,1,1,27,6.0,0.66,0.65,0.35,0.05,3.0,19.3,11.4,7.7,0.0,2.0,4.7,24.3,132.0,114.0,5.9,7935790f-96ff-48df-b2dc-b16aa7ca7a62,DEN,LAL,Away,114,106,1
Nikola Jokić,1,36.38333333333333,9,20,0.45,2,6,0.333,4,4,1.0,3,10,13,9,0,3,6,2,24,10.0,0.551,0.5,0.3,0.2,9.2,28.7,19.3,33.8,0.0,6.2,21.6,32.7,108.0,108.0,6.5,7935790f-96ff-48df-b2dc-b16aa7ca7a62,DEN,LAL,Away,114,106,1
Jamal Murray,1,35.65,12,25,0.48,5,9,0.556,0,0,0.0,0,7,7,11,2,0,3,2,29,17.0,0.58,0.58,0.36,0.0,0.0,20.5,10.6,48.0,2.9,0.0,10.7,33.6,122.0,109.0,11.8,7935790f-96ff-48df-b2dc-b16aa7ca7a62,DEN,LAL,Away,114,106,1
Aaron Gordon,1,31.916666666666668,5,8,0.625,0,2,0.0,1,2,0.5,0,4,4,3,2,1,1,1,11,18.0,0.619,0.625,0.25,0.25,0.0,13.1,6.8,11.4,3.2,2.3,10.1,13.3,122.0,108.0,2.5,7935790f-96ff-48df-b2dc-b16aa7ca7a62,DEN,LAL,Away,114,106,1
Justin Holiday,1,22.316666666666663,1,1,1.0,0,0,0.0,0,0,0.0,1,0,1,1,0,0,0,6,2,11.0,1.0,1.0,0.0,0.0,5.0,0.0,2.4,4.8,0.0,0.0,0.0,1.9,214.0,120.0,-8.9,7935790f-96ff-48df-b2dc-b16aa7ca7a62,DEN,LAL,Away,114,106,1
Reggie Jackson,1,26.266666666666666,3,8,0.375,1,4,0.25,0,0,0.0,3,1,4,3,0,0,0,1,7,-10.0,0.438,0.438,0.5,0.0,12.7,4.0,8.2,13.2,0.0,0.0,0.0,13.0,127.0,120.0,-3.4,7935790f-96ff-48df-b2dc-b16aa7ca7a62,DEN,LAL,Away,114,106,1
Peyton Watson,1,24.75,2,6,0.333,1,3,0.333,0,0,0.0,1,3,4,2,0,0,1,2,5,-3.0,0.417,0.417,0.5,0.0,4.5,12.6,8.7,9.0,0.0,0.0,14.3,12.1,96.0,117.0,-6.9,7935790f-96ff-48df-b2dc-b16aa7ca7a62,DEN,LAL,Away,114,106,1
Christian Braun,1,13.483333333333333,1,3,0.333,1,1,1.0,0,0,0.0,1,0,1,1,0,1,0,0,3,-9.0,0.5,0.5,0.333,0.0,8.3,0.0,4.0,8.2,0.0,5.6,0.0,9.5,135.0,116.0,1.7,7935790f-96ff-48df-b2dc-b16aa7ca7a62,DEN,LAL,Away,114,106,1
DeAndre Jordan,1,11.416666666666666,3,6,0.5,0,0,0.0,0,0,0.0,4,4,8,1,0,0,0,2,6,0.0,0.5,0.5,0.0,0.0,39.1,36.6,37.8,12.2,0.0,0.0,0.0,22.5,137.0,111.0,0.1,7935790f-96ff-48df-b2dc-b16aa7ca7a62,DEN,LAL,Away,114,106,1
Collin Gillespie,0,0.0,0,0,0.0,0,0,0.0,0,0,0.0,0,0,0,0,0,0,0,0,0,0.0,0.0,0.0,0.0,0.0,0.0,0.0,0.0,0.0,0.0,0.0,0.0,0.0,0.0,0.0,0.0,7935790f-96ff-48df-b2dc-b16aa7ca7a62,DEN,LAL,Away,114,106,1
Jay Huff,0,0.0,0,0,0.0,0,0,0.0,0,0,0.0,0,0,0,0,0,0,0,0,0,0.0,0.0,0.0,0.0,0.0,0.0,0.0,0.0,0.0,0.0,0.0,0.0,0.0,0.0,0.0,0.0,7935790f-96ff-48df-b2dc-b16aa7ca7a62,DEN,LAL,Away,114,106,1
Zeke Nnaji,0,0.0,0,0,0.0,0,0,0.0,0,0,0.0,0,0,0,0,0,0,0,0,0,0.0,0.0,0.0,0.0,0.0,0.0,0.0,0.0,0.0,0.0,0.0,0.0,0.0,0.0,0.0,0.0,7935790f-96ff-48df-b2dc-b16aa7ca7a62,DEN,LAL,Away,114,106,1
Julian Strawther,0,0.0,0,0,0.0,0,0,0.0,0,0,0.0,0,0,0,0,0,0,0,0,0,0.0,0.0,0.0,0.0,0.0,0.0,0.0,0.0,0.0,0.0,0.0,0.0,0.0,0.0,0.0,0.0,7935790f-96ff-48df-b2dc-b16aa7ca7a62,DEN,LAL,Away,114,106,1
Justin Holiday,1,36.73333333333333,3,10,0.3,3,9,0.333,1,2,0.5,0,3,3,2,2,0,1,1,10,-15.0,0.46,0.45,0.9,0.2,0.0,12.3,5.1,7.7,2.5,0.0,8.4,13.6,90.0,131.0,-5.1,517dcc2f-c231-4f7c-a62f-f406be4739ac,DEN,SAC,Away,106,135,0
Nikola Jokić,1,29.75,9,17,0.529,1,1,1.0,4,5,0.8,2,6,8,7,3,0,1,2,23,-7.0,0.599,0.559,0.059,0.294,7.2,30.3,16.8,48.1,4.7,0.0,5.0,28.5,129.0,124.0,12.8,517dcc2f-c231-4f7c-a62f-f406be4739ac,DEN,SAC,Away,106,135,0
Aaron Gordon,1,26.98333333333333,5,8,0.625,1,2,0.5,3,6,0.5,2,1,3,2,0,1,2,0,14,-28.0,0.658,0.688,0.25,0.75,7.9,5.6,6.9,12.2,0.0,3.4,15.8,19.7,115.0,135.0,-0.8,517dcc2f-c231-4f7c-a62f-f406be4739ac,DEN,SAC,Away,106,135,0
Jamal Murray,1,25.566666666666663,4,10,0.4,2,5,0.4,2,3,0.667,0,1,1,3,1,0,6,1,12,-21.0,0.53,0.5,0.5,0.3,0.0,5.9,2.4,18.5,1.8,0.0,34.6,28.4,72.0,133.0,-12.3,517dcc2f-c231-4f7c-a62f-f406be4739ac,DEN,SAC,Away,106,135,0
Peyton Watson,1,20.133333333333333,2,4,0.5,0,1,0.0,0,0,0.0,1,2,3,1,1,3,4,3,4,-10.0,0.5,0.5,0.25,0.0,5.3,14.9,9.3,7.2,2.3,13.5,50.0,16.7,57.0,120.0,-8.1,517dcc2f-c231-4f7c-a62f-f406be4739ac,DEN,SAC,Away,106,135,0
Christian Braun,1,27.466666666666665,4,8,0.5,1,2,0.5,4,4,1.0,2,1,3,1,0,1,1,3,13,-13.0,0.666,0.563,0.25,0.5,7.8,5.5,6.8,5.6,0.0,3.3,9.3,16.4,130.0,135.0,-2.5,517dcc2f-c231-4f7c-a62f-f406be4739ac,DEN,SAC,Away,106,135,0
Julian Strawther,1,20.28333333333333,3,8,0.375,1,5,0.2,0,0,0.0,0,3,3,2,1,0,2,1,7,-18.0,0.438,0.438,0.625,0.0,0.0,22.2,9.2,15.3,2.3,0.0,20.0,20.7,76.0,131.0,-8.1,517dcc2f-c231-4f7c-a62f-f406be4739ac,DEN,SAC,Away,106,135,0
Zeke Nnaji,1,18.15,2,6,0.333,0,2,0.0,3,4,0.75,0,2,2,3,0,0,0,2,7,-11.0,0.451,0.333,0.333,0.667,0.0,16.5,6.9,24.3,0.0,0.0,0.0,18.0,112.0,136.0,-3.8,517dcc2f-c231-4f7c-a62f-f406be4739ac,DEN,SAC,Away,106,135,0
Reggie Jackson,1,15.966666666666669,3,5,0.6,0,0,0.0,2,2,1.0,0,1,1,4,1,0,3,2,8,-9.0,0.68,0.6,0.0,0.4,0.0,9.4,3.9,41.5,2.9,0.0,33.8,23.4,102.0,130.0,-3.3,517dcc2f-c231-4f7c-a62f-f406be4739ac,DEN,SAC,Away,106,135,0
Collin Gillespie,1,8.716666666666667,1,2,0.5,0,1,0.0,1,2,0.5,0,1,1,1,0,0,0,1,3,-2.0,0.521,0.5,0.5,1.0,0.0,17.2,7.2,16.9,0.0,0.0,0.0,13.9,119.0,136.0,-7.4,517dcc2f-c231-4f7c-a62f-f406be4739ac,DEN,SAC,Away,106,135,0
DeAndre Jordan,1,6.133333333333334,1,3,0.333,0,0,0.0,0,0,0.0,2,3,5,0,0,0,0,0,2,-10.0,0.333,0.333,0.0,0.0,34.8,73.4,50.8,0.0,0.0,0.0,0.0,20.5,100.0,131.0,-8.4,517dcc2f-c231-4f7c-a62f-f406be4739ac,DEN,SAC,Away,106,135,0
Jay Huff,1,4.116666666666666,1,1,1.0,1,1,1.0,0,0,0.0,0,2,2,0,0,0,0,0,3,-1.0,1.5,1.5,1.0,0.0,0.0,72.9,30.3,0.0,0.0,0.0,0.0,10.2,300.0,131.0,18.3,517dcc2f-c231-4f7c-a62f-f406be4739ac,DEN,SAC,Away,106,135,0
Michael Porter Jr.,1,0.0,0,0,0.0,0,0,0.0,0,0,0.0,0,0,0,0,0,0,0,0,0,0.0,0.0,0.0,0.0,0.0,0.0,0.0,0.0,0.0,0.0,0.0,0.0,0.0,0.0,0.0,0.0,517dcc2f-c231-4f7c-a62f-f406be4739ac,DEN,SAC,Away,106,135,0
Nikola Jokić,1,31.516666666666666,13,25,0.52,2,5,0.4,1,3,0.333,3,9,12,8,0,0,5,1,29,-16.0,0.551,0.56,0.2,0.12,8.5,30.5,18.5,75.2,0.0,0.0,16.0,41.7,101.0,117.0,12.6,7873572e-edba-40b6-b9ee-78397557c2a7,DEN,MIL,Away,95,112,0
Michael Porter Jr.,1,30.8,3,11,0.273,2,8,0.25,3,3,1.0,3,3,6,4,1,0,2,2,11,-16.0,0.446,0.364,0.727,0.273,8.7,10.4,9.4,19.9,1.6,0.0,14.0,19.5,98.0,117.0,-0.9,7873572e-edba-40b6-b9ee-78397557c2a7,DEN,MIL,Away,95,112,0
Aaron Gordon,1,28.45,6,11,0.545,2,4,0.5,0,0,0.0,1,6,7,2,1,2,1,2,14,1.0,0.636,0.636,0.364,0.0,3.1,22.5,11.9,13.0,1.7,6.7,8.3,17.7,117.0,109.0,7.2,7873572e-edba-40b6-b9ee-78397557c2a7,DEN,MIL,Away,95,112,0
Jamal Murray,1,17.55,1,5,0.2,1,3,0.333,0,0,0.0,0,2,2,0,0,0,2,0,3,-18.0,0.3,0.3,0.6,0.0,0.0,12.2,5.5,0.0,0.0,0.0,28.6,16.7,42.0,121.0,-17.3,7873572e-edba-40b6-b9ee-78397557c2a7,DEN,MIL,Away,95,112,0
Kentavious Caldwell-Pope,1,9.333333333333334,0,3,0.0,0,1,0.0,1,1,1.0,0,2,2,2,0,0,0,0,1,1.0,0.145,0.0,0.333,0.333,0.0,22.9,10.4,28.6,0.0,0.0,0.0,15.5,62.0,119.0,-8.9,7873572e-edba-40b6-b9ee-78397557c2a7,DEN,MIL,Away,95,112,0
Christian Braun,1,22.416666666666668,2,7,0.286,0,3,0.0,3,4,0.75,0,5,5,0,2,0,0,2,7,-7.0,0.4,0.286,0.429,0.571,0.0,23.8,10.8,0.0,4.4,0.0,0.0,16.4,88.0,107.0,-4.0,7873572e-edba-40b6-b9ee-78397557c2a7,DEN,MIL,Away,95,112,0
Reggie Jackson,1,22.1,3,7,0.429,1,2,0.5,0,0,0.0,0,1,1,3,0,0,0,0,7,-1.0,0.5,0.5,0.286,0.0,0.0,4.8,2.2,22.1,0.0,0.0,0.0,13.3,115.0,123.0,-2.0,7873572e-edba-40b6-b9ee-78397557c2a7,DEN,MIL,Away,95,112,0
Peyton Watson,1,21.1,2,6,0.333,0,2,0.0,1,1,1.0,1,3,4,1,0,0,0,2,5,-9.0,0.388,0.333,0.333,0.167,4.2,15.2,9.2,7.2,0.0,0.0,0.0,12.8,95.0,120.0,-7.1,7873572e-edba-40b6-b9ee-78397557c2a7,DEN,MIL,Away,95,112,0
Justin Holiday,1,18.883333333333333,2,6,0.333,1,5,0.2,0,0,0.0,0,2,2,1,0,0,0,2,5,-11.0,0.417,0.417,0.833,0.0,0.0,11.3,5.1,8.2,0.0,0.0,0.0,13.3,92.0,121.0,-7.6,7873572e-edba-40b6-b9ee-78397557c2a7,DEN,MIL,Away,95,112,0
Collin Gillespie,1,13.183333333333334,2,4,0.5,2,4,0.5,0,0,0.0,0,1,1,1,2,0,3,0,6,-7.0,0.75,0.75,1.0,0.0,0.0,8.1,3.7,12.7,7.5,0.0,42.9,22.3,74.0,104.0,3.6,7873572e-edba-40b6-b9ee-78397557c2a7,DEN,MIL,Away,95,112,0
Zeke Nnaji,1,8.1,1,5,0.2,0,0,0.0,0,0,0.0,3,0,3,0,1,0,0,1,2,3.0,0.2,0.2,0.0,0.0,32.9,0.0,18.0,0.0,6.1,0.0,0.0,25.9,73.0,108.0,-11.1,7873572e-edba-40b6-b9ee-78397557c2a7,DEN,MIL,Away,95,112,0
Julian Strawther,1,6.65,0,3,0.0,0,3,0.0,2,2,1.0,0,0,0,2,0,0,0,0,2,3.0,0.258,0.0,1.0,0.667,0.0,0.0,0.0,40.1,0.0,0.0,0.0,24.5,82.0,124.0,-5.1,7873572e-edba-40b6-b9ee-78397557c2a7,DEN,MIL,Away,95,112,0
Braxton Key,1,5.6,1,1,1.0,0,0,0.0,0,1,0.0,1,1,2,0,0,0,0,1,2,2.0,0.694,1.0,0.0,1.0,15.9,19.0,17.3,0.0,0.0,0.0,0.0,10.8,137.0,118.0,-1.9,7873572e-edba-40b6-b9ee-78397557c2a7,DEN,MIL,Away,95,112,0
DeAndre Jordan,1,4.283333333333333,0,0,0.0,0,0,0.0,1,2,0.5,0,1,1,0,0,0,0,1,1,-10.0,0.568,0.0,0.0,0.0,0.0,24.9,11.3,0.0,0.0,0.0,0.0,8.6,123.0,117.0,-8.7,7873572e-edba-40b6-b9ee-78397557c2a7,DEN,MIL,Away,95,112,0
Jay Huff,0,0.0,0,0,0.0,0,0,0.0,0,0,0.0,0,0,0,0,0,0,0,0,0,0.0,0.0,0.0,0.0,0.0,0.0,0.0,0.0,0.0,0.0,0.0,0.0,0.0,0.0,0.0,0.0,7873572e-edba-40b6-b9ee-78397557c2a7,DEN,MIL,Away,95,112,0
Nikola Jokić,1,38.96666666666667,6,17,0.353,0,6,0.0,3,4,0.75,0,5,5,8,0,1,0,4,15,-4.0,0.4,0.353,0.353,0.235,0.0,14.3,6.6,35.7,0.0,2.2,0.0,20.9,102.0,108.0,0.6,593c13a3-0bcb-4e04-bf93-e9b4b0850754,DEN,SAC,Home,98,102,0
Michael Porter Jr.,1,37.43333333333333,8,17,0.471,3,7,0.429,0,0,0.0,1,3,4,2,0,0,1,0,19,-12.0,0.559,0.559,0.412,0.0,2.6,8.9,5.5,10.4,0.0,0.0,5.6,20.9,106.0,111.0,1.3,593c13a3-0bcb-4e04-bf93-e9b4b0850754,DEN,SAC,Home,98,102,0
Justin Holiday,1,35.15,2,8,0.25,2,5,0.4,2,2,1.0,1,3,4,2,1,0,1,3,8,1.0,0.45,0.375,0.625,0.25,2.7,9.5,5.9,8.5,1.4,0.0,10.1,12.2,96.0,108.0,-4.3,593c13a3-0bcb-4e04-bf93-e9b4b0850754,DEN,SAC,Home,98,102,0
Aaron Gordon,1,33.3,8,15,0.533,1,2,0.5,8,8,1.0,3,12,15,2,0,0,4,0,25,1.0,0.675,0.567,0.133,0.533,8.6,40.2,23.2,12.3,0.0,0.0,17.8,29.3,116.0,103.0,6.3,593c13a3-0bcb-4e04-bf93-e9b4b0850754,DEN,SAC,Home,98,102,0
Reggie Jackson,1,29.05,6,13,0.462,0,1,0.0,0,0,0.0,2,3,5,9,1,0,1,1,12,1.0,0.462,0.462,0.077,0.0,6.6,11.5,8.9,59.3,1.7,0.0,7.1,20.9,113.0,107.0,5.7,593c13a3-0bcb-4e04-bf93-e9b4b0850754,DEN,SAC,Home,98,102,0
Christian Braun,1,23.416666666666668,1,6,0.167,1,2,0.5,2,4,0.5,2,1,3,2,1,1,0,3,5,3.0,0.322,0.25,0.333,0.667,8.2,4.8,6.6,12.4,2.1,3.7,0.0,14.4,93.0,105.0,-2.1,593c13a3-0bcb-4e04-bf93-e9b4b0850754,DEN,SAC,Home,98,102,0
Collin Gillespie,1,18.016666666666666,1,5,0.2,1,2,0.5,0,0,0.0,0,3,3,1,2,0,2,4,3,-6.0,0.3,0.3,0.4,0.0,0.0,18.6,8.6,8.2,5.5,0.0,28.6,16.8,49.0,96.0,-9.8,593c13a3-0bcb-4e04-bf93-e9b4b0850754,DEN,SAC,Home,98,102,0
Peyton Watson,1,15.633333333333333,1,4,0.25,1,1,1.0,0,0,0.0,1,3,4,1,1,1,2,2,3,-4.0,0.375,0.375,0.25,0.0,6.1,21.4,13.2,9.6,3.2,5.5,33.3,16.6,63.0,97.0,-4.0,593c13a3-0bcb-4e04-bf93-e9b4b0850754,DEN,SAC,Home,98,102,0
Zeke Nnaji,1,9.033333333333331,2,4,0.5,0,0,0.0,4,4,1.0,2,0,2,0,0,2,1,1,8,0.0,0.694,0.5,0.0,1.0,21.3,0.0,11.4,0.0,0.0,19.0,14.8,32.5,131.0,101.0,10.9,593c13a3-0bcb-4e04-bf93-e9b4b0850754,DEN,SAC,Home,98,102,0
Jay Huff,0,0.0,0,0,0.0,0,0,0.0,0,0,0.0,0,0,0,0,0,0,0,0,0,0.0,0.0,0.0,0.0,0.0,0.0,0.0,0.0,0.0,0.0,0.0,0.0,0.0,0.0,0.0,0.0,593c13a3-0bcb-4e04-bf93-e9b4b0850754,DEN,SAC,Home,98,102,0
DeAndre Jordan,0,0.0,0,0,0.0,0,0,0.0,0,0,0.0,0,0,0,0,0,0,0,0,0,0.0,0.0,0.0,0.0,0.0,0.0,0.0,0.0,0.0,0.0,0.0,0.0,0.0,0.0,0.0,0.0,593c13a3-0bcb-4e04-bf93-e9b4b0850754,DEN,SAC,Home,98,102,0
Braxton Key,0,0.0,0,0,0.0,0,0,0.0,0,0,0.0,0,0,0,0,0,0,0,0,0,0.0,0.0,0.0,0.0,0.0,0.0,0.0,0.0,0.0,0.0,0.0,0.0,0.0,0.0,0.0,0.0,593c13a3-0bcb-4e04-bf93-e9b4b0850754,DEN,SAC,Home,98,102,0
Jalen Pickett,0,0.0,0,0,0.0,0,0,0.0,0,0,0.0,0,0,0,0,0,0,0,0,0,0.0,0.0,0.0,0.0,0.0,0.0,0.0,0.0,0.0,0.0,0.0,0.0,0.0,0.0,0.0,0.0,593c13a3-0bcb-4e04-bf93-e9b4b0850754,DEN,SAC,Home,98,102,0
Nikola Jokić,1,31.383333333333333,10,10,1.0,0,0,0.0,1,2,0.5,2,17,19,15,1,0,3,3,21,23.0,0.965,1.0,0.0,0.2,7.8,42.6,29.1,56.4,1.4,0.0,21.6,17.2,161.0,93.0,19.6,c752ca7d-eb99-408b-a91f-7351eb19c7b2,DEN,WAS,Home,130,110,1
Jamal Murray,1,31.266666666666666,9,17,0.529,0,3,0.0,0,0,0.0,0,4,4,8,3,2,1,1,18,16.0,0.529,0.529,0.176,0.0,0.0,10.1,6.1,29.1,4.2,4.7,5.6,22.4,122.0,97.0,5.2,c752ca7d-eb99-408b-a91f-7351eb19c7b2,DEN,WAS,Home,130,110,1
Michael Porter Jr.,1,30.683333333333334,9,16,0.563,2,7,0.286,2,2,1.0,5,6,11,2,0,0,2,2,22,10.0,0.652,0.625,0.438,0.125,20.1,15.4,17.2,7.5,0.0,0.0,10.6,23.9,130.0,107.0,-1.0,c752ca7d-eb99-408b-a91f-7351eb19c7b2,DEN,WAS,Home,130,110,1
Aaron Gordon,1,21.48333333333333,7,12,0.583,0,2,0.0,3,3,1.0,0,2,2,4,1,0,3,4,17,20.0,0.638,0.583,0.167,0.25,0.0,7.3,4.5,22.1,2.0,0.0,18.4,29.5,113.0,105.0,-3.3,c752ca7d-eb99-408b-a91f-7351eb19c7b2,DEN,WAS,Home,130,110,1
Kentavious Caldwell-Pope,1,15.866666666666667,0,6,0.0,0,3,0.0,0,0,0.0,0,2,2,1,0,0,0,0,0,17.0,0.0,0.0,0.5,0.0,0.0,9.9,6.1,5.4,0.0,0.0,0.0,14.7,15.0,110.0,-22.6,c752ca7d-eb99-408b-a91f-7351eb19c7b2,DEN,WAS,Home,130,110,1
Christian Braun,1,23.116666666666667,5,8,0.625,1,2,0.5,1,3,0.333,4,6,10,1,2,0,1,2,12,10.0,0.644,0.688,0.25,0.375,21.3,20.4,20.8,4.6,3.8,0.0,9.7,17.3,129.0,96.0,1.9,c752ca7d-eb99-408b-a91f-7351eb19c7b2,DEN,WAS,Home,130,110,1
Peyton Watson,1,22.15,3,5,0.6,1,1,1.0,4,5,0.8,2,3,5,1,1,4,4,1,11,4.0,0.764,0.7,0.2,1.0,11.1,10.7,10.8,4.4,2.0,13.1,35.7,19.6,103.0,96.0,1.9,c752ca7d-eb99-408b-a91f-7351eb19c7b2,DEN,WAS,Home,130,110,1
Reggie Jackson,1,21.633333333333333,5,14,0.357,1,7,0.143,0,0,0.0,0,1,1,5,1,0,2,1,11,21.0,0.393,0.393,0.5,0.0,0.0,3.6,2.2,24.7,2.0,0.0,12.5,28.7,90.0,108.0,-10.8,c752ca7d-eb99-408b-a91f-7351eb19c7b2,DEN,WAS,Home,130,110,1
Zeke Nnaji,1,16.616666666666667,4,5,0.8,0,1,0.0,0,0,0.0,0,3,3,1,0,4,0,0,8,-3.0,0.8,0.8,0.2,0.0,0.0,14.2,8.7,6.5,0.0,17.5,0.0,11.7,163.0,96.0,9.0,c752ca7d-eb99-408b-a91f-7351eb19c7b2,DEN,WAS,Home,130,110,1
Justin Holiday,1,15.2,3,5,0.6,2,3,0.667,0,0,0.0,0,1,1,2,2,1,0,0,8,-8.0,0.8,0.8,0.6,0.0,0.0,5.2,3.2,13.6,5.8,4.8,0.0,12.8,167.0,96.0,14.2,c752ca7d-eb99-408b-a91f-7351eb19c7b2,DEN,WAS,Home,130,110,1
Jay Huff,1,4.366666666666666,1,2,0.5,0,1,0.0,0,0,0.0,0,2,2,0,0,0,0,2,2,-4.0,0.5,0.5,0.5,0.0,0.0,36.0,22.0,0.0,0.0,0.0,0.0,17.8,106.0,95.0,-14.5,c752ca7d-eb99-408b-a91f-7351eb19c7b2,DEN,WAS,Home,130,110,1
Julian Strawther,1,4.183333333333334,0,1,0.0,0,1,0.0,0,0,0.0,0,0,0,0,0,0,0,0,0,-3.0,0.0,0.0,1.0,0.0,0.0,0.0,0.0,0.0,0.0,0.0,0.0,9.3,0.0,114.0,-19.2,c752ca7d-eb99-408b-a91f-7351eb19c7b2,DEN,WAS,Home,130,110,1
Jalen Pickett,1,2.05,0,0,0.0,0,0,0.0,0,0,0.0,0,0,0,1,0,0,0,0,0,-3.0,0.0,0.0,0.0,0.0,0.0,0.0,0.0,41.8,0.0,0.0,0.0,0.0,213.0,114.0,3.1,c752ca7d-eb99-408b-a91f-7351eb19c7b2,DEN,WAS,Home,130,110,1
DeAndre Jordan,0,0.0,0,0,0.0,0,0,0.0,0,0,0.0,0,0,0,0,0,0,0,0,0,0.0,0.0,0.0,0.0,0.0,0.0,0.0,0.0,0.0,0.0,0.0,0.0,0.0,0.0,0.0,0.0,c752ca7d-eb99-408b-a91f-7351eb19c7b2,DEN,WAS,Home,130,110,1
Braxton Key,0,0.0,0,0,0.0,0,0,0.0,0,0,0.0,0,0,0,0,0,0,0,0,0,0.0,0.0,0.0,0.0,0.0,0.0,0.0,0.0,0.0,0.0,0.0,0.0,0.0,0.0,0.0,0.0,c752ca7d-eb99-408b-a91f-7351eb19c7b2,DEN,WAS,Home,130,110,1
Nikola Jokić,1,34.766666666666666,12,17,0.706,1,3,0.333,4,5,0.8,3,12,15,14,2,1,2,4,29,24.0,0.755,0.735,0.176,0.294,11.2,31.3,23.0,57.8,2.9,1.8,9.4,27.4,160.0,105.0,20.9,806ef970-8bdd-453d-be54-ec7e0da2a615,DEN,POR,Away,127,112,1
Michael Porter Jr.,1,34.06666666666667,13,21,0.619,5,10,0.5,3,3,1.0,4,8,12,1,1,1,0,3,34,17.0,0.762,0.738,0.476,0.143,15.2,21.3,18.8,4.4,1.5,1.9,0.0,29.5,158.0,113.0,9.5,806ef970-8bdd-453d-be54-ec7e0da2a615,DEN,POR,Away,127,112,1
Kentavious Caldwell-Pope,1,32.53333333333333,2,5,0.4,1,3,0.333,4,5,0.8,1,3,4,4,1,0,2,1,9,21.0,0.625,0.5,0.6,1.0,4.0,8.4,6.6,12.5,1.5,0.0,21.7,12.7,123.0,120.0,-4.8,806ef970-8bdd-453d-be54-ec7e0da2a615,DEN,POR,Away,127,112,1
Aaron Gordon,1,27.683333333333334,4,5,0.8,0,1,0.0,0,2,0.0,0,2,2,7,2,1,3,1,8,23.0,0.68,0.8,0.2,0.4,0.0,6.5,3.9,28.2,3.6,2.3,33.8,14.4,110.0,115.0,2.5,806ef970-8bdd-453d-be54-ec7e0da2a615,DEN,POR,Away,127,112,1
Reggie Jackson,1,21.716666666666665,4,10,0.4,1,5,0.2,0,0,0.0,0,0,0,3,0,0,2,1,9,-1.0,0.45,0.45,0.5,0.0,0.0,0.0,0.0,16.1,0.0,0.0,16.7,24.9,89.0,127.0,-15.7,806ef970-8bdd-453d-be54-ec7e0da2a615,DEN,POR,Away,127,112,1
Collin Gillespie,1,23.85,7,9,0.778,4,4,1.0,0,1,0.0,0,2,2,4,1,0,0,1,18,23.0,0.953,1.0,0.444,0.111,0.0,7.6,4.5,22.4,2.1,0.0,0.0,17.8,184.0,119.0,13.0,806ef970-8bdd-453d-be54-ec7e0da2a615,DEN,POR,Away,127,112,1
Christian Braun,1,20.05,1,5,0.2,0,2,0.0,1,2,0.5,0,2,2,4,0,0,2,1,3,6.0,0.255,0.2,0.4,0.4,0.0,9.0,5.3,20.1,0.0,0.0,25.4,17.7,73.0,123.0,-14.7,806ef970-8bdd-453d-be54-ec7e0da2a615,DEN,POR,Away,127,112,1
Peyton Watson,1,17.883333333333333,3,5,0.6,1,2,0.5,1,2,0.5,1,3,4,0,0,1,1,2,8,-1.0,0.68,0.7,0.4,0.4,7.3,15.2,11.9,0.0,0.0,3.5,14.5,17.3,115.0,118.0,-5.9,806ef970-8bdd-453d-be54-ec7e0da2a615,DEN,POR,Away,127,112,1
Zeke Nnaji,1,10.8,3,4,0.75,0,0,0.0,0,0,0.0,2,1,3,1,1,0,0,1,6,-2.0,0.75,0.75,0.0,0.0,24.0,8.4,14.8,12.1,4.6,0.0,0.0,16.7,169.0,113.0,6.3,806ef970-8bdd-453d-be54-ec7e0da2a615,DEN,POR,Away,127,112,1
Justin Holiday,1,6.916666666666667,0,1,0.0,0,1,0.0,0,0,0.0,0,0,0,0,0,0,0,1,0,-7.0,0.0,0.0,1.0,0.0,0.0,0.0,0.0,0.0,0.0,0.0,0.0,6.5,0.0,127.0,-20.0,806ef970-8bdd-453d-be54-ec7e0da2a615,DEN,POR,Away,127,112,1
Julian Strawther,1,2.4333333333333336,1,1,1.0,0,0,0.0,0,0,0.0,0,0,0,0,0,1,0,0,2,-7.0,1.0,1.0,0.0,0.0,0.0,0.0,0.0,0.0,0.0,26.0,0.0,18.5,200.0,111.0,27.3,806ef970-8bdd-453d-be54-ec7e0da2a615,DEN,POR,Away,127,112,1
Jalen Pickett,1,2.4333333333333336,0,1,0.0,0,1,0.0,1,2,0.5,0,0,0,0,0,0,0,1,1,-7.0,0.266,0.0,1.0,2.0,0.0,0.0,0.0,0.0,0.0,0.0,0.0,34.8,64.0,125.0,-38.6,806ef970-8bdd-453d-be54-ec7e0da2a615,DEN,POR,Away,127,112,1
Jay Huff,1,2.4333333333333336,0,1,0.0,0,1,0.0,0,0,0.0,0,0,0,0,0,0,0,0,0,-7.0,0.0,0.0,1.0,0.0,0.0,0.0,0.0,0.0,0.0,0.0,0.0,18.5,0.0,127.0,-30.6,806ef970-8bdd-453d-be54-ec7e0da2a615,DEN,POR,Away,127,112,1
Braxton Key,1,2.4333333333333336,0,0,0.0,0,0,0.0,0,0,0.0,0,1,1,0,0,1,0,0,0,-7.0,0.0,0.0,0.0,0.0,0.0,37.2,21.9,0.0,0.0,26.0,0.0,0.0,0.0,94.0,12.5,806ef970-8bdd-453d-be54-ec7e0da2a615,DEN,POR,Away,127,112,1
DeAndre Jordan,0,0.0,0,0,0.0,0,0,0.0,0,0,0.0,0,0,0,0,0,0,0,0,0,0.0,0.0,0.0,0.0,0.0,0.0,0.0,0.0,0.0,0.0,0.0,0.0,0.0,0.0,0.0,0.0,806ef970-8bdd-453d-be54-ec7e0da2a615,DEN,POR,Away,127,112,1
Nikola Jokić,1,36.81666666666667,13,24,0.542,2,6,0.333,4,4,1.0,2,14,16,16,4,1,2,3,32,20.0,0.621,0.583,0.25,0.167,6.1,41.5,24.0,80.1,5.4,2.8,7.2,33.1,141.0,91.0,27.9,0c2750b3-eeb1-454f-b6a1-e41999ed2988,DEN,GSW,Away,119,103,1
Jamal Murray,1,36.18333333333333,9,16,0.563,3,5,0.6,6,6,1.0,1,3,4,3,0,1,4,3,27,18.0,0.724,0.656,0.313,0.375,3.1,9.0,6.1,12.8,0.0,2.8,17.7,27.4,123.0,113.0,1.9,0c2750b3-eeb1-454f-b6a1-e41999ed2988,DEN,GSW,Away,119,103,1
Kentavious Caldwell-Pope,1,35.05,5,9,0.556,2,4,0.5,1,1,1.0,1,1,2,3,1,0,0,1,13,19.0,0.689,0.667,0.444,0.111,3.2,3.1,3.1,11.4,1.4,0.0,0.0,11.8,152.0,113.0,2.4,0c2750b3-eeb1-454f-b6a1-e41999ed2988,DEN,GSW,Away,119,103,1
Aaron Gordon,1,32.666666666666664,7,10,0.7,0,3,0.0,3,5,0.6,2,4,6,2,3,1,2,4,17,21.0,0.697,0.7,0.3,0.5,6.8,13.4,10.1,9.0,4.6,3.1,14.1,19.1,126.0,101.0,4.3,0c2750b3-eeb1-454f-b6a1-e41999ed2988,DEN,GSW,Away,119,103,1
Michael Porter Jr.,1,32.11666666666667,3,11,0.273,1,6,0.167,2,2,1.0,0,7,7,1,1,0,0,1,9,8.0,0.379,0.318,0.545,0.182,0.0,23.8,12.0,3.9,1.6,0.0,0.0,16.2,90.0,107.0,-7.0,0c2750b3-eeb1-454f-b6a1-e41999ed2988,DEN,GSW,Away,119,103,1
Christian Braun,1,19.816666666666663,3,7,0.429,1,2,0.5,0,0,0.0,2,1,3,0,1,1,0,1,7,-1.0,0.5,0.5,0.286,0.0,11.3,5.5,8.4,0.0,2.5,5.2,0.0,15.5,118.0,107.0,-0.2,0c2750b3-eeb1-454f-b6a1-e41999ed2988,DEN,GSW,Away,119,103,1
Reggie Jackson,1,15.983333333333333,1,2,0.5,1,2,0.5,0,0,0.0,0,0,0,2,0,0,1,4,3,-2.0,0.75,0.75,1.0,0.0,0.0,0.0,0.0,15.0,0.0,0.0,33.3,8.2,111.0,117.0,-8.7,0c2750b3-eeb1-454f-b6a1-e41999ed2988,DEN,GSW,Away,119,103,1
Zeke Nnaji,1,11.966666666666669,1,3,0.333,0,0,0.0,4,4,1.0,3,0,3,1,0,1,0,2,6,-2.0,0.63,0.333,0.0,1.333,28.0,0.0,13.8,10.3,0.0,8.5,0.0,17.4,165.0,112.0,3.8,0c2750b3-eeb1-454f-b6a1-e41999ed2988,DEN,GSW,Away,119,103,1
Peyton Watson,1,11.316666666666666,1,4,0.25,1,3,0.333,0,2,0.0,0,1,1,1,0,0,1,1,3,-11.0,0.307,0.375,0.75,0.5,0.0,9.6,4.9,10.9,0.0,0.0,17.0,22.8,60.0,114.0,-14.5,0c2750b3-eeb1-454f-b6a1-e41999ed2988,DEN,GSW,Away,119,103,1
Jay Huff,1,1.6166666666666667,0,0,0.0,0,0,0.0,2,2,1.0,1,1,2,0,0,0,0,0,2,2.0,1.136,0.0,0.0,0.0,69.0,67.5,68.3,0.0,0.0,0.0,0.0,23.9,242.0,97.0,33.5,0c2750b3-eeb1-454f-b6a1-e41999ed2988,DEN,GSW,Away,119,103,1
Justin Holiday,1,1.6166666666666667,0,1,0.0,0,1,0.0,0,0,0.0,0,0,0,0,0,0,0,0,0,2.0,0.0,0.0,1.0,0.0,0.0,0.0,0.0,0.0,0.0,0.0,0.0,27.1,0.0,118.0,-35.3,0c2750b3-eeb1-454f-b6a1-e41999ed2988,DEN,GSW,Away,119,103,1
Braxton Key,1,1.6166666666666667,0,1,0.0,0,0,0.0,0,0,0.0,0,1,1,0,0,0,0,0,0,2.0,0.0,0.0,0.0,0.0,0.0,67.5,34.1,0.0,0.0,0.0,0.0,27.1,0.0,97.0,-29.9,0c2750b3-eeb1-454f-b6a1-e41999ed2988,DEN,GSW,Away,119,103,1
Jalen Pickett,1,1.6166666666666667,0,0,0.0,0,0,0.0,0,0,0.0,0,0,0,0,0,0,0,0,0,2.0,0.0,0.0,0.0,0.0,0.0,0.0,0.0,0.0,0.0,0.0,0.0,0.0,0.0,118.0,-8.9,0c2750b3-eeb1-454f-b6a1-e41999ed2988,DEN,GSW,Away,119,103,1
Julian Strawther,1,1.6166666666666667,0,0,0.0,0,0,0.0,0,0,0.0,0,0,0,0,0,0,0,0,0,2.0,0.0,0.0,0.0,0.0,0.0,0.0,0.0,0.0,0.0,0.0,0.0,0.0,0.0,118.0,-7.1,0c2750b3-eeb1-454f-b6a1-e41999ed2988,DEN,GSW,Away,119,103,1
DeAndre Jordan,0,0.0,0,0,0.0,0,0,0.0,0,0,0.0,0,0,0,0,0,0,0,0,0,0.0,0.0,0.0,0.0,0.0,0.0,0.0,0.0,0.0,0.0,0.0,0.0,0.0,0.0,0.0,0.0,0c2750b3-eeb1-454f-b6a1-e41999ed2988,DEN,GSW,Away,119,103,1
Jamal Murray,1,32.516666666666666,13,15,0.867,5,6,0.833,1,1,1.0,0,3,3,6,1,0,5,0,32,7.0,1.036,1.033,0.4,0.067,0.0,8.4,5.1,33.0,1.5,0.0,24.5,28.5,138.0,104.0,15.8,d3080edf-0aa6-488b-b7eb-ba0184332308,DEN,SAC,Home,117,96,1
Nikola Jokić,1,32.31666666666667,5,9,0.556,0,0,0.0,4,4,1.0,1,13,14,11,3,1,2,3,14,37.0,0.651,0.556,0.0,0.444,4.5,36.4,24.2,42.4,4.6,2.5,15.7,17.9,141.0,82.0,14.6,d3080edf-0aa6-488b-b7eb-ba0184332308,DEN,SAC,Home,117,96,1
Kentavious Caldwell-Pope,1,28.95,6,10,0.6,4,6,0.667,0,0,0.0,1,1,2,4,3,0,0,3,16,38.0,0.8,0.8,0.6,0.0,5.0,3.1,3.9,18.4,5.1,0.0,0.0,15.7,159.0,98.0,12.7,d3080edf-0aa6-488b-b7eb-ba0184332308,DEN,SAC,Home,117,96,1
Michael Porter Jr.,1,24.45,5,11,0.455,2,6,0.333,2,2,1.0,0,5,5,1,0,1,3,3,14,35.0,0.589,0.545,0.545,0.182,0.0,18.5,11.4,5.4,0.0,3.3,20.2,27.6,89.0,100.0,-7.0,d3080edf-0aa6-488b-b7eb-ba0184332308,DEN,SAC,Home,117,96,1
Aaron Gordon,1,24.4,7,8,0.875,0,1,0.0,3,4,0.75,1,5,6,6,0,0,0,0,17,40.0,0.871,0.875,0.125,0.5,6.0,18.6,13.7,36.6,0.0,0.0,0.0,18.1,188.0,103.0,15.7,d3080edf-0aa6-488b-b7eb-ba0184332308,DEN,SAC,Home,117,96,1
Peyton Watson,1,20.03333333333333,3,6,0.5,0,1,0.0,0,0,0.0,1,1,2,1,0,1,2,2,6,-18.0,0.5,0.5,0.167,0.0,7.3,4.5,5.6,6.2,0.0,4.0,25.0,18.1,83.0,106.0,-9.2,d3080edf-0aa6-488b-b7eb-ba0184332308,DEN,SAC,Home,117,96,1
Christian Braun,1,19.98333333333333,2,8,0.25,1,6,0.167,0,0,0.0,0,3,3,0,1,0,0,2,5,-13.0,0.313,0.313,0.75,0.0,0.0,13.6,8.4,0.0,2.5,0.0,0.0,18.2,62.0,99.0,-12.1,d3080edf-0aa6-488b-b7eb-ba0184332308,DEN,SAC,Home,117,96,1
Reggie Jackson,1,18.633333333333333,2,6,0.333,1,2,0.5,0,0,0.0,0,1,1,4,0,0,1,0,5,12.0,0.417,0.417,0.333,0.0,0.0,4.9,3.0,25.2,0.0,0.0,14.3,17.0,96.0,109.0,-6.1,d3080edf-0aa6-488b-b7eb-ba0184332308,DEN,SAC,Home,117,96,1
Zeke Nnaji,1,13.733333333333333,0,4,0.0,0,1,0.0,0,0,0.0,0,2,2,0,1,3,0,2,0,-19.0,0.0,0.0,0.25,0.0,0.0,13.2,8.1,0.0,3.6,17.5,0.0,13.2,0.0,86.0,-9.7,d3080edf-0aa6-488b-b7eb-ba0184332308,DEN,SAC,Home,117,96,1
Justin Holiday,1,12.316666666666666,1,2,0.5,0,1,0.0,0,0,0.0,0,1,1,0,1,0,1,0,2,-14.0,0.5,0.5,0.5,0.0,0.0,7.4,4.5,0.0,4.0,0.0,33.3,11.0,58.0,99.0,-6.3,d3080edf-0aa6-488b-b7eb-ba0184332308,DEN,SAC,Home,117,96,1
Jay Huff,1,3.5666666666666664,1,1,1.0,1,1,1.0,0,0,0.0,0,2,2,0,0,0,0,0,3,-1.0,1.5,1.5,1.0,0.0,0.0,50.8,31.3,0.0,0.0,0.0,0.0,12.7,300.0,88.0,25.2,d3080edf-0aa6-488b-b7eb-ba0184332308,DEN,SAC,Home,117,96,1
Hunter Tyson,1,3.5666666666666664,1,3,0.333,1,2,0.5,0,0,0.0,1,1,2,0,0,0,0,0,3,-1.0,0.5,0.5,0.667,0.0,40.8,25.4,31.3,0.0,0.0,0.0,0.0,38.1,111.0,100.0,0.3,d3080edf-0aa6-488b-b7eb-ba0184332308,DEN,SAC,Home,117,96,1
Jalen Pickett,1,3.5666666666666664,0,1,0.0,0,1,0.0,0,0,0.0,0,0,0,1,0,0,1,2,0,-1.0,0.0,0.0,1.0,0.0,0.0,0.0,0.0,29.3,0.0,0.0,50.0,25.4,33.0,109.0,-35.1,d3080edf-0aa6-488b-b7eb-ba0184332308,DEN,SAC,Home,117,96,1
Julian Strawther,1,1.9333333333333331,0,2,0.0,0,1,0.0,0,0,0.0,0,0,0,1,0,0,0,0,0,3.0,0.0,0.0,0.5,0.0,0.0,0.0,0.0,54.0,0.0,0.0,0.0,46.9,36.0,111.0,-37.6,d3080edf-0aa6-488b-b7eb-ba0184332308,DEN,SAC,Home,117,96,1
DeAndre Jordan,0,0.0,0,0,0.0,0,0,0.0,0,0,0.0,0,0,0,0,0,0,0,0,0,0.0,0.0,0.0,0.0,0.0,0.0,0.0,0.0,0.0,0.0,0.0,0.0,0.0,0.0,0.0,0.0,d3080edf-0aa6-488b-b7eb-ba0184332308,DEN,SAC,Home,117,96,1
Michael Porter Jr.,1,38.25,12,23,0.522,4,10,0.4,2,2,1.0,2,9,11,3,2,2,2,2,30,1.0,0.628,0.609,0.435,0.087,5.6,27.5,16.1,18.0,2.6,4.4,7.7,30.0,119.0,96.0,12.4,59bf8edd-a513-47bb-9b56-006247f1c365,DEN,MIA,Home,103,97,1
Nikola Jokić,1,38.0,6,15,0.4,0,3,0.0,6,6,1.0,2,9,11,7,1,2,4,4,18,12.0,0.51,0.4,0.2,0.4,5.6,27.7,16.2,31.1,1.3,4.4,18.5,25.3,103.0,99.0,2.8,59bf8edd-a513-47bb-9b56-006247f1c365,DEN,MIA,Home,103,97,1
Aaron Gordon,1,37.266666666666666,5,8,0.625,0,0,0.0,6,6,1.0,2,7,9,3,3,1,4,2,16,-2.0,0.752,0.625,0.0,0.75,5.7,22.0,13.5,13.1,4.0,2.3,27.3,17.4,119.0,96.0,5.7,59bf8edd-a513-47bb-9b56-006247f1c365,DEN,MIA,Home,103,97,1
Kentavious Caldwell-Pope,1,34.35,5,11,0.455,4,8,0.5,4,4,1.0,1,1,2,2,1,1,1,4,18,10.0,0.705,0.636,0.727,0.364,3.1,3.4,3.2,9.6,1.5,2.5,7.3,17.8,136.0,106.0,6.1,59bf8edd-a513-47bb-9b56-006247f1c365,DEN,MIA,Home,103,97,1
Jamal Murray,1,14.116666666666667,2,6,0.333,2,3,0.667,0,0,0.0,0,1,1,3,0,0,1,1,6,7.0,0.5,0.5,0.5,0.0,0.0,8.3,4.0,34.9,0.0,0.0,14.3,22.0,101.0,110.0,-0.4,59bf8edd-a513-47bb-9b56-006247f1c365,DEN,MIA,Home,103,97,1
Reggie Jackson,1,29.35,3,10,0.3,0,5,0.0,0,0,0.0,0,2,2,2,1,0,1,5,6,-2.0,0.3,0.3,0.5,0.0,0.0,8.0,3.8,10.5,1.7,0.0,9.1,16.6,66.0,106.0,-12.0,59bf8edd-a513-47bb-9b56-006247f1c365,DEN,MIA,Home,103,97,1
Christian Braun,1,20.23333333333333,1,2,0.5,0,0,0.0,0,1,0.0,1,1,2,1,1,1,0,3,2,2.0,0.41,0.5,0.0,0.5,5.3,5.8,5.5,7.1,2.5,4.2,0.0,5.3,113.0,102.0,-0.9,59bf8edd-a513-47bb-9b56-006247f1c365,DEN,MIA,Home,103,97,1
Peyton Watson,1,15.016666666666667,0,4,0.0,0,1,0.0,0,0,0.0,0,0,0,0,1,0,1,1,0,6.0,0.0,0.0,0.25,0.0,0.0,0.0,0.0,0.0,3.3,0.0,20.0,14.8,0.0,105.0,-17.5,59bf8edd-a513-47bb-9b56-006247f1c365,DEN,MIA,Home,103,97,1
Justin Holiday,1,7.816666666666666,2,4,0.5,2,4,0.5,0,0,0.0,0,2,2,1,0,0,0,1,6,-2.0,0.75,0.75,1.0,0.0,0.0,30.0,14.3,25.9,0.0,0.0,0.0,22.7,148.0,104.0,14.4,59bf8edd-a513-47bb-9b56-006247f1c365,DEN,MIA,Home,103,97,1
Zeke Nnaji,1,5.6,0,1,0.0,0,0,0.0,1,2,0.5,1,0,1,0,0,1,1,0,1,-2.0,0.266,0.0,0.0,2.0,19.0,0.0,10.0,0.0,0.0,15.0,34.7,22.8,58.0,102.0,-11.5,59bf8edd-a513-47bb-9b56-006247f1c365,DEN,MIA,Home,103,97,1
Jay Huff,0,0.0,0,0,0.0,0,0,0.0,0,0,0.0,0,0,0,0,0,0,0,0,0,0.0,0.0,0.0,0.0,0.0,0.0,0.0,0.0,0.0,0.0,0.0,0.0,0.0,0.0,0.0,0.0,59bf8edd-a513-47bb-9b56-006247f1c365,DEN,MIA,Home,103,97,1
DeAndre Jordan,0,0.0,0,0,0.0,0,0,0.0,0,0,0.0,0,0,0,0,0,0,0,0,0,0.0,0.0,0.0,0.0,0.0,0.0,0.0,0.0,0.0,0.0,0.0,0.0,0.0,0.0,0.0,0.0,59bf8edd-a513-47bb-9b56-006247f1c365,DEN,MIA,Home,103,97,1
Jalen Pickett,0,0.0,0,0,0.0,0,0,0.0,0,0,0.0,0,0,0,0,0,0,0,0,0,0.0,0.0,0.0,0.0,0.0,0.0,0.0,0.0,0.0,0.0,0.0,0.0,0.0,0.0,0.0,0.0,59bf8edd-a513-47bb-9b56-006247f1c365,DEN,MIA,Home,103,97,1
Julian Strawther,0,0.0,0,0,0.0,0,0,0.0,0,0,0.0,0,0,0,0,0,0,0,0,0,0.0,0.0,0.0,0.0,0.0,0.0,0.0,0.0,0.0,0.0,0.0,0.0,0.0,0.0,0.0,0.0,59bf8edd-a513-47bb-9b56-006247f1c365,DEN,MIA,Home,103,97,1
Hunter Tyson,0,0.0,0,0,0.0,0,0,0.0,0,0,0.0,0,0,0,0,0,0,0,0,0,0.0,0.0,0.0,0.0,0.0,0.0,0.0,0.0,0.0,0.0,0.0,0.0,0.0,0.0,0.0,0.0,59bf8edd-a513-47bb-9b56-006247f1c365,DEN,MIA,Home,103,97,1
Nikola Jokić,1,38.93333333333333,16,25,0.64,1,5,0.2,2,2,1.0,2,8,10,7,0,1,3,1,35,16.0,0.676,0.66,0.2,0.08,6.8,23.5,15.8,25.2,0.0,2.1,10.4,33.9,133.0,124.0,7.1,e0eb406c-a356-4a5c-83cf-d02b2fc1af44,DEN,LAL,Away,124,114,1
Jamal Murray,1,38.43333333333333,11,23,0.478,1,5,0.2,1,2,0.5,0,6,6,11,1,0,2,2,24,6.0,0.503,0.5,0.217,0.087,0.0,17.8,9.6,34.1,1.3,0.0,7.7,30.8,118.0,124.0,-2.2,e0eb406c-a356-4a5c-83cf-d02b2fc1af44,DEN,LAL,Away,124,114,1
Michael Porter Jr.,1,37.083333333333336,10,10,1.0,5,5,1.0,0,0,0.0,0,10,10,4,1,1,1,0,25,4.0,1.25,1.25,0.5,0.0,0.0,30.8,16.6,12.6,1.4,2.2,9.1,13.5,212.0,120.0,18.6,e0eb406c-a356-4a5c-83cf-d02b2fc1af44,DEN,LAL,Away,124,114,1
Aaron Gordon,1,34.7,8,16,0.5,1,4,0.25,1,1,1.0,5,4,9,5,1,0,1,2,18,10.0,0.547,0.531,0.25,0.063,19.2,13.2,16.0,16.1,1.5,0.0,5.7,23.0,133.0,124.0,-0.1,e0eb406c-a356-4a5c-83cf-d02b2fc1af44,DEN,LAL,Away,124,114,1
Christian Braun,1,23.966666666666665,1,3,0.333,0,1,0.0,0,0,0.0,1,4,5,2,1,2,2,1,2,9.0,0.333,0.333,0.333,0.0,5.6,19.1,12.8,7.7,2.1,6.7,40.0,9.5,75.0,115.0,-3.9,e0eb406c-a356-4a5c-83cf-d02b2fc1af44,DEN,LAL,Away,124,114,1
Justin Holiday,1,31.0,5,7,0.714,3,5,0.6,0,0,0.0,0,2,2,3,1,0,0,0,13,8.0,0.929,0.929,0.714,0.0,0.0,7.4,4.0,10.0,1.7,0.0,0.0,10.3,189.0,125.0,6.0,e0eb406c-a356-4a5c-83cf-d02b2fc1af44,DEN,LAL,Away,124,114,1
Peyton Watson,1,15.916666666666666,3,5,0.6,0,1,0.0,1,2,0.5,1,1,2,0,0,3,0,0,7,-3.0,0.595,0.6,0.2,0.4,8.4,7.2,7.7,0.0,0.0,15.1,0.0,16.9,131.0,113.0,2.2,e0eb406c-a356-4a5c-83cf-d02b2fc1af44,DEN,LAL,Away,124,114,1
Reggie Jackson,1,11.116666666666667,0,1,0.0,0,0,0.0,0,0,0.0,0,1,1,2,0,0,0,1,0,3.0,0.0,0.0,0.0,0.0,0.0,10.3,5.5,16.0,0.0,0.0,0.0,4.1,104.0,128.0,-9.9,e0eb406c-a356-4a5c-83cf-d02b2fc1af44,DEN,LAL,Away,124,114,1
Zeke Nnaji,1,8.85,0,2,0.0,0,0,0.0,0,0,0.0,2,0,2,0,0,0,1,1,0,-3.0,0.0,0.0,0.0,0.0,30.1,0.0,13.9,0.0,0.0,0.0,33.3,15.5,55.0,129.0,-24.9,e0eb406c-a356-4a5c-83cf-d02b2fc1af44,DEN,LAL,Away,124,114,1
Jay Huff,0,0.0,0,0,0.0,0,0,0.0,0,0,0.0,0,0,0,0,0,0,0,0,0,0.0,0.0,0.0,0.0,0.0,0.0,0.0,0.0,0.0,0.0,0.0,0.0,0.0,0.0,0.0,0.0,e0eb406c-a356-4a5c-83cf-d02b2fc1af44,DEN,LAL,Away,124,114,1
DeAndre Jordan,0,0.0,0,0,0.0,0,0,0.0,0,0,0.0,0,0,0,0,0,0,0,0,0,0.0,0.0,0.0,0.0,0.0,0.0,0.0,0.0,0.0,0.0,0.0,0.0,0.0,0.0,0.0,0.0,e0eb406c-a356-4a5c-83cf-d02b2fc1af44,DEN,LAL,Away,124,114,1
Jalen Pickett,0,0.0,0,0,0.0,0,0,0.0,0,0,0.0,0,0,0,0,0,0,0,0,0,0.0,0.0,0.0,0.0,0.0,0.0,0.0,0.0,0.0,0.0,0.0,0.0,0.0,0.0,0.0,0.0,e0eb406c-a356-4a5c-83cf-d02b2fc1af44,DEN,LAL,Away,124,114,1
Julian Strawther,0,0.0,0,0,0.0,0,0,0.0,0,0,0.0,0,0,0,0,0,0,0,0,0,0.0,0.0,0.0,0.0,0.0,0.0,0.0,0.0,0.0,0.0,0.0,0.0,0.0,0.0,0.0,0.0,e0eb406c-a356-4a5c-83cf-d02b2fc1af44,DEN,LAL,Away,124,114,1
Hunter Tyson,0,0.0,0,0,0.0,0,0,0.0,0,0,0.0,0,0,0,0,0,0,0,0,0,0.0,0.0,0.0,0.0,0.0,0.0,0.0,0.0,0.0,0.0,0.0,0.0,0.0,0.0,0.0,0.0,e0eb406c-a356-4a5c-83cf-d02b2fc1af44,DEN,LAL,Away,124,114,1
Nikola Jokić,1,44.266666666666666,8,18,0.444,4,7,0.571,5,7,0.714,3,13,16,5,0,0,7,2,25,-13.0,0.593,0.556,0.389,0.389,7.0,29.9,18.6,19.1,0.0,0.0,24.9,28.9,97.0,114.0,-0.1,0600f230-1294-4fcf-b558-68fd26ce1fb8,DEN,PHO,Home,107,117,0
Jamal Murray,1,42.2,12,25,0.48,2,6,0.333,2,2,1.0,3,4,7,9,1,0,3,0,28,0.0,0.541,0.52,0.24,0.08,7.4,9.7,8.5,43.6,1.2,0.0,10.4,31.2,113.0,118.0,6.7,0600f230-1294-4fcf-b558-68fd26ce1fb8,DEN,PHO,Home,107,117,0
Michael Porter Jr.,1,39.7,8,18,0.444,4,12,0.333,0,0,0.0,0,7,7,0,1,0,2,3,20,-6.0,0.556,0.556,0.667,0.0,0.0,18.0,9.1,0.0,1.3,0.0,10.0,23.0,94.0,115.0,-2.6,0600f230-1294-4fcf-b558-68fd26ce1fb8,DEN,PHO,Home,107,117,0
Kentavious Caldwell-Pope,1,38.35,4,6,0.667,3,3,1.0,0,0,0.0,0,5,5,3,2,2,1,2,11,-18.0,0.917,0.917,0.5,0.0,0.0,13.3,6.7,11.7,2.7,4.5,14.3,8.3,151.0,109.0,7.5,0600f230-1294-4fcf-b558-68fd26ce1fb8,DEN,PHO,Home,107,117,0
Aaron Gordon,1,34.15,3,10,0.3,1,3,0.333,0,1,0.0,1,2,3,3,0,0,1,2,7,-22.0,0.335,0.35,0.3,0.1,3.0,6.0,4.5,12.8,0.0,0.0,8.7,15.3,79.0,121.0,-8.7,0600f230-1294-4fcf-b558-68fd26ce1fb8,DEN,PHO,Home,107,117,0
Peyton Watson,1,22.883333333333333,2,8,0.25,0,5,0.0,0,0,0.0,1,3,4,4,1,2,0,2,4,1.0,0.25,0.25,0.625,0.0,4.5,13.4,9.0,25.5,2.3,7.5,0.0,16.0,84.0,108.0,0.8,0600f230-1294-4fcf-b558-68fd26ce1fb8,DEN,PHO,Home,107,117,0
Christian Braun,1,18.85,3,3,1.0,0,0,0.0,1,2,0.5,1,3,4,1,1,2,0,2,7,12.0,0.902,1.0,0.0,0.667,5.5,16.2,10.9,8.6,2.7,9.1,0.0,9.4,187.0,104.0,11.2,0600f230-1294-4fcf-b558-68fd26ce1fb8,DEN,PHO,Home,107,117,0
Reggie Jackson,1,15.866666666666667,1,6,0.167,1,3,0.333,0,0,0.0,0,2,2,0,0,0,0,1,3,-7.0,0.25,0.25,0.5,0.0,0.0,12.8,6.5,0.0,0.0,0.0,0.0,17.3,54.0,119.0,-14.5,0600f230-1294-4fcf-b558-68fd26ce1fb8,DEN,PHO,Home,107,117,0
Zeke Nnaji,1,8.733333333333333,0,2,0.0,0,1,0.0,2,2,1.0,1,2,3,0,0,0,0,1,2,3.0,0.347,0.0,0.5,1.0,11.9,23.3,17.7,0.0,0.0,0.0,0.0,15.0,97.0,116.0,-9.5,0600f230-1294-4fcf-b558-68fd26ce1fb8,DEN,PHO,Home,107,117,0
Justin Holiday,0,0.0,0,0,0.0,0,0,0.0,0,0,0.0,0,0,0,0,0,0,0,0,0,0.0,0.0,0.0,0.0,0.0,0.0,0.0,0.0,0.0,0.0,0.0,0.0,0.0,0.0,0.0,0.0,0600f230-1294-4fcf-b558-68fd26ce1fb8,DEN,PHO,Home,107,117,0
Jay Huff,0,0.0,0,0,0.0,0,0,0.0,0,0,0.0,0,0,0,0,0,0,0,0,0,0.0,0.0,0.0,0.0,0.0,0.0,0.0,0.0,0.0,0.0,0.0,0.0,0.0,0.0,0.0,0.0,0600f230-1294-4fcf-b558-68fd26ce1fb8,DEN,PHO,Home,107,117,0
DeAndre Jordan,0,0.0,0,0,0.0,0,0,0.0,0,0,0.0,0,0,0,0,0,0,0,0,0,0.0,0.0,0.0,0.0,0.0,0.0,0.0,0.0,0.0,0.0,0.0,0.0,0.0,0.0,0.0,0.0,0600f230-1294-4fcf-b558-68fd26ce1fb8,DEN,PHO,Home,107,117,0
Jalen Pickett,0,0.0,0,0,0.0,0,0,0.0,0,0,0.0,0,0,0,0,0,0,0,0,0,0.0,0.0,0.0,0.0,0.0,0.0,0.0,0.0,0.0,0.0,0.0,0.0,0.0,0.0,0.0,0.0,0600f230-1294-4fcf-b558-68fd26ce1fb8,DEN,PHO,Home,107,117,0
Julian Strawther,0,0.0,0,0,0.0,0,0,0.0,0,0,0.0,0,0,0,0,0,0,0,0,0,0.0,0.0,0.0,0.0,0.0,0.0,0.0,0.0,0.0,0.0,0.0,0.0,0.0,0.0,0.0,0.0,0600f230-1294-4fcf-b558-68fd26ce1fb8,DEN,PHO,Home,107,117,0
Hunter Tyson,0,0.0,0,0,0.0,0,0,0.0,0,0,0.0,0,0,0,0,0,0,0,0,0,0.0,0.0,0.0,0.0,0.0,0.0,0.0,0.0,0.0,0.0,0.0,0.0,0.0,0.0,0.0,0.0,0600f230-1294-4fcf-b558-68fd26ce1fb8,DEN,PHO,Home,107,117,0
Nikola Jokić,1,38.75,11,19,0.579,0,0,0.0,10,10,1.0,4,8,12,11,2,0,0,1,32,9.0,0.684,0.579,0.0,0.526,11.8,19.8,16.2,43.4,2.5,0.0,0.0,27.2,156.0,110.0,21.8,bac2b8b8-c8c6-4d22-a721-1efab1ca9124,DEN,BOS,Home,115,109,1
Jamal Murray,1,37.0,7,18,0.389,1,4,0.25,4,4,1.0,0,6,6,8,2,0,5,2,19,4.0,0.481,0.417,0.222,0.222,0.0,15.6,8.5,28.9,2.7,0.0,20.2,30.1,89.0,110.0,-2.6,bac2b8b8-c8c6-4d22-a721-1efab1ca9124,DEN,BOS,Home,115,109,1
Aaron Gordon,1,34.016666666666666,8,15,0.533,0,2,0.0,0,0,0.0,3,6,9,1,1,0,0,2,16,-6.0,0.533,0.533,0.133,0.0,10.1,16.9,13.8,4.2,1.4,0.0,0.0,19.8,117.0,113.0,-0.6,bac2b8b8-c8c6-4d22-a721-1efab1ca9124,DEN,BOS,Home,115,109,1
Kentavious Caldwell-Pope,1,33.9,4,7,0.571,1,4,0.25,2,2,1.0,0,3,3,1,3,0,2,3,11,-3.0,0.698,0.643,0.571,0.286,0.0,8.5,4.6,3.6,4.3,0.0,20.2,13.1,108.0,109.0,0.3,bac2b8b8-c8c6-4d22-a721-1efab1ca9124,DEN,BOS,Home,115,109,1
Michael Porter Jr.,1,30.1,4,9,0.444,1,4,0.25,0,0,0.0,0,2,2,1,0,0,0,4,9,-4.0,0.5,0.5,0.444,0.0,0.0,6.4,3.5,4.1,0.0,0.0,0.0,13.5,103.0,119.0,-6.5,bac2b8b8-c8c6-4d22-a721-1efab1ca9124,DEN,BOS,Home,115,109,1
Peyton Watson,1,17.25,5,9,0.556,1,4,0.25,0,0,0.0,0,4,4,1,1,2,0,1,11,11.0,0.611,0.611,0.444,0.0,0.0,22.3,12.1,9.0,2.8,10.5,0.0,23.5,120.0,102.0,11.2,bac2b8b8-c8c6-4d22-a721-1efab1ca9124,DEN,BOS,Home,115,109,1
Christian Braun,1,16.666666666666668,2,3,0.667,0,1,0.0,3,4,0.75,1,5,6,1,0,0,0,4,7,9.0,0.735,0.667,0.333,1.333,6.9,28.8,18.8,7.3,0.0,0.0,0.0,12.9,161.0,110.0,0.7,bac2b8b8-c8c6-4d22-a721-1efab1ca9124,DEN,BOS,Home,115,109,1
Justin Holiday,1,13.133333333333333,1,2,0.5,0,1,0.0,0,0,0.0,0,0,0,1,0,1,0,1,2,6.0,0.5,0.5,0.5,0.0,0.0,0.0,0.0,8.8,0.0,6.9,0.0,6.9,115.0,117.0,-1.2,bac2b8b8-c8c6-4d22-a721-1efab1ca9124,DEN,BOS,Home,115,109,1
Reggie Jackson,1,11.05,2,7,0.286,0,1,0.0,0,0,0.0,0,1,1,2,0,1,0,0,4,2.0,0.286,0.286,0.143,0.0,0.0,8.7,4.7,23.9,0.0,8.2,0.0,28.5,73.0,114.0,-6.1,bac2b8b8-c8c6-4d22-a721-1efab1ca9124,DEN,BOS,Home,115,109,1
Zeke Nnaji,1,8.133333333333333,1,1,1.0,0,0,0.0,2,2,1.0,0,2,2,0,1,0,0,1,4,2.0,1.064,1.0,0.0,2.0,0.0,23.6,12.8,0.0,6.0,0.0,0.0,10.4,227.0,100.0,11.1,bac2b8b8-c8c6-4d22-a721-1efab1ca9124,DEN,BOS,Home,115,109,1
Jay Huff,0,0.0,0,0,0.0,0,0,0.0,0,0,0.0,0,0,0,0,0,0,0,0,0,0.0,0.0,0.0,0.0,0.0,0.0,0.0,0.0,0.0,0.0,0.0,0.0,0.0,0.0,0.0,0.0,bac2b8b8-c8c6-4d22-a721-1efab1ca9124,DEN,BOS,Home,115,109,1
DeAndre Jordan,0,0.0,0,0,0.0,0,0,0.0,0,0,0.0,0,0,0,0,0,0,0,0,0,0.0,0.0,0.0,0.0,0.0,0.0,0.0,0.0,0.0,0.0,0.0,0.0,0.0,0.0,0.0,0.0,bac2b8b8-c8c6-4d22-a721-1efab1ca9124,DEN,BOS,Home,115,109,1
Jalen Pickett,0,0.0,0,0,0.0,0,0,0.0,0,0,0.0,0,0,0,0,0,0,0,0,0,0.0,0.0,0.0,0.0,0.0,0.0,0.0,0.0,0.0,0.0,0.0,0.0,0.0,0.0,0.0,0.0,bac2b8b8-c8c6-4d22-a721-1efab1ca9124,DEN,BOS,Home,115,109,1
Julian Strawther,0,0.0,0,0,0.0,0,0,0.0,0,0,0.0,0,0,0,0,0,0,0,0,0,0.0,0.0,0.0,0.0,0.0,0.0,0.0,0.0,0.0,0.0,0.0,0.0,0.0,0.0,0.0,0.0,bac2b8b8-c8c6-4d22-a721-1efab1ca9124,DEN,BOS,Home,115,109,1
Hunter Tyson,0,0.0,0,0,0.0,0,0,0.0,0,0,0.0,0,0,0,0,0,0,0,0,0,0.0,0.0,0.0,0.0,0.0,0.0,0.0,0.0,0.0,0.0,0.0,0.0,0.0,0.0,0.0,0.0,bac2b8b8-c8c6-4d22-a721-1efab1ca9124,DEN,BOS,Home,115,109,1
Jamal Murray,1,36.95,13,21,0.619,6,9,0.667,5,7,0.714,1,2,3,7,2,0,1,2,37,11.0,0.768,0.762,0.429,0.333,4.8,6.3,5.7,23.9,2.6,0.0,4.0,31.6,154.0,123.0,6.2,8c0cafa9-8031-4bd7-8a6e-54180643e9ad,DEN,UTA,Home,142,121,1
Nikola Jokić,1,32.0,12,14,0.857,0,0,0.0,2,2,1.0,2,4,6,8,1,2,3,1,26,6.0,0.874,0.857,0.0,0.143,11.1,14.6,13.2,32.4,1.5,4.4,16.8,26.0,159.0,121.0,9.2,8c0cafa9-8031-4bd7-8a6e-54180643e9ad,DEN,UTA,Home,142,121,1
Kentavious Caldwell-Pope,1,30.466666666666665,5,8,0.625,3,6,0.5,0,0,0.0,0,1,1,2,1,2,1,2,13,1.0,0.813,0.813,0.75,0.0,0.0,3.8,2.3,6.7,1.6,4.6,11.1,13.8,138.0,123.0,0.1,8c0cafa9-8031-4bd7-8a6e-54180643e9ad,DEN,UTA,Home,142,121,1
Michael Porter Jr.,1,22.366666666666667,8,13,0.615,3,5,0.6,0,0,0.0,1,3,4,2,1,1,2,1,19,12.0,0.731,0.731,0.385,0.0,7.9,15.7,12.6,11.3,2.2,3.2,13.3,31.2,123.0,120.0,-0.3,8c0cafa9-8031-4bd7-8a6e-54180643e9ad,DEN,UTA,Home,142,121,1
Aaron Gordon,1,20.35,3,3,1.0,0,0,0.0,1,1,1.0,0,2,2,7,2,0,3,4,7,19.0,1.017,1.0,0.0,0.333,0.0,11.5,6.9,34.5,4.7,0.0,46.6,14.7,139.0,117.0,4.3,8c0cafa9-8031-4bd7-8a6e-54180643e9ad,DEN,UTA,Home,142,121,1
Peyton Watson,1,26.166666666666668,4,8,0.5,0,2,0.0,4,4,1.0,0,5,5,0,1,1,1,1,12,0.0,0.615,0.5,0.25,0.5,0.0,22.4,13.5,0.0,1.8,2.7,9.3,19.2,113.0,119.0,-9.0,8c0cafa9-8031-4bd7-8a6e-54180643e9ad,DEN,UTA,Home,142,121,1
Justin Holiday,1,24.78333333333333,1,1,1.0,1,1,1.0,0,0,0.0,0,2,2,7,0,1,0,1,3,15.0,1.5,1.5,1.0,0.0,0.0,9.4,5.7,25.5,0.0,2.8,0.0,1.9,245.0,126.0,5.6,8c0cafa9-8031-4bd7-8a6e-54180643e9ad,DEN,UTA,Home,142,121,1
Christian Braun,1,16.666666666666668,5,5,1.0,3,3,1.0,0,0,0.0,0,4,4,1,0,1,0,6,13,12.0,1.3,1.3,0.6,0.0,0.0,28.1,16.9,7.1,0.0,4.2,0.0,14.0,256.0,119.0,9.8,8c0cafa9-8031-4bd7-8a6e-54180643e9ad,DEN,UTA,Home,142,121,1
Zeke Nnaji,1,14.516666666666667,0,1,0.0,0,0,0.0,1,2,0.5,1,1,2,2,0,2,0,2,1,13.0,0.266,0.0,0.0,2.0,12.2,8.1,9.7,12.0,0.0,9.7,0.0,6.0,138.0,122.0,-2.7,8c0cafa9-8031-4bd7-8a6e-54180643e9ad,DEN,UTA,Home,142,121,1
Reggie Jackson,1,9.333333333333334,2,7,0.286,2,5,0.4,0,0,0.0,0,1,1,2,0,0,1,0,6,8.0,0.429,0.429,0.714,0.0,0.0,12.5,7.6,23.0,0.0,0.0,12.5,39.9,90.0,127.0,-19.8,8c0cafa9-8031-4bd7-8a6e-54180643e9ad,DEN,UTA,Home,142,121,1
Jalen Pickett,1,1.7166666666666668,0,0,0.0,0,0,0.0,0,0,0.0,0,0,0,1,0,0,1,0,0,2.0,0.0,0.0,0.0,0.0,0.0,0.0,0.0,50.8,0.0,0.0,100.0,27.1,64.0,131.0,-18.7,8c0cafa9-8031-4bd7-8a6e-54180643e9ad,DEN,UTA,Home,142,121,1
Julian Strawther,1,1.7166666666666668,0,0,0.0,0,0,0.0,0,0,0.0,0,0,0,1,0,0,0,1,0,2.0,0.0,0.0,0.0,0.0,0.0,0.0,0.0,50.8,0.0,0.0,0.0,0.0,235.0,129.0,2.0,8c0cafa9-8031-4bd7-8a6e-54180643e9ad,DEN,UTA,Home,142,121,1
Hunter Tyson,1,1.4833333333333334,1,1,1.0,1,1,1.0,0,0,0.0,0,1,1,0,0,0,0,1,3,2.0,1.5,1.5,1.0,0.0,0.0,78.9,47.6,0.0,0.0,0.0,0.0,31.4,300.0,106.0,41.3,8c0cafa9-8031-4bd7-8a6e-54180643e9ad,DEN,UTA,Home,142,121,1
Jay Huff,1,1.4833333333333334,1,1,1.0,0,0,0.0,0,0,0.0,0,1,1,0,0,0,0,0,2,2.0,1.0,1.0,0.0,0.0,0.0,78.9,47.6,0.0,0.0,0.0,0.0,31.4,200.0,108.0,13.4,8c0cafa9-8031-4bd7-8a6e-54180643e9ad,DEN,UTA,Home,142,121,1
DeAndre Jordan,0,0.0,0,0,0.0,0,0,0.0,0,0,0.0,0,0,0,0,0,0,0,0,0,0.0,0.0,0.0,0.0,0.0,0.0,0.0,0.0,0.0,0.0,0.0,0.0,0.0,0.0,0.0,0.0,8c0cafa9-8031-4bd7-8a6e-54180643e9ad,DEN,UTA,Home,142,121,1
Jamal Murray,1,39.1,11,19,0.579,2,6,0.333,2,5,0.4,1,4,5,12,0,2,1,1,26,15.0,0.613,0.632,0.316,0.263,2.9,11.7,7.3,38.3,0.0,3.9,4.5,24.4,136.0,125.0,5.9,abd43c54-18b8-4d39-b743-9022f99e0831,DEN,TOR,Home,125,119,1
Nikola Jokić,1,38.1,14,26,0.538,1,3,0.333,6,6,1.0,6,11,17,12,6,2,2,3,35,13.0,0.611,0.558,0.115,0.231,18.0,33.0,25.5,44.0,7.7,4.0,6.5,34.5,139.0,102.0,21.5,abd43c54-18b8-4d39-b743-9022f99e0831,DEN,TOR,Home,125,119,1
Michael Porter Jr.,1,32.86666666666667,8,14,0.571,2,6,0.333,1,2,0.5,3,5,8,3,1,1,0,2,19,-2.0,0.638,0.643,0.429,0.143,10.4,17.4,13.9,10.9,1.5,2.3,0.0,19.4,141.0,121.0,2.2,abd43c54-18b8-4d39-b743-9022f99e0831,DEN,TOR,Home,125,119,1
Kentavious Caldwell-Pope,1,32.46666666666667,1,6,0.167,1,3,0.333,0,0,0.0,0,2,2,6,1,0,2,1,3,5.0,0.25,0.25,0.5,0.0,0.0,7.0,3.5,17.6,1.5,0.0,25.0,10.6,77.0,125.0,-10.7,abd43c54-18b8-4d39-b743-9022f99e0831,DEN,TOR,Home,125,119,1
Aaron Gordon,1,30.683333333333334,8,9,0.889,1,2,0.5,2,3,0.667,0,2,2,1,0,0,1,1,19,-1.0,0.921,0.944,0.222,0.333,0.0,7.4,3.7,4.0,0.0,0.0,8.8,15.8,158.0,129.0,-0.6,abd43c54-18b8-4d39-b743-9022f99e0831,DEN,TOR,Home,125,119,1
Christian Braun,1,19.25,2,6,0.333,1,3,0.333,0,0,0.0,0,2,2,2,0,1,1,2,5,9.0,0.417,0.417,0.5,0.0,0.0,11.9,5.9,10.6,0.0,4.0,14.3,15.6,86.0,124.0,-10.3,abd43c54-18b8-4d39-b743-9022f99e0831,DEN,TOR,Home,125,119,1
Peyton Watson,1,15.383333333333333,3,4,0.75,1,1,1.0,0,2,0.0,0,5,5,0,0,1,1,2,7,5.0,0.717,0.875,0.25,0.5,0.0,37.1,18.6,0.0,0.0,5.0,17.0,16.4,96.0,117.0,-5.1,abd43c54-18b8-4d39-b743-9022f99e0831,DEN,TOR,Home,125,119,1
Reggie Jackson,1,14.533333333333331,4,9,0.444,1,5,0.2,0,0,0.0,1,0,1,0,0,0,0,2,9,-7.0,0.5,0.5,0.556,0.0,7.9,0.0,3.9,0.0,0.0,0.0,0.0,26.6,107.0,130.0,-12.6,abd43c54-18b8-4d39-b743-9022f99e0831,DEN,TOR,Home,125,119,1
Zeke Nnaji,1,9.2,1,2,0.5,0,0,0.0,0,0,0.0,0,0,0,0,0,1,0,0,2,-5.0,0.5,0.5,0.0,0.0,0.0,0.0,0.0,0.0,0.0,8.3,0.0,9.3,102.0,124.0,-7.6,abd43c54-18b8-4d39-b743-9022f99e0831,DEN,TOR,Home,125,119,1
Justin Holiday,1,8.416666666666666,0,0,0.0,0,0,0.0,0,0,0.0,0,0,0,0,0,0,1,0,0,-2.0,0.0,0.0,0.0,0.0,0.0,0.0,0.0,0.0,0.0,0.0,100.0,5.1,0.0,130.0,-17.5,abd43c54-18b8-4d39-b743-9022f99e0831,DEN,TOR,Home,125,119,1
Collin Gillespie,0,0.0,0,0,0.0,0,0,0.0,0,0,0.0,0,0,0,0,0,0,0,0,0,0.0,0.0,0.0,0.0,0.0,0.0,0.0,0.0,0.0,0.0,0.0,0.0,0.0,0.0,0.0,0.0,abd43c54-18b8-4d39-b743-9022f99e0831,DEN,TOR,Home,125,119,1
Jay Huff,0,0.0,0,0,0.0,0,0,0.0,0,0,0.0,0,0,0,0,0,0,0,0,0,0.0,0.0,0.0,0.0,0.0,0.0,0.0,0.0,0.0,0.0,0.0,0.0,0.0,0.0,0.0,0.0,abd43c54-18b8-4d39-b743-9022f99e0831,DEN,TOR,Home,125,119,1
DeAndre Jordan,0,0.0,0,0,0.0,0,0,0.0,0,0,0.0,0,0,0,0,0,0,0,0,0,0.0,0.0,0.0,0.0,0.0,0.0,0.0,0.0,0.0,0.0,0.0,0.0,0.0,0.0,0.0,0.0,abd43c54-18b8-4d39-b743-9022f99e0831,DEN,TOR,Home,125,119,1
Julian Strawther,0,0.0,0,0,0.0,0,0,0.0,0,0,0.0,0,0,0,0,0,0,0,0,0,0.0,0.0,0.0,0.0,0.0,0.0,0.0,0.0,0.0,0.0,0.0,0.0,0.0,0.0,0.0,0.0,abd43c54-18b8-4d39-b743-9022f99e0831,DEN,TOR,Home,125,119,1
Nikola Jokić,1,37.61666666666667,5,8,0.625,0,0,0.0,2,3,0.667,3,11,14,6,1,0,4,1,12,10.0,0.644,0.625,0.0,0.375,9.3,33.4,21.5,22.8,1.5,0.0,30.0,17.6,112.0,97.0,3.7,83189e67-a66d-4311-b9fe-5f862dd98301,DEN,MIA,Away,100,88,1
Michael Porter Jr.,1,33.53333333333333,9,16,0.563,5,9,0.556,2,2,1.0,2,5,7,0,0,0,1,0,25,10.0,0.741,0.719,0.563,0.125,7.0,17.0,12.1,0.0,0.0,0.0,5.6,26.5,135.0,104.0,10.7,83189e67-a66d-4311-b9fe-5f862dd98301,DEN,MIA,Away,100,88,1
Aaron Gordon,1,33.4,6,11,0.545,1,4,0.25,3,6,0.5,2,6,8,4,0,0,1,4,16,17.0,0.587,0.591,0.364,0.545,7.0,20.5,13.9,18.3,0.0,0.0,6.8,21.8,123.0,103.0,3.2,83189e67-a66d-4311-b9fe-5f862dd98301,DEN,MIA,Away,100,88,1
Jamal Murray,1,31.4,5,14,0.357,2,8,0.25,2,2,1.0,0,2,2,5,1,0,0,1,14,8.0,0.47,0.429,0.571,0.143,0.0,7.3,3.7,23.6,1.8,0.0,0.0,23.5,110.0,103.0,3.0,83189e67-a66d-4311-b9fe-5f862dd98301,DEN,MIA,Away,100,88,1
Kentavious Caldwell-Pope,1,24.716666666666665,4,9,0.444,1,5,0.2,0,0,0.0,0,1,1,2,2,0,0,0,9,2.0,0.5,0.5,0.556,0.0,0.0,4.6,2.3,12.1,4.5,0.0,0.0,18.1,107.0,98.0,4.6,83189e67-a66d-4311-b9fe-5f862dd98301,DEN,MIA,Away,100,88,1
Peyton Watson,1,22.616666666666667,3,7,0.429,0,2,0.0,0,0,0.0,0,3,3,2,0,1,0,0,6,2.0,0.429,0.429,0.286,0.0,0.0,15.2,7.7,12.6,0.0,3.6,0.0,15.4,98.0,101.0,0.8,83189e67-a66d-4311-b9fe-5f862dd98301,DEN,MIA,Away,100,88,1
Christian Braun,1,20.066666666666663,3,3,1.0,1,1,1.0,0,0,0.0,0,2,2,1,0,0,1,3,7,7.0,1.167,1.167,0.333,0.0,0.0,11.4,5.8,7.3,0.0,0.0,25.0,9.9,155.0,105.0,2.8,83189e67-a66d-4311-b9fe-5f862dd98301,DEN,MIA,Away,100,88,1
Reggie Jackson,1,18.866666666666667,4,9,0.444,1,1,1.0,0,0,0.0,0,1,1,2,0,0,2,1,9,7.0,0.5,0.5,0.111,0.0,0.0,6.1,3.1,17.1,0.0,0.0,18.2,28.9,85.0,107.0,-6.6,83189e67-a66d-4311-b9fe-5f862dd98301,DEN,MIA,Away,100,88,1
Justin Holiday,1,12.916666666666666,1,5,0.2,0,3,0.0,0,0,0.0,0,3,3,2,0,1,0,2,2,-1.0,0.2,0.2,0.6,0.0,0.0,26.5,13.4,20.5,0.0,6.3,0.0,19.2,64.0,96.0,-6.9,83189e67-a66d-4311-b9fe-5f862dd98301,DEN,MIA,Away,100,88,1
Zeke Nnaji,1,4.866666666666667,0,0,0.0,0,0,0.0,0,0,0.0,0,0,0,0,0,0,0,1,0,-2.0,0.0,0.0,0.0,0.0,0.0,0.0,0.0,0.0,0.0,0.0,0.0,0.0,0.0,108.0,-8.8,83189e67-a66d-4311-b9fe-5f862dd98301,DEN,MIA,Away,100,88,1
Jay Huff,0,0.0,0,0,0.0,0,0,0.0,0,0,0.0,0,0,0,0,0,0,0,0,0,0.0,0.0,0.0,0.0,0.0,0.0,0.0,0.0,0.0,0.0,0.0,0.0,0.0,0.0,0.0,0.0,83189e67-a66d-4311-b9fe-5f862dd98301,DEN,MIA,Away,100,88,1
DeAndre Jordan,0,0.0,0,0,0.0,0,0,0.0,0,0,0.0,0,0,0,0,0,0,0,0,0,0.0,0.0,0.0,0.0,0.0,0.0,0.0,0.0,0.0,0.0,0.0,0.0,0.0,0.0,0.0,0.0,83189e67-a66d-4311-b9fe-5f862dd98301,DEN,MIA,Away,100,88,1
Julian Strawther,0,0.0,0,0,0.0,0,0,0.0,0,0,0.0,0,0,0,0,0,0,0,0,0,0.0,0.0,0.0,0.0,0.0,0.0,0.0,0.0,0.0,0.0,0.0,0.0,0.0,0.0,0.0,0.0,83189e67-a66d-4311-b9fe-5f862dd98301,DEN,MIA,Away,100,88,1
Jamal Murray,1,33.983333333333334,6,16,0.375,1,2,0.5,2,2,1.0,2,8,10,8,4,0,3,4,15,9.0,0.444,0.406,0.125,0.125,7.2,25.1,16.8,27.9,5.8,0.0,15.1,26.4,99.0,100.0,-1.6,750feb3c-a741-41c3-81b4-03cbbb57e3e2,DEN,SAS,Away,117,106,1
Nikola Jokić,1,30.9,13,19,0.684,1,3,0.333,4,4,1.0,1,6,7,5,0,2,3,1,31,7.0,0.747,0.711,0.158,0.211,4.0,20.7,12.9,27.0,0.0,6.0,12.6,34.7,130.0,112.0,10.9,750feb3c-a741-41c3-81b4-03cbbb57e3e2,DEN,SAS,Away,117,106,1
Kentavious Caldwell-Pope,1,26.816666666666663,2,5,0.4,0,1,0.0,0,0,0.0,0,0,0,3,3,0,2,3,4,4.0,0.4,0.4,0.2,0.0,0.0,0.0,0.0,11.8,5.6,0.0,28.6,11.8,75.0,109.0,-7.1,750feb3c-a741-41c3-81b4-03cbbb57e3e2,DEN,SAS,Away,117,106,1
Aaron Gordon,1,25.1,3,3,1.0,0,0,0.0,1,2,0.5,1,2,3,7,0,0,1,2,7,3.0,0.902,1.0,0.0,0.667,4.9,8.5,6.8,30.9,0.0,0.0,20.5,8.8,166.0,119.0,3.7,750feb3c-a741-41c3-81b4-03cbbb57e3e2,DEN,SAS,Away,117,106,1
Michael Porter Jr.,1,23.016666666666666,5,9,0.556,2,5,0.4,1,1,1.0,0,7,7,1,1,0,0,1,13,5.0,0.689,0.667,0.556,0.111,0.0,32.4,17.4,5.4,2.2,0.0,0.0,18.5,133.0,107.0,3.0,750feb3c-a741-41c3-81b4-03cbbb57e3e2,DEN,SAS,Away,117,106,1
Christian Braun,1,24.28333333333333,5,7,0.714,2,3,0.667,1,2,0.5,1,3,4,4,3,0,1,1,13,8.0,0.825,0.857,0.429,0.286,5.1,13.2,9.4,20.2,6.1,0.0,11.3,16.5,147.0,104.0,12.7,750feb3c-a741-41c3-81b4-03cbbb57e3e2,DEN,SAS,Away,117,106,1
Peyton Watson,1,22.9,5,11,0.455,0,3,0.0,0,1,0.0,1,2,3,2,0,0,1,4,10,8.0,0.437,0.455,0.273,0.091,5.4,9.3,7.5,10.9,0.0,0.0,8.0,24.5,89.0,118.0,-14.1,750feb3c-a741-41c3-81b4-03cbbb57e3e2,DEN,SAS,Away,117,106,1
Justin Holiday,1,21.166666666666668,5,9,0.556,3,6,0.5,0,0,0.0,0,1,1,2,2,0,0,2,13,7.0,0.722,0.722,0.667,0.0,0.0,5.0,2.7,12.0,4.7,0.0,0.0,19.2,138.0,109.0,7.0,750feb3c-a741-41c3-81b4-03cbbb57e3e2,DEN,SAS,Away,117,106,1
Zeke Nnaji,1,16.4,2,2,1.0,0,0,0.0,0,0,0.0,1,3,4,2,0,3,0,1,4,6.0,1.0,1.0,0.0,0.0,7.5,19.5,13.9,13.6,0.0,16.9,0.0,5.5,209.0,105.0,9.7,750feb3c-a741-41c3-81b4-03cbbb57e3e2,DEN,SAS,Away,117,106,1
Reggie Jackson,1,14.016666666666667,3,8,0.375,1,2,0.5,0,0,0.0,0,1,1,3,0,0,1,1,7,2.0,0.438,0.438,0.25,0.0,0.0,7.6,4.1,26.5,0.0,0.0,11.1,29.0,90.0,119.0,-11.0,750feb3c-a741-41c3-81b4-03cbbb57e3e2,DEN,SAS,Away,117,106,1
Jay Huff,1,0.7,0,0,0.0,0,0,0.0,0,0,0.0,0,0,0,0,0,0,0,0,0,-2.0,0.0,0.0,0.0,0.0,0.0,0.0,0.0,0.0,0.0,0.0,0.0,0.0,0.0,122.0,-10.5,750feb3c-a741-41c3-81b4-03cbbb57e3e2,DEN,SAS,Away,117,106,1
Julian Strawther,1,0.7,0,0,0.0,0,0,0.0,0,0,0.0,0,0,0,0,0,0,0,0,0,-2.0,0.0,0.0,0.0,0.0,0.0,0.0,0.0,0.0,0.0,0.0,0.0,0.0,0.0,122.0,-9.5,750feb3c-a741-41c3-81b4-03cbbb57e3e2,DEN,SAS,Away,117,106,1
DeAndre Jordan,0,0.0,0,0,0.0,0,0,0.0,0,0,0.0,0,0,0,0,0,0,0,0,0,0.0,0.0,0.0,0.0,0.0,0.0,0.0,0.0,0.0,0.0,0.0,0.0,0.0,0.0,0.0,0.0,750feb3c-a741-41c3-81b4-03cbbb57e3e2,DEN,SAS,Away,117,106,1
Nikola Jokić,1,38.516666666666666,6,16,0.375,0,2,0.0,4,5,0.8,3,8,11,7,2,0,3,1,16,10.0,0.44,0.375,0.125,0.313,8.5,18.8,14.1,29.5,2.7,0.0,14.2,26.2,97.0,109.0,0.2,9b21d25e-7b0e-4d4a-94cf-6186ff9b5078,DEN,DAL,Away,105,107,0
Michael Porter Jr.,1,37.2,6,13,0.462,4,9,0.444,4,4,1.0,2,5,7,3,2,2,1,2,20,6.0,0.678,0.615,0.692,0.308,5.9,12.2,9.3,13.2,2.8,4.0,6.3,20.2,132.0,111.0,9.8,9b21d25e-7b0e-4d4a-94cf-6186ff9b5078,DEN,DAL,Away,105,107,0
Jamal Murray,1,35.53333333333333,7,20,0.35,2,5,0.4,7,7,1.0,0,4,4,7,1,1,1,2,23,0.0,0.498,0.4,0.25,0.35,0.0,10.2,5.6,34.3,1.4,2.1,4.2,32.3,108.0,116.0,3.8,9b21d25e-7b0e-4d4a-94cf-6186ff9b5078,DEN,DAL,Away,105,107,0
Aaron Gordon,1,33.55,4,7,0.571,0,2,0.0,3,4,0.75,0,8,8,4,0,1,0,3,11,12.0,0.628,0.571,0.286,0.571,0.0,21.6,11.8,18.3,0.0,2.2,0.0,12.4,139.0,112.0,1.6,9b21d25e-7b0e-4d4a-94cf-6186ff9b5078,DEN,DAL,Away,105,107,0
Kentavious Caldwell-Pope,1,31.633333333333333,4,8,0.5,2,5,0.4,0,0,0.0,0,3,3,2,0,2,0,2,10,7.0,0.625,0.625,0.625,0.0,0.0,8.6,4.7,9.8,0.0,4.7,0.0,12.1,123.0,119.0,1.6,9b21d25e-7b0e-4d4a-94cf-6186ff9b5078,DEN,DAL,Away,105,107,0
Christian Braun,1,19.166666666666668,4,5,0.8,1,1,1.0,1,2,0.5,0,1,1,1,0,0,1,2,10,-11.0,0.85,0.9,0.2,0.4,0.0,4.7,2.6,9.3,0.0,0.0,14.5,17.1,131.0,123.0,1.2,9b21d25e-7b0e-4d4a-94cf-6186ff9b5078,DEN,DAL,Away,105,107,0
Peyton Watson,1,14.283333333333331,1,4,0.25,1,1,1.0,0,0,0.0,0,2,2,0,2,0,0,1,3,-14.0,0.375,0.375,0.25,0.0,0.0,12.7,6.9,0.0,7.2,0.0,0.0,13.4,72.0,103.0,-1.1,9b21d25e-7b0e-4d4a-94cf-6186ff9b5078,DEN,DAL,Away,105,107,0
Reggie Jackson,1,12.516666666666667,3,8,0.375,2,3,0.667,0,0,0.0,0,0,0,2,0,0,1,1,8,0.0,0.5,0.5,0.375,0.0,0.0,0.0,0.0,30.1,0.0,0.0,11.1,34.3,91.0,126.0,-3.8,9b21d25e-7b0e-4d4a-94cf-6186ff9b5078,DEN,DAL,Away,105,107,0
Zeke Nnaji,1,9.483333333333333,2,2,1.0,0,0,0.0,0,0,0.0,1,0,1,0,0,0,0,1,4,-12.0,1.0,1.0,0.0,0.0,11.5,0.0,5.2,0.0,0.0,0.0,0.0,10.1,208.0,126.0,1.4,9b21d25e-7b0e-4d4a-94cf-6186ff9b5078,DEN,DAL,Away,105,107,0
Justin Holiday,1,8.116666666666667,0,1,0.0,0,0,0.0,0,0,0.0,0,0,0,0,0,0,0,1,0,-8.0,0.0,0.0,0.0,0.0,0.0,0.0,0.0,0.0,0.0,0.0,0.0,5.9,0.0,126.0,-15.9,9b21d25e-7b0e-4d4a-94cf-6186ff9b5078,DEN,DAL,Away,105,107,0
Jay Huff,0,0.0,0,0,0.0,0,0,0.0,0,0,0.0,0,0,0,0,0,0,0,0,0,0.0,0.0,0.0,0.0,0.0,0.0,0.0,0.0,0.0,0.0,0.0,0.0,0.0,0.0,0.0,0.0,9b21d25e-7b0e-4d4a-94cf-6186ff9b5078,DEN,DAL,Away,105,107,0
DeAndre Jordan,0,0.0,0,0,0.0,0,0,0.0,0,0,0.0,0,0,0,0,0,0,0,0,0,0.0,0.0,0.0,0.0,0.0,0.0,0.0,0.0,0.0,0.0,0.0,0.0,0.0,0.0,0.0,0.0,9b21d25e-7b0e-4d4a-94cf-6186ff9b5078,DEN,DAL,Away,105,107,0
Julian Strawther,0,0.0,0,0,0.0,0,0,0.0,0,0,0.0,0,0,0,0,0,0,0,0,0,0.0,0.0,0.0,0.0,0.0,0.0,0.0,0.0,0.0,0.0,0.0,0.0,0.0,0.0,0.0,0.0,9b21d25e-7b0e-4d4a-94cf-6186ff9b5078,DEN,DAL,Away,105,107,0
Nikola Jokić,1,37.66666666666666,14,22,0.636,3,4,0.75,4,6,0.667,1,15,16,2,0,0,3,3,35,8.0,0.71,0.705,0.182,0.273,3.2,41.6,23.7,10.5,0.0,0.0,10.9,32.7,127.0,115.0,7.8,84c8e36e-1e9a-4cd4-b52e-439ed6f70838,DEN,MIN,Away,115,112,1
Kentavious Caldwell-Pope,1,37.66666666666666,3,6,0.5,2,4,0.5,1,1,1.0,1,1,2,1,2,1,1,1,9,8.0,0.699,0.667,0.667,0.167,3.2,2.8,3.0,3.3,2.7,2.4,13.4,8.8,129.0,115.0,3.1,84c8e36e-1e9a-4cd4-b52e-439ed6f70838,DEN,MIN,Away,115,112,1
Aaron Gordon,1,32.36666666666667,5,10,0.5,0,0,0.0,4,5,0.8,7,4,11,2,0,0,4,1,14,-14.0,0.574,0.5,0.0,0.5,26.0,12.9,19.0,8.6,0.0,0.0,24.7,22.3,112.0,121.0,-3.2,84c8e36e-1e9a-4cd4-b52e-439ed6f70838,DEN,MIN,Away,115,112,1
Jamal Murray,1,32.233333333333334,6,14,0.429,2,3,0.667,4,4,1.0,1,3,4,11,2,0,2,3,18,-11.0,0.571,0.5,0.214,0.286,3.7,9.7,6.9,49.5,3.1,0.0,11.3,24.6,134.0,114.0,9.3,84c8e36e-1e9a-4cd4-b52e-439ed6f70838,DEN,MIN,Away,115,112,1
Michael Porter Jr.,1,31.566666666666663,9,15,0.6,4,7,0.571,4,5,0.8,1,3,4,1,0,0,3,2,26,8.0,0.756,0.733,0.467,0.333,3.8,9.9,7.1,5.4,0.0,0.0,14.9,28.5,126.0,121.0,4.5,84c8e36e-1e9a-4cd4-b52e-439ed6f70838,DEN,MIN,Away,115,112,1
Justin Holiday,1,17.716666666666665,2,3,0.667,2,3,0.667,0,0,0.0,0,2,2,3,0,0,0,3,6,10.0,1.0,1.0,1.0,0.0,0.0,11.8,6.3,22.2,0.0,0.0,0.0,7.5,207.0,120.0,7.3,84c8e36e-1e9a-4cd4-b52e-439ed6f70838,DEN,MIN,Away,115,112,1
Christian Braun,1,17.633333333333333,1,4,0.25,1,3,0.333,0,0,0.0,0,4,4,0,0,0,1,1,3,-6.0,0.375,0.375,0.75,0.0,0.0,23.7,12.7,0.0,0.0,0.0,20.0,12.6,62.0,119.0,-9.0,84c8e36e-1e9a-4cd4-b52e-439ed6f70838,DEN,MIN,Away,115,112,1
Reggie Jackson,1,16.716666666666665,1,3,0.333,0,2,0.0,0,0,0.0,0,3,3,6,1,0,2,1,2,17.0,0.333,0.333,0.667,0.0,0.0,18.7,10.0,44.0,3.0,0.0,40.0,13.3,96.0,113.0,0.6,84c8e36e-1e9a-4cd4-b52e-439ed6f70838,DEN,MIN,Away,115,112,1
Peyton Watson,1,16.433333333333334,1,4,0.25,0,1,0.0,0,1,0.0,0,3,3,0,0,0,1,4,2,-5.0,0.225,0.25,0.25,0.25,0.0,19.0,10.2,0.0,0.0,0.0,18.4,14.8,39.0,119.0,-18.0,84c8e36e-1e9a-4cd4-b52e-439ed6f70838,DEN,MIN,Away,115,112,1
Jay Huff,0,0.0,0,0,0.0,0,0,0.0,0,0,0.0,0,0,0,0,0,0,0,0,0,0.0,0.0,0.0,0.0,0.0,0.0,0.0,0.0,0.0,0.0,0.0,0.0,0.0,0.0,0.0,0.0,84c8e36e-1e9a-4cd4-b52e-439ed6f70838,DEN,MIN,Away,115,112,1
DeAndre Jordan,0,0.0,0,0,0.0,0,0,0.0,0,0,0.0,0,0,0,0,0,0,0,0,0,0.0,0.0,0.0,0.0,0.0,0.0,0.0,0.0,0.0,0.0,0.0,0.0,0.0,0.0,0.0,0.0,84c8e36e-1e9a-4cd4-b52e-439ed6f70838,DEN,MIN,Away,115,112,1
Braxton Key,0,0.0,0,0,0.0,0,0,0.0,0,0,0.0,0,0,0,0,0,0,0,0,0,0.0,0.0,0.0,0.0,0.0,0.0,0.0,0.0,0.0,0.0,0.0,0.0,0.0,0.0,0.0,0.0,84c8e36e-1e9a-4cd4-b52e-439ed6f70838,DEN,MIN,Away,115,112,1
Jalen Pickett,0,0.0,0,0,0.0,0,0,0.0,0,0,0.0,0,0,0,0,0,0,0,0,0,0.0,0.0,0.0,0.0,0.0,0.0,0.0,0.0,0.0,0.0,0.0,0.0,0.0,0.0,0.0,0.0,84c8e36e-1e9a-4cd4-b52e-439ed6f70838,DEN,MIN,Away,115,112,1
Julian Strawther,0,0.0,0,0,0.0,0,0,0.0,0,0,0.0,0,0,0,0,0,0,0,0,0,0.0,0.0,0.0,0.0,0.0,0.0,0.0,0.0,0.0,0.0,0.0,0.0,0.0,0.0,0.0,0.0,84c8e36e-1e9a-4cd4-b52e-439ed6f70838,DEN,MIN,Away,115,112,1
Hunter Tyson,0,0.0,0,0,0.0,0,0,0.0,0,0,0.0,0,0,0,0,0,0,0,0,0,0.0,0.0,0.0,0.0,0.0,0.0,0.0,0.0,0.0,0.0,0.0,0.0,0.0,0.0,0.0,0.0,84c8e36e-1e9a-4cd4-b52e-439ed6f70838,DEN,MIN,Away,115,112,1
Nikola Jokić,1,39.23333333333333,12,23,0.522,0,1,0.0,6,7,0.857,2,12,14,11,1,0,1,1,30,30.0,0.575,0.522,0.043,0.304,6.8,39.7,23.5,44.4,1.4,0.0,3.7,32.5,132.0,110.0,13.7,735ed47f-18af-4211-9e68-f42c2d27f848,DEN,NYK,Home,113,100,1
Kentavious Caldwell-Pope,1,36.95,2,5,0.4,2,5,0.4,0,0,0.0,0,4,4,3,1,3,1,4,6,24.0,0.6,0.6,1.0,0.0,0.0,14.0,7.1,9.2,1.4,8.1,16.7,7.7,111.0,104.0,1.4,735ed47f-18af-4211-9e68-f42c2d27f848,DEN,NYK,Home,113,100,1
Michael Porter Jr.,1,36.88333333333333,13,16,0.813,3,6,0.5,2,2,1.0,1,7,8,0,0,0,1,1,31,25.0,0.918,0.906,0.375,0.125,3.6,24.6,14.3,0.0,0.0,0.0,5.6,22.9,164.0,114.0,11.0,735ed47f-18af-4211-9e68-f42c2d27f848,DEN,NYK,Home,113,100,1
Aaron Gordon,1,35.18333333333333,5,9,0.556,0,0,0.0,0,1,0.0,3,1,4,8,1,0,0,1,10,22.0,0.53,0.556,0.0,0.111,11.4,3.7,7.5,28.6,1.5,0.0,0.0,12.7,142.0,113.0,5.5,735ed47f-18af-4211-9e68-f42c2d27f848,DEN,NYK,Home,113,100,1
Jamal Murray,1,34.2,9,20,0.45,1,2,0.5,4,4,1.0,2,4,6,4,2,0,4,1,23,9.0,0.528,0.475,0.1,0.2,7.8,15.2,11.5,17.3,3.1,0.0,15.5,35.5,100.0,108.0,-1.7,735ed47f-18af-4211-9e68-f42c2d27f848,DEN,NYK,Home,113,100,1
Christian Braun,1,13.483333333333333,1,2,0.5,0,1,0.0,1,2,0.5,0,3,3,1,0,0,0,1,3,-14.0,0.521,0.5,0.5,1.0,0.0,28.9,14.6,8.6,0.0,0.0,0.0,10.1,120.0,114.0,-3.7,735ed47f-18af-4211-9e68-f42c2d27f848,DEN,NYK,Home,113,100,1
Reggie Jackson,1,12.983333333333333,1,3,0.333,0,1,0.0,2,2,1.0,0,0,0,4,0,1,1,1,4,7.0,0.515,0.333,0.333,0.667,0.0,0.0,0.0,35.8,0.0,7.7,20.5,17.7,114.0,110.0,1.7,735ed47f-18af-4211-9e68-f42c2d27f848,DEN,NYK,Home,113,100,1
Peyton Watson,1,12.766666666666667,1,3,0.333,0,2,0.0,2,2,1.0,1,0,1,0,0,0,1,1,4,-13.0,0.515,0.333,0.667,0.667,10.4,0.0,5.2,0.0,0.0,0.0,20.5,18.0,98.0,117.0,-11.7,735ed47f-18af-4211-9e68-f42c2d27f848,DEN,NYK,Home,113,100,1
Justin Holiday,1,9.65,0,2,0.0,0,2,0.0,0,0,0.0,0,1,1,0,0,0,0,2,0,-10.0,0.0,0.0,1.0,0.0,0.0,13.4,6.8,0.0,0.0,0.0,0.0,9.8,0.0,115.0,-20.9,735ed47f-18af-4211-9e68-f42c2d27f848,DEN,NYK,Home,113,100,1
DeAndre Jordan,1,8.6,1,1,1.0,0,0,0.0,0,0,0.0,0,1,1,0,0,0,0,1,2,-15.0,1.0,1.0,0.0,0.0,0.0,15.1,7.6,0.0,0.0,0.0,0.0,5.5,200.0,115.0,-3.5,735ed47f-18af-4211-9e68-f42c2d27f848,DEN,NYK,Home,113,100,1
Braxton Key,0,0.0,0,0,0.0,0,0,0.0,0,0,0.0,0,0,0,0,0,0,0,0,0,0.0,0.0,0.0,0.0,0.0,0.0,0.0,0.0,0.0,0.0,0.0,0.0,0.0,0.0,0.0,0.0,735ed47f-18af-4211-9e68-f42c2d27f848,DEN,NYK,Home,113,100,1
Jalen Pickett,0,0.0,0,0,0.0,0,0,0.0,0,0,0.0,0,0,0,0,0,0,0,0,0,0.0,0.0,0.0,0.0,0.0,0.0,0.0,0.0,0.0,0.0,0.0,0.0,0.0,0.0,0.0,0.0,735ed47f-18af-4211-9e68-f42c2d27f848,DEN,NYK,Home,113,100,1
Julian Strawther,0,0.0,0,0,0.0,0,0,0.0,0,0,0.0,0,0,0,0,0,0,0,0,0,0.0,0.0,0.0,0.0,0.0,0.0,0.0,0.0,0.0,0.0,0.0,0.0,0.0,0.0,0.0,0.0,735ed47f-18af-4211-9e68-f42c2d27f848,DEN,NYK,Home,113,100,1
Hunter Tyson,0,0.0,0,0,0.0,0,0,0.0,0,0,0.0,0,0,0,0,0,0,0,0,0,0.0,0.0,0.0,0.0,0.0,0.0,0.0,0.0,0.0,0.0,0.0,0.0,0.0,0.0,0.0,0.0,735ed47f-18af-4211-9e68-f42c2d27f848,DEN,NYK,Home,113,100,1
Aaron Gordon,1,36.91666666666666,8,21,0.381,0,2,0.0,6,8,0.75,8,4,12,5,0,3,1,0,22,-6.0,0.449,0.381,0.095,0.381,20.8,11.8,16.6,21.2,0.0,6.0,3.9,28.0,119.0,117.0,1.0,981607f1-769f-47a7-8c00-bc2c2bb8b64e,DEN,POR,Away,114,111,1
Michael Porter Jr.,1,35.15,5,12,0.417,1,5,0.2,1,2,0.5,3,6,9,3,0,0,2,2,12,-3.0,0.466,0.458,0.417,0.167,8.2,18.6,13.1,12.0,0.0,0.0,13.4,17.1,103.0,118.0,-8.5,981607f1-769f-47a7-8c00-bc2c2bb8b64e,DEN,POR,Away,114,111,1
Kentavious Caldwell-Pope,1,34.55,4,6,0.667,3,5,0.6,2,2,1.0,0,3,3,1,2,2,2,3,13,-5.0,0.945,0.917,0.833,0.333,0.0,9.5,4.4,3.9,2.9,4.3,22.5,10.4,138.0,112.0,1.9,981607f1-769f-47a7-8c00-bc2c2bb8b64e,DEN,POR,Away,114,111,1
Reggie Jackson,1,28.916666666666668,7,12,0.583,1,4,0.25,8,11,0.727,0,0,0,5,2,0,3,2,23,-10.0,0.683,0.625,0.333,0.917,0.0,0.0,0.0,28.2,3.4,0.0,15.1,27.8,128.0,117.0,3.5,981607f1-769f-47a7-8c00-bc2c2bb8b64e,DEN,POR,Away,114,111,1
DeAndre Jordan,1,19.98333333333333,4,7,0.571,0,0,0.0,3,3,1.0,2,6,8,3,1,1,2,3,11,10.0,0.661,0.571,0.0,0.429,9.6,32.8,20.4,23.0,2.5,3.7,19.4,20.9,125.0,105.0,3.3,981607f1-769f-47a7-8c00-bc2c2bb8b64e,DEN,POR,Away,114,111,1
Christian Braun,1,35.916666666666664,7,15,0.467,1,3,0.333,2,4,0.5,4,4,8,6,3,1,1,2,17,5.0,0.507,0.5,0.2,0.267,10.7,12.1,11.4,25.3,4.1,2.1,5.6,20.0,124.0,110.0,4.3,981607f1-769f-47a7-8c00-bc2c2bb8b64e,DEN,POR,Away,114,111,1
Collin Gillespie,1,19.08333333333333,4,10,0.4,2,4,0.5,1,2,0.5,0,3,3,1,0,0,2,3,11,13.0,0.506,0.5,0.4,0.2,0.0,17.1,8.0,8.1,0.0,0.0,15.5,27.3,93.0,119.0,-13.3,981607f1-769f-47a7-8c00-bc2c2bb8b64e,DEN,POR,Away,114,111,1
Peyton Watson,1,15.216666666666669,1,6,0.167,0,1,0.0,1,1,1.0,2,3,5,1,0,2,0,2,3,5.0,0.233,0.167,0.167,0.167,12.6,21.5,16.8,8.3,0.0,9.7,0.0,17.1,86.0,111.0,-10.0,981607f1-769f-47a7-8c00-bc2c2bb8b64e,DEN,POR,Away,114,111,1
Justin Holiday,1,14.266666666666667,1,2,0.5,0,0,0.0,0,0,0.0,0,1,1,0,0,0,0,0,2,6.0,0.5,0.5,0.0,0.0,0.0,7.6,3.6,0.0,0.0,0.0,0.0,5.7,112.0,122.0,-11.1,981607f1-769f-47a7-8c00-bc2c2bb8b64e,DEN,POR,Away,114,111,1
Jay Huff,0,0.0,0,0,0.0,0,0,0.0,0,0,0.0,0,0,0,0,0,0,0,0,0,0.0,0.0,0.0,0.0,0.0,0.0,0.0,0.0,0.0,0.0,0.0,0.0,0.0,0.0,0.0,0.0,981607f1-769f-47a7-8c00-bc2c2bb8b64e,DEN,POR,Away,114,111,1
Braxton Key,0,0.0,0,0,0.0,0,0,0.0,0,0,0.0,0,0,0,0,0,0,0,0,0,0.0,0.0,0.0,0.0,0.0,0.0,0.0,0.0,0.0,0.0,0.0,0.0,0.0,0.0,0.0,0.0,981607f1-769f-47a7-8c00-bc2c2bb8b64e,DEN,POR,Away,114,111,1
Julian Strawther,0,0.0,0,0,0.0,0,0,0.0,0,0,0.0,0,0,0,0,0,0,0,0,0,0.0,0.0,0.0,0.0,0.0,0.0,0.0,0.0,0.0,0.0,0.0,0.0,0.0,0.0,0.0,0.0,981607f1-769f-47a7-8c00-bc2c2bb8b64e,DEN,POR,Away,114,111,1
Hunter Tyson,0,0.0,0,0,0.0,0,0,0.0,0,0,0.0,0,0,0,0,0,0,0,0,0,0.0,0.0,0.0,0.0,0.0,0.0,0.0,0.0,0.0,0.0,0.0,0.0,0.0,0.0,0.0,0.0,981607f1-769f-47a7-8c00-bc2c2bb8b64e,DEN,POR,Away,114,111,1
Nikola Jokić,1,30.85,11,18,0.611,1,2,0.5,6,7,0.857,5,6,11,8,3,1,4,4,29,13.0,0.688,0.639,0.111,0.389,20.5,18.0,19.0,40.3,4.8,3.1,15.9,34.6,138.0,98.0,14.1,f3a0ec58-68f4-4b7d-a71d-935d918f46b7,DEN,MEM,Home,128,103,1
Kentavious Caldwell-Pope,1,25.766666666666666,3,6,0.5,1,2,0.5,2,2,1.0,0,2,2,2,1,0,2,1,9,15.0,0.654,0.583,0.333,0.333,0.0,7.2,4.1,8.8,1.9,0.0,22.5,14.6,113.0,111.0,-5.2,f3a0ec58-68f4-4b7d-a71d-935d918f46b7,DEN,MEM,Home,128,103,1
Reggie Jackson,1,24.05,4,9,0.444,2,3,0.667,5,5,1.0,1,0,1,8,1,0,2,1,15,21.0,0.67,0.556,0.333,0.556,5.3,0.0,2.2,39.9,2.1,0.0,15.2,23.3,147.0,115.0,6.2,f3a0ec58-68f4-4b7d-a71d-935d918f46b7,DEN,MEM,Home,128,103,1
Christian Braun,1,22.05,8,10,0.8,1,2,0.5,0,0,0.0,3,2,5,2,0,0,1,2,17,5.0,0.85,0.85,0.2,0.0,17.2,8.4,12.1,14.2,0.0,0.0,9.1,21.2,159.0,115.0,6.2,f3a0ec58-68f4-4b7d-a71d-935d918f46b7,DEN,MEM,Home,128,103,1
Michael Porter Jr.,1,22.05,4,7,0.571,3,4,0.75,0,0,0.0,1,3,4,2,1,0,1,0,11,5.0,0.786,0.786,0.571,0.0,5.7,12.6,9.7,11.1,2.3,0.0,12.5,15.4,144.0,108.0,5.7,f3a0ec58-68f4-4b7d-a71d-935d918f46b7,DEN,MEM,Home,128,103,1
Julian Strawther,1,21.95,5,11,0.455,2,7,0.286,2,2,1.0,1,1,2,1,0,0,2,3,14,12.0,0.589,0.545,0.636,0.182,5.8,4.2,4.9,5.9,0.0,0.0,14.4,26.9,112.0,116.0,-10.1,f3a0ec58-68f4-4b7d-a71d-935d918f46b7,DEN,MEM,Home,128,103,1
Justin Holiday,1,21.683333333333334,4,6,0.667,3,4,0.75,0,0,0.0,1,2,3,2,2,0,0,1,11,22.0,0.917,0.917,0.667,0.0,5.8,8.5,7.4,11.3,4.6,0.0,0.0,11.8,191.0,105.0,11.8,f3a0ec58-68f4-4b7d-a71d-935d918f46b7,DEN,MEM,Home,128,103,1
Peyton Watson,1,21.683333333333334,4,9,0.444,0,1,0.0,2,2,1.0,2,7,9,2,1,3,1,5,10,22.0,0.506,0.444,0.111,0.222,11.7,29.8,22.1,11.3,2.3,13.3,9.2,21.3,120.0,93.0,-0.8,f3a0ec58-68f4-4b7d-a71d-935d918f46b7,DEN,MEM,Home,128,103,1
Collin Gillespie,1,21.0,2,5,0.4,0,3,0.0,0,0,0.0,0,4,4,7,1,0,2,1,4,5.0,0.4,0.4,0.6,0.0,0.0,17.6,10.2,36.8,2.4,0.0,28.6,14.2,108.0,105.0,-4.0,f3a0ec58-68f4-4b7d-a71d-935d918f46b7,DEN,MEM,Home,128,103,1
DeAndre Jordan,1,13.916666666666666,0,2,0.0,0,0,0.0,0,0,0.0,1,5,6,1,0,2,0,1,0,15.0,0.0,0.0,0.0,0.0,9.1,33.2,23.0,7.2,0.0,13.8,0.0,6.1,78.0,97.0,-4.5,f3a0ec58-68f4-4b7d-a71d-935d918f46b7,DEN,MEM,Home,128,103,1
Hunter Tyson,1,4.266666666666667,2,4,0.5,1,2,0.5,0,0,0.0,0,0,0,1,0,0,0,2,5,-2.0,0.625,0.625,0.5,0.0,0.0,0.0,0.0,44.1,0.0,0.0,0.0,39.9,141.0,117.0,1.8,f3a0ec58-68f4-4b7d-a71d-935d918f46b7,DEN,MEM,Home,128,103,1
Jalen Pickett,1,4.266666666666667,0,1,0.0,0,0,0.0,0,0,0.0,0,1,1,1,0,0,0,2,0,-2.0,0.0,0.0,0.0,0.0,0.0,21.6,12.5,23.4,0.0,0.0,0.0,10.0,77.0,106.0,-20.2,f3a0ec58-68f4-4b7d-a71d-935d918f46b7,DEN,MEM,Home,128,103,1
Braxton Key,1,3.2333333333333334,1,1,1.0,1,1,1.0,0,0,0.0,0,2,2,1,0,0,0,0,3,-3.0,1.5,1.5,1.0,0.0,0.0,57.1,33.0,44.8,0.0,0.0,0.0,13.1,272.0,91.0,39.6,f3a0ec58-68f4-4b7d-a71d-935d918f46b7,DEN,MEM,Home,128,103,1
Jay Huff,1,3.2333333333333334,0,1,0.0,0,1,0.0,0,0,0.0,0,0,0,0,0,1,0,0,0,-3.0,0.0,0.0,1.0,0.0,0.0,0.0,0.0,0.0,0.0,29.7,0.0,13.1,0.0,107.0,-12.6,f3a0ec58-68f4-4b7d-a71d-935d918f46b7,DEN,MEM,Home,128,103,1
Nikola Jokić,1,41.53333333333333,9,16,0.563,1,5,0.2,3,3,1.0,0,9,9,10,2,1,1,2,22,2.0,0.635,0.594,0.313,0.188,0.0,25.4,11.7,41.9,2.6,2.3,5.5,20.9,135.0,110.0,12.9,41b0ab33-12a0-4f11-bf4c-f7f72177da20,DEN,PHO,Home,97,104,0
Aaron Gordon,1,36.3,7,14,0.5,1,3,0.333,3,3,1.0,2,4,6,2,0,0,2,2,18,6.0,0.587,0.536,0.214,0.214,5.5,12.9,8.9,9.2,0.0,0.0,11.5,22.6,110.0,122.0,-3.0,41b0ab33-12a0-4f11-bf4c-f7f72177da20,DEN,PHO,Home,97,104,0
Kentavious Caldwell-Pope,1,36.11666666666667,5,9,0.556,3,6,0.5,0,0,0.0,2,4,6,6,2,1,2,4,13,11.0,0.722,0.722,0.667,0.0,5.5,13.0,9.0,25.4,2.9,2.7,18.2,14.4,129.0,113.0,6.9,41b0ab33-12a0-4f11-bf4c-f7f72177da20,DEN,PHO,Home,97,104,0
Michael Porter Jr.,1,32.666666666666664,7,16,0.438,2,7,0.286,2,2,1.0,1,7,8,0,2,0,2,0,18,4.0,0.533,0.5,0.438,0.125,3.1,25.1,13.2,0.0,3.3,0.0,10.6,27.4,94.0,110.0,-1.1,41b0ab33-12a0-4f11-bf4c-f7f72177da20,DEN,PHO,Home,97,104,0
Reggie Jackson,1,29.433333333333334,5,14,0.357,1,7,0.143,0,0,0.0,1,0,1,3,1,0,1,2,11,-11.0,0.393,0.393,0.5,0.0,3.4,0.0,1.8,16.4,1.8,0.0,6.7,24.2,85.0,122.0,-7.7,41b0ab33-12a0-4f11-bf4c-f7f72177da20,DEN,PHO,Home,97,104,0
Peyton Watson,1,19.2,2,4,0.5,0,1,0.0,1,2,0.5,2,2,4,0,0,1,0,2,5,-16.0,0.512,0.5,0.25,0.5,10.4,12.2,11.2,0.0,0.0,5.0,0.0,12.0,120.0,119.0,-4.8,41b0ab33-12a0-4f11-bf4c-f7f72177da20,DEN,PHO,Home,97,104,0
Collin Gillespie,1,16.433333333333334,2,7,0.286,2,6,0.333,2,2,1.0,0,1,1,3,1,0,0,1,8,6.0,0.508,0.429,0.857,0.286,0.0,7.1,3.3,27.2,3.2,0.0,0.0,22.7,118.0,116.0,4.8,41b0ab33-12a0-4f11-bf4c-f7f72177da20,DEN,PHO,Home,97,104,0
Christian Braun,1,14.683333333333334,0,3,0.0,0,1,0.0,0,0,0.0,1,2,3,0,0,1,0,0,0,-19.0,0.0,0.0,0.333,0.0,6.8,15.9,11.0,0.0,0.0,6.5,0.0,9.7,27.0,117.0,-12.0,41b0ab33-12a0-4f11-bf4c-f7f72177da20,DEN,PHO,Home,97,104,0
Justin Holiday,1,9.966666666666669,0,2,0.0,0,2,0.0,0,0,0.0,0,0,0,0,1,0,0,0,0,-10.0,0.0,0.0,1.0,0.0,0.0,0.0,0.0,0.0,5.3,0.0,0.0,9.5,0.0,114.0,-11.3,41b0ab33-12a0-4f11-bf4c-f7f72177da20,DEN,PHO,Home,97,104,0
Julian Strawther,1,3.6666666666666665,1,3,0.333,0,2,0.0,0,0,0.0,0,0,0,0,0,0,0,0,2,-8.0,0.333,0.333,0.667,0.0,0.0,0.0,0.0,0.0,0.0,0.0,0.0,38.8,66.0,126.0,-18.1,41b0ab33-12a0-4f11-bf4c-f7f72177da20,DEN,PHO,Home,97,104,0
Jay Huff,0,0.0,0,0,0.0,0,0,0.0,0,0,0.0,0,0,0,0,0,0,0,0,0,0.0,0.0,0.0,0.0,0.0,0.0,0.0,0.0,0.0,0.0,0.0,0.0,0.0,0.0,0.0,0.0,41b0ab33-12a0-4f11-bf4c-f7f72177da20,DEN,PHO,Home,97,104,0
DeAndre Jordan,0,0.0,0,0,0.0,0,0,0.0,0,0,0.0,0,0,0,0,0,0,0,0,0,0.0,0.0,0.0,0.0,0.0,0.0,0.0,0.0,0.0,0.0,0.0,0.0,0.0,0.0,0.0,0.0,41b0ab33-12a0-4f11-bf4c-f7f72177da20,DEN,PHO,Home,97,104,0
Braxton Key,0,0.0,0,0,0.0,0,0,0.0,0,0,0.0,0,0,0,0,0,0,0,0,0,0.0,0.0,0.0,0.0,0.0,0.0,0.0,0.0,0.0,0.0,0.0,0.0,0.0,0.0,0.0,0.0,41b0ab33-12a0-4f11-bf4c-f7f72177da20,DEN,PHO,Home,97,104,0
Jalen Pickett,0,0.0,0,0,0.0,0,0,0.0,0,0,0.0,0,0,0,0,0,0,0,0,0,0.0,0.0,0.0,0.0,0.0,0.0,0.0,0.0,0.0,0.0,0.0,0.0,0.0,0.0,0.0,0.0,41b0ab33-12a0-4f11-bf4c-f7f72177da20,DEN,PHO,Home,97,104,0
Hunter Tyson,0,0.0,0,0,0.0,0,0,0.0,0,0,0.0,0,0,0,0,0,0,0,0,0,0.0,0.0,0.0,0.0,0.0,0.0,0.0,0.0,0.0,0.0,0.0,0.0,0.0,0.0,0.0,0.0,41b0ab33-12a0-4f11-bf4c-f7f72177da20,DEN,PHO,Home,97,104,0
Nikola Jokić,1,36.96666666666667,11,24,0.458,0,3,0.0,10,13,0.769,1,9,10,5,2,1,4,2,32,-9.0,0.538,0.458,0.125,0.542,2.8,30.0,15.3,31.3,2.8,2.8,11.9,39.1,105.0,114.0,10.1,ce968efc-e587-4358-a13a-f57384f87a27,DEN,MIN,Home,98,111,0
Reggie Jackson,1,36.5,4,15,0.267,2,5,0.4,2,2,1.0,2,2,4,10,2,0,3,6,12,-2.0,0.378,0.333,0.333,0.133,5.7,6.7,6.2,44.2,2.8,0.0,15.9,22.2,92.0,119.0,-1.6,ce968efc-e587-4358-a13a-f57384f87a27,DEN,MIN,Home,98,111,0
Michael Porter Jr.,1,35.733333333333334,5,10,0.5,2,5,0.4,2,2,1.0,1,5,6,4,1,0,0,2,14,-7.0,0.643,0.6,0.5,0.2,2.9,17.2,9.5,19.0,1.5,0.0,0.0,13.1,143.0,121.0,6.1,ce968efc-e587-4358-a13a-f57384f87a27,DEN,MIN,Home,98,111,0
Aaron Gordon,1,30.98333333333333,5,9,0.556,2,4,0.5,2,4,0.5,1,6,7,4,0,0,4,4,14,-5.0,0.651,0.667,0.444,0.444,3.4,23.8,12.8,22.7,0.0,0.0,27.1,20.4,96.0,123.0,-1.3,ce968efc-e587-4358-a13a-f57384f87a27,DEN,MIN,Home,98,111,0
Kentavious Caldwell-Pope,1,27.516666666666666,0,3,0.0,0,2,0.0,0,1,0.0,1,2,3,2,0,0,0,1,0,-15.0,0.0,0.0,0.667,0.333,3.8,8.9,6.2,10.0,0.0,0.0,0.0,5.4,47.0,125.0,-10.3,ce968efc-e587-4358-a13a-f57384f87a27,DEN,MIN,Home,98,111,0
Christian Braun,1,26.366666666666667,2,10,0.2,1,3,0.333,3,4,0.75,4,1,5,2,0,0,0,5,8,-6.0,0.34,0.25,0.3,0.4,15.8,4.7,10.7,11.6,0.0,0.0,0.0,19.1,99.0,125.0,-7.7,ce968efc-e587-4358-a13a-f57384f87a27,DEN,MIN,Home,98,111,0
Justin Holiday,1,15.866666666666667,2,5,0.4,1,4,0.25,0,0,0.0,0,1,1,0,1,0,0,2,5,-3.0,0.5,0.5,0.8,0.0,0.0,7.8,3.6,0.0,3.3,0.0,0.0,13.5,100.0,118.0,-2.9,ce968efc-e587-4358-a13a-f57384f87a27,DEN,MIN,Home,98,111,0
Peyton Watson,1,11.216666666666669,0,2,0.0,0,1,0.0,0,0,0.0,0,3,3,1,0,0,0,0,0,-14.0,0.0,0.0,0.5,0.0,0.0,32.9,15.1,12.2,0.0,0.0,0.0,7.6,29.0,122.0,-8.4,ce968efc-e587-4358-a13a-f57384f87a27,DEN,MIN,Home,98,111,0
DeAndre Jordan,1,10.266666666666667,5,7,0.714,0,0,0.0,1,1,1.0,3,4,7,0,0,0,1,1,11,-6.0,0.739,0.714,0.0,0.143,30.5,48.0,38.5,0.0,0.0,0.0,11.8,35.3,132.0,120.0,12.6,ce968efc-e587-4358-a13a-f57384f87a27,DEN,MIN,Home,98,111,0
Collin Gillespie,1,4.716666666666667,0,1,0.0,0,1,0.0,0,0,0.0,0,0,0,0,0,0,0,1,0,-8.0,0.0,0.0,1.0,0.0,0.0,0.0,0.0,0.0,0.0,0.0,0.0,9.1,0.0,126.0,-21.5,ce968efc-e587-4358-a13a-f57384f87a27,DEN,MIN,Home,98,111,0
Hunter Tyson,1,0.7666666666666667,1,1,1.0,0,0,0.0,0,0,0.0,0,0,0,0,0,0,0,0,2,2.0,1.0,1.0,0.0,0.0,0.0,0.0,0.0,0.0,0.0,0.0,0.0,56.0,200.0,127.0,59.7,ce968efc-e587-4358-a13a-f57384f87a27,DEN,MIN,Home,98,111,0
Jay Huff,1,0.7666666666666667,0,0,0.0,0,0,0.0,0,0,0.0,0,0,0,0,0,0,0,0,0,2.0,0.0,0.0,0.0,0.0,0.0,0.0,0.0,0.0,0.0,0.0,0.0,0.0,0.0,127.0,-9.3,ce968efc-e587-4358-a13a-f57384f87a27,DEN,MIN,Home,98,111,0
Braxton Key,1,0.7666666666666667,0,0,0.0,0,0,0.0,0,0,0.0,0,0,0,0,0,0,0,0,0,2.0,0.0,0.0,0.0,0.0,0.0,0.0,0.0,0.0,0.0,0.0,0.0,0.0,0.0,127.0,-9.1,ce968efc-e587-4358-a13a-f57384f87a27,DEN,MIN,Home,98,111,0
Jalen Pickett,1,0.7666666666666667,0,0,0.0,0,0,0.0,0,0,0.0,0,0,0,1,0,0,0,0,0,2.0,0.0,0.0,0.0,0.0,0.0,0.0,0.0,100.0,0.0,0.0,0.0,0.0,223.0,127.0,35.7,ce968efc-e587-4358-a13a-f57384f87a27,DEN,MIN,Home,98,111,0
Julian Strawther,1,0.7666666666666667,0,1,0.0,0,0,0.0,0,0,0.0,0,0,0,0,0,0,0,0,0,2.0,0.0,0.0,0.0,0.0,0.0,0.0,0.0,0.0,0.0,0.0,0.0,56.0,0.0,127.0,-57.3,ce968efc-e587-4358-a13a-f57384f87a27,DEN,MIN,Home,98,111,0
Kentavious Caldwell-Pope,1,34.983333333333334,7,10,0.7,6,9,0.667,2,2,1.0,0,3,3,4,1,0,1,3,22,35.0,1.011,1.0,0.9,0.2,0.0,8.9,5.2,13.6,1.4,0.0,8.4,15.0,183.0,106.0,10.2,4e88b23a-9c1f-4d17-8657-9e7305314ebd,DEN,CLE,Home,130,101,1
Nikola Jokić,1,34.63333333333333,11,18,0.611,1,2,0.5,3,5,0.6,4,14,18,16,1,0,3,2,26,37.0,0.644,0.639,0.111,0.278,16.8,42.2,31.6,63.8,1.4,0.0,12.9,29.6,152.0,101.0,17.7,4e88b23a-9c1f-4d17-8657-9e7305314ebd,DEN,CLE,Home,130,101,1
Michael Porter Jr.,1,28.616666666666667,8,16,0.5,3,5,0.6,0,0,0.0,0,6,6,0,0,0,2,1,19,18.0,0.594,0.594,0.313,0.0,0.0,21.9,12.7,0.0,0.0,0.0,11.1,27.8,103.0,107.0,-7.7,4e88b23a-9c1f-4d17-8657-9e7305314ebd,DEN,CLE,Home,130,101,1
Aaron Gordon,1,28.566666666666663,3,7,0.429,1,3,0.333,1,2,0.5,3,5,8,5,1,0,2,3,8,18.0,0.508,0.5,0.429,0.286,15.3,18.3,17.0,18.7,1.7,0.0,20.2,15.3,124.0,104.0,-1.6,4e88b23a-9c1f-4d17-8657-9e7305314ebd,DEN,CLE,Home,130,101,1
Reggie Jackson,1,22.98333333333333,6,10,0.6,5,5,1.0,2,2,1.0,1,2,3,3,0,0,0,3,19,-1.0,0.873,0.85,0.5,0.2,6.3,9.1,7.9,16.7,0.0,0.0,0.0,20.9,186.0,109.0,11.0,4e88b23a-9c1f-4d17-8657-9e7305314ebd,DEN,CLE,Home,130,101,1
Christian Braun,1,28.3,4,8,0.5,2,3,0.667,0,0,0.0,1,5,6,1,1,1,3,2,10,26.0,0.625,0.625,0.375,0.0,5.1,18.4,12.9,3.9,1.7,3.0,27.3,17.2,95.0,101.0,-4.0,4e88b23a-9c1f-4d17-8657-9e7305314ebd,DEN,CLE,Home,130,101,1
Peyton Watson,1,19.916666666666668,4,5,0.8,0,0,0.0,1,2,0.5,1,2,3,2,1,2,2,1,9,3.0,0.765,0.8,0.0,0.4,7.3,10.5,9.2,11.9,2.5,8.5,25.4,17.5,122.0,96.0,5.0,4e88b23a-9c1f-4d17-8657-9e7305314ebd,DEN,CLE,Home,130,101,1
Justin Holiday,1,19.633333333333333,3,7,0.429,1,3,0.333,0,0,0.0,1,0,1,0,1,1,1,1,7,-1.0,0.5,0.5,0.429,0.0,7.4,0.0,3.1,0.0,2.5,4.3,12.5,18.0,97.0,101.0,-5.2,4e88b23a-9c1f-4d17-8657-9e7305314ebd,DEN,CLE,Home,130,101,1
DeAndre Jordan,1,5.85,0,0,0.0,0,0,0.0,0,0,0.0,0,1,1,2,0,0,1,1,0,-8.0,0.0,0.0,0.0,0.0,0.0,17.8,10.4,32.8,0.0,0.0,100.0,7.5,95.0,108.0,1.2,4e88b23a-9c1f-4d17-8657-9e7305314ebd,DEN,CLE,Home,130,101,1
Hunter Tyson,1,3.5166666666666666,1,1,1.0,1,1,1.0,0,0,0.0,0,0,0,0,0,0,0,1,3,4.0,1.5,1.5,1.0,0.0,0.0,0.0,0.0,0.0,0.0,0.0,0.0,12.6,300.0,110.0,15.4,4e88b23a-9c1f-4d17-8657-9e7305314ebd,DEN,CLE,Home,130,101,1
Jay Huff,1,3.5166666666666666,0,0,0.0,0,0,0.0,0,0,0.0,0,0,0,1,0,0,0,1,0,4.0,0.0,0.0,0.0,0.0,0.0,0.0,0.0,27.3,0.0,0.0,0.0,0.0,242.0,110.0,1.9,4e88b23a-9c1f-4d17-8657-9e7305314ebd,DEN,CLE,Home,130,101,1
Julian Strawther,1,3.5166666666666666,0,2,0.0,0,1,0.0,0,0,0.0,0,1,1,1,0,0,0,0,0,4.0,0.0,0.0,0.5,0.0,0.0,29.7,17.3,27.3,0.0,0.0,0.0,25.1,50.0,106.0,-24.0,4e88b23a-9c1f-4d17-8657-9e7305314ebd,DEN,CLE,Home,130,101,1
Jalen Pickett,1,2.9833333333333334,2,2,1.0,1,1,1.0,0,0,0.0,0,0,0,1,0,0,1,0,5,3.0,1.25,1.25,0.5,0.0,0.0,0.0,0.0,90.3,0.0,0.0,33.3,44.4,126.0,111.0,31.1,4e88b23a-9c1f-4d17-8657-9e7305314ebd,DEN,CLE,Home,130,101,1
Collin Gillespie,1,2.9833333333333334,1,1,1.0,0,0,0.0,0,0,0.0,0,1,1,0,1,0,0,0,2,3.0,1.0,1.0,0.0,0.0,0.0,35.0,20.4,0.0,16.6,0.0,0.0,14.8,200.0,70.0,27.7,4e88b23a-9c1f-4d17-8657-9e7305314ebd,DEN,CLE,Home,130,101,1
Nikola Jokić,1,37.583333333333336,18,32,0.563,1,6,0.167,5,6,0.833,4,12,16,6,1,2,4,2,42,5.0,0.606,0.578,0.188,0.188,9.3,27.4,18.4,38.3,1.3,4.2,10.4,43.7,115.0,98.0,13.8,4d37ff77-a20f-4681-bf35-089ba4e2762c,DEN,SAS,Home,110,105,1
Michael Porter Jr.,1,35.233333333333334,5,16,0.313,3,8,0.375,2,3,0.667,2,14,16,3,1,1,1,1,15,-3.0,0.433,0.406,0.5,0.188,5.0,34.1,19.6,11.3,1.4,2.2,5.5,22.1,95.0,97.0,-1.2,4d37ff77-a20f-4681-bf35-089ba4e2762c,DEN,SAS,Home,110,105,1
Aaron Gordon,1,33.05,9,12,0.75,2,4,0.5,3,3,1.0,2,5,7,4,1,1,0,3,23,11.0,0.863,0.833,0.333,0.25,5.3,13.0,9.2,19.4,1.4,2.4,0.0,17.1,178.0,105.0,12.4,4d37ff77-a20f-4681-bf35-089ba4e2762c,DEN,SAS,Home,110,105,1
Kentavious Caldwell-Pope,1,32.75,1,8,0.125,1,5,0.2,1,2,0.5,0,0,0,2,1,1,0,2,4,3.0,0.225,0.188,0.625,0.25,0.0,0.0,0.0,7.1,1.5,2.4,0.0,11.5,61.0,111.0,-11.1,4d37ff77-a20f-4681-bf35-089ba4e2762c,DEN,SAS,Home,110,105,1
Reggie Jackson,1,25.883333333333333,4,13,0.308,1,3,0.333,0,0,0.0,0,0,0,3,0,1,2,2,9,8.0,0.346,0.346,0.231,0.0,0.0,0.0,0.0,15.6,0.0,3.0,13.3,24.6,69.0,114.0,-13.7,4d37ff77-a20f-4681-bf35-089ba4e2762c,DEN,SAS,Home,110,105,1
Christian Braun,1,27.466666666666665,1,5,0.2,1,3,0.333,2,2,1.0,0,2,2,7,0,0,0,1,5,-2.0,0.425,0.3,0.6,0.4,0.0,6.2,3.1,29.7,0.0,0.0,0.0,9.1,127.0,113.0,-0.3,4d37ff77-a20f-4681-bf35-089ba4e2762c,DEN,SAS,Home,110,105,1
Justin Holiday,1,22.65,2,6,0.333,1,2,0.5,0,0,0.0,1,2,3,1,1,2,0,0,5,9.0,0.417,0.417,0.333,0.0,3.9,7.6,5.7,5.5,2.1,6.9,0.0,11.2,99.0,104.0,-0.2,4d37ff77-a20f-4681-bf35-089ba4e2762c,DEN,SAS,Home,110,105,1
Peyton Watson,1,19.816666666666663,3,6,0.5,1,3,0.333,0,0,0.0,2,4,6,2,0,2,1,3,7,0.0,0.583,0.583,0.5,0.0,8.8,17.3,13.1,13.6,0.0,7.9,14.3,15.0,115.0,102.0,0.5,4d37ff77-a20f-4681-bf35-089ba4e2762c,DEN,SAS,Home,110,105,1
DeAndre Jordan,1,5.55,0,0,0.0,0,0,0.0,0,0,0.0,0,2,2,0,0,0,0,1,0,-6.0,0.0,0.0,0.0,0.0,0.0,30.9,15.6,0.0,0.0,0.0,0.0,0.0,0.0,101.0,-11.1,4d37ff77-a20f-4681-bf35-089ba4e2762c,DEN,SAS,Home,110,105,1
Collin Gillespie,0,0.0,0,0,0.0,0,0,0.0,0,0,0.0,0,0,0,0,0,0,0,0,0,0.0,0.0,0.0,0.0,0.0,0.0,0.0,0.0,0.0,0.0,0.0,0.0,0.0,0.0,0.0,0.0,4d37ff77-a20f-4681-bf35-089ba4e2762c,DEN,SAS,Home,110,105,1
Jay Huff,0,0.0,0,0,0.0,0,0,0.0,0,0,0.0,0,0,0,0,0,0,0,0,0,0.0,0.0,0.0,0.0,0.0,0.0,0.0,0.0,0.0,0.0,0.0,0.0,0.0,0.0,0.0,0.0,4d37ff77-a20f-4681-bf35-089ba4e2762c,DEN,SAS,Home,110,105,1
Jalen Pickett,0,0.0,0,0,0.0,0,0,0.0,0,0,0.0,0,0,0,0,0,0,0,0,0,0.0,0.0,0.0,0.0,0.0,0.0,0.0,0.0,0.0,0.0,0.0,0.0,0.0,0.0,0.0,0.0,4d37ff77-a20f-4681-bf35-089ba4e2762c,DEN,SAS,Home,110,105,1
Julian Strawther,0,0.0,0,0,0.0,0,0,0.0,0,0,0.0,0,0,0,0,0,0,0,0,0,0.0,0.0,0.0,0.0,0.0,0.0,0.0,0.0,0.0,0.0,0.0,0.0,0.0,0.0,0.0,0.0,4d37ff77-a20f-4681-bf35-089ba4e2762c,DEN,SAS,Home,110,105,1
Hunter Tyson,0,0.0,0,0,0.0,0,0,0.0,0,0,0.0,0,0,0,0,0,0,0,0,0,0.0,0.0,0.0,0.0,0.0,0.0,0.0,0.0,0.0,0.0,0.0,0.0,0.0,0.0,0.0,0.0,4d37ff77-a20f-4681-bf35-089ba4e2762c,DEN,SAS,Home,110,105,1
Nikola Jokić,1,40.1,14,24,0.583,3,8,0.375,5,6,0.833,1,16,17,10,0,0,5,2,36,12.0,0.676,0.646,0.333,0.25,2.5,36.8,20.6,62.2,0.0,0.0,15.8,35.4,118.0,100.0,15.6,d5424b0a-641d-40dc-b7cb-5bd1d740207e,DEN,LAC,Away,100,102,0
Michael Porter Jr.,1,37.93333333333333,6,18,0.333,2,10,0.2,0,0,0.0,1,8,9,1,0,1,2,4,14,-3.0,0.389,0.389,0.556,0.0,2.7,19.5,11.5,4.5,0.0,2.2,10.0,23.7,71.0,102.0,-8.2,d5424b0a-641d-40dc-b7cb-5bd1d740207e,DEN,LAC,Away,100,102,0
Kentavious Caldwell-Pope,1,37.5,6,13,0.462,4,7,0.571,0,1,0.0,0,4,4,3,1,1,1,4,16,9.0,0.595,0.615,0.538,0.077,0.0,9.8,5.2,13.6,1.3,2.2,6.9,17.3,105.0,101.0,2.5,d5424b0a-641d-40dc-b7cb-5bd1d740207e,DEN,LAC,Away,100,102,0
Aaron Gordon,1,35.6,5,10,0.5,0,2,0.0,8,14,0.571,2,4,6,7,1,2,1,4,18,1.0,0.557,0.5,0.2,1.4,5.7,10.4,8.2,32.3,1.3,4.7,5.8,21.6,124.0,99.0,7.8,d5424b0a-641d-40dc-b7cb-5bd1d740207e,DEN,LAC,Away,100,102,0
Reggie Jackson,1,21.5,2,6,0.333,1,2,0.5,2,2,1.0,0,2,2,3,0,0,2,1,7,-14.0,0.509,0.417,0.333,0.333,0.0,8.6,4.5,21.2,0.0,0.0,22.5,18.5,89.0,107.0,-5.5,d5424b0a-641d-40dc-b7cb-5bd1d740207e,DEN,LAC,Away,100,102,0
Christian Braun,1,33.88333333333333,3,9,0.333,1,4,0.25,0,0,0.0,2,6,8,3,1,0,0,2,7,7.0,0.389,0.389,0.444,0.0,6.0,16.3,11.4,13.4,1.4,0.0,0.0,11.9,99.0,102.0,-1.0,d5424b0a-641d-40dc-b7cb-5bd1d740207e,DEN,LAC,Away,100,102,0
Peyton Watson,1,18.23333333333333,0,2,0.0,0,1,0.0,2,2,1.0,0,2,2,0,0,0,1,2,2,-9.0,0.347,0.0,0.5,1.0,0.0,10.1,5.3,0.0,0.0,0.0,25.8,9.5,55.0,106.0,-11.3,d5424b0a-641d-40dc-b7cb-5bd1d740207e,DEN,LAC,Away,100,102,0
Justin Holiday,1,8.616666666666667,0,1,0.0,0,1,0.0,0,0,0.0,0,2,2,0,0,0,1,0,0,-5.0,0.0,0.0,1.0,0.0,0.0,21.4,11.3,0.0,0.0,0.0,50.0,10.4,0.0,104.0,-15.2,d5424b0a-641d-40dc-b7cb-5bd1d740207e,DEN,LAC,Away,100,102,0
DeAndre Jordan,1,4.533333333333333,0,0,0.0,0,0,0.0,0,0,0.0,0,0,0,0,0,0,0,0,0,-10.0,0.0,0.0,0.0,0.0,0.0,0.0,0.0,0.0,0.0,0.0,0.0,0.0,0.0,109.0,-6.9,d5424b0a-641d-40dc-b7cb-5bd1d740207e,DEN,LAC,Away,100,102,0
Julian Strawther,1,2.066666666666667,0,0,0.0,0,0,0.0,0,0,0.0,0,1,1,0,0,0,0,0,0,2.0,0.0,0.0,0.0,0.0,0.0,44.7,23.5,0.0,0.0,0.0,0.0,0.0,0.0,98.0,-3.2,d5424b0a-641d-40dc-b7cb-5bd1d740207e,DEN,LAC,Away,100,102,0
Collin Gillespie,0,0.0,0,0,0.0,0,0,0.0,0,0,0.0,0,0,0,0,0,0,0,0,0,0.0,0.0,0.0,0.0,0.0,0.0,0.0,0.0,0.0,0.0,0.0,0.0,0.0,0.0,0.0,0.0,d5424b0a-641d-40dc-b7cb-5bd1d740207e,DEN,LAC,Away,100,102,0
Jay Huff,0,0.0,0,0,0.0,0,0,0.0,0,0,0.0,0,0,0,0,0,0,0,0,0,0.0,0.0,0.0,0.0,0.0,0.0,0.0,0.0,0.0,0.0,0.0,0.0,0.0,0.0,0.0,0.0,d5424b0a-641d-40dc-b7cb-5bd1d740207e,DEN,LAC,Away,100,102,0
Zeke Nnaji,0,0.0,0,0,0.0,0,0,0.0,0,0,0.0,0,0,0,0,0,0,0,0,0,0.0,0.0,0.0,0.0,0.0,0.0,0.0,0.0,0.0,0.0,0.0,0.0,0.0,0.0,0.0,0.0,d5424b0a-641d-40dc-b7cb-5bd1d740207e,DEN,LAC,Away,100,102,0
Jalen Pickett,0,0.0,0,0,0.0,0,0,0.0,0,0,0.0,0,0,0,0,0,0,0,0,0,0.0,0.0,0.0,0.0,0.0,0.0,0.0,0.0,0.0,0.0,0.0,0.0,0.0,0.0,0.0,0.0,d5424b0a-641d-40dc-b7cb-5bd1d740207e,DEN,LAC,Away,100,102,0
Hunter Tyson,0,0.0,0,0,0.0,0,0,0.0,0,0,0.0,0,0,0,0,0,0,0,0,0,0.0,0.0,0.0,0.0,0.0,0.0,0.0,0.0,0.0,0.0,0.0,0.0,0.0,0.0,0.0,0.0,d5424b0a-641d-40dc-b7cb-5bd1d740207e,DEN,LAC,Away,100,102,0
Nikola Jokić,1,30.666666666666668,6,13,0.462,2,3,0.667,5,6,0.833,1,13,14,11,2,0,4,1,19,19.0,0.607,0.538,0.231,0.462,4.7,39.1,25.8,39.5,3.0,0.0,20.4,27.9,127.0,98.0,6.9,88114885-edf3-4f0f-ae0b-4e7a82824370,DEN,ATL,Home,142,110,1
Kentavious Caldwell-Pope,1,27.866666666666667,9,12,0.75,6,9,0.667,0,0,0.0,0,2,2,1,2,0,2,2,24,21.0,1.0,1.0,0.75,0.0,0.0,6.6,4.1,4.6,3.3,0.0,14.3,21.9,143.0,107.0,9.3,88114885-edf3-4f0f-ae0b-4e7a82824370,DEN,ATL,Home,142,110,1
Michael Porter Jr.,1,24.916666666666668,7,12,0.583,4,8,0.5,2,2,1.0,1,2,3,2,1,0,1,4,20,15.0,0.776,0.75,0.667,0.167,5.8,7.4,6.8,9.8,1.9,0.0,7.2,24.3,143.0,110.0,2.4,88114885-edf3-4f0f-ae0b-4e7a82824370,DEN,ATL,Home,142,110,1
Christian Braun,1,24.633333333333333,2,3,0.667,1,1,1.0,0,0,0.0,1,2,3,1,0,0,1,1,5,13.0,0.833,0.833,0.333,0.0,5.9,7.5,6.9,4.0,0.0,0.0,25.0,7.1,133.0,115.0,-4.5,88114885-edf3-4f0f-ae0b-4e7a82824370,DEN,ATL,Home,142,110,1
Jamal Murray,1,20.85,6,11,0.545,2,4,0.5,2,2,1.0,0,3,3,6,0,1,3,1,16,14.0,0.673,0.636,0.364,0.182,0.0,13.3,8.1,35.2,0.0,4.6,20.2,31.1,123.0,110.0,0.1,88114885-edf3-4f0f-ae0b-4e7a82824370,DEN,ATL,Home,142,110,1
Peyton Watson,1,27.066666666666663,6,8,0.75,0,1,0.0,1,2,0.5,1,5,6,2,1,5,0,3,13,16.0,0.732,0.75,0.125,0.25,5.4,17.1,12.5,8.4,1.7,17.7,0.0,14.3,156.0,97.0,7.4,88114885-edf3-4f0f-ae0b-4e7a82824370,DEN,ATL,Home,142,110,1
Reggie Jackson,1,23.9,7,13,0.538,3,6,0.5,1,2,0.5,2,3,5,3,0,0,1,3,18,11.0,0.648,0.654,0.462,0.154,12.2,11.6,11.8,15.5,0.0,0.0,6.7,27.2,131.0,113.0,-3.5,88114885-edf3-4f0f-ae0b-4e7a82824370,DEN,ATL,Home,142,110,1
Justin Holiday,1,23.616666666666667,3,3,1.0,2,2,1.0,0,0,0.0,0,0,0,6,1,0,1,2,8,17.0,1.333,1.333,0.667,0.0,0.0,0.0,0.0,26.0,2.0,0.0,25.0,7.4,200.0,113.0,8.1,88114885-edf3-4f0f-ae0b-4e7a82824370,DEN,ATL,Home,142,110,1
Zeke Nnaji,1,14.083333333333334,2,3,0.667,1,1,1.0,0,0,0.0,0,5,5,1,1,0,0,2,5,6.0,0.833,0.833,0.333,0.0,0.0,32.8,20.0,7.4,3.3,0.0,0.0,9.3,167.0,99.0,4.5,88114885-edf3-4f0f-ae0b-4e7a82824370,DEN,ATL,Home,142,110,1
Julian Strawther,1,12.183333333333334,1,4,0.25,1,3,0.333,2,2,1.0,0,4,4,3,0,0,2,2,5,7.0,0.512,0.375,0.75,0.5,0.0,30.3,18.5,24.1,0.0,0.0,29.1,24.6,99.0,108.0,-10.2,88114885-edf3-4f0f-ae0b-4e7a82824370,DEN,ATL,Home,142,110,1
Hunter Tyson,1,3.716666666666667,1,2,0.5,0,1,0.0,0,0,0.0,0,0,0,0,0,0,0,0,2,7.0,0.5,0.5,0.5,0.0,0.0,0.0,0.0,0.0,0.0,0.0,0.0,23.5,95.0,117.0,-14.3,88114885-edf3-4f0f-ae0b-4e7a82824370,DEN,ATL,Home,142,110,1
Jay Huff,1,3.25,2,2,1.0,0,0,0.0,0,0,0.0,0,0,0,0,0,1,0,0,4,7.0,1.0,1.0,0.0,0.0,0.0,0.0,0.0,0.0,0.0,29.5,0.0,26.8,200.0,99.0,20.1,88114885-edf3-4f0f-ae0b-4e7a82824370,DEN,ATL,Home,142,110,1
Jalen Pickett,1,3.25,1,2,0.5,1,2,0.5,0,0,0.0,0,2,2,2,1,0,0,0,3,7.0,0.75,0.75,1.0,0.0,0.0,56.8,34.8,77.3,14.3,0.0,0.0,26.8,181.0,67.0,43.9,88114885-edf3-4f0f-ae0b-4e7a82824370,DEN,ATL,Home,142,110,1
DeAndre Jordan,0,0.0,0,0,0.0,0,0,0.0,0,0,0.0,0,0,0,0,0,0,0,0,0,0.0,0.0,0.0,0.0,0.0,0.0,0.0,0.0,0.0,0.0,0.0,0.0,0.0,0.0,0.0,0.0,88114885-edf3-4f0f-ae0b-4e7a82824370,DEN,ATL,Home,142,110,1
Nikola Jokić,1,34.06666666666667,12,20,0.6,2,2,1.0,2,2,1.0,5,8,13,7,3,1,5,2,28,23.0,0.67,0.65,0.1,0.1,15.3,27.5,21.1,33.9,4.5,2.3,19.3,33.8,122.0,95.0,10.7,538bd3dc-7dc7-4e1f-abc3-0fd6966b55bd,DEN,UTA,Away,111,95,1
Kentavious Caldwell-Pope,1,29.216666666666665,3,5,0.6,0,2,0.0,0,0,0.0,1,1,2,4,0,1,1,3,6,18.0,0.6,0.6,0.4,0.0,3.6,4.0,3.8,16.0,0.0,2.7,16.7,9.1,127.0,113.0,-7.8,538bd3dc-7dc7-4e1f-abc3-0fd6966b55bd,DEN,UTA,Away,111,95,1
Michael Porter Jr.,1,28.883333333333333,5,13,0.385,2,7,0.286,0,0,0.0,1,4,5,0,1,1,0,1,12,15.0,0.462,0.462,0.538,0.0,3.6,16.2,9.6,0.0,1.8,2.8,0.0,20.0,101.0,105.0,-8.4,538bd3dc-7dc7-4e1f-abc3-0fd6966b55bd,DEN,UTA,Away,111,95,1
Christian Braun,1,28.28333333333333,4,6,0.667,3,4,0.75,0,0,0.0,1,1,2,5,2,0,0,1,11,17.0,0.917,0.917,0.667,0.0,3.7,4.1,3.9,21.6,3.6,0.0,0.0,9.4,193.0,107.0,8.8,538bd3dc-7dc7-4e1f-abc3-0fd6966b55bd,DEN,UTA,Away,111,95,1
Jamal Murray,1,27.116666666666667,11,20,0.55,4,10,0.4,2,4,0.5,0,2,2,4,4,4,1,1,28,22.0,0.643,0.65,0.5,0.2,0.0,8.6,4.1,26.7,7.6,11.8,4.4,37.4,127.0,88.0,24.6,538bd3dc-7dc7-4e1f-abc3-0fd6966b55bd,DEN,UTA,Away,111,95,1
Peyton Watson,1,30.48333333333333,2,7,0.286,0,1,0.0,1,2,0.5,0,9,9,4,0,2,1,1,5,3.0,0.317,0.286,0.143,0.286,0.0,34.6,16.3,14.7,0.0,5.2,11.3,13.0,85.0,101.0,-7.8,538bd3dc-7dc7-4e1f-abc3-0fd6966b55bd,DEN,UTA,Away,111,95,1
Reggie Jackson,1,23.95,4,13,0.308,1,6,0.167,0,0,0.0,2,2,4,5,1,1,0,0,9,0.0,0.346,0.346,0.462,0.0,8.7,9.8,9.2,26.4,2.1,3.3,0.0,24.2,104.0,106.0,-4.2,538bd3dc-7dc7-4e1f-abc3-0fd6966b55bd,DEN,UTA,Away,111,95,1
Justin Holiday,1,18.316666666666663,2,5,0.4,2,4,0.5,0,0,0.0,0,1,1,0,0,0,0,1,6,-5.0,0.6,0.6,0.8,0.0,0.0,6.4,3.0,0.0,0.0,0.0,0.0,12.2,122.0,114.0,-9.5,538bd3dc-7dc7-4e1f-abc3-0fd6966b55bd,DEN,UTA,Away,111,95,1
Zeke Nnaji,1,12.016666666666667,3,3,1.0,0,0,0.0,0,3,0.0,2,1,3,0,0,1,0,0,6,-5.0,0.694,1.0,0.0,1.0,17.4,9.7,13.8,0.0,0.0,6.7,0.0,16.0,134.0,109.0,-0.6,538bd3dc-7dc7-4e1f-abc3-0fd6966b55bd,DEN,UTA,Away,111,95,1
Jay Huff,1,1.9166666666666663,0,0,0.0,0,0,0.0,0,0,0.0,1,0,1,0,1,1,0,0,0,-2.0,0.0,0.0,0.0,0.0,54.4,0.0,28.8,0.0,26.7,41.7,0.0,0.0,226.0,28.0,38.6,538bd3dc-7dc7-4e1f-abc3-0fd6966b55bd,DEN,UTA,Away,111,95,1
Jalen Pickett,1,1.9166666666666663,0,0,0.0,0,0,0.0,0,0,0.0,0,0,0,1,0,0,0,0,0,-2.0,0.0,0.0,0.0,0.0,0.0,0.0,0.0,54.4,0.0,0.0,0.0,0.0,230.0,117.0,3.0,538bd3dc-7dc7-4e1f-abc3-0fd6966b55bd,DEN,UTA,Away,111,95,1
Julian Strawther,1,1.9166666666666663,0,1,0.0,0,0,0.0,0,0,0.0,0,1,1,0,0,0,1,0,0,-2.0,0.0,0.0,0.0,0.0,0.0,61.1,28.8,0.0,0.0,0.0,50.0,46.4,0.0,95.0,-57.9,538bd3dc-7dc7-4e1f-abc3-0fd6966b55bd,DEN,UTA,Away,111,95,1
Hunter Tyson,1,1.9166666666666663,0,1,0.0,0,1,0.0,0,0,0.0,0,0,0,0,0,0,0,0,0,-2.0,0.0,0.0,1.0,0.0,0.0,0.0,0.0,0.0,0.0,0.0,0.0,23.2,0.0,117.0,-35.7,538bd3dc-7dc7-4e1f-abc3-0fd6966b55bd,DEN,UTA,Away,111,95,1
DeAndre Jordan,0,0.0,0,0,0.0,0,0,0.0,0,0,0.0,0,0,0,0,0,0,0,0,0,0.0,0.0,0.0,0.0,0.0,0.0,0.0,0.0,0.0,0.0,0.0,0.0,0.0,0.0,0.0,0.0,538bd3dc-7dc7-4e1f-abc3-0fd6966b55bd,DEN,UTA,Away,111,95,1
Nikola Jokić,1,38.41666666666666,16,20,0.8,2,2,1.0,7,12,0.583,2,9,11,7,3,0,2,5,41,6.0,0.811,0.85,0.1,0.6,6.8,26.8,17.4,33.6,4.1,0.0,7.3,32.1,156.0,111.0,21.7,eb06875f-7596-4ae6-99b7-b36734486f05,DEN,MIN,Home,116,107,1
Michael Porter Jr.,1,37.36666666666667,7,14,0.5,2,4,0.5,2,2,1.0,3,5,8,2,0,0,1,2,18,7.0,0.605,0.571,0.286,0.143,10.4,15.3,13.0,6.9,0.0,0.0,6.3,19.2,129.0,123.0,-1.8,eb06875f-7596-4ae6-99b7-b36734486f05,DEN,MIN,Home,116,107,1
Aaron Gordon,1,27.966666666666665,2,7,0.286,0,2,0.0,1,2,0.5,1,4,5,9,1,0,2,0,5,9.0,0.317,0.286,0.286,0.286,4.6,16.3,10.9,36.3,1.9,0.0,20.2,16.0,103.0,119.0,0.7,eb06875f-7596-4ae6-99b7-b36734486f05,DEN,MIN,Home,116,107,1
Jamal Murray,1,27.383333333333333,8,13,0.615,4,6,0.667,0,0,0.0,2,2,4,6,0,0,4,1,20,7.0,0.769,0.769,0.462,0.0,9.5,8.3,8.9,32.9,0.0,0.0,23.5,28.1,125.0,125.0,6.8,eb06875f-7596-4ae6-99b7-b36734486f05,DEN,MIN,Home,116,107,1
Kentavious Caldwell-Pope,1,26.3,4,9,0.444,1,5,0.2,0,0,0.0,1,2,3,1,0,1,0,4,9,-2.0,0.5,0.5,0.556,0.0,4.9,8.7,6.9,4.7,0.0,3.5,0.0,15.5,116.0,121.0,-6.2,eb06875f-7596-4ae6-99b7-b36734486f05,DEN,MIN,Home,116,107,1
Christian Braun,1,27.266666666666666,4,7,0.571,0,1,0.0,0,1,0.0,1,4,5,1,1,1,1,1,8,9.0,0.538,0.571,0.143,0.143,4.8,16.8,11.1,4.5,1.9,3.4,11.8,14.0,104.0,116.0,-2.7,eb06875f-7596-4ae6-99b7-b36734486f05,DEN,MIN,Home,116,107,1
Peyton Watson,1,23.016666666666666,1,2,0.5,0,0,0.0,1,2,0.5,1,3,4,4,0,6,0,2,3,4.0,0.521,0.5,0.0,1.0,5.6,14.9,10.6,19.0,0.0,24.1,0.0,5.7,157.0,104.0,12.9,eb06875f-7596-4ae6-99b7-b36734486f05,DEN,MIN,Home,116,107,1
Reggie Jackson,1,20.316666666666663,3,9,0.333,1,3,0.333,2,2,1.0,0,2,2,1,0,0,3,4,9,3.0,0.455,0.389,0.333,0.222,0.0,11.3,6.0,6.1,0.0,0.0,23.3,28.7,77.0,123.0,-19.8,eb06875f-7596-4ae6-99b7-b36734486f05,DEN,MIN,Home,116,107,1
Justin Holiday,1,8.283333333333333,1,1,1.0,1,1,1.0,0,0,0.0,0,1,1,0,1,0,0,1,3,9.0,1.5,1.5,1.0,0.0,0.0,13.8,7.3,0.0,6.3,0.0,0.0,5.5,300.0,109.0,11.5,eb06875f-7596-4ae6-99b7-b36734486f05,DEN,MIN,Home,116,107,1
Zeke Nnaji,1,1.6666666666666663,0,1,0.0,0,1,0.0,0,0,0.0,0,1,1,0,0,0,0,0,0,-3.0,0.0,0.0,1.0,0.0,0.0,68.6,36.5,0.0,0.0,0.0,0.0,27.1,0.0,112.0,-31.6,eb06875f-7596-4ae6-99b7-b36734486f05,DEN,MIN,Home,116,107,1
Jay Huff,1,0.55,0,0,0.0,0,0,0.0,0,0,0.0,0,0,0,0,0,0,0,1,0,-1.0,0.0,0.0,0.0,0.0,0.0,0.0,0.0,0.0,0.0,0.0,0.0,0.0,0.0,111.0,-43.3,eb06875f-7596-4ae6-99b7-b36734486f05,DEN,MIN,Home,116,107,1
Julian Strawther,1,0.55,0,0,0.0,0,0,0.0,0,2,0.0,0,0,0,0,0,0,0,0,0,-1.0,0.0,0.0,0.0,0.0,0.0,0.0,0.0,0.0,0.0,0.0,0.0,72.4,0.0,127.0,-86.8,eb06875f-7596-4ae6-99b7-b36734486f05,DEN,MIN,Home,116,107,1
Hunter Tyson,1,0.55,0,0,0.0,0,0,0.0,0,0,0.0,0,0,0,0,1,0,0,0,0,-1.0,0.0,0.0,0.0,0.0,0.0,0.0,0.0,0.0,95.2,0.0,0.0,0.0,0.0,-90.0,98.6,eb06875f-7596-4ae6-99b7-b36734486f05,DEN,MIN,Home,116,107,1
Jalen Pickett,1,0.2833333333333333,0,0,0.0,0,0,0.0,0,0,0.0,0,0,0,0,0,0,0,0,0,-1.0,0.0,0.0,0.0,0.0,0.0,0.0,0.0,0.0,0.0,0.0,0.0,0.0,0.0,127.0,-9.2,eb06875f-7596-4ae6-99b7-b36734486f05,DEN,MIN,Home,116,107,1
DeAndre Jordan,0,0.0,0,0,0.0,0,0,0.0,0,0,0.0,0,0,0,0,0,0,0,0,0,0.0,0.0,0.0,0.0,0.0,0.0,0.0,0.0,0.0,0.0,0.0,0.0,0.0,0.0,0.0,0.0,eb06875f-7596-4ae6-99b7-b36734486f05,DEN,MIN,Home,116,107,1
Nikola Jokić,1,38.55,9,13,0.692,1,2,0.5,3,3,1.0,2,5,7,12,2,1,3,5,22,-1.0,0.768,0.731,0.154,0.231,5.7,16.4,10.6,39.5,2.5,2.4,17.3,19.9,145.0,118.0,10.5,06c5009e-7a24-4105-b696-1d7fae5c4a83,DEN,SAS,Away,120,121,0
Michael Porter Jr.,1,29.23333333333333,5,14,0.357,1,5,0.2,3,3,1.0,0,3,3,0,0,0,1,2,14,-7.0,0.457,0.393,0.357,0.214,0.0,13.0,6.0,0.0,0.0,0.0,6.1,24.7,85.0,126.0,-13.4,06c5009e-7a24-4105-b696-1d7fae5c4a83,DEN,SAS,Away,120,121,0
Jamal Murray,1,29.03333333333333,14,26,0.538,5,11,0.455,2,2,1.0,0,5,5,4,1,0,1,1,35,-4.0,0.651,0.635,0.423,0.077,0.0,21.8,10.1,25.6,1.6,0.0,3.6,42.5,121.0,120.0,12.0,06c5009e-7a24-4105-b696-1d7fae5c4a83,DEN,SAS,Away,120,121,0
Aaron Gordon,1,28.916666666666668,6,6,1.0,1,1,1.0,0,0,0.0,2,2,4,4,1,0,0,1,13,1.0,1.083,1.083,0.167,0.0,7.5,8.7,8.1,17.0,1.7,0.0,0.0,9.2,220.0,123.0,8.5,06c5009e-7a24-4105-b696-1d7fae5c4a83,DEN,SAS,Away,120,121,0
Kentavious Caldwell-Pope,1,28.7,2,6,0.333,1,4,0.25,0,0,0.0,0,1,1,1,1,0,0,0,5,-7.0,0.417,0.417,0.667,0.0,0.0,4.4,2.0,3.7,1.7,0.0,0.0,9.3,88.0,125.0,-7.7,06c5009e-7a24-4105-b696-1d7fae5c4a83,DEN,SAS,Away,120,121,0
Christian Braun,1,22.766666666666666,4,7,0.571,2,4,0.5,1,2,0.5,0,3,3,3,0,2,1,2,11,9.0,0.698,0.714,0.571,0.286,0.0,16.6,7.7,15.6,0.0,8.1,11.3,17.3,125.0,120.0,4.0,06c5009e-7a24-4105-b696-1d7fae5c4a83,DEN,SAS,Away,120,121,0
Peyton Watson,1,19.08333333333333,3,8,0.375,0,1,0.0,0,0,0.0,2,5,7,0,1,1,1,2,6,-2.0,0.375,0.375,0.125,0.0,11.4,33.1,21.5,0.0,2.5,4.8,11.1,20.9,80.0,113.0,-10.0,06c5009e-7a24-4105-b696-1d7fae5c4a83,DEN,SAS,Away,120,121,0
Reggie Jackson,1,18.966666666666665,3,9,0.333,0,2,0.0,0,0,0.0,0,1,1,4,2,0,0,2,6,3.0,0.333,0.333,0.222,0.0,0.0,6.7,3.1,24.4,5.0,0.0,0.0,21.0,88.0,116.0,-5.6,06c5009e-7a24-4105-b696-1d7fae5c4a83,DEN,SAS,Away,120,121,0
Justin Holiday,1,15.3,3,7,0.429,2,6,0.333,0,0,0.0,0,1,1,2,1,0,0,1,8,3.0,0.571,0.571,0.857,0.0,0.0,8.3,3.8,15.8,3.1,0.0,0.0,20.3,118.0,120.0,2.2,06c5009e-7a24-4105-b696-1d7fae5c4a83,DEN,SAS,Away,120,121,0
Zeke Nnaji,1,9.45,0,1,0.0,0,0,0.0,0,0,0.0,0,1,1,1,0,0,0,3,0,0.0,0.0,0.0,0.0,0.0,0.0,13.4,6.2,10.4,0.0,0.0,0.0,4.7,55.0,125.0,-13.4,06c5009e-7a24-4105-b696-1d7fae5c4a83,DEN,SAS,Away,120,121,0
Collin Gillespie,0,0.0,0,0,0.0,0,0,0.0,0,0,0.0,0,0,0,0,0,0,0,0,0,0.0,0.0,0.0,0.0,0.0,0.0,0.0,0.0,0.0,0.0,0.0,0.0,0.0,0.0,0.0,0.0,06c5009e-7a24-4105-b696-1d7fae5c4a83,DEN,SAS,Away,120,121,0
DeAndre Jordan,0,0.0,0,0,0.0,0,0,0.0,0,0,0.0,0,0,0,0,0,0,0,0,0,0.0,0.0,0.0,0.0,0.0,0.0,0.0,0.0,0.0,0.0,0.0,0.0,0.0,0.0,0.0,0.0,06c5009e-7a24-4105-b696-1d7fae5c4a83,DEN,SAS,Away,120,121,0
Braxton Key,0,0.0,0,0,0.0,0,0,0.0,0,0,0.0,0,0,0,0,0,0,0,0,0,0.0,0.0,0.0,0.0,0.0,0.0,0.0,0.0,0.0,0.0,0.0,0.0,0.0,0.0,0.0,0.0,06c5009e-7a24-4105-b696-1d7fae5c4a83,DEN,SAS,Away,120,121,0
Julian Strawther,0,0.0,0,0,0.0,0,0,0.0,0,0,0.0,0,0,0,0,0,0,0,0,0,0.0,0.0,0.0,0.0,0.0,0.0,0.0,0.0,0.0,0.0,0.0,0.0,0.0,0.0,0.0,0.0,06c5009e-7a24-4105-b696-1d7fae5c4a83,DEN,SAS,Away,120,121,0
Hunter Tyson,0,0.0,0,0,0.0,0,0,0.0,0,0,0.0,0,0,0,0,0,0,0,0,0,0.0,0.0,0.0,0.0,0.0,0.0,0.0,0.0,0.0,0.0,0.0,0.0,0.0,0.0,0.0,0.0,06c5009e-7a24-4105-b696-1d7fae5c4a83,DEN,SAS,Away,120,121,0
Nikola Jokić,1,30.78333333333333,7,11,0.636,0,0,0.0,1,2,0.5,4,11,15,5,4,0,4,1,15,19.0,0.631,0.636,0.0,0.182,14.5,31.8,24.1,22.2,6.2,0.0,25.2,21.1,114.0,94.0,5.1,b5733506-5cbb-4463-9702-d603314069e3,DEN,MEM,Away,126,111,1
Aaron Gordon,1,26.08333333333333,4,6,0.667,0,1,0.0,7,8,0.875,3,2,5,5,0,1,1,2,15,25.0,0.788,0.667,0.167,1.333,12.8,6.8,9.5,23.8,0.0,2.7,9.5,16.5,168.0,115.0,7.2,b5733506-5cbb-4463-9702-d603314069e3,DEN,MEM,Away,126,111,1
Kentavious Caldwell-Pope,1,24.83333333333333,5,6,0.833,1,2,0.5,0,1,0.0,0,4,4,3,0,1,2,1,11,23.0,0.854,0.917,0.333,0.167,0.0,14.3,8.0,16.0,0.0,2.9,23.7,13.9,124.0,112.0,1.1,b5733506-5cbb-4463-9702-d603314069e3,DEN,MEM,Away,126,111,1
Jamal Murray,1,24.266666666666666,7,14,0.5,3,7,0.429,4,4,1.0,2,4,6,4,0,1,2,1,21,27.0,0.666,0.607,0.5,0.286,9.2,14.7,12.2,24.6,0.0,3.0,11.3,29.9,136.0,112.0,6.8,b5733506-5cbb-4463-9702-d603314069e3,DEN,MEM,Away,126,111,1
Michael Porter Jr.,1,24.266666666666666,5,12,0.417,2,8,0.25,0,0,0.0,0,5,5,4,0,2,2,0,12,27.0,0.5,0.5,0.667,0.0,0.0,18.3,10.2,21.9,0.0,5.9,14.3,23.6,104.0,109.0,-0.5,b5733506-5cbb-4463-9702-d603314069e3,DEN,MEM,Away,126,111,1
Christian Braun,1,24.95,6,14,0.429,2,6,0.333,5,6,0.833,5,5,10,5,2,0,1,2,19,-7.0,0.571,0.5,0.429,0.429,22.4,17.8,19.8,27.9,3.8,0.0,5.7,28.9,140.0,105.0,8.5,b5733506-5cbb-4463-9702-d603314069e3,DEN,MEM,Away,126,111,1
Reggie Jackson,1,23.73333333333333,3,9,0.333,2,6,0.333,3,3,1.0,0,0,0,2,0,0,2,3,11,-12.0,0.533,0.444,0.667,0.333,0.0,0.0,0.0,10.1,0.0,0.0,16.2,21.2,106.0,119.0,-11.6,b5733506-5cbb-4463-9702-d603314069e3,DEN,MEM,Away,126,111,1
Peyton Watson,1,20.53333333333333,5,7,0.714,1,1,1.0,0,0,0.0,1,1,2,1,1,0,1,3,11,-7.0,0.786,0.786,0.143,0.0,5.4,4.3,4.8,6.8,2.3,0.0,12.5,15.9,138.0,113.0,0.2,b5733506-5cbb-4463-9702-d603314069e3,DEN,MEM,Away,126,111,1
Justin Holiday,1,19.183333333333334,1,5,0.2,1,5,0.2,0,0,0.0,0,1,1,3,1,0,1,1,3,-7.0,0.3,0.3,1.0,0.0,0.0,4.6,2.6,17.3,2.5,0.0,16.7,12.8,86.0,113.0,-7.8,b5733506-5cbb-4463-9702-d603314069e3,DEN,MEM,Away,126,111,1
Zeke Nnaji,1,17.216666666666665,3,5,0.6,0,0,0.0,0,0,0.0,1,3,4,0,1,0,0,3,6,-4.0,0.6,0.6,0.0,0.0,6.5,15.5,11.5,0.0,2.8,0.0,0.0,11.9,134.0,107.0,-5.0,b5733506-5cbb-4463-9702-d603314069e3,DEN,MEM,Away,126,111,1
Braxton Key,1,1.3833333333333333,0,0,0.0,0,0,0.0,2,2,1.0,0,2,2,0,0,0,0,0,2,-3.0,1.136,0.0,0.0,0.0,0.0,100.0,71.5,0.0,0.0,0.0,0.0,26.0,250.0,70.0,33.0,b5733506-5cbb-4463-9702-d603314069e3,DEN,MEM,Away,126,111,1
Julian Strawther,1,1.3833333333333333,0,0,0.0,0,0,0.0,0,0,0.0,0,0,0,0,0,0,1,0,0,-3.0,0.0,0.0,0.0,0.0,0.0,0.0,0.0,0.0,0.0,0.0,100.0,29.5,0.0,120.0,-41.4,b5733506-5cbb-4463-9702-d603314069e3,DEN,MEM,Away,126,111,1
Hunter Tyson,1,1.3833333333333333,0,0,0.0,0,0,0.0,0,0,0.0,0,0,0,0,0,0,0,0,0,-3.0,0.0,0.0,0.0,0.0,0.0,0.0,0.0,0.0,0.0,0.0,0.0,0.0,0.0,120.0,-8.1,b5733506-5cbb-4463-9702-d603314069e3,DEN,MEM,Away,126,111,1
DeAndre Jordan,0,0.0,0,0,0.0,0,0,0.0,0,0,0.0,0,0,0,0,0,0,0,0,0,0.0,0.0,0.0,0.0,0.0,0.0,0.0,0.0,0.0,0.0,0.0,0.0,0.0,0.0,0.0,0.0,b5733506-5cbb-4463-9702-d603314069e3,DEN,MEM,Away,126,111,1
Jalen Pickett,0,0.0,0,0,0.0,0,0,0.0,0,0,0.0,0,0,0,0,0,0,0,0,0,0.0,0.0,0.0,0.0,0.0,0.0,0.0,0.0,0.0,0.0,0.0,0.0,0.0,0.0,0.0,0.0,b5733506-5cbb-4463-9702-d603314069e3,DEN,MEM,Away,126,111,1
