player,played,mp,fg,fga,fg_pct,fg3,fg3a,fg3_pct,ft,fta,ft_pct,orb,drb,trb,ast,stl,blk,tov,pf,pts,plus_minus,ts_pct,efg_pct,fg3a_per_fga_pct,fta_per_fga_pct,orb_pct,drb_pct,trb_pct,ast_pct,stl_pct,blk_pct,tov_pct,usg_pct,off_rtg,def_rtg,bpm,game_id,team,opponent,location,team_score,opponent_score,win
Damian Lillard,1,37.21666666666667,9,20,0.45,4,12,0.333,17,17,1.0,0,8,8,4,0,0,0,2,39,12.0,0.71,0.55,0.6,0.85,0.0,26.5,12.6,17.6,0.0,0.0,0.0,32.0,154.0,120.0,11.8,113df98a-698a-419b-8587-797fd4dd208e,MIL,PHI,Home,118,117,1
Giannis Antetokounmpo,1,35.11666666666667,10,21,0.476,0,3,0.0,3,9,0.333,4,8,12,3,2,2,7,4,23,-13.0,0.461,0.476,0.143,0.429,12.7,28.0,20.0,15.0,2.7,6.1,21.9,39.4,83.0,108.0,-6.8,113df98a-698a-419b-8587-797fd4dd208e,MIL,PHI,Home,118,117,1
Malik Beasley,1,31.05,2,4,0.5,1,1,1.0,0,0,0.0,0,4,4,3,2,0,2,1,5,-5.0,0.625,0.625,0.25,0.0,0.0,15.9,7.5,12.2,3.0,0.0,33.3,8.4,97.0,114.0,0.6,113df98a-698a-419b-8587-797fd4dd208e,MIL,PHI,Home,118,117,1
Brook Lopez,1,28.933333333333334,5,7,0.714,3,4,0.75,0,0,0.0,1,1,2,0,0,0,2,4,13,11.0,0.929,0.929,0.571,0.0,3.9,4.3,4.0,0.0,0.0,0.0,22.2,13.5,132.0,121.0,-0.7,113df98a-698a-419b-8587-797fd4dd208e,MIL,PHI,Home,118,117,1
Khris Middleton,1,16.2,2,5,0.4,1,3,0.333,1,2,0.5,0,3,3,4,2,0,2,0,6,14.0,0.51,0.5,0.6,0.4,0.0,22.8,10.8,33.8,5.8,0.0,25.4,21.1,97.0,107.0,5.0,113df98a-698a-419b-8587-797fd4dd208e,MIL,PHI,Home,118,117,1
Jae Crowder,1,26.766666666666666,3,4,0.75,1,1,1.0,2,2,1.0,0,4,4,2,2,0,1,3,9,11.0,0.922,0.875,0.25,0.5,0.0,18.4,8.7,10.1,3.5,0.0,17.0,9.5,156.0,112.0,5.8,113df98a-698a-419b-8587-797fd4dd208e,MIL,PHI,Home,118,117,1
Pat Connaughton,1,20.35,2,6,0.333,1,4,0.25,2,2,1.0,0,2,2,2,0,1,0,0,7,-5.0,0.509,0.417,0.667,0.333,0.0,12.1,5.8,13.0,0.0,5.2,0.0,14.6,119.0,117.0,1.4,113df98a-698a-419b-8587-797fd4dd208e,MIL,PHI,Home,118,117,1
Bobby Portis,1,19.066666666666663,5,8,0.625,0,0,0.0,0,4,0.0,2,4,6,2,0,1,0,3,10,-10.0,0.512,0.625,0.0,0.5,11.7,25.8,18.4,17.7,0.0,5.6,0.0,22.2,117.0,115.0,0.8,113df98a-698a-419b-8587-797fd4dd208e,MIL,PHI,Home,118,117,1
MarJon Beauchamp,1,16.366666666666667,2,3,0.667,0,1,0.0,0,0,0.0,1,1,2,0,0,0,0,3,4,-3.0,0.667,0.667,0.333,0.0,6.8,7.5,7.2,0.0,0.0,0.0,0.0,7.9,144.0,121.0,-4.9,113df98a-698a-419b-8587-797fd4dd208e,MIL,PHI,Home,118,117,1
Cameron Payne,1,8.933333333333334,1,3,0.333,0,1,0.0,0,0,0.0,0,0,0,0,1,0,0,3,2,-7.0,0.333,0.333,0.333,0.0,0.0,0.0,0.0,0.0,5.3,0.0,0.0,14.5,69.0,109.0,-10.9,113df98a-698a-419b-8587-797fd4dd208e,MIL,PHI,Home,118,117,1
Thanasis Antetokounmpo,0,0.0,0,0,0.0,0,0,0.0,0,0,0.0,0,0,0,0,0,0,0,0,0,0.0,0.0,0.0,0.0,0.0,0.0,0.0,0.0,0.0,0.0,0.0,0.0,0.0,0.0,0.0,0.0,113df98a-698a-419b-8587-797fd4dd208e,MIL,PHI,Home,118,117,1
A.J. Green,0,0.0,0,0,0.0,0,0,0.0,0,0,0.0,0,0,0,0,0,0,0,0,0,0.0,0.0,0.0,0.0,0.0,0.0,0.0,0.0,0.0,0.0,0.0,0.0,0.0,0.0,0.0,0.0,113df98a-698a-419b-8587-797fd4dd208e,MIL,PHI,Home,118,117,1
Andre Jackson Jr.,0,0.0,0,0,0.0,0,0,0.0,0,0,0.0,0,0,0,0,0,0,0,0,0,0.0,0.0,0.0,0.0,0.0,0.0,0.0,0.0,0.0,0.0,0.0,0.0,0.0,0.0,0.0,0.0,113df98a-698a-419b-8587-797fd4dd208e,MIL,PHI,Home,118,117,1
Chris Livingston,0,0.0,0,0,0.0,0,0,0.0,0,0,0.0,0,0,0,0,0,0,0,0,0,0.0,0.0,0.0,0.0,0.0,0.0,0.0,0.0,0.0,0.0,0.0,0.0,0.0,0.0,0.0,0.0,113df98a-698a-419b-8587-797fd4dd208e,MIL,PHI,Home,118,117,1
Robin Lopez,0,0.0,0,0,0.0,0,0,0.0,0,0,0.0,0,0,0,0,0,0,0,0,0,0.0,0.0,0.0,0.0,0.0,0.0,0.0,0.0,0.0,0.0,0.0,0.0,0.0,0.0,0.0,0.0,113df98a-698a-419b-8587-797fd4dd208e,MIL,PHI,Home,118,117,1
Malik Beasley,1,31.633333333333333,6,12,0.5,4,10,0.4,2,4,0.5,1,3,4,1,2,0,2,3,18,-26.0,0.654,0.667,0.833,0.333,3.4,11.4,7.1,5.1,2.9,0.0,12.7,20.3,116.0,122.0,1.3,2c77f85c-6ab1-48f2-9c52-d17c035f444a,MIL,ATL,Home,110,127,0
Giannis Antetokounmpo,1,29.466666666666665,9,14,0.643,0,1,0.0,8,10,0.8,5,6,11,3,1,2,3,2,26,-11.0,0.707,0.643,0.071,0.714,18.1,24.4,21.1,20.1,1.6,5.8,14.0,29.6,136.0,119.0,10.2,2c77f85c-6ab1-48f2-9c52-d17c035f444a,MIL,ATL,Home,110,127,0
Damian Lillard,1,29.03333333333333,2,12,0.167,2,8,0.25,0,0,0.0,1,3,4,5,2,0,6,2,6,-29.0,0.25,0.25,0.667,0.0,3.7,12.4,7.8,23.2,3.2,0.0,33.3,25.3,56.0,122.0,-15.8,2c77f85c-6ab1-48f2-9c52-d17c035f444a,MIL,ATL,Home,110,127,0
Jae Crowder,1,25.95,1,4,0.25,0,3,0.0,0,0,0.0,0,3,3,3,0,1,0,1,2,-27.0,0.25,0.25,0.75,0.0,0.0,13.9,6.5,14.9,0.0,3.3,0.0,6.3,96.0,127.0,-4.2,2c77f85c-6ab1-48f2-9c52-d17c035f444a,MIL,ATL,Home,110,127,0
Brook Lopez,1,20.416666666666668,5,11,0.455,2,5,0.4,1,1,1.0,1,2,3,1,1,0,0,0,13,-22.0,0.568,0.545,0.455,0.091,5.2,11.8,8.3,8.6,2.3,0.0,0.0,22.8,126.0,124.0,3.1,2c77f85c-6ab1-48f2-9c52-d17c035f444a,MIL,ATL,Home,110,127,0
Pat Connaughton,1,23.316666666666663,2,9,0.222,1,6,0.167,0,0,0.0,1,2,3,2,2,0,1,1,5,-15.0,0.278,0.278,0.667,0.0,4.6,10.3,7.3,11.8,4.0,0.0,10.0,17.5,73.0,120.0,-7.3,2c77f85c-6ab1-48f2-9c52-d17c035f444a,MIL,ATL,Home,110,127,0
Bobby Portis,1,21.016666666666666,5,10,0.5,0,2,0.0,2,2,1.0,1,3,4,2,0,0,3,2,12,-5.0,0.551,0.5,0.2,0.2,5.1,17.1,10.7,16.6,0.0,0.0,21.6,26.9,97.0,128.0,-7.7,2c77f85c-6ab1-48f2-9c52-d17c035f444a,MIL,ATL,Home,110,127,0
MarJon Beauchamp,1,16.133333333333333,3,5,0.6,2,2,1.0,0,0,0.0,1,0,1,0,0,0,1,3,8,-2.0,0.8,0.8,0.4,0.0,6.6,0.0,3.5,0.0,0.0,0.0,16.7,15.2,127.0,132.0,-2.8,2c77f85c-6ab1-48f2-9c52-d17c035f444a,MIL,ATL,Home,110,127,0
Cameron Payne,1,14.4,2,3,0.667,2,3,0.667,0,0,0.0,0,1,1,1,0,0,1,4,6,3.0,1.0,1.0,1.0,0.0,0.0,8.3,3.9,10.3,0.0,0.0,25.0,11.3,138.0,130.0,-4.0,2c77f85c-6ab1-48f2-9c52-d17c035f444a,MIL,ATL,Home,110,127,0
Thanasis Antetokounmpo,1,7.55,1,1,1.0,0,0,0.0,0,0,0.0,0,0,0,2,1,0,3,2,2,14.0,1.0,1.0,0.0,0.0,0.0,0.0,0.0,39.0,6.2,0.0,75.0,21.6,65.0,118.0,-7.9,2c77f85c-6ab1-48f2-9c52-d17c035f444a,MIL,ATL,Home,110,127,0
Andre Jackson Jr.,1,6.616666666666667,0,1,0.0,0,1,0.0,0,0,0.0,1,3,4,1,1,0,1,2,0,5.0,0.0,0.0,1.0,0.0,16.1,54.4,34.1,18.6,7.0,0.0,50.0,12.3,55.0,101.0,-5.7,2c77f85c-6ab1-48f2-9c52-d17c035f444a,MIL,ATL,Home,110,127,0
A.J. Green,1,5.616666666666667,2,2,1.0,2,2,1.0,1,1,1.0,0,1,1,0,0,0,0,0,7,10.0,1.434,1.5,1.0,0.5,0.0,21.4,10.1,0.0,0.0,0.0,0.0,17.7,279.0,127.0,32.2,2c77f85c-6ab1-48f2-9c52-d17c035f444a,MIL,ATL,Home,110,127,0
Robin Lopez,1,5.616666666666667,0,0,0.0,0,0,0.0,2,2,1.0,0,0,0,1,0,0,1,0,2,10.0,1.136,0.0,0.0,0.0,0.0,0.0,0.0,21.9,0.0,0.0,53.2,13.6,124.0,133.0,0.4,2c77f85c-6ab1-48f2-9c52-d17c035f444a,MIL,ATL,Home,110,127,0
TyTy Washington Jr.,1,3.2333333333333334,1,2,0.5,1,1,1.0,0,0,0.0,0,0,0,0,0,0,1,0,3,10.0,0.75,0.75,0.5,0.0,0.0,0.0,0.0,0.0,0.0,0.0,33.3,37.8,80.0,133.0,-4.5,2c77f85c-6ab1-48f2-9c52-d17c035f444a,MIL,ATL,Home,110,127,0
Chris Livingston,0,0.0,0,0,0.0,0,0,0.0,0,0,0.0,0,0,0,0,0,0,0,0,0,0.0,0.0,0.0,0.0,0.0,0.0,0.0,0.0,0.0,0.0,0.0,0.0,0.0,0.0,0.0,0.0,2c77f85c-6ab1-48f2-9c52-d17c035f444a,MIL,ATL,Home,110,127,0
Damian Lillard,1,35.03333333333333,7,14,0.5,2,7,0.286,9,11,0.818,1,4,5,4,1,0,4,2,25,2.0,0.663,0.571,0.5,0.786,3.3,13.4,8.3,15.9,1.4,0.0,17.5,27.4,119.0,116.0,0.9,7b007e45-decc-4f5e-8484-3d0dd66058d2,MIL,MIA,Home,122,114,1
Malik Beasley,1,31.9,2,8,0.25,1,6,0.167,0,2,0.0,0,3,3,2,2,0,2,3,5,-10.0,0.282,0.313,0.75,0.25,0.0,11.0,5.4,7.3,3.0,0.0,18.4,14.3,57.0,112.0,-9.1,7b007e45-decc-4f5e-8484-3d0dd66058d2,MIL,MIA,Home,122,114,1
Giannis Antetokounmpo,1,31.85,12,21,0.571,1,3,0.333,8,11,0.727,1,6,7,2,0,1,2,3,33,18.0,0.639,0.595,0.143,0.524,3.6,22.1,12.7,11.6,0.0,2.9,7.2,36.7,124.0,115.0,5.4,7b007e45-decc-4f5e-8484-3d0dd66058d2,MIL,MIA,Home,122,114,1
Brook Lopez,1,29.383333333333333,5,9,0.556,1,4,0.25,0,0,0.0,3,4,7,3,1,1,2,3,11,-10.0,0.611,0.611,0.444,0.0,11.7,15.9,13.8,13.7,1.6,3.1,18.2,15.7,119.0,112.0,1.7,7b007e45-decc-4f5e-8484-3d0dd66058d2,MIL,MIA,Home,122,114,1
Khris Middleton,1,17.05,1,4,0.25,0,2,0.0,3,4,0.75,0,2,2,5,1,0,1,2,5,14.0,0.434,0.25,0.5,1.0,0.0,13.7,6.8,34.2,2.8,0.0,14.8,16.7,109.0,112.0,-0.6,7b007e45-decc-4f5e-8484-3d0dd66058d2,MIL,MIA,Home,122,114,1
Jae Crowder,1,25.33333333333333,3,7,0.429,2,3,0.667,0,0,0.0,1,4,5,2,1,1,1,2,8,-11.0,0.571,0.571,0.429,0.0,4.5,18.5,11.4,9.9,1.9,3.6,12.5,13.3,114.0,111.0,2.5,7b007e45-decc-4f5e-8484-3d0dd66058d2,MIL,MIA,Home,122,114,1
Pat Connaughton,1,22.516666666666666,3,5,0.6,2,3,0.667,0,0,0.0,0,5,5,2,0,1,1,2,8,5.0,0.8,0.8,0.6,0.0,0.0,26.0,12.8,11.3,0.0,4.1,16.7,11.2,134.0,113.0,3.8,7b007e45-decc-4f5e-8484-3d0dd66058d2,MIL,MIA,Home,122,114,1
Bobby Portis,1,18.616666666666667,7,10,0.7,0,2,0.0,2,2,1.0,2,6,8,2,2,1,0,3,16,18.0,0.735,0.7,0.2,0.2,12.3,37.7,24.9,19.9,5.1,5.0,0.0,24.6,158.0,98.0,17.3,7b007e45-decc-4f5e-8484-3d0dd66058d2,MIL,MIA,Home,122,114,1
A.J. Green,1,15.35,0,4,0.0,0,3,0.0,0,0,0.0,0,0,0,2,0,0,0,3,0,8.0,0.0,0.0,0.75,0.0,0.0,0.0,0.0,14.2,0.0,0.0,0.0,11.0,35.0,121.0,-16.1,7b007e45-decc-4f5e-8484-3d0dd66058d2,MIL,MIA,Home,122,114,1
Cameron Payne,1,12.966666666666669,4,5,0.8,3,4,0.75,0,0,0.0,1,0,1,0,0,0,1,0,11,6.0,1.1,1.1,0.8,0.0,8.8,0.0,4.5,0.0,0.0,0.0,16.7,19.4,157.0,121.0,13.7,7b007e45-decc-4f5e-8484-3d0dd66058d2,MIL,MIA,Home,122,114,1
Thanasis Antetokounmpo,0,0.0,0,0,0.0,0,0,0.0,0,0,0.0,0,0,0,0,0,0,0,0,0,0.0,0.0,0.0,0.0,0.0,0.0,0.0,0.0,0.0,0.0,0.0,0.0,0.0,0.0,0.0,0.0,7b007e45-decc-4f5e-8484-3d0dd66058d2,MIL,MIA,Home,122,114,1
Andre Jackson Jr.,0,0.0,0,0,0.0,0,0,0.0,0,0,0.0,0,0,0,0,0,0,0,0,0,0.0,0.0,0.0,0.0,0.0,0.0,0.0,0.0,0.0,0.0,0.0,0.0,0.0,0.0,0.0,0.0,7b007e45-decc-4f5e-8484-3d0dd66058d2,MIL,MIA,Home,122,114,1
Chris Livingston,0,0.0,0,0,0.0,0,0,0.0,0,0,0.0,0,0,0,0,0,0,0,0,0,0.0,0.0,0.0,0.0,0.0,0.0,0.0,0.0,0.0,0.0,0.0,0.0,0.0,0.0,0.0,0.0,7b007e45-decc-4f5e-8484-3d0dd66058d2,MIL,MIA,Home,122,114,1
Robin Lopez,0,0.0,0,0,0.0,0,0,0.0,0,0,0.0,0,0,0,0,0,0,0,0,0,0.0,0.0,0.0,0.0,0.0,0.0,0.0,0.0,0.0,0.0,0.0,0.0,0.0,0.0,0.0,0.0,7b007e45-decc-4f5e-8484-3d0dd66058d2,MIL,MIA,Home,122,114,1
Damian Lillard,1,30.6,4,9,0.444,1,4,0.25,6,7,0.857,0,2,2,6,0,0,2,1,15,-26.0,0.621,0.5,0.444,0.778,0.0,8.5,4.0,32.8,0.0,0.0,14.2,21.1,124.0,142.0,-3.6,6285a50f-ba78-4202-a52e-6d2b8b0df0fd,MIL,TOR,Away,111,130,0
Giannis Antetokounmpo,1,27.683333333333334,5,11,0.455,0,0,0.0,6,9,0.667,3,1,4,2,1,0,3,3,16,-10.0,0.535,0.455,0.0,0.818,12.4,4.7,8.8,13.2,1.8,0.0,16.7,29.7,104.0,139.0,-8.3,6285a50f-ba78-4202-a52e-6d2b8b0df0fd,MIL,TOR,Away,111,130,0
Malik Beasley,1,25.25,7,10,0.7,6,9,0.667,0,0,0.0,0,2,2,0,2,0,0,2,20,-23.0,1.0,1.0,0.9,0.0,0.0,10.3,4.8,0.0,4.0,0.0,0.0,18.2,179.0,132.0,15.6,6285a50f-ba78-4202-a52e-6d2b8b0df0fd,MIL,TOR,Away,111,130,0
Khris Middleton,1,17.133333333333333,4,10,0.4,1,4,0.25,2,2,1.0,0,3,3,0,1,0,4,2,11,-13.0,0.506,0.45,0.4,0.2,0.0,22.7,10.6,0.0,2.9,0.0,26.9,39.8,70.0,131.0,-17.0,6285a50f-ba78-4202-a52e-6d2b8b0df0fd,MIL,TOR,Away,111,130,0
Brook Lopez,1,16.65,1,8,0.125,0,4,0.0,4,4,1.0,2,1,3,0,2,1,0,0,6,-22.0,0.307,0.125,0.5,0.5,13.7,7.8,10.9,0.0,6.0,5.4,0.0,26.9,82.0,126.0,-9.1,6285a50f-ba78-4202-a52e-6d2b8b0df0fd,MIL,TOR,Away,111,130,0
Jae Crowder,1,25.066666666666663,3,5,0.6,2,3,0.667,1,3,0.333,1,0,1,3,0,1,0,2,9,-5.0,0.712,0.8,0.6,0.6,4.6,0.0,2.4,19.6,0.0,3.6,0.0,11.6,155.0,143.0,2.8,6285a50f-ba78-4202-a52e-6d2b8b0df0fd,MIL,TOR,Away,111,130,0
Pat Connaughton,1,22.633333333333333,1,2,0.5,0,1,0.0,1,2,0.5,0,2,2,1,0,0,1,1,3,-10.0,0.521,0.5,0.5,1.0,0.0,11.5,5.4,6.5,0.0,0.0,25.8,7.9,87.0,141.0,-10.1,6285a50f-ba78-4202-a52e-6d2b8b0df0fd,MIL,TOR,Away,111,130,0
Cameron Payne,1,19.1,2,5,0.4,0,2,0.0,0,0,0.0,0,2,2,1,0,0,1,2,4,-4.0,0.4,0.4,0.4,0.0,0.0,13.6,6.4,8.4,0.0,0.0,16.7,14.4,74.0,140.0,-15.6,6285a50f-ba78-4202-a52e-6d2b8b0df0fd,MIL,TOR,Away,111,130,0
Bobby Portis,1,18.7,2,6,0.333,0,1,0.0,6,9,0.667,1,5,6,1,2,0,1,1,10,-7.0,0.502,0.333,0.167,1.5,6.1,34.7,19.5,8.6,5.4,0.0,9.1,26.9,105.0,121.0,-2.4,6285a50f-ba78-4202-a52e-6d2b8b0df0fd,MIL,TOR,Away,111,130,0
MarJon Beauchamp,1,15.983333333333333,2,5,0.4,2,5,0.4,2,2,1.0,0,2,2,0,0,0,0,0,8,5.0,0.68,0.6,1.0,0.4,0.0,16.2,7.6,0.0,0.0,0.0,0.0,16.9,136.0,140.0,-0.8,6285a50f-ba78-4202-a52e-6d2b8b0df0fd,MIL,TOR,Away,111,130,0
Andre Jackson Jr.,1,6.35,1,1,1.0,0,0,0.0,0,0,0.0,0,1,1,3,1,0,0,2,2,4.0,1.0,1.0,0.0,0.0,0.0,20.4,9.6,82.6,7.9,0.0,0.0,7.2,217.0,120.0,21.7,6285a50f-ba78-4202-a52e-6d2b8b0df0fd,MIL,TOR,Away,111,130,0
Chris Livingston,1,5.516666666666667,2,2,1.0,1,1,1.0,0,0,0.0,0,0,0,1,0,0,0,0,5,6.0,1.25,1.25,0.5,0.0,0.0,0.0,0.0,49.4,0.0,0.0,0.0,16.6,248.0,145.0,25.1,6285a50f-ba78-4202-a52e-6d2b8b0df0fd,MIL,TOR,Away,111,130,0
A.J. Green,1,5.516666666666667,1,1,1.0,0,0,0.0,0,0,0.0,0,1,1,1,0,0,0,1,2,6.0,1.0,1.0,0.0,0.0,0.0,23.5,11.0,33.1,0.0,0.0,0.0,8.3,210.0,137.0,2.8,6285a50f-ba78-4202-a52e-6d2b8b0df0fd,MIL,TOR,Away,111,130,0
Thanasis Antetokounmpo,1,3.8166666666666655,0,1,0.0,0,0,0.0,0,0,0.0,0,0,0,0,0,0,0,0,0,4.0,0.0,0.0,0.0,0.0,0.0,0.0,0.0,0.0,0.0,0.0,0.0,12.0,0.0,145.0,-21.2,6285a50f-ba78-4202-a52e-6d2b8b0df0fd,MIL,TOR,Away,111,130,0
Robin Lopez,0,0.0,0,0,0.0,0,0,0.0,0,0,0.0,0,0,0,0,0,0,0,0,0,0.0,0.0,0.0,0.0,0.0,0.0,0.0,0.0,0.0,0.0,0.0,0.0,0.0,0.0,0.0,0.0,6285a50f-ba78-4202-a52e-6d2b8b0df0fd,MIL,TOR,Away,111,130,0
Damian Lillard,1,36.06666666666667,7,15,0.467,4,7,0.571,12,12,1.0,0,4,4,4,1,1,4,0,30,2.0,0.74,0.6,0.467,0.8,0.0,10.6,5.5,20.7,1.4,2.3,16.5,29.8,128.0,111.0,8.6,f3b8bdd1-bcc5-40ed-8b9c-0e5afb141ef4,MIL,NYK,Home,110,105,1
Giannis Antetokounmpo,1,35.78333333333333,6,10,0.6,3,3,1.0,7,13,0.538,1,7,8,6,0,1,7,3,22,13.0,0.7,0.75,0.3,1.3,2.9,18.8,11.1,29.9,0.0,2.4,30.8,28.1,104.0,109.0,1.3,f3b8bdd1-bcc5-40ed-8b9c-0e5afb141ef4,MIL,NYK,Home,110,105,1
Brook Lopez,1,35.53333333333333,4,15,0.267,4,10,0.4,1,2,0.5,0,5,5,0,1,9,1,2,13,1.0,0.409,0.4,0.667,0.133,0.0,13.5,7.0,0.0,1.4,21.3,5.9,21.1,74.0,99.0,2.0,f3b8bdd1-bcc5-40ed-8b9c-0e5afb141ef4,MIL,NYK,Home,110,105,1
Malik Beasley,1,22.366666666666667,0,2,0.0,0,1,0.0,0,0,0.0,0,3,3,3,0,0,0,2,0,6.0,0.0,0.0,0.5,0.0,0.0,12.9,6.6,18.4,0.0,0.0,0.0,4.0,83.0,113.0,-6.5,f3b8bdd1-bcc5-40ed-8b9c-0e5afb141ef4,MIL,NYK,Home,110,105,1
Khris Middleton,1,21.016666666666666,5,10,0.5,2,3,0.667,0,0,0.0,3,6,9,4,0,0,0,1,12,-2.0,0.6,0.6,0.3,0.0,14.6,27.4,21.2,38.7,0.0,0.0,0.0,21.1,142.0,107.0,9.3,f3b8bdd1-bcc5-40ed-8b9c-0e5afb141ef4,MIL,NYK,Home,110,105,1
Pat Connaughton,1,23.916666666666668,1,4,0.25,0,2,0.0,0,0,0.0,2,0,2,2,1,0,1,2,2,-4.0,0.25,0.25,0.5,0.0,8.5,0.0,4.1,12.2,2.0,0.0,20.0,9.3,85.0,115.0,-6.7,f3b8bdd1-bcc5-40ed-8b9c-0e5afb141ef4,MIL,NYK,Home,110,105,1
Jae Crowder,1,23.73333333333333,5,8,0.625,4,6,0.667,0,0,0.0,0,6,6,2,1,0,0,1,14,3.0,0.875,0.875,0.75,0.0,0.0,24.3,12.5,16.3,2.1,0.0,0.0,14.9,163.0,103.0,13.7,f3b8bdd1-bcc5-40ed-8b9c-0e5afb141ef4,MIL,NYK,Home,110,105,1
Bobby Portis,1,16.55,2,10,0.2,0,2,0.0,0,0,0.0,0,2,2,0,2,0,0,1,4,-2.0,0.2,0.2,0.2,0.0,0.0,11.6,6.0,0.0,5.9,0.0,0.0,26.8,41.0,101.0,-16.0,f3b8bdd1-bcc5-40ed-8b9c-0e5afb141ef4,MIL,NYK,Home,110,105,1
MarJon Beauchamp,1,13.1,5,7,0.714,3,5,0.6,0,1,0.0,1,1,2,2,0,0,0,2,13,5.0,0.874,0.929,0.714,0.143,7.8,7.3,7.6,43.9,0.0,0.0,0.0,25.2,162.0,116.0,20.6,f3b8bdd1-bcc5-40ed-8b9c-0e5afb141ef4,MIL,NYK,Home,110,105,1
Cameron Payne,1,11.933333333333334,0,1,0.0,0,0,0.0,0,0,0.0,0,0,0,1,0,0,1,2,0,3.0,0.0,0.0,0.0,0.0,0.0,0.0,0.0,11.5,0.0,0.0,50.0,7.4,32.0,119.0,-16.9,f3b8bdd1-bcc5-40ed-8b9c-0e5afb141ef4,MIL,NYK,Home,110,105,1
Thanasis Antetokounmpo,0,0.0,0,0,0.0,0,0,0.0,0,0,0.0,0,0,0,0,0,0,0,0,0,0.0,0.0,0.0,0.0,0.0,0.0,0.0,0.0,0.0,0.0,0.0,0.0,0.0,0.0,0.0,0.0,f3b8bdd1-bcc5-40ed-8b9c-0e5afb141ef4,MIL,NYK,Home,110,105,1
A.J. Green,0,0.0,0,0,0.0,0,0,0.0,0,0,0.0,0,0,0,0,0,0,0,0,0,0.0,0.0,0.0,0.0,0.0,0.0,0.0,0.0,0.0,0.0,0.0,0.0,0.0,0.0,0.0,0.0,f3b8bdd1-bcc5-40ed-8b9c-0e5afb141ef4,MIL,NYK,Home,110,105,1
Andre Jackson Jr.,0,0.0,0,0,0.0,0,0,0.0,0,0,0.0,0,0,0,0,0,0,0,0,0,0.0,0.0,0.0,0.0,0.0,0.0,0.0,0.0,0.0,0.0,0.0,0.0,0.0,0.0,0.0,0.0,f3b8bdd1-bcc5-40ed-8b9c-0e5afb141ef4,MIL,NYK,Home,110,105,1
Chris Livingston,0,0.0,0,0,0.0,0,0,0.0,0,0,0.0,0,0,0,0,0,0,0,0,0,0.0,0.0,0.0,0.0,0.0,0.0,0.0,0.0,0.0,0.0,0.0,0.0,0.0,0.0,0.0,0.0,f3b8bdd1-bcc5-40ed-8b9c-0e5afb141ef4,MIL,NYK,Home,110,105,1
Robin Lopez,0,0.0,0,0,0.0,0,0,0.0,0,0,0.0,0,0,0,0,0,0,0,0,0,0.0,0.0,0.0,0.0,0.0,0.0,0.0,0.0,0.0,0.0,0.0,0.0,0.0,0.0,0.0,0.0,f3b8bdd1-bcc5-40ed-8b9c-0e5afb141ef4,MIL,NYK,Home,110,105,1
Giannis Antetokounmpo,1,35.25,15,27,0.556,1,7,0.143,5,6,0.833,2,10,12,3,1,2,3,1,36,15.0,0.607,0.574,0.259,0.222,5.8,29.0,17.4,16.0,1.3,4.9,9.2,38.1,118.0,117.0,6.2,85d9dc52-a000-43ce-a407-b021b04380e7,MIL,BRK,Away,129,125,1
Damian Lillard,1,34.21666666666667,5,15,0.333,2,8,0.25,9,10,0.9,2,4,6,7,1,0,1,1,21,-14.0,0.541,0.4,0.533,0.667,6.0,11.9,9.0,25.2,1.4,0.0,4.9,24.6,131.0,124.0,1.5,85d9dc52-a000-43ce-a407-b021b04380e7,MIL,BRK,Away,129,125,1
Brook Lopez,1,27.133333333333333,2,6,0.333,0,3,0.0,0,0,0.0,4,3,7,2,0,0,0,3,4,-15.0,0.333,0.333,0.5,0.0,15.1,11.3,13.2,8.3,0.0,0.0,0.0,9.1,121.0,128.0,-7.9,85d9dc52-a000-43ce-a407-b021b04380e7,MIL,BRK,Away,129,125,1
Khris Middleton,1,21.183333333333334,6,10,0.6,1,4,0.25,2,2,1.0,0,3,3,4,0,0,0,1,15,9.0,0.689,0.65,0.4,0.2,0.0,14.5,7.2,28.0,0.0,0.0,0.0,21.2,154.0,127.0,5.3,85d9dc52-a000-43ce-a407-b021b04380e7,MIL,BRK,Away,129,125,1
Malik Beasley,1,14.0,1,5,0.2,1,5,0.2,0,0,0.0,0,6,6,0,0,0,1,2,3,-9.0,0.3,0.3,1.0,0.0,0.0,43.8,21.9,0.0,0.0,0.0,16.7,17.6,53.0,119.0,-16.6,85d9dc52-a000-43ce-a407-b021b04380e7,MIL,BRK,Away,129,125,1
Jae Crowder,1,30.3,5,10,0.5,4,9,0.444,1,2,0.5,2,3,5,0,1,0,2,1,15,-6.0,0.689,0.7,0.9,0.2,6.7,10.1,8.4,0.0,1.6,0.0,15.5,17.5,118.0,125.0,-0.7,85d9dc52-a000-43ce-a407-b021b04380e7,MIL,BRK,Away,129,125,1
Bobby Portis,1,25.78333333333333,3,8,0.375,1,2,0.5,4,4,1.0,0,6,6,2,2,0,1,2,11,14.0,0.564,0.438,0.25,0.5,0.0,23.8,11.9,9.2,3.7,0.0,9.3,17.2,117.0,116.0,-0.5,85d9dc52-a000-43ce-a407-b021b04380e7,MIL,BRK,Away,129,125,1
Pat Connaughton,1,19.48333333333333,4,7,0.571,2,5,0.4,0,0,0.0,1,0,1,3,0,0,1,1,10,-1.0,0.714,0.714,0.714,0.0,5.2,0.0,2.6,20.4,0.0,0.0,12.5,16.9,138.0,131.0,2.2,85d9dc52-a000-43ce-a407-b021b04380e7,MIL,BRK,Away,129,125,1
Cameron Payne,1,16.35,4,6,0.667,3,4,0.75,0,0,0.0,0,1,1,3,0,0,0,1,11,9.0,0.917,0.917,0.667,0.0,0.0,6.2,3.1,25.7,0.0,0.0,0.0,15.1,189.0,129.0,10.3,85d9dc52-a000-43ce-a407-b021b04380e7,MIL,BRK,Away,129,125,1
MarJon Beauchamp,1,16.283333333333335,1,2,0.5,1,1,1.0,0,0,0.0,1,0,1,2,1,0,1,0,3,18.0,0.75,0.75,0.5,0.0,6.3,0.0,3.1,13.7,2.9,0.0,33.3,7.6,128.0,124.0,1.7,85d9dc52-a000-43ce-a407-b021b04380e7,MIL,BRK,Away,129,125,1
Thanasis Antetokounmpo,0,0.0,0,0,0.0,0,0,0.0,0,0,0.0,0,0,0,0,0,0,0,0,0,0.0,0.0,0.0,0.0,0.0,0.0,0.0,0.0,0.0,0.0,0.0,0.0,0.0,0.0,0.0,0.0,85d9dc52-a000-43ce-a407-b021b04380e7,MIL,BRK,Away,129,125,1
A.J. Green,0,0.0,0,0,0.0,0,0,0.0,0,0,0.0,0,0,0,0,0,0,0,0,0,0.0,0.0,0.0,0.0,0.0,0.0,0.0,0.0,0.0,0.0,0.0,0.0,0.0,0.0,0.0,0.0,85d9dc52-a000-43ce-a407-b021b04380e7,MIL,BRK,Away,129,125,1
Andre Jackson Jr.,0,0.0,0,0,0.0,0,0,0.0,0,0,0.0,0,0,0,0,0,0,0,0,0,0.0,0.0,0.0,0.0,0.0,0.0,0.0,0.0,0.0,0.0,0.0,0.0,0.0,0.0,0.0,0.0,85d9dc52-a000-43ce-a407-b021b04380e7,MIL,BRK,Away,129,125,1
Chris Livingston,0,0.0,0,0,0.0,0,0,0.0,0,0,0.0,0,0,0,0,0,0,0,0,0,0.0,0.0,0.0,0.0,0.0,0.0,0.0,0.0,0.0,0.0,0.0,0.0,0.0,0.0,0.0,0.0,85d9dc52-a000-43ce-a407-b021b04380e7,MIL,BRK,Away,129,125,1
Robin Lopez,0,0.0,0,0,0.0,0,0,0.0,0,0,0.0,0,0,0,0,0,0,0,0,0,0.0,0.0,0.0,0.0,0.0,0.0,0.0,0.0,0.0,0.0,0.0,0.0,0.0,0.0,0.0,0.0,85d9dc52-a000-43ce-a407-b021b04380e7,MIL,BRK,Away,129,125,1
Jae Crowder,1,37.2,3,6,0.5,2,4,0.5,2,3,0.667,0,5,5,2,1,0,0,2,10,-2.0,0.683,0.667,0.667,0.5,0.0,15.4,7.2,7.0,1.2,0.0,0.0,8.3,141.0,112.0,-1.0,bb8285c9-3a8a-4f96-961f-9ce06cd7ab09,MIL,DET,Home,120,118,1
Damian Lillard,1,33.766666666666666,10,25,0.4,2,12,0.167,12,13,0.923,0,2,2,3,3,0,1,1,34,5.0,0.553,0.44,0.48,0.52,0.0,6.8,3.2,15.9,4.0,0.0,3.2,39.5,112.0,108.0,4.6,bb8285c9-3a8a-4f96-961f-9ce06cd7ab09,MIL,DET,Home,120,118,1
Brook Lopez,1,26.316666666666663,5,8,0.625,4,6,0.667,0,0,0.0,0,6,6,0,0,4,3,4,14,5.0,0.875,0.875,0.75,0.0,0.0,26.1,12.3,0.0,0.0,10.6,27.3,17.6,109.0,105.0,2.8,bb8285c9-3a8a-4f96-961f-9ce06cd7ab09,MIL,DET,Home,120,118,1
Malik Beasley,1,24.916666666666668,4,6,0.667,1,2,0.5,1,1,1.0,2,4,6,2,1,0,0,0,10,24.0,0.776,0.75,0.333,0.167,8.2,18.3,13.0,11.6,1.8,0.0,0.0,10.9,167.0,111.0,5.2,bb8285c9-3a8a-4f96-961f-9ce06cd7ab09,MIL,DET,Home,120,118,1
Giannis Antetokounmpo,1,21.866666666666667,6,16,0.375,0,2,0.0,3,6,0.5,0,9,9,5,0,3,1,1,15,5.0,0.402,0.375,0.125,0.375,0.0,47.0,22.2,39.4,0.0,9.5,5.1,37.8,88.0,101.0,2.5,bb8285c9-3a8a-4f96-961f-9ce06cd7ab09,MIL,DET,Home,120,118,1
MarJon Beauchamp,1,26.58333333333333,4,8,0.5,0,3,0.0,2,2,1.0,1,1,2,1,0,0,1,4,10,-25.0,0.563,0.5,0.375,0.25,3.8,4.3,4.1,5.3,0.0,0.0,10.1,15.6,109.0,118.0,-8.4,bb8285c9-3a8a-4f96-961f-9ce06cd7ab09,MIL,DET,Home,120,118,1
Cameron Payne,1,23.85,1,4,0.25,1,3,0.333,4,4,1.0,0,1,1,3,2,0,1,2,7,7.0,0.608,0.375,0.75,1.0,0.0,4.8,2.3,15.5,3.8,0.0,14.8,11.9,120.0,109.0,-1.7,bb8285c9-3a8a-4f96-961f-9ce06cd7ab09,MIL,DET,Home,120,118,1
Bobby Portis,1,22.933333333333334,7,14,0.5,1,4,0.25,3,3,1.0,2,3,5,2,0,0,2,1,18,-5.0,0.587,0.536,0.286,0.214,8.9,15.0,11.8,15.9,0.0,0.0,11.5,31.8,111.0,115.0,-1.6,bb8285c9-3a8a-4f96-961f-9ce06cd7ab09,MIL,DET,Home,120,118,1
Pat Connaughton,1,18.916666666666668,1,3,0.333,0,1,0.0,0,0,0.0,0,0,0,1,0,0,1,0,2,-4.0,0.333,0.333,0.333,0.0,0.0,0.0,0.0,6.6,0.0,0.0,25.0,8.9,60.0,119.0,-11.1,bb8285c9-3a8a-4f96-961f-9ce06cd7ab09,MIL,DET,Home,120,118,1
Andre Jackson Jr.,1,3.633333333333333,0,0,0.0,0,0,0.0,0,0,0.0,0,0,0,0,1,0,0,3,0,0.0,0.0,0.0,0.0,0.0,0.0,0.0,0.0,0.0,12.3,0.0,0.0,0.0,0.0,92.0,-7.4,bb8285c9-3a8a-4f96-961f-9ce06cd7ab09,MIL,DET,Home,120,118,1
Thanasis Antetokounmpo,0,0.0,0,0,0.0,0,0,0.0,0,0,0.0,0,0,0,0,0,0,0,0,0,0.0,0.0,0.0,0.0,0.0,0.0,0.0,0.0,0.0,0.0,0.0,0.0,0.0,0.0,0.0,0.0,bb8285c9-3a8a-4f96-961f-9ce06cd7ab09,MIL,DET,Home,120,118,1
A.J. Green,0,0.0,0,0,0.0,0,0,0.0,0,0,0.0,0,0,0,0,0,0,0,0,0,0.0,0.0,0.0,0.0,0.0,0.0,0.0,0.0,0.0,0.0,0.0,0.0,0.0,0.0,0.0,0.0,bb8285c9-3a8a-4f96-961f-9ce06cd7ab09,MIL,DET,Home,120,118,1
Chris Livingston,0,0.0,0,0,0.0,0,0,0.0,0,0,0.0,0,0,0,0,0,0,0,0,0,0.0,0.0,0.0,0.0,0.0,0.0,0.0,0.0,0.0,0.0,0.0,0.0,0.0,0.0,0.0,0.0,bb8285c9-3a8a-4f96-961f-9ce06cd7ab09,MIL,DET,Home,120,118,1
Robin Lopez,0,0.0,0,0,0.0,0,0,0.0,0,0,0.0,0,0,0,0,0,0,0,0,0,0.0,0.0,0.0,0.0,0.0,0.0,0.0,0.0,0.0,0.0,0.0,0.0,0.0,0.0,0.0,0.0,bb8285c9-3a8a-4f96-961f-9ce06cd7ab09,MIL,DET,Home,120,118,1
Lindell Wigginton,0,0.0,0,0,0.0,0,0,0.0,0,0,0.0,0,0,0,0,0,0,0,0,0,0.0,0.0,0.0,0.0,0.0,0.0,0.0,0.0,0.0,0.0,0.0,0.0,0.0,0.0,0.0,0.0,bb8285c9-3a8a-4f96-961f-9ce06cd7ab09,MIL,DET,Home,120,118,1
Giannis Antetokounmpo,1,36.48333333333333,19,25,0.76,0,1,0.0,16,18,0.889,2,10,12,3,0,0,8,4,54,6.0,0.82,0.76,0.04,0.72,7.3,29.2,19.5,18.8,0.0,0.0,19.6,47.9,132.0,124.0,10.2,58527077-9e62-49e8-99f7-5f118336753f,MIL,IND,Away,124,126,0
Cameron Payne,1,30.066666666666663,3,9,0.333,1,2,0.5,0,0,0.0,0,4,4,5,0,1,1,4,7,-17.0,0.389,0.389,0.222,0.0,0.0,14.2,7.9,19.4,0.0,3.6,10.0,14.2,92.0,125.0,-7.5,58527077-9e62-49e8-99f7-5f118336753f,MIL,IND,Away,124,126,0
Malik Beasley,1,28.766666666666666,4,10,0.4,3,6,0.5,2,2,1.0,1,3,4,2,1,0,0,2,13,-10.0,0.597,0.55,0.6,0.2,4.6,11.1,8.2,8.5,1.6,0.0,0.0,16.1,129.0,125.0,1.1,58527077-9e62-49e8-99f7-5f118336753f,MIL,IND,Away,124,126,0
Brook Lopez,1,28.58333333333333,1,7,0.143,0,4,0.0,0,0,0.0,0,1,1,0,2,3,0,2,2,-15.0,0.143,0.143,0.571,0.0,0.0,3.7,2.1,0.0,3.3,11.4,0.0,10.5,31.0,115.0,-8.3,58527077-9e62-49e8-99f7-5f118336753f,MIL,IND,Away,124,126,0
Khris Middleton,1,19.866666666666667,7,13,0.538,2,6,0.333,3,4,0.75,1,1,2,4,0,0,2,1,19,-5.0,0.644,0.615,0.462,0.308,6.7,5.4,6.0,33.2,0.0,0.0,11.9,36.0,122.0,130.0,4.2,58527077-9e62-49e8-99f7-5f118336753f,MIL,IND,Away,124,126,0
Jae Crowder,1,29.15,2,2,1.0,1,1,1.0,0,0,0.0,0,4,4,1,1,0,0,2,5,-5.0,1.25,1.25,0.5,0.0,0.0,14.6,8.1,3.9,1.6,0.0,0.0,2.9,244.0,124.0,1.2,58527077-9e62-49e8-99f7-5f118336753f,MIL,IND,Away,124,126,0
Pat Connaughton,1,24.633333333333333,3,6,0.5,1,3,0.333,1,1,1.0,0,2,2,4,1,0,0,0,8,17.0,0.621,0.583,0.5,0.167,0.0,8.7,4.8,19.4,1.9,0.0,0.0,11.2,141.0,124.0,4.0,58527077-9e62-49e8-99f7-5f118336753f,MIL,IND,Away,124,126,0
Bobby Portis,1,24.2,5,11,0.455,0,2,0.0,1,1,1.0,0,8,8,2,1,1,3,2,11,6.0,0.481,0.455,0.182,0.091,0.0,35.3,19.6,11.0,1.9,4.5,20.8,25.5,80.0,115.0,-6.5,58527077-9e62-49e8-99f7-5f118336753f,MIL,IND,Away,124,126,0
MarJon Beauchamp,1,13.016666666666667,2,4,0.5,1,2,0.5,0,0,0.0,1,3,4,2,0,0,0,0,5,6.0,0.625,0.625,0.5,0.0,10.2,24.6,18.2,19.1,0.0,0.0,0.0,13.1,145.0,125.0,5.5,58527077-9e62-49e8-99f7-5f118336753f,MIL,IND,Away,124,126,0
Andre Jackson Jr.,1,5.216666666666667,0,0,0.0,0,0,0.0,0,0,0.0,0,0,0,0,0,0,0,2,0,7.0,0.0,0.0,0.0,0.0,0.0,0.0,0.0,0.0,0.0,0.0,0.0,0.0,0.0,131.0,-13.1,58527077-9e62-49e8-99f7-5f118336753f,MIL,IND,Away,124,126,0
Thanasis Antetokounmpo,0,0.0,0,0,0.0,0,0,0.0,0,0,0.0,0,0,0,0,0,0,0,0,0,0.0,0.0,0.0,0.0,0.0,0.0,0.0,0.0,0.0,0.0,0.0,0.0,0.0,0.0,0.0,0.0,58527077-9e62-49e8-99f7-5f118336753f,MIL,IND,Away,124,126,0
A.J. Green,0,0.0,0,0,0.0,0,0,0.0,0,0,0.0,0,0,0,0,0,0,0,0,0,0.0,0.0,0.0,0.0,0.0,0.0,0.0,0.0,0.0,0.0,0.0,0.0,0.0,0.0,0.0,0.0,58527077-9e62-49e8-99f7-5f118336753f,MIL,IND,Away,124,126,0
Chris Livingston,0,0.0,0,0,0.0,0,0,0.0,0,0,0.0,0,0,0,0,0,0,0,0,0,0.0,0.0,0.0,0.0,0.0,0.0,0.0,0.0,0.0,0.0,0.0,0.0,0.0,0.0,0.0,0.0,58527077-9e62-49e8-99f7-5f118336753f,MIL,IND,Away,124,126,0
Robin Lopez,0,0.0,0,0,0.0,0,0,0.0,0,0,0.0,0,0,0,0,0,0,0,0,0,0.0,0.0,0.0,0.0,0.0,0.0,0.0,0.0,0.0,0.0,0.0,0.0,0.0,0.0,0.0,0.0,58527077-9e62-49e8-99f7-5f118336753f,MIL,IND,Away,124,126,0
Lindell Wigginton,0,0.0,0,0,0.0,0,0,0.0,0,0,0.0,0,0,0,0,0,0,0,0,0,0.0,0.0,0.0,0.0,0.0,0.0,0.0,0.0,0.0,0.0,0.0,0.0,0.0,0.0,0.0,0.0,58527077-9e62-49e8-99f7-5f118336753f,MIL,IND,Away,124,126,0
Giannis Antetokounmpo,1,36.65,15,22,0.682,0,1,0.0,5,12,0.417,2,8,10,7,4,2,6,4,35,-11.0,0.641,0.682,0.045,0.545,7.9,22.8,16.6,49.9,5.4,4.5,18.0,40.7,109.0,103.0,14.6,a876516c-6709-48f2-9f7e-4167cd50cd69,MIL,ORL,Away,97,112,0
Cameron Payne,1,25.566666666666663,6,8,0.75,2,3,0.667,0,0,0.0,0,0,0,2,2,0,2,3,14,-8.0,0.875,0.875,0.375,0.0,0.0,0.0,0.0,14.0,3.9,0.0,20.0,17.5,126.0,118.0,4.9,a876516c-6709-48f2-9f7e-4167cd50cd69,MIL,ORL,Away,97,112,0
Brook Lopez,1,21.23333333333333,3,7,0.429,2,5,0.4,1,2,0.5,0,3,3,1,1,2,1,1,9,-7.0,0.571,0.571,0.714,0.286,0.0,14.7,8.6,7.2,2.3,7.8,11.3,18.8,100.0,112.0,3.7,a876516c-6709-48f2-9f7e-4167cd50cd69,MIL,ORL,Away,97,112,0
Malik Beasley,1,20.216666666666665,0,4,0.0,0,3,0.0,0,0,0.0,0,2,2,1,0,0,1,3,0,-6.0,0.0,0.0,0.75,0.0,0.0,10.3,6.0,6.2,0.0,0.0,20.0,11.1,14.0,123.0,-18.4,a876516c-6709-48f2-9f7e-4167cd50cd69,MIL,ORL,Away,97,112,0
Khris Middleton,1,19.5,4,8,0.5,2,4,0.5,0,0,0.0,0,0,0,7,0,1,1,1,10,-3.0,0.625,0.625,0.5,0.0,0.0,0.0,0.0,61.2,0.0,4.2,11.1,20.7,131.0,125.0,10.7,a876516c-6709-48f2-9f7e-4167cd50cd69,MIL,ORL,Away,97,112,0
Bobby Portis,1,27.616666666666667,4,11,0.364,2,5,0.4,3,4,0.75,1,6,7,1,2,0,2,4,13,-6.0,0.509,0.455,0.455,0.364,5.3,22.7,15.4,5.6,3.6,0.0,13.6,24.0,93.0,109.0,-3.2,a876516c-6709-48f2-9f7e-4167cd50cd69,MIL,ORL,Away,97,112,0
MarJon Beauchamp,1,19.666666666666668,2,7,0.286,0,2,0.0,1,3,0.333,1,3,4,0,0,0,3,2,5,-19.0,0.3,0.286,0.286,0.429,7.4,15.9,12.4,0.0,0.0,0.0,26.5,25.8,49.0,121.0,-21.0,a876516c-6709-48f2-9f7e-4167cd50cd69,MIL,ORL,Away,97,112,0
Jae Crowder,1,16.916666666666668,0,1,0.0,0,1,0.0,1,2,0.5,0,2,2,0,0,0,0,0,1,-13.0,0.266,0.0,1.0,2.0,0.0,12.3,7.2,0.0,0.0,0.0,0.0,5.0,60.0,122.0,-8.5,a876516c-6709-48f2-9f7e-4167cd50cd69,MIL,ORL,Away,97,112,0
Pat Connaughton,1,15.616666666666667,1,3,0.333,0,1,0.0,1,2,0.5,0,3,3,1,0,0,0,2,3,-11.0,0.387,0.333,0.333,0.667,0.0,20.0,11.7,8.8,0.0,0.0,0.0,11.1,92.0,119.0,-8.3,a876516c-6709-48f2-9f7e-4167cd50cd69,MIL,ORL,Away,97,112,0
Andre Jackson Jr.,1,13.966666666666669,2,3,0.667,0,1,0.0,0,0,0.0,1,2,3,0,0,0,2,2,4,2.0,0.667,0.667,0.333,0.0,10.4,14.9,13.1,0.0,0.0,0.0,40.0,16.1,78.0,121.0,-11.2,a876516c-6709-48f2-9f7e-4167cd50cd69,MIL,ORL,Away,97,112,0
Thanasis Antetokounmpo,1,9.683333333333334,0,0,0.0,0,0,0.0,0,0,0.0,0,0,0,2,0,1,1,2,0,6.0,0.0,0.0,0.0,0.0,0.0,0.0,0.0,26.1,0.0,8.5,100.0,4.6,78.0,123.0,-3.2,a876516c-6709-48f2-9f7e-4167cd50cd69,MIL,ORL,Away,97,112,0
A.J. Green,1,9.483333333333333,1,3,0.333,1,3,0.333,0,0,0.0,0,2,2,3,0,0,0,0,3,5.0,0.5,0.5,1.0,0.0,0.0,22.0,12.8,46.1,0.0,0.0,0.0,14.2,131.0,118.0,8.2,a876516c-6709-48f2-9f7e-4167cd50cd69,MIL,ORL,Away,97,112,0
Chris Livingston,1,3.883333333333333,0,0,0.0,0,0,0.0,0,0,0.0,0,0,0,0,0,0,0,0,0,-4.0,0.0,0.0,0.0,0.0,0.0,0.0,0.0,0.0,0.0,0.0,0.0,0.0,0.0,128.0,-7.4,a876516c-6709-48f2-9f7e-4167cd50cd69,MIL,ORL,Away,97,112,0
Robin Lopez,0,0.0,0,0,0.0,0,0,0.0,0,0,0.0,0,0,0,0,0,0,0,0,0,0.0,0.0,0.0,0.0,0.0,0.0,0.0,0.0,0.0,0.0,0.0,0.0,0.0,0.0,0.0,0.0,a876516c-6709-48f2-9f7e-4167cd50cd69,MIL,ORL,Away,97,112,0
Lindell Wigginton,0,0.0,0,0,0.0,0,0,0.0,0,0,0.0,0,0,0,0,0,0,0,0,0,0.0,0.0,0.0,0.0,0.0,0.0,0.0,0.0,0.0,0.0,0.0,0.0,0.0,0.0,0.0,0.0,a876516c-6709-48f2-9f7e-4167cd50cd69,MIL,ORL,Away,97,112,0
Giannis Antetokounmpo,1,34.7,13,22,0.591,1,3,0.333,8,14,0.571,3,8,11,2,0,0,3,4,35,13.0,0.621,0.614,0.136,0.636,9.9,19.1,15.2,11.5,0.0,0.0,9.6,37.2,121.0,113.0,4.8,0e91fec9-5e7e-4c1f-b64d-c8826ce3894f,MIL,CHI,Home,118,109,1
Damian Lillard,1,32.0,3,17,0.176,1,9,0.111,5,5,1.0,2,1,3,5,0,0,5,0,12,-6.0,0.313,0.206,0.529,0.294,7.1,2.6,4.5,20.0,0.0,0.0,20.7,31.3,75.0,123.0,-15.6,0e91fec9-5e7e-4c1f-b64d-c8826ce3894f,MIL,CHI,Home,118,109,1
Brook Lopez,1,28.966666666666665,4,8,0.5,2,6,0.333,1,3,0.333,0,5,5,0,0,3,2,3,11,-10.0,0.59,0.625,0.75,0.375,0.0,14.3,8.3,0.0,0.0,8.6,17.7,16.2,95.0,111.0,-1.8,0e91fec9-5e7e-4c1f-b64d-c8826ce3894f,MIL,CHI,Home,118,109,1
Malik Beasley,1,20.98333333333333,3,6,0.5,3,6,0.5,0,0,0.0,1,1,2,0,0,0,0,3,9,-9.0,0.75,0.75,1.0,0.0,5.4,3.9,4.6,0.0,0.0,0.0,0.0,11.8,159.0,122.0,1.6,0e91fec9-5e7e-4c1f-b64d-c8826ce3894f,MIL,CHI,Home,118,109,1
Khris Middleton,1,19.35,6,10,0.6,1,5,0.2,0,0,0.0,1,5,6,2,1,0,2,2,13,0.0,0.65,0.65,0.5,0.0,5.9,21.4,14.9,18.3,2.6,0.0,16.7,25.7,116.0,105.0,4.3,0e91fec9-5e7e-4c1f-b64d-c8826ce3894f,MIL,CHI,Home,118,109,1
Pat Connaughton,1,28.73333333333333,1,3,0.333,1,3,0.333,3,3,1.0,1,7,8,5,1,0,0,4,6,9.0,0.694,0.5,1.0,1.0,4.0,20.2,13.4,20.7,1.7,0.0,0.0,6.2,184.0,108.0,5.8,0e91fec9-5e7e-4c1f-b64d-c8826ce3894f,MIL,CHI,Home,118,109,1
Bobby Portis,1,25.466666666666665,7,10,0.7,3,6,0.5,2,2,1.0,2,8,10,2,0,1,0,3,19,24.0,0.873,0.85,0.6,0.2,9.0,26.0,18.8,13.1,0.0,3.2,0.0,17.7,185.0,107.0,16.6,0e91fec9-5e7e-4c1f-b64d-c8826ce3894f,MIL,CHI,Home,118,109,1
MarJon Beauchamp,1,19.75,3,7,0.429,2,4,0.5,0,0,0.0,1,4,5,2,1,1,1,1,8,7.0,0.571,0.571,0.571,0.0,5.8,16.8,12.2,14.0,2.5,4.2,12.5,16.8,119.0,106.0,6.9,0e91fec9-5e7e-4c1f-b64d-c8826ce3894f,MIL,CHI,Home,118,109,1
Cameron Payne,1,17.366666666666667,0,2,0.0,0,2,0.0,0,0,0.0,0,0,0,5,0,0,2,2,0,15.0,0.0,0.0,1.0,0.0,0.0,0.0,0.0,32.9,0.0,0.0,50.0,9.5,67.0,125.0,-11.3,0e91fec9-5e7e-4c1f-b64d-c8826ce3894f,MIL,CHI,Home,118,109,1
Andre Jackson Jr.,1,12.683333333333334,2,4,0.5,1,3,0.333,0,0,0.0,2,1,3,0,0,0,0,1,5,2.0,0.625,0.625,0.75,0.0,18.0,6.5,11.4,0.0,0.0,0.0,0.0,13.1,148.0,121.0,1.1,0e91fec9-5e7e-4c1f-b64d-c8826ce3894f,MIL,CHI,Home,118,109,1
Thanasis Antetokounmpo,0,0.0,0,0,0.0,0,0,0.0,0,0,0.0,0,0,0,0,0,0,0,0,0,0.0,0.0,0.0,0.0,0.0,0.0,0.0,0.0,0.0,0.0,0.0,0.0,0.0,0.0,0.0,0.0,0e91fec9-5e7e-4c1f-b64d-c8826ce3894f,MIL,CHI,Home,118,109,1
A.J. Green,0,0.0,0,0,0.0,0,0,0.0,0,0,0.0,0,0,0,0,0,0,0,0,0,0.0,0.0,0.0,0.0,0.0,0.0,0.0,0.0,0.0,0.0,0.0,0.0,0.0,0.0,0.0,0.0,0e91fec9-5e7e-4c1f-b64d-c8826ce3894f,MIL,CHI,Home,118,109,1
Robin Lopez,0,0.0,0,0,0.0,0,0,0.0,0,0,0.0,0,0,0,0,0,0,0,0,0,0.0,0.0,0.0,0.0,0.0,0.0,0.0,0.0,0.0,0.0,0.0,0.0,0.0,0.0,0.0,0.0,0e91fec9-5e7e-4c1f-b64d-c8826ce3894f,MIL,CHI,Home,118,109,1
TyTy Washington Jr.,0,0.0,0,0,0.0,0,0,0.0,0,0,0.0,0,0,0,0,0,0,0,0,0,0.0,0.0,0.0,0.0,0.0,0.0,0.0,0.0,0.0,0.0,0.0,0.0,0.0,0.0,0.0,0.0,0e91fec9-5e7e-4c1f-b64d-c8826ce3894f,MIL,CHI,Home,118,109,1
Lindell Wigginton,0,0.0,0,0,0.0,0,0,0.0,0,0,0.0,0,0,0,0,0,0,0,0,0,0.0,0.0,0.0,0.0,0.0,0.0,0.0,0.0,0.0,0.0,0.0,0.0,0.0,0.0,0.0,0.0,0e91fec9-5e7e-4c1f-b64d-c8826ce3894f,MIL,CHI,Home,118,109,1
Brook Lopez,1,33.1,4,10,0.4,1,3,0.333,1,1,1.0,2,6,8,4,1,7,0,2,10,26.0,0.479,0.45,0.3,0.1,7.6,15.0,12.1,15.2,1.5,16.1,0.0,14.1,131.0,110.0,6.1,1a808fec-320f-4e1e-a81f-ec1147cbdc07,MIL,TOR,Away,128,112,1
Malik Beasley,1,31.066666666666663,11,14,0.786,8,11,0.727,0,0,0.0,0,4,4,0,1,0,0,2,30,34.0,1.071,1.071,0.786,0.0,0.0,10.7,6.4,0.0,1.6,0.0,0.0,20.2,200.0,119.0,16.6,1a808fec-320f-4e1e-a81f-ec1147cbdc07,MIL,TOR,Away,128,112,1
Damian Lillard,1,30.716666666666665,9,18,0.5,4,10,0.4,15,16,0.938,0,4,4,13,2,0,4,1,37,25.0,0.739,0.611,0.556,0.889,0.0,10.8,6.5,67.9,3.3,0.0,13.8,42.3,150.0,115.0,17.7,1a808fec-320f-4e1e-a81f-ec1147cbdc07,MIL,TOR,Away,128,112,1
Khris Middleton,1,20.316666666666663,5,9,0.556,1,2,0.5,0,0,0.0,1,4,5,4,2,0,4,3,11,12.0,0.611,0.611,0.222,0.0,6.2,16.3,12.3,29.4,5.0,0.0,30.8,28.6,101.0,107.0,-4.1,1a808fec-320f-4e1e-a81f-ec1147cbdc07,MIL,TOR,Away,128,112,1
Andre Jackson Jr.,1,16.5,0,1,0.0,0,0,0.0,0,0,0.0,2,0,2,1,0,0,2,2,0,9.0,0.0,0.0,0.0,0.0,15.3,0.0,6.1,6.6,0.0,0.0,66.7,8.1,68.0,130.0,-14.7,1a808fec-320f-4e1e-a81f-ec1147cbdc07,MIL,TOR,Away,128,112,1
Bobby Portis,1,30.716666666666665,7,11,0.636,2,3,0.667,2,2,1.0,1,6,7,0,0,2,0,5,18,15.0,0.758,0.727,0.273,0.182,4.1,16.2,11.4,0.0,0.0,5.0,0.0,17.3,155.0,116.0,-0.2,1a808fec-320f-4e1e-a81f-ec1147cbdc07,MIL,TOR,Away,128,112,1
Pat Connaughton,1,22.466666666666665,1,3,0.333,1,3,0.333,0,0,0.0,1,6,7,0,0,0,1,2,3,10.0,0.5,0.5,1.0,0.0,5.6,22.1,15.6,0.0,0.0,0.0,25.0,8.0,90.0,114.0,-9.7,1a808fec-320f-4e1e-a81f-ec1147cbdc07,MIL,TOR,Away,128,112,1
Cameron Payne,1,16.066666666666666,4,8,0.5,3,4,0.75,2,2,1.0,0,1,1,2,0,0,0,2,13,1.0,0.732,0.688,0.5,0.25,0.0,5.2,3.1,18.6,0.0,0.0,0.0,24.7,157.0,126.0,3.3,1a808fec-320f-4e1e-a81f-ec1147cbdc07,MIL,TOR,Away,128,112,1
Thanasis Antetokounmpo,1,15.016666666666667,1,5,0.2,0,0,0.0,0,0,0.0,2,0,2,0,0,0,0,3,2,-13.0,0.2,0.2,0.0,0.0,16.8,0.0,6.7,0.0,0.0,0.0,0.0,14.9,78.0,130.0,-20.7,1a808fec-320f-4e1e-a81f-ec1147cbdc07,MIL,TOR,Away,128,112,1
MarJon Beauchamp,1,9.683333333333334,2,3,0.667,0,0,0.0,0,0,0.0,0,0,0,1,1,0,0,2,4,2.0,0.667,0.667,0.0,0.0,0.0,0.0,0.0,14.5,5.2,0.0,0.0,13.9,147.0,119.0,0.1,1a808fec-320f-4e1e-a81f-ec1147cbdc07,MIL,TOR,Away,128,112,1
A.J. Green,1,7.25,0,1,0.0,0,1,0.0,0,0,0.0,0,0,0,0,0,0,0,0,0,-20.0,0.0,0.0,1.0,0.0,0.0,0.0,0.0,0.0,0.0,0.0,0.0,6.2,0.0,130.0,-15.9,1a808fec-320f-4e1e-a81f-ec1147cbdc07,MIL,TOR,Away,128,112,1
Robin Lopez,1,2.3666666666666667,0,0,0.0,0,0,0.0,0,0,0.0,0,0,0,0,0,0,0,0,0,-7.0,0.0,0.0,0.0,0.0,0.0,0.0,0.0,0.0,0.0,0.0,0.0,0.0,0.0,130.0,-7.6,1a808fec-320f-4e1e-a81f-ec1147cbdc07,MIL,TOR,Away,128,112,1
TyTy Washington Jr.,1,2.3666666666666667,0,1,0.0,0,1,0.0,0,0,0.0,0,1,1,0,1,0,1,0,0,-7.0,0.0,0.0,1.0,0.0,0.0,35.0,21.1,0.0,21.3,0.0,50.0,37.8,0.0,56.0,-20.1,1a808fec-320f-4e1e-a81f-ec1147cbdc07,MIL,TOR,Away,128,112,1
Lindell Wigginton,1,2.3666666666666667,0,1,0.0,0,1,0.0,0,0,0.0,0,0,0,0,0,0,1,1,0,-7.0,0.0,0.0,1.0,0.0,0.0,0.0,0.0,0.0,0.0,0.0,50.0,37.8,0.0,130.0,-59.4,1a808fec-320f-4e1e-a81f-ec1147cbdc07,MIL,TOR,Away,128,112,1
Brook Lopez,1,32.81666666666667,7,8,0.875,1,2,0.5,0,0,0.0,2,5,7,2,0,6,1,3,15,30.0,0.938,0.938,0.25,0.0,7.7,13.5,11.1,7.5,0.0,13.5,11.1,12.2,169.0,89.0,10.0,95bc15f6-9ee8-450a-b07f-ebbc525b4c53,MIL,CHO,Away,130,99,1
Damian Lillard,1,30.666666666666668,9,18,0.5,5,10,0.5,4,4,1.0,0,5,5,5,1,0,2,2,27,10.0,0.683,0.639,0.556,0.222,0.0,14.5,8.5,22.4,1.5,0.0,9.2,31.6,127.0,97.0,5.4,95bc15f6-9ee8-450a-b07f-ebbc525b4c53,MIL,CHO,Away,130,99,1
Malik Beasley,1,29.73333333333333,7,12,0.583,6,10,0.6,0,0,0.0,0,2,2,3,0,0,0,4,20,31.0,0.833,0.833,0.833,0.0,0.0,6.0,3.5,12.8,0.0,0.0,0.0,18.0,157.0,103.0,7.1,95bc15f6-9ee8-450a-b07f-ebbc525b4c53,MIL,CHO,Away,130,99,1
Giannis Antetokounmpo,1,28.166666666666668,6,10,0.6,0,0,0.0,4,7,0.571,0,8,8,9,1,0,4,5,16,6.0,0.612,0.6,0.0,0.7,0.0,25.2,14.8,39.6,1.7,0.0,23.4,27.0,117.0,94.0,2.3,95bc15f6-9ee8-450a-b07f-ebbc525b4c53,MIL,CHO,Away,130,99,1
Khris Middleton,1,21.85,4,11,0.364,2,7,0.286,2,2,1.0,1,5,6,1,1,0,1,3,12,16.0,0.505,0.455,0.636,0.182,5.8,20.3,14.3,5.5,2.1,0.0,7.8,26.3,99.0,95.0,-6.3,95bc15f6-9ee8-450a-b07f-ebbc525b4c53,MIL,CHO,Away,130,99,1
Pat Connaughton,1,30.966666666666665,4,9,0.444,3,6,0.5,0,0,0.0,1,6,7,3,0,0,1,0,11,2.0,0.611,0.611,0.667,0.0,4.1,17.2,11.8,10.9,0.0,0.0,10.0,14.4,120.0,100.0,0.1,95bc15f6-9ee8-450a-b07f-ebbc525b4c53,MIL,CHO,Away,130,99,1
Bobby Portis,1,29.683333333333334,6,12,0.5,1,3,0.333,0,0,0.0,0,7,7,1,1,0,3,1,13,4.0,0.542,0.542,0.25,0.0,0.0,21.0,12.3,4.1,1.6,0.0,20.0,22.5,82.0,96.0,-7.2,95bc15f6-9ee8-450a-b07f-ebbc525b4c53,MIL,CHO,Away,130,99,1
Cameron Payne,1,20.566666666666663,1,3,0.333,0,2,0.0,0,0,0.0,0,3,3,6,0,1,0,1,2,21.0,0.333,0.333,0.667,0.0,0.0,13.0,7.6,30.0,0.0,3.6,0.0,6.5,143.0,98.0,0.9,95bc15f6-9ee8-450a-b07f-ebbc525b4c53,MIL,CHO,Away,130,99,1
Andre Jackson Jr.,1,7.55,2,2,1.0,2,2,1.0,0,0,0.0,0,1,1,2,0,0,1,1,6,2.0,1.5,1.5,1.0,0.0,0.0,11.8,6.9,35.0,0.0,0.0,33.3,17.7,178.0,101.0,21.5,95bc15f6-9ee8-450a-b07f-ebbc525b4c53,MIL,CHO,Away,130,99,1
A.J. Green,1,2.6666666666666665,2,3,0.667,2,3,0.667,0,0,0.0,0,1,1,0,0,0,0,0,6,11.0,1.0,1.0,1.0,0.0,0.0,33.3,19.6,0.0,0.0,0.0,0.0,50.1,157.0,96.0,46.4,95bc15f6-9ee8-450a-b07f-ebbc525b4c53,MIL,CHO,Away,130,99,1
Thanasis Antetokounmpo,1,2.6666666666666665,1,1,1.0,0,0,0.0,0,0,0.0,0,0,0,0,0,0,0,0,2,11.0,1.0,1.0,0.0,0.0,0.0,0.0,0.0,0.0,0.0,0.0,0.0,16.7,200.0,105.0,6.2,95bc15f6-9ee8-450a-b07f-ebbc525b4c53,MIL,CHO,Away,130,99,1
Marques Bolden,1,2.6666666666666665,0,0,0.0,0,0,0.0,0,0,0.0,0,2,2,0,0,0,0,1,0,11.0,0.0,0.0,0.0,0.0,0.0,66.7,39.1,0.0,0.0,0.0,0.0,0.0,0.0,87.0,-5.5,95bc15f6-9ee8-450a-b07f-ebbc525b4c53,MIL,CHO,Away,130,99,1
Robin Lopez,0,0.0,0,0,0.0,0,0,0.0,0,0,0.0,0,0,0,0,0,0,0,0,0,0.0,0.0,0.0,0.0,0.0,0.0,0.0,0.0,0.0,0.0,0.0,0.0,0.0,0.0,0.0,0.0,95bc15f6-9ee8-450a-b07f-ebbc525b4c53,MIL,CHO,Away,130,99,1
TyTy Washington Jr.,0,0.0,0,0,0.0,0,0,0.0,0,0,0.0,0,0,0,0,0,0,0,0,0,0.0,0.0,0.0,0.0,0.0,0.0,0.0,0.0,0.0,0.0,0.0,0.0,0.0,0.0,0.0,0.0,95bc15f6-9ee8-450a-b07f-ebbc525b4c53,MIL,CHO,Away,130,99,1
Lindell Wigginton,0,0.0,0,0,0.0,0,0,0.0,0,0,0.0,0,0,0,0,0,0,0,0,0,0.0,0.0,0.0,0.0,0.0,0.0,0.0,0.0,0.0,0.0,0.0,0.0,0.0,0.0,0.0,0.0,95bc15f6-9ee8-450a-b07f-ebbc525b4c53,MIL,CHO,Away,130,99,1
Giannis Antetokounmpo,1,37.85,18,26,0.692,1,3,0.333,3,5,0.6,2,13,15,7,2,1,3,3,40,-7.0,0.709,0.712,0.115,0.192,5.9,35.1,21.1,33.9,2.4,2.3,9.6,36.4,134.0,112.0,12.6,b82488c2-24fe-405a-b744-664977fad3ea,MIL,DAL,Home,132,125,1
Damian Lillard,1,37.81666666666667,7,18,0.389,4,11,0.364,9,10,0.9,0,3,3,12,1,0,1,2,27,-6.0,0.603,0.5,0.611,0.556,0.0,8.1,4.2,38.0,1.2,0.0,4.3,27.3,135.0,123.0,5.0,b82488c2-24fe-405a-b744-664977fad3ea,MIL,DAL,Home,132,125,1
Malik Beasley,1,33.85,3,9,0.333,1,6,0.167,0,0,0.0,0,6,6,0,1,0,0,3,7,5.0,0.389,0.389,0.667,0.0,0.0,18.1,9.5,0.0,1.4,0.0,0.0,11.7,75.0,120.0,-9.9,b82488c2-24fe-405a-b744-664977fad3ea,MIL,DAL,Home,132,125,1
Brook Lopez,1,33.63333333333333,3,8,0.375,1,6,0.167,5,5,1.0,0,3,3,0,1,2,0,1,12,8.0,0.588,0.438,0.75,0.625,0.0,9.1,4.8,0.0,1.4,5.1,0.0,13.4,120.0,119.0,-3.1,b82488c2-24fe-405a-b744-664977fad3ea,MIL,DAL,Home,132,125,1
Andre Jackson Jr.,1,12.016666666666667,0,1,0.0,0,0,0.0,0,0,0.0,0,0,0,2,0,0,0,1,0,-11.0,0.0,0.0,0.0,0.0,0.0,0.0,0.0,16.3,0.0,0.0,0.0,3.7,95.0,128.0,-6.6,b82488c2-24fe-405a-b744-664977fad3ea,MIL,DAL,Home,132,125,1
Pat Connaughton,1,34.6,6,12,0.5,4,9,0.444,0,0,0.0,2,3,5,3,2,0,2,1,16,22.0,0.667,0.667,0.75,0.0,6.5,8.9,7.7,10.2,2.7,0.0,14.3,17.9,120.0,120.0,1.8,b82488c2-24fe-405a-b744-664977fad3ea,MIL,DAL,Home,132,125,1
Bobby Portis,1,21.883333333333333,5,10,0.5,1,2,0.5,0,0,0.0,1,6,7,2,0,0,0,0,11,7.0,0.55,0.55,0.2,0.0,5.1,28.0,17.1,11.5,0.0,0.0,0.0,20.2,119.0,121.0,-1.0,b82488c2-24fe-405a-b744-664977fad3ea,MIL,DAL,Home,132,125,1
Cameron Payne,1,17.2,4,5,0.8,3,4,0.75,0,0,0.0,0,2,2,2,1,0,0,4,11,10.0,1.1,1.1,0.8,0.0,0.0,11.9,6.2,14.8,2.7,0.0,0.0,12.8,208.0,118.0,9.8,b82488c2-24fe-405a-b744-664977fad3ea,MIL,DAL,Home,132,125,1
A.J. Green,1,11.15,3,5,0.6,2,4,0.5,0,0,0.0,0,0,0,1,0,0,0,1,8,7.0,0.8,0.8,0.8,0.0,0.0,0.0,0.0,11.9,0.0,0.0,0.0,19.8,151.0,128.0,5.1,b82488c2-24fe-405a-b744-664977fad3ea,MIL,DAL,Home,132,125,1
Thanasis Antetokounmpo,0,0.0,0,0,0.0,0,0,0.0,0,0,0.0,0,0,0,0,0,0,0,0,0,0.0,0.0,0.0,0.0,0.0,0.0,0.0,0.0,0.0,0.0,0.0,0.0,0.0,0.0,0.0,0.0,b82488c2-24fe-405a-b744-664977fad3ea,MIL,DAL,Home,132,125,1
Marques Bolden,0,0.0,0,0,0.0,0,0,0.0,0,0,0.0,0,0,0,0,0,0,0,0,0,0.0,0.0,0.0,0.0,0.0,0.0,0.0,0.0,0.0,0.0,0.0,0.0,0.0,0.0,0.0,0.0,b82488c2-24fe-405a-b744-664977fad3ea,MIL,DAL,Home,132,125,1
Robin Lopez,0,0.0,0,0,0.0,0,0,0.0,0,0,0.0,0,0,0,0,0,0,0,0,0,0.0,0.0,0.0,0.0,0.0,0.0,0.0,0.0,0.0,0.0,0.0,0.0,0.0,0.0,0.0,0.0,b82488c2-24fe-405a-b744-664977fad3ea,MIL,DAL,Home,132,125,1
TyTy Washington Jr.,0,0.0,0,0,0.0,0,0,0.0,0,0,0.0,0,0,0,0,0,0,0,0,0,0.0,0.0,0.0,0.0,0.0,0.0,0.0,0.0,0.0,0.0,0.0,0.0,0.0,0.0,0.0,0.0,b82488c2-24fe-405a-b744-664977fad3ea,MIL,DAL,Home,132,125,1
Lindell Wigginton,0,0.0,0,0,0.0,0,0,0.0,0,0,0.0,0,0,0,0,0,0,0,0,0,0.0,0.0,0.0,0.0,0.0,0.0,0.0,0.0,0.0,0.0,0.0,0.0,0.0,0.0,0.0,0.0,b82488c2-24fe-405a-b744-664977fad3ea,MIL,DAL,Home,132,125,1
Giannis Antetokounmpo,1,33.9,20,23,0.87,0,0,0.0,2,6,0.333,6,7,13,8,1,1,5,2,42,10.0,0.819,0.87,0.0,0.261,23.0,22.5,22.7,42.5,1.4,2.0,16.3,36.4,144.0,125.0,17.1,05a9f9c6-2205-41d7-906b-6865d40f4f94,MIL,WAS,Away,142,129,1
Malik Beasley,1,33.266666666666666,5,9,0.556,3,5,0.6,3,3,1.0,1,4,5,2,0,0,0,0,16,20.0,0.775,0.722,0.556,0.333,3.9,13.1,8.9,6.0,0.0,0.0,0.0,12.5,181.0,131.0,1.7,05a9f9c6-2205-41d7-906b-6865d40f4f94,MIL,WAS,Away,142,129,1
Damian Lillard,1,32.96666666666667,5,14,0.357,3,6,0.5,9,11,0.818,1,4,5,7,0,0,1,1,22,6.0,0.584,0.464,0.429,0.786,3.9,13.2,9.0,21.4,0.0,0.0,5.0,24.2,147.0,131.0,-0.9,05a9f9c6-2205-41d7-906b-6865d40f4f94,MIL,WAS,Away,142,129,1
Brook Lopez,1,32.13333333333333,7,12,0.583,1,4,0.25,1,1,1.0,4,5,9,1,0,5,1,0,16,13.0,0.643,0.625,0.333,0.083,16.1,17.0,16.6,3.4,0.0,10.7,7.4,16.8,143.0,118.0,2.7,05a9f9c6-2205-41d7-906b-6865d40f4f94,MIL,WAS,Away,142,129,1
Khris Middleton,1,23.08333333333333,6,12,0.5,0,2,0.0,6,7,0.857,1,5,6,7,0,0,4,3,18,23.0,0.597,0.5,0.167,0.583,5.6,23.6,15.4,34.2,0.0,0.0,21.0,33.3,121.0,130.0,-5.0,05a9f9c6-2205-41d7-906b-6865d40f4f94,MIL,WAS,Away,142,129,1
Pat Connaughton,1,26.366666666666667,1,2,0.5,1,2,0.5,0,0,0.0,1,3,4,4,0,0,0,1,3,-4.0,0.75,0.75,1.0,0.0,4.9,12.4,9.0,13.7,0.0,0.0,0.0,3.1,197.0,131.0,-0.3,05a9f9c6-2205-41d7-906b-6865d40f4f94,MIL,WAS,Away,142,129,1
Bobby Portis,1,23.33333333333333,8,13,0.615,1,3,0.333,0,0,0.0,1,7,8,1,1,0,1,2,17,13.0,0.654,0.654,0.231,0.0,5.6,32.7,20.3,5.3,2.0,0.0,7.1,24.1,134.0,125.0,-0.8,05a9f9c6-2205-41d7-906b-6865d40f4f94,MIL,WAS,Away,142,129,1
Cameron Payne,1,16.483333333333334,2,5,0.4,2,4,0.5,0,0,0.0,0,2,2,2,1,0,1,1,6,8.0,0.6,0.6,0.8,0.0,0.0,13.2,7.2,11.8,2.9,0.0,16.7,14.6,123.0,125.0,-2.7,05a9f9c6-2205-41d7-906b-6865d40f4f94,MIL,WAS,Away,142,129,1
A.J. Green,1,14.516666666666667,1,4,0.25,0,3,0.0,0,0,0.0,0,2,2,1,0,0,0,1,2,-9.0,0.25,0.25,0.75,0.0,0.0,15.0,8.2,6.4,0.0,0.0,0.0,11.1,86.0,131.0,-13.9,05a9f9c6-2205-41d7-906b-6865d40f4f94,MIL,WAS,Away,142,129,1
Thanasis Antetokounmpo,1,1.3166666666666669,0,0,0.0,0,0,0.0,0,0,0.0,0,0,0,0,0,0,0,0,0,-5.0,0.0,0.0,0.0,0.0,0.0,0.0,0.0,0.0,0.0,0.0,0.0,0.0,0.0,132.0,-8.2,05a9f9c6-2205-41d7-906b-6865d40f4f94,MIL,WAS,Away,142,129,1
Andre Jackson Jr.,1,1.3166666666666669,0,0,0.0,0,0,0.0,0,0,0.0,1,0,1,0,0,0,0,0,0,-5.0,0.0,0.0,0.0,0.0,98.5,0.0,45.0,0.0,0.0,0.0,0.0,0.0,217.0,132.0,5.4,05a9f9c6-2205-41d7-906b-6865d40f4f94,MIL,WAS,Away,142,129,1
Robin Lopez,1,1.3166666666666669,0,0,0.0,0,0,0.0,0,0,0.0,0,0,0,0,0,0,0,2,0,-5.0,0.0,0.0,0.0,0.0,0.0,0.0,0.0,0.0,0.0,0.0,0.0,0.0,0.0,131.0,-33.9,05a9f9c6-2205-41d7-906b-6865d40f4f94,MIL,WAS,Away,142,129,1
Damian Lillard,1,37.68333333333333,11,24,0.458,3,10,0.3,2,2,1.0,0,5,5,5,2,0,3,2,27,9.0,0.543,0.521,0.417,0.083,0.0,16.8,7.1,20.6,2.5,0.0,10.8,30.2,106.0,116.0,2.9,cffe3ad7-e4e2-49f1-a4b6-ace00afad56f,MIL,BOS,Away,116,119,0
Giannis Antetokounmpo,1,36.5,7,20,0.35,0,3,0.0,7,10,0.7,3,10,13,5,2,0,3,4,21,6.0,0.43,0.35,0.15,0.5,7.6,34.6,19.0,18.4,2.6,0.0,10.9,30.7,96.0,115.0,-1.0,cffe3ad7-e4e2-49f1-a4b6-ace00afad56f,MIL,BOS,Away,116,119,0
Brook Lopez,1,33.5,12,18,0.667,2,5,0.4,2,3,0.667,5,2,7,1,1,1,0,3,28,7.0,0.725,0.722,0.278,0.167,13.8,7.5,11.1,5.2,1.4,3.4,0.0,23.6,154.0,117.0,11.3,cffe3ad7-e4e2-49f1-a4b6-ace00afad56f,MIL,BOS,Away,116,119,0
Khris Middleton,1,28.58333333333333,4,14,0.286,2,5,0.4,2,2,1.0,2,3,5,7,1,0,0,4,12,-6.0,0.403,0.357,0.357,0.143,6.5,13.3,9.3,30.7,1.7,0.0,0.0,21.3,114.0,119.0,1.7,cffe3ad7-e4e2-49f1-a4b6-ace00afad56f,MIL,BOS,Away,116,119,0
Malik Beasley,1,22.566666666666663,2,3,0.667,2,3,0.667,0,0,0.0,0,3,3,3,2,0,1,1,6,3.0,1.0,1.0,1.0,0.0,0.0,16.8,7.1,15.7,4.2,0.0,25.0,7.2,151.0,112.0,8.3,cffe3ad7-e4e2-49f1-a4b6-ace00afad56f,MIL,BOS,Away,116,119,0
MarJon Beauchamp,1,21.95,2,5,0.4,1,2,0.5,0,0,0.0,1,2,3,0,1,0,0,1,5,-7.0,0.5,0.5,0.4,0.0,4.2,11.5,7.3,0.0,2.2,0.0,0.0,9.3,114.0,118.0,-2.1,cffe3ad7-e4e2-49f1-a4b6-ace00afad56f,MIL,BOS,Away,116,119,0
Bobby Portis,1,20.8,2,6,0.333,0,0,0.0,0,0,0.0,1,6,7,0,0,0,0,2,4,-4.0,0.333,0.333,0.0,0.0,4.4,36.4,17.9,0.0,0.0,0.0,0.0,11.8,82.0,121.0,-9.0,cffe3ad7-e4e2-49f1-a4b6-ace00afad56f,MIL,BOS,Away,116,119,0
Pat Connaughton,1,20.383333333333333,1,2,0.5,1,2,0.5,0,0,0.0,0,3,3,0,0,1,1,0,3,-9.0,0.75,0.75,1.0,0.0,0.0,18.6,7.8,0.0,0.0,5.6,33.3,6.0,89.0,118.0,-2.8,cffe3ad7-e4e2-49f1-a4b6-ace00afad56f,MIL,BOS,Away,116,119,0
Cameron Payne,1,10.316666666666666,1,5,0.2,1,3,0.333,0,0,0.0,0,0,0,2,0,0,0,0,3,-12.0,0.3,0.3,0.6,0.0,0.0,0.0,0.0,23.1,0.0,0.0,0.0,19.8,86.0,124.0,-6.4,cffe3ad7-e4e2-49f1-a4b6-ace00afad56f,MIL,BOS,Away,116,119,0
Andre Jackson Jr.,1,7.716666666666667,3,4,0.75,1,1,1.0,0,0,0.0,1,0,1,0,0,0,1,2,7,-2.0,0.875,0.875,0.25,0.0,12.0,0.0,6.9,0.0,0.0,0.0,20.0,26.5,127.0,124.0,4.9,cffe3ad7-e4e2-49f1-a4b6-ace00afad56f,MIL,BOS,Away,116,119,0
Thanasis Antetokounmpo,0,0.0,0,0,0.0,0,0,0.0,0,0,0.0,0,0,0,0,0,0,0,0,0,0.0,0.0,0.0,0.0,0.0,0.0,0.0,0.0,0.0,0.0,0.0,0.0,0.0,0.0,0.0,0.0,cffe3ad7-e4e2-49f1-a4b6-ace00afad56f,MIL,BOS,Away,116,119,0
A.J. Green,0,0.0,0,0,0.0,0,0,0.0,0,0,0.0,0,0,0,0,0,0,0,0,0,0.0,0.0,0.0,0.0,0.0,0.0,0.0,0.0,0.0,0.0,0.0,0.0,0.0,0.0,0.0,0.0,cffe3ad7-e4e2-49f1-a4b6-ace00afad56f,MIL,BOS,Away,116,119,0
Chris Livingston,0,0.0,0,0,0.0,0,0,0.0,0,0,0.0,0,0,0,0,0,0,0,0,0,0.0,0.0,0.0,0.0,0.0,0.0,0.0,0.0,0.0,0.0,0.0,0.0,0.0,0.0,0.0,0.0,cffe3ad7-e4e2-49f1-a4b6-ace00afad56f,MIL,BOS,Away,116,119,0
Robin Lopez,0,0.0,0,0,0.0,0,0,0.0,0,0,0.0,0,0,0,0,0,0,0,0,0,0.0,0.0,0.0,0.0,0.0,0.0,0.0,0.0,0.0,0.0,0.0,0.0,0.0,0.0,0.0,0.0,cffe3ad7-e4e2-49f1-a4b6-ace00afad56f,MIL,BOS,Away,116,119,0
Giannis Antetokounmpo,1,37.21666666666667,11,19,0.579,0,0,0.0,9,12,0.75,3,6,9,3,3,1,3,2,31,-10.0,0.638,0.579,0.0,0.632,8.8,14.9,12.1,11.4,3.7,2.0,11.0,30.5,124.0,118.0,4.2,ae1d727f-5ea6-4b53-8a5e-7fbc963dc796,MIL,WAS,Home,131,128,1
Damian Lillard,1,36.86666666666667,11,18,0.611,2,5,0.4,7,8,0.875,1,5,6,10,0,0,1,1,31,1.0,0.72,0.667,0.278,0.444,3.0,12.5,8.1,38.7,0.0,0.0,4.4,25.4,153.0,129.0,8.8,ae1d727f-5ea6-4b53-8a5e-7fbc963dc796,MIL,WAS,Home,131,128,1
Brook Lopez,1,32.13333333333333,14,17,0.824,4,7,0.571,7,7,1.0,0,6,6,1,2,3,1,2,39,8.0,0.971,0.941,0.412,0.412,0.0,17.2,9.3,5.5,2.9,7.1,4.7,27.3,181.0,115.0,22.6,ae1d727f-5ea6-4b53-8a5e-7fbc963dc796,MIL,WAS,Home,131,128,1
Malik Beasley,1,27.0,4,8,0.5,1,4,0.25,0,0,0.0,4,7,11,1,0,1,2,3,9,4.0,0.563,0.563,0.5,0.0,16.2,23.9,20.4,4.3,0.0,2.8,20.0,15.4,111.0,123.0,-4.5,ae1d727f-5ea6-4b53-8a5e-7fbc963dc796,MIL,WAS,Home,131,128,1
Khris Middleton,1,12.783333333333331,3,8,0.375,1,3,0.333,0,0,0.0,0,1,1,5,0,0,1,1,7,5.0,0.438,0.438,0.375,0.0,0.0,7.2,3.9,51.1,0.0,0.0,11.1,29.3,103.0,130.0,-3.2,ae1d727f-5ea6-4b53-8a5e-7fbc963dc796,MIL,WAS,Home,131,128,1
Pat Connaughton,1,26.666666666666668,1,5,0.2,0,3,0.0,0,2,0.0,0,4,4,1,1,0,1,1,2,2.0,0.17,0.2,0.6,0.4,0.0,13.8,7.5,3.9,1.7,0.0,14.5,10.7,39.0,124.0,-12.8,ae1d727f-5ea6-4b53-8a5e-7fbc963dc796,MIL,WAS,Home,131,128,1
Bobby Portis,1,24.683333333333334,1,5,0.2,0,1,0.0,0,0,0.0,2,4,6,1,0,1,0,3,2,3.0,0.2,0.2,0.2,0.0,8.8,15.0,12.2,4.2,0.0,3.1,0.0,8.4,83.0,125.0,-10.7,ae1d727f-5ea6-4b53-8a5e-7fbc963dc796,MIL,WAS,Home,131,128,1
Cameron Payne,1,16.816666666666666,2,4,0.5,0,2,0.0,0,0,0.0,0,3,3,3,0,0,0,3,4,-4.0,0.5,0.5,0.5,0.0,0.0,16.5,8.9,20.2,0.0,0.0,0.0,9.9,127.0,127.0,-7.4,ae1d727f-5ea6-4b53-8a5e-7fbc963dc796,MIL,WAS,Home,131,128,1
MarJon Beauchamp,1,13.316666666666666,0,4,0.0,0,2,0.0,3,4,0.75,0,3,3,2,0,0,0,2,3,8.0,0.26,0.0,0.5,1.0,0.0,20.8,11.3,15.0,0.0,0.0,0.0,18.0,79.0,126.0,-13.0,ae1d727f-5ea6-4b53-8a5e-7fbc963dc796,MIL,WAS,Home,131,128,1
Andre Jackson Jr.,1,8.816666666666666,0,0,0.0,0,0,0.0,0,0,0.0,0,1,1,1,0,0,0,4,0,0.0,0.0,0.0,0.0,0.0,0.0,10.5,5.7,11.3,0.0,0.0,0.0,0.0,219.0,129.0,-10.7,ae1d727f-5ea6-4b53-8a5e-7fbc963dc796,MIL,WAS,Home,131,128,1
A.J. Green,1,3.6666666666666665,1,4,0.25,1,4,0.25,0,0,0.0,0,0,0,0,0,0,0,0,3,-2.0,0.375,0.375,1.0,0.0,0.0,0.0,0.0,0.0,0.0,0.0,0.0,45.3,78.0,132.0,-17.3,ae1d727f-5ea6-4b53-8a5e-7fbc963dc796,MIL,WAS,Home,131,128,1
Thanasis Antetokounmpo,0,0.0,0,0,0.0,0,0,0.0,0,0,0.0,0,0,0,0,0,0,0,0,0,0.0,0.0,0.0,0.0,0.0,0.0,0.0,0.0,0.0,0.0,0.0,0.0,0.0,0.0,0.0,0.0,ae1d727f-5ea6-4b53-8a5e-7fbc963dc796,MIL,WAS,Home,131,128,1
Chris Livingston,0,0.0,0,0,0.0,0,0,0.0,0,0,0.0,0,0,0,0,0,0,0,0,0,0.0,0.0,0.0,0.0,0.0,0.0,0.0,0.0,0.0,0.0,0.0,0.0,0.0,0.0,0.0,0.0,ae1d727f-5ea6-4b53-8a5e-7fbc963dc796,MIL,WAS,Home,131,128,1
Robin Lopez,0,0.0,0,0,0.0,0,0,0.0,0,0,0.0,0,0,0,0,0,0,0,0,0,0.0,0.0,0.0,0.0,0.0,0.0,0.0,0.0,0.0,0.0,0.0,0.0,0.0,0.0,0.0,0.0,ae1d727f-5ea6-4b53-8a5e-7fbc963dc796,MIL,WAS,Home,131,128,1
Lindell Wigginton,0,0.0,0,0,0.0,0,0,0.0,0,0,0.0,0,0,0,0,0,0,0,0,0,0.0,0.0,0.0,0.0,0.0,0.0,0.0,0.0,0.0,0.0,0.0,0.0,0.0,0.0,0.0,0.0,ae1d727f-5ea6-4b53-8a5e-7fbc963dc796,MIL,WAS,Home,131,128,1
Giannis Antetokounmpo,1,38.81666666666667,11,21,0.524,0,1,0.0,11,18,0.611,6,10,16,6,1,3,4,5,33,9.0,0.571,0.524,0.048,0.857,15.8,27.5,21.5,34.7,1.2,6.3,12.2,33.9,122.0,100.0,9.0,63f1ac59-a09f-4e4d-af48-dbf6924b632c,MIL,POR,Home,108,102,1
Damian Lillard,1,37.266666666666666,7,21,0.333,4,12,0.333,13,14,0.929,1,4,5,4,2,0,3,2,31,15.0,0.571,0.429,0.571,0.667,2.7,11.4,7.0,19.8,2.6,0.0,9.9,32.4,126.0,107.0,4.8,63f1ac59-a09f-4e4d-af48-dbf6924b632c,MIL,POR,Home,108,102,1
Malik Beasley,1,36.11666666666667,5,14,0.357,4,11,0.364,0,0,0.0,1,5,6,0,3,0,2,1,14,16.0,0.5,0.5,0.786,0.0,2.8,14.8,8.7,0.0,4.0,0.0,12.5,17.7,99.0,103.0,-2.1,63f1ac59-a09f-4e4d-af48-dbf6924b632c,MIL,POR,Home,108,102,1
Brook Lopez,1,31.1,4,11,0.364,2,6,0.333,0,0,0.0,1,5,6,3,3,4,0,3,10,3.0,0.455,0.455,0.545,0.0,3.3,17.1,10.1,16.1,4.7,10.5,0.0,14.1,123.0,93.0,6.7,63f1ac59-a09f-4e4d-af48-dbf6924b632c,MIL,POR,Home,108,102,1
Andre Jackson Jr.,1,11.533333333333331,0,0,0.0,0,0,0.0,0,0,0.0,0,1,1,0,0,0,0,0,0,-11.0,0.0,0.0,0.0,0.0,0.0,9.2,4.5,0.0,0.0,0.0,0.0,0.0,0.0,114.0,-8.4,63f1ac59-a09f-4e4d-af48-dbf6924b632c,MIL,POR,Home,108,102,1
Bobby Portis,1,30.683333333333334,5,12,0.417,2,5,0.4,0,0,0.0,6,2,8,1,2,3,2,3,12,3.0,0.5,0.5,0.417,0.0,20.0,7.0,13.6,5.8,3.2,8.0,14.3,18.2,111.0,102.0,0.5,63f1ac59-a09f-4e4d-af48-dbf6924b632c,MIL,POR,Home,108,102,1
Pat Connaughton,1,19.616666666666667,2,4,0.5,1,2,0.5,0,0,0.0,2,2,4,1,1,0,2,1,5,4.0,0.625,0.625,0.5,0.0,10.4,10.9,10.6,8.1,2.5,0.0,33.3,12.2,99.0,107.0,-3.2,63f1ac59-a09f-4e4d-af48-dbf6924b632c,MIL,POR,Home,108,102,1
Cameron Payne,1,17.266666666666666,1,4,0.25,1,3,0.333,0,0,0.0,0,2,2,3,1,0,3,2,3,3.0,0.375,0.375,0.75,0.0,0.0,12.4,6.0,25.9,2.8,0.0,42.9,16.2,66.0,106.0,-11.4,63f1ac59-a09f-4e4d-af48-dbf6924b632c,MIL,POR,Home,108,102,1
MarJon Beauchamp,1,9.45,0,0,0.0,0,0,0.0,0,0,0.0,0,1,1,1,0,1,1,2,0,-1.0,0.0,0.0,0.0,0.0,0.0,11.3,5.5,14.5,0.0,8.6,100.0,4.2,43.0,107.0,-7.6,63f1ac59-a09f-4e4d-af48-dbf6924b632c,MIL,POR,Home,108,102,1
Thanasis Antetokounmpo,1,4.216666666666667,0,0,0.0,0,0,0.0,0,0,0.0,0,2,2,0,0,0,0,0,0,-2.0,0.0,0.0,0.0,0.0,0.0,50.6,24.7,0.0,0.0,0.0,0.0,0.0,0.0,100.0,-6.0,63f1ac59-a09f-4e4d-af48-dbf6924b632c,MIL,POR,Home,108,102,1
A.J. Green,1,3.9,0,2,0.0,0,2,0.0,0,0,0.0,1,0,1,0,0,0,0,1,0,-9.0,0.0,0.0,1.0,0.0,26.2,0.0,13.4,0.0,0.0,0.0,0.0,20.5,34.0,116.0,-27.4,63f1ac59-a09f-4e4d-af48-dbf6924b632c,MIL,POR,Home,108,102,1
Marques Bolden,0,0.0,0,0,0.0,0,0,0.0,0,0,0.0,0,0,0,0,0,0,0,0,0,0.0,0.0,0.0,0.0,0.0,0.0,0.0,0.0,0.0,0.0,0.0,0.0,0.0,0.0,0.0,0.0,63f1ac59-a09f-4e4d-af48-dbf6924b632c,MIL,POR,Home,108,102,1
Chris Livingston,0,0.0,0,0,0.0,0,0,0.0,0,0,0.0,0,0,0,0,0,0,0,0,0,0.0,0.0,0.0,0.0,0.0,0.0,0.0,0.0,0.0,0.0,0.0,0.0,0.0,0.0,0.0,0.0,63f1ac59-a09f-4e4d-af48-dbf6924b632c,MIL,POR,Home,108,102,1
Robin Lopez,0,0.0,0,0,0.0,0,0,0.0,0,0,0.0,0,0,0,0,0,0,0,0,0,0.0,0.0,0.0,0.0,0.0,0.0,0.0,0.0,0.0,0.0,0.0,0.0,0.0,0.0,0.0,0.0,63f1ac59-a09f-4e4d-af48-dbf6924b632c,MIL,POR,Home,108,102,1
TyTy Washington Jr.,0,0.0,0,0,0.0,0,0,0.0,0,0,0.0,0,0,0,0,0,0,0,0,0,0.0,0.0,0.0,0.0,0.0,0.0,0.0,0.0,0.0,0.0,0.0,0.0,0.0,0.0,0.0,0.0,63f1ac59-a09f-4e4d-af48-dbf6924b632c,MIL,POR,Home,108,102,1
Giannis Antetokounmpo,1,39.5,11,16,0.688,1,2,0.5,10,13,0.769,2,8,10,5,3,1,4,3,33,18.0,0.76,0.719,0.125,0.813,6.9,21.6,15.2,18.1,3.7,1.9,15.6,28.7,138.0,117.0,9.9,a8e787fe-feb5-40ee-ada7-8f369f642334,MIL,MIA,Away,131,124,1
Malik Beasley,1,37.78333333333333,6,11,0.545,4,8,0.5,0,0,0.0,0,10,10,1,0,2,0,1,16,16.0,0.727,0.727,0.727,0.0,0.0,28.2,15.9,3.2,0.0,4.0,0.0,12.8,146.0,122.0,4.4,a8e787fe-feb5-40ee-ada7-8f369f642334,MIL,MIA,Away,131,124,1
Damian Lillard,1,37.43333333333333,9,18,0.5,4,9,0.444,10,10,1.0,2,2,4,9,0,0,1,1,32,13.0,0.714,0.611,0.5,0.556,7.3,5.7,6.4,32.5,0.0,0.0,4.3,27.6,157.0,130.0,10.3,a8e787fe-feb5-40ee-ada7-8f369f642334,MIL,MIA,Away,131,124,1
Brook Lopez,1,31.65,5,10,0.5,0,4,0.0,2,2,1.0,1,3,4,4,0,1,2,4,12,9.0,0.551,0.5,0.4,0.2,4.3,10.1,7.6,15.4,0.0,2.4,15.5,17.9,112.0,127.0,-3.9,a8e787fe-feb5-40ee-ada7-8f369f642334,MIL,MIA,Away,131,124,1
Khris Middleton,1,23.383333333333333,7,13,0.538,1,3,0.333,2,2,1.0,1,7,8,2,0,0,0,3,17,20.0,0.612,0.577,0.231,0.154,5.9,31.9,20.5,12.6,0.0,0.0,0.0,26.2,135.0,125.0,0.1,a8e787fe-feb5-40ee-ada7-8f369f642334,MIL,MIA,Away,131,124,1
Bobby Portis,1,22.75,3,8,0.375,0,2,0.0,0,0,0.0,0,2,2,0,0,0,0,2,6,-12.0,0.375,0.375,0.25,0.0,0.0,9.4,5.3,0.0,0.0,0.0,0.0,15.5,79.0,129.0,-13.2,a8e787fe-feb5-40ee-ada7-8f369f642334,MIL,MIA,Away,131,124,1
Cameron Payne,1,17.766666666666666,1,2,0.5,0,1,0.0,0,0,0.0,0,1,1,3,0,0,1,2,2,-15.0,0.5,0.5,0.5,0.0,0.0,6.0,3.4,18.3,0.0,0.0,33.3,7.4,105.0,130.0,-8.0,a8e787fe-feb5-40ee-ada7-8f369f642334,MIL,MIA,Away,131,124,1
Pat Connaughton,1,15.133333333333333,3,5,0.6,1,3,0.333,0,0,0.0,0,1,1,1,0,0,0,0,7,-8.0,0.7,0.7,0.6,0.0,0.0,7.0,4.0,8.5,0.0,0.0,0.0,14.6,145.0,130.0,1.2,a8e787fe-feb5-40ee-ada7-8f369f642334,MIL,MIA,Away,131,124,1
MarJon Beauchamp,1,8.9,0,2,0.0,0,0,0.0,0,0,0.0,1,3,4,1,0,0,1,4,0,-1.0,0.0,0.0,0.0,0.0,15.4,36.0,27.0,11.5,0.0,0.0,33.3,14.9,51.0,123.0,-21.2,a8e787fe-feb5-40ee-ada7-8f369f642334,MIL,MIA,Away,131,124,1
Andre Jackson Jr.,1,3.3166666666666664,2,2,1.0,2,2,1.0,0,0,0.0,1,0,1,0,0,0,0,0,6,-3.0,1.5,1.5,1.0,0.0,41.3,0.0,18.1,0.0,0.0,0.0,0.0,26.6,267.0,131.0,57.2,a8e787fe-feb5-40ee-ada7-8f369f642334,MIL,MIA,Away,131,124,1
A.J. Green,1,2.3666666666666667,0,1,0.0,0,1,0.0,0,0,0.0,0,0,0,0,0,0,0,1,0,-2.0,0.0,0.0,1.0,0.0,0.0,0.0,0.0,0.0,0.0,0.0,0.0,18.6,0.0,129.0,-34.3,a8e787fe-feb5-40ee-ada7-8f369f642334,MIL,MIA,Away,131,124,1
Thanasis Antetokounmpo,0,0.0,0,0,0.0,0,0,0.0,0,0,0.0,0,0,0,0,0,0,0,0,0,0.0,0.0,0.0,0.0,0.0,0.0,0.0,0.0,0.0,0.0,0.0,0.0,0.0,0.0,0.0,0.0,a8e787fe-feb5-40ee-ada7-8f369f642334,MIL,MIA,Away,131,124,1
Chris Livingston,0,0.0,0,0,0.0,0,0,0.0,0,0,0.0,0,0,0,0,0,0,0,0,0,0.0,0.0,0.0,0.0,0.0,0.0,0.0,0.0,0.0,0.0,0.0,0.0,0.0,0.0,0.0,0.0,a8e787fe-feb5-40ee-ada7-8f369f642334,MIL,MIA,Away,131,124,1
Robin Lopez,0,0.0,0,0,0.0,0,0,0.0,0,0,0.0,0,0,0,0,0,0,0,0,0,0.0,0.0,0.0,0.0,0.0,0.0,0.0,0.0,0.0,0.0,0.0,0.0,0.0,0.0,0.0,0.0,a8e787fe-feb5-40ee-ada7-8f369f642334,MIL,MIA,Away,131,124,1
Damian Lillard,1,42.55,7,16,0.438,1,6,0.167,3,4,0.75,1,4,5,13,2,1,7,1,18,9.0,0.507,0.469,0.375,0.25,2.7,10.4,6.6,45.9,2.2,2.0,28.3,24.9,97.0,109.0,-0.5,fc23e254-2e3c-403c-a727-b124cd2ae2c3,MIL,CHI,Away,113,120,0
Malik Beasley,1,41.03333333333333,7,19,0.368,5,15,0.333,0,0,0.0,0,3,3,3,2,0,1,2,19,1.0,0.5,0.5,0.789,0.0,0.0,8.1,4.1,11.1,2.3,0.0,5.0,20.9,100.0,111.0,-0.5,fc23e254-2e3c-403c-a727-b124cd2ae2c3,MIL,CHI,Away,113,120,0
Brook Lopez,1,38.9,7,12,0.583,6,10,0.6,0,0,0.0,0,4,4,0,0,0,1,5,20,2.0,0.833,0.833,0.833,0.0,0.0,11.4,5.8,0.0,0.0,0.0,7.7,14.3,137.0,115.0,1.5,fc23e254-2e3c-403c-a727-b124cd2ae2c3,MIL,CHI,Away,113,120,0
Giannis Antetokounmpo,1,38.86666666666667,11,17,0.647,0,1,0.0,4,4,1.0,6,8,14,5,2,5,5,5,26,-8.0,0.693,0.647,0.059,0.235,17.8,22.7,20.3,23.5,2.4,11.2,21.0,26.2,122.0,99.0,9.9,fc23e254-2e3c-403c-a727-b124cd2ae2c3,MIL,CHI,Away,113,120,0
Khris Middleton,1,26.666666666666668,3,10,0.3,1,4,0.25,2,5,0.4,0,3,3,3,2,0,3,3,9,-8.0,0.369,0.35,0.4,0.5,0.0,12.4,6.3,15.7,3.6,0.0,19.7,24.4,70.0,106.0,-9.7,fc23e254-2e3c-403c-a727-b124cd2ae2c3,MIL,CHI,Away,113,120,0
Bobby Portis,1,31.216666666666665,2,8,0.25,0,2,0.0,0,0,0.0,1,8,9,2,2,0,0,3,4,-14.0,0.25,0.25,0.25,0.0,3.7,28.3,16.3,8.4,3.0,0.0,0.0,11.0,74.0,103.0,-5.8,fc23e254-2e3c-403c-a727-b124cd2ae2c3,MIL,CHI,Away,113,120,0
MarJon Beauchamp,1,22.3,3,7,0.429,1,4,0.25,0,0,0.0,0,3,3,0,0,0,2,1,7,11.0,0.5,0.5,0.571,0.0,0.0,14.9,7.6,0.0,0.0,0.0,22.2,17.3,72.0,114.0,-10.0,fc23e254-2e3c-403c-a727-b124cd2ae2c3,MIL,CHI,Away,113,120,0
Andre Jackson Jr.,1,11.966666666666669,2,3,0.667,0,1,0.0,0,0,0.0,1,0,1,1,2,0,1,1,4,-8.0,0.667,0.667,0.333,0.0,9.6,0.0,4.7,12.6,7.9,0.0,25.0,14.3,111.0,100.0,5.1,fc23e254-2e3c-403c-a727-b124cd2ae2c3,MIL,CHI,Away,113,120,0
Cameron Payne,1,11.5,2,6,0.333,2,5,0.4,0,0,0.0,0,1,1,1,0,0,0,0,6,-20.0,0.5,0.5,0.833,0.0,0.0,9.6,4.9,13.3,0.0,0.0,0.0,22.4,106.0,116.0,-0.7,fc23e254-2e3c-403c-a727-b124cd2ae2c3,MIL,CHI,Away,113,120,0
Thanasis Antetokounmpo,0,0.0,0,0,0.0,0,0,0.0,0,0,0.0,0,0,0,0,0,0,0,0,0,0.0,0.0,0.0,0.0,0.0,0.0,0.0,0.0,0.0,0.0,0.0,0.0,0.0,0.0,0.0,0.0,fc23e254-2e3c-403c-a727-b124cd2ae2c3,MIL,CHI,Away,113,120,0
A.J. Green,0,0.0,0,0,0.0,0,0,0.0,0,0,0.0,0,0,0,0,0,0,0,0,0,0.0,0.0,0.0,0.0,0.0,0.0,0.0,0.0,0.0,0.0,0.0,0.0,0.0,0.0,0.0,0.0,fc23e254-2e3c-403c-a727-b124cd2ae2c3,MIL,CHI,Away,113,120,0
Robin Lopez,0,0.0,0,0,0.0,0,0,0.0,0,0,0.0,0,0,0,0,0,0,0,0,0,0.0,0.0,0.0,0.0,0.0,0.0,0.0,0.0,0.0,0.0,0.0,0.0,0.0,0.0,0.0,0.0,fc23e254-2e3c-403c-a727-b124cd2ae2c3,MIL,CHI,Away,113,120,0
Malik Beasley,1,39.36666666666667,6,11,0.545,4,7,0.571,0,0,0.0,1,3,4,3,1,0,2,1,16,2.0,0.727,0.727,0.636,0.0,3.7,7.2,5.8,8.0,1.2,0.0,15.4,14.3,128.0,123.0,0.5,e45b63a7-4ecc-41f4-982a-729988979d9b,MIL,ATL,Home,132,121,1
Damian Lillard,1,38.41666666666666,10,16,0.625,3,6,0.5,2,2,1.0,1,5,6,9,1,0,4,3,25,14.0,0.741,0.719,0.375,0.125,3.8,12.2,8.9,27.8,1.2,0.0,19.2,23.6,133.0,120.0,2.6,e45b63a7-4ecc-41f4-982a-729988979d9b,MIL,ATL,Home,132,121,1
Giannis Antetokounmpo,1,36.31666666666667,14,20,0.7,0,1,0.0,4,5,0.8,2,9,11,10,2,1,5,1,32,8.0,0.721,0.7,0.05,0.25,8.0,23.3,17.3,38.3,2.6,2.1,18.4,32.5,133.0,112.0,11.5,e45b63a7-4ecc-41f4-982a-729988979d9b,MIL,ATL,Home,132,121,1
Brook Lopez,1,33.4,3,7,0.429,1,4,0.25,4,6,0.667,1,1,2,4,0,4,2,2,11,2.0,0.571,0.5,0.571,0.857,4.4,2.8,3.4,11.8,0.0,9.1,17.2,15.1,117.0,121.0,-0.1,e45b63a7-4ecc-41f4-982a-729988979d9b,MIL,ATL,Home,132,121,1
Khris Middleton,1,24.75,5,9,0.556,2,4,0.5,0,0,0.0,0,5,5,3,1,0,1,0,12,-8.0,0.667,0.667,0.444,0.0,0.0,19.0,11.5,13.4,1.9,0.0,10.0,17.5,128.0,117.0,1.3,e45b63a7-4ecc-41f4-982a-729988979d9b,MIL,ATL,Home,132,121,1
Bobby Portis,1,22.683333333333334,7,13,0.538,1,4,0.25,0,0,0.0,2,9,11,0,0,0,0,3,15,9.0,0.577,0.577,0.308,0.0,12.8,37.3,27.7,0.0,0.0,0.0,0.0,24.9,123.0,113.0,-5.1,e45b63a7-4ecc-41f4-982a-729988979d9b,MIL,ATL,Home,132,121,1
Cameron Payne,1,19.683333333333334,7,11,0.636,2,6,0.333,2,2,1.0,0,3,3,2,0,0,1,5,18,5.0,0.758,0.727,0.545,0.182,0.0,14.3,8.7,13.6,0.0,0.0,7.8,28.4,141.0,122.0,-0.4,e45b63a7-4ecc-41f4-982a-729988979d9b,MIL,ATL,Home,132,121,1
MarJon Beauchamp,1,16.75,1,2,0.5,1,1,1.0,0,0,0.0,0,1,1,2,0,1,0,3,3,14.0,0.75,0.75,0.5,0.0,0.0,5.6,3.4,11.4,0.0,4.5,0.0,5.2,172.0,123.0,1.0,e45b63a7-4ecc-41f4-982a-729988979d9b,MIL,ATL,Home,132,121,1
A.J. Green,1,8.633333333333333,0,0,0.0,0,0,0.0,0,0,0.0,1,0,1,0,0,0,0,1,0,9.0,0.0,0.0,0.0,0.0,16.8,0.0,6.6,0.0,0.0,0.0,0.0,0.0,225.0,128.0,-6.4,e45b63a7-4ecc-41f4-982a-729988979d9b,MIL,ATL,Home,132,121,1
Thanasis Antetokounmpo,0,0.0,0,0,0.0,0,0,0.0,0,0,0.0,0,0,0,0,0,0,0,0,0,0.0,0.0,0.0,0.0,0.0,0.0,0.0,0.0,0.0,0.0,0.0,0.0,0.0,0.0,0.0,0.0,e45b63a7-4ecc-41f4-982a-729988979d9b,MIL,ATL,Home,132,121,1
Marques Bolden,0,0.0,0,0,0.0,0,0,0.0,0,0,0.0,0,0,0,0,0,0,0,0,0,0.0,0.0,0.0,0.0,0.0,0.0,0.0,0.0,0.0,0.0,0.0,0.0,0.0,0.0,0.0,0.0,e45b63a7-4ecc-41f4-982a-729988979d9b,MIL,ATL,Home,132,121,1
Chris Livingston,0,0.0,0,0,0.0,0,0,0.0,0,0,0.0,0,0,0,0,0,0,0,0,0,0.0,0.0,0.0,0.0,0.0,0.0,0.0,0.0,0.0,0.0,0.0,0.0,0.0,0.0,0.0,0.0,e45b63a7-4ecc-41f4-982a-729988979d9b,MIL,ATL,Home,132,121,1
Robin Lopez,0,0.0,0,0,0.0,0,0,0.0,0,0,0.0,0,0,0,0,0,0,0,0,0,0.0,0.0,0.0,0.0,0.0,0.0,0.0,0.0,0.0,0.0,0.0,0.0,0.0,0.0,0.0,0.0,e45b63a7-4ecc-41f4-982a-729988979d9b,MIL,ATL,Home,132,121,1
TyTy Washington Jr.,0,0.0,0,0,0.0,0,0,0.0,0,0,0.0,0,0,0,0,0,0,0,0,0,0.0,0.0,0.0,0.0,0.0,0.0,0.0,0.0,0.0,0.0,0.0,0.0,0.0,0.0,0.0,0.0,e45b63a7-4ecc-41f4-982a-729988979d9b,MIL,ATL,Home,132,121,1
Lindell Wigginton,0,0.0,0,0,0.0,0,0,0.0,0,0,0.0,0,0,0,0,0,0,0,0,0,0.0,0.0,0.0,0.0,0.0,0.0,0.0,0.0,0.0,0.0,0.0,0.0,0.0,0.0,0.0,0.0,e45b63a7-4ecc-41f4-982a-729988979d9b,MIL,ATL,Home,132,121,1
Damian Lillard,1,33.983333333333334,8,13,0.615,5,7,0.714,7,8,0.875,1,2,3,7,1,1,3,4,28,17.0,0.847,0.808,0.538,0.615,3.9,7.6,5.8,22.6,1.4,2.2,15.4,24.8,159.0,126.0,7.4,e980fa69-2bac-4066-8a65-49fa7d468818,MIL,NYK,Home,146,122,1
Giannis Antetokounmpo,1,33.81666666666667,15,22,0.682,1,1,1.0,4,9,0.444,3,5,8,10,3,0,4,3,35,19.0,0.674,0.705,0.045,0.409,11.8,19.2,15.6,42.1,4.3,0.0,13.4,38.2,139.0,119.0,9.6,e980fa69-2bac-4066-8a65-49fa7d468818,MIL,NYK,Home,146,122,1
Brook Lopez,1,33.516666666666666,4,8,0.5,1,4,0.25,0,0,0.0,2,6,8,3,3,3,0,4,9,28.0,0.563,0.563,0.5,0.0,8.0,23.2,15.7,8.7,4.3,6.7,0.0,10.3,151.0,113.0,3.6,e980fa69-2bac-4066-8a65-49fa7d468818,MIL,NYK,Home,146,122,1
Malik Beasley,1,32.75,6,11,0.545,6,10,0.6,0,0,0.0,0,3,3,0,0,0,0,4,18,16.0,0.818,0.818,0.909,0.0,0.0,11.9,6.0,0.0,0.0,0.0,0.0,14.5,166.0,130.0,-1.0,e980fa69-2bac-4066-8a65-49fa7d468818,MIL,NYK,Home,146,122,1
Khris Middleton,1,26.35,6,12,0.5,2,3,0.667,0,0,0.0,2,2,4,7,1,0,2,1,14,11.0,0.583,0.583,0.25,0.0,10.1,9.8,10.0,28.9,1.8,0.0,14.3,22.9,136.0,126.0,0.2,e980fa69-2bac-4066-8a65-49fa7d468818,MIL,NYK,Home,146,122,1
Bobby Portis,1,23.7,5,9,0.556,1,3,0.333,2,2,1.0,2,2,4,1,0,2,1,4,13,-7.0,0.658,0.611,0.333,0.222,11.3,10.9,11.1,4.5,0.0,6.3,9.2,19.8,139.0,126.0,-4.6,e980fa69-2bac-4066-8a65-49fa7d468818,MIL,NYK,Home,146,122,1
MarJon Beauchamp,1,19.166666666666668,2,3,0.667,2,2,1.0,0,0,0.0,0,2,2,1,1,0,0,1,6,9.0,1.0,1.0,0.667,0.0,0.0,13.5,6.9,5.0,2.5,0.0,0.0,6.7,206.0,124.0,4.2,e980fa69-2bac-4066-8a65-49fa7d468818,MIL,NYK,Home,146,122,1
A.J. Green,1,15.183333333333334,3,4,0.75,3,4,0.75,0,0,0.0,0,0,0,1,0,0,0,0,9,8.0,1.125,1.125,1.0,0.0,0.0,0.0,0.0,6.9,0.0,0.0,0.0,11.4,222.0,133.0,8.9,e980fa69-2bac-4066-8a65-49fa7d468818,MIL,NYK,Home,146,122,1
Cameron Payne,1,14.016666666666667,5,6,0.833,2,3,0.667,0,0,0.0,0,2,2,2,1,0,1,2,12,7.0,1.0,1.0,0.5,0.0,0.0,18.5,9.4,18.1,3.4,0.0,14.3,21.5,167.0,121.0,10.7,e980fa69-2bac-4066-8a65-49fa7d468818,MIL,NYK,Home,146,122,1
Thanasis Antetokounmpo,1,2.4833333333333334,1,1,1.0,0,0,0.0,0,0,0.0,1,0,1,0,1,0,0,0,2,4.0,1.0,1.0,0.0,0.0,53.7,0.0,26.5,0.0,19.5,0.0,0.0,17.4,216.0,91.0,36.8,e980fa69-2bac-4066-8a65-49fa7d468818,MIL,NYK,Home,146,122,1
Chris Livingston,1,2.4833333333333334,0,1,0.0,0,0,0.0,0,0,0.0,1,1,2,0,1,0,1,0,0,4.0,0.0,0.0,0.0,0.0,53.7,52.2,53.0,0.0,19.5,0.0,50.0,34.7,46.0,77.0,-16.0,e980fa69-2bac-4066-8a65-49fa7d468818,MIL,NYK,Home,146,122,1
Robin Lopez,1,2.4833333333333334,0,1,0.0,0,1,0.0,0,0,0.0,0,0,0,0,0,0,0,0,0,4.0,0.0,0.0,1.0,0.0,0.0,0.0,0.0,0.0,0.0,0.0,0.0,17.4,0.0,133.0,-29.0,e980fa69-2bac-4066-8a65-49fa7d468818,MIL,NYK,Home,146,122,1
Andre Jackson Jr.,1,0.0666666666666666,0,0,0.0,0,0,0.0,0,0,0.0,0,0,0,0,0,0,0,0,0,0.0,0.0,0.0,0.0,0.0,0.0,0.0,0.0,0.0,0.0,0.0,0.0,0.0,0.0,133.0,-7.1,e980fa69-2bac-4066-8a65-49fa7d468818,MIL,NYK,Home,146,122,1
Marques Bolden,0,0.0,0,0,0.0,0,0,0.0,0,0,0.0,0,0,0,0,0,0,0,0,0,0.0,0.0,0.0,0.0,0.0,0.0,0.0,0.0,0.0,0.0,0.0,0.0,0.0,0.0,0.0,0.0,e980fa69-2bac-4066-8a65-49fa7d468818,MIL,NYK,Home,146,122,1
Lindell Wigginton,0,0.0,0,0,0.0,0,0,0.0,0,0,0.0,0,0,0,0,0,0,0,0,0,0.0,0.0,0.0,0.0,0.0,0.0,0.0,0.0,0.0,0.0,0.0,0.0,0.0,0.0,0.0,0.0,e980fa69-2bac-4066-8a65-49fa7d468818,MIL,NYK,Home,146,122,1
Damian Lillard,1,41.6,7,20,0.35,4,9,0.444,6,6,1.0,0,7,7,7,1,1,3,2,24,6.0,0.53,0.45,0.45,0.3,0.0,16.5,8.3,23.1,1.1,1.7,11.7,24.6,111.0,121.0,1.8,a9f7660b-ad32-473b-96ae-fcf9ca3616c9,MIL,IND,Home,119,128,0
Giannis Antetokounmpo,1,40.5,13,19,0.684,0,1,0.0,11,13,0.846,1,9,10,2,0,2,1,3,37,-5.0,0.748,0.684,0.053,0.684,2.5,21.8,12.2,8.6,0.0,3.4,3.9,25.3,153.0,121.0,10.9,a9f7660b-ad32-473b-96ae-fcf9ca3616c9,MIL,IND,Home,119,128,0
Brook Lopez,1,36.88333333333333,7,17,0.412,3,10,0.3,1,3,0.333,2,4,6,2,0,4,1,5,18,-3.0,0.491,0.5,0.588,0.176,5.4,10.6,8.0,7.7,0.0,7.5,5.2,20.9,106.0,122.0,-0.1,a9f7660b-ad32-473b-96ae-fcf9ca3616c9,MIL,IND,Home,119,128,0
Malik Beasley,1,36.266666666666666,3,9,0.333,1,4,0.25,0,0,0.0,1,2,3,1,0,0,0,2,7,6.0,0.389,0.389,0.444,0.0,2.8,5.4,4.1,3.4,0.0,0.0,0.0,9.9,96.0,128.0,-7.0,a9f7660b-ad32-473b-96ae-fcf9ca3616c9,MIL,IND,Home,119,128,0
Khris Middleton,1,29.6,7,13,0.538,4,5,0.8,2,2,1.0,1,6,7,4,2,0,4,2,20,-3.0,0.72,0.692,0.385,0.154,3.4,19.9,11.7,20.5,3.1,0.0,22.4,24.1,119.0,117.0,7.4,a9f7660b-ad32-473b-96ae-fcf9ca3616c9,MIL,IND,Home,119,128,0
Bobby Portis,1,17.783333333333335,2,5,0.4,0,1,0.0,0,0,0.0,4,2,6,1,0,1,1,2,4,-6.0,0.4,0.4,0.2,0.0,22.5,11.0,16.7,7.2,0.0,3.9,16.7,13.5,106.0,124.0,-4.9,a9f7660b-ad32-473b-96ae-fcf9ca3616c9,MIL,IND,Home,119,128,0
Cameron Payne,1,16.45,2,9,0.222,0,3,0.0,0,0,0.0,0,1,1,2,0,0,2,0,4,-18.0,0.222,0.222,0.333,0.0,0.0,6.0,3.0,15.7,0.0,0.0,18.2,26.7,50.0,128.0,-19.5,a9f7660b-ad32-473b-96ae-fcf9ca3616c9,MIL,IND,Home,119,128,0
MarJon Beauchamp,1,15.416666666666666,2,3,0.667,0,0,0.0,1,4,0.25,3,3,6,0,0,1,0,0,5,-17.0,0.525,0.667,0.0,1.333,19.5,19.1,19.3,0.0,0.0,4.5,0.0,12.3,128.0,121.0,2.4,a9f7660b-ad32-473b-96ae-fcf9ca3616c9,MIL,IND,Home,119,128,0
A.J. Green,1,4.216666666666667,0,1,0.0,0,0,0.0,0,0,0.0,0,0,0,0,0,0,0,0,0,-1.0,0.0,0.0,0.0,0.0,0.0,0.0,0.0,0.0,0.0,0.0,0.0,9.5,0.0,130.0,-15.8,a9f7660b-ad32-473b-96ae-fcf9ca3616c9,MIL,IND,Home,119,128,0
Andre Jackson Jr.,1,1.2666666666666666,0,0,0.0,0,0,0.0,0,0,0.0,0,0,0,0,0,0,0,1,0,-4.0,0.0,0.0,0.0,0.0,0.0,0.0,0.0,0.0,0.0,0.0,0.0,0.0,0.0,129.0,-19.8,a9f7660b-ad32-473b-96ae-fcf9ca3616c9,MIL,IND,Home,119,128,0
Thanasis Antetokounmpo,0,0.0,0,0,0.0,0,0,0.0,0,0,0.0,0,0,0,0,0,0,0,0,0,0.0,0.0,0.0,0.0,0.0,0.0,0.0,0.0,0.0,0.0,0.0,0.0,0.0,0.0,0.0,0.0,a9f7660b-ad32-473b-96ae-fcf9ca3616c9,MIL,IND,Home,119,128,0
Chris Livingston,0,0.0,0,0,0.0,0,0,0.0,0,0,0.0,0,0,0,0,0,0,0,0,0,0.0,0.0,0.0,0.0,0.0,0.0,0.0,0.0,0.0,0.0,0.0,0.0,0.0,0.0,0.0,0.0,a9f7660b-ad32-473b-96ae-fcf9ca3616c9,MIL,IND,Home,119,128,0
Robin Lopez,0,0.0,0,0,0.0,0,0,0.0,0,0,0.0,0,0,0,0,0,0,0,0,0,0.0,0.0,0.0,0.0,0.0,0.0,0.0,0.0,0.0,0.0,0.0,0.0,0.0,0.0,0.0,0.0,a9f7660b-ad32-473b-96ae-fcf9ca3616c9,MIL,IND,Home,119,128,0
TyTy Washington Jr.,0,0.0,0,0,0.0,0,0,0.0,0,0,0.0,0,0,0,0,0,0,0,0,0,0.0,0.0,0.0,0.0,0.0,0.0,0.0,0.0,0.0,0.0,0.0,0.0,0.0,0.0,0.0,0.0,a9f7660b-ad32-473b-96ae-fcf9ca3616c9,MIL,IND,Home,119,128,0
Lindell Wigginton,0,0.0,0,0,0.0,0,0,0.0,0,0,0.0,0,0,0,0,0,0,0,0,0,0.0,0.0,0.0,0.0,0.0,0.0,0.0,0.0,0.0,0.0,0.0,0.0,0.0,0.0,0.0,0.0,a9f7660b-ad32-473b-96ae-fcf9ca3616c9,MIL,IND,Home,119,128,0
Giannis Antetokounmpo,1,40.95,9,13,0.692,0,0,0.0,14,18,0.778,1,11,12,6,2,0,2,2,32,13.0,0.765,0.692,0.0,1.385,3.3,23.7,15.7,24.0,2.4,0.0,8.7,26.2,150.0,114.0,9.8,cb83902b-da67-4f58-a2f0-d6d4effcf827,MIL,CHI,Home,133,129,1
Damian Lillard,1,40.93333333333333,3,17,0.176,2,9,0.222,6,7,0.857,0,4,4,9,0,1,2,2,14,0.0,0.349,0.235,0.529,0.412,0.0,8.6,5.2,29.0,0.0,1.6,9.1,25.2,89.0,125.0,-10.4,cb83902b-da67-4f58-a2f0-d6d4effcf827,MIL,CHI,Home,133,129,1
Brook Lopez,1,40.2,6,11,0.545,2,6,0.333,5,6,0.833,2,1,3,3,1,3,1,4,19,-1.0,0.696,0.636,0.545,0.545,6.8,2.2,4.0,11.0,1.2,4.9,6.8,17.0,139.0,123.0,2.9,cb83902b-da67-4f58-a2f0-d6d4effcf827,MIL,CHI,Home,133,129,1
Malik Beasley,1,39.63333333333333,7,11,0.636,5,8,0.625,0,0,0.0,0,4,4,2,1,0,0,2,19,6.0,0.864,0.864,0.727,0.0,0.0,8.9,5.4,7.7,1.3,0.0,0.0,13.0,157.0,124.0,5.2,cb83902b-da67-4f58-a2f0-d6d4effcf827,MIL,CHI,Home,133,129,1
Khris Middleton,1,32.93333333333333,5,11,0.455,0,3,0.0,3,4,0.75,1,12,13,6,1,0,4,4,13,0.0,0.509,0.455,0.273,0.364,4.1,32.2,21.1,26.9,1.5,0.0,23.9,23.8,96.0,112.0,-7.0,cb83902b-da67-4f58-a2f0-d6d4effcf827,MIL,CHI,Home,133,129,1
Bobby Portis,1,24.85,7,11,0.636,1,3,0.333,2,2,1.0,2,5,7,0,0,0,1,3,17,-4.0,0.715,0.682,0.273,0.182,10.9,17.8,15.1,0.0,0.0,0.0,7.8,24.3,130.0,122.0,-2.1,cb83902b-da67-4f58-a2f0-d6d4effcf827,MIL,CHI,Home,133,129,1
Cameron Payne,1,17.9,2,4,0.5,1,2,0.5,0,0,0.0,0,0,0,5,0,0,1,2,5,0.0,0.625,0.625,0.5,0.0,0.0,0.0,0.0,38.9,0.0,0.0,20.0,13.1,128.0,130.0,-2.7,cb83902b-da67-4f58-a2f0-d6d4effcf827,MIL,CHI,Home,133,129,1
MarJon Beauchamp,1,13.983333333333333,1,2,0.5,0,1,0.0,0,0,0.0,0,0,0,0,0,0,0,1,2,6.0,0.5,0.5,0.5,0.0,0.0,0.0,0.0,0.0,0.0,0.0,0.0,6.7,95.0,131.0,-9.3,cb83902b-da67-4f58-a2f0-d6d4effcf827,MIL,CHI,Home,133,129,1
A.J. Green,1,13.616666666666667,4,6,0.667,4,5,0.8,0,0,0.0,0,5,5,3,0,0,0,1,12,0.0,1.0,1.0,0.833,0.0,0.0,32.4,19.7,41.1,0.0,0.0,0.0,20.6,183.0,115.0,23.9,cb83902b-da67-4f58-a2f0-d6d4effcf827,MIL,CHI,Home,133,129,1
Thanasis Antetokounmpo,0,0.0,0,0,0.0,0,0,0.0,0,0,0.0,0,0,0,0,0,0,0,0,0,0.0,0.0,0.0,0.0,0.0,0.0,0.0,0.0,0.0,0.0,0.0,0.0,0.0,0.0,0.0,0.0,cb83902b-da67-4f58-a2f0-d6d4effcf827,MIL,CHI,Home,133,129,1
Andre Jackson Jr.,0,0.0,0,0,0.0,0,0,0.0,0,0,0.0,0,0,0,0,0,0,0,0,0,0.0,0.0,0.0,0.0,0.0,0.0,0.0,0.0,0.0,0.0,0.0,0.0,0.0,0.0,0.0,0.0,cb83902b-da67-4f58-a2f0-d6d4effcf827,MIL,CHI,Home,133,129,1
Robin Lopez,0,0.0,0,0,0.0,0,0,0.0,0,0,0.0,0,0,0,0,0,0,0,0,0,0.0,0.0,0.0,0.0,0.0,0.0,0.0,0.0,0.0,0.0,0.0,0.0,0.0,0.0,0.0,0.0,cb83902b-da67-4f58-a2f0-d6d4effcf827,MIL,CHI,Home,133,129,1
Giannis Antetokounmpo,1,37.21666666666667,20,28,0.714,0,3,0.0,24,32,0.75,3,11,14,3,4,1,4,1,64,29.0,0.76,0.714,0.107,1.143,9.4,30.2,20.5,17.4,4.7,2.0,8.7,47.5,146.0,102.0,23.6,aafd90f0-e998-493f-80b8-8e4b59364725,MIL,IND,Home,140,126,1
Malik Beasley,1,35.666666666666664,3,7,0.429,1,4,0.25,0,0,0.0,4,2,6,2,2,1,0,3,7,20.0,0.5,0.5,0.571,0.0,13.1,5.7,9.2,6.1,2.4,2.1,0.0,7.5,139.0,115.0,1.7,aafd90f0-e998-493f-80b8-8e4b59364725,MIL,IND,Home,140,126,1
Damian Lillard,1,35.65,6,14,0.429,2,8,0.25,7,9,0.778,0,4,4,6,1,0,4,2,21,15.0,0.585,0.5,0.571,0.643,0.0,11.5,6.1,20.2,1.2,0.0,18.2,23.6,110.0,117.0,-2.8,aafd90f0-e998-493f-80b8-8e4b59364725,MIL,IND,Home,140,126,1
Brook Lopez,1,33.15,1,6,0.167,0,2,0.0,4,4,1.0,2,1,3,1,0,6,1,5,6,1.0,0.387,0.167,0.333,0.667,7.1,3.1,4.9,3.1,0.0,13.6,11.4,10.1,99.0,116.0,-3.4,aafd90f0-e998-493f-80b8-8e4b59364725,MIL,IND,Home,140,126,1
Khris Middleton,1,29.066666666666663,6,11,0.545,1,3,0.333,1,1,1.0,1,8,9,7,1,0,1,3,14,14.0,0.612,0.591,0.273,0.091,4.0,28.1,16.9,30.3,1.5,0.0,8.0,16.4,136.0,110.0,4.3,aafd90f0-e998-493f-80b8-8e4b59364725,MIL,IND,Home,140,126,1
Bobby Portis,1,22.966666666666665,8,13,0.615,3,4,0.75,0,0,0.0,1,1,2,2,0,0,0,2,19,16.0,0.731,0.731,0.308,0.0,5.1,4.4,4.7,13.4,0.0,0.0,0.0,21.7,153.0,122.0,7.5,aafd90f0-e998-493f-80b8-8e4b59364725,MIL,IND,Home,140,126,1
MarJon Beauchamp,1,14.933333333333334,3,4,0.75,0,0,0.0,0,0,0.0,0,3,3,0,0,0,3,2,6,-3.0,0.75,0.75,0.0,0.0,0.0,20.5,11.0,0.0,0.0,0.0,42.9,18.0,72.0,116.0,-10.3,aafd90f0-e998-493f-80b8-8e4b59364725,MIL,IND,Home,140,126,1
Cameron Payne,1,13.716666666666669,0,4,0.0,0,2,0.0,1,2,0.5,0,0,0,4,0,0,1,1,1,4.0,0.102,0.0,0.5,0.5,0.0,0.0,0.0,29.2,0.0,0.0,17.0,16.4,59.0,124.0,-14.6,aafd90f0-e998-493f-80b8-8e4b59364725,MIL,IND,Home,140,126,1
Andre Jackson Jr.,1,13.616666666666667,1,2,0.5,0,1,0.0,0,0,0.0,1,1,2,2,0,0,0,4,2,1.0,0.5,0.5,0.5,0.0,8.6,7.5,8.0,15.9,0.0,0.0,0.0,5.6,149.0,121.0,-3.3,aafd90f0-e998-493f-80b8-8e4b59364725,MIL,IND,Home,140,126,1
Thanasis Antetokounmpo,1,1.3333333333333333,0,0,0.0,0,0,0.0,0,0,0.0,0,0,0,0,0,0,1,0,0,-9.0,0.0,0.0,0.0,0.0,0.0,0.0,0.0,0.0,0.0,0.0,100.0,28.8,0.0,124.0,-36.5,aafd90f0-e998-493f-80b8-8e4b59364725,MIL,IND,Home,140,126,1
A.J. Green,1,1.3333333333333333,0,0,0.0,0,0,0.0,0,0,0.0,0,0,0,0,0,0,0,0,0,-9.0,0.0,0.0,0.0,0.0,0.0,0.0,0.0,0.0,0.0,0.0,0.0,0.0,0.0,124.0,-5.5,aafd90f0-e998-493f-80b8-8e4b59364725,MIL,IND,Home,140,126,1
Robin Lopez,1,1.3333333333333333,0,0,0.0,0,0,0.0,0,0,0.0,0,0,0,0,0,0,0,1,0,-9.0,0.0,0.0,0.0,0.0,0.0,0.0,0.0,0.0,0.0,0.0,0.0,0.0,0.0,122.0,-16.3,aafd90f0-e998-493f-80b8-8e4b59364725,MIL,IND,Home,140,126,1
MarJon Beauchamp,1,32.983333333333334,4,8,0.5,1,2,0.5,2,2,1.0,1,5,6,1,2,0,3,0,11,12.0,0.619,0.563,0.25,0.25,4.3,14.3,10.3,3.3,2.8,0.0,25.3,14.9,102.0,108.0,-3.3,ef4f4502-8eec-49c6-bb9a-e5e3737eb8de,MIL,DET,Home,146,114,1
Damian Lillard,1,29.65,11,22,0.5,6,14,0.429,5,5,1.0,0,4,4,5,0,1,2,3,33,26.0,0.682,0.636,0.636,0.227,0.0,12.7,7.6,25.1,0.0,2.4,7.6,36.5,138.0,113.0,5.3,ef4f4502-8eec-49c6-bb9a-e5e3737eb8de,MIL,DET,Home,146,114,1
Brook Lopez,1,26.316666666666663,2,3,0.667,1,2,0.5,0,0,0.0,0,1,1,1,0,5,2,3,5,23.0,0.833,0.833,0.667,0.0,0.0,3.6,2.1,3.9,0.0,13.4,40.0,7.9,98.0,105.0,0.4,ef4f4502-8eec-49c6-bb9a-e5e3737eb8de,MIL,DET,Home,146,114,1
Andre Jackson Jr.,1,25.883333333333333,4,8,0.5,2,5,0.4,0,0,0.0,1,7,8,1,0,0,1,4,10,2.0,0.625,0.625,0.625,0.0,5.5,25.5,17.5,4.4,0.0,0.0,11.1,14.4,122.0,111.0,-4.7,ef4f4502-8eec-49c6-bb9a-e5e3737eb8de,MIL,DET,Home,146,114,1
Giannis Antetokounmpo,1,25.78333333333333,7,9,0.778,0,0,0.0,8,13,0.615,1,7,8,6,1,0,0,1,22,22.0,0.747,0.778,0.0,1.444,5.5,25.6,17.5,30.2,1.8,0.0,0.0,23.6,170.0,108.0,13.4,ef4f4502-8eec-49c6-bb9a-e5e3737eb8de,MIL,DET,Home,146,114,1
Bobby Portis,1,26.65,11,18,0.611,4,7,0.571,5,5,1.0,3,9,12,1,1,0,4,3,31,24.0,0.767,0.722,0.389,0.278,15.9,31.8,25.4,6.0,1.7,0.0,16.5,37.5,133.0,106.0,4.2,ef4f4502-8eec-49c6-bb9a-e5e3737eb8de,MIL,DET,Home,146,114,1
A.J. Green,1,19.883333333333333,3,6,0.5,3,6,0.5,0,0,0.0,1,0,1,1,0,0,0,5,9,22.0,0.75,0.75,1.0,0.0,7.1,0.0,2.8,5.6,0.0,0.0,0.0,12.5,163.0,118.0,-1.9,ef4f4502-8eec-49c6-bb9a-e5e3737eb8de,MIL,DET,Home,146,114,1
Cameron Payne,1,15.283333333333331,3,5,0.6,1,3,0.333,4,4,1.0,0,1,1,5,1,0,2,2,11,5.0,0.814,0.7,0.6,0.8,0.0,6.2,3.7,38.7,3.0,0.0,22.8,23.7,148.0,110.0,6.8,ef4f4502-8eec-49c6-bb9a-e5e3737eb8de,MIL,DET,Home,146,114,1
Pat Connaughton,1,12.283333333333331,2,2,1.0,1,1,1.0,1,1,1.0,1,3,4,2,0,1,0,1,6,28.0,1.23,1.25,0.5,0.5,11.5,23.0,18.4,18.5,0.0,5.7,0.0,8.2,245.0,107.0,16.7,ef4f4502-8eec-49c6-bb9a-e5e3737eb8de,MIL,DET,Home,146,114,1
Chris Livingston,1,9.05,1,1,1.0,0,0,0.0,0,0,0.0,0,3,3,0,0,0,0,2,2,0.0,1.0,1.0,0.0,0.0,0.0,31.2,18.7,0.0,0.0,0.0,0.0,4.6,200.0,110.0,-3.4,ef4f4502-8eec-49c6-bb9a-e5e3737eb8de,MIL,DET,Home,146,114,1
Robin Lopez,1,6.0,0,2,0.0,0,1,0.0,0,0,0.0,0,0,0,1,0,1,0,0,0,0.0,0.0,0.0,0.5,0.0,0.0,0.0,0.0,16.0,0.0,11.8,0.0,13.8,43.0,108.0,-8.3,ef4f4502-8eec-49c6-bb9a-e5e3737eb8de,MIL,DET,Home,146,114,1
Thanasis Antetokounmpo,1,5.25,0,0,0.0,0,0,0.0,0,0,0.0,0,1,1,0,0,0,0,0,0,-4.0,0.0,0.0,0.0,0.0,0.0,17.9,10.8,0.0,0.0,0.0,0.0,0.0,0.0,113.0,-4.3,ef4f4502-8eec-49c6-bb9a-e5e3737eb8de,MIL,DET,Home,146,114,1
Lindell Wigginton,1,4.966666666666667,2,4,0.5,0,1,0.0,2,2,1.0,0,0,0,0,0,0,0,0,6,0.0,0.615,0.5,0.25,0.5,0.0,0.0,0.0,0.0,0.0,0.0,0.0,40.6,131.0,118.0,-8.0,ef4f4502-8eec-49c6-bb9a-e5e3737eb8de,MIL,DET,Home,146,114,1
Giannis Antetokounmpo,1,39.16666666666666,10,22,0.455,1,3,0.333,5,11,0.455,6,11,17,3,0,0,6,3,26,11.0,0.484,0.477,0.136,0.5,17.9,37.4,27.1,11.2,0.0,0.0,18.3,33.8,98.0,123.0,-6.6,6c4df81b-ce49-4c8a-9d24-1c86790ca7aa,MIL,HOU,Home,128,119,1
Damian Lillard,1,36.71666666666667,11,19,0.579,5,8,0.625,12,13,0.923,0,5,5,11,3,0,3,2,39,10.0,0.789,0.711,0.421,0.684,0.0,18.2,8.5,47.0,4.0,0.0,10.8,30.4,162.0,116.0,23.8,6c4df81b-ce49-4c8a-9d24-1c86790ca7aa,MIL,HOU,Home,128,119,1
Andre Jackson Jr.,1,36.35,4,6,0.667,1,3,0.333,0,0,0.0,4,2,6,4,0,0,1,6,9,3.0,0.75,0.75,0.5,0.0,12.9,7.3,10.3,13.3,0.0,0.0,14.3,7.8,159.0,127.0,1.5,6c4df81b-ce49-4c8a-9d24-1c86790ca7aa,MIL,HOU,Home,128,119,1
Brook Lopez,1,31.33333333333333,6,13,0.462,3,8,0.375,3,3,1.0,1,5,6,0,0,1,0,2,18,6.0,0.628,0.577,0.615,0.231,3.7,21.3,11.9,0.0,0.0,2.6,0.0,18.4,147.0,122.0,2.5,6c4df81b-ce49-4c8a-9d24-1c86790ca7aa,MIL,HOU,Home,128,119,1
Khris Middleton,1,29.383333333333333,7,15,0.467,1,5,0.2,5,5,1.0,0,3,3,2,0,0,4,3,20,7.0,0.581,0.5,0.333,0.333,0.0,13.6,6.4,9.7,0.0,0.0,18.9,29.1,106.0,126.0,-7.0,6c4df81b-ce49-4c8a-9d24-1c86790ca7aa,MIL,HOU,Home,128,119,1
Bobby Portis,1,24.933333333333334,5,7,0.714,1,2,0.5,0,0,0.0,4,2,6,0,0,0,0,3,11,7.0,0.786,0.786,0.286,0.0,18.8,10.7,15.0,0.0,0.0,0.0,0.0,11.3,176.0,126.0,2.1,6c4df81b-ce49-4c8a-9d24-1c86790ca7aa,MIL,HOU,Home,128,119,1
Pat Connaughton,1,17.1,2,4,0.5,1,3,0.333,0,0,0.0,1,1,2,4,1,0,1,0,5,12.0,0.625,0.625,0.75,0.0,6.8,7.8,7.3,28.5,2.9,0.0,20.0,11.8,138.0,120.0,9.2,6c4df81b-ce49-4c8a-9d24-1c86790ca7aa,MIL,HOU,Home,128,119,1
MarJon Beauchamp,1,12.6,0,0,0.0,0,0,0.0,0,0,0.0,0,1,1,0,0,0,0,2,0,2.0,0.0,0.0,0.0,0.0,0.0,10.6,4.9,0.0,0.0,0.0,0.0,0.0,0.0,126.0,-6.9,6c4df81b-ce49-4c8a-9d24-1c86790ca7aa,MIL,HOU,Home,128,119,1
Cameron Payne,1,11.0,0,4,0.0,0,4,0.0,0,0,0.0,0,0,0,1,0,0,0,2,0,2.0,0.0,0.0,1.0,0.0,0.0,0.0,0.0,9.7,0.0,0.0,0.0,14.7,24.0,127.0,-22.9,6c4df81b-ce49-4c8a-9d24-1c86790ca7aa,MIL,HOU,Home,128,119,1
Thanasis Antetokounmpo,1,0.2833333333333333,0,0,0.0,0,0,0.0,0,0,0.0,0,0,0,0,0,0,0,0,0,-3.0,0.0,0.0,0.0,0.0,0.0,0.0,0.0,0.0,0.0,0.0,0.0,0.0,0.0,128.0,-4.8,6c4df81b-ce49-4c8a-9d24-1c86790ca7aa,MIL,HOU,Home,128,119,1
Marques Bolden,1,0.2833333333333333,0,0,0.0,0,0,0.0,0,0,0.0,0,0,0,0,0,0,0,0,0,-3.0,0.0,0.0,0.0,0.0,0.0,0.0,0.0,0.0,0.0,0.0,0.0,0.0,0.0,128.0,-4.7,6c4df81b-ce49-4c8a-9d24-1c86790ca7aa,MIL,HOU,Home,128,119,1
A.J. Green,1,0.2833333333333333,0,0,0.0,0,0,0.0,0,0,0.0,0,0,0,0,0,0,0,0,0,-3.0,0.0,0.0,0.0,0.0,0.0,0.0,0.0,0.0,0.0,0.0,0.0,0.0,0.0,128.0,-5.2,6c4df81b-ce49-4c8a-9d24-1c86790ca7aa,MIL,HOU,Home,128,119,1
Chris Livingston,1,0.2833333333333333,0,0,0.0,0,0,0.0,0,0,0.0,0,0,0,0,0,0,0,0,0,-3.0,0.0,0.0,0.0,0.0,0.0,0.0,0.0,0.0,0.0,0.0,0.0,0.0,0.0,128.0,-4.4,6c4df81b-ce49-4c8a-9d24-1c86790ca7aa,MIL,HOU,Home,128,119,1
Lindell Wigginton,1,0.2833333333333333,0,0,0.0,0,0,0.0,0,0,0.0,0,0,0,0,0,0,0,0,0,-3.0,0.0,0.0,0.0,0.0,0.0,0.0,0.0,0.0,0.0,0.0,0.0,0.0,0.0,128.0,-5.5,6c4df81b-ce49-4c8a-9d24-1c86790ca7aa,MIL,HOU,Home,128,119,1
Robin Lopez,0,0.0,0,0,0.0,0,0,0.0,0,0,0.0,0,0,0,0,0,0,0,0,0,0.0,0.0,0.0,0.0,0.0,0.0,0.0,0.0,0.0,0.0,0.0,0.0,0.0,0.0,0.0,0.0,6c4df81b-ce49-4c8a-9d24-1c86790ca7aa,MIL,HOU,Home,128,119,1
Damian Lillard,1,34.833333333333336,14,22,0.636,7,12,0.583,5,5,1.0,0,3,3,4,3,0,1,0,40,26.0,0.826,0.795,0.545,0.227,0.0,9.4,4.2,17.9,3.8,0.0,4.0,29.0,154.0,108.0,17.1,9f598048-1410-40a0-9a5f-690f39c3d89c,MIL,SAS,Home,132,119,1
Giannis Antetokounmpo,1,33.6,4,12,0.333,0,2,0.0,3,6,0.5,2,12,14,16,2,1,3,1,11,13.0,0.376,0.333,0.167,0.5,5.2,39.0,20.2,51.6,2.6,2.2,17.0,21.0,109.0,104.0,5.9,9f598048-1410-40a0-9a5f-690f39c3d89c,MIL,SAS,Home,132,119,1
Brook Lopez,1,31.78333333333333,6,14,0.429,0,5,0.0,2,2,1.0,5,0,5,1,0,6,0,3,14,13.0,0.47,0.429,0.357,0.143,13.7,0.0,7.6,3.7,0.0,13.7,0.0,18.7,117.0,106.0,-4.1,9f598048-1410-40a0-9a5f-690f39c3d89c,MIL,SAS,Home,132,119,1
Khris Middleton,1,28.366666666666667,7,15,0.467,3,6,0.5,0,0,0.0,0,3,3,4,1,0,1,2,17,12.0,0.567,0.567,0.4,0.0,0.0,11.5,5.1,17.7,1.6,0.0,6.3,22.6,111.0,113.0,-3.0,9f598048-1410-40a0-9a5f-690f39c3d89c,MIL,SAS,Home,132,119,1
Malik Beasley,1,27.5,3,7,0.429,1,5,0.2,0,0,0.0,1,3,4,2,1,0,0,1,7,14.0,0.5,0.5,0.714,0.0,3.2,11.9,7.1,7.8,1.6,0.0,0.0,10.2,118.0,113.0,-5.6,9f598048-1410-40a0-9a5f-690f39c3d89c,MIL,SAS,Home,132,119,1
Bobby Portis,1,26.316666666666663,10,16,0.625,3,6,0.5,0,0,0.0,1,9,10,2,2,0,0,3,23,4.0,0.719,0.719,0.375,0.0,3.3,37.3,18.4,11.5,3.3,0.0,0.0,24.3,141.0,105.0,8.7,9f598048-1410-40a0-9a5f-690f39c3d89c,MIL,SAS,Home,132,119,1
Pat Connaughton,1,18.216666666666665,1,8,0.125,1,6,0.167,0,0,0.0,0,3,3,2,1,0,0,2,3,5.0,0.188,0.188,0.75,0.0,0.0,18.0,8.0,11.1,2.4,0.0,0.0,17.6,56.0,110.0,-15.0,9f598048-1410-40a0-9a5f-690f39c3d89c,MIL,SAS,Home,132,119,1
Andre Jackson Jr.,1,14.816666666666666,2,4,0.5,2,3,0.667,1,2,0.5,2,1,3,2,1,0,1,2,7,-1.0,0.717,0.75,0.75,0.5,11.8,7.4,9.8,14.9,3.0,0.0,17.0,15.9,134.0,110.0,2.6,9f598048-1410-40a0-9a5f-690f39c3d89c,MIL,SAS,Home,132,119,1
Cameron Payne,1,12.516666666666667,2,6,0.333,0,2,0.0,3,3,1.0,0,0,0,0,0,0,0,1,7,-9.0,0.478,0.333,0.333,0.5,0.0,0.0,0.0,0.0,0.0,0.0,0.0,23.4,102.0,118.0,-14.1,9f598048-1410-40a0-9a5f-690f39c3d89c,MIL,SAS,Home,132,119,1
MarJon Beauchamp,1,6.316666666666666,0,0,0.0,0,0,0.0,0,0,0.0,0,1,1,0,0,0,0,0,0,-6.0,0.0,0.0,0.0,0.0,0.0,17.3,7.7,0.0,0.0,0.0,0.0,0.0,0.0,115.0,-10.0,9f598048-1410-40a0-9a5f-690f39c3d89c,MIL,SAS,Home,132,119,1
Robin Lopez,1,2.15,1,1,1.0,1,1,1.0,0,0,0.0,0,1,1,0,0,0,0,0,3,-2.0,1.5,1.5,1.0,0.0,0.0,50.7,22.6,0.0,0.0,0.0,0.0,18.6,300.0,110.0,35.4,9f598048-1410-40a0-9a5f-690f39c3d89c,MIL,SAS,Home,132,119,1
A.J. Green,1,2.15,0,1,0.0,0,1,0.0,0,0,0.0,0,0,0,0,0,0,0,0,0,-2.0,0.0,0.0,1.0,0.0,0.0,0.0,0.0,0.0,0.0,0.0,0.0,18.6,0.0,118.0,-29.1,9f598048-1410-40a0-9a5f-690f39c3d89c,MIL,SAS,Home,132,119,1
Thanasis Antetokounmpo,1,1.4333333333333331,0,0,0.0,0,0,0.0,0,0,0.0,0,0,0,1,0,0,0,0,0,-2.0,0.0,0.0,0.0,0.0,0.0,0.0,0.0,67.0,0.0,0.0,0.0,0.0,236.0,118.0,11.8,9f598048-1410-40a0-9a5f-690f39c3d89c,MIL,SAS,Home,132,119,1
Giannis Antetokounmpo,1,37.3,11,25,0.44,0,3,0.0,15,19,0.789,2,8,10,6,0,2,5,4,37,9.0,0.555,0.44,0.12,0.76,6.1,19.1,13.4,32.4,0.0,3.9,13.0,41.7,109.0,110.0,5.8,0eec9952-01e8-4160-979c-49f3a090694b,MIL,ORL,Home,118,114,1
Brook Lopez,1,37.3,5,7,0.714,2,4,0.5,2,2,1.0,0,7,7,0,2,2,2,5,14,17.0,0.888,0.857,0.571,0.286,0.0,16.7,9.4,0.0,2.5,3.9,20.2,10.7,127.0,105.0,3.4,0eec9952-01e8-4160-979c-49f3a090694b,MIL,ORL,Home,118,114,1
Damian Lillard,1,35.31666666666667,5,17,0.294,4,8,0.5,10,10,1.0,0,5,5,8,0,0,3,1,24,9.0,0.561,0.412,0.471,0.588,0.0,12.6,7.1,34.8,0.0,0.0,12.3,28.0,116.0,115.0,3.4,0eec9952-01e8-4160-979c-49f3a090694b,MIL,ORL,Home,118,114,1
Khris Middleton,1,28.816666666666663,5,11,0.455,2,7,0.286,2,2,1.0,0,4,4,3,0,1,1,2,14,11.0,0.589,0.545,0.636,0.182,0.0,12.3,6.9,16.8,0.0,2.5,7.8,18.1,117.0,113.0,1.4,0eec9952-01e8-4160-979c-49f3a090694b,MIL,ORL,Home,118,114,1
Malik Beasley,1,28.416666666666668,3,8,0.375,2,4,0.5,0,0,0.0,1,4,5,2,0,0,0,1,8,15.0,0.5,0.5,0.5,0.0,4.0,12.5,8.8,10.3,0.0,0.0,0.0,11.4,116.0,115.0,-0.7,0eec9952-01e8-4160-979c-49f3a090694b,MIL,ORL,Home,118,114,1
Bobby Portis,1,21.4,3,8,0.375,0,2,0.0,0,0,0.0,5,3,8,1,1,1,0,1,6,-18.0,0.375,0.375,0.25,0.0,26.7,12.5,18.7,7.2,2.2,3.4,0.0,15.2,113.0,108.0,0.0,0eec9952-01e8-4160-979c-49f3a090694b,MIL,ORL,Home,118,114,1
Pat Connaughton,1,20.966666666666665,3,6,0.5,0,3,0.0,2,2,1.0,2,6,8,2,0,0,0,4,8,-6.0,0.581,0.5,0.5,0.333,10.9,25.4,19.1,14.7,0.0,0.0,0.0,13.3,141.0,110.0,0.7,0eec9952-01e8-4160-979c-49f3a090694b,MIL,ORL,Home,118,114,1
Cameron Payne,1,12.683333333333334,1,4,0.25,0,3,0.0,0,0,0.0,0,1,1,4,0,0,0,2,2,-5.0,0.25,0.25,0.75,0.0,0.0,7.0,3.9,44.2,0.0,0.0,0.0,12.8,97.0,116.0,-5.9,0eec9952-01e8-4160-979c-49f3a090694b,MIL,ORL,Home,118,114,1
MarJon Beauchamp,1,11.166666666666666,2,3,0.667,1,2,0.5,0,0,0.0,0,3,3,0,0,0,2,2,5,-4.0,0.833,0.833,0.667,0.0,0.0,23.9,13.4,0.0,0.0,0.0,40.0,18.2,76.0,111.0,-5.7,0eec9952-01e8-4160-979c-49f3a090694b,MIL,ORL,Home,118,114,1
Andre Jackson Jr.,1,6.633333333333333,0,1,0.0,0,1,0.0,0,0,0.0,0,0,0,0,0,0,0,0,0,-8.0,0.0,0.0,1.0,0.0,0.0,0.0,0.0,0.0,0.0,0.0,0.0,6.1,0.0,119.0,-11.5,0eec9952-01e8-4160-979c-49f3a090694b,MIL,ORL,Home,118,114,1
Thanasis Antetokounmpo,0,0.0,0,0,0.0,0,0,0.0,0,0,0.0,0,0,0,0,0,0,0,0,0,0.0,0.0,0.0,0.0,0.0,0.0,0.0,0.0,0.0,0.0,0.0,0.0,0.0,0.0,0.0,0.0,0eec9952-01e8-4160-979c-49f3a090694b,MIL,ORL,Home,118,114,1
A.J. Green,0,0.0,0,0,0.0,0,0,0.0,0,0,0.0,0,0,0,0,0,0,0,0,0,0.0,0.0,0.0,0.0,0.0,0.0,0.0,0.0,0.0,0.0,0.0,0.0,0.0,0.0,0.0,0.0,0eec9952-01e8-4160-979c-49f3a090694b,MIL,ORL,Home,118,114,1
Robin Lopez,0,0.0,0,0,0.0,0,0,0.0,0,0,0.0,0,0,0,0,0,0,0,0,0,0.0,0.0,0.0,0.0,0.0,0.0,0.0,0.0,0.0,0.0,0.0,0.0,0.0,0.0,0.0,0.0,0eec9952-01e8-4160-979c-49f3a090694b,MIL,ORL,Home,118,114,1
Brook Lopez,1,35.233333333333334,1,7,0.143,0,2,0.0,3,4,0.75,1,2,3,1,0,1,0,3,5,15.0,0.285,0.143,0.286,0.571,3.2,5.2,4.3,2.9,0.0,2.1,0.0,10.4,84.0,114.0,-7.5,6b238348-0bb8-4e10-a3ab-12433f156530,MIL,NYK,Away,130,111,1
Damian Lillard,1,33.516666666666666,6,16,0.375,3,7,0.429,4,5,0.8,3,6,9,7,1,0,3,3,19,3.0,0.522,0.469,0.438,0.313,10.2,16.5,13.7,25.4,1.4,0.0,14.2,26.4,118.0,109.0,1.9,6b238348-0bb8-4e10-a3ab-12433f156530,MIL,NYK,Away,130,111,1
Khris Middleton,1,32.61666666666667,9,16,0.563,2,4,0.5,0,0,0.0,1,4,5,5,0,0,3,4,20,17.0,0.625,0.625,0.25,0.0,3.5,11.3,7.8,21.2,0.0,0.0,15.8,24.3,119.0,114.0,-0.1,6b238348-0bb8-4e10-a3ab-12433f156530,MIL,NYK,Away,130,111,1
Giannis Antetokounmpo,1,32.35,11,17,0.647,0,0,0.0,6,8,0.75,2,5,7,7,1,1,5,4,28,3.0,0.682,0.647,0.0,0.471,7.1,14.3,11.0,32.8,1.5,2.3,19.6,32.9,125.0,108.0,8.7,6b238348-0bb8-4e10-a3ab-12433f156530,MIL,NYK,Away,130,111,1
Malik Beasley,1,30.83333333333333,7,13,0.538,5,9,0.556,0,0,0.0,1,5,6,1,0,0,0,3,19,19.0,0.731,0.731,0.692,0.0,3.7,15.0,9.9,4.2,0.0,0.0,0.0,17.6,154.0,113.0,6.5,6b238348-0bb8-4e10-a3ab-12433f156530,MIL,NYK,Away,130,111,1
Bobby Portis,1,27.03333333333333,9,14,0.643,3,4,0.75,2,2,1.0,2,9,11,1,2,0,2,4,23,17.0,0.773,0.75,0.286,0.143,8.5,30.7,20.8,5.5,3.5,0.0,11.8,26.0,140.0,100.0,11.1,6b238348-0bb8-4e10-a3ab-12433f156530,MIL,NYK,Away,130,111,1
Pat Connaughton,1,22.133333333333333,3,6,0.5,2,5,0.4,0,0,0.0,0,8,8,0,0,0,0,0,8,7.0,0.667,0.667,0.833,0.0,0.0,33.4,18.5,0.0,0.0,0.0,0.0,11.3,138.0,107.0,2.8,6b238348-0bb8-4e10-a3ab-12433f156530,MIL,NYK,Away,130,111,1
Cameron Payne,1,14.483333333333333,2,2,1.0,1,1,1.0,3,4,0.75,0,1,1,1,0,0,0,0,8,16.0,1.064,1.25,0.5,2.0,0.0,6.4,3.5,8.0,0.0,0.0,0.0,10.8,217.0,115.0,9.5,6b238348-0bb8-4e10-a3ab-12433f156530,MIL,NYK,Away,130,111,1
Andre Jackson Jr.,1,10.8,0,0,0.0,0,0,0.0,0,0,0.0,2,0,2,2,0,0,1,1,0,-2.0,0.0,0.0,0.0,0.0,21.2,0.0,9.5,18.5,0.0,0.0,100.0,3.9,130.0,117.0,1.5,6b238348-0bb8-4e10-a3ab-12433f156530,MIL,NYK,Away,130,111,1
MarJon Beauchamp,1,0.3333333333333333,0,0,0.0,0,0,0.0,0,0,0.0,0,1,1,0,0,0,0,0,0,0.0,0.0,0.0,0.0,0.0,0.0,100.0,100.0,0.0,0.0,0.0,0.0,0.0,0.0,35.0,18.4,6b238348-0bb8-4e10-a3ab-12433f156530,MIL,NYK,Away,130,111,1
A.J. Green,1,0.3333333333333333,0,0,0.0,0,0,0.0,0,0,0.0,0,0,0,0,0,0,0,0,0,0.0,0.0,0.0,0.0,0.0,0.0,0.0,0.0,0.0,0.0,0.0,0.0,0.0,0.0,117.0,-3.8,6b238348-0bb8-4e10-a3ab-12433f156530,MIL,NYK,Away,130,111,1
Chris Livingston,1,0.3333333333333333,0,0,0.0,0,0,0.0,0,0,0.0,0,0,0,0,0,0,0,0,0,0.0,0.0,0.0,0.0,0.0,0.0,0.0,0.0,0.0,0.0,0.0,0.0,0.0,0.0,117.0,-3.0,6b238348-0bb8-4e10-a3ab-12433f156530,MIL,NYK,Away,130,111,1
Thanasis Antetokounmpo,0,0.0,0,0,0.0,0,0,0.0,0,0,0.0,0,0,0,0,0,0,0,0,0,0.0,0.0,0.0,0.0,0.0,0.0,0.0,0.0,0.0,0.0,0.0,0.0,0.0,0.0,0.0,0.0,6b238348-0bb8-4e10-a3ab-12433f156530,MIL,NYK,Away,130,111,1
Robin Lopez,0,0.0,0,0,0.0,0,0,0.0,0,0,0.0,0,0,0,0,0,0,0,0,0,0.0,0.0,0.0,0.0,0.0,0.0,0.0,0.0,0.0,0.0,0.0,0.0,0.0,0.0,0.0,0.0,6b238348-0bb8-4e10-a3ab-12433f156530,MIL,NYK,Away,130,111,1
Giannis Antetokounmpo,1,38.65,13,24,0.542,1,2,0.5,5,9,0.556,5,8,13,6,1,2,2,4,32,-5.0,0.572,0.563,0.083,0.375,12.2,29.2,19.0,25.8,1.2,3.8,6.7,31.9,127.0,124.0,7.9,bcc00448-a624-401b-bcfd-0b26c9197f52,MIL,NYK,Away,122,129,0
Damian Lillard,1,37.833333333333336,10,21,0.476,4,13,0.308,8,9,0.889,0,1,1,8,1,0,4,2,32,-6.0,0.641,0.571,0.619,0.429,0.0,3.7,1.5,31.4,1.3,0.0,13.8,31.5,126.0,130.0,4.6,bcc00448-a624-401b-bcfd-0b26c9197f52,MIL,NYK,Away,122,129,0
Khris Middleton,1,33.05,10,20,0.5,4,9,0.444,0,0,0.0,0,2,2,6,1,0,2,4,24,9.0,0.6,0.6,0.45,0.0,0.0,8.5,3.4,28.6,1.4,0.0,9.1,27.4,123.0,129.0,2.9,bcc00448-a624-401b-bcfd-0b26c9197f52,MIL,NYK,Away,122,129,0
Brook Lopez,1,26.73333333333333,5,9,0.556,2,6,0.333,2,2,1.0,2,4,6,1,1,2,0,2,14,-6.0,0.709,0.667,0.667,0.222,7.0,21.1,12.7,5.0,1.8,5.4,0.0,15.2,159.0,122.0,7.0,bcc00448-a624-401b-bcfd-0b26c9197f52,MIL,NYK,Away,122,129,0
Malik Beasley,1,19.2,0,2,0.0,0,1,0.0,0,0,0.0,0,3,3,2,0,0,0,2,0,-10.0,0.0,0.0,0.5,0.0,0.0,22.1,8.8,11.1,0.0,0.0,0.0,4.3,64.0,131.0,-9.3,bcc00448-a624-401b-bcfd-0b26c9197f52,MIL,NYK,Away,122,129,0
Bobby Portis,1,30.616666666666667,5,11,0.455,0,4,0.0,2,2,1.0,5,4,9,0,0,0,3,4,12,-3.0,0.505,0.455,0.364,0.182,15.4,18.4,16.6,0.0,0.0,0.0,20.2,20.0,100.0,131.0,-11.6,bcc00448-a624-401b-bcfd-0b26c9197f52,MIL,NYK,Away,122,129,0
Pat Connaughton,1,23.85,1,4,0.25,1,4,0.25,0,0,0.0,4,3,7,1,1,0,0,3,3,-13.0,0.375,0.375,1.0,0.0,15.8,17.8,16.6,4.7,2.0,0.0,0.0,6.9,136.0,127.0,-2.9,bcc00448-a624-401b-bcfd-0b26c9197f52,MIL,NYK,Away,122,129,0
Andre Jackson Jr.,1,14.166666666666666,0,2,0.0,0,1,0.0,2,2,1.0,1,1,2,1,1,0,0,2,2,-4.0,0.347,0.0,0.5,1.0,6.6,10.0,8.0,7.5,3.4,0.0,0.0,8.4,119.0,125.0,-4.3,bcc00448-a624-401b-bcfd-0b26c9197f52,MIL,NYK,Away,122,129,0
Cameron Payne,1,10.166666666666666,1,2,0.5,1,2,0.5,0,0,0.0,0,0,0,1,0,0,0,0,3,-1.0,0.75,0.75,1.0,0.0,0.0,0.0,0.0,11.7,0.0,0.0,0.0,8.1,169.0,134.0,-0.8,bcc00448-a624-401b-bcfd-0b26c9197f52,MIL,NYK,Away,122,129,0
MarJon Beauchamp,1,5.733333333333333,0,0,0.0,0,0,0.0,0,0,0.0,0,1,1,0,1,0,0,0,0,4.0,0.0,0.0,0.0,0.0,0.0,24.6,9.8,0.0,8.3,0.0,0.0,0.0,0.0,113.0,3.3,bcc00448-a624-401b-bcfd-0b26c9197f52,MIL,NYK,Away,122,129,0
Thanasis Antetokounmpo,0,0.0,0,0,0.0,0,0,0.0,0,0,0.0,0,0,0,0,0,0,0,0,0,0.0,0.0,0.0,0.0,0.0,0.0,0.0,0.0,0.0,0.0,0.0,0.0,0.0,0.0,0.0,0.0,bcc00448-a624-401b-bcfd-0b26c9197f52,MIL,NYK,Away,122,129,0
A.J. Green,0,0.0,0,0,0.0,0,0,0.0,0,0,0.0,0,0,0,0,0,0,0,0,0,0.0,0.0,0.0,0.0,0.0,0.0,0.0,0.0,0.0,0.0,0.0,0.0,0.0,0.0,0.0,0.0,bcc00448-a624-401b-bcfd-0b26c9197f52,MIL,NYK,Away,122,129,0
Chris Livingston,0,0.0,0,0,0.0,0,0,0.0,0,0,0.0,0,0,0,0,0,0,0,0,0,0.0,0.0,0.0,0.0,0.0,0.0,0.0,0.0,0.0,0.0,0.0,0.0,0.0,0.0,0.0,0.0,bcc00448-a624-401b-bcfd-0b26c9197f52,MIL,NYK,Away,122,129,0
Robin Lopez,0,0.0,0,0,0.0,0,0,0.0,0,0,0.0,0,0,0,0,0,0,0,0,0,0.0,0.0,0.0,0.0,0.0,0.0,0.0,0.0,0.0,0.0,0.0,0.0,0.0,0.0,0.0,0.0,bcc00448-a624-401b-bcfd-0b26c9197f52,MIL,NYK,Away,122,129,0
Khris Middleton,1,31.683333333333334,11,18,0.611,3,7,0.429,2,2,1.0,1,2,3,10,0,2,3,2,27,5.0,0.715,0.694,0.389,0.111,4.0,6.1,5.2,42.9,0.0,4.4,13.7,30.4,140.0,126.0,5.0,be34b271-c866-410c-99c0-3308ba4ee082,MIL,BRK,Away,144,122,1
Giannis Antetokounmpo,1,30.45,10,12,0.833,0,0,0.0,12,17,0.706,2,8,10,8,0,2,2,2,32,8.0,0.821,0.833,0.0,1.417,8.3,25.2,17.9,34.8,0.0,4.6,9.3,31.0,165.0,118.0,13.1,be34b271-c866-410c-99c0-3308ba4ee082,MIL,BRK,Away,144,122,1
Damian Lillard,1,28.95,4,10,0.4,3,9,0.333,1,1,1.0,0,3,3,4,0,0,4,0,12,2.0,0.575,0.55,0.9,0.1,0.0,9.9,5.7,14.6,0.0,0.0,27.7,21.9,93.0,127.0,-13.4,be34b271-c866-410c-99c0-3308ba4ee082,MIL,BRK,Away,144,122,1
Brook Lopez,1,24.6,1,7,0.143,0,6,0.0,0,0,0.0,2,4,6,2,0,3,0,3,2,-3.0,0.143,0.143,0.857,0.0,10.3,15.6,13.3,7.8,0.0,8.5,0.0,12.5,80.0,120.0,-13.3,be34b271-c866-410c-99c0-3308ba4ee082,MIL,BRK,Away,144,122,1
Malik Beasley,1,21.98333333333333,6,9,0.667,5,8,0.625,0,0,0.0,1,0,1,1,1,0,0,0,17,-7.0,0.944,0.944,0.889,0.0,5.7,0.0,2.5,5.6,2.2,0.0,0.0,18.0,172.0,126.0,9.4,be34b271-c866-410c-99c0-3308ba4ee082,MIL,BRK,Away,144,122,1
Bobby Portis,1,30.85,6,9,0.667,2,3,0.667,0,0,0.0,0,6,6,4,2,1,1,1,14,20.0,0.778,0.778,0.333,0.0,0.0,18.7,10.6,14.6,3.1,2.3,10.0,14.3,144.0,115.0,4.1,be34b271-c866-410c-99c0-3308ba4ee082,MIL,BRK,Away,144,122,1
Cameron Payne,1,22.8,6,9,0.667,5,8,0.625,1,1,1.0,1,3,4,6,2,0,0,4,18,24.0,0.953,0.944,0.889,0.111,5.5,12.6,9.6,32.1,4.2,0.0,0.0,18.2,195.0,117.0,16.0,be34b271-c866-410c-99c0-3308ba4ee082,MIL,BRK,Away,144,122,1
MarJon Beauchamp,1,20.683333333333334,4,6,0.667,2,3,0.667,1,2,0.5,0,5,5,2,1,0,0,2,11,21.0,0.799,0.833,0.5,0.333,0.0,23.2,13.2,10.9,2.3,0.0,0.0,14.6,159.0,116.0,2.6,be34b271-c866-410c-99c0-3308ba4ee082,MIL,BRK,Away,144,122,1
Pat Connaughton,1,18.05,1,3,0.333,1,3,0.333,0,0,0.0,1,0,1,1,0,0,0,0,3,14.0,0.5,0.5,1.0,0.0,7.0,0.0,3.0,5.4,0.0,0.0,0.0,7.3,134.0,131.0,-7.9,be34b271-c866-410c-99c0-3308ba4ee082,MIL,BRK,Away,144,122,1
A.J. Green,1,3.9166666666666665,1,2,0.5,1,2,0.5,0,0,0.0,0,1,1,0,0,0,0,2,3,7.0,0.75,0.75,1.0,0.0,0.0,24.5,13.9,0.0,0.0,0.0,0.0,22.5,130.0,120.0,-8.3,be34b271-c866-410c-99c0-3308ba4ee082,MIL,BRK,Away,144,122,1
Andre Jackson Jr.,1,1.8833333333333333,0,2,0.0,0,1,0.0,0,0,0.0,0,0,0,0,0,0,0,2,0,1.0,0.0,0.0,0.5,0.0,0.0,0.0,0.0,0.0,0.0,0.0,0.0,46.7,0.0,130.0,-85.2,be34b271-c866-410c-99c0-3308ba4ee082,MIL,BRK,Away,144,122,1
Robin Lopez,1,1.3833333333333333,1,1,1.0,1,1,1.0,0,0,0.0,0,0,0,0,0,0,0,0,3,6.0,1.5,1.5,1.0,0.0,0.0,0.0,0.0,0.0,0.0,0.0,0.0,31.8,300.0,131.0,53.8,be34b271-c866-410c-99c0-3308ba4ee082,MIL,BRK,Away,144,122,1
Chris Livingston,1,1.3833333333333333,1,1,1.0,0,0,0.0,0,0,0.0,0,1,1,1,0,0,0,0,2,6.0,1.0,1.0,0.0,0.0,0.0,69.4,39.4,100.0,0.0,0.0,0.0,31.8,214.0,102.0,46.1,be34b271-c866-410c-99c0-3308ba4ee082,MIL,BRK,Away,144,122,1
Thanasis Antetokounmpo,1,1.3833333333333333,0,0,0.0,0,0,0.0,0,0,0.0,0,0,0,2,0,0,0,0,0,6.0,0.0,0.0,0.0,0.0,0.0,0.0,0.0,100.0,0.0,0.0,0.0,0.0,244.0,131.0,41.9,be34b271-c866-410c-99c0-3308ba4ee082,MIL,BRK,Away,144,122,1
Lindell Wigginton,0,0.0,0,0,0.0,0,0,0.0,0,0,0.0,0,0,0,0,0,0,0,0,0,0.0,0.0,0.0,0.0,0.0,0.0,0.0,0.0,0.0,0.0,0.0,0.0,0.0,0.0,0.0,0.0,be34b271-c866-410c-99c0-3308ba4ee082,MIL,BRK,Away,144,122,1
Giannis Antetokounmpo,1,36.56666666666667,14,22,0.636,0,1,0.0,6,7,0.857,2,14,16,5,1,0,3,2,34,12.0,0.678,0.636,0.045,0.318,7.1,42.7,26.3,29.0,1.3,0.0,10.7,33.7,129.0,105.0,9.2,527d6637-a8de-4ef7-be60-3b37a18c41cb,MIL,CLE,Away,119,111,1
Brook Lopez,1,36.0,4,10,0.4,1,3,0.333,0,0,0.0,3,7,10,2,0,6,0,3,9,9.0,0.45,0.45,0.3,0.0,10.8,21.7,16.7,7.5,0.0,13.3,0.0,12.2,115.0,100.0,3.2,527d6637-a8de-4ef7-be60-3b37a18c41cb,MIL,CLE,Away,119,111,1
Malik Beasley,1,34.61666666666667,5,9,0.556,5,8,0.625,0,0,0.0,0,5,5,0,0,0,3,1,15,12.0,0.833,0.833,0.889,0.0,0.0,16.1,8.7,0.0,0.0,0.0,25.0,15.2,104.0,112.0,0.2,527d6637-a8de-4ef7-be60-3b37a18c41cb,MIL,CLE,Away,119,111,1
Damian Lillard,1,34.233333333333334,9,16,0.563,2,6,0.333,11,11,1.0,0,2,2,4,0,0,2,3,31,14.0,0.744,0.625,0.375,0.688,0.0,6.5,3.5,19.8,0.0,0.0,8.8,29.3,143.0,113.0,5.0,527d6637-a8de-4ef7-be60-3b37a18c41cb,MIL,CLE,Away,119,111,1
Khris Middleton,1,33.266666666666666,4,10,0.4,1,3,0.333,4,4,1.0,0,3,3,11,3,0,4,1,13,7.0,0.553,0.45,0.3,0.4,0.0,10.1,5.4,45.1,4.2,0.0,25.4,20.8,111.0,104.0,5.2,527d6637-a8de-4ef7-be60-3b37a18c41cb,MIL,CLE,Away,119,111,1
Bobby Portis,1,23.433333333333334,2,6,0.333,1,2,0.5,4,6,0.667,1,4,5,1,1,0,0,3,9,-5.0,0.521,0.417,0.333,1.0,5.5,19.1,12.8,5.6,2.0,0.0,0.0,16.2,121.0,107.0,-1.5,527d6637-a8de-4ef7-be60-3b37a18c41cb,MIL,CLE,Away,119,111,1
Pat Connaughton,1,22.716666666666665,1,3,0.333,1,3,0.333,0,0,0.0,0,1,1,3,0,0,1,0,3,6.0,0.5,0.5,1.0,0.0,0.0,4.9,2.6,16.3,0.0,0.0,25.0,7.7,102.0,114.0,-1.5,527d6637-a8de-4ef7-be60-3b37a18c41cb,MIL,CLE,Away,119,111,1
MarJon Beauchamp,1,10.816666666666666,2,3,0.667,1,2,0.5,0,0,0.0,1,0,1,0,0,0,0,2,5,1.0,0.833,0.833,0.667,0.0,12.0,0.0,5.5,0.0,0.0,0.0,0.0,12.2,165.0,114.0,1.7,527d6637-a8de-4ef7-be60-3b37a18c41cb,MIL,CLE,Away,119,111,1
Cameron Payne,1,5.85,0,1,0.0,0,1,0.0,0,0,0.0,0,0,0,0,0,0,3,0,0,-9.0,0.0,0.0,1.0,0.0,0.0,0.0,0.0,0.0,0.0,0.0,75.0,30.0,0.0,114.0,-37.2,527d6637-a8de-4ef7-be60-3b37a18c41cb,MIL,CLE,Away,119,111,1
Andre Jackson Jr.,1,2.5,0,0,0.0,0,0,0.0,0,0,0.0,0,0,0,0,0,0,1,0,0,-7.0,0.0,0.0,0.0,0.0,0.0,0.0,0.0,0.0,0.0,0.0,100.0,17.6,0.0,114.0,-22.3,527d6637-a8de-4ef7-be60-3b37a18c41cb,MIL,CLE,Away,119,111,1
Thanasis Antetokounmpo,0,0.0,0,0,0.0,0,0,0.0,0,0,0.0,0,0,0,0,0,0,0,0,0,0.0,0.0,0.0,0.0,0.0,0.0,0.0,0.0,0.0,0.0,0.0,0.0,0.0,0.0,0.0,0.0,527d6637-a8de-4ef7-be60-3b37a18c41cb,MIL,CLE,Away,119,111,1
A.J. Green,0,0.0,0,0,0.0,0,0,0.0,0,0,0.0,0,0,0,0,0,0,0,0,0,0.0,0.0,0.0,0.0,0.0,0.0,0.0,0.0,0.0,0.0,0.0,0.0,0.0,0.0,0.0,0.0,527d6637-a8de-4ef7-be60-3b37a18c41cb,MIL,CLE,Away,119,111,1
Chris Livingston,0,0.0,0,0,0.0,0,0,0.0,0,0,0.0,0,0,0,0,0,0,0,0,0,0.0,0.0,0.0,0.0,0.0,0.0,0.0,0.0,0.0,0.0,0.0,0.0,0.0,0.0,0.0,0.0,527d6637-a8de-4ef7-be60-3b37a18c41cb,MIL,CLE,Away,119,111,1
Robin Lopez,0,0.0,0,0,0.0,0,0,0.0,0,0,0.0,0,0,0,0,0,0,0,0,0,0.0,0.0,0.0,0.0,0.0,0.0,0.0,0.0,0.0,0.0,0.0,0.0,0.0,0.0,0.0,0.0,527d6637-a8de-4ef7-be60-3b37a18c41cb,MIL,CLE,Away,119,111,1
Brook Lopez,1,38.333333333333336,8,17,0.471,2,6,0.333,3,4,0.75,1,4,5,1,0,4,0,3,21,6.0,0.56,0.529,0.353,0.235,2.7,9.6,6.4,4.0,0.0,8.1,0.0,20.3,115.0,117.0,2.3,3cc6504d-aaad-4a4d-8436-02649822c481,MIL,IND,Home,113,122,0
Damian Lillard,1,38.16666666666666,3,16,0.188,1,9,0.111,6,6,1.0,1,6,7,5,0,0,1,3,13,4.0,0.349,0.219,0.563,0.375,2.7,14.5,9.0,16.9,0.0,0.0,5.1,21.4,86.0,121.0,-9.1,3cc6504d-aaad-4a4d-8436-02649822c481,MIL,IND,Home,113,122,0
Giannis Antetokounmpo,1,36.91666666666666,11,20,0.55,0,3,0.0,8,11,0.727,3,15,18,11,1,2,4,3,30,3.0,0.604,0.55,0.15,0.55,8.5,37.5,23.9,53.6,1.2,4.2,13.9,32.5,120.0,108.0,15.4,3cc6504d-aaad-4a4d-8436-02649822c481,MIL,IND,Home,113,122,0
Malik Beasley,1,36.85,4,8,0.5,4,8,0.5,0,0,0.0,0,4,4,0,0,0,0,5,12,5.0,0.75,0.75,1.0,0.0,0.0,10.0,5.3,0.0,0.0,0.0,0.0,9.0,136.0,122.0,-2.1,3cc6504d-aaad-4a4d-8436-02649822c481,MIL,IND,Home,113,122,0
Khris Middleton,1,31.666666666666668,9,13,0.692,2,5,0.4,1,2,0.5,1,2,3,6,1,0,4,5,21,5.0,0.756,0.769,0.385,0.154,3.3,5.8,4.6,33.2,1.5,0.0,22.4,23.5,118.0,120.0,4.0,3cc6504d-aaad-4a4d-8436-02649822c481,MIL,IND,Home,113,122,0
Pat Connaughton,1,23.65,1,3,0.333,1,3,0.333,0,0,0.0,0,2,2,2,1,1,0,1,3,-22.0,0.5,0.5,1.0,0.0,0.0,7.8,4.1,10.4,1.9,3.3,0.0,5.3,118.0,117.0,1.0,3cc6504d-aaad-4a4d-8436-02649822c481,MIL,IND,Home,113,122,0
Bobby Portis,1,17.883333333333333,4,12,0.333,0,4,0.0,0,0,0.0,1,4,5,0,0,1,0,4,8,-21.0,0.333,0.333,0.333,0.0,5.8,20.6,13.7,0.0,0.0,4.3,0.0,27.9,72.0,116.0,-13.2,3cc6504d-aaad-4a4d-8436-02649822c481,MIL,IND,Home,113,122,0
Cameron Payne,1,11.683333333333334,1,4,0.25,0,2,0.0,3,3,1.0,1,0,1,2,1,0,2,1,5,-13.0,0.47,0.25,0.5,0.75,8.9,0.0,4.2,22.3,3.9,0.0,27.3,26.1,89.0,117.0,-4.5,3cc6504d-aaad-4a4d-8436-02649822c481,MIL,IND,Home,113,122,0
Andre Jackson Jr.,1,4.85,0,0,0.0,0,0,0.0,0,0,0.0,0,1,1,0,0,0,0,1,0,-12.0,0.0,0.0,0.0,0.0,0.0,19.0,10.1,0.0,0.0,0.0,0.0,0.0,0.0,119.0,-9.1,3cc6504d-aaad-4a4d-8436-02649822c481,MIL,IND,Home,113,122,0
Thanasis Antetokounmpo,0,0.0,0,0,0.0,0,0,0.0,0,0,0.0,0,0,0,0,0,0,0,0,0,0.0,0.0,0.0,0.0,0.0,0.0,0.0,0.0,0.0,0.0,0.0,0.0,0.0,0.0,0.0,0.0,3cc6504d-aaad-4a4d-8436-02649822c481,MIL,IND,Home,113,122,0
Marques Bolden,0,0.0,0,0,0.0,0,0,0.0,0,0,0.0,0,0,0,0,0,0,0,0,0,0.0,0.0,0.0,0.0,0.0,0.0,0.0,0.0,0.0,0.0,0.0,0.0,0.0,0.0,0.0,0.0,3cc6504d-aaad-4a4d-8436-02649822c481,MIL,IND,Home,113,122,0
A.J. Green,0,0.0,0,0,0.0,0,0,0.0,0,0,0.0,0,0,0,0,0,0,0,0,0,0.0,0.0,0.0,0.0,0.0,0.0,0.0,0.0,0.0,0.0,0.0,0.0,0.0,0.0,0.0,0.0,3cc6504d-aaad-4a4d-8436-02649822c481,MIL,IND,Home,113,122,0
Chris Livingston,0,0.0,0,0,0.0,0,0,0.0,0,0,0.0,0,0,0,0,0,0,0,0,0,0.0,0.0,0.0,0.0,0.0,0.0,0.0,0.0,0.0,0.0,0.0,0.0,0.0,0.0,0.0,0.0,3cc6504d-aaad-4a4d-8436-02649822c481,MIL,IND,Home,113,122,0
Robin Lopez,0,0.0,0,0,0.0,0,0,0.0,0,0,0.0,0,0,0,0,0,0,0,0,0,0.0,0.0,0.0,0.0,0.0,0.0,0.0,0.0,0.0,0.0,0.0,0.0,0.0,0.0,0.0,0.0,3cc6504d-aaad-4a4d-8436-02649822c481,MIL,IND,Home,113,122,0
Lindell Wigginton,0,0.0,0,0,0.0,0,0,0.0,0,0,0.0,0,0,0,0,0,0,0,0,0,0.0,0.0,0.0,0.0,0.0,0.0,0.0,0.0,0.0,0.0,0.0,0.0,0.0,0.0,0.0,0.0,3cc6504d-aaad-4a4d-8436-02649822c481,MIL,IND,Home,113,122,0
Damian Lillard,1,36.083333333333336,6,18,0.333,2,8,0.25,9,10,0.9,1,1,2,5,3,0,2,3,23,-22.0,0.513,0.389,0.444,0.556,2.8,3.4,3.1,17.5,3.7,0.0,8.2,27.3,111.0,130.0,-2.0,92a2a933-7a39-4300-9e39-7e569cf85871,MIL,IND,Away,130,142,0
Giannis Antetokounmpo,1,35.71666666666667,8,13,0.615,1,2,0.5,9,13,0.692,0,11,11,8,3,1,3,2,26,-12.0,0.694,0.654,0.154,1.0,0.0,37.9,17.2,30.5,3.8,2.4,13.8,24.5,132.0,124.0,11.1,92a2a933-7a39-4300-9e39-7e569cf85871,MIL,IND,Away,130,142,0
Khris Middleton,1,32.1,7,13,0.538,4,7,0.571,1,1,1.0,1,5,6,7,0,2,4,2,19,-15.0,0.707,0.692,0.538,0.077,3.2,19.2,10.4,29.5,0.0,5.4,22.9,21.9,118.0,132.0,4.2,92a2a933-7a39-4300-9e39-7e569cf85871,MIL,IND,Away,130,142,0
Brook Lopez,1,28.366666666666667,6,11,0.545,2,4,0.5,2,3,0.667,3,2,5,1,0,0,2,3,16,-22.0,0.649,0.636,0.364,0.273,10.8,8.7,9.8,4.7,0.0,0.0,14.0,20.3,119.0,138.0,-4.3,92a2a933-7a39-4300-9e39-7e569cf85871,MIL,IND,Away,130,142,0
Malik Beasley,1,22.8,3,8,0.375,2,5,0.4,0,0,0.0,0,1,1,1,0,0,0,4,8,-17.0,0.5,0.5,0.625,0.0,0.0,5.4,2.4,5.3,0.0,0.0,0.0,14.1,105.0,138.0,-8.5,92a2a933-7a39-4300-9e39-7e569cf85871,MIL,IND,Away,130,142,0
MarJon Beauchamp,1,20.95,6,9,0.667,0,3,0.0,0,0,0.0,1,2,3,1,0,0,1,1,12,-1.0,0.667,0.667,0.333,0.0,4.9,11.7,8.0,7.1,0.0,0.0,10.0,19.2,120.0,138.0,-3.0,92a2a933-7a39-4300-9e39-7e569cf85871,MIL,IND,Away,130,142,0
Bobby Portis,1,20.316666666666663,4,10,0.4,0,2,0.0,1,2,0.5,3,3,6,1,0,1,0,1,9,-1.0,0.414,0.4,0.2,0.2,15.1,18.2,16.5,6.5,0.0,4.3,0.0,21.6,105.0,134.0,-7.0,92a2a933-7a39-4300-9e39-7e569cf85871,MIL,IND,Away,130,142,0
Pat Connaughton,1,14.183333333333334,1,3,0.333,1,2,0.5,0,0,0.0,1,1,2,1,0,0,0,3,3,-4.0,0.5,0.5,0.667,0.0,7.2,8.7,7.9,7.9,0.0,0.0,0.0,8.5,128.0,138.0,-6.6,92a2a933-7a39-4300-9e39-7e569cf85871,MIL,IND,Away,130,142,0
Andre Jackson Jr.,1,13.7,3,4,0.75,1,2,0.5,0,0,0.0,0,2,2,2,0,0,1,1,7,14.0,0.875,0.875,0.5,0.0,0.0,18.0,8.1,19.7,0.0,0.0,20.0,14.7,137.0,137.0,3.3,92a2a933-7a39-4300-9e39-7e569cf85871,MIL,IND,Away,130,142,0
Cameron Payne,1,9.983333333333333,2,3,0.667,1,2,0.5,2,3,0.667,0,1,1,2,0,0,0,3,7,5.0,0.81,0.833,0.667,1.0,0.0,12.3,5.6,26.4,0.0,0.0,0.0,17.4,172.0,137.0,3.5,92a2a933-7a39-4300-9e39-7e569cf85871,MIL,IND,Away,130,142,0
Thanasis Antetokounmpo,1,1.9333333333333331,0,0,0.0,0,0,0.0,0,0,0.0,0,1,1,0,0,0,0,2,0,5.0,0.0,0.0,0.0,0.0,0.0,63.7,28.9,0.0,0.0,0.0,0.0,0.0,0.0,130.0,-21.7,92a2a933-7a39-4300-9e39-7e569cf85871,MIL,IND,Away,130,142,0
Chris Livingston,1,1.9333333333333331,0,0,0.0,0,0,0.0,0,0,0.0,0,1,1,1,0,0,0,0,0,5.0,0.0,0.0,0.0,0.0,0.0,63.7,28.9,54.0,0.0,0.0,0.0,0.0,230.0,131.0,16.4,92a2a933-7a39-4300-9e39-7e569cf85871,MIL,IND,Away,130,142,0
Robin Lopez,1,1.9333333333333331,0,0,0.0,0,0,0.0,0,0,0.0,0,1,1,0,0,0,0,0,0,5.0,0.0,0.0,0.0,0.0,0.0,63.7,28.9,0.0,0.0,0.0,0.0,0.0,0.0,131.0,-3.3,92a2a933-7a39-4300-9e39-7e569cf85871,MIL,IND,Away,130,142,0
Lindell Wigginton,0,0.0,0,0,0.0,0,0,0.0,0,0,0.0,0,0,0,0,0,0,0,0,0,0.0,0.0,0.0,0.0,0.0,0.0,0.0,0.0,0.0,0.0,0.0,0.0,0.0,0.0,0.0,0.0,92a2a933-7a39-4300-9e39-7e569cf85871,MIL,IND,Away,130,142,0
Giannis Antetokounmpo,1,39.5,19,28,0.679,2,3,0.667,4,6,0.667,3,11,14,7,2,1,1,3,44,11.0,0.718,0.714,0.107,0.214,9.1,30.4,20.3,32.8,2.4,2.2,3.2,33.6,148.0,112.0,18.9,3709826f-6135-461c-817c-e8cae079882b,MIL,SAS,Away,125,121,1
Damian Lillard,1,38.53333333333333,10,19,0.526,1,6,0.167,4,4,1.0,1,3,4,10,1,0,0,3,25,11.0,0.602,0.553,0.316,0.211,3.1,8.5,5.9,34.1,1.2,0.0,0.0,22.6,142.0,121.0,5.0,3709826f-6135-461c-817c-e8cae079882b,MIL,SAS,Away,125,121,1
Brook Lopez,1,33.233333333333334,4,10,0.4,1,5,0.2,0,0,0.0,0,4,4,1,0,3,4,4,9,8.0,0.45,0.45,0.5,0.0,0.0,13.1,6.9,3.3,0.0,7.9,28.6,17.7,65.0,117.0,-10.3,3709826f-6135-461c-817c-e8cae079882b,MIL,SAS,Away,125,121,1
Malik Beasley,1,26.58333333333333,4,6,0.667,2,4,0.5,0,0,0.0,0,2,2,0,0,0,2,0,10,4.0,0.833,0.833,0.667,0.0,0.0,8.2,4.3,0.0,0.0,0.0,25.0,12.6,109.0,124.0,-3.1,3709826f-6135-461c-817c-e8cae079882b,MIL,SAS,Away,125,121,1
Khris Middleton,1,15.483333333333333,5,8,0.625,2,3,0.667,0,0,0.0,0,3,3,5,1,0,1,0,12,7.0,0.75,0.75,0.375,0.0,0.0,21.1,11.1,46.3,3.0,0.0,11.1,24.4,145.0,114.0,16.6,3709826f-6135-461c-817c-e8cae079882b,MIL,SAS,Away,125,121,1
Pat Connaughton,1,28.33333333333333,2,4,0.5,2,4,0.5,1,2,0.5,1,5,6,0,1,0,3,0,7,3.0,0.717,0.75,1.0,0.5,4.2,19.3,12.1,0.0,1.7,0.0,38.1,11.7,86.0,117.0,-4.0,3709826f-6135-461c-817c-e8cae079882b,MIL,SAS,Away,125,121,1
Bobby Portis,1,20.73333333333333,2,6,0.333,0,2,0.0,1,2,0.5,1,3,4,0,0,1,2,3,5,-8.0,0.363,0.333,0.333,0.333,5.8,15.8,11.0,0.0,0.0,4.2,22.5,18.0,65.0,119.0,-15.0,3709826f-6135-461c-817c-e8cae079882b,MIL,SAS,Away,125,121,1
MarJon Beauchamp,1,17.3,3,8,0.375,2,4,0.5,0,0,0.0,2,1,3,0,0,0,1,1,8,-7.0,0.5,0.5,0.5,0.0,13.9,6.3,9.9,0.0,0.0,0.0,11.1,21.8,100.0,124.0,-7.3,3709826f-6135-461c-817c-e8cae079882b,MIL,SAS,Away,125,121,1
Cameron Payne,1,15.316666666666666,0,3,0.0,0,3,0.0,5,5,1.0,0,1,1,4,0,0,0,1,5,-4.0,0.481,0.0,1.0,1.667,0.0,7.1,3.7,25.6,0.0,0.0,0.0,14.2,136.0,124.0,-2.6,3709826f-6135-461c-817c-e8cae079882b,MIL,SAS,Away,125,121,1
Andre Jackson Jr.,1,4.966666666666667,0,0,0.0,0,0,0.0,0,0,0.0,0,1,1,0,0,0,0,1,0,-5.0,0.0,0.0,0.0,0.0,0.0,22.0,11.5,0.0,0.0,0.0,0.0,0.0,0.0,121.0,-8.5,3709826f-6135-461c-817c-e8cae079882b,MIL,SAS,Away,125,121,1
Thanasis Antetokounmpo,0,0.0,0,0,0.0,0,0,0.0,0,0,0.0,0,0,0,0,0,0,0,0,0,0.0,0.0,0.0,0.0,0.0,0.0,0.0,0.0,0.0,0.0,0.0,0.0,0.0,0.0,0.0,0.0,3709826f-6135-461c-817c-e8cae079882b,MIL,SAS,Away,125,121,1
A.J. Green,0,0.0,0,0,0.0,0,0,0.0,0,0,0.0,0,0,0,0,0,0,0,0,0,0.0,0.0,0.0,0.0,0.0,0.0,0.0,0.0,0.0,0.0,0.0,0.0,0.0,0.0,0.0,0.0,3709826f-6135-461c-817c-e8cae079882b,MIL,SAS,Away,125,121,1
Chris Livingston,0,0.0,0,0,0.0,0,0,0.0,0,0,0.0,0,0,0,0,0,0,0,0,0,0.0,0.0,0.0,0.0,0.0,0.0,0.0,0.0,0.0,0.0,0.0,0.0,0.0,0.0,0.0,0.0,3709826f-6135-461c-817c-e8cae079882b,MIL,SAS,Away,125,121,1
Robin Lopez,0,0.0,0,0,0.0,0,0,0.0,0,0,0.0,0,0,0,0,0,0,0,0,0,0.0,0.0,0.0,0.0,0.0,0.0,0.0,0.0,0.0,0.0,0.0,0.0,0.0,0.0,0.0,0.0,3709826f-6135-461c-817c-e8cae079882b,MIL,SAS,Away,125,121,1
Lindell Wigginton,0,0.0,0,0,0.0,0,0,0.0,0,0,0.0,0,0,0,0,0,0,0,0,0,0.0,0.0,0.0,0.0,0.0,0.0,0.0,0.0,0.0,0.0,0.0,0.0,0.0,0.0,0.0,0.0,3709826f-6135-461c-817c-e8cae079882b,MIL,SAS,Away,125,121,1
Giannis Antetokounmpo,1,38.93333333333333,16,25,0.64,1,2,0.5,15,21,0.714,3,14,17,2,0,1,2,4,48,-1.0,0.701,0.66,0.08,0.84,8.6,39.2,24.1,16.1,0.0,2.5,5.5,42.4,135.0,112.0,15.9,a1a47107-c6ad-48e5-b4e2-581f0d4a6539,MIL,HOU,Away,108,112,0
Damian Lillard,1,38.48333333333333,5,16,0.313,1,8,0.125,7,10,0.7,0,2,2,8,2,0,1,1,18,-11.0,0.441,0.344,0.5,0.625,0.0,5.7,2.9,34.7,2.5,0.0,4.7,25.3,101.0,115.0,0.3,a1a47107-c6ad-48e5-b4e2-581f0d4a6539,MIL,HOU,Away,108,112,0
Khris Middleton,1,32.916666666666664,3,9,0.333,0,5,0.0,4,6,0.667,0,3,3,5,1,0,3,5,10,7.0,0.43,0.333,0.556,0.667,0.0,9.9,5.0,23.8,1.5,0.0,20.5,20.2,83.0,116.0,-8.4,a1a47107-c6ad-48e5-b4e2-581f0d4a6539,MIL,HOU,Away,108,112,0
Brook Lopez,1,31.3,3,9,0.333,1,6,0.167,0,0,0.0,0,5,5,0,1,1,0,2,7,11.0,0.389,0.389,0.667,0.0,0.0,17.4,8.8,0.0,1.6,3.1,0.0,13.1,74.0,112.0,-4.8,a1a47107-c6ad-48e5-b4e2-581f0d4a6539,MIL,HOU,Away,108,112,0
Malik Beasley,1,16.05,1,1,1.0,1,1,1.0,0,0,0.0,0,1,1,0,0,0,2,2,3,-10.0,1.5,1.5,1.0,0.0,0.0,6.8,3.4,0.0,0.0,0.0,66.7,8.5,61.0,120.0,-7.2,a1a47107-c6ad-48e5-b4e2-581f0d4a6539,MIL,HOU,Away,108,112,0
MarJon Beauchamp,1,23.0,2,4,0.5,1,3,0.333,0,0,0.0,1,3,4,3,0,1,1,1,5,2.0,0.625,0.625,0.75,0.0,4.9,14.2,9.6,20.3,0.0,4.3,20.0,9.9,119.0,116.0,3.3,a1a47107-c6ad-48e5-b4e2-581f0d4a6539,MIL,HOU,Away,108,112,0
Pat Connaughton,1,18.98333333333333,3,5,0.6,3,5,0.6,0,0,0.0,0,1,1,1,0,0,0,0,9,-13.0,0.9,0.9,1.0,0.0,0.0,5.7,2.9,9.2,0.0,0.0,0.0,12.0,164.0,121.0,8.2,a1a47107-c6ad-48e5-b4e2-581f0d4a6539,MIL,HOU,Away,108,112,0
Bobby Portis,1,16.866666666666667,2,5,0.4,1,2,0.5,1,2,0.5,0,6,6,0,1,1,2,5,6,-13.0,0.51,0.5,0.4,0.4,0.0,38.8,19.6,0.0,2.9,5.8,25.4,21.3,70.0,102.0,-7.0,a1a47107-c6ad-48e5-b4e2-581f0d4a6539,MIL,HOU,Away,108,112,0
Andre Jackson Jr.,1,12.033333333333331,0,1,0.0,0,1,0.0,1,1,1.0,0,2,2,0,2,0,0,3,1,3.0,0.347,0.0,1.0,1.0,0.0,18.1,9.2,0.0,8.1,0.0,0.0,5.4,75.0,99.0,-1.0,a1a47107-c6ad-48e5-b4e2-581f0d4a6539,MIL,HOU,Away,108,112,0
Cameron Payne,1,8.433333333333334,0,1,0.0,0,1,0.0,1,2,0.5,0,0,0,1,0,0,0,0,1,-1.0,0.266,0.0,1.0,2.0,0.0,0.0,0.0,16.3,0.0,0.0,0.0,10.1,80.0,122.0,-8.1,a1a47107-c6ad-48e5-b4e2-581f0d4a6539,MIL,HOU,Away,108,112,0
A.J. Green,1,3.0,0,0,0.0,0,0,0.0,0,0,0.0,0,0,0,0,0,0,0,1,0,6.0,0.0,0.0,0.0,0.0,0.0,0.0,0.0,0.0,0.0,0.0,0.0,0.0,0.0,121.0,-12.2,a1a47107-c6ad-48e5-b4e2-581f0d4a6539,MIL,HOU,Away,108,112,0
Thanasis Antetokounmpo,0,0.0,0,0,0.0,0,0,0.0,0,0,0.0,0,0,0,0,0,0,0,0,0,0.0,0.0,0.0,0.0,0.0,0.0,0.0,0.0,0.0,0.0,0.0,0.0,0.0,0.0,0.0,0.0,a1a47107-c6ad-48e5-b4e2-581f0d4a6539,MIL,HOU,Away,108,112,0
Robin Lopez,0,0.0,0,0,0.0,0,0,0.0,0,0,0.0,0,0,0,0,0,0,0,0,0,0.0,0.0,0.0,0.0,0.0,0.0,0.0,0.0,0.0,0.0,0.0,0.0,0.0,0.0,0.0,0.0,a1a47107-c6ad-48e5-b4e2-581f0d4a6539,MIL,HOU,Away,108,112,0
Giannis Antetokounmpo,1,38.38333333333333,10,20,0.5,0,2,0.0,5,9,0.556,4,6,10,11,0,0,4,5,25,-14.0,0.522,0.5,0.1,0.45,10.4,20.3,14.7,46.6,0.0,0.0,14.3,31.4,114.0,140.0,-1.5,106684a6-dc13-4274-a3a4-2b7a010ae6d6,MIL,UTA,Home,116,132,0
Brook Lopez,1,37.8,5,11,0.455,3,6,0.5,0,0,0.0,1,5,6,3,0,2,0,2,13,-9.0,0.591,0.591,0.545,0.0,2.6,17.2,9.0,10.7,0.0,5.5,0.0,12.5,129.0,137.0,-2.4,106684a6-dc13-4274-a3a4-2b7a010ae6d6,MIL,UTA,Home,116,132,0
Khris Middleton,1,33.55,7,16,0.438,3,6,0.5,6,6,1.0,0,3,3,8,2,1,3,1,23,-8.0,0.617,0.531,0.375,0.375,0.0,11.6,5.0,35.8,2.9,3.1,13.9,27.8,121.0,133.0,4.6,106684a6-dc13-4274-a3a4-2b7a010ae6d6,MIL,UTA,Home,116,132,0
Andre Jackson Jr.,1,26.4,2,6,0.333,1,2,0.5,2,2,1.0,2,3,5,3,0,2,1,2,7,-6.0,0.509,0.417,0.333,0.333,7.6,14.7,10.7,14.2,0.0,7.9,12.7,12.9,118.0,136.0,-4.0,106684a6-dc13-4274-a3a4-2b7a010ae6d6,MIL,UTA,Home,116,132,0
Malik Beasley,1,24.33333333333333,6,12,0.5,5,8,0.625,0,0,0.0,1,3,4,2,1,1,0,1,17,-12.0,0.708,0.708,0.667,0.0,4.1,16.0,9.3,13.1,2.0,4.3,0.0,21.3,140.0,133.0,9.1,106684a6-dc13-4274-a3a4-2b7a010ae6d6,MIL,UTA,Home,116,132,0
Pat Connaughton,1,21.883333333333333,2,3,0.667,2,3,0.667,0,0,0.0,0,2,2,1,0,0,0,3,6,-12.0,1.0,1.0,1.0,0.0,0.0,11.9,5.2,5.8,0.0,0.0,0.0,5.9,186.0,142.0,-5.3,106684a6-dc13-4274-a3a4-2b7a010ae6d6,MIL,UTA,Home,116,132,0
Bobby Portis,1,16.016666666666666,4,11,0.364,0,2,0.0,0,0,0.0,1,2,3,0,0,0,0,4,8,-8.0,0.364,0.364,0.182,0.0,6.2,16.2,10.6,0.0,0.0,0.0,0.0,29.6,80.0,140.0,-22.4,106684a6-dc13-4274-a3a4-2b7a010ae6d6,MIL,UTA,Home,116,132,0
Chris Livingston,1,14.65,2,5,0.4,0,0,0.0,2,2,1.0,1,1,2,0,1,0,1,1,6,0.0,0.51,0.4,0.0,0.4,6.8,8.9,7.7,0.0,3.4,0.0,14.5,20.2,97.0,134.0,-10.8,106684a6-dc13-4274-a3a4-2b7a010ae6d6,MIL,UTA,Home,116,132,0
MarJon Beauchamp,1,14.283333333333331,1,6,0.167,1,4,0.25,0,0,0.0,0,2,2,3,2,0,0,1,3,4.0,0.25,0.25,0.667,0.0,0.0,18.2,7.9,26.1,6.9,0.0,0.0,18.1,82.0,124.0,-3.3,106684a6-dc13-4274-a3a4-2b7a010ae6d6,MIL,UTA,Home,116,132,0
A.J. Green,1,11.05,3,4,0.75,2,3,0.667,0,0,0.0,1,0,1,0,0,0,0,0,8,-15.0,1.0,1.0,0.75,0.0,9.0,0.0,5.1,0.0,0.0,0.0,0.0,15.6,183.0,145.0,8.3,106684a6-dc13-4274-a3a4-2b7a010ae6d6,MIL,UTA,Home,116,132,0
Thanasis Antetokounmpo,1,0.7833333333333333,0,0,0.0,0,0,0.0,0,0,0.0,0,0,0,0,0,0,0,0,0,0.0,0.0,0.0,0.0,0.0,0.0,0.0,0.0,0.0,0.0,0.0,0.0,0.0,0.0,145.0,-12.7,106684a6-dc13-4274-a3a4-2b7a010ae6d6,MIL,UTA,Home,116,132,0
Robin Lopez,1,0.7833333333333333,0,0,0.0,0,0,0.0,0,0,0.0,0,0,0,0,0,0,0,0,0,0.0,0.0,0.0,0.0,0.0,0.0,0.0,0.0,0.0,0.0,0.0,0.0,0.0,0.0,145.0,-11.9,106684a6-dc13-4274-a3a4-2b7a010ae6d6,MIL,UTA,Home,116,132,0
TyTy Washington Jr.,0,0.0,0,0,0.0,0,0,0.0,0,0,0.0,0,0,0,0,0,0,0,0,0,0.0,0.0,0.0,0.0,0.0,0.0,0.0,0.0,0.0,0.0,0.0,0.0,0.0,0.0,0.0,0.0,106684a6-dc13-4274-a3a4-2b7a010ae6d6,MIL,UTA,Home,116,132,0
Brook Lopez,1,27.98333333333333,6,8,0.75,2,4,0.5,1,2,0.5,1,4,5,3,0,2,1,3,15,20.0,0.845,0.875,0.5,0.25,4.6,14.3,10.1,12.3,0.0,6.1,10.1,15.7,158.0,103.0,8.1,5b47463f-bb81-4c28-be1c-cb618bac9569,MIL,BOS,Home,135,102,1
Malik Beasley,1,27.1,6,11,0.545,4,8,0.5,0,0,0.0,1,3,4,0,0,0,0,0,16,18.0,0.727,0.727,0.727,0.0,4.8,11.1,8.3,0.0,0.0,0.0,0.0,18.0,150.0,109.0,2.9,5b47463f-bb81-4c28-be1c-cb618bac9569,MIL,BOS,Home,135,102,1
Damian Lillard,1,27.05,6,12,0.5,3,8,0.375,6,6,1.0,0,4,4,4,0,0,0,1,21,25.0,0.717,0.625,0.667,0.5,0.0,14.8,8.4,17.2,0.0,0.0,0.0,24.0,165.0,108.0,6.4,5b47463f-bb81-4c28-be1c-cb618bac9569,MIL,BOS,Home,135,102,1
Giannis Antetokounmpo,1,25.666666666666668,10,13,0.769,0,0,0.0,4,5,0.8,5,7,12,6,1,1,4,2,24,38.0,0.789,0.769,0.0,0.385,25.3,27.3,26.4,33.7,1.9,3.3,20.8,33.2,143.0,99.0,14.9,5b47463f-bb81-4c28-be1c-cb618bac9569,MIL,BOS,Home,135,102,1
Khris Middleton,1,20.25,2,9,0.222,1,5,0.2,0,0,0.0,0,2,2,7,1,0,0,2,5,25.0,0.278,0.278,0.556,0.0,0.0,9.9,5.6,35.1,2.4,0.0,0.0,19.7,112.0,104.0,-3.7,5b47463f-bb81-4c28-be1c-cb618bac9569,MIL,BOS,Home,135,102,1
Bobby Portis,1,21.78333333333333,11,18,0.611,5,6,0.833,1,2,0.5,1,11,12,0,1,0,0,1,28,15.0,0.742,0.75,0.333,0.111,6.0,50.5,31.1,0.0,2.3,0.0,0.0,38.5,148.0,96.0,15.8,5b47463f-bb81-4c28-be1c-cb618bac9569,MIL,BOS,Home,135,102,1
Pat Connaughton,1,21.25,1,1,1.0,0,0,0.0,0,0,0.0,1,0,1,3,0,0,0,3,2,20.0,1.0,1.0,0.0,0.0,6.1,0.0,2.7,13.6,0.0,0.0,0.0,2.1,223.0,111.0,-0.5,5b47463f-bb81-4c28-be1c-cb618bac9569,MIL,BOS,Home,135,102,1
Andre Jackson Jr.,1,15.8,0,2,0.0,0,2,0.0,0,0,0.0,2,2,4,4,0,0,0,5,0,19.0,0.0,0.0,1.0,0.0,16.4,12.7,14.3,23.4,0.0,0.0,0.0,5.6,142.0,108.0,-4.0,5b47463f-bb81-4c28-be1c-cb618bac9569,MIL,BOS,Home,135,102,1
Cameron Payne,1,14.75,3,4,0.75,1,2,0.5,0,0,0.0,0,4,4,3,0,0,0,0,7,-4.0,0.875,0.875,0.5,0.0,0.0,27.1,15.3,23.1,0.0,0.0,0.0,12.0,191.0,106.0,8.5,5b47463f-bb81-4c28-be1c-cb618bac9569,MIL,BOS,Home,135,102,1
MarJon Beauchamp,1,12.0,0,2,0.0,0,2,0.0,0,0,0.0,0,1,1,0,0,1,1,0,0,-8.0,0.0,0.0,1.0,0.0,0.0,8.3,4.7,0.0,0.0,7.1,33.3,11.1,0.0,104.0,-13.3,5b47463f-bb81-4c28-be1c-cb618bac9569,MIL,BOS,Home,135,102,1
Thanasis Antetokounmpo,1,8.9,3,5,0.6,0,0,0.0,0,0,0.0,1,0,1,1,0,1,2,4,6,-2.0,0.6,0.6,0.0,0.0,14.6,0.0,6.3,15.1,0.0,9.6,28.6,34.9,96.0,102.0,-12.1,5b47463f-bb81-4c28-be1c-cb618bac9569,MIL,BOS,Home,135,102,1
Chris Livingston,1,8.9,1,1,1.0,0,0,0.0,0,0,0.0,0,2,2,1,0,0,1,0,2,-2.0,1.0,1.0,0.0,0.0,0.0,22.5,12.7,11.6,0.0,0.0,50.0,10.0,102.0,107.0,-0.3,5b47463f-bb81-4c28-be1c-cb618bac9569,MIL,BOS,Home,135,102,1
A.J. Green,1,8.566666666666666,3,6,0.5,2,5,0.4,1,1,1.0,0,2,2,2,0,1,0,1,9,1.0,0.699,0.667,0.833,0.167,0.0,23.3,13.2,31.8,0.0,10.0,0.0,33.4,159.0,98.0,19.4,5b47463f-bb81-4c28-be1c-cb618bac9569,MIL,BOS,Home,135,102,1
Robin Lopez,0,0.0,0,0,0.0,0,0,0.0,0,0,0.0,0,0,0,0,0,0,0,0,0,0.0,0.0,0.0,0.0,0.0,0.0,0.0,0.0,0.0,0.0,0.0,0.0,0.0,0.0,0.0,0.0,5b47463f-bb81-4c28-be1c-cb618bac9569,MIL,BOS,Home,135,102,1
TyTy Washington Jr.,0,0.0,0,0,0.0,0,0,0.0,0,0,0.0,0,0,0,0,0,0,0,0,0,0.0,0.0,0.0,0.0,0.0,0.0,0.0,0.0,0.0,0.0,0.0,0.0,0.0,0.0,0.0,0.0,5b47463f-bb81-4c28-be1c-cb618bac9569,MIL,BOS,Home,135,102,1
Damian Lillard,1,37.61666666666667,9,19,0.474,2,5,0.4,7,7,1.0,0,6,6,7,2,0,1,1,27,21.0,0.611,0.526,0.263,0.368,0.0,16.0,8.4,22.6,2.6,0.0,4.3,26.0,139.0,119.0,3.5,cd86de00-5dcd-47b7-b80d-1d4202142a3b,MIL,GSW,Home,129,118,1
Giannis Antetokounmpo,1,36.65,13,22,0.591,1,3,0.333,6,8,0.75,3,6,9,5,0,0,4,3,33,1.0,0.647,0.614,0.136,0.364,9.1,16.4,13.0,19.3,0.0,0.0,13.6,34.1,124.0,125.0,0.4,cd86de00-5dcd-47b7-b80d-1d4202142a3b,MIL,GSW,Home,129,118,1
Brook Lopez,1,33.68333333333333,5,9,0.556,1,5,0.2,0,0,0.0,2,6,8,6,0,2,1,1,11,7.0,0.611,0.611,0.556,0.0,6.6,17.8,12.5,19.5,0.0,4.6,10.0,12.6,140.0,121.0,3.9,cd86de00-5dcd-47b7-b80d-1d4202142a3b,MIL,GSW,Home,129,118,1
Khris Middleton,1,32.85,10,13,0.769,3,5,0.6,1,2,0.5,1,2,3,10,1,1,3,2,24,-2.0,0.865,0.885,0.385,0.154,3.4,6.1,4.8,40.2,1.5,2.4,17.8,21.7,151.0,123.0,13.0,cd86de00-5dcd-47b7-b80d-1d4202142a3b,MIL,GSW,Home,129,118,1
Malik Beasley,1,28.53333333333333,4,8,0.5,3,6,0.5,0,0,0.0,2,2,4,1,2,0,1,1,11,14.0,0.688,0.688,0.75,0.0,7.8,7.0,7.4,3.8,3.5,0.0,11.1,13.3,133.0,120.0,1.4,cd86de00-5dcd-47b7-b80d-1d4202142a3b,MIL,GSW,Home,129,118,1
Andre Jackson Jr.,1,27.55,5,8,0.625,0,0,0.0,0,0,0.0,6,4,10,2,0,1,1,1,10,0.0,0.625,0.625,0.0,0.0,24.3,14.5,19.1,8.2,0.0,2.8,11.1,13.8,143.0,124.0,0.3,cd86de00-5dcd-47b7-b80d-1d4202142a3b,MIL,GSW,Home,129,118,1
Pat Connaughton,1,21.55,1,4,0.25,1,3,0.333,0,0,0.0,0,2,2,2,1,1,0,1,3,7.0,0.375,0.375,0.75,0.0,0.0,9.3,4.9,9.1,2.3,3.6,0.0,7.9,111.0,119.0,-2.5,cd86de00-5dcd-47b7-b80d-1d4202142a3b,MIL,GSW,Home,129,118,1
Bobby Portis,1,21.05,4,11,0.364,2,4,0.5,0,0,0.0,0,8,8,0,0,0,1,5,10,7.0,0.455,0.455,0.364,0.0,0.0,38.0,20.0,0.0,0.0,0.0,8.3,24.1,88.0,118.0,-14.9,cd86de00-5dcd-47b7-b80d-1d4202142a3b,MIL,GSW,Home,129,118,1
Chris Livingston,1,0.5166666666666667,0,0,0.0,0,0,0.0,0,0,0.0,0,0,0,0,0,0,0,0,0,0.0,0.0,0.0,0.0,0.0,0.0,0.0,0.0,0.0,0.0,0.0,0.0,0.0,0.0,130.0,-8.5,cd86de00-5dcd-47b7-b80d-1d4202142a3b,MIL,GSW,Home,129,118,1
Thanasis Antetokounmpo,0,0.0,0,0,0.0,0,0,0.0,0,0,0.0,0,0,0,0,0,0,0,0,0,0.0,0.0,0.0,0.0,0.0,0.0,0.0,0.0,0.0,0.0,0.0,0.0,0.0,0.0,0.0,0.0,cd86de00-5dcd-47b7-b80d-1d4202142a3b,MIL,GSW,Home,129,118,1
MarJon Beauchamp,0,0.0,0,0,0.0,0,0,0.0,0,0,0.0,0,0,0,0,0,0,0,0,0,0.0,0.0,0.0,0.0,0.0,0.0,0.0,0.0,0.0,0.0,0.0,0.0,0.0,0.0,0.0,0.0,cd86de00-5dcd-47b7-b80d-1d4202142a3b,MIL,GSW,Home,129,118,1
A.J. Green,0,0.0,0,0,0.0,0,0,0.0,0,0,0.0,0,0,0,0,0,0,0,0,0,0.0,0.0,0.0,0.0,0.0,0.0,0.0,0.0,0.0,0.0,0.0,0.0,0.0,0.0,0.0,0.0,cd86de00-5dcd-47b7-b80d-1d4202142a3b,MIL,GSW,Home,129,118,1
Robin Lopez,0,0.0,0,0,0.0,0,0,0.0,0,0,0.0,0,0,0,0,0,0,0,0,0,0.0,0.0,0.0,0.0,0.0,0.0,0.0,0.0,0.0,0.0,0.0,0.0,0.0,0.0,0.0,0.0,cd86de00-5dcd-47b7-b80d-1d4202142a3b,MIL,GSW,Home,129,118,1
Cameron Payne,0,0.0,0,0,0.0,0,0,0.0,0,0,0.0,0,0,0,0,0,0,0,0,0,0.0,0.0,0.0,0.0,0.0,0.0,0.0,0.0,0.0,0.0,0.0,0.0,0.0,0.0,0.0,0.0,cd86de00-5dcd-47b7-b80d-1d4202142a3b,MIL,GSW,Home,129,118,1
TyTy Washington Jr.,0,0.0,0,0,0.0,0,0,0.0,0,0,0.0,0,0,0,0,0,0,0,0,0,0.0,0.0,0.0,0.0,0.0,0.0,0.0,0.0,0.0,0.0,0.0,0.0,0.0,0.0,0.0,0.0,cd86de00-5dcd-47b7-b80d-1d4202142a3b,MIL,GSW,Home,129,118,1
Malik Beasley,1,45.266666666666666,7,12,0.583,5,9,0.556,4,4,1.0,0,4,4,5,1,0,1,5,23,-1.0,0.836,0.792,0.75,0.333,0.0,10.4,5.4,14.7,1.0,0.0,6.8,14.5,156.0,128.0,4.5,32f880b9-f52e-4656-9a6d-c6780a761db2,MIL,SAC,Home,143,142,1
Damian Lillard,1,41.41666666666666,9,23,0.391,5,13,0.385,6,6,1.0,0,4,4,8,0,0,4,0,29,-6.0,0.566,0.5,0.565,0.261,0.0,11.4,5.9,28.1,0.0,0.0,13.5,31.9,108.0,131.0,-3.4,32f880b9-f52e-4656-9a6d-c6780a761db2,MIL,SAC,Home,143,142,1
Giannis Antetokounmpo,1,40.38333333333333,9,16,0.563,0,2,0.0,9,14,0.643,1,9,10,10,3,0,4,4,27,-13.0,0.609,0.563,0.125,0.875,3.1,26.2,15.1,36.3,3.5,0.0,15.3,28.8,122.0,120.0,4.9,32f880b9-f52e-4656-9a6d-c6780a761db2,MIL,SAC,Home,143,142,1
Brook Lopez,1,40.06666666666667,7,15,0.467,3,6,0.5,0,0,0.0,1,8,9,3,0,3,0,2,17,5.0,0.567,0.567,0.4,0.0,3.1,23.5,13.7,10.2,0.0,6.2,0.0,16.7,119.0,123.0,1.5,32f880b9-f52e-4656-9a6d-c6780a761db2,MIL,SAC,Home,143,142,1
Andre Jackson Jr.,1,10.0,0,0,0.0,0,0,0.0,0,0,0.0,0,0,0,1,0,0,2,5,0,2.0,0.0,0.0,0.0,0.0,0.0,0.0,0.0,11.0,0.0,0.0,100.0,8.9,32.0,131.0,-19.9,32f880b9-f52e-4656-9a6d-c6780a761db2,MIL,SAC,Home,143,142,1
Pat Connaughton,1,33.233333333333334,1,3,0.333,1,3,0.333,2,2,1.0,0,3,3,2,0,0,0,3,5,5.0,0.644,0.5,1.0,0.667,0.0,10.6,5.5,6.9,0.0,0.0,0.0,5.2,146.0,131.0,-4.2,32f880b9-f52e-4656-9a6d-c6780a761db2,MIL,SAC,Home,143,142,1
Bobby Portis,1,25.55,9,11,0.818,2,2,1.0,2,2,1.0,2,8,10,1,0,0,2,1,22,10.0,0.926,0.909,0.182,0.182,9.9,36.9,23.8,7.1,0.0,0.0,14.4,24.2,150.0,126.0,8.6,32f880b9-f52e-4656-9a6d-c6780a761db2,MIL,SAC,Home,143,142,1
A.J. Green,1,17.5,1,5,0.2,1,4,0.25,2,2,1.0,0,0,0,0,0,0,0,2,5,-4.0,0.425,0.3,0.8,0.4,0.0,0.0,0.0,0.0,0.0,0.0,0.0,15.0,87.0,132.0,-12.0,32f880b9-f52e-4656-9a6d-c6780a761db2,MIL,SAC,Home,143,142,1
Cameron Payne,1,11.583333333333334,5,7,0.714,3,4,0.75,2,2,1.0,0,0,0,1,1,0,0,0,15,7.0,0.952,0.929,0.571,0.286,0.0,0.0,0.0,18.2,4.1,0.0,0.0,30.3,174.0,123.0,26.1,32f880b9-f52e-4656-9a6d-c6780a761db2,MIL,SAC,Home,143,142,1
Thanasis Antetokounmpo,0,0.0,0,0,0.0,0,0,0.0,0,0,0.0,0,0,0,0,0,0,0,0,0,0.0,0.0,0.0,0.0,0.0,0.0,0.0,0.0,0.0,0.0,0.0,0.0,0.0,0.0,0.0,0.0,32f880b9-f52e-4656-9a6d-c6780a761db2,MIL,SAC,Home,143,142,1
MarJon Beauchamp,0,0.0,0,0,0.0,0,0,0.0,0,0,0.0,0,0,0,0,0,0,0,0,0,0.0,0.0,0.0,0.0,0.0,0.0,0.0,0.0,0.0,0.0,0.0,0.0,0.0,0.0,0.0,0.0,32f880b9-f52e-4656-9a6d-c6780a761db2,MIL,SAC,Home,143,142,1
Robin Lopez,0,0.0,0,0,0.0,0,0,0.0,0,0,0.0,0,0,0,0,0,0,0,0,0,0.0,0.0,0.0,0.0,0.0,0.0,0.0,0.0,0.0,0.0,0.0,0.0,0.0,0.0,0.0,0.0,32f880b9-f52e-4656-9a6d-c6780a761db2,MIL,SAC,Home,143,142,1
TyTy Washington Jr.,0,0.0,0,0,0.0,0,0,0.0,0,0,0.0,0,0,0,0,0,0,0,0,0,0.0,0.0,0.0,0.0,0.0,0.0,0.0,0.0,0.0,0.0,0.0,0.0,0.0,0.0,0.0,0.0,32f880b9-f52e-4656-9a6d-c6780a761db2,MIL,SAC,Home,143,142,1
Damian Lillard,1,25.433333333333334,7,20,0.35,1,5,0.2,2,3,0.667,1,1,2,5,2,0,1,1,17,-26.0,0.399,0.375,0.25,0.15,3.6,5.0,4.1,38.1,3.8,0.0,4.5,38.5,90.0,134.0,-0.5,89736c19-1eab-425e-b185-b5e8b7123ef6,MIL,CLE,Away,95,135,0
Brook Lopez,1,24.55,5,7,0.714,1,3,0.333,0,0,0.0,0,4,4,1,1,3,2,2,11,-34.0,0.786,0.786,0.429,0.0,0.0,20.6,8.6,6.9,2.0,9.0,22.2,16.1,113.0,128.0,1.8,89736c19-1eab-425e-b185-b5e8b7123ef6,MIL,CLE,Away,95,135,0
Andre Jackson Jr.,1,23.3,3,4,0.75,0,1,0.0,0,0,0.0,2,6,8,0,0,0,1,2,6,-26.0,0.75,0.75,0.25,0.0,7.8,32.5,18.1,0.0,0.0,0.0,20.0,9.4,124.0,137.0,-7.9,89736c19-1eab-425e-b185-b5e8b7123ef6,MIL,CLE,Away,95,135,0
Malik Beasley,1,22.2,1,6,0.167,0,3,0.0,0,0,0.0,1,4,5,1,0,0,0,3,2,-27.0,0.167,0.167,0.5,0.0,4.1,22.8,11.9,6.0,0.0,0.0,0.0,11.9,54.0,139.0,-16.9,89736c19-1eab-425e-b185-b5e8b7123ef6,MIL,CLE,Away,95,135,0
Khris Middleton,1,19.866666666666667,1,10,0.1,0,3,0.0,0,0,0.0,0,2,2,2,0,1,3,3,2,-40.0,0.1,0.1,0.3,0.0,0.0,12.7,5.3,13.6,0.0,3.7,23.1,28.7,25.0,138.0,-28.8,89736c19-1eab-425e-b185-b5e8b7123ef6,MIL,CLE,Away,95,135,0
MarJon Beauchamp,1,22.866666666666667,0,3,0.0,0,0,0.0,0,0,0.0,1,2,3,2,0,0,1,1,0,-12.0,0.0,0.0,0.0,0.0,4.0,11.0,6.9,11.0,0.0,0.0,25.0,7.7,40.0,141.0,-15.0,89736c19-1eab-425e-b185-b5e8b7123ef6,MIL,CLE,Away,95,135,0
Bobby Portis,1,21.183333333333334,6,11,0.545,1,4,0.25,3,4,0.75,2,4,6,3,1,0,1,0,16,-8.0,0.627,0.591,0.364,0.364,8.6,23.9,14.9,27.9,2.3,0.0,7.3,28.5,127.0,134.0,9.1,89736c19-1eab-425e-b185-b5e8b7123ef6,MIL,CLE,Away,95,135,0
Jae Crowder,1,19.0,5,13,0.385,4,10,0.4,1,2,0.5,0,1,1,0,1,0,0,1,15,-3.0,0.54,0.538,0.769,0.154,0.0,6.6,2.8,0.0,2.6,0.0,0.0,32.1,105.0,137.0,1.8,89736c19-1eab-425e-b185-b5e8b7123ef6,MIL,CLE,Away,95,135,0
Pat Connaughton,1,13.966666666666669,3,4,0.75,2,3,0.667,0,0,0.0,0,1,1,1,0,1,0,0,8,-3.0,1.0,1.0,0.75,0.0,0.0,9.0,3.8,12.4,0.0,5.3,0.0,12.6,193.0,138.0,10.9,89736c19-1eab-425e-b185-b5e8b7123ef6,MIL,CLE,Away,95,135,0
Cameron Payne,1,13.333333333333334,5,9,0.556,2,5,0.4,1,1,1.0,0,0,0,1,1,0,0,0,13,-4.0,0.689,0.667,0.556,0.111,0.0,0.0,0.0,18.0,3.6,0.0,0.0,31.1,135.0,136.0,14.3,89736c19-1eab-425e-b185-b5e8b7123ef6,MIL,CLE,Away,95,135,0
A.J. Green,1,13.283333333333331,1,5,0.2,1,4,0.25,0,0,0.0,1,1,2,1,0,0,0,2,3,2.0,0.3,0.3,0.8,0.0,6.8,9.5,7.9,10.5,0.0,0.0,0.0,16.5,81.0,141.0,-12.6,89736c19-1eab-425e-b185-b5e8b7123ef6,MIL,CLE,Away,95,135,0
Chris Livingston,1,8.633333333333333,0,1,0.0,0,0,0.0,0,0,0.0,0,1,1,0,0,0,0,2,0,-6.0,0.0,0.0,0.0,0.0,0.0,14.6,6.1,0.0,0.0,0.0,0.0,5.1,0.0,140.0,-19.7,89736c19-1eab-425e-b185-b5e8b7123ef6,MIL,CLE,Away,95,135,0
Robin Lopez,1,6.866666666666667,1,2,0.5,0,1,0.0,0,0,0.0,1,0,1,1,0,0,0,0,2,-2.0,0.5,0.5,0.5,0.0,13.2,0.0,7.7,22.5,0.0,0.0,0.0,12.8,131.0,144.0,-1.6,89736c19-1eab-425e-b185-b5e8b7123ef6,MIL,CLE,Away,95,135,0
Thanasis Antetokounmpo,1,5.516666666666667,0,0,0.0,0,0,0.0,0,0,0.0,0,0,0,1,0,1,1,1,0,-11.0,0.0,0.0,0.0,0.0,0.0,0.0,0.0,22.9,0.0,13.4,100.0,8.0,41.0,132.0,-8.4,89736c19-1eab-425e-b185-b5e8b7123ef6,MIL,CLE,Away,95,135,0
Giannis Antetokounmpo,1,38.13333333333333,10,16,0.625,0,1,0.0,11,22,0.5,3,7,10,9,2,1,5,1,31,13.0,0.604,0.625,0.063,1.375,9.7,17.6,14.1,32.9,2.4,2.2,16.3,33.1,118.0,125.0,3.0,7afb26d9-2741-4382-b4be-3071ddbc2548,MIL,DET,Away,141,135,1
Damian Lillard,1,37.266666666666666,12,22,0.545,5,11,0.455,16,16,1.0,0,6,6,11,1,0,1,3,45,18.0,0.775,0.659,0.5,0.727,0.0,15.5,8.7,44.9,1.2,0.0,3.3,33.2,164.0,130.0,15.0,7afb26d9-2741-4382-b4be-3071ddbc2548,MIL,DET,Away,141,135,1
Brook Lopez,1,36.91666666666666,7,13,0.538,1,4,0.25,4,5,0.8,2,8,10,4,1,3,0,1,19,14.0,0.625,0.577,0.308,0.385,6.7,20.8,14.6,13.7,1.2,6.8,0.0,17.0,142.0,123.0,4.0,7afb26d9-2741-4382-b4be-3071ddbc2548,MIL,DET,Away,141,135,1
Malik Beasley,1,34.3,5,9,0.556,1,4,0.25,0,0,0.0,0,2,2,1,0,0,2,4,11,22.0,0.611,0.611,0.444,0.0,0.0,5.6,3.1,3.5,0.0,0.0,18.2,13.2,96.0,135.0,-10.8,7afb26d9-2741-4382-b4be-3071ddbc2548,MIL,DET,Away,141,135,1
Khris Middleton,1,33.233333333333334,5,12,0.417,3,7,0.429,4,6,0.667,0,5,5,4,1,2,1,4,17,7.0,0.581,0.542,0.583,0.5,0.0,14.4,8.1,14.5,1.4,5.1,6.4,19.4,120.0,125.0,-1.8,7afb26d9-2741-4382-b4be-3071ddbc2548,MIL,DET,Away,141,135,1
Bobby Portis,1,16.7,2,4,0.5,0,0,0.0,0,0,0.0,0,3,3,0,0,0,0,0,4,-12.0,0.5,0.5,0.0,0.0,0.0,17.2,9.7,0.0,0.0,0.0,0.0,9.9,99.0,132.0,-9.2,7afb26d9-2741-4382-b4be-3071ddbc2548,MIL,DET,Away,141,135,1
Andre Jackson Jr.,1,15.433333333333334,1,1,1.0,0,0,0.0,0,0,0.0,3,4,7,0,0,0,0,2,2,-1.0,1.0,1.0,0.0,0.0,23.9,24.9,24.5,0.0,0.0,0.0,0.0,2.7,212.0,130.0,-3.5,7afb26d9-2741-4382-b4be-3071ddbc2548,MIL,DET,Away,141,135,1
Pat Connaughton,1,14.216666666666669,4,5,0.8,2,3,0.667,0,0,0.0,0,4,4,1,0,0,1,1,10,-18.0,1.0,1.0,0.6,0.0,0.0,27.0,15.2,10.1,0.0,0.0,16.7,17.4,147.0,130.0,5.1,7afb26d9-2741-4382-b4be-3071ddbc2548,MIL,DET,Away,141,135,1
Jae Crowder,1,13.8,1,3,0.333,0,2,0.0,0,0,0.0,0,2,2,0,1,0,0,2,2,-13.0,0.333,0.333,0.667,0.0,0.0,13.9,7.8,0.0,3.3,0.0,0.0,9.0,70.0,125.0,-10.0,7afb26d9-2741-4382-b4be-3071ddbc2548,MIL,DET,Away,141,135,1
Thanasis Antetokounmpo,0,0.0,0,0,0.0,0,0,0.0,0,0,0.0,0,0,0,0,0,0,0,0,0,0.0,0.0,0.0,0.0,0.0,0.0,0.0,0.0,0.0,0.0,0.0,0.0,0.0,0.0,0.0,0.0,7afb26d9-2741-4382-b4be-3071ddbc2548,MIL,DET,Away,141,135,1
MarJon Beauchamp,0,0.0,0,0,0.0,0,0,0.0,0,0,0.0,0,0,0,0,0,0,0,0,0,0.0,0.0,0.0,0.0,0.0,0.0,0.0,0.0,0.0,0.0,0.0,0.0,0.0,0.0,0.0,0.0,7afb26d9-2741-4382-b4be-3071ddbc2548,MIL,DET,Away,141,135,1
A.J. Green,0,0.0,0,0,0.0,0,0,0.0,0,0,0.0,0,0,0,0,0,0,0,0,0,0.0,0.0,0.0,0.0,0.0,0.0,0.0,0.0,0.0,0.0,0.0,0.0,0.0,0.0,0.0,0.0,7afb26d9-2741-4382-b4be-3071ddbc2548,MIL,DET,Away,141,135,1
Robin Lopez,0,0.0,0,0,0.0,0,0,0.0,0,0,0.0,0,0,0,0,0,0,0,0,0,0.0,0.0,0.0,0.0,0.0,0.0,0.0,0.0,0.0,0.0,0.0,0.0,0.0,0.0,0.0,0.0,7afb26d9-2741-4382-b4be-3071ddbc2548,MIL,DET,Away,141,135,1
Cameron Payne,0,0.0,0,0,0.0,0,0,0.0,0,0,0.0,0,0,0,0,0,0,0,0,0,0.0,0.0,0.0,0.0,0.0,0.0,0.0,0.0,0.0,0.0,0.0,0.0,0.0,0.0,0.0,0.0,7afb26d9-2741-4382-b4be-3071ddbc2548,MIL,DET,Away,141,135,1
Damian Lillard,1,37.266666666666666,4,15,0.267,2,10,0.2,7,8,0.875,0,5,5,8,1,0,2,0,17,20.0,0.459,0.333,0.667,0.533,0.0,14.3,7.1,28.0,1.2,0.0,9.7,22.4,104.0,112.0,-2.7,7b24d94d-f2bf-4c94-81cd-5515e0de535c,MIL,DET,Away,122,113,1
Giannis Antetokounmpo,1,35.55,11,25,0.44,1,5,0.2,8,12,0.667,3,14,17,10,3,2,2,3,31,12.0,0.512,0.46,0.2,0.48,8.8,42.0,25.2,49.7,3.9,4.6,6.2,36.9,116.0,98.0,15.2,7b24d94d-f2bf-4c94-81cd-5515e0de535c,MIL,DET,Away,122,113,1
Brook Lopez,1,35.2,6,9,0.667,1,2,0.5,2,2,1.0,5,6,11,3,0,4,3,4,15,19.0,0.759,0.722,0.222,0.222,14.8,18.2,16.5,12.1,0.0,9.2,23.3,14.9,130.0,106.0,3.5,7b24d94d-f2bf-4c94-81cd-5515e0de535c,MIL,DET,Away,122,113,1
Malik Beasley,1,34.766666666666666,5,14,0.357,3,8,0.375,0,0,0.0,1,5,6,2,0,0,0,2,13,21.0,0.464,0.464,0.571,0.0,3.0,15.3,9.1,7.9,0.0,0.0,0.0,16.4,104.0,115.0,-4.9,7b24d94d-f2bf-4c94-81cd-5515e0de535c,MIL,DET,Away,122,113,1
Khris Middleton,1,31.433333333333334,9,14,0.643,2,5,0.4,6,6,1.0,0,2,2,2,2,0,1,2,26,9.0,0.781,0.714,0.357,0.429,0.0,6.8,3.4,10.8,2.9,0.0,5.7,22.8,149.0,109.0,8.7,7b24d94d-f2bf-4c94-81cd-5515e0de535c,MIL,DET,Away,122,113,1
Bobby Portis,1,25.25,2,5,0.4,0,3,0.0,3,4,0.75,1,3,4,0,0,1,0,3,7,-13.0,0.518,0.4,0.6,0.8,4.1,12.7,8.4,0.0,0.0,3.2,0.0,10.9,118.0,112.0,-7.0,7b24d94d-f2bf-4c94-81cd-5515e0de535c,MIL,DET,Away,122,113,1
Andre Jackson Jr.,1,19.766666666666666,3,4,0.75,0,1,0.0,2,2,1.0,0,1,1,0,1,1,0,5,8,-8.0,0.82,0.75,0.25,0.5,0.0,5.4,2.7,0.0,2.3,4.1,0.0,10.0,167.0,107.0,-0.5,7b24d94d-f2bf-4c94-81cd-5515e0de535c,MIL,DET,Away,122,113,1
Jae Crowder,1,11.95,1,6,0.167,1,4,0.25,0,0,0.0,0,2,2,1,0,0,1,1,3,-6.0,0.25,0.25,0.667,0.0,0.0,17.9,8.8,10.6,0.0,0.0,14.3,23.8,53.0,114.0,-17.2,7b24d94d-f2bf-4c94-81cd-5515e0de535c,MIL,DET,Away,122,113,1
Pat Connaughton,1,8.816666666666666,1,2,0.5,0,1,0.0,0,0,0.0,0,1,1,0,0,0,0,2,2,-9.0,0.5,0.5,0.5,0.0,0.0,12.1,6.0,0.0,0.0,0.0,0.0,9.2,100.0,115.0,-11.3,7b24d94d-f2bf-4c94-81cd-5515e0de535c,MIL,DET,Away,122,113,1
Thanasis Antetokounmpo,0,0.0,0,0,0.0,0,0,0.0,0,0,0.0,0,0,0,0,0,0,0,0,0,0.0,0.0,0.0,0.0,0.0,0.0,0.0,0.0,0.0,0.0,0.0,0.0,0.0,0.0,0.0,0.0,7b24d94d-f2bf-4c94-81cd-5515e0de535c,MIL,DET,Away,122,113,1
MarJon Beauchamp,0,0.0,0,0,0.0,0,0,0.0,0,0,0.0,0,0,0,0,0,0,0,0,0,0.0,0.0,0.0,0.0,0.0,0.0,0.0,0.0,0.0,0.0,0.0,0.0,0.0,0.0,0.0,0.0,7b24d94d-f2bf-4c94-81cd-5515e0de535c,MIL,DET,Away,122,113,1
A.J. Green,0,0.0,0,0,0.0,0,0,0.0,0,0,0.0,0,0,0,0,0,0,0,0,0,0.0,0.0,0.0,0.0,0.0,0.0,0.0,0.0,0.0,0.0,0.0,0.0,0.0,0.0,0.0,0.0,7b24d94d-f2bf-4c94-81cd-5515e0de535c,MIL,DET,Away,122,113,1
Robin Lopez,0,0.0,0,0,0.0,0,0,0.0,0,0,0.0,0,0,0,0,0,0,0,0,0,0.0,0.0,0.0,0.0,0.0,0.0,0.0,0.0,0.0,0.0,0.0,0.0,0.0,0.0,0.0,0.0,7b24d94d-f2bf-4c94-81cd-5515e0de535c,MIL,DET,Away,122,113,1
Cameron Payne,0,0.0,0,0,0.0,0,0,0.0,0,0,0.0,0,0,0,0,0,0,0,0,0,0.0,0.0,0.0,0.0,0.0,0.0,0.0,0.0,0.0,0.0,0.0,0.0,0.0,0.0,0.0,0.0,7b24d94d-f2bf-4c94-81cd-5515e0de535c,MIL,DET,Away,122,113,1
Brook Lopez,1,34.733333333333334,3,7,0.429,0,1,0.0,2,2,1.0,5,4,9,3,1,1,1,1,8,13.0,0.508,0.429,0.143,0.286,16.1,13.2,14.6,10.1,1.4,2.6,11.3,10.8,130.0,115.0,-0.2,38ee46a9-7b31-4b4f-ae3c-14ddfe0420d0,MIL,CLE,Home,126,116,1
Damian Lillard,1,34.56666666666667,8,21,0.381,2,9,0.222,10,11,0.909,0,1,1,4,2,0,2,1,28,8.0,0.542,0.429,0.429,0.524,0.0,3.3,1.6,16.4,2.7,0.0,7.2,34.1,113.0,115.0,-0.3,38ee46a9-7b31-4b4f-ae3c-14ddfe0420d0,MIL,CLE,Home,126,116,1
Giannis Antetokounmpo,1,34.55,16,24,0.667,1,1,1.0,2,3,0.667,2,16,18,10,0,2,2,3,35,11.0,0.691,0.688,0.042,0.125,6.5,52.9,29.4,61.0,0.0,5.2,7.3,33.5,142.0,110.0,19.6,38ee46a9-7b31-4b4f-ae3c-14ddfe0420d0,MIL,CLE,Home,126,116,1
Khris Middleton,1,31.98333333333333,8,15,0.533,1,4,0.25,7,8,0.875,2,3,5,5,2,0,0,3,24,16.0,0.648,0.567,0.267,0.533,7.0,10.7,8.8,22.7,3.0,0.0,0.0,24.5,149.0,113.0,8.3,38ee46a9-7b31-4b4f-ae3c-14ddfe0420d0,MIL,CLE,Home,126,116,1
Malik Beasley,1,27.566666666666663,3,5,0.6,3,5,0.6,0,0,0.0,0,1,1,1,1,0,1,3,9,10.0,0.9,0.9,1.0,0.0,0.0,4.1,2.0,4.4,1.7,0.0,16.7,9.2,140.0,117.0,0.5,38ee46a9-7b31-4b4f-ae3c-14ddfe0420d0,MIL,CLE,Home,126,116,1
Bobby Portis,1,25.316666666666663,2,6,0.333,0,1,0.0,4,4,1.0,0,6,6,0,0,0,1,1,8,-4.0,0.515,0.333,0.167,0.667,0.0,27.1,13.4,0.0,0.0,0.0,11.4,14.7,99.0,118.0,-8.2,38ee46a9-7b31-4b4f-ae3c-14ddfe0420d0,MIL,CLE,Home,126,116,1
Jae Crowder,1,17.6,1,2,0.5,1,2,0.5,0,0,0.0,1,2,3,1,0,0,3,2,3,-2.0,0.75,0.75,1.0,0.0,6.3,13.0,9.6,6.5,0.0,0.0,60.0,12.0,72.0,120.0,-9.1,38ee46a9-7b31-4b4f-ae3c-14ddfe0420d0,MIL,CLE,Home,126,116,1
Pat Connaughton,1,17.45,2,4,0.5,2,3,0.667,0,0,0.0,0,1,1,0,2,0,0,1,6,-4.0,0.75,0.75,0.75,0.0,0.0,6.5,3.2,0.0,5.4,0.0,0.0,9.7,147.0,108.0,5.1,38ee46a9-7b31-4b4f-ae3c-14ddfe0420d0,MIL,CLE,Home,126,116,1
Cameron Payne,1,13.433333333333334,2,6,0.333,1,3,0.333,0,0,0.0,0,2,2,0,1,0,1,1,5,2.0,0.417,0.417,0.5,0.0,0.0,17.0,8.4,0.0,3.5,0.0,14.3,22.1,72.0,111.0,-9.8,38ee46a9-7b31-4b4f-ae3c-14ddfe0420d0,MIL,CLE,Home,126,116,1
Thanasis Antetokounmpo,1,0.7,0,0,0.0,0,0,0.0,0,0,0.0,0,0,0,0,0,0,0,0,0,0.0,0.0,0.0,0.0,0.0,0.0,0.0,0.0,0.0,0.0,0.0,0.0,0.0,0.0,122.0,-6.8,38ee46a9-7b31-4b4f-ae3c-14ddfe0420d0,MIL,CLE,Home,126,116,1
A.J. Green,1,0.7,0,0,0.0,0,0,0.0,0,0,0.0,0,0,0,0,0,0,0,0,0,0.0,0.0,0.0,0.0,0.0,0.0,0.0,0.0,0.0,0.0,0.0,0.0,0.0,0.0,122.0,-7.2,38ee46a9-7b31-4b4f-ae3c-14ddfe0420d0,MIL,CLE,Home,126,116,1
Andre Jackson Jr.,1,0.7,0,0,0.0,0,0,0.0,0,0,0.0,0,0,0,0,0,0,0,0,0,0.0,0.0,0.0,0.0,0.0,0.0,0.0,0.0,0.0,0.0,0.0,0.0,0.0,0.0,122.0,-6.6,38ee46a9-7b31-4b4f-ae3c-14ddfe0420d0,MIL,CLE,Home,126,116,1
Robin Lopez,1,0.7,0,0,0.0,0,0,0.0,0,0,0.0,0,0,0,0,0,0,0,0,0,0.0,0.0,0.0,0.0,0.0,0.0,0.0,0.0,0.0,0.0,0.0,0.0,0.0,0.0,122.0,-6.0,38ee46a9-7b31-4b4f-ae3c-14ddfe0420d0,MIL,CLE,Home,126,116,1
Damian Lillard,1,38.18333333333333,7,24,0.292,2,10,0.2,6,6,1.0,1,3,4,3,1,0,4,0,22,-7.0,0.413,0.333,0.417,0.25,2.6,7.0,4.9,14.4,1.2,0.0,13.1,33.3,84.0,115.0,-5.4,d41956b2-e522-4e0b-8b08-7320fde6701a,MIL,CLE,Home,100,112,0
Giannis Antetokounmpo,1,35.78333333333333,9,13,0.692,0,0,0.0,4,9,0.444,2,9,11,9,1,1,6,5,22,8.0,0.649,0.692,0.0,0.692,5.6,22.4,14.5,52.7,1.3,2.4,26.1,26.7,109.0,106.0,7.9,d41956b2-e522-4e0b-8b08-7320fde6701a,MIL,CLE,Home,100,112,0
Khris Middleton,1,35.6,5,16,0.313,2,6,0.333,2,2,1.0,2,6,8,8,2,0,3,3,14,-19.0,0.415,0.375,0.375,0.125,5.6,15.0,10.6,38.2,2.7,0.0,15.1,23.2,96.0,108.0,1.5,d41956b2-e522-4e0b-8b08-7320fde6701a,MIL,CLE,Home,100,112,0
Brook Lopez,1,34.733333333333334,4,14,0.286,0,4,0.0,3,3,1.0,5,7,12,0,1,2,2,3,11,-21.0,0.359,0.286,0.286,0.214,14.4,17.9,16.3,0.0,1.4,4.9,11.5,20.7,82.0,107.0,-6.0,d41956b2-e522-4e0b-8b08-7320fde6701a,MIL,CLE,Home,100,112,0
Malik Beasley,1,26.85,1,2,0.5,1,2,0.5,0,0,0.0,1,2,3,1,0,0,2,4,3,-9.0,0.75,0.75,1.0,0.0,3.7,6.6,5.3,5.4,0.0,0.0,50.0,6.2,82.0,117.0,-7.0,d41956b2-e522-4e0b-8b08-7320fde6701a,MIL,CLE,Home,100,112,0
Jae Crowder,1,22.183333333333334,2,4,0.5,2,4,0.5,0,0,0.0,0,3,3,0,0,0,0,2,6,-5.0,0.75,0.75,1.0,0.0,0.0,12.0,6.4,0.0,0.0,0.0,0.0,7.5,146.0,115.0,-0.1,d41956b2-e522-4e0b-8b08-7320fde6701a,MIL,CLE,Home,100,112,0
Bobby Portis,1,21.666666666666668,4,8,0.5,3,3,1.0,1,2,0.5,1,7,8,0,1,0,1,3,12,-3.0,0.676,0.688,0.375,0.25,4.6,28.7,17.4,0.0,2.2,0.0,10.1,18.9,118.0,103.0,5.3,d41956b2-e522-4e0b-8b08-7320fde6701a,MIL,CLE,Home,100,112,0
Pat Connaughton,1,13.966666666666669,2,3,0.667,2,3,0.667,0,0,0.0,0,0,0,0,0,0,0,2,6,5.0,1.0,1.0,1.0,0.0,0.0,0.0,0.0,0.0,0.0,0.0,0.0,8.9,185.0,120.0,3.8,d41956b2-e522-4e0b-8b08-7320fde6701a,MIL,CLE,Home,100,112,0
Cameron Payne,1,11.033333333333331,1,3,0.333,1,2,0.5,1,2,0.5,0,2,2,0,0,1,0,2,4,-9.0,0.515,0.5,0.667,0.667,0.0,16.1,8.5,0.0,0.0,7.8,0.0,14.6,108.0,109.0,-0.1,d41956b2-e522-4e0b-8b08-7320fde6701a,MIL,CLE,Home,100,112,0
Thanasis Antetokounmpo,0,0.0,0,0,0.0,0,0,0.0,0,0,0.0,0,0,0,0,0,0,0,0,0,0.0,0.0,0.0,0.0,0.0,0.0,0.0,0.0,0.0,0.0,0.0,0.0,0.0,0.0,0.0,0.0,d41956b2-e522-4e0b-8b08-7320fde6701a,MIL,CLE,Home,100,112,0
MarJon Beauchamp,0,0.0,0,0,0.0,0,0,0.0,0,0,0.0,0,0,0,0,0,0,0,0,0,0.0,0.0,0.0,0.0,0.0,0.0,0.0,0.0,0.0,0.0,0.0,0.0,0.0,0.0,0.0,0.0,d41956b2-e522-4e0b-8b08-7320fde6701a,MIL,CLE,Home,100,112,0
A.J. Green,0,0.0,0,0,0.0,0,0,0.0,0,0,0.0,0,0,0,0,0,0,0,0,0,0.0,0.0,0.0,0.0,0.0,0.0,0.0,0.0,0.0,0.0,0.0,0.0,0.0,0.0,0.0,0.0,d41956b2-e522-4e0b-8b08-7320fde6701a,MIL,CLE,Home,100,112,0
Andre Jackson Jr.,0,0.0,0,0,0.0,0,0,0.0,0,0,0.0,0,0,0,0,0,0,0,0,0,0.0,0.0,0.0,0.0,0.0,0.0,0.0,0.0,0.0,0.0,0.0,0.0,0.0,0.0,0.0,0.0,d41956b2-e522-4e0b-8b08-7320fde6701a,MIL,CLE,Home,100,112,0
Chris Livingston,0,0.0,0,0,0.0,0,0,0.0,0,0,0.0,0,0,0,0,0,0,0,0,0,0.0,0.0,0.0,0.0,0.0,0.0,0.0,0.0,0.0,0.0,0.0,0.0,0.0,0.0,0.0,0.0,d41956b2-e522-4e0b-8b08-7320fde6701a,MIL,CLE,Home,100,112,0
Robin Lopez,0,0.0,0,0,0.0,0,0,0.0,0,0,0.0,0,0,0,0,0,0,0,0,0,0.0,0.0,0.0,0.0,0.0,0.0,0.0,0.0,0.0,0.0,0.0,0.0,0.0,0.0,0.0,0.0,d41956b2-e522-4e0b-8b08-7320fde6701a,MIL,CLE,Home,100,112,0
Brook Lopez,1,34.6,8,11,0.727,6,9,0.667,2,2,1.0,0,3,3,0,1,0,2,2,24,29.0,1.01,1.0,0.818,0.182,0.0,8.7,4.7,0.0,1.3,0.0,14.4,17.3,152.0,116.0,6.0,86a98f69-2821-4bee-8b10-1a3c2e642ace,MIL,NOP,Home,141,117,1
Giannis Antetokounmpo,1,28.916666666666668,11,16,0.688,1,1,1.0,7,11,0.636,1,11,12,4,2,0,1,3,30,23.0,0.72,0.719,0.063,0.688,4.1,38.0,22.6,20.3,3.2,0.0,4.6,32.7,145.0,106.0,11.1,86a98f69-2821-4bee-8b10-1a3c2e642ace,MIL,NOP,Home,141,117,1
Damian Lillard,1,28.53333333333333,7,14,0.5,3,7,0.429,9,10,0.9,0,6,6,9,2,0,0,1,26,23.0,0.707,0.607,0.5,0.714,0.0,21.0,11.5,38.6,3.2,0.0,0.0,27.9,161.0,109.0,14.7,86a98f69-2821-4bee-8b10-1a3c2e642ace,MIL,NOP,Home,141,117,1
Malik Beasley,1,28.366666666666667,3,10,0.3,1,7,0.143,1,2,0.5,1,3,4,2,2,0,2,2,8,26.0,0.368,0.35,0.7,0.2,4.2,10.6,7.7,7.4,3.3,0.0,15.5,19.6,78.0,111.0,-9.9,86a98f69-2821-4bee-8b10-1a3c2e642ace,MIL,NOP,Home,141,117,1
Jae Crowder,1,22.4,2,5,0.4,1,4,0.25,0,0,0.0,1,3,4,1,0,0,0,3,5,18.0,0.5,0.5,0.8,0.0,5.4,13.4,9.7,4.6,0.0,0.0,0.0,9.7,120.0,118.0,-6.2,86a98f69-2821-4bee-8b10-1a3c2e642ace,MIL,NOP,Home,141,117,1
Bobby Portis,1,22.15,9,15,0.6,2,5,0.4,0,0,0.0,1,6,7,2,1,0,1,6,20,2.0,0.667,0.667,0.333,0.0,5.4,27.1,17.2,13.8,2.1,0.0,6.3,31.2,125.0,110.0,0.6,86a98f69-2821-4bee-8b10-1a3c2e642ace,MIL,NOP,Home,141,117,1
Pat Connaughton,1,19.666666666666668,2,4,0.5,1,3,0.333,0,0,0.0,2,1,3,4,1,0,1,1,5,10.0,0.625,0.625,0.75,0.0,12.2,5.1,8.3,21.2,2.3,0.0,20.0,11.0,143.0,115.0,3.8,86a98f69-2821-4bee-8b10-1a3c2e642ace,MIL,NOP,Home,141,117,1
Cameron Payne,1,17.683333333333334,4,7,0.571,3,4,0.75,0,0,0.0,0,2,2,5,2,0,0,0,11,4.0,0.786,0.786,0.571,0.0,0.0,11.3,6.2,33.8,5.2,0.0,0.0,17.1,170.0,107.0,16.9,86a98f69-2821-4bee-8b10-1a3c2e642ace,MIL,NOP,Home,141,117,1
Andre Jackson Jr.,1,17.4,1,1,1.0,1,1,1.0,0,0,0.0,0,2,2,2,1,0,0,3,3,8.0,1.5,1.5,1.0,0.0,0.0,11.5,6.3,11.4,2.7,0.0,0.0,2.5,267.0,112.0,4.2,86a98f69-2821-4bee-8b10-1a3c2e642ace,MIL,NOP,Home,141,117,1
MarJon Beauchamp,1,5.933333333333334,3,3,1.0,0,0,0.0,0,0,0.0,0,0,0,0,0,0,0,0,6,-4.0,1.0,1.0,0.0,0.0,0.0,0.0,0.0,0.0,0.0,0.0,0.0,21.9,200.0,121.0,9.2,86a98f69-2821-4bee-8b10-1a3c2e642ace,MIL,NOP,Home,141,117,1
Robin Lopez,1,5.05,0,1,0.0,0,1,0.0,0,0,0.0,0,0,0,1,0,0,0,1,0,-3.0,0.0,0.0,1.0,0.0,0.0,0.0,0.0,18.6,0.0,0.0,0.0,8.6,66.0,120.0,-10.6,86a98f69-2821-4bee-8b10-1a3c2e642ace,MIL,NOP,Home,141,117,1
A.J. Green,1,4.35,1,3,0.333,1,3,0.333,0,0,0.0,0,1,1,0,0,0,1,1,3,-8.0,0.5,0.5,1.0,0.0,0.0,23.0,12.5,0.0,0.0,0.0,25.0,39.8,67.0,115.0,-21.2,86a98f69-2821-4bee-8b10-1a3c2e642ace,MIL,NOP,Home,141,117,1
Thanasis Antetokounmpo,1,3.1666666666666665,0,0,0.0,0,0,0.0,0,0,0.0,0,0,0,0,0,0,1,0,0,-5.0,0.0,0.0,0.0,0.0,0.0,0.0,0.0,0.0,0.0,0.0,100.0,13.7,0.0,121.0,-20.5,86a98f69-2821-4bee-8b10-1a3c2e642ace,MIL,NOP,Home,141,117,1
Chris Livingston,1,1.7833333333333332,0,1,0.0,0,0,0.0,0,0,0.0,0,1,1,0,0,0,0,2,0,-3.0,0.0,0.0,0.0,0.0,0.0,56.1,30.6,0.0,0.0,0.0,0.0,24.2,0.0,106.0,-48.6,86a98f69-2821-4bee-8b10-1a3c2e642ace,MIL,NOP,Home,141,117,1
Giannis Antetokounmpo,1,36.91666666666666,11,19,0.579,1,1,1.0,6,11,0.545,2,10,12,4,1,1,2,4,29,-3.0,0.608,0.605,0.053,0.579,5.8,31.0,17.9,24.0,1.3,1.8,7.7,31.4,119.0,111.0,8.0,9bc3986d-73a3-4065-9030-f304006a9004,MIL,DEN,Away,107,113,0
Damian Lillard,1,35.36666666666667,5,13,0.385,2,4,0.5,6,6,1.0,2,1,3,5,0,1,4,2,18,1.0,0.575,0.462,0.308,0.462,6.0,3.2,4.7,23.2,0.0,1.9,20.4,24.9,106.0,120.0,-1.4,9bc3986d-73a3-4065-9030-f304006a9004,MIL,DEN,Away,107,113,0
Brook Lopez,1,34.333333333333336,7,13,0.538,5,9,0.556,0,0,0.0,1,1,2,2,0,2,1,4,19,5.0,0.731,0.731,0.692,0.0,3.1,3.3,3.2,10.7,0.0,3.8,7.1,18.3,129.0,118.0,6.5,9bc3986d-73a3-4065-9030-f304006a9004,MIL,DEN,Away,107,113,0
Malik Beasley,1,31.2,2,9,0.222,1,7,0.143,0,0,0.0,0,1,1,2,0,1,0,1,5,6.0,0.278,0.278,0.778,0.0,0.0,3.7,1.8,9.3,0.0,2.1,0.0,12.9,69.0,119.0,-7.1,9bc3986d-73a3-4065-9030-f304006a9004,MIL,DEN,Away,107,113,0
Khris Middleton,1,29.916666666666668,6,10,0.6,2,6,0.333,0,0,0.0,0,8,8,3,0,1,4,5,14,2.0,0.7,0.7,0.6,0.0,0.0,30.6,14.8,18.3,0.0,2.2,28.6,21.0,96.0,114.0,-2.6,9bc3986d-73a3-4065-9030-f304006a9004,MIL,DEN,Away,107,113,0
Bobby Portis,1,24.75,2,13,0.154,2,6,0.333,3,4,0.75,2,10,12,2,0,0,0,3,9,-14.0,0.305,0.231,0.462,0.308,8.6,46.2,26.8,12.1,0.0,0.0,0.0,26.8,81.0,113.0,-7.6,9bc3986d-73a3-4065-9030-f304006a9004,MIL,DEN,Away,107,113,0
Jae Crowder,1,19.23333333333333,1,3,0.333,1,3,0.333,0,0,0.0,0,0,0,1,1,0,0,1,3,-9.0,0.5,0.5,1.0,0.0,0.0,0.0,0.0,7.4,2.5,0.0,0.0,7.0,110.0,117.0,-0.6,9bc3986d-73a3-4065-9030-f304006a9004,MIL,DEN,Away,107,113,0
Pat Connaughton,1,15.7,1,2,0.5,1,2,0.5,4,4,1.0,0,1,1,3,0,1,1,0,7,-11.0,0.931,0.75,1.0,2.0,0.0,7.3,3.5,27.8,0.0,4.2,21.0,13.6,162.0,117.0,11.7,9bc3986d-73a3-4065-9030-f304006a9004,MIL,DEN,Away,107,113,0
Cameron Payne,1,12.583333333333334,1,2,0.5,1,2,0.5,0,0,0.0,0,1,1,2,1,0,0,2,3,-7.0,0.75,0.75,1.0,0.0,0.0,9.1,4.4,23.7,3.9,0.0,0.0,7.1,166.0,112.0,4.7,9bc3986d-73a3-4065-9030-f304006a9004,MIL,DEN,Away,107,113,0
Thanasis Antetokounmpo,0,0.0,0,0,0.0,0,0,0.0,0,0,0.0,0,0,0,0,0,0,0,0,0,0.0,0.0,0.0,0.0,0.0,0.0,0.0,0.0,0.0,0.0,0.0,0.0,0.0,0.0,0.0,0.0,9bc3986d-73a3-4065-9030-f304006a9004,MIL,DEN,Away,107,113,0
MarJon Beauchamp,0,0.0,0,0,0.0,0,0,0.0,0,0,0.0,0,0,0,0,0,0,0,0,0,0.0,0.0,0.0,0.0,0.0,0.0,0.0,0.0,0.0,0.0,0.0,0.0,0.0,0.0,0.0,0.0,9bc3986d-73a3-4065-9030-f304006a9004,MIL,DEN,Away,107,113,0
A.J. Green,0,0.0,0,0,0.0,0,0,0.0,0,0,0.0,0,0,0,0,0,0,0,0,0,0.0,0.0,0.0,0.0,0.0,0.0,0.0,0.0,0.0,0.0,0.0,0.0,0.0,0.0,0.0,0.0,9bc3986d-73a3-4065-9030-f304006a9004,MIL,DEN,Away,107,113,0
Andre Jackson Jr.,0,0.0,0,0,0.0,0,0,0.0,0,0,0.0,0,0,0,0,0,0,0,0,0,0.0,0.0,0.0,0.0,0.0,0.0,0.0,0.0,0.0,0.0,0.0,0.0,0.0,0.0,0.0,0.0,9bc3986d-73a3-4065-9030-f304006a9004,MIL,DEN,Away,107,113,0
Chris Livingston,0,0.0,0,0,0.0,0,0,0.0,0,0,0.0,0,0,0,0,0,0,0,0,0,0.0,0.0,0.0,0.0,0.0,0.0,0.0,0.0,0.0,0.0,0.0,0.0,0.0,0.0,0.0,0.0,9bc3986d-73a3-4065-9030-f304006a9004,MIL,DEN,Away,107,113,0
Robin Lopez,0,0.0,0,0,0.0,0,0,0.0,0,0,0.0,0,0,0,0,0,0,0,0,0,0.0,0.0,0.0,0.0,0.0,0.0,0.0,0.0,0.0,0.0,0.0,0.0,0.0,0.0,0.0,0.0,9bc3986d-73a3-4065-9030-f304006a9004,MIL,DEN,Away,107,113,0
Damian Lillard,1,39.88333333333333,9,23,0.391,3,13,0.231,4,4,1.0,2,4,6,7,1,0,4,2,25,6.0,0.505,0.457,0.565,0.174,6.0,12.7,9.3,24.7,1.2,0.0,13.9,30.7,105.0,125.0,-3.0,9e759ec5-14e6-41ac-8a3c-219819619d71,MIL,POR,Away,116,119,0
Giannis Antetokounmpo,1,37.766666666666666,10,16,0.625,0,2,0.0,7,11,0.636,3,5,8,4,3,1,6,5,27,6.0,0.648,0.625,0.125,0.688,9.5,16.7,13.0,15.7,3.9,2.0,22.4,30.2,109.0,116.0,1.3,9e759ec5-14e6-41ac-8a3c-219819619d71,MIL,POR,Away,116,119,0
Brook Lopez,1,36.18333333333333,7,14,0.5,4,10,0.4,1,1,1.0,0,4,4,3,1,2,0,1,19,1.0,0.658,0.643,0.714,0.071,0.0,14.0,6.8,11.1,1.4,4.1,0.0,17.0,140.0,121.0,7.0,9e759ec5-14e6-41ac-8a3c-219819619d71,MIL,POR,Away,116,119,0
Khris Middleton,1,34.06666666666667,9,13,0.692,3,5,0.6,0,0,0.0,0,2,2,8,0,1,1,3,21,7.0,0.808,0.808,0.385,0.0,0.0,7.4,3.6,34.9,0.0,2.2,7.1,17.5,160.0,127.0,9.3,9e759ec5-14e6-41ac-8a3c-219819619d71,MIL,POR,Away,116,119,0
Malik Beasley,1,28.95,3,8,0.375,1,6,0.167,0,0,0.0,0,6,6,1,1,0,0,3,7,6.0,0.438,0.438,0.75,0.0,0.0,26.2,12.8,4.1,1.7,0.0,0.0,11.7,98.0,121.0,-6.4,9e759ec5-14e6-41ac-8a3c-219819619d71,MIL,POR,Away,116,119,0
Bobby Portis,1,22.066666666666663,5,7,0.714,1,2,0.5,0,0,0.0,2,4,6,0,0,0,1,0,11,-11.0,0.786,0.786,0.286,0.0,10.9,22.9,16.7,0.0,0.0,0.0,12.5,15.4,136.0,126.0,0.4,9e759ec5-14e6-41ac-8a3c-219819619d71,MIL,POR,Away,116,119,0
Jae Crowder,1,18.53333333333333,2,6,0.333,1,5,0.2,1,2,0.5,2,3,5,2,0,1,0,1,6,-11.0,0.436,0.417,0.833,0.333,12.9,20.4,16.6,13.0,0.0,4.0,0.0,15.8,119.0,123.0,0.1,9e759ec5-14e6-41ac-8a3c-219819619d71,MIL,POR,Away,116,119,0
Pat Connaughton,1,14.433333333333334,0,0,0.0,0,0,0.0,0,0,0.0,0,1,1,0,1,0,1,2,0,-10.0,0.0,0.0,0.0,0.0,0.0,8.8,4.3,0.0,3.4,0.0,100.0,2.9,0.0,121.0,-9.6,9e759ec5-14e6-41ac-8a3c-219819619d71,MIL,POR,Away,116,119,0
Cameron Payne,1,8.116666666666667,0,5,0.0,0,2,0.0,0,0,0.0,1,0,1,2,0,0,0,0,0,-9.0,0.0,0.0,0.4,0.0,14.8,0.0,7.6,26.3,0.0,0.0,0.0,26.2,44.0,130.0,-23.6,9e759ec5-14e6-41ac-8a3c-219819619d71,MIL,POR,Away,116,119,0
Thanasis Antetokounmpo,0,0.0,0,0,0.0,0,0,0.0,0,0,0.0,0,0,0,0,0,0,0,0,0,0.0,0.0,0.0,0.0,0.0,0.0,0.0,0.0,0.0,0.0,0.0,0.0,0.0,0.0,0.0,0.0,9e759ec5-14e6-41ac-8a3c-219819619d71,MIL,POR,Away,116,119,0
MarJon Beauchamp,0,0.0,0,0,0.0,0,0,0.0,0,0,0.0,0,0,0,0,0,0,0,0,0,0.0,0.0,0.0,0.0,0.0,0.0,0.0,0.0,0.0,0.0,0.0,0.0,0.0,0.0,0.0,0.0,9e759ec5-14e6-41ac-8a3c-219819619d71,MIL,POR,Away,116,119,0
A.J. Green,0,0.0,0,0,0.0,0,0,0.0,0,0,0.0,0,0,0,0,0,0,0,0,0,0.0,0.0,0.0,0.0,0.0,0.0,0.0,0.0,0.0,0.0,0.0,0.0,0.0,0.0,0.0,0.0,9e759ec5-14e6-41ac-8a3c-219819619d71,MIL,POR,Away,116,119,0
Andre Jackson Jr.,0,0.0,0,0,0.0,0,0,0.0,0,0,0.0,0,0,0,0,0,0,0,0,0,0.0,0.0,0.0,0.0,0.0,0.0,0.0,0.0,0.0,0.0,0.0,0.0,0.0,0.0,0.0,0.0,9e759ec5-14e6-41ac-8a3c-219819619d71,MIL,POR,Away,116,119,0
Chris Livingston,0,0.0,0,0,0.0,0,0,0.0,0,0,0.0,0,0,0,0,0,0,0,0,0,0.0,0.0,0.0,0.0,0.0,0.0,0.0,0.0,0.0,0.0,0.0,0.0,0.0,0.0,0.0,0.0,9e759ec5-14e6-41ac-8a3c-219819619d71,MIL,POR,Away,116,119,0
Robin Lopez,0,0.0,0,0,0.0,0,0,0.0,0,0,0.0,0,0,0,0,0,0,0,0,0,0.0,0.0,0.0,0.0,0.0,0.0,0.0,0.0,0.0,0.0,0.0,0.0,0.0,0.0,0.0,0.0,9e759ec5-14e6-41ac-8a3c-219819619d71,MIL,POR,Away,116,119,0
Giannis Antetokounmpo,1,40.16666666666666,20,28,0.714,2,5,0.4,6,10,0.6,1,5,6,10,5,1,1,3,48,15.0,0.741,0.75,0.179,0.357,3.1,15.3,9.2,45.8,5.8,2.8,3.0,36.3,149.0,105.0,23.3,287c7b2f-1962-46a6-9798-c9847839abc9,MIL,DAL,Away,129,117,1
Khris Middleton,1,38.48333333333333,5,15,0.333,1,4,0.25,2,2,1.0,1,2,3,8,1,0,2,5,13,24.0,0.409,0.367,0.267,0.133,3.2,6.4,4.8,22.8,1.2,0.0,11.2,20.3,98.0,119.0,-8.7,287c7b2f-1962-46a6-9798-c9847839abc9,MIL,DAL,Away,129,117,1
Damian Lillard,1,38.21666666666667,10,11,0.909,5,5,1.0,5,6,0.833,0,3,3,8,0,1,6,3,30,16.0,1.1,1.136,0.455,0.545,0.0,9.7,4.8,26.8,0.0,3.0,30.5,22.4,143.0,120.0,8.1,287c7b2f-1962-46a6-9798-c9847839abc9,MIL,DAL,Away,129,117,1
Malik Beasley,1,32.53333333333333,3,9,0.333,3,8,0.375,0,2,0.0,0,7,7,0,2,0,1,1,9,25.0,0.455,0.5,0.889,0.222,0.0,26.5,13.2,0.0,2.9,0.0,9.2,14.6,75.0,112.0,-5.7,287c7b2f-1962-46a6-9798-c9847839abc9,MIL,DAL,Away,129,117,1
Robin Lopez,1,4.166666666666667,1,1,1.0,0,0,0.0,0,0,0.0,0,0,0,0,0,0,0,0,2,-1.0,1.0,1.0,0.0,0.0,0.0,0.0,0.0,0.0,0.0,0.0,0.0,10.5,200.0,124.0,1.2,287c7b2f-1962-46a6-9798-c9847839abc9,MIL,DAL,Away,129,117,1
Bobby Portis,1,31.183333333333334,4,10,0.4,0,3,0.0,4,5,0.8,3,7,10,2,1,0,0,3,12,-3.0,0.492,0.4,0.3,0.5,11.8,27.6,19.7,7.0,1.5,0.0,0.0,17.1,120.0,115.0,-4.4,287c7b2f-1962-46a6-9798-c9847839abc9,MIL,DAL,Away,129,117,1
Jae Crowder,1,20.7,4,6,0.667,0,1,0.0,0,0,0.0,0,2,2,2,2,0,0,3,8,-18.0,0.667,0.667,0.167,0.0,0.0,11.9,5.9,11.4,4.5,0.0,0.0,12.6,137.0,110.0,2.1,287c7b2f-1962-46a6-9798-c9847839abc9,MIL,DAL,Away,129,117,1
Pat Connaughton,1,18.3,1,6,0.167,0,3,0.0,0,0,0.0,0,3,3,1,1,0,0,1,2,-10.0,0.167,0.167,0.5,0.0,0.0,20.2,10.1,5.5,2.5,0.0,0.0,14.3,46.0,114.0,-13.1,287c7b2f-1962-46a6-9798-c9847839abc9,MIL,DAL,Away,129,117,1
Cameron Payne,1,9.783333333333331,0,0,0.0,0,0,0.0,0,0,0.0,0,2,2,3,1,0,1,2,0,-4.0,0.0,0.0,0.0,0.0,0.0,25.2,12.6,29.4,4.8,0.0,100.0,4.5,107.0,107.0,-1.3,287c7b2f-1962-46a6-9798-c9847839abc9,MIL,DAL,Away,129,117,1
A.J. Green,1,6.466666666666667,2,2,1.0,1,1,1.0,0,0,0.0,0,0,0,0,0,0,0,0,5,16.0,1.25,1.25,0.5,0.0,0.0,0.0,0.0,0.0,0.0,0.0,0.0,13.5,250.0,124.0,11.9,287c7b2f-1962-46a6-9798-c9847839abc9,MIL,DAL,Away,129,117,1
Thanasis Antetokounmpo,0,0.0,0,0,0.0,0,0,0.0,0,0,0.0,0,0,0,0,0,0,0,0,0,0.0,0.0,0.0,0.0,0.0,0.0,0.0,0.0,0.0,0.0,0.0,0.0,0.0,0.0,0.0,0.0,287c7b2f-1962-46a6-9798-c9847839abc9,MIL,DAL,Away,129,117,1
MarJon Beauchamp,0,0.0,0,0,0.0,0,0,0.0,0,0,0.0,0,0,0,0,0,0,0,0,0,0.0,0.0,0.0,0.0,0.0,0.0,0.0,0.0,0.0,0.0,0.0,0.0,0.0,0.0,0.0,0.0,287c7b2f-1962-46a6-9798-c9847839abc9,MIL,DAL,Away,129,117,1
Chris Livingston,0,0.0,0,0,0.0,0,0,0.0,0,0,0.0,0,0,0,0,0,0,0,0,0,0.0,0.0,0.0,0.0,0.0,0.0,0.0,0.0,0.0,0.0,0.0,0.0,0.0,0.0,0.0,0.0,287c7b2f-1962-46a6-9798-c9847839abc9,MIL,DAL,Away,129,117,1
Jae Crowder,1,40.05,2,10,0.2,2,7,0.286,0,0,0.0,0,2,2,3,1,0,0,2,6,-19.0,0.3,0.3,0.7,0.0,0.0,6.5,2.9,9.8,1.2,0.0,0.0,11.3,76.0,130.0,-8.9,16ace40b-dbda-4f24-969d-0860abd2053f,MIL,UTA,Away,108,123,0
Giannis Antetokounmpo,1,39.6,11,15,0.733,0,2,0.0,11,15,0.733,2,5,7,13,0,1,5,3,33,-8.0,0.764,0.733,0.133,1.0,5.2,16.4,10.1,61.4,0.0,2.7,18.8,30.4,141.0,128.0,13.2,16ace40b-dbda-4f24-969d-0860abd2053f,MIL,UTA,Away,108,123,0
Damian Lillard,1,37.75,5,18,0.278,1,8,0.125,1,2,0.5,0,0,0,6,1,2,3,5,12,-21.0,0.318,0.306,0.444,0.111,0.0,0.0,0.0,23.4,1.3,5.7,13.7,26.2,70.0,129.0,-13.4,16ace40b-dbda-4f24-969d-0860abd2053f,MIL,UTA,Away,108,123,0
Bobby Portis,1,36.35,11,20,0.55,4,7,0.571,1,1,1.0,1,6,7,0,3,0,1,2,27,-18.0,0.66,0.65,0.35,0.05,2.8,21.4,11.0,0.0,4.0,0.0,4.7,26.7,116.0,119.0,4.1,16ace40b-dbda-4f24-969d-0860abd2053f,MIL,UTA,Away,108,123,0
Malik Beasley,1,29.916666666666668,6,8,0.75,4,6,0.667,0,0,0.0,1,2,3,2,1,0,0,4,16,-21.0,1.0,1.0,0.75,0.0,3.4,8.7,5.7,10.9,1.6,0.0,0.0,12.1,187.0,128.0,7.3,16ace40b-dbda-4f24-969d-0860abd2053f,MIL,UTA,Away,108,123,0
A.J. Green,1,21.8,3,6,0.5,3,6,0.5,1,1,1.0,0,5,5,0,0,0,0,2,10,3.0,0.776,0.75,1.0,0.167,0.0,29.8,13.1,0.0,0.0,0.0,0.0,13.4,141.0,125.0,-0.4,16ace40b-dbda-4f24-969d-0860abd2053f,MIL,UTA,Away,108,123,0
Pat Connaughton,1,18.383333333333333,0,0,0.0,0,0,0.0,1,4,0.25,1,3,4,1,2,0,1,1,1,11.0,0.284,0.0,0.0,0.0,5.6,21.2,12.4,6.7,5.3,0.0,36.2,6.8,76.0,116.0,-4.3,16ace40b-dbda-4f24-969d-0860abd2053f,MIL,UTA,Away,108,123,0
Cameron Payne,1,10.25,1,3,0.333,1,3,0.333,0,0,0.0,1,2,3,2,0,0,0,0,3,6.0,0.5,0.5,1.0,0.0,10.0,25.3,16.7,27.3,0.0,0.0,0.0,13.3,134.0,127.0,0.8,16ace40b-dbda-4f24-969d-0860abd2053f,MIL,UTA,Away,108,123,0
Robin Lopez,1,4.083333333333333,0,2,0.0,0,1,0.0,0,0,0.0,1,0,1,0,0,0,1,1,0,-6.0,0.0,0.0,0.5,0.0,25.0,0.0,14.0,0.0,0.0,0.0,33.3,33.3,28.0,134.0,-42.2,16ace40b-dbda-4f24-969d-0860abd2053f,MIL,UTA,Away,108,123,0
MarJon Beauchamp,1,0.6166666666666667,0,1,0.0,0,1,0.0,0,0,0.0,0,0,0,0,0,0,0,0,0,-1.0,0.0,0.0,1.0,0.0,0.0,0.0,0.0,0.0,0.0,0.0,0.0,73.4,0.0,135.0,-76.9,16ace40b-dbda-4f24-969d-0860abd2053f,MIL,UTA,Away,108,123,0
Andre Jackson Jr.,1,0.6166666666666667,0,0,0.0,0,0,0.0,0,2,0.0,0,0,0,0,0,0,0,1,0,-1.0,0.0,0.0,0.0,0.0,0.0,0.0,0.0,0.0,0.0,0.0,0.0,64.6,0.0,132.0,-97.9,16ace40b-dbda-4f24-969d-0860abd2053f,MIL,UTA,Away,108,123,0
Chris Livingston,1,0.5833333333333334,0,1,0.0,0,0,0.0,0,0,0.0,0,0,0,0,0,0,0,0,0,0.0,0.0,0.0,0.0,0.0,0.0,0.0,0.0,0.0,0.0,0.0,0.0,77.6,0.0,135.0,-81.3,16ace40b-dbda-4f24-969d-0860abd2053f,MIL,UTA,Away,108,123,0
Thanasis Antetokounmpo,0,0.0,0,0,0.0,0,0,0.0,0,0,0.0,0,0,0,0,0,0,0,0,0,0.0,0.0,0.0,0.0,0.0,0.0,0.0,0.0,0.0,0.0,0.0,0.0,0.0,0.0,0.0,0.0,16ace40b-dbda-4f24-969d-0860abd2053f,MIL,UTA,Away,108,123,0
Giannis Antetokounmpo,1,38.6,13,24,0.542,1,3,0.333,7,13,0.538,4,6,10,6,0,0,5,5,34,1.0,0.572,0.563,0.125,0.542,9.8,17.8,13.4,32.7,0.0,0.0,14.4,38.2,108.0,117.0,2.8,77adb9f8-5159-48ea-8f29-25a9c10ebca2,MIL,PHO,Away,106,114,0
Malik Beasley,1,35.95,7,17,0.412,6,14,0.429,2,2,1.0,2,2,4,2,0,0,3,1,22,0.0,0.615,0.588,0.824,0.118,5.2,6.4,5.7,9.0,0.0,0.0,14.4,24.7,108.0,119.0,0.4,77adb9f8-5159-48ea-8f29-25a9c10ebca2,MIL,PHO,Away,106,114,0
Pat Connaughton,1,32.25,4,6,0.667,3,5,0.6,1,2,0.5,0,6,6,6,0,0,0,4,12,-15.0,0.872,0.917,0.833,0.333,0.0,21.3,9.6,27.0,0.0,0.0,0.0,9.1,182.0,116.0,6.1,77adb9f8-5159-48ea-8f29-25a9c10ebca2,MIL,PHO,Away,106,114,0
Robin Lopez,1,18.466666666666665,3,8,0.375,0,1,0.0,0,0,0.0,1,0,1,0,1,2,0,2,6,-13.0,0.375,0.375,0.125,0.0,5.1,0.0,2.8,0.0,2.6,8.8,0.0,18.4,83.0,107.0,-4.7,77adb9f8-5159-48ea-8f29-25a9c10ebca2,MIL,PHO,Away,106,114,0
Khris Middleton,1,8.05,2,3,0.667,1,1,1.0,1,2,0.5,0,3,3,1,1,0,1,1,6,-1.0,0.773,0.833,0.333,0.667,0.0,42.6,19.2,22.0,5.9,0.0,20.5,25.8,118.0,100.0,12.0,77adb9f8-5159-48ea-8f29-25a9c10ebca2,MIL,PHO,Away,106,114,0
Jae Crowder,1,39.75,4,9,0.444,0,4,0.0,2,2,1.0,0,6,6,3,2,1,1,4,10,-8.0,0.506,0.444,0.444,0.222,0.0,17.3,7.8,10.6,2.4,2.0,9.2,11.6,104.0,110.0,-2.1,77adb9f8-5159-48ea-8f29-25a9c10ebca2,MIL,PHO,Away,106,114,0
Bobby Portis,1,31.183333333333334,2,9,0.222,1,4,0.25,0,0,0.0,3,6,9,2,4,1,1,1,5,3.0,0.278,0.278,0.444,0.0,9.1,22.0,14.9,8.6,6.1,2.6,10.0,13.6,78.0,102.0,-1.0,77adb9f8-5159-48ea-8f29-25a9c10ebca2,MIL,PHO,Away,106,114,0
Cameron Payne,1,22.633333333333333,4,10,0.4,1,4,0.25,2,4,0.5,0,4,4,3,2,0,1,2,11,-3.0,0.468,0.45,0.4,0.4,0.0,20.2,9.1,20.8,4.2,0.0,7.8,23.9,97.0,108.0,-0.5,77adb9f8-5159-48ea-8f29-25a9c10ebca2,MIL,PHO,Away,106,114,0
A.J. Green,1,13.1,0,4,0.0,0,4,0.0,0,0,0.0,0,1,1,0,0,0,0,1,0,-4.0,0.0,0.0,1.0,0.0,0.0,8.7,3.9,0.0,0.0,0.0,0.0,13.0,0.0,119.0,-20.7,77adb9f8-5159-48ea-8f29-25a9c10ebca2,MIL,PHO,Away,106,114,0
Thanasis Antetokounmpo,0,0.0,0,0,0.0,0,0,0.0,0,0,0.0,0,0,0,0,0,0,0,0,0,0.0,0.0,0.0,0.0,0.0,0.0,0.0,0.0,0.0,0.0,0.0,0.0,0.0,0.0,0.0,0.0,77adb9f8-5159-48ea-8f29-25a9c10ebca2,MIL,PHO,Away,106,114,0
MarJon Beauchamp,0,0.0,0,0,0.0,0,0,0.0,0,0,0.0,0,0,0,0,0,0,0,0,0,0.0,0.0,0.0,0.0,0.0,0.0,0.0,0.0,0.0,0.0,0.0,0.0,0.0,0.0,0.0,0.0,77adb9f8-5159-48ea-8f29-25a9c10ebca2,MIL,PHO,Away,106,114,0
Andre Jackson Jr.,0,0.0,0,0,0.0,0,0,0.0,0,0,0.0,0,0,0,0,0,0,0,0,0,0.0,0.0,0.0,0.0,0.0,0.0,0.0,0.0,0.0,0.0,0.0,0.0,0.0,0.0,0.0,0.0,77adb9f8-5159-48ea-8f29-25a9c10ebca2,MIL,PHO,Away,106,114,0
Jae Crowder,1,37.35,7,11,0.636,4,5,0.8,3,3,1.0,1,7,8,5,1,0,0,2,21,-15.0,0.852,0.818,0.455,0.273,3.1,24.3,13.2,20.7,1.4,0.0,0.0,15.7,175.0,143.0,7.6,45a2006f-2076-48f5-9252-93541a12f7c2,MIL,MIN,Home,105,129,0
Pat Connaughton,1,37.28333333333333,4,6,0.667,1,2,0.5,0,0,0.0,1,1,2,9,0,1,4,2,9,-12.0,0.75,0.75,0.333,0.0,3.1,3.5,3.3,33.2,0.0,2.8,40.0,12.7,114.0,151.0,-3.7,45a2006f-2076-48f5-9252-93541a12f7c2,MIL,MIN,Home,105,129,0
Malik Beasley,1,32.8,1,13,0.077,0,9,0.0,1,2,0.5,2,2,4,3,1,0,1,0,3,-13.0,0.108,0.077,0.692,0.154,7.1,7.9,7.5,11.4,1.6,0.0,6.7,21.6,49.0,148.0,-23.4,45a2006f-2076-48f5-9252-93541a12f7c2,MIL,MIN,Home,105,129,0
Giannis Antetokounmpo,1,27.35,7,14,0.5,0,2,0.0,3,7,0.429,1,2,3,7,1,0,3,1,17,-18.0,0.498,0.5,0.143,0.5,4.3,9.5,6.8,44.3,2.0,0.0,14.9,34.9,102.0,146.0,-3.4,45a2006f-2076-48f5-9252-93541a12f7c2,MIL,MIN,Home,105,129,0
Brook Lopez,1,25.716666666666665,5,8,0.625,2,4,0.5,0,0,0.0,1,4,5,2,1,2,0,1,12,-21.0,0.75,0.75,0.5,0.0,4.6,20.2,12.0,12.2,2.1,8.1,0.0,14.8,151.0,138.0,5.8,45a2006f-2076-48f5-9252-93541a12f7c2,MIL,MIN,Home,105,129,0
Bobby Portis,1,29.2,5,12,0.417,0,2,0.0,2,2,1.0,4,5,9,3,1,0,3,3,12,-21.0,0.466,0.417,0.167,0.167,16.0,22.2,19.0,15.5,1.9,0.0,18.9,25.8,97.0,142.0,-12.1,45a2006f-2076-48f5-9252-93541a12f7c2,MIL,MIN,Home,105,129,0
A.J. Green,1,21.8,9,11,0.818,7,8,0.875,2,2,1.0,0,2,2,3,0,0,1,0,27,-7.0,1.136,1.136,0.727,0.182,0.0,11.9,5.6,32.7,0.0,0.0,7.8,28.1,181.0,150.0,28.7,45a2006f-2076-48f5-9252-93541a12f7c2,MIL,MIN,Home,105,129,0
Andre Jackson Jr.,1,17.7,0,2,0.0,0,0,0.0,0,0,0.0,0,1,1,3,1,0,1,0,0,-11.0,0.0,0.0,0.0,0.0,0.0,7.3,3.5,20.3,3.1,0.0,33.3,8.1,59.0,144.0,-9.9,45a2006f-2076-48f5-9252-93541a12f7c2,MIL,MIN,Home,105,129,0
Thanasis Antetokounmpo,1,5.4,1,2,0.5,0,0,0.0,0,0,0.0,0,0,0,0,0,0,0,1,2,-1.0,0.5,0.5,0.0,0.0,0.0,0.0,0.0,0.0,0.0,0.0,0.0,17.6,97.0,153.0,-17.7,45a2006f-2076-48f5-9252-93541a12f7c2,MIL,MIN,Home,105,129,0
MarJon Beauchamp,1,5.4,1,2,0.5,0,1,0.0,0,0,0.0,0,1,1,0,0,0,0,0,2,-1.0,0.5,0.5,0.5,0.0,0.0,24.0,11.4,0.0,0.0,0.0,0.0,17.6,97.0,147.0,-12.3,45a2006f-2076-48f5-9252-93541a12f7c2,MIL,MIN,Home,105,129,0
Damian Lillard,1,0.0,0,0,0.0,0,0,0.0,0,0,0.0,0,0,0,0,0,0,0,0,0,0.0,0.0,0.0,0.0,0.0,0.0,0.0,0.0,0.0,0.0,0.0,0.0,0.0,0.0,0.0,0.0,45a2006f-2076-48f5-9252-93541a12f7c2,MIL,MIN,Home,105,129,0
Jae Crowder,1,29.666666666666668,1,7,0.143,1,6,0.167,2,3,0.667,0,2,2,3,0,0,0,1,5,39.0,0.3,0.214,0.857,0.429,0.0,6.3,3.2,12.3,0.0,0.0,0.0,12.3,85.0,96.0,-8.4,0973929c-2bb4-40ee-ada2-d29aecc132b9,MIL,CHO,Home,120,84,1
Damian Lillard,1,29.066666666666663,9,18,0.5,2,8,0.25,6,6,1.0,0,4,4,8,3,0,0,1,26,33.0,0.63,0.556,0.444,0.333,0.0,13.0,6.5,50.5,5.2,0.0,0.0,31.1,143.0,83.0,18.1,0973929c-2bb4-40ee-ada2-d29aecc132b9,MIL,CHO,Home,120,84,1
Brook Lopez,1,26.883333333333333,4,9,0.444,1,5,0.2,2,2,1.0,2,5,7,2,0,3,1,2,11,34.0,0.557,0.5,0.556,0.222,7.1,17.5,12.4,10.5,0.0,10.7,9.2,17.7,118.0,85.0,1.7,0973929c-2bb4-40ee-ada2-d29aecc132b9,MIL,CHO,Home,120,84,1
Malik Beasley,1,24.466666666666665,7,9,0.778,7,9,0.778,0,1,0.0,1,1,2,2,1,0,0,2,21,31.0,1.112,1.167,1.0,0.111,3.9,3.8,3.9,14.4,2.0,0.0,0.0,16.9,201.0,92.0,22.9,0973929c-2bb4-40ee-ada2-d29aecc132b9,MIL,CHO,Home,120,84,1
Giannis Antetokounmpo,1,23.65,5,10,0.5,0,1,0.0,5,7,0.714,1,13,14,3,1,1,0,5,15,28.0,0.573,0.5,0.1,0.7,4.1,51.7,28.1,19.7,2.1,4.1,0.0,24.2,131.0,74.0,7.0,0973929c-2bb4-40ee-ada2-d29aecc132b9,MIL,CHO,Home,120,84,1
Bobby Portis,1,20.98333333333333,7,14,0.5,3,4,0.75,1,1,1.0,2,5,7,1,1,0,1,3,18,13.0,0.623,0.607,0.286,0.071,9.2,22.4,15.9,9.2,2.4,0.0,6.5,32.2,118.0,86.0,5.4,0973929c-2bb4-40ee-ada2-d29aecc132b9,MIL,CHO,Home,120,84,1
A.J. Green,1,18.33333333333333,1,9,0.111,1,9,0.111,0,0,0.0,1,3,4,0,1,0,0,3,3,-3.0,0.167,0.167,1.0,0.0,5.2,15.4,10.4,0.0,2.7,0.0,0.0,21.5,46.0,87.0,-18.6,0973929c-2bb4-40ee-ada2-d29aecc132b9,MIL,CHO,Home,120,84,1
Pat Connaughton,1,15.7,2,3,0.667,1,2,0.5,0,0,0.0,2,4,6,1,0,0,1,0,5,9.0,0.833,0.833,0.667,0.0,12.2,24.0,18.2,8.8,0.0,0.0,25.0,11.2,138.0,91.0,2.3,0973929c-2bb4-40ee-ada2-d29aecc132b9,MIL,CHO,Home,120,84,1
Andre Jackson Jr.,1,13.2,1,3,0.333,0,2,0.0,0,0,0.0,0,2,2,0,1,0,1,2,2,-1.0,0.333,0.333,0.667,0.0,0.0,14.3,7.2,0.0,3.8,0.0,25.0,13.3,48.0,85.0,-12.2,0973929c-2bb4-40ee-ada2-d29aecc132b9,MIL,CHO,Home,120,84,1
Patrick Beverley,1,11.683333333333334,2,5,0.4,2,3,0.667,0,0,0.0,0,1,1,4,0,0,1,1,6,8.0,0.6,0.6,0.6,0.0,0.0,8.1,4.1,50.1,0.0,0.0,16.7,22.5,122.0,96.0,6.6,0973929c-2bb4-40ee-ada2-d29aecc132b9,MIL,CHO,Home,120,84,1
Thanasis Antetokounmpo,1,10.7,2,3,0.667,0,1,0.0,0,0,0.0,1,0,1,1,0,1,0,2,4,-3.0,0.667,0.667,0.333,0.0,9.0,0.0,4.4,14.0,0.0,9.0,0.0,12.3,153.0,92.0,3.0,0973929c-2bb4-40ee-ada2-d29aecc132b9,MIL,CHO,Home,120,84,1
MarJon Beauchamp,1,7.833333333333333,0,2,0.0,0,1,0.0,4,4,1.0,0,3,3,0,0,0,0,2,4,-4.0,0.532,0.0,0.5,2.0,0.0,36.0,18.2,0.0,0.0,0.0,0.0,21.0,121.0,86.0,-8.6,0973929c-2bb4-40ee-ada2-d29aecc132b9,MIL,CHO,Home,120,84,1
TyTy Washington Jr.,1,7.833333333333333,0,2,0.0,0,1,0.0,0,0,0.0,0,0,0,1,0,0,0,0,0,-4.0,0.0,0.0,0.5,0.0,0.0,0.0,0.0,14.9,0.0,0.0,0.0,11.2,34.0,98.0,-15.5,0973929c-2bb4-40ee-ada2-d29aecc132b9,MIL,CHO,Home,120,84,1
Giannis Antetokounmpo,1,30.4,14,19,0.737,0,0,0.0,8,14,0.571,4,14,18,5,3,2,2,2,36,18.0,0.715,0.737,0.0,0.737,14.0,40.9,28.7,39.7,4.9,5.8,7.4,41.3,141.0,79.0,24.7,7873572e-edba-40b6-b9ee-78397557c2a7,MIL,DEN,Home,112,95,1
Malik Beasley,1,30.383333333333333,3,6,0.5,3,6,0.5,0,0,0.0,1,4,5,1,0,0,0,0,9,16.0,0.75,0.75,1.0,0.0,3.5,11.7,8.0,4.2,0.0,0.0,0.0,9.1,149.0,104.0,0.5,7873572e-edba-40b6-b9ee-78397557c2a7,MIL,DEN,Home,112,95,1
Brook Lopez,1,29.08333333333333,3,9,0.333,3,7,0.429,0,0,0.0,1,4,5,3,0,3,1,2,9,12.0,0.5,0.5,0.778,0.0,3.7,12.2,8.3,13.4,0.0,9.2,10.0,15.9,105.0,98.0,0.9,7873572e-edba-40b6-b9ee-78397557c2a7,MIL,DEN,Home,112,95,1
Jae Crowder,1,22.9,1,4,0.25,0,2,0.0,0,0,0.0,0,1,1,1,2,0,1,0,2,3.0,0.25,0.25,0.5,0.0,0.0,3.9,2.1,5.3,4.3,0.0,20.0,10.1,53.0,98.0,-6.5,7873572e-edba-40b6-b9ee-78397557c2a7,MIL,DEN,Home,112,95,1
Damian Lillard,1,22.7,6,15,0.4,2,5,0.4,4,4,1.0,1,2,3,5,0,0,2,3,18,12.0,0.537,0.467,0.333,0.267,4.7,7.8,6.4,36.1,0.0,0.0,10.7,38.2,111.0,105.0,-2.5,7873572e-edba-40b6-b9ee-78397557c2a7,MIL,DEN,Home,112,95,1
Bobby Portis,1,25.35,6,14,0.429,1,3,0.333,0,0,0.0,1,7,8,3,0,0,3,2,13,8.0,0.464,0.464,0.214,0.0,4.2,24.5,15.3,18.5,0.0,0.0,17.6,31.0,85.0,99.0,-8.7,7873572e-edba-40b6-b9ee-78397557c2a7,MIL,DEN,Home,112,95,1
Pat Connaughton,1,22.33333333333333,2,2,1.0,1,1,1.0,0,0,0.0,0,5,5,5,1,1,0,0,5,19.0,1.25,1.25,0.5,0.0,0.0,19.9,10.9,28.5,2.2,4.0,0.0,4.1,243.0,94.0,13.4,7873572e-edba-40b6-b9ee-78397557c2a7,MIL,DEN,Home,112,95,1
Patrick Beverley,1,19.7,2,5,0.4,1,2,0.5,0,0,0.0,0,1,1,4,1,0,1,4,5,7.0,0.5,0.5,0.4,0.0,0.0,4.5,2.5,26.3,2.5,0.0,16.7,14.1,109.0,101.0,-2.8,7873572e-edba-40b6-b9ee-78397557c2a7,MIL,DEN,Home,112,95,1
A.J. Green,1,15.416666666666666,3,5,0.6,3,5,0.6,0,0,0.0,0,0,0,1,0,0,0,2,9,7.0,0.9,0.9,1.0,0.0,0.0,0.0,0.0,9.5,0.0,0.0,0.0,15.0,165.0,108.0,5.9,7873572e-edba-40b6-b9ee-78397557c2a7,MIL,DEN,Home,112,95,1
MarJon Beauchamp,1,6.266666666666667,1,2,0.5,1,2,0.5,0,0,0.0,1,1,2,0,0,0,1,1,3,-3.0,0.75,0.75,1.0,0.0,17.0,14.2,15.5,0.0,0.0,0.0,33.3,22.1,98.0,103.0,-5.1,7873572e-edba-40b6-b9ee-78397557c2a7,MIL,DEN,Home,112,95,1
Andre Jackson Jr.,1,5.6,1,1,1.0,1,1,1.0,0,0,0.0,0,2,2,1,0,0,0,1,3,-2.0,1.5,1.5,1.0,0.0,0.0,31.7,17.3,25.6,0.0,0.0,0.0,8.2,277.0,96.0,17.2,7873572e-edba-40b6-b9ee-78397557c2a7,MIL,DEN,Home,112,95,1
Thanasis Antetokounmpo,1,4.9,0,1,0.0,0,0,0.0,0,0,0.0,0,0,0,1,1,0,1,2,0,-1.0,0.0,0.0,0.0,0.0,0.0,0.0,0.0,23.3,10.1,0.0,50.0,18.9,32.0,85.0,-14.3,7873572e-edba-40b6-b9ee-78397557c2a7,MIL,DEN,Home,112,95,1
TyTy Washington Jr.,1,2.7666666666666666,0,1,0.0,0,0,0.0,0,0,0.0,0,0,0,0,0,0,0,0,0,-5.0,0.0,0.0,0.0,0.0,0.0,0.0,0.0,0.0,0.0,0.0,0.0,16.7,0.0,109.0,-24.6,7873572e-edba-40b6-b9ee-78397557c2a7,MIL,DEN,Home,112,95,1
Chris Livingston,1,2.2,0,0,0.0,0,0,0.0,0,0,0.0,0,1,1,0,0,0,0,0,0,-6.0,0.0,0.0,0.0,0.0,0.0,40.4,22.0,0.0,0.0,0.0,0.0,0.0,0.0,93.0,-3.9,7873572e-edba-40b6-b9ee-78397557c2a7,MIL,DEN,Home,112,95,1
Giannis Antetokounmpo,1,33.63333333333333,11,18,0.611,1,2,0.5,0,0,0.0,2,9,11,8,0,2,5,0,23,-23.0,0.639,0.639,0.111,0.0,6.3,32.1,18.5,53.6,0.0,6.1,21.7,31.0,109.0,121.0,7.1,54940d4e-fa9a-4683-8f71-57737cad4771,MIL,MIA,Home,97,123,0
Damian Lillard,1,32.36666666666667,5,14,0.357,2,7,0.286,4,4,1.0,0,2,2,5,0,0,3,1,16,-24.0,0.508,0.429,0.5,0.286,0.0,7.4,3.5,25.1,0.0,0.0,16.0,26.3,95.0,129.0,-7.8,54940d4e-fa9a-4683-8f71-57737cad4771,MIL,MIA,Home,97,123,0
Malik Beasley,1,27.516666666666666,6,10,0.6,4,8,0.5,0,0,0.0,0,3,3,0,3,0,1,1,16,-22.0,0.8,0.8,0.8,0.0,0.0,13.1,6.2,0.0,5.2,0.0,9.1,18.1,123.0,116.0,7.4,54940d4e-fa9a-4683-8f71-57737cad4771,MIL,MIA,Home,97,123,0
Brook Lopez,1,23.366666666666667,3,9,0.333,1,6,0.167,0,0,0.0,0,3,3,0,0,1,2,2,7,-2.0,0.389,0.389,0.667,0.0,0.0,15.4,7.3,0.0,0.0,4.4,18.2,21.3,59.0,125.0,-14.5,54940d4e-fa9a-4683-8f71-57737cad4771,MIL,MIA,Home,97,123,0
Jae Crowder,1,17.816666666666666,1,1,1.0,0,0,0.0,0,0,0.0,1,0,1,1,0,0,1,0,2,-15.0,1.0,1.0,0.0,0.0,6.0,0.0,3.2,7.9,0.0,0.0,50.0,5.1,119.0,131.0,-6.2,54940d4e-fa9a-4683-8f71-57737cad4771,MIL,MIA,Home,97,123,0
Bobby Portis,1,25.5,6,12,0.5,2,5,0.4,2,2,1.0,1,3,4,2,0,0,0,2,16,-25.0,0.621,0.583,0.417,0.167,4.2,14.1,8.9,14.6,0.0,0.0,0.0,22.9,127.0,128.0,1.5,54940d4e-fa9a-4683-8f71-57737cad4771,MIL,MIA,Home,97,123,0
Pat Connaughton,1,24.416666666666668,0,2,0.0,0,1,0.0,0,0,0.0,0,6,6,3,1,0,1,3,0,-18.0,0.0,0.0,0.5,0.0,0.0,29.5,13.9,15.9,2.0,0.0,33.3,5.6,51.0,121.0,-8.7,54940d4e-fa9a-4683-8f71-57737cad4771,MIL,MIA,Home,97,123,0
A.J. Green,1,14.95,1,7,0.143,1,6,0.167,1,1,1.0,0,3,3,0,1,1,1,0,4,-2.0,0.269,0.214,0.857,0.143,0.0,24.1,11.3,0.0,3.2,6.8,11.8,25.6,48.0,114.0,-11.4,54940d4e-fa9a-4683-8f71-57737cad4771,MIL,MIA,Home,97,123,0
Patrick Beverley,1,12.95,1,3,0.333,1,1,1.0,0,0,0.0,0,2,2,2,1,0,2,1,3,-11.0,0.5,0.5,0.333,0.0,0.0,18.5,8.7,22.3,3.7,0.0,40.0,17.5,72.0,119.0,-5.4,54940d4e-fa9a-4683-8f71-57737cad4771,MIL,MIA,Home,97,123,0
MarJon Beauchamp,1,7.666666666666667,2,4,0.5,1,2,0.5,3,4,0.75,1,1,2,0,1,0,2,1,8,3.0,0.694,0.625,0.5,1.0,13.9,15.7,14.7,0.0,6.3,0.0,25.8,45.9,101.0,113.0,2.6,54940d4e-fa9a-4683-8f71-57737cad4771,MIL,MIA,Home,97,123,0
Thanasis Antetokounmpo,1,7.666666666666667,1,1,1.0,0,0,0.0,0,0,0.0,0,0,0,1,0,0,0,1,2,3.0,1.0,1.0,0.0,0.0,0.0,0.0,0.0,20.4,0.0,0.0,0.0,5.9,210.0,130.0,-1.8,54940d4e-fa9a-4683-8f71-57737cad4771,MIL,MIA,Home,97,123,0
Andre Jackson Jr.,1,7.666666666666667,0,1,0.0,0,1,0.0,0,0,0.0,0,1,1,2,0,0,0,0,0,3.0,0.0,0.0,1.0,0.0,0.0,15.7,7.4,33.8,0.0,0.0,0.0,5.9,86.0,128.0,-3.4,54940d4e-fa9a-4683-8f71-57737cad4771,MIL,MIA,Home,97,123,0
TyTy Washington Jr.,1,4.483333333333333,0,1,0.0,0,0,0.0,0,0,0.0,0,0,0,0,1,0,0,0,0,3.0,0.0,0.0,0.0,0.0,0.0,0.0,0.0,0.0,10.7,0.0,0.0,10.1,0.0,105.0,-4.1,54940d4e-fa9a-4683-8f71-57737cad4771,MIL,MIA,Home,97,123,0
Chris Livingston,0,0.0,0,0,0.0,0,0,0.0,0,0,0.0,0,0,0,0,0,0,0,0,0,0.0,0.0,0.0,0.0,0.0,0.0,0.0,0.0,0.0,0.0,0.0,0.0,0.0,0.0,0.0,0.0,54940d4e-fa9a-4683-8f71-57737cad4771,MIL,MIA,Home,97,123,0
Giannis Antetokounmpo,1,36.61666666666667,15,17,0.882,0,0,0.0,5,9,0.556,0,4,4,12,0,0,1,5,35,-14.0,0.835,0.882,0.0,0.529,0.0,13.1,6.2,70.4,0.0,0.0,4.6,25.7,170.0,121.0,19.5,a24039f2-0485-4f53-84d2-e8c9d3d17b7e,MIL,MEM,Away,110,113,0
Damian Lillard,1,34.96666666666667,7,21,0.333,3,13,0.231,7,7,1.0,2,3,5,7,1,0,4,2,24,10.0,0.498,0.405,0.619,0.333,6.2,10.3,8.2,29.7,1.4,0.0,14.2,34.5,104.0,118.0,-2.5,a24039f2-0485-4f53-84d2-e8c9d3d17b7e,MIL,MEM,Away,110,113,0
Brook Lopez,1,34.61666666666667,5,14,0.357,2,9,0.222,2,2,1.0,2,9,11,2,2,4,1,2,14,8.0,0.47,0.429,0.643,0.143,6.3,31.2,18.2,7.9,2.8,9.7,6.3,19.7,104.0,104.0,1.7,a24039f2-0485-4f53-84d2-e8c9d3d17b7e,MIL,MEM,Away,110,113,0
Malik Beasley,1,29.75,3,10,0.3,3,10,0.3,0,0,0.0,0,2,2,0,2,0,0,4,9,4.0,0.45,0.45,1.0,0.0,0.0,8.1,3.8,0.0,3.3,0.0,0.0,14.4,95.0,114.0,-6.7,a24039f2-0485-4f53-84d2-e8c9d3d17b7e,MIL,MEM,Away,110,113,0
Jae Crowder,1,24.133333333333333,2,4,0.5,0,2,0.0,0,0,0.0,1,4,5,0,1,0,1,2,4,-5.0,0.5,0.5,0.5,0.0,4.5,19.9,11.8,0.0,2.0,0.0,20.0,8.9,88.0,115.0,-8.0,a24039f2-0485-4f53-84d2-e8c9d3d17b7e,MIL,MEM,Away,110,113,0
Bobby Portis,1,24.766666666666666,7,12,0.583,1,1,1.0,0,0,0.0,3,4,7,2,0,0,2,1,15,0.0,0.625,0.625,0.083,0.0,13.2,19.4,16.2,13.6,0.0,0.0,14.3,24.3,117.0,120.0,-1.0,a24039f2-0485-4f53-84d2-e8c9d3d17b7e,MIL,MEM,Away,110,113,0
Pat Connaughton,1,23.866666666666667,1,3,0.333,0,1,0.0,0,0,0.0,2,3,5,0,2,1,2,1,2,2.0,0.333,0.333,0.333,0.0,9.1,15.1,12.0,0.0,4.1,3.5,40.0,9.0,62.0,109.0,-6.3,a24039f2-0485-4f53-84d2-e8c9d3d17b7e,MIL,MEM,Away,110,113,0
Patrick Beverley,1,14.216666666666669,0,4,0.0,0,4,0.0,1,2,0.5,1,3,4,0,1,0,1,1,1,-16.0,0.102,0.0,1.0,0.5,7.7,25.3,16.1,0.0,3.4,0.0,17.0,17.8,33.0,112.0,-18.2,a24039f2-0485-4f53-84d2-e8c9d3d17b7e,MIL,MEM,Away,110,113,0
A.J. Green,1,14.083333333333334,2,4,0.5,2,4,0.5,0,0,0.0,0,1,1,1,1,0,1,2,6,0.0,0.75,0.75,1.0,0.0,0.0,8.5,4.1,9.7,3.5,0.0,20.0,15.2,117.0,113.0,0.6,a24039f2-0485-4f53-84d2-e8c9d3d17b7e,MIL,MEM,Away,110,113,0
Andre Jackson Jr.,1,2.9833333333333334,0,1,0.0,0,0,0.0,0,0,0.0,0,0,0,0,0,0,0,2,0,-4.0,0.0,0.0,0.0,0.0,0.0,0.0,0.0,0.0,0.0,0.0,0.0,14.4,0.0,120.0,-35.1,a24039f2-0485-4f53-84d2-e8c9d3d17b7e,MIL,MEM,Away,110,113,0
Thanasis Antetokounmpo,0,0.0,0,0,0.0,0,0,0.0,0,0,0.0,0,0,0,0,0,0,0,0,0,0.0,0.0,0.0,0.0,0.0,0.0,0.0,0.0,0.0,0.0,0.0,0.0,0.0,0.0,0.0,0.0,a24039f2-0485-4f53-84d2-e8c9d3d17b7e,MIL,MEM,Away,110,113,0
MarJon Beauchamp,0,0.0,0,0,0.0,0,0,0.0,0,0,0.0,0,0,0,0,0,0,0,0,0,0.0,0.0,0.0,0.0,0.0,0.0,0.0,0.0,0.0,0.0,0.0,0.0,0.0,0.0,0.0,0.0,a24039f2-0485-4f53-84d2-e8c9d3d17b7e,MIL,MEM,Away,110,113,0
Chris Livingston,0,0.0,0,0,0.0,0,0,0.0,0,0,0.0,0,0,0,0,0,0,0,0,0,0.0,0.0,0.0,0.0,0.0,0.0,0.0,0.0,0.0,0.0,0.0,0.0,0.0,0.0,0.0,0.0,a24039f2-0485-4f53-84d2-e8c9d3d17b7e,MIL,MEM,Away,110,113,0
TyTy Washington Jr.,0,0.0,0,0,0.0,0,0,0.0,0,0,0.0,0,0,0,0,0,0,0,0,0,0.0,0.0,0.0,0.0,0.0,0.0,0.0,0.0,0.0,0.0,0.0,0.0,0.0,0.0,0.0,0.0,a24039f2-0485-4f53-84d2-e8c9d3d17b7e,MIL,MEM,Away,110,113,0
Giannis Antetokounmpo,1,41.18333333333333,9,13,0.692,1,1,1.0,14,21,0.667,4,9,13,5,1,0,3,1,33,1.0,0.742,0.731,0.077,1.615,9.9,20.2,15.3,19.1,1.2,0.0,11.9,27.2,143.0,111.0,10.7,93088487-540a-4446-b8ed-795ecdc3d2ef,MIL,MIN,Away,112,107,1
Damian Lillard,1,38.11666666666667,8,23,0.348,2,8,0.25,3,4,0.75,0,9,9,10,2,1,3,3,21,8.0,0.424,0.391,0.348,0.174,0.0,21.8,11.4,40.7,2.6,2.0,10.8,32.4,97.0,105.0,-0.3,93088487-540a-4446-b8ed-795ecdc3d2ef,MIL,MIN,Away,112,107,1
Jae Crowder,1,34.916666666666664,1,5,0.2,0,3,0.0,0,0,0.0,0,7,7,1,2,1,2,3,2,3.0,0.2,0.2,0.6,0.0,0.0,18.5,9.7,3.5,2.8,2.2,28.6,8.9,38.0,106.0,-7.7,93088487-540a-4446-b8ed-795ecdc3d2ef,MIL,MIN,Away,112,107,1
Malik Beasley,1,31.83333333333333,5,12,0.417,4,9,0.444,0,0,0.0,0,2,2,3,3,0,0,3,14,7.0,0.583,0.583,0.75,0.0,0.0,5.8,3.0,13.5,4.7,0.0,0.0,16.8,126.0,109.0,5.5,93088487-540a-4446-b8ed-795ecdc3d2ef,MIL,MIN,Away,112,107,1
Brook Lopez,1,31.33333333333333,6,12,0.5,4,10,0.4,0,0,0.0,1,2,3,1,1,1,1,2,16,14.0,0.667,0.667,0.833,0.0,3.3,5.9,4.6,4.8,1.6,2.4,7.7,18.4,123.0,114.0,3.2,93088487-540a-4446-b8ed-795ecdc3d2ef,MIL,MIN,Away,112,107,1
Bobby Portis,1,21.683333333333334,7,13,0.538,0,2,0.0,0,0,0.0,1,4,5,1,0,0,0,1,14,-4.0,0.538,0.538,0.154,0.0,4.7,17.0,11.2,8.7,0.0,0.0,0.0,26.6,114.0,115.0,-1.7,93088487-540a-4446-b8ed-795ecdc3d2ef,MIL,MIN,Away,112,107,1
Pat Connaughton,1,20.33333333333333,3,5,0.6,2,4,0.5,0,0,0.0,1,3,4,0,0,0,0,0,8,8.0,0.8,0.8,0.8,0.0,5.0,13.6,9.5,0.0,0.0,0.0,0.0,10.9,159.0,116.0,2.6,93088487-540a-4446-b8ed-795ecdc3d2ef,MIL,MIN,Away,112,107,1
Patrick Beverley,1,15.75,2,3,0.667,0,0,0.0,0,0,0.0,3,0,3,3,0,1,0,3,4,-13.0,0.667,0.667,0.0,0.0,19.5,0.0,9.2,26.2,0.0,4.8,0.0,8.5,176.0,118.0,6.1,93088487-540a-4446-b8ed-795ecdc3d2ef,MIL,MIN,Away,112,107,1
Danilo Gallinari,1,4.833333333333333,0,1,0.0,0,0,0.0,0,0,0.0,1,0,1,0,1,0,1,2,0,1.0,0.0,0.0,0.0,0.0,21.1,0.0,10.0,0.0,10.3,0.0,50.0,18.4,37.0,97.0,-16.3,93088487-540a-4446-b8ed-795ecdc3d2ef,MIL,MIN,Away,112,107,1
Thanasis Antetokounmpo,0,0.0,0,0,0.0,0,0,0.0,0,0,0.0,0,0,0,0,0,0,0,0,0,0.0,0.0,0.0,0.0,0.0,0.0,0.0,0.0,0.0,0.0,0.0,0.0,0.0,0.0,0.0,0.0,93088487-540a-4446-b8ed-795ecdc3d2ef,MIL,MIN,Away,112,107,1
MarJon Beauchamp,0,0.0,0,0,0.0,0,0,0.0,0,0,0.0,0,0,0,0,0,0,0,0,0,0.0,0.0,0.0,0.0,0.0,0.0,0.0,0.0,0.0,0.0,0.0,0.0,0.0,0.0,0.0,0.0,93088487-540a-4446-b8ed-795ecdc3d2ef,MIL,MIN,Away,112,107,1
A.J. Green,0,0.0,0,0,0.0,0,0,0.0,0,0,0.0,0,0,0,0,0,0,0,0,0,0.0,0.0,0.0,0.0,0.0,0.0,0.0,0.0,0.0,0.0,0.0,0.0,0.0,0.0,0.0,0.0,93088487-540a-4446-b8ed-795ecdc3d2ef,MIL,MIN,Away,112,107,1
Andre Jackson Jr.,0,0.0,0,0,0.0,0,0,0.0,0,0,0.0,0,0,0,0,0,0,0,0,0,0.0,0.0,0.0,0.0,0.0,0.0,0.0,0.0,0.0,0.0,0.0,0.0,0.0,0.0,0.0,0.0,93088487-540a-4446-b8ed-795ecdc3d2ef,MIL,MIN,Away,112,107,1
Giannis Antetokounmpo,1,35.75,10,17,0.588,1,2,0.5,9,12,0.75,1,11,12,9,0,1,6,1,30,14.0,0.673,0.618,0.118,0.706,3.8,27.9,18.3,40.9,0.0,2.6,21.2,36.2,121.0,101.0,5.4,f6764c9e-0226-4c16-99dd-37a7a5162cea,MIL,PHI,Away,119,98,1
Damian Lillard,1,35.75,8,15,0.533,4,8,0.5,4,4,1.0,0,7,7,9,2,0,5,4,24,37.0,0.716,0.667,0.533,0.267,0.0,17.7,10.7,37.5,2.8,0.0,23.0,27.8,123.0,101.0,3.3,f6764c9e-0226-4c16-99dd-37a7a5162cea,MIL,PHI,Away,119,98,1
Brook Lopez,1,31.966666666666665,4,9,0.444,1,4,0.25,2,2,1.0,2,5,7,3,0,5,2,2,11,33.0,0.557,0.5,0.444,0.222,8.6,14.2,11.9,12.2,0.0,14.7,16.8,17.0,113.0,100.0,1.2,f6764c9e-0226-4c16-99dd-37a7a5162cea,MIL,PHI,Away,119,98,1
Malik Beasley,1,31.85,7,9,0.778,6,7,0.857,0,0,0.0,0,2,2,1,0,0,1,3,20,24.0,1.111,1.111,0.778,0.0,0.0,5.7,3.4,4.6,0.0,0.0,10.0,14.4,167.0,113.0,7.4,f6764c9e-0226-4c16-99dd-37a7a5162cea,MIL,PHI,Away,119,98,1
Jae Crowder,1,25.25,0,4,0.0,0,3,0.0,0,0,0.0,1,7,8,3,1,0,1,1,0,17.0,0.0,0.0,0.75,0.0,5.4,25.1,17.3,13.3,2.0,0.0,20.0,9.1,60.0,99.0,-7.5,f6764c9e-0226-4c16-99dd-37a7a5162cea,MIL,PHI,Away,119,98,1
Pat Connaughton,1,22.4,3,4,0.75,1,2,0.5,0,0,0.0,2,3,5,1,0,2,1,0,7,8.0,0.875,0.875,0.5,0.0,12.2,12.1,12.2,5.9,0.0,8.4,20.0,10.2,145.0,105.0,5.3,f6764c9e-0226-4c16-99dd-37a7a5162cea,MIL,PHI,Away,119,98,1
Bobby Portis,1,18.6,7,11,0.636,3,4,0.75,0,0,0.0,1,4,5,1,1,2,2,2,17,-3.0,0.773,0.773,0.364,0.0,7.4,19.5,14.7,10.3,2.7,10.1,15.4,32.0,119.0,94.0,10.1,f6764c9e-0226-4c16-99dd-37a7a5162cea,MIL,PHI,Away,119,98,1
Patrick Beverley,1,17.75,1,5,0.2,1,5,0.2,0,0,0.0,0,0,0,2,1,0,0,0,3,-15.0,0.3,0.3,1.0,0.0,0.0,0.0,0.0,13.4,2.8,0.0,0.0,12.9,88.0,109.0,-5.6,f6764c9e-0226-4c16-99dd-37a7a5162cea,MIL,PHI,Away,119,98,1
Danilo Gallinari,1,8.7,0,2,0.0,0,1,0.0,0,0,0.0,0,0,0,3,0,0,0,0,0,-3.0,0.0,0.0,0.5,0.0,0.0,0.0,0.0,38.5,0.0,0.0,0.0,10.5,92.0,116.0,-6.1,f6764c9e-0226-4c16-99dd-37a7a5162cea,MIL,PHI,Away,119,98,1
A.J. Green,1,3.6,1,1,1.0,1,1,1.0,0,0,0.0,0,0,0,0,0,0,0,0,3,-4.0,1.5,1.5,1.0,0.0,0.0,0.0,0.0,0.0,0.0,0.0,0.0,12.7,300.0,116.0,19.7,f6764c9e-0226-4c16-99dd-37a7a5162cea,MIL,PHI,Away,119,98,1
Thanasis Antetokounmpo,1,3.6,1,1,1.0,0,0,0.0,0,0,0.0,0,0,0,0,0,0,0,0,2,-4.0,1.0,1.0,0.0,0.0,0.0,0.0,0.0,0.0,0.0,0.0,0.0,12.7,200.0,116.0,2.5,f6764c9e-0226-4c16-99dd-37a7a5162cea,MIL,PHI,Away,119,98,1
MarJon Beauchamp,1,3.6,0,0,0.0,0,0,0.0,0,0,0.0,0,0,0,0,0,0,0,0,0,-4.0,0.0,0.0,0.0,0.0,0.0,0.0,0.0,0.0,0.0,0.0,0.0,0.0,0.0,116.0,-6.6,f6764c9e-0226-4c16-99dd-37a7a5162cea,MIL,PHI,Away,119,98,1
Andre Jackson Jr.,1,1.1833333333333331,1,1,1.0,0,0,0.0,0,0,0.0,0,1,1,0,1,0,0,0,2,5.0,1.0,1.0,0.0,0.0,0.0,76.5,46.1,0.0,42.3,0.0,0.0,38.7,200.0,-24.0,77.6,f6764c9e-0226-4c16-99dd-37a7a5162cea,MIL,PHI,Away,119,98,1
Malik Beasley,1,26.183333333333334,2,6,0.333,2,6,0.333,0,0,0.0,0,4,4,4,1,0,0,2,6,37.0,0.5,0.5,1.0,0.0,0.0,16.3,8.3,17.3,1.9,0.0,0.0,10.4,131.0,91.0,1.3,5b1a8343-fb93-4b40-88de-3e146af26600,MIL,CHO,Home,123,85,1
Damian Lillard,1,24.83333333333333,8,14,0.571,4,9,0.444,3,3,1.0,0,9,9,7,0,0,3,3,23,41.0,0.751,0.714,0.643,0.214,0.0,38.7,19.8,44.3,0.0,0.0,16.4,33.4,135.0,91.0,10.6,5b1a8343-fb93-4b40-88de-3e146af26600,MIL,CHO,Home,123,85,1
Giannis Antetokounmpo,1,24.25,8,13,0.615,1,1,1.0,7,8,0.875,3,5,8,1,0,0,1,1,24,25.0,0.726,0.654,0.077,0.615,13.8,22.0,18.0,6.6,0.0,0.0,5.7,32.7,148.0,94.0,8.4,5b1a8343-fb93-4b40-88de-3e146af26600,MIL,CHO,Home,123,85,1
Brook Lopez,1,23.35,0,2,0.0,0,2,0.0,0,0,0.0,0,1,1,1,2,2,0,0,0,33.0,0.0,0.0,1.0,0.0,0.0,4.6,2.3,4.5,4.4,10.0,0.0,3.9,39.0,80.0,-0.6,5b1a8343-fb93-4b40-88de-3e146af26600,MIL,CHO,Home,123,85,1
Jae Crowder,1,23.133333333333333,4,5,0.8,2,3,0.667,0,0,0.0,2,5,7,2,0,0,0,1,10,33.0,1.0,1.0,0.6,0.0,9.7,23.1,16.5,11.0,0.0,0.0,0.0,9.8,204.0,94.0,9.6,5b1a8343-fb93-4b40-88de-3e146af26600,MIL,CHO,Home,123,85,1
Pat Connaughton,1,26.433333333333334,4,9,0.444,1,5,0.2,0,0,0.0,0,3,3,5,3,0,1,1,9,12.0,0.5,0.5,0.556,0.0,0.0,12.1,6.2,23.4,5.8,0.0,10.0,17.1,114.0,83.0,4.7,5b1a8343-fb93-4b40-88de-3e146af26600,MIL,CHO,Home,123,85,1
Bobby Portis,1,20.4,9,16,0.563,2,4,0.5,1,1,1.0,3,5,8,3,0,0,1,2,21,34.0,0.639,0.625,0.25,0.063,16.4,26.1,21.4,28.4,0.0,0.0,5.7,38.7,132.0,93.0,8.3,5b1a8343-fb93-4b40-88de-3e146af26600,MIL,CHO,Home,123,85,1
Patrick Beverley,1,15.533333333333331,3,8,0.375,1,2,0.5,0,0,0.0,1,2,3,3,1,1,0,1,7,13.0,0.438,0.438,0.25,0.0,7.2,13.7,10.5,25.2,3.3,7.5,0.0,23.3,117.0,83.0,5.1,5b1a8343-fb93-4b40-88de-3e146af26600,MIL,CHO,Home,123,85,1
Danilo Gallinari,1,15.166666666666666,2,4,0.5,0,1,0.0,4,4,1.0,1,1,2,0,0,0,1,1,8,0.0,0.694,0.5,0.25,1.0,7.4,7.0,7.2,0.0,0.0,0.0,14.8,20.2,130.0,97.0,-4.9,5b1a8343-fb93-4b40-88de-3e146af26600,MIL,CHO,Home,123,85,1
A.J. Green,1,12.95,3,5,0.6,2,4,0.5,0,0,0.0,0,1,1,0,0,0,0,0,8,-11.0,0.8,0.8,0.8,0.0,0.0,8.2,4.2,0.0,0.0,0.0,0.0,17.5,150.0,97.0,4.8,5b1a8343-fb93-4b40-88de-3e146af26600,MIL,CHO,Home,123,85,1
Thanasis Antetokounmpo,1,12.0,0,2,0.0,0,0,0.0,0,2,0.0,1,0,1,1,0,0,1,1,0,-9.0,0.0,0.0,0.0,1.0,9.3,0.0,4.5,8.7,0.0,0.0,25.8,14.7,39.0,99.0,-19.3,5b1a8343-fb93-4b40-88de-3e146af26600,MIL,CHO,Home,123,85,1
MarJon Beauchamp,1,9.333333333333334,3,3,1.0,1,1,1.0,0,0,0.0,0,3,3,1,0,0,0,0,7,-8.0,1.167,1.167,0.333,0.0,0.0,34.3,17.5,16.8,0.0,0.0,0.0,14.6,234.0,92.0,19.5,5b1a8343-fb93-4b40-88de-3e146af26600,MIL,CHO,Home,123,85,1
Chris Livingston,1,6.433333333333334,0,2,0.0,0,2,0.0,0,0,0.0,0,1,1,1,0,0,1,4,0,-10.0,0.0,0.0,1.0,0.0,0.0,16.6,8.5,16.2,0.0,0.0,33.3,21.1,25.0,95.0,-33.1,5b1a8343-fb93-4b40-88de-3e146af26600,MIL,CHO,Home,123,85,1
Damian Lillard,1,34.083333333333336,5,14,0.357,3,6,0.5,4,5,0.8,1,5,6,2,2,0,2,2,17,15.0,0.525,0.464,0.429,0.357,3.4,15.6,9.8,8.8,3.1,0.0,11.0,25.2,103.0,106.0,-3.4,7f84db96-9369-4f6c-899a-16aa5153e3c2,MIL,CHO,Away,111,99,1
Giannis Antetokounmpo,1,33.45,10,15,0.667,2,2,1.0,2,3,0.667,2,8,10,5,0,0,1,3,24,16.0,0.735,0.733,0.133,0.2,7.0,25.5,16.7,29.1,0.0,0.0,5.8,24.4,149.0,110.0,9.0,7f84db96-9369-4f6c-899a-16aa5153e3c2,MIL,CHO,Away,111,99,1
Malik Beasley,1,28.08333333333333,7,12,0.583,5,9,0.556,0,0,0.0,0,2,2,0,0,0,0,1,19,18.0,0.792,0.792,0.75,0.0,0.0,7.6,4.0,0.0,0.0,0.0,0.0,20.1,149.0,115.0,5.1,7f84db96-9369-4f6c-899a-16aa5153e3c2,MIL,CHO,Away,111,99,1
Brook Lopez,1,24.58333333333333,3,9,0.333,3,7,0.429,2,2,1.0,0,3,3,4,0,3,0,2,11,17.0,0.557,0.5,0.778,0.222,0.0,13.0,6.8,23.6,0.0,13.6,0.0,19.0,131.0,105.0,7.9,7f84db96-9369-4f6c-899a-16aa5153e3c2,MIL,CHO,Away,111,99,1
Jae Crowder,1,22.616666666666667,2,5,0.4,0,2,0.0,0,0,0.0,0,2,2,1,2,0,1,4,4,17.0,0.4,0.4,0.4,0.0,0.0,9.4,4.9,6.1,4.6,0.0,16.7,12.5,75.0,104.0,-8.5,7f84db96-9369-4f6c-899a-16aa5153e3c2,MIL,CHO,Away,111,99,1
Bobby Portis,1,27.98333333333333,5,11,0.455,0,3,0.0,4,5,0.8,1,9,10,4,3,0,1,0,14,8.0,0.53,0.455,0.273,0.455,4.2,34.3,19.9,22.6,5.6,0.0,7.0,23.9,118.0,95.0,6.6,7f84db96-9369-4f6c-899a-16aa5153e3c2,MIL,CHO,Away,111,99,1
Pat Connaughton,1,24.33333333333333,3,9,0.333,2,7,0.286,3,3,1.0,0,1,1,1,2,0,0,2,11,3.0,0.533,0.444,0.778,0.333,0.0,4.4,2.3,6.0,4.3,0.0,0.0,20.0,116.0,106.0,-1.0,7f84db96-9369-4f6c-899a-16aa5153e3c2,MIL,CHO,Away,111,99,1
Patrick Beverley,1,23.85,3,7,0.429,1,2,0.5,2,2,1.0,3,5,8,3,0,0,1,1,9,-8.0,0.571,0.5,0.286,0.286,14.7,22.4,18.7,18.3,0.0,0.0,11.3,17.6,131.0,111.0,-0.1,7f84db96-9369-4f6c-899a-16aa5153e3c2,MIL,CHO,Away,111,99,1
Danilo Gallinari,1,12.4,1,3,0.333,0,1,0.0,0,0,0.0,1,0,1,1,0,0,0,1,2,-13.0,0.333,0.333,0.333,0.0,9.4,0.0,4.5,11.0,0.0,0.0,0.0,11.4,105.0,117.0,-9.4,7f84db96-9369-4f6c-899a-16aa5153e3c2,MIL,CHO,Away,111,99,1
A.J. Green,1,5.283333333333333,0,1,0.0,0,0,0.0,0,0,0.0,0,1,1,0,0,0,1,1,0,-6.0,0.0,0.0,0.0,0.0,0.0,20.2,10.6,0.0,0.0,0.0,50.0,17.8,0.0,111.0,-29.7,7f84db96-9369-4f6c-899a-16aa5153e3c2,MIL,CHO,Away,111,99,1
MarJon Beauchamp,1,3.333333333333333,0,0,0.0,0,0,0.0,0,0,0.0,0,0,0,0,0,0,0,1,0,-7.0,0.0,0.0,0.0,0.0,0.0,0.0,0.0,0.0,0.0,0.0,0.0,0.0,0.0,116.0,-14.6,7f84db96-9369-4f6c-899a-16aa5153e3c2,MIL,CHO,Away,111,99,1
Thanasis Antetokounmpo,0,0.0,0,0,0.0,0,0,0.0,0,0,0.0,0,0,0,0,0,0,0,0,0,0.0,0.0,0.0,0.0,0.0,0.0,0.0,0.0,0.0,0.0,0.0,0.0,0.0,0.0,0.0,0.0,7f84db96-9369-4f6c-899a-16aa5153e3c2,MIL,CHO,Away,111,99,1
Andre Jackson Jr.,0,0.0,0,0,0.0,0,0,0.0,0,0,0.0,0,0,0,0,0,0,0,0,0,0.0,0.0,0.0,0.0,0.0,0.0,0.0,0.0,0.0,0.0,0.0,0.0,0.0,0.0,0.0,0.0,7f84db96-9369-4f6c-899a-16aa5153e3c2,MIL,CHO,Away,111,99,1
Chris Livingston,0,0.0,0,0,0.0,0,0,0.0,0,0,0.0,0,0,0,0,0,0,0,0,0,0.0,0.0,0.0,0.0,0.0,0.0,0.0,0.0,0.0,0.0,0.0,0.0,0.0,0.0,0.0,0.0,7f84db96-9369-4f6c-899a-16aa5153e3c2,MIL,CHO,Away,111,99,1
Giannis Antetokounmpo,1,37.31666666666667,16,22,0.727,2,3,0.667,12,16,0.75,5,11,16,6,1,1,1,3,46,6.0,0.792,0.773,0.136,0.727,13.4,31.4,22.1,47.0,1.4,2.2,3.3,36.1,165.0,99.0,28.1,60191070-fb7d-4b7a-a104-2fda7a37547f,MIL,CHI,Away,113,97,1
Damian Lillard,1,33.43333333333333,4,18,0.222,3,10,0.3,5,5,1.0,0,3,3,7,0,0,3,2,16,11.0,0.396,0.306,0.556,0.278,0.0,9.6,4.6,32.2,0.0,0.0,12.9,31.1,89.0,109.0,-8.5,60191070-fb7d-4b7a-a104-2fda7a37547f,MIL,CHI,Away,113,97,1
Brook Lopez,1,29.116666666666667,4,8,0.5,4,8,0.5,0,0,0.0,2,1,3,1,0,0,1,2,12,19.0,0.75,0.75,1.0,0.0,6.9,3.7,5.3,5.4,0.0,0.0,11.1,13.9,136.0,110.0,1.1,60191070-fb7d-4b7a-a104-2fda7a37547f,MIL,CHI,Away,113,97,1
Malik Beasley,1,28.016666666666666,1,7,0.143,1,7,0.143,1,2,0.5,0,6,6,2,1,0,1,0,4,17.0,0.254,0.214,1.0,0.286,0.0,22.8,11.1,9.7,1.8,0.0,11.3,14.2,62.0,102.0,-8.1,60191070-fb7d-4b7a-a104-2fda7a37547f,MIL,CHI,Away,113,97,1
Jae Crowder,1,23.883333333333333,1,2,0.5,1,2,0.5,0,0,0.0,0,3,3,0,2,0,0,3,3,15.0,0.75,0.75,1.0,0.0,0.0,13.4,6.5,0.0,4.2,0.0,0.0,3.8,144.0,98.0,-0.8,60191070-fb7d-4b7a-a104-2fda7a37547f,MIL,CHI,Away,113,97,1
Bobby Portis,1,26.166666666666668,4,13,0.308,1,5,0.2,2,4,0.5,3,6,9,1,2,1,0,1,11,3.0,0.373,0.346,0.385,0.308,11.5,24.5,17.8,6.2,3.9,3.1,0.0,25.3,95.0,94.0,-2.2,60191070-fb7d-4b7a-a104-2fda7a37547f,MIL,CHI,Away,113,97,1
Pat Connaughton,1,24.516666666666666,0,3,0.0,0,3,0.0,0,0,0.0,0,1,1,1,1,1,1,3,0,-1.0,0.0,0.0,1.0,0.0,0.0,4.4,2.1,5.3,2.1,3.3,25.0,7.3,17.0,102.0,-10.7,60191070-fb7d-4b7a-a104-2fda7a37547f,MIL,CHI,Away,113,97,1
Patrick Beverley,1,18.28333333333333,5,8,0.625,2,5,0.4,2,2,1.0,1,3,4,2,0,1,0,1,14,-3.0,0.788,0.75,0.625,0.25,5.5,17.5,11.3,22.0,0.0,4.4,0.0,21.8,166.0,103.0,15.6,60191070-fb7d-4b7a-a104-2fda7a37547f,MIL,CHI,Away,113,97,1
A.J. Green,1,8.733333333333333,2,3,0.667,1,2,0.5,2,3,0.667,0,2,2,1,0,0,0,1,7,8.0,0.81,0.833,0.667,1.0,0.0,24.4,11.8,21.1,0.0,0.0,0.0,22.2,167.0,105.0,12.3,60191070-fb7d-4b7a-a104-2fda7a37547f,MIL,CHI,Away,113,97,1
Danilo Gallinari,1,6.35,0,2,0.0,0,1,0.0,0,0,0.0,0,1,1,0,0,0,0,2,0,-1.0,0.0,0.0,0.5,0.0,0.0,16.8,8.1,0.0,0.0,0.0,0.0,14.1,0.0,107.0,-25.9,60191070-fb7d-4b7a-a104-2fda7a37547f,MIL,CHI,Away,113,97,1
Thanasis Antetokounmpo,1,1.7,0,0,0.0,0,0,0.0,0,0,0.0,0,0,0,0,0,0,0,0,0,2.0,0.0,0.0,0.0,0.0,0.0,0.0,0.0,0.0,0.0,0.0,0.0,0.0,0.0,111.0,-7.8,60191070-fb7d-4b7a-a104-2fda7a37547f,MIL,CHI,Away,113,97,1
Andre Jackson Jr.,1,1.7,0,0,0.0,0,0,0.0,0,0,0.0,0,0,0,1,0,0,0,0,0,2.0,0.0,0.0,0.0,0.0,0.0,0.0,0.0,76.3,0.0,0.0,0.0,0.0,241.0,111.0,17.2,60191070-fb7d-4b7a-a104-2fda7a37547f,MIL,CHI,Away,113,97,1
MarJon Beauchamp,1,0.7833333333333333,0,0,0.0,0,0,0.0,0,0,0.0,0,1,1,0,0,0,0,0,0,2.0,0.0,0.0,0.0,0.0,0.0,100.0,65.9,0.0,0.0,0.0,0.0,0.0,0.0,81.0,2.2,60191070-fb7d-4b7a-a104-2fda7a37547f,MIL,CHI,Away,113,97,1
Damian Lillard,1,41.516666666666666,12,22,0.545,4,9,0.444,13,13,1.0,0,4,4,4,1,0,4,3,41,6.0,0.74,0.636,0.409,0.591,0.0,10.5,5.5,20.0,1.2,0.0,12.6,36.2,134.0,112.0,6.2,7007e590-9287-4aa0-979e-6de51a7d0fb5,MIL,LAC,Home,113,106,1
Patrick Beverley,1,34.35,4,10,0.4,3,7,0.429,1,1,1.0,1,8,9,2,4,1,2,2,12,8.0,0.575,0.55,0.7,0.1,3.5,25.4,15.0,8.9,5.8,3.2,16.1,17.2,105.0,97.0,4.8,7007e590-9287-4aa0-979e-6de51a7d0fb5,MIL,LAC,Home,113,106,1
Brook Lopez,1,30.75,1,4,0.25,1,2,0.5,3,6,0.5,1,5,6,3,0,2,0,3,6,3.0,0.452,0.375,0.5,1.5,3.9,17.7,11.1,13.2,0.0,7.1,0.0,10.2,122.0,108.0,-0.6,7007e590-9287-4aa0-979e-6de51a7d0fb5,MIL,LAC,Home,113,106,1
Malik Beasley,1,29.166666666666668,2,11,0.182,1,7,0.143,0,0,0.0,1,3,4,2,3,0,1,5,5,-3.0,0.227,0.227,0.636,0.0,4.1,11.2,7.8,9.8,5.1,0.0,8.3,19.5,61.0,102.0,-10.8,7007e590-9287-4aa0-979e-6de51a7d0fb5,MIL,LAC,Home,113,106,1
Jae Crowder,1,18.05,1,4,0.25,1,3,0.333,0,0,0.0,2,0,2,1,0,0,0,1,3,-7.0,0.375,0.375,0.75,0.0,13.3,0.0,6.3,7.7,0.0,0.0,0.0,10.5,116.0,116.0,-5.0,7007e590-9287-4aa0-979e-6de51a7d0fb5,MIL,LAC,Home,113,106,1
Bobby Portis,1,29.95,12,18,0.667,2,3,0.667,2,2,1.0,1,15,16,2,0,0,1,4,28,14.0,0.742,0.722,0.167,0.111,4.0,54.6,30.5,18.0,0.0,0.0,5.0,31.4,140.0,108.0,9.1,7007e590-9287-4aa0-979e-6de51a7d0fb5,MIL,LAC,Home,113,106,1
A.J. Green,1,22.28333333333333,2,4,0.5,2,4,0.5,0,0,0.0,0,2,2,3,0,0,1,0,6,14.0,0.75,0.75,1.0,0.0,0.0,9.8,5.1,19.8,0.0,0.0,20.0,10.6,132.0,115.0,1.5,7007e590-9287-4aa0-979e-6de51a7d0fb5,MIL,LAC,Home,113,106,1
Pat Connaughton,1,17.366666666666667,2,3,0.667,1,2,0.5,3,4,0.75,0,1,1,0,0,0,1,1,8,-4.0,0.84,0.833,0.667,1.333,0.0,6.3,3.3,0.0,0.0,0.0,17.4,15.7,134.0,115.0,-2.2,7007e590-9287-4aa0-979e-6de51a7d0fb5,MIL,LAC,Home,113,106,1
Danilo Gallinari,1,16.566666666666666,1,2,0.5,0,1,0.0,2,2,1.0,1,1,2,3,0,0,1,1,4,4.0,0.694,0.5,0.5,1.0,7.2,6.6,6.9,25.5,0.0,0.0,25.8,11.1,140.0,115.0,0.0,7007e590-9287-4aa0-979e-6de51a7d0fb5,MIL,LAC,Home,113,106,1
Thanasis Antetokounmpo,0,0.0,0,0,0.0,0,0,0.0,0,0,0.0,0,0,0,0,0,0,0,0,0,0.0,0.0,0.0,0.0,0.0,0.0,0.0,0.0,0.0,0.0,0.0,0.0,0.0,0.0,0.0,0.0,7007e590-9287-4aa0-979e-6de51a7d0fb5,MIL,LAC,Home,113,106,1
Jaylin Galloway,0,0.0,0,0,0.0,0,0,0.0,0,0,0.0,0,0,0,0,0,0,0,0,0,0.0,0.0,0.0,0.0,0.0,0.0,0.0,0.0,0.0,0.0,0.0,0.0,0.0,0.0,0.0,0.0,7007e590-9287-4aa0-979e-6de51a7d0fb5,MIL,LAC,Home,113,106,1
Andre Jackson Jr.,0,0.0,0,0,0.0,0,0,0.0,0,0,0.0,0,0,0,0,0,0,0,0,0,0.0,0.0,0.0,0.0,0.0,0.0,0.0,0.0,0.0,0.0,0.0,0.0,0.0,0.0,0.0,0.0,7007e590-9287-4aa0-979e-6de51a7d0fb5,MIL,LAC,Home,113,106,1
Ryan Rollins,0,0.0,0,0,0.0,0,0,0.0,0,0,0.0,0,0,0,0,0,0,0,0,0,0.0,0.0,0.0,0.0,0.0,0.0,0.0,0.0,0.0,0.0,0.0,0.0,0.0,0.0,0.0,0.0,7007e590-9287-4aa0-979e-6de51a7d0fb5,MIL,LAC,Home,113,106,1
TyTy Washington Jr.,0,0.0,0,0,0.0,0,0,0.0,0,0,0.0,0,0,0,0,0,0,0,0,0,0.0,0.0,0.0,0.0,0.0,0.0,0.0,0.0,0.0,0.0,0.0,0.0,0.0,0.0,0.0,0.0,7007e590-9287-4aa0-979e-6de51a7d0fb5,MIL,LAC,Home,113,106,1
Damian Lillard,1,33.333333333333336,7,16,0.438,5,10,0.5,1,1,1.0,0,1,1,6,1,1,2,0,20,-18.0,0.608,0.594,0.625,0.063,0.0,3.8,1.7,36.1,1.4,2.8,10.8,24.0,113.0,127.0,6.9,50bd113b-1b5d-4f85-b75d-685e6b1e97f5,MIL,GSW,Away,90,125,0
Giannis Antetokounmpo,1,32.56666666666667,8,15,0.533,1,3,0.333,6,9,0.667,2,5,7,6,0,1,2,1,23,-6.0,0.607,0.567,0.2,0.6,6.1,19.4,12.0,39.8,0.0,2.8,9.5,27.9,121.0,127.0,8.8,50bd113b-1b5d-4f85-b75d-685e6b1e97f5,MIL,GSW,Away,90,125,0
Malik Beasley,1,32.35,2,10,0.2,0,6,0.0,0,0,0.0,1,2,3,1,1,1,1,1,4,-19.0,0.2,0.2,0.6,0.0,3.1,7.8,5.2,4.8,1.5,2.9,9.1,14.8,47.0,126.0,-11.8,50bd113b-1b5d-4f85-b75d-685e6b1e97f5,MIL,GSW,Away,90,125,0
Brook Lopez,1,27.516666666666666,4,11,0.364,1,4,0.25,0,0,0.0,2,2,4,0,1,0,0,1,9,-12.0,0.409,0.409,0.364,0.0,7.3,9.2,8.1,0.0,1.7,0.0,0.0,17.3,88.0,127.0,-6.5,50bd113b-1b5d-4f85-b75d-685e6b1e97f5,MIL,GSW,Away,90,125,0
Jae Crowder,1,17.4,2,6,0.333,0,1,0.0,0,0,0.0,1,5,6,1,1,0,0,0,4,-3.0,0.333,0.333,0.167,0.0,5.7,36.3,19.2,9.7,2.7,0.0,0.0,15.0,81.0,120.0,-3.3,50bd113b-1b5d-4f85-b75d-685e6b1e97f5,MIL,GSW,Away,90,125,0
Bobby Portis,1,23.78333333333333,8,13,0.615,2,4,0.5,2,2,1.0,0,6,6,1,0,0,5,5,20,-24.0,0.72,0.692,0.308,0.154,0.0,31.9,14.1,11.3,0.0,0.0,26.5,34.5,94.0,126.0,-2.4,50bd113b-1b5d-4f85-b75d-685e6b1e97f5,MIL,GSW,Away,90,125,0
Pat Connaughton,1,22.4,2,4,0.5,2,3,0.667,0,0,0.0,0,2,2,3,0,0,0,0,6,-21.0,0.75,0.75,0.75,0.0,0.0,11.3,5.0,21.6,0.0,0.0,0.0,7.7,156.0,131.0,1.8,50bd113b-1b5d-4f85-b75d-685e6b1e97f5,MIL,GSW,Away,90,125,0
Patrick Beverley,1,17.2,0,2,0.0,0,0,0.0,2,3,0.667,0,4,4,0,1,2,2,2,2,-13.0,0.301,0.0,0.0,1.5,0.0,29.4,13.0,0.0,2.8,10.7,37.6,13.4,39.0,112.0,-8.6,50bd113b-1b5d-4f85-b75d-685e6b1e97f5,MIL,GSW,Away,90,125,0
A.J. Green,1,12.916666666666666,1,6,0.167,0,5,0.0,0,0,0.0,0,1,1,1,0,0,1,0,2,-21.0,0.167,0.167,0.833,0.0,0.0,9.8,4.3,12.3,0.0,0.0,14.3,23.5,36.0,131.0,-19.4,50bd113b-1b5d-4f85-b75d-685e6b1e97f5,MIL,GSW,Away,90,125,0
Danilo Gallinari,1,9.083333333333334,0,2,0.0,0,2,0.0,0,0,0.0,0,1,1,0,1,0,1,0,0,-15.0,0.0,0.0,1.0,0.0,0.0,13.9,6.1,0.0,5.2,0.0,33.3,14.3,0.0,118.0,-15.3,50bd113b-1b5d-4f85-b75d-685e6b1e97f5,MIL,GSW,Away,90,125,0
MarJon Beauchamp,1,4.25,0,3,0.0,0,1,0.0,0,0,0.0,0,0,0,0,0,0,0,0,0,-9.0,0.0,0.0,0.333,0.0,0.0,0.0,0.0,0.0,0.0,0.0,0.0,30.6,0.0,133.0,-33.1,50bd113b-1b5d-4f85-b75d-685e6b1e97f5,MIL,GSW,Away,90,125,0
Andre Jackson Jr.,1,4.25,0,1,0.0,0,0,0.0,0,0,0.0,0,1,1,0,0,0,1,0,0,-9.0,0.0,0.0,0.0,0.0,0.0,29.7,13.1,0.0,0.0,0.0,50.0,20.4,0.0,128.0,-27.0,50bd113b-1b5d-4f85-b75d-685e6b1e97f5,MIL,GSW,Away,90,125,0
Thanasis Antetokounmpo,1,2.95,0,0,0.0,0,0,0.0,0,0,0.0,0,0,0,0,2,0,0,0,0,-5.0,0.0,0.0,0.0,0.0,0.0,0.0,0.0,0.0,32.3,0.0,0.0,0.0,0.0,55.0,29.4,50bd113b-1b5d-4f85-b75d-685e6b1e97f5,MIL,GSW,Away,90,125,0
Giannis Antetokounmpo,1,38.68333333333333,14,23,0.609,1,3,0.333,5,7,0.714,2,12,14,12,1,1,4,2,34,-4.0,0.652,0.63,0.13,0.304,6.2,36.3,21.4,52.0,1.3,2.2,13.3,35.1,129.0,121.0,13.9,fa29ae07-9a2d-4f0a-880b-18517074d3b1,MIL,LAL,Away,122,123,0
Damian Lillard,1,38.45,10,23,0.435,4,12,0.333,4,4,1.0,0,5,5,12,0,0,1,2,28,13.0,0.565,0.522,0.522,0.174,0.0,15.2,7.7,44.7,0.0,0.0,3.9,30.2,127.0,128.0,4.2,fa29ae07-9a2d-4f0a-880b-18517074d3b1,MIL,LAL,Away,122,123,0
Malik Beasley,1,34.15,5,12,0.417,4,9,0.444,0,0,0.0,1,3,4,2,1,0,1,3,14,11.0,0.583,0.583,0.75,0.0,3.5,10.3,6.9,7.2,1.4,0.0,7.7,17.2,112.0,125.0,-2.7,fa29ae07-9a2d-4f0a-880b-18517074d3b1,MIL,LAL,Away,122,123,0
Brook Lopez,1,31.6,4,6,0.667,3,3,1.0,0,0,0.0,0,3,3,1,0,1,0,2,11,13.0,0.917,0.917,0.5,0.0,0.0,11.1,5.6,3.8,0.0,2.7,0.0,8.6,172.0,125.0,1.6,fa29ae07-9a2d-4f0a-880b-18517074d3b1,MIL,LAL,Away,122,123,0
Jae Crowder,1,21.216666666666665,1,5,0.2,0,2,0.0,2,2,1.0,1,2,3,0,1,0,0,2,4,-3.0,0.34,0.2,0.4,0.4,5.7,11.0,8.4,0.0,2.3,0.0,0.0,12.5,86.0,123.0,-10.1,fa29ae07-9a2d-4f0a-880b-18517074d3b1,MIL,LAL,Away,122,123,0
Pat Connaughton,1,30.516666666666666,6,7,0.857,4,5,0.8,1,2,0.5,1,5,6,1,0,0,0,1,17,-2.0,1.079,1.143,0.714,0.286,3.9,19.2,11.7,4.3,0.0,0.0,0.0,11.6,204.0,128.0,8.1,fa29ae07-9a2d-4f0a-880b-18517074d3b1,MIL,LAL,Away,122,123,0
Bobby Portis,1,25.716666666666665,6,13,0.462,0,4,0.0,2,2,1.0,1,7,8,0,0,0,0,2,14,-11.0,0.504,0.462,0.308,0.154,4.7,31.9,18.4,0.0,0.0,0.0,0.0,24.3,105.0,126.0,-8.4,fa29ae07-9a2d-4f0a-880b-18517074d3b1,MIL,LAL,Away,122,123,0
Patrick Beverley,1,16.466666666666665,0,3,0.0,0,2,0.0,0,0,0.0,0,0,0,0,0,0,0,2,0,-16.0,0.0,0.0,0.667,0.0,0.0,0.0,0.0,0.0,0.0,0.0,0.0,8.2,0.0,129.0,-19.3,fa29ae07-9a2d-4f0a-880b-18517074d3b1,MIL,LAL,Away,122,123,0
Danilo Gallinari,1,3.2,0,1,0.0,0,1,0.0,0,0,0.0,0,0,0,0,0,0,0,1,0,-6.0,0.0,0.0,1.0,0.0,0.0,0.0,0.0,0.0,0.0,0.0,0.0,14.1,0.0,128.0,-28.3,fa29ae07-9a2d-4f0a-880b-18517074d3b1,MIL,LAL,Away,122,123,0
Thanasis Antetokounmpo,0,0.0,0,0,0.0,0,0,0.0,0,0,0.0,0,0,0,0,0,0,0,0,0,0.0,0.0,0.0,0.0,0.0,0.0,0.0,0.0,0.0,0.0,0.0,0.0,0.0,0.0,0.0,0.0,fa29ae07-9a2d-4f0a-880b-18517074d3b1,MIL,LAL,Away,122,123,0
MarJon Beauchamp,0,0.0,0,0,0.0,0,0,0.0,0,0,0.0,0,0,0,0,0,0,0,0,0,0.0,0.0,0.0,0.0,0.0,0.0,0.0,0.0,0.0,0.0,0.0,0.0,0.0,0.0,0.0,0.0,fa29ae07-9a2d-4f0a-880b-18517074d3b1,MIL,LAL,Away,122,123,0
A.J. Green,0,0.0,0,0,0.0,0,0,0.0,0,0,0.0,0,0,0,0,0,0,0,0,0,0.0,0.0,0.0,0.0,0.0,0.0,0.0,0.0,0.0,0.0,0.0,0.0,0.0,0.0,0.0,0.0,fa29ae07-9a2d-4f0a-880b-18517074d3b1,MIL,LAL,Away,122,123,0
Andre Jackson Jr.,0,0.0,0,0,0.0,0,0,0.0,0,0,0.0,0,0,0,0,0,0,0,0,0,0.0,0.0,0.0,0.0,0.0,0.0,0.0,0.0,0.0,0.0,0.0,0.0,0.0,0.0,0.0,0.0,fa29ae07-9a2d-4f0a-880b-18517074d3b1,MIL,LAL,Away,122,123,0
Malik Beasley,1,38.66666666666666,6,11,0.545,4,9,0.444,1,1,1.0,0,4,4,1,0,0,1,0,17,20.0,0.743,0.727,0.818,0.091,0.0,9.7,5.3,3.5,0.0,0.0,8.0,14.6,128.0,126.0,-2.4,43c633d6-40ec-4d09-bab5-55411d9122ef,MIL,LAC,Away,124,117,1
Giannis Antetokounmpo,1,38.61666666666667,12,24,0.5,0,2,0.0,10,15,0.667,0,7,7,10,1,1,3,3,34,19.0,0.556,0.5,0.083,0.625,0.0,17.1,9.4,44.3,1.3,2.2,8.9,39.4,117.0,118.0,3.8,43c633d6-40ec-4d09-bab5-55411d9122ef,MIL,LAC,Away,124,117,1
Damian Lillard,1,38.016666666666666,11,19,0.579,7,13,0.538,6,7,0.857,1,6,7,11,0,0,2,1,35,0.0,0.793,0.763,0.684,0.368,3.0,14.9,9.5,47.7,0.0,0.0,8.3,28.7,155.0,123.0,13.9,43c633d6-40ec-4d09-bab5-55411d9122ef,MIL,LAC,Away,124,117,1
Brook Lopez,1,31.2,2,4,0.5,1,2,0.5,2,2,1.0,2,4,6,1,0,2,1,2,7,-4.0,0.717,0.625,0.5,0.5,7.3,12.1,9.9,3.9,0.0,5.4,17.0,8.5,137.0,122.0,-3.7,43c633d6-40ec-4d09-bab5-55411d9122ef,MIL,LAC,Away,124,117,1
Jae Crowder,1,19.383333333333333,3,5,0.6,1,2,0.5,0,0,0.0,1,1,2,1,1,1,0,3,7,6.0,0.7,0.7,0.4,0.0,5.9,4.9,5.3,7.0,2.5,4.3,0.0,11.7,148.0,120.0,1.4,43c633d6-40ec-4d09-bab5-55411d9122ef,MIL,LAC,Away,124,117,1
Pat Connaughton,1,26.23333333333333,1,5,0.2,1,5,0.2,2,2,1.0,0,3,3,2,1,1,0,0,5,-2.0,0.425,0.3,1.0,0.4,0.0,10.8,5.9,8.9,1.9,3.2,0.0,10.2,106.0,119.0,-3.4,43c633d6-40ec-4d09-bab5-55411d9122ef,MIL,LAC,Away,124,117,1
Bobby Portis,1,25.883333333333333,5,14,0.357,1,2,0.5,0,0,0.0,3,5,8,1,0,0,0,1,11,-3.0,0.393,0.393,0.143,0.0,13.2,18.2,16.0,5.5,0.0,0.0,0.0,24.5,97.0,122.0,-11.8,43c633d6-40ec-4d09-bab5-55411d9122ef,MIL,LAC,Away,124,117,1
Patrick Beverley,1,15.55,2,4,0.5,1,2,0.5,0,0,0.0,0,4,4,1,2,1,0,5,5,-6.0,0.625,0.625,0.5,0.0,0.0,24.2,13.3,8.4,6.3,5.4,0.0,11.7,128.0,102.0,2.6,43c633d6-40ec-4d09-bab5-55411d9122ef,MIL,LAC,Away,124,117,1
Danilo Gallinari,1,6.45,1,1,1.0,1,1,1.0,0,0,0.0,0,0,0,0,0,0,0,0,3,5.0,1.5,1.5,1.0,0.0,0.0,0.0,0.0,0.0,0.0,0.0,0.0,7.0,300.0,130.0,5.9,43c633d6-40ec-4d09-bab5-55411d9122ef,MIL,LAC,Away,124,117,1
Thanasis Antetokounmpo,0,0.0,0,0,0.0,0,0,0.0,0,0,0.0,0,0,0,0,0,0,0,0,0,0.0,0.0,0.0,0.0,0.0,0.0,0.0,0.0,0.0,0.0,0.0,0.0,0.0,0.0,0.0,0.0,43c633d6-40ec-4d09-bab5-55411d9122ef,MIL,LAC,Away,124,117,1
MarJon Beauchamp,0,0.0,0,0,0.0,0,0,0.0,0,0,0.0,0,0,0,0,0,0,0,0,0,0.0,0.0,0.0,0.0,0.0,0.0,0.0,0.0,0.0,0.0,0.0,0.0,0.0,0.0,0.0,0.0,43c633d6-40ec-4d09-bab5-55411d9122ef,MIL,LAC,Away,124,117,1
A.J. Green,0,0.0,0,0,0.0,0,0,0.0,0,0,0.0,0,0,0,0,0,0,0,0,0,0.0,0.0,0.0,0.0,0.0,0.0,0.0,0.0,0.0,0.0,0.0,0.0,0.0,0.0,0.0,0.0,43c633d6-40ec-4d09-bab5-55411d9122ef,MIL,LAC,Away,124,117,1
Andre Jackson Jr.,0,0.0,0,0,0.0,0,0,0.0,0,0,0.0,0,0,0,0,0,0,0,0,0,0.0,0.0,0.0,0.0,0.0,0.0,0.0,0.0,0.0,0.0,0.0,0.0,0.0,0.0,0.0,0.0,43c633d6-40ec-4d09-bab5-55411d9122ef,MIL,LAC,Away,124,117,1
Damian Lillard,1,33.03333333333333,2,12,0.167,1,6,0.167,5,6,0.833,0,5,5,6,1,1,2,2,10,-22.0,0.342,0.208,0.5,0.5,0.0,18.2,7.6,32.2,1.5,2.8,12.0,21.9,77.0,126.0,-5.9,e5971d38-449c-47c9-917c-3bd6c7d52b32,MIL,SAC,Away,94,129,0
Giannis Antetokounmpo,1,32.88333333333333,10,17,0.588,0,2,0.0,10,14,0.714,1,12,13,4,1,0,4,3,30,-18.0,0.648,0.588,0.118,0.824,2.7,43.8,20.0,37.9,1.5,0.0,14.7,35.9,112.0,125.0,9.3,e5971d38-449c-47c9-917c-3bd6c7d52b32,MIL,SAC,Away,94,129,0
Brook Lopez,1,25.933333333333334,2,7,0.286,1,4,0.25,2,2,1.0,3,1,4,0,0,1,2,1,7,-21.0,0.444,0.357,0.571,0.286,10.1,4.6,7.8,0.0,0.0,3.6,20.2,16.6,84.0,131.0,-8.9,e5971d38-449c-47c9-917c-3bd6c7d52b32,MIL,SAC,Away,94,129,0
Malik Beasley,1,25.0,4,13,0.308,3,11,0.273,0,0,0.0,0,3,3,2,0,0,2,1,11,-19.0,0.423,0.423,0.846,0.0,0.0,14.4,6.1,17.2,0.0,0.0,13.3,26.1,73.0,133.0,-7.2,e5971d38-449c-47c9-917c-3bd6c7d52b32,MIL,SAC,Away,94,129,0
Jae Crowder,1,15.933333333333334,0,0,0.0,0,0,0.0,0,0,0.0,0,0,0,2,1,0,0,1,0,-21.0,0.0,0.0,0.0,0.0,0.0,0.0,0.0,20.1,3.0,0.0,0.0,0.0,223.0,127.0,-1.6,e5971d38-449c-47c9-917c-3bd6c7d52b32,MIL,SAC,Away,94,129,0
Patrick Beverley,1,26.65,1,4,0.25,0,3,0.0,2,3,0.667,0,2,2,4,0,0,0,3,4,-15.0,0.376,0.25,0.75,0.75,0.0,9.0,3.8,25.5,0.0,0.0,0.0,8.7,103.0,133.0,-6.2,e5971d38-449c-47c9-917c-3bd6c7d52b32,MIL,SAC,Away,94,129,0
Pat Connaughton,1,22.916666666666668,2,9,0.222,1,7,0.143,2,2,1.0,3,1,4,1,0,0,1,1,7,-10.0,0.354,0.278,0.778,0.222,11.4,5.2,8.8,8.1,0.0,0.0,9.2,20.6,83.0,134.0,-8.7,e5971d38-449c-47c9-917c-3bd6c7d52b32,MIL,SAC,Away,94,129,0
Bobby Portis,1,20.683333333333334,4,7,0.571,0,0,0.0,3,4,0.75,0,7,7,1,0,0,0,3,11,-11.0,0.628,0.571,0.0,0.571,0.0,40.6,17.1,11.2,0.0,0.0,0.0,18.4,127.0,129.0,0.8,e5971d38-449c-47c9-917c-3bd6c7d52b32,MIL,SAC,Away,94,129,0
A.J. Green,1,17.066666666666666,1,6,0.167,1,4,0.25,0,0,0.0,0,1,1,1,0,0,0,2,3,-17.0,0.25,0.25,0.667,0.0,0.0,7.0,3.0,10.3,0.0,0.0,0.0,15.3,58.0,133.0,-12.6,e5971d38-449c-47c9-917c-3bd6c7d52b32,MIL,SAC,Away,94,129,0
Danilo Gallinari,1,6.633333333333333,2,4,0.5,0,2,0.0,3,4,0.75,0,0,0,0,0,0,0,0,7,-7.0,0.608,0.5,0.5,1.0,0.0,0.0,0.0,0.0,0.0,0.0,0.0,37.8,124.0,134.0,4.8,e5971d38-449c-47c9-917c-3bd6c7d52b32,MIL,SAC,Away,94,129,0
Thanasis Antetokounmpo,1,6.633333333333333,1,2,0.5,0,0,0.0,0,0,0.0,0,1,1,0,0,0,1,1,2,-7.0,0.5,0.5,0.0,0.0,0.0,18.1,7.6,0.0,0.0,0.0,33.3,19.7,56.0,132.0,-15.9,e5971d38-449c-47c9-917c-3bd6c7d52b32,MIL,SAC,Away,94,129,0
Andre Jackson Jr.,1,6.633333333333333,1,1,1.0,0,0,0.0,0,0,0.0,3,1,4,2,0,0,1,0,2,-7.0,1.0,1.0,0.0,0.0,39.5,18.1,30.5,63.6,0.0,0.0,50.0,13.1,141.0,132.0,12.5,e5971d38-449c-47c9-917c-3bd6c7d52b32,MIL,SAC,Away,94,129,0
Damian Lillard,1,38.16666666666666,7,16,0.438,2,7,0.286,1,1,1.0,1,2,3,9,1,1,0,1,17,23.0,0.517,0.5,0.438,0.063,4.2,6.8,5.6,37.5,1.4,2.9,0.0,21.4,134.0,119.0,1.6,635e4688-946d-4113-9565-bcdc7d2e0a23,MIL,PHI,Home,114,105,1
Giannis Antetokounmpo,1,36.93333333333333,9,12,0.75,0,0,0.0,14,18,0.778,4,7,11,7,1,0,7,4,32,-4.0,0.803,0.75,0.0,1.5,17.3,24.6,21.3,33.3,1.5,0.0,26.0,36.2,134.0,118.0,5.3,635e4688-946d-4113-9565-bcdc7d2e0a23,MIL,PHI,Home,114,105,1
Brook Lopez,1,36.78333333333333,7,12,0.583,5,10,0.5,0,0,0.0,0,7,7,5,1,2,2,3,19,23.0,0.792,0.792,0.833,0.0,0.0,24.7,13.6,21.8,1.5,5.9,14.3,18.9,135.0,114.0,9.2,635e4688-946d-4113-9565-bcdc7d2e0a23,MIL,PHI,Home,114,105,1
Patrick Beverley,1,25.633333333333333,2,5,0.4,2,3,0.667,0,0,0.0,0,2,2,2,1,1,1,3,6,1.0,0.6,0.6,0.6,0.0,0.0,10.1,5.6,10.6,2.1,4.3,16.7,11.6,108.0,116.0,-1.9,635e4688-946d-4113-9565-bcdc7d2e0a23,MIL,PHI,Home,114,105,1
Jae Crowder,1,18.566666666666663,3,8,0.375,3,6,0.5,0,0,0.0,1,1,2,0,0,0,0,1,9,4.0,0.563,0.563,0.75,0.0,8.6,7.0,7.7,0.0,0.0,0.0,0.0,21.4,114.0,125.0,-5.4,635e4688-946d-4113-9565-bcdc7d2e0a23,MIL,PHI,Home,114,105,1
Pat Connaughton,1,29.25,3,5,0.6,1,2,0.5,2,2,1.0,0,3,3,4,0,0,0,0,9,3.0,0.765,0.7,0.4,0.4,0.0,13.3,7.3,19.3,0.0,0.0,0.0,10.0,173.0,124.0,2.5,635e4688-946d-4113-9565-bcdc7d2e0a23,MIL,PHI,Home,114,105,1
A.J. Green,1,28.116666666666667,4,8,0.5,3,7,0.429,3,3,1.0,0,5,5,0,1,0,0,1,14,1.0,0.751,0.688,0.875,0.375,0.0,23.1,12.7,0.0,1.9,0.0,0.0,16.5,146.0,118.0,2.0,635e4688-946d-4113-9565-bcdc7d2e0a23,MIL,PHI,Home,114,105,1
Bobby Portis,1,21.6,4,6,0.667,0,1,0.0,0,0,0.0,0,3,3,1,1,0,4,0,8,-1.0,0.667,0.667,0.167,0.0,0.0,18.0,10.0,7.4,2.5,0.0,40.0,23.0,72.0,117.0,-9.5,635e4688-946d-4113-9565-bcdc7d2e0a23,MIL,PHI,Home,114,105,1
Danilo Gallinari,1,4.95,0,0,0.0,0,0,0.0,0,0,0.0,0,1,1,1,0,0,0,1,0,-5.0,0.0,0.0,0.0,0.0,0.0,26.2,14.5,24.9,0.0,0.0,0.0,0.0,241.0,121.0,-1.7,635e4688-946d-4113-9565-bcdc7d2e0a23,MIL,PHI,Home,114,105,1
Thanasis Antetokounmpo,0,0.0,0,0,0.0,0,0,0.0,0,0,0.0,0,0,0,0,0,0,0,0,0,0.0,0.0,0.0,0.0,0.0,0.0,0.0,0.0,0.0,0.0,0.0,0.0,0.0,0.0,0.0,0.0,635e4688-946d-4113-9565-bcdc7d2e0a23,MIL,PHI,Home,114,105,1
Jaylin Galloway,0,0.0,0,0,0.0,0,0,0.0,0,0,0.0,0,0,0,0,0,0,0,0,0,0.0,0.0,0.0,0.0,0.0,0.0,0.0,0.0,0.0,0.0,0.0,0.0,0.0,0.0,0.0,0.0,635e4688-946d-4113-9565-bcdc7d2e0a23,MIL,PHI,Home,114,105,1
Andre Jackson Jr.,0,0.0,0,0,0.0,0,0,0.0,0,0,0.0,0,0,0,0,0,0,0,0,0,0.0,0.0,0.0,0.0,0.0,0.0,0.0,0.0,0.0,0.0,0.0,0.0,0.0,0.0,0.0,0.0,635e4688-946d-4113-9565-bcdc7d2e0a23,MIL,PHI,Home,114,105,1
Ryan Rollins,0,0.0,0,0,0.0,0,0,0.0,0,0,0.0,0,0,0,0,0,0,0,0,0,0.0,0.0,0.0,0.0,0.0,0.0,0.0,0.0,0.0,0.0,0.0,0.0,0.0,0.0,0.0,0.0,635e4688-946d-4113-9565-bcdc7d2e0a23,MIL,PHI,Home,114,105,1
TyTy Washington Jr.,0,0.0,0,0,0.0,0,0,0.0,0,0,0.0,0,0,0,0,0,0,0,0,0,0.0,0.0,0.0,0.0,0.0,0.0,0.0,0.0,0.0,0.0,0.0,0.0,0.0,0.0,0.0,0.0,635e4688-946d-4113-9565-bcdc7d2e0a23,MIL,PHI,Home,114,105,1
Damian Lillard,1,38.63333333333333,10,19,0.526,4,8,0.5,7,7,1.0,1,4,5,16,1,0,4,1,31,14.0,0.702,0.632,0.421,0.368,3.0,15.5,8.4,51.5,1.3,0.0,15.3,29.4,147.0,136.0,6.9,85fcd6a9-6170-49a5-b55b-3ee774bb434d,MIL,PHO,Home,140,129,1
Jae Crowder,1,31.85,7,11,0.636,4,6,0.667,0,0,0.0,0,2,2,0,3,0,0,1,18,9.0,0.818,0.818,0.545,0.0,0.0,9.4,4.1,0.0,4.6,0.0,0.0,15.0,153.0,129.0,4.1,85fcd6a9-6170-49a5-b55b-3ee774bb434d,MIL,PHO,Home,140,129,1
Malik Beasley,1,29.25,6,11,0.545,5,8,0.625,0,0,0.0,0,3,3,3,0,0,0,1,17,3.0,0.773,0.773,0.727,0.0,0.0,15.4,6.7,12.0,0.0,0.0,0.0,16.4,157.0,138.0,2.2,85fcd6a9-6170-49a5-b55b-3ee774bb434d,MIL,PHO,Home,140,129,1
Khris Middleton,1,25.48333333333333,8,15,0.533,2,4,0.5,4,4,1.0,1,2,3,7,1,0,2,4,22,-11.0,0.656,0.6,0.267,0.267,4.5,11.8,7.6,36.7,1.9,0.0,10.7,32.1,138.0,134.0,1.2,85fcd6a9-6170-49a5-b55b-3ee774bb434d,MIL,PHO,Home,140,129,1
Brook Lopez,1,18.2,4,8,0.5,2,5,0.4,0,0,0.0,3,4,7,3,1,1,1,1,10,-4.0,0.625,0.625,0.625,0.0,18.8,33.0,24.9,19.6,2.7,4.9,11.1,21.5,139.0,126.0,5.6,85fcd6a9-6170-49a5-b55b-3ee774bb434d,MIL,PHO,Home,140,129,1
Bobby Portis,1,29.8,13,20,0.65,5,5,1.0,0,0,0.0,3,7,10,2,3,0,1,0,31,15.0,0.775,0.775,0.25,0.0,11.5,35.2,21.8,10.7,5.0,0.0,4.8,30.7,148.0,125.0,12.5,85fcd6a9-6170-49a5-b55b-3ee774bb434d,MIL,PHO,Home,140,129,1
Patrick Beverley,1,29.2,1,6,0.167,1,3,0.333,0,0,0.0,0,2,2,4,1,0,1,3,3,22.0,0.25,0.25,0.5,0.0,0.0,10.3,4.4,13.3,1.7,0.0,14.3,10.4,84.0,135.0,-11.6,85fcd6a9-6170-49a5-b55b-3ee774bb434d,MIL,PHO,Home,140,129,1
Pat Connaughton,1,22.133333333333333,1,3,0.333,0,1,0.0,1,1,1.0,1,1,2,0,0,1,1,0,3,-4.0,0.436,0.333,0.333,0.333,5.2,6.8,5.9,0.0,0.0,4.0,22.5,8.7,87.0,136.0,-10.8,85fcd6a9-6170-49a5-b55b-3ee774bb434d,MIL,PHO,Home,140,129,1
A.J. Green,1,15.45,1,1,1.0,1,1,1.0,2,2,1.0,1,0,1,0,1,0,0,1,5,11.0,1.33,1.5,1.0,2.0,7.4,0.0,4.2,0.0,3.2,0.0,0.0,5.3,262.0,133.0,2.6,85fcd6a9-6170-49a5-b55b-3ee774bb434d,MIL,PHO,Home,140,129,1
Thanasis Antetokounmpo,0,0.0,0,0,0.0,0,0,0.0,0,0,0.0,0,0,0,0,0,0,0,0,0,0.0,0.0,0.0,0.0,0.0,0.0,0.0,0.0,0.0,0.0,0.0,0.0,0.0,0.0,0.0,0.0,85fcd6a9-6170-49a5-b55b-3ee774bb434d,MIL,PHO,Home,140,129,1
Danilo Gallinari,0,0.0,0,0,0.0,0,0,0.0,0,0,0.0,0,0,0,0,0,0,0,0,0,0.0,0.0,0.0,0.0,0.0,0.0,0.0,0.0,0.0,0.0,0.0,0.0,0.0,0.0,0.0,0.0,85fcd6a9-6170-49a5-b55b-3ee774bb434d,MIL,PHO,Home,140,129,1
Jaylin Galloway,0,0.0,0,0,0.0,0,0,0.0,0,0,0.0,0,0,0,0,0,0,0,0,0,0.0,0.0,0.0,0.0,0.0,0.0,0.0,0.0,0.0,0.0,0.0,0.0,0.0,0.0,0.0,0.0,85fcd6a9-6170-49a5-b55b-3ee774bb434d,MIL,PHO,Home,140,129,1
Andre Jackson Jr.,0,0.0,0,0,0.0,0,0,0.0,0,0,0.0,0,0,0,0,0,0,0,0,0,0.0,0.0,0.0,0.0,0.0,0.0,0.0,0.0,0.0,0.0,0.0,0.0,0.0,0.0,0.0,0.0,85fcd6a9-6170-49a5-b55b-3ee774bb434d,MIL,PHO,Home,140,129,1
Ryan Rollins,0,0.0,0,0,0.0,0,0,0.0,0,0,0.0,0,0,0,0,0,0,0,0,0,0.0,0.0,0.0,0.0,0.0,0.0,0.0,0.0,0.0,0.0,0.0,0.0,0.0,0.0,0.0,0.0,85fcd6a9-6170-49a5-b55b-3ee774bb434d,MIL,PHO,Home,140,129,1
TyTy Washington Jr.,0,0.0,0,0,0.0,0,0,0.0,0,0,0.0,0,0,0,0,0,0,0,0,0,0.0,0.0,0.0,0.0,0.0,0.0,0.0,0.0,0.0,0.0,0.0,0.0,0.0,0.0,0.0,0.0,85fcd6a9-6170-49a5-b55b-3ee774bb434d,MIL,PHO,Home,140,129,1
Damian Lillard,1,36.13333333333333,11,21,0.524,6,10,0.6,4,4,1.0,0,4,4,6,1,1,4,1,32,1.0,0.703,0.667,0.476,0.19,0.0,12.4,6.8,26.2,1.4,3.0,14.9,34.1,131.0,130.0,9.2,60632d5f-29f9-47b9-aabf-3a4f873ec260,MIL,BOS,Away,119,122,0
Khris Middleton,1,32.61666666666667,8,11,0.727,2,3,0.667,4,5,0.8,2,4,6,6,1,1,4,5,22,-9.0,0.833,0.818,0.273,0.455,8.4,13.7,11.3,26.6,1.6,3.3,23.3,24.3,142.0,129.0,8.0,60632d5f-29f9-47b9-aabf-3a4f873ec260,MIL,BOS,Away,119,122,0
Malik Beasley,1,28.15,2,8,0.25,2,7,0.286,0,0,0.0,0,6,6,0,0,0,0,2,6,-2.0,0.375,0.375,0.875,0.0,0.0,23.8,13.1,0.0,0.0,0.0,0.0,13.1,84.0,132.0,-9.0,60632d5f-29f9-47b9-aabf-3a4f873ec260,MIL,BOS,Away,119,122,0
Brook Lopez,1,21.25,2,5,0.4,2,4,0.5,2,2,1.0,0,2,2,4,0,2,2,4,8,-7.0,0.68,0.6,0.8,0.4,0.0,10.5,5.8,22.3,0.0,10.0,25.4,17.1,125.0,129.0,4.7,60632d5f-29f9-47b9-aabf-3a4f873ec260,MIL,BOS,Away,119,122,0
Jae Crowder,1,14.966666666666669,3,5,0.6,1,3,0.333,0,0,0.0,0,2,2,2,0,0,1,4,7,3.0,0.7,0.7,0.6,0.0,0.0,14.9,8.2,18.1,0.0,0.0,16.7,18.5,129.0,134.0,-2.5,60632d5f-29f9-47b9-aabf-3a4f873ec260,MIL,BOS,Away,119,122,0
Bobby Portis,1,33.083333333333336,11,20,0.55,2,3,0.667,0,1,0.0,5,10,15,0,0,1,2,3,24,-5.0,0.587,0.6,0.15,0.05,20.7,33.7,27.9,0.0,0.0,3.2,8.9,31.3,119.0,127.0,-2.5,60632d5f-29f9-47b9-aabf-3a4f873ec260,MIL,BOS,Away,119,122,0
Pat Connaughton,1,24.48333333333333,3,4,0.75,1,1,1.0,0,0,0.0,2,3,5,1,0,0,1,3,7,11.0,0.875,0.875,0.25,0.0,11.2,13.7,12.6,5.0,0.0,0.0,20.0,9.4,153.0,135.0,-0.4,60632d5f-29f9-47b9-aabf-3a4f873ec260,MIL,BOS,Away,119,122,0
Patrick Beverley,1,22.466666666666665,3,5,0.6,1,2,0.5,2,2,1.0,0,0,0,0,0,0,0,1,9,-13.0,0.765,0.7,0.4,0.4,0.0,0.0,0.0,0.0,0.0,0.0,0.0,12.1,161.0,139.0,-1.3,60632d5f-29f9-47b9-aabf-3a4f873ec260,MIL,BOS,Away,119,122,0
Danilo Gallinari,1,18.6,2,3,0.667,0,1,0.0,0,0,0.0,0,1,1,1,1,1,0,1,4,-8.0,0.667,0.667,0.333,0.0,0.0,6.0,3.3,6.5,2.8,5.7,0.0,7.4,149.0,127.0,3.8,60632d5f-29f9-47b9-aabf-3a4f873ec260,MIL,BOS,Away,119,122,0
A.J. Green,1,8.25,0,2,0.0,0,1,0.0,0,0,0.0,0,0,0,0,0,0,0,1,0,14.0,0.0,0.0,0.5,0.0,0.0,0.0,0.0,0.0,0.0,0.0,0.0,11.2,0.0,139.0,-20.4,60632d5f-29f9-47b9-aabf-3a4f873ec260,MIL,BOS,Away,119,122,0
Thanasis Antetokounmpo,0,0.0,0,0,0.0,0,0,0.0,0,0,0.0,0,0,0,0,0,0,0,0,0,0.0,0.0,0.0,0.0,0.0,0.0,0.0,0.0,0.0,0.0,0.0,0.0,0.0,0.0,0.0,0.0,60632d5f-29f9-47b9-aabf-3a4f873ec260,MIL,BOS,Away,119,122,0
MarJon Beauchamp,0,0.0,0,0,0.0,0,0,0.0,0,0,0.0,0,0,0,0,0,0,0,0,0,0.0,0.0,0.0,0.0,0.0,0.0,0.0,0.0,0.0,0.0,0.0,0.0,0.0,0.0,0.0,0.0,60632d5f-29f9-47b9-aabf-3a4f873ec260,MIL,BOS,Away,119,122,0
Andre Jackson Jr.,0,0.0,0,0,0.0,0,0,0.0,0,0,0.0,0,0,0,0,0,0,0,0,0,0.0,0.0,0.0,0.0,0.0,0.0,0.0,0.0,0.0,0.0,0.0,0.0,0.0,0.0,0.0,0.0,60632d5f-29f9-47b9-aabf-3a4f873ec260,MIL,BOS,Away,119,122,0
Damian Lillard,1,37.3,11,22,0.5,5,11,0.455,3,3,1.0,0,3,3,12,2,0,4,3,30,-7.0,0.643,0.614,0.5,0.136,0.0,8.8,4.3,53.5,2.7,0.0,14.6,32.7,126.0,114.0,10.2,616ffb71-31a0-4e2c-b6f1-7821c8c2c047,MIL,BRK,Home,115,108,1
Giannis Antetokounmpo,1,34.916666666666664,9,19,0.474,1,2,0.5,2,4,0.5,3,6,9,5,0,2,2,3,21,5.0,0.506,0.5,0.105,0.211,9.2,18.7,13.9,22.4,0.0,5.7,8.8,29.1,110.0,114.0,0.6,616ffb71-31a0-4e2c-b6f1-7821c8c2c047,MIL,BRK,Home,115,108,1
Malik Beasley,1,30.916666666666668,5,10,0.5,2,7,0.286,4,4,1.0,1,5,6,0,0,0,0,2,16,6.0,0.68,0.6,0.7,0.4,3.5,17.6,10.5,0.0,0.0,0.0,0.0,17.0,144.0,117.0,-0.6,616ffb71-31a0-4e2c-b6f1-7821c8c2c047,MIL,BRK,Home,115,108,1
Jae Crowder,1,29.933333333333334,3,6,0.5,0,3,0.0,0,0,0.0,2,1,3,2,0,0,1,1,6,0.0,0.5,0.5,0.5,0.0,7.1,3.6,5.4,8.4,0.0,0.0,14.3,10.4,111.0,123.0,-5.9,616ffb71-31a0-4e2c-b6f1-7821c8c2c047,MIL,BRK,Home,115,108,1
Brook Lopez,1,28.45,7,9,0.778,3,5,0.6,0,0,0.0,1,4,5,0,0,0,1,2,17,-14.0,0.944,0.944,0.556,0.0,3.7,15.3,9.5,0.0,0.0,0.0,10.0,15.7,155.0,118.0,4.6,616ffb71-31a0-4e2c-b6f1-7821c8c2c047,MIL,BRK,Home,115,108,1
Bobby Portis,1,29.766666666666666,2,10,0.2,0,2,0.0,2,2,1.0,2,7,9,2,2,1,0,3,6,15.0,0.276,0.2,0.2,0.2,7.2,25.7,16.3,8.1,3.4,3.4,0.0,16.3,85.0,104.0,-6.4,616ffb71-31a0-4e2c-b6f1-7821c8c2c047,MIL,BRK,Home,115,108,1
Patrick Beverley,1,19.466666666666665,0,4,0.0,0,3,0.0,2,2,1.0,1,2,3,2,0,1,1,1,2,9.0,0.205,0.0,0.75,0.5,5.5,11.2,8.3,11.5,0.0,5.1,17.0,13.5,70.0,117.0,-9.8,616ffb71-31a0-4e2c-b6f1-7821c8c2c047,MIL,BRK,Home,115,108,1
Pat Connaughton,1,15.466666666666669,1,4,0.25,0,1,0.0,0,0,0.0,0,0,0,4,1,0,0,1,2,17.0,0.25,0.25,0.25,0.0,0.0,0.0,0.0,31.1,3.3,0.0,0.0,11.5,103.0,117.0,-1.3,616ffb71-31a0-4e2c-b6f1-7821c8c2c047,MIL,BRK,Home,115,108,1
A.J. Green,1,13.75,5,7,0.714,5,7,0.714,0,0,0.0,1,1,2,0,0,0,1,1,15,4.0,1.071,1.071,1.0,0.0,7.8,7.9,7.8,0.0,0.0,0.0,12.5,26.0,152.0,121.0,21.3,616ffb71-31a0-4e2c-b6f1-7821c8c2c047,MIL,BRK,Home,115,108,1
Thanasis Antetokounmpo,0,0.0,0,0,0.0,0,0,0.0,0,0,0.0,0,0,0,0,0,0,0,0,0,0.0,0.0,0.0,0.0,0.0,0.0,0.0,0.0,0.0,0.0,0.0,0.0,0.0,0.0,0.0,0.0,616ffb71-31a0-4e2c-b6f1-7821c8c2c047,MIL,BRK,Home,115,108,1
MarJon Beauchamp,0,0.0,0,0,0.0,0,0,0.0,0,0,0.0,0,0,0,0,0,0,0,0,0,0.0,0.0,0.0,0.0,0.0,0.0,0.0,0.0,0.0,0.0,0.0,0.0,0.0,0.0,0.0,0.0,616ffb71-31a0-4e2c-b6f1-7821c8c2c047,MIL,BRK,Home,115,108,1
Danilo Gallinari,0,0.0,0,0,0.0,0,0,0.0,0,0,0.0,0,0,0,0,0,0,0,0,0,0.0,0.0,0.0,0.0,0.0,0.0,0.0,0.0,0.0,0.0,0.0,0.0,0.0,0.0,0.0,0.0,616ffb71-31a0-4e2c-b6f1-7821c8c2c047,MIL,BRK,Home,115,108,1
Andre Jackson Jr.,0,0.0,0,0,0.0,0,0,0.0,0,0,0.0,0,0,0,0,0,0,0,0,0,0.0,0.0,0.0,0.0,0.0,0.0,0.0,0.0,0.0,0.0,0.0,0.0,0.0,0.0,0.0,0.0,616ffb71-31a0-4e2c-b6f1-7821c8c2c047,MIL,BRK,Home,115,108,1
Giannis Antetokounmpo,1,33.65,13,18,0.722,0,0,0.0,4,6,0.667,8,11,19,4,0,1,3,3,30,7.0,0.727,0.722,0.0,0.333,27.2,30.2,28.8,18.7,0.0,3.1,12.7,29.5,140.0,93.0,13.6,90980665-1b13-4eff-826c-c2c1363486db,MIL,OKC,Home,118,93,1
Damian Lillard,1,33.1,4,12,0.333,2,5,0.4,1,1,1.0,0,6,6,5,0,0,1,2,11,18.0,0.442,0.417,0.417,0.083,0.0,16.7,9.3,16.8,0.0,0.0,7.4,17.1,110.0,100.0,-4.2,90980665-1b13-4eff-826c-c2c1363486db,MIL,OKC,Home,118,93,1
Khris Middleton,1,27.3,5,11,0.455,1,5,0.2,0,0,0.0,2,8,10,10,0,1,5,3,11,10.0,0.5,0.5,0.455,0.0,8.4,27.0,18.7,43.7,0.0,3.8,31.3,24.6,102.0,94.0,2.2,90980665-1b13-4eff-826c-c2c1363486db,MIL,OKC,Home,118,93,1
Malik Beasley,1,25.366666666666667,3,6,0.5,2,5,0.4,0,0,0.0,0,2,2,0,1,0,1,2,8,7.0,0.667,0.667,0.833,0.0,0.0,7.3,4.0,0.0,1.9,0.0,14.3,11.6,112.0,99.0,-0.7,90980665-1b13-4eff-826c-c2c1363486db,MIL,OKC,Home,118,93,1
Brook Lopez,1,22.58333333333333,5,11,0.455,2,5,0.4,2,3,0.667,1,2,3,2,1,1,0,1,14,14.0,0.568,0.545,0.455,0.273,5.1,8.2,6.8,11.1,2.2,4.6,0.0,22.9,134.0,95.0,7.9,90980665-1b13-4eff-826c-c2c1363486db,MIL,OKC,Home,118,93,1
Bobby Portis,1,27.616666666666667,7,13,0.538,0,2,0.0,1,2,0.5,1,5,6,2,3,0,3,3,15,17.0,0.54,0.538,0.154,0.154,4.1,16.7,11.1,9.4,5.3,0.0,17.8,25.7,97.0,88.0,0.1,90980665-1b13-4eff-826c-c2c1363486db,MIL,OKC,Home,118,93,1
Pat Connaughton,1,19.116666666666667,5,9,0.556,1,5,0.2,0,0,0.0,0,1,1,1,0,0,1,2,11,17.0,0.611,0.611,0.556,0.0,0.0,4.8,2.7,6.9,0.0,0.0,10.0,22.0,114.0,104.0,-2.3,90980665-1b13-4eff-826c-c2c1363486db,MIL,OKC,Home,118,93,1
Jae Crowder,1,17.933333333333334,4,4,1.0,2,2,1.0,0,0,0.0,0,2,2,2,1,0,0,1,10,10.0,1.25,1.25,0.5,0.0,0.0,10.3,5.7,14.0,2.7,0.0,0.0,9.4,244.0,96.0,18.8,90980665-1b13-4eff-826c-c2c1363486db,MIL,OKC,Home,118,93,1
Patrick Beverley,1,14.95,0,2,0.0,0,1,0.0,1,2,0.5,1,3,4,4,0,2,0,1,1,12.0,0.174,0.0,0.5,1.0,7.6,18.5,13.7,26.2,0.0,14.0,0.0,8.1,119.0,91.0,8.1,90980665-1b13-4eff-826c-c2c1363486db,MIL,OKC,Home,118,93,1
Danilo Gallinari,1,4.15,1,2,0.5,1,2,0.5,0,0,0.0,0,0,0,0,1,0,1,0,3,4.0,0.75,0.75,1.0,0.0,0.0,0.0,0.0,0.0,11.8,0.0,33.3,30.4,83.0,79.0,12.3,90980665-1b13-4eff-826c-c2c1363486db,MIL,OKC,Home,118,93,1
MarJon Beauchamp,1,4.15,1,2,0.5,0,1,0.0,0,0,0.0,0,0,0,0,0,0,0,1,2,4.0,0.5,0.5,0.5,0.0,0.0,0.0,0.0,0.0,0.0,0.0,0.0,20.3,108.0,105.0,-9.9,90980665-1b13-4eff-826c-c2c1363486db,MIL,OKC,Home,118,93,1
Andre Jackson Jr.,1,3.65,0,0,0.0,0,0,0.0,0,0,0.0,2,1,3,2,0,0,1,1,0,3.0,0.0,0.0,0.0,0.0,62.6,25.3,42.0,53.7,0.0,0.0,100.0,11.5,117.0,96.0,12.1,90980665-1b13-4eff-826c-c2c1363486db,MIL,OKC,Home,118,93,1
Chris Livingston,1,3.216666666666667,1,2,0.5,0,1,0.0,0,0,0.0,0,0,0,0,0,0,0,0,2,1.0,0.5,0.5,0.5,0.0,0.0,0.0,0.0,0.0,0.0,0.0,0.0,26.1,106.0,106.0,-5.9,90980665-1b13-4eff-826c-c2c1363486db,MIL,OKC,Home,118,93,1
Thanasis Antetokounmpo,1,3.216666666666667,0,0,0.0,0,0,0.0,0,0,0.0,0,1,1,1,0,0,0,1,0,1.0,0.0,0.0,0.0,0.0,0.0,28.7,15.9,30.5,0.0,0.0,0.0,0.0,222.0,95.0,3.4,90980665-1b13-4eff-826c-c2c1363486db,MIL,OKC,Home,118,93,1
Damian Lillard,1,49.23333333333333,9,29,0.31,3,14,0.214,6,7,0.857,1,4,5,8,1,0,2,6,27,-5.0,0.421,0.362,0.483,0.241,1.7,7.7,4.5,24.5,1.0,0.0,5.9,28.6,94.0,111.0,-3.7,ef92d1e2-4fb5-4da7-93c5-03a1a0e212cc,MIL,LAL,Home,124,128,0
Giannis Antetokounmpo,1,46.41666666666666,14,25,0.56,0,1,0.0,1,6,0.167,8,13,21,11,2,3,7,3,29,-13.0,0.525,0.56,0.04,0.24,14.5,26.6,20.2,43.6,2.0,5.9,20.2,30.8,100.0,97.0,8.9,ef92d1e2-4fb5-4da7-93c5-03a1a0e212cc,MIL,LAL,Home,124,128,0
Malik Beasley,1,40.2,8,18,0.444,5,14,0.357,0,0,0.0,0,3,3,1,1,1,1,3,21,1.0,0.583,0.583,0.778,0.0,0.0,7.1,3.3,3.9,1.2,2.3,5.3,19.5,104.0,109.0,1.2,ef92d1e2-4fb5-4da7-93c5-03a1a0e212cc,MIL,LAL,Home,124,128,0
Khris Middleton,1,38.56666666666667,4,15,0.267,2,7,0.286,2,2,1.0,2,4,6,7,1,0,1,5,12,-2.0,0.378,0.333,0.467,0.133,4.4,9.9,6.9,24.5,1.2,0.0,5.9,18.1,96.0,109.0,-4.0,ef92d1e2-4fb5-4da7-93c5-03a1a0e212cc,MIL,LAL,Home,124,128,0
Brook Lopez,1,33.166666666666664,4,7,0.571,1,4,0.25,0,0,0.0,1,5,6,1,1,0,0,2,9,4.0,0.643,0.643,0.571,0.0,2.5,14.3,8.1,4.2,1.4,0.0,0.0,8.7,131.0,107.0,-1.1,ef92d1e2-4fb5-4da7-93c5-03a1a0e212cc,MIL,LAL,Home,124,128,0
Bobby Portis,1,30.33333333333333,7,15,0.467,2,3,0.667,2,2,1.0,3,10,13,0,1,1,1,3,18,5.0,0.567,0.533,0.2,0.133,8.3,31.3,19.1,0.0,1.6,3.0,5.9,23.0,109.0,98.0,2.5,ef92d1e2-4fb5-4da7-93c5-03a1a0e212cc,MIL,LAL,Home,124,128,0
Pat Connaughton,1,21.766666666666666,1,4,0.25,1,4,0.25,0,0,0.0,0,3,3,9,0,0,2,1,3,-6.0,0.375,0.375,1.0,0.0,0.0,13.1,6.1,51.8,0.0,0.0,33.3,11.4,100.0,111.0,2.1,ef92d1e2-4fb5-4da7-93c5-03a1a0e212cc,MIL,LAL,Home,124,128,0
Jae Crowder,1,18.25,2,4,0.5,1,2,0.5,0,0,0.0,0,2,2,0,1,0,0,2,5,-8.0,0.625,0.625,0.5,0.0,0.0,10.4,4.9,0.0,2.6,0.0,0.0,9.0,117.0,106.0,-1.8,ef92d1e2-4fb5-4da7-93c5-03a1a0e212cc,MIL,LAL,Home,124,128,0
A.J. Green,1,12.066666666666666,0,2,0.0,0,2,0.0,0,0,0.0,0,2,2,0,1,0,0,1,0,4.0,0.0,0.0,1.0,0.0,0.0,15.8,7.4,0.0,3.9,0.0,0.0,6.8,0.0,100.0,-10.3,ef92d1e2-4fb5-4da7-93c5-03a1a0e212cc,MIL,LAL,Home,124,128,0
Thanasis Antetokounmpo,0,0.0,0,0,0.0,0,0,0.0,0,0,0.0,0,0,0,0,0,0,0,0,0,0.0,0.0,0.0,0.0,0.0,0.0,0.0,0.0,0.0,0.0,0.0,0.0,0.0,0.0,0.0,0.0,ef92d1e2-4fb5-4da7-93c5-03a1a0e212cc,MIL,LAL,Home,124,128,0
MarJon Beauchamp,0,0.0,0,0,0.0,0,0,0.0,0,0,0.0,0,0,0,0,0,0,0,0,0,0.0,0.0,0.0,0.0,0.0,0.0,0.0,0.0,0.0,0.0,0.0,0.0,0.0,0.0,0.0,0.0,ef92d1e2-4fb5-4da7-93c5-03a1a0e212cc,MIL,LAL,Home,124,128,0
Danilo Gallinari,0,0.0,0,0,0.0,0,0,0.0,0,0,0.0,0,0,0,0,0,0,0,0,0,0.0,0.0,0.0,0.0,0.0,0.0,0.0,0.0,0.0,0.0,0.0,0.0,0.0,0.0,0.0,0.0,ef92d1e2-4fb5-4da7-93c5-03a1a0e212cc,MIL,LAL,Home,124,128,0
Andre Jackson Jr.,0,0.0,0,0,0.0,0,0,0.0,0,0,0.0,0,0,0,0,0,0,0,0,0,0.0,0.0,0.0,0.0,0.0,0.0,0.0,0.0,0.0,0.0,0.0,0.0,0.0,0.0,0.0,0.0,ef92d1e2-4fb5-4da7-93c5-03a1a0e212cc,MIL,LAL,Home,124,128,0
Chris Livingston,0,0.0,0,0,0.0,0,0,0.0,0,0,0.0,0,0,0,0,0,0,0,0,0,0.0,0.0,0.0,0.0,0.0,0.0,0.0,0.0,0.0,0.0,0.0,0.0,0.0,0.0,0.0,0.0,ef92d1e2-4fb5-4da7-93c5-03a1a0e212cc,MIL,LAL,Home,124,128,0
TyTy Washington Jr.,0,0.0,0,0,0.0,0,0,0.0,0,0,0.0,0,0,0,0,0,0,0,0,0,0.0,0.0,0.0,0.0,0.0,0.0,0.0,0.0,0.0,0.0,0.0,0.0,0.0,0.0,0.0,0.0,ef92d1e2-4fb5-4da7-93c5-03a1a0e212cc,MIL,LAL,Home,124,128,0
Giannis Antetokounmpo,1,39.18333333333333,15,22,0.682,0,2,0.0,5,11,0.455,3,11,14,4,0,0,2,5,35,-2.0,0.652,0.682,0.091,0.5,8.8,25.9,18.2,25.0,0.0,0.0,6.9,33.9,127.0,107.0,10.8,bd3b36dc-868f-4e97-81b2-4fbb202383f5,MIL,NOP,Away,100,107,0
Brook Lopez,1,36.68333333333333,2,5,0.4,1,4,0.25,2,3,0.667,0,5,5,1,0,3,2,5,7,1.0,0.554,0.5,0.8,0.6,0.0,12.6,7.0,3.7,0.0,6.7,24.0,10.4,86.0,107.0,-1.9,bd3b36dc-868f-4e97-81b2-4fbb202383f5,MIL,NOP,Away,100,107,0
Damian Lillard,1,35.983333333333334,8,16,0.5,3,6,0.5,1,3,0.333,0,5,5,7,0,0,2,2,20,3.0,0.577,0.594,0.375,0.188,0.0,12.8,7.1,34.2,0.0,0.0,10.4,24.7,113.0,112.0,4.3,bd3b36dc-868f-4e97-81b2-4fbb202383f5,MIL,NOP,Away,100,107,0
Malik Beasley,1,33.05,6,12,0.5,6,11,0.545,2,2,1.0,0,2,2,0,0,1,1,3,20,6.0,0.776,0.75,0.917,0.167,0.0,5.6,3.1,0.0,0.0,2.5,7.2,19.3,132.0,112.0,8.1,bd3b36dc-868f-4e97-81b2-4fbb202383f5,MIL,NOP,Away,100,107,0
Khris Middleton,1,32.766666666666666,3,12,0.25,1,7,0.143,0,0,0.0,0,8,8,6,1,0,4,3,7,0.0,0.292,0.292,0.583,0.0,0.0,22.5,12.5,26.2,1.5,0.0,25.0,22.5,64.0,105.0,-7.9,bd3b36dc-868f-4e97-81b2-4fbb202383f5,MIL,NOP,Away,100,107,0
Pat Connaughton,1,22.0,1,1,1.0,1,1,1.0,0,0,0.0,0,1,1,1,0,0,0,1,3,-13.0,1.5,1.5,1.0,0.0,0.0,4.2,2.3,6.1,0.0,0.0,0.0,2.1,279.0,115.0,1.8,bd3b36dc-868f-4e97-81b2-4fbb202383f5,MIL,NOP,Away,100,107,0
Bobby Portis,1,15.916666666666666,2,6,0.333,1,2,0.5,0,0,0.0,1,6,7,0,0,0,3,5,5,-18.0,0.417,0.417,0.333,0.0,7.2,34.8,22.5,0.0,0.0,0.0,33.3,26.0,58.0,104.0,-15.4,bd3b36dc-868f-4e97-81b2-4fbb202383f5,MIL,NOP,Away,100,107,0
Jae Crowder,1,15.216666666666669,1,3,0.333,1,2,0.5,0,0,0.0,0,2,2,2,0,0,0,0,3,-7.0,0.5,0.5,0.667,0.0,0.0,12.1,6.7,18.1,0.0,0.0,0.0,9.1,121.0,112.0,3.8,bd3b36dc-868f-4e97-81b2-4fbb202383f5,MIL,NOP,Away,100,107,0
Patrick Beverley,1,7.25,0,4,0.0,0,3,0.0,0,0,0.0,1,1,2,0,0,0,0,1,0,-9.0,0.0,0.0,0.75,0.0,15.8,12.7,14.1,0.0,0.0,0.0,0.0,25.4,21.0,112.0,-24.7,bd3b36dc-868f-4e97-81b2-4fbb202383f5,MIL,NOP,Away,100,107,0
A.J. Green,1,1.9166666666666663,0,1,0.0,0,1,0.0,0,0,0.0,0,0,0,0,0,0,0,0,0,4.0,0.0,0.0,1.0,0.0,0.0,0.0,0.0,0.0,0.0,0.0,0.0,24.0,0.0,116.0,-25.0,bd3b36dc-868f-4e97-81b2-4fbb202383f5,MIL,NOP,Away,100,107,0
Thanasis Antetokounmpo,0,0.0,0,0,0.0,0,0,0.0,0,0,0.0,0,0,0,0,0,0,0,0,0,0.0,0.0,0.0,0.0,0.0,0.0,0.0,0.0,0.0,0.0,0.0,0.0,0.0,0.0,0.0,0.0,bd3b36dc-868f-4e97-81b2-4fbb202383f5,MIL,NOP,Away,100,107,0
MarJon Beauchamp,0,0.0,0,0,0.0,0,0,0.0,0,0,0.0,0,0,0,0,0,0,0,0,0,0.0,0.0,0.0,0.0,0.0,0.0,0.0,0.0,0.0,0.0,0.0,0.0,0.0,0.0,0.0,0.0,bd3b36dc-868f-4e97-81b2-4fbb202383f5,MIL,NOP,Away,100,107,0
Danilo Gallinari,0,0.0,0,0,0.0,0,0,0.0,0,0,0.0,0,0,0,0,0,0,0,0,0,0.0,0.0,0.0,0.0,0.0,0.0,0.0,0.0,0.0,0.0,0.0,0.0,0.0,0.0,0.0,0.0,bd3b36dc-868f-4e97-81b2-4fbb202383f5,MIL,NOP,Away,100,107,0
Andre Jackson Jr.,0,0.0,0,0,0.0,0,0,0.0,0,0,0.0,0,0,0,0,0,0,0,0,0,0.0,0.0,0.0,0.0,0.0,0.0,0.0,0.0,0.0,0.0,0.0,0.0,0.0,0.0,0.0,0.0,bd3b36dc-868f-4e97-81b2-4fbb202383f5,MIL,NOP,Away,100,107,0
Giannis Antetokounmpo,1,37.68333333333333,12,22,0.545,0,1,0.0,12,16,0.75,4,12,16,8,3,1,3,2,36,8.0,0.62,0.545,0.045,0.727,14.2,35.5,25.8,36.8,3.9,2.2,9.4,39.5,129.0,105.0,12.0,d824565f-33be-4713-953f-9beead2f73cb,MIL,ATL,Away,122,113,1
Patrick Beverley,1,36.11666666666667,6,10,0.6,2,5,0.4,4,4,1.0,0,5,5,5,1,1,0,2,18,6.0,0.765,0.7,0.5,0.4,0.0,15.5,8.4,19.0,1.4,2.3,0.0,15.1,162.0,116.0,6.9,d824565f-33be-4713-953f-9beead2f73cb,MIL,ATL,Away,122,113,1
Khris Middleton,1,35.8,9,10,0.9,3,3,1.0,0,0,0.0,0,6,6,6,1,0,1,3,21,0.0,1.05,1.05,0.3,0.0,0.0,18.7,10.2,26.0,1.4,0.0,9.1,14.3,185.0,117.0,9.5,d824565f-33be-4713-953f-9beead2f73cb,MIL,ATL,Away,122,113,1
Malik Beasley,1,35.03333333333333,4,12,0.333,2,9,0.222,0,0,0.0,0,1,1,2,0,0,1,2,10,8.0,0.417,0.417,0.75,0.0,0.0,3.2,1.7,7.3,0.0,0.0,7.7,17.2,83.0,124.0,-11.2,d824565f-33be-4713-953f-9beead2f73cb,MIL,ATL,Away,122,113,1
Brook Lopez,1,32.833333333333336,3,3,1.0,1,1,1.0,6,6,1.0,0,3,3,0,0,2,3,4,13,10.0,1.152,1.167,0.333,2.0,0.0,10.2,5.6,0.0,0.0,5.1,34.7,12.2,138.0,118.0,-2.0,d824565f-33be-4713-953f-9beead2f73cb,MIL,ATL,Away,122,113,1
Bobby Portis,1,21.316666666666663,6,10,0.6,0,2,0.0,1,2,0.5,0,4,4,2,2,0,0,1,13,2.0,0.597,0.6,0.2,0.2,0.0,20.9,11.4,15.3,4.6,0.0,0.0,23.7,123.0,109.0,3.6,d824565f-33be-4713-953f-9beead2f73cb,MIL,ATL,Away,122,113,1
Pat Connaughton,1,16.316666666666666,1,3,0.333,0,2,0.0,2,4,0.5,1,2,3,4,0,0,1,3,4,3.0,0.42,0.333,0.667,1.333,8.2,13.7,11.2,29.4,0.0,0.0,17.4,16.4,108.0,121.0,-6.3,d824565f-33be-4713-953f-9beead2f73cb,MIL,ATL,Away,122,113,1
Jae Crowder,1,13.45,1,5,0.2,0,3,0.0,3,3,1.0,1,1,2,0,0,0,1,0,5,7.0,0.396,0.2,0.6,0.6,9.9,8.3,9.0,0.0,0.0,0.0,13.7,25.3,83.0,123.0,-16.1,d824565f-33be-4713-953f-9beead2f73cb,MIL,ATL,Away,122,113,1
A.J. Green,1,11.45,1,3,0.333,0,2,0.0,0,0,0.0,0,0,0,0,0,1,0,1,2,1.0,0.333,0.333,0.667,0.0,0.0,0.0,0.0,0.0,0.0,7.4,0.0,12.2,68.0,119.0,-10.1,d824565f-33be-4713-953f-9beead2f73cb,MIL,ATL,Away,122,113,1
Thanasis Antetokounmpo,0,0.0,0,0,0.0,0,0,0.0,0,0,0.0,0,0,0,0,0,0,0,0,0,0.0,0.0,0.0,0.0,0.0,0.0,0.0,0.0,0.0,0.0,0.0,0.0,0.0,0.0,0.0,0.0,d824565f-33be-4713-953f-9beead2f73cb,MIL,ATL,Away,122,113,1
MarJon Beauchamp,0,0.0,0,0,0.0,0,0,0.0,0,0,0.0,0,0,0,0,0,0,0,0,0,0.0,0.0,0.0,0.0,0.0,0.0,0.0,0.0,0.0,0.0,0.0,0.0,0.0,0.0,0.0,0.0,d824565f-33be-4713-953f-9beead2f73cb,MIL,ATL,Away,122,113,1
Danilo Gallinari,0,0.0,0,0,0.0,0,0,0.0,0,0,0.0,0,0,0,0,0,0,0,0,0,0.0,0.0,0.0,0.0,0.0,0.0,0.0,0.0,0.0,0.0,0.0,0.0,0.0,0.0,0.0,0.0,d824565f-33be-4713-953f-9beead2f73cb,MIL,ATL,Away,122,113,1
Andre Jackson Jr.,0,0.0,0,0,0.0,0,0,0.0,0,0,0.0,0,0,0,0,0,0,0,0,0,0.0,0.0,0.0,0.0,0.0,0.0,0.0,0.0,0.0,0.0,0.0,0.0,0.0,0.0,0.0,0.0,d824565f-33be-4713-953f-9beead2f73cb,MIL,ATL,Away,122,113,1
Ryan Rollins,0,0.0,0,0,0.0,0,0,0.0,0,0,0.0,0,0,0,0,0,0,0,0,0,0.0,0.0,0.0,0.0,0.0,0.0,0.0,0.0,0.0,0.0,0.0,0.0,0.0,0.0,0.0,0.0,d824565f-33be-4713-953f-9beead2f73cb,MIL,ATL,Away,122,113,1
TyTy Washington Jr.,0,0.0,0,0,0.0,0,0,0.0,0,0,0.0,0,0,0,0,0,0,0,0,0,0.0,0.0,0.0,0.0,0.0,0.0,0.0,0.0,0.0,0.0,0.0,0.0,0.0,0.0,0.0,0.0,d824565f-33be-4713-953f-9beead2f73cb,MIL,ATL,Away,122,113,1
Giannis Antetokounmpo,1,36.31666666666667,15,21,0.714,0,0,0.0,5,9,0.556,3,12,15,10,0,0,2,2,35,2.0,0.701,0.714,0.0,0.429,7.0,36.0,19.6,52.5,0.0,0.0,7.4,29.0,142.0,116.0,15.6,6e3cd81b-d7a4-4a84-bc3b-b5f572cb5a2d,MIL,WAS,Away,113,117,0
Khris Middleton,1,30.85,9,19,0.474,3,8,0.375,3,4,0.75,3,6,9,6,2,0,4,3,24,-14.0,0.578,0.553,0.421,0.211,8.2,21.2,13.9,30.1,3.0,0.0,16.2,31.3,110.0,111.0,4.0,6e3cd81b-d7a4-4a84-bc3b-b5f572cb5a2d,MIL,WAS,Away,113,117,0
Malik Beasley,1,29.9,2,13,0.154,1,10,0.1,0,0,0.0,1,1,2,1,2,0,1,3,5,-7.0,0.192,0.192,0.769,0.0,2.8,3.6,3.2,3.8,3.1,0.0,7.1,18.3,51.0,113.0,-17.4,6e3cd81b-d7a4-4a84-bc3b-b5f572cb5a2d,MIL,WAS,Away,113,117,0
Brook Lopez,1,26.416666666666668,3,9,0.333,0,4,0.0,0,0,0.0,1,1,2,1,1,3,0,1,6,-7.0,0.333,0.333,0.444,0.0,3.2,4.1,3.6,4.6,1.8,9.9,0.0,13.3,86.0,107.0,-7.1,6e3cd81b-d7a4-4a84-bc3b-b5f572cb5a2d,MIL,WAS,Away,113,117,0
Patrick Beverley,1,21.95,1,4,0.25,0,2,0.0,0,0,0.0,1,4,5,3,1,1,0,1,2,-8.0,0.25,0.25,0.5,0.0,3.8,19.9,10.8,15.3,2.1,4.0,0.0,7.1,100.0,110.0,-4.2,6e3cd81b-d7a4-4a84-bc3b-b5f572cb5a2d,MIL,WAS,Away,113,117,0
Pat Connaughton,1,29.15,4,11,0.364,3,10,0.3,4,4,1.0,3,5,8,5,0,1,1,2,15,4.0,0.588,0.5,0.909,0.364,8.7,18.7,13.0,21.4,0.0,3.0,7.3,18.4,135.0,116.0,3.2,6e3cd81b-d7a4-4a84-bc3b-b5f572cb5a2d,MIL,WAS,Away,113,117,0
Bobby Portis,1,25.48333333333333,6,14,0.429,0,3,0.0,0,0,0.0,5,7,12,3,0,1,1,1,12,3.0,0.429,0.429,0.214,0.0,16.5,30.0,22.4,16.8,0.0,3.4,6.7,23.0,106.0,114.0,-3.6,6e3cd81b-d7a4-4a84-bc3b-b5f572cb5a2d,MIL,WAS,Away,113,117,0
Jae Crowder,1,20.73333333333333,2,7,0.286,1,6,0.167,0,0,0.0,0,2,2,1,1,0,0,1,5,4.0,0.357,0.357,0.857,0.0,0.0,10.5,4.6,5.7,2.2,0.0,0.0,13.2,87.0,114.0,-9.0,6e3cd81b-d7a4-4a84-bc3b-b5f572cb5a2d,MIL,WAS,Away,113,117,0
A.J. Green,1,13.566666666666666,2,4,0.5,2,4,0.5,0,0,0.0,0,0,0,1,0,0,1,1,6,3.0,0.75,0.75,1.0,0.0,0.0,0.0,0.0,9.3,0.0,0.0,20.0,14.4,115.0,120.0,-4.3,6e3cd81b-d7a4-4a84-bc3b-b5f572cb5a2d,MIL,WAS,Away,113,117,0
Danilo Gallinari,1,5.6,1,1,1.0,1,1,1.0,0,1,0.0,1,1,2,0,1,0,2,2,3,0.0,1.042,1.5,1.0,1.0,15.0,19.5,17.0,0.0,8.3,0.0,58.1,24.0,52.0,100.0,-3.3,6e3cd81b-d7a4-4a84-bc3b-b5f572cb5a2d,MIL,WAS,Away,113,117,0
Thanasis Antetokounmpo,0,0.0,0,0,0.0,0,0,0.0,0,0,0.0,0,0,0,0,0,0,0,0,0,0.0,0.0,0.0,0.0,0.0,0.0,0.0,0.0,0.0,0.0,0.0,0.0,0.0,0.0,0.0,0.0,6e3cd81b-d7a4-4a84-bc3b-b5f572cb5a2d,MIL,WAS,Away,113,117,0
MarJon Beauchamp,0,0.0,0,0,0.0,0,0,0.0,0,0,0.0,0,0,0,0,0,0,0,0,0,0.0,0.0,0.0,0.0,0.0,0.0,0.0,0.0,0.0,0.0,0.0,0.0,0.0,0.0,0.0,0.0,6e3cd81b-d7a4-4a84-bc3b-b5f572cb5a2d,MIL,WAS,Away,113,117,0
Andre Jackson Jr.,0,0.0,0,0,0.0,0,0,0.0,0,0,0.0,0,0,0,0,0,0,0,0,0,0.0,0.0,0.0,0.0,0.0,0.0,0.0,0.0,0.0,0.0,0.0,0.0,0.0,0.0,0.0,0.0,6e3cd81b-d7a4-4a84-bc3b-b5f572cb5a2d,MIL,WAS,Away,113,117,0
Chris Livingston,0,0.0,0,0,0.0,0,0,0.0,0,0,0.0,0,0,0,0,0,0,0,0,0,0.0,0.0,0.0,0.0,0.0,0.0,0.0,0.0,0.0,0.0,0.0,0.0,0.0,0.0,0.0,0.0,6e3cd81b-d7a4-4a84-bc3b-b5f572cb5a2d,MIL,WAS,Away,113,117,0
TyTy Washington Jr.,0,0.0,0,0,0.0,0,0,0.0,0,0,0.0,0,0,0,0,0,0,0,0,0,0.0,0.0,0.0,0.0,0.0,0.0,0.0,0.0,0.0,0.0,0.0,0.0,0.0,0.0,0.0,0.0,6e3cd81b-d7a4-4a84-bc3b-b5f572cb5a2d,MIL,WAS,Away,113,117,0
Malik Beasley,1,38.36666666666667,3,10,0.3,3,7,0.429,1,1,1.0,0,3,3,2,0,0,0,0,10,-16.0,0.479,0.45,0.7,0.1,0.0,8.5,3.8,7.3,0.0,0.0,0.0,11.7,108.0,125.0,-7.6,0e3cf374-956a-4815-aa74-46a94d18c1ab,MIL,MEM,Home,101,111,0
Brook Lopez,1,37.86666666666667,9,14,0.643,5,7,0.714,2,3,0.667,5,5,10,1,0,0,5,5,25,-12.0,0.816,0.821,0.5,0.214,11.7,14.4,12.9,4.8,0.0,0.0,24.6,23.1,117.0,123.0,-1.3,0e3cf374-956a-4815-aa74-46a94d18c1ab,MIL,MEM,Home,101,111,0
Pat Connaughton,1,34.7,2,12,0.167,2,9,0.222,0,0,0.0,2,4,6,8,2,0,2,1,6,-9.0,0.25,0.25,0.75,0.0,5.1,12.6,8.5,31.4,2.9,0.0,14.3,17.4,82.0,118.0,-5.9,0e3cf374-956a-4815-aa74-46a94d18c1ab,MIL,MEM,Home,101,111,0
Giannis Antetokounmpo,1,32.2,10,23,0.435,0,4,0.0,1,3,0.333,1,6,7,8,1,5,3,4,21,3.0,0.432,0.435,0.174,0.13,2.8,20.3,10.6,51.6,1.6,11.0,11.0,36.6,95.0,109.0,5.1,0e3cf374-956a-4815-aa74-46a94d18c1ab,MIL,MEM,Home,101,111,0
Jae Crowder,1,24.98333333333333,2,8,0.25,1,5,0.2,1,2,0.5,1,1,2,0,0,1,0,0,6,-2.0,0.338,0.313,0.625,0.25,3.6,4.4,3.9,0.0,0.0,2.8,0.0,15.3,79.0,124.0,-11.4,0e3cf374-956a-4815-aa74-46a94d18c1ab,MIL,MEM,Home,101,111,0
Bobby Portis,1,27.78333333333333,8,16,0.5,3,5,0.6,0,0,0.0,1,6,7,3,1,2,0,2,19,-11.0,0.594,0.594,0.313,0.0,3.2,23.6,12.3,21.4,1.8,5.1,0.0,24.8,126.0,113.0,9.1,0e3cf374-956a-4815-aa74-46a94d18c1ab,MIL,MEM,Home,101,111,0
A.J. Green,1,21.016666666666666,3,7,0.429,3,6,0.5,0,1,0.0,1,3,4,2,1,1,1,0,9,-7.0,0.605,0.643,0.857,0.143,4.2,15.6,9.3,14.7,2.4,3.4,11.8,17.3,113.0,115.0,4.4,0e3cf374-956a-4815-aa74-46a94d18c1ab,MIL,MEM,Home,101,111,0
TyTy Washington Jr.,1,8.916666666666666,1,2,0.5,1,1,1.0,0,0,0.0,1,1,2,0,0,0,0,1,3,3.0,0.75,0.75,0.5,0.0,10.0,12.2,11.0,0.0,0.0,0.0,0.0,9.7,155.0,124.0,-2.4,0e3cf374-956a-4815-aa74-46a94d18c1ab,MIL,MEM,Home,101,111,0
Andre Jackson Jr.,1,7.416666666666667,0,3,0.0,0,0,0.0,0,0,0.0,1,1,2,0,0,1,0,1,0,-5.0,0.0,0.0,0.0,0.0,12.0,14.7,13.2,0.0,0.0,9.5,0.0,17.4,24.0,116.0,-20.2,0e3cf374-956a-4815-aa74-46a94d18c1ab,MIL,MEM,Home,101,111,0
Danilo Gallinari,1,6.683333333333334,0,0,0.0,0,0,0.0,2,2,1.0,0,1,1,2,0,0,0,0,2,6.0,1.136,0.0,0.0,0.0,0.0,16.3,7.3,37.8,0.0,0.0,0.0,5.7,249.0,123.0,7.7,0e3cf374-956a-4815-aa74-46a94d18c1ab,MIL,MEM,Home,101,111,0
Thanasis Antetokounmpo,0,0.0,0,0,0.0,0,0,0.0,0,0,0.0,0,0,0,0,0,0,0,0,0,0.0,0.0,0.0,0.0,0.0,0.0,0.0,0.0,0.0,0.0,0.0,0.0,0.0,0.0,0.0,0.0,0e3cf374-956a-4815-aa74-46a94d18c1ab,MIL,MEM,Home,101,111,0
MarJon Beauchamp,0,0.0,0,0,0.0,0,0,0.0,0,0,0.0,0,0,0,0,0,0,0,0,0,0.0,0.0,0.0,0.0,0.0,0.0,0.0,0.0,0.0,0.0,0.0,0.0,0.0,0.0,0.0,0.0,0e3cf374-956a-4815-aa74-46a94d18c1ab,MIL,MEM,Home,101,111,0
Chris Livingston,0,0.0,0,0,0.0,0,0,0.0,0,0,0.0,0,0,0,0,0,0,0,0,0,0.0,0.0,0.0,0.0,0.0,0.0,0.0,0.0,0.0,0.0,0.0,0.0,0.0,0.0,0.0,0.0,0e3cf374-956a-4815-aa74-46a94d18c1ab,MIL,MEM,Home,101,111,0
Ryan Rollins,0,0.0,0,0,0.0,0,0,0.0,0,0,0.0,0,0,0,0,0,0,0,0,0,0.0,0.0,0.0,0.0,0.0,0.0,0.0,0.0,0.0,0.0,0.0,0.0,0.0,0.0,0.0,0.0,0e3cf374-956a-4815-aa74-46a94d18c1ab,MIL,MEM,Home,101,111,0
Damian Lillard,1,37.86666666666667,10,24,0.417,4,12,0.333,12,14,0.857,0,5,5,6,1,0,7,6,36,-10.0,0.597,0.5,0.5,0.583,0.0,15.1,6.9,26.9,1.3,0.0,18.8,40.5,106.0,119.0,-1.3,78db47a3-0fba-4c91-a994-99b743d29ea0,MIL,TOR,Home,111,117,0
Khris Middleton,1,33.71666666666667,9,16,0.563,2,6,0.333,1,2,0.5,1,4,5,6,3,0,2,5,21,-11.0,0.622,0.625,0.375,0.125,2.8,13.6,7.7,30.3,4.2,0.0,10.6,23.1,123.0,112.0,5.1,78db47a3-0fba-4c91-a994-99b743d29ea0,MIL,TOR,Home,111,117,0
Malik Beasley,1,24.016666666666666,1,7,0.143,1,5,0.2,0,0,0.0,0,4,4,2,1,0,1,0,3,-12.0,0.214,0.214,0.714,0.0,0.0,19.0,8.7,10.2,2.0,0.0,12.5,13.8,55.0,117.0,-10.2,78db47a3-0fba-4c91-a994-99b743d29ea0,MIL,TOR,Home,111,117,0
Brook Lopez,1,20.15,6,12,0.5,1,4,0.25,2,3,0.667,2,2,4,1,0,2,1,2,15,-16.0,0.563,0.542,0.333,0.25,9.5,11.3,10.4,8.9,0.0,11.1,7.0,29.3,114.0,116.0,1.0,78db47a3-0fba-4c91-a994-99b743d29ea0,MIL,TOR,Home,111,117,0
Jae Crowder,1,17.933333333333334,2,3,0.667,0,0,0.0,0,0,0.0,2,3,5,1,1,0,0,0,4,-13.0,0.667,0.667,0.0,0.0,10.7,19.1,14.5,7.5,2.7,0.0,0.0,6.9,159.0,115.0,2.3,78db47a3-0fba-4c91-a994-99b743d29ea0,MIL,TOR,Home,111,117,0
Pat Connaughton,1,33.45,2,6,0.333,0,4,0.0,0,0,0.0,1,3,4,2,2,2,0,3,4,9.0,0.333,0.333,0.667,0.0,2.9,10.2,6.2,7.5,2.9,6.7,0.0,7.4,95.0,113.0,-3.3,78db47a3-0fba-4c91-a994-99b743d29ea0,MIL,TOR,Home,111,117,0
Bobby Portis,1,27.85,8,18,0.444,1,4,0.25,2,2,1.0,6,4,10,1,0,1,1,1,19,10.0,0.503,0.472,0.222,0.111,20.7,16.4,18.7,6.3,0.0,4.0,5.0,29.5,114.0,119.0,-1.9,78db47a3-0fba-4c91-a994-99b743d29ea0,MIL,TOR,Home,111,117,0
A.J. Green,1,22.666666666666668,2,5,0.4,2,5,0.4,0,0,0.0,0,3,3,0,0,0,1,2,6,2.0,0.6,0.6,1.0,0.0,0.0,15.1,6.9,0.0,0.0,0.0,16.7,10.9,97.0,122.0,-8.5,78db47a3-0fba-4c91-a994-99b743d29ea0,MIL,TOR,Home,111,117,0
Andre Jackson Jr.,1,16.216666666666665,1,2,0.5,1,2,0.5,0,0,0.0,0,4,4,1,0,1,0,3,3,9.0,0.75,0.75,1.0,0.0,0.0,28.2,12.9,7.8,0.0,6.9,0.0,5.1,161.0,115.0,-1.6,78db47a3-0fba-4c91-a994-99b743d29ea0,MIL,TOR,Home,111,117,0
Danilo Gallinari,1,6.133333333333334,0,1,0.0,0,0,0.0,0,0,0.0,0,1,1,1,0,0,0,2,0,2.0,0.0,0.0,0.0,0.0,0.0,18.6,8.5,19.1,0.0,0.0,0.0,6.7,55.0,121.0,-14.7,78db47a3-0fba-4c91-a994-99b743d29ea0,MIL,TOR,Home,111,117,0
Thanasis Antetokounmpo,0,0.0,0,0,0.0,0,0,0.0,0,0,0.0,0,0,0,0,0,0,0,0,0,0.0,0.0,0.0,0.0,0.0,0.0,0.0,0.0,0.0,0.0,0.0,0.0,0.0,0.0,0.0,0.0,78db47a3-0fba-4c91-a994-99b743d29ea0,MIL,TOR,Home,111,117,0
Chris Livingston,0,0.0,0,0,0.0,0,0,0.0,0,0,0.0,0,0,0,0,0,0,0,0,0,0.0,0.0,0.0,0.0,0.0,0.0,0.0,0.0,0.0,0.0,0.0,0.0,0.0,0.0,0.0,0.0,78db47a3-0fba-4c91-a994-99b743d29ea0,MIL,TOR,Home,111,117,0
Ryan Rollins,0,0.0,0,0,0.0,0,0,0.0,0,0,0.0,0,0,0,0,0,0,0,0,0,0.0,0.0,0.0,0.0,0.0,0.0,0.0,0.0,0.0,0.0,0.0,0.0,0.0,0.0,0.0,0.0,78db47a3-0fba-4c91-a994-99b743d29ea0,MIL,TOR,Home,111,117,0
TyTy Washington Jr.,0,0.0,0,0,0.0,0,0,0.0,0,0,0.0,0,0,0,0,0,0,0,0,0,0.0,0.0,0.0,0.0,0.0,0.0,0.0,0.0,0.0,0.0,0.0,0.0,0.0,0.0,0.0,0.0,78db47a3-0fba-4c91-a994-99b743d29ea0,MIL,TOR,Home,111,117,0
Damian Lillard,1,38.7,4,11,0.364,1,7,0.143,14,15,0.933,0,4,4,6,1,2,4,2,23,-8.0,0.653,0.409,0.636,1.364,0.0,11.8,6.3,24.8,1.4,3.9,18.5,26.0,123.0,133.0,1.1,e5e56bd1-8cfe-4eb1-b27f-ccb05b68826e,MIL,NYK,Home,109,122,0
Giannis Antetokounmpo,1,38.53333333333333,10,20,0.5,0,1,0.0,8,11,0.727,3,12,15,8,1,2,4,2,28,-5.0,0.564,0.5,0.05,0.55,10.1,35.6,23.7,44.2,1.4,4.0,13.9,34.9,116.0,125.0,6.2,e5e56bd1-8cfe-4eb1-b27f-ccb05b68826e,MIL,NYK,Home,109,122,0
Brook Lopez,1,28.766666666666666,4,8,0.5,2,6,0.333,3,4,0.75,1,4,5,1,0,3,3,2,13,-9.0,0.666,0.625,0.75,0.5,4.5,15.9,10.6,5.9,0.0,7.9,23.5,20.7,102.0,132.0,-1.8,e5e56bd1-8cfe-4eb1-b27f-ccb05b68826e,MIL,NYK,Home,109,122,0
Malik Beasley,1,23.05,3,6,0.5,3,6,0.5,0,0,0.0,0,1,1,3,0,0,0,5,9,-10.0,0.75,0.75,1.0,0.0,0.0,5.0,2.6,21.7,0.0,0.0,0.0,12.1,156.0,141.0,0.5,e5e56bd1-8cfe-4eb1-b27f-ccb05b68826e,MIL,NYK,Home,109,122,0
Khris Middleton,1,13.016666666666667,2,4,0.5,1,1,1.0,0,0,0.0,2,2,4,2,0,0,2,0,5,4.0,0.625,0.625,0.25,0.0,19.9,17.6,18.7,26.7,0.0,0.0,33.3,21.5,104.0,137.0,-2.9,e5e56bd1-8cfe-4eb1-b27f-ccb05b68826e,MIL,NYK,Home,109,122,0
Pat Connaughton,1,31.05,1,5,0.2,1,4,0.25,2,2,1.0,0,1,1,2,0,0,0,3,5,-11.0,0.425,0.3,0.8,0.4,0.0,3.7,2.0,9.2,0.0,0.0,0.0,8.8,110.0,141.0,-9.0,e5e56bd1-8cfe-4eb1-b27f-ccb05b68826e,MIL,NYK,Home,109,122,0
Bobby Portis,1,29.25,10,15,0.667,4,6,0.667,0,0,0.0,1,4,5,2,0,0,0,0,24,-11.0,0.8,0.8,0.4,0.0,4.4,15.6,10.4,17.7,0.0,0.0,0.0,23.9,155.0,138.0,11.9,e5e56bd1-8cfe-4eb1-b27f-ccb05b68826e,MIL,NYK,Home,109,122,0
Jae Crowder,1,15.3,0,1,0.0,0,0,0.0,0,0,0.0,1,1,2,3,0,0,1,0,0,1.0,0.0,0.0,0.0,0.0,8.5,7.5,7.9,26.9,0.0,0.0,50.0,6.1,91.0,140.0,-4.6,e5e56bd1-8cfe-4eb1-b27f-ccb05b68826e,MIL,NYK,Home,109,122,0
A.J. Green,1,13.466666666666669,1,3,0.333,0,2,0.0,0,0,0.0,0,0,0,0,1,0,0,1,2,1.0,0.333,0.333,0.667,0.0,0.0,0.0,0.0,0.0,3.9,0.0,0.0,10.4,70.0,134.0,-9.5,e5e56bd1-8cfe-4eb1-b27f-ccb05b68826e,MIL,NYK,Home,109,122,0
Andre Jackson Jr.,1,4.2,0,1,0.0,0,1,0.0,0,0,0.0,0,0,0,0,0,0,0,1,0,-5.0,0.0,0.0,1.0,0.0,0.0,0.0,0.0,0.0,0.0,0.0,0.0,11.1,0.0,142.0,-24.6,e5e56bd1-8cfe-4eb1-b27f-ccb05b68826e,MIL,NYK,Home,109,122,0
Thanasis Antetokounmpo,1,1.1666666666666667,0,0,0.0,0,0,0.0,0,0,0.0,1,0,1,0,0,0,0,0,0,-3.0,0.0,0.0,0.0,0.0,100.0,0.0,52.1,0.0,0.0,0.0,0.0,0.0,230.0,143.0,11.8,e5e56bd1-8cfe-4eb1-b27f-ccb05b68826e,MIL,NYK,Home,109,122,0
Chris Livingston,1,1.1666666666666667,0,0,0.0,0,0,0.0,0,0,0.0,0,0,0,0,0,0,0,0,0,-3.0,0.0,0.0,0.0,0.0,0.0,0.0,0.0,0.0,0.0,0.0,0.0,0.0,0.0,143.0,-8.1,e5e56bd1-8cfe-4eb1-b27f-ccb05b68826e,MIL,NYK,Home,109,122,0
Ryan Rollins,1,1.1666666666666667,0,0,0.0,0,0,0.0,0,0,0.0,0,0,0,0,0,0,0,0,0,-3.0,0.0,0.0,0.0,0.0,0.0,0.0,0.0,0.0,0.0,0.0,0.0,0.0,0.0,143.0,-10.1,e5e56bd1-8cfe-4eb1-b27f-ccb05b68826e,MIL,NYK,Home,109,122,0
TyTy Washington Jr.,1,1.1666666666666667,0,1,0.0,0,0,0.0,0,0,0.0,0,0,0,0,0,0,0,0,0,-3.0,0.0,0.0,0.0,0.0,0.0,0.0,0.0,0.0,0.0,0.0,0.0,39.9,0.0,143.0,-51.7,e5e56bd1-8cfe-4eb1-b27f-ccb05b68826e,MIL,NYK,Home,109,122,0
Danilo Gallinari,0,0.0,0,0,0.0,0,0,0.0,0,0,0.0,0,0,0,0,0,0,0,0,0,0.0,0.0,0.0,0.0,0.0,0.0,0.0,0.0,0.0,0.0,0.0,0.0,0.0,0.0,0.0,0.0,e5e56bd1-8cfe-4eb1-b27f-ccb05b68826e,MIL,NYK,Home,109,122,0
Damian Lillard,1,36.31666666666667,5,11,0.455,2,5,0.4,0,0,0.0,1,2,3,5,1,1,3,0,12,13.0,0.545,0.545,0.455,0.0,3.7,5.2,4.6,18.2,1.5,3.2,21.4,18.9,105.0,106.0,-1.6,e4b8639b-03d9-4b08-81c3-b36833ac1252,MIL,BOS,Home,104,91,1
Khris Middleton,1,33.233333333333334,5,8,0.625,2,4,0.5,0,0,0.0,0,6,6,9,1,0,7,2,12,12.0,0.75,0.75,0.5,0.0,0.0,17.0,10.0,36.3,1.6,0.0,46.7,22.1,99.0,103.0,-0.8,e4b8639b-03d9-4b08-81c3-b36833ac1252,MIL,BOS,Home,104,91,1
Giannis Antetokounmpo,1,28.6,7,11,0.636,0,0,0.0,1,2,0.5,3,5,8,7,1,2,4,1,15,17.0,0.631,0.636,0.0,0.182,14.0,16.5,15.4,37.6,1.9,8.2,25.2,27.2,119.0,98.0,9.1,e4b8639b-03d9-4b08-81c3-b36833ac1252,MIL,BOS,Home,104,91,1
Brook Lopez,1,27.766666666666666,5,9,0.556,5,8,0.625,0,0,0.0,1,5,6,0,0,2,0,0,15,9.0,0.833,0.833,0.889,0.0,4.8,16.9,11.9,0.0,0.0,8.4,0.0,15.9,161.0,102.0,11.3,e4b8639b-03d9-4b08-81c3-b36833ac1252,MIL,BOS,Home,104,91,1
Patrick Beverley,1,26.133333333333333,8,13,0.615,4,8,0.5,0,0,0.0,1,9,10,3,0,0,0,0,20,12.0,0.769,0.769,0.615,0.0,5.1,32.4,21.1,19.5,0.0,0.0,0.0,24.4,160.0,100.0,15.1,e4b8639b-03d9-4b08-81c3-b36833ac1252,MIL,BOS,Home,104,91,1
Malik Beasley,1,25.266666666666666,2,7,0.286,1,5,0.2,0,0,0.0,0,2,2,1,0,0,0,0,5,3.0,0.357,0.357,0.714,0.0,0.0,7.4,4.4,4.8,0.0,0.0,0.0,13.6,88.0,111.0,-8.3,e4b8639b-03d9-4b08-81c3-b36833ac1252,MIL,BOS,Home,104,91,1
Bobby Portis,1,21.966666666666665,7,13,0.538,1,2,0.5,0,0,0.0,3,7,10,2,1,0,2,1,15,2.0,0.577,0.577,0.154,0.0,18.2,30.0,25.1,15.8,2.5,0.0,13.3,33.5,113.0,95.0,2.7,e4b8639b-03d9-4b08-81c3-b36833ac1252,MIL,BOS,Home,104,91,1
Pat Connaughton,1,19.816666666666663,2,6,0.333,0,1,0.0,0,0,0.0,1,2,3,2,2,0,0,0,4,1.0,0.333,0.333,0.167,0.0,6.7,9.5,8.4,12.7,5.5,0.0,0.0,14.8,102.0,97.0,0.3,e4b8639b-03d9-4b08-81c3-b36833ac1252,MIL,BOS,Home,104,91,1
A.J. Green,1,18.716666666666665,2,3,0.667,2,3,0.667,0,0,0.0,0,1,1,0,0,0,0,0,6,6.0,1.0,1.0,1.0,0.0,0.0,5.0,2.9,0.0,0.0,0.0,0.0,7.9,186.0,112.0,2.9,e4b8639b-03d9-4b08-81c3-b36833ac1252,MIL,BOS,Home,104,91,1
Andre Jackson Jr.,1,0.7666666666666667,0,0,0.0,0,0,0.0,0,0,0.0,0,0,0,0,0,0,0,0,0,-4.0,0.0,0.0,0.0,0.0,0.0,0.0,0.0,0.0,0.0,0.0,0.0,0.0,0.0,114.0,-5.9,e4b8639b-03d9-4b08-81c3-b36833ac1252,MIL,BOS,Home,104,91,1
Thanasis Antetokounmpo,1,0.45,0,0,0.0,0,0,0.0,0,0,0.0,0,0,0,0,0,0,0,0,0,-2.0,0.0,0.0,0.0,0.0,0.0,0.0,0.0,0.0,0.0,0.0,0.0,0.0,0.0,114.0,-6.1,e4b8639b-03d9-4b08-81c3-b36833ac1252,MIL,BOS,Home,104,91,1
Chris Livingston,1,0.45,0,0,0.0,0,0,0.0,0,0,0.0,0,0,0,0,0,0,0,0,0,-2.0,0.0,0.0,0.0,0.0,0.0,0.0,0.0,0.0,0.0,0.0,0.0,0.0,0.0,114.0,-5.7,e4b8639b-03d9-4b08-81c3-b36833ac1252,MIL,BOS,Home,104,91,1
TyTy Washington Jr.,1,0.45,0,0,0.0,0,0,0.0,0,0,0.0,0,0,0,0,0,0,0,0,0,-2.0,0.0,0.0,0.0,0.0,0.0,0.0,0.0,0.0,0.0,0.0,0.0,0.0,0.0,114.0,-5.7,e4b8639b-03d9-4b08-81c3-b36833ac1252,MIL,BOS,Home,104,91,1
Jae Crowder,0,0.0,0,0,0.0,0,0,0.0,0,0,0.0,0,0,0,0,0,0,0,0,0,0.0,0.0,0.0,0.0,0.0,0.0,0.0,0.0,0.0,0.0,0.0,0.0,0.0,0.0,0.0,0.0,e4b8639b-03d9-4b08-81c3-b36833ac1252,MIL,BOS,Home,104,91,1
Danilo Gallinari,0,0.0,0,0,0.0,0,0,0.0,0,0,0.0,0,0,0,0,0,0,0,0,0,0.0,0.0,0.0,0.0,0.0,0.0,0.0,0.0,0.0,0.0,0.0,0.0,0.0,0.0,0.0,0.0,e4b8639b-03d9-4b08-81c3-b36833ac1252,MIL,BOS,Home,104,91,1
Damian Lillard,1,33.666666666666664,10,19,0.526,3,8,0.375,6,7,0.857,0,6,6,9,0,0,4,2,29,11.0,0.657,0.605,0.421,0.368,0.0,22.5,11.1,44.6,0.0,0.0,15.3,35.5,126.0,110.0,4.2,864ed2cc-dda2-4eca-b351-7db036895e09,MIL,ORL,Home,117,99,1
Brook Lopez,1,30.7,4,10,0.4,2,6,0.333,0,1,0.0,2,2,4,4,1,3,1,0,10,12.0,0.479,0.5,0.6,0.1,8.0,8.2,8.1,17.0,1.7,9.8,8.7,17.1,114.0,100.0,3.8,864ed2cc-dda2-4eca-b351-7db036895e09,MIL,ORL,Home,117,99,1
Bobby Portis,1,30.35,14,18,0.778,2,2,1.0,0,0,0.0,2,7,9,3,5,0,4,3,30,22.0,0.833,0.833,0.111,0.0,8.1,29.1,18.5,22.7,8.4,0.0,18.2,33.2,130.0,90.0,17.1,864ed2cc-dda2-4eca-b351-7db036895e09,MIL,ORL,Home,117,99,1
Patrick Beverley,1,29.75,4,6,0.667,3,3,1.0,2,2,1.0,2,6,8,6,1,0,0,2,13,27.0,0.945,0.917,0.5,0.333,8.3,25.5,16.8,26.5,1.7,0.0,0.0,10.6,204.0,105.0,14.0,864ed2cc-dda2-4eca-b351-7db036895e09,MIL,ORL,Home,117,99,1
Malik Beasley,1,24.666666666666668,3,9,0.333,2,8,0.25,0,0,0.0,0,5,5,0,0,0,0,4,8,-3.0,0.444,0.444,0.889,0.0,0.0,25.6,12.6,0.0,0.0,0.0,0.0,16.7,93.0,109.0,-10.7,864ed2cc-dda2-4eca-b351-7db036895e09,MIL,ORL,Home,117,99,1
Jae Crowder,1,30.566666666666663,4,9,0.444,2,6,0.333,4,5,0.8,2,2,4,1,0,1,0,1,14,16.0,0.625,0.556,0.667,0.556,8.1,8.3,8.2,4.3,0.0,3.3,0.0,16.8,143.0,109.0,0.9,864ed2cc-dda2-4eca-b351-7db036895e09,MIL,ORL,Home,117,99,1
Pat Connaughton,1,24.516666666666666,2,5,0.4,0,2,0.0,1,1,1.0,1,1,2,3,0,0,1,3,5,16.0,0.46,0.4,0.4,0.2,5.0,5.2,5.1,15.0,0.0,0.0,15.5,12.0,110.0,112.0,-7.5,864ed2cc-dda2-4eca-b351-7db036895e09,MIL,ORL,Home,117,99,1
A.J. Green,1,15.516666666666667,0,3,0.0,0,2,0.0,2,2,1.0,0,0,0,0,1,0,1,1,2,14.0,0.258,0.0,0.667,0.667,0.0,0.0,0.0,0.0,3.3,0.0,20.5,14.4,47.0,105.0,-14.2,864ed2cc-dda2-4eca-b351-7db036895e09,MIL,ORL,Home,117,99,1
Andre Jackson Jr.,1,10.316666666666666,2,3,0.667,1,2,0.5,0,0,0.0,1,2,3,0,1,0,0,2,5,-2.0,0.833,0.833,0.667,0.0,11.9,24.5,18.1,0.0,4.9,0.0,0.0,13.3,169.0,98.0,7.4,864ed2cc-dda2-4eca-b351-7db036895e09,MIL,ORL,Home,117,99,1
Thanasis Antetokounmpo,1,3.466666666666667,0,0,0.0,0,0,0.0,0,0,0.0,0,0,0,1,0,0,1,1,0,-7.0,0.0,0.0,0.0,0.0,0.0,0.0,0.0,32.2,0.0,0.0,100.0,13.2,51.0,111.0,-15.7,864ed2cc-dda2-4eca-b351-7db036895e09,MIL,ORL,Home,117,99,1
TyTy Washington Jr.,1,3.466666666666667,0,1,0.0,0,0,0.0,0,0,0.0,0,1,1,0,0,0,0,0,0,-7.0,0.0,0.0,0.0,0.0,0.0,36.4,18.0,0.0,0.0,0.0,0.0,13.2,0.0,108.0,-19.6,864ed2cc-dda2-4eca-b351-7db036895e09,MIL,ORL,Home,117,99,1
Chris Livingston,1,3.0166666666666666,0,1,0.0,0,1,0.0,1,2,0.5,0,1,1,0,0,0,0,1,1,-9.0,0.266,0.0,1.0,2.0,0.0,41.9,20.7,0.0,0.0,0.0,0.0,28.5,63.0,106.0,-26.4,864ed2cc-dda2-4eca-b351-7db036895e09,MIL,ORL,Home,117,99,1
Danilo Gallinari,0,0.0,0,0,0.0,0,0,0.0,0,0,0.0,0,0,0,0,0,0,0,0,0,0.0,0.0,0.0,0.0,0.0,0.0,0.0,0.0,0.0,0.0,0.0,0.0,0.0,0.0,0.0,0.0,864ed2cc-dda2-4eca-b351-7db036895e09,MIL,ORL,Home,117,99,1
Ryan Rollins,0,0.0,0,0,0.0,0,0,0.0,0,0,0.0,0,0,0,0,0,0,0,0,0,0.0,0.0,0.0,0.0,0.0,0.0,0.0,0.0,0.0,0.0,0.0,0.0,0.0,0.0,0.0,0.0,864ed2cc-dda2-4eca-b351-7db036895e09,MIL,ORL,Home,117,99,1
Malik Beasley,1,29.7,7,10,0.7,3,5,0.6,0,0,0.0,0,2,2,2,0,0,2,1,17,-2.0,0.85,0.85,0.5,0.0,0.0,7.7,4.0,10.5,0.0,0.0,16.7,18.0,130.0,133.0,1.2,b0629c53-e32d-4272-b41b-cabde7035656,MIL,OKC,Away,107,125,0
Patrick Beverley,1,24.266666666666666,2,5,0.4,0,0,0.0,2,2,1.0,0,3,3,7,1,0,1,2,6,-6.0,0.51,0.4,0.0,0.4,0.0,14.1,7.4,36.4,2.0,0.0,14.5,12.6,125.0,127.0,1.0,b0629c53-e32d-4272-b41b-cabde7035656,MIL,OKC,Away,107,125,0
Brook Lopez,1,23.48333333333333,7,14,0.5,2,7,0.286,2,2,1.0,2,0,2,1,0,1,0,2,18,-9.0,0.605,0.571,0.5,0.143,10.8,0.0,5.1,7.4,0.0,4.0,0.0,28.2,128.0,131.0,0.5,b0629c53-e32d-4272-b41b-cabde7035656,MIL,OKC,Away,107,125,0
Khris Middleton,1,22.966666666666665,7,10,0.7,2,2,1.0,2,2,1.0,0,7,7,6,1,0,2,1,18,-11.0,0.827,0.8,0.2,0.2,0.0,34.8,18.3,45.8,2.1,0.0,15.5,25.0,145.0,124.0,13.2,b0629c53-e32d-4272-b41b-cabde7035656,MIL,OKC,Away,107,125,0
Bobby Portis,1,21.28333333333333,2,7,0.286,0,0,0.0,0,0,0.0,3,5,8,3,0,1,2,1,4,-16.0,0.286,0.286,0.0,0.0,17.8,26.8,22.6,18.0,0.0,4.4,22.2,18.8,80.0,126.0,-9.0,b0629c53-e32d-4272-b41b-cabde7035656,MIL,OKC,Away,107,125,0
Jae Crowder,1,24.666666666666668,1,8,0.125,1,4,0.25,0,0,0.0,1,4,5,1,0,0,1,0,3,-2.0,0.188,0.188,0.5,0.0,5.1,18.5,12.2,4.9,0.0,0.0,11.1,16.3,51.0,131.0,-15.7,b0629c53-e32d-4272-b41b-cabde7035656,MIL,OKC,Away,107,125,0
Danilo Gallinari,1,19.23333333333333,3,8,0.375,0,2,0.0,5,5,1.0,1,3,4,0,1,0,3,1,11,-12.0,0.539,0.375,0.25,0.625,6.6,17.8,12.5,0.0,2.5,0.0,22.7,30.6,90.0,126.0,-11.3,b0629c53-e32d-4272-b41b-cabde7035656,MIL,OKC,Away,107,125,0
Pat Connaughton,1,16.166666666666668,3,6,0.5,1,4,0.25,1,2,0.5,0,1,1,2,0,0,1,2,8,-19.0,0.581,0.583,0.667,0.333,0.0,7.1,3.7,17.9,0.0,0.0,12.7,21.7,108.0,133.0,-5.9,b0629c53-e32d-4272-b41b-cabde7035656,MIL,OKC,Away,107,125,0
Chris Livingston,1,14.066666666666666,3,3,1.0,0,0,0.0,0,0,0.0,1,4,5,0,0,0,1,3,6,-1.0,1.0,1.0,0.0,0.0,9.0,32.5,21.3,0.0,0.0,0.0,25.0,12.7,136.0,129.0,-4.2,b0629c53-e32d-4272-b41b-cabde7035656,MIL,OKC,Away,107,125,0
TyTy Washington Jr.,1,14.066666666666666,1,5,0.2,0,2,0.0,0,0,0.0,0,1,1,2,1,0,0,0,2,-1.0,0.2,0.2,0.4,0.0,0.0,8.1,4.3,17.7,3.5,0.0,0.0,15.8,67.0,125.0,-9.8,b0629c53-e32d-4272-b41b-cabde7035656,MIL,OKC,Away,107,125,0
Andre Jackson Jr.,1,11.916666666666666,0,2,0.0,0,1,0.0,0,0,0.0,0,2,2,0,0,0,3,2,0,-20.0,0.0,0.0,0.5,0.0,0.0,19.2,10.1,0.0,0.0,0.0,60.0,18.7,0.0,131.0,-30.2,b0629c53-e32d-4272-b41b-cabde7035656,MIL,OKC,Away,107,125,0
MarJon Beauchamp,1,7.583333333333333,3,4,0.75,1,2,0.5,0,0,0.0,0,2,2,1,0,1,0,0,7,-1.0,0.875,0.875,0.5,0.0,0.0,30.1,15.8,27.5,0.0,12.4,0.0,23.5,168.0,120.0,23.0,b0629c53-e32d-4272-b41b-cabde7035656,MIL,OKC,Away,107,125,0
Thanasis Antetokounmpo,1,6.933333333333334,2,2,1.0,0,0,0.0,0,0,0.0,0,0,0,1,1,0,1,0,4,2.0,1.0,1.0,0.0,0.0,0.0,0.0,0.0,24.6,7.1,0.0,33.3,19.3,122.0,118.0,9.6,b0629c53-e32d-4272-b41b-cabde7035656,MIL,OKC,Away,107,125,0
Ryan Rollins,1,3.65,1,1,1.0,1,1,1.0,0,0,0.0,0,0,0,1,2,0,0,0,3,8.0,1.5,1.5,1.0,0.0,0.0,0.0,0.0,45.6,26.8,0.0,0.0,12.2,277.0,74.0,62.1,b0629c53-e32d-4272-b41b-cabde7035656,MIL,OKC,Away,107,125,0
Khris Middleton,1,31.58333333333333,6,15,0.4,0,4,0.0,5,6,0.833,1,2,3,5,1,0,4,3,17,-25.0,0.482,0.4,0.267,0.4,3.5,8.9,5.9,36.4,1.6,0.0,18.5,32.2,90.0,125.0,-5.2,fb336b32-8830-41f7-920a-c75ec5049aa4,MIL,ORL,Away,88,113,0
Bobby Portis,1,31.183333333333334,6,9,0.667,3,4,0.75,2,2,1.0,0,10,10,1,2,2,3,5,17,-9.0,0.86,0.833,0.444,0.222,0.0,45.3,20.0,7.4,3.3,6.2,23.3,19.4,121.0,110.0,7.8,fb336b32-8830-41f7-920a-c75ec5049aa4,MIL,ORL,Away,88,113,0
Damian Lillard,1,30.383333333333333,2,14,0.143,0,4,0.0,12,13,0.923,1,3,4,2,1,0,2,0,16,-8.0,0.406,0.143,0.286,0.929,3.7,13.9,8.2,11.8,1.7,0.0,9.2,33.6,86.0,124.0,-6.9,fb336b32-8830-41f7-920a-c75ec5049aa4,MIL,ORL,Away,88,113,0
Brook Lopez,1,28.45,4,9,0.444,1,3,0.333,2,2,1.0,2,1,3,0,0,2,1,4,11,-17.0,0.557,0.5,0.333,0.222,7.8,5.0,6.6,0.0,0.0,6.7,9.2,18.0,107.0,124.0,-4.4,fb336b32-8830-41f7-920a-c75ec5049aa4,MIL,ORL,Away,88,113,0
Patrick Beverley,1,26.266666666666666,1,3,0.333,0,1,0.0,0,0,0.0,2,3,5,2,1,0,2,1,2,-20.0,0.333,0.333,0.333,0.0,8.5,16.1,11.9,13.0,1.9,0.0,40.0,8.9,73.0,123.0,-6.4,fb336b32-8830-41f7-920a-c75ec5049aa4,MIL,ORL,Away,88,113,0
Jae Crowder,1,22.066666666666663,2,6,0.333,2,5,0.4,0,0,0.0,1,1,2,0,1,0,2,2,6,-24.0,0.5,0.5,0.833,0.0,5.1,6.4,5.6,0.0,2.3,0.0,25.0,17.0,76.0,124.0,-6.9,fb336b32-8830-41f7-920a-c75ec5049aa4,MIL,ORL,Away,88,113,0
Malik Beasley,1,20.383333333333333,2,6,0.333,0,4,0.0,0,0,0.0,0,2,2,0,1,0,0,0,4,-14.0,0.333,0.333,0.667,0.0,0.0,13.9,6.1,0.0,2.5,0.0,0.0,13.8,68.0,122.0,-7.5,fb336b32-8830-41f7-920a-c75ec5049aa4,MIL,ORL,Away,88,113,0
Pat Connaughton,1,13.933333333333334,0,1,0.0,0,1,0.0,0,0,0.0,0,1,1,0,0,0,1,1,0,-8.0,0.0,0.0,1.0,0.0,0.0,10.1,4.5,0.0,0.0,0.0,50.0,6.7,0.0,128.0,-15.7,fb336b32-8830-41f7-920a-c75ec5049aa4,MIL,ORL,Away,88,113,0
MarJon Beauchamp,1,7.15,3,5,0.6,1,1,1.0,0,0,0.0,0,1,1,0,1,0,0,1,7,0.0,0.7,0.7,0.2,0.0,0.0,19.7,8.7,0.0,7.2,0.0,0.0,32.9,125.0,110.0,17.3,fb336b32-8830-41f7-920a-c75ec5049aa4,MIL,ORL,Away,88,113,0
TyTy Washington Jr.,1,7.15,3,4,0.75,0,0,0.0,0,0,0.0,0,0,0,2,0,0,0,0,6,0.0,0.75,0.75,0.0,0.0,0.0,0.0,0.0,100.0,0.0,0.0,0.0,26.3,159.0,130.0,14.7,fb336b32-8830-41f7-920a-c75ec5049aa4,MIL,ORL,Away,88,113,0
Thanasis Antetokounmpo,1,7.15,1,2,0.5,0,0,0.0,0,0,0.0,0,0,0,1,1,0,0,0,2,0.0,0.5,0.5,0.0,0.0,0.0,0.0,0.0,28.8,7.2,0.0,0.0,13.1,115.0,114.0,7.2,fb336b32-8830-41f7-920a-c75ec5049aa4,MIL,ORL,Away,88,113,0
Andre Jackson Jr.,1,7.15,0,0,0.0,0,0,0.0,0,0,0.0,0,1,1,1,1,0,1,0,0,0.0,0.0,0.0,0.0,0.0,0.0,19.7,8.7,22.4,7.2,0.0,100.0,6.6,39.0,110.0,0.3,fb336b32-8830-41f7-920a-c75ec5049aa4,MIL,ORL,Away,88,113,0
Ryan Rollins,1,7.15,0,1,0.0,0,0,0.0,0,0,0.0,0,2,2,2,0,0,1,1,0,0.0,0.0,0.0,0.0,0.0,0.0,39.5,17.4,44.8,0.0,0.0,50.0,13.1,42.0,123.0,-14.7,fb336b32-8830-41f7-920a-c75ec5049aa4,MIL,ORL,Away,88,113,0
Danilo Gallinari,0,0.0,0,0,0.0,0,0,0.0,0,0,0.0,0,0,0,0,0,0,0,0,0,0.0,0.0,0.0,0.0,0.0,0.0,0.0,0.0,0.0,0.0,0.0,0.0,0.0,0.0,0.0,0.0,fb336b32-8830-41f7-920a-c75ec5049aa4,MIL,ORL,Away,88,113,0
Chris Livingston,0,0.0,0,0,0.0,0,0,0.0,0,0,0.0,0,0,0,0,0,0,0,0,0,0.0,0.0,0.0,0.0,0.0,0.0,0.0,0.0,0.0,0.0,0.0,0.0,0.0,0.0,0.0,0.0,fb336b32-8830-41f7-920a-c75ec5049aa4,MIL,ORL,Away,88,113,0
