player,played,mp,fg,fga,fg_pct,fg3,fg3a,fg3_pct,ft,fta,ft_pct,orb,drb,trb,ast,stl,blk,tov,pf,pts,plus_minus,ts_pct,efg_pct,fg3a_per_fga_pct,fta_per_fga_pct,orb_pct,drb_pct,trb_pct,ast_pct,stl_pct,blk_pct,tov_pct,usg_pct,off_rtg,def_rtg,bpm,game_id,team,opponent,location,team_score,opponent_score,win
Paolo Banchero,1,27.9,3,6,0.5,0,1,0.0,6,7,0.857,0,5,5,5,1,0,1,2,12,13.0,0.661,0.5,0.167,1.167,0.0,18.3,9.8,23.4,1.8,0.0,9.9,15.4,148.0,93.0,7.4,3e1f331f-b87c-426b-b267-ffd4ac9f1dc3,ORL,HOU,Home,116,86,1
Franz Wagner,1,27.05,5,12,0.417,3,7,0.429,6,6,1.0,3,1,4,2,1,0,3,1,19,10.0,0.649,0.542,0.583,0.5,13.0,3.8,8.1,10.7,1.9,0.0,17.0,27.8,130.0,96.0,7.1,3e1f331f-b87c-426b-b267-ffd4ac9f1dc3,ORL,HOU,Home,116,86,1
Wendell Carter Jr.,1,26.916666666666668,4,10,0.4,0,2,0.0,0,0,0.0,4,4,8,1,2,0,2,3,8,8.0,0.4,0.4,0.2,0.0,17.4,15.2,16.2,5.1,3.8,0.0,16.7,19.0,95.0,89.0,-4.2,3e1f331f-b87c-426b-b267-ffd4ac9f1dc3,ORL,HOU,Home,116,86,1
Markelle Fultz,1,24.516666666666666,5,9,0.556,0,0,0.0,0,0,0.0,3,1,4,2,3,0,1,0,10,12.0,0.556,0.556,0.0,0.0,14.3,4.2,8.9,12.2,6.3,0.0,10.0,17.4,127.0,86.0,9.5,3e1f331f-b87c-426b-b267-ffd4ac9f1dc3,ORL,HOU,Home,116,86,1
Jalen Suggs,1,20.85,3,12,0.25,2,7,0.286,0,0,0.0,1,3,4,0,0,0,0,2,8,5.0,0.333,0.333,0.583,0.0,5.6,14.7,10.5,0.0,0.0,0.0,0.0,24.6,93.0,98.0,-10.4,3e1f331f-b87c-426b-b267-ffd4ac9f1dc3,ORL,HOU,Home,116,86,1
Cole Anthony,1,24.083333333333332,8,12,0.667,1,2,0.5,3,3,1.0,1,7,8,2,0,0,0,2,20,17.0,0.751,0.708,0.167,0.25,4.9,29.7,18.1,15.3,0.0,0.0,0.0,23.6,170.0,94.0,13.8,3e1f331f-b87c-426b-b267-ffd4ac9f1dc3,ORL,HOU,Home,116,86,1
Joe Ingles,1,18.233333333333334,0,3,0.0,0,3,0.0,0,0,0.0,0,4,4,5,0,0,1,3,0,9.0,0.0,0.0,1.0,0.0,0.0,22.4,12.0,31.3,0.0,0.0,25.0,9.4,71.0,95.0,-7.8,3e1f331f-b87c-426b-b267-ffd4ac9f1dc3,ORL,HOU,Home,116,86,1
Gary Harris,1,16.95,5,8,0.625,1,4,0.25,0,0,0.0,3,2,5,0,0,1,0,0,11,8.0,0.688,0.688,0.5,0.0,20.7,12.1,16.1,0.0,0.0,6.3,0.0,20.1,160.0,94.0,13.4,3e1f331f-b87c-426b-b267-ffd4ac9f1dc3,ORL,HOU,Home,116,86,1
Moritz Wagner,1,15.35,0,1,0.0,0,1,0.0,2,2,1.0,0,4,4,0,0,1,3,4,2,13.0,0.532,0.0,1.0,2.0,0.0,26.6,14.2,0.0,0.0,6.9,61.5,13.6,43.0,89.0,-14.9,3e1f331f-b87c-426b-b267-ffd4ac9f1dc3,ORL,HOU,Home,116,86,1
Jonathan Isaac,1,14.15,4,6,0.667,1,3,0.333,2,3,0.667,1,3,4,0,0,2,2,2,11,10.0,0.751,0.75,0.5,0.5,8.3,21.7,15.4,0.0,0.0,15.1,21.5,28.1,120.0,85.0,6.9,3e1f331f-b87c-426b-b267-ffd4ac9f1dc3,ORL,HOU,Home,116,86,1
Goga Bitadze,1,4.8,2,2,1.0,0,0,0.0,3,4,0.75,1,2,3,0,1,0,1,1,7,9.0,0.931,1.0,0.0,2.0,24.4,42.6,34.1,0.0,10.7,0.0,21.0,42.3,144.0,67.0,28.1,3e1f331f-b87c-426b-b267-ffd4ac9f1dc3,ORL,HOU,Home,116,86,1
Anthony Black,1,4.8,2,2,1.0,0,0,0.0,1,1,1.0,0,0,0,1,0,2,0,0,5,9.0,1.025,1.0,0.0,0.5,0.0,0.0,0.0,45.5,0.0,44.4,0.0,21.7,212.0,69.0,50.4,3e1f331f-b87c-426b-b267-ffd4ac9f1dc3,ORL,HOU,Home,116,86,1
Caleb Houstan,1,4.8,1,2,0.5,1,2,0.5,0,0,0.0,0,1,1,0,0,0,0,0,3,9.0,0.75,0.75,1.0,0.0,0.0,21.3,11.4,0.0,0.0,0.0,0.0,17.8,169.0,97.0,10.8,3e1f331f-b87c-426b-b267-ffd4ac9f1dc3,ORL,HOU,Home,116,86,1
Jett Howard,1,4.8,0,1,0.0,0,1,0.0,0,0,0.0,0,0,0,1,0,0,0,0,0,9.0,0.0,0.0,1.0,0.0,0.0,0.0,0.0,23.8,0.0,0.0,0.0,8.9,68.0,101.0,-4.7,3e1f331f-b87c-426b-b267-ffd4ac9f1dc3,ORL,HOU,Home,116,86,1
Chuma Okeke,1,4.8,0,1,0.0,0,1,0.0,0,0,0.0,0,3,3,0,0,0,0,0,0,9.0,0.0,0.0,1.0,0.0,0.0,63.8,34.1,0.0,0.0,0.0,0.0,8.9,0.0,87.0,-7.2,3e1f331f-b87c-426b-b267-ffd4ac9f1dc3,ORL,HOU,Home,116,86,1
Franz Wagner,1,35.36666666666667,6,16,0.375,3,9,0.333,8,9,0.889,0,5,5,3,1,1,3,2,23,11.0,0.576,0.469,0.563,0.563,0.0,13.6,7.4,14.6,1.4,2.4,13.1,29.1,109.0,103.0,1.7,cb1f0ff0-6604-4360-9427-c64c529339d5,ORL,POR,Away,102,97,1
Paolo Banchero,1,35.13333333333333,5,12,0.417,0,0,0.0,4,9,0.444,2,5,7,4,2,0,3,1,14,2.0,0.439,0.417,0.0,0.75,6.5,13.7,10.4,18.7,2.9,0.0,15.8,24.2,90.0,102.0,-3.7,cb1f0ff0-6604-4360-9427-c64c529339d5,ORL,POR,Away,102,97,1
Jalen Suggs,1,26.983333333333334,4,5,0.8,0,1,0.0,3,3,1.0,0,5,5,2,4,2,1,3,11,3.0,0.87,0.8,0.2,0.6,0.0,17.8,9.7,12.3,7.5,6.4,13.7,12.2,154.0,86.0,12.9,cb1f0ff0-6604-4360-9427-c64c529339d5,ORL,POR,Away,102,97,1
Wendell Carter Jr.,1,26.083333333333332,2,7,0.286,1,3,0.333,3,4,0.75,2,7,9,1,0,0,2,1,8,6.0,0.457,0.357,0.429,0.571,8.8,25.8,18.0,5.7,0.0,0.0,18.6,18.5,91.0,102.0,-7.0,cb1f0ff0-6604-4360-9427-c64c529339d5,ORL,POR,Away,102,97,1
Markelle Fultz,1,24.85,4,8,0.5,0,2,0.0,0,0,0.0,1,1,2,6,0,0,1,0,8,11.0,0.5,0.5,0.25,0.0,4.6,3.9,4.2,41.0,0.0,0.0,11.1,16.2,117.0,113.0,0.6,cb1f0ff0-6604-4360-9427-c64c529339d5,ORL,POR,Away,102,97,1
Cole Anthony,1,28.1,6,15,0.4,3,7,0.429,3,6,0.5,1,3,4,2,0,1,1,3,18,-9.0,0.51,0.5,0.467,0.4,4.1,10.2,7.4,13.3,0.0,3.1,5.4,29.7,105.0,108.0,-0.6,cb1f0ff0-6604-4360-9427-c64c529339d5,ORL,POR,Away,102,97,1
Moritz Wagner,1,21.916666666666668,8,8,1.0,1,1,1.0,0,1,0.0,4,5,9,1,1,1,1,2,17,-1.0,1.007,1.063,0.125,0.125,20.9,21.9,21.4,11.9,2.3,3.9,10.6,19.3,171.0,97.0,17.7,cb1f0ff0-6604-4360-9427-c64c529339d5,ORL,POR,Away,102,97,1
Gary Harris,1,18.733333333333334,1,5,0.2,1,3,0.333,0,0,0.0,0,1,1,1,0,0,1,0,3,2.0,0.3,0.3,0.6,0.0,0.0,5.1,2.8,7.7,0.0,0.0,16.7,14.4,61.0,112.0,-11.4,cb1f0ff0-6604-4360-9427-c64c529339d5,ORL,POR,Away,102,97,1
Joe Ingles,1,15.05,0,1,0.0,0,1,0.0,0,0,0.0,0,1,1,1,1,0,1,3,0,3.0,0.0,0.0,1.0,0.0,0.0,6.4,3.5,8.9,3.4,0.0,50.0,6.0,27.0,104.0,-12.4,cb1f0ff0-6604-4360-9427-c64c529339d5,ORL,POR,Away,102,97,1
Jonathan Isaac,1,7.783333333333333,0,2,0.0,0,1,0.0,0,0,0.0,0,2,2,1,1,0,0,1,0,-3.0,0.0,0.0,0.5,0.0,0.0,24.7,13.4,17.1,6.5,0.0,0.0,11.5,32.0,88.0,-5.2,cb1f0ff0-6604-4360-9427-c64c529339d5,ORL,POR,Away,102,97,1
Goga Bitadze,0,0.0,0,0,0.0,0,0,0.0,0,0,0.0,0,0,0,0,0,0,0,0,0,0.0,0.0,0.0,0.0,0.0,0.0,0.0,0.0,0.0,0.0,0.0,0.0,0.0,0.0,0.0,0.0,cb1f0ff0-6604-4360-9427-c64c529339d5,ORL,POR,Away,102,97,1
Anthony Black,0,0.0,0,0,0.0,0,0,0.0,0,0,0.0,0,0,0,0,0,0,0,0,0,0.0,0.0,0.0,0.0,0.0,0.0,0.0,0.0,0.0,0.0,0.0,0.0,0.0,0.0,0.0,0.0,cb1f0ff0-6604-4360-9427-c64c529339d5,ORL,POR,Away,102,97,1
Caleb Houstan,0,0.0,0,0,0.0,0,0,0.0,0,0,0.0,0,0,0,0,0,0,0,0,0,0.0,0.0,0.0,0.0,0.0,0.0,0.0,0.0,0.0,0.0,0.0,0.0,0.0,0.0,0.0,0.0,cb1f0ff0-6604-4360-9427-c64c529339d5,ORL,POR,Away,102,97,1
Jett Howard,0,0.0,0,0,0.0,0,0,0.0,0,0,0.0,0,0,0,0,0,0,0,0,0,0.0,0.0,0.0,0.0,0.0,0.0,0.0,0.0,0.0,0.0,0.0,0.0,0.0,0.0,0.0,0.0,cb1f0ff0-6604-4360-9427-c64c529339d5,ORL,POR,Away,102,97,1
Chuma Okeke,0,0.0,0,0,0.0,0,0,0.0,0,0,0.0,0,0,0,0,0,0,0,0,0,0.0,0.0,0.0,0.0,0.0,0.0,0.0,0.0,0.0,0.0,0.0,0.0,0.0,0.0,0.0,0.0,cb1f0ff0-6604-4360-9427-c64c529339d5,ORL,POR,Away,102,97,1
Franz Wagner,1,36.85,5,17,0.294,2,7,0.286,4,4,1.0,2,6,8,4,2,0,2,4,16,-2.0,0.426,0.353,0.412,0.235,5.3,22.3,12.4,16.5,2.6,0.0,9.6,23.7,94.0,107.0,-3.0,99768cee-ecf4-4278-81c6-4f657ffc161e,ORL,LAL,Away,103,106,0
Wendell Carter Jr.,1,35.21666666666667,4,8,0.5,1,3,0.333,1,2,0.5,2,6,8,1,0,1,0,4,10,2.0,0.563,0.563,0.375,0.25,5.6,23.4,13.0,4.2,0.0,2.6,0.0,10.6,124.0,110.0,-3.6,99768cee-ecf4-4278-81c6-4f657ffc161e,ORL,LAL,Away,103,106,0
Markelle Fultz,1,32.983333333333334,7,16,0.438,0,1,0.0,0,0,0.0,1,3,4,8,1,2,1,2,14,0.0,0.438,0.438,0.063,0.0,3.0,12.5,6.9,41.9,1.5,5.6,5.9,21.7,106.0,105.0,3.7,99768cee-ecf4-4278-81c6-4f657ffc161e,ORL,LAL,Away,103,106,0
Paolo Banchero,1,30.466666666666665,4,14,0.286,1,5,0.2,0,2,0.0,1,4,5,5,0,0,2,3,9,-12.0,0.302,0.321,0.357,0.143,3.2,18.0,9.4,24.9,0.0,0.0,11.8,23.3,73.0,113.0,-10.5,99768cee-ecf4-4278-81c6-4f657ffc161e,ORL,LAL,Away,103,106,0
Jalen Suggs,1,26.366666666666667,4,12,0.333,3,7,0.429,4,4,1.0,3,5,8,2,1,0,0,2,15,10.0,0.545,0.458,0.583,0.333,11.1,26.0,17.3,11.9,1.8,0.0,0.0,22.0,128.0,109.0,5.6,99768cee-ecf4-4278-81c6-4f657ffc161e,ORL,LAL,Away,103,106,0
Cole Anthony,1,21.15,4,12,0.333,1,3,0.333,3,4,0.75,0,3,3,2,3,0,1,2,12,-9.0,0.436,0.375,0.25,0.333,0.0,19.5,8.1,15.7,6.9,0.0,6.8,29.4,91.0,98.0,1.9,99768cee-ecf4-4278-81c6-4f657ffc161e,ORL,LAL,Away,103,106,0
Gary Harris,1,21.0,6,6,1.0,5,5,1.0,0,0,0.0,1,2,3,3,0,0,3,0,17,4.0,1.417,1.417,0.833,0.0,4.7,13.1,8.2,28.2,0.0,0.0,33.3,18.1,138.0,114.0,18.7,99768cee-ecf4-4278-81c6-4f657ffc161e,ORL,LAL,Away,103,106,0
Joe Ingles,1,12.033333333333333,1,2,0.5,0,0,0.0,0,0,0.0,1,0,1,3,2,0,1,2,2,-2.0,0.5,0.5,0.0,0.0,8.1,0.0,4.7,35.2,8.1,0.0,33.3,10.5,109.0,96.0,4.1,99768cee-ecf4-4278-81c6-4f657ffc161e,ORL,LAL,Away,103,106,0
Moritz Wagner,1,11.483333333333333,2,5,0.4,0,1,0.0,1,2,0.5,1,0,1,0,0,0,1,2,5,-10.0,0.425,0.4,0.2,0.4,8.5,0.0,5.0,0.0,0.0,0.0,14.5,25.2,79.0,114.0,-15.0,99768cee-ecf4-4278-81c6-4f657ffc161e,ORL,LAL,Away,103,106,0
Jonathan Isaac,1,11.15,1,3,0.333,1,3,0.333,0,0,0.0,0,3,3,0,1,0,0,1,3,-1.0,0.5,0.5,1.0,0.0,0.0,36.9,15.4,0.0,4.4,0.0,0.0,11.3,100.0,103.0,-0.6,99768cee-ecf4-4278-81c6-4f657ffc161e,ORL,LAL,Away,103,106,0
Goga Bitadze,1,1.3,0,0,0.0,0,0,0.0,0,0,0.0,0,0,0,0,0,0,0,0,0,5.0,0.0,0.0,0.0,0.0,0.0,0.0,0.0,0.0,0.0,0.0,0.0,0.0,0.0,114.0,-9.8,99768cee-ecf4-4278-81c6-4f657ffc161e,ORL,LAL,Away,103,106,0
Anthony Black,0,0.0,0,0,0.0,0,0,0.0,0,0,0.0,0,0,0,0,0,0,0,0,0,0.0,0.0,0.0,0.0,0.0,0.0,0.0,0.0,0.0,0.0,0.0,0.0,0.0,0.0,0.0,0.0,99768cee-ecf4-4278-81c6-4f657ffc161e,ORL,LAL,Away,103,106,0
Caleb Houstan,0,0.0,0,0,0.0,0,0,0.0,0,0,0.0,0,0,0,0,0,0,0,0,0,0.0,0.0,0.0,0.0,0.0,0.0,0.0,0.0,0.0,0.0,0.0,0.0,0.0,0.0,0.0,0.0,99768cee-ecf4-4278-81c6-4f657ffc161e,ORL,LAL,Away,103,106,0
Jett Howard,0,0.0,0,0,0.0,0,0,0.0,0,0,0.0,0,0,0,0,0,0,0,0,0,0.0,0.0,0.0,0.0,0.0,0.0,0.0,0.0,0.0,0.0,0.0,0.0,0.0,0.0,0.0,0.0,99768cee-ecf4-4278-81c6-4f657ffc161e,ORL,LAL,Away,103,106,0
Chuma Okeke,0,0.0,0,0,0.0,0,0,0.0,0,0,0.0,0,0,0,0,0,0,0,0,0,0.0,0.0,0.0,0.0,0.0,0.0,0.0,0.0,0.0,0.0,0.0,0.0,0.0,0.0,0.0,0.0,99768cee-ecf4-4278-81c6-4f657ffc161e,ORL,LAL,Away,103,106,0
Franz Wagner,1,32.35,6,13,0.462,2,7,0.286,0,0,0.0,1,7,8,3,0,1,3,4,14,5.0,0.538,0.538,0.538,0.0,3.5,24.7,14.1,15.3,0.0,2.6,18.8,21.3,92.0,115.0,-3.6,a1a9aad6-284a-4710-a5b5-a40ab69b44cd,ORL,LAC,Away,102,118,0
Markelle Fultz,1,32.2,6,11,0.545,0,0,0.0,0,1,0.0,1,4,5,1,1,0,2,3,12,-16.0,0.524,0.545,0.0,0.091,3.5,14.2,8.9,5.1,1.4,0.0,14.9,18.0,90.0,116.0,-5.9,a1a9aad6-284a-4710-a5b5-a40ab69b44cd,ORL,LAC,Away,102,118,0
Paolo Banchero,1,32.05,5,13,0.385,1,3,0.333,4,8,0.5,0,4,4,4,4,0,3,3,15,-15.0,0.454,0.423,0.231,0.615,0.0,14.3,7.1,19.6,5.8,0.0,15.4,26.2,85.0,106.0,-0.3,a1a9aad6-284a-4710-a5b5-a40ab69b44cd,ORL,LAC,Away,102,118,0
Jalen Suggs,1,31.6,5,10,0.5,1,5,0.2,0,0,0.0,2,4,6,3,1,1,3,5,11,-12.0,0.55,0.55,0.5,0.0,7.2,14.5,10.8,15.0,1.5,2.6,23.1,17.7,94.0,114.0,-3.3,a1a9aad6-284a-4710-a5b5-a40ab69b44cd,ORL,LAC,Away,102,118,0
Wendell Carter Jr.,1,29.7,2,8,0.25,0,2,0.0,3,6,0.5,1,7,8,3,1,0,2,2,7,-16.0,0.329,0.25,0.25,0.75,3.8,26.9,15.4,13.9,1.6,0.0,15.8,18.3,73.0,113.0,-7.0,a1a9aad6-284a-4710-a5b5-a40ab69b44cd,ORL,LAC,Away,102,118,0
Gary Harris,1,17.75,3,5,0.6,2,4,0.5,1,3,0.333,0,2,2,2,1,0,0,1,9,0.0,0.712,0.8,0.8,0.6,0.0,12.9,6.4,18.1,2.6,0.0,0.0,15.3,142.0,114.0,8.4,a1a9aad6-284a-4710-a5b5-a40ab69b44cd,ORL,LAC,Away,102,118,0
Cole Anthony,1,17.516666666666666,3,6,0.5,0,2,0.0,4,6,0.667,0,2,2,1,0,0,1,3,10,-18.0,0.579,0.5,0.333,1.0,0.0,13.0,6.5,9.2,0.0,0.0,10.4,23.7,108.0,119.0,-5.3,a1a9aad6-284a-4710-a5b5-a40ab69b44cd,ORL,LAC,Away,102,118,0
Moritz Wagner,1,14.366666666666667,4,7,0.571,0,2,0.0,5,6,0.833,0,1,1,1,1,1,1,2,13,1.0,0.674,0.571,0.286,0.857,0.0,8.0,4.0,13.6,3.2,5.8,9.4,31.9,125.0,109.0,9.4,a1a9aad6-284a-4710-a5b5-a40ab69b44cd,ORL,LAC,Away,102,118,0
Joe Ingles,1,12.8,0,1,0.0,0,1,0.0,0,0,0.0,0,1,1,1,0,0,0,0,0,-4.0,0.0,0.0,1.0,0.0,0.0,8.9,4.5,9.9,0.0,0.0,0.0,3.4,50.0,121.0,-9.3,a1a9aad6-284a-4710-a5b5-a40ab69b44cd,ORL,LAC,Away,102,118,0
Caleb Houstan,1,3.9333333333333336,2,5,0.4,1,4,0.25,1,1,1.0,0,0,0,0,0,0,0,0,6,-1.0,0.551,0.5,0.8,0.2,0.0,0.0,0.0,0.0,0.0,0.0,0.0,59.5,106.0,123.0,7.1,a1a9aad6-284a-4710-a5b5-a40ab69b44cd,ORL,LAC,Away,102,118,0
Jett Howard,1,3.9333333333333336,1,1,1.0,0,0,0.0,0,0,0.0,0,1,1,0,0,0,0,0,2,-1.0,1.0,1.0,0.0,0.0,0.0,29.1,14.5,0.0,0.0,0.0,0.0,10.9,200.0,117.0,5.5,a1a9aad6-284a-4710-a5b5-a40ab69b44cd,ORL,LAC,Away,102,118,0
Chuma Okeke,1,3.9333333333333336,1,1,1.0,0,0,0.0,0,0,0.0,1,0,1,0,0,0,1,0,2,-1.0,1.0,1.0,0.0,0.0,29.1,0.0,14.5,0.0,0.0,0.0,50.0,21.9,96.0,123.0,-2.8,a1a9aad6-284a-4710-a5b5-a40ab69b44cd,ORL,LAC,Away,102,118,0
Goga Bitadze,1,3.9333333333333336,0,0,0.0,0,0,0.0,1,2,0.5,1,0,1,3,0,0,0,0,1,-1.0,0.568,0.0,0.0,0.0,29.1,0.0,14.5,96.3,0.0,0.0,0.0,9.6,177.0,123.0,33.2,a1a9aad6-284a-4710-a5b5-a40ab69b44cd,ORL,LAC,Away,102,118,0
Anthony Black,1,3.9333333333333336,0,0,0.0,0,0,0.0,0,0,0.0,0,0,0,1,0,0,0,1,0,-1.0,0.0,0.0,0.0,0.0,0.0,0.0,0.0,32.1,0.0,0.0,0.0,0.0,218.0,122.0,-2.7,a1a9aad6-284a-4710-a5b5-a40ab69b44cd,ORL,LAC,Away,102,118,0
Franz Wagner,1,37.61666666666667,9,21,0.429,2,6,0.333,1,2,0.5,1,3,4,5,4,0,2,4,21,8.0,0.48,0.476,0.286,0.095,2.8,8.3,5.6,23.2,4.9,0.0,8.4,25.9,98.0,108.0,-1.1,aa6a18d7-594e-4a98-9711-20e12b96fd04,ORL,UTA,Away,115,113,1
Paolo Banchero,1,35.75,9,13,0.692,1,2,0.5,11,15,0.733,2,7,9,5,3,2,6,4,30,-5.0,0.765,0.731,0.154,1.154,6.0,20.4,13.3,24.9,3.8,4.8,23.4,29.2,122.0,103.0,8.6,aa6a18d7-594e-4a98-9711-20e12b96fd04,ORL,UTA,Away,115,113,1
Wendell Carter Jr.,1,29.05,5,12,0.417,3,6,0.5,1,2,0.5,2,8,10,2,0,1,2,4,14,2.0,0.543,0.542,0.5,0.167,7.3,28.7,18.2,10.8,0.0,3.0,13.4,20.9,101.0,110.0,-3.7,aa6a18d7-594e-4a98-9711-20e12b96fd04,ORL,UTA,Away,115,113,1
Jalen Suggs,1,21.483333333333334,1,7,0.143,0,0,0.0,4,4,1.0,2,2,4,3,4,0,3,4,6,-4.0,0.342,0.143,0.0,0.571,9.9,9.7,9.8,18.2,8.5,0.0,25.5,22.3,77.0,99.0,-5.9,aa6a18d7-594e-4a98-9711-20e12b96fd04,ORL,UTA,Away,115,113,1
Gary Harris,1,14.466666666666667,0,2,0.0,0,2,0.0,0,0,0.0,0,0,0,1,0,1,0,1,0,6.0,0.0,0.0,1.0,0.0,0.0,0.0,0.0,8.5,0.0,5.9,0.0,5.6,32.0,118.0,-10.0,aa6a18d7-594e-4a98-9711-20e12b96fd04,ORL,UTA,Away,115,113,1
Cole Anthony,1,30.933333333333334,5,10,0.5,2,4,0.5,6,6,1.0,0,7,7,7,2,0,3,3,18,-7.0,0.712,0.6,0.4,0.6,0.0,23.6,11.9,34.8,3.0,0.0,19.2,20.6,128.0,107.0,5.9,aa6a18d7-594e-4a98-9711-20e12b96fd04,ORL,UTA,Away,115,113,1
Joe Ingles,1,23.5,1,5,0.2,1,4,0.25,1,2,0.5,1,1,2,1,1,0,0,0,4,-4.0,0.34,0.3,0.8,0.4,4.5,4.4,4.5,5.5,1.9,0.0,0.0,10.2,90.0,116.0,-7.6,aa6a18d7-594e-4a98-9711-20e12b96fd04,ORL,UTA,Away,115,113,1
Moritz Wagner,1,18.933333333333334,4,7,0.571,1,2,0.5,1,1,1.0,0,1,1,1,0,2,0,2,10,0.0,0.672,0.643,0.286,0.143,0.0,5.5,2.8,8.8,0.0,9.1,0.0,16.0,136.0,114.0,1.7,aa6a18d7-594e-4a98-9711-20e12b96fd04,ORL,UTA,Away,115,113,1
Anthony Black,1,15.783333333333333,4,4,1.0,0,0,0.0,1,3,0.333,1,2,3,1,2,0,1,2,9,6.0,0.846,1.0,0.0,0.75,6.8,13.2,10.0,11.3,5.8,0.0,15.8,16.3,133.0,104.0,6.7,aa6a18d7-594e-4a98-9711-20e12b96fd04,ORL,UTA,Away,115,113,1
Jonathan Isaac,1,12.483333333333333,1,4,0.25,0,3,0.0,1,1,1.0,1,2,3,1,1,3,0,1,3,8.0,0.338,0.25,0.75,0.25,8.5,16.7,12.7,10.9,3.7,20.6,0.0,14.5,96.0,96.0,2.5,aa6a18d7-594e-4a98-9711-20e12b96fd04,ORL,UTA,Away,115,113,1
Goga Bitadze,0,0.0,0,0,0.0,0,0,0.0,0,0,0.0,0,0,0,0,0,0,0,0,0,0.0,0.0,0.0,0.0,0.0,0.0,0.0,0.0,0.0,0.0,0.0,0.0,0.0,0.0,0.0,0.0,aa6a18d7-594e-4a98-9711-20e12b96fd04,ORL,UTA,Away,115,113,1
Markelle Fultz,1,0.0,0,0,0.0,0,0,0.0,0,0,0.0,0,0,0,0,0,0,0,0,0,0.0,0.0,0.0,0.0,0.0,0.0,0.0,0.0,0.0,0.0,0.0,0.0,0.0,0.0,0.0,0.0,aa6a18d7-594e-4a98-9711-20e12b96fd04,ORL,UTA,Away,115,113,1
Caleb Houstan,0,0.0,0,0,0.0,0,0,0.0,0,0,0.0,0,0,0,0,0,0,0,0,0,0.0,0.0,0.0,0.0,0.0,0.0,0.0,0.0,0.0,0.0,0.0,0.0,0.0,0.0,0.0,0.0,aa6a18d7-594e-4a98-9711-20e12b96fd04,ORL,UTA,Away,115,113,1
Jett Howard,0,0.0,0,0,0.0,0,0,0.0,0,0,0.0,0,0,0,0,0,0,0,0,0,0.0,0.0,0.0,0.0,0.0,0.0,0.0,0.0,0.0,0.0,0.0,0.0,0.0,0.0,0.0,0.0,aa6a18d7-594e-4a98-9711-20e12b96fd04,ORL,UTA,Away,115,113,1
Chuma Okeke,0,0.0,0,0,0.0,0,0,0.0,0,0,0.0,0,0,0,0,0,0,0,0,0,0.0,0.0,0.0,0.0,0.0,0.0,0.0,0.0,0.0,0.0,0.0,0.0,0.0,0.0,0.0,0.0,aa6a18d7-594e-4a98-9711-20e12b96fd04,ORL,UTA,Away,115,113,1
Paolo Banchero,1,34.03333333333333,9,15,0.6,2,4,0.5,5,7,0.714,1,6,7,10,1,1,4,2,25,23.0,0.691,0.667,0.267,0.467,2.9,20.1,10.8,42.3,1.4,2.6,18.1,25.0,131.0,101.0,13.8,47cacf29-0ffc-4d01-ab1a-aa2db9e14bac,ORL,LAL,Home,120,101,1
Franz Wagner,1,32.71666666666667,12,28,0.429,1,3,0.333,1,2,0.5,2,3,5,2,1,1,1,1,26,-8.0,0.45,0.446,0.107,0.071,6.0,10.5,8.1,10.3,1.5,2.7,3.3,35.3,105.0,104.0,-0.7,47cacf29-0ffc-4d01-ab1a-aa2db9e14bac,ORL,LAL,Home,120,101,1
Anthony Black,1,30.033333333333335,4,6,0.667,2,3,0.667,1,1,1.0,1,3,4,2,1,0,0,2,11,32.0,0.854,0.833,0.5,0.167,3.3,11.4,7.0,8.1,1.6,0.0,0.0,8.3,186.0,105.0,5.8,47cacf29-0ffc-4d01-ab1a-aa2db9e14bac,ORL,LAL,Home,120,101,1
Jalen Suggs,1,27.416666666666668,4,11,0.364,0,2,0.0,1,1,1.0,1,5,6,5,1,1,2,1,9,26.0,0.393,0.364,0.182,0.091,3.6,20.8,11.5,22.4,1.8,3.2,14.9,18.9,97.0,100.0,-1.6,47cacf29-0ffc-4d01-ab1a-aa2db9e14bac,ORL,LAL,Home,120,101,1
Goga Bitadze,1,25.933333333333334,3,6,0.5,0,1,0.0,4,4,1.0,4,6,10,2,0,5,0,2,10,27.0,0.644,0.5,0.167,0.667,15.1,26.4,20.3,9.2,0.0,17.1,0.0,11.5,165.0,93.0,9.6,47cacf29-0ffc-4d01-ab1a-aa2db9e14bac,ORL,LAL,Home,120,101,1
Joe Ingles,1,24.616666666666667,2,6,0.333,2,5,0.4,1,1,1.0,0,3,3,3,1,0,2,2,7,7.0,0.543,0.5,0.833,0.167,0.0,13.9,6.4,13.9,2.0,0.0,23.7,13.2,103.0,103.0,-3.2,47cacf29-0ffc-4d01-ab1a-aa2db9e14bac,ORL,LAL,Home,120,101,1
Cole Anthony,1,23.05,4,9,0.444,3,5,0.6,3,3,1.0,3,2,5,1,0,0,3,1,14,-6.0,0.678,0.611,0.556,0.333,12.7,9.9,11.4,5.5,0.0,0.0,22.5,22.3,118.0,109.0,1.0,47cacf29-0ffc-4d01-ab1a-aa2db9e14bac,ORL,LAL,Home,120,101,1
Moritz Wagner,1,18.983333333333334,6,10,0.6,1,3,0.333,0,0,0.0,5,3,8,2,1,0,2,5,13,-11.0,0.65,0.65,0.3,0.0,25.8,18.1,22.2,16.4,2.6,0.0,16.7,24.4,126.0,101.0,4.8,47cacf29-0ffc-4d01-ab1a-aa2db9e14bac,ORL,LAL,Home,120,101,1
Jonathan Isaac,1,10.883333333333333,0,3,0.0,0,2,0.0,0,0,0.0,0,0,0,0,0,1,1,2,0,-7.0,0.0,0.0,0.667,0.0,0.0,0.0,0.0,0.0,0.0,8.2,25.0,14.2,0.0,106.0,-22.2,47cacf29-0ffc-4d01-ab1a-aa2db9e14bac,ORL,LAL,Home,120,101,1
Admiral Schofield,1,3.0833333333333335,2,4,0.5,1,3,0.333,0,0,0.0,0,0,0,0,0,0,0,0,5,3.0,0.625,0.625,0.75,0.0,0.0,0.0,0.0,0.0,0.0,0.0,0.0,50.1,130.0,112.0,15.5,47cacf29-0ffc-4d01-ab1a-aa2db9e14bac,ORL,LAL,Home,120,101,1
Caleb Houstan,1,3.0833333333333335,0,0,0.0,0,0,0.0,0,0,0.0,0,1,1,1,0,0,0,0,0,3.0,0.0,0.0,0.0,0.0,0.0,37.1,17.1,33.8,0.0,0.0,0.0,0.0,226.0,102.0,8.0,47cacf29-0ffc-4d01-ab1a-aa2db9e14bac,ORL,LAL,Home,120,101,1
Jett Howard,1,3.0833333333333335,0,2,0.0,0,1,0.0,0,0,0.0,1,0,1,0,0,0,0,0,0,3.0,0.0,0.0,0.5,0.0,31.8,0.0,17.1,0.0,0.0,0.0,0.0,25.0,38.0,112.0,-25.8,47cacf29-0ffc-4d01-ab1a-aa2db9e14bac,ORL,LAL,Home,120,101,1
Chuma Okeke,1,3.0833333333333335,0,1,0.0,0,1,0.0,0,0,0.0,1,0,1,1,0,0,0,0,0,3.0,0.0,0.0,1.0,0.0,31.8,0.0,17.1,33.8,0.0,0.0,0.0,12.5,101.0,112.0,-0.1,47cacf29-0ffc-4d01-ab1a-aa2db9e14bac,ORL,LAL,Home,120,101,1
Paolo Banchero,1,37.333333333333336,8,18,0.444,0,1,0.0,6,6,1.0,1,4,5,6,0,0,6,5,22,-15.0,0.533,0.444,0.056,0.333,4.0,13.9,9.3,26.0,0.0,0.0,22.5,30.3,94.0,119.0,-5.3,f6f2f04e-b4d3-4ff0-a707-09365b6d1ed1,ORL,DAL,Home,102,117,0
Franz Wagner,1,33.25,5,13,0.385,1,4,0.25,1,2,0.5,0,5,5,4,1,0,1,3,12,-13.0,0.432,0.423,0.308,0.154,0.0,19.5,10.5,17.6,1.4,0.0,6.7,19.0,92.0,115.0,-3.0,f6f2f04e-b4d3-4ff0-a707-09365b6d1ed1,ORL,DAL,Home,102,117,0
Anthony Black,1,32.63333333333333,3,7,0.429,2,4,0.5,0,0,0.0,2,3,5,2,0,0,1,2,8,-13.0,0.571,0.571,0.571,0.0,9.2,11.9,10.7,8.3,0.0,0.0,12.5,10.4,113.0,120.0,-1.4,f6f2f04e-b4d3-4ff0-a707-09365b6d1ed1,ORL,DAL,Home,102,117,0
Jalen Suggs,1,24.233333333333334,4,12,0.333,1,6,0.167,1,2,0.5,1,3,4,7,1,1,4,3,10,-6.0,0.388,0.375,0.5,0.167,6.2,16.1,11.5,43.2,1.9,4.7,23.7,29.6,80.0,111.0,-2.4,f6f2f04e-b4d3-4ff0-a707-09365b6d1ed1,ORL,DAL,Home,102,117,0
Goga Bitadze,1,21.933333333333334,3,5,0.6,0,1,0.0,1,1,1.0,2,4,6,0,2,1,1,3,7,0.0,0.643,0.6,0.2,0.2,13.7,23.7,19.0,0.0,4.3,5.2,15.5,12.5,116.0,105.0,1.1,f6f2f04e-b4d3-4ff0-a707-09365b6d1ed1,ORL,DAL,Home,102,117,0
Cole Anthony,1,29.533333333333335,7,13,0.538,2,5,0.4,3,5,0.6,0,2,2,5,1,2,3,3,19,-14.0,0.625,0.615,0.385,0.385,0.0,8.8,4.7,28.4,1.6,7.7,16.5,26.2,109.0,111.0,7.3,f6f2f04e-b4d3-4ff0-a707-09365b6d1ed1,ORL,DAL,Home,102,117,0
Moritz Wagner,1,26.066666666666666,8,13,0.615,1,4,0.25,2,2,1.0,0,5,5,0,1,0,2,3,19,-15.0,0.684,0.654,0.308,0.154,0.0,24.9,13.3,0.0,1.8,0.0,12.6,25.9,111.0,114.0,2.1,f6f2f04e-b4d3-4ff0-a707-09365b6d1ed1,ORL,DAL,Home,102,117,0
Joe Ingles,1,21.483333333333334,1,2,0.5,0,0,0.0,0,0,0.0,0,5,5,3,0,0,2,1,2,3.0,0.5,0.5,0.0,0.0,0.0,30.2,16.2,17.7,0.0,0.0,50.0,7.9,75.0,118.0,-6.8,f6f2f04e-b4d3-4ff0-a707-09365b6d1ed1,ORL,DAL,Home,102,117,0
Caleb Houstan,1,13.533333333333333,1,2,0.5,1,2,0.5,0,0,0.0,0,1,1,0,0,0,0,1,3,-2.0,0.75,0.75,1.0,0.0,0.0,9.6,5.1,0.0,0.0,0.0,0.0,6.3,139.0,120.0,-1.6,f6f2f04e-b4d3-4ff0-a707-09365b6d1ed1,ORL,DAL,Home,102,117,0
Jett Howard,0,0.0,0,0,0.0,0,0,0.0,0,0,0.0,0,0,0,0,0,0,0,0,0,0.0,0.0,0.0,0.0,0.0,0.0,0.0,0.0,0.0,0.0,0.0,0.0,0.0,0.0,0.0,0.0,f6f2f04e-b4d3-4ff0-a707-09365b6d1ed1,ORL,DAL,Home,102,117,0
Chuma Okeke,0,0.0,0,0,0.0,0,0,0.0,0,0,0.0,0,0,0,0,0,0,0,0,0,0.0,0.0,0.0,0.0,0.0,0.0,0.0,0.0,0.0,0.0,0.0,0.0,0.0,0.0,0.0,0.0,f6f2f04e-b4d3-4ff0-a707-09365b6d1ed1,ORL,DAL,Home,102,117,0
Admiral Schofield,0,0.0,0,0,0.0,0,0,0.0,0,0,0.0,0,0,0,0,0,0,0,0,0,0.0,0.0,0.0,0.0,0.0,0.0,0.0,0.0,0.0,0.0,0.0,0.0,0.0,0.0,0.0,0.0,f6f2f04e-b4d3-4ff0-a707-09365b6d1ed1,ORL,DAL,Home,102,117,0
Paolo Banchero,1,34.13333333333333,7,14,0.5,1,3,0.333,2,4,0.5,4,4,8,4,1,0,5,4,17,-5.0,0.539,0.536,0.214,0.286,12.2,15.2,13.6,17.5,1.4,0.0,24.1,23.5,101.0,120.0,-4.1,2801ed27-a910-4461-a32d-33bc8289c34c,ORL,ATL,Home,119,120,0
Jalen Suggs,1,30.716666666666665,7,10,0.7,4,5,0.8,3,6,0.5,0,2,2,1,6,0,2,5,21,1.0,0.831,0.9,0.5,0.6,0.0,8.4,3.8,5.0,9.1,0.0,13.7,18.4,143.0,104.0,13.6,2801ed27-a910-4461-a32d-33bc8289c34c,ORL,ATL,Home,119,120,0
Franz Wagner,1,28.9,5,12,0.417,0,1,0.0,2,2,1.0,2,5,7,3,0,0,4,2,12,-16.0,0.466,0.417,0.083,0.167,7.2,22.4,14.0,14.8,0.0,0.0,23.7,22.5,91.0,122.0,-9.0,2801ed27-a910-4461-a32d-33bc8289c34c,ORL,ATL,Home,119,120,0
Markelle Fultz,1,28.55,5,12,0.417,0,0,0.0,3,3,1.0,2,0,2,3,1,0,1,1,13,-2.0,0.488,0.417,0.0,0.25,7.3,0.0,4.1,15.0,1.6,0.0,7.0,19.4,120.0,123.0,-1.9,2801ed27-a910-4461-a32d-33bc8289c34c,ORL,ATL,Home,119,120,0
Goga Bitadze,1,21.483333333333334,5,7,0.714,0,0,0.0,2,4,0.5,2,3,5,0,0,2,1,2,12,7.0,0.685,0.714,0.0,0.571,9.7,18.1,13.5,0.0,0.0,9.7,10.2,17.5,131.0,117.0,1.1,2801ed27-a910-4461-a32d-33bc8289c34c,ORL,ATL,Home,119,120,0
Cole Anthony,1,23.233333333333334,1,7,0.143,0,4,0.0,5,6,0.833,1,1,2,2,0,0,3,3,7,-3.0,0.363,0.143,0.571,0.857,4.5,5.6,5.0,10.3,0.0,0.0,23.7,21.0,78.0,125.0,-14.9,2801ed27-a910-4461-a32d-33bc8289c34c,ORL,ATL,Home,119,120,0
Moritz Wagner,1,20.033333333333335,5,9,0.556,2,4,0.5,1,1,1.0,1,6,7,0,0,0,2,2,13,-8.0,0.689,0.667,0.444,0.111,5.2,38.9,20.2,0.0,0.0,0.0,17.5,22.0,120.0,119.0,-0.7,2801ed27-a910-4461-a32d-33bc8289c34c,ORL,ATL,Home,119,120,0
Joe Ingles,1,17.9,1,6,0.167,1,3,0.333,0,0,0.0,2,1,3,5,3,1,0,1,3,27.0,0.25,0.25,0.5,0.0,11.7,7.2,9.7,34.1,7.8,5.8,0.0,12.9,118.0,104.0,11.0,2801ed27-a910-4461-a32d-33bc8289c34c,ORL,ATL,Home,119,120,0
Anthony Black,1,17.466666666666665,3,4,0.75,1,2,0.5,2,2,1.0,2,1,3,1,1,1,1,3,9,-3.0,0.922,0.875,0.5,0.5,11.9,7.4,9.9,8.1,2.7,6.0,17.0,13.0,163.0,115.0,9.4,2801ed27-a910-4461-a32d-33bc8289c34c,ORL,ATL,Home,119,120,0
Jonathan Isaac,1,15.783333333333333,3,8,0.375,1,4,0.25,5,7,0.714,1,6,7,0,0,2,0,1,12,-2.0,0.542,0.438,0.5,0.875,6.6,49.3,25.6,0.0,0.0,13.2,0.0,27.1,132.0,109.0,4.6,2801ed27-a910-4461-a32d-33bc8289c34c,ORL,ATL,Home,119,120,0
Chuma Okeke,1,1.8,0,1,0.0,0,1,0.0,0,0,0.0,1,0,1,0,0,0,0,0,0,-1.0,0.0,0.0,1.0,0.0,58.0,0.0,32.1,0.0,0.0,0.0,0.0,21.4,65.0,127.0,-19.3,2801ed27-a910-4461-a32d-33bc8289c34c,ORL,ATL,Home,119,120,0
Caleb Houstan,0,0.0,0,0,0.0,0,0,0.0,0,0,0.0,0,0,0,0,0,0,0,0,0,0.0,0.0,0.0,0.0,0.0,0.0,0.0,0.0,0.0,0.0,0.0,0.0,0.0,0.0,0.0,0.0,2801ed27-a910-4461-a32d-33bc8289c34c,ORL,ATL,Home,119,120,0
Jett Howard,0,0.0,0,0,0.0,0,0,0.0,0,0,0.0,0,0,0,0,0,0,0,0,0,0.0,0.0,0.0,0.0,0.0,0.0,0.0,0.0,0.0,0.0,0.0,0.0,0.0,0.0,0.0,0.0,2801ed27-a910-4461-a32d-33bc8289c34c,ORL,ATL,Home,119,120,0
Admiral Schofield,0,0.0,0,0,0.0,0,0,0.0,0,0,0.0,0,0,0,0,0,0,0,0,0,0.0,0.0,0.0,0.0,0.0,0.0,0.0,0.0,0.0,0.0,0.0,0.0,0.0,0.0,0.0,0.0,2801ed27-a910-4461-a32d-33bc8289c34c,ORL,ATL,Home,119,120,0
Jalen Suggs,1,38.38333333333333,5,11,0.455,2,4,0.5,8,10,0.8,0,2,2,2,1,0,1,0,20,10.0,0.649,0.545,0.364,0.909,0.0,7.6,3.2,8.4,1.3,0.0,6.1,18.2,135.0,104.0,3.4,e7597fe8-23c6-43d0-bae1-6068dbe87e84,ORL,MIL,Home,112,97,1
Paolo Banchero,1,38.266666666666666,10,22,0.455,2,5,0.4,4,5,0.8,3,9,12,5,1,0,3,2,26,10.0,0.537,0.5,0.227,0.227,8.2,34.2,19.1,26.7,1.3,0.0,11.0,30.4,112.0,100.0,4.6,e7597fe8-23c6-43d0-bae1-6068dbe87e84,ORL,MIL,Home,112,97,1
Franz Wagner,1,37.93333333333333,8,16,0.5,2,6,0.333,6,7,0.857,0,6,6,3,1,0,3,2,24,3.0,0.629,0.563,0.375,0.438,0.0,23.0,9.6,14.7,1.3,0.0,13.6,24.9,117.0,101.0,2.8,e7597fe8-23c6-43d0-bae1-6068dbe87e84,ORL,MIL,Home,112,97,1
Anthony Black,1,28.15,1,3,0.333,0,1,0.0,0,0,0.0,0,0,0,3,0,0,1,2,2,6.0,0.333,0.333,0.333,0.0,0.0,0.0,0.0,14.9,0.0,0.0,25.0,6.1,84.0,106.0,-5.6,e7597fe8-23c6-43d0-bae1-6068dbe87e84,ORL,MIL,Home,112,97,1
Goga Bitadze,1,21.116666666666667,1,5,0.2,0,0,0.0,0,0,0.0,5,4,9,2,2,0,1,2,2,4.0,0.2,0.2,0.0,0.0,24.7,27.6,25.9,13.5,4.7,0.0,16.7,12.1,94.0,93.0,-1.9,e7597fe8-23c6-43d0-bae1-6068dbe87e84,ORL,MIL,Home,112,97,1
Joe Ingles,1,23.483333333333334,1,5,0.2,1,4,0.25,2,2,1.0,1,2,3,5,0,0,0,1,5,8.0,0.425,0.3,0.8,0.4,4.4,12.4,7.8,30.1,0.0,0.0,0.0,10.7,135.0,105.0,0.8,e7597fe8-23c6-43d0-bae1-6068dbe87e84,ORL,MIL,Home,112,97,1
Moritz Wagner,1,21.3,7,9,0.778,1,1,1.0,4,5,0.8,3,1,4,1,1,0,1,2,19,11.0,0.848,0.833,0.111,0.556,14.7,6.8,11.4,11.1,2.3,0.0,8.2,24.5,159.0,100.0,15.2,e7597fe8-23c6-43d0-bae1-6068dbe87e84,ORL,MIL,Home,112,97,1
Jonathan Isaac,1,17.316666666666666,3,10,0.3,2,4,0.5,2,2,1.0,3,2,5,0,2,2,0,4,10,9.0,0.46,0.4,0.4,0.2,18.1,16.8,17.5,0.0,5.7,11.5,0.0,26.8,117.0,81.0,4.1,e7597fe8-23c6-43d0-bae1-6068dbe87e84,ORL,MIL,Home,112,97,1
Cole Anthony,1,14.05,0,3,0.0,0,1,0.0,4,4,1.0,0,2,2,3,1,0,3,2,4,14.0,0.42,0.0,0.333,1.333,0.0,20.7,8.6,28.5,3.5,0.0,38.7,23.6,74.0,95.0,-7.0,e7597fe8-23c6-43d0-bae1-6068dbe87e84,ORL,MIL,Home,112,97,1
Markelle Fultz,0,0.0,0,0,0.0,0,0,0.0,0,0,0.0,0,0,0,0,0,0,0,0,0,0.0,0.0,0.0,0.0,0.0,0.0,0.0,0.0,0.0,0.0,0.0,0.0,0.0,0.0,0.0,0.0,e7597fe8-23c6-43d0-bae1-6068dbe87e84,ORL,MIL,Home,112,97,1
Caleb Houstan,0,0.0,0,0,0.0,0,0,0.0,0,0,0.0,0,0,0,0,0,0,0,0,0,0.0,0.0,0.0,0.0,0.0,0.0,0.0,0.0,0.0,0.0,0.0,0.0,0.0,0.0,0.0,0.0,e7597fe8-23c6-43d0-bae1-6068dbe87e84,ORL,MIL,Home,112,97,1
Jett Howard,0,0.0,0,0,0.0,0,0,0.0,0,0,0.0,0,0,0,0,0,0,0,0,0,0.0,0.0,0.0,0.0,0.0,0.0,0.0,0.0,0.0,0.0,0.0,0.0,0.0,0.0,0.0,0.0,e7597fe8-23c6-43d0-bae1-6068dbe87e84,ORL,MIL,Home,112,97,1
Chuma Okeke,0,0.0,0,0,0.0,0,0,0.0,0,0,0.0,0,0,0,0,0,0,0,0,0,0.0,0.0,0.0,0.0,0.0,0.0,0.0,0.0,0.0,0.0,0.0,0.0,0.0,0.0,0.0,0.0,e7597fe8-23c6-43d0-bae1-6068dbe87e84,ORL,MIL,Home,112,97,1
Franz Wagner,1,35.86666666666667,8,16,0.5,3,8,0.375,2,3,0.667,3,5,8,5,0,0,0,2,21,-8.0,0.606,0.594,0.5,0.188,10.0,16.3,13.2,26.5,0.0,0.0,0.0,22.0,140.0,136.0,3.2,10d919b1-edf9-4569-b1a8-73dfa937295b,ORL,BRK,Away,104,124,0
Paolo Banchero,1,35.35,6,15,0.4,4,7,0.571,3,6,0.5,0,6,6,3,2,1,2,0,19,-16.0,0.539,0.533,0.467,0.4,0.0,19.9,10.1,14.6,2.9,3.0,10.2,25.3,103.0,127.0,0.7,10d919b1-edf9-4569-b1a8-73dfa937295b,ORL,BRK,Away,104,124,0
Jalen Suggs,1,32.03333333333333,4,13,0.308,2,7,0.286,0,0,0.0,0,2,2,2,2,1,3,2,10,-27.0,0.385,0.385,0.538,0.0,0.0,7.3,3.7,10.0,3.2,3.3,18.8,22.8,69.0,129.0,-10.9,10d919b1-edf9-4569-b1a8-73dfa937295b,ORL,BRK,Away,104,124,0
Goga Bitadze,1,24.4,6,7,0.857,0,1,0.0,2,2,1.0,1,2,3,1,2,0,0,4,14,-14.0,0.888,0.857,0.143,0.286,4.9,9.6,7.3,8.1,4.2,0.0,0.0,14.7,184.0,127.0,5.0,10d919b1-edf9-4569-b1a8-73dfa937295b,ORL,BRK,Away,104,124,0
Anthony Black,1,19.133333333333333,1,4,0.25,0,3,0.0,0,0,0.0,0,0,0,1,0,0,1,2,2,-4.0,0.25,0.25,0.75,0.0,0.0,0.0,0.0,7.5,0.0,0.0,20.0,11.9,54.0,140.0,-17.5,10d919b1-edf9-4569-b1a8-73dfa937295b,ORL,BRK,Away,104,124,0
Cole Anthony,1,27.9,2,10,0.2,2,8,0.25,4,4,1.0,3,3,6,2,0,0,4,0,10,1.0,0.425,0.3,0.8,0.4,12.9,12.6,12.7,10.6,0.0,0.0,25.4,25.8,83.0,138.0,-12.9,10d919b1-edf9-4569-b1a8-73dfa937295b,ORL,BRK,Away,104,124,0
Moritz Wagner,1,21.316666666666666,3,4,0.75,0,0,0.0,5,6,0.833,1,5,6,4,0,0,1,3,11,-7.0,0.828,0.75,0.0,1.5,5.6,27.5,16.7,30.8,0.0,0.0,13.1,16.3,164.0,132.0,4.4,10d919b1-edf9-4569-b1a8-73dfa937295b,ORL,BRK,Away,104,124,0
Joe Ingles,1,20.85,4,4,1.0,3,3,1.0,0,0,0.0,1,2,3,4,1,1,1,1,11,-10.0,1.375,1.375,0.75,0.0,5.8,11.2,8.5,34.4,2.4,5.0,20.0,10.9,205.0,129.0,17.0,10d919b1-edf9-4569-b1a8-73dfa937295b,ORL,BRK,Away,104,124,0
Jonathan Isaac,1,12.166666666666666,1,4,0.25,1,4,0.25,0,0,0.0,0,3,3,1,2,1,2,1,3,2.0,0.375,0.375,1.0,0.0,0.0,28.9,14.6,12.3,8.4,8.6,33.3,22.5,58.0,108.0,-3.8,10d919b1-edf9-4569-b1a8-73dfa937295b,ORL,BRK,Away,104,124,0
Caleb Houstan,1,4.516666666666667,1,1,1.0,1,1,1.0,0,0,0.0,0,0,0,0,0,0,0,1,3,-8.0,1.5,1.5,1.0,0.0,0.0,0.0,0.0,0.0,0.0,0.0,0.0,10.1,300.0,139.0,9.6,10d919b1-edf9-4569-b1a8-73dfa937295b,ORL,BRK,Away,104,124,0
Jett Howard,1,4.366666666666666,0,4,0.0,0,4,0.0,0,0,0.0,0,0,0,0,0,0,0,0,0,-4.0,0.0,0.0,1.0,0.0,0.0,0.0,0.0,0.0,0.0,0.0,0.0,41.8,0.0,141.0,-50.3,10d919b1-edf9-4569-b1a8-73dfa937295b,ORL,BRK,Away,104,124,0
Chuma Okeke,1,2.0833333333333335,0,0,0.0,0,0,0.0,0,0,0.0,0,0,0,0,0,0,0,0,0,-5.0,0.0,0.0,0.0,0.0,0.0,0.0,0.0,0.0,0.0,0.0,0.0,0.0,0.0,141.0,-9.1,10d919b1-edf9-4569-b1a8-73dfa937295b,ORL,BRK,Away,104,124,0
Paolo Banchero,1,32.666666666666664,4,12,0.333,2,4,0.5,7,10,0.7,1,8,9,3,1,0,1,0,17,-8.0,0.518,0.417,0.333,0.833,2.9,24.5,13.4,16.9,1.5,0.0,5.7,23.6,111.0,98.0,4.6,13e6b583-062d-4337-b88f-20af3d083d49,ORL,CHI,Away,96,94,1
Franz Wagner,1,30.516666666666666,5,16,0.313,0,4,0.0,3,3,1.0,0,2,2,3,0,0,1,0,13,1.0,0.375,0.313,0.25,0.188,0.0,6.6,3.2,19.6,0.0,0.0,5.5,26.6,83.0,109.0,-6.8,13e6b583-062d-4337-b88f-20af3d083d49,ORL,CHI,Away,96,94,1
Anthony Black,1,26.65,3,8,0.375,0,2,0.0,1,2,0.5,2,2,4,2,0,0,2,3,7,-2.0,0.394,0.375,0.25,0.25,7.1,7.5,7.3,13.5,0.0,0.0,18.4,18.1,81.0,108.0,-8.9,13e6b583-062d-4337-b88f-20af3d083d49,ORL,CHI,Away,96,94,1
Jalen Suggs,1,26.533333333333335,2,8,0.25,2,7,0.286,4,4,1.0,0,2,2,5,3,0,4,4,10,-2.0,0.512,0.375,0.875,0.5,0.0,7.5,3.7,31.9,5.7,0.0,29.1,23.0,87.0,95.0,0.8,13e6b583-062d-4337-b88f-20af3d083d49,ORL,CHI,Away,96,94,1
Goga Bitadze,1,26.166666666666668,6,10,0.6,0,0,0.0,3,4,0.75,6,5,11,2,2,1,0,5,15,6.0,0.638,0.6,0.0,0.4,21.6,19.1,20.4,17.5,3.9,3.7,0.0,19.9,148.0,93.0,10.6,13e6b583-062d-4337-b88f-20af3d083d49,ORL,CHI,Away,96,94,1
Cole Anthony,1,21.783333333333335,6,11,0.545,2,3,0.667,2,2,1.0,1,4,5,3,1,0,3,5,16,4.0,0.673,0.636,0.273,0.182,4.3,18.4,11.1,35.2,2.3,0.0,20.2,30.3,110.0,98.0,6.1,13e6b583-062d-4337-b88f-20af3d083d49,ORL,CHI,Away,96,94,1
Gary Harris,1,20.916666666666668,2,4,0.5,1,3,0.333,1,2,0.5,0,0,0,0,2,0,0,0,6,2.0,0.615,0.625,0.75,0.5,0.0,0.0,0.0,0.0,4.8,0.0,0.0,10.4,122.0,101.0,3.4,13e6b583-062d-4337-b88f-20af3d083d49,ORL,CHI,Away,96,94,1
Moritz Wagner,1,20.383333333333333,2,6,0.333,0,1,0.0,1,1,1.0,1,3,4,1,1,0,1,3,5,2.0,0.388,0.333,0.167,0.167,4.6,14.7,9.5,8.6,2.5,0.0,13.4,16.2,82.0,100.0,-7.4,13e6b583-062d-4337-b88f-20af3d083d49,ORL,CHI,Away,96,94,1
Joe Ingles,1,17.6,1,3,0.333,1,3,0.333,0,0,0.0,0,2,2,1,0,0,0,1,3,3.0,0.5,0.5,1.0,0.0,0.0,11.4,5.5,9.3,0.0,0.0,0.0,7.6,112.0,107.0,-5.0,13e6b583-062d-4337-b88f-20af3d083d49,ORL,CHI,Away,96,94,1
Jonathan Isaac,1,16.783333333333335,1,4,0.25,0,1,0.0,2,2,1.0,1,6,7,0,2,2,1,0,4,4.0,0.41,0.25,0.25,0.5,5.6,35.7,20.2,0.0,6.0,11.4,17.0,15.5,81.0,77.0,3.6,13e6b583-062d-4337-b88f-20af3d083d49,ORL,CHI,Away,96,94,1
Caleb Houstan,0,0.0,0,0,0.0,0,0,0.0,0,0,0.0,0,0,0,0,0,0,0,0,0,0.0,0.0,0.0,0.0,0.0,0.0,0.0,0.0,0.0,0.0,0.0,0.0,0.0,0.0,0.0,0.0,13e6b583-062d-4337-b88f-20af3d083d49,ORL,CHI,Away,96,94,1
Jett Howard,0,0.0,0,0,0.0,0,0,0.0,0,0,0.0,0,0,0,0,0,0,0,0,0,0.0,0.0,0.0,0.0,0.0,0.0,0.0,0.0,0.0,0.0,0.0,0.0,0.0,0.0,0.0,0.0,13e6b583-062d-4337-b88f-20af3d083d49,ORL,CHI,Away,96,94,1
Chuma Okeke,0,0.0,0,0,0.0,0,0,0.0,0,0,0.0,0,0,0,0,0,0,0,0,0,0.0,0.0,0.0,0.0,0.0,0.0,0.0,0.0,0.0,0.0,0.0,0.0,0.0,0.0,0.0,0.0,13e6b583-062d-4337-b88f-20af3d083d49,ORL,CHI,Away,96,94,1
Admiral Schofield,0,0.0,0,0,0.0,0,0,0.0,0,0,0.0,0,0,0,0,0,0,0,0,0,0.0,0.0,0.0,0.0,0.0,0.0,0.0,0.0,0.0,0.0,0.0,0.0,0.0,0.0,0.0,0.0,13e6b583-062d-4337-b88f-20af3d083d49,ORL,CHI,Away,96,94,1
Franz Wagner,1,35.36666666666667,9,18,0.5,2,8,0.25,1,2,0.5,0,4,4,2,2,0,2,2,21,-6.0,0.556,0.556,0.444,0.111,0.0,13.2,6.8,10.5,2.8,0.0,9.6,26.7,104.0,101.0,0.6,d6fc2f52-7c96-4df1-a0b4-72a229208e0c,ORL,CHI,Away,103,97,1
Paolo Banchero,1,31.7,6,14,0.429,0,1,0.0,1,4,0.25,3,5,8,4,0,1,7,3,13,0.0,0.412,0.429,0.071,0.286,11.6,18.5,15.1,20.9,0.0,3.0,30.8,32.5,72.0,104.0,-12.2,d6fc2f52-7c96-4df1-a0b4-72a229208e0c,ORL,CHI,Away,103,97,1
Gary Harris,1,28.683333333333334,5,10,0.5,3,7,0.429,2,2,1.0,2,4,6,2,1,2,0,3,15,5.0,0.689,0.65,0.7,0.2,8.6,16.3,12.6,11.3,1.7,6.7,0.0,17.2,151.0,97.0,11.5,d6fc2f52-7c96-4df1-a0b4-72a229208e0c,ORL,CHI,Away,103,97,1
Goga Bitadze,1,21.316666666666666,0,1,0.0,0,0,0.0,2,4,0.5,0,4,4,0,1,2,1,4,2,2.0,0.362,0.0,0.0,4.0,0.0,22.0,11.3,0.0,2.3,9.0,26.6,8.0,58.0,93.0,-6.2,d6fc2f52-7c96-4df1-a0b4-72a229208e0c,ORL,CHI,Away,103,97,1
Anthony Black,1,11.4,1,2,0.5,0,0,0.0,0,1,0.0,0,0,0,0,0,0,3,0,2,-4.0,0.41,0.5,0.0,0.5,0.0,0.0,0.0,0.0,0.0,0.0,55.1,21.6,31.0,109.0,-20.2,d6fc2f52-7c96-4df1-a0b4-72a229208e0c,ORL,CHI,Away,103,97,1
Cole Anthony,1,36.733333333333334,3,12,0.25,1,5,0.2,4,4,1.0,2,6,8,7,1,0,2,4,11,7.0,0.4,0.292,0.417,0.333,6.7,19.1,13.1,26.8,1.4,0.0,12.7,19.4,103.0,103.0,-2.2,d6fc2f52-7c96-4df1-a0b4-72a229208e0c,ORL,CHI,Away,103,97,1
Joe Ingles,1,25.533333333333335,3,8,0.375,2,7,0.286,0,0,0.0,0,1,1,5,1,0,1,1,8,16.0,0.5,0.5,0.875,0.0,0.0,4.6,2.3,29.0,2.0,0.0,11.1,15.9,113.0,104.0,1.3,d6fc2f52-7c96-4df1-a0b4-72a229208e0c,ORL,CHI,Away,103,97,1
Moritz Wagner,1,23.466666666666665,4,5,0.8,0,1,0.0,2,2,1.0,0,4,4,3,0,1,0,3,10,0.0,0.85,0.8,0.2,0.4,0.0,20.0,10.2,20.6,0.0,4.1,0.0,11.3,183.0,102.0,7.2,d6fc2f52-7c96-4df1-a0b4-72a229208e0c,ORL,CHI,Away,103,97,1
Jonathan Isaac,1,19.516666666666666,6,8,0.75,2,4,0.5,4,4,1.0,3,6,9,1,1,1,1,2,18,10.0,0.922,0.875,0.5,0.5,18.9,36.0,27.7,10.6,2.6,4.9,9.3,24.9,169.0,94.0,21.3,d6fc2f52-7c96-4df1-a0b4-72a229208e0c,ORL,CHI,Away,103,97,1
Caleb Houstan,1,6.25,1,1,1.0,1,1,1.0,0,0,0.0,0,2,2,0,0,0,0,0,3,0.0,1.5,1.5,1.0,0.0,0.0,37.5,19.2,0.0,0.0,0.0,0.0,7.2,300.0,104.0,13.6,d6fc2f52-7c96-4df1-a0b4-72a229208e0c,ORL,CHI,Away,103,97,1
Jett Howard,0,0.0,0,0,0.0,0,0,0.0,0,0,0.0,0,0,0,0,0,0,0,0,0,0.0,0.0,0.0,0.0,0.0,0.0,0.0,0.0,0.0,0.0,0.0,0.0,0.0,0.0,0.0,0.0,d6fc2f52-7c96-4df1-a0b4-72a229208e0c,ORL,CHI,Away,103,97,1
Chuma Okeke,0,0.0,0,0,0.0,0,0,0.0,0,0,0.0,0,0,0,0,0,0,0,0,0,0.0,0.0,0.0,0.0,0.0,0.0,0.0,0.0,0.0,0.0,0.0,0.0,0.0,0.0,0.0,0.0,d6fc2f52-7c96-4df1-a0b4-72a229208e0c,ORL,CHI,Away,103,97,1
Admiral Schofield,0,0.0,0,0,0.0,0,0,0.0,0,0,0.0,0,0,0,0,0,0,0,0,0,0.0,0.0,0.0,0.0,0.0,0.0,0.0,0.0,0.0,0.0,0.0,0.0,0.0,0.0,0.0,0.0,d6fc2f52-7c96-4df1-a0b4-72a229208e0c,ORL,CHI,Away,103,97,1
Jalen Suggs,1,0.0,0,0,0.0,0,0,0.0,0,0,0.0,0,0,0,0,0,0,0,0,0,0.0,0.0,0.0,0.0,0.0,0.0,0.0,0.0,0.0,0.0,0.0,0.0,0.0,0.0,0.0,0.0,d6fc2f52-7c96-4df1-a0b4-72a229208e0c,ORL,CHI,Away,103,97,1
Paolo Banchero,1,26.666666666666668,9,14,0.643,0,0,0.0,6,7,0.857,1,2,3,0,1,2,1,1,24,28.0,0.703,0.643,0.0,0.5,4.9,8.0,6.6,0.0,1.7,5.6,5.5,27.0,137.0,108.0,7.5,712fd191-4b4d-4c5c-8699-2b56edcd7a44,ORL,IND,Away,128,116,1
Anthony Black,1,24.266666666666666,1,5,0.2,0,2,0.0,5,6,0.833,0,5,5,1,0,2,2,5,7,-6.0,0.458,0.2,0.4,1.2,0.0,22.0,12.1,4.8,0.0,6.2,20.7,15.8,83.0,107.0,-7.6,712fd191-4b4d-4c5c-8699-2b56edcd7a44,ORL,IND,Away,128,116,1
Goga Bitadze,1,22.383333333333333,3,5,0.6,0,0,0.0,2,2,1.0,1,7,8,2,0,4,0,2,8,21.0,0.68,0.6,0.0,0.4,5.8,33.4,20.9,11.7,0.0,13.4,0.0,10.5,155.0,99.0,8.1,712fd191-4b4d-4c5c-8699-2b56edcd7a44,ORL,IND,Away,128,116,1
Franz Wagner,1,22.35,6,14,0.429,0,2,0.0,7,7,1.0,1,6,7,1,2,0,0,2,19,26.0,0.556,0.429,0.143,0.5,5.8,28.6,18.3,7.1,3.9,0.0,0.0,30.4,125.0,101.0,4.1,712fd191-4b4d-4c5c-8699-2b56edcd7a44,ORL,IND,Away,128,116,1
Jalen Suggs,1,17.583333333333332,6,8,0.75,1,2,0.5,5,6,0.833,1,2,3,1,1,0,0,1,18,20.0,0.846,0.813,0.25,0.75,7.4,12.1,10.0,10.3,2.5,0.0,0.0,24.1,176.0,108.0,15.6,712fd191-4b4d-4c5c-8699-2b56edcd7a44,ORL,IND,Away,128,116,1
Cole Anthony,1,24.883333333333333,5,12,0.417,1,3,0.333,4,4,1.0,0,5,5,3,0,1,4,4,15,11.0,0.545,0.458,0.25,0.333,0.0,21.4,11.8,17.3,0.0,3.0,22.5,28.4,93.0,109.0,-6.5,712fd191-4b4d-4c5c-8699-2b56edcd7a44,ORL,IND,Away,128,116,1
Gary Harris,1,21.983333333333334,4,6,0.667,3,3,1.0,2,2,1.0,0,0,0,2,2,0,0,1,13,10.0,0.945,0.917,0.5,0.333,0.0,0.0,0.0,12.7,4.0,0.0,0.0,12.5,192.0,108.0,13.4,712fd191-4b4d-4c5c-8699-2b56edcd7a44,ORL,IND,Away,128,116,1
Moritz Wagner,1,20.533333333333335,6,10,0.6,1,1,1.0,3,4,0.75,3,0,3,2,0,0,1,3,16,3.0,0.68,0.65,0.1,0.4,19.0,0.0,8.6,16.1,0.0,0.0,7.8,24.8,139.0,117.0,3.2,712fd191-4b4d-4c5c-8699-2b56edcd7a44,ORL,IND,Away,128,116,1
Joe Ingles,1,17.783333333333335,0,2,0.0,0,2,0.0,0,0,0.0,0,4,4,6,3,0,2,1,0,4.0,0.0,0.0,1.0,0.0,0.0,24.0,13.2,37.7,7.4,0.0,50.0,9.0,66.0,95.0,3.1,712fd191-4b4d-4c5c-8699-2b56edcd7a44,ORL,IND,Away,128,116,1
Jonathan Isaac,1,13.583333333333334,2,5,0.4,0,0,0.0,1,2,0.5,1,2,3,0,1,1,0,1,5,-1.0,0.425,0.4,0.0,0.4,9.6,15.7,12.9,0.0,3.2,5.5,0.0,17.2,100.0,102.0,-2.9,712fd191-4b4d-4c5c-8699-2b56edcd7a44,ORL,IND,Away,128,116,1
Caleb Houstan,1,8.433333333333334,0,1,0.0,0,1,0.0,0,0,0.0,0,0,0,2,0,0,2,1,0,-18.0,0.0,0.0,1.0,0.0,0.0,0.0,0.0,26.5,0.0,0.0,66.7,14.2,34.0,117.0,-13.9,712fd191-4b4d-4c5c-8699-2b56edcd7a44,ORL,IND,Away,128,116,1
Chuma Okeke,1,7.75,1,2,0.5,1,1,1.0,0,0,0.0,0,1,1,0,0,0,0,0,3,-15.0,0.75,0.75,0.5,0.0,0.0,13.8,7.6,0.0,0.0,0.0,0.0,10.3,148.0,113.0,2.6,712fd191-4b4d-4c5c-8699-2b56edcd7a44,ORL,IND,Away,128,116,1
Jett Howard,1,6.716666666666667,0,2,0.0,0,2,0.0,0,0,0.0,0,0,0,1,0,0,2,0,0,-11.0,0.0,0.0,1.0,0.0,0.0,0.0,0.0,16.6,0.0,0.0,50.0,23.7,15.0,117.0,-25.0,712fd191-4b4d-4c5c-8699-2b56edcd7a44,ORL,IND,Away,128,116,1
Admiral Schofield,1,5.083333333333333,0,1,0.0,0,1,0.0,0,2,0.0,0,0,0,0,0,0,1,1,0,-12.0,0.0,0.0,1.0,2.0,0.0,0.0,0.0,0.0,0.0,0.0,34.7,22.6,0.0,116.0,-31.8,712fd191-4b4d-4c5c-8699-2b56edcd7a44,ORL,IND,Away,128,116,1
Paolo Banchero,1,31.75,10,20,0.5,2,3,0.667,3,3,1.0,1,4,5,3,0,1,3,2,25,14.0,0.586,0.55,0.15,0.15,3.1,20.2,9.7,13.0,0.0,3.2,12.3,30.4,112.0,111.0,-1.3,6550f441-b90e-4122-97d4-4938c9406817,ORL,TOR,Home,126,107,1
Franz Wagner,1,31.316666666666666,8,18,0.444,1,4,0.25,0,1,0.0,2,2,4,2,3,0,0,2,17,17.0,0.461,0.472,0.222,0.056,6.4,10.2,7.9,8.1,4.5,0.0,0.0,23.4,109.0,104.0,-1.7,6550f441-b90e-4122-97d4-4938c9406817,ORL,TOR,Home,126,107,1
Goga Bitadze,1,30.966666666666665,2,6,0.333,0,0,0.0,1,4,0.25,3,4,7,6,2,5,1,1,5,9.0,0.322,0.333,0.0,0.667,9.7,20.7,13.9,19.8,3.0,16.5,11.4,11.2,105.0,94.0,4.8,6550f441-b90e-4122-97d4-4938c9406817,ORL,TOR,Home,126,107,1
Anthony Black,1,23.433333333333334,2,7,0.286,0,3,0.0,1,2,0.5,2,3,5,1,1,0,0,3,5,7.0,0.317,0.286,0.429,0.286,8.5,20.5,13.1,4.5,2.0,0.0,0.0,13.4,94.0,109.0,-9.7,6550f441-b90e-4122-97d4-4938c9406817,ORL,TOR,Home,126,107,1
Jalen Suggs,1,20.7,6,10,0.6,2,4,0.5,4,4,1.0,1,2,3,4,2,0,2,3,18,5.0,0.765,0.7,0.4,0.4,4.8,15.5,8.9,25.7,4.6,0.0,14.5,26.4,142.0,103.0,11.9,6550f441-b90e-4122-97d4-4938c9406817,ORL,TOR,Home,126,107,1
Cole Anthony,1,29.083333333333332,5,10,0.5,2,4,0.5,3,3,1.0,2,3,5,10,0,0,2,3,15,8.0,0.663,0.6,0.4,0.3,6.9,16.5,10.6,39.5,0.0,0.0,15.0,18.2,143.0,114.0,6.6,6550f441-b90e-4122-97d4-4938c9406817,ORL,TOR,Home,126,107,1
Gary Harris,1,22.783333333333335,4,7,0.571,2,5,0.4,0,0,0.0,0,1,1,1,1,0,0,3,10,18.0,0.714,0.714,0.714,0.0,0.0,7.0,2.7,5.1,2.1,0.0,0.0,12.2,149.0,110.0,-0.4,6550f441-b90e-4122-97d4-4938c9406817,ORL,TOR,Home,126,107,1
Moritz Wagner,1,15.483333333333333,5,9,0.556,0,0,0.0,0,0,0.0,2,2,4,2,1,0,1,0,10,8.0,0.556,0.556,0.0,0.0,12.9,20.7,15.9,18.0,3.0,0.0,10.0,25.7,117.0,107.0,2.6,6550f441-b90e-4122-97d4-4938c9406817,ORL,TOR,Home,126,107,1
Joe Ingles,1,12.85,2,3,0.667,1,2,0.5,1,1,1.0,1,1,2,1,0,0,1,2,6,6.0,0.872,0.833,0.667,0.333,7.8,12.5,9.6,8.8,0.0,0.0,22.5,13.7,140.0,114.0,-2.2,6550f441-b90e-4122-97d4-4938c9406817,ORL,TOR,Home,126,107,1
Jonathan Isaac,1,12.416666666666666,4,6,0.667,0,2,0.0,1,2,0.5,1,2,3,0,1,2,2,0,9,9.0,0.654,0.667,0.333,0.333,8.1,25.8,14.9,0.0,3.8,16.5,22.5,28.4,98.0,92.0,1.9,6550f441-b90e-4122-97d4-4938c9406817,ORL,TOR,Home,126,107,1
Chuma Okeke,1,3.8333333333333335,2,3,0.667,2,3,0.667,0,0,0.0,0,0,0,0,0,0,0,0,6,-4.0,1.0,1.0,1.0,0.0,0.0,0.0,0.0,0.0,0.0,0.0,0.0,31.1,175.0,116.0,31.7,6550f441-b90e-4122-97d4-4938c9406817,ORL,TOR,Home,126,107,1
Caleb Houstan,1,3.8333333333333335,0,1,0.0,0,1,0.0,0,0,0.0,0,1,1,1,1,0,0,0,0,-4.0,0.0,0.0,1.0,0.0,0.0,41.7,16.1,25.0,12.3,0.0,0.0,10.4,63.0,82.0,6.8,6550f441-b90e-4122-97d4-4938c9406817,ORL,TOR,Home,126,107,1
Admiral Schofield,1,1.55,0,0,0.0,0,0,0.0,0,0,0.0,0,0,0,0,0,0,0,0,0,2.0,0.0,0.0,0.0,0.0,0.0,0.0,0.0,0.0,0.0,0.0,0.0,0.0,0.0,116.0,-8.7,6550f441-b90e-4122-97d4-4938c9406817,ORL,TOR,Home,126,107,1
Paolo Banchero,1,34.7,8,14,0.571,4,5,0.8,3,5,0.6,1,2,3,4,1,3,3,1,23,-4.0,0.71,0.714,0.357,0.357,3.8,5.9,5.0,16.8,1.5,7.2,15.6,25.0,126.0,130.0,7.0,221c0f99-a553-4480-a815-6aaee88831a3,ORL,DEN,Home,124,119,1
Goga Bitadze,1,31.6,2,5,0.4,0,0,0.0,2,2,1.0,3,9,12,2,0,1,1,2,6,2.0,0.51,0.4,0.0,0.4,12.7,29.1,22.0,7.4,0.0,2.6,14.5,9.8,126.0,126.0,-4.2,221c0f99-a553-4480-a815-6aaee88831a3,ORL,DEN,Home,124,119,1
Franz Wagner,1,31.183333333333334,11,18,0.611,1,4,0.25,4,4,1.0,1,2,3,4,1,2,1,1,27,-4.0,0.683,0.639,0.222,0.222,4.3,6.6,5.6,22.7,1.7,5.3,4.8,30.1,143.0,131.0,8.8,221c0f99-a553-4480-a815-6aaee88831a3,ORL,DEN,Home,124,119,1
Jalen Suggs,1,28.5,4,8,0.5,0,3,0.0,2,2,1.0,0,4,4,4,1,0,2,5,10,3.0,0.563,0.5,0.375,0.25,0.0,14.3,8.1,18.1,1.8,0.0,18.4,17.3,110.0,129.0,-7.6,221c0f99-a553-4480-a815-6aaee88831a3,ORL,DEN,Home,124,119,1
Anthony Black,1,15.45,0,1,0.0,0,0,0.0,0,0,0.0,0,1,1,1,0,0,3,2,0,4.0,0.0,0.0,0.0,0.0,0.0,6.6,3.7,7.1,0.0,0.0,75.0,11.7,16.0,137.0,-20.5,221c0f99-a553-4480-a815-6aaee88831a3,ORL,DEN,Home,124,119,1
Cole Anthony,1,28.833333333333332,6,11,0.545,1,4,0.25,7,8,0.875,3,2,5,0,0,0,0,3,20,2.0,0.689,0.591,0.364,0.727,13.9,7.1,10.0,0.0,0.0,0.0,0.0,22.8,156.0,137.0,-1.5,221c0f99-a553-4480-a815-6aaee88831a3,ORL,DEN,Home,124,119,1
Gary Harris,1,23.2,1,7,0.143,1,6,0.167,2,2,1.0,0,3,3,3,3,0,0,2,5,1.0,0.317,0.214,0.857,0.286,0.0,13.2,7.5,14.8,6.7,0.0,0.0,15.4,98.0,119.0,-2.9,221c0f99-a553-4480-a815-6aaee88831a3,ORL,DEN,Home,124,119,1
Joe Ingles,1,16.816666666666666,4,4,1.0,2,2,1.0,2,2,1.0,0,1,1,7,1,0,0,3,12,9.0,1.23,1.25,0.5,0.5,0.0,6.1,3.4,61.3,3.1,0.0,0.0,13.1,240.0,130.0,25.4,221c0f99-a553-4480-a815-6aaee88831a3,ORL,DEN,Home,124,119,1
Moritz Wagner,1,15.283333333333333,4,7,0.571,1,3,0.333,3,4,0.75,1,2,3,1,1,0,1,1,12,6.0,0.685,0.643,0.429,0.571,8.7,13.4,11.4,10.0,3.4,0.0,10.2,28.9,133.0,126.0,3.7,221c0f99-a553-4480-a815-6aaee88831a3,ORL,DEN,Home,124,119,1
Jonathan Isaac,1,14.433333333333334,4,6,0.667,0,2,0.0,1,1,1.0,2,4,6,1,1,1,1,1,9,6.0,0.699,0.667,0.333,0.167,18.5,28.3,24.0,10.8,3.6,5.7,13.4,23.3,135.0,116.0,5.8,221c0f99-a553-4480-a815-6aaee88831a3,ORL,DEN,Home,124,119,1
Caleb Houstan,0,0.0,0,0,0.0,0,0,0.0,0,0,0.0,0,0,0,0,0,0,0,0,0,0.0,0.0,0.0,0.0,0.0,0.0,0.0,0.0,0.0,0.0,0.0,0.0,0.0,0.0,0.0,0.0,221c0f99-a553-4480-a815-6aaee88831a3,ORL,DEN,Home,124,119,1
Chuma Okeke,0,0.0,0,0,0.0,0,0,0.0,0,0,0.0,0,0,0,0,0,0,0,0,0,0.0,0.0,0.0,0.0,0.0,0.0,0.0,0.0,0.0,0.0,0.0,0.0,0.0,0.0,0.0,0.0,221c0f99-a553-4480-a815-6aaee88831a3,ORL,DEN,Home,124,119,1
Admiral Schofield,0,0.0,0,0,0.0,0,0,0.0,0,0,0.0,0,0,0,0,0,0,0,0,0,0.0,0.0,0.0,0.0,0.0,0.0,0.0,0.0,0.0,0.0,0.0,0.0,0.0,0.0,0.0,0.0,221c0f99-a553-4480-a815-6aaee88831a3,ORL,DEN,Home,124,119,1
Franz Wagner,1,34.93333333333333,8,17,0.471,1,6,0.167,0,0,0.0,0,8,8,6,0,1,3,2,17,10.0,0.5,0.5,0.353,0.0,0.0,28.2,13.9,25.8,0.0,2.9,15.0,24.4,104.0,97.0,2.8,98d9c170-d280-45da-976d-b4c96bd3cbab,ORL,BOS,Home,113,96,1
Paolo Banchero,1,34.53333333333333,10,16,0.625,2,6,0.333,1,2,0.5,1,6,7,5,0,0,3,4,23,7.0,0.681,0.688,0.375,0.125,3.5,21.4,12.3,23.9,0.0,0.0,15.1,24.5,126.0,100.0,7.7,98d9c170-d280-45da-976d-b4c96bd3cbab,ORL,BOS,Home,113,96,1
Jalen Suggs,1,28.216666666666665,3,8,0.375,3,4,0.75,1,2,0.5,0,4,4,1,1,0,3,2,10,0.0,0.563,0.563,0.5,0.25,0.0,17.4,8.6,4.5,1.7,0.0,25.3,17.9,88.0,97.0,-0.9,98d9c170-d280-45da-976d-b4c96bd3cbab,ORL,BOS,Home,113,96,1
Goga Bitadze,1,18.7,3,5,0.6,0,0,0.0,0,0,0.0,2,3,5,3,1,1,0,5,6,-1.0,0.6,0.6,0.0,0.0,12.8,19.7,16.2,21.8,2.6,5.5,0.0,11.4,155.0,90.0,10.4,98d9c170-d280-45da-976d-b4c96bd3cbab,ORL,BOS,Home,113,96,1
Anthony Black,1,6.233333333333333,0,1,0.0,0,0,0.0,0,0,0.0,0,1,1,0,0,0,1,1,0,-6.0,0.0,0.0,0.0,0.0,0.0,19.7,9.7,0.0,0.0,0.0,50.0,13.7,0.0,100.0,-17.6,98d9c170-d280-45da-976d-b4c96bd3cbab,ORL,BOS,Home,113,96,1
Cole Anthony,1,28.516666666666666,6,17,0.353,2,4,0.5,2,4,0.5,1,2,3,6,2,1,3,4,16,17.0,0.426,0.412,0.235,0.235,4.2,8.6,6.4,30.7,3.4,3.6,13.8,32.5,97.0,92.0,3.1,98d9c170-d280-45da-976d-b4c96bd3cbab,ORL,BOS,Home,113,96,1
Moritz Wagner,1,23.75,9,13,0.692,1,3,0.333,8,9,0.889,2,1,3,0,0,0,1,5,27,15.0,0.796,0.731,0.231,0.692,10.1,5.2,7.7,0.0,0.0,0.0,5.6,32.2,158.0,102.0,13.0,98d9c170-d280-45da-976d-b4c96bd3cbab,ORL,BOS,Home,113,96,1
Joe Ingles,1,21.05,2,3,0.667,1,1,1.0,0,0,0.0,1,4,5,2,0,0,2,1,5,2.0,0.833,0.833,0.333,0.0,5.7,23.4,14.4,11.9,0.0,0.0,40.0,10.1,111.0,100.0,1.8,98d9c170-d280-45da-976d-b4c96bd3cbab,ORL,BOS,Home,113,96,1
Gary Harris,1,19.416666666666668,1,3,0.333,1,3,0.333,1,1,1.0,2,1,3,0,0,0,2,1,4,9.0,0.581,0.5,1.0,0.333,12.4,6.3,9.4,0.0,0.0,0.0,36.8,11.9,91.0,102.0,-2.6,98d9c170-d280-45da-976d-b4c96bd3cbab,ORL,BOS,Home,113,96,1
Jonathan Isaac,1,15.866666666666667,1,2,0.5,0,1,0.0,3,4,0.75,3,4,7,0,0,0,0,3,5,17.0,0.665,0.5,0.5,2.0,22.7,31.0,26.8,0.0,0.0,0.0,0.0,10.1,165.0,99.0,2.1,98d9c170-d280-45da-976d-b4c96bd3cbab,ORL,BOS,Home,113,96,1
Caleb Houstan,1,8.766666666666667,0,0,0.0,0,0,0.0,0,0,0.0,1,1,2,0,1,0,0,0,0,15.0,0.0,0.0,0.0,0.0,13.7,14.0,13.9,0.0,5.6,0.0,0.0,0.0,221.0,90.0,9.1,98d9c170-d280-45da-976d-b4c96bd3cbab,ORL,BOS,Home,113,96,1
Jett Howard,0,0.0,0,0,0.0,0,0,0.0,0,0,0.0,0,0,0,0,0,0,0,0,0,0.0,0.0,0.0,0.0,0.0,0.0,0.0,0.0,0.0,0.0,0.0,0.0,0.0,0.0,0.0,0.0,98d9c170-d280-45da-976d-b4c96bd3cbab,ORL,BOS,Home,113,96,1
Chuma Okeke,0,0.0,0,0,0.0,0,0,0.0,0,0,0.0,0,0,0,0,0,0,0,0,0,0.0,0.0,0.0,0.0,0.0,0.0,0.0,0.0,0.0,0.0,0.0,0.0,0.0,0.0,0.0,0.0,98d9c170-d280-45da-976d-b4c96bd3cbab,ORL,BOS,Home,113,96,1
Admiral Schofield,0,0.0,0,0,0.0,0,0,0.0,0,0,0.0,0,0,0,0,0,0,0,0,0,0.0,0.0,0.0,0.0,0.0,0.0,0.0,0.0,0.0,0.0,0.0,0.0,0.0,0.0,0.0,0.0,98d9c170-d280-45da-976d-b4c96bd3cbab,ORL,BOS,Home,113,96,1
Paolo Banchero,1,37.083333333333336,9,18,0.5,2,5,0.4,3,6,0.5,0,7,7,8,2,0,2,2,23,8.0,0.557,0.556,0.278,0.333,0.0,21.6,11.3,29.3,2.4,0.0,8.8,25.4,113.0,110.0,2.5,af4ce8e8-e584-4dc0-abc5-7b4f89f6cb7d,ORL,CHO,Home,130,117,1
Franz Wagner,1,34.78333333333333,11,15,0.733,2,3,0.667,6,9,0.667,1,6,7,2,2,0,3,3,30,10.0,0.791,0.8,0.2,0.6,3.6,19.7,12.1,8.7,2.6,0.0,13.7,26.2,131.0,109.0,5.3,af4ce8e8-e584-4dc0-abc5-7b4f89f6cb7d,ORL,CHO,Home,130,117,1
Jalen Suggs,1,31.666666666666668,5,9,0.556,2,5,0.4,0,0,0.0,0,5,5,1,1,2,1,2,12,6.0,0.667,0.667,0.556,0.0,0.0,18.0,9.5,3.8,1.4,5.7,10.0,13.1,113.0,107.0,0.0,af4ce8e8-e584-4dc0-abc5-7b4f89f6cb7d,ORL,CHO,Home,130,117,1
Goga Bitadze,1,19.966666666666665,5,7,0.714,0,0,0.0,1,1,1.0,2,5,7,3,1,0,2,4,11,-1.0,0.739,0.714,0.0,0.143,12.7,28.6,21.0,20.6,2.3,0.0,21.2,19.6,127.0,109.0,2.5,af4ce8e8-e584-4dc0-abc5-7b4f89f6cb7d,ORL,CHO,Home,130,117,1
Anthony Black,1,15.433333333333334,1,4,0.25,0,1,0.0,0,0,0.0,0,0,0,3,0,0,0,3,2,-2.0,0.25,0.25,0.25,0.0,0.0,0.0,0.0,21.3,0.0,0.0,0.0,10.8,89.0,116.0,-9.8,af4ce8e8-e584-4dc0-abc5-7b4f89f6cb7d,ORL,CHO,Home,130,117,1
Cole Anthony,1,31.55,9,16,0.563,1,3,0.333,11,12,0.917,1,6,7,7,2,1,2,3,30,15.0,0.705,0.594,0.188,0.75,4.0,21.7,13.3,32.0,2.9,2.9,8.6,30.7,141.0,106.0,11.7,af4ce8e8-e584-4dc0-abc5-7b4f89f6cb7d,ORL,CHO,Home,130,117,1
Gary Harris,1,24.4,2,6,0.333,1,5,0.2,0,0,0.0,0,0,0,6,1,0,0,2,5,5.0,0.417,0.417,0.833,0.0,0.0,0.0,0.0,27.4,1.9,0.0,0.0,10.2,121.0,113.0,-0.7,af4ce8e8-e584-4dc0-abc5-7b4f89f6cb7d,ORL,CHO,Home,130,117,1
Moritz Wagner,1,17.833333333333332,4,7,0.571,1,2,0.5,2,2,1.0,2,5,7,2,0,0,2,3,11,7.0,0.698,0.643,0.286,0.286,14.2,32.0,23.6,14.9,0.0,0.0,20.2,23.0,121.0,114.0,-1.3,af4ce8e8-e584-4dc0-abc5-7b4f89f6cb7d,ORL,CHO,Home,130,117,1
Joe Ingles,1,15.2,0,3,0.0,0,1,0.0,0,0,0.0,0,2,2,1,1,0,2,2,0,0.0,0.0,0.0,0.333,0.0,0.0,15.0,7.9,6.7,3.0,0.0,40.0,13.7,14.0,109.0,-18.5,af4ce8e8-e584-4dc0-abc5-7b4f89f6cb7d,ORL,CHO,Home,130,117,1
Caleb Houstan,1,12.083333333333334,1,2,0.5,1,2,0.5,3,3,1.0,1,1,2,0,0,0,0,2,6,17.0,0.904,0.75,1.0,1.5,10.5,9.5,9.9,0.0,0.0,0.0,0.0,11.4,191.0,116.0,1.4,af4ce8e8-e584-4dc0-abc5-7b4f89f6cb7d,ORL,CHO,Home,130,117,1
Jonathan Isaac,0,0.0,0,0,0.0,0,0,0.0,0,0,0.0,0,0,0,0,0,0,0,0,0,0.0,0.0,0.0,0.0,0.0,0.0,0.0,0.0,0.0,0.0,0.0,0.0,0.0,0.0,0.0,0.0,af4ce8e8-e584-4dc0-abc5-7b4f89f6cb7d,ORL,CHO,Home,130,117,1
Chuma Okeke,0,0.0,0,0,0.0,0,0,0.0,0,0,0.0,0,0,0,0,0,0,0,0,0,0.0,0.0,0.0,0.0,0.0,0.0,0.0,0.0,0.0,0.0,0.0,0.0,0.0,0.0,0.0,0.0,af4ce8e8-e584-4dc0-abc5-7b4f89f6cb7d,ORL,CHO,Home,130,117,1
Admiral Schofield,0,0.0,0,0,0.0,0,0,0.0,0,0,0.0,0,0,0,0,0,0,0,0,0,0.0,0.0,0.0,0.0,0.0,0.0,0.0,0.0,0.0,0.0,0.0,0.0,0.0,0.0,0.0,0.0,af4ce8e8-e584-4dc0-abc5-7b4f89f6cb7d,ORL,CHO,Home,130,117,1
Franz Wagner,1,30.8,11,14,0.786,4,6,0.667,5,6,0.833,3,3,6,3,0,1,2,1,31,9.0,0.931,0.929,0.429,0.429,15.1,11.1,12.8,13.8,0.0,2.7,10.7,25.8,168.0,120.0,12.1,1d0bdaaf-25ed-4c51-8f23-237c9b82a430,ORL,WAS,Home,139,120,1
Jalen Suggs,1,28.683333333333334,9,15,0.6,3,6,0.5,1,1,1.0,1,2,3,3,2,0,2,4,22,4.0,0.712,0.7,0.4,0.067,5.4,8.0,6.9,14.0,3.3,0.0,11.5,25.9,133.0,116.0,0.9,1d0bdaaf-25ed-4c51-8f23-237c9b82a430,ORL,WAS,Home,139,120,1
Anthony Black,1,26.966666666666665,3,5,0.6,1,2,0.5,0,0,0.0,0,5,5,3,0,1,2,1,7,4.0,0.7,0.7,0.4,0.0,0.0,21.2,12.2,11.7,0.0,3.1,28.6,11.1,113.0,118.0,-2.1,1d0bdaaf-25ed-4c51-8f23-237c9b82a430,ORL,WAS,Home,139,120,1
Paolo Banchero,1,26.766666666666666,2,8,0.25,0,0,0.0,2,3,0.667,1,3,4,4,0,0,4,2,6,8.0,0.322,0.25,0.0,0.375,5.8,12.8,9.8,15.1,0.0,0.0,30.0,21.2,75.0,122.0,-17.9,1d0bdaaf-25ed-4c51-8f23-237c9b82a430,ORL,WAS,Home,139,120,1
Goga Bitadze,1,23.716666666666665,2,5,0.4,0,0,0.0,4,4,1.0,1,6,7,2,0,1,1,1,8,7.0,0.592,0.4,0.0,0.8,6.5,28.9,19.4,8.6,0.0,3.5,12.9,14.0,131.0,117.0,-2.9,1d0bdaaf-25ed-4c51-8f23-237c9b82a430,ORL,WAS,Home,139,120,1
Cole Anthony,1,26.15,9,16,0.563,3,5,0.6,4,5,0.8,3,3,6,5,0,2,1,4,25,14.0,0.687,0.656,0.313,0.313,17.8,13.1,15.1,26.6,0.0,6.3,5.2,31.3,150.0,117.0,7.3,1d0bdaaf-25ed-4c51-8f23-237c9b82a430,ORL,WAS,Home,139,120,1
Joe Ingles,1,19.866666666666667,5,7,0.714,1,1,1.0,1,1,1.0,0,4,4,6,1,0,2,1,12,16.0,0.806,0.786,0.143,0.143,0.0,23.0,13.2,37.2,2.4,0.0,21.2,20.3,145.0,115.0,6.2,1d0bdaaf-25ed-4c51-8f23-237c9b82a430,ORL,WAS,Home,139,120,1
Gary Harris,1,19.316666666666666,2,2,1.0,2,2,1.0,2,3,0.667,0,2,2,4,2,0,1,3,8,20.0,1.205,1.5,1.0,1.5,0.0,11.8,6.8,21.6,4.9,0.0,23.1,9.5,179.0,111.0,11.2,1d0bdaaf-25ed-4c51-8f23-237c9b82a430,ORL,WAS,Home,139,120,1
Moritz Wagner,1,18.5,5,7,0.714,0,1,0.0,1,1,1.0,0,4,4,1,0,1,2,1,11,18.0,0.739,0.714,0.143,0.143,0.0,24.7,14.2,6.8,0.0,4.5,21.2,21.8,114.0,117.0,-4.1,1d0bdaaf-25ed-4c51-8f23-237c9b82a430,ORL,WAS,Home,139,120,1
Caleb Houstan,1,10.0,3,3,1.0,3,3,1.0,0,0,0.0,0,3,3,1,0,0,1,3,9,-4.0,1.5,1.5,1.0,0.0,0.0,34.3,19.7,13.1,0.0,0.0,25.0,17.1,170.0,118.0,15.6,1d0bdaaf-25ed-4c51-8f23-237c9b82a430,ORL,WAS,Home,139,120,1
Chuma Okeke,1,5.116666666666666,0,2,0.0,0,1,0.0,0,0,0.0,0,0,0,2,0,0,0,0,0,-1.0,0.0,0.0,0.5,0.0,0.0,0.0,0.0,36.8,0.0,0.0,0.0,16.7,77.0,125.0,-11.0,1d0bdaaf-25ed-4c51-8f23-237c9b82a430,ORL,WAS,Home,139,120,1
Admiral Schofield,1,4.116666666666666,0,0,0.0,0,0,0.0,0,0,0.0,0,0,0,0,0,0,0,1,0,0.0,0.0,0.0,0.0,0.0,0.0,0.0,0.0,0.0,0.0,0.0,0.0,0.0,0.0,124.0,-10.4,1d0bdaaf-25ed-4c51-8f23-237c9b82a430,ORL,WAS,Home,139,120,1
Jonathan Isaac,1,0.0,0,0,0.0,0,0,0.0,0,0,0.0,0,0,0,0,0,0,0,0,0,0.0,0.0,0.0,0.0,0.0,0.0,0.0,0.0,0.0,0.0,0.0,0.0,0.0,0.0,0.0,0.0,1d0bdaaf-25ed-4c51-8f23-237c9b82a430,ORL,WAS,Home,139,120,1
Paolo Banchero,1,38.03333333333333,11,20,0.55,3,4,0.75,3,3,1.0,3,10,13,7,0,0,2,2,28,1.0,0.657,0.625,0.2,0.15,9.0,30.0,19.5,27.5,0.0,0.0,8.6,25.0,133.0,121.0,4.0,d251cc43-1867-4106-a59c-d86da46c13e4,ORL,WAS,Home,130,125,1
Franz Wagner,1,34.483333333333334,9,17,0.529,1,3,0.333,12,14,0.857,1,6,7,8,0,0,0,0,31,1.0,0.669,0.559,0.176,0.824,3.3,19.9,11.6,33.3,0.0,0.0,0.0,27.4,153.0,123.0,8.2,d251cc43-1867-4106-a59c-d86da46c13e4,ORL,WAS,Home,130,125,1
Jalen Suggs,1,26.616666666666667,5,9,0.556,2,6,0.333,3,5,0.6,0,2,2,4,3,2,3,4,15,11.0,0.67,0.667,0.667,0.556,0.0,8.6,4.3,19.5,5.1,5.9,21.1,21.8,109.0,108.0,4.1,d251cc43-1867-4106-a59c-d86da46c13e4,ORL,WAS,Home,130,125,1
Goga Bitadze,1,24.216666666666665,1,1,1.0,1,1,1.0,0,0,0.0,1,4,5,4,0,2,3,4,3,3.0,1.5,1.5,1.0,0.0,4.7,18.9,11.8,18.0,0.0,6.5,75.0,6.7,94.0,117.0,-1.6,d251cc43-1867-4106-a59c-d86da46c13e4,ORL,WAS,Home,130,125,1
Anthony Black,1,23.066666666666666,2,4,0.5,1,1,1.0,1,2,0.5,0,2,2,3,0,1,1,3,6,-4.0,0.615,0.625,0.25,0.5,0.0,9.9,5.0,14.9,0.0,3.4,17.0,10.4,116.0,121.0,-3.9,d251cc43-1867-4106-a59c-d86da46c13e4,ORL,WAS,Home,130,125,1
Joe Ingles,1,24.616666666666667,5,11,0.455,3,7,0.429,1,1,1.0,0,3,3,7,0,0,0,3,14,12.0,0.612,0.591,0.636,0.091,0.0,13.9,7.0,37.7,0.0,0.0,0.0,19.0,142.0,123.0,2.1,d251cc43-1867-4106-a59c-d86da46c13e4,ORL,WAS,Home,130,125,1
Moritz Wagner,1,22.883333333333333,8,13,0.615,0,2,0.0,2,3,0.667,4,2,6,0,1,1,3,1,18,8.0,0.628,0.615,0.154,0.231,20.0,10.0,15.0,0.0,2.0,3.4,17.3,30.9,108.0,117.0,-4.2,d251cc43-1867-4106-a59c-d86da46c13e4,ORL,WAS,Home,130,125,1
Gary Harris,1,22.266666666666666,3,9,0.333,1,6,0.167,1,2,0.5,0,0,0,0,0,0,1,0,8,-12.0,0.405,0.389,0.667,0.222,0.0,0.0,0.0,0.0,0.0,0.0,9.2,20.0,74.0,126.0,-15.3,d251cc43-1867-4106-a59c-d86da46c13e4,ORL,WAS,Home,130,125,1
Cole Anthony,1,16.966666666666665,1,3,0.333,0,0,0.0,2,2,1.0,0,1,1,2,2,1,1,5,4,-5.0,0.515,0.333,0.0,0.667,0.0,6.7,3.4,13.1,5.3,4.6,20.5,11.7,103.0,108.0,-4.1,d251cc43-1867-4106-a59c-d86da46c13e4,ORL,WAS,Home,130,125,1
Jonathan Isaac,1,6.816666666666666,1,2,0.5,0,1,0.0,1,1,1.0,1,4,5,0,0,1,0,1,3,10.0,0.615,0.5,0.5,0.5,16.8,67.1,41.9,0.0,0.0,11.5,0.0,14.6,145.0,105.0,1.3,d251cc43-1867-4106-a59c-d86da46c13e4,ORL,WAS,Home,130,125,1
Caleb Houstan,0,0.0,0,0,0.0,0,0,0.0,0,0,0.0,0,0,0,0,0,0,0,0,0,0.0,0.0,0.0,0.0,0.0,0.0,0.0,0.0,0.0,0.0,0.0,0.0,0.0,0.0,0.0,0.0,d251cc43-1867-4106-a59c-d86da46c13e4,ORL,WAS,Home,130,125,1
Jett Howard,0,0.0,0,0,0.0,0,0,0.0,0,0,0.0,0,0,0,0,0,0,0,0,0,0.0,0.0,0.0,0.0,0.0,0.0,0.0,0.0,0.0,0.0,0.0,0.0,0.0,0.0,0.0,0.0,d251cc43-1867-4106-a59c-d86da46c13e4,ORL,WAS,Home,130,125,1
Chuma Okeke,0,0.0,0,0,0.0,0,0,0.0,0,0,0.0,0,0,0,0,0,0,0,0,0,0.0,0.0,0.0,0.0,0.0,0.0,0.0,0.0,0.0,0.0,0.0,0.0,0.0,0.0,0.0,0.0,d251cc43-1867-4106-a59c-d86da46c13e4,ORL,WAS,Home,130,125,1
Admiral Schofield,0,0.0,0,0,0.0,0,0,0.0,0,0,0.0,0,0,0,0,0,0,0,0,0,0.0,0.0,0.0,0.0,0.0,0.0,0.0,0.0,0.0,0.0,0.0,0.0,0.0,0.0,0.0,0.0,d251cc43-1867-4106-a59c-d86da46c13e4,ORL,WAS,Home,130,125,1
Paolo Banchero,1,33.93333333333333,6,15,0.4,0,2,0.0,7,9,0.778,1,9,10,8,1,0,1,3,19,-16.0,0.501,0.4,0.133,0.6,2.8,29.6,15.0,42.7,1.4,0.0,5.0,25.5,113.0,124.0,4.5,da285936-ea42-45e9-afea-353fa125b7f7,ORL,BRK,Away,101,129,0
Franz Wagner,1,33.68333333333333,6,16,0.375,2,3,0.667,6,6,1.0,1,6,7,5,0,1,1,5,20,-17.0,0.536,0.438,0.188,0.375,2.8,19.9,10.6,26.9,0.0,2.5,5.1,25.2,113.0,128.0,1.6,da285936-ea42-45e9-afea-353fa125b7f7,ORL,BRK,Away,101,129,0
Jalen Suggs,1,22.45,3,7,0.429,1,3,0.333,0,0,0.0,0,0,0,2,1,1,4,5,7,-14.0,0.5,0.5,0.429,0.0,0.0,0.0,0.0,15.0,2.1,3.8,36.4,21.2,63.0,129.0,-11.6,da285936-ea42-45e9-afea-353fa125b7f7,ORL,BRK,Away,101,129,0
Anthony Black,1,19.433333333333334,1,1,1.0,0,0,0.0,0,0,0.0,0,3,3,1,0,0,0,3,2,-5.0,1.0,1.0,0.0,0.0,0.0,17.2,7.9,7.6,0.0,0.0,0.0,2.2,207.0,131.0,-6.8,da285936-ea42-45e9-afea-353fa125b7f7,ORL,BRK,Away,101,129,0
Goga Bitadze,1,15.433333333333334,1,6,0.167,0,0,0.0,1,2,0.5,3,2,5,0,0,1,0,2,3,-4.0,0.218,0.167,0.0,0.333,18.3,14.5,16.5,0.0,0.0,5.5,0.0,19.3,72.0,128.0,-14.4,da285936-ea42-45e9-afea-353fa125b7f7,ORL,BRK,Away,101,129,0
Cole Anthony,1,31.416666666666668,8,17,0.471,2,6,0.333,2,2,1.0,1,5,6,1,0,1,1,3,20,-32.0,0.559,0.529,0.353,0.118,3.0,17.8,9.8,6.7,0.0,2.7,5.3,26.0,104.0,129.0,-0.5,da285936-ea42-45e9-afea-353fa125b7f7,ORL,BRK,Away,101,129,0
Moritz Wagner,1,21.566666666666666,6,9,0.667,2,2,1.0,4,5,0.8,1,1,2,2,0,1,2,2,18,-12.0,0.804,0.778,0.222,0.556,4.4,5.2,4.7,20.6,0.0,3.9,15.2,26.5,131.0,132.0,9.6,da285936-ea42-45e9-afea-353fa125b7f7,ORL,BRK,Away,101,129,0
Gary Harris,1,20.75,2,8,0.25,0,5,0.0,0,0,0.0,0,1,1,2,0,0,0,1,4,-7.0,0.25,0.25,0.625,0.0,0.0,5.4,2.5,15.2,0.0,0.0,0.0,16.7,62.0,135.0,-12.7,da285936-ea42-45e9-afea-353fa125b7f7,ORL,BRK,Away,101,129,0
Joe Ingles,1,16.483333333333334,1,2,0.5,1,1,1.0,2,3,0.667,1,1,2,2,1,0,1,2,5,-10.0,0.753,0.75,0.5,1.5,5.7,6.8,6.2,18.2,2.9,0.0,23.1,11.3,129.0,127.0,0.3,da285936-ea42-45e9-afea-353fa125b7f7,ORL,BRK,Away,101,129,0
Caleb Houstan,1,16.116666666666667,1,3,0.333,1,3,0.333,0,0,0.0,0,0,0,0,0,0,0,1,3,-13.0,0.5,0.5,1.0,0.0,0.0,0.0,0.0,0.0,0.0,0.0,0.0,8.1,94.0,136.0,-7.9,da285936-ea42-45e9-afea-353fa125b7f7,ORL,BRK,Away,101,129,0
Chuma Okeke,1,4.366666666666666,0,2,0.0,0,2,0.0,0,0,0.0,0,0,0,0,0,0,1,0,0,-5.0,0.0,0.0,1.0,0.0,0.0,0.0,0.0,0.0,0.0,0.0,33.3,29.7,0.0,137.0,-36.0,da285936-ea42-45e9-afea-353fa125b7f7,ORL,BRK,Away,101,129,0
Admiral Schofield,1,4.366666666666666,0,2,0.0,0,2,0.0,0,0,0.0,0,1,1,1,0,0,0,0,0,-5.0,0.0,0.0,1.0,0.0,0.0,25.6,11.7,31.4,0.0,0.0,0.0,19.8,26.0,129.0,-14.0,da285936-ea42-45e9-afea-353fa125b7f7,ORL,BRK,Away,101,129,0
Jonathan Isaac,0,0.0,0,0,0.0,0,0,0.0,0,0,0.0,0,0,0,0,0,0,0,0,0,0.0,0.0,0.0,0.0,0.0,0.0,0.0,0.0,0.0,0.0,0.0,0.0,0.0,0.0,0.0,0.0,da285936-ea42-45e9-afea-353fa125b7f7,ORL,BRK,Away,101,129,0
Franz Wagner,1,40.7,3,16,0.188,0,5,0.0,8,10,0.8,2,4,6,9,3,0,2,1,14,-2.0,0.343,0.188,0.313,0.625,5.6,12.1,8.7,28.3,3.5,0.0,8.9,23.7,88.0,120.0,-2.4,91928816-539d-45a1-bee0-67946adb2f38,ORL,CLE,Away,111,121,0
Paolo Banchero,1,37.733333333333334,16,26,0.615,1,5,0.2,9,12,0.75,1,5,6,1,0,2,3,3,42,2.0,0.671,0.635,0.192,0.462,3.0,16.3,9.4,6.2,0.0,4.9,8.8,39.2,121.0,124.0,7.3,91928816-539d-45a1-bee0-67946adb2f38,ORL,CLE,Away,111,121,0
Goga Bitadze,1,24.533333333333335,3,4,0.75,0,1,0.0,0,1,0.0,0,3,3,3,0,1,0,3,6,-1.0,0.676,0.75,0.25,0.25,0.0,15.1,7.2,16.7,0.0,3.8,0.0,7.8,143.0,125.0,0.7,91928816-539d-45a1-bee0-67946adb2f38,ORL,CLE,Away,111,121,0
Anthony Black,1,14.9,5,5,1.0,0,0,0.0,1,1,1.0,0,0,0,0,0,0,0,1,11,-7.0,1.011,1.0,0.0,0.2,0.0,0.0,0.0,0.0,0.0,0.0,0.0,15.7,206.0,131.0,6.7,91928816-539d-45a1-bee0-67946adb2f38,ORL,CLE,Away,111,121,0
Jalen Suggs,1,9.466666666666667,0,2,0.0,0,1,0.0,0,0,0.0,0,0,0,1,2,1,1,0,0,-6.0,0.0,0.0,0.5,0.0,0.0,0.0,0.0,12.4,10.1,9.8,33.3,13.7,17.0,101.0,-0.5,91928816-539d-45a1-bee0-67946adb2f38,ORL,CLE,Away,111,121,0
Cole Anthony,1,31.866666666666667,8,14,0.571,1,4,0.25,2,3,0.667,1,6,7,2,1,2,2,3,19,-5.0,0.62,0.607,0.286,0.214,3.6,23.2,13.0,10.4,1.5,5.8,11.5,23.4,111.0,118.0,2.6,91928816-539d-45a1-bee0-67946adb2f38,ORL,CLE,Away,111,121,0
Gary Harris,1,31.316666666666666,1,7,0.143,0,4,0.0,6,6,1.0,1,2,3,3,1,0,0,4,8,0.0,0.415,0.143,0.571,0.857,3.6,7.9,5.7,11.7,1.5,0.0,0.0,13.3,107.0,125.0,-6.0,91928816-539d-45a1-bee0-67946adb2f38,ORL,CLE,Away,111,121,0
Moritz Wagner,1,21.116666666666667,5,7,0.714,0,1,0.0,1,4,0.25,1,3,4,0,2,0,3,2,11,-11.0,0.628,0.714,0.143,0.571,5.4,17.5,11.2,0.0,4.5,0.0,25.5,24.0,88.0,117.0,-5.0,91928816-539d-45a1-bee0-67946adb2f38,ORL,CLE,Away,111,121,0
Joe Ingles,1,17.35,0,1,0.0,0,1,0.0,0,0,0.0,0,4,4,3,1,0,0,3,0,-7.0,0.0,0.0,1.0,0.0,0.0,28.4,13.7,20.2,2.8,0.0,0.0,2.5,96.0,118.0,-5.0,91928816-539d-45a1-bee0-67946adb2f38,ORL,CLE,Away,111,121,0
Caleb Houstan,1,10.983333333333333,0,2,0.0,0,1,0.0,0,0,0.0,1,2,3,0,0,0,0,1,0,-13.0,0.0,0.0,0.5,0.0,10.4,22.4,16.2,0.0,0.0,0.0,0.0,7.9,41.0,126.0,-13.6,91928816-539d-45a1-bee0-67946adb2f38,ORL,CLE,Away,111,121,0
Chuma Okeke,0,0.0,0,0,0.0,0,0,0.0,0,0,0.0,0,0,0,0,0,0,0,0,0,0.0,0.0,0.0,0.0,0.0,0.0,0.0,0.0,0.0,0.0,0.0,0.0,0.0,0.0,0.0,0.0,91928816-539d-45a1-bee0-67946adb2f38,ORL,CLE,Away,111,121,0
Admiral Schofield,0,0.0,0,0,0.0,0,0,0.0,0,0,0.0,0,0,0,0,0,0,0,0,0,0.0,0.0,0.0,0.0,0.0,0.0,0.0,0.0,0.0,0.0,0.0,0.0,0.0,0.0,0.0,0.0,91928816-539d-45a1-bee0-67946adb2f38,ORL,CLE,Away,111,121,0
Franz Wagner,1,30.75,12,20,0.6,2,4,0.5,1,1,1.0,0,2,2,3,0,0,0,0,27,19.0,0.66,0.65,0.2,0.05,0.0,6.6,3.8,15.5,0.0,0.0,0.0,30.0,134.0,99.0,6.9,bccfdeb9-b28c-4aa8-9521-be863acdaebd,ORL,DET,Home,123,91,1
Paolo Banchero,1,30.483333333333334,9,17,0.529,0,3,0.0,6,7,0.857,0,4,4,2,2,0,0,3,24,25.0,0.598,0.529,0.176,0.412,0.0,13.4,7.6,9.0,3.2,0.0,0.0,29.7,126.0,90.0,3.8,bccfdeb9-b28c-4aa8-9521-be863acdaebd,ORL,DET,Home,123,91,1
Goga Bitadze,1,27.866666666666667,6,7,0.857,0,0,0.0,1,1,1.0,4,4,8,2,0,4,1,1,13,26.0,0.874,0.857,0.0,0.143,19.1,14.7,16.6,8.9,0.0,13.5,11.8,13.7,166.0,88.0,10.7,bccfdeb9-b28c-4aa8-9521-be863acdaebd,ORL,DET,Home,123,91,1
Anthony Black,1,24.666666666666668,2,4,0.5,0,1,0.0,2,4,0.5,1,4,5,3,0,0,1,2,6,7.0,0.521,0.5,0.25,1.0,5.4,16.6,11.7,12.9,0.0,0.0,14.8,12.4,114.0,97.0,-2.6,bccfdeb9-b28c-4aa8-9521-be863acdaebd,ORL,DET,Home,123,91,1
Gary Harris,1,22.583333333333332,4,8,0.5,2,5,0.4,1,1,1.0,0,3,3,1,2,0,1,3,11,23.0,0.652,0.625,0.625,0.125,0.0,13.6,7.7,5.2,4.3,0.0,10.6,18.9,116.0,88.0,2.8,bccfdeb9-b28c-4aa8-9521-be863acdaebd,ORL,DET,Home,123,91,1
Caleb Houstan,1,25.416666666666668,2,6,0.333,2,6,0.333,0,0,0.0,0,4,4,1,0,0,0,1,6,9.0,0.5,0.5,1.0,0.0,0.0,16.1,9.1,4.2,0.0,0.0,0.0,10.7,106.0,97.0,-2.5,bccfdeb9-b28c-4aa8-9521-be863acdaebd,ORL,DET,Home,123,91,1
Cole Anthony,1,23.583333333333332,6,12,0.5,1,3,0.333,3,3,1.0,0,3,3,6,0,0,1,4,16,23.0,0.601,0.542,0.25,0.25,0.0,13.0,7.4,33.2,0.0,0.0,7.0,27.4,127.0,97.0,3.7,bccfdeb9-b28c-4aa8-9521-be863acdaebd,ORL,DET,Home,123,91,1
Moritz Wagner,1,16.216666666666665,2,4,0.5,0,0,0.0,0,0,0.0,1,4,5,2,0,0,2,1,4,5.0,0.5,0.5,0.0,0.0,8.2,25.2,17.8,13.7,0.0,0.0,33.3,16.7,88.0,95.0,-6.0,bccfdeb9-b28c-4aa8-9521-be863acdaebd,ORL,DET,Home,123,91,1
Joe Ingles,1,15.883333333333333,2,6,0.333,2,3,0.667,0,0,0.0,0,4,4,5,0,0,0,1,6,15.0,0.5,0.5,0.5,0.0,0.0,25.7,14.6,35.2,0.0,0.0,0.0,17.0,129.0,94.0,5.4,bccfdeb9-b28c-4aa8-9521-be863acdaebd,ORL,DET,Home,123,91,1
Chuma Okeke,1,13.133333333333333,1,1,1.0,0,0,0.0,0,0,0.0,0,4,4,0,1,0,1,0,2,4.0,1.0,1.0,0.0,0.0,0.0,31.1,17.6,0.0,3.7,0.0,50.0,6.9,81.0,86.0,2.0,bccfdeb9-b28c-4aa8-9521-be863acdaebd,ORL,DET,Home,123,91,1
Jett Howard,1,5.483333333333333,2,2,1.0,1,1,1.0,1,2,0.5,0,1,1,1,0,0,0,1,6,3.0,1.042,1.25,0.5,1.0,0.0,18.6,10.5,27.8,0.0,0.0,0.0,23.7,204.0,96.0,25.0,bccfdeb9-b28c-4aa8-9521-be863acdaebd,ORL,DET,Home,123,91,1
Admiral Schofield,1,3.9166666666666665,1,2,0.5,0,0,0.0,0,0,0.0,0,2,2,0,0,0,2,3,2,1.0,0.5,0.5,0.0,0.0,0.0,52.2,29.5,0.0,0.0,0.0,50.0,46.1,44.0,85.0,-41.3,bccfdeb9-b28c-4aa8-9521-be863acdaebd,ORL,DET,Home,123,91,1
Paolo Banchero,1,35.88333333333333,9,21,0.429,0,3,0.0,2,3,0.667,4,6,10,4,1,0,8,0,20,6.0,0.448,0.429,0.143,0.143,12.7,16.4,14.7,19.8,1.5,0.0,26.4,37.9,79.0,103.0,-7.9,18c1ee26-fe92-4160-8c01-474abab89525,ORL,CLE,Home,104,94,1
Franz Wagner,1,33.06666666666667,7,18,0.389,0,5,0.0,5,7,0.714,1,7,8,4,0,0,1,4,19,11.0,0.451,0.389,0.278,0.389,3.5,20.7,12.8,20.1,0.0,0.0,4.5,30.0,104.0,103.0,-3.5,18c1ee26-fe92-4160-8c01-474abab89525,ORL,CLE,Home,104,94,1
Goga Bitadze,1,29.016666666666666,6,8,0.75,0,0,0.0,3,4,0.75,3,4,7,2,0,4,0,3,15,8.0,0.768,0.75,0.0,0.5,11.8,13.5,12.7,11.4,0.0,14.7,0.0,15.1,168.0,103.0,11.7,18c1ee26-fe92-4160-8c01-474abab89525,ORL,CLE,Home,104,94,1
Jalen Suggs,1,28.433333333333334,4,6,0.667,2,4,0.5,2,2,1.0,1,3,4,3,0,1,1,2,12,10.0,0.872,0.833,0.667,0.333,4.0,10.3,7.4,15.7,0.0,3.8,12.7,12.4,159.0,109.0,7.3,18c1ee26-fe92-4160-8c01-474abab89525,ORL,CLE,Home,104,94,1
Anthony Black,1,18.716666666666665,0,2,0.0,0,1,0.0,0,0,0.0,0,1,1,0,3,1,1,3,0,12.0,0.0,0.0,0.5,0.0,0.0,5.2,2.8,0.0,8.4,5.7,33.3,7.2,0.0,92.0,-3.0,18c1ee26-fe92-4160-8c01-474abab89525,ORL,CLE,Home,104,94,1
Gary Harris,1,26.216666666666665,1,3,0.333,1,3,0.333,0,0,0.0,0,1,1,2,0,1,0,2,3,1.0,0.5,0.5,1.0,0.0,0.0,3.7,2.0,9.9,0.0,4.1,0.0,5.1,128.0,112.0,-1.7,18c1ee26-fe92-4160-8c01-474abab89525,ORL,CLE,Home,104,94,1
Joe Ingles,1,19.9,2,5,0.4,2,4,0.5,6,6,1.0,1,3,4,3,0,1,1,2,12,-2.0,0.785,0.6,0.8,1.2,5.7,14.8,10.6,21.2,0.0,5.4,11.6,19.5,158.0,105.0,12.2,18c1ee26-fe92-4160-8c01-474abab89525,ORL,CLE,Home,104,94,1
Cole Anthony,1,17.666666666666668,3,6,0.5,1,1,1.0,1,2,0.5,1,1,2,4,0,0,0,3,8,-2.0,0.581,0.583,0.167,0.333,6.5,5.5,6.0,35.2,0.0,0.0,0.0,17.5,142.0,112.0,6.0,18c1ee26-fe92-4160-8c01-474abab89525,ORL,CLE,Home,104,94,1
Moritz Wagner,1,17.666666666666668,4,9,0.444,0,2,0.0,0,1,0.0,0,2,2,0,1,0,0,3,8,-2.0,0.424,0.444,0.222,0.111,0.0,11.1,6.0,0.0,3.0,0.0,0.0,24.0,89.0,102.0,-7.3,18c1ee26-fe92-4160-8c01-474abab89525,ORL,CLE,Home,104,94,1
Jonathan Isaac,1,13.416666666666666,3,6,0.5,1,3,0.333,0,0,0.0,1,3,4,0,2,0,0,0,7,8.0,0.583,0.583,0.5,0.0,8.5,21.9,15.7,0.0,7.8,0.0,0.0,20.1,126.0,85.0,10.5,18c1ee26-fe92-4160-8c01-474abab89525,ORL,CLE,Home,104,94,1
Caleb Houstan,0,0.0,0,0,0.0,0,0,0.0,0,0,0.0,0,0,0,0,0,0,0,0,0,0.0,0.0,0.0,0.0,0.0,0.0,0.0,0.0,0.0,0.0,0.0,0.0,0.0,0.0,0.0,0.0,18c1ee26-fe92-4160-8c01-474abab89525,ORL,CLE,Home,104,94,1
Jett Howard,0,0.0,0,0,0.0,0,0,0.0,0,0,0.0,0,0,0,0,0,0,0,0,0,0.0,0.0,0.0,0.0,0.0,0.0,0.0,0.0,0.0,0.0,0.0,0.0,0.0,0.0,0.0,0.0,18c1ee26-fe92-4160-8c01-474abab89525,ORL,CLE,Home,104,94,1
Chuma Okeke,0,0.0,0,0,0.0,0,0,0.0,0,0,0.0,0,0,0,0,0,0,0,0,0,0.0,0.0,0.0,0.0,0.0,0.0,0.0,0.0,0.0,0.0,0.0,0.0,0.0,0.0,0.0,0.0,18c1ee26-fe92-4160-8c01-474abab89525,ORL,CLE,Home,104,94,1
Admiral Schofield,0,0.0,0,0,0.0,0,0,0.0,0,0,0.0,0,0,0,0,0,0,0,0,0,0.0,0.0,0.0,0.0,0.0,0.0,0.0,0.0,0.0,0.0,0.0,0.0,0.0,0.0,0.0,0.0,18c1ee26-fe92-4160-8c01-474abab89525,ORL,CLE,Home,104,94,1
Franz Wagner,1,34.31666666666667,6,14,0.429,1,4,0.25,4,4,1.0,0,5,5,5,3,0,6,4,17,-9.0,0.539,0.464,0.286,0.286,0.0,17.1,8.9,20.8,4.2,0.0,27.6,26.3,93.0,122.0,-3.4,92695a5b-94c0-45eb-9c1b-b9859ac012ba,ORL,BOS,Away,111,128,0
Paolo Banchero,1,32.11666666666667,5,17,0.294,1,4,0.25,3,6,0.5,1,3,4,5,0,1,5,1,14,-13.0,0.356,0.324,0.235,0.353,3.9,10.9,7.6,21.6,0.0,3.0,20.3,31.8,78.0,131.0,-11.7,92695a5b-94c0-45eb-9c1b-b9859ac012ba,ORL,BOS,Away,111,128,0
Anthony Black,1,28.433333333333334,5,8,0.625,3,5,0.6,0,0,0.0,3,6,9,4,0,0,0,2,13,0.0,0.813,0.813,0.625,0.0,13.3,24.7,19.2,20.1,0.0,0.0,0.0,11.7,184.0,130.0,10.5,92695a5b-94c0-45eb-9c1b-b9859ac012ba,ORL,BOS,Away,111,128,0
Goga Bitadze,1,26.666666666666668,7,8,0.875,0,0,0.0,1,2,0.5,5,6,11,1,0,0,4,2,15,-1.0,0.845,0.875,0.0,0.25,23.7,26.3,25.1,6.1,0.0,0.0,31.1,20.0,117.0,130.0,0.1,92695a5b-94c0-45eb-9c1b-b9859ac012ba,ORL,BOS,Away,111,128,0
Jalen Suggs,1,26.083333333333332,7,12,0.583,5,9,0.556,0,0,0.0,0,4,4,1,0,1,1,2,19,-9.0,0.792,0.792,0.75,0.0,0.0,18.0,9.3,6.3,0.0,3.7,7.7,20.6,146.0,129.0,9.2,92695a5b-94c0-45eb-9c1b-b9859ac012ba,ORL,BOS,Away,111,128,0
Cole Anthony,1,20.066666666666666,5,8,0.625,2,3,0.667,5,6,0.833,0,0,0,4,1,0,1,3,17,-12.0,0.799,0.75,0.375,0.75,0.0,0.0,0.0,31.9,2.4,0.0,8.6,24.0,162.0,129.0,14.0,92695a5b-94c0-45eb-9c1b-b9859ac012ba,ORL,BOS,Away,111,128,0
Gary Harris,1,15.883333333333333,1,3,0.333,0,2,0.0,0,0,0.0,0,0,0,0,1,0,0,3,2,-10.0,0.333,0.333,0.667,0.0,0.0,0.0,0.0,0.0,3.0,0.0,0.0,7.8,79.0,128.0,-8.7,92695a5b-94c0-45eb-9c1b-b9859ac012ba,ORL,BOS,Away,111,128,0
Jonathan Isaac,1,15.766666666666667,3,5,0.6,1,2,0.5,0,0,0.0,1,3,4,0,0,0,0,1,7,-13.0,0.7,0.7,0.4,0.0,8.0,22.3,15.4,0.0,0.0,0.0,0.0,13.1,151.0,131.0,1.1,92695a5b-94c0-45eb-9c1b-b9859ac012ba,ORL,BOS,Away,111,128,0
Moritz Wagner,1,13.4,1,3,0.333,0,1,0.0,0,0,0.0,1,0,1,2,0,0,3,3,2,-9.0,0.333,0.333,0.333,0.0,9.4,0.0,4.5,18.6,0.0,0.0,50.0,18.5,60.0,135.0,-17.6,92695a5b-94c0-45eb-9c1b-b9859ac012ba,ORL,BOS,Away,111,128,0
Caleb Houstan,1,10.816666666666666,2,5,0.4,1,4,0.25,0,0,0.0,1,1,2,1,0,0,0,0,5,-6.0,0.5,0.5,0.8,0.0,11.7,10.8,11.2,13.4,0.0,0.0,0.0,19.1,128.0,133.0,1.3,92695a5b-94c0-45eb-9c1b-b9859ac012ba,ORL,BOS,Away,111,128,0
Joe Ingles,1,6.15,0,1,0.0,0,0,0.0,0,0,0.0,1,1,2,2,0,0,0,0,0,-12.0,0.0,0.0,0.0,0.0,20.5,19.0,19.8,37.2,0.0,0.0,0.0,6.7,128.0,132.0,0.9,92695a5b-94c0-45eb-9c1b-b9859ac012ba,ORL,BOS,Away,111,128,0
Jett Howard,1,3.4333333333333336,0,1,0.0,0,1,0.0,0,0,0.0,0,1,1,0,0,0,0,0,0,3.0,0.0,0.0,1.0,0.0,0.0,34.1,17.7,0.0,0.0,0.0,0.0,12.1,0.0,129.0,-16.4,92695a5b-94c0-45eb-9c1b-b9859ac012ba,ORL,BOS,Away,111,128,0
Chuma Okeke,1,3.4333333333333336,0,1,0.0,0,0,0.0,0,0,0.0,0,0,0,0,0,0,0,0,0,3.0,0.0,0.0,0.0,0.0,0.0,0.0,0.0,0.0,0.0,0.0,0.0,12.1,0.0,135.0,-17.9,92695a5b-94c0-45eb-9c1b-b9859ac012ba,ORL,BOS,Away,111,128,0
Admiral Schofield,1,3.4333333333333336,0,1,0.0,0,0,0.0,0,0,0.0,0,2,2,0,0,0,1,1,0,3.0,0.0,0.0,0.0,0.0,0.0,68.2,35.4,0.0,0.0,0.0,50.0,24.1,0.0,121.0,-32.6,92695a5b-94c0-45eb-9c1b-b9859ac012ba,ORL,BOS,Away,111,128,0
Franz Wagner,1,36.733333333333334,3,14,0.214,0,4,0.0,2,2,1.0,2,6,8,6,0,0,0,2,8,-12.0,0.269,0.214,0.286,0.143,4.8,18.2,10.7,26.1,0.0,0.0,0.0,18.1,83.0,120.0,-6.2,14d55c26-643d-402c-b6f6-337f66a2beaa,ORL,BOS,Away,97,114,0
Paolo Banchero,1,35.75,14,30,0.467,4,10,0.4,4,6,0.667,2,8,10,1,2,0,4,0,36,-11.0,0.551,0.533,0.333,0.2,4.9,25.0,13.7,8.8,2.7,0.0,10.9,45.7,98.0,112.0,8.8,14d55c26-643d-402c-b6f6-337f66a2beaa,ORL,BOS,Away,97,114,0
Jalen Suggs,1,27.8,5,9,0.556,1,4,0.25,2,2,1.0,0,5,5,0,1,0,2,4,13,-9.0,0.658,0.611,0.444,0.222,0.0,20.1,8.8,0.0,1.8,0.0,16.8,19.1,104.0,116.0,-3.5,14d55c26-643d-402c-b6f6-337f66a2beaa,ORL,BOS,Away,97,114,0
Goga Bitadze,1,26.15,2,6,0.333,0,0,0.0,0,0,0.0,2,6,8,1,2,3,1,3,4,1.0,0.333,0.333,0.0,0.0,6.7,25.6,15.0,6.1,3.8,9.3,14.3,11.9,78.0,102.0,-1.6,14d55c26-643d-402c-b6f6-337f66a2beaa,ORL,BOS,Away,97,114,0
Anthony Black,1,16.833333333333332,2,5,0.4,1,3,0.333,0,3,0.0,1,1,2,3,1,0,0,1,5,17.0,0.396,0.5,0.6,0.6,5.2,6.6,5.8,30.2,2.9,0.0,0.0,16.8,101.0,116.0,3.2,14d55c26-643d-402c-b6f6-337f66a2beaa,ORL,BOS,Away,97,114,0
Gary Harris,1,25.716666666666665,0,3,0.0,0,3,0.0,0,0,0.0,0,1,1,2,0,0,0,1,0,-26.0,0.0,0.0,1.0,0.0,0.0,4.3,1.9,11.0,0.0,0.0,0.0,5.2,35.0,124.0,-10.5,14d55c26-643d-402c-b6f6-337f66a2beaa,ORL,BOS,Away,97,114,0
Cole Anthony,1,18.65,2,8,0.25,0,2,0.0,2,2,1.0,1,0,1,4,0,0,1,0,6,-14.0,0.338,0.25,0.25,0.25,4.7,0.0,2.6,35.7,0.0,0.0,10.1,23.6,85.0,125.0,-4.6,14d55c26-643d-402c-b6f6-337f66a2beaa,ORL,BOS,Away,97,114,0
Jonathan Isaac,1,16.7,2,5,0.4,2,4,0.5,2,2,1.0,0,2,2,0,1,1,0,0,8,-17.0,0.68,0.6,0.8,0.4,0.0,13.4,5.9,0.0,2.9,4.9,0.0,15.7,137.0,111.0,8.1,14d55c26-643d-402c-b6f6-337f66a2beaa,ORL,BOS,Away,97,114,0
Caleb Houstan,1,15.8,2,4,0.5,1,3,0.333,3,3,1.0,2,1,3,0,0,0,0,2,8,-11.0,0.752,0.625,0.75,0.75,11.0,7.1,9.3,0.0,0.0,0.0,0.0,15.0,163.0,123.0,3.6,14d55c26-643d-402c-b6f6-337f66a2beaa,ORL,BOS,Away,97,114,0
Moritz Wagner,1,12.466666666666667,1,3,0.333,1,2,0.5,3,4,0.75,0,2,2,0,0,0,0,3,6,-15.0,0.63,0.5,0.667,1.333,0.0,17.9,7.9,0.0,0.0,0.0,0.0,17.0,132.0,120.0,-3.3,14d55c26-643d-402c-b6f6-337f66a2beaa,ORL,BOS,Away,97,114,0
Jett Howard,1,2.45,1,2,0.5,1,1,1.0,0,0,0.0,0,0,0,0,0,0,0,0,3,4.0,0.75,0.75,0.5,0.0,0.0,0.0,0.0,0.0,0.0,0.0,0.0,36.4,127.0,125.0,22.8,14d55c26-643d-402c-b6f6-337f66a2beaa,ORL,BOS,Away,97,114,0
Chuma Okeke,1,2.45,0,0,0.0,0,0,0.0,0,0,0.0,0,1,1,0,0,0,0,0,0,4.0,0.0,0.0,0.0,0.0,0.0,45.6,20.0,0.0,0.0,0.0,0.0,0.0,0.0,113.0,-3.8,14d55c26-643d-402c-b6f6-337f66a2beaa,ORL,BOS,Away,97,114,0
Admiral Schofield,1,2.45,0,0,0.0,0,0,0.0,0,0,0.0,0,0,0,1,0,0,0,0,0,4.0,0.0,0.0,0.0,0.0,0.0,0.0,0.0,57.6,0.0,0.0,0.0,0.0,232.0,125.0,9.7,14d55c26-643d-402c-b6f6-337f66a2beaa,ORL,BOS,Away,97,114,0
Joe Ingles,1,0.0,0,0,0.0,0,0,0.0,0,0,0.0,0,0,0,0,0,0,0,0,0,0.0,0.0,0.0,0.0,0.0,0.0,0.0,0.0,0.0,0.0,0.0,0.0,0.0,0.0,0.0,0.0,14d55c26-643d-402c-b6f6-337f66a2beaa,ORL,BOS,Away,97,114,0
Paolo Banchero,1,34.4,2,12,0.167,0,3,0.0,6,8,0.75,0,8,8,8,1,0,3,1,10,-22.0,0.322,0.167,0.25,0.667,0.0,25.4,12.7,29.2,1.5,0.0,16.2,23.8,84.0,124.0,-8.5,5f2f6a58-b47f-4963-b98b-46877945c474,ORL,MIA,Home,106,115,0
Franz Wagner,1,32.28333333333333,5,14,0.357,0,4,0.0,5,6,0.833,0,6,6,5,2,1,0,1,15,-13.0,0.451,0.357,0.286,0.429,0.0,20.3,10.1,22.1,3.2,2.8,0.0,22.8,117.0,120.0,1.3,5f2f6a58-b47f-4963-b98b-46877945c474,ORL,MIA,Home,106,115,0
Wendell Carter Jr.,1,23.383333333333333,3,4,0.75,1,2,0.5,1,2,0.5,1,5,6,1,0,0,0,3,8,3.0,0.82,0.875,0.5,0.5,4.7,23.3,14.0,5.9,0.0,0.0,0.0,9.2,169.0,128.0,-1.7,5f2f6a58-b47f-4963-b98b-46877945c474,ORL,MIA,Home,106,115,0
Anthony Black,1,21.516666666666666,2,4,0.5,0,1,0.0,0,0,0.0,1,1,2,4,0,0,0,3,4,2.0,0.5,0.5,0.25,0.0,5.1,5.1,5.1,24.4,0.0,0.0,0.0,8.2,144.0,133.0,-4.1,5f2f6a58-b47f-4963-b98b-46877945c474,ORL,MIA,Home,106,115,0
Jalen Suggs,1,21.283333333333335,5,9,0.556,1,5,0.2,0,0,0.0,0,1,1,3,0,1,1,0,11,-23.0,0.611,0.611,0.556,0.0,0.0,5.1,2.6,22.8,0.0,4.2,10.0,20.8,120.0,130.0,1.3,5f2f6a58-b47f-4963-b98b-46877945c474,ORL,MIA,Home,106,115,0
Cole Anthony,1,25.45,8,13,0.615,2,5,0.4,2,2,1.0,1,3,4,3,1,1,3,4,20,-6.0,0.72,0.692,0.385,0.154,4.3,12.9,8.6,21.8,2.1,3.5,17.8,29.4,120.0,124.0,5.7,5f2f6a58-b47f-4963-b98b-46877945c474,ORL,MIA,Home,106,115,0
Gary Harris,1,19.75,0,2,0.0,0,2,0.0,0,0,0.0,3,0,3,1,2,0,0,3,0,4.0,0.0,0.0,1.0,0.0,16.6,0.0,8.3,5.9,5.3,0.0,0.0,4.5,100.0,122.0,-5.7,5f2f6a58-b47f-4963-b98b-46877945c474,ORL,MIA,Home,106,115,0
Moritz Wagner,1,17.533333333333335,5,8,0.625,0,0,0.0,1,1,1.0,5,2,7,1,0,0,2,5,11,2.0,0.652,0.625,0.0,0.125,31.1,12.4,21.8,10.0,0.0,0.0,19.2,26.4,120.0,131.0,-6.0,5f2f6a58-b47f-4963-b98b-46877945c474,ORL,MIA,Home,106,115,0
Caleb Houstan,1,14.8,3,10,0.3,3,10,0.3,0,0,0.0,0,0,0,0,0,0,0,0,9,4.0,0.45,0.45,1.0,0.0,0.0,0.0,0.0,0.0,0.0,0.0,0.0,29.9,99.0,135.0,-7.9,5f2f6a58-b47f-4963-b98b-46877945c474,ORL,MIA,Home,106,115,0
Goga Bitadze,1,12.316666666666666,2,3,0.667,0,0,0.0,0,0,0.0,3,3,6,1,0,2,1,0,4,0.0,0.667,0.667,0.0,0.0,26.6,26.6,26.6,11.7,0.0,14.4,25.0,14.4,125.0,116.0,4.2,5f2f6a58-b47f-4963-b98b-46877945c474,ORL,MIA,Home,106,115,0
Jonathan Isaac,1,12.05,4,7,0.571,1,2,0.5,0,0,0.0,1,3,4,1,1,0,1,3,9,-10.0,0.643,0.643,0.286,0.0,9.1,27.2,18.1,15.9,4.3,0.0,12.5,29.4,115.0,117.0,3.3,5f2f6a58-b47f-4963-b98b-46877945c474,ORL,MIA,Home,106,115,0
Chuma Okeke,1,5.233333333333333,2,3,0.667,1,2,0.5,0,0,0.0,0,2,2,1,1,0,0,1,5,14.0,0.833,0.833,0.667,0.0,0.0,41.7,20.8,40.5,10.0,0.0,0.0,25.4,169.0,100.0,31.4,5f2f6a58-b47f-4963-b98b-46877945c474,ORL,MIA,Home,106,115,0
Jett Howard,0,0.0,0,0,0.0,0,0,0.0,0,0,0.0,0,0,0,0,0,0,0,0,0,0.0,0.0,0.0,0.0,0.0,0.0,0.0,0.0,0.0,0.0,0.0,0.0,0.0,0.0,0.0,0.0,5f2f6a58-b47f-4963-b98b-46877945c474,ORL,MIA,Home,106,115,0
Franz Wagner,1,38.63333333333333,13,23,0.565,1,6,0.167,2,4,0.5,1,5,6,6,1,0,2,4,29,-7.0,0.586,0.587,0.261,0.174,2.3,14.8,7.8,25.8,1.2,0.0,7.5,28.6,116.0,118.0,3.5,123bfb29-0e3a-4bec-92f3-78821236f691,ORL,MIL,Away,114,118,0
Gary Harris,1,34.96666666666667,5,11,0.455,2,6,0.333,2,3,0.667,1,1,2,5,0,0,0,4,14,-11.0,0.568,0.545,0.545,0.273,2.5,3.3,2.9,18.0,0.0,0.0,0.0,14.6,131.0,124.0,-1.3,123bfb29-0e3a-4bec-92f3-78821236f691,ORL,MIL,Away,114,118,0
Paolo Banchero,1,34.0,6,17,0.353,3,5,0.6,8,10,0.8,0,7,7,4,0,1,2,4,23,-10.0,0.537,0.441,0.294,0.588,0.0,23.5,10.3,15.5,0.0,2.7,8.5,28.4,109.0,116.0,0.3,123bfb29-0e3a-4bec-92f3-78821236f691,ORL,MIL,Away,114,118,0
Wendell Carter Jr.,1,21.416666666666668,2,6,0.333,0,3,0.0,0,0,0.0,1,3,4,2,0,1,0,2,4,-27.0,0.333,0.333,0.5,0.0,4.2,16.0,9.3,11.1,0.0,4.2,0.0,11.6,93.0,118.0,-5.9,123bfb29-0e3a-4bec-92f3-78821236f691,ORL,MIL,Away,114,118,0
Anthony Black,1,19.5,0,0,0.0,0,0,0.0,1,2,0.5,0,2,2,1,1,2,1,2,1,-20.0,0.568,0.0,0.0,0.0,0.0,11.7,5.1,5.5,2.4,9.3,53.2,4.0,71.0,110.0,-2.1,123bfb29-0e3a-4bec-92f3-78821236f691,ORL,MIL,Away,114,118,0
Cole Anthony,1,32.61666666666667,7,17,0.412,1,6,0.167,3,3,1.0,4,7,11,6,2,0,0,2,18,16.0,0.491,0.441,0.353,0.176,10.9,24.5,16.9,25.4,2.9,0.0,0.0,23.2,123.0,111.0,6.7,123bfb29-0e3a-4bec-92f3-78821236f691,ORL,MIL,Away,114,118,0
Moritz Wagner,1,26.583333333333332,10,15,0.667,1,4,0.25,0,0,0.0,3,5,8,2,1,1,1,1,21,23.0,0.7,0.7,0.267,0.0,10.0,21.5,15.0,13.4,1.8,3.4,6.3,24.9,135.0,113.0,10.8,123bfb29-0e3a-4bec-92f3-78821236f691,ORL,MIL,Away,114,118,0
Caleb Houstan,1,18.283333333333335,0,3,0.0,0,3,0.0,0,0,0.0,0,1,1,0,0,1,0,2,0,10.0,0.0,0.0,1.0,0.0,0.0,6.3,2.7,0.0,0.0,5.0,0.0,6.8,0.0,120.0,-13.4,123bfb29-0e3a-4bec-92f3-78821236f691,ORL,MIL,Away,114,118,0
Jonathan Isaac,1,14.0,2,7,0.286,0,0,0.0,0,1,0.0,3,1,4,0,1,3,1,2,4,6.0,0.269,0.286,0.0,0.143,19.0,8.2,14.3,0.0,3.3,19.4,11.8,24.9,70.0,103.0,-9.2,123bfb29-0e3a-4bec-92f3-78821236f691,ORL,MIL,Away,114,118,0
Goga Bitadze,0,0.0,0,0,0.0,0,0,0.0,0,0,0.0,0,0,0,0,0,0,0,0,0,0.0,0.0,0.0,0.0,0.0,0.0,0.0,0.0,0.0,0.0,0.0,0.0,0.0,0.0,0.0,0.0,123bfb29-0e3a-4bec-92f3-78821236f691,ORL,MIL,Away,114,118,0
Chuma Okeke,0,0.0,0,0,0.0,0,0,0.0,0,0,0.0,0,0,0,0,0,0,0,0,0,0.0,0.0,0.0,0.0,0.0,0.0,0.0,0.0,0.0,0.0,0.0,0.0,0.0,0.0,0.0,0.0,123bfb29-0e3a-4bec-92f3-78821236f691,ORL,MIL,Away,114,118,0
Admiral Schofield,0,0.0,0,0,0.0,0,0,0.0,0,0,0.0,0,0,0,0,0,0,0,0,0,0.0,0.0,0.0,0.0,0.0,0.0,0.0,0.0,0.0,0.0,0.0,0.0,0.0,0.0,0.0,0.0,123bfb29-0e3a-4bec-92f3-78821236f691,ORL,MIL,Away,114,118,0
Franz Wagner,1,36.3,8,14,0.571,0,2,0.0,8,8,1.0,1,5,6,0,1,0,1,4,24,0.0,0.685,0.571,0.143,0.571,3.7,18.4,11.0,0.0,1.4,0.0,5.4,23.5,139.0,120.0,-1.4,c9c733d2-940b-4ac2-b0be-870315800bcc,ORL,IND,Away,117,110,1
Paolo Banchero,1,36.233333333333334,11,20,0.55,0,0,0.0,12,16,0.75,1,6,7,4,1,0,3,1,34,-2.0,0.629,0.55,0.0,0.8,3.7,22.1,12.9,21.7,1.4,0.0,10.0,38.3,125.0,120.0,2.8,c9c733d2-940b-4ac2-b0be-870315800bcc,ORL,IND,Away,117,110,1
Gary Harris,1,34.5,5,9,0.556,2,4,0.5,3,3,1.0,0,1,1,3,2,0,3,2,15,0.0,0.727,0.667,0.444,0.333,0.0,3.9,1.9,13.0,3.0,0.0,22.5,17.8,118.0,119.0,0.4,c9c733d2-940b-4ac2-b0be-870315800bcc,ORL,IND,Away,117,110,1
Anthony Black,1,28.45,2,3,0.667,0,0,0.0,4,4,1.0,0,3,3,2,1,1,2,2,8,-3.0,0.84,0.667,0.0,1.333,0.0,14.1,7.0,9.5,1.8,3.5,29.6,11.0,126.0,118.0,0.5,c9c733d2-940b-4ac2-b0be-870315800bcc,ORL,IND,Away,117,110,1
Wendell Carter Jr.,1,16.483333333333334,2,6,0.333,0,1,0.0,0,0,0.0,3,5,8,4,0,0,1,1,4,-16.0,0.333,0.333,0.167,0.0,24.3,40.4,32.4,35.1,0.0,0.0,14.3,19.6,107.0,120.0,-1.2,c9c733d2-940b-4ac2-b0be-870315800bcc,ORL,IND,Away,117,110,1
Cole Anthony,1,24.216666666666665,4,11,0.364,2,6,0.333,2,4,0.5,1,5,6,3,1,0,0,3,12,7.0,0.47,0.455,0.545,0.364,5.5,27.5,16.5,19.1,2.1,0.0,0.0,24.3,115.0,117.0,-1.4,c9c733d2-940b-4ac2-b0be-870315800bcc,ORL,IND,Away,117,110,1
Caleb Houstan,1,20.533333333333335,2,4,0.5,2,4,0.5,0,0,0.0,1,2,3,0,1,0,1,3,6,17.0,0.75,0.75,1.0,0.0,6.5,13.0,9.7,0.0,2.5,0.0,20.0,11.2,121.0,119.0,-1.3,c9c733d2-940b-4ac2-b0be-870315800bcc,ORL,IND,Away,117,110,1
Moritz Wagner,1,20.033333333333335,3,3,1.0,0,0,0.0,3,4,0.75,2,1,3,3,0,0,0,1,9,12.0,0.945,1.0,0.0,1.333,13.3,6.7,10.0,22.6,0.0,0.0,0.0,11.0,201.0,126.0,8.4,c9c733d2-940b-4ac2-b0be-870315800bcc,ORL,IND,Away,117,110,1
Jonathan Isaac,1,11.816666666666666,2,3,0.667,0,1,0.0,0,0,0.0,0,1,1,1,0,3,0,0,4,9.0,0.667,0.667,0.333,0.0,0.0,11.3,5.6,13.2,0.0,25.4,0.0,11.7,145.0,106.0,10.4,c9c733d2-940b-4ac2-b0be-870315800bcc,ORL,IND,Away,117,110,1
Goga Bitadze,1,11.433333333333334,0,0,0.0,0,0,0.0,1,2,0.5,1,0,1,2,2,1,2,1,1,11.0,0.568,0.0,0.0,0.0,11.7,0.0,5.8,21.5,9.0,8.7,69.4,11.6,79.0,99.0,5.2,c9c733d2-940b-4ac2-b0be-870315800bcc,ORL,IND,Away,117,110,1
Chuma Okeke,0,0.0,0,0,0.0,0,0,0.0,0,0,0.0,0,0,0,0,0,0,0,0,0,0.0,0.0,0.0,0.0,0.0,0.0,0.0,0.0,0.0,0.0,0.0,0.0,0.0,0.0,0.0,0.0,c9c733d2-940b-4ac2-b0be-870315800bcc,ORL,IND,Away,117,110,1
Admiral Schofield,0,0.0,0,0,0.0,0,0,0.0,0,0,0.0,0,0,0,0,0,0,0,0,0,0.0,0.0,0.0,0.0,0.0,0.0,0.0,0.0,0.0,0.0,0.0,0.0,0.0,0.0,0.0,0.0,c9c733d2-940b-4ac2-b0be-870315800bcc,ORL,IND,Away,117,110,1
Franz Wagner,1,38.4,10,17,0.588,2,4,0.5,6,8,0.75,0,8,8,9,1,1,2,3,28,26.0,0.682,0.647,0.235,0.471,0.0,23.3,11.5,30.8,1.2,2.8,8.9,23.5,135.0,111.0,7.0,9bba3b46-f58e-4738-8da5-1c962e5c16d4,ORL,WAS,Away,127,119,1
Paolo Banchero,1,38.233333333333334,10,22,0.455,0,1,0.0,4,8,0.5,1,2,3,8,1,1,3,1,24,0.0,0.47,0.455,0.045,0.364,2.9,5.8,4.3,27.6,1.2,2.8,10.5,29.8,99.0,115.0,-4.0,9bba3b46-f58e-4738-8da5-1c962e5c16d4,ORL,WAS,Away,127,119,1
Anthony Black,1,32.583333333333336,9,13,0.692,4,6,0.667,1,1,1.0,1,5,6,1,4,0,5,4,23,-2.0,0.856,0.846,0.462,0.077,3.3,17.1,10.2,4.1,5.5,0.0,27.1,22.6,111.0,103.0,4.6,9bba3b46-f58e-4738-8da5-1c962e5c16d4,ORL,WAS,Away,127,119,1
Jalen Suggs,1,29.216666666666665,4,11,0.364,3,10,0.3,0,0,0.0,1,2,3,1,3,1,2,1,11,-1.0,0.5,0.5,0.909,0.0,3.7,7.6,5.7,3.9,4.6,3.7,15.4,17.8,88.0,106.0,-2.1,9bba3b46-f58e-4738-8da5-1c962e5c16d4,ORL,WAS,Away,127,119,1
Wendell Carter Jr.,1,21.316666666666666,2,3,0.667,1,1,1.0,1,2,0.5,0,4,4,2,0,1,2,1,6,12.0,0.773,0.833,0.333,0.667,0.0,20.9,10.4,10.1,0.0,5.0,34.0,11.0,103.0,113.0,-2.5,9bba3b46-f58e-4738-8da5-1c962e5c16d4,ORL,WAS,Away,127,119,1
Cole Anthony,1,22.583333333333332,4,11,0.364,1,3,0.333,2,2,1.0,0,3,3,4,1,0,1,2,11,5.0,0.463,0.409,0.273,0.182,0.0,14.8,7.3,21.0,2.0,0.0,7.8,22.8,100.0,112.0,-4.5,9bba3b46-f58e-4738-8da5-1c962e5c16d4,ORL,WAS,Away,127,119,1
Gary Harris,1,19.266666666666666,1,2,0.5,1,1,1.0,0,0,0.0,0,0,0,1,1,0,1,3,3,4.0,0.75,0.75,0.5,0.0,0.0,0.0,0.0,5.4,2.3,0.0,33.3,6.2,99.0,115.0,-6.3,9bba3b46-f58e-4738-8da5-1c962e5c16d4,ORL,WAS,Away,127,119,1
Moritz Wagner,1,15.166666666666666,5,9,0.556,0,0,0.0,1,2,0.5,0,5,5,1,0,0,0,1,11,-3.0,0.557,0.556,0.0,0.222,0.0,36.8,18.2,9.5,0.0,0.0,0.0,26.1,112.0,112.0,-2.6,9bba3b46-f58e-4738-8da5-1c962e5c16d4,ORL,WAS,Away,127,119,1
Caleb Houstan,1,11.716666666666667,0,0,0.0,0,0,0.0,0,0,0.0,0,1,1,0,0,0,0,0,0,0.0,0.0,0.0,0.0,0.0,0.0,9.5,4.7,0.0,0.0,0.0,0.0,0.0,0.0,119.0,-7.4,9bba3b46-f58e-4738-8da5-1c962e5c16d4,ORL,WAS,Away,127,119,1
Goga Bitadze,1,11.516666666666667,4,5,0.8,0,0,0.0,2,2,1.0,4,3,7,3,0,1,0,0,10,-1.0,0.85,0.8,0.0,0.4,37.9,29.1,33.5,38.7,0.0,9.3,0.0,20.4,189.0,109.0,23.6,9bba3b46-f58e-4738-8da5-1c962e5c16d4,ORL,WAS,Away,127,119,1
Chuma Okeke,0,0.0,0,0,0.0,0,0,0.0,0,0,0.0,0,0,0,0,0,0,0,0,0,0.0,0.0,0.0,0.0,0.0,0.0,0.0,0.0,0.0,0.0,0.0,0.0,0.0,0.0,0.0,0.0,9bba3b46-f58e-4738-8da5-1c962e5c16d4,ORL,WAS,Away,127,119,1
Paolo Banchero,1,37.86666666666667,6,21,0.286,1,8,0.125,6,7,0.857,0,9,9,4,1,1,1,0,19,-18.0,0.395,0.31,0.381,0.333,0.0,24.8,12.5,21.7,1.3,1.9,4.0,30.1,89.0,114.0,-2.3,e4c64573-bca4-4595-8615-9ef0efc95c12,ORL,PHI,Home,92,112,0
Franz Wagner,1,36.166666666666664,8,16,0.5,1,5,0.2,7,8,0.875,0,5,5,3,1,0,4,4,24,-22.0,0.615,0.531,0.313,0.5,0.0,14.4,7.3,19.5,1.4,0.0,17.0,29.6,106.0,118.0,-1.5,e4c64573-bca4-4595-8615-9ef0efc95c12,ORL,PHI,Home,92,112,0
Jalen Suggs,1,28.383333333333333,8,12,0.667,1,2,0.5,3,3,1.0,1,1,2,1,1,1,3,5,20,-17.0,0.751,0.708,0.167,0.25,3.8,3.7,3.7,9.7,1.8,2.5,18.4,26.1,119.0,118.0,2.3,e4c64573-bca4-4595-8615-9ef0efc95c12,ORL,PHI,Home,92,112,0
Anthony Black,1,23.45,1,6,0.167,1,3,0.333,0,0,0.0,1,3,4,4,1,1,0,2,3,-3.0,0.25,0.25,0.5,0.0,4.5,13.3,9.0,28.3,2.1,3.0,0.0,11.6,89.0,114.0,-0.6,e4c64573-bca4-4595-8615-9ef0efc95c12,ORL,PHI,Home,92,112,0
Wendell Carter Jr.,1,22.15,1,4,0.25,0,2,0.0,2,2,1.0,2,2,4,1,0,2,1,0,4,-8.0,0.41,0.25,0.5,0.5,9.6,9.4,9.5,7.5,0.0,6.4,17.0,12.1,94.0,118.0,-4.4,e4c64573-bca4-4595-8615-9ef0efc95c12,ORL,PHI,Home,92,112,0
Caleb Houstan,1,25.933333333333334,2,4,0.5,2,4,0.5,1,1,1.0,2,4,6,2,0,0,2,2,7,-10.0,0.788,0.75,1.0,0.25,8.2,16.1,12.2,13.6,0.0,0.0,31.1,11.3,119.0,120.0,-1.4,e4c64573-bca4-4595-8615-9ef0efc95c12,ORL,PHI,Home,92,112,0
Cole Anthony,1,23.183333333333334,2,7,0.286,1,4,0.25,0,1,0.0,2,4,6,1,0,1,4,1,5,-14.0,0.336,0.357,0.571,0.143,9.2,18.0,13.7,7.7,0.0,3.0,35.0,22.4,55.0,118.0,-13.6,e4c64573-bca4-4595-8615-9ef0efc95c12,ORL,PHI,Home,92,112,0
Moritz Wagner,1,15.783333333333333,0,3,0.0,0,1,0.0,2,2,1.0,0,2,2,1,0,0,1,2,2,-2.0,0.258,0.0,0.333,0.667,0.0,13.2,6.7,9.8,0.0,0.0,20.5,14.1,55.0,121.0,-15.4,e4c64573-bca4-4595-8615-9ef0efc95c12,ORL,PHI,Home,92,112,0
Chuma Okeke,1,14.516666666666667,1,3,0.333,1,2,0.5,0,0,0.0,1,3,4,0,0,1,0,2,3,-2.0,0.5,0.5,0.667,0.0,7.3,21.6,14.5,0.0,0.0,4.9,0.0,9.4,114.0,115.0,-2.1,e4c64573-bca4-4595-8615-9ef0efc95c12,ORL,PHI,Home,92,112,0
Goga Bitadze,1,8.816666666666666,1,1,1.0,0,0,0.0,0,0,0.0,0,1,1,0,0,4,0,0,2,-13.0,1.0,1.0,0.0,0.0,0.0,11.8,6.0,0.0,0.0,32.0,0.0,5.2,200.0,97.0,13.0,e4c64573-bca4-4595-8615-9ef0efc95c12,ORL,PHI,Home,92,112,0
Jett Howard,1,1.25,1,1,1.0,1,1,1.0,0,0,0.0,0,0,0,0,0,0,0,0,3,3.0,1.5,1.5,1.0,0.0,0.0,0.0,0.0,0.0,0.0,0.0,0.0,36.4,300.0,125.0,79.3,e4c64573-bca4-4595-8615-9ef0efc95c12,ORL,PHI,Home,92,112,0
Trevelin Queen,1,1.25,0,1,0.0,0,1,0.0,0,0,0.0,0,0,0,0,1,0,0,0,0,3.0,0.0,0.0,1.0,0.0,0.0,0.0,0.0,0.0,39.8,0.0,0.0,36.4,0.0,40.0,10.5,e4c64573-bca4-4595-8615-9ef0efc95c12,ORL,PHI,Home,92,112,0
Admiral Schofield,1,1.25,0,0,0.0,0,0,0.0,0,0,0.0,0,0,0,0,0,0,0,0,0,3.0,0.0,0.0,0.0,0.0,0.0,0.0,0.0,0.0,0.0,0.0,0.0,0.0,0.0,125.0,-8.6,e4c64573-bca4-4595-8615-9ef0efc95c12,ORL,PHI,Home,92,112,0
Franz Wagner,1,39.38333333333333,11,19,0.579,3,5,0.6,7,7,1.0,2,7,9,2,4,1,4,1,32,15.0,0.725,0.658,0.263,0.368,5.1,20.8,12.3,9.2,4.6,2.2,15.3,26.1,127.0,96.0,12.2,21f9a774-8675-41b5-bd8e-588ddc475bfa,ORL,NYK,Home,117,108,1
Paolo Banchero,1,35.63333333333333,9,19,0.474,2,6,0.333,9,12,0.75,1,9,10,4,1,1,2,3,29,4.0,0.597,0.526,0.316,0.632,2.8,29.6,15.1,19.3,1.3,2.4,7.6,29.1,123.0,102.0,7.5,21f9a774-8675-41b5-bd8e-588ddc475bfa,ORL,NYK,Home,117,108,1
Jalen Suggs,1,31.033333333333335,8,15,0.533,2,7,0.286,3,6,0.5,0,2,2,6,0,1,3,4,21,9.0,0.595,0.6,0.467,0.4,0.0,7.5,3.5,33.6,0.0,2.8,14.5,26.3,111.0,108.0,2.3,21f9a774-8675-41b5-bd8e-588ddc475bfa,ORL,NYK,Home,117,108,1
Goga Bitadze,1,30.433333333333334,4,8,0.5,0,0,0.0,5,8,0.625,3,4,7,0,1,2,2,3,13,16.0,0.564,0.5,0.0,1.0,9.9,15.4,12.4,0.0,1.5,5.6,14.8,17.5,108.0,101.0,-2.6,21f9a774-8675-41b5-bd8e-588ddc475bfa,ORL,NYK,Home,117,108,1
Anthony Black,1,29.383333333333333,2,2,1.0,0,0,0.0,0,0,0.0,2,4,6,5,2,0,1,4,4,0.0,1.0,1.0,0.0,0.0,6.8,15.9,11.0,22.2,3.1,0.0,33.3,4.0,158.0,102.0,4.8,21f9a774-8675-41b5-bd8e-588ddc475bfa,ORL,NYK,Home,117,108,1
Cole Anthony,1,23.416666666666668,3,8,0.375,0,3,0.0,3,4,0.75,0,2,2,5,2,0,1,2,9,6.0,0.461,0.375,0.375,0.5,0.0,10.0,4.6,30.3,3.9,0.0,9.3,18.1,108.0,101.0,2.6,21f9a774-8675-41b5-bd8e-588ddc475bfa,ORL,NYK,Home,117,108,1
Caleb Houstan,1,20.783333333333335,0,5,0.0,0,5,0.0,0,0,0.0,2,0,2,0,0,0,1,1,0,-3.0,0.0,0.0,1.0,0.0,9.6,0.0,5.2,0.0,0.0,0.0,16.7,11.4,26.0,111.0,-15.9,21f9a774-8675-41b5-bd8e-588ddc475bfa,ORL,NYK,Home,117,108,1
Moritz Wagner,1,17.566666666666666,2,8,0.25,0,3,0.0,3,3,1.0,4,7,11,1,0,1,1,1,7,-7.0,0.376,0.25,0.375,0.375,22.8,46.7,33.8,7.9,0.0,4.9,9.7,23.2,99.0,100.0,-3.1,21f9a774-8675-41b5-bd8e-588ddc475bfa,ORL,NYK,Home,117,108,1
Chuma Okeke,1,12.366666666666667,1,5,0.2,0,4,0.0,0,0,0.0,0,0,0,1,0,0,0,1,2,5.0,0.2,0.2,0.8,0.0,0.0,0.0,0.0,10.7,0.0,0.0,0.0,16.0,58.0,111.0,-12.5,21f9a774-8675-41b5-bd8e-588ddc475bfa,ORL,NYK,Home,117,108,1
Wendell Carter Jr.,0,0.0,0,0,0.0,0,0,0.0,0,0,0.0,0,0,0,0,0,0,0,0,0,0.0,0.0,0.0,0.0,0.0,0.0,0.0,0.0,0.0,0.0,0.0,0.0,0.0,0.0,0.0,0.0,21f9a774-8675-41b5-bd8e-588ddc475bfa,ORL,NYK,Home,117,108,1
Trevelin Queen,0,0.0,0,0,0.0,0,0,0.0,0,0,0.0,0,0,0,0,0,0,0,0,0,0.0,0.0,0.0,0.0,0.0,0.0,0.0,0.0,0.0,0.0,0.0,0.0,0.0,0.0,0.0,0.0,21f9a774-8675-41b5-bd8e-588ddc475bfa,ORL,NYK,Home,117,108,1
Franz Wagner,1,38.88333333333333,11,25,0.44,2,8,0.25,3,3,1.0,1,6,7,6,0,1,2,4,27,-8.0,0.513,0.48,0.32,0.12,3.3,17.2,10.8,26.1,0.0,2.0,7.1,31.7,110.0,116.0,2.3,d0fb321b-1bd0-4256-8216-1b71639947a9,ORL,PHO,Away,107,112,0
Paolo Banchero,1,37.03333333333333,12,23,0.522,2,6,0.333,2,2,1.0,0,9,9,7,0,1,3,1,28,-6.0,0.586,0.565,0.261,0.087,0.0,27.1,14.6,34.3,0.0,2.1,11.2,31.6,115.0,115.0,8.0,d0fb321b-1bd0-4256-8216-1b71639947a9,ORL,PHO,Away,107,112,0
Jalen Suggs,1,28.85,1,10,0.1,1,7,0.143,1,2,0.5,0,4,4,3,0,1,1,4,4,-10.0,0.184,0.15,0.7,0.2,0.0,15.5,8.3,12.4,0.0,2.7,8.4,17.9,53.0,116.0,-12.9,d0fb321b-1bd0-4256-8216-1b71639947a9,ORL,PHO,Away,107,112,0
Goga Bitadze,1,21.983333333333334,3,5,0.6,0,0,0.0,0,0,0.0,4,3,7,1,0,1,2,4,6,-15.0,0.6,0.6,0.0,0.0,23.6,15.2,19.1,6.2,0.0,3.6,28.6,13.9,110.0,115.0,-4.6,d0fb321b-1bd0-4256-8216-1b71639947a9,ORL,PHO,Away,107,112,0
Anthony Black,1,21.75,1,3,0.333,0,1,0.0,0,0,0.0,0,2,2,0,0,0,2,2,2,-19.0,0.333,0.333,0.333,0.0,0.0,10.3,5.5,0.0,0.0,0.0,40.0,10.0,39.0,119.0,-12.9,d0fb321b-1bd0-4256-8216-1b71639947a9,ORL,PHO,Away,107,112,0
Gary Harris,1,32.46666666666667,2,7,0.286,1,6,0.167,0,0,0.0,0,2,2,2,0,0,0,1,5,7.0,0.357,0.357,0.857,0.0,0.0,6.9,3.7,7.6,0.0,0.0,0.0,9.4,90.0,120.0,-5.8,d0fb321b-1bd0-4256-8216-1b71639947a9,ORL,PHO,Away,107,112,0
Wendell Carter Jr.,1,23.866666666666667,6,7,0.857,3,3,1.0,2,2,1.0,1,4,5,2,0,0,3,2,17,14.0,1.079,1.071,0.429,0.286,5.4,18.7,12.6,13.4,0.0,0.0,27.6,19.8,146.0,118.0,11.6,d0fb321b-1bd0-4256-8216-1b71639947a9,ORL,PHO,Away,107,112,0
Cole Anthony,1,18.15,4,7,0.571,2,4,0.5,3,3,1.0,1,4,5,0,1,0,2,0,13,8.0,0.781,0.714,0.571,0.429,7.1,24.6,16.5,0.0,2.7,0.0,19.4,24.7,125.0,111.0,8.6,d0fb321b-1bd0-4256-8216-1b71639947a9,ORL,PHO,Away,107,112,0
Moritz Wagner,1,9.5,2,3,0.667,1,2,0.5,0,0,0.0,1,3,4,1,1,0,0,0,5,-2.0,0.833,0.833,0.667,0.0,13.7,35.3,25.3,15.8,5.2,0.0,0.0,13.7,177.0,104.0,19.4,d0fb321b-1bd0-4256-8216-1b71639947a9,ORL,PHO,Away,107,112,0
Caleb Houstan,1,7.383333333333334,0,0,0.0,0,0,0.0,0,0,0.0,0,0,0,0,0,0,0,0,0,8.0,0.0,0.0,0.0,0.0,0.0,0.0,0.0,0.0,0.0,0.0,0.0,0.0,0.0,121.0,-5.2,d0fb321b-1bd0-4256-8216-1b71639947a9,ORL,PHO,Away,107,112,0
Chuma Okeke,1,0.13333333333333333,0,0,0.0,0,0,0.0,0,0,0.0,0,0,0,0,0,0,0,0,0,-2.0,0.0,0.0,0.0,0.0,0.0,0.0,0.0,0.0,0.0,0.0,0.0,0.0,0.0,121.0,-4.3,d0fb321b-1bd0-4256-8216-1b71639947a9,ORL,PHO,Away,107,112,0
Jonathan Isaac,0,0.0,0,0,0.0,0,0,0.0,0,0,0.0,0,0,0,0,0,0,0,0,0,0.0,0.0,0.0,0.0,0.0,0.0,0.0,0.0,0.0,0.0,0.0,0.0,0.0,0.0,0.0,0.0,d0fb321b-1bd0-4256-8216-1b71639947a9,ORL,PHO,Away,107,112,0
Trevelin Queen,0,0.0,0,0,0.0,0,0,0.0,0,0,0.0,0,0,0,0,0,0,0,0,0,0.0,0.0,0.0,0.0,0.0,0.0,0.0,0.0,0.0,0.0,0.0,0.0,0.0,0.0,0.0,0.0,d0fb321b-1bd0-4256-8216-1b71639947a9,ORL,PHO,Away,107,112,0
Franz Wagner,1,36.68333333333333,10,19,0.526,1,5,0.2,4,4,1.0,2,4,6,3,2,0,4,4,25,-1.0,0.602,0.553,0.263,0.211,6.1,15.4,10.2,14.1,2.7,0.0,16.2,27.2,116.0,125.0,1.1,c6300bf7-f7e0-42b8-97a2-d35abab50189,ORL,GSW,Away,115,121,0
Paolo Banchero,1,34.38333333333333,8,20,0.4,3,8,0.375,8,11,0.727,4,8,12,6,2,1,5,4,27,-8.0,0.543,0.475,0.4,0.55,13.0,32.8,21.8,28.1,2.9,3.2,16.8,35.0,114.0,119.0,6.9,c6300bf7-f7e0-42b8-97a2-d35abab50189,ORL,GSW,Away,115,121,0
Jalen Suggs,1,31.383333333333333,3,14,0.214,3,7,0.429,1,2,0.5,1,1,2,3,0,0,4,2,10,-9.0,0.336,0.321,0.5,0.143,3.6,4.5,4.0,12.6,0.0,0.0,21.2,24.2,73.0,133.0,-13.9,c6300bf7-f7e0-42b8-97a2-d35abab50189,ORL,GSW,Away,115,121,0
Goga Bitadze,1,26.216666666666665,6,6,1.0,1,1,1.0,0,0,0.0,3,4,7,1,1,1,0,3,13,-15.0,1.083,1.083,0.167,0.0,12.8,21.5,16.6,6.1,1.9,4.3,0.0,9.2,220.0,123.0,11.2,c6300bf7-f7e0-42b8-97a2-d35abab50189,ORL,GSW,Away,115,121,0
Anthony Black,1,13.3,0,2,0.0,0,1,0.0,0,0,0.0,0,0,0,0,1,0,1,2,0,-1.0,0.0,0.0,0.5,0.0,0.0,0.0,0.0,0.0,3.7,0.0,33.3,9.1,0.0,125.0,-14.6,c6300bf7-f7e0-42b8-97a2-d35abab50189,ORL,GSW,Away,115,121,0
Gary Harris,1,28.7,3,7,0.429,2,6,0.333,0,0,0.0,0,2,2,2,0,0,0,1,8,3.0,0.571,0.571,0.857,0.0,0.0,9.8,4.3,9.3,0.0,0.0,0.0,9.8,142.0,132.0,-1.5,c6300bf7-f7e0-42b8-97a2-d35abab50189,ORL,GSW,Away,115,121,0
Cole Anthony,1,25.816666666666666,3,8,0.375,1,2,0.5,1,1,1.0,3,1,4,2,0,1,2,4,8,-4.0,0.474,0.438,0.25,0.125,13.0,5.5,9.7,10.5,0.0,4.3,19.2,16.3,105.0,130.0,-5.5,c6300bf7-f7e0-42b8-97a2-d35abab50189,ORL,GSW,Away,115,121,0
Wendell Carter Jr.,1,19.866666666666667,1,5,0.2,0,1,0.0,4,4,1.0,0,2,2,1,1,1,0,1,6,4.0,0.444,0.2,0.2,0.8,0.0,14.2,6.3,6.3,2.5,5.6,0.0,13.7,121.0,123.0,-0.9,c6300bf7-f7e0-42b8-97a2-d35abab50189,ORL,GSW,Away,115,121,0
Moritz Wagner,1,15.533333333333333,5,8,0.625,1,2,0.5,1,1,1.0,3,2,5,1,1,0,1,2,12,7.0,0.711,0.688,0.25,0.125,21.6,18.2,20.1,12.1,3.2,0.0,10.6,24.5,144.0,123.0,10.4,c6300bf7-f7e0-42b8-97a2-d35abab50189,ORL,GSW,Away,115,121,0
Caleb Houstan,1,8.116666666666667,2,3,0.667,2,3,0.667,0,0,0.0,0,1,1,0,0,0,0,1,6,-6.0,1.0,1.0,1.0,0.0,0.0,17.4,7.7,0.0,0.0,0.0,0.0,14.9,203.0,130.0,13.3,c6300bf7-f7e0-42b8-97a2-d35abab50189,ORL,GSW,Away,115,121,0
Chuma Okeke,0,0.0,0,0,0.0,0,0,0.0,0,0,0.0,0,0,0,0,0,0,0,0,0,0.0,0.0,0.0,0.0,0.0,0.0,0.0,0.0,0.0,0.0,0.0,0.0,0.0,0.0,0.0,0.0,c6300bf7-f7e0-42b8-97a2-d35abab50189,ORL,GSW,Away,115,121,0
Trevelin Queen,0,0.0,0,0,0.0,0,0,0.0,0,0,0.0,0,0,0,0,0,0,0,0,0,0.0,0.0,0.0,0.0,0.0,0.0,0.0,0.0,0.0,0.0,0.0,0.0,0.0,0.0,0.0,0.0,c6300bf7-f7e0-42b8-97a2-d35abab50189,ORL,GSW,Away,115,121,0
Paolo Banchero,1,45.35,13,25,0.52,6,9,0.667,11,14,0.786,1,3,4,5,0,0,8,4,43,-2.0,0.69,0.64,0.36,0.56,2.7,7.7,5.3,23.4,0.0,0.0,20.4,41.1,110.0,129.0,-3.2,a416e726-cc19-4b4a-8c29-bd589a083f14,ORL,SAC,Away,135,138,0
Jalen Suggs,1,39.25,8,18,0.444,6,12,0.5,2,2,1.0,1,2,3,4,2,2,4,4,24,-13.0,0.636,0.611,0.667,0.111,3.1,5.9,4.6,18.4,2.6,4.5,17.5,27.7,106.0,121.0,0.5,a416e726-cc19-4b4a-8c29-bd589a083f14,ORL,SAC,Away,135,138,0
Goga Bitadze,1,28.066666666666666,2,5,0.4,0,1,0.0,2,2,1.0,1,5,6,2,1,3,1,3,6,-15.0,0.51,0.4,0.2,0.4,4.4,20.7,12.8,10.4,1.8,9.5,14.5,11.7,111.0,115.0,-2.5,a416e726-cc19-4b4a-8c29-bd589a083f14,ORL,SAC,Away,135,138,0
Gary Harris,1,11.55,2,4,0.5,1,3,0.333,0,1,0.0,0,1,1,1,1,0,1,2,5,-8.0,0.563,0.625,0.75,0.25,0.0,10.0,5.2,14.8,4.4,0.0,18.4,22.4,90.0,118.0,-6.0,a416e726-cc19-4b4a-8c29-bd589a083f14,ORL,SAC,Away,135,138,0
Franz Wagner,1,5.25,2,4,0.5,1,1,1.0,1,1,1.0,0,2,2,1,0,0,0,0,6,-1.0,0.676,0.625,0.25,0.25,0.0,44.2,22.8,50.4,0.0,0.0,0.0,40.2,136.0,116.0,14.0,a416e726-cc19-4b4a-8c29-bd589a083f14,ORL,SAC,Away,135,138,0
Trevelin Queen,1,38.06666666666667,2,7,0.286,0,3,0.0,1,2,0.5,0,2,2,6,2,1,0,5,5,1.0,0.317,0.286,0.429,0.286,0.0,6.1,3.1,22.3,2.7,2.3,0.0,9.9,108.0,122.0,-4.7,a416e726-cc19-4b4a-8c29-bd589a083f14,ORL,SAC,Away,135,138,0
Caleb Houstan,1,30.916666666666668,4,6,0.667,4,6,0.667,3,3,1.0,0,2,2,1,4,0,1,2,15,6.0,1.025,1.0,1.0,0.5,0.0,7.5,3.9,5.1,6.6,0.0,12.0,12.8,162.0,114.0,10.4,a416e726-cc19-4b4a-8c29-bd589a083f14,ORL,SAC,Away,135,138,0
Chuma Okeke,1,27.35,4,5,0.8,3,4,0.75,0,0,0.0,1,6,7,3,0,1,0,2,11,4.0,1.1,1.1,0.8,0.0,4.5,25.4,15.3,17.9,0.0,3.3,0.0,8.7,215.0,121.0,10.5,a416e726-cc19-4b4a-8c29-bd589a083f14,ORL,SAC,Away,135,138,0
Anthony Black,1,24.516666666666666,4,7,0.571,1,1,1.0,0,0,0.0,1,1,2,4,0,0,1,1,9,-1.0,0.643,0.643,0.143,0.0,5.0,4.7,4.9,27.4,0.0,0.0,12.5,15.5,133.0,130.0,-1.5,a416e726-cc19-4b4a-8c29-bd589a083f14,ORL,SAC,Away,135,138,0
Wendell Carter Jr.,1,21.15,3,7,0.429,3,3,1.0,0,0,0.0,1,6,7,3,0,0,1,4,9,9.0,0.643,0.643,0.429,0.0,5.8,32.9,19.8,23.0,0.0,0.0,12.5,18.0,125.0,119.0,-0.1,a416e726-cc19-4b4a-8c29-bd589a083f14,ORL,SAC,Away,135,138,0
Moritz Wagner,1,12.816666666666666,0,2,0.0,0,1,0.0,2,2,1.0,1,2,3,2,0,0,3,2,2,0.0,0.347,0.0,0.5,1.0,9.6,18.1,14.0,20.6,0.0,0.0,51.0,21.8,68.0,124.0,-19.2,a416e726-cc19-4b4a-8c29-bd589a083f14,ORL,SAC,Away,135,138,0
Admiral Schofield,1,5.716666666666667,0,0,0.0,0,0,0.0,0,0,0.0,0,0,0,1,0,0,0,1,0,5.0,0.0,0.0,0.0,0.0,0.0,0.0,0.0,23.1,0.0,0.0,0.0,0.0,257.0,131.0,-3.5,a416e726-cc19-4b4a-8c29-bd589a083f14,ORL,SAC,Away,135,138,0
Paolo Banchero,1,40.68333333333333,8,21,0.381,1,4,0.25,15,19,0.789,1,9,10,11,3,0,5,2,32,2.0,0.545,0.405,0.19,0.905,2.9,27.9,15.1,41.1,3.5,0.0,14.6,36.5,119.0,114.0,3.7,55515238-9574-472f-b8c4-f5b5f3889045,ORL,DEN,Away,122,120,1
Moritz Wagner,1,37.81666666666667,8,14,0.571,2,4,0.5,1,2,0.5,3,8,11,3,2,0,0,4,19,1.0,0.638,0.643,0.286,0.143,9.5,26.7,17.9,12.3,2.5,0.0,0.0,17.0,146.0,116.0,2.9,55515238-9574-472f-b8c4-f5b5f3889045,ORL,DEN,Away,122,120,1
Jalen Suggs,1,33.88333333333333,9,15,0.6,7,9,0.778,2,4,0.5,2,2,4,1,0,1,2,3,27,1.0,0.805,0.833,0.6,0.267,7.1,7.5,7.3,5.0,0.0,2.3,10.7,24.0,140.0,123.0,6.4,55515238-9574-472f-b8c4-f5b5f3889045,ORL,DEN,Away,122,120,1
Chuma Okeke,1,28.516666666666666,1,3,0.333,1,3,0.333,0,2,0.0,3,4,7,1,1,1,4,1,3,-2.0,0.387,0.5,1.0,0.667,12.6,17.7,15.1,4.3,1.7,2.7,50.8,12.0,65.0,118.0,-7.0,55515238-9574-472f-b8c4-f5b5f3889045,ORL,DEN,Away,122,120,1
Anthony Black,1,4.666666666666667,0,1,0.0,0,0,0.0,0,0,0.0,0,0,0,1,0,0,0,1,0,-6.0,0.0,0.0,0.0,0.0,0.0,0.0,0.0,25.1,0.0,0.0,0.0,9.3,69.0,126.0,-13.1,55515238-9574-472f-b8c4-f5b5f3889045,ORL,DEN,Away,122,120,1
Cole Anthony,1,31.033333333333335,8,15,0.533,3,8,0.375,4,4,1.0,0,2,2,4,1,0,3,2,23,2.0,0.686,0.633,0.533,0.267,0.0,8.1,4.0,21.6,1.5,0.0,15.2,27.5,125.0,122.0,1.9,55515238-9574-472f-b8c4-f5b5f3889045,ORL,DEN,Away,122,120,1
Trevelin Queen,1,30.75,2,4,0.5,0,1,0.0,1,1,1.0,1,4,5,2,2,1,0,4,5,10.0,0.563,0.5,0.25,0.25,3.9,16.4,10.0,8.2,3.1,2.5,0.0,6.2,146.0,115.0,-0.1,55515238-9574-472f-b8c4-f5b5f3889045,ORL,DEN,Away,122,120,1
Caleb Houstan,1,24.083333333333332,3,6,0.5,2,5,0.4,0,2,0.0,0,0,0,1,0,0,0,3,8,2.0,0.581,0.667,0.833,0.333,0.0,0.0,0.0,5.7,0.0,0.0,0.0,12.4,120.0,126.0,-5.7,55515238-9574-472f-b8c4-f5b5f3889045,ORL,DEN,Away,122,120,1
Admiral Schofield,1,8.533333333333333,2,3,0.667,1,2,0.5,0,0,0.0,1,0,1,1,0,0,0,0,5,0.0,0.833,0.833,0.667,0.0,14.1,0.0,7.2,18.9,0.0,0.0,0.0,15.2,181.0,127.0,9.8,55515238-9574-472f-b8c4-f5b5f3889045,ORL,DEN,Away,122,120,1
Goga Bitadze,0,0.0,0,0,0.0,0,0,0.0,0,0,0.0,0,0,0,0,0,0,0,0,0,0.0,0.0,0.0,0.0,0.0,0.0,0.0,0.0,0.0,0.0,0.0,0.0,0.0,0.0,0.0,0.0,55515238-9574-472f-b8c4-f5b5f3889045,ORL,DEN,Away,122,120,1
Wendell Carter Jr.,0,0.0,0,0,0.0,0,0,0.0,0,0,0.0,0,0,0,0,0,0,0,0,0,0.0,0.0,0.0,0.0,0.0,0.0,0.0,0.0,0.0,0.0,0.0,0.0,0.0,0.0,0.0,0.0,55515238-9574-472f-b8c4-f5b5f3889045,ORL,DEN,Away,122,120,1
Paolo Banchero,1,44.9,13,29,0.448,4,7,0.571,5,7,0.714,1,9,10,4,3,1,2,2,35,18.0,0.546,0.517,0.241,0.241,2.1,20.4,11.0,17.1,3.4,1.9,5.9,33.9,111.0,99.0,7.9,930147ac-5d36-4be1-95c5-4befbf76a3af,ORL,ATL,Home,117,110,1
Chuma Okeke,1,38.28333333333333,1,5,0.2,1,5,0.2,0,0,0.0,0,7,7,2,0,0,1,0,3,17.0,0.3,0.3,1.0,0.0,0.0,18.6,9.1,6.7,0.0,0.0,16.7,7.0,70.0,109.0,-5.7,930147ac-5d36-4be1-95c5-4befbf76a3af,ORL,ATL,Home,117,110,1
Caleb Houstan,1,36.416666666666664,8,15,0.533,7,14,0.5,2,3,0.667,1,1,2,4,1,0,0,2,25,13.0,0.766,0.767,0.933,0.2,2.6,2.8,2.7,18.6,1.4,0.0,0.0,20.0,159.0,108.0,13.4,930147ac-5d36-4be1-95c5-4befbf76a3af,ORL,ATL,Home,117,110,1
Jalen Suggs,1,29.25,6,13,0.462,4,7,0.571,0,0,0.0,1,4,5,3,1,0,1,6,16,16.0,0.615,0.615,0.538,0.0,3.3,13.9,8.5,16.9,1.7,0.0,7.1,21.4,123.0,104.0,2.4,930147ac-5d36-4be1-95c5-4befbf76a3af,ORL,ATL,Home,117,110,1
Goga Bitadze,1,27.583333333333332,5,6,0.833,0,0,0.0,1,2,0.5,7,7,14,3,0,2,0,4,11,14.0,0.799,0.833,0.0,0.333,24.5,25.9,25.1,17.3,0.0,6.3,0.0,11.1,186.0,101.0,9.3,930147ac-5d36-4be1-95c5-4befbf76a3af,ORL,ATL,Home,117,110,1
Cole Anthony,1,30.666666666666668,3,13,0.231,0,3,0.0,4,4,1.0,0,9,9,5,0,0,4,5,10,-17.0,0.339,0.231,0.231,0.308,0.0,29.9,14.5,22.9,0.0,0.0,21.3,27.3,72.0,105.0,-14.0,930147ac-5d36-4be1-95c5-4befbf76a3af,ORL,ATL,Home,117,110,1
Moritz Wagner,1,25.416666666666668,6,12,0.5,1,4,0.25,2,2,1.0,2,5,7,0,1,0,0,2,15,-7.0,0.582,0.542,0.333,0.167,7.6,20.1,13.6,0.0,2.0,0.0,0.0,22.6,125.0,103.0,1.7,930147ac-5d36-4be1-95c5-4befbf76a3af,ORL,ATL,Home,117,110,1
Markelle Fultz,1,14.85,0,2,0.0,0,0,0.0,0,4,0.0,0,2,2,4,1,0,1,0,0,-6.0,0.0,0.0,0.0,2.0,0.0,13.7,6.7,33.2,3.4,0.0,21.0,14.3,47.0,102.0,-6.9,930147ac-5d36-4be1-95c5-4befbf76a3af,ORL,ATL,Home,117,110,1
Anthony Black,1,11.583333333333334,0,2,0.0,0,1,0.0,0,0,0.0,0,0,0,0,1,0,1,1,0,-10.0,0.0,0.0,0.5,0.0,0.0,0.0,0.0,0.0,4.3,0.0,33.3,11.6,0.0,102.0,-15.3,930147ac-5d36-4be1-95c5-4befbf76a3af,ORL,ATL,Home,117,110,1
Trevelin Queen,1,6.05,1,1,1.0,0,0,0.0,0,0,0.0,1,0,1,0,0,0,1,2,2,-3.0,1.0,1.0,0.0,0.0,15.9,0.0,8.2,0.0,0.0,0.0,50.0,14.8,99.0,109.0,-10.4,930147ac-5d36-4be1-95c5-4befbf76a3af,ORL,ATL,Home,117,110,1
Joe Ingles,0,0.0,0,0,0.0,0,0,0.0,0,0,0.0,0,0,0,0,0,0,0,0,0,0.0,0.0,0.0,0.0,0.0,0.0,0.0,0.0,0.0,0.0,0.0,0.0,0.0,0.0,0.0,0.0,930147ac-5d36-4be1-95c5-4befbf76a3af,ORL,ATL,Home,117,110,1
Admiral Schofield,0,0.0,0,0,0.0,0,0,0.0,0,0,0.0,0,0,0,0,0,0,0,0,0,0.0,0.0,0.0,0.0,0.0,0.0,0.0,0.0,0.0,0.0,0.0,0.0,0.0,0.0,0.0,0.0,930147ac-5d36-4be1-95c5-4befbf76a3af,ORL,ATL,Home,117,110,1
Paolo Banchero,1,35.06666666666667,8,22,0.364,1,4,0.25,1,4,0.25,0,2,2,3,3,1,4,4,18,-30.0,0.379,0.386,0.182,0.182,0.0,7.8,2.9,17.8,4.2,2.7,14.4,33.4,72.0,112.0,-6.8,4c362d7e-a49a-414d-ac2b-e17b1094ab0c,ORL,MIN,Home,92,113,0
Caleb Houstan,1,34.13333333333333,3,12,0.25,2,10,0.2,0,0,0.0,3,4,7,2,0,0,0,2,8,-18.0,0.333,0.333,0.833,0.0,7.2,16.1,10.5,9.4,0.0,0.0,0.0,14.8,91.0,123.0,-7.4,4c362d7e-a49a-414d-ac2b-e17b1094ab0c,ORL,MIN,Home,92,113,0
Chuma Okeke,1,27.0,1,10,0.1,1,8,0.125,0,0,0.0,2,8,10,1,0,1,0,2,3,-9.0,0.15,0.15,0.8,0.0,6.0,40.6,18.9,5.5,0.0,3.6,0.0,15.6,52.0,117.0,-11.7,4c362d7e-a49a-414d-ac2b-e17b1094ab0c,ORL,MIN,Home,92,113,0
Jalen Suggs,1,26.7,8,14,0.571,4,8,0.5,0,1,0.0,1,4,5,2,3,0,2,2,20,-16.0,0.693,0.714,0.571,0.071,3.0,20.5,9.6,18.3,5.5,0.0,12.2,25.9,118.0,110.0,12.5,4c362d7e-a49a-414d-ac2b-e17b1094ab0c,ORL,MIN,Home,92,113,0
Goga Bitadze,1,16.55,1,3,0.333,0,0,0.0,0,0,0.0,4,2,6,1,1,2,1,4,2,-8.0,0.333,0.333,0.0,0.0,19.7,16.6,18.5,9.3,3.0,11.6,25.0,10.2,95.0,106.0,-6.1,4c362d7e-a49a-414d-ac2b-e17b1094ab0c,ORL,MIN,Home,92,113,0
Moritz Wagner,1,31.45,6,9,0.667,1,4,0.25,8,11,0.727,3,5,8,2,2,0,1,3,21,-13.0,0.759,0.722,0.444,1.222,7.8,21.8,13.0,12.3,3.1,0.0,6.7,19.9,152.0,115.0,9.0,4c362d7e-a49a-414d-ac2b-e17b1094ab0c,ORL,MIN,Home,92,113,0
Trevelin Queen,1,28.383333333333333,3,9,0.333,3,4,0.75,2,2,1.0,1,2,3,3,1,0,2,1,11,-10.0,0.557,0.5,0.444,0.222,2.9,9.7,5.4,17.5,1.7,0.0,16.8,17.6,106.0,120.0,-0.7,4c362d7e-a49a-414d-ac2b-e17b1094ab0c,ORL,MIN,Home,92,113,0
Anthony Black,1,21.25,1,4,0.25,1,3,0.333,0,0,0.0,0,1,1,4,3,1,2,2,3,0.0,0.375,0.375,0.75,0.0,0.0,6.5,2.4,28.5,6.9,4.5,33.3,11.9,76.0,105.0,1.7,4c362d7e-a49a-414d-ac2b-e17b1094ab0c,ORL,MIN,Home,92,113,0
Markelle Fultz,1,12.683333333333334,2,7,0.286,0,0,0.0,0,0,0.0,1,2,3,2,0,0,0,0,4,-3.0,0.286,0.286,0.0,0.0,6.4,21.6,12.1,28.6,0.0,0.0,0.0,23.3,83.0,122.0,-7.1,4c362d7e-a49a-414d-ac2b-e17b1094ab0c,ORL,MIN,Home,92,113,0
Cole Anthony,1,6.783333333333333,1,4,0.25,0,1,0.0,0,0,0.0,1,0,1,0,0,0,0,2,2,2.0,0.25,0.25,0.25,0.0,12.0,0.0,7.5,0.0,0.0,0.0,0.0,24.8,68.0,124.0,-19.5,4c362d7e-a49a-414d-ac2b-e17b1094ab0c,ORL,MIN,Home,92,113,0
Wendell Carter Jr.,0,0.0,0,0,0.0,0,0,0.0,0,0,0.0,0,0,0,0,0,0,0,0,0,0.0,0.0,0.0,0.0,0.0,0.0,0.0,0.0,0.0,0.0,0.0,0.0,0.0,0.0,0.0,0.0,4c362d7e-a49a-414d-ac2b-e17b1094ab0c,ORL,MIN,Home,92,113,0
Joe Ingles,1,0.0,0,0,0.0,0,0,0.0,0,0,0.0,0,0,0,0,0,0,0,0,0,0.0,0.0,0.0,0.0,0.0,0.0,0.0,0.0,0.0,0.0,0.0,0.0,0.0,0.0,0.0,0.0,4c362d7e-a49a-414d-ac2b-e17b1094ab0c,ORL,MIN,Home,92,113,0
Paolo Banchero,1,36.25,10,26,0.385,1,7,0.143,4,6,0.667,3,5,8,6,0,0,4,2,25,10.0,0.436,0.404,0.269,0.231,10.2,16.6,13.4,34.9,0.0,0.0,12.3,42.5,93.0,115.0,-6.8,a4465084-9399-42de-8310-4c1456437ee1,ORL,MIA,Away,96,99,0
Caleb Houstan,1,31.95,3,9,0.333,3,9,0.333,0,0,0.0,1,1,2,3,0,0,0,4,9,2.0,0.5,0.5,1.0,0.0,3.9,3.8,3.8,14.3,0.0,0.0,0.0,13.3,120.0,120.0,-5.7,a4465084-9399-42de-8310-4c1456437ee1,ORL,MIA,Away,96,99,0
Chuma Okeke,1,29.2,6,10,0.6,4,8,0.5,0,0,0.0,2,2,4,2,0,1,1,0,16,-17.0,0.8,0.8,0.8,0.0,8.4,8.2,8.3,12.6,0.0,2.9,9.1,17.8,142.0,116.0,7.7,a4465084-9399-42de-8310-4c1456437ee1,ORL,MIA,Away,96,99,0
Goga Bitadze,1,19.4,1,1,1.0,0,0,0.0,0,2,0.0,0,9,9,1,1,1,0,1,2,-10.0,0.532,1.0,0.0,2.0,0.0,55.7,28.2,7.4,2.7,4.3,0.0,4.6,106.0,94.0,-0.2,a4465084-9399-42de-8310-4c1456437ee1,ORL,MIA,Away,96,99,0
Jalen Suggs,1,13.833333333333334,1,5,0.2,0,4,0.0,0,0,0.0,0,0,0,0,0,3,0,3,2,-11.0,0.2,0.2,0.8,0.0,0.0,0.0,0.0,0.0,0.0,18.3,0.0,17.0,46.0,110.0,-11.5,a4465084-9399-42de-8310-4c1456437ee1,ORL,MIA,Away,96,99,0
Moritz Wagner,1,28.6,7,9,0.778,0,1,0.0,5,5,1.0,1,4,5,4,1,1,1,5,19,7.0,0.848,0.778,0.111,0.556,4.3,16.8,10.6,27.7,1.9,2.9,8.2,20.1,165.0,109.0,9.5,a4465084-9399-42de-8310-4c1456437ee1,ORL,MIA,Away,96,99,0
Cole Anthony,1,27.316666666666666,2,8,0.25,0,2,0.0,1,2,0.5,1,2,3,0,2,1,0,1,5,2.0,0.282,0.25,0.25,0.25,4.5,8.8,6.7,0.0,3.9,3.1,0.0,15.3,70.0,108.0,-9.6,a4465084-9399-42de-8310-4c1456437ee1,ORL,MIA,Away,96,99,0
Joe Ingles,1,20.05,5,10,0.5,4,8,0.5,0,1,0.0,0,0,0,6,3,0,2,2,14,0.0,0.67,0.7,0.8,0.1,0.0,0.0,0.0,59.8,8.0,0.0,16.1,29.3,122.0,104.0,16.7,a4465084-9399-42de-8310-4c1456437ee1,ORL,MIA,Away,96,99,0
Markelle Fultz,1,16.966666666666665,1,2,0.5,0,0,0.0,1,2,0.5,2,1,3,3,2,1,2,2,3,-6.0,0.521,0.5,0.0,1.0,14.5,7.1,10.7,25.6,6.3,5.0,41.0,13.6,99.0,102.0,2.3,a4465084-9399-42de-8310-4c1456437ee1,ORL,MIA,Away,96,99,0
Anthony Black,1,9.25,0,1,0.0,0,0,0.0,1,2,0.5,0,3,3,1,1,0,0,0,1,4.0,0.266,0.0,0.0,2.0,0.0,38.9,19.7,14.4,5.7,0.0,0.0,9.6,87.0,96.0,-1.0,a4465084-9399-42de-8310-4c1456437ee1,ORL,MIA,Away,96,99,0
Trevelin Queen,1,7.183333333333334,0,1,0.0,0,1,0.0,0,0,0.0,0,1,1,0,0,0,1,0,0,4.0,0.0,0.0,1.0,0.0,0.0,16.7,8.5,0.0,0.0,0.0,50.0,13.1,0.0,115.0,-23.3,a4465084-9399-42de-8310-4c1456437ee1,ORL,MIA,Away,96,99,0
Wendell Carter Jr.,1,0.0,0,0,0.0,0,0,0.0,0,0,0.0,0,0,0,0,0,0,0,0,0,0.0,0.0,0.0,0.0,0.0,0.0,0.0,0.0,0.0,0.0,0.0,0.0,0.0,0.0,0.0,0.0,a4465084-9399-42de-8310-4c1456437ee1,ORL,MIA,Away,96,99,0
Paolo Banchero,1,36.36666666666667,8,19,0.421,0,4,0.0,4,7,0.571,2,7,9,8,0,2,2,4,20,-7.0,0.453,0.421,0.211,0.368,5.9,18.1,12.4,37.1,0.0,4.6,8.3,29.0,104.0,115.0,2.2,461f2908-1562-4aaf-9da6-a0f7cbb72271,ORL,OKC,Away,100,112,0
Caleb Houstan,1,34.65,5,13,0.385,4,12,0.333,0,0,0.0,1,2,3,2,1,0,3,0,14,-13.0,0.538,0.538,0.923,0.0,3.1,5.4,4.3,8.6,1.4,0.0,18.8,20.2,93.0,119.0,-1.8,461f2908-1562-4aaf-9da6-a0f7cbb72271,ORL,OKC,Away,100,112,0
Goga Bitadze,1,22.183333333333334,4,6,0.667,0,1,0.0,0,0,0.0,2,7,9,2,2,0,1,2,8,-1.0,0.667,0.667,0.167,0.0,9.6,29.7,20.3,14.3,4.5,0.0,14.3,13.8,127.0,105.0,5.9,461f2908-1562-4aaf-9da6-a0f7cbb72271,ORL,OKC,Away,100,112,0
Jalen Suggs,1,19.683333333333334,4,8,0.5,1,3,0.333,0,0,0.0,1,3,4,0,0,0,1,3,9,-9.0,0.563,0.563,0.375,0.0,5.4,14.3,10.2,0.0,0.0,0.0,11.1,20.0,102.0,119.0,-6.5,461f2908-1562-4aaf-9da6-a0f7cbb72271,ORL,OKC,Away,100,112,0
Chuma Okeke,1,19.0,2,6,0.333,1,5,0.2,0,0,0.0,1,3,4,2,0,0,0,1,5,-3.0,0.417,0.417,0.833,0.0,5.6,14.9,10.5,14.9,0.0,0.0,0.0,13.8,108.0,119.0,-1.5,461f2908-1562-4aaf-9da6-a0f7cbb72271,ORL,OKC,Away,100,112,0
Anthony Black,1,33.13333333333333,5,8,0.625,0,1,0.0,3,6,0.5,0,4,4,1,1,1,1,2,13,-9.0,0.611,0.625,0.125,0.75,0.0,11.4,6.0,4.6,1.5,2.5,8.6,15.4,114.0,115.0,-0.6,461f2908-1562-4aaf-9da6-a0f7cbb72271,ORL,OKC,Away,100,112,0
Cole Anthony,1,24.583333333333332,6,11,0.545,1,3,0.333,1,2,0.5,2,2,4,2,1,1,2,4,14,-6.0,0.589,0.591,0.273,0.182,8.7,7.7,8.1,14.3,2.0,3.4,14.4,24.7,109.0,115.0,1.7,461f2908-1562-4aaf-9da6-a0f7cbb72271,ORL,OKC,Away,100,112,0
Moritz Wagner,1,18.216666666666665,2,6,0.333,0,3,0.0,0,0,0.0,0,4,4,2,0,1,3,1,4,-9.0,0.333,0.333,0.5,0.0,0.0,20.7,11.0,15.6,0.0,4.5,33.3,21.6,55.0,114.0,-11.7,461f2908-1562-4aaf-9da6-a0f7cbb72271,ORL,OKC,Away,100,112,0
Trevelin Queen,1,17.083333333333332,3,6,0.5,0,3,0.0,1,1,1.0,0,4,4,1,0,3,2,2,7,4.0,0.543,0.5,0.5,0.167,0.0,22.0,11.7,9.2,0.0,14.5,23.7,21.6,86.0,107.0,0.7,461f2908-1562-4aaf-9da6-a0f7cbb72271,ORL,OKC,Away,100,112,0
Jonathan Isaac,1,15.1,0,1,0.0,0,0,0.0,6,8,0.75,2,3,5,1,0,0,0,3,6,-7.0,0.664,0.0,0.0,8.0,14.1,18.7,16.6,8.2,0.0,0.0,0.0,13.1,161.0,118.0,0.3,461f2908-1562-4aaf-9da6-a0f7cbb72271,ORL,OKC,Away,100,112,0
Wendell Carter Jr.,1,0.0,0,0,0.0,0,0,0.0,0,0,0.0,0,0,0,0,0,0,0,0,0,0.0,0.0,0.0,0.0,0.0,0.0,0.0,0.0,0.0,0.0,0.0,0.0,0.0,0.0,0.0,0.0,461f2908-1562-4aaf-9da6-a0f7cbb72271,ORL,OKC,Away,100,112,0
Admiral Schofield,0,0.0,0,0,0.0,0,0,0.0,0,0,0.0,0,0,0,0,0,0,0,0,0,0.0,0.0,0.0,0.0,0.0,0.0,0.0,0.0,0.0,0.0,0.0,0.0,0.0,0.0,0.0,0.0,461f2908-1562-4aaf-9da6-a0f7cbb72271,ORL,OKC,Away,100,112,0
Paolo Banchero,1,32.6,9,19,0.474,0,2,0.0,2,5,0.4,1,5,6,3,0,0,2,1,20,-12.0,0.472,0.474,0.105,0.263,3.6,16.0,10.2,17.8,0.0,0.0,8.6,33.7,96.0,112.0,-2.2,3ee0b867-7c7b-4901-be85-8b599ce9c46e,ORL,NYK,Away,98,94,1
Goga Bitadze,1,29.0,1,3,0.333,0,0,0.0,1,2,0.5,4,7,11,3,0,0,0,3,3,-10.0,0.387,0.333,0.0,0.667,16.1,25.2,20.9,13.7,0.0,0.0,0.0,6.3,139.0,107.0,-0.9,3ee0b867-7c7b-4901-be85-8b599ce9c46e,ORL,NYK,Away,98,94,1
Jalen Suggs,1,26.85,1,8,0.125,1,6,0.167,1,2,0.5,0,5,5,4,0,0,2,3,4,-6.0,0.225,0.188,0.75,0.25,0.0,19.4,10.3,19.7,0.0,0.0,18.4,19.2,61.0,110.0,-13.2,3ee0b867-7c7b-4901-be85-8b599ce9c46e,ORL,NYK,Away,98,94,1
Chuma Okeke,1,25.516666666666666,5,7,0.714,4,5,0.8,1,1,1.0,2,1,3,0,0,1,0,1,15,-5.0,1.008,1.0,0.714,0.143,9.2,4.1,6.5,0.0,0.0,4.4,0.0,13.8,195.0,115.0,15.6,3ee0b867-7c7b-4901-be85-8b599ce9c46e,ORL,NYK,Away,98,94,1
Caleb Houstan,1,21.383333333333333,1,7,0.143,1,7,0.143,4,5,0.8,1,0,1,0,0,0,0,4,7,-11.0,0.38,0.214,1.0,0.714,5.5,0.0,2.6,0.0,0.0,0.0,0.0,20.4,98.0,119.0,-11.8,3ee0b867-7c7b-4901-be85-8b599ce9c46e,ORL,NYK,Away,98,94,1
Cole Anthony,1,26.1,6,12,0.5,0,3,0.0,3,4,0.75,2,2,4,5,2,0,2,2,15,18.0,0.545,0.5,0.25,0.333,9.0,8.0,8.5,34.1,4.3,0.0,12.7,28.6,115.0,106.0,8.4,3ee0b867-7c7b-4901-be85-8b599ce9c46e,ORL,NYK,Away,98,94,1
Markelle Fultz,1,23.466666666666665,3,8,0.375,0,0,0.0,0,0,0.0,1,4,5,7,0,0,0,2,6,11.0,0.375,0.375,0.0,0.0,5.0,17.8,11.8,44.9,0.0,0.0,0.0,16.2,120.0,111.0,2.7,3ee0b867-7c7b-4901-be85-8b599ce9c46e,ORL,NYK,Away,98,94,1
Joe Ingles,1,20.266666666666666,3,6,0.5,0,1,0.0,0,0,0.0,0,1,1,4,0,0,1,2,6,6.0,0.5,0.5,0.167,0.0,0.0,5.1,2.7,30.7,0.0,0.0,14.3,16.4,108.0,117.0,-3.9,3ee0b867-7c7b-4901-be85-8b599ce9c46e,ORL,NYK,Away,98,94,1
Wendell Carter Jr.,1,18.883333333333333,7,11,0.636,1,3,0.333,2,2,1.0,1,2,3,0,0,1,0,1,17,14.0,0.715,0.682,0.273,0.182,6.2,11.1,8.8,0.0,0.0,5.9,0.0,29.8,148.0,111.0,13.9,3ee0b867-7c7b-4901-be85-8b599ce9c46e,ORL,NYK,Away,98,94,1
Jonathan Isaac,1,15.9,2,4,0.5,1,2,0.5,0,0,0.0,1,6,7,0,0,1,0,1,5,15.0,0.625,0.625,0.5,0.0,7.4,39.4,24.3,0.0,0.0,7.0,0.0,11.9,136.0,98.0,4.0,3ee0b867-7c7b-4901-be85-8b599ce9c46e,ORL,NYK,Away,98,94,1
Anthony Black,0,0.0,0,0,0.0,0,0,0.0,0,0,0.0,0,0,0,0,0,0,0,0,0,0.0,0.0,0.0,0.0,0.0,0.0,0.0,0.0,0.0,0.0,0.0,0.0,0.0,0.0,0.0,0.0,3ee0b867-7c7b-4901-be85-8b599ce9c46e,ORL,NYK,Away,98,94,1
Trevelin Queen,0,0.0,0,0,0.0,0,0,0.0,0,0,0.0,0,0,0,0,0,0,0,0,0,0.0,0.0,0.0,0.0,0.0,0.0,0.0,0.0,0.0,0.0,0.0,0.0,0.0,0.0,0.0,0.0,3ee0b867-7c7b-4901-be85-8b599ce9c46e,ORL,NYK,Away,98,94,1
Moritz Wagner,0,0.0,0,0,0.0,0,0,0.0,0,0,0.0,0,0,0,0,0,0,0,0,0,0.0,0.0,0.0,0.0,0.0,0.0,0.0,0.0,0.0,0.0,0.0,0.0,0.0,0.0,0.0,0.0,3ee0b867-7c7b-4901-be85-8b599ce9c46e,ORL,NYK,Away,98,94,1
Paolo Banchero,1,38.13333333333333,8,25,0.32,1,5,0.2,9,11,0.818,0,4,4,4,2,1,1,1,26,-10.0,0.436,0.34,0.2,0.44,0.0,14.8,6.2,17.4,2.7,2.5,3.2,35.1,106.0,114.0,-1.1,a30d8477-78ec-4290-b1e8-f40ea7b99543,ORL,ATL,Away,104,106,0
Chuma Okeke,1,29.833333333333332,3,9,0.333,0,4,0.0,0,0,0.0,3,4,7,1,3,1,1,1,6,-8.0,0.333,0.333,0.444,0.0,10.3,18.9,13.9,4.7,5.1,3.2,10.0,14.5,87.0,108.0,-3.0,a30d8477-78ec-4290-b1e8-f40ea7b99543,ORL,ATL,Away,104,106,0
Jalen Suggs,1,27.7,6,7,0.857,3,3,1.0,1,2,0.5,2,2,4,1,0,0,2,3,16,-1.0,1.015,1.071,0.429,0.286,7.4,10.2,8.6,6.1,0.0,0.0,20.2,15.5,153.0,122.0,3.4,a30d8477-78ec-4290-b1e8-f40ea7b99543,ORL,ATL,Away,104,106,0
Goga Bitadze,1,24.0,5,8,0.625,0,1,0.0,0,0,0.0,7,3,10,3,1,2,1,3,10,-2.0,0.625,0.625,0.125,0.0,29.8,17.6,24.7,20.7,2.1,7.8,11.1,16.3,144.0,112.0,6.2,a30d8477-78ec-4290-b1e8-f40ea7b99543,ORL,ATL,Away,104,106,0
Caleb Houstan,1,13.9,1,7,0.143,1,7,0.143,0,1,0.0,1,0,1,0,1,0,0,3,3,6.0,0.202,0.214,1.0,0.143,7.3,0.0,4.3,0.0,3.7,0.0,0.0,23.2,59.0,117.0,-18.4,a30d8477-78ec-4290-b1e8-f40ea7b99543,ORL,ATL,Away,104,106,0
Markelle Fultz,1,30.25,5,8,0.625,0,0,0.0,0,0,0.0,1,3,4,1,3,0,4,5,10,-8.0,0.625,0.625,0.0,0.0,3.4,14.0,7.8,5.1,5.1,0.0,33.3,17.2,86.0,111.0,-6.9,a30d8477-78ec-4290-b1e8-f40ea7b99543,ORL,ATL,Away,104,106,0
Wendell Carter Jr.,1,24.0,6,7,0.857,3,4,0.75,3,4,0.75,2,3,5,2,2,1,0,1,18,0.0,1.027,1.071,0.571,0.571,8.5,17.6,12.3,14.8,4.3,3.9,0.0,15.8,210.0,109.0,22.5,a30d8477-78ec-4290-b1e8-f40ea7b99543,ORL,ATL,Away,104,106,0
Cole Anthony,1,21.95,3,10,0.3,1,6,0.167,3,4,0.75,0,1,1,1,1,3,1,1,10,2.0,0.425,0.35,0.6,0.4,0.0,6.4,2.7,6.7,2.3,12.9,7.8,25.2,94.0,111.0,-1.0,a30d8477-78ec-4290-b1e8-f40ea7b99543,ORL,ATL,Away,104,106,0
Joe Ingles,1,20.233333333333334,1,5,0.2,1,5,0.2,0,0,0.0,0,4,4,3,1,0,3,4,3,3.0,0.3,0.3,1.0,0.0,0.0,27.9,11.7,19.4,2.5,0.0,37.5,17.1,59.0,113.0,-14.9,a30d8477-78ec-4290-b1e8-f40ea7b99543,ORL,ATL,Away,104,106,0
Jonathan Isaac,1,9.85,1,2,0.5,0,0,0.0,0,0,0.0,0,0,0,2,2,0,0,0,2,8.0,0.5,0.5,0.0,0.0,0.0,0.0,0.0,28.6,10.4,0.0,0.0,8.8,141.0,102.0,12.0,a30d8477-78ec-4290-b1e8-f40ea7b99543,ORL,ATL,Away,104,106,0
Anthony Black,1,0.1,0,0,0.0,0,0,0.0,0,0,0.0,0,0,0,0,0,0,0,0,0,0.0,0.0,0.0,0.0,0.0,0.0,0.0,0.0,0.0,0.0,0.0,0.0,0.0,0.0,125.0,-9.9,a30d8477-78ec-4290-b1e8-f40ea7b99543,ORL,ATL,Away,104,106,0
Trevelin Queen,0,0.0,0,0,0.0,0,0,0.0,0,0,0.0,0,0,0,0,0,0,0,0,0,0.0,0.0,0.0,0.0,0.0,0.0,0.0,0.0,0.0,0.0,0.0,0.0,0.0,0.0,0.0,0.0,a30d8477-78ec-4290-b1e8-f40ea7b99543,ORL,ATL,Away,104,106,0
Moritz Wagner,0,0.0,0,0,0.0,0,0,0.0,0,0,0.0,0,0,0,0,0,0,0,0,0,0.0,0.0,0.0,0.0,0.0,0.0,0.0,0.0,0.0,0.0,0.0,0.0,0.0,0.0,0.0,0.0,a30d8477-78ec-4290-b1e8-f40ea7b99543,ORL,ATL,Away,104,106,0
Paolo Banchero,1,32.11666666666667,5,12,0.417,0,1,0.0,4,4,1.0,1,7,8,6,0,1,3,0,14,-12.0,0.509,0.417,0.083,0.333,4.0,25.5,15.3,30.4,0.0,2.6,17.9,23.7,107.0,135.0,-0.9,29ccccf0-ff9f-4335-9b05-8eac395c9b20,ORL,PHI,Home,109,124,0
Jalen Suggs,1,24.716666666666665,5,13,0.385,2,5,0.4,4,4,1.0,0,2,2,2,1,1,1,1,16,-11.0,0.542,0.462,0.385,0.308,0.0,9.5,5.0,14.2,2.2,3.4,6.3,28.9,115.0,137.0,1.5,29ccccf0-ff9f-4335-9b05-8eac395c9b20,ORL,PHI,Home,109,124,0
Chuma Okeke,1,20.066666666666666,3,4,0.75,1,1,1.0,1,2,0.5,0,1,1,0,1,0,1,3,8,-8.0,0.82,0.875,0.25,0.5,0.0,5.8,3.1,0.0,2.7,0.0,17.0,13.3,122.0,139.0,-1.0,29ccccf0-ff9f-4335-9b05-8eac395c9b20,ORL,PHI,Home,109,124,0
Goga Bitadze,1,15.583333333333334,1,2,0.5,0,1,0.0,0,0,0.0,0,2,2,1,1,1,1,4,2,-12.0,0.5,0.5,0.5,0.0,0.0,15.0,7.9,9.1,3.4,5.4,33.3,8.7,79.0,130.0,-5.7,29ccccf0-ff9f-4335-9b05-8eac395c9b20,ORL,PHI,Home,109,124,0
Caleb Houstan,1,15.283333333333333,0,3,0.0,0,2,0.0,0,0,0.0,2,0,2,0,0,0,1,0,0,3.0,0.0,0.0,0.667,0.0,17.0,0.0,8.1,0.0,0.0,0.0,25.0,11.9,38.0,148.0,-17.0,29ccccf0-ff9f-4335-9b05-8eac395c9b20,ORL,PHI,Home,109,124,0
Wendell Carter Jr.,1,26.033333333333335,9,13,0.692,1,2,0.5,6,7,0.857,6,5,11,0,0,0,3,4,25,2.0,0.777,0.731,0.154,0.538,29.9,22.5,26.0,0.0,0.0,0.0,15.7,33.2,137.0,138.0,4.1,29ccccf0-ff9f-4335-9b05-8eac395c9b20,ORL,PHI,Home,109,124,0
Joe Ingles,1,22.233333333333334,3,6,0.5,3,3,1.0,0,0,0.0,0,1,1,3,0,0,0,2,9,-6.0,0.75,0.75,0.5,0.0,0.0,5.3,2.8,21.2,0.0,0.0,0.0,12.2,164.0,146.0,3.3,29ccccf0-ff9f-4335-9b05-8eac395c9b20,ORL,PHI,Home,109,124,0
Markelle Fultz,1,22.0,3,6,0.5,0,0,0.0,1,1,1.0,1,0,1,3,0,0,1,3,7,-9.0,0.543,0.5,0.0,0.167,5.9,0.0,2.8,21.5,0.0,0.0,13.4,15.3,118.0,148.0,-5.9,29ccccf0-ff9f-4335-9b05-8eac395c9b20,ORL,PHI,Home,109,124,0
Cole Anthony,1,20.583333333333332,0,5,0.0,0,1,0.0,3,3,1.0,0,1,1,3,0,0,4,3,3,-12.0,0.237,0.0,0.2,0.6,0.0,5.7,3.0,18.9,0.0,0.0,38.8,22.7,49.0,145.0,-22.6,29ccccf0-ff9f-4335-9b05-8eac395c9b20,ORL,PHI,Home,109,124,0
Anthony Black,1,12.683333333333334,1,2,0.5,1,2,0.5,4,4,1.0,0,3,3,3,0,1,0,2,7,-2.0,0.931,0.75,1.0,2.0,0.0,27.7,14.6,34.2,0.0,6.6,0.0,13.4,209.0,132.0,18.4,29ccccf0-ff9f-4335-9b05-8eac395c9b20,ORL,PHI,Home,109,124,0
Jonathan Isaac,1,12.666666666666666,3,7,0.429,1,3,0.333,0,0,0.0,1,2,3,1,0,1,0,0,7,-3.0,0.5,0.5,0.429,0.0,10.2,18.5,14.6,14.8,0.0,6.6,0.0,25.1,118.0,136.0,2.8,29ccccf0-ff9f-4335-9b05-8eac395c9b20,ORL,PHI,Home,109,124,0
Moritz Wagner,1,6.383333333333334,1,1,1.0,0,0,0.0,2,2,1.0,0,0,0,2,0,0,0,0,4,-5.0,1.064,1.0,0.0,2.0,0.0,0.0,0.0,51.0,0.0,0.0,0.0,13.4,225.0,148.0,22.1,29ccccf0-ff9f-4335-9b05-8eac395c9b20,ORL,PHI,Home,109,124,0
Jett Howard,1,3.216666666666667,2,3,0.667,1,2,0.5,0,0,0.0,0,0,0,0,0,0,0,0,5,0.0,0.833,0.833,0.667,0.0,0.0,0.0,0.0,0.0,0.0,0.0,0.0,42.3,154.0,148.0,25.3,29ccccf0-ff9f-4335-9b05-8eac395c9b20,ORL,PHI,Home,109,124,0
Trevelin Queen,1,3.216666666666667,1,1,1.0,0,0,0.0,0,0,0.0,0,0,0,0,0,0,0,0,2,0.0,1.0,1.0,0.0,0.0,0.0,0.0,0.0,0.0,0.0,0.0,0.0,14.1,200.0,148.0,6.2,29ccccf0-ff9f-4335-9b05-8eac395c9b20,ORL,PHI,Home,109,124,0
Kevon Harris,1,3.216666666666667,0,0,0.0,0,0,0.0,0,0,0.0,0,1,1,0,0,0,1,1,0,0.0,0.0,0.0,0.0,0.0,0.0,36.4,19.1,0.0,0.0,0.0,100.0,14.1,0.0,132.0,-27.9,29ccccf0-ff9f-4335-9b05-8eac395c9b20,ORL,PHI,Home,109,124,0
Wendell Carter Jr.,1,34.11666666666667,7,11,0.636,1,3,0.333,2,2,1.0,2,7,9,2,1,0,1,1,17,21.0,0.715,0.682,0.273,0.182,7.8,22.4,15.8,10.4,1.6,0.0,7.8,17.4,145.0,97.0,8.2,d84bd7b5-df66-4f38-9198-92b59cefef3a,ORL,MIA,Home,105,87,1
Paolo Banchero,1,31.183333333333334,7,14,0.5,3,5,0.6,3,5,0.6,0,10,10,2,0,0,2,2,20,17.0,0.617,0.607,0.357,0.357,0.0,35.0,19.2,11.7,0.0,0.0,11.0,26.9,118.0,95.0,4.1,d84bd7b5-df66-4f38-9198-92b59cefef3a,ORL,MIA,Home,105,87,1
Markelle Fultz,1,29.0,6,8,0.75,0,0,0.0,0,0,0.0,1,0,1,4,2,2,2,3,12,21.0,0.75,0.75,0.0,0.0,4.6,0.0,2.1,24.5,3.8,7.7,20.0,15.9,130.0,98.0,11.0,d84bd7b5-df66-4f38-9198-92b59cefef3a,ORL,MIA,Home,105,87,1
Jalen Suggs,1,28.5,4,11,0.364,1,6,0.167,2,2,1.0,4,0,4,1,1,0,2,4,11,10.0,0.463,0.409,0.545,0.182,18.7,0.0,8.4,5.6,1.9,0.0,14.4,22.4,103.0,106.0,-4.9,d84bd7b5-df66-4f38-9198-92b59cefef3a,ORL,MIA,Home,105,87,1
Franz Wagner,1,27.833333333333332,6,13,0.462,2,5,0.4,5,5,1.0,1,1,2,5,0,0,0,2,19,18.0,0.625,0.538,0.385,0.385,4.8,3.9,4.3,32.4,0.0,0.0,0.0,25.1,152.0,109.0,10.9,d84bd7b5-df66-4f38-9198-92b59cefef3a,ORL,MIA,Home,105,87,1
Joe Ingles,1,17.15,0,2,0.0,0,2,0.0,0,0,0.0,1,2,3,3,0,0,3,0,0,4.0,0.0,0.0,1.0,0.0,7.8,12.7,10.5,22.7,0.0,0.0,60.0,13.4,44.0,105.0,-12.3,d84bd7b5-df66-4f38-9198-92b59cefef3a,ORL,MIA,Home,105,87,1
Cole Anthony,1,16.483333333333334,2,6,0.333,1,2,0.5,0,0,0.0,0,6,6,2,1,1,3,0,5,12.0,0.417,0.417,0.333,0.0,0.0,39.7,21.8,18.7,3.3,6.8,33.3,25.1,68.0,81.0,-0.7,d84bd7b5-df66-4f38-9198-92b59cefef3a,ORL,MIA,Home,105,87,1
Anthony Black,1,13.8,2,5,0.4,1,2,0.5,1,2,0.5,0,0,0,1,0,0,1,3,6,-3.0,0.51,0.5,0.4,0.4,0.0,0.0,0.0,11.6,0.0,0.0,14.5,22.9,98.0,111.0,-8.0,d84bd7b5-df66-4f38-9198-92b59cefef3a,ORL,MIA,Home,105,87,1
Jonathan Isaac,1,13.8,2,3,0.667,0,1,0.0,2,2,1.0,0,1,1,0,0,1,0,0,6,5.0,0.773,0.667,0.333,0.667,0.0,7.9,4.3,0.0,0.0,8.1,0.0,12.9,167.0,103.0,6.0,d84bd7b5-df66-4f38-9198-92b59cefef3a,ORL,MIA,Home,105,87,1
Moritz Wagner,1,10.866666666666667,1,3,0.333,0,0,0.0,6,8,0.75,3,1,4,0,0,0,0,1,8,1.0,0.613,0.333,0.0,2.667,36.8,10.0,22.1,0.0,0.0,0.0,0.0,27.6,153.0,106.0,5.8,d84bd7b5-df66-4f38-9198-92b59cefef3a,ORL,MIA,Home,105,87,1
Caleb Houstan,1,8.216666666666667,0,0,0.0,0,0,0.0,0,0,0.0,0,0,0,1,0,0,0,0,0,-4.0,0.0,0.0,0.0,0.0,0.0,0.0,0.0,15.8,0.0,0.0,0.0,0.0,224.0,111.0,1.0,d84bd7b5-df66-4f38-9198-92b59cefef3a,ORL,MIA,Home,105,87,1
Jett Howard,1,3.0166666666666666,0,0,0.0,0,0,0.0,1,2,0.5,0,1,1,0,0,1,0,0,1,-4.0,0.568,0.0,0.0,0.0,0.0,36.2,19.9,0.0,0.0,37.0,0.0,13.4,123.0,76.0,19.0,d84bd7b5-df66-4f38-9198-92b59cefef3a,ORL,MIA,Home,105,87,1
Chuma Okeke,1,3.0166666666666666,0,2,0.0,0,2,0.0,0,0,0.0,0,2,2,0,0,0,0,0,0,-4.0,0.0,0.0,1.0,0.0,0.0,72.3,39.8,0.0,0.0,0.0,0.0,30.5,0.0,78.0,-30.9,d84bd7b5-df66-4f38-9198-92b59cefef3a,ORL,MIA,Home,105,87,1
Trevelin Queen,1,3.0166666666666666,0,0,0.0,0,0,0.0,0,0,0.0,0,1,1,0,0,0,0,0,0,-4.0,0.0,0.0,0.0,0.0,0.0,36.2,19.9,0.0,0.0,0.0,0.0,0.0,0.0,94.0,-2.0,d84bd7b5-df66-4f38-9198-92b59cefef3a,ORL,MIA,Home,105,87,1
Goga Bitadze,0,0.0,0,0,0.0,0,0,0.0,0,0,0.0,0,0,0,0,0,0,0,0,0,0.0,0.0,0.0,0.0,0.0,0.0,0.0,0.0,0.0,0.0,0.0,0.0,0.0,0.0,0.0,0.0,d84bd7b5-df66-4f38-9198-92b59cefef3a,ORL,MIA,Home,105,87,1
Paolo Banchero,1,29.3,6,14,0.429,1,4,0.25,5,9,0.556,0,3,3,6,0,0,2,2,18,-22.0,0.501,0.464,0.286,0.643,0.0,14.0,6.7,40.7,0.0,0.0,10.0,32.0,104.0,144.0,-3.1,ca15e330-2384-4de2-9c32-bba89d0aab8f,ORL,CLE,Home,99,126,0
Wendell Carter Jr.,1,26.883333333333333,4,9,0.444,1,2,0.5,1,2,0.5,2,7,9,1,2,0,1,2,10,-22.0,0.506,0.5,0.222,0.222,9.4,35.7,22.0,6.6,4.0,0.0,9.2,19.0,102.0,130.0,-2.7,ca15e330-2384-4de2-9c32-bba89d0aab8f,ORL,CLE,Home,99,126,0
Jalen Suggs,1,25.5,2,5,0.4,2,4,0.5,0,0,0.0,0,2,2,3,2,0,3,2,6,-24.0,0.6,0.6,0.8,0.0,0.0,10.8,5.2,18.7,4.2,0.0,37.5,14.7,82.0,135.0,-4.8,ca15e330-2384-4de2-9c32-bba89d0aab8f,ORL,CLE,Home,99,126,0
Franz Wagner,1,24.35,6,11,0.545,2,5,0.4,3,3,1.0,1,2,3,2,0,0,3,2,17,-23.0,0.69,0.636,0.455,0.273,5.2,11.3,8.1,17.8,0.0,0.0,19.6,29.5,110.0,145.0,-1.9,ca15e330-2384-4de2-9c32-bba89d0aab8f,ORL,CLE,Home,99,126,0
Anthony Black,1,18.466666666666665,3,6,0.5,0,1,0.0,1,2,0.5,1,0,1,2,1,0,0,0,7,-18.0,0.509,0.5,0.167,0.333,6.8,0.0,3.6,19.8,2.9,0.0,0.0,17.5,120.0,141.0,-0.2,ca15e330-2384-4de2-9c32-bba89d0aab8f,ORL,CLE,Home,99,126,0
Caleb Houstan,1,23.55,2,3,0.667,2,3,0.667,0,0,0.0,0,2,2,0,0,0,1,2,6,0.0,1.0,1.0,1.0,0.0,0.0,11.6,5.6,0.0,0.0,0.0,25.0,8.0,114.0,145.0,-5.1,ca15e330-2384-4de2-9c32-bba89d0aab8f,ORL,CLE,Home,99,126,0
Chuma Okeke,1,21.166666666666668,1,6,0.167,1,6,0.167,0,0,0.0,0,1,1,0,0,0,0,1,3,-9.0,0.25,0.25,1.0,0.0,0.0,6.5,3.1,0.0,0.0,0.0,0.0,13.3,54.0,146.0,-15.1,ca15e330-2384-4de2-9c32-bba89d0aab8f,ORL,CLE,Home,99,126,0
Moritz Wagner,1,18.466666666666665,4,8,0.5,1,1,1.0,6,8,0.75,1,3,4,1,0,0,0,2,15,-10.0,0.651,0.563,0.125,1.0,6.8,22.3,14.2,11.0,0.0,0.0,0.0,29.3,140.0,143.0,4.1,ca15e330-2384-4de2-9c32-bba89d0aab8f,ORL,CLE,Home,99,126,0
Joe Ingles,1,14.616666666666667,1,1,1.0,0,0,0.0,0,0,0.0,2,2,4,2,1,0,2,2,2,-9.0,1.0,1.0,0.0,0.0,17.3,18.8,18.0,21.4,3.6,0.0,66.7,9.6,103.0,134.0,-4.0,ca15e330-2384-4de2-9c32-bba89d0aab8f,ORL,CLE,Home,99,126,0
Trevelin Queen,1,13.633333333333333,2,4,0.5,0,1,0.0,4,6,0.667,0,1,1,5,1,0,1,0,8,2.0,0.602,0.5,0.25,1.5,0.0,10.1,4.8,65.3,3.9,0.0,13.1,26.3,130.0,136.0,10.9,ca15e330-2384-4de2-9c32-bba89d0aab8f,ORL,CLE,Home,99,126,0
Cole Anthony,1,12.8,2,4,0.5,1,1,1.0,0,0,0.0,0,2,2,2,0,0,2,1,5,-9.0,0.625,0.625,0.25,0.0,0.0,21.4,10.3,28.3,0.0,0.0,33.3,22.0,88.0,143.0,-7.0,ca15e330-2384-4de2-9c32-bba89d0aab8f,ORL,CLE,Home,99,126,0
Goga Bitadze,1,8.616666666666667,1,1,1.0,0,0,0.0,0,0,0.0,1,0,1,1,0,0,0,1,2,4.0,1.0,1.0,0.0,0.0,14.7,0.0,7.6,19.6,0.0,0.0,0.0,5.5,213.0,147.0,0.3,ca15e330-2384-4de2-9c32-bba89d0aab8f,ORL,CLE,Home,99,126,0
Admiral Schofield,1,2.65,0,2,0.0,0,1,0.0,0,0,0.0,0,1,1,0,0,0,0,0,0,5.0,0.0,0.0,0.5,0.0,0.0,51.8,24.8,0.0,0.0,0.0,0.0,35.4,0.0,137.0,-40.7,ca15e330-2384-4de2-9c32-bba89d0aab8f,ORL,CLE,Home,99,126,0
Franz Wagner,1,38.016666666666666,6,15,0.4,4,8,0.5,2,3,0.667,1,4,5,4,1,1,5,1,18,2.0,0.551,0.533,0.533,0.2,2.9,12.6,7.6,16.6,1.3,2.6,23.5,25.7,92.0,114.0,-2.8,c22fd720-03e0-431e-8daa-7e09a4906e3d,ORL,MEM,Away,106,107,0
Wendell Carter Jr.,1,35.4,8,9,0.889,2,3,0.667,2,3,0.667,3,6,9,2,2,2,1,3,20,-5.0,0.969,1.0,0.333,0.333,9.5,20.3,14.7,10.0,2.8,5.5,8.8,14.7,176.0,106.0,12.2,c22fd720-03e0-431e-8daa-7e09a4906e3d,ORL,MEM,Away,106,107,0
Paolo Banchero,1,34.18333333333333,8,20,0.4,2,9,0.222,9,11,0.818,0,5,5,6,2,1,3,3,27,0.0,0.543,0.45,0.45,0.55,0.0,17.6,8.5,31.5,2.9,2.9,10.8,37.3,109.0,108.0,4.9,c22fd720-03e0-431e-8daa-7e09a4906e3d,ORL,MEM,Away,106,107,0
Markelle Fultz,1,21.266666666666666,5,7,0.714,0,0,0.0,0,0,0.0,1,2,3,3,0,0,1,1,10,-2.0,0.714,0.714,0.0,0.0,5.2,11.3,8.2,25.3,0.0,0.0,12.5,17.2,134.0,119.0,1.4,c22fd720-03e0-431e-8daa-7e09a4906e3d,ORL,MEM,Away,106,107,0
Jalen Suggs,1,4.416666666666667,0,2,0.0,0,2,0.0,0,0,0.0,0,0,0,0,0,0,0,0,0,-8.0,0.0,0.0,1.0,0.0,0.0,0.0,0.0,0.0,0.0,0.0,0.0,20.7,0.0,122.0,-27.9,c22fd720-03e0-431e-8daa-7e09a4906e3d,ORL,MEM,Away,106,107,0
Anthony Black,1,26.666666666666668,0,3,0.0,0,1,0.0,2,4,0.5,2,1,3,1,0,0,1,5,2,1.0,0.21,0.0,0.333,1.333,8.4,4.5,6.5,4.7,0.0,0.0,17.4,9.9,69.0,119.0,-14.6,c22fd720-03e0-431e-8daa-7e09a4906e3d,ORL,MEM,Away,106,107,0
Cole Anthony,1,23.366666666666667,2,8,0.25,0,4,0.0,1,2,0.5,0,7,7,4,2,0,0,0,5,10.0,0.282,0.25,0.5,0.25,0.0,35.9,17.3,24.2,4.3,0.0,0.0,17.4,83.0,103.0,-1.5,c22fd720-03e0-431e-8daa-7e09a4906e3d,ORL,MEM,Away,106,107,0
Jonathan Isaac,1,22.15,4,5,0.8,0,1,0.0,2,2,1.0,2,3,5,0,0,0,0,0,10,7.0,0.85,0.8,0.2,0.4,10.1,16.3,13.1,0.0,0.0,0.0,0.0,12.2,179.0,118.0,2.0,c22fd720-03e0-431e-8daa-7e09a4906e3d,ORL,MEM,Away,106,107,0
Joe Ingles,1,17.2,1,5,0.2,0,4,0.0,0,0,0.0,0,0,0,0,0,0,0,0,2,-9.0,0.2,0.2,0.8,0.0,0.0,0.0,0.0,0.0,0.0,0.0,0.0,13.3,44.0,122.0,-16.8,c22fd720-03e0-431e-8daa-7e09a4906e3d,ORL,MEM,Away,106,107,0
Moritz Wagner,1,12.6,4,6,0.667,1,1,1.0,3,4,0.75,0,3,3,0,1,0,0,1,12,4.0,0.773,0.75,0.167,0.667,0.0,28.6,13.8,0.0,4.0,0.0,0.0,28.2,152.0,105.0,14.0,c22fd720-03e0-431e-8daa-7e09a4906e3d,ORL,MEM,Away,106,107,0
Trevelin Queen,1,4.733333333333333,0,1,0.0,0,1,0.0,0,0,0.0,0,0,0,1,0,0,0,0,0,-5.0,0.0,0.0,1.0,0.0,0.0,0.0,0.0,26.7,0.0,0.0,0.0,9.7,54.0,122.0,-9.5,c22fd720-03e0-431e-8daa-7e09a4906e3d,ORL,MEM,Away,106,107,0
Goga Bitadze,0,0.0,0,0,0.0,0,0,0.0,0,0,0.0,0,0,0,0,0,0,0,0,0,0.0,0.0,0.0,0.0,0.0,0.0,0.0,0.0,0.0,0.0,0.0,0.0,0.0,0.0,0.0,0.0,c22fd720-03e0-431e-8daa-7e09a4906e3d,ORL,MEM,Away,106,107,0
Caleb Houstan,0,0.0,0,0,0.0,0,0,0.0,0,0,0.0,0,0,0,0,0,0,0,0,0,0.0,0.0,0.0,0.0,0.0,0.0,0.0,0.0,0.0,0.0,0.0,0.0,0.0,0.0,0.0,0.0,c22fd720-03e0-431e-8daa-7e09a4906e3d,ORL,MEM,Away,106,107,0
Chuma Okeke,0,0.0,0,0,0.0,0,0,0.0,0,0,0.0,0,0,0,0,0,0,0,0,0,0.0,0.0,0.0,0.0,0.0,0.0,0.0,0.0,0.0,0.0,0.0,0.0,0.0,0.0,0.0,0.0,c22fd720-03e0-431e-8daa-7e09a4906e3d,ORL,MEM,Away,106,107,0
Paolo Banchero,1,35.68333333333333,9,18,0.5,2,5,0.4,6,9,0.667,1,3,4,7,0,0,2,1,26,11.0,0.592,0.556,0.278,0.5,3.1,11.5,6.8,32.6,0.0,0.0,8.3,29.2,122.0,109.0,4.9,77bf04b9-49ac-42c0-947c-754000f2d04d,ORL,PHO,Home,113,98,1
Jalen Suggs,1,32.25,4,11,0.364,2,8,0.25,0,0,0.0,1,3,4,5,2,1,2,4,10,4.0,0.455,0.455,0.727,0.0,3.4,12.8,7.5,21.2,3.1,2.5,15.4,17.5,96.0,100.0,-1.7,77bf04b9-49ac-42c0-947c-754000f2d04d,ORL,PHO,Home,113,98,1
Franz Wagner,1,30.966666666666665,3,11,0.273,2,7,0.286,3,3,1.0,2,6,8,7,1,0,2,2,11,18.0,0.446,0.364,0.636,0.273,7.0,26.6,15.7,29.8,1.6,0.0,14.0,20.1,107.0,104.0,0.0,77bf04b9-49ac-42c0-947c-754000f2d04d,ORL,PHO,Home,113,98,1
Markelle Fultz,1,27.383333333333333,7,10,0.7,0,0,0.0,0,0,0.0,1,1,2,4,5,0,0,3,14,1.0,0.7,0.7,0.0,0.0,4.0,5.0,4.4,24.4,9.1,0.0,0.0,15.9,151.0,91.0,13.5,77bf04b9-49ac-42c0-947c-754000f2d04d,ORL,PHO,Home,113,98,1
Wendell Carter Jr.,1,23.316666666666666,4,8,0.5,1,4,0.25,0,0,0.0,0,3,3,1,0,1,0,1,9,-6.0,0.563,0.563,0.5,0.0,0.0,17.6,7.8,6.3,0.0,3.5,0.0,14.9,115.0,105.0,-1.6,77bf04b9-49ac-42c0-947c-754000f2d04d,ORL,PHO,Home,113,98,1
Jonathan Isaac,1,22.933333333333334,3,7,0.429,1,2,0.5,2,4,0.5,1,2,3,1,1,2,1,2,9,17.0,0.514,0.5,0.286,0.571,4.8,12.0,7.9,6.0,2.2,7.1,10.2,18.5,101.0,98.0,-1.7,77bf04b9-49ac-42c0-947c-754000f2d04d,ORL,PHO,Home,113,98,1
Moritz Wagner,1,22.75,5,13,0.385,0,0,0.0,6,8,0.75,5,7,12,1,1,1,0,1,16,20.0,0.484,0.385,0.0,0.615,24.0,42.2,32.0,6.9,2.2,3.6,0.0,31.6,120.0,98.0,4.3,77bf04b9-49ac-42c0-947c-754000f2d04d,ORL,PHO,Home,113,98,1
Joe Ingles,1,13.3,2,4,0.5,2,4,0.5,0,0,0.0,0,2,2,2,0,0,0,3,6,-1.0,0.75,0.75,1.0,0.0,0.0,20.6,9.1,21.4,0.0,0.0,0.0,13.1,156.0,107.0,1.8,77bf04b9-49ac-42c0-947c-754000f2d04d,ORL,PHO,Home,113,98,1
Anthony Black,1,13.25,1,2,0.5,0,1,0.0,2,2,1.0,0,1,1,1,0,1,0,1,4,4.0,0.694,0.5,0.5,1.0,0.0,10.4,4.6,9.7,0.0,6.1,0.0,9.4,159.0,104.0,1.2,77bf04b9-49ac-42c0-947c-754000f2d04d,ORL,PHO,Home,113,98,1
Cole Anthony,1,10.433333333333334,2,5,0.4,1,2,0.5,0,0,0.0,0,1,1,1,2,0,0,3,5,3.0,0.5,0.5,0.4,0.0,0.0,13.1,5.8,14.5,9.5,0.0,0.0,20.8,108.0,88.0,4.7,77bf04b9-49ac-42c0-947c-754000f2d04d,ORL,PHO,Home,113,98,1
Caleb Houstan,1,1.9333333333333333,1,1,1.0,1,1,1.0,0,0,0.0,0,0,0,0,0,0,0,0,3,1.0,1.5,1.5,1.0,0.0,0.0,0.0,0.0,0.0,0.0,0.0,0.0,22.5,300.0,110.0,46.5,77bf04b9-49ac-42c0-947c-754000f2d04d,ORL,PHO,Home,113,98,1
Goga Bitadze,1,1.9333333333333333,0,0,0.0,0,0,0.0,0,0,0.0,0,0,0,0,0,1,0,0,0,1.0,0.0,0.0,0.0,0.0,0.0,0.0,0.0,0.0,0.0,42.1,0.0,0.0,0.0,74.0,8.4,77bf04b9-49ac-42c0-947c-754000f2d04d,ORL,PHO,Home,113,98,1
Chuma Okeke,1,1.9333333333333333,0,1,0.0,0,1,0.0,0,0,0.0,0,0,0,0,0,0,0,0,0,1.0,0.0,0.0,1.0,0.0,0.0,0.0,0.0,0.0,0.0,0.0,0.0,22.5,0.0,110.0,-29.7,77bf04b9-49ac-42c0-947c-754000f2d04d,ORL,PHO,Home,113,98,1
Trevelin Queen,1,1.9333333333333333,0,1,0.0,0,1,0.0,0,0,0.0,0,0,0,0,0,0,0,0,0,1.0,0.0,0.0,1.0,0.0,0.0,0.0,0.0,0.0,0.0,0.0,0.0,22.5,0.0,110.0,-29.9,77bf04b9-49ac-42c0-947c-754000f2d04d,ORL,PHO,Home,113,98,1
Paolo Banchero,1,38.95,13,25,0.52,4,8,0.5,6,11,0.545,3,6,9,7,2,0,3,3,36,3.0,0.603,0.6,0.32,0.44,8.4,28.4,15.8,29.8,2.5,0.0,9.1,36.4,126.0,132.0,6.1,ee61c6a3-c111-4910-b384-5540efa941d4,ORL,DAL,Away,129,131,0
Franz Wagner,1,32.18333333333333,8,16,0.5,3,6,0.5,2,3,0.667,3,2,5,6,1,0,0,5,21,3.0,0.606,0.594,0.375,0.188,10.2,11.5,10.7,27.1,1.5,0.0,0.0,23.2,147.0,134.0,4.8,ee61c6a3-c111-4910-b384-5540efa941d4,ORL,DAL,Away,129,131,0
Wendell Carter Jr.,1,28.75,2,7,0.286,1,4,0.25,4,5,0.8,5,3,8,2,0,0,1,6,9,-1.0,0.489,0.357,0.571,0.714,19.0,19.3,19.1,8.0,0.0,0.0,9.8,15.3,129.0,137.0,-8.2,ee61c6a3-c111-4910-b384-5540efa941d4,ORL,DAL,Away,129,131,0
Jalen Suggs,1,25.65,4,8,0.5,3,6,0.5,0,0,0.0,0,2,2,1,3,0,2,4,11,-14.0,0.688,0.688,0.75,0.0,0.0,14.4,5.3,5.0,5.7,0.0,20.0,16.8,107.0,125.0,-0.3,ee61c6a3-c111-4910-b384-5540efa941d4,ORL,DAL,Away,129,131,0
Jonathan Isaac,1,7.883333333333333,1,2,0.5,0,1,0.0,0,0,0.0,0,0,0,0,0,0,0,1,2,15.0,0.5,0.5,0.5,0.0,0.0,0.0,0.0,0.0,0.0,0.0,0.0,10.9,104.0,138.0,-11.2,ee61c6a3-c111-4910-b384-5540efa941d4,ORL,DAL,Away,129,131,0
Anthony Black,1,30.066666666666666,7,9,0.778,4,4,1.0,2,2,1.0,0,3,3,1,0,1,1,3,20,-11.0,1.012,1.0,0.444,0.222,0.0,18.4,6.8,4.7,0.0,3.8,9.2,15.6,174.0,135.0,7.8,ee61c6a3-c111-4910-b384-5540efa941d4,ORL,DAL,Away,129,131,0
Cole Anthony,1,27.316666666666666,2,4,0.5,0,1,0.0,7,7,1.0,0,2,2,9,0,0,2,4,11,2.0,0.777,0.5,0.25,1.75,0.0,13.5,5.0,38.1,0.0,0.0,22.0,14.3,156.0,138.0,3.3,ee61c6a3-c111-4910-b384-5540efa941d4,ORL,DAL,Away,129,131,0
Moritz Wagner,1,24.55,7,12,0.583,2,4,0.5,0,0,0.0,0,3,3,1,1,0,0,4,16,-3.0,0.667,0.667,0.333,0.0,0.0,22.6,8.4,6.2,2.0,0.0,0.0,21.1,136.0,133.0,0.4,ee61c6a3-c111-4910-b384-5540efa941d4,ORL,DAL,Away,129,131,0
Joe Ingles,1,15.416666666666666,1,4,0.25,1,3,0.333,0,0,0.0,1,2,3,0,0,0,2,1,3,-9.0,0.375,0.375,0.75,0.0,7.1,24.0,13.3,0.0,0.0,0.0,33.3,16.8,62.0,137.0,-16.5,ee61c6a3-c111-4910-b384-5540efa941d4,ORL,DAL,Away,129,131,0
Chuma Okeke,1,9.183333333333334,0,1,0.0,0,1,0.0,0,0,0.0,0,0,0,0,0,0,0,2,0,5.0,0.0,0.0,1.0,0.0,0.0,0.0,0.0,0.0,0.0,0.0,0.0,4.7,0.0,138.0,-15.5,ee61c6a3-c111-4910-b384-5540efa941d4,ORL,DAL,Away,129,131,0
Goga Bitadze,1,0.05,0,0,0.0,0,0,0.0,0,0,0.0,0,0,0,0,0,0,0,0,0,0.0,0.0,0.0,0.0,0.0,0.0,0.0,0.0,0.0,0.0,0.0,0.0,0.0,0.0,139.0,-8.1,ee61c6a3-c111-4910-b384-5540efa941d4,ORL,DAL,Away,129,131,0
Caleb Houstan,0,0.0,0,0,0.0,0,0,0.0,0,0,0.0,0,0,0,0,0,0,0,0,0,0.0,0.0,0.0,0.0,0.0,0.0,0.0,0.0,0.0,0.0,0.0,0.0,0.0,0.0,0.0,0.0,ee61c6a3-c111-4910-b384-5540efa941d4,ORL,DAL,Away,129,131,0
Trevelin Queen,0,0.0,0,0,0.0,0,0,0.0,0,0,0.0,0,0,0,0,0,0,0,0,0,0.0,0.0,0.0,0.0,0.0,0.0,0.0,0.0,0.0,0.0,0.0,0.0,0.0,0.0,0.0,0.0,ee61c6a3-c111-4910-b384-5540efa941d4,ORL,DAL,Away,129,131,0
Admiral Schofield,0,0.0,0,0,0.0,0,0,0.0,0,0,0.0,0,0,0,0,0,0,0,0,0,0.0,0.0,0.0,0.0,0.0,0.0,0.0,0.0,0.0,0.0,0.0,0.0,0.0,0.0,0.0,0.0,ee61c6a3-c111-4910-b384-5540efa941d4,ORL,DAL,Away,129,131,0
Paolo Banchero,1,35.65,9,18,0.5,2,4,0.5,5,7,0.714,2,7,9,7,2,0,1,1,25,13.0,0.593,0.556,0.222,0.389,5.9,23.6,14.1,32.6,2.7,0.0,4.5,26.8,129.0,99.0,11.4,b2f6c117-2c92-4da2-a00e-652391e31416,ORL,SAS,Away,108,98,1
Franz Wagner,1,32.666666666666664,9,16,0.563,2,4,0.5,0,0,0.0,1,7,8,5,1,0,6,4,20,5.0,0.625,0.625,0.25,0.0,3.2,25.7,13.7,26.5,1.5,0.0,27.3,29.1,92.0,101.0,-1.5,b2f6c117-2c92-4da2-a00e-652391e31416,ORL,SAS,Away,108,98,1
Jalen Suggs,1,32.516666666666666,3,9,0.333,1,4,0.25,0,0,0.0,0,1,1,5,4,0,1,3,7,10.0,0.389,0.389,0.444,0.0,0.0,3.7,1.7,20.2,6.0,0.0,10.0,13.3,93.0,95.0,0.2,b2f6c117-2c92-4da2-a00e-652391e31416,ORL,SAS,Away,108,98,1
Markelle Fultz,1,30.5,5,11,0.455,0,0,0.0,1,2,0.5,3,4,7,4,2,0,0,0,11,3.0,0.463,0.455,0.0,0.182,10.3,15.7,12.8,19.0,3.2,0.0,0.0,16.8,118.0,100.0,3.5,b2f6c117-2c92-4da2-a00e-652391e31416,ORL,SAS,Away,108,98,1
Wendell Carter Jr.,1,26.35,3,7,0.429,1,3,0.333,7,8,0.875,3,2,5,2,0,0,1,4,14,4.0,0.665,0.5,0.429,1.143,11.9,9.1,10.6,10.3,0.0,0.0,8.7,18.9,141.0,107.0,0.5,b2f6c117-2c92-4da2-a00e-652391e31416,ORL,SAS,Away,108,98,1
Jonathan Isaac,1,18.266666666666666,4,7,0.571,0,0,0.0,0,0,0.0,2,2,4,0,0,4,1,1,8,1.0,0.571,0.571,0.0,0.0,11.4,13.1,12.2,0.0,0.0,21.5,12.5,18.9,105.0,92.0,1.6,b2f6c117-2c92-4da2-a00e-652391e31416,ORL,SAS,Away,108,98,1
Anthony Black,1,16.7,0,0,0.0,0,0,0.0,2,2,1.0,0,0,0,1,0,0,0,2,2,4.0,1.136,0.0,0.0,0.0,0.0,0.0,0.0,7.0,0.0,0.0,0.0,2.3,242.0,109.0,-4.3,b2f6c117-2c92-4da2-a00e-652391e31416,ORL,SAS,Away,108,98,1
Cole Anthony,1,16.383333333333333,3,7,0.429,1,3,0.333,4,4,1.0,0,3,3,2,0,0,1,1,11,3.0,0.628,0.5,0.429,0.571,0.0,22.0,10.2,18.2,0.0,0.0,10.2,25.7,124.0,105.0,2.4,b2f6c117-2c92-4da2-a00e-652391e31416,ORL,SAS,Away,108,98,1
Moritz Wagner,1,15.733333333333333,5,9,0.556,0,0,0.0,0,0,0.0,1,3,4,1,0,1,2,2,10,2.0,0.556,0.556,0.0,0.0,6.6,22.9,14.2,11.8,0.0,6.2,18.2,30.2,91.0,100.0,-3.7,b2f6c117-2c92-4da2-a00e-652391e31416,ORL,SAS,Away,108,98,1
Joe Ingles,1,15.233333333333333,0,2,0.0,0,2,0.0,0,0,0.0,0,4,4,2,1,0,2,2,0,5.0,0.0,0.0,1.0,0.0,0.0,31.5,14.7,15.4,3.2,0.0,50.0,11.3,27.0,96.0,-12.8,b2f6c117-2c92-4da2-a00e-652391e31416,ORL,SAS,Away,108,98,1
Goga Bitadze,0,0.0,0,0,0.0,0,0,0.0,0,0,0.0,0,0,0,0,0,0,0,0,0,0.0,0.0,0.0,0.0,0.0,0.0,0.0,0.0,0.0,0.0,0.0,0.0,0.0,0.0,0.0,0.0,b2f6c117-2c92-4da2-a00e-652391e31416,ORL,SAS,Away,108,98,1
Caleb Houstan,0,0.0,0,0,0.0,0,0,0.0,0,0,0.0,0,0,0,0,0,0,0,0,0,0.0,0.0,0.0,0.0,0.0,0.0,0.0,0.0,0.0,0.0,0.0,0.0,0.0,0.0,0.0,0.0,b2f6c117-2c92-4da2-a00e-652391e31416,ORL,SAS,Away,108,98,1
Chuma Okeke,0,0.0,0,0,0.0,0,0,0.0,0,0,0.0,0,0,0,0,0,0,0,0,0,0.0,0.0,0.0,0.0,0.0,0.0,0.0,0.0,0.0,0.0,0.0,0.0,0.0,0.0,0.0,0.0,b2f6c117-2c92-4da2-a00e-652391e31416,ORL,SAS,Away,108,98,1
Admiral Schofield,0,0.0,0,0,0.0,0,0,0.0,0,0,0.0,0,0,0,0,0,0,0,0,0,0.0,0.0,0.0,0.0,0.0,0.0,0.0,0.0,0.0,0.0,0.0,0.0,0.0,0.0,0.0,0.0,b2f6c117-2c92-4da2-a00e-652391e31416,ORL,SAS,Away,108,98,1
Wendell Carter Jr.,1,36.96666666666667,6,12,0.5,2,6,0.333,4,6,0.667,3,9,12,1,0,0,0,3,18,-2.0,0.615,0.583,0.5,0.5,9.3,30.8,19.5,4.2,0.0,0.0,0.0,17.4,136.0,112.0,1.3,ae8768ef-b292-494a-a607-7ca774e06307,ORL,MIN,Away,108,106,1
Jalen Suggs,1,36.28333333333333,4,12,0.333,4,9,0.444,3,4,0.75,2,4,6,2,2,1,3,2,15,0.0,0.545,0.5,0.75,0.333,6.3,13.9,9.9,7.8,2.7,3.0,17.9,20.3,100.0,107.0,0.6,ae8768ef-b292-494a-a607-7ca774e06307,ORL,MIN,Away,108,106,1
Paolo Banchero,1,35.2,10,20,0.5,1,1,1.0,2,2,1.0,0,1,1,6,1,0,3,2,23,-1.0,0.551,0.525,0.05,0.1,0.0,3.6,1.7,32.3,1.4,0.0,12.6,29.8,106.0,113.0,1.0,ae8768ef-b292-494a-a607-7ca774e06307,ORL,MIN,Away,108,106,1
Franz Wagner,1,34.53333333333333,7,17,0.412,0,5,0.0,5,6,0.833,2,2,4,5,2,1,1,3,19,12.0,0.484,0.412,0.294,0.353,6.6,7.3,6.9,23.7,2.8,3.2,4.8,26.2,112.0,107.0,2.5,ae8768ef-b292-494a-a607-7ca774e06307,ORL,MIN,Away,108,106,1
Markelle Fultz,1,22.966666666666665,5,9,0.556,0,0,0.0,0,0,0.0,0,3,3,5,2,1,1,1,10,4.0,0.556,0.556,0.0,0.0,0.0,16.5,7.8,36.6,4.3,4.7,10.0,19.1,117.0,102.0,8.6,ae8768ef-b292-494a-a607-7ca774e06307,ORL,MIN,Away,108,106,1
Jonathan Isaac,1,19.983333333333334,1,4,0.25,0,0,0.0,1,2,0.5,2,6,8,0,2,1,0,1,3,5.0,0.307,0.25,0.0,0.5,11.4,37.9,24.0,0.0,4.9,5.5,0.0,10.7,91.0,96.0,-1.2,ae8768ef-b292-494a-a607-7ca774e06307,ORL,MIN,Away,108,106,1
Gary Harris,1,17.85,1,1,1.0,0,0,0.0,0,0,0.0,1,1,2,1,0,0,1,1,2,-4.0,1.0,1.0,0.0,0.0,6.4,7.1,6.7,7.4,0.0,0.0,50.0,4.9,115.0,116.0,-4.8,ae8768ef-b292-494a-a607-7ca774e06307,ORL,MIN,Away,108,106,1
Joe Ingles,1,13.466666666666667,2,4,0.5,2,4,0.5,0,0,0.0,0,0,0,2,0,0,0,1,6,-10.0,0.75,0.75,1.0,0.0,0.0,0.0,0.0,22.4,0.0,0.0,0.0,13.0,159.0,117.0,4.9,ae8768ef-b292-494a-a607-7ca774e06307,ORL,MIN,Away,108,106,1
Cole Anthony,1,11.716666666666667,1,3,0.333,0,0,0.0,2,2,1.0,0,3,3,2,2,0,2,0,4,2.0,0.515,0.333,0.0,0.667,0.0,32.3,15.4,23.5,8.4,0.0,34.0,22.0,84.0,93.0,3.8,ae8768ef-b292-494a-a607-7ca774e06307,ORL,MIN,Away,108,106,1
Moritz Wagner,1,11.033333333333333,2,3,0.667,0,0,0.0,4,4,1.0,0,3,3,0,0,0,2,3,8,4.0,0.84,0.667,0.0,1.333,0.0,34.3,16.3,0.0,0.0,0.0,29.6,26.9,116.0,112.0,-5.5,ae8768ef-b292-494a-a607-7ca774e06307,ORL,MIN,Away,108,106,1
Goga Bitadze,0,0.0,0,0,0.0,0,0,0.0,0,0,0.0,0,0,0,0,0,0,0,0,0,0.0,0.0,0.0,0.0,0.0,0.0,0.0,0.0,0.0,0.0,0.0,0.0,0.0,0.0,0.0,0.0,ae8768ef-b292-494a-a607-7ca774e06307,ORL,MIN,Away,108,106,1
Anthony Black,0,0.0,0,0,0.0,0,0,0.0,0,0,0.0,0,0,0,0,0,0,0,0,0,0.0,0.0,0.0,0.0,0.0,0.0,0.0,0.0,0.0,0.0,0.0,0.0,0.0,0.0,0.0,0.0,ae8768ef-b292-494a-a607-7ca774e06307,ORL,MIN,Away,108,106,1
Caleb Houstan,0,0.0,0,0,0.0,0,0,0.0,0,0,0.0,0,0,0,0,0,0,0,0,0,0.0,0.0,0.0,0.0,0.0,0.0,0.0,0.0,0.0,0.0,0.0,0.0,0.0,0.0,0.0,0.0,ae8768ef-b292-494a-a607-7ca774e06307,ORL,MIN,Away,108,106,1
Chuma Okeke,0,0.0,0,0,0.0,0,0,0.0,0,0,0.0,0,0,0,0,0,0,0,0,0,0.0,0.0,0.0,0.0,0.0,0.0,0.0,0.0,0.0,0.0,0.0,0.0,0.0,0.0,0.0,0.0,ae8768ef-b292-494a-a607-7ca774e06307,ORL,MIN,Away,108,106,1
Trevelin Queen,0,0.0,0,0,0.0,0,0,0.0,0,0,0.0,0,0,0,0,0,0,0,0,0,0.0,0.0,0.0,0.0,0.0,0.0,0.0,0.0,0.0,0.0,0.0,0.0,0.0,0.0,0.0,0.0,ae8768ef-b292-494a-a607-7ca774e06307,ORL,MIN,Away,108,106,1
Franz Wagner,1,35.7,17,25,0.68,4,7,0.571,0,0,0.0,1,2,3,2,1,0,0,2,38,16.0,0.76,0.76,0.28,0.0,4.0,6.9,5.5,12.1,1.5,0.0,0.0,33.4,152.0,111.0,15.1,78d0f99b-6b0f-49a5-aad0-8b36b27f0c7e,ORL,DET,Away,111,99,1
Paolo Banchero,1,34.516666666666666,6,16,0.375,2,5,0.4,6,6,1.0,1,5,6,7,1,0,1,2,20,8.0,0.536,0.438,0.313,0.375,4.1,17.8,11.4,26.6,1.5,0.0,5.1,27.1,124.0,108.0,4.7,78d0f99b-6b0f-49a5-aad0-8b36b27f0c7e,ORL,DET,Away,111,99,1
Jalen Suggs,1,28.016666666666666,4,8,0.5,1,3,0.333,0,0,0.0,1,4,5,2,2,1,0,2,9,14.0,0.563,0.563,0.375,0.0,5.0,17.6,11.7,9.0,3.7,3.5,0.0,13.6,129.0,101.0,4.2,78d0f99b-6b0f-49a5-aad0-8b36b27f0c7e,ORL,DET,Away,111,99,1
Wendell Carter Jr.,1,27.566666666666666,3,4,0.75,0,1,0.0,1,3,0.333,1,3,4,2,1,0,3,2,7,9.0,0.658,0.75,0.25,0.75,5.1,13.4,9.5,8.8,1.9,0.0,36.1,14.4,94.0,108.0,-4.5,78d0f99b-6b0f-49a5-aad0-8b36b27f0c7e,ORL,DET,Away,111,99,1
Markelle Fultz,1,22.566666666666666,4,9,0.444,0,0,0.0,0,0,0.0,1,3,4,2,0,0,1,3,8,3.0,0.444,0.444,0.0,0.0,6.3,16.4,11.7,11.7,0.0,0.0,10.0,21.1,96.0,111.0,-9.3,78d0f99b-6b0f-49a5-aad0-8b36b27f0c7e,ORL,DET,Away,111,99,1
Gary Harris,1,23.916666666666668,4,9,0.444,2,5,0.4,0,0,0.0,0,1,1,1,0,1,2,3,10,1.0,0.556,0.556,0.556,0.0,0.0,5.1,2.7,5.4,0.0,4.1,18.2,21.9,92.0,112.0,-6.5,78d0f99b-6b0f-49a5-aad0-8b36b27f0c7e,ORL,DET,Away,111,99,1
Jonathan Isaac,1,21.066666666666666,1,2,0.5,0,0,0.0,3,4,0.75,1,5,6,0,1,1,0,1,5,9.0,0.665,0.5,0.0,2.0,6.7,29.2,18.7,0.0,2.5,4.6,0.0,8.5,152.0,100.0,1.7,78d0f99b-6b0f-49a5-aad0-8b36b27f0c7e,ORL,DET,Away,111,99,1
Moritz Wagner,1,20.433333333333334,5,5,1.0,0,0,0.0,0,0,0.0,1,4,5,4,0,0,1,1,10,3.0,1.0,1.0,0.0,0.0,6.9,24.1,16.1,28.3,0.0,0.0,16.7,14.0,173.0,110.0,11.1,78d0f99b-6b0f-49a5-aad0-8b36b27f0c7e,ORL,DET,Away,111,99,1
Joe Ingles,1,15.016666666666667,1,3,0.333,1,3,0.333,0,0,0.0,0,2,2,2,0,0,1,1,3,0.0,0.5,0.5,1.0,0.0,0.0,16.4,8.8,15.3,0.0,0.0,25.0,12.7,95.0,112.0,-6.2,78d0f99b-6b0f-49a5-aad0-8b36b27f0c7e,ORL,DET,Away,111,99,1
Cole Anthony,1,10.85,0,3,0.0,0,0,0.0,1,2,0.5,0,1,1,0,1,0,1,1,1,-1.0,0.129,0.0,0.0,0.667,0.0,11.3,6.1,0.0,4.8,0.0,20.5,21.5,23.0,102.0,-19.7,78d0f99b-6b0f-49a5-aad0-8b36b27f0c7e,ORL,DET,Away,111,99,1
Anthony Black,1,0.31666666666666665,0,0,0.0,0,0,0.0,0,0,0.0,0,0,0,0,0,0,0,0,0,-2.0,0.0,0.0,0.0,0.0,0.0,0.0,0.0,0.0,0.0,0.0,0.0,0.0,0.0,116.0,-6.3,78d0f99b-6b0f-49a5-aad0-8b36b27f0c7e,ORL,DET,Away,111,99,1
Goga Bitadze,0,0.0,0,0,0.0,0,0,0.0,0,0,0.0,0,0,0,0,0,0,0,0,0,0.0,0.0,0.0,0.0,0.0,0.0,0.0,0.0,0.0,0.0,0.0,0.0,0.0,0.0,0.0,0.0,78d0f99b-6b0f-49a5-aad0-8b36b27f0c7e,ORL,DET,Away,111,99,1
Caleb Houstan,0,0.0,0,0,0.0,0,0,0.0,0,0,0.0,0,0,0,0,0,0,0,0,0,0.0,0.0,0.0,0.0,0.0,0.0,0.0,0.0,0.0,0.0,0.0,0.0,0.0,0.0,0.0,0.0,78d0f99b-6b0f-49a5-aad0-8b36b27f0c7e,ORL,DET,Away,111,99,1
Chuma Okeke,0,0.0,0,0,0.0,0,0,0.0,0,0,0.0,0,0,0,0,0,0,0,0,0,0.0,0.0,0.0,0.0,0.0,0.0,0.0,0.0,0.0,0.0,0.0,0.0,0.0,0.0,0.0,0.0,78d0f99b-6b0f-49a5-aad0-8b36b27f0c7e,ORL,DET,Away,111,99,1
Franz Wagner,1,35.233333333333334,5,15,0.333,1,7,0.143,2,2,1.0,1,6,7,3,2,0,7,1,13,-20.0,0.409,0.367,0.467,0.133,3.2,19.5,11.4,14.5,2.8,0.0,30.6,29.1,64.0,122.0,-11.7,77108faa-5acd-4497-a671-bd051702f9e6,ORL,MIA,Away,95,121,0
Paolo Banchero,1,34.483333333333334,7,16,0.438,1,4,0.25,8,12,0.667,1,8,9,7,2,0,2,2,23,-23.0,0.54,0.469,0.25,0.75,3.3,26.5,14.9,38.6,2.9,0.0,8.6,30.2,114.0,120.0,7.0,77108faa-5acd-4497-a671-bd051702f9e6,ORL,MIA,Away,95,121,0
Wendell Carter Jr.,1,27.883333333333333,6,9,0.667,2,4,0.5,1,2,0.5,1,5,6,3,0,0,0,5,15,-22.0,0.759,0.778,0.444,0.222,4.1,20.5,12.3,20.9,0.0,0.0,0.0,15.9,153.0,128.0,5.6,77108faa-5acd-4497-a671-bd051702f9e6,ORL,MIA,Away,95,121,0
Jalen Suggs,1,27.816666666666666,1,7,0.143,1,6,0.167,0,0,0.0,0,3,3,4,0,0,0,2,3,-9.0,0.214,0.214,0.857,0.0,0.0,12.3,6.2,20.7,0.0,0.0,0.0,11.3,74.0,130.0,-9.7,77108faa-5acd-4497-a671-bd051702f9e6,ORL,MIA,Away,95,121,0
Markelle Fultz,1,27.633333333333333,5,10,0.5,1,2,0.5,2,2,1.0,1,0,1,4,1,1,2,3,13,-9.0,0.597,0.55,0.2,0.2,4.1,0.0,2.1,26.4,1.8,3.4,15.5,20.9,111.0,126.0,1.4,77108faa-5acd-4497-a671-bd051702f9e6,ORL,MIA,Away,95,121,0
Gary Harris,1,19.266666666666666,3,6,0.5,0,3,0.0,1,1,1.0,1,0,1,1,1,0,0,1,7,-17.0,0.543,0.5,0.5,0.167,5.9,0.0,3.0,9.1,2.6,0.0,0.0,15.0,120.0,127.0,-1.0,77108faa-5acd-4497-a671-bd051702f9e6,ORL,MIA,Away,95,121,0
Moritz Wagner,1,16.316666666666666,1,4,0.25,0,1,0.0,1,2,0.5,3,0,3,0,0,1,1,2,3,-4.0,0.307,0.25,0.25,0.5,21.0,0.0,10.5,0.0,0.0,5.8,17.0,16.1,78.0,129.0,-13.4,77108faa-5acd-4497-a671-bd051702f9e6,ORL,MIA,Away,95,121,0
Joe Ingles,1,15.083333333333334,3,4,0.75,3,4,0.75,0,0,0.0,0,1,1,1,0,0,0,0,9,1.0,1.125,1.125,1.0,0.0,0.0,7.6,3.8,12.5,0.0,0.0,0.0,11.9,198.0,131.0,11.7,77108faa-5acd-4497-a671-bd051702f9e6,ORL,MIA,Away,95,121,0
Cole Anthony,1,13.616666666666667,2,3,0.667,0,1,0.0,0,0,0.0,0,3,3,0,1,0,2,1,4,-1.0,0.667,0.667,0.333,0.0,0.0,25.2,12.6,0.0,3.6,0.0,40.0,16.4,65.0,119.0,-8.1,77108faa-5acd-4497-a671-bd051702f9e6,ORL,MIA,Away,95,121,0
Jonathan Isaac,1,10.2,1,2,0.5,1,2,0.5,0,0,0.0,0,3,3,1,0,1,2,0,3,-18.0,0.75,0.75,1.0,0.0,0.0,33.6,16.8,15.5,0.0,9.2,50.0,17.6,70.0,119.0,-0.2,77108faa-5acd-4497-a671-bd051702f9e6,ORL,MIA,Away,95,121,0
Chuma Okeke,1,3.1166666666666667,1,2,0.5,0,0,0.0,0,0,0.0,0,0,0,0,0,0,0,0,2,-2.0,0.5,0.5,0.0,0.0,0.0,0.0,0.0,0.0,0.0,0.0,0.0,28.7,94.0,133.0,-6.4,77108faa-5acd-4497-a671-bd051702f9e6,ORL,MIA,Away,95,121,0
Goga Bitadze,1,3.1166666666666667,0,0,0.0,0,0,0.0,0,0,0.0,0,1,1,1,0,0,1,0,0,-2.0,0.0,0.0,0.0,0.0,0.0,36.7,18.3,44.0,0.0,0.0,100.0,14.4,44.0,124.0,-5.3,77108faa-5acd-4497-a671-bd051702f9e6,ORL,MIA,Away,95,121,0
Anthony Black,1,3.1166666666666667,0,1,0.0,0,0,0.0,0,0,0.0,0,1,1,0,0,0,1,0,0,-2.0,0.0,0.0,0.0,0.0,0.0,36.7,18.3,0.0,0.0,0.0,50.0,28.7,0.0,124.0,-34.3,77108faa-5acd-4497-a671-bd051702f9e6,ORL,MIA,Away,95,121,0
Caleb Houstan,1,3.1166666666666667,0,1,0.0,0,1,0.0,0,0,0.0,0,0,0,0,0,0,0,0,0,-2.0,0.0,0.0,1.0,0.0,0.0,0.0,0.0,0.0,0.0,0.0,0.0,14.4,0.0,133.0,-21.0,77108faa-5acd-4497-a671-bd051702f9e6,ORL,MIA,Away,95,121,0
Paolo Banchero,1,31.266666666666666,7,12,0.583,1,3,0.333,1,4,0.25,0,5,5,6,2,0,1,0,16,16.0,0.581,0.625,0.25,0.333,0.0,21.9,11.6,24.1,3.2,0.0,6.8,21.2,126.0,114.0,1.5,38792010-2f92-47a7-bb7b-67bd2c07f0ae,ORL,SAS,Home,127,111,1
Jalen Suggs,1,29.283333333333335,6,11,0.545,3,6,0.5,2,4,0.5,1,2,3,2,2,0,2,4,17,18.0,0.666,0.682,0.545,0.364,5.3,9.4,7.5,8.4,3.4,0.0,13.6,22.7,119.0,115.0,-2.9,38792010-2f92-47a7-bb7b-67bd2c07f0ae,ORL,SAS,Home,127,111,1
Franz Wagner,1,28.416666666666668,13,17,0.765,3,4,0.75,5,5,1.0,1,6,7,7,0,2,1,0,34,19.0,0.885,0.853,0.235,0.294,5.4,29.0,17.9,43.7,0.0,7.3,5.0,31.9,176.0,114.0,23.4,38792010-2f92-47a7-bb7b-67bd2c07f0ae,ORL,SAS,Home,127,111,1
Wendell Carter Jr.,1,25.533333333333335,3,7,0.429,3,4,0.75,1,2,0.5,1,5,6,1,1,0,3,0,10,19.0,0.635,0.643,0.571,0.286,6.1,26.9,17.1,4.3,1.9,0.0,27.6,19.2,95.0,116.0,-5.5,38792010-2f92-47a7-bb7b-67bd2c07f0ae,ORL,SAS,Home,127,111,1
Markelle Fultz,1,24.633333333333333,1,4,0.25,0,0,0.0,0,0,0.0,3,2,5,4,2,0,1,2,2,22.0,0.25,0.25,0.0,0.0,18.9,11.1,14.8,16.6,4.0,0.0,20.0,9.1,116.0,113.0,-3.2,38792010-2f92-47a7-bb7b-67bd2c07f0ae,ORL,SAS,Home,127,111,1
Gary Harris,1,19.366666666666667,2,5,0.4,1,3,0.333,0,0,0.0,0,0,0,4,2,2,0,2,5,-2.0,0.5,0.5,0.6,0.0,0.0,0.0,0.0,22.5,5.1,10.8,0.0,11.6,139.0,102.0,7.5,38792010-2f92-47a7-bb7b-67bd2c07f0ae,ORL,SAS,Home,127,111,1
Jonathan Isaac,1,19.25,4,4,1.0,0,0,0.0,1,2,0.5,0,6,6,1,0,1,1,1,9,2.0,0.922,1.0,0.0,0.5,0.0,42.7,22.7,6.4,0.0,5.4,17.0,13.7,143.0,115.0,2.0,38792010-2f92-47a7-bb7b-67bd2c07f0ae,ORL,SAS,Home,127,111,1
Cole Anthony,1,18.716666666666665,5,7,0.714,2,2,1.0,0,0,0.0,1,1,2,2,1,0,3,5,12,-2.0,0.857,0.857,0.286,0.0,8.3,7.3,7.8,14.2,2.6,0.0,30.0,24.0,115.0,116.0,-2.9,38792010-2f92-47a7-bb7b-67bd2c07f0ae,ORL,SAS,Home,127,111,1
Moritz Wagner,1,16.216666666666665,4,9,0.444,0,1,0.0,3,3,1.0,1,1,2,1,0,0,3,3,11,-2.0,0.533,0.444,0.111,0.333,9.5,8.5,9.0,8.0,0.0,0.0,22.5,36.9,93.0,122.0,-20.3,38792010-2f92-47a7-bb7b-67bd2c07f0ae,ORL,SAS,Home,127,111,1
Joe Ingles,1,15.783333333333333,3,4,0.75,2,3,0.667,0,0,0.0,0,3,3,4,1,0,0,1,8,2.0,1.0,1.0,0.75,0.0,0.0,26.1,13.8,30.5,3.1,0.0,0.0,11.4,207.0,114.0,13.5,38792010-2f92-47a7-bb7b-67bd2c07f0ae,ORL,SAS,Home,127,111,1
Caleb Houstan,1,2.8833333333333333,1,1,1.0,1,1,1.0,0,0,0.0,0,0,0,0,0,0,0,0,3,-3.0,1.5,1.5,1.0,0.0,0.0,0.0,0.0,0.0,0.0,0.0,0.0,15.6,300.0,123.0,24.5,38792010-2f92-47a7-bb7b-67bd2c07f0ae,ORL,SAS,Home,127,111,1
Goga Bitadze,1,2.8833333333333333,0,0,0.0,0,0,0.0,0,0,0.0,0,0,0,0,0,0,0,0,0,-3.0,0.0,0.0,0.0,0.0,0.0,0.0,0.0,0.0,0.0,0.0,0.0,0.0,0.0,123.0,-8.9,38792010-2f92-47a7-bb7b-67bd2c07f0ae,ORL,SAS,Home,127,111,1
Anthony Black,1,2.8833333333333333,0,0,0.0,0,0,0.0,0,0,0.0,0,0,0,2,0,0,0,1,0,-3.0,0.0,0.0,0.0,0.0,0.0,0.0,0.0,67.9,0.0,0.0,0.0,0.0,233.0,123.0,11.6,38792010-2f92-47a7-bb7b-67bd2c07f0ae,ORL,SAS,Home,127,111,1
Chuma Okeke,1,2.8833333333333333,0,1,0.0,0,0,0.0,0,0,0.0,0,0,0,0,0,0,1,1,0,-3.0,0.0,0.0,0.0,0.0,0.0,0.0,0.0,0.0,0.0,0.0,50.0,31.2,0.0,123.0,-49.0,38792010-2f92-47a7-bb7b-67bd2c07f0ae,ORL,SAS,Home,127,111,1
Franz Wagner,1,43.516666666666666,12,22,0.545,5,12,0.417,7,10,0.7,1,2,3,5,0,0,1,3,36,3.0,0.682,0.659,0.545,0.455,3.2,4.6,4.0,23.1,0.0,0.0,3.6,29.2,147.0,123.0,11.7,2341507a-cfec-42a0-a5c7-1e8c375b6096,ORL,CHI,Home,114,108,1
Paolo Banchero,1,42.93333333333333,5,13,0.385,2,6,0.333,7,8,0.875,1,6,7,8,1,1,3,1,19,1.0,0.575,0.462,0.462,0.615,3.2,14.0,9.5,28.4,1.3,2.0,15.4,21.1,125.0,114.0,6.5,2341507a-cfec-42a0-a5c7-1e8c375b6096,ORL,CHI,Home,114,108,1
Wendell Carter Jr.,1,25.883333333333333,3,6,0.5,0,2,0.0,0,0,0.0,0,3,3,1,0,1,1,2,6,-7.0,0.5,0.5,0.333,0.0,0.0,11.6,6.8,5.9,0.0,3.3,14.3,12.5,96.0,117.0,-4.9,2341507a-cfec-42a0-a5c7-1e8c375b6096,ORL,CHI,Home,114,108,1
Jalen Suggs,1,25.7,5,9,0.556,3,5,0.6,0,0,0.0,0,1,1,1,1,0,3,1,13,-8.0,0.722,0.722,0.556,0.0,0.0,3.9,2.3,6.7,2.2,0.0,25.0,21.6,105.0,118.0,1.3,2341507a-cfec-42a0-a5c7-1e8c375b6096,ORL,CHI,Home,114,108,1
Markelle Fultz,1,16.7,2,7,0.286,0,2,0.0,1,1,1.0,0,6,6,3,1,0,1,1,5,-13.0,0.336,0.286,0.286,0.143,0.0,35.9,20.9,27.5,3.4,0.0,11.8,23.4,88.0,99.0,-3.1,2341507a-cfec-42a0-a5c7-1e8c375b6096,ORL,CHI,Home,114,108,1
Cole Anthony,1,30.0,5,11,0.455,1,5,0.2,3,4,0.75,2,9,11,3,0,0,3,2,14,16.0,0.549,0.5,0.455,0.364,9.3,30.0,21.4,16.5,0.0,0.0,19.0,24.3,107.0,110.0,-1.4,2341507a-cfec-42a0-a5c7-1e8c375b6096,ORL,CHI,Home,114,108,1
Jonathan Isaac,1,25.383333333333333,3,8,0.375,1,2,0.5,0,0,0.0,6,6,12,0,1,3,0,4,7,10.0,0.438,0.438,0.25,0.0,33.0,23.6,27.5,0.0,2.2,10.1,0.0,14.6,129.0,102.0,1.8,2341507a-cfec-42a0-a5c7-1e8c375b6096,ORL,CHI,Home,114,108,1
Gary Harris,1,22.333333333333332,1,5,0.2,0,2,0.0,0,0,0.0,2,0,2,0,0,0,0,1,2,13.0,0.2,0.2,0.4,0.0,12.5,0.0,5.2,0.0,0.0,0.0,0.0,10.4,75.0,125.0,-10.9,2341507a-cfec-42a0-a5c7-1e8c375b6096,ORL,CHI,Home,114,108,1
Goga Bitadze,1,14.316666666666666,2,2,1.0,0,0,0.0,1,3,0.333,1,1,2,0,0,1,0,1,5,10.0,0.753,1.0,0.0,1.5,9.7,7.0,8.1,0.0,0.0,6.0,0.0,10.7,151.0,118.0,2.4,2341507a-cfec-42a0-a5c7-1e8c375b6096,ORL,CHI,Home,114,108,1
Joe Ingles,1,9.483333333333333,0,2,0.0,0,2,0.0,0,0,0.0,0,0,0,2,0,0,1,2,0,3.0,0.0,0.0,1.0,0.0,0.0,0.0,0.0,27.3,0.0,0.0,33.3,14.7,43.0,125.0,-19.5,2341507a-cfec-42a0-a5c7-1e8c375b6096,ORL,CHI,Home,114,108,1
Moritz Wagner,1,8.75,3,3,1.0,1,1,1.0,0,0,0.0,0,1,1,0,0,0,2,0,7,2.0,1.167,1.167,0.333,0.0,0.0,11.4,6.7,0.0,0.0,0.0,40.0,26.5,90.0,119.0,7.1,2341507a-cfec-42a0-a5c7-1e8c375b6096,ORL,CHI,Home,114,108,1
Anthony Black,0,0.0,0,0,0.0,0,0,0.0,0,0,0.0,0,0,0,0,0,0,0,0,0,0.0,0.0,0.0,0.0,0.0,0.0,0.0,0.0,0.0,0.0,0.0,0.0,0.0,0.0,0.0,0.0,2341507a-cfec-42a0-a5c7-1e8c375b6096,ORL,CHI,Home,114,108,1
Caleb Houstan,0,0.0,0,0,0.0,0,0,0.0,0,0,0.0,0,0,0,0,0,0,0,0,0,0.0,0.0,0.0,0.0,0.0,0.0,0.0,0.0,0.0,0.0,0.0,0.0,0.0,0.0,0.0,0.0,2341507a-cfec-42a0-a5c7-1e8c375b6096,ORL,CHI,Home,114,108,1
Chuma Okeke,0,0.0,0,0,0.0,0,0,0.0,0,0,0.0,0,0,0,0,0,0,0,0,0,0.0,0.0,0.0,0.0,0.0,0.0,0.0,0.0,0.0,0.0,0.0,0.0,0.0,0.0,0.0,0.0,2341507a-cfec-42a0-a5c7-1e8c375b6096,ORL,CHI,Home,114,108,1
Paolo Banchero,1,35.45,9,15,0.6,0,3,0.0,5,6,0.833,0,6,6,10,0,1,4,1,23,-7.0,0.652,0.6,0.2,0.4,0.0,21.4,10.3,47.0,0.0,2.6,18.5,24.8,124.0,128.0,6.7,8b30429d-d5e7-4efb-8e20-4f2169bed896,ORL,OKC,Home,113,127,0
Franz Wagner,1,34.06666666666667,5,16,0.313,1,5,0.2,4,4,1.0,1,6,7,2,0,0,2,2,15,-8.0,0.422,0.344,0.313,0.25,3.4,22.2,12.5,8.3,0.0,0.0,10.1,23.6,94.0,131.0,-9.7,8b30429d-d5e7-4efb-8e20-4f2169bed896,ORL,OKC,Home,113,127,0
Jalen Suggs,1,33.166666666666664,5,13,0.385,4,12,0.333,3,4,0.75,3,4,7,4,1,0,2,4,17,-3.0,0.576,0.538,0.923,0.308,10.6,15.2,12.8,17.1,1.5,0.0,11.9,20.6,122.0,128.0,1.3,8b30429d-d5e7-4efb-8e20-4f2169bed896,ORL,OKC,Home,113,127,0
Wendell Carter Jr.,1,30.783333333333335,9,14,0.643,1,4,0.25,3,3,1.0,0,6,6,1,0,0,3,5,22,2.0,0.718,0.679,0.286,0.214,0.0,24.6,11.8,5.8,0.0,0.0,16.4,24.2,118.0,131.0,-1.8,8b30429d-d5e7-4efb-8e20-4f2169bed896,ORL,OKC,Home,113,127,0
Markelle Fultz,1,18.466666666666665,2,5,0.4,0,0,0.0,0,0,0.0,4,3,7,4,1,0,1,0,4,5.0,0.4,0.4,0.0,0.0,25.4,20.5,23.0,29.0,2.6,0.0,16.7,13.2,119.0,125.0,4.0,8b30429d-d5e7-4efb-8e20-4f2169bed896,ORL,OKC,Home,113,127,0
Gary Harris,1,24.75,2,3,0.667,2,3,0.667,0,0,0.0,1,1,2,1,1,2,1,2,6,-8.0,1.0,1.0,1.0,0.0,4.7,5.1,4.9,5.2,1.9,7.5,25.0,6.6,139.0,121.0,4.7,8b30429d-d5e7-4efb-8e20-4f2169bed896,ORL,OKC,Home,113,127,0
Jonathan Isaac,1,15.033333333333333,1,6,0.167,0,3,0.0,1,2,0.5,0,1,1,1,2,0,1,1,3,-24.0,0.218,0.167,0.5,0.333,0.0,8.4,4.0,8.4,6.4,0.0,12.7,21.3,54.0,117.0,-11.8,8b30429d-d5e7-4efb-8e20-4f2169bed896,ORL,OKC,Home,113,127,0
Moritz Wagner,1,14.133333333333333,4,7,0.571,0,1,0.0,3,4,0.75,4,1,5,0,0,0,1,2,11,-17.0,0.628,0.571,0.143,0.571,33.1,8.9,21.5,0.0,0.0,0.0,10.2,28.1,129.0,132.0,-1.1,8b30429d-d5e7-4efb-8e20-4f2169bed896,ORL,OKC,Home,113,127,0
Cole Anthony,1,12.45,2,8,0.25,1,2,0.5,0,0,0.0,1,3,4,1,1,0,0,1,5,-14.0,0.313,0.313,0.25,0.0,9.4,30.4,19.5,11.6,3.9,0.0,0.0,26.1,88.0,121.0,-5.3,8b30429d-d5e7-4efb-8e20-4f2169bed896,ORL,OKC,Home,113,127,0
Joe Ingles,1,9.733333333333333,0,1,0.0,0,0,0.0,0,0,0.0,0,1,1,3,0,0,0,0,0,-11.0,0.0,0.0,0.0,0.0,0.0,13.0,6.2,36.1,0.0,0.0,0.0,4.2,121.0,132.0,-3.5,8b30429d-d5e7-4efb-8e20-4f2169bed896,ORL,OKC,Home,113,127,0
Jett Howard,1,2.3833333333333333,1,2,0.5,1,2,0.5,0,0,0.0,0,0,0,0,0,0,0,1,3,3.0,0.75,0.75,1.0,0.0,0.0,0.0,0.0,0.0,0.0,0.0,0.0,34.1,144.0,132.0,11.3,8b30429d-d5e7-4efb-8e20-4f2169bed896,ORL,OKC,Home,113,127,0
Chuma Okeke,1,2.3833333333333333,1,1,1.0,1,1,1.0,0,0,0.0,0,0,0,0,0,0,0,0,3,3.0,1.5,1.5,1.0,0.0,0.0,0.0,0.0,0.0,0.0,0.0,0.0,17.1,300.0,133.0,35.7,8b30429d-d5e7-4efb-8e20-4f2169bed896,ORL,OKC,Home,113,127,0
Anthony Black,1,2.3833333333333333,0,0,0.0,0,0,0.0,1,2,0.5,0,0,0,0,0,0,1,0,1,3.0,0.568,0.0,0.0,0.0,0.0,0.0,0.0,0.0,0.0,0.0,53.2,32.1,53.0,133.0,-24.9,8b30429d-d5e7-4efb-8e20-4f2169bed896,ORL,OKC,Home,113,127,0
Goga Bitadze,1,2.3833333333333333,0,0,0.0,0,0,0.0,0,0,0.0,0,1,1,1,0,0,0,0,0,3.0,0.0,0.0,0.0,0.0,0.0,53.0,25.5,49.1,0.0,0.0,0.0,0.0,227.0,129.0,15.8,8b30429d-d5e7-4efb-8e20-4f2169bed896,ORL,OKC,Home,113,127,0
Caleb Houstan,1,2.3833333333333333,0,0,0.0,0,0,0.0,0,0,0.0,0,1,1,1,0,0,0,0,0,3.0,0.0,0.0,0.0,0.0,0.0,53.0,25.5,49.1,0.0,0.0,0.0,0.0,227.0,129.0,11.0,8b30429d-d5e7-4efb-8e20-4f2169bed896,ORL,OKC,Home,113,127,0
Paolo Banchero,1,34.81666666666667,15,20,0.75,6,10,0.6,0,0,0.0,0,6,6,5,1,0,3,0,36,5.0,0.9,0.9,0.5,0.0,0.0,19.2,12.2,25.2,1.6,0.0,13.0,34.2,155.0,118.0,17.0,74326c21-b365-4bce-8e6b-f65b35e7cdaa,ORL,NYK,Home,118,100,1
Franz Wagner,1,31.566666666666666,7,13,0.538,1,4,0.25,6,6,1.0,0,3,3,6,3,1,1,3,21,25.0,0.671,0.577,0.308,0.462,0.0,10.6,6.7,24.4,5.4,2.8,6.0,27.3,148.0,112.0,8.9,74326c21-b365-4bce-8e6b-f65b35e7cdaa,ORL,NYK,Home,118,100,1
Caleb Houstan,1,25.4,2,3,0.667,2,2,1.0,0,0,0.0,1,0,1,0,0,0,1,1,6,9.0,1.0,1.0,0.667,0.0,7.6,0.0,2.8,0.0,0.0,0.0,25.0,8.1,144.0,131.0,-2.9,74326c21-b365-4bce-8e6b-f65b35e7cdaa,ORL,NYK,Home,118,100,1
Wendell Carter Jr.,1,24.466666666666665,4,5,0.8,0,1,0.0,1,2,0.5,1,5,6,1,0,1,0,2,9,5.0,0.765,0.8,0.2,0.4,7.8,22.8,17.3,4.9,0.0,3.6,0.0,12.4,165.0,117.0,0.3,74326c21-b365-4bce-8e6b-f65b35e7cdaa,ORL,NYK,Home,118,100,1
Anthony Black,1,23.433333333333334,2,7,0.286,0,2,0.0,0,0,0.0,2,0,2,2,1,0,1,4,4,-1.0,0.286,0.286,0.286,0.0,16.4,0.0,6.0,9.3,2.4,0.0,12.5,17.7,90.0,125.0,-14.8,74326c21-b365-4bce-8e6b-f65b35e7cdaa,ORL,NYK,Home,118,100,1
Cole Anthony,1,24.933333333333334,5,8,0.625,0,1,0.0,1,1,1.0,0,2,2,1,0,2,1,1,11,21.0,0.652,0.625,0.125,0.125,0.0,9.0,5.7,5.0,0.0,7.0,10.6,19.6,123.0,123.0,-3.1,74326c21-b365-4bce-8e6b-f65b35e7cdaa,ORL,NYK,Home,118,100,1
Joe Ingles,1,19.833333333333332,2,3,0.667,2,3,0.667,0,0,0.0,0,2,2,5,1,1,0,2,6,12.0,1.0,1.0,1.0,0.0,0.0,11.3,7.1,28.0,2.9,4.4,0.0,7.8,213.0,117.0,14.3,74326c21-b365-4bce-8e6b-f65b35e7cdaa,ORL,NYK,Home,118,100,1
Jonathan Isaac,1,14.533333333333333,4,5,0.8,0,0,0.0,0,0,0.0,3,2,5,2,0,1,2,1,8,16.0,0.8,0.8,0.0,0.0,39.6,15.4,24.3,19.0,0.0,6.0,28.6,24.9,136.0,120.0,3.6,74326c21-b365-4bce-8e6b-f65b35e7cdaa,ORL,NYK,Home,118,100,1
Moritz Wagner,1,13.266666666666667,4,5,0.8,0,0,0.0,2,2,1.0,0,2,2,1,1,1,2,2,10,24.0,0.85,0.8,0.0,0.4,0.0,16.8,10.6,10.8,4.3,6.6,25.4,30.7,125.0,109.0,4.1,74326c21-b365-4bce-8e6b-f65b35e7cdaa,ORL,NYK,Home,118,100,1
Trevelin Queen,1,7.816666666666666,0,2,0.0,0,1,0.0,0,0,0.0,0,1,1,0,0,0,0,1,0,-12.0,0.0,0.0,0.5,0.0,0.0,14.3,9.0,0.0,0.0,0.0,0.0,13.2,0.0,124.0,-25.1,74326c21-b365-4bce-8e6b-f65b35e7cdaa,ORL,NYK,Home,118,100,1
Jett Howard,1,4.883333333333333,0,1,0.0,0,1,0.0,0,0,0.0,0,0,0,0,0,0,0,1,0,-5.0,0.0,0.0,1.0,0.0,0.0,0.0,0.0,0.0,0.0,0.0,0.0,10.6,0.0,131.0,-24.2,74326c21-b365-4bce-8e6b-f65b35e7cdaa,ORL,NYK,Home,118,100,1
Chuma Okeke,1,4.883333333333333,0,0,0.0,0,0,0.0,0,0,0.0,0,1,1,0,0,0,0,0,0,-5.0,0.0,0.0,0.0,0.0,0.0,22.9,14.5,0.0,0.0,0.0,0.0,0.0,0.0,119.0,-3.7,74326c21-b365-4bce-8e6b-f65b35e7cdaa,ORL,NYK,Home,118,100,1
Goga Bitadze,1,4.5,0,0,0.0,0,0,0.0,0,0,0.0,0,1,1,0,0,0,1,2,0,-4.0,0.0,0.0,0.0,0.0,0.0,24.8,15.7,0.0,0.0,0.0,100.0,11.5,0.0,117.0,-26.8,74326c21-b365-4bce-8e6b-f65b35e7cdaa,ORL,NYK,Home,118,100,1
Kevon Harris,1,2.8333333333333335,2,3,0.667,0,0,0.0,0,0,0.0,0,1,1,1,0,0,0,2,4,0.0,0.667,0.667,0.0,0.0,0.0,39.4,24.9,100.0,0.0,0.0,0.0,54.7,149.0,109.0,-2.2,74326c21-b365-4bce-8e6b-f65b35e7cdaa,ORL,NYK,Home,118,100,1
Admiral Schofield,1,2.8333333333333335,1,1,1.0,1,1,1.0,0,0,0.0,0,1,1,1,0,0,0,0,3,0.0,1.5,1.5,1.0,0.0,0.0,39.4,24.9,54.5,0.0,0.0,0.0,18.2,277.0,111.0,51.5,74326c21-b365-4bce-8e6b-f65b35e7cdaa,ORL,NYK,Home,118,100,1
Paolo Banchero,1,33.61666666666667,4,15,0.267,2,4,0.5,2,2,1.0,2,4,6,4,0,0,4,5,12,-7.0,0.378,0.333,0.267,0.133,7.9,19.0,13.0,15.3,0.0,0.0,20.1,27.1,83.0,125.0,-14.4,659c518c-86b2-4c06-b759-06598ecd6652,ORL,CLE,Away,116,109,1
Franz Wagner,1,31.783333333333335,6,11,0.545,1,4,0.25,1,1,1.0,0,4,4,4,1,0,3,1,14,-12.0,0.612,0.591,0.364,0.091,0.0,20.1,9.2,17.8,1.7,0.0,20.8,20.8,107.0,121.0,-1.7,659c518c-86b2-4c06-b759-06598ecd6652,ORL,CLE,Away,116,109,1
Gary Harris,1,28.933333333333334,2,4,0.5,2,2,1.0,2,2,1.0,0,0,0,3,3,0,1,3,8,-10.0,0.82,0.75,0.5,0.5,0.0,0.0,0.0,12.5,5.5,0.0,17.0,9.3,150.0,115.0,5.9,659c518c-86b2-4c06-b759-06598ecd6652,ORL,CLE,Away,116,109,1
Wendell Carter Jr.,1,23.133333333333333,5,7,0.714,2,3,0.667,0,0,0.0,0,2,2,1,0,0,1,2,12,-11.0,0.857,0.857,0.429,0.0,0.0,13.8,6.3,6.4,0.0,0.0,12.5,15.8,142.0,125.0,2.6,659c518c-86b2-4c06-b759-06598ecd6652,ORL,CLE,Away,116,109,1
Jalen Suggs,1,18.133333333333333,3,8,0.375,1,4,0.25,0,0,0.0,0,1,1,3,1,0,0,1,7,-12.0,0.438,0.438,0.5,0.0,0.0,8.8,4.0,22.7,2.9,0.0,0.0,20.2,113.0,120.0,-0.9,659c518c-86b2-4c06-b759-06598ecd6652,ORL,CLE,Away,116,109,1
Moritz Wagner,1,24.716666666666665,7,12,0.583,1,1,1.0,7,8,0.875,2,5,7,0,1,0,0,4,22,18.0,0.709,0.625,0.083,0.667,10.8,32.4,20.6,0.0,2.1,0.0,0.0,28.7,154.0,118.0,6.5,659c518c-86b2-4c06-b759-06598ecd6652,ORL,CLE,Away,116,109,1
Anthony Black,1,23.716666666666665,3,7,0.429,1,2,0.5,2,2,1.0,1,2,3,2,0,0,1,1,9,21.0,0.571,0.5,0.286,0.286,5.6,13.5,9.2,11.0,0.0,0.0,11.3,17.1,121.0,126.0,-2.9,659c518c-86b2-4c06-b759-06598ecd6652,ORL,CLE,Away,116,109,1
Cole Anthony,1,19.1,6,8,0.75,1,1,1.0,0,0,0.0,0,2,2,6,1,1,1,4,13,8.0,0.813,0.813,0.125,0.0,0.0,16.8,7.6,54.0,2.8,5.2,11.1,21.6,159.0,115.0,17.6,659c518c-86b2-4c06-b759-06598ecd6652,ORL,CLE,Away,116,109,1
Jonathan Isaac,1,18.866666666666667,3,8,0.375,0,1,0.0,1,2,0.5,5,2,7,1,0,2,1,0,7,17.0,0.394,0.375,0.125,0.25,35.3,17.0,27.0,7.2,0.0,10.6,10.1,24.0,108.0,118.0,-5.3,659c518c-86b2-4c06-b759-06598ecd6652,ORL,CLE,Away,116,109,1
Joe Ingles,1,18.0,4,4,1.0,3,3,1.0,1,1,1.0,0,1,1,2,1,0,1,2,12,23.0,1.351,1.375,0.75,0.25,0.0,8.9,4.0,16.5,2.9,0.0,18.4,13.8,198.0,119.0,16.8,659c518c-86b2-4c06-b759-06598ecd6652,ORL,CLE,Away,116,109,1
Goga Bitadze,0,0.0,0,0,0.0,0,0,0.0,0,0,0.0,0,0,0,0,0,0,0,0,0,0.0,0.0,0.0,0.0,0.0,0.0,0.0,0.0,0.0,0.0,0.0,0.0,0.0,0.0,0.0,0.0,659c518c-86b2-4c06-b759-06598ecd6652,ORL,CLE,Away,116,109,1
Caleb Houstan,0,0.0,0,0,0.0,0,0,0.0,0,0,0.0,0,0,0,0,0,0,0,0,0,0.0,0.0,0.0,0.0,0.0,0.0,0.0,0.0,0.0,0.0,0.0,0.0,0.0,0.0,0.0,0.0,659c518c-86b2-4c06-b759-06598ecd6652,ORL,CLE,Away,116,109,1
Chuma Okeke,0,0.0,0,0,0.0,0,0,0.0,0,0,0.0,0,0,0,0,0,0,0,0,0,0.0,0.0,0.0,0.0,0.0,0.0,0.0,0.0,0.0,0.0,0.0,0.0,0.0,0.0,0.0,0.0,659c518c-86b2-4c06-b759-06598ecd6652,ORL,CLE,Away,116,109,1
Franz Wagner,1,31.666666666666668,6,13,0.462,0,2,0.0,2,3,0.667,0,5,5,3,0,0,5,2,14,0.0,0.489,0.462,0.154,0.231,0.0,18.9,9.2,13.4,0.0,0.0,25.9,27.6,81.0,124.0,-16.0,d62c7205-ff87-45a2-822d-c29137101eca,ORL,DET,Away,112,109,1
Paolo Banchero,1,29.1,5,17,0.294,0,2,0.0,5,9,0.556,0,5,5,3,0,2,0,1,15,2.0,0.358,0.294,0.118,0.529,0.0,20.6,10.1,14.2,0.0,6.1,0.0,32.5,91.0,119.0,-10.4,d62c7205-ff87-45a2-822d-c29137101eca,ORL,DET,Away,112,109,1
Jalen Suggs,1,26.083333333333332,6,7,0.857,2,3,0.667,0,0,0.0,1,1,2,5,2,2,3,2,14,-3.0,1.0,1.0,0.429,0.0,4.4,4.6,4.5,28.8,4.0,6.8,30.0,17.3,140.0,112.0,12.1,d62c7205-ff87-45a2-822d-c29137101eca,ORL,DET,Away,112,109,1
Gary Harris,1,25.366666666666667,4,6,0.667,4,5,0.8,0,1,0.0,0,3,3,0,1,0,0,3,12,-2.0,0.932,1.0,0.833,0.167,0.0,14.2,6.9,0.0,2.0,0.0,0.0,11.5,174.0,120.0,2.7,d62c7205-ff87-45a2-822d-c29137101eca,ORL,DET,Away,112,109,1
Wendell Carter Jr.,1,22.483333333333334,3,5,0.6,2,3,0.667,3,4,0.75,3,7,10,2,1,0,1,2,11,-7.0,0.814,0.8,0.6,0.8,15.2,37.4,26.0,11.7,2.3,0.0,12.9,15.6,158.0,116.0,6.2,d62c7205-ff87-45a2-822d-c29137101eca,ORL,DET,Away,112,109,1
Anthony Black,1,22.483333333333334,2,6,0.333,1,3,0.333,0,0,0.0,0,2,2,0,1,1,0,2,5,8.0,0.417,0.417,0.5,0.0,0.0,10.7,5.2,0.0,2.3,4.0,0.0,12.1,93.0,117.0,-8.0,d62c7205-ff87-45a2-822d-c29137101eca,ORL,DET,Away,112,109,1
Cole Anthony,1,20.966666666666665,5,11,0.455,1,2,0.5,2,2,1.0,0,3,3,7,1,0,0,2,13,7.0,0.547,0.5,0.182,0.182,0.0,17.2,8.4,50.8,2.5,0.0,0.0,25.6,141.0,119.0,8.1,d62c7205-ff87-45a2-822d-c29137101eca,ORL,DET,Away,112,109,1
Jonathan Isaac,1,20.0,5,7,0.714,2,2,1.0,0,0,0.0,1,5,6,0,2,1,0,0,12,-3.0,0.857,0.857,0.286,0.0,5.7,30.0,17.6,0.0,5.2,4.4,0.0,15.8,172.0,107.0,11.9,d62c7205-ff87-45a2-822d-c29137101eca,ORL,DET,Away,112,109,1
Moritz Wagner,1,17.383333333333333,6,9,0.667,0,0,0.0,2,2,1.0,6,1,7,1,1,0,0,0,14,7.0,0.709,0.667,0.0,0.222,39.4,6.9,23.6,10.4,3.0,0.0,0.0,25.7,165.0,120.0,11.5,d62c7205-ff87-45a2-822d-c29137101eca,ORL,DET,Away,112,109,1
Joe Ingles,1,16.333333333333332,0,3,0.0,0,1,0.0,0,0,0.0,0,1,1,2,0,0,1,0,0,3.0,0.0,0.0,0.333,0.0,0.0,7.3,3.6,13.7,0.0,0.0,25.0,11.1,34.0,126.0,-19.2,d62c7205-ff87-45a2-822d-c29137101eca,ORL,DET,Away,112,109,1
Goga Bitadze,1,8.133333333333333,1,3,0.333,0,1,0.0,0,0,0.0,2,0,2,2,0,3,0,1,2,3.0,0.333,0.333,0.333,0.0,28.1,0.0,14.4,31.8,0.0,32.8,0.0,16.7,129.0,98.0,9.9,d62c7205-ff87-45a2-822d-c29137101eca,ORL,DET,Away,112,109,1
Caleb Houstan,0,0.0,0,0,0.0,0,0,0.0,0,0,0.0,0,0,0,0,0,0,0,0,0,0.0,0.0,0.0,0.0,0.0,0.0,0.0,0.0,0.0,0.0,0.0,0.0,0.0,0.0,0.0,0.0,d62c7205-ff87-45a2-822d-c29137101eca,ORL,DET,Away,112,109,1
Chuma Okeke,0,0.0,0,0,0.0,0,0,0.0,0,0,0.0,0,0,0,0,0,0,0,0,0,0.0,0.0,0.0,0.0,0.0,0.0,0.0,0.0,0.0,0.0,0.0,0.0,0.0,0.0,0.0,0.0,d62c7205-ff87-45a2-822d-c29137101eca,ORL,DET,Away,112,109,1
Wendell Carter Jr.,1,33.88333333333333,7,12,0.583,2,5,0.4,2,4,0.5,4,6,10,1,1,1,3,2,18,-11.0,0.654,0.667,0.417,0.333,11.6,18.5,14.9,5.6,1.5,2.3,17.9,21.6,111.0,115.0,0.8,ba52d0bb-f224-4198-9e4f-c346446e85ed,ORL,ATL,Away,92,109,0
Franz Wagner,1,33.46666666666667,7,16,0.438,2,6,0.333,3,5,0.6,1,7,8,5,1,0,2,5,19,6.0,0.522,0.5,0.375,0.313,2.9,21.8,12.1,28.7,1.5,0.0,9.9,26.4,110.0,116.0,0.0,ba52d0bb-f224-4198-9e4f-c346446e85ed,ORL,ATL,Away,92,109,0
Jalen Suggs,1,28.133333333333333,6,10,0.6,2,4,0.5,0,0,0.0,0,2,2,6,2,1,3,3,14,3.0,0.7,0.7,0.4,0.0,0.0,7.4,3.6,41.3,3.6,2.8,23.1,20.2,118.0,112.0,6.7,ba52d0bb-f224-4198-9e4f-c346446e85ed,ORL,ATL,Away,92,109,0
Anthony Black,1,27.383333333333333,1,7,0.143,1,3,0.333,1,2,0.5,2,6,8,1,0,0,3,1,4,-5.0,0.254,0.214,0.429,0.286,7.2,22.9,14.8,5.3,0.0,0.0,27.6,17.4,54.0,119.0,-15.2,ba52d0bb-f224-4198-9e4f-c346446e85ed,ORL,ATL,Away,92,109,0
Goga Bitadze,1,18.5,1,5,0.2,0,1,0.0,0,0,0.0,2,3,5,2,0,3,1,2,2,1.0,0.2,0.2,0.2,0.0,10.6,16.9,13.7,16.0,0.0,12.8,16.7,14.2,70.0,109.0,-6.4,ba52d0bb-f224-4198-9e4f-c346446e85ed,ORL,ATL,Away,92,109,0
Cole Anthony,1,30.466666666666665,6,16,0.375,2,6,0.333,1,3,0.333,0,3,3,3,1,2,3,4,15,-22.0,0.433,0.438,0.375,0.188,0.0,10.3,5.0,18.5,1.7,5.2,14.8,29.1,83.0,114.0,-5.3,ba52d0bb-f224-4198-9e4f-c346446e85ed,ORL,ATL,Away,92,109,0
Caleb Houstan,1,20.5,4,9,0.444,4,9,0.444,0,0,0.0,0,2,2,0,0,0,0,1,12,-18.0,0.667,0.667,1.0,0.0,0.0,10.2,4.9,0.0,0.0,0.0,0.0,19.2,130.0,122.0,2.8,ba52d0bb-f224-4198-9e4f-c346446e85ed,ORL,ATL,Away,92,109,0
Joe Ingles,1,19.166666666666668,1,2,0.5,1,2,0.5,0,0,0.0,1,1,2,3,1,0,0,0,3,-11.0,0.75,0.75,1.0,0.0,5.1,5.4,5.3,23.1,2.6,0.0,0.0,4.6,186.0,118.0,2.4,ba52d0bb-f224-4198-9e4f-c346446e85ed,ORL,ATL,Away,92,109,0
Moritz Wagner,1,12.7,1,2,0.5,0,1,0.0,0,0,0.0,1,4,5,1,1,1,2,1,2,-9.0,0.5,0.5,0.5,0.0,7.7,32.9,19.9,12.1,4.0,6.2,50.0,13.8,67.0,102.0,-4.9,ba52d0bb-f224-4198-9e4f-c346446e85ed,ORL,ATL,Away,92,109,0
Markelle Fultz,1,11.8,1,5,0.2,0,1,0.0,1,2,0.5,3,1,4,1,0,1,1,0,3,-16.0,0.255,0.2,0.2,0.4,24.9,8.8,17.1,13.2,0.0,6.7,14.5,25.5,75.0,117.0,-7.1,ba52d0bb-f224-4198-9e4f-c346446e85ed,ORL,ATL,Away,92,109,0
Jonathan Isaac,1,2.216666666666667,0,0,0.0,0,0,0.0,0,2,0.0,0,1,1,0,0,0,0,0,0,1.0,0.0,0.0,0.0,0.0,0.0,47.1,22.8,0.0,0.0,0.0,0.0,17.3,0.0,113.0,-20.7,ba52d0bb-f224-4198-9e4f-c346446e85ed,ORL,ATL,Away,92,109,0
Chuma Okeke,1,1.7833333333333332,0,0,0.0,0,0,0.0,0,0,0.0,0,1,1,0,0,0,0,0,0,-4.0,0.0,0.0,0.0,0.0,0.0,58.5,28.3,0.0,0.0,0.0,0.0,0.0,0.0,110.0,-4.4,ba52d0bb-f224-4198-9e4f-c346446e85ed,ORL,ATL,Away,92,109,0
Caleb Houstan,1,30.966666666666665,3,4,0.75,3,4,0.75,0,0,0.0,1,5,6,1,2,0,1,3,9,21.0,1.125,1.125,1.0,0.0,5.0,18.5,12.7,4.5,3.3,0.0,20.0,7.6,166.0,86.0,8.6,1f3254cd-e8d4-4dfe-9d67-a44e31a0e149,ORL,BRK,Home,108,81,1
Franz Wagner,1,28.0,8,11,0.727,0,2,0.0,5,5,1.0,0,5,5,5,0,1,3,1,21,16.0,0.795,0.727,0.182,0.455,0.0,20.4,11.7,33.9,0.0,3.6,18.5,27.2,137.0,90.0,10.2,1f3254cd-e8d4-4dfe-9d67-a44e31a0e149,ORL,BRK,Home,108,81,1
Wendell Carter Jr.,1,22.1,5,9,0.556,0,2,0.0,0,0,0.0,2,5,7,2,0,1,2,3,10,20.0,0.556,0.556,0.222,0.0,14.0,25.9,20.8,15.4,0.0,4.5,18.2,23.4,104.0,88.0,-1.5,1f3254cd-e8d4-4dfe-9d67-a44e31a0e149,ORL,BRK,Home,108,81,1
Gary Harris,1,21.483333333333334,3,6,0.5,2,4,0.5,0,0,0.0,0,2,2,2,0,0,0,1,8,23.0,0.667,0.667,0.667,0.0,0.0,10.6,6.1,13.8,0.0,0.0,0.0,13.1,140.0,95.0,3.4,1f3254cd-e8d4-4dfe-9d67-a44e31a0e149,ORL,BRK,Home,108,81,1
Jalen Suggs,1,15.883333333333333,3,5,0.6,1,2,0.5,2,2,1.0,0,1,1,2,2,0,2,3,9,20.0,0.765,0.7,0.4,0.4,0.0,7.2,4.1,20.2,6.4,0.0,25.4,23.3,118.0,82.0,6.9,1f3254cd-e8d4-4dfe-9d67-a44e31a0e149,ORL,BRK,Home,108,81,1
Cole Anthony,1,25.9,4,12,0.333,2,5,0.4,2,2,1.0,0,2,2,1,3,0,0,2,12,7.0,0.466,0.417,0.417,0.167,0.0,8.8,5.1,5.9,5.9,0.0,0.0,23.4,100.0,83.0,1.5,1f3254cd-e8d4-4dfe-9d67-a44e31a0e149,ORL,BRK,Home,108,81,1
Markelle Fultz,1,24.55,6,12,0.5,0,1,0.0,0,1,0.0,1,2,3,1,0,0,4,1,12,14.0,0.482,0.5,0.083,0.083,6.3,9.3,8.0,7.2,0.0,0.0,24.3,31.5,76.0,96.0,-13.0,1f3254cd-e8d4-4dfe-9d67-a44e31a0e149,ORL,BRK,Home,108,81,1
Anthony Black,1,21.933333333333334,2,4,0.5,1,2,0.5,3,4,0.75,0,4,4,1,2,0,1,0,8,0.0,0.694,0.625,0.5,1.0,0.0,20.8,12.0,6.3,4.6,0.0,14.8,14.5,123.0,82.0,6.7,1f3254cd-e8d4-4dfe-9d67-a44e31a0e149,ORL,BRK,Home,108,81,1
Moritz Wagner,1,18.7,4,7,0.571,0,0,0.0,8,9,0.889,1,4,5,2,1,0,1,3,16,8.0,0.73,0.571,0.0,1.286,8.3,24.4,17.6,17.9,2.7,0.0,8.4,30.1,147.0,85.0,10.6,1f3254cd-e8d4-4dfe-9d67-a44e31a0e149,ORL,BRK,Home,108,81,1
Joe Ingles,1,18.433333333333334,0,2,0.0,0,2,0.0,0,0,0.0,0,2,2,2,2,0,2,2,0,10.0,0.0,0.0,1.0,0.0,0.0,12.4,7.1,13.4,5.5,0.0,50.0,10.2,31.0,82.0,-6.7,1f3254cd-e8d4-4dfe-9d67-a44e31a0e149,ORL,BRK,Home,108,81,1
Goga Bitadze,1,7.2,1,1,1.0,0,0,0.0,1,2,0.5,0,1,1,0,1,0,1,3,3,-1.0,0.798,1.0,0.0,2.0,0.0,15.9,9.1,0.0,7.1,0.0,34.7,18.8,94.0,77.0,-4.7,1f3254cd-e8d4-4dfe-9d67-a44e31a0e149,ORL,BRK,Home,108,81,1
Chuma Okeke,1,4.85,0,1,0.0,0,1,0.0,0,0,0.0,0,0,0,1,1,0,0,0,0,-3.0,0.0,0.0,1.0,0.0,0.0,0.0,0.0,25.4,10.5,0.0,0.0,9.7,57.0,75.0,8.0,1f3254cd-e8d4-4dfe-9d67-a44e31a0e149,ORL,BRK,Home,108,81,1
Paolo Banchero,1,35.05,10,16,0.625,1,4,0.25,8,11,0.727,1,8,9,6,1,0,6,1,29,7.0,0.696,0.656,0.25,0.688,3.4,26.1,15.0,29.0,1.4,0.0,22.4,34.8,115.0,113.0,2.5,2f4adc78-e745-4805-b003-254c64a2dd72,ORL,UTA,Home,115,107,1
Franz Wagner,1,34.03333333333333,6,11,0.545,0,4,0.0,2,2,1.0,2,1,3,6,2,2,4,2,14,3.0,0.589,0.545,0.364,0.182,7.1,3.4,5.2,25.2,3.0,6.6,25.2,21.2,108.0,110.0,0.7,2f4adc78-e745-4805-b003-254c64a2dd72,ORL,UTA,Home,115,107,1
Jalen Suggs,1,29.083333333333332,5,8,0.625,4,7,0.571,1,2,0.5,0,2,2,2,1,1,3,6,15,5.0,0.845,0.875,0.875,0.25,0.0,7.9,4.0,9.8,1.7,3.8,25.3,18.6,115.0,114.0,-0.1,2f4adc78-e745-4805-b003-254c64a2dd72,ORL,UTA,Home,115,107,1
Gary Harris,1,23.866666666666667,5,8,0.625,3,6,0.5,0,0,0.0,0,4,4,1,1,1,0,0,13,-1.0,0.813,0.813,0.75,0.0,0.0,19.2,9.8,6.3,2.1,4.7,0.0,15.2,158.0,110.0,9.5,2f4adc78-e745-4805-b003-254c64a2dd72,ORL,UTA,Home,115,107,1
Wendell Carter Jr.,1,22.0,2,6,0.333,0,0,0.0,2,5,0.4,1,4,5,1,0,0,0,2,6,9.0,0.366,0.333,0.0,0.833,5.5,20.8,13.3,5.8,0.0,0.0,0.0,16.9,93.0,118.0,-11.4,2f4adc78-e745-4805-b003-254c64a2dd72,ORL,UTA,Home,115,107,1
Moritz Wagner,1,26.0,6,7,0.857,0,1,0.0,2,3,0.667,2,8,10,1,1,0,2,1,14,-1.0,0.841,0.857,0.143,0.429,9.2,35.2,22.5,6.0,1.9,0.0,19.4,18.0,135.0,110.0,2.3,2f4adc78-e745-4805-b003-254c64a2dd72,ORL,UTA,Home,115,107,1
Cole Anthony,1,24.0,4,9,0.444,0,2,0.0,1,2,0.5,3,4,7,4,1,0,0,3,9,8.0,0.455,0.444,0.222,0.222,15.0,19.0,17.1,23.5,2.1,0.0,0.0,18.7,126.0,113.0,-1.1,2f4adc78-e745-4805-b003-254c64a2dd72,ORL,UTA,Home,115,107,1
Markelle Fultz,1,18.1,1,4,0.25,0,0,0.0,5,6,0.833,1,2,3,3,2,0,0,2,7,8.0,0.527,0.25,0.0,1.5,6.6,12.6,9.7,20.2,5.6,0.0,0.0,16.7,140.0,106.0,3.9,2f4adc78-e745-4805-b003-254c64a2dd72,ORL,UTA,Home,115,107,1
Joe Ingles,1,14.183333333333334,2,4,0.5,1,2,0.5,0,0,0.0,0,0,0,2,0,0,0,0,5,3.0,0.625,0.625,0.5,0.0,0.0,0.0,0.0,19.2,0.0,0.0,0.0,12.8,142.0,122.0,-1.2,2f4adc78-e745-4805-b003-254c64a2dd72,ORL,UTA,Home,115,107,1
Caleb Houstan,1,13.683333333333334,1,4,0.25,1,4,0.25,0,0,0.0,0,2,2,1,0,2,0,3,3,-1.0,0.375,0.375,1.0,0.0,0.0,16.7,8.6,9.1,0.0,16.3,0.0,13.3,94.0,107.0,-3.1,2f4adc78-e745-4805-b003-254c64a2dd72,ORL,UTA,Home,115,107,1
Goga Bitadze,0,0.0,0,0,0.0,0,0,0.0,0,0,0.0,0,0,0,0,0,0,0,0,0,0.0,0.0,0.0,0.0,0.0,0.0,0.0,0.0,0.0,0.0,0.0,0.0,0.0,0.0,0.0,0.0,2f4adc78-e745-4805-b003-254c64a2dd72,ORL,UTA,Home,115,107,1
Anthony Black,0,0.0,0,0,0.0,0,0,0.0,0,0,0.0,0,0,0,0,0,0,0,0,0,0.0,0.0,0.0,0.0,0.0,0.0,0.0,0.0,0.0,0.0,0.0,0.0,0.0,0.0,0.0,0.0,2f4adc78-e745-4805-b003-254c64a2dd72,ORL,UTA,Home,115,107,1
Jett Howard,0,0.0,0,0,0.0,0,0,0.0,0,0,0.0,0,0,0,0,0,0,0,0,0,0.0,0.0,0.0,0.0,0.0,0.0,0.0,0.0,0.0,0.0,0.0,0.0,0.0,0.0,0.0,0.0,2f4adc78-e745-4805-b003-254c64a2dd72,ORL,UTA,Home,115,107,1
Chuma Okeke,0,0.0,0,0,0.0,0,0,0.0,0,0,0.0,0,0,0,0,0,0,0,0,0,0.0,0.0,0.0,0.0,0.0,0.0,0.0,0.0,0.0,0.0,0.0,0.0,0.0,0.0,0.0,0.0,2f4adc78-e745-4805-b003-254c64a2dd72,ORL,UTA,Home,115,107,1
Admiral Schofield,0,0.0,0,0,0.0,0,0,0.0,0,0,0.0,0,0,0,0,0,0,0,0,0,0.0,0.0,0.0,0.0,0.0,0.0,0.0,0.0,0.0,0.0,0.0,0.0,0.0,0.0,0.0,0.0,2f4adc78-e745-4805-b003-254c64a2dd72,ORL,UTA,Home,115,107,1
Paolo Banchero,1,32.06666666666667,10,16,0.625,1,4,0.25,8,9,0.889,2,6,8,5,0,0,4,1,29,30.0,0.726,0.656,0.25,0.563,10.0,19.5,15.8,26.7,0.0,0.0,16.7,34.8,132.0,98.0,5.9,4777fba9-2f29-44f5-bd40-13655faa8544,ORL,DET,Home,113,91,1
Wendell Carter Jr.,1,31.166666666666668,5,7,0.714,2,3,0.667,7,7,1.0,2,6,8,3,1,2,0,1,19,31.0,0.942,0.857,0.429,1.0,10.3,20.1,16.2,13.1,1.6,6.2,0.0,15.1,200.0,90.0,16.8,4777fba9-2f29-44f5-bd40-13655faa8544,ORL,DET,Home,113,91,1
Jalen Suggs,1,29.75,5,8,0.625,1,3,0.333,0,0,0.0,0,5,5,3,1,1,3,4,11,32.0,0.688,0.688,0.375,0.0,0.0,17.5,10.6,13.9,1.7,3.2,27.3,17.2,104.0,92.0,-1.1,4777fba9-2f29-44f5-bd40-13655faa8544,ORL,DET,Home,113,91,1
Gary Harris,1,29.333333333333332,3,5,0.6,2,4,0.5,0,0,0.0,0,2,2,4,2,0,0,1,8,29.0,0.8,0.8,0.8,0.0,0.0,7.1,4.3,17.2,3.4,0.0,0.0,7.9,173.0,93.0,8.5,4777fba9-2f29-44f5-bd40-13655faa8544,ORL,DET,Home,113,91,1
Franz Wagner,1,28.816666666666666,5,10,0.5,0,1,0.0,3,5,0.6,0,8,8,1,0,2,3,3,13,29.0,0.533,0.5,0.1,0.5,0.0,29.0,17.5,4.8,0.0,6.7,19.7,24.6,89.0,91.0,-7.0,4777fba9-2f29-44f5-bd40-13655faa8544,ORL,DET,Home,113,91,1
Markelle Fultz,1,16.383333333333333,8,8,1.0,0,0,0.0,0,0,0.0,1,2,3,1,0,1,2,1,16,-8.0,1.0,1.0,0.0,0.0,9.8,12.7,11.6,15.0,0.0,5.9,20.0,28.4,144.0,95.0,13.0,4777fba9-2f29-44f5-bd40-13655faa8544,ORL,DET,Home,113,91,1
Joe Ingles,1,15.966666666666667,1,4,0.25,0,2,0.0,0,0,0.0,0,0,0,2,1,0,3,1,2,-8.0,0.25,0.25,0.5,0.0,0.0,0.0,0.0,15.0,3.1,0.0,42.9,20.4,46.0,95.0,-14.9,4777fba9-2f29-44f5-bd40-13655faa8544,ORL,DET,Home,113,91,1
Cole Anthony,1,14.083333333333334,1,4,0.25,0,2,0.0,0,0,0.0,0,6,6,1,0,0,2,3,2,-11.0,0.25,0.25,0.5,0.0,0.0,44.5,26.9,8.6,0.0,0.0,33.3,19.9,45.0,94.0,-18.3,4777fba9-2f29-44f5-bd40-13655faa8544,ORL,DET,Home,113,91,1
Moritz Wagner,1,13.616666666666667,3,5,0.6,0,2,0.0,0,0,0.0,1,2,3,2,1,0,1,1,6,-10.0,0.6,0.6,0.4,0.0,11.8,15.3,13.9,21.7,3.6,0.0,16.7,20.5,118.0,91.0,3.2,4777fba9-2f29-44f5-bd40-13655faa8544,ORL,DET,Home,113,91,1
Jonathan Isaac,1,12.716666666666667,1,2,0.5,0,0,0.0,0,0,0.0,0,2,2,1,0,0,1,0,2,-9.0,0.5,0.5,0.0,0.0,0.0,16.4,9.9,9.6,0.0,0.0,33.3,11.0,80.0,99.0,-4.0,4777fba9-2f29-44f5-bd40-13655faa8544,ORL,DET,Home,113,91,1
Anthony Black,1,3.216666666666667,1,2,0.5,1,1,1.0,0,0,0.0,0,1,1,0,0,0,0,0,3,1.0,0.75,0.75,0.5,0.0,0.0,32.4,19.6,0.0,0.0,0.0,0.0,29.0,139.0,96.0,11.7,4777fba9-2f29-44f5-bd40-13655faa8544,ORL,DET,Home,113,91,1
Goga Bitadze,1,3.216666666666667,0,0,0.0,0,0,0.0,2,4,0.5,0,0,0,1,1,0,1,0,2,1.0,0.568,0.0,0.0,0.0,0.0,0.0,0.0,34.7,15.3,0.0,36.2,40.0,90.0,68.0,11.0,4777fba9-2f29-44f5-bd40-13655faa8544,ORL,DET,Home,113,91,1
Caleb Houstan,1,3.216666666666667,0,0,0.0,0,0,0.0,0,0,0.0,0,1,1,0,0,0,0,0,0,1.0,0.0,0.0,0.0,0.0,0.0,32.4,19.6,0.0,0.0,0.0,0.0,0.0,0.0,96.0,-1.5,4777fba9-2f29-44f5-bd40-13655faa8544,ORL,DET,Home,113,91,1
Chuma Okeke,1,3.216666666666667,0,1,0.0,0,1,0.0,0,0,0.0,0,0,0,0,0,0,0,0,0,1.0,0.0,0.0,1.0,0.0,0.0,0.0,0.0,0.0,0.0,0.0,0.0,14.5,0.0,102.0,-19.4,4777fba9-2f29-44f5-bd40-13655faa8544,ORL,DET,Home,113,91,1
Admiral Schofield,1,3.216666666666667,0,0,0.0,0,0,0.0,0,0,0.0,1,0,1,0,0,0,0,0,0,1.0,0.0,0.0,0.0,0.0,49.7,0.0,19.6,0.0,0.0,0.0,0.0,0.0,215.0,102.0,1.2,4777fba9-2f29-44f5-bd40-13655faa8544,ORL,DET,Home,113,91,1
Paolo Banchero,1,33.21666666666667,9,19,0.474,2,5,0.4,2,2,1.0,0,5,5,3,0,0,5,1,22,1.0,0.553,0.526,0.263,0.105,0.0,20.1,10.0,16.1,0.0,0.0,20.1,36.8,93.0,103.0,-6.8,524814c3-cef4-41b2-8805-18be87ea9747,ORL,CHO,Away,101,89,1
Franz Wagner,1,30.083333333333332,4,11,0.364,0,5,0.0,0,1,0.0,1,2,3,2,1,0,4,1,8,-3.0,0.35,0.364,0.455,0.091,4.4,8.9,6.6,9.5,1.8,0.0,25.9,25.2,64.0,100.0,-14.6,524814c3-cef4-41b2-8805-18be87ea9747,ORL,CHO,Away,101,89,1
Wendell Carter Jr.,1,28.983333333333334,5,7,0.714,2,4,0.5,0,0,0.0,4,5,9,1,1,0,1,1,12,0.0,0.857,0.857,0.571,0.0,18.4,23.0,20.7,5.2,1.8,0.0,12.5,13.6,157.0,99.0,6.7,524814c3-cef4-41b2-8805-18be87ea9747,ORL,CHO,Away,101,89,1
Gary Harris,1,21.683333333333334,3,4,0.75,2,2,1.0,1,2,0.5,0,0,0,0,3,0,1,3,9,6.0,0.922,1.0,0.5,0.5,0.0,0.0,0.0,0.0,7.3,0.0,17.0,13.3,135.0,88.0,7.8,524814c3-cef4-41b2-8805-18be87ea9747,ORL,CHO,Away,101,89,1
Jalen Suggs,1,20.433333333333334,2,4,0.5,0,2,0.0,0,1,0.0,0,4,4,3,1,0,1,4,4,5.0,0.45,0.5,0.5,0.25,0.0,26.1,13.1,20.0,2.6,0.0,18.4,13.1,98.0,97.0,-5.0,524814c3-cef4-41b2-8805-18be87ea9747,ORL,CHO,Away,101,89,1
Anthony Black,1,27.566666666666666,3,5,0.6,3,4,0.75,1,4,0.25,1,4,5,1,0,0,1,1,10,7.0,0.74,0.9,0.8,0.8,4.8,19.3,12.1,5.0,0.0,0.0,12.9,13.8,125.0,103.0,1.5,524814c3-cef4-41b2-8805-18be87ea9747,ORL,CHO,Away,101,89,1
Cole Anthony,1,22.8,5,11,0.455,2,8,0.25,2,2,1.0,0,3,3,3,2,0,2,3,14,15.0,0.589,0.545,0.727,0.182,0.0,17.5,8.8,21.4,4.7,0.0,14.4,29.9,111.0,92.0,3.1,524814c3-cef4-41b2-8805-18be87ea9747,ORL,CHO,Away,101,89,1
Moritz Wagner,1,18.25,5,8,0.625,1,3,0.333,0,0,0.0,0,4,4,2,0,0,2,1,11,12.0,0.688,0.688,0.375,0.0,0.0,29.2,14.6,19.6,0.0,0.0,20.0,26.9,110.0,102.0,1.4,524814c3-cef4-41b2-8805-18be87ea9747,ORL,CHO,Away,101,89,1
Jonathan Isaac,1,17.533333333333335,4,4,1.0,1,1,1.0,2,3,0.667,1,5,6,0,1,1,0,0,11,2.0,1.034,1.125,0.25,0.75,7.6,38.0,22.8,0.0,3.0,7.0,0.0,14.9,207.0,89.0,17.3,524814c3-cef4-41b2-8805-18be87ea9747,ORL,CHO,Away,101,89,1
Joe Ingles,1,17.15,0,1,0.0,0,1,0.0,0,0,0.0,1,1,2,8,0,0,0,1,0,15.0,0.0,0.0,1.0,0.0,7.8,7.8,7.8,56.0,0.0,0.0,0.0,2.9,181.0,104.0,6.6,524814c3-cef4-41b2-8805-18be87ea9747,ORL,CHO,Away,101,89,1
Caleb Houstan,1,0.7666666666666667,0,0,0.0,0,0,0.0,0,0,0.0,0,0,0,0,0,0,0,0,0,0.0,0.0,0.0,0.0,0.0,0.0,0.0,0.0,0.0,0.0,0.0,0.0,0.0,0.0,105.0,-5.4,524814c3-cef4-41b2-8805-18be87ea9747,ORL,CHO,Away,101,89,1
Chuma Okeke,1,0.7666666666666667,0,0,0.0,0,0,0.0,0,0,0.0,0,0,0,0,0,0,0,0,0,0.0,0.0,0.0,0.0,0.0,0.0,0.0,0.0,0.0,0.0,0.0,0.0,0.0,0.0,105.0,-4.5,524814c3-cef4-41b2-8805-18be87ea9747,ORL,CHO,Away,101,89,1
Admiral Schofield,1,0.7666666666666667,0,0,0.0,0,0,0.0,0,0,0.0,0,0,0,0,0,0,0,0,0,0.0,0.0,0.0,0.0,0.0,0.0,0.0,0.0,0.0,0.0,0.0,0.0,0.0,0.0,105.0,-5.5,524814c3-cef4-41b2-8805-18be87ea9747,ORL,CHO,Away,101,89,1
Goga Bitadze,0,0.0,0,0,0.0,0,0,0.0,0,0,0.0,0,0,0,0,0,0,0,0,0,0.0,0.0,0.0,0.0,0.0,0.0,0.0,0.0,0.0,0.0,0.0,0.0,0.0,0.0,0.0,0.0,524814c3-cef4-41b2-8805-18be87ea9747,ORL,CHO,Away,101,89,1
Franz Wagner,1,38.983333333333334,9,15,0.6,3,7,0.429,7,8,0.875,0,5,5,2,0,2,1,4,28,20.0,0.756,0.7,0.467,0.533,0.0,14.7,8.0,7.5,0.0,4.9,5.1,22.8,151.0,116.0,5.0,5484797a-a26d-4b76-99ac-da961961bd2f,ORL,WAS,Away,119,109,1
Paolo Banchero,1,38.81666666666667,10,19,0.526,1,2,0.5,4,5,0.8,1,5,6,10,0,1,4,3,25,18.0,0.59,0.553,0.105,0.263,3.5,14.7,9.6,39.1,0.0,2.5,15.9,29.6,122.0,118.0,1.8,5484797a-a26d-4b76-99ac-da961961bd2f,ORL,WAS,Away,119,109,1
Jalen Suggs,1,31.916666666666668,6,12,0.5,5,10,0.5,2,2,1.0,2,4,6,4,1,0,2,1,19,24.0,0.738,0.708,0.833,0.167,8.6,14.3,11.7,17.2,1.6,0.0,13.4,21.3,142.0,116.0,7.2,5484797a-a26d-4b76-99ac-da961961bd2f,ORL,WAS,Away,119,109,1
Goga Bitadze,1,24.966666666666665,2,3,0.667,0,0,0.0,2,2,1.0,2,6,8,2,1,1,3,0,6,13.0,0.773,0.667,0.0,0.667,11.0,27.5,20.0,9.6,2.0,3.8,43.6,12.6,109.0,109.0,0.7,5484797a-a26d-4b76-99ac-da961961bd2f,ORL,WAS,Away,119,109,1
Anthony Black,1,21.883333333333333,3,5,0.6,2,3,0.667,0,0,0.0,1,0,1,2,2,0,0,1,8,18.0,0.8,0.8,0.6,0.0,6.3,0.0,2.8,11.7,4.7,0.0,0.0,10.4,176.0,113.0,9.3,5484797a-a26d-4b76-99ac-da961961bd2f,ORL,WAS,Away,119,109,1
Cole Anthony,1,24.633333333333333,5,12,0.417,0,3,0.0,1,1,1.0,0,7,7,0,0,1,2,0,11,0.0,0.442,0.417,0.25,0.083,0.0,32.5,17.7,0.0,0.0,3.9,13.9,26.7,79.0,113.0,-12.1,5484797a-a26d-4b76-99ac-da961961bd2f,ORL,WAS,Away,119,109,1
Moritz Wagner,1,21.2,6,7,0.857,1,1,1.0,3,3,1.0,2,4,6,0,0,0,2,4,16,4.0,0.962,0.929,0.143,0.429,12.9,21.6,17.6,0.0,0.0,0.0,19.4,22.2,153.0,118.0,2.1,5484797a-a26d-4b76-99ac-da961961bd2f,ORL,WAS,Away,119,109,1
Markelle Fultz,1,19.45,3,8,0.375,0,0,0.0,0,0,0.0,1,1,2,1,0,0,0,0,6,-20.0,0.375,0.375,0.0,0.0,7.1,5.9,6.4,6.7,0.0,0.0,0.0,18.8,97.0,122.0,-10.5,5484797a-a26d-4b76-99ac-da961961bd2f,ORL,WAS,Away,119,109,1
Joe Ingles,1,13.75,0,0,0.0,0,0,0.0,0,0,0.0,0,1,1,0,0,0,1,1,0,-19.0,0.0,0.0,0.0,0.0,0.0,8.3,4.5,0.0,0.0,0.0,100.0,3.3,0.0,122.0,-12.9,5484797a-a26d-4b76-99ac-da961961bd2f,ORL,WAS,Away,119,109,1
Caleb Houstan,1,4.4,0,0,0.0,0,0,0.0,0,0,0.0,0,0,0,0,0,0,0,0,0,-8.0,0.0,0.0,0.0,0.0,0.0,0.0,0.0,0.0,0.0,0.0,0.0,0.0,0.0,124.0,-5.8,5484797a-a26d-4b76-99ac-da961961bd2f,ORL,WAS,Away,119,109,1
Wendell Carter Jr.,0,0.0,0,0,0.0,0,0,0.0,0,0,0.0,0,0,0,0,0,0,0,0,0,0.0,0.0,0.0,0.0,0.0,0.0,0.0,0.0,0.0,0.0,0.0,0.0,0.0,0.0,0.0,0.0,5484797a-a26d-4b76-99ac-da961961bd2f,ORL,WAS,Away,119,109,1
Chuma Okeke,0,0.0,0,0,0.0,0,0,0.0,0,0,0.0,0,0,0,0,0,0,0,0,0,0.0,0.0,0.0,0.0,0.0,0.0,0.0,0.0,0.0,0.0,0.0,0.0,0.0,0.0,0.0,0.0,5484797a-a26d-4b76-99ac-da961961bd2f,ORL,WAS,Away,119,109,1
Admiral Schofield,0,0.0,0,0,0.0,0,0,0.0,0,0,0.0,0,0,0,0,0,0,0,0,0,0.0,0.0,0.0,0.0,0.0,0.0,0.0,0.0,0.0,0.0,0.0,0.0,0.0,0.0,0.0,0.0,5484797a-a26d-4b76-99ac-da961961bd2f,ORL,WAS,Away,119,109,1
Paolo Banchero,1,36.18333333333333,9,20,0.45,2,3,0.667,3,5,0.6,2,7,9,2,2,4,4,3,23,-23.0,0.518,0.5,0.15,0.25,6.0,25.8,14.9,17.6,3.1,11.5,15.3,34.5,95.0,105.0,10.5,ec3360a6-039b-40f3-be74-1df9e6c056e7,ORL,NYK,Away,74,98,0
Franz Wagner,1,34.31666666666667,6,20,0.3,0,5,0.0,1,1,1.0,0,4,4,0,1,0,0,0,13,-25.0,0.318,0.3,0.25,0.05,0.0,15.5,7.0,0.0,1.7,0.0,0.0,28.4,73.0,119.0,-8.0,ec3360a6-039b-40f3-be74-1df9e6c056e7,ORL,NYK,Away,74,98,0
Wendell Carter Jr.,1,24.55,2,8,0.25,2,4,0.5,1,2,0.5,7,2,9,2,0,2,3,2,7,-22.0,0.394,0.375,0.5,0.25,31.1,10.9,22.0,16.9,0.0,8.5,25.3,23.0,86.0,119.0,-2.1,ec3360a6-039b-40f3-be74-1df9e6c056e7,ORL,NYK,Away,74,98,0
Gary Harris,1,24.416666666666668,2,5,0.4,1,3,0.333,0,0,0.0,0,1,1,1,0,0,1,0,5,-20.0,0.5,0.5,0.6,0.0,0.0,5.5,2.5,8.5,0.0,0.0,16.7,11.7,91.0,126.0,-6.8,ec3360a6-039b-40f3-be74-1df9e6c056e7,ORL,NYK,Away,74,98,0
Anthony Black,1,22.833333333333332,0,5,0.0,0,2,0.0,0,0,0.0,0,2,2,0,0,0,1,2,0,-18.0,0.0,0.0,0.4,0.0,0.0,11.7,5.3,0.0,0.0,0.0,16.7,12.5,0.0,124.0,-21.2,ec3360a6-039b-40f3-be74-1df9e6c056e7,ORL,NYK,Away,74,98,0
Cole Anthony,1,25.166666666666668,1,4,0.25,0,2,0.0,2,4,0.5,1,0,1,5,1,2,1,2,4,-6.0,0.347,0.25,0.5,1.0,4.3,0.0,2.4,38.0,2.3,8.3,14.8,12.8,92.0,118.0,2.4,ec3360a6-039b-40f3-be74-1df9e6c056e7,ORL,NYK,Away,74,98,0
Joe Ingles,1,17.4,0,0,0.0,0,0,0.0,1,2,0.5,0,1,1,1,2,0,0,0,1,2.0,0.568,0.0,0.0,0.0,0.0,7.7,3.4,10.2,6.5,0.0,0.0,2.4,142.0,110.0,0.0,ec3360a6-039b-40f3-be74-1df9e6c056e7,ORL,NYK,Away,74,98,0
Jonathan Isaac,1,16.116666666666667,4,6,0.667,1,2,0.5,2,2,1.0,2,4,6,0,1,2,0,0,11,2.0,0.799,0.75,0.333,0.333,13.5,33.1,22.3,0.0,3.5,12.9,0.0,20.3,168.0,101.0,22.8,ec3360a6-039b-40f3-be74-1df9e6c056e7,ORL,NYK,Away,74,98,0
Moritz Wagner,1,12.05,1,2,0.5,0,0,0.0,2,2,1.0,0,1,1,1,0,0,1,1,4,4.0,0.694,0.5,0.0,1.0,0.0,11.1,5.0,17.3,0.0,0.0,25.8,15.3,113.0,124.0,-4.3,ec3360a6-039b-40f3-be74-1df9e6c056e7,ORL,NYK,Away,74,98,0
Markelle Fultz,1,8.6,1,4,0.25,0,1,0.0,0,0,0.0,0,1,1,0,0,0,1,1,2,0.0,0.25,0.25,0.25,0.0,0.0,15.5,7.0,0.0,0.0,0.0,20.0,27.7,43.0,123.0,-22.6,ec3360a6-039b-40f3-be74-1df9e6c056e7,ORL,NYK,Away,74,98,0
Goga Bitadze,1,7.133333333333334,0,0,0.0,0,0,0.0,0,0,0.0,0,0,0,0,0,0,1,1,0,-8.0,0.0,0.0,0.0,0.0,0.0,0.0,0.0,0.0,0.0,0.0,100.0,6.7,0.0,128.0,-21.5,ec3360a6-039b-40f3-be74-1df9e6c056e7,ORL,NYK,Away,74,98,0
Caleb Houstan,1,4.8,0,1,0.0,0,1,0.0,2,2,1.0,0,0,0,0,0,0,0,0,2,-4.0,0.532,0.0,1.0,2.0,0.0,0.0,0.0,0.0,0.0,0.0,0.0,18.7,128.0,128.0,-3.0,ec3360a6-039b-40f3-be74-1df9e6c056e7,ORL,NYK,Away,74,98,0
Chuma Okeke,1,3.216666666666667,1,3,0.333,0,2,0.0,0,0,0.0,0,1,1,0,0,0,0,0,2,-1.0,0.333,0.333,0.667,0.0,0.0,41.5,18.7,0.0,0.0,0.0,0.0,44.4,71.0,114.0,-9.7,ec3360a6-039b-40f3-be74-1df9e6c056e7,ORL,NYK,Away,74,98,0
Admiral Schofield,1,3.216666666666667,0,1,0.0,0,1,0.0,0,0,0.0,0,1,1,0,0,0,0,0,0,-1.0,0.0,0.0,1.0,0.0,0.0,41.5,18.7,0.0,0.0,0.0,0.0,14.8,0.0,114.0,-17.7,ec3360a6-039b-40f3-be74-1df9e6c056e7,ORL,NYK,Away,74,98,0
Paolo Banchero,1,37.916666666666664,6,20,0.3,1,8,0.125,6,8,0.75,0,5,5,5,2,0,3,3,19,-18.0,0.404,0.325,0.4,0.4,0.0,16.7,6.9,24.9,2.6,0.0,11.3,29.8,85.0,113.0,-1.7,a74e2063-d6e7-4260-a986-0f98db5186fd,ORL,IND,Home,97,111,0
Franz Wagner,1,29.483333333333334,5,14,0.357,0,3,0.0,3,5,0.6,0,4,4,2,2,0,1,3,13,-8.0,0.401,0.357,0.214,0.357,0.0,17.1,7.1,13.1,3.3,0.0,5.8,24.8,85.0,111.0,-2.7,a74e2063-d6e7-4260-a986-0f98db5186fd,ORL,IND,Home,97,111,0
Gary Harris,1,27.833333333333332,2,3,0.667,1,2,0.5,0,0,0.0,0,1,1,1,0,0,2,3,5,-21.0,0.833,0.833,0.667,0.0,0.0,4.5,1.9,5.8,0.0,0.0,40.0,7.6,91.0,120.0,-6.5,a74e2063-d6e7-4260-a986-0f98db5186fd,ORL,IND,Home,97,111,0
Wendell Carter Jr.,1,27.65,5,13,0.385,0,5,0.0,3,3,1.0,6,9,15,2,1,1,2,3,13,-13.0,0.454,0.385,0.385,0.231,19.3,41.1,28.3,14.3,1.8,3.2,12.3,25.1,102.0,108.0,2.2,a74e2063-d6e7-4260-a986-0f98db5186fd,ORL,IND,Home,97,111,0
Caleb Houstan,1,22.083333333333332,0,2,0.0,0,1,0.0,0,0,0.0,1,1,2,1,0,0,0,3,0,-5.0,0.0,0.0,0.5,0.0,4.0,5.7,4.7,6.6,0.0,0.0,0.0,3.9,53.0,119.0,-9.1,a74e2063-d6e7-4260-a986-0f98db5186fd,ORL,IND,Home,97,111,0
Cole Anthony,1,25.916666666666668,4,14,0.286,1,6,0.167,7,8,0.875,1,1,2,3,0,0,0,3,16,-9.0,0.457,0.321,0.429,0.571,3.4,4.9,4.0,21.7,0.0,0.0,0.0,28.8,110.0,120.0,0.9,a74e2063-d6e7-4260-a986-0f98db5186fd,ORL,IND,Home,97,111,0
Joe Ingles,1,22.983333333333334,4,5,0.8,3,4,0.75,0,0,0.0,0,2,2,2,1,0,1,2,11,-1.0,1.1,1.1,0.8,0.0,0.0,11.0,4.5,16.9,2.1,0.0,16.7,11.1,168.0,114.0,9.5,a74e2063-d6e7-4260-a986-0f98db5186fd,ORL,IND,Home,97,111,0
Jonathan Isaac,1,19.0,3,7,0.429,3,4,0.75,0,0,0.0,3,4,7,0,0,2,1,2,9,5.0,0.643,0.643,0.571,0.0,14.0,26.6,19.2,0.0,0.0,9.2,12.5,17.9,119.0,109.0,6.2,a74e2063-d6e7-4260-a986-0f98db5186fd,ORL,IND,Home,97,111,0
Moritz Wagner,1,15.883333333333333,3,6,0.5,0,2,0.0,3,5,0.6,2,4,6,2,0,0,1,2,9,-6.0,0.549,0.5,0.333,0.833,11.2,31.8,19.7,25.3,0.0,0.0,10.9,24.7,114.0,116.0,3.9,a74e2063-d6e7-4260-a986-0f98db5186fd,ORL,IND,Home,97,111,0
Anthony Black,1,11.25,1,4,0.25,0,1,0.0,0,0,0.0,0,2,2,0,1,0,1,3,2,6.0,0.25,0.25,0.25,0.0,0.0,22.5,9.3,0.0,4.4,0.0,20.0,18.9,42.0,108.0,-14.0,a74e2063-d6e7-4260-a986-0f98db5186fd,ORL,IND,Home,97,111,0
Goga Bitadze,0,0.0,0,0,0.0,0,0,0.0,0,0,0.0,0,0,0,0,0,0,0,0,0,0.0,0.0,0.0,0.0,0.0,0.0,0.0,0.0,0.0,0.0,0.0,0.0,0.0,0.0,0.0,0.0,a74e2063-d6e7-4260-a986-0f98db5186fd,ORL,IND,Home,97,111,0
Chuma Okeke,0,0.0,0,0,0.0,0,0,0.0,0,0,0.0,0,0,0,0,0,0,0,0,0,0.0,0.0,0.0,0.0,0.0,0.0,0.0,0.0,0.0,0.0,0.0,0.0,0.0,0.0,0.0,0.0,a74e2063-d6e7-4260-a986-0f98db5186fd,ORL,IND,Home,97,111,0
Admiral Schofield,0,0.0,0,0,0.0,0,0,0.0,0,0,0.0,0,0,0,0,0,0,0,0,0,0.0,0.0,0.0,0.0,0.0,0.0,0.0,0.0,0.0,0.0,0.0,0.0,0.0,0.0,0.0,0.0,a74e2063-d6e7-4260-a986-0f98db5186fd,ORL,IND,Home,97,111,0
Paolo Banchero,1,35.083333333333336,6,6,1.0,1,1,1.0,8,9,0.889,0,3,3,9,0,0,2,4,21,19.0,1.054,1.083,0.167,1.5,0.0,11.4,6.2,38.7,0.0,0.0,16.7,16.3,186.0,119.0,10.6,d806275b-73a9-4146-a8f3-4f06091db9cf,ORL,BRK,Home,114,106,1
Jalen Suggs,1,29.833333333333332,5,12,0.417,4,8,0.5,0,0,0.0,1,3,4,2,0,0,3,2,14,17.0,0.583,0.583,0.667,0.0,5.4,13.4,9.8,10.1,0.0,0.0,20.0,24.0,95.0,119.0,-6.8,d806275b-73a9-4146-a8f3-4f06091db9cf,ORL,BRK,Home,114,106,1
Gary Harris,1,29.833333333333332,4,8,0.5,2,5,0.4,3,4,0.75,0,2,2,1,1,1,0,0,13,17.0,0.666,0.625,0.625,0.5,0.0,8.9,4.9,4.8,1.7,2.9,0.0,15.6,136.0,114.0,2.4,d806275b-73a9-4146-a8f3-4f06091db9cf,ORL,BRK,Home,114,106,1
Franz Wagner,1,27.533333333333335,6,14,0.429,1,4,0.25,1,1,1.0,1,4,5,6,3,0,0,5,14,5.0,0.485,0.464,0.286,0.071,5.8,19.4,13.2,35.4,5.6,0.0,0.0,25.1,122.0,105.0,3.6,d806275b-73a9-4146-a8f3-4f06091db9cf,ORL,BRK,Home,114,106,1
Wendell Carter Jr.,1,26.666666666666668,5,8,0.625,1,4,0.25,4,6,0.667,2,6,8,2,1,1,2,4,15,2.0,0.705,0.688,0.5,0.75,12.0,30.0,21.8,11.6,1.9,3.3,15.8,22.7,127.0,109.0,1.9,d806275b-73a9-4146-a8f3-4f06091db9cf,ORL,BRK,Home,114,106,1
Jonathan Isaac,1,19.55,4,6,0.667,3,5,0.6,0,0,0.0,0,3,3,0,0,2,0,1,11,8.0,0.917,0.917,0.833,0.0,0.0,20.5,11.2,0.0,0.0,8.9,0.0,14.7,161.0,111.0,9.4,d806275b-73a9-4146-a8f3-4f06091db9cf,ORL,BRK,Home,114,106,1
Markelle Fultz,1,18.683333333333334,4,10,0.4,0,0,0.0,2,2,1.0,2,6,8,2,1,0,3,1,10,5.0,0.46,0.4,0.0,0.2,17.1,42.8,31.1,17.3,2.8,0.0,21.6,35.5,89.0,107.0,-9.6,d806275b-73a9-4146-a8f3-4f06091db9cf,ORL,BRK,Home,114,106,1
Cole Anthony,1,16.383333333333333,2,5,0.4,0,0,0.0,2,4,0.5,0,1,1,2,0,1,0,1,6,-7.0,0.444,0.4,0.0,0.8,0.0,8.1,4.4,17.2,0.0,5.3,0.0,19.7,107.0,116.0,-4.6,d806275b-73a9-4146-a8f3-4f06091db9cf,ORL,BRK,Home,114,106,1
Joe Ingles,1,16.383333333333333,2,3,0.667,2,3,0.667,0,0,0.0,0,0,0,3,0,0,0,1,6,-7.0,1.0,1.0,1.0,0.0,0.0,0.0,0.0,25.7,0.0,0.0,0.0,8.8,200.0,122.0,5.7,d806275b-73a9-4146-a8f3-4f06091db9cf,ORL,BRK,Home,114,106,1
Moritz Wagner,1,11.133333333333333,1,3,0.333,0,1,0.0,0,0,0.0,0,0,0,1,0,0,2,1,2,-9.0,0.333,0.333,0.333,0.0,0.0,0.0,0.0,12.1,0.0,0.0,40.0,21.5,50.0,122.0,-20.4,d806275b-73a9-4146-a8f3-4f06091db9cf,ORL,BRK,Home,114,106,1
Goga Bitadze,1,1.7833333333333332,1,1,1.0,0,0,0.0,0,0,0.0,0,0,0,0,0,0,0,0,2,-2.0,1.0,1.0,0.0,0.0,0.0,0.0,0.0,0.0,0.0,0.0,0.0,26.8,200.0,122.0,14.4,d806275b-73a9-4146-a8f3-4f06091db9cf,ORL,BRK,Home,114,106,1
Anthony Black,1,1.7833333333333332,0,1,0.0,0,1,0.0,0,0,0.0,0,0,0,1,0,1,0,0,0,-2.0,0.0,0.0,1.0,0.0,0.0,0.0,0.0,67.3,0.0,48.9,0.0,26.8,64.0,86.0,17.6,d806275b-73a9-4146-a8f3-4f06091db9cf,ORL,BRK,Home,114,106,1
Caleb Houstan,1,1.7833333333333332,0,0,0.0,0,0,0.0,0,0,0.0,0,0,0,0,0,0,0,0,0,-2.0,0.0,0.0,0.0,0.0,0.0,0.0,0.0,0.0,0.0,0.0,0.0,0.0,0.0,122.0,-6.9,d806275b-73a9-4146-a8f3-4f06091db9cf,ORL,BRK,Home,114,106,1
Chuma Okeke,1,1.7833333333333332,0,0,0.0,0,0,0.0,0,0,0.0,0,0,0,0,0,0,0,0,0,-2.0,0.0,0.0,0.0,0.0,0.0,0.0,0.0,0.0,0.0,0.0,0.0,0.0,0.0,122.0,-6.0,d806275b-73a9-4146-a8f3-4f06091db9cf,ORL,BRK,Home,114,106,1
Admiral Schofield,1,1.7833333333333332,0,0,0.0,0,0,0.0,0,0,0.0,0,0,0,0,0,0,0,0,0,-2.0,0.0,0.0,0.0,0.0,0.0,0.0,0.0,0.0,0.0,0.0,0.0,0.0,0.0,122.0,-7.0,d806275b-73a9-4146-a8f3-4f06091db9cf,ORL,BRK,Home,114,106,1
Paolo Banchero,1,35.71666666666667,5,15,0.333,1,2,0.5,6,6,1.0,2,7,9,8,1,0,6,2,17,8.0,0.482,0.367,0.133,0.4,7.3,22.4,15.3,32.3,1.4,0.0,25.4,30.6,95.0,108.0,-5.3,dd5cae32-239e-4ea8-86fd-599c2b44da11,ORL,TOR,Away,113,103,1
Franz Wagner,1,30.983333333333334,6,9,0.667,0,1,0.0,7,8,0.875,1,6,7,4,2,0,4,2,19,9.0,0.759,0.667,0.111,0.889,4.2,22.1,13.7,20.2,3.3,0.0,24.2,24.7,124.0,104.0,3.4,dd5cae32-239e-4ea8-86fd-599c2b44da11,ORL,TOR,Away,113,103,1
Jalen Suggs,1,30.233333333333334,6,9,0.667,3,6,0.5,1,2,0.5,0,1,1,3,3,0,0,2,16,13.0,0.81,0.833,0.667,0.222,0.0,3.8,2.0,15.6,5.0,0.0,0.0,15.1,161.0,104.0,10.4,dd5cae32-239e-4ea8-86fd-599c2b44da11,ORL,TOR,Away,113,103,1
Wendell Carter Jr.,1,27.65,6,10,0.6,2,5,0.4,1,2,0.5,2,6,8,3,0,0,1,2,15,8.0,0.689,0.7,0.5,0.2,9.4,24.8,17.6,17.6,0.0,0.0,8.4,19.9,135.0,111.0,4.0,dd5cae32-239e-4ea8-86fd-599c2b44da11,ORL,TOR,Away,113,103,1
Gary Harris,1,25.016666666666666,2,7,0.286,2,5,0.4,0,0,0.0,0,1,1,0,0,1,0,3,6,5.0,0.429,0.429,0.714,0.0,0.0,4.6,2.4,0.0,0.0,4.1,0.0,13.0,84.0,113.0,-8.3,dd5cae32-239e-4ea8-86fd-599c2b44da11,ORL,TOR,Away,113,103,1
Cole Anthony,1,22.066666666666666,4,7,0.571,2,3,0.667,2,2,1.0,1,2,3,0,0,0,1,1,12,0.0,0.761,0.714,0.429,0.286,5.9,10.4,8.3,0.0,0.0,0.0,11.3,18.6,132.0,115.0,-0.6,dd5cae32-239e-4ea8-86fd-599c2b44da11,ORL,TOR,Away,113,103,1
Jonathan Isaac,1,20.35,4,7,0.571,2,4,0.5,0,0,0.0,0,6,6,0,0,2,0,1,10,2.0,0.714,0.714,0.571,0.0,0.0,33.7,17.9,0.0,0.0,10.0,0.0,15.9,132.0,102.0,5.1,dd5cae32-239e-4ea8-86fd-599c2b44da11,ORL,TOR,Away,113,103,1
Markelle Fultz,1,17.433333333333334,3,8,0.375,0,0,0.0,0,0,0.0,0,0,0,2,0,1,0,1,6,1.0,0.375,0.375,0.0,0.0,0.0,0.0,0.0,17.3,0.0,5.9,0.0,21.2,89.0,113.0,-7.9,dd5cae32-239e-4ea8-86fd-599c2b44da11,ORL,TOR,Away,113,103,1
Joe Ingles,1,15.283333333333333,1,2,0.5,1,2,0.5,2,2,1.0,0,1,1,5,0,0,1,1,5,7.0,0.868,0.75,1.0,1.0,0.0,7.5,4.0,42.6,0.0,0.0,25.8,11.8,159.0,115.0,5.0,dd5cae32-239e-4ea8-86fd-599c2b44da11,ORL,TOR,Away,113,103,1
Moritz Wagner,1,12.283333333333333,3,5,0.6,1,2,0.5,0,0,0.0,0,3,3,0,1,0,1,0,7,2.0,0.7,0.7,0.4,0.0,0.0,27.9,14.8,0.0,4.1,0.0,16.7,22.6,101.0,101.0,2.1,dd5cae32-239e-4ea8-86fd-599c2b44da11,ORL,TOR,Away,113,103,1
Caleb Houstan,1,2.9833333333333334,0,1,0.0,0,1,0.0,0,0,0.0,0,0,0,0,0,0,0,0,0,-5.0,0.0,0.0,1.0,0.0,0.0,0.0,0.0,0.0,0.0,0.0,0.0,15.5,0.0,117.0,-22.9,dd5cae32-239e-4ea8-86fd-599c2b44da11,ORL,TOR,Away,113,103,1
Goga Bitadze,0,0.0,0,0,0.0,0,0,0.0,0,0,0.0,0,0,0,0,0,0,0,0,0,0.0,0.0,0.0,0.0,0.0,0.0,0.0,0.0,0.0,0.0,0.0,0.0,0.0,0.0,0.0,0.0,dd5cae32-239e-4ea8-86fd-599c2b44da11,ORL,TOR,Away,113,103,1
Anthony Black,0,0.0,0,0,0.0,0,0,0.0,0,0,0.0,0,0,0,0,0,0,0,0,0,0.0,0.0,0.0,0.0,0.0,0.0,0.0,0.0,0.0,0.0,0.0,0.0,0.0,0.0,0.0,0.0,dd5cae32-239e-4ea8-86fd-599c2b44da11,ORL,TOR,Away,113,103,1
Chuma Okeke,0,0.0,0,0,0.0,0,0,0.0,0,0,0.0,0,0,0,0,0,0,0,0,0,0.0,0.0,0.0,0.0,0.0,0.0,0.0,0.0,0.0,0.0,0.0,0.0,0.0,0.0,0.0,0.0,dd5cae32-239e-4ea8-86fd-599c2b44da11,ORL,TOR,Away,113,103,1
Paolo Banchero,1,35.55,11,16,0.688,4,7,0.571,3,6,0.5,0,6,6,5,1,1,1,0,29,19.0,0.778,0.813,0.438,0.375,0.0,20.3,10.7,24.0,1.4,2.5,5.1,24.8,154.0,101.0,16.7,1c3b9952-c513-435a-8c88-d25d4d65e159,ORL,TOR,Home,111,96,1
Franz Wagner,1,30.5,8,13,0.615,0,2,0.0,6,6,1.0,2,6,8,4,0,1,5,5,22,21.0,0.703,0.615,0.154,0.462,8.7,23.6,16.6,20.7,0.0,3.0,24.2,30.4,118.0,102.0,0.5,1c3b9952-c513-435a-8c88-d25d4d65e159,ORL,TOR,Home,111,96,1
Wendell Carter Jr.,1,27.466666666666665,4,8,0.5,1,4,0.25,0,0,0.0,0,3,3,3,1,0,1,1,9,27.0,0.563,0.563,0.5,0.0,0.0,13.1,6.9,14.6,1.9,0.0,11.1,14.7,116.0,103.0,0.7,1c3b9952-c513-435a-8c88-d25d4d65e159,ORL,TOR,Home,111,96,1
Gary Harris,1,26.633333333333333,3,9,0.333,1,7,0.143,0,1,0.0,1,1,2,1,1,0,0,1,7,23.0,0.371,0.389,0.778,0.111,5.0,4.5,4.7,4.8,1.9,0.0,0.0,15.9,93.0,106.0,-6.5,1c3b9952-c513-435a-8c88-d25d4d65e159,ORL,TOR,Home,111,96,1
Jalen Suggs,1,20.016666666666666,3,6,0.5,2,2,1.0,2,2,1.0,1,1,2,2,2,1,2,2,10,14.0,0.727,0.667,0.333,0.333,6.7,6.0,6.3,13.4,5.1,4.5,22.5,19.9,124.0,96.0,8.7,1c3b9952-c513-435a-8c88-d25d4d65e159,ORL,TOR,Home,111,96,1
Cole Anthony,1,25.15,3,8,0.375,0,3,0.0,0,0,0.0,2,3,5,2,1,0,0,2,6,0.0,0.375,0.375,0.375,0.0,10.6,14.3,12.6,10.2,2.0,0.0,0.0,14.3,107.0,103.0,-4.6,1c3b9952-c513-435a-8c88-d25d4d65e159,ORL,TOR,Home,111,96,1
Moritz Wagner,1,17.8,6,9,0.667,1,3,0.333,1,1,1.0,1,3,4,1,0,1,1,1,14,-7.0,0.742,0.722,0.333,0.111,7.5,20.2,14.2,10.1,0.0,5.1,9.6,26.4,138.0,102.0,8.8,1c3b9952-c513-435a-8c88-d25d4d65e159,ORL,TOR,Home,111,96,1
Caleb Houstan,1,15.15,1,4,0.25,1,4,0.25,0,0,0.0,0,0,0,0,0,0,0,1,3,2.0,0.375,0.375,1.0,0.0,0.0,0.0,0.0,0.0,0.0,0.0,0.0,11.9,85.0,112.0,-9.7,1c3b9952-c513-435a-8c88-d25d4d65e159,ORL,TOR,Home,111,96,1
Markelle Fultz,1,14.766666666666667,2,7,0.286,0,1,0.0,0,0,0.0,2,3,5,2,0,0,1,0,4,-1.0,0.286,0.286,0.143,0.0,18.1,24.4,21.4,17.8,0.0,0.0,12.5,24.3,83.0,104.0,-10.1,1c3b9952-c513-435a-8c88-d25d4d65e159,ORL,TOR,Home,111,96,1
Joe Ingles,1,13.3,1,1,1.0,1,1,1.0,2,2,1.0,0,2,2,2,0,0,2,3,5,2.0,1.33,1.5,1.0,2.0,0.0,18.0,9.5,18.3,0.0,0.0,51.5,13.1,127.0,106.0,-2.4,1c3b9952-c513-435a-8c88-d25d4d65e159,ORL,TOR,Home,111,96,1
Anthony Black,1,2.7333333333333334,1,1,1.0,0,0,0.0,0,2,0.0,0,0,0,0,1,0,0,0,2,-5.0,0.532,1.0,0.0,2.0,0.0,0.0,0.0,0.0,18.7,0.0,0.0,30.9,80.0,70.0,17.1,1c3b9952-c513-435a-8c88-d25d4d65e159,ORL,TOR,Home,111,96,1
Goga Bitadze,1,2.7333333333333334,0,0,0.0,0,0,0.0,0,0,0.0,1,0,1,0,0,0,0,0,0,-5.0,0.0,0.0,0.0,0.0,48.8,0.0,23.1,0.0,0.0,0.0,0.0,0.0,221.0,112.0,-4.0,1c3b9952-c513-435a-8c88-d25d4d65e159,ORL,TOR,Home,111,96,1
Jett Howard,1,2.7333333333333334,0,1,0.0,0,1,0.0,0,0,0.0,0,0,0,0,0,0,0,0,0,-5.0,0.0,0.0,1.0,0.0,0.0,0.0,0.0,0.0,0.0,0.0,0.0,16.4,0.0,112.0,-23.3,1c3b9952-c513-435a-8c88-d25d4d65e159,ORL,TOR,Home,111,96,1
Chuma Okeke,1,2.7333333333333334,0,1,0.0,0,1,0.0,0,0,0.0,0,0,0,0,0,0,0,0,0,-5.0,0.0,0.0,1.0,0.0,0.0,0.0,0.0,0.0,0.0,0.0,0.0,16.4,0.0,112.0,-22.9,1c3b9952-c513-435a-8c88-d25d4d65e159,ORL,TOR,Home,111,96,1
Admiral Schofield,1,2.7333333333333334,0,1,0.0,0,0,0.0,0,0,0.0,0,1,1,0,0,0,0,0,0,-5.0,0.0,0.0,0.0,0.0,0.0,43.9,23.1,0.0,0.0,0.0,0.0,16.4,0.0,98.0,-20.2,1c3b9952-c513-435a-8c88-d25d4d65e159,ORL,TOR,Home,111,96,1
Paolo Banchero,1,26.433333333333334,6,7,0.857,1,2,0.5,0,0,0.0,0,1,1,5,0,0,1,1,13,14.0,0.929,0.929,0.286,0.0,0.0,5.2,2.6,27.4,0.0,0.0,12.5,14.1,165.0,107.0,4.7,ffbcf5b4-566b-40cc-9680-05334dc4dafb,ORL,CHO,Home,112,92,1
Jalen Suggs,1,24.883333333333333,6,9,0.667,2,5,0.4,2,2,1.0,0,4,4,6,3,2,0,1,16,17.0,0.81,0.778,0.556,0.222,0.0,22.0,10.9,35.7,6.2,7.7,0.0,18.6,177.0,85.0,22.7,ffbcf5b4-566b-40cc-9680-05334dc4dafb,ORL,CHO,Home,112,92,1
Franz Wagner,1,23.833333333333332,4,9,0.444,0,3,0.0,3,3,1.0,0,0,0,3,1,0,1,1,11,17.0,0.533,0.444,0.333,0.333,0.0,0.0,0.0,16.8,2.2,0.0,8.8,22.2,115.0,103.0,-5.7,ffbcf5b4-566b-40cc-9680-05334dc4dafb,ORL,CHO,Home,112,92,1
Wendell Carter Jr.,1,23.833333333333332,3,6,0.5,1,2,0.5,1,1,1.0,1,7,8,3,1,0,4,1,8,17.0,0.621,0.583,0.333,0.167,5.6,40.3,22.7,15.9,2.2,0.0,38.3,20.5,89.0,99.0,-4.5,ffbcf5b4-566b-40cc-9680-05334dc4dafb,ORL,CHO,Home,112,92,1
Gary Harris,1,16.883333333333333,1,2,0.5,1,2,0.5,0,0,0.0,0,1,1,0,0,0,2,0,3,-1.0,0.75,0.75,1.0,0.0,0.0,8.1,4.0,0.0,0.0,0.0,50.0,11.1,58.0,107.0,-11.5,ffbcf5b4-566b-40cc-9680-05334dc4dafb,ORL,CHO,Home,112,92,1
Cole Anthony,1,21.35,9,12,0.75,3,5,0.6,0,1,0.0,1,5,6,3,1,1,2,1,21,24.0,0.844,0.875,0.417,0.083,6.2,32.1,19.0,28.4,2.4,4.5,13.9,31.6,135.0,95.0,17.0,ffbcf5b4-566b-40cc-9680-05334dc4dafb,ORL,CHO,Home,112,92,1
Markelle Fultz,1,17.95,0,4,0.0,0,0,0.0,0,0,0.0,2,1,3,1,0,0,1,3,0,10.0,0.0,0.0,0.0,0.0,14.9,7.6,11.3,6.1,0.0,0.0,20.0,13.0,47.0,107.0,-21.3,ffbcf5b4-566b-40cc-9680-05334dc4dafb,ORL,CHO,Home,112,92,1
Joe Ingles,1,14.85,1,3,0.333,1,3,0.333,0,0,0.0,0,3,3,4,1,0,2,0,3,14.0,0.5,0.5,1.0,0.0,0.0,27.7,13.7,31.7,3.5,0.0,40.0,15.7,94.0,97.0,-1.8,ffbcf5b4-566b-40cc-9680-05334dc4dafb,ORL,CHO,Home,112,92,1
Caleb Houstan,1,14.783333333333333,1,5,0.2,1,5,0.2,0,0,0.0,0,1,1,0,0,0,0,1,3,-7.0,0.3,0.3,1.0,0.0,0.0,9.3,4.6,0.0,0.0,0.0,0.0,15.8,68.0,107.0,-16.2,ffbcf5b4-566b-40cc-9680-05334dc4dafb,ORL,CHO,Home,112,92,1
Moritz Wagner,1,14.1,5,9,0.556,0,1,0.0,3,3,1.0,2,3,5,2,0,1,1,0,13,10.0,0.63,0.556,0.111,0.333,18.9,29.2,24.0,25.2,0.0,6.8,8.8,37.5,131.0,99.0,6.9,ffbcf5b4-566b-40cc-9680-05334dc4dafb,ORL,CHO,Home,112,92,1
Goga Bitadze,1,9.016666666666667,3,5,0.6,0,1,0.0,0,0,0.0,3,0,3,2,0,1,0,0,6,-7.0,0.6,0.6,0.2,0.0,44.4,0.0,22.5,38.0,0.0,10.6,0.0,25.9,154.0,98.0,12.0,ffbcf5b4-566b-40cc-9680-05334dc4dafb,ORL,CHO,Home,112,92,1
Anthony Black,1,9.016666666666667,1,3,0.333,0,1,0.0,0,0,0.0,1,0,1,1,0,1,0,0,2,-7.0,0.333,0.333,0.333,0.0,14.8,0.0,7.5,13.8,0.0,10.6,0.0,15.5,108.0,98.0,-2.7,ffbcf5b4-566b-40cc-9680-05334dc4dafb,ORL,CHO,Home,112,92,1
Chuma Okeke,1,9.016666666666667,0,2,0.0,0,2,0.0,0,0,0.0,0,2,2,1,1,0,2,0,0,-7.0,0.0,0.0,1.0,0.0,0.0,30.4,15.0,12.1,5.7,0.0,50.0,20.7,18.0,92.0,-17.0,ffbcf5b4-566b-40cc-9680-05334dc4dafb,ORL,CHO,Home,112,92,1
Jonathan Isaac,1,7.833333333333333,2,2,1.0,1,1,1.0,3,3,1.0,0,2,2,1,1,0,0,0,8,13.0,1.205,1.25,0.5,1.5,0.0,35.0,17.3,19.3,6.6,0.0,0.0,19.8,247.0,90.0,33.6,ffbcf5b4-566b-40cc-9680-05334dc4dafb,ORL,CHO,Home,112,92,1
Admiral Schofield,1,6.216666666666667,2,3,0.667,1,1,1.0,0,0,0.0,0,1,1,0,1,0,0,1,5,-7.0,0.833,0.833,0.333,0.0,0.0,22.1,10.9,0.0,8.3,0.0,0.0,22.6,153.0,87.0,13.6,ffbcf5b4-566b-40cc-9680-05334dc4dafb,ORL,CHO,Home,112,92,1
Paolo Banchero,1,33.483333333333334,9,18,0.5,2,5,0.4,0,2,0.0,1,9,10,11,1,0,4,2,20,11.0,0.53,0.556,0.278,0.111,3.6,39.1,19.6,46.2,1.4,0.0,17.5,30.3,110.0,109.0,2.6,13fda079-22d6-4619-9b28-572e89898618,ORL,NOP,Home,121,106,1
Jalen Suggs,1,27.683333333333334,7,14,0.5,3,8,0.375,5,6,0.833,0,1,1,2,1,0,1,3,22,4.0,0.661,0.607,0.571,0.429,0.0,5.3,2.4,9.9,1.8,0.0,5.7,28.2,130.0,110.0,0.8,13fda079-22d6-4619-9b28-572e89898618,ORL,NOP,Home,121,106,1
Franz Wagner,1,27.566666666666666,7,13,0.538,2,5,0.4,2,2,1.0,0,3,3,3,1,0,0,2,18,5.0,0.648,0.615,0.385,0.154,0.0,15.8,7.2,15.0,1.8,0.0,0.0,22.3,139.0,110.0,3.0,13fda079-22d6-4619-9b28-572e89898618,ORL,NOP,Home,121,106,1
Wendell Carter Jr.,1,23.333333333333332,4,7,0.571,0,2,0.0,0,3,0.0,2,4,6,4,3,1,1,0,8,-2.0,0.481,0.571,0.286,0.429,10.3,24.9,16.9,21.2,6.2,3.5,10.7,17.7,112.0,96.0,6.6,13fda079-22d6-4619-9b28-572e89898618,ORL,NOP,Home,121,106,1
Gary Harris,1,12.216666666666667,2,3,0.667,1,2,0.5,0,0,0.0,1,0,1,0,0,0,1,1,5,-14.0,0.833,0.833,0.667,0.0,9.8,0.0,5.4,0.0,0.0,0.0,25.0,14.5,117.0,114.0,-4.0,13fda079-22d6-4619-9b28-572e89898618,ORL,NOP,Home,121,106,1
Markelle Fultz,1,20.166666666666668,3,4,0.75,0,0,0.0,0,0,0.0,1,0,1,6,1,0,0,3,6,21.0,0.75,0.75,0.0,0.0,6.0,0.0,3.3,35.8,2.4,0.0,0.0,8.8,184.0,109.0,6.9,13fda079-22d6-4619-9b28-572e89898618,ORL,NOP,Home,121,106,1
Cole Anthony,1,18.083333333333332,3,8,0.375,2,4,0.5,2,2,1.0,1,4,5,1,0,1,2,1,10,23.0,0.563,0.5,0.5,0.25,6.6,32.2,18.2,6.8,0.0,4.6,18.4,26.7,101.0,108.0,-4.1,13fda079-22d6-4619-9b28-572e89898618,ORL,NOP,Home,121,106,1
Jonathan Isaac,1,15.933333333333334,4,6,0.667,1,3,0.333,0,0,0.0,3,2,5,2,2,1,1,1,9,14.0,0.75,0.75,0.5,0.0,22.6,18.3,20.6,17.2,6.1,5.2,14.3,19.5,144.0,95.0,12.9,13fda079-22d6-4619-9b28-572e89898618,ORL,NOP,Home,121,106,1
Joe Ingles,1,15.6,0,1,0.0,0,1,0.0,0,0,0.0,0,3,3,2,3,0,1,2,0,17.0,0.0,0.0,1.0,0.0,0.0,28.0,12.6,13.1,9.3,0.0,50.0,5.7,58.0,93.0,-0.3,13fda079-22d6-4619-9b28-572e89898618,ORL,NOP,Home,121,106,1
Moritz Wagner,1,14.25,5,5,1.0,2,2,1.0,2,2,1.0,0,1,1,0,0,0,0,0,14,15.0,1.19,1.2,0.4,0.4,0.0,10.2,4.6,0.0,0.0,0.0,0.0,18.3,243.0,114.0,16.8,13fda079-22d6-4619-9b28-572e89898618,ORL,NOP,Home,121,106,1
Caleb Houstan,1,13.466666666666667,1,3,0.333,1,3,0.333,0,0,0.0,1,0,1,0,0,0,1,1,3,-1.0,0.5,0.5,1.0,0.0,8.9,0.0,4.9,0.0,0.0,0.0,25.0,13.2,86.0,114.0,-10.3,13fda079-22d6-4619-9b28-572e89898618,ORL,NOP,Home,121,106,1
Anthony Black,1,4.716666666666667,1,2,0.5,0,0,0.0,0,0,0.0,0,1,1,1,0,1,1,0,2,-6.0,0.5,0.5,0.0,0.0,0.0,30.8,13.9,27.6,0.0,17.5,33.3,28.2,80.0,95.0,0.7,13fda079-22d6-4619-9b28-572e89898618,ORL,NOP,Home,121,106,1
Goga Bitadze,1,4.5,1,1,1.0,0,0,0.0,2,2,1.0,0,0,0,1,0,0,1,0,4,-4.0,1.064,1.0,0.0,2.0,0.0,0.0,0.0,29.4,0.0,0.0,34.7,28.3,142.0,114.0,10.7,13fda079-22d6-4619-9b28-572e89898618,ORL,NOP,Home,121,106,1
Chuma Okeke,1,4.5,0,0,0.0,0,0,0.0,0,0,0.0,0,1,1,0,0,0,0,0,0,-4.0,0.0,0.0,0.0,0.0,0.0,32.3,14.6,0.0,0.0,0.0,0.0,0.0,0.0,113.0,-4.4,13fda079-22d6-4619-9b28-572e89898618,ORL,NOP,Home,121,106,1
Admiral Schofield,1,4.5,0,1,0.0,0,1,0.0,0,0,0.0,0,1,1,0,0,0,0,0,0,-4.0,0.0,0.0,1.0,0.0,0.0,32.3,14.6,0.0,0.0,0.0,0.0,9.8,0.0,113.0,-15.9,13fda079-22d6-4619-9b28-572e89898618,ORL,NOP,Home,121,106,1
Paolo Banchero,1,37.583333333333336,8,18,0.444,1,6,0.167,5,5,1.0,0,7,7,5,0,1,4,2,22,-13.0,0.545,0.472,0.333,0.278,0.0,20.8,9.8,20.1,0.0,2.7,16.5,28.4,101.0,115.0,-0.9,6c14b9ed-cbc6-48ff-9ab1-d62f4962ddb8,ORL,SAC,Home,107,109,0
Jalen Suggs,1,35.85,3,10,0.3,1,5,0.2,2,4,0.5,0,3,3,4,0,0,2,3,9,-8.0,0.383,0.35,0.5,0.4,0.0,9.3,4.4,14.1,0.0,0.0,14.5,16.9,82.0,120.0,-9.2,6c14b9ed-cbc6-48ff-9ab1-d62f4962ddb8,ORL,SAC,Home,107,109,0
Franz Wagner,1,35.083333333333336,8,14,0.571,1,4,0.25,1,2,0.5,1,2,3,4,0,0,0,4,18,-27.0,0.605,0.607,0.286,0.143,2.9,6.4,4.5,17.6,0.0,0.0,0.0,18.7,133.0,120.0,1.5,6c14b9ed-cbc6-48ff-9ab1-d62f4962ddb8,ORL,SAC,Home,107,109,0
Wendell Carter Jr.,1,22.533333333333335,1,6,0.167,0,3,0.0,1,2,0.5,3,8,11,1,0,0,1,1,3,-20.0,0.218,0.167,0.5,0.333,13.3,39.6,25.7,5.3,0.0,0.0,12.7,15.4,71.0,114.0,-9.9,6c14b9ed-cbc6-48ff-9ab1-d62f4962ddb8,ORL,SAC,Home,107,109,0
Caleb Houstan,1,11.283333333333333,2,5,0.4,2,5,0.4,0,0,0.0,2,0,2,0,1,0,0,0,6,-7.0,0.6,0.6,1.0,0.0,17.7,0.0,9.3,0.0,4.5,0.0,0.0,19.5,133.0,111.0,10.7,6c14b9ed-cbc6-48ff-9ab1-d62f4962ddb8,ORL,SAC,Home,107,109,0
Cole Anthony,1,30.65,7,15,0.467,2,7,0.286,0,0,0.0,3,4,7,6,1,0,1,1,16,9.0,0.533,0.533,0.467,0.0,9.8,14.6,12.0,30.3,1.6,0.0,6.3,23.0,121.0,115.0,7.4,6c14b9ed-cbc6-48ff-9ab1-d62f4962ddb8,ORL,SAC,Home,107,109,0
Jonathan Isaac,1,22.783333333333335,10,13,0.769,3,4,0.75,2,3,0.667,2,5,7,0,1,2,0,3,25,26.0,0.873,0.885,0.308,0.231,8.8,24.5,16.2,0.0,2.2,9.0,0.0,27.7,169.0,104.0,23.3,6c14b9ed-cbc6-48ff-9ab1-d62f4962ddb8,ORL,SAC,Home,107,109,0
Markelle Fultz,1,18.95,2,5,0.4,0,0,0.0,0,0,0.0,0,1,1,2,2,0,1,2,4,21.0,0.4,0.4,0.0,0.0,0.0,5.9,2.8,13.7,5.3,0.0,16.7,14.0,82.0,108.0,-2.6,6c14b9ed-cbc6-48ff-9ab1-d62f4962ddb8,ORL,SAC,Home,107,109,0
Moritz Wagner,1,13.1,1,2,0.5,0,1,0.0,2,2,1.0,0,5,5,2,0,0,2,3,4,3.0,0.694,0.5,0.5,1.0,0.0,42.6,20.1,19.1,0.0,0.0,41.0,16.4,95.0,113.0,-5.2,6c14b9ed-cbc6-48ff-9ab1-d62f4962ddb8,ORL,SAC,Home,107,109,0
Joe Ingles,1,12.183333333333334,0,0,0.0,0,0,0.0,0,0,0.0,1,2,3,3,0,0,2,1,0,6.0,0.0,0.0,0.0,0.0,8.2,18.3,13.0,28.1,0.0,0.0,100.0,7.2,77.0,118.0,-6.8,6c14b9ed-cbc6-48ff-9ab1-d62f4962ddb8,ORL,SAC,Home,107,109,0
Goga Bitadze,0,0.0,0,0,0.0,0,0,0.0,0,0,0.0,0,0,0,0,0,0,0,0,0,0.0,0.0,0.0,0.0,0.0,0.0,0.0,0.0,0.0,0.0,0.0,0.0,0.0,0.0,0.0,0.0,6c14b9ed-cbc6-48ff-9ab1-d62f4962ddb8,ORL,SAC,Home,107,109,0
Anthony Black,0,0.0,0,0,0.0,0,0,0.0,0,0,0.0,0,0,0,0,0,0,0,0,0,0.0,0.0,0.0,0.0,0.0,0.0,0.0,0.0,0.0,0.0,0.0,0.0,0.0,0.0,0.0,0.0,6c14b9ed-cbc6-48ff-9ab1-d62f4962ddb8,ORL,SAC,Home,107,109,0
Jett Howard,0,0.0,0,0,0.0,0,0,0.0,0,0,0.0,0,0,0,0,0,0,0,0,0,0.0,0.0,0.0,0.0,0.0,0.0,0.0,0.0,0.0,0.0,0.0,0.0,0.0,0.0,0.0,0.0,6c14b9ed-cbc6-48ff-9ab1-d62f4962ddb8,ORL,SAC,Home,107,109,0
Chuma Okeke,0,0.0,0,0,0.0,0,0,0.0,0,0,0.0,0,0,0,0,0,0,0,0,0,0.0,0.0,0.0,0.0,0.0,0.0,0.0,0.0,0.0,0.0,0.0,0.0,0.0,0.0,0.0,0.0,6c14b9ed-cbc6-48ff-9ab1-d62f4962ddb8,ORL,SAC,Home,107,109,0
Admiral Schofield,0,0.0,0,0,0.0,0,0,0.0,0,0,0.0,0,0,0,0,0,0,0,0,0,0.0,0.0,0.0,0.0,0.0,0.0,0.0,0.0,0.0,0.0,0.0,0.0,0.0,0.0,0.0,0.0,6c14b9ed-cbc6-48ff-9ab1-d62f4962ddb8,ORL,SAC,Home,107,109,0
Paolo Banchero,1,32.3,5,17,0.294,1,7,0.143,4,7,0.571,2,6,8,5,0,1,4,0,15,-24.0,0.374,0.324,0.412,0.412,5.9,21.7,13.1,26.0,0.0,2.7,16.6,34.3,77.0,112.0,-6.3,e4d354c4-1cef-4e71-b50c-bf50ba4594c2,ORL,GSW,Home,93,101,0
Franz Wagner,1,30.983333333333334,6,14,0.429,0,2,0.0,2,2,1.0,2,3,5,1,1,0,1,1,14,-13.0,0.47,0.429,0.143,0.143,6.2,11.3,8.5,5.8,1.7,0.0,6.3,23.6,96.0,114.0,-4.5,e4d354c4-1cef-4e71-b50c-bf50ba4594c2,ORL,GSW,Home,93,101,0
Jalen Suggs,1,25.216666666666665,1,7,0.143,1,5,0.2,1,2,0.5,0,1,1,2,2,0,1,3,4,-22.0,0.254,0.214,0.714,0.286,0.0,4.6,2.1,11.2,4.1,0.0,11.3,16.2,59.0,110.0,-10.4,e4d354c4-1cef-4e71-b50c-bf50ba4594c2,ORL,GSW,Home,93,101,0
Wendell Carter Jr.,1,18.75,3,7,0.429,0,2,0.0,1,3,0.333,2,4,6,0,2,0,1,1,7,-16.0,0.421,0.429,0.286,0.429,10.2,25.0,16.9,0.0,5.6,0.0,10.7,22.9,83.0,100.0,-4.3,e4d354c4-1cef-4e71-b50c-bf50ba4594c2,ORL,GSW,Home,93,101,0
Markelle Fultz,1,16.466666666666665,2,5,0.4,0,0,0.0,0,0,0.0,0,1,1,0,1,1,1,1,4,-9.0,0.4,0.4,0.0,0.0,0.0,7.1,3.2,0.0,3.2,5.2,16.7,16.8,63.0,109.0,-7.2,e4d354c4-1cef-4e71-b50c-bf50ba4594c2,ORL,GSW,Home,93,101,0
Cole Anthony,1,32.233333333333334,10,17,0.588,5,8,0.625,1,2,0.5,1,6,7,4,1,1,0,1,26,3.0,0.727,0.735,0.471,0.118,3.0,21.8,11.5,28.2,1.6,2.7,0.0,25.5,143.0,109.0,19.0,e4d354c4-1cef-4e71-b50c-bf50ba4594c2,ORL,GSW,Home,93,101,0
Jonathan Isaac,1,24.45,3,5,0.6,2,3,0.667,1,2,0.5,1,4,5,1,1,2,0,2,9,8.0,0.765,0.8,0.6,0.4,3.9,19.2,10.8,6.5,2.1,7.0,0.0,11.1,151.0,106.0,6.8,e4d354c4-1cef-4e71-b50c-bf50ba4594c2,ORL,GSW,Home,93,101,0
Joe Ingles,1,24.1,1,3,0.333,0,2,0.0,0,0,0.0,0,2,2,4,0,0,0,1,2,8.0,0.333,0.333,0.667,0.0,0.0,9.7,4.4,23.4,0.0,0.0,0.0,5.7,113.0,118.0,-7.2,e4d354c4-1cef-4e71-b50c-bf50ba4594c2,ORL,GSW,Home,93,101,0
Moritz Wagner,1,20.483333333333334,3,5,0.6,0,1,0.0,0,0,0.0,1,2,3,7,2,0,2,2,6,16.0,0.6,0.6,0.2,0.0,4.7,11.4,7.7,56.6,5.1,0.0,28.6,15.7,116.0,106.0,9.6,e4d354c4-1cef-4e71-b50c-bf50ba4594c2,ORL,GSW,Home,93,101,0
Anthony Black,1,14.983333333333333,2,5,0.4,1,2,0.5,1,3,0.333,1,0,1,1,0,0,0,1,6,9.0,0.475,0.5,0.4,0.6,6.4,0.0,3.5,10.8,0.0,0.0,0.0,19.4,106.0,121.0,-3.6,e4d354c4-1cef-4e71-b50c-bf50ba4594c2,ORL,GSW,Home,93,101,0
Goga Bitadze,0,0.0,0,0,0.0,0,0,0.0,0,0,0.0,0,0,0,0,0,0,0,0,0,0.0,0.0,0.0,0.0,0.0,0.0,0.0,0.0,0.0,0.0,0.0,0.0,0.0,0.0,0.0,0.0,e4d354c4-1cef-4e71-b50c-bf50ba4594c2,ORL,GSW,Home,93,101,0
Caleb Houstan,0,0.0,0,0,0.0,0,0,0.0,0,0,0.0,0,0,0,0,0,0,0,0,0,0.0,0.0,0.0,0.0,0.0,0.0,0.0,0.0,0.0,0.0,0.0,0.0,0.0,0.0,0.0,0.0,e4d354c4-1cef-4e71-b50c-bf50ba4594c2,ORL,GSW,Home,93,101,0
Chuma Okeke,0,0.0,0,0,0.0,0,0,0.0,0,0,0.0,0,0,0,0,0,0,0,0,0,0.0,0.0,0.0,0.0,0.0,0.0,0.0,0.0,0.0,0.0,0.0,0.0,0.0,0.0,0.0,0.0,e4d354c4-1cef-4e71-b50c-bf50ba4594c2,ORL,GSW,Home,93,101,0
Admiral Schofield,0,0.0,0,0,0.0,0,0,0.0,0,0,0.0,0,0,0,0,0,0,0,0,0,0.0,0.0,0.0,0.0,0.0,0.0,0.0,0.0,0.0,0.0,0.0,0.0,0.0,0.0,0.0,0.0,e4d354c4-1cef-4e71-b50c-bf50ba4594c2,ORL,GSW,Home,93,101,0
Paolo Banchero,1,38.483333333333334,8,18,0.444,1,6,0.167,6,7,0.857,0,8,8,2,2,0,7,3,23,-3.0,0.546,0.472,0.333,0.389,0.0,27.0,12.6,8.9,2.8,0.0,24.9,32.9,88.0,108.0,-6.2,b2500aae-d91b-450b-a731-641ab9ac7590,ORL,LAC,Home,97,100,0
Franz Wagner,1,35.516666666666666,5,13,0.385,0,3,0.0,3,4,0.75,1,2,3,3,2,1,1,2,13,2.0,0.44,0.385,0.231,0.308,3.2,7.3,5.1,13.0,3.0,2.2,6.3,20.0,103.0,112.0,-1.8,b2500aae-d91b-450b-a731-641ab9ac7590,ORL,LAC,Home,97,100,0
Jalen Suggs,1,32.88333333333333,6,14,0.429,2,4,0.5,1,1,1.0,1,0,1,5,3,2,2,0,15,0.0,0.519,0.5,0.286,0.071,3.5,0.0,1.8,25.0,4.8,4.8,12.2,22.5,111.0,108.0,8.6,b2500aae-d91b-450b-a731-641ab9ac7590,ORL,LAC,Home,97,100,0
Wendell Carter Jr.,1,23.583333333333332,1,3,0.333,0,1,0.0,0,0,0.0,2,3,5,2,0,1,1,0,2,-3.0,0.333,0.333,0.333,0.0,9.7,16.5,12.9,11.3,0.0,3.3,25.0,7.6,93.0,115.0,-4.2,b2500aae-d91b-450b-a731-641ab9ac7590,ORL,LAC,Home,97,100,0
Gary Harris,1,23.55,3,6,0.5,1,3,0.333,1,1,1.0,1,1,2,0,1,0,1,2,8,-10.0,0.621,0.583,0.5,0.167,4.9,5.5,5.2,0.0,2.3,0.0,13.4,14.2,115.0,115.0,-3.0,b2500aae-d91b-450b-a731-641ab9ac7590,ORL,LAC,Home,97,100,0
Joe Ingles,1,18.683333333333334,2,5,0.4,1,2,0.5,0,0,0.0,0,1,1,4,0,0,0,1,5,6.0,0.5,0.5,0.4,0.0,0.0,6.9,3.3,31.3,0.0,0.0,0.0,12.1,136.0,120.0,-0.4,b2500aae-d91b-450b-a731-641ab9ac7590,ORL,LAC,Home,97,100,0
Cole Anthony,1,18.583333333333332,3,10,0.3,2,5,0.4,0,0,0.0,0,3,3,0,0,2,1,1,8,0.0,0.4,0.4,0.5,0.0,0.0,20.9,9.8,0.0,0.0,8.5,9.1,26.7,80.0,110.0,-4.8,b2500aae-d91b-450b-a731-641ab9ac7590,ORL,LAC,Home,97,100,0
Moritz Wagner,1,18.266666666666666,6,10,0.6,0,0,0.0,0,2,0.0,6,3,9,2,1,0,1,0,12,3.0,0.551,0.6,0.0,0.2,37.5,21.3,29.9,23.6,2.9,0.0,8.4,29.3,123.0,109.0,10.2,b2500aae-d91b-450b-a731-641ab9ac7590,ORL,LAC,Home,97,100,0
Jonathan Isaac,1,16.316666666666666,1,3,0.333,1,2,0.5,0,0,0.0,1,4,5,1,1,2,0,1,3,-8.0,0.5,0.5,0.667,0.0,7.0,31.8,18.6,8.4,3.3,9.6,0.0,8.3,133.0,99.0,6.6,b2500aae-d91b-450b-a731-641ab9ac7590,ORL,LAC,Home,97,100,0
Caleb Houstan,1,14.133333333333333,3,4,0.75,2,3,0.667,0,0,0.0,1,0,1,1,0,0,0,1,8,-2.0,1.0,1.0,0.75,0.0,8.1,0.0,4.3,12.2,0.0,0.0,0.0,12.7,202.0,122.0,12.1,b2500aae-d91b-450b-a731-641ab9ac7590,ORL,LAC,Home,97,100,0
Goga Bitadze,0,0.0,0,0,0.0,0,0,0.0,0,0,0.0,0,0,0,0,0,0,0,0,0,0.0,0.0,0.0,0.0,0.0,0.0,0.0,0.0,0.0,0.0,0.0,0.0,0.0,0.0,0.0,0.0,b2500aae-d91b-450b-a731-641ab9ac7590,ORL,LAC,Home,97,100,0
Anthony Black,0,0.0,0,0,0.0,0,0,0.0,0,0,0.0,0,0,0,0,0,0,0,0,0,0.0,0.0,0.0,0.0,0.0,0.0,0.0,0.0,0.0,0.0,0.0,0.0,0.0,0.0,0.0,0.0,b2500aae-d91b-450b-a731-641ab9ac7590,ORL,LAC,Home,97,100,0
Chuma Okeke,0,0.0,0,0,0.0,0,0,0.0,0,0,0.0,0,0,0,0,0,0,0,0,0,0.0,0.0,0.0,0.0,0.0,0.0,0.0,0.0,0.0,0.0,0.0,0.0,0.0,0.0,0.0,0.0,b2500aae-d91b-450b-a731-641ab9ac7590,ORL,LAC,Home,97,100,0
Paolo Banchero,1,30.383333333333333,5,12,0.417,1,5,0.2,2,2,1.0,0,9,9,7,0,4,2,0,13,34.0,0.505,0.458,0.417,0.167,0.0,27.9,16.2,36.7,0.0,12.6,13.4,22.8,111.0,84.0,5.5,e809b94e-68f7-4b42-b6ca-77d37d4ba385,ORL,MEM,Home,118,88,1
Franz Wagner,1,28.55,4,9,0.444,0,4,0.0,5,6,0.833,0,4,4,4,1,0,0,2,13,27.0,0.558,0.444,0.444,0.667,0.0,13.2,7.6,21.5,1.7,0.0,0.0,19.0,132.0,94.0,-0.9,e809b94e-68f7-4b42-b6ca-77d37d4ba385,ORL,MEM,Home,118,88,1
Wendell Carter Jr.,1,28.2,4,10,0.4,3,7,0.429,4,4,1.0,1,12,13,2,2,1,1,2,15,39.0,0.638,0.55,0.7,0.4,4.6,40.1,25.1,10.9,3.5,3.4,7.8,21.1,125.0,75.0,6.8,e809b94e-68f7-4b42-b6ca-77d37d4ba385,ORL,MEM,Home,118,88,1
Jalen Suggs,1,24.116666666666667,4,5,0.8,3,4,0.75,4,4,1.0,1,0,1,4,2,2,3,2,15,36.0,1.109,1.1,0.8,0.8,5.4,0.0,2.3,26.5,4.1,8.0,30.7,18.8,153.0,90.0,16.7,e809b94e-68f7-4b42-b6ca-77d37d4ba385,ORL,MEM,Home,118,88,1
Caleb Houstan,1,20.85,3,4,0.75,3,4,0.75,0,0,0.0,0,1,1,0,0,0,0,2,9,31.0,1.125,1.125,1.0,0.0,0.0,4.5,2.6,0.0,0.0,0.0,0.0,8.9,189.0,102.0,4.0,e809b94e-68f7-4b42-b6ca-77d37d4ba385,ORL,MEM,Home,118,88,1
Markelle Fultz,1,25.283333333333335,5,13,0.385,2,3,0.667,0,0,0.0,2,2,4,5,1,1,1,1,12,-6.0,0.462,0.462,0.231,0.0,10.3,7.4,8.6,33.3,2.0,3.8,7.1,25.8,111.0,94.0,0.8,e809b94e-68f7-4b42-b6ca-77d37d4ba385,ORL,MEM,Home,118,88,1
Joe Ingles,1,17.65,3,4,0.75,3,4,0.75,2,2,1.0,0,0,0,2,0,0,2,1,11,13.0,1.127,1.125,1.0,0.5,0.0,0.0,0.0,18.2,0.0,0.0,29.1,18.1,142.0,104.0,5.6,e809b94e-68f7-4b42-b6ca-77d37d4ba385,ORL,MEM,Home,118,88,1
Cole Anthony,1,16.816666666666666,5,11,0.455,5,8,0.625,0,0,0.0,0,3,3,3,1,0,1,1,15,11.0,0.682,0.682,0.727,0.0,0.0,16.8,9.7,36.1,3.0,0.0,8.3,33.2,121.0,89.0,12.7,e809b94e-68f7-4b42-b6ca-77d37d4ba385,ORL,MEM,Home,118,88,1
Moritz Wagner,1,12.383333333333333,1,1,1.0,1,1,1.0,1,2,0.5,0,1,1,0,0,0,3,3,4,0.0,1.064,1.5,1.0,2.0,0.0,7.6,4.4,0.0,0.0,0.0,61.5,18.3,50.0,100.0,-15.9,e809b94e-68f7-4b42-b6ca-77d37d4ba385,ORL,MEM,Home,118,88,1
Anthony Black,1,12.0,1,2,0.5,0,1,0.0,0,0,0.0,0,0,0,0,1,0,0,0,2,-5.0,0.5,0.5,0.5,0.0,0.0,0.0,0.0,0.0,4.1,0.0,0.0,7.8,94.0,94.0,-2.7,e809b94e-68f7-4b42-b6ca-77d37d4ba385,ORL,MEM,Home,118,88,1
Goga Bitadze,1,8.933333333333334,2,3,0.667,0,0,0.0,0,1,0.0,1,3,4,0,0,0,1,2,4,-12.0,0.581,0.667,0.0,0.333,14.5,31.6,24.4,0.0,0.0,0.0,22.5,23.1,91.0,89.0,-12.2,e809b94e-68f7-4b42-b6ca-77d37d4ba385,ORL,MEM,Home,118,88,1
Admiral Schofield,1,7.416666666666667,1,2,0.5,1,2,0.5,0,0,0.0,0,2,2,1,0,0,0,0,3,-9.0,0.75,0.75,1.0,0.0,0.0,25.4,14.7,20.5,0.0,0.0,0.0,12.6,155.0,92.0,8.1,e809b94e-68f7-4b42-b6ca-77d37d4ba385,ORL,MEM,Home,118,88,1
Chuma Okeke,1,7.416666666666667,0,2,0.0,0,1,0.0,2,2,1.0,0,1,1,0,0,0,1,0,2,-9.0,0.347,0.0,0.5,1.0,0.0,12.7,7.4,0.0,0.0,0.0,25.8,24.4,55.0,98.0,-19.5,e809b94e-68f7-4b42-b6ca-77d37d4ba385,ORL,MEM,Home,118,88,1
Paolo Banchero,1,35.75,6,17,0.353,2,7,0.286,1,2,0.5,0,4,4,4,0,1,2,1,15,9.0,0.419,0.412,0.412,0.118,0.0,11.9,6.2,19.2,0.0,2.3,10.1,25.9,85.0,115.0,-7.2,7d7ac755-476c-4b00-a0e5-4d30199b191e,ORL,POR,Home,104,103,1
Gary Harris,1,34.65,5,10,0.5,2,6,0.333,2,2,1.0,0,4,4,2,1,0,1,3,14,9.0,0.643,0.6,0.6,0.2,0.0,12.3,6.4,9.5,1.5,0.0,8.4,16.0,120.0,113.0,-1.8,7d7ac755-476c-4b00-a0e5-4d30199b191e,ORL,POR,Home,104,103,1
Jalen Suggs,1,32.766666666666666,5,8,0.625,2,5,0.4,3,3,1.0,0,3,3,7,0,2,2,1,15,10.0,0.805,0.75,0.625,0.375,0.0,9.8,5.1,35.8,0.0,5.0,17.7,16.1,143.0,114.0,8.4,7d7ac755-476c-4b00-a0e5-4d30199b191e,ORL,POR,Home,104,103,1
Franz Wagner,1,32.63333333333333,6,10,0.6,1,2,0.5,7,9,0.778,1,5,6,1,0,0,1,2,20,7.0,0.716,0.65,0.2,0.9,3.5,16.3,10.1,5.4,0.0,0.0,6.7,21.4,138.0,115.0,0.5,7d7ac755-476c-4b00-a0e5-4d30199b191e,ORL,POR,Home,104,103,1
Wendell Carter Jr.,1,31.2,6,10,0.6,1,4,0.25,4,7,0.571,3,10,13,5,3,1,2,2,17,13.0,0.65,0.65,0.4,0.7,11.0,34.2,23.0,28.7,5.0,2.6,13.3,22.6,128.0,96.0,12.1,7d7ac755-476c-4b00-a0e5-4d30199b191e,ORL,POR,Home,104,103,1
Jonathan Isaac,1,17.4,2,4,0.5,0,1,0.0,2,2,1.0,1,3,4,0,0,2,1,1,6,-12.0,0.615,0.5,0.25,0.5,6.6,18.4,12.7,0.0,0.0,9.4,17.0,15.8,109.0,108.0,-3.0,7d7ac755-476c-4b00-a0e5-4d30199b191e,ORL,POR,Home,104,103,1
Joe Ingles,1,15.366666666666667,0,1,0.0,0,1,0.0,0,0,0.0,0,2,2,2,0,0,1,2,0,-6.0,0.0,0.0,1.0,0.0,0.0,13.9,7.2,17.4,0.0,0.0,50.0,6.1,52.0,116.0,-13.3,7d7ac755-476c-4b00-a0e5-4d30199b191e,ORL,POR,Home,104,103,1
Cole Anthony,1,15.233333333333333,3,6,0.5,1,3,0.333,2,2,1.0,0,3,3,1,0,0,2,0,9,-9.0,0.654,0.583,0.5,0.333,0.0,21.0,10.9,11.9,0.0,0.0,22.5,27.2,99.0,114.0,-3.5,7d7ac755-476c-4b00-a0e5-4d30199b191e,ORL,POR,Home,104,103,1
Markelle Fultz,1,13.15,0,6,0.0,0,0,0.0,0,0,0.0,3,0,3,4,0,0,2,2,0,-8.0,0.0,0.0,0.0,0.0,26.1,0.0,12.6,40.6,0.0,0.0,25.0,28.4,55.0,120.0,-22.6,7d7ac755-476c-4b00-a0e5-4d30199b191e,ORL,POR,Home,104,103,1
Moritz Wagner,1,11.85,3,4,0.75,2,3,0.667,0,0,0.0,1,0,1,0,0,0,1,3,8,-8.0,1.0,1.0,0.75,0.0,9.6,0.0,4.7,0.0,0.0,0.0,20.0,19.7,131.0,120.0,1.6,7d7ac755-476c-4b00-a0e5-4d30199b191e,ORL,POR,Home,104,103,1
Goga Bitadze,0,0.0,0,0,0.0,0,0,0.0,0,0,0.0,0,0,0,0,0,0,0,0,0,0.0,0.0,0.0,0.0,0.0,0.0,0.0,0.0,0.0,0.0,0.0,0.0,0.0,0.0,0.0,0.0,7d7ac755-476c-4b00-a0e5-4d30199b191e,ORL,POR,Home,104,103,1
Anthony Black,0,0.0,0,0,0.0,0,0,0.0,0,0,0.0,0,0,0,0,0,0,0,0,0,0.0,0.0,0.0,0.0,0.0,0.0,0.0,0.0,0.0,0.0,0.0,0.0,0.0,0.0,0.0,0.0,7d7ac755-476c-4b00-a0e5-4d30199b191e,ORL,POR,Home,104,103,1
Kevon Harris,0,0.0,0,0,0.0,0,0,0.0,0,0,0.0,0,0,0,0,0,0,0,0,0,0.0,0.0,0.0,0.0,0.0,0.0,0.0,0.0,0.0,0.0,0.0,0.0,0.0,0.0,0.0,0.0,7d7ac755-476c-4b00-a0e5-4d30199b191e,ORL,POR,Home,104,103,1
Chuma Okeke,0,0.0,0,0,0.0,0,0,0.0,0,0,0.0,0,0,0,0,0,0,0,0,0,0.0,0.0,0.0,0.0,0.0,0.0,0.0,0.0,0.0,0.0,0.0,0.0,0.0,0.0,0.0,0.0,7d7ac755-476c-4b00-a0e5-4d30199b191e,ORL,POR,Home,104,103,1
Admiral Schofield,0,0.0,0,0,0.0,0,0,0.0,0,0,0.0,0,0,0,0,0,0,0,0,0,0.0,0.0,0.0,0.0,0.0,0.0,0.0,0.0,0.0,0.0,0.0,0.0,0.0,0.0,0.0,0.0,7d7ac755-476c-4b00-a0e5-4d30199b191e,ORL,POR,Home,104,103,1
Paolo Banchero,1,37.75,10,24,0.417,2,6,0.333,10,13,0.769,1,5,6,4,1,0,3,2,32,4.0,0.538,0.458,0.25,0.542,3.6,16.3,10.3,18.0,1.3,0.0,9.2,39.2,108.0,116.0,-1.5,da712eb8-67fc-4a2e-80be-4ffe69124d87,ORL,NOP,Away,117,108,1
Franz Wagner,1,33.18333333333333,8,14,0.571,3,6,0.5,5,6,0.833,0,2,2,5,0,1,4,1,24,-1.0,0.721,0.679,0.429,0.429,0.0,7.4,3.9,24.6,0.0,3.1,19.4,28.1,120.0,119.0,4.7,da712eb8-67fc-4a2e-80be-4ffe69124d87,ORL,NOP,Away,117,108,1
Gary Harris,1,30.183333333333334,0,3,0.0,0,3,0.0,0,0,0.0,1,1,2,2,0,0,1,4,0,0.0,0.0,0.0,1.0,0.0,4.5,4.1,4.3,7.8,0.0,0.0,25.0,6.0,52.0,121.0,-11.8,da712eb8-67fc-4a2e-80be-4ffe69124d87,ORL,NOP,Away,117,108,1
Jalen Suggs,1,30.0,3,6,0.5,1,2,0.5,0,2,0.0,1,3,4,2,2,0,1,4,7,0.0,0.509,0.583,0.333,0.333,4.6,12.3,8.6,8.8,3.4,0.0,12.7,11.9,101.0,112.0,-3.3,da712eb8-67fc-4a2e-80be-4ffe69124d87,ORL,NOP,Away,117,108,1
Wendell Carter Jr.,1,24.15,5,7,0.714,3,4,0.75,1,2,0.5,2,9,11,3,0,0,2,3,14,-3.0,0.888,0.929,0.571,0.286,11.4,45.9,29.5,19.2,0.0,0.0,20.2,18.5,142.0,113.0,9.7,da712eb8-67fc-4a2e-80be-4ffe69124d87,ORL,NOP,Away,117,108,1
Jonathan Isaac,1,21.883333333333333,3,5,0.6,1,3,0.333,1,2,0.5,1,4,5,2,1,1,0,1,8,14.0,0.68,0.7,0.6,0.4,6.3,22.5,14.8,12.7,2.3,4.7,0.0,12.1,150.0,109.0,7.8,da712eb8-67fc-4a2e-80be-4ffe69124d87,ORL,NOP,Away,117,108,1
Cole Anthony,1,18.0,2,6,0.333,1,3,0.333,0,0,0.0,0,2,2,6,2,0,1,0,5,9.0,0.417,0.417,0.5,0.0,0.0,13.7,7.2,44.9,5.6,0.0,14.3,17.6,109.0,107.0,8.6,da712eb8-67fc-4a2e-80be-4ffe69124d87,ORL,NOP,Away,117,108,1
Joe Ingles,1,15.1,1,3,0.333,1,3,0.333,1,1,1.0,0,3,3,2,2,0,0,0,4,6.0,0.581,0.5,1.0,0.333,0.0,24.5,12.9,16.8,6.7,0.0,0.0,10.3,140.0,102.0,8.9,da712eb8-67fc-4a2e-80be-4ffe69124d87,ORL,NOP,Away,117,108,1
Moritz Wagner,1,14.933333333333334,7,9,0.778,1,2,0.5,3,3,1.0,1,2,3,1,0,0,0,1,18,6.0,0.872,0.833,0.222,0.333,9.2,16.5,13.0,17.4,0.0,0.0,0.0,31.2,176.0,119.0,19.7,da712eb8-67fc-4a2e-80be-4ffe69124d87,ORL,NOP,Away,117,108,1
Markelle Fultz,1,14.8,2,3,0.667,0,0,0.0,1,1,1.0,0,1,1,0,1,0,1,4,5,10.0,0.727,0.667,0.0,0.333,0.0,8.3,4.4,0.0,3.4,0.0,22.5,13.6,105.0,112.0,-6.6,da712eb8-67fc-4a2e-80be-4ffe69124d87,ORL,NOP,Away,117,108,1
Goga Bitadze,0,0.0,0,0,0.0,0,0,0.0,0,0,0.0,0,0,0,0,0,0,0,0,0,0.0,0.0,0.0,0.0,0.0,0.0,0.0,0.0,0.0,0.0,0.0,0.0,0.0,0.0,0.0,0.0,da712eb8-67fc-4a2e-80be-4ffe69124d87,ORL,NOP,Away,117,108,1
Anthony Black,0,0.0,0,0,0.0,0,0,0.0,0,0,0.0,0,0,0,0,0,0,0,0,0,0.0,0.0,0.0,0.0,0.0,0.0,0.0,0.0,0.0,0.0,0.0,0.0,0.0,0.0,0.0,0.0,da712eb8-67fc-4a2e-80be-4ffe69124d87,ORL,NOP,Away,117,108,1
Chuma Okeke,0,0.0,0,0,0.0,0,0,0.0,0,0,0.0,0,0,0,0,0,0,0,0,0,0.0,0.0,0.0,0.0,0.0,0.0,0.0,0.0,0.0,0.0,0.0,0.0,0.0,0.0,0.0,0.0,da712eb8-67fc-4a2e-80be-4ffe69124d87,ORL,NOP,Away,117,108,1
Admiral Schofield,0,0.0,0,0,0.0,0,0,0.0,0,0,0.0,0,0,0,0,0,0,0,0,0,0.0,0.0,0.0,0.0,0.0,0.0,0.0,0.0,0.0,0.0,0.0,0.0,0.0,0.0,0.0,0.0,da712eb8-67fc-4a2e-80be-4ffe69124d87,ORL,NOP,Away,117,108,1
Paolo Banchero,1,40.06666666666667,10,26,0.385,1,8,0.125,11,12,0.917,3,5,8,8,1,2,3,1,32,-19.0,0.512,0.404,0.308,0.462,7.6,23.0,13.1,31.9,1.3,5.7,8.8,35.6,116.0,128.0,4.7,b654321c-67d8-42bc-8b0b-857860b4b3f5,ORL,CHO,Away,115,124,0
Wendell Carter Jr.,1,37.266666666666666,5,10,0.5,3,7,0.429,0,0,0.0,3,4,7,1,1,1,1,4,13,-15.0,0.65,0.65,0.7,0.0,8.2,19.8,12.4,3.6,1.3,3.1,9.1,12.3,132.0,130.0,-2.9,b654321c-67d8-42bc-8b0b-857860b4b3f5,ORL,CHO,Away,115,124,0
Gary Harris,1,28.666666666666668,4,8,0.5,4,8,0.5,0,0,0.0,1,2,3,6,2,0,0,0,12,-5.0,0.75,0.75,1.0,0.0,3.6,12.9,6.9,28.5,3.5,0.0,0.0,11.6,173.0,128.0,11.6,b654321c-67d8-42bc-8b0b-857860b4b3f5,ORL,CHO,Away,115,124,0
Franz Wagner,1,28.433333333333334,8,16,0.5,0,4,0.0,6,8,0.75,3,4,7,1,1,0,1,4,22,-6.0,0.564,0.5,0.25,0.5,10.8,26.0,16.2,5.9,1.8,0.0,4.9,30.0,123.0,131.0,-1.7,b654321c-67d8-42bc-8b0b-857860b4b3f5,ORL,CHO,Away,115,124,0
Jalen Suggs,1,22.216666666666665,4,8,0.5,0,3,0.0,0,0,0.0,0,1,1,2,1,0,0,3,8,-13.0,0.5,0.5,0.375,0.0,0.0,8.3,3.0,13.0,2.3,0.0,0.0,15.0,117.0,131.0,-6.5,b654321c-67d8-42bc-8b0b-857860b4b3f5,ORL,CHO,Away,115,124,0
Markelle Fultz,1,31.8,6,11,0.545,0,1,0.0,3,3,1.0,3,3,6,3,2,0,2,1,15,-2.0,0.609,0.545,0.091,0.273,9.6,17.4,12.4,13.7,3.2,0.0,14.0,18.7,123.0,128.0,0.3,b654321c-67d8-42bc-8b0b-857860b4b3f5,ORL,CHO,Away,115,124,0
Joe Ingles,1,21.816666666666666,1,2,0.5,1,2,0.5,0,1,0.0,0,0,0,2,0,0,2,1,3,4.0,0.615,0.75,1.0,0.5,0.0,0.0,0.0,11.1,0.0,0.0,45.0,8.5,75.0,137.0,-12.5,b654321c-67d8-42bc-8b0b-857860b4b3f5,ORL,CHO,Away,115,124,0
Cole Anthony,1,18.983333333333334,1,8,0.125,0,4,0.0,0,0,0.0,0,1,1,1,1,0,0,2,2,5.0,0.125,0.125,0.5,0.0,0.0,9.7,3.5,6.4,2.6,0.0,0.0,17.5,40.0,130.0,-19.8,b654321c-67d8-42bc-8b0b-857860b4b3f5,ORL,CHO,Away,115,124,0
Moritz Wagner,1,10.733333333333333,3,5,0.6,0,1,0.0,2,2,1.0,2,2,4,0,0,0,1,3,8,6.0,0.68,0.6,0.2,0.4,19.0,34.4,24.5,0.0,0.0,0.0,14.5,26.7,128.0,135.0,-5.8,b654321c-67d8-42bc-8b0b-857860b4b3f5,ORL,CHO,Away,115,124,0
Goga Bitadze,0,0.0,0,0,0.0,0,0,0.0,0,0,0.0,0,0,0,0,0,0,0,0,0,0.0,0.0,0.0,0.0,0.0,0.0,0.0,0.0,0.0,0.0,0.0,0.0,0.0,0.0,0.0,0.0,b654321c-67d8-42bc-8b0b-857860b4b3f5,ORL,CHO,Away,115,124,0
Anthony Black,0,0.0,0,0,0.0,0,0,0.0,0,0,0.0,0,0,0,0,0,0,0,0,0,0.0,0.0,0.0,0.0,0.0,0.0,0.0,0.0,0.0,0.0,0.0,0.0,0.0,0.0,0.0,0.0,b654321c-67d8-42bc-8b0b-857860b4b3f5,ORL,CHO,Away,115,124,0
Jonathan Isaac,0,0.0,0,0,0.0,0,0,0.0,0,0,0.0,0,0,0,0,0,0,0,0,0,0.0,0.0,0.0,0.0,0.0,0.0,0.0,0.0,0.0,0.0,0.0,0.0,0.0,0.0,0.0,0.0,b654321c-67d8-42bc-8b0b-857860b4b3f5,ORL,CHO,Away,115,124,0
Chuma Okeke,0,0.0,0,0,0.0,0,0,0.0,0,0,0.0,0,0,0,0,0,0,0,0,0,0.0,0.0,0.0,0.0,0.0,0.0,0.0,0.0,0.0,0.0,0.0,0.0,0.0,0.0,0.0,0.0,b654321c-67d8-42bc-8b0b-857860b4b3f5,ORL,CHO,Away,115,124,0
Admiral Schofield,0,0.0,0,0,0.0,0,0,0.0,0,0,0.0,0,0,0,0,0,0,0,0,0,0.0,0.0,0.0,0.0,0.0,0.0,0.0,0.0,0.0,0.0,0.0,0.0,0.0,0.0,0.0,0.0,b654321c-67d8-42bc-8b0b-857860b4b3f5,ORL,CHO,Away,115,124,0
Paolo Banchero,1,35.7,8,17,0.471,1,5,0.2,7,8,0.875,0,6,6,5,0,0,2,5,24,24.0,0.585,0.5,0.294,0.471,0.0,21.2,10.5,21.5,0.0,0.0,8.9,27.9,120.0,107.0,-1.0,f9c28bb2-be2b-4052-936c-12dfce0af376,ORL,CHI,Home,113,98,1
Wendell Carter Jr.,1,34.483333333333334,5,11,0.455,1,6,0.167,0,0,0.0,2,6,8,3,2,1,0,5,11,7.0,0.5,0.5,0.545,0.0,7.1,22.0,14.5,11.9,2.9,2.5,0.0,14.1,123.0,99.0,0.4,f9c28bb2-be2b-4052-936c-12dfce0af376,ORL,CHI,Home,113,98,1
Gary Harris,1,32.983333333333334,0,2,0.0,0,1,0.0,0,0,0.0,0,1,1,1,3,0,0,0,0,29.0,0.0,0.0,0.5,0.0,0.0,3.8,1.9,3.5,4.6,0.0,0.0,2.7,33.0,101.0,-3.8,f9c28bb2-be2b-4052-936c-12dfce0af376,ORL,CHI,Home,113,98,1
Jalen Suggs,1,28.833333333333332,7,13,0.538,3,6,0.5,2,2,1.0,1,2,3,5,2,1,1,0,19,12.0,0.684,0.654,0.462,0.154,4.3,8.8,6.5,27.4,3.5,3.0,6.7,22.9,141.0,101.0,13.9,f9c28bb2-be2b-4052-936c-12dfce0af376,ORL,CHI,Home,113,98,1
Franz Wagner,1,20.016666666666666,5,10,0.5,1,4,0.25,5,5,1.0,2,2,4,3,1,0,0,1,16,15.0,0.656,0.55,0.4,0.5,12.3,12.6,12.5,24.0,2.5,0.0,0.0,27.0,152.0,104.0,12.7,f9c28bb2-be2b-4052-936c-12dfce0af376,ORL,CHI,Home,113,98,1
Markelle Fultz,1,23.05,8,12,0.667,1,1,1.0,0,0,0.0,3,3,6,2,0,1,0,2,17,-5.0,0.708,0.708,0.083,0.0,16.0,16.4,16.2,16.4,0.0,3.8,0.0,23.1,153.0,106.0,10.3,f9c28bb2-be2b-4052-936c-12dfce0af376,ORL,CHI,Home,113,98,1
Joe Ingles,1,20.75,3,4,0.75,3,4,0.75,0,0,0.0,0,3,3,5,2,0,4,2,9,3.0,1.125,1.125,1.0,0.0,0.0,18.3,9.0,33.0,4.8,0.0,50.0,17.1,112.0,98.0,8.0,f9c28bb2-be2b-4052-936c-12dfce0af376,ORL,CHI,Home,113,98,1
Cole Anthony,1,16.466666666666665,2,8,0.25,0,2,0.0,2,2,1.0,0,2,2,0,0,1,2,0,6,-11.0,0.338,0.25,0.25,0.25,0.0,15.3,7.6,0.0,0.0,5.3,18.4,29.3,60.0,105.0,-17.0,f9c28bb2-be2b-4052-936c-12dfce0af376,ORL,CHI,Home,113,98,1
Moritz Wagner,1,15.483333333333333,3,11,0.273,0,3,0.0,2,2,1.0,1,3,4,0,2,0,0,1,8,1.0,0.337,0.273,0.273,0.182,7.9,24.5,16.1,0.0,6.5,0.0,0.0,34.0,82.0,94.0,-8.6,f9c28bb2-be2b-4052-936c-12dfce0af376,ORL,CHI,Home,113,98,1
Jonathan Isaac,1,4.816666666666666,0,0,0.0,0,0,0.0,0,0,0.0,1,1,2,0,0,0,0,1,0,-5.0,0.0,0.0,0.0,0.0,25.6,26.2,25.9,0.0,0.0,0.0,0.0,0.0,228.0,106.0,-8.2,f9c28bb2-be2b-4052-936c-12dfce0af376,ORL,CHI,Home,113,98,1
Jett Howard,1,1.4833333333333334,1,1,1.0,1,1,1.0,0,0,0.0,0,1,1,0,0,0,0,0,3,1.0,1.5,1.5,1.0,0.0,0.0,85.2,42.0,0.0,0.0,0.0,0.0,29.9,300.0,97.0,68.5,f9c28bb2-be2b-4052-936c-12dfce0af376,ORL,CHI,Home,113,98,1
Goga Bitadze,1,1.4833333333333334,0,0,0.0,0,0,0.0,0,0,0.0,0,0,0,0,0,0,0,0,0,1.0,0.0,0.0,0.0,0.0,0.0,0.0,0.0,0.0,0.0,0.0,0.0,0.0,0.0,112.0,-8.6,f9c28bb2-be2b-4052-936c-12dfce0af376,ORL,CHI,Home,113,98,1
Anthony Black,1,1.4833333333333334,0,0,0.0,0,0,0.0,0,0,0.0,0,0,0,0,0,0,1,0,0,1.0,0.0,0.0,0.0,0.0,0.0,0.0,0.0,0.0,0.0,0.0,100.0,29.9,0.0,112.0,-40.7,f9c28bb2-be2b-4052-936c-12dfce0af376,ORL,CHI,Home,113,98,1
Chuma Okeke,1,1.4833333333333334,0,1,0.0,0,1,0.0,0,0,0.0,0,0,0,0,0,0,0,0,0,1.0,0.0,0.0,1.0,0.0,0.0,0.0,0.0,0.0,0.0,0.0,0.0,29.9,0.0,112.0,-37.3,f9c28bb2-be2b-4052-936c-12dfce0af376,ORL,CHI,Home,113,98,1
Admiral Schofield,1,1.4833333333333334,0,0,0.0,0,0,0.0,0,0,0.0,0,0,0,0,0,0,0,0,0,1.0,0.0,0.0,0.0,0.0,0.0,0.0,0.0,0.0,0.0,0.0,0.0,0.0,0.0,112.0,-7.6,f9c28bb2-be2b-4052-936c-12dfce0af376,ORL,CHI,Home,113,98,1
Paolo Banchero,1,36.2,7,19,0.368,0,5,0.0,7,7,1.0,0,7,7,6,0,0,4,1,21,-20.0,0.476,0.368,0.263,0.368,0.0,24.4,11.7,26.8,0.0,0.0,15.3,31.4,95.0,126.0,-6.3,edc13b3e-5762-4fec-b96d-374511024d37,ORL,HOU,Away,106,118,0
Markelle Fultz,1,34.333333333333336,8,18,0.444,0,2,0.0,2,2,1.0,2,2,4,2,0,1,3,3,18,-10.0,0.477,0.444,0.111,0.111,6.8,7.4,7.1,10.1,0.0,2.7,13.7,27.8,92.0,126.0,-9.4,edc13b3e-5762-4fec-b96d-374511024d37,ORL,HOU,Away,106,118,0
Gary Harris,1,30.616666666666667,2,3,0.667,2,2,1.0,0,0,0.0,1,4,5,2,1,0,0,2,6,-9.0,1.0,1.0,0.667,0.0,3.8,16.5,9.9,8.7,1.6,0.0,0.0,4.3,199.0,123.0,0.9,edc13b3e-5762-4fec-b96d-374511024d37,ORL,HOU,Away,106,118,0
Jalen Suggs,1,28.783333333333335,7,13,0.538,2,5,0.4,5,5,1.0,0,2,2,4,2,2,1,3,21,-11.0,0.691,0.615,0.385,0.385,0.0,8.8,4.2,24.4,3.4,6.5,6.2,24.5,139.0,115.0,11.7,edc13b3e-5762-4fec-b96d-374511024d37,ORL,HOU,Away,106,118,0
Wendell Carter Jr.,1,20.6,3,7,0.429,1,3,0.333,0,0,0.0,3,3,6,2,1,0,2,2,7,-11.0,0.5,0.5,0.429,0.0,17.0,18.4,17.7,14.6,2.4,0.0,22.2,19.0,99.0,121.0,-3.9,edc13b3e-5762-4fec-b96d-374511024d37,ORL,HOU,Away,106,118,0
Moritz Wagner,1,21.95,4,8,0.5,0,0,0.0,4,4,1.0,2,3,5,1,1,0,1,1,12,6.0,0.615,0.5,0.0,0.5,10.7,17.3,13.8,7.2,2.2,0.0,9.3,21.4,126.0,122.0,-0.2,edc13b3e-5762-4fec-b96d-374511024d37,ORL,HOU,Away,106,118,0
Jonathan Isaac,1,21.516666666666666,4,6,0.667,1,2,0.5,1,2,0.5,2,6,8,1,2,1,1,1,10,-5.0,0.727,0.75,0.333,0.333,10.9,35.2,22.6,7.4,4.6,4.4,12.7,16.0,132.0,111.0,7.4,edc13b3e-5762-4fec-b96d-374511024d37,ORL,HOU,Away,106,118,0
Joe Ingles,1,17.8,2,6,0.333,1,4,0.25,2,3,0.667,0,3,3,2,0,1,1,0,7,3.0,0.478,0.417,0.667,0.5,0.0,21.3,10.2,16.0,0.0,5.3,12.0,20.4,97.0,122.0,-3.3,edc13b3e-5762-4fec-b96d-374511024d37,ORL,HOU,Away,106,118,0
Cole Anthony,1,12.366666666666667,1,4,0.25,0,0,0.0,0,0,0.0,0,0,0,2,1,0,0,2,2,-1.0,0.25,0.25,0.0,0.0,0.0,0.0,0.0,22.1,4.0,0.0,0.0,14.1,78.0,120.0,-7.9,edc13b3e-5762-4fec-b96d-374511024d37,ORL,HOU,Away,106,118,0
Caleb Houstan,1,7.716666666666667,0,0,0.0,0,0,0.0,0,0,0.0,0,0,0,0,1,0,0,0,0,-2.0,0.0,0.0,0.0,0.0,0.0,0.0,0.0,0.0,6.4,0.0,0.0,0.0,0.0,115.0,-1.0,edc13b3e-5762-4fec-b96d-374511024d37,ORL,HOU,Away,106,118,0
Chuma Okeke,1,1.6166666666666667,1,1,1.0,0,0,0.0,0,0,0.0,0,1,1,0,0,0,0,0,2,0.0,1.0,1.0,0.0,0.0,0.0,78.1,37.6,0.0,0.0,0.0,0.0,27.0,200.0,119.0,23.0,edc13b3e-5762-4fec-b96d-374511024d37,ORL,HOU,Away,106,118,0
Goga Bitadze,1,1.6166666666666667,0,0,0.0,0,0,0.0,0,0,0.0,0,0,0,0,0,0,0,0,0,0.0,0.0,0.0,0.0,0.0,0.0,0.0,0.0,0.0,0.0,0.0,0.0,0.0,0.0,129.0,-9.8,edc13b3e-5762-4fec-b96d-374511024d37,ORL,HOU,Away,106,118,0
Anthony Black,1,1.6166666666666667,0,0,0.0,0,0,0.0,0,0,0.0,0,0,0,0,0,0,0,0,0,0.0,0.0,0.0,0.0,0.0,0.0,0.0,0.0,0.0,0.0,0.0,0.0,0.0,0.0,129.0,-9.2,edc13b3e-5762-4fec-b96d-374511024d37,ORL,HOU,Away,106,118,0
Jett Howard,1,1.6166666666666667,0,1,0.0,0,1,0.0,0,0,0.0,0,0,0,1,0,1,1,0,0,0.0,0.0,0.0,1.0,0.0,0.0,0.0,0.0,76.1,0.0,58.2,50.0,53.9,26.0,80.0,-7.6,edc13b3e-5762-4fec-b96d-374511024d37,ORL,HOU,Away,106,118,0
Trevelin Queen,1,1.6166666666666667,0,0,0.0,0,0,0.0,0,0,0.0,0,1,1,0,0,0,0,0,0,0.0,0.0,0.0,0.0,0.0,0.0,78.1,37.6,0.0,0.0,0.0,0.0,0.0,0.0,119.0,-4.9,edc13b3e-5762-4fec-b96d-374511024d37,ORL,HOU,Away,106,118,0
Paolo Banchero,1,33.65,7,15,0.467,1,2,0.5,5,8,0.625,0,6,6,6,1,0,2,0,20,-8.0,0.54,0.5,0.133,0.533,0.0,21.9,11.1,32.9,1.5,0.0,9.7,28.4,109.0,123.0,3.4,b2053baa-6efe-49c2-b59d-d538c0fd95c7,ORL,MIL,Away,99,117,0
Jalen Suggs,1,26.566666666666666,6,11,0.545,2,6,0.333,4,6,0.667,1,2,3,0,1,0,0,5,18,-14.0,0.66,0.636,0.545,0.545,4.8,9.3,7.0,0.0,1.9,0.0,0.0,23.9,132.0,124.0,1.8,b2053baa-6efe-49c2-b59d-d538c0fd95c7,ORL,MIL,Away,99,117,0
Wendell Carter Jr.,1,23.216666666666665,3,9,0.333,1,4,0.25,2,2,1.0,2,1,3,0,0,0,1,2,9,-14.0,0.455,0.389,0.444,0.222,10.9,5.3,8.1,0.0,0.0,0.0,9.2,21.8,93.0,130.0,-10.2,b2053baa-6efe-49c2-b59d-d538c0fd95c7,ORL,MIL,Away,99,117,0
Markelle Fultz,1,22.466666666666665,3,5,0.6,0,0,0.0,0,0,0.0,0,2,2,1,2,0,1,0,6,-10.0,0.6,0.6,0.0,0.0,0.0,11.0,5.5,7.2,4.5,0.0,16.7,12.4,100.0,118.0,-0.3,b2053baa-6efe-49c2-b59d-d538c0fd95c7,ORL,MIL,Away,99,117,0
Caleb Houstan,1,11.35,0,5,0.0,0,5,0.0,0,0,0.0,0,2,2,1,0,0,0,0,0,-10.0,0.0,0.0,1.0,0.0,0.0,21.7,11.0,11.7,0.0,0.0,0.0,20.5,14.0,126.0,-21.5,b2053baa-6efe-49c2-b59d-d538c0fd95c7,ORL,MIL,Away,99,117,0
Cole Anthony,1,32.63333333333333,9,14,0.643,3,4,0.75,2,2,1.0,0,4,4,4,0,1,5,1,23,-12.0,0.773,0.75,0.286,0.143,0.0,15.1,7.6,25.8,0.0,3.3,25.2,28.4,113.0,126.0,4.8,b2053baa-6efe-49c2-b59d-d538c0fd95c7,ORL,MIL,Away,99,117,0
Anthony Black,1,22.183333333333334,2,2,1.0,1,1,1.0,0,0,0.0,0,0,0,1,0,0,1,2,5,-8.0,1.25,1.25,0.5,0.0,0.0,0.0,0.0,6.8,0.0,0.0,33.3,6.3,148.0,131.0,-3.0,b2053baa-6efe-49c2-b59d-d538c0fd95c7,ORL,MIL,Away,99,117,0
Moritz Wagner,1,20.766666666666666,3,6,0.5,0,2,0.0,1,1,1.0,1,3,4,0,0,0,2,3,7,-8.0,0.543,0.5,0.333,0.167,6.1,17.8,12.0,0.0,0.0,0.0,23.7,18.9,85.0,127.0,-12.5,b2053baa-6efe-49c2-b59d-d538c0fd95c7,ORL,MIL,Away,99,117,0
Joe Ingles,1,15.4,1,2,0.5,1,1,1.0,0,0,0.0,0,3,3,3,0,0,2,1,3,-10.0,0.75,0.75,0.5,0.0,0.0,24.0,12.1,28.4,0.0,0.0,50.0,12.1,95.0,125.0,-4.9,b2053baa-6efe-49c2-b59d-d538c0fd95c7,ORL,MIL,Away,99,117,0
Jonathan Isaac,1,13.316666666666666,0,2,0.0,0,0,0.0,0,0,0.0,0,1,1,0,1,0,0,0,0,-12.0,0.0,0.0,0.0,0.0,0.0,9.2,4.7,0.0,3.8,0.0,0.0,7.0,0.0,120.0,-9.7,b2053baa-6efe-49c2-b59d-d538c0fd95c7,ORL,MIL,Away,99,117,0
Jett Howard,1,6.4,1,4,0.25,1,4,0.25,0,0,0.0,0,0,0,1,1,0,0,0,3,4.0,0.375,0.375,1.0,0.0,0.0,0.0,0.0,26.3,7.9,0.0,0.0,29.1,87.0,113.0,5.1,b2053baa-6efe-49c2-b59d-d538c0fd95c7,ORL,MIL,Away,99,117,0
Admiral Schofield,1,4.016666666666667,1,2,0.5,1,1,1.0,0,0,0.0,1,1,2,1,0,0,1,1,3,4.0,0.75,0.75,0.5,0.0,31.4,30.6,31.0,49.7,0.0,0.0,33.3,34.8,118.0,123.0,9.3,b2053baa-6efe-49c2-b59d-d538c0fd95c7,ORL,MIL,Away,99,117,0
Goga Bitadze,1,4.016666666666667,0,1,0.0,0,0,0.0,2,4,0.5,0,3,3,0,0,0,0,0,2,4.0,0.362,0.0,0.0,4.0,0.0,91.9,46.6,0.0,0.0,0.0,0.0,32.0,80.0,109.0,-7.8,b2053baa-6efe-49c2-b59d-d538c0fd95c7,ORL,MIL,Away,99,117,0
Chuma Okeke,1,4.016666666666667,0,0,0.0,0,0,0.0,0,0,0.0,0,1,1,1,0,0,0,0,0,4.0,0.0,0.0,0.0,0.0,0.0,30.6,15.5,33.2,0.0,0.0,0.0,0.0,231.0,124.0,6.5,b2053baa-6efe-49c2-b59d-d538c0fd95c7,ORL,MIL,Away,99,117,0
Kevon Harris,0,0.0,0,0,0.0,0,0,0.0,0,0,0.0,0,0,0,0,0,0,0,0,0,0.0,0.0,0.0,0.0,0.0,0.0,0.0,0.0,0.0,0.0,0.0,0.0,0.0,0.0,0.0,0.0,b2053baa-6efe-49c2-b59d-d538c0fd95c7,ORL,MIL,Away,99,117,0
Paolo Banchero,1,40.516666666666666,7,24,0.292,2,6,0.333,6,9,0.667,4,11,15,7,0,1,2,2,22,-21.0,0.393,0.333,0.25,0.375,10.3,30.3,20.0,23.9,0.0,2.3,6.7,30.3,95.0,123.0,-1.4,0435da46-7e84-4544-86f8-8031a18f8aa5,ORL,PHI,Away,113,125,0
Franz Wagner,1,35.31666666666667,9,18,0.5,1,4,0.25,5,5,1.0,1,5,6,3,1,1,1,4,24,-9.0,0.594,0.528,0.222,0.278,3.0,15.8,9.2,13.3,1.3,2.7,4.7,24.6,122.0,123.0,3.4,0435da46-7e84-4544-86f8-8031a18f8aa5,ORL,PHI,Away,113,125,0
Jalen Suggs,1,33.46666666666667,7,12,0.583,3,6,0.5,3,6,0.5,1,3,4,2,0,0,1,3,20,-10.0,0.683,0.708,0.5,0.5,3.1,10.0,6.4,8.7,0.0,0.0,6.4,19.2,130.0,129.0,1.5,0435da46-7e84-4544-86f8-8031a18f8aa5,ORL,PHI,Away,113,125,0
Gary Harris,1,32.333333333333336,1,8,0.125,1,5,0.2,0,0,0.0,0,0,0,0,1,1,1,1,3,-10.0,0.188,0.188,0.625,0.0,0.0,0.0,0.0,0.0,1.4,2.9,11.1,11.4,36.0,126.0,-11.4,0435da46-7e84-4544-86f8-8031a18f8aa5,ORL,PHI,Away,113,125,0
Wendell Carter Jr.,1,3.8166666666666664,2,3,0.667,0,1,0.0,0,0,0.0,0,0,0,0,0,0,0,2,4,-2.0,0.667,0.667,0.333,0.0,0.0,0.0,0.0,0.0,0.0,0.0,0.0,32.2,124.0,130.0,-3.0,0435da46-7e84-4544-86f8-8031a18f8aa5,ORL,PHI,Away,113,125,0
Jonathan Isaac,1,26.8,2,7,0.286,0,3,0.0,1,1,1.0,2,7,9,1,1,1,1,3,5,2.0,0.336,0.286,0.429,0.143,7.8,29.2,18.1,4.5,1.7,3.5,11.8,12.9,81.0,118.0,-6.7,0435da46-7e84-4544-86f8-8031a18f8aa5,ORL,PHI,Away,113,125,0
Moritz Wagner,1,18.066666666666666,7,7,1.0,1,1,1.0,2,2,1.0,1,5,6,2,1,1,2,4,17,4.0,1.079,1.071,0.143,0.286,5.8,30.9,17.9,21.8,2.6,5.2,20.2,22.4,161.0,114.0,18.4,0435da46-7e84-4544-86f8-8031a18f8aa5,ORL,PHI,Away,113,125,0
Goga Bitadze,1,13.5,2,4,0.5,0,0,0.0,1,1,1.0,1,1,2,0,2,1,2,2,5,-17.0,0.563,0.5,0.0,0.25,7.7,8.3,8.0,0.0,6.9,7.0,31.1,19.6,82.0,107.0,-3.8,0435da46-7e84-4544-86f8-8031a18f8aa5,ORL,PHI,Away,113,125,0
Joe Ingles,1,13.433333333333334,1,1,1.0,0,0,0.0,0,0,0.0,0,1,1,6,0,0,0,0,2,-4.0,1.0,1.0,0.0,0.0,0.0,8.3,4.0,54.4,0.0,0.0,0.0,3.1,212.0,130.0,7.6,0435da46-7e84-4544-86f8-8031a18f8aa5,ORL,PHI,Away,113,125,0
Cole Anthony,1,11.433333333333334,3,7,0.429,0,1,0.0,1,1,1.0,0,0,0,0,0,0,1,0,7,6.0,0.47,0.429,0.143,0.143,0.0,0.0,0.0,0.0,0.0,0.0,11.8,30.3,83.0,131.0,-10.8,0435da46-7e84-4544-86f8-8031a18f8aa5,ORL,PHI,Away,113,125,0
Markelle Fultz,1,11.3,2,4,0.5,0,0,0.0,0,0,0.0,0,2,2,4,1,1,0,0,4,1.0,0.5,0.5,0.0,0.0,0.0,19.8,9.5,49.2,4.1,8.3,0.0,14.5,131.0,111.0,15.8,0435da46-7e84-4544-86f8-8031a18f8aa5,ORL,PHI,Away,113,125,0
Anthony Black,0,0.0,0,0,0.0,0,0,0.0,0,0,0.0,0,0,0,0,0,0,0,0,0,0.0,0.0,0.0,0.0,0.0,0.0,0.0,0.0,0.0,0.0,0.0,0.0,0.0,0.0,0.0,0.0,0435da46-7e84-4544-86f8-8031a18f8aa5,ORL,PHI,Away,113,125,0
Caleb Houstan,0,0.0,0,0,0.0,0,0,0.0,0,0,0.0,0,0,0,0,0,0,0,0,0,0.0,0.0,0.0,0.0,0.0,0.0,0.0,0.0,0.0,0.0,0.0,0.0,0.0,0.0,0.0,0.0,0435da46-7e84-4544-86f8-8031a18f8aa5,ORL,PHI,Away,113,125,0
Jett Howard,0,0.0,0,0,0.0,0,0,0.0,0,0,0.0,0,0,0,0,0,0,0,0,0,0.0,0.0,0.0,0.0,0.0,0.0,0.0,0.0,0.0,0.0,0.0,0.0,0.0,0.0,0.0,0.0,0435da46-7e84-4544-86f8-8031a18f8aa5,ORL,PHI,Away,113,125,0
Chuma Okeke,0,0.0,0,0,0.0,0,0,0.0,0,0,0.0,0,0,0,0,0,0,0,0,0,0.0,0.0,0.0,0.0,0.0,0.0,0.0,0.0,0.0,0.0,0.0,0.0,0.0,0.0,0.0,0.0,0435da46-7e84-4544-86f8-8031a18f8aa5,ORL,PHI,Away,113,125,0
Paolo Banchero,1,35.05,8,19,0.421,2,6,0.333,8,9,0.889,0,11,11,7,0,0,3,1,26,16.0,0.566,0.474,0.316,0.474,0.0,35.0,19.6,30.9,0.0,0.0,11.6,34.1,114.0,97.0,3.3,8c18a185-3d82-44f4-93b5-d5c6769e6c7e,ORL,MIL,Home,113,88,1
Franz Wagner,1,32.65,10,21,0.476,1,5,0.2,4,4,1.0,1,4,5,3,3,0,0,1,25,25.0,0.549,0.5,0.238,0.19,4.3,13.7,9.5,16.2,4.7,0.0,0.0,32.1,120.0,91.0,6.5,8c18a185-3d82-44f4-93b5-d5c6769e6c7e,ORL,MIL,Home,113,88,1
Jalen Suggs,1,27.933333333333334,1,3,0.333,0,2,0.0,2,2,1.0,0,2,2,4,1,1,1,3,4,13.0,0.515,0.333,0.667,0.667,0.0,8.0,4.5,17.1,1.8,3.6,20.5,8.0,115.0,96.0,-2.0,8c18a185-3d82-44f4-93b5-d5c6769e6c7e,ORL,MIL,Home,113,88,1
Gary Harris,1,27.783333333333335,1,4,0.25,1,4,0.25,0,0,0.0,0,0,0,2,1,0,1,3,3,12.0,0.375,0.375,1.0,0.0,0.0,0.0,0.0,8.6,1.8,0.0,20.0,8.3,79.0,101.0,-7.2,8c18a185-3d82-44f4-93b5-d5c6769e6c7e,ORL,MIL,Home,113,88,1
Jonathan Isaac,1,26.15,4,11,0.364,2,7,0.286,0,0,0.0,2,6,8,2,1,3,0,2,10,9.0,0.455,0.455,0.636,0.0,10.8,25.6,19.1,10.6,2.0,11.5,0.0,19.3,110.0,86.0,3.7,8c18a185-3d82-44f4-93b5-d5c6769e6c7e,ORL,MIL,Home,113,88,1
Cole Anthony,1,17.05,5,9,0.556,1,3,0.333,2,2,1.0,2,3,5,4,2,0,1,3,13,13.0,0.658,0.611,0.333,0.222,16.6,19.6,18.3,40.3,6.0,0.0,9.2,29.4,138.0,87.0,15.6,8c18a185-3d82-44f4-93b5-d5c6769e6c7e,ORL,MIL,Home,113,88,1
Joe Ingles,1,16.816666666666666,1,1,1.0,1,1,1.0,0,0,0.0,0,3,3,2,1,0,1,0,3,14.0,1.5,1.5,1.0,0.0,0.0,19.9,11.1,14.6,3.0,0.0,50.0,5.5,134.0,93.0,3.7,8c18a185-3d82-44f4-93b5-d5c6769e6c7e,ORL,MIL,Home,113,88,1
Wendell Carter Jr.,1,14.283333333333333,3,3,1.0,1,1,1.0,0,0,0.0,2,0,2,0,0,0,0,1,7,27.0,1.167,1.167,0.333,0.0,19.8,0.0,8.7,0.0,0.0,0.0,0.0,9.7,232.0,105.0,6.4,8c18a185-3d82-44f4-93b5-d5c6769e6c7e,ORL,MIL,Home,113,88,1
Moritz Wagner,1,12.733333333333333,5,6,0.833,0,0,0.0,0,0,0.0,0,1,1,1,0,0,1,1,10,-1.0,0.833,0.833,0.0,0.0,0.0,8.8,4.9,16.3,0.0,0.0,14.3,25.3,130.0,103.0,4.9,8c18a185-3d82-44f4-93b5-d5c6769e6c7e,ORL,MIL,Home,113,88,1
Markelle Fultz,1,5.966666666666667,1,1,1.0,0,0,0.0,0,0,0.0,0,1,1,0,0,0,1,1,2,-2.0,1.0,1.0,0.0,0.0,0.0,18.7,10.4,0.0,0.0,0.0,50.0,15.4,73.0,100.0,-10.7,8c18a185-3d82-44f4-93b5-d5c6769e6c7e,ORL,MIL,Home,113,88,1
Anthony Black,1,5.266666666666667,2,3,0.667,1,2,0.5,0,0,0.0,0,1,1,0,0,0,1,0,5,1.0,0.833,0.833,0.667,0.0,0.0,21.2,11.8,0.0,0.0,0.0,25.0,34.9,97.0,100.0,4.3,8c18a185-3d82-44f4-93b5-d5c6769e6c7e,ORL,MIL,Home,113,88,1
Caleb Houstan,1,5.266666666666667,1,1,1.0,1,1,1.0,2,2,1.0,0,0,0,0,1,1,0,0,5,1.0,1.33,1.5,1.0,2.0,0.0,0.0,0.0,0.0,9.7,19.0,0.0,16.4,266.0,69.0,44.4,8c18a185-3d82-44f4-93b5-d5c6769e6c7e,ORL,MIL,Home,113,88,1
Jett Howard,1,5.266666666666667,0,1,0.0,0,1,0.0,0,0,0.0,0,1,1,1,1,0,0,1,0,1.0,0.0,0.0,1.0,0.0,0.0,21.2,11.8,21.7,9.7,0.0,0.0,8.7,58.0,78.0,1.7,8c18a185-3d82-44f4-93b5-d5c6769e6c7e,ORL,MIL,Home,113,88,1
Goga Bitadze,1,3.8833333333333333,0,1,0.0,0,1,0.0,0,0,0.0,0,3,3,1,0,0,0,1,0,-2.0,0.0,0.0,1.0,0.0,0.0,86.2,48.2,29.4,0.0,0.0,0.0,11.8,58.0,85.0,-3.0,8c18a185-3d82-44f4-93b5-d5c6769e6c7e,ORL,MIL,Home,113,88,1
Chuma Okeke,1,3.8833333333333333,0,1,0.0,0,1,0.0,0,0,0.0,0,0,0,0,0,0,1,0,0,-2.0,0.0,0.0,1.0,0.0,0.0,0.0,0.0,0.0,0.0,0.0,50.0,23.7,0.0,105.0,-30.7,8c18a185-3d82-44f4-93b5-d5c6769e6c7e,ORL,MIL,Home,113,88,1
