player,played,mp,fg,fga,fg_pct,fg3,fg3a,fg3_pct,ft,fta,ft_pct,orb,drb,trb,ast,stl,blk,tov,pf,pts,plus_minus,ts_pct,efg_pct,fg3a_per_fga_pct,fta_per_fga_pct,orb_pct,drb_pct,trb_pct,ast_pct,stl_pct,blk_pct,tov_pct,usg_pct,off_rtg,def_rtg,bpm,game_id,team,opponent,location,team_score,opponent_score,win
Scoot Henderson,1,35.833333333333336,5,11,0.455,0,3,0.0,1,1,1.0,1,2,3,4,0,0,4,2,11,-16.0,0.481,0.455,0.273,0.091,2.9,6.9,4.7,14.4,0.0,0.0,25.9,17.6,88.0,133.0,-11.4,6d6bca29-ce0b-41b9-b26c-dd4ba35356a6,POR,LAC,Away,111,123,0
Jerami Grant,1,29.95,5,12,0.417,0,4,0.0,3,4,0.75,2,1,3,1,0,1,3,1,13,-22.0,0.472,0.417,0.333,0.333,7.0,4.1,5.7,4.5,0.0,2.9,17.9,22.9,91.0,133.0,-9.4,6d6bca29-ce0b-41b9-b26c-dd4ba35356a6,POR,LAC,Away,111,123,0
Anfernee Simons,1,27.366666666666667,6,14,0.429,2,6,0.333,4,4,1.0,1,1,2,4,2,0,0,2,18,-27.0,0.571,0.5,0.429,0.286,3.8,4.5,4.1,21.0,3.6,0.0,0.0,23.5,140.0,126.0,7.1,6d6bca29-ce0b-41b9-b26c-dd4ba35356a6,POR,LAC,Away,111,123,0
Deandre Ayton,1,23.08333333333333,2,4,0.5,0,0,0.0,0,0,0.0,3,9,12,1,3,1,3,5,4,-5.0,0.5,0.5,0.0,0.0,13.6,48.0,29.4,5.2,6.3,3.7,42.9,12.4,80.0,103.0,-4.2,6d6bca29-ce0b-41b9-b26c-dd4ba35356a6,POR,LAC,Away,111,123,0
Matisse Thybulle,1,20.08333333333333,3,7,0.429,2,6,0.333,0,0,0.0,1,0,1,1,1,0,2,0,8,-12.0,0.571,0.571,0.857,0.0,5.2,0.0,2.8,6.5,2.4,0.0,22.2,18.3,100.0,130.0,-2.5,6d6bca29-ce0b-41b9-b26c-dd4ba35356a6,POR,LAC,Away,111,123,0
Shaedon Sharpe,1,28.48333333333333,6,14,0.429,1,6,0.167,1,1,1.0,4,2,6,3,1,0,0,4,14,10.0,0.485,0.464,0.429,0.071,14.7,8.6,11.9,14.9,1.7,0.0,0.0,20.7,127.0,129.0,-0.3,6d6bca29-ce0b-41b9-b26c-dd4ba35356a6,POR,LAC,Away,111,123,0
Robert Williams,1,23.216666666666665,5,7,0.714,0,0,0.0,0,1,0.0,2,5,7,0,3,1,2,4,10,-23.0,0.672,0.714,0.0,0.143,9.0,26.5,17.0,0.0,6.3,3.7,21.2,16.6,108.0,110.0,0.2,6d6bca29-ce0b-41b9-b26c-dd4ba35356a6,POR,LAC,Away,111,123,0
Malcolm Brogdon,1,22.65,8,16,0.5,3,5,0.6,1,1,1.0,0,2,2,5,0,0,1,0,20,-5.0,0.608,0.594,0.313,0.063,0.0,10.9,5.0,39.2,0.0,0.0,5.7,31.5,133.0,132.0,9.1,6d6bca29-ce0b-41b9-b26c-dd4ba35356a6,POR,LAC,Away,111,123,0
Toumani Camara,1,15.85,2,5,0.4,2,2,1.0,1,2,0.5,0,2,2,1,0,1,0,2,7,13.0,0.595,0.6,0.4,0.4,0.0,15.5,7.1,8.0,0.0,5.4,0.0,15.2,137.0,127.0,2.2,6d6bca29-ce0b-41b9-b26c-dd4ba35356a6,POR,LAC,Away,111,123,0
Jabari Walker,1,6.35,2,3,0.667,0,0,0.0,2,3,0.667,1,0,1,0,0,0,2,0,6,12.0,0.694,0.667,0.0,1.0,16.4,0.0,8.9,0.0,0.0,0.0,31.6,40.7,97.0,135.0,-8.8,6d6bca29-ce0b-41b9-b26c-dd4ba35356a6,POR,LAC,Away,111,123,0
Kris Murray,1,5.3,0,0,0.0,0,0,0.0,0,0,0.0,0,1,1,0,0,0,0,0,0,12.0,0.0,0.0,0.0,0.0,0.0,23.2,10.7,0.0,0.0,0.0,0.0,0.0,0.0,128.0,-6.4,6d6bca29-ce0b-41b9-b26c-dd4ba35356a6,POR,LAC,Away,111,123,0
Rayan Rupert,1,1.8333333333333333,0,0,0.0,0,0,0.0,0,0,0.0,0,0,0,0,0,0,0,0,0,3.0,0.0,0.0,0.0,0.0,0.0,0.0,0.0,0.0,0.0,0.0,0.0,0.0,0.0,135.0,-8.3,6d6bca29-ce0b-41b9-b26c-dd4ba35356a6,POR,LAC,Away,111,123,0
Moses Brown,0,0.0,0,0,0.0,0,0,0.0,0,0,0.0,0,0,0,0,0,0,0,0,0,0.0,0.0,0.0,0.0,0.0,0.0,0.0,0.0,0.0,0.0,0.0,0.0,0.0,0.0,0.0,0.0,6d6bca29-ce0b-41b9-b26c-dd4ba35356a6,POR,LAC,Away,111,123,0
Shaedon Sharpe,1,41.4,9,23,0.391,4,11,0.364,2,2,1.0,4,1,5,2,2,0,3,1,24,-4.0,0.503,0.478,0.478,0.087,9.3,2.8,6.3,9.4,2.4,0.0,11.2,27.5,104.0,109.0,3.5,d22ef9a8-fda6-45bc-a445-e3cd39f37bfc,POR,ORL,Home,97,102,0
Jerami Grant,1,36.083333333333336,4,14,0.286,1,5,0.2,6,7,0.857,0,4,4,3,2,0,3,5,15,2.0,0.439,0.321,0.357,0.5,0.0,12.7,5.8,13.4,2.8,0.0,14.9,23.6,90.0,105.0,-4.0,d22ef9a8-fda6-45bc-a445-e3cd39f37bfc,POR,ORL,Home,97,102,0
Deandre Ayton,1,30.416666666666668,7,9,0.778,0,0,0.0,0,0,0.0,4,11,15,1,0,0,2,4,14,6.0,0.778,0.778,0.0,0.0,12.6,41.3,25.7,6.6,0.0,0.0,18.2,15.3,133.0,103.0,3.4,d22ef9a8-fda6-45bc-a445-e3cd39f37bfc,POR,ORL,Home,97,102,0
Scoot Henderson,1,25.0,3,12,0.25,1,5,0.2,0,0,0.0,2,1,3,2,1,0,5,5,7,-3.0,0.292,0.292,0.417,0.0,7.7,4.6,6.3,13.1,2.0,0.0,29.4,28.8,55.0,108.0,-16.7,d22ef9a8-fda6-45bc-a445-e3cd39f37bfc,POR,ORL,Home,97,102,0
Matisse Thybulle,1,16.683333333333334,0,1,0.0,0,1,0.0,0,0,0.0,0,2,2,0,1,1,0,2,0,-15.0,0.0,0.0,1.0,0.0,0.0,13.7,6.3,0.0,3.0,5.6,0.0,2.5,0.0,100.0,-2.1,d22ef9a8-fda6-45bc-a445-e3cd39f37bfc,POR,ORL,Home,97,102,0
Malcolm Brogdon,1,30.6,6,15,0.4,2,6,0.333,4,6,0.667,2,5,7,1,0,0,2,2,18,-4.0,0.51,0.467,0.4,0.4,6.3,18.7,11.9,6.1,0.0,0.0,10.2,27.2,104.0,110.0,-0.4,d22ef9a8-fda6-45bc-a445-e3cd39f37bfc,POR,ORL,Home,97,102,0
Toumani Camara,1,22.9,0,4,0.0,0,2,0.0,2,2,1.0,1,3,4,3,0,0,0,0,2,2.0,0.205,0.0,0.5,0.5,4.2,15.0,9.1,18.0,0.0,0.0,0.0,9.0,88.0,111.0,-2.1,d22ef9a8-fda6-45bc-a445-e3cd39f37bfc,POR,ORL,Home,97,102,0
Robert Williams,1,20.0,3,5,0.6,0,0,0.0,0,0,0.0,1,2,3,2,0,0,1,2,6,-10.0,0.6,0.6,0.0,0.0,4.8,11.4,7.8,17.3,0.0,0.0,16.7,12.7,116.0,111.0,0.2,d22ef9a8-fda6-45bc-a445-e3cd39f37bfc,POR,ORL,Home,97,102,0
Jabari Walker,1,9.383333333333333,2,3,0.667,1,2,0.5,4,4,1.0,1,3,4,0,0,0,0,3,9,1.0,0.945,0.833,0.667,1.333,10.2,36.5,22.2,0.0,0.0,0.0,0.0,21.5,203.0,103.0,17.5,d22ef9a8-fda6-45bc-a445-e3cd39f37bfc,POR,ORL,Home,97,102,0
Skylar Mays,1,7.533333333333333,1,2,0.5,0,0,0.0,0,0,0.0,0,0,0,1,0,0,0,0,2,0.0,0.5,0.5,0.0,0.0,0.0,0.0,0.0,22.3,0.0,0.0,0.0,11.3,125.0,115.0,-1.8,d22ef9a8-fda6-45bc-a445-e3cd39f37bfc,POR,ORL,Home,97,102,0
Moses Brown,0,0.0,0,0,0.0,0,0,0.0,0,0,0.0,0,0,0,0,0,0,0,0,0,0.0,0.0,0.0,0.0,0.0,0.0,0.0,0.0,0.0,0.0,0.0,0.0,0.0,0.0,0.0,0.0,d22ef9a8-fda6-45bc-a445-e3cd39f37bfc,POR,ORL,Home,97,102,0
Kris Murray,0,0.0,0,0,0.0,0,0,0.0,0,0,0.0,0,0,0,0,0,0,0,0,0,0.0,0.0,0.0,0.0,0.0,0.0,0.0,0.0,0.0,0.0,0.0,0.0,0.0,0.0,0.0,0.0,d22ef9a8-fda6-45bc-a445-e3cd39f37bfc,POR,ORL,Home,97,102,0
Rayan Rupert,0,0.0,0,0,0.0,0,0,0.0,0,0,0.0,0,0,0,0,0,0,0,0,0,0.0,0.0,0.0,0.0,0.0,0.0,0.0,0.0,0.0,0.0,0.0,0.0,0.0,0.0,0.0,0.0,d22ef9a8-fda6-45bc-a445-e3cd39f37bfc,POR,ORL,Home,97,102,0
Shaedon Sharpe,1,35.63333333333333,7,13,0.538,2,4,0.5,4,5,0.8,1,4,5,2,0,0,3,3,20,-23.0,0.658,0.615,0.308,0.385,2.5,13.8,7.2,10.1,0.0,0.0,16.5,20.7,114.0,132.0,-2.4,70c067cf-cae4-4e06-bddc-60cfd11edb85,POR,PHI,Away,98,126,0
Jerami Grant,1,27.9,5,16,0.313,1,4,0.25,6,7,0.857,2,3,5,1,0,2,2,2,17,-29.0,0.445,0.344,0.25,0.438,6.4,13.2,9.2,6.3,0.0,6.4,9.5,30.6,93.0,128.0,-3.6,70c067cf-cae4-4e06-bddc-60cfd11edb85,POR,PHI,Away,98,126,0
Scoot Henderson,1,26.5,2,7,0.286,0,4,0.0,0,0,0.0,0,1,1,3,0,1,4,5,4,-17.0,0.286,0.286,0.571,0.0,0.0,4.6,1.9,16.8,0.0,3.4,36.4,16.8,48.0,132.0,-19.0,70c067cf-cae4-4e06-bddc-60cfd11edb85,POR,PHI,Away,98,126,0
Deandre Ayton,1,20.616666666666667,3,7,0.429,0,0,0.0,1,1,1.0,2,7,9,2,2,1,0,3,7,-15.0,0.47,0.429,0.0,0.143,8.6,41.8,22.5,16.0,4.6,4.3,0.0,14.6,118.0,111.0,3.7,70c067cf-cae4-4e06-bddc-60cfd11edb85,POR,PHI,Away,98,126,0
Matisse Thybulle,1,10.65,1,3,0.333,0,2,0.0,0,0,0.0,0,0,0,0,0,0,0,1,2,-14.0,0.333,0.333,0.667,0.0,0.0,0.0,0.0,0.0,0.0,0.0,0.0,11.4,73.0,135.0,-13.6,70c067cf-cae4-4e06-bddc-60cfd11edb85,POR,PHI,Away,98,126,0
Toumani Camara,1,27.666666666666668,5,16,0.313,1,5,0.2,1,2,0.5,3,0,3,2,0,2,0,3,12,-13.0,0.355,0.344,0.313,0.125,9.6,0.0,5.6,12.7,0.0,6.4,0.0,24.7,90.0,131.0,-5.6,70c067cf-cae4-4e06-bddc-60cfd11edb85,POR,PHI,Away,98,126,0
Malcolm Brogdon,1,25.85,7,16,0.438,2,6,0.333,2,2,1.0,1,4,5,5,1,0,2,2,18,-6.0,0.533,0.5,0.375,0.125,3.4,19.0,10.0,40.4,1.8,0.0,10.6,29.5,109.0,126.0,4.4,70c067cf-cae4-4e06-bddc-60cfd11edb85,POR,PHI,Away,98,126,0
Robert Williams,1,25.7,2,3,0.667,0,0,0.0,2,2,1.0,2,5,7,2,2,2,1,2,6,-6.0,0.773,0.667,0.0,0.667,6.9,23.9,14.1,11.6,3.7,6.9,20.5,7.7,140.0,117.0,3.3,70c067cf-cae4-4e06-bddc-60cfd11edb85,POR,PHI,Away,98,126,0
Jabari Walker,1,24.4,4,9,0.444,1,3,0.333,3,3,1.0,3,4,7,1,4,1,2,4,12,5.0,0.581,0.5,0.333,0.333,10.9,20.2,14.8,7.0,7.8,3.6,16.2,20.4,110.0,110.0,4.4,70c067cf-cae4-4e06-bddc-60cfd11edb85,POR,PHI,Away,98,126,0
Kris Murray,1,5.783333333333333,0,1,0.0,0,1,0.0,0,0,0.0,0,0,0,0,1,0,0,1,0,-8.0,0.0,0.0,1.0,0.0,0.0,0.0,0.0,0.0,8.2,0.0,0.0,7.0,0.0,117.0,-8.8,70c067cf-cae4-4e06-bddc-60cfd11edb85,POR,PHI,Away,98,126,0
Skylar Mays,1,4.65,0,2,0.0,0,1,0.0,0,0,0.0,0,0,0,1,0,0,1,0,0,-7.0,0.0,0.0,0.5,0.0,0.0,0.0,0.0,28.7,0.0,0.0,33.3,26.1,16.0,135.0,-29.2,70c067cf-cae4-4e06-bddc-60cfd11edb85,POR,PHI,Away,98,126,0
Rayan Rupert,1,4.65,0,1,0.0,0,1,0.0,0,0,0.0,0,0,0,0,0,0,0,0,0,-7.0,0.0,0.0,1.0,0.0,0.0,0.0,0.0,0.0,0.0,0.0,0.0,8.7,0.0,135.0,-17.3,70c067cf-cae4-4e06-bddc-60cfd11edb85,POR,PHI,Away,98,126,0
Moses Brown,0,0.0,0,0,0.0,0,0,0.0,0,0,0.0,0,0,0,0,0,0,0,0,0,0.0,0.0,0.0,0.0,0.0,0.0,0.0,0.0,0.0,0.0,0.0,0.0,0.0,0.0,0.0,0.0,70c067cf-cae4-4e06-bddc-60cfd11edb85,POR,PHI,Away,98,126,0
Shaedon Sharpe,1,38.21666666666667,4,10,0.4,2,5,0.4,4,4,1.0,2,3,5,3,1,2,4,3,14,4.0,0.595,0.5,0.5,0.4,5.5,7.2,6.4,11.4,1.4,3.9,25.4,18.7,103.0,100.0,-0.7,6bccb6b4-0be5-4cda-b4be-5e107f0762b5,POR,TOR,Away,99,91,1
Jerami Grant,1,37.11666666666667,8,18,0.444,2,8,0.25,4,4,1.0,1,5,6,0,1,1,2,2,22,8.0,0.557,0.5,0.444,0.222,2.8,12.4,7.9,0.0,1.4,2.0,9.2,26.6,108.0,99.0,-0.7,6bccb6b4-0be5-4cda-b4be-5e107f0762b5,POR,TOR,Away,99,91,1
Scoot Henderson,1,34.416666666666664,4,12,0.333,0,6,0.0,3,4,0.75,0,4,4,7,2,0,4,6,11,1.0,0.4,0.333,0.5,0.333,0.0,10.7,5.7,30.1,3.0,0.0,22.5,23.5,84.0,97.0,-8.3,6bccb6b4-0be5-4cda-b4be-5e107f0762b5,POR,TOR,Away,99,91,1
Deandre Ayton,1,32.016666666666666,5,9,0.556,0,0,0.0,0,0,0.0,7,16,23,2,1,2,1,1,10,7.0,0.556,0.556,0.0,0.0,22.8,46.1,35.2,9.8,1.6,4.6,10.0,14.2,131.0,83.0,6.1,6bccb6b4-0be5-4cda-b4be-5e107f0762b5,POR,TOR,Away,99,91,1
Matisse Thybulle,1,18.866666666666667,3,4,0.75,3,4,0.75,0,0,0.0,0,0,0,2,0,0,0,1,9,-5.0,1.125,1.125,1.0,0.0,0.0,0.0,0.0,16.8,0.0,0.0,0.0,9.6,222.0,108.0,10.9,6bccb6b4-0be5-4cda-b4be-5e107f0762b5,POR,TOR,Away,99,91,1
Malcolm Brogdon,1,29.4,9,21,0.429,3,7,0.429,0,1,0.0,1,2,3,5,0,0,1,2,21,9.0,0.49,0.5,0.333,0.048,3.5,6.3,5.0,35.0,0.0,0.0,4.5,34.7,110.0,105.0,2.1,6bccb6b4-0be5-4cda-b4be-5e107f0762b5,POR,TOR,Away,99,91,1
Toumani Camara,1,23.35,1,4,0.25,0,2,0.0,1,2,0.5,2,5,7,0,0,1,1,2,3,12.0,0.307,0.25,0.5,0.5,8.9,19.8,14.7,0.0,0.0,3.2,17.0,11.4,73.0,98.0,-8.7,6bccb6b4-0be5-4cda-b4be-5e107f0762b5,POR,TOR,Away,99,91,1
Jabari Walker,1,15.983333333333333,2,3,0.667,0,0,0.0,0,0,0.0,0,3,3,0,0,1,1,2,4,1.0,0.667,0.667,0.0,0.0,0.0,17.3,9.2,0.0,0.0,4.6,25.0,11.4,93.0,98.0,-5.4,6bccb6b4-0be5-4cda-b4be-5e107f0762b5,POR,TOR,Away,99,91,1
Skylar Mays,1,10.633333333333333,2,4,0.5,1,3,0.333,0,0,0.0,0,0,0,1,1,0,0,0,5,3.0,0.625,0.625,0.75,0.0,0.0,0.0,0.0,15.6,4.9,0.0,0.0,17.1,138.0,98.0,8.1,6bccb6b4-0be5-4cda-b4be-5e107f0762b5,POR,TOR,Away,99,91,1
Moses Brown,0,0.0,0,0,0.0,0,0,0.0,0,0,0.0,0,0,0,0,0,0,0,0,0,0.0,0.0,0.0,0.0,0.0,0.0,0.0,0.0,0.0,0.0,0.0,0.0,0.0,0.0,0.0,0.0,6bccb6b4-0be5-4cda-b4be-5e107f0762b5,POR,TOR,Away,99,91,1
Justin Minaya,0,0.0,0,0,0.0,0,0,0.0,0,0,0.0,0,0,0,0,0,0,0,0,0,0.0,0.0,0.0,0.0,0.0,0.0,0.0,0.0,0.0,0.0,0.0,0.0,0.0,0.0,0.0,0.0,6bccb6b4-0be5-4cda-b4be-5e107f0762b5,POR,TOR,Away,99,91,1
Kris Murray,0,0.0,0,0,0.0,0,0,0.0,0,0,0.0,0,0,0,0,0,0,0,0,0,0.0,0.0,0.0,0.0,0.0,0.0,0.0,0.0,0.0,0.0,0.0,0.0,0.0,0.0,0.0,0.0,6bccb6b4-0be5-4cda-b4be-5e107f0762b5,POR,TOR,Away,99,91,1
Rayan Rupert,0,0.0,0,0,0.0,0,0,0.0,0,0,0.0,0,0,0,0,0,0,0,0,0,0.0,0.0,0.0,0.0,0.0,0.0,0.0,0.0,0.0,0.0,0.0,0.0,0.0,0.0,0.0,0.0,6bccb6b4-0be5-4cda-b4be-5e107f0762b5,POR,TOR,Away,99,91,1
Shaedon Sharpe,1,42.03333333333333,9,16,0.563,3,6,0.5,8,10,0.8,2,5,7,5,1,2,2,1,29,3.0,0.711,0.656,0.375,0.625,5.9,13.3,9.7,20.6,1.1,3.7,8.9,22.7,137.0,99.0,9.1,a38ee21f-4b45-45c1-8239-13302459efb5,POR,DET,Away,110,101,1
Jerami Grant,1,38.06666666666667,7,16,0.438,2,4,0.5,8,10,0.8,0,1,1,0,1,0,4,4,24,15.0,0.588,0.5,0.25,0.625,0.0,2.9,1.5,0.0,1.2,0.0,16.4,27.3,98.0,103.0,-7.5,a38ee21f-4b45-45c1-8239-13302459efb5,POR,DET,Away,110,101,1
Deandre Ayton,1,33.733333333333334,8,13,0.615,0,0,0.0,0,0,0.0,1,10,11,1,5,1,2,0,16,5.0,0.615,0.615,0.0,0.0,3.6,33.1,19.1,5.3,6.8,2.3,13.3,19.0,105.0,84.0,5.2,a38ee21f-4b45-45c1-8239-13302459efb5,POR,DET,Away,110,101,1
Scoot Henderson,1,20.166666666666668,4,10,0.4,1,3,0.333,2,2,1.0,0,0,0,7,0,0,3,2,11,-11.0,0.506,0.45,0.3,0.2,0.0,0.0,0.0,58.5,0.0,0.0,21.6,29.4,98.0,107.0,-4.6,a38ee21f-4b45-45c1-8239-13302459efb5,POR,DET,Away,110,101,1
Matisse Thybulle,1,17.416666666666668,0,3,0.0,0,3,0.0,0,0,0.0,0,1,1,1,1,0,0,1,0,-3.0,0.0,0.0,1.0,0.0,0.0,6.4,3.4,7.3,2.7,0.0,0.0,7.3,21.0,100.0,-9.7,a38ee21f-4b45-45c1-8239-13302459efb5,POR,DET,Away,110,101,1
Toumani Camara,1,25.916666666666668,2,3,0.667,0,0,0.0,3,3,1.0,2,5,7,0,1,1,1,2,7,6.0,0.81,0.667,0.0,1.0,9.5,21.5,15.8,0.0,1.8,3.0,18.8,8.8,143.0,96.0,0.2,a38ee21f-4b45-45c1-8239-13302459efb5,POR,DET,Away,110,101,1
Malcolm Brogdon,1,25.45,5,11,0.455,1,4,0.25,3,4,0.75,1,5,6,6,1,0,2,1,14,17.0,0.549,0.5,0.364,0.364,4.8,21.9,13.8,39.6,1.8,0.0,13.6,24.7,112.0,99.0,2.1,a38ee21f-4b45-45c1-8239-13302459efb5,POR,DET,Away,110,101,1
Robert Williams,1,18.933333333333334,2,4,0.5,0,0,0.0,2,2,1.0,0,8,8,1,0,3,1,4,6,10.0,0.615,0.5,0.0,0.5,0.0,47.2,24.7,7.7,0.0,12.5,17.0,13.2,108.0,87.0,0.1,a38ee21f-4b45-45c1-8239-13302459efb5,POR,DET,Away,110,101,1
Jabari Walker,1,9.933333333333334,0,2,0.0,0,0,0.0,1,2,0.5,0,2,2,0,0,0,1,0,1,-6.0,0.174,0.0,0.0,1.0,0.0,22.5,11.8,0.0,0.0,0.0,25.8,16.7,28.0,103.0,-17.7,a38ee21f-4b45-45c1-8239-13302459efb5,POR,DET,Away,110,101,1
Skylar Mays,1,8.35,1,3,0.333,0,0,0.0,0,0,0.0,1,0,1,2,0,0,1,0,2,9.0,0.333,0.333,0.0,0.0,14.7,0.0,7.0,35.6,0.0,0.0,25.0,20.4,83.0,107.0,-9.0,a38ee21f-4b45-45c1-8239-13302459efb5,POR,DET,Away,110,101,1
Moses Brown,0,0.0,0,0,0.0,0,0,0.0,0,0,0.0,0,0,0,0,0,0,0,0,0,0.0,0.0,0.0,0.0,0.0,0.0,0.0,0.0,0.0,0.0,0.0,0.0,0.0,0.0,0.0,0.0,a38ee21f-4b45-45c1-8239-13302459efb5,POR,DET,Away,110,101,1
Kris Murray,0,0.0,0,0,0.0,0,0,0.0,0,0,0.0,0,0,0,0,0,0,0,0,0,0.0,0.0,0.0,0.0,0.0,0.0,0.0,0.0,0.0,0.0,0.0,0.0,0.0,0.0,0.0,0.0,a38ee21f-4b45-45c1-8239-13302459efb5,POR,DET,Away,110,101,1
Rayan Rupert,0,0.0,0,0,0.0,0,0,0.0,0,0,0.0,0,0,0,0,0,0,0,0,0,0.0,0.0,0.0,0.0,0.0,0.0,0.0,0.0,0.0,0.0,0.0,0.0,0.0,0.0,0.0,0.0,a38ee21f-4b45-45c1-8239-13302459efb5,POR,DET,Away,110,101,1
Shaedon Sharpe,1,46.43333333333333,7,17,0.412,2,5,0.4,6,7,0.857,1,4,5,2,1,1,3,2,22,-1.0,0.548,0.471,0.294,0.412,2.0,10.9,5.8,7.4,1.0,1.9,13.0,20.9,105.0,108.0,-2.8,bffcf949-4f5c-485c-bc8c-dce2bf395ce6,POR,MEM,Home,115,113,1
Malcolm Brogdon,1,44.35,6,19,0.316,2,9,0.222,10,12,0.833,0,7,7,10,3,0,4,1,24,14.0,0.494,0.368,0.474,0.632,0.0,19.9,8.5,37.5,3.3,0.0,14.1,26.9,105.0,103.0,2.5,bffcf949-4f5c-485c-bc8c-dce2bf395ce6,POR,MEM,Home,115,113,1
Jerami Grant,1,43.73333333333333,9,23,0.391,3,7,0.429,5,9,0.556,2,6,8,3,0,1,3,0,26,9.0,0.482,0.457,0.304,0.391,4.3,17.3,9.9,12.9,0.0,2.0,10.0,28.9,98.0,109.0,-2.2,bffcf949-4f5c-485c-bc8c-dce2bf395ce6,POR,MEM,Home,115,113,1
Deandre Ayton,1,36.266666666666666,7,11,0.636,0,0,0.0,2,2,1.0,4,8,12,2,3,1,1,4,16,10.0,0.673,0.636,0.0,0.182,10.4,27.8,17.9,10.2,4.0,2.4,7.8,15.0,139.0,98.0,4.8,bffcf949-4f5c-485c-bc8c-dce2bf395ce6,POR,MEM,Home,115,113,1
Matisse Thybulle,1,18.5,2,4,0.5,1,3,0.333,0,0,0.0,0,0,0,0,0,2,0,1,5,-3.0,0.625,0.625,0.75,0.0,0.0,0.0,0.0,0.0,0.0,9.4,0.0,9.1,129.0,105.0,0.8,bffcf949-4f5c-485c-bc8c-dce2bf395ce6,POR,MEM,Home,115,113,1
Toumani Camara,1,31.48333333333333,2,8,0.25,0,3,0.0,1,1,1.0,3,0,3,1,2,0,1,4,5,2.0,0.296,0.25,0.375,0.125,9.0,0.0,5.2,4.7,3.1,0.0,10.6,12.6,79.0,106.0,-9.1,bffcf949-4f5c-485c-bc8c-dce2bf395ce6,POR,MEM,Home,115,113,1
Robert Williams,1,19.75,3,4,0.75,0,0,0.0,2,3,0.667,4,6,10,0,2,1,1,1,8,-5.0,0.752,0.75,0.0,0.75,19.2,38.3,27.4,0.0,4.9,4.4,15.8,13.5,141.0,93.0,6.1,bffcf949-4f5c-485c-bc8c-dce2bf395ce6,POR,MEM,Home,115,113,1
Skylar Mays,1,15.216666666666669,3,8,0.375,1,5,0.2,2,2,1.0,0,1,1,1,1,0,1,0,9,-9.0,0.507,0.438,0.625,0.25,0.0,8.3,3.6,12.2,3.2,0.0,10.1,27.3,100.0,105.0,-0.9,bffcf949-4f5c-485c-bc8c-dce2bf395ce6,POR,MEM,Home,115,113,1
Jabari Walker,1,9.266666666666667,0,2,0.0,0,0,0.0,0,0,0.0,1,3,4,0,0,1,0,2,0,-7.0,0.0,0.0,0.0,0.0,10.2,40.9,23.3,0.0,0.0,9.4,0.0,9.1,36.0,99.0,-12.6,bffcf949-4f5c-485c-bc8c-dce2bf395ce6,POR,MEM,Home,115,113,1
Moses Brown,0,0.0,0,0,0.0,0,0,0.0,0,0,0.0,0,0,0,0,0,0,0,0,0,0.0,0.0,0.0,0.0,0.0,0.0,0.0,0.0,0.0,0.0,0.0,0.0,0.0,0.0,0.0,0.0,bffcf949-4f5c-485c-bc8c-dce2bf395ce6,POR,MEM,Home,115,113,1
Justin Minaya,0,0.0,0,0,0.0,0,0,0.0,0,0,0.0,0,0,0,0,0,0,0,0,0,0.0,0.0,0.0,0.0,0.0,0.0,0.0,0.0,0.0,0.0,0.0,0.0,0.0,0.0,0.0,0.0,bffcf949-4f5c-485c-bc8c-dce2bf395ce6,POR,MEM,Home,115,113,1
Kris Murray,0,0.0,0,0,0.0,0,0,0.0,0,0,0.0,0,0,0,0,0,0,0,0,0,0.0,0.0,0.0,0.0,0.0,0.0,0.0,0.0,0.0,0.0,0.0,0.0,0.0,0.0,0.0,0.0,bffcf949-4f5c-485c-bc8c-dce2bf395ce6,POR,MEM,Home,115,113,1
Rayan Rupert,0,0.0,0,0,0.0,0,0,0.0,0,0,0.0,0,0,0,0,0,0,0,0,0,0.0,0.0,0.0,0.0,0.0,0.0,0.0,0.0,0.0,0.0,0.0,0.0,0.0,0.0,0.0,0.0,bffcf949-4f5c-485c-bc8c-dce2bf395ce6,POR,MEM,Home,115,113,1
Shaedon Sharpe,1,40.71666666666667,7,15,0.467,3,8,0.375,1,3,0.333,1,7,8,3,1,1,3,1,18,-16.0,0.551,0.567,0.533,0.2,2.1,20.1,9.8,12.3,1.2,2.1,15.5,19.7,100.0,116.0,-2.0,b0943a81-7f9c-4b30-90e8-5e8ad6db99ec,POR,MEM,Home,100,112,0
Malcolm Brogdon,1,39.03333333333333,6,20,0.3,2,8,0.25,4,4,1.0,3,4,7,11,1,0,1,2,18,-17.0,0.414,0.35,0.4,0.2,6.7,12.0,9.0,45.7,1.3,0.0,4.4,24.2,114.0,119.0,1.0,b0943a81-7f9c-4b30-90e8-5e8ad6db99ec,POR,MEM,Home,100,112,0
Jerami Grant,1,37.766666666666666,10,22,0.455,4,13,0.308,3,4,0.75,2,1,3,3,0,0,2,3,27,-22.0,0.568,0.545,0.591,0.182,4.6,3.1,4.0,15.7,0.0,0.0,7.8,28.3,115.0,123.0,-0.1,b0943a81-7f9c-4b30-90e8-5e8ad6db99ec,POR,MEM,Home,100,112,0
Deandre Ayton,1,35.03333333333333,3,9,0.333,0,0,0.0,0,0,0.0,2,9,11,0,2,1,3,4,6,-18.0,0.333,0.333,0.0,0.0,5.0,30.1,15.7,0.0,2.8,2.4,25.0,14.2,59.0,109.0,-13.0,b0943a81-7f9c-4b30-90e8-5e8ad6db99ec,POR,MEM,Home,100,112,0
Matisse Thybulle,1,19.316666666666663,2,3,0.667,2,3,0.667,0,0,0.0,0,3,3,1,1,2,1,1,6,0.0,1.0,1.0,1.0,0.0,0.0,18.2,7.8,7.8,2.5,8.7,25.0,8.6,134.0,108.0,7.0,b0943a81-7f9c-4b30-90e8-5e8ad6db99ec,POR,MEM,Home,100,112,0
Toumani Camara,1,24.48333333333333,3,5,0.6,2,3,0.667,0,0,0.0,3,3,6,2,1,0,3,1,8,-4.0,0.8,0.8,0.6,0.0,10.7,14.3,12.3,12.6,2.0,0.0,37.5,13.6,107.0,117.0,-0.6,b0943a81-7f9c-4b30-90e8-5e8ad6db99ec,POR,MEM,Home,100,112,0
Skylar Mays,1,16.25,2,9,0.222,1,5,0.2,2,2,1.0,0,1,1,2,2,0,0,3,7,9.0,0.354,0.278,0.556,0.222,0.0,7.2,3.1,19.0,6.0,0.0,0.0,25.2,92.0,109.0,-4.5,b0943a81-7f9c-4b30-90e8-5e8ad6db99ec,POR,MEM,Home,100,112,0
Jabari Walker,1,16.25,2,9,0.222,0,5,0.0,1,1,1.0,3,2,5,1,3,1,0,2,5,4.0,0.265,0.222,0.556,0.111,16.1,14.4,15.4,9.5,9.1,5.2,0.0,24.1,82.0,97.0,-2.8,b0943a81-7f9c-4b30-90e8-5e8ad6db99ec,POR,MEM,Home,100,112,0
Robert Williams,1,11.15,2,3,0.667,0,0,0.0,1,1,1.0,2,1,3,0,0,0,1,4,5,4.0,0.727,0.667,0.0,0.333,15.7,10.5,13.5,0.0,0.0,0.0,22.5,16.5,121.0,121.0,-11.4,b0943a81-7f9c-4b30-90e8-5e8ad6db99ec,POR,MEM,Home,100,112,0
Moses Brown,0,0.0,0,0,0.0,0,0,0.0,0,0,0.0,0,0,0,0,0,0,0,0,0,0.0,0.0,0.0,0.0,0.0,0.0,0.0,0.0,0.0,0.0,0.0,0.0,0.0,0.0,0.0,0.0,b0943a81-7f9c-4b30-90e8-5e8ad6db99ec,POR,MEM,Home,100,112,0
Justin Minaya,0,0.0,0,0,0.0,0,0,0.0,0,0,0.0,0,0,0,0,0,0,0,0,0,0.0,0.0,0.0,0.0,0.0,0.0,0.0,0.0,0.0,0.0,0.0,0.0,0.0,0.0,0.0,0.0,b0943a81-7f9c-4b30-90e8-5e8ad6db99ec,POR,MEM,Home,100,112,0
Kris Murray,0,0.0,0,0,0.0,0,0,0.0,0,0,0.0,0,0,0,0,0,0,0,0,0,0.0,0.0,0.0,0.0,0.0,0.0,0.0,0.0,0.0,0.0,0.0,0.0,0.0,0.0,0.0,0.0,b0943a81-7f9c-4b30-90e8-5e8ad6db99ec,POR,MEM,Home,100,112,0
Rayan Rupert,0,0.0,0,0,0.0,0,0,0.0,0,0,0.0,0,0,0,0,0,0,0,0,0,0.0,0.0,0.0,0.0,0.0,0.0,0.0,0.0,0.0,0.0,0.0,0.0,0.0,0.0,0.0,0.0,b0943a81-7f9c-4b30-90e8-5e8ad6db99ec,POR,MEM,Home,100,112,0
Jerami Grant,1,45.75,12,25,0.48,5,8,0.625,9,12,0.75,1,8,9,5,0,3,4,2,38,7.0,0.627,0.58,0.32,0.48,2.8,21.1,12.1,19.2,0.0,6.7,11.7,33.7,115.0,112.0,6.5,a1b3595f-255b-4218-96e3-53b8c0d34765,POR,SAC,Away,118,121,0
Deandre Ayton,1,41.266666666666666,9,14,0.643,0,0,0.0,0,0,0.0,1,9,10,2,0,0,2,5,18,7.0,0.643,0.643,0.0,0.0,3.1,26.3,14.9,7.9,0.0,0.0,12.5,17.5,113.0,112.0,-3.4,a1b3595f-255b-4218-96e3-53b8c0d34765,POR,SAC,Away,118,121,0
Shaedon Sharpe,1,39.96666666666667,5,14,0.357,1,5,0.2,7,8,0.875,0,1,1,3,1,0,4,6,18,2.0,0.514,0.393,0.357,0.571,0.0,3.0,1.5,10.6,1.2,0.0,18.6,24.2,91.0,118.0,-9.5,a1b3595f-255b-4218-96e3-53b8c0d34765,POR,SAC,Away,118,121,0
Matisse Thybulle,1,33.8,4,8,0.5,1,4,0.25,4,5,0.8,1,1,2,1,4,0,2,1,13,-2.0,0.637,0.563,0.5,0.625,3.7,3.6,3.6,4.2,5.8,0.0,16.4,16.2,111.0,108.0,2.7,a1b3595f-255b-4218-96e3-53b8c0d34765,POR,SAC,Away,118,121,0
Malcolm Brogdon,1,5.05,2,3,0.667,1,2,0.5,0,0,0.0,0,1,1,1,0,0,0,1,5,1.0,0.833,0.833,0.667,0.0,0.0,23.9,12.2,45.6,0.0,0.0,0.0,26.7,163.0,113.0,17.2,a1b3595f-255b-4218-96e3-53b8c0d34765,POR,SAC,Away,118,121,0
Skylar Mays,1,36.96666666666667,8,15,0.533,0,2,0.0,2,2,1.0,0,2,2,11,2,0,3,4,18,-8.0,0.567,0.533,0.133,0.133,0.0,6.5,3.3,48.5,2.6,0.0,15.9,23.0,115.0,113.0,0.8,a1b3595f-255b-4218-96e3-53b8c0d34765,POR,SAC,Away,118,121,0
Toumani Camara,1,25.35,1,2,0.5,0,0,0.0,0,0,0.0,1,3,4,1,3,0,1,3,2,7.0,0.5,0.5,0.0,0.0,5.0,14.3,9.7,5.0,5.8,0.0,33.3,5.3,92.0,104.0,-0.9,a1b3595f-255b-4218-96e3-53b8c0d34765,POR,SAC,Away,118,121,0
Jabari Walker,1,14.683333333333334,1,2,0.5,0,1,0.0,0,0,0.0,0,2,2,1,0,0,1,4,2,-12.0,0.5,0.5,0.5,0.0,0.0,16.4,8.4,8.9,0.0,0.0,33.3,9.2,76.0,115.0,-10.6,a1b3595f-255b-4218-96e3-53b8c0d34765,POR,SAC,Away,118,121,0
Kris Murray,1,9.1,0,1,0.0,0,0,0.0,0,0,0.0,0,0,0,0,0,1,0,1,0,-5.0,0.0,0.0,0.0,0.0,0.0,0.0,0.0,0.0,0.0,11.2,0.0,4.9,0.0,117.0,-7.7,a1b3595f-255b-4218-96e3-53b8c0d34765,POR,SAC,Away,118,121,0
Justin Minaya,1,7.583333333333333,0,0,0.0,0,0,0.0,0,0,0.0,1,1,2,0,0,0,1,1,0,-4.0,0.0,0.0,0.0,0.0,16.6,15.9,16.3,0.0,0.0,0.0,100.0,5.9,60.0,116.0,-10.7,a1b3595f-255b-4218-96e3-53b8c0d34765,POR,SAC,Away,118,121,0
Moses Brown,1,5.45,2,3,0.667,0,0,0.0,0,2,0.0,2,1,3,1,0,1,0,1,4,-8.0,0.515,0.667,0.0,0.667,46.3,22.1,33.9,39.6,0.0,18.7,0.0,32.0,126.0,106.0,10.3,a1b3595f-255b-4218-96e3-53b8c0d34765,POR,SAC,Away,118,121,0
Rayan Rupert,0,0.0,0,0,0.0,0,0,0.0,0,0,0.0,0,0,0,0,0,0,0,0,0,0.0,0.0,0.0,0.0,0.0,0.0,0.0,0.0,0.0,0.0,0.0,0.0,0.0,0.0,0.0,0.0,a1b3595f-255b-4218-96e3-53b8c0d34765,POR,SAC,Away,118,121,0
Shaedon Sharpe,1,42.18333333333333,7,15,0.467,3,6,0.5,2,2,1.0,0,3,3,4,0,0,7,4,19,-10.0,0.598,0.567,0.4,0.133,0.0,8.5,4.3,12.3,0.0,0.0,30.6,23.9,84.0,120.0,-9.3,748184aa-8a7b-43ff-978c-960cd97a5138,POR,LAL,Away,110,116,0
Jerami Grant,1,40.78333333333333,8,17,0.471,3,6,0.5,4,5,0.8,0,5,5,1,0,1,2,3,23,-15.0,0.599,0.559,0.353,0.294,0.0,14.7,7.4,3.3,0.0,1.8,9.4,22.9,105.0,117.0,-3.8,748184aa-8a7b-43ff-978c-960cd97a5138,POR,LAL,Away,110,116,0
Deandre Ayton,1,33.93333333333333,6,10,0.6,0,0,0.0,0,0,0.0,0,7,7,0,0,2,2,2,12,-17.0,0.6,0.6,0.0,0.0,0.0,24.8,12.5,0.0,0.0,4.4,16.7,15.6,90.0,113.0,-6.1,748184aa-8a7b-43ff-978c-960cd97a5138,POR,LAL,Away,110,116,0
Skylar Mays,1,32.68333333333333,7,13,0.538,0,4,0.0,1,2,0.5,0,4,4,12,0,0,1,2,15,-1.0,0.54,0.538,0.308,0.154,0.0,14.7,7.4,50.8,0.0,0.0,6.7,20.1,128.0,119.0,0.8,748184aa-8a7b-43ff-978c-960cd97a5138,POR,LAL,Away,110,116,0
Matisse Thybulle,1,19.916666666666668,5,9,0.556,4,8,0.5,0,0,0.0,0,2,2,3,1,2,0,2,14,-6.0,0.778,0.778,0.889,0.0,0.0,12.1,6.1,21.9,2.4,7.4,0.0,19.9,151.0,107.0,18.2,748184aa-8a7b-43ff-978c-960cd97a5138,POR,LAL,Away,110,116,0
Toumani Camara,1,23.5,1,3,0.333,0,2,0.0,0,0,0.0,4,2,6,2,0,1,2,5,2,0.0,0.333,0.333,0.667,0.0,20.9,10.2,15.5,9.5,0.0,3.1,40.0,9.4,97.0,116.0,-8.3,748184aa-8a7b-43ff-978c-960cd97a5138,POR,LAL,Away,110,116,0
Jabari Walker,1,17.566666666666666,4,7,0.571,0,2,0.0,0,0,0.0,0,4,4,1,1,1,0,3,8,7.0,0.571,0.571,0.286,0.0,0.0,27.3,13.8,8.0,2.7,4.2,0.0,17.6,114.0,107.0,0.9,748184aa-8a7b-43ff-978c-960cd97a5138,POR,LAL,Away,110,116,0
Duop Reath,1,14.066666666666666,4,10,0.4,3,8,0.375,0,0,0.0,0,3,3,3,0,1,0,3,11,11.0,0.55,0.55,0.8,0.0,0.0,25.6,13.0,32.7,0.0,5.2,0.0,31.3,116.0,112.0,9.5,748184aa-8a7b-43ff-978c-960cd97a5138,POR,LAL,Away,110,116,0
Jamaree Bouyea,1,12.366666666666667,3,6,0.5,0,1,0.0,0,0,0.0,1,3,4,3,0,0,1,0,6,-3.0,0.5,0.5,0.167,0.0,10.0,29.1,19.7,34.9,0.0,0.0,14.3,24.9,106.0,117.0,-0.6,748184aa-8a7b-43ff-978c-960cd97a5138,POR,LAL,Away,110,116,0
Kris Murray,1,3.0,0,0,0.0,0,0,0.0,0,0,0.0,0,0,0,0,0,0,0,1,0,4.0,0.0,0.0,0.0,0.0,0.0,0.0,0.0,0.0,0.0,0.0,0.0,0.0,0.0,120.0,-13.0,748184aa-8a7b-43ff-978c-960cd97a5138,POR,LAL,Away,110,116,0
Moses Brown,0,0.0,0,0,0.0,0,0,0.0,0,0,0.0,0,0,0,0,0,0,0,0,0,0.0,0.0,0.0,0.0,0.0,0.0,0.0,0.0,0.0,0.0,0.0,0.0,0.0,0.0,0.0,0.0,748184aa-8a7b-43ff-978c-960cd97a5138,POR,LAL,Away,110,116,0
Justin Minaya,0,0.0,0,0,0.0,0,0,0.0,0,0,0.0,0,0,0,0,0,0,0,0,0,0.0,0.0,0.0,0.0,0.0,0.0,0.0,0.0,0.0,0.0,0.0,0.0,0.0,0.0,0.0,0.0,748184aa-8a7b-43ff-978c-960cd97a5138,POR,LAL,Away,110,116,0
Rayan Rupert,0,0.0,0,0,0.0,0,0,0.0,0,0,0.0,0,0,0,0,0,0,0,0,0,0.0,0.0,0.0,0.0,0.0,0.0,0.0,0.0,0.0,0.0,0.0,0.0,0.0,0.0,0.0,0.0,748184aa-8a7b-43ff-978c-960cd97a5138,POR,LAL,Away,110,116,0
Ish Wainright,0,0.0,0,0,0.0,0,0,0.0,0,0,0.0,0,0,0,0,0,0,0,0,0,0.0,0.0,0.0,0.0,0.0,0.0,0.0,0.0,0.0,0.0,0.0,0.0,0.0,0.0,0.0,0.0,748184aa-8a7b-43ff-978c-960cd97a5138,POR,LAL,Away,110,116,0
Shaedon Sharpe,1,40.98333333333333,4,16,0.25,2,10,0.2,7,10,0.7,2,6,8,7,2,0,3,3,17,-10.0,0.417,0.313,0.625,0.625,4.8,15.3,9.9,25.4,2.4,0.0,12.8,24.1,96.0,117.0,-3.0,fdb63e5f-c316-401b-80e7-c02d1c2c33c8,POR,UTA,Away,99,115,0
Deandre Ayton,1,34.46666666666667,10,17,0.588,0,0,0.0,2,2,1.0,5,5,10,3,0,0,2,1,22,-5.0,0.615,0.588,0.0,0.118,14.2,15.1,14.7,18.1,0.0,0.0,10.1,24.3,123.0,123.0,2.0,fdb63e5f-c316-401b-80e7-c02d1c2c33c8,POR,UTA,Away,99,115,0
Skylar Mays,1,31.2,3,8,0.375,0,1,0.0,0,0,0.0,0,5,5,10,0,2,2,1,6,1.0,0.375,0.375,0.125,0.0,0.0,16.7,8.1,47.5,0.0,5.9,20.0,13.5,100.0,119.0,-2.2,fdb63e5f-c316-401b-80e7-c02d1c2c33c8,POR,UTA,Away,99,115,0
Jerami Grant,1,27.35,10,17,0.588,3,6,0.5,3,4,0.75,0,2,2,1,0,1,2,3,26,-11.0,0.693,0.676,0.353,0.235,0.0,7.6,3.7,9.0,0.0,3.4,9.6,32.0,121.0,125.0,6.6,fdb63e5f-c316-401b-80e7-c02d1c2c33c8,POR,UTA,Away,99,115,0
Toumani Camara,1,25.633333333333333,3,6,0.5,2,4,0.5,1,2,0.5,2,3,5,1,0,2,2,2,9,-8.0,0.654,0.667,0.667,0.333,7.6,12.2,9.9,6.0,0.0,7.2,22.5,14.6,107.0,121.0,-0.9,fdb63e5f-c316-401b-80e7-c02d1c2c33c8,POR,UTA,Away,99,115,0
Matisse Thybulle,1,22.066666666666663,2,5,0.4,2,5,0.4,0,0,0.0,0,2,2,1,0,0,0,1,6,-13.0,0.6,0.6,1.0,0.0,0.0,9.5,4.6,6.7,0.0,0.0,0.0,9.6,129.0,126.0,-3.8,fdb63e5f-c316-401b-80e7-c02d1c2c33c8,POR,UTA,Away,99,115,0
Jabari Walker,1,21.45,5,7,0.714,2,3,0.667,0,0,0.0,2,6,8,0,2,1,0,0,12,-8.0,0.857,0.857,0.429,0.0,9.1,29.2,18.8,0.0,4.6,4.3,0.0,13.8,169.0,104.0,13.8,fdb63e5f-c316-401b-80e7-c02d1c2c33c8,POR,UTA,Away,99,115,0
Jamaree Bouyea,1,16.8,0,5,0.0,0,2,0.0,0,0,0.0,0,1,1,0,0,0,4,2,0,-17.0,0.0,0.0,0.4,0.0,0.0,6.2,3.0,0.0,0.0,0.0,44.4,22.6,0.0,127.0,-34.2,fdb63e5f-c316-401b-80e7-c02d1c2c33c8,POR,UTA,Away,99,115,0
Duop Reath,1,9.783333333333331,0,4,0.0,0,3,0.0,0,0,0.0,1,0,1,0,0,0,2,1,0,-5.0,0.0,0.0,0.75,0.0,10.0,0.0,5.2,0.0,0.0,0.0,33.3,25.9,11.0,130.0,-35.7,fdb63e5f-c316-401b-80e7-c02d1c2c33c8,POR,UTA,Away,99,115,0
Rayan Rupert,1,2.5666666666666664,0,2,0.0,0,0,0.0,1,2,0.5,0,0,0,0,0,0,0,0,1,-1.0,0.174,0.0,0.0,1.0,0.0,0.0,0.0,0.0,0.0,0.0,0.0,47.3,42.0,130.0,-35.2,fdb63e5f-c316-401b-80e7-c02d1c2c33c8,POR,UTA,Away,99,115,0
Justin Minaya,1,2.5666666666666664,0,0,0.0,0,0,0.0,0,0,0.0,1,0,1,0,0,0,0,0,0,-1.0,0.0,0.0,0.0,0.0,38.2,0.0,19.7,0.0,0.0,0.0,0.0,0.0,224.0,130.0,-1.5,fdb63e5f-c316-401b-80e7-c02d1c2c33c8,POR,UTA,Away,99,115,0
Kris Murray,1,2.5666666666666664,0,0,0.0,0,0,0.0,0,0,0.0,0,0,0,0,0,0,0,0,0,-1.0,0.0,0.0,0.0,0.0,0.0,0.0,0.0,0.0,0.0,0.0,0.0,0.0,0.0,130.0,-9.4,fdb63e5f-c316-401b-80e7-c02d1c2c33c8,POR,UTA,Away,99,115,0
Ish Wainright,1,2.5666666666666664,0,1,0.0,0,1,0.0,0,0,0.0,0,0,0,0,1,0,0,1,0,-1.0,0.0,0.0,1.0,0.0,0.0,0.0,0.0,0.0,19.4,0.0,0.0,16.4,0.0,84.0,-9.1,fdb63e5f-c316-401b-80e7-c02d1c2c33c8,POR,UTA,Away,99,115,0
Moses Brown,0,0.0,0,0,0.0,0,0,0.0,0,0,0.0,0,0,0,0,0,0,0,0,0,0.0,0.0,0.0,0.0,0.0,0.0,0.0,0.0,0.0,0.0,0.0,0.0,0.0,0.0,0.0,0.0,fdb63e5f-c316-401b-80e7-c02d1c2c33c8,POR,UTA,Away,99,115,0
Jerami Grant,1,32.46666666666667,7,17,0.412,1,6,0.167,2,2,1.0,0,3,3,2,2,0,3,2,17,4.0,0.475,0.441,0.353,0.118,0.0,15.3,5.8,12.5,3.1,0.0,14.4,28.1,82.0,113.0,-4.6,3889158b-518d-4226-8e57-e5f6e8bb2835,POR,CLE,Home,95,109,0
Skylar Mays,1,30.85,4,13,0.308,2,4,0.5,3,3,1.0,0,1,1,4,1,0,2,4,13,-13.0,0.454,0.385,0.308,0.231,0.0,5.4,2.0,22.4,1.6,0.0,12.3,23.1,89.0,118.0,-6.8,3889158b-518d-4226-8e57-e5f6e8bb2835,POR,CLE,Home,95,109,0
Shaedon Sharpe,1,26.7,2,12,0.167,1,5,0.2,6,7,0.857,3,4,7,5,0,0,0,3,11,-27.0,0.365,0.208,0.417,0.583,11.2,24.8,16.3,29.6,0.0,0.0,0.0,24.6,101.0,119.0,-2.2,3889158b-518d-4226-8e57-e5f6e8bb2835,POR,CLE,Home,95,109,0
Deandre Ayton,1,25.8,3,10,0.3,0,0,0.0,0,0,0.0,2,4,6,0,0,0,2,3,6,-14.0,0.3,0.3,0.0,0.0,7.8,25.7,14.5,0.0,0.0,0.0,16.7,20.3,58.0,119.0,-17.4,3889158b-518d-4226-8e57-e5f6e8bb2835,POR,CLE,Home,95,109,0
Toumani Camara,1,21.683333333333334,0,4,0.0,0,3,0.0,0,0,0.0,0,1,1,3,2,0,1,1,0,-12.0,0.0,0.0,0.75,0.0,0.0,7.6,2.9,19.5,4.6,0.0,20.0,10.1,32.0,111.0,-7.5,3889158b-518d-4226-8e57-e5f6e8bb2835,POR,CLE,Home,95,109,0
Matisse Thybulle,1,25.716666666666665,5,6,0.833,3,4,0.75,0,0,0.0,0,3,3,3,3,1,0,1,13,-4.0,1.083,1.083,0.667,0.0,0.0,19.3,7.3,22.7,5.9,4.1,0.0,10.2,207.0,104.0,19.9,3889158b-518d-4226-8e57-e5f6e8bb2835,POR,CLE,Home,95,109,0
Jabari Walker,1,22.85,4,7,0.571,3,4,0.75,1,2,0.5,1,2,3,1,0,2,2,2,12,-12.0,0.761,0.786,0.571,0.286,4.4,14.5,8.2,8.2,0.0,9.3,20.2,18.9,110.0,115.0,4.3,3889158b-518d-4226-8e57-e5f6e8bb2835,POR,CLE,Home,95,109,0
Duop Reath,1,19.666666666666668,6,10,0.6,2,5,0.4,2,2,1.0,2,0,2,3,0,0,1,2,16,0.0,0.735,0.7,0.5,0.2,10.2,0.0,6.3,37.8,0.0,0.0,8.4,26.3,138.0,122.0,12.4,3889158b-518d-4226-8e57-e5f6e8bb2835,POR,CLE,Home,95,109,0
Kris Murray,1,17.333333333333332,2,5,0.4,1,3,0.333,0,0,0.0,0,2,2,3,1,0,0,1,5,7.0,0.5,0.5,0.6,0.0,0.0,19.1,7.2,29.2,2.9,0.0,0.0,12.6,117.0,113.0,4.2,3889158b-518d-4226-8e57-e5f6e8bb2835,POR,CLE,Home,95,109,0
Jamaree Bouyea,1,9.333333333333334,1,6,0.167,0,3,0.0,0,0,0.0,0,2,2,0,0,0,0,1,2,1.0,0.167,0.167,0.5,0.0,0.0,35.5,13.4,0.0,0.0,0.0,0.0,28.0,35.0,117.0,-24.3,3889158b-518d-4226-8e57-e5f6e8bb2835,POR,CLE,Home,95,109,0
Justin Minaya,1,2.533333333333333,0,0,0.0,0,0,0.0,0,0,0.0,0,0,0,0,0,0,0,0,0,0.0,0.0,0.0,0.0,0.0,0.0,0.0,0.0,0.0,0.0,0.0,0.0,0.0,0.0,123.0,-8.3,3889158b-518d-4226-8e57-e5f6e8bb2835,POR,CLE,Home,95,109,0
Rayan Rupert,1,2.533333333333333,0,1,0.0,0,1,0.0,0,0,0.0,0,0,0,0,0,0,1,1,0,0.0,0.0,0.0,1.0,0.0,0.0,0.0,0.0,0.0,0.0,0.0,50.0,34.4,0.0,122.0,-50.1,3889158b-518d-4226-8e57-e5f6e8bb2835,POR,CLE,Home,95,109,0
Ish Wainright,1,2.533333333333333,0,0,0.0,0,0,0.0,0,0,0.0,0,0,0,0,0,0,0,0,0,0.0,0.0,0.0,0.0,0.0,0.0,0.0,0.0,0.0,0.0,0.0,0.0,0.0,0.0,123.0,-9.5,3889158b-518d-4226-8e57-e5f6e8bb2835,POR,CLE,Home,95,109,0
Moses Brown,0,0.0,0,0,0.0,0,0,0.0,0,0,0.0,0,0,0,0,0,0,0,0,0,0.0,0.0,0.0,0.0,0.0,0.0,0.0,0.0,0.0,0.0,0.0,0.0,0.0,0.0,0.0,0.0,3889158b-518d-4226-8e57-e5f6e8bb2835,POR,CLE,Home,95,109,0
Jerami Grant,1,39.53333333333333,8,20,0.4,4,9,0.444,4,4,1.0,0,4,4,3,1,0,1,0,24,-13.0,0.551,0.5,0.45,0.2,0.0,12.1,5.3,13.9,1.3,0.0,4.4,24.0,126.0,117.0,4.1,e0e209b0-9e8a-495e-b721-86b467adf103,POR,LAL,Home,95,107,0
Shaedon Sharpe,1,38.016666666666666,7,17,0.412,1,5,0.2,2,2,1.0,2,7,9,2,1,1,10,4,17,-5.0,0.475,0.441,0.294,0.118,4.9,22.1,12.4,9.3,1.3,2.4,35.9,30.6,68.0,112.0,-13.0,e0e209b0-9e8a-495e-b721-86b467adf103,POR,LAL,Home,95,107,0
Deandre Ayton,1,37.8,8,14,0.571,0,0,0.0,1,2,0.5,7,5,12,2,2,0,4,4,17,-7.0,0.571,0.571,0.0,0.143,17.1,15.9,16.6,9.8,2.7,0.0,21.2,20.9,106.0,112.0,-2.3,e0e209b0-9e8a-495e-b721-86b467adf103,POR,LAL,Home,95,107,0
Toumani Camara,1,35.86666666666667,3,8,0.375,1,6,0.167,3,5,0.6,2,4,6,0,2,1,1,3,10,-7.0,0.49,0.438,0.75,0.625,5.1,13.4,8.7,0.0,2.8,2.6,8.9,13.0,106.0,111.0,-2.7,e0e209b0-9e8a-495e-b721-86b467adf103,POR,LAL,Home,95,107,0
Skylar Mays,1,25.516666666666666,6,14,0.429,3,7,0.429,0,0,0.0,3,2,5,8,2,0,0,3,15,-10.0,0.536,0.536,0.5,0.0,10.9,9.4,10.2,60.9,4.0,0.0,0.0,22.9,146.0,111.0,15.7,e0e209b0-9e8a-495e-b721-86b467adf103,POR,LAL,Home,95,107,0
Matisse Thybulle,1,23.633333333333333,2,3,0.667,1,2,0.5,0,0,0.0,1,3,4,1,2,0,2,1,5,-9.0,0.833,0.833,0.667,0.0,3.9,15.2,8.8,6.4,4.3,0.0,40.0,8.8,102.0,109.0,0.6,e0e209b0-9e8a-495e-b721-86b467adf103,POR,LAL,Home,95,107,0
Jabari Walker,1,18.166666666666668,2,6,0.333,0,2,0.0,3,5,0.6,2,3,5,1,0,0,0,0,7,2.0,0.427,0.333,0.333,0.833,10.2,19.8,14.4,8.6,0.0,0.0,0.0,18.9,113.0,117.0,-2.6,e0e209b0-9e8a-495e-b721-86b467adf103,POR,LAL,Home,95,107,0
Duop Reath,1,10.2,0,5,0.0,0,4,0.0,0,0,0.0,1,1,2,0,0,0,0,1,0,-5.0,0.0,0.0,0.8,0.0,9.0,11.8,10.2,0.0,0.0,0.0,0.0,20.5,13.0,119.0,-25.9,e0e209b0-9e8a-495e-b721-86b467adf103,POR,LAL,Home,95,107,0
Kris Murray,1,5.483333333333333,0,2,0.0,0,2,0.0,0,0,0.0,1,0,1,0,1,0,0,1,0,-4.0,0.0,0.0,1.0,0.0,16.8,0.0,9.5,0.0,9.3,0.0,0.0,15.2,30.0,101.0,-10.4,e0e209b0-9e8a-495e-b721-86b467adf103,POR,LAL,Home,95,107,0
Justin Minaya,1,4.6,0,0,0.0,0,0,0.0,0,0,0.0,0,0,0,0,0,0,0,0,0,-2.0,0.0,0.0,0.0,0.0,0.0,0.0,0.0,0.0,0.0,0.0,0.0,0.0,0.0,123.0,-7.3,e0e209b0-9e8a-495e-b721-86b467adf103,POR,LAL,Home,95,107,0
Jamaree Bouyea,1,1.1833333333333331,0,0,0.0,0,0,0.0,0,0,0.0,0,0,0,0,0,0,0,0,0,0.0,0.0,0.0,0.0,0.0,0.0,0.0,0.0,0.0,0.0,0.0,0.0,0.0,0.0,123.0,-8.1,e0e209b0-9e8a-495e-b721-86b467adf103,POR,LAL,Home,95,107,0
Moses Brown,0,0.0,0,0,0.0,0,0,0.0,0,0,0.0,0,0,0,0,0,0,0,0,0,0.0,0.0,0.0,0.0,0.0,0.0,0.0,0.0,0.0,0.0,0.0,0.0,0.0,0.0,0.0,0.0,e0e209b0-9e8a-495e-b721-86b467adf103,POR,LAL,Home,95,107,0
Ish Wainright,1,0.0,0,0,0.0,0,0,0.0,0,0,0.0,0,0,0,0,0,0,0,0,0,0.0,0.0,0.0,0.0,0.0,0.0,0.0,0.0,0.0,0.0,0.0,0.0,0.0,0.0,0.0,0.0,e0e209b0-9e8a-495e-b721-86b467adf103,POR,LAL,Home,95,107,0
Jerami Grant,1,27.433333333333334,4,12,0.333,1,5,0.2,5,6,0.833,0,0,0,1,1,0,2,1,14,-25.0,0.478,0.375,0.417,0.5,0.0,0.0,0.0,6.5,1.9,0.0,12.0,26.2,94.0,148.0,-8.9,606f15a7-a707-424e-ba62-35ce328a0986,POR,OKC,Home,91,134,0
Skylar Mays,1,26.316666666666663,4,9,0.444,2,6,0.333,1,2,0.5,0,2,2,7,2,0,3,0,11,-37.0,0.557,0.556,0.667,0.222,0.0,13.0,4.9,47.8,3.9,0.0,23.3,21.1,103.0,141.0,1.0,606f15a7-a707-424e-ba62-35ce328a0986,POR,OKC,Home,91,134,0
Deandre Ayton,1,24.166666666666668,5,7,0.714,0,0,0.0,1,2,0.5,2,3,5,2,1,1,2,0,11,-26.0,0.698,0.714,0.0,0.286,8.6,21.3,13.4,16.5,2.1,4.4,20.2,17.6,116.0,141.0,1.3,606f15a7-a707-424e-ba62-35ce328a0986,POR,OKC,Home,91,134,0
Shaedon Sharpe,1,24.066666666666663,3,8,0.375,1,1,1.0,0,0,0.0,2,2,4,1,0,0,1,3,7,-20.0,0.438,0.438,0.125,0.0,8.7,14.2,10.8,7.1,0.0,0.0,11.1,16.1,93.0,150.0,-11.6,606f15a7-a707-424e-ba62-35ce328a0986,POR,OKC,Home,91,134,0
Toumani Camara,1,14.983333333333333,3,5,0.6,0,2,0.0,0,0,0.0,0,2,2,0,0,0,1,4,6,-15.0,0.6,0.6,0.4,0.0,0.0,22.9,8.7,0.0,0.0,0.0,16.7,17.3,94.0,148.0,-14.0,606f15a7-a707-424e-ba62-35ce328a0986,POR,OKC,Home,91,134,0
Jabari Walker,1,22.383333333333333,6,15,0.4,1,5,0.2,0,1,0.0,3,4,7,2,1,0,3,2,13,-21.0,0.421,0.433,0.333,0.067,14.0,30.6,20.3,20.3,2.3,0.0,16.3,35.5,82.0,141.0,-8.9,606f15a7-a707-424e-ba62-35ce328a0986,POR,OKC,Home,91,134,0
Kris Murray,1,20.916666666666668,2,4,0.5,1,2,0.5,3,4,0.75,1,1,2,0,1,0,1,3,8,-10.0,0.694,0.625,0.5,1.0,5.0,8.2,6.2,0.0,2.5,0.0,14.8,13.9,124.0,145.0,-5.1,606f15a7-a707-424e-ba62-35ce328a0986,POR,OKC,Home,91,134,0
Matisse Thybulle,1,19.416666666666668,1,3,0.333,0,2,0.0,0,0,0.0,0,1,1,2,2,0,0,0,2,-27.0,0.333,0.333,0.667,0.0,0.0,8.8,3.3,15.7,5.3,0.0,0.0,6.7,100.0,138.0,-2.9,606f15a7-a707-424e-ba62-35ce328a0986,POR,OKC,Home,91,134,0
Jamaree Bouyea,1,15.883333333333333,1,4,0.25,0,2,0.0,0,0,0.0,1,1,2,5,0,0,2,0,2,-6.0,0.25,0.25,0.5,0.0,6.6,10.8,8.2,48.8,0.0,0.0,33.3,16.3,75.0,151.0,-9.0,606f15a7-a707-424e-ba62-35ce328a0986,POR,OKC,Home,91,134,0
Justin Minaya,1,13.2,2,6,0.333,2,4,0.5,1,2,0.5,2,0,2,0,0,1,0,0,7,-7.0,0.509,0.5,0.667,0.333,15.8,0.0,9.8,0.0,0.0,8.1,0.0,22.5,117.0,149.0,1.8,606f15a7-a707-424e-ba62-35ce328a0986,POR,OKC,Home,91,134,0
Duop Reath,1,12.016666666666667,1,6,0.167,0,2,0.0,2,2,1.0,0,2,2,0,0,0,1,2,4,-9.0,0.291,0.167,0.333,0.333,0.0,28.5,10.8,0.0,0.0,0.0,12.7,28.3,59.0,147.0,-24.0,606f15a7-a707-424e-ba62-35ce328a0986,POR,OKC,Home,91,134,0
Rayan Rupert,1,12.0,1,5,0.2,1,3,0.333,1,2,0.5,1,0,1,1,1,0,1,0,4,-8.0,0.34,0.3,0.6,0.4,8.7,0.0,5.4,13.3,4.3,0.0,14.5,24.7,76.0,142.0,-7.6,606f15a7-a707-424e-ba62-35ce328a0986,POR,OKC,Home,91,134,0
Moses Brown,1,7.216666666666667,1,1,1.0,0,0,0.0,0,0,0.0,1,0,1,0,1,0,0,0,2,-4.0,1.0,1.0,0.0,0.0,14.5,0.0,9.0,0.0,7.1,0.0,0.0,6.0,205.0,135.0,3.6,606f15a7-a707-424e-ba62-35ce328a0986,POR,OKC,Home,91,134,0
Toumani Camara,1,38.56666666666667,2,4,0.5,0,2,0.0,3,4,0.75,0,4,4,0,1,0,1,4,7,-16.0,0.608,0.5,0.5,1.0,0.0,17.2,7.3,0.0,1.4,0.0,14.8,7.7,110.0,136.0,-8.3,d8533dd6-293c-445d-b18c-2813b15436ea,POR,PHO,Away,107,120,0
Jerami Grant,1,36.46666666666667,8,19,0.421,5,8,0.625,5,6,0.833,1,3,4,6,1,1,1,1,26,-7.0,0.601,0.553,0.421,0.316,3.4,13.6,7.7,28.8,1.5,2.2,4.4,27.4,137.0,135.0,10.2,d8533dd6-293c-445d-b18c-2813b15436ea,POR,PHO,Away,107,120,0
Shaedon Sharpe,1,32.31666666666667,3,13,0.231,0,5,0.0,4,4,1.0,1,2,3,0,1,0,4,3,10,-20.0,0.339,0.231,0.385,0.308,3.8,10.2,6.6,0.0,1.7,0.0,21.3,25.6,63.0,137.0,-20.4,d8533dd6-293c-445d-b18c-2813b15436ea,POR,PHO,Away,107,120,0
Deandre Ayton,1,30.766666666666666,9,14,0.643,0,0,0.0,0,0,0.0,6,2,8,4,1,1,2,1,18,-33.0,0.643,0.643,0.0,0.0,24.0,10.8,18.4,26.0,1.7,2.6,12.5,22.9,134.0,135.0,6.3,d8533dd6-293c-445d-b18c-2813b15436ea,POR,PHO,Away,107,120,0
Malcolm Brogdon,1,24.9,6,14,0.429,4,5,0.8,3,4,0.75,1,0,1,5,0,0,2,2,19,-3.0,0.603,0.571,0.357,0.286,4.9,0.0,2.8,36.5,0.0,0.0,11.3,31.5,126.0,143.0,4.7,d8533dd6-293c-445d-b18c-2813b15436ea,POR,PHO,Away,107,120,0
Matisse Thybulle,1,22.133333333333333,0,2,0.0,0,2,0.0,0,0,0.0,1,1,2,0,1,1,0,1,0,4.0,0.0,0.0,1.0,0.0,5.6,7.5,6.4,0.0,2.4,3.7,0.0,4.0,38.0,133.0,-6.8,d8533dd6-293c-445d-b18c-2813b15436ea,POR,PHO,Away,107,120,0
Skylar Mays,1,21.45,2,5,0.4,2,3,0.667,0,0,0.0,0,2,2,3,0,0,1,2,6,-13.0,0.6,0.6,0.6,0.0,0.0,15.4,6.6,20.0,0.0,0.0,16.7,12.3,122.0,139.0,-5.8,d8533dd6-293c-445d-b18c-2813b15436ea,POR,PHO,Away,107,120,0
Jabari Walker,1,14.133333333333333,3,6,0.5,0,2,0.0,2,2,1.0,0,3,3,0,0,0,1,5,8,-4.0,0.581,0.5,0.333,0.333,0.0,35.1,15.0,0.0,0.0,0.0,12.7,24.6,107.0,135.0,-13.3,d8533dd6-293c-445d-b18c-2813b15436ea,POR,PHO,Away,107,120,0
Duop Reath,1,12.65,4,6,0.667,2,3,0.667,0,0,0.0,1,0,1,1,2,0,0,1,10,15.0,0.833,0.833,0.5,0.0,9.7,0.0,5.6,16.6,8.5,0.0,0.0,20.9,174.0,124.0,22.4,d8533dd6-293c-445d-b18c-2813b15436ea,POR,PHO,Away,107,120,0
Kris Murray,1,1.65,1,2,0.5,1,1,1.0,0,0,0.0,0,0,0,0,0,0,0,0,3,3.0,0.75,0.75,0.5,0.0,0.0,0.0,0.0,0.0,0.0,0.0,0.0,53.5,140.0,143.0,32.9,d8533dd6-293c-445d-b18c-2813b15436ea,POR,PHO,Away,107,120,0
Jamaree Bouyea,1,1.65,0,0,0.0,0,0,0.0,0,0,0.0,0,1,1,0,0,0,1,0,0,3.0,0.0,0.0,0.0,0.0,0.0,100.0,42.8,0.0,0.0,0.0,100.0,26.7,0.0,119.0,-35.8,d8533dd6-293c-445d-b18c-2813b15436ea,POR,PHO,Away,107,120,0
Moses Brown,1,1.65,0,1,0.0,0,0,0.0,0,0,0.0,1,0,1,0,0,0,0,0,0,3.0,0.0,0.0,0.0,0.0,74.6,0.0,42.8,0.0,0.0,0.0,0.0,26.7,66.0,143.0,-30.4,d8533dd6-293c-445d-b18c-2813b15436ea,POR,PHO,Away,107,120,0
Rayan Rupert,1,1.65,0,1,0.0,0,0,0.0,0,0,0.0,0,0,0,1,1,0,0,0,0,3.0,0.0,0.0,0.0,0.0,0.0,0.0,0.0,76.6,32.6,0.0,0.0,26.7,63.0,69.0,28.4,d8533dd6-293c-445d-b18c-2813b15436ea,POR,PHO,Away,107,120,0
Jerami Grant,1,32.35,10,13,0.769,5,6,0.833,5,6,0.833,0,2,2,4,1,1,2,3,30,25.0,0.959,0.962,0.462,0.462,0.0,8.0,3.7,18.5,1.6,3.1,11.3,23.5,167.0,114.0,15.5,f3edaa07-8143-4c33-97dc-dbbce16b8dcb,POR,UTA,Home,121,105,1
Shaedon Sharpe,1,30.65,6,11,0.545,2,4,0.5,0,0,0.0,0,4,4,4,1,1,1,4,14,10.0,0.636,0.636,0.364,0.0,0.0,16.9,7.7,16.7,1.7,3.3,8.3,16.8,131.0,110.0,0.6,f3edaa07-8143-4c33-97dc-dbbce16b8dcb,POR,UTA,Home,121,105,1
Toumani Camara,1,27.9,4,8,0.5,2,4,0.5,2,2,1.0,3,4,7,3,0,1,2,2,12,15.0,0.676,0.625,0.5,0.25,11.7,18.6,14.9,12.9,0.0,3.6,18.4,16.8,131.0,113.0,0.7,f3edaa07-8143-4c33-97dc-dbbce16b8dcb,POR,UTA,Home,121,105,1
Malcolm Brogdon,1,23.866666666666667,9,16,0.563,1,5,0.2,1,1,1.0,1,3,4,8,1,0,0,0,20,12.0,0.608,0.594,0.313,0.063,4.6,16.3,9.9,55.7,2.1,0.0,0.0,29.6,150.0,111.0,12.9,f3edaa07-8143-4c33-97dc-dbbce16b8dcb,POR,UTA,Home,121,105,1
Duop Reath,1,20.183333333333334,3,5,0.6,2,4,0.5,0,0,0.0,0,4,4,1,0,1,1,2,8,5.0,0.8,0.8,0.8,0.0,0.0,25.7,11.7,6.0,0.0,5.0,16.7,12.8,129.0,110.0,-0.4,f3edaa07-8143-4c33-97dc-dbbce16b8dcb,POR,UTA,Home,121,105,1
Matisse Thybulle,1,31.633333333333333,5,9,0.556,3,6,0.5,0,1,0.0,1,0,1,2,3,2,3,2,13,24.0,0.689,0.722,0.667,0.111,3.4,0.0,1.9,7.7,4.8,6.3,24.1,16.9,105.0,108.0,3.4,f3edaa07-8143-4c33-97dc-dbbce16b8dcb,POR,UTA,Home,121,105,1
Jabari Walker,1,27.95,8,15,0.533,2,3,0.667,1,2,0.5,6,4,10,2,2,0,1,4,19,11.0,0.598,0.6,0.2,0.133,23.4,18.6,21.2,10.3,3.6,0.0,5.9,26.0,134.0,106.0,1.9,f3edaa07-8143-4c33-97dc-dbbce16b8dcb,POR,UTA,Home,121,105,1
Kris Murray,1,17.333333333333332,1,5,0.2,0,3,0.0,0,1,0.0,2,0,2,0,1,0,0,0,2,-9.0,0.184,0.2,0.6,0.2,12.6,0.0,6.8,0.0,2.9,0.0,0.0,13.5,70.0,115.0,-12.9,f3edaa07-8143-4c33-97dc-dbbce16b8dcb,POR,UTA,Home,121,105,1
Scoot Henderson,1,16.666666666666668,1,7,0.143,0,3,0.0,1,2,0.5,1,2,3,7,0,0,3,4,3,15.0,0.19,0.143,0.429,0.286,6.5,15.6,10.7,45.7,0.0,0.0,27.6,28.1,76.0,116.0,-21.2,f3edaa07-8143-4c33-97dc-dbbce16b8dcb,POR,UTA,Home,121,105,1
Skylar Mays,1,5.733333333333333,0,1,0.0,0,0,0.0,0,0,0.0,0,0,0,0,0,0,0,0,0,-14.0,0.0,0.0,0.0,0.0,0.0,0.0,0.0,0.0,0.0,0.0,0.0,7.5,0.0,122.0,-19.6,f3edaa07-8143-4c33-97dc-dbbce16b8dcb,POR,UTA,Home,121,105,1
Rayan Rupert,1,5.733333333333333,0,2,0.0,0,1,0.0,0,0,0.0,0,0,0,0,0,0,0,0,0,-14.0,0.0,0.0,0.5,0.0,0.0,0.0,0.0,0.0,0.0,0.0,0.0,15.0,0.0,122.0,-25.7,f3edaa07-8143-4c33-97dc-dbbce16b8dcb,POR,UTA,Home,121,105,1
Deandre Ayton,0,0.0,0,0,0.0,0,0,0.0,0,0,0.0,0,0,0,0,0,0,0,0,0,0.0,0.0,0.0,0.0,0.0,0.0,0.0,0.0,0.0,0.0,0.0,0.0,0.0,0.0,0.0,0.0,f3edaa07-8143-4c33-97dc-dbbce16b8dcb,POR,UTA,Home,121,105,1
Moses Brown,0,0.0,0,0,0.0,0,0,0.0,0,0,0.0,0,0,0,0,0,0,0,0,0,0.0,0.0,0.0,0.0,0.0,0.0,0.0,0.0,0.0,0.0,0.0,0.0,0.0,0.0,0.0,0.0,f3edaa07-8143-4c33-97dc-dbbce16b8dcb,POR,UTA,Home,121,105,1
Jerami Grant,1,39.4,7,18,0.389,3,6,0.5,5,6,0.833,1,1,2,2,4,0,4,3,22,-8.0,0.533,0.472,0.333,0.333,2.7,2.6,2.6,8.6,4.9,0.0,16.2,25.7,97.0,112.0,-0.3,63f1ac59-a09f-4e4d-af48-dbf6924b632c,POR,MIL,Away,102,108,0
Shaedon Sharpe,1,36.9,7,19,0.368,1,5,0.2,2,3,0.667,1,5,6,3,2,0,3,0,17,-19.0,0.418,0.395,0.263,0.158,2.9,13.8,8.5,14.0,2.6,0.0,12.9,26.0,84.0,111.0,-4.6,63f1ac59-a09f-4e4d-af48-dbf6924b632c,POR,MIL,Away,102,108,0
Malcolm Brogdon,1,33.7,7,23,0.304,2,6,0.333,2,3,0.667,2,6,8,12,2,1,2,4,18,-6.0,0.37,0.348,0.261,0.13,6.3,18.2,12.4,63.2,2.9,3.0,7.6,32.1,99.0,107.0,4.5,63f1ac59-a09f-4e4d-af48-dbf6924b632c,POR,MIL,Away,102,108,0
Deandre Ayton,1,32.2,5,6,0.833,0,0,0.0,4,6,0.667,4,9,13,2,1,2,0,3,14,-13.0,0.81,0.833,0.0,1.0,13.3,28.5,21.1,10.1,1.5,6.3,0.0,11.0,178.0,103.0,7.9,63f1ac59-a09f-4e4d-af48-dbf6924b632c,POR,MIL,Away,102,108,0
Toumani Camara,1,16.9,2,3,0.667,2,2,1.0,0,0,0.0,2,1,3,0,0,0,2,4,6,-3.0,1.0,1.0,0.667,0.0,12.6,6.0,9.3,0.0,0.0,0.0,40.0,12.2,109.0,121.0,-5.1,63f1ac59-a09f-4e4d-af48-dbf6924b632c,POR,MIL,Away,102,108,0
Scoot Henderson,1,27.183333333333334,5,10,0.5,3,4,0.75,0,0,0.0,1,3,4,1,0,0,2,5,13,2.0,0.65,0.65,0.4,0.0,3.9,11.3,7.7,6.3,0.0,0.0,16.7,18.1,109.0,118.0,-5.0,63f1ac59-a09f-4e4d-af48-dbf6924b632c,POR,MIL,Away,102,108,0
Matisse Thybulle,1,25.716666666666665,1,4,0.25,1,4,0.25,2,2,1.0,0,1,1,1,4,1,2,1,5,4.0,0.512,0.375,1.0,0.5,0.0,4.0,2.0,5.3,7.5,4.0,29.1,11.0,81.0,103.0,2.4,63f1ac59-a09f-4e4d-af48-dbf6924b632c,POR,MIL,Away,102,108,0
Jabari Walker,1,15.8,2,3,0.667,0,1,0.0,0,0,0.0,0,3,3,0,0,0,1,4,4,6.0,0.667,0.667,0.333,0.0,0.0,19.4,9.9,0.0,0.0,0.0,25.0,10.4,91.0,113.0,-10.6,63f1ac59-a09f-4e4d-af48-dbf6924b632c,POR,MIL,Away,102,108,0
Duop Reath,1,12.2,1,5,0.2,1,4,0.25,0,0,0.0,0,0,0,0,2,0,1,2,3,7.0,0.3,0.3,0.8,0.0,0.0,0.0,0.0,0.0,7.9,0.0,16.7,20.2,53.0,106.0,-9.8,63f1ac59-a09f-4e4d-af48-dbf6924b632c,POR,MIL,Away,102,108,0
Moses Brown,0,0.0,0,0,0.0,0,0,0.0,0,0,0.0,0,0,0,0,0,0,0,0,0,0.0,0.0,0.0,0.0,0.0,0.0,0.0,0.0,0.0,0.0,0.0,0.0,0.0,0.0,0.0,0.0,63f1ac59-a09f-4e4d-af48-dbf6924b632c,POR,MIL,Away,102,108,0
Skylar Mays,0,0.0,0,0,0.0,0,0,0.0,0,0,0.0,0,0,0,0,0,0,0,0,0,0.0,0.0,0.0,0.0,0.0,0.0,0.0,0.0,0.0,0.0,0.0,0.0,0.0,0.0,0.0,0.0,63f1ac59-a09f-4e4d-af48-dbf6924b632c,POR,MIL,Away,102,108,0
Justin Minaya,0,0.0,0,0,0.0,0,0,0.0,0,0,0.0,0,0,0,0,0,0,0,0,0,0.0,0.0,0.0,0.0,0.0,0.0,0.0,0.0,0.0,0.0,0.0,0.0,0.0,0.0,0.0,0.0,63f1ac59-a09f-4e4d-af48-dbf6924b632c,POR,MIL,Away,102,108,0
Kris Murray,0,0.0,0,0,0.0,0,0,0.0,0,0,0.0,0,0,0,0,0,0,0,0,0,0.0,0.0,0.0,0.0,0.0,0.0,0.0,0.0,0.0,0.0,0.0,0.0,0.0,0.0,0.0,0.0,63f1ac59-a09f-4e4d-af48-dbf6924b632c,POR,MIL,Away,102,108,0
Deandre Ayton,1,38.18333333333333,9,13,0.692,0,0,0.0,4,4,1.0,3,10,13,1,1,0,4,1,22,3.0,0.745,0.692,0.0,0.308,9.2,32.2,20.4,4.4,1.2,0.0,21.3,20.6,121.0,103.0,2.5,406e54e0-076a-4ea7-a7b6-6f41efb8341b,POR,IND,Away,114,110,1
Jerami Grant,1,37.56666666666667,12,18,0.667,3,3,1.0,7,7,1.0,1,6,7,3,0,3,1,1,34,3.0,0.806,0.75,0.167,0.389,3.1,19.7,11.2,15.5,0.0,7.0,4.5,24.6,160.0,104.0,16.9,406e54e0-076a-4ea7-a7b6-6f41efb8341b,POR,IND,Away,114,110,1
Malcolm Brogdon,1,36.11666666666667,9,20,0.45,1,3,0.333,5,6,0.833,0,2,2,7,0,0,1,1,24,-6.0,0.53,0.475,0.15,0.3,0.0,6.8,3.3,33.2,0.0,0.0,4.2,27.4,118.0,111.0,1.8,406e54e0-076a-4ea7-a7b6-6f41efb8341b,POR,IND,Away,114,110,1
Shaedon Sharpe,1,35.36666666666667,4,15,0.267,1,3,0.333,2,2,1.0,1,4,5,6,3,0,2,5,11,3.0,0.346,0.3,0.2,0.133,3.3,13.9,8.5,23.6,3.9,0.0,11.2,21.2,85.0,101.0,-2.9,406e54e0-076a-4ea7-a7b6-6f41efb8341b,POR,IND,Away,114,110,1
Toumani Camara,1,16.9,1,3,0.333,1,2,0.5,2,2,1.0,2,0,2,0,0,0,0,2,5,0.0,0.644,0.5,0.667,0.667,13.9,0.0,7.1,0.0,0.0,0.0,0.0,9.6,154.0,113.0,-1.3,406e54e0-076a-4ea7-a7b6-6f41efb8341b,POR,IND,Away,114,110,1
Matisse Thybulle,1,28.883333333333333,0,2,0.0,0,2,0.0,0,0,0.0,0,1,1,1,1,1,2,3,0,10.0,0.0,0.0,1.0,0.0,0.0,4.3,2.1,4.2,1.6,3.0,50.0,5.8,15.0,107.0,-7.3,406e54e0-076a-4ea7-a7b6-6f41efb8341b,POR,IND,Away,114,110,1
Scoot Henderson,1,21.916666666666668,4,10,0.4,2,3,0.667,3,6,0.5,1,2,3,1,1,0,4,5,13,10.0,0.514,0.5,0.3,0.6,5.3,11.2,8.2,7.0,2.1,0.0,24.0,31.8,83.0,105.0,-9.1,406e54e0-076a-4ea7-a7b6-6f41efb8341b,POR,IND,Away,114,110,1
Jabari Walker,1,15.233333333333333,0,3,0.0,0,1,0.0,1,2,0.5,1,2,3,0,0,0,1,2,1,-4.0,0.129,0.0,0.333,0.667,7.7,16.2,11.8,0.0,0.0,0.0,20.5,13.4,38.0,109.0,-15.9,406e54e0-076a-4ea7-a7b6-6f41efb8341b,POR,IND,Away,114,110,1
Duop Reath,1,9.816666666666666,1,1,1.0,1,1,1.0,1,2,0.5,0,2,2,1,0,0,1,1,4,1.0,1.064,1.5,1.0,2.0,0.0,25.1,12.2,13.9,0.0,0.0,34.7,12.3,127.0,107.0,4.4,406e54e0-076a-4ea7-a7b6-6f41efb8341b,POR,IND,Away,114,110,1
Moses Brown,0,0.0,0,0,0.0,0,0,0.0,0,0,0.0,0,0,0,0,0,0,0,0,0,0.0,0.0,0.0,0.0,0.0,0.0,0.0,0.0,0.0,0.0,0.0,0.0,0.0,0.0,0.0,0.0,406e54e0-076a-4ea7-a7b6-6f41efb8341b,POR,IND,Away,114,110,1
Skylar Mays,0,0.0,0,0,0.0,0,0,0.0,0,0,0.0,0,0,0,0,0,0,0,0,0,0.0,0.0,0.0,0.0,0.0,0.0,0.0,0.0,0.0,0.0,0.0,0.0,0.0,0.0,0.0,0.0,406e54e0-076a-4ea7-a7b6-6f41efb8341b,POR,IND,Away,114,110,1
Justin Minaya,0,0.0,0,0,0.0,0,0,0.0,0,0,0.0,0,0,0,0,0,0,0,0,0,0.0,0.0,0.0,0.0,0.0,0.0,0.0,0.0,0.0,0.0,0.0,0.0,0.0,0.0,0.0,0.0,406e54e0-076a-4ea7-a7b6-6f41efb8341b,POR,IND,Away,114,110,1
Kris Murray,0,0.0,0,0,0.0,0,0,0.0,0,0,0.0,0,0,0,0,0,0,0,0,0,0.0,0.0,0.0,0.0,0.0,0.0,0.0,0.0,0.0,0.0,0.0,0.0,0.0,0.0,0.0,0.0,406e54e0-076a-4ea7-a7b6-6f41efb8341b,POR,IND,Away,114,110,1
Shaedon Sharpe,1,39.4,11,15,0.733,4,7,0.571,3,3,1.0,0,10,10,5,1,0,5,3,29,10.0,0.888,0.867,0.467,0.2,0.0,27.1,16.2,23.8,1.3,0.0,23.5,25.0,131.0,100.0,8.9,7718955c-db74-459b-976f-bb8e2eaf1d14,POR,CLE,Away,103,95,1
Malcolm Brogdon,1,30.766666666666666,3,7,0.429,1,3,0.333,4,4,1.0,2,1,3,7,2,1,5,0,11,-9.0,0.628,0.5,0.429,0.571,10.4,3.5,6.2,31.8,3.4,2.7,36.3,20.7,109.0,104.0,2.4,7718955c-db74-459b-976f-bb8e2eaf1d14,POR,CLE,Away,103,95,1
Deandre Ayton,1,29.683333333333334,5,9,0.556,0,0,0.0,0,0,0.0,2,4,6,3,0,0,3,2,10,-6.0,0.556,0.556,0.0,0.0,10.8,14.4,12.9,15.7,0.0,0.0,25.0,18.7,99.0,108.0,-5.6,7718955c-db74-459b-976f-bb8e2eaf1d14,POR,CLE,Away,103,95,1
Jerami Grant,1,28.2,4,12,0.333,3,6,0.5,2,2,1.0,0,2,2,3,2,1,3,4,13,6.0,0.505,0.458,0.5,0.167,0.0,7.6,4.5,15.9,3.7,3.0,18.9,26.0,95.0,101.0,-3.1,7718955c-db74-459b-976f-bb8e2eaf1d14,POR,CLE,Away,103,95,1
Toumani Camara,1,24.3,4,6,0.667,1,3,0.333,0,0,0.0,1,1,2,1,2,1,1,0,9,-2.0,0.75,0.75,0.5,0.0,6.6,4.4,5.3,6.4,4.3,3.5,14.3,13.3,129.0,101.0,6.8,7718955c-db74-459b-976f-bb8e2eaf1d14,POR,CLE,Away,103,95,1
Jabari Walker,1,23.933333333333334,3,7,0.429,0,2,0.0,0,0,0.0,2,10,12,1,1,0,1,3,6,5.0,0.429,0.429,0.286,0.0,13.4,44.6,32.1,6.1,2.2,0.0,12.5,15.5,96.0,91.0,-4.7,7718955c-db74-459b-976f-bb8e2eaf1d14,POR,CLE,Away,103,95,1
Matisse Thybulle,1,23.7,4,8,0.5,2,5,0.4,0,0,0.0,1,1,2,0,1,0,0,1,10,10.0,0.625,0.625,0.625,0.0,6.8,4.5,5.4,0.0,2.2,0.0,0.0,15.6,130.0,107.0,0.8,7718955c-db74-459b-976f-bb8e2eaf1d14,POR,CLE,Away,103,95,1
Scoot Henderson,1,21.7,1,8,0.125,0,5,0.0,0,0,0.0,0,1,1,7,0,0,3,2,2,12.0,0.125,0.125,0.625,0.0,0.0,4.9,2.9,42.1,0.0,0.0,27.3,23.4,64.0,112.0,-19.0,7718955c-db74-459b-976f-bb8e2eaf1d14,POR,CLE,Away,103,95,1
Duop Reath,1,18.316666666666663,4,5,0.8,3,4,0.75,2,2,1.0,1,1,2,2,1,1,1,2,13,14.0,1.105,1.1,0.8,0.4,8.7,5.8,7.0,18.4,2.8,4.6,14.5,17.4,178.0,103.0,19.8,7718955c-db74-459b-976f-bb8e2eaf1d14,POR,CLE,Away,103,95,1
Moses Brown,0,0.0,0,0,0.0,0,0,0.0,0,0,0.0,0,0,0,0,0,0,0,0,0,0.0,0.0,0.0,0.0,0.0,0.0,0.0,0.0,0.0,0.0,0.0,0.0,0.0,0.0,0.0,0.0,7718955c-db74-459b-976f-bb8e2eaf1d14,POR,CLE,Away,103,95,1
Skylar Mays,0,0.0,0,0,0.0,0,0,0.0,0,0,0.0,0,0,0,0,0,0,0,0,0,0.0,0.0,0.0,0.0,0.0,0.0,0.0,0.0,0.0,0.0,0.0,0.0,0.0,0.0,0.0,0.0,7718955c-db74-459b-976f-bb8e2eaf1d14,POR,CLE,Away,103,95,1
Kris Murray,0,0.0,0,0,0.0,0,0,0.0,0,0,0.0,0,0,0,0,0,0,0,0,0,0.0,0.0,0.0,0.0,0.0,0.0,0.0,0.0,0.0,0.0,0.0,0.0,0.0,0.0,0.0,0.0,7718955c-db74-459b-976f-bb8e2eaf1d14,POR,CLE,Away,103,95,1
Shaedon Sharpe,1,43.55,9,20,0.45,3,8,0.375,4,4,1.0,2,3,5,4,2,0,0,5,25,-5.0,0.574,0.525,0.4,0.2,4.8,8.1,6.3,18.0,2.4,0.0,0.0,22.9,130.0,118.0,2.3,6ece6ba9-d8cc-4386-bb1f-81d5a93657ab,POR,UTA,Away,113,118,0
Malcolm Brogdon,1,37.56666666666667,8,17,0.471,5,9,0.556,4,6,0.667,1,2,3,6,2,1,3,0,25,-2.0,0.636,0.618,0.529,0.353,2.8,6.3,4.4,31.7,2.8,2.4,13.3,27.6,121.0,117.0,8.5,6ece6ba9-d8cc-4386-bb1f-81d5a93657ab,POR,UTA,Away,113,118,0
Deandre Ayton,1,35.483333333333334,4,8,0.5,0,0,0.0,2,2,1.0,1,10,11,0,0,0,0,3,10,-8.0,0.563,0.5,0.0,0.25,2.9,33.2,17.1,0.0,0.0,0.0,0.0,11.4,123.0,114.0,-7.4,6ece6ba9-d8cc-4386-bb1f-81d5a93657ab,POR,UTA,Away,113,118,0
Toumani Camara,1,29.966666666666665,4,8,0.5,0,3,0.0,0,0,0.0,2,1,3,0,4,1,0,4,8,-5.0,0.5,0.5,0.375,0.0,6.9,3.9,5.5,0.0,6.9,2.9,0.0,12.2,114.0,108.0,-0.9,6ece6ba9-d8cc-4386-bb1f-81d5a93657ab,POR,UTA,Away,113,118,0
Jerami Grant,1,26.35,1,9,0.111,0,5,0.0,7,7,1.0,0,3,3,0,0,1,3,2,9,-12.0,0.373,0.111,0.556,0.778,0.0,13.4,6.3,0.0,0.0,3.4,19.9,26.2,66.0,119.0,-18.2,6ece6ba9-d8cc-4386-bb1f-81d5a93657ab,POR,UTA,Away,113,118,0
Matisse Thybulle,1,32.71666666666667,2,5,0.4,2,4,0.5,0,0,0.0,0,3,3,2,1,2,0,1,6,9.0,0.6,0.6,0.8,0.0,0.0,10.8,5.1,9.3,1.6,5.4,0.0,7.0,134.0,116.0,0.6,6ece6ba9-d8cc-4386-bb1f-81d5a93657ab,POR,UTA,Away,113,118,0
Jabari Walker,1,24.05,1,5,0.2,0,2,0.0,2,2,1.0,2,4,6,1,1,0,1,0,4,-5.0,0.34,0.2,0.4,0.4,8.6,19.6,13.8,6.2,2.2,0.0,14.5,13.1,85.0,114.0,-8.2,6ece6ba9-d8cc-4386-bb1f-81d5a93657ab,POR,UTA,Away,113,118,0
Scoot Henderson,1,21.28333333333333,6,15,0.4,2,5,0.4,3,4,0.75,2,3,5,3,1,0,2,5,17,-5.0,0.507,0.467,0.333,0.267,9.8,16.6,13.0,32.4,2.4,0.0,10.7,40.3,105.0,114.0,-1.0,6ece6ba9-d8cc-4386-bb1f-81d5a93657ab,POR,UTA,Away,113,118,0
Duop Reath,1,14.0,3,8,0.375,1,4,0.25,2,2,1.0,1,0,1,1,0,0,0,0,9,8.0,0.507,0.438,0.5,0.25,7.4,0.0,3.9,14.2,0.0,0.0,0.0,29.0,117.0,126.0,-1.0,6ece6ba9-d8cc-4386-bb1f-81d5a93657ab,POR,UTA,Away,113,118,0
Moses Brown,0,0.0,0,0,0.0,0,0,0.0,0,0,0.0,0,0,0,0,0,0,0,0,0,0.0,0.0,0.0,0.0,0.0,0.0,0.0,0.0,0.0,0.0,0.0,0.0,0.0,0.0,0.0,0.0,6ece6ba9-d8cc-4386-bb1f-81d5a93657ab,POR,UTA,Away,113,118,0
Skylar Mays,0,0.0,0,0,0.0,0,0,0.0,0,0,0.0,0,0,0,0,0,0,0,0,0,0.0,0.0,0.0,0.0,0.0,0.0,0.0,0.0,0.0,0.0,0.0,0.0,0.0,0.0,0.0,0.0,6ece6ba9-d8cc-4386-bb1f-81d5a93657ab,POR,UTA,Away,113,118,0
Kris Murray,0,0.0,0,0,0.0,0,0,0.0,0,0,0.0,0,0,0,0,0,0,0,0,0,0.0,0.0,0.0,0.0,0.0,0.0,0.0,0.0,0.0,0.0,0.0,0.0,0.0,0.0,0.0,0.0,6ece6ba9-d8cc-4386-bb1f-81d5a93657ab,POR,UTA,Away,113,118,0
Shaedon Sharpe,1,41.66666666666666,10,18,0.556,4,9,0.444,2,4,0.5,0,6,6,5,0,0,1,1,26,-7.0,0.658,0.667,0.5,0.222,0.0,15.7,7.7,21.0,0.0,0.0,4.8,21.3,133.0,116.0,6.0,a6399500-885a-4dcb-a2ab-a1e92ea1082d,POR,GSW,Away,106,110,0
Anfernee Simons,1,37.38333333333333,10,27,0.37,6,13,0.462,2,2,1.0,1,0,1,4,0,0,1,3,28,2.0,0.502,0.481,0.481,0.074,2.8,0.0,1.4,19.6,0.0,0.0,3.5,33.1,109.0,123.0,1.4,a6399500-885a-4dcb-a2ab-a1e92ea1082d,POR,GSW,Away,106,110,0
Toumani Camara,1,26.916666666666668,3,14,0.214,0,4,0.0,0,0,0.0,5,8,13,2,0,0,3,6,6,-3.0,0.214,0.214,0.286,0.0,19.4,32.4,25.8,10.6,0.0,0.0,17.6,27.1,62.0,109.0,-19.2,a6399500-885a-4dcb-a2ab-a1e92ea1082d,POR,GSW,Away,106,110,0
Duop Reath,1,22.0,2,6,0.333,1,5,0.2,5,6,0.833,1,5,6,2,1,1,0,5,10,6.0,0.579,0.417,0.833,1.0,4.7,24.8,14.5,12.6,2.2,4.2,0.0,16.8,139.0,106.0,3.6,a6399500-885a-4dcb-a2ab-a1e92ea1082d,POR,GSW,Away,106,110,0
Malcolm Brogdon,1,12.516666666666667,0,3,0.0,0,1,0.0,0,0,0.0,0,1,1,2,0,0,1,1,0,5.0,0.0,0.0,0.333,0.0,0.0,8.7,4.3,19.7,0.0,0.0,25.0,13.7,31.0,119.0,-19.5,a6399500-885a-4dcb-a2ab-a1e92ea1082d,POR,GSW,Away,106,110,0
Matisse Thybulle,1,30.683333333333334,3,6,0.5,3,5,0.6,0,0,0.0,0,1,1,1,3,1,1,1,9,-2.0,0.75,0.75,0.833,0.0,0.0,3.6,1.7,4.6,4.8,3.0,14.3,9.8,125.0,109.0,5.6,a6399500-885a-4dcb-a2ab-a1e92ea1082d,POR,GSW,Away,106,110,0
Scoot Henderson,1,25.866666666666667,4,9,0.444,0,3,0.0,1,2,0.5,2,0,2,4,1,0,1,5,9,-15.0,0.455,0.444,0.333,0.222,8.1,0.0,4.1,23.5,1.9,0.0,9.2,18.0,109.0,119.0,-5.1,a6399500-885a-4dcb-a2ab-a1e92ea1082d,POR,GSW,Away,106,110,0
Jabari Walker,1,21.883333333333333,5,8,0.625,0,2,0.0,2,2,1.0,2,3,5,1,1,1,2,6,12,-5.0,0.676,0.625,0.25,0.25,9.5,15.0,12.2,7.8,2.2,4.2,18.4,21.3,118.0,110.0,-1.2,a6399500-885a-4dcb-a2ab-a1e92ea1082d,POR,GSW,Away,106,110,0
Kris Murray,1,21.03333333333333,2,4,0.5,2,4,0.5,0,0,0.0,0,5,5,1,2,0,0,2,6,-1.0,0.75,0.75,1.0,0.0,0.0,25.9,12.7,6.6,4.7,0.0,0.0,8.1,155.0,102.0,6.2,a6399500-885a-4dcb-a2ab-a1e92ea1082d,POR,GSW,Away,106,110,0
Ibou Badji,0,0.0,0,0,0.0,0,0,0.0,0,0,0.0,0,0,0,0,0,0,0,0,0,0.0,0.0,0.0,0.0,0.0,0.0,0.0,0.0,0.0,0.0,0.0,0.0,0.0,0.0,0.0,0.0,a6399500-885a-4dcb-a2ab-a1e92ea1082d,POR,GSW,Away,106,110,0
Moses Brown,0,0.0,0,0,0.0,0,0,0.0,0,0,0.0,0,0,0,0,0,0,0,0,0,0.0,0.0,0.0,0.0,0.0,0.0,0.0,0.0,0.0,0.0,0.0,0.0,0.0,0.0,0.0,0.0,a6399500-885a-4dcb-a2ab-a1e92ea1082d,POR,GSW,Away,106,110,0
Skylar Mays,0,0.0,0,0,0.0,0,0,0.0,0,0,0.0,0,0,0,0,0,0,0,0,0,0.0,0.0,0.0,0.0,0.0,0.0,0.0,0.0,0.0,0.0,0.0,0.0,0.0,0.0,0.0,0.0,a6399500-885a-4dcb-a2ab-a1e92ea1082d,POR,GSW,Away,106,110,0
Rayan Rupert,0,0.0,0,0,0.0,0,0,0.0,0,0,0.0,0,0,0,0,0,0,0,0,0,0.0,0.0,0.0,0.0,0.0,0.0,0.0,0.0,0.0,0.0,0.0,0.0,0.0,0.0,0.0,0.0,a6399500-885a-4dcb-a2ab-a1e92ea1082d,POR,GSW,Away,106,110,0
Matisse Thybulle,1,36.18333333333333,3,7,0.429,3,5,0.6,0,0,0.0,3,5,8,1,3,1,2,0,9,-11.0,0.643,0.643,0.714,0.0,7.8,17.0,11.8,3.8,3.9,2.6,22.2,9.3,116.0,115.0,3.0,bd26c7bc-7eca-47b3-8ed1-bd83c1aff855,POR,DAL,Home,112,125,0
Anfernee Simons,1,35.75,10,21,0.476,4,10,0.4,6,6,1.0,2,3,5,8,1,0,6,4,30,-10.0,0.635,0.571,0.476,0.286,5.3,10.3,7.5,42.0,1.3,0.0,20.2,31.1,120.0,124.0,5.6,bd26c7bc-7eca-47b3-8ed1-bd83c1aff855,POR,DAL,Home,112,125,0
Toumani Camara,1,32.0,6,20,0.3,2,10,0.2,0,0,0.0,6,3,9,0,1,0,0,5,14,-23.0,0.35,0.35,0.5,0.0,17.6,11.5,15.0,0.0,1.5,0.0,0.0,23.5,97.0,123.0,-9.1,bd26c7bc-7eca-47b3-8ed1-bd83c1aff855,POR,DAL,Home,112,125,0
Shaedon Sharpe,1,31.666666666666668,7,15,0.467,5,10,0.5,5,6,0.833,2,7,9,5,1,0,2,4,24,1.0,0.68,0.633,0.667,0.4,5.9,27.2,15.2,26.7,1.5,0.0,10.2,23.3,143.0,120.0,10.3,bd26c7bc-7eca-47b3-8ed1-bd83c1aff855,POR,DAL,Home,112,125,0
Duop Reath,1,21.05,4,9,0.444,2,6,0.333,0,0,0.0,2,4,6,1,2,0,1,4,10,2.0,0.556,0.556,0.667,0.0,8.9,23.4,15.2,7.6,4.4,0.0,10.0,17.8,118.0,114.0,0.9,bd26c7bc-7eca-47b3-8ed1-bd83c1aff855,POR,DAL,Home,112,125,0
Scoot Henderson,1,30.3,4,17,0.235,0,6,0.0,2,3,0.667,1,2,3,3,0,0,4,4,10,-19.0,0.273,0.235,0.353,0.176,3.1,8.1,5.3,14.5,0.0,0.0,17.9,27.6,63.0,127.0,-20.6,bd26c7bc-7eca-47b3-8ed1-bd83c1aff855,POR,DAL,Home,112,125,0
Jabari Walker,1,26.95,3,10,0.3,1,3,0.333,3,3,1.0,1,2,3,2,0,0,0,2,10,-15.0,0.442,0.35,0.3,0.3,3.5,9.1,5.9,10.6,0.0,0.0,0.0,15.8,119.0,127.0,-4.8,bd26c7bc-7eca-47b3-8ed1-bd83c1aff855,POR,DAL,Home,112,125,0
Kris Murray,1,18.23333333333333,2,6,0.333,1,3,0.333,0,0,0.0,1,4,5,0,1,0,0,0,5,7.0,0.417,0.417,0.5,0.0,5.2,27.0,14.6,0.0,2.6,0.0,0.0,12.3,105.0,118.0,-2.7,bd26c7bc-7eca-47b3-8ed1-bd83c1aff855,POR,DAL,Home,112,125,0
Justin Minaya,1,7.866666666666667,0,0,0.0,0,0,0.0,0,0,0.0,0,0,0,0,0,0,0,1,0,3.0,0.0,0.0,0.0,0.0,0.0,0.0,0.0,0.0,0.0,0.0,0.0,0.0,0.0,128.0,-10.2,bd26c7bc-7eca-47b3-8ed1-bd83c1aff855,POR,DAL,Home,112,125,0
Ibou Badji,0,0.0,0,0,0.0,0,0,0.0,0,0,0.0,0,0,0,0,0,0,0,0,0,0.0,0.0,0.0,0.0,0.0,0.0,0.0,0.0,0.0,0.0,0.0,0.0,0.0,0.0,0.0,0.0,bd26c7bc-7eca-47b3-8ed1-bd83c1aff855,POR,DAL,Home,112,125,0
Moses Brown,0,0.0,0,0,0.0,0,0,0.0,0,0,0.0,0,0,0,0,0,0,0,0,0,0.0,0.0,0.0,0.0,0.0,0.0,0.0,0.0,0.0,0.0,0.0,0.0,0.0,0.0,0.0,0.0,bd26c7bc-7eca-47b3-8ed1-bd83c1aff855,POR,DAL,Home,112,125,0
Skylar Mays,0,0.0,0,0,0.0,0,0,0.0,0,0,0.0,0,0,0,0,0,0,0,0,0,0.0,0.0,0.0,0.0,0.0,0.0,0.0,0.0,0.0,0.0,0.0,0.0,0.0,0.0,0.0,0.0,bd26c7bc-7eca-47b3-8ed1-bd83c1aff855,POR,DAL,Home,112,125,0
Rayan Rupert,0,0.0,0,0,0.0,0,0,0.0,0,0,0.0,0,0,0,0,0,0,0,0,0,0.0,0.0,0.0,0.0,0.0,0.0,0.0,0.0,0.0,0.0,0.0,0.0,0.0,0.0,0.0,0.0,bd26c7bc-7eca-47b3-8ed1-bd83c1aff855,POR,DAL,Home,112,125,0
Shaedon Sharpe,1,40.53333333333333,8,17,0.471,4,9,0.444,7,9,0.778,1,2,3,6,1,0,2,2,27,-15.0,0.644,0.588,0.529,0.529,3.2,7.0,5.0,21.2,1.2,0.0,8.7,24.0,137.0,140.0,2.0,1fc12b36-190f-4ef6-8c99-80ea12f28e40,POR,LAC,Away,127,132,0
Anfernee Simons,1,37.833333333333336,10,23,0.435,5,11,0.455,13,13,1.0,0,1,1,4,0,1,3,1,38,-9.0,0.662,0.543,0.478,0.565,0.0,3.7,1.8,16.7,0.0,2.3,9.5,35.5,134.0,141.0,3.6,1fc12b36-190f-4ef6-8c99-80ea12f28e40,POR,LAC,Away,127,132,0
Toumani Camara,1,37.45,3,6,0.5,1,3,0.333,0,2,0.0,0,4,4,4,1,1,1,5,7,-5.0,0.509,0.583,0.5,0.333,0.0,15.1,7.2,13.1,1.3,2.3,12.7,8.9,112.0,136.0,-4.5,1fc12b36-190f-4ef6-8c99-80ea12f28e40,POR,LAC,Away,127,132,0
Matisse Thybulle,1,30.58333333333333,4,6,0.667,3,5,0.6,0,0,0.0,0,1,1,0,1,0,0,3,11,-9.0,0.917,0.917,0.833,0.0,0.0,4.6,2.2,0.0,1.6,0.0,0.0,8.3,180.0,139.0,-0.6,1fc12b36-190f-4ef6-8c99-80ea12f28e40,POR,LAC,Away,127,132,0
Duop Reath,1,26.383333333333333,4,11,0.364,2,6,0.333,0,0,0.0,2,1,3,4,1,0,1,3,10,0.0,0.455,0.455,0.545,0.0,9.8,5.4,7.7,20.4,1.9,0.0,8.3,19.2,115.0,138.0,-4.5,1fc12b36-190f-4ef6-8c99-80ea12f28e40,POR,LAC,Away,127,132,0
Scoot Henderson,1,29.65,8,16,0.5,3,4,0.75,0,0,0.0,1,3,4,6,0,2,3,5,19,11.0,0.594,0.594,0.25,0.0,4.4,14.3,9.1,32.3,0.0,5.9,15.8,27.1,118.0,137.0,-1.0,1fc12b36-190f-4ef6-8c99-80ea12f28e40,POR,LAC,Away,127,132,0
Jabari Walker,1,21.766666666666666,3,4,0.75,1,2,0.5,2,2,1.0,3,5,8,1,1,0,1,1,9,1.0,0.922,0.875,0.5,0.5,17.9,32.4,24.8,6.1,2.3,0.0,17.0,11.4,168.0,132.0,4.1,1fc12b36-190f-4ef6-8c99-80ea12f28e40,POR,LAC,Away,127,132,0
Moses Brown,1,15.783333333333331,3,7,0.429,0,0,0.0,0,0,0.0,4,8,12,0,0,0,1,1,6,1.0,0.429,0.429,0.0,0.0,32.9,71.6,51.4,0.0,0.0,0.0,12.5,21.4,106.0,130.0,-10.8,1fc12b36-190f-4ef6-8c99-80ea12f28e40,POR,LAC,Away,127,132,0
Malcolm Brogdon,1,0.0,0,0,0.0,0,0,0.0,0,0,0.0,0,0,0,0,0,0,0,0,0,0.0,0.0,0.0,0.0,0.0,0.0,0.0,0.0,0.0,0.0,0.0,0.0,0.0,0.0,0.0,0.0,1fc12b36-190f-4ef6-8c99-80ea12f28e40,POR,LAC,Away,127,132,0
Skylar Mays,0,0.0,0,0,0.0,0,0,0.0,0,0,0.0,0,0,0,0,0,0,0,0,0,0.0,0.0,0.0,0.0,0.0,0.0,0.0,0.0,0.0,0.0,0.0,0.0,0.0,0.0,0.0,0.0,1fc12b36-190f-4ef6-8c99-80ea12f28e40,POR,LAC,Away,127,132,0
Kris Murray,0,0.0,0,0,0.0,0,0,0.0,0,0,0.0,0,0,0,0,0,0,0,0,0,0.0,0.0,0.0,0.0,0.0,0.0,0.0,0.0,0.0,0.0,0.0,0.0,0.0,0.0,0.0,0.0,1fc12b36-190f-4ef6-8c99-80ea12f28e40,POR,LAC,Away,127,132,0
Rayan Rupert,0,0.0,0,0,0.0,0,0,0.0,0,0,0.0,0,0,0,0,0,0,0,0,0,0.0,0.0,0.0,0.0,0.0,0.0,0.0,0.0,0.0,0.0,0.0,0.0,0.0,0.0,0.0,0.0,1fc12b36-190f-4ef6-8c99-80ea12f28e40,POR,LAC,Away,127,132,0
Shaedon Sharpe,1,27.45,1,12,0.083,0,5,0.0,2,2,1.0,2,5,7,2,0,1,0,3,4,-23.0,0.155,0.083,0.417,0.167,6.6,21.3,13.0,8.5,0.0,3.0,0.0,18.5,65.0,130.0,-18.9,046464ff-03cf-4992-88ed-f0b97d712750,POR,UTA,Home,114,122,0
Toumani Camara,1,24.25,7,10,0.7,3,4,0.75,1,2,0.5,4,2,6,0,0,0,1,3,18,-24.0,0.827,0.85,0.4,0.2,14.9,9.7,12.6,0.0,0.0,0.0,8.4,19.3,150.0,135.0,3.9,046464ff-03cf-4992-88ed-f0b97d712750,POR,UTA,Home,114,122,0
Anfernee Simons,1,22.4,3,8,0.375,2,6,0.333,1,2,0.5,0,1,1,6,1,0,2,1,9,-24.0,0.507,0.5,0.75,0.25,0.0,5.2,2.3,35.2,2.3,0.0,18.4,19.1,111.0,131.0,-3.0,046464ff-03cf-4992-88ed-f0b97d712750,POR,UTA,Home,114,122,0
Deandre Ayton,1,20.766666666666666,6,13,0.462,0,0,0.0,2,2,1.0,5,4,9,0,1,1,4,2,14,-13.0,0.504,0.462,0.0,0.154,21.8,22.6,22.1,0.0,2.4,3.9,22.4,33.9,91.0,123.0,-11.5,046464ff-03cf-4992-88ed-f0b97d712750,POR,UTA,Home,114,122,0
Matisse Thybulle,1,17.283333333333335,1,5,0.2,1,4,0.25,0,0,0.0,0,3,3,2,1,0,0,1,3,-24.0,0.3,0.3,0.8,0.0,0.0,20.3,8.9,13.8,2.9,0.0,0.0,11.4,99.0,126.0,-7.6,046464ff-03cf-4992-88ed-f0b97d712750,POR,UTA,Home,114,122,0
Scoot Henderson,1,35.05,9,21,0.429,2,7,0.286,3,3,1.0,0,2,2,10,1,0,4,1,23,0.0,0.515,0.476,0.333,0.143,0.0,6.7,2.9,44.6,1.4,0.0,15.2,29.6,113.0,133.0,-1.7,046464ff-03cf-4992-88ed-f0b97d712750,POR,UTA,Home,114,122,0
Jabari Walker,1,27.7,5,10,0.5,0,2,0.0,3,5,0.6,4,5,9,1,1,0,0,0,13,13.0,0.533,0.5,0.2,0.5,13.1,21.1,16.6,5.0,1.8,0.0,0.0,17.3,132.0,128.0,-2.4,046464ff-03cf-4992-88ed-f0b97d712750,POR,UTA,Home,114,122,0
Kris Murray,1,16.716666666666665,2,7,0.286,2,5,0.4,0,0,0.0,3,2,5,3,2,1,0,0,6,24.0,0.429,0.429,0.714,0.0,16.3,14.0,15.3,23.1,6.1,4.9,0.0,16.5,135.0,117.0,11.3,046464ff-03cf-4992-88ed-f0b97d712750,POR,UTA,Home,114,122,0
Skylar Mays,1,16.716666666666665,0,0,0.0,0,0,0.0,0,0,0.0,1,0,1,5,1,0,0,0,0,24.0,0.0,0.0,0.0,0.0,5.4,0.0,3.1,33.4,3.0,0.0,0.0,0.0,236.0,131.0,-1.1,046464ff-03cf-4992-88ed-f0b97d712750,POR,UTA,Home,114,122,0
Malcolm Brogdon,1,14.0,3,6,0.5,3,6,0.5,0,2,0.0,0,0,0,1,0,0,0,0,9,-8.0,0.654,0.75,1.0,0.333,0.0,0.0,0.0,10.5,0.0,0.0,0.0,19.3,134.0,138.0,2.4,046464ff-03cf-4992-88ed-f0b97d712750,POR,UTA,Home,114,122,0
Duop Reath,1,12.683333333333334,6,11,0.545,3,6,0.5,0,0,0.0,2,3,5,0,1,1,0,1,15,21.0,0.682,0.682,0.545,0.0,14.3,27.7,20.1,0.0,4.0,6.4,0.0,34.1,146.0,117.0,21.7,046464ff-03cf-4992-88ed-f0b97d712750,POR,UTA,Home,114,122,0
Moses Brown,1,4.966666666666667,0,0,0.0,0,0,0.0,0,0,0.0,0,1,1,0,0,0,0,0,0,-6.0,0.0,0.0,0.0,0.0,0.0,23.6,10.3,0.0,0.0,0.0,0.0,0.0,0.0,131.0,-10.6,046464ff-03cf-4992-88ed-f0b97d712750,POR,UTA,Home,114,122,0
Jerami Grant,1,38.48333333333333,12,20,0.6,1,4,0.25,2,3,0.667,1,4,5,1,0,0,0,2,27,-8.0,0.633,0.625,0.2,0.15,2.7,11.1,6.9,3.9,0.0,0.0,0.0,23.2,133.0,131.0,-0.1,734a1bf4-a06a-4f36-8b78-10658e5fca59,POR,DAL,Home,120,131,0
Anfernee Simons,1,35.36666666666667,13,22,0.591,2,8,0.25,5,5,1.0,2,6,8,6,2,0,3,2,33,4.0,0.682,0.636,0.364,0.227,5.9,18.1,11.9,27.7,2.6,0.0,11.0,32.2,133.0,124.0,10.3,734a1bf4-a06a-4f36-8b78-10658e5fca59,POR,DAL,Home,120,131,0
Shaedon Sharpe,1,31.7,2,7,0.286,1,3,0.333,2,3,0.667,0,2,2,2,0,0,2,4,7,0.0,0.421,0.357,0.429,0.429,0.0,6.7,3.3,6.9,0.0,0.0,19.4,13.6,79.0,132.0,-11.7,734a1bf4-a06a-4f36-8b78-10658e5fca59,POR,DAL,Home,120,131,0
Deandre Ayton,1,27.433333333333334,3,5,0.6,0,0,0.0,1,2,0.5,3,7,10,2,2,0,1,3,7,1.0,0.595,0.6,0.0,0.4,11.4,27.2,19.2,8.4,3.4,0.0,14.5,10.5,127.0,120.0,-0.3,734a1bf4-a06a-4f36-8b78-10658e5fca59,POR,DAL,Home,120,131,0
Toumani Camara,1,19.78333333333333,3,7,0.429,0,4,0.0,2,2,1.0,0,3,3,1,1,0,0,3,8,7.0,0.508,0.429,0.571,0.286,0.0,16.2,8.0,6.1,2.3,0.0,0.0,16.7,114.0,125.0,-4.0,734a1bf4-a06a-4f36-8b78-10658e5fca59,POR,DAL,Home,120,131,0
Malcolm Brogdon,1,24.23333333333333,4,7,0.571,1,4,0.25,0,0,0.0,0,2,2,2,1,0,1,4,9,-23.0,0.643,0.643,0.571,0.0,0.0,8.8,4.4,10.1,1.9,0.0,12.5,13.8,120.0,128.0,-5.0,734a1bf4-a06a-4f36-8b78-10658e5fca59,POR,DAL,Home,120,131,0
Scoot Henderson,1,24.08333333333333,5,10,0.5,1,1,1.0,2,2,1.0,0,3,3,2,0,1,3,3,13,-8.0,0.597,0.55,0.1,0.2,0.0,13.3,6.6,10.8,0.0,4.0,21.6,24.1,99.0,128.0,-6.4,734a1bf4-a06a-4f36-8b78-10658e5fca59,POR,DAL,Home,120,131,0
Matisse Thybulle,1,19.0,2,6,0.333,1,4,0.25,0,0,0.0,1,3,4,0,2,1,1,0,5,-18.0,0.417,0.417,0.667,0.0,5.5,16.8,11.1,0.0,4.9,5.1,14.3,15.4,83.0,116.0,-0.1,734a1bf4-a06a-4f36-8b78-10658e5fca59,POR,DAL,Home,120,131,0
Duop Reath,1,15.116666666666667,3,9,0.333,0,3,0.0,5,5,1.0,3,2,5,1,0,0,0,0,11,-8.0,0.491,0.333,0.333,0.556,20.7,14.1,17.4,8.5,0.0,0.0,0.0,31.0,123.0,131.0,-1.2,734a1bf4-a06a-4f36-8b78-10658e5fca59,POR,DAL,Home,120,131,0
Jabari Walker,1,4.75,0,1,0.0,0,1,0.0,0,0,0.0,0,2,2,0,0,0,0,0,0,-2.0,0.0,0.0,1.0,0.0,0.0,44.9,22.2,0.0,0.0,0.0,0.0,8.8,0.0,123.0,-12.6,734a1bf4-a06a-4f36-8b78-10658e5fca59,POR,DAL,Home,120,131,0
Moses Brown,0,0.0,0,0,0.0,0,0,0.0,0,0,0.0,0,0,0,0,0,0,0,0,0,0.0,0.0,0.0,0.0,0.0,0.0,0.0,0.0,0.0,0.0,0.0,0.0,0.0,0.0,0.0,0.0,734a1bf4-a06a-4f36-8b78-10658e5fca59,POR,DAL,Home,120,131,0
Skylar Mays,0,0.0,0,0,0.0,0,0,0.0,0,0,0.0,0,0,0,0,0,0,0,0,0,0.0,0.0,0.0,0.0,0.0,0.0,0.0,0.0,0.0,0.0,0.0,0.0,0.0,0.0,0.0,0.0,734a1bf4-a06a-4f36-8b78-10658e5fca59,POR,DAL,Home,120,131,0
Kris Murray,0,0.0,0,0,0.0,0,0,0.0,0,0,0.0,0,0,0,0,0,0,0,0,0,0.0,0.0,0.0,0.0,0.0,0.0,0.0,0.0,0.0,0.0,0.0,0.0,0.0,0.0,0.0,0.0,734a1bf4-a06a-4f36-8b78-10658e5fca59,POR,DAL,Home,120,131,0
Ish Wainright,0,0.0,0,0,0.0,0,0,0.0,0,0,0.0,0,0,0,0,0,0,0,0,0,0.0,0.0,0.0,0.0,0.0,0.0,0.0,0.0,0.0,0.0,0.0,0.0,0.0,0.0,0.0,0.0,734a1bf4-a06a-4f36-8b78-10658e5fca59,POR,DAL,Home,120,131,0
Jerami Grant,1,40.8,11,19,0.579,3,9,0.333,5,5,1.0,1,6,7,6,1,0,3,4,30,-13.0,0.708,0.658,0.474,0.263,2.9,18.1,10.3,26.1,1.2,0.0,12.4,26.3,133.0,124.0,4.9,38136204-4691-48ca-9df0-5c16d35bfeb5,POR,GSW,Home,114,118,0
Anfernee Simons,1,35.583333333333336,9,20,0.45,0,5,0.0,6,6,1.0,0,3,3,7,1,0,4,3,24,-1.0,0.53,0.45,0.25,0.3,0.0,10.4,5.1,33.9,1.4,0.0,15.0,33.2,105.0,126.0,-4.9,38136204-4691-48ca-9df0-5c16d35bfeb5,POR,GSW,Home,114,118,0
Deandre Ayton,1,32.81666666666667,4,8,0.5,0,0,0.0,0,0,0.0,3,5,8,1,0,1,1,0,8,-3.0,0.5,0.5,0.0,0.0,10.7,18.8,14.6,4.3,0.0,3.0,11.1,12.2,110.0,126.0,-5.8,38136204-4691-48ca-9df0-5c16d35bfeb5,POR,GSW,Home,114,118,0
Shaedon Sharpe,1,27.2,4,10,0.4,3,5,0.6,1,1,1.0,1,4,5,1,1,0,2,3,12,0.0,0.575,0.55,0.5,0.1,4.3,18.1,11.0,5.4,1.8,0.0,16.1,20.3,102.0,123.0,-4.6,38136204-4691-48ca-9df0-5c16d35bfeb5,POR,GSW,Home,114,118,0
Toumani Camara,1,22.383333333333333,3,4,0.75,3,3,1.0,2,4,0.5,1,2,3,0,2,0,1,2,11,-5.0,0.955,1.125,0.75,1.0,5.2,11.0,8.0,0.0,4.4,0.0,14.8,13.4,147.0,119.0,6.9,38136204-4691-48ca-9df0-5c16d35bfeb5,POR,GSW,Home,114,118,0
Malcolm Brogdon,1,26.7,3,8,0.375,2,5,0.4,0,0,0.0,0,1,1,5,0,0,0,1,8,-2.0,0.5,0.5,0.625,0.0,0.0,4.6,2.2,26.0,0.0,0.0,0.0,13.3,126.0,131.0,-3.5,38136204-4691-48ca-9df0-5c16d35bfeb5,POR,GSW,Home,114,118,0
Scoot Henderson,1,21.766666666666666,4,9,0.444,1,4,0.25,5,5,1.0,0,1,1,2,1,0,1,2,14,0.0,0.625,0.5,0.444,0.556,0.0,5.7,2.8,14.1,2.3,0.0,8.2,24.9,126.0,125.0,-0.7,38136204-4691-48ca-9df0-5c16d35bfeb5,POR,GSW,Home,114,118,0
Matisse Thybulle,1,17.7,1,4,0.25,1,4,0.25,0,0,0.0,1,3,4,1,3,2,0,1,3,4.0,0.375,0.375,1.0,0.0,6.6,20.9,13.6,7.3,8.4,11.1,0.0,10.0,105.0,101.0,10.8,38136204-4691-48ca-9df0-5c16d35bfeb5,POR,GSW,Home,114,118,0
Jabari Walker,1,15.05,1,3,0.333,0,0,0.0,2,2,1.0,2,3,5,0,1,1,1,4,4,0.0,0.515,0.333,0.0,0.667,15.6,24.5,19.9,0.0,3.3,6.5,20.5,14.4,107.0,114.0,-7.1,38136204-4691-48ca-9df0-5c16d35bfeb5,POR,GSW,Home,114,118,0
Moses Brown,0,0.0,0,0,0.0,0,0,0.0,0,0,0.0,0,0,0,0,0,0,0,0,0,0.0,0.0,0.0,0.0,0.0,0.0,0.0,0.0,0.0,0.0,0.0,0.0,0.0,0.0,0.0,0.0,38136204-4691-48ca-9df0-5c16d35bfeb5,POR,GSW,Home,114,118,0
Skylar Mays,0,0.0,0,0,0.0,0,0,0.0,0,0,0.0,0,0,0,0,0,0,0,0,0,0.0,0.0,0.0,0.0,0.0,0.0,0.0,0.0,0.0,0.0,0.0,0.0,0.0,0.0,0.0,0.0,38136204-4691-48ca-9df0-5c16d35bfeb5,POR,GSW,Home,114,118,0
Kris Murray,0,0.0,0,0,0.0,0,0,0.0,0,0,0.0,0,0,0,0,0,0,0,0,0,0.0,0.0,0.0,0.0,0.0,0.0,0.0,0.0,0.0,0.0,0.0,0.0,0.0,0.0,0.0,0.0,38136204-4691-48ca-9df0-5c16d35bfeb5,POR,GSW,Home,114,118,0
Duop Reath,0,0.0,0,0,0.0,0,0,0.0,0,0,0.0,0,0,0,0,0,0,0,0,0,0.0,0.0,0.0,0.0,0.0,0.0,0.0,0.0,0.0,0.0,0.0,0.0,0.0,0.0,0.0,0.0,38136204-4691-48ca-9df0-5c16d35bfeb5,POR,GSW,Home,114,118,0
Ish Wainright,0,0.0,0,0,0.0,0,0,0.0,0,0,0.0,0,0,0,0,0,0,0,0,0,0.0,0.0,0.0,0.0,0.0,0.0,0.0,0.0,0.0,0.0,0.0,0.0,0.0,0.0,0.0,0.0,38136204-4691-48ca-9df0-5c16d35bfeb5,POR,GSW,Home,114,118,0
Deandre Ayton,1,40.43333333333333,6,18,0.333,0,0,0.0,4,4,1.0,4,11,15,3,0,0,3,3,16,7.0,0.405,0.333,0.0,0.222,11.0,28.4,20.0,11.2,0.0,0.0,13.2,24.5,91.0,106.0,-7.7,890ee67d-3c02-4504-a212-d62878c3b87b,POR,PHO,Home,109,104,1
Anfernee Simons,1,37.75,9,23,0.391,2,7,0.286,3,5,0.6,0,3,3,7,1,0,1,2,23,4.0,0.456,0.435,0.304,0.217,0.0,8.3,4.3,32.3,1.3,0.0,3.8,30.2,105.0,110.0,-0.5,890ee67d-3c02-4504-a212-d62878c3b87b,POR,PHO,Home,109,104,1
Jerami Grant,1,35.56666666666667,8,15,0.533,3,4,0.75,3,3,1.0,0,1,1,4,0,2,2,2,22,-10.0,0.674,0.633,0.267,0.2,0.0,2.9,1.5,19.1,0.0,3.8,10.9,22.4,127.0,112.0,5.6,890ee67d-3c02-4504-a212-d62878c3b87b,POR,PHO,Home,109,104,1
Toumani Camara,1,21.516666666666666,2,4,0.5,1,1,1.0,0,0,0.0,3,6,9,0,3,1,2,3,5,-8.0,0.625,0.625,0.25,0.0,15.6,29.1,22.6,0.0,6.8,3.1,33.3,12.1,99.0,89.0,4.2,890ee67d-3c02-4504-a212-d62878c3b87b,POR,PHO,Home,109,104,1
Shaedon Sharpe,1,8.216666666666667,0,1,0.0,0,0,0.0,0,0,0.0,0,1,1,0,0,0,0,2,0,1.0,0.0,0.0,0.0,0.0,0.0,12.7,6.6,0.0,0.0,0.0,0.0,5.3,0.0,110.0,-15.9,890ee67d-3c02-4504-a212-d62878c3b87b,POR,PHO,Home,109,104,1
Malcolm Brogdon,1,32.483333333333334,5,10,0.5,4,9,0.444,0,0,0.0,0,4,4,4,0,0,1,0,14,9.0,0.7,0.7,0.9,0.0,0.0,12.8,6.6,18.7,0.0,0.0,9.1,14.7,134.0,111.0,2.7,890ee67d-3c02-4504-a212-d62878c3b87b,POR,PHO,Home,109,104,1
Scoot Henderson,1,29.55,3,9,0.333,0,2,0.0,3,3,1.0,1,3,4,5,0,0,5,4,9,-5.0,0.436,0.333,0.222,0.333,3.8,10.6,7.3,23.8,0.0,0.0,32.6,22.5,79.0,111.0,-12.9,890ee67d-3c02-4504-a212-d62878c3b87b,POR,PHO,Home,109,104,1
Matisse Thybulle,1,20.85,2,3,0.667,2,3,0.667,2,2,1.0,0,1,1,0,3,1,0,0,8,17.0,1.031,1.0,1.0,0.667,0.0,5.0,2.6,0.0,7.0,3.2,0.0,8.1,204.0,97.0,15.9,890ee67d-3c02-4504-a212-d62878c3b87b,POR,PHO,Home,109,104,1
Jabari Walker,1,9.533333333333331,3,3,1.0,1,1,1.0,2,2,1.0,1,1,2,0,0,0,0,2,9,13.0,1.16,1.167,0.333,0.667,11.7,10.9,11.3,0.0,0.0,0.0,0.0,17.7,239.0,111.0,16.8,890ee67d-3c02-4504-a212-d62878c3b87b,POR,PHO,Home,109,104,1
Duop Reath,1,4.1,1,1,1.0,1,1,1.0,0,0,0.0,1,1,2,0,1,0,1,0,3,-3.0,1.5,1.5,1.0,0.0,27.2,25.5,26.3,0.0,11.9,0.0,50.0,21.2,107.0,82.0,25.2,890ee67d-3c02-4504-a212-d62878c3b87b,POR,PHO,Home,109,104,1
Moses Brown,0,0.0,0,0,0.0,0,0,0.0,0,0,0.0,0,0,0,0,0,0,0,0,0,0.0,0.0,0.0,0.0,0.0,0.0,0.0,0.0,0.0,0.0,0.0,0.0,0.0,0.0,0.0,0.0,890ee67d-3c02-4504-a212-d62878c3b87b,POR,PHO,Home,109,104,1
Skylar Mays,0,0.0,0,0,0.0,0,0,0.0,0,0,0.0,0,0,0,0,0,0,0,0,0,0.0,0.0,0.0,0.0,0.0,0.0,0.0,0.0,0.0,0.0,0.0,0.0,0.0,0.0,0.0,0.0,890ee67d-3c02-4504-a212-d62878c3b87b,POR,PHO,Home,109,104,1
Kris Murray,0,0.0,0,0,0.0,0,0,0.0,0,0,0.0,0,0,0,0,0,0,0,0,0,0.0,0.0,0.0,0.0,0.0,0.0,0.0,0.0,0.0,0.0,0.0,0.0,0.0,0.0,0.0,0.0,890ee67d-3c02-4504-a212-d62878c3b87b,POR,PHO,Home,109,104,1
Ish Wainright,0,0.0,0,0,0.0,0,0,0.0,0,0,0.0,0,0,0,0,0,0,0,0,0,0.0,0.0,0.0,0.0,0.0,0.0,0.0,0.0,0.0,0.0,0.0,0.0,0.0,0.0,0.0,0.0,890ee67d-3c02-4504-a212-d62878c3b87b,POR,PHO,Home,109,104,1
Anfernee Simons,1,37.833333333333336,15,28,0.536,7,14,0.5,4,5,0.8,1,3,4,7,0,0,3,2,41,-2.0,0.679,0.661,0.5,0.179,2.5,10.0,5.8,37.1,0.0,0.0,9.0,35.1,141.0,126.0,12.5,19725878-328e-4ed6-bfd2-1727790557a3,POR,WAS,Home,117,118,0
Deandre Ayton,1,34.9,10,21,0.476,0,0,0.0,3,4,0.75,10,6,16,2,0,1,5,3,23,-8.0,0.505,0.476,0.0,0.19,27.5,21.7,25.0,9.4,0.0,2.5,18.0,31.8,106.0,122.0,-7.3,19725878-328e-4ed6-bfd2-1727790557a3,POR,WAS,Home,117,118,0
Jerami Grant,1,32.233333333333334,6,14,0.429,4,7,0.571,4,7,0.571,1,1,2,4,1,0,2,4,20,-15.0,0.585,0.571,0.5,0.5,3.0,3.9,3.4,17.5,1.5,0.0,10.5,23.7,125.0,123.0,0.4,19725878-328e-4ed6-bfd2-1727790557a3,POR,WAS,Home,117,118,0
Malcolm Brogdon,1,27.75,3,8,0.375,1,3,0.333,0,0,0.0,0,2,2,4,1,0,1,3,7,-16.0,0.438,0.438,0.375,0.0,0.0,9.1,3.9,18.3,1.8,0.0,11.1,13.0,109.0,122.0,-7.7,19725878-328e-4ed6-bfd2-1727790557a3,POR,WAS,Home,117,118,0
Toumani Camara,1,17.95,2,3,0.667,0,1,0.0,0,0,0.0,1,2,3,0,1,0,0,3,4,-16.0,0.667,0.667,0.333,0.0,5.3,14.1,9.1,0.0,2.7,0.0,0.0,6.7,152.0,119.0,-4.3,19725878-328e-4ed6-bfd2-1727790557a3,POR,WAS,Home,117,118,0
Matisse Thybulle,1,29.78333333333333,0,3,0.0,0,2,0.0,0,0,0.0,2,2,4,2,3,3,0,2,0,19.0,0.0,0.0,0.667,0.0,6.4,8.5,7.3,7.5,4.9,9.0,0.0,4.0,82.0,109.0,2.1,19725878-328e-4ed6-bfd2-1727790557a3,POR,WAS,Home,117,118,0
Scoot Henderson,1,26.28333333333333,0,5,0.0,0,0,0.0,4,4,1.0,0,4,4,2,0,0,1,3,4,7.0,0.296,0.0,0.0,0.8,0.0,19.2,8.3,8.5,0.0,0.0,12.9,11.8,83.0,124.0,-15.3,19725878-328e-4ed6-bfd2-1727790557a3,POR,WAS,Home,117,118,0
Jabari Walker,1,23.616666666666667,3,6,0.5,1,2,0.5,1,2,0.5,4,7,11,3,1,1,2,3,8,18.0,0.581,0.583,0.333,0.333,16.3,37.4,25.4,16.5,2.1,3.8,22.5,15.0,120.0,114.0,2.4,19725878-328e-4ed6-bfd2-1727790557a3,POR,WAS,Home,117,118,0
Duop Reath,1,9.65,4,7,0.571,1,1,1.0,1,1,1.0,1,4,5,0,0,1,1,4,10,8.0,0.672,0.643,0.143,0.143,9.9,52.4,28.3,0.0,0.0,9.2,11.8,34.9,122.0,111.0,3.1,19725878-328e-4ed6-bfd2-1727790557a3,POR,WAS,Home,117,118,0
Moses Brown,0,0.0,0,0,0.0,0,0,0.0,0,0,0.0,0,0,0,0,0,0,0,0,0,0.0,0.0,0.0,0.0,0.0,0.0,0.0,0.0,0.0,0.0,0.0,0.0,0.0,0.0,0.0,0.0,19725878-328e-4ed6-bfd2-1727790557a3,POR,WAS,Home,117,118,0
Skylar Mays,0,0.0,0,0,0.0,0,0,0.0,0,0,0.0,0,0,0,0,0,0,0,0,0,0.0,0.0,0.0,0.0,0.0,0.0,0.0,0.0,0.0,0.0,0.0,0.0,0.0,0.0,0.0,0.0,19725878-328e-4ed6-bfd2-1727790557a3,POR,WAS,Home,117,118,0
Kris Murray,0,0.0,0,0,0.0,0,0,0.0,0,0,0.0,0,0,0,0,0,0,0,0,0,0.0,0.0,0.0,0.0,0.0,0.0,0.0,0.0,0.0,0.0,0.0,0.0,0.0,0.0,0.0,0.0,19725878-328e-4ed6-bfd2-1727790557a3,POR,WAS,Home,117,118,0
Ish Wainright,0,0.0,0,0,0.0,0,0,0.0,0,0,0.0,0,0,0,0,0,0,0,0,0,0.0,0.0,0.0,0.0,0.0,0.0,0.0,0.0,0.0,0.0,0.0,0.0,0.0,0.0,0.0,0.0,19725878-328e-4ed6-bfd2-1727790557a3,POR,WAS,Home,117,118,0
Malcolm Brogdon,1,36.93333333333333,8,14,0.571,1,4,0.25,0,0,0.0,2,4,6,12,3,1,2,2,17,-4.0,0.607,0.607,0.286,0.0,5.9,14.9,9.9,56.5,4.1,2.6,12.5,19.6,132.0,128.0,8.3,2aeea9e8-5cb5-4d3c-b441-d2bdfdc4ff8b,POR,GSW,Away,106,126,0
Anfernee Simons,1,34.083333333333336,7,17,0.412,7,13,0.538,4,4,1.0,0,2,2,2,1,0,1,0,25,-8.0,0.666,0.618,0.765,0.235,0.0,8.0,3.6,10.0,1.5,0.0,5.1,26.3,124.0,137.0,4.4,2aeea9e8-5cb5-4d3c-b441-d2bdfdc4ff8b,POR,GSW,Away,106,126,0
Jerami Grant,1,31.73333333333333,5,12,0.417,1,4,0.25,6,8,0.75,1,1,2,3,0,0,2,3,17,-20.0,0.548,0.458,0.333,0.667,3.4,4.3,3.8,14.9,0.0,0.0,11.4,25.0,108.0,141.0,-8.3,2aeea9e8-5cb5-4d3c-b441-d2bdfdc4ff8b,POR,GSW,Away,106,126,0
Deandre Ayton,1,28.9,6,12,0.5,0,0,0.0,1,3,0.333,1,5,6,2,3,0,1,2,13,2.0,0.488,0.5,0.0,0.25,3.8,23.7,12.6,11.8,5.2,0.0,7.0,22.4,97.0,125.0,-3.3,2aeea9e8-5cb5-4d3c-b441-d2bdfdc4ff8b,POR,GSW,Away,106,126,0
Toumani Camara,1,24.566666666666663,2,3,0.667,0,0,0.0,2,2,1.0,0,2,2,0,1,1,1,1,6,-2.0,0.773,0.667,0.0,0.667,0.0,11.2,4.9,0.0,2.0,3.9,20.5,9.0,118.0,133.0,-5.1,2aeea9e8-5cb5-4d3c-b441-d2bdfdc4ff8b,POR,GSW,Away,106,126,0
Scoot Henderson,1,22.8,4,9,0.444,2,4,0.5,2,4,0.5,0,1,1,2,3,0,2,4,12,-12.0,0.558,0.556,0.444,0.444,0.0,6.0,2.7,14.2,6.6,0.0,15.7,25.3,95.0,126.0,-2.8,2aeea9e8-5cb5-4d3c-b441-d2bdfdc4ff8b,POR,GSW,Away,106,126,0
Jabari Walker,1,17.7,2,4,0.5,0,2,0.0,1,2,0.5,2,3,5,0,0,1,1,2,5,-25.0,0.512,0.5,0.5,0.5,12.3,23.2,17.2,0.0,0.0,5.4,17.0,15.0,99.0,133.0,-10.5,2aeea9e8-5cb5-4d3c-b441-d2bdfdc4ff8b,POR,GSW,Away,106,126,0
Matisse Thybulle,1,16.466666666666665,2,6,0.333,1,5,0.2,0,0,0.0,1,1,2,2,1,0,0,0,5,-14.0,0.417,0.417,0.833,0.0,6.6,8.3,7.4,18.1,3.1,0.0,0.0,16.5,106.0,133.0,-2.3,2aeea9e8-5cb5-4d3c-b441-d2bdfdc4ff8b,POR,GSW,Away,106,126,0
Duop Reath,1,9.1,0,2,0.0,0,2,0.0,0,0,0.0,0,1,1,0,0,0,0,3,0,-13.0,0.0,0.0,1.0,0.0,0.0,15.1,6.7,0.0,0.0,0.0,0.0,10.0,0.0,138.0,-26.3,2aeea9e8-5cb5-4d3c-b441-d2bdfdc4ff8b,POR,GSW,Away,106,126,0
Kris Murray,1,4.633333333333333,1,1,1.0,0,0,0.0,0,0,0.0,1,1,2,0,1,0,0,2,2,-1.0,1.0,1.0,0.0,0.0,23.5,29.6,26.2,0.0,10.9,0.0,0.0,9.8,211.0,110.0,9.6,2aeea9e8-5cb5-4d3c-b441-d2bdfdc4ff8b,POR,GSW,Away,106,126,0
Skylar Mays,1,4.633333333333333,0,2,0.0,0,0,0.0,1,2,0.5,0,0,0,1,0,0,1,0,1,-1.0,0.174,0.0,0.0,1.0,0.0,0.0,0.0,27.3,0.0,0.0,25.8,37.9,42.0,142.0,-32.1,2aeea9e8-5cb5-4d3c-b441-d2bdfdc4ff8b,POR,GSW,Away,106,126,0
Rayan Rupert,1,4.633333333333333,0,1,0.0,0,0,0.0,0,0,0.0,0,0,0,2,0,0,0,0,0,-1.0,0.0,0.0,0.0,0.0,0.0,0.0,0.0,54.5,0.0,0.0,0.0,9.8,90.0,142.0,-3.7,2aeea9e8-5cb5-4d3c-b441-d2bdfdc4ff8b,POR,GSW,Away,106,126,0
Ish Wainright,1,3.8166666666666655,1,1,1.0,1,1,1.0,0,0,0.0,0,1,1,0,0,0,0,1,3,-1.0,1.5,1.5,1.0,0.0,0.0,35.9,15.9,0.0,0.0,0.0,0.0,11.9,300.0,133.0,14.3,2aeea9e8-5cb5-4d3c-b441-d2bdfdc4ff8b,POR,GSW,Away,106,126,0
Moses Brown,0,0.0,0,0,0.0,0,0,0.0,0,0,0.0,0,0,0,0,0,0,0,0,0,0.0,0.0,0.0,0.0,0.0,0.0,0.0,0.0,0.0,0.0,0.0,0.0,0.0,0.0,0.0,0.0,2aeea9e8-5cb5-4d3c-b441-d2bdfdc4ff8b,POR,GSW,Away,106,126,0
Anfernee Simons,1,34.516666666666666,12,25,0.48,5,12,0.417,0,0,0.0,0,4,4,3,1,0,2,2,29,4.0,0.58,0.58,0.48,0.0,0.0,13.6,6.5,12.9,1.5,0.0,7.4,33.0,118.0,120.0,1.0,f1c3a875-49bf-4254-90dc-91ddad9ebff4,POR,SAC,Home,130,113,1
Malcolm Brogdon,1,29.58333333333333,7,13,0.538,3,8,0.375,2,2,1.0,0,5,5,6,0,0,0,1,19,13.0,0.684,0.654,0.615,0.154,0.0,19.8,9.4,25.9,0.0,0.0,0.0,19.8,162.0,122.0,6.7,f1c3a875-49bf-4254-90dc-91ddad9ebff4,POR,SAC,Home,130,113,1
Jerami Grant,1,27.75,5,10,0.5,1,3,0.333,2,3,0.667,0,2,2,2,0,1,0,1,13,-3.0,0.574,0.55,0.3,0.3,0.0,8.4,4.0,8.6,0.0,3.4,0.0,17.2,134.0,122.0,-1.9,f1c3a875-49bf-4254-90dc-91ddad9ebff4,POR,SAC,Home,130,113,1
Toumani Camara,1,17.816666666666666,2,5,0.4,0,1,0.0,0,0,0.0,2,1,3,1,0,0,1,1,4,0.0,0.4,0.4,0.2,0.0,12.0,6.6,9.4,6.2,0.0,0.0,16.7,14.2,99.0,125.0,-10.1,f1c3a875-49bf-4254-90dc-91ddad9ebff4,POR,SAC,Home,130,113,1
Moses Brown,1,14.0,0,1,0.0,0,0,0.0,0,2,0.0,5,6,11,0,1,1,1,3,0,-5.0,0.0,0.0,0.0,2.0,38.1,50.2,43.9,0.0,3.6,6.7,34.7,8.7,92.0,101.0,-8.0,f1c3a875-49bf-4254-90dc-91ddad9ebff4,POR,SAC,Home,130,113,1
Duop Reath,1,32.06666666666667,9,15,0.6,3,6,0.5,4,4,1.0,5,4,9,0,1,1,1,3,25,24.0,0.746,0.7,0.4,0.267,16.6,14.6,15.7,0.0,1.6,2.9,5.6,23.4,156.0,118.0,6.7,f1c3a875-49bf-4254-90dc-91ddad9ebff4,POR,SAC,Home,130,113,1
Scoot Henderson,1,28.03333333333333,6,15,0.4,1,3,0.333,4,4,1.0,1,0,1,11,0,0,1,2,17,21.0,0.507,0.433,0.2,0.267,3.8,0.0,2.0,48.6,0.0,0.0,5.6,26.7,137.0,127.0,2.2,f1c3a875-49bf-4254-90dc-91ddad9ebff4,POR,SAC,Home,130,113,1
Matisse Thybulle,1,26.216666666666665,2,5,0.4,2,4,0.5,0,0,0.0,1,3,4,4,2,2,1,3,6,26.0,0.6,0.6,0.8,0.0,4.1,13.4,8.5,16.2,3.9,7.2,16.7,9.7,135.0,110.0,6.9,f1c3a875-49bf-4254-90dc-91ddad9ebff4,POR,SAC,Home,130,113,1
Jabari Walker,1,22.28333333333333,6,8,0.75,1,2,0.5,4,5,0.8,2,4,6,1,0,0,0,1,17,13.0,0.833,0.813,0.25,0.625,9.6,21.0,15.0,6.0,0.0,0.0,0.0,19.3,180.0,121.0,8.9,f1c3a875-49bf-4254-90dc-91ddad9ebff4,POR,SAC,Home,130,113,1
Ibou Badji,1,1.9333333333333331,0,0,0.0,0,0,0.0,0,0,0.0,0,0,0,0,0,0,0,0,0,-2.0,0.0,0.0,0.0,0.0,0.0,0.0,0.0,0.0,0.0,0.0,0.0,0.0,0.0,127.0,-7.6,f1c3a875-49bf-4254-90dc-91ddad9ebff4,POR,SAC,Home,130,113,1
Skylar Mays,1,1.9333333333333331,0,0,0.0,0,0,0.0,0,0,0.0,0,0,0,0,0,0,0,0,0,-2.0,0.0,0.0,0.0,0.0,0.0,0.0,0.0,0.0,0.0,0.0,0.0,0.0,0.0,127.0,-11.0,f1c3a875-49bf-4254-90dc-91ddad9ebff4,POR,SAC,Home,130,113,1
Kris Murray,1,1.9333333333333331,0,0,0.0,0,0,0.0,0,0,0.0,0,0,0,0,0,0,0,0,0,-2.0,0.0,0.0,0.0,0.0,0.0,0.0,0.0,0.0,0.0,0.0,0.0,0.0,0.0,127.0,-7.6,f1c3a875-49bf-4254-90dc-91ddad9ebff4,POR,SAC,Home,130,113,1
Ish Wainright,1,1.9333333333333331,0,1,0.0,0,1,0.0,0,0,0.0,0,1,1,0,0,0,0,0,0,-2.0,0.0,0.0,1.0,0.0,0.0,60.6,28.9,0.0,0.0,0.0,0.0,21.8,0.0,111.0,-27.9,f1c3a875-49bf-4254-90dc-91ddad9ebff4,POR,SAC,Home,130,113,1
Jerami Grant,1,40.516666666666666,9,21,0.429,1,5,0.2,10,13,0.769,3,7,10,5,0,0,4,4,29,-7.0,0.543,0.452,0.238,0.619,6.2,19.7,12.0,24.3,0.0,0.0,13.0,28.4,115.0,122.0,1.0,0992e5d7-12b7-4c54-b15e-8b524ae5f1ce,POR,SAS,Home,105,118,0
Malcolm Brogdon,1,36.78333333333333,10,19,0.526,6,8,0.75,3,5,0.6,1,5,6,6,1,0,1,1,29,-10.0,0.684,0.684,0.421,0.263,2.3,15.5,7.9,35.7,1.3,0.0,4.5,22.6,151.0,120.0,14.4,0992e5d7-12b7-4c54-b15e-8b524ae5f1ce,POR,SAS,Home,105,118,0
Scoot Henderson,1,36.31666666666667,8,23,0.348,3,7,0.429,6,6,1.0,2,1,3,4,1,0,6,5,25,-6.0,0.488,0.413,0.304,0.261,4.6,3.1,4.0,21.6,1.3,0.0,19.0,32.7,96.0,122.0,-4.7,0992e5d7-12b7-4c54-b15e-8b524ae5f1ce,POR,SAS,Home,105,118,0
Toumani Camara,1,21.066666666666663,0,5,0.0,0,1,0.0,1,2,0.5,3,4,7,0,0,0,1,1,1,-11.0,0.085,0.0,0.2,0.4,12.0,21.7,16.1,0.0,0.0,0.0,14.5,12.2,41.0,122.0,-15.9,0992e5d7-12b7-4c54-b15e-8b524ae5f1ce,POR,SAS,Home,105,118,0
Moses Brown,1,13.733333333333333,2,6,0.333,0,0,0.0,0,0,0.0,5,2,7,0,0,0,0,3,4,-8.0,0.333,0.333,0.0,0.0,30.7,16.6,24.7,0.0,0.0,0.0,0.0,16.4,109.0,123.0,-10.8,0992e5d7-12b7-4c54-b15e-8b524ae5f1ce,POR,SAS,Home,105,118,0
Jabari Walker,1,29.58333333333333,2,4,0.5,0,0,0.0,2,2,1.0,2,7,9,0,1,1,1,4,6,-18.0,0.615,0.5,0.0,0.5,5.7,27.0,14.8,0.0,1.6,3.3,17.0,7.4,120.0,115.0,-5.0,0992e5d7-12b7-4c54-b15e-8b524ae5f1ce,POR,SAS,Home,105,118,0
Matisse Thybulle,1,28.433333333333334,1,7,0.143,1,7,0.143,1,2,0.5,0,2,2,1,2,0,0,1,4,-6.0,0.254,0.214,1.0,0.286,0.0,8.0,3.4,5.1,3.4,0.0,0.0,10.4,74.0,117.0,-7.0,0992e5d7-12b7-4c54-b15e-8b524ae5f1ce,POR,SAS,Home,105,118,0
Ibou Badji,1,14.133333333333333,3,3,1.0,0,0,0.0,1,2,0.5,5,4,9,0,0,3,0,3,7,11.0,0.902,1.0,0.0,0.667,29.8,32.3,30.9,0.0,0.0,20.8,0.0,10.3,190.0,104.0,11.3,0992e5d7-12b7-4c54-b15e-8b524ae5f1ce,POR,SAS,Home,105,118,0
Skylar Mays,1,13.933333333333334,0,8,0.0,0,4,0.0,0,0,0.0,1,2,3,0,1,0,0,0,0,-9.0,0.0,0.0,0.5,0.0,6.0,16.4,10.4,0.0,3.5,0.0,0.0,21.5,8.0,115.0,-20.8,0992e5d7-12b7-4c54-b15e-8b524ae5f1ce,POR,SAS,Home,105,118,0
Ish Wainright,1,5.5,0,5,0.0,0,4,0.0,0,0,0.0,0,1,1,0,0,0,0,0,0,-1.0,0.0,0.0,0.8,0.0,0.0,20.8,8.8,0.0,0.0,0.0,0.0,34.1,0.0,122.0,-37.2,0992e5d7-12b7-4c54-b15e-8b524ae5f1ce,POR,SAS,Home,105,118,0
Duop Reath,1,0.0,0,0,0.0,0,0,0.0,0,0,0.0,0,0,0,0,0,0,0,0,0,0.0,0.0,0.0,0.0,0.0,0.0,0.0,0.0,0.0,0.0,0.0,0.0,0.0,0.0,0.0,0.0,0992e5d7-12b7-4c54-b15e-8b524ae5f1ce,POR,SAS,Home,105,118,0
Anfernee Simons,1,0.0,0,0,0.0,0,0,0.0,0,0,0.0,0,0,0,0,0,0,0,0,0,0.0,0.0,0.0,0.0,0.0,0.0,0.0,0.0,0.0,0.0,0.0,0.0,0.0,0.0,0.0,0.0,0992e5d7-12b7-4c54-b15e-8b524ae5f1ce,POR,SAS,Home,105,118,0
Jerami Grant,1,39.38333333333333,9,17,0.529,4,5,0.8,5,6,0.833,0,6,6,4,0,0,4,2,27,6.0,0.687,0.647,0.294,0.353,0.0,18.3,8.6,13.2,0.0,0.0,16.9,23.8,124.0,129.0,-3.6,0ef85932-2639-4d7a-a70a-33bc1c1a06ba,POR,SAS,Home,134,128,1
Scoot Henderson,1,36.68333333333333,9,21,0.429,3,5,0.6,1,2,0.5,4,3,7,11,1,1,4,5,22,-2.0,0.503,0.5,0.238,0.095,11.6,9.8,10.8,39.7,1.3,2.1,15.5,28.0,118.0,127.0,-2.4,0ef85932-2639-4d7a-a70a-33bc1c1a06ba,POR,SAS,Home,134,128,1
Malcolm Brogdon,1,36.6,9,18,0.5,5,7,0.714,4,4,1.0,0,1,1,7,1,0,1,2,27,16.0,0.683,0.639,0.389,0.222,0.0,3.3,1.5,25.4,1.3,0.0,4.8,22.5,152.0,131.0,3.7,0ef85932-2639-4d7a-a70a-33bc1c1a06ba,POR,SAS,Home,134,128,1
Toumani Camara,1,36.43333333333333,6,12,0.5,1,3,0.333,0,0,0.0,4,7,11,2,3,0,3,1,13,9.0,0.542,0.542,0.25,0.0,11.7,23.1,17.0,6.6,3.9,0.0,20.0,16.3,107.0,120.0,-3.9,0ef85932-2639-4d7a-a70a-33bc1c1a06ba,POR,SAS,Home,134,128,1
Moses Brown,1,3.6833333333333336,0,0,0.0,0,0,0.0,0,0,0.0,0,4,4,0,0,0,0,1,0,-2.0,0.0,0.0,0.0,0.0,0.0,100.0,61.3,0.0,0.0,0.0,0.0,0.0,0.0,97.0,-4.8,0ef85932-2639-4d7a-a70a-33bc1c1a06ba,POR,SAS,Home,134,128,1
Jabari Walker,1,29.75,7,11,0.636,1,2,0.5,10,13,0.769,6,3,9,1,1,1,1,4,25,12.0,0.748,0.682,0.182,1.182,21.5,12.1,17.1,4.4,1.6,2.6,5.6,23.7,161.0,126.0,3.3,0ef85932-2639-4d7a-a70a-33bc1c1a06ba,POR,SAS,Home,134,128,1
Matisse Thybulle,1,27.45,3,6,0.5,1,4,0.25,0,0,0.0,0,1,1,0,1,2,1,1,7,10.0,0.583,0.583,0.667,0.0,0.0,4.4,2.1,0.0,1.7,5.7,14.3,10.1,102.0,126.0,-4.6,0ef85932-2639-4d7a-a70a-33bc1c1a06ba,POR,SAS,Home,134,128,1
Skylar Mays,1,19.683333333333334,5,10,0.5,1,1,1.0,0,0,0.0,1,1,2,2,1,0,0,0,11,-9.0,0.55,0.55,0.1,0.0,5.4,6.1,5.7,13.6,2.4,0.0,0.0,20.2,133.0,128.0,-1.9,0ef85932-2639-4d7a-a70a-33bc1c1a06ba,POR,SAS,Home,134,128,1
Ibou Badji,1,10.333333333333334,0,0,0.0,0,0,0.0,2,2,1.0,1,1,2,1,0,2,0,3,2,-10.0,1.136,0.0,0.0,0.0,10.3,11.6,10.9,9.7,0.0,15.2,0.0,3.4,242.0,121.0,2.4,0ef85932-2639-4d7a-a70a-33bc1c1a06ba,POR,SAS,Home,134,128,1
Justin Minaya,0,0.0,0,0,0.0,0,0,0.0,0,0,0.0,0,0,0,0,0,0,0,0,0,0.0,0.0,0.0,0.0,0.0,0.0,0.0,0.0,0.0,0.0,0.0,0.0,0.0,0.0,0.0,0.0,0ef85932-2639-4d7a-a70a-33bc1c1a06ba,POR,SAS,Home,134,128,1
Kris Murray,0,0.0,0,0,0.0,0,0,0.0,0,0,0.0,0,0,0,0,0,0,0,0,0,0.0,0.0,0.0,0.0,0.0,0.0,0.0,0.0,0.0,0.0,0.0,0.0,0.0,0.0,0.0,0.0,0ef85932-2639-4d7a-a70a-33bc1c1a06ba,POR,SAS,Home,134,128,1
Rayan Rupert,0,0.0,0,0,0.0,0,0,0.0,0,0,0.0,0,0,0,0,0,0,0,0,0,0.0,0.0,0.0,0.0,0.0,0.0,0.0,0.0,0.0,0.0,0.0,0.0,0.0,0.0,0.0,0.0,0ef85932-2639-4d7a-a70a-33bc1c1a06ba,POR,SAS,Home,134,128,1
Ish Wainright,0,0.0,0,0,0.0,0,0,0.0,0,0,0.0,0,0,0,0,0,0,0,0,0,0.0,0.0,0.0,0.0,0.0,0.0,0.0,0.0,0.0,0.0,0.0,0.0,0.0,0.0,0.0,0.0,0ef85932-2639-4d7a-a70a-33bc1c1a06ba,POR,SAS,Home,134,128,1
Scoot Henderson,1,33.8,7,18,0.389,1,3,0.333,2,4,0.5,0,3,3,6,1,2,5,1,17,-18.0,0.43,0.417,0.167,0.222,0.0,10.9,5.1,37.0,1.4,5.6,20.2,33.1,76.0,110.0,-4.7,b9b9a0de-2e93-4bd4-8ffc-ed2f52bcb187,POR,PHO,Away,88,109,0
Matisse Thybulle,1,28.98333333333333,1,5,0.2,1,4,0.25,0,0,0.0,1,3,4,0,2,2,0,2,3,-10.0,0.3,0.3,0.8,0.0,3.8,12.7,8.0,0.0,3.4,6.5,0.0,7.8,71.0,105.0,-2.4,b9b9a0de-2e93-4bd4-8ffc-ed2f52bcb187,POR,PHO,Away,88,109,0
Jerami Grant,1,25.183333333333334,6,12,0.5,1,3,0.333,2,3,0.667,0,1,1,3,1,1,3,1,15,-13.0,0.563,0.542,0.25,0.25,0.0,4.9,2.3,26.5,1.9,3.7,18.4,29.2,93.0,112.0,0.1,b9b9a0de-2e93-4bd4-8ffc-ed2f52bcb187,POR,PHO,Away,88,109,0
Malcolm Brogdon,1,21.1,3,8,0.375,2,4,0.5,2,2,1.0,0,2,2,5,0,0,2,0,10,-5.0,0.563,0.5,0.5,0.25,0.0,11.7,5.5,43.5,0.0,0.0,18.4,23.3,104.0,117.0,-0.3,b9b9a0de-2e93-4bd4-8ffc-ed2f52bcb187,POR,PHO,Away,88,109,0
Moses Brown,1,15.7,1,2,0.5,0,0,0.0,0,0,0.0,0,6,6,1,0,1,2,2,2,-5.0,0.5,0.5,0.0,0.0,0.0,47.0,22.1,10.2,0.0,6.0,50.0,11.5,54.0,105.0,-7.9,b9b9a0de-2e93-4bd4-8ffc-ed2f52bcb187,POR,PHO,Away,88,109,0
Jabari Walker,1,25.1,3,7,0.429,0,2,0.0,4,6,0.667,2,7,9,0,1,0,1,2,10,-16.0,0.519,0.429,0.286,0.857,8.7,34.3,20.7,0.0,1.9,0.0,9.4,19.1,102.0,107.0,-4.6,b9b9a0de-2e93-4bd4-8ffc-ed2f52bcb187,POR,PHO,Away,88,109,0
Ibou Badji,1,23.416666666666668,2,2,1.0,0,0,0.0,0,0,0.0,0,5,5,1,0,1,2,6,4,-6.0,1.0,1.0,0.0,0.0,0.0,26.3,12.3,7.1,0.0,4.0,50.0,7.7,87.0,109.0,-8.2,b9b9a0de-2e93-4bd4-8ffc-ed2f52bcb187,POR,PHO,Away,88,109,0
Kris Murray,1,19.016666666666666,3,5,0.6,0,2,0.0,0,0,0.0,1,1,2,1,1,1,0,2,6,-11.0,0.6,0.6,0.4,0.0,5.7,6.5,6.1,9.9,2.6,4.9,0.0,11.9,126.0,109.0,1.8,b9b9a0de-2e93-4bd4-8ffc-ed2f52bcb187,POR,PHO,Away,88,109,0
Shaedon Sharpe,1,18.016666666666666,2,8,0.25,0,5,0.0,2,2,1.0,1,0,1,1,0,0,1,0,6,-14.0,0.338,0.25,0.625,0.25,6.1,0.0,3.2,9.6,0.0,0.0,10.1,24.7,72.0,120.0,-12.5,b9b9a0de-2e93-4bd4-8ffc-ed2f52bcb187,POR,PHO,Away,88,109,0
Skylar Mays,1,17.483333333333334,3,8,0.375,1,3,0.333,0,0,0.0,1,1,2,3,0,1,1,1,7,-10.0,0.438,0.438,0.375,0.0,6.2,7.0,6.6,33.3,0.0,5.4,11.1,23.2,92.0,114.0,-2.1,b9b9a0de-2e93-4bd4-8ffc-ed2f52bcb187,POR,PHO,Away,88,109,0
Ish Wainright,1,12.183333333333334,2,5,0.4,2,4,0.5,2,2,1.0,0,1,1,0,0,1,1,2,8,3.0,0.68,0.6,0.8,0.4,0.0,10.1,4.7,0.0,0.0,7.7,14.5,25.5,108.0,111.0,1.6,b9b9a0de-2e93-4bd4-8ffc-ed2f52bcb187,POR,PHO,Away,88,109,0
Toumani Camara,0,0.0,0,0,0.0,0,0,0.0,0,0,0.0,0,0,0,0,0,0,0,0,0,0.0,0.0,0.0,0.0,0.0,0.0,0.0,0.0,0.0,0.0,0.0,0.0,0.0,0.0,0.0,0.0,b9b9a0de-2e93-4bd4-8ffc-ed2f52bcb187,POR,PHO,Away,88,109,0
Scoot Henderson,1,32.53333333333333,2,11,0.182,1,4,0.25,2,4,0.5,1,4,5,7,0,0,6,4,7,-28.0,0.274,0.227,0.364,0.364,3.2,13.7,8.3,33.3,0.0,0.0,32.0,23.3,60.0,123.0,-15.1,9da516ab-7637-4c4c-a85e-ae5300cfe112,POR,DAL,Away,97,126,0
Anfernee Simons,1,27.0,5,16,0.313,1,7,0.143,4,4,1.0,1,4,5,3,0,0,2,1,15,-31.0,0.422,0.344,0.438,0.25,3.9,16.5,10.0,21.2,0.0,0.0,10.1,29.6,89.0,123.0,-5.1,9da516ab-7637-4c4c-a85e-ae5300cfe112,POR,DAL,Away,97,126,0
Toumani Camara,1,20.1,3,8,0.375,2,4,0.5,2,3,0.667,2,3,5,0,2,1,2,6,10,-11.0,0.536,0.5,0.5,0.375,10.4,16.7,13.4,0.0,4.6,4.4,17.7,22.8,93.0,109.0,-0.9,9da516ab-7637-4c4c-a85e-ae5300cfe112,POR,DAL,Away,97,126,0
Jerami Grant,1,19.6,4,9,0.444,1,3,0.333,1,3,0.333,0,1,1,2,0,0,3,3,10,-13.0,0.484,0.5,0.333,0.333,0.0,5.7,2.8,20.2,0.0,0.0,22.5,27.5,78.0,124.0,-9.6,9da516ab-7637-4c4c-a85e-ae5300cfe112,POR,DAL,Away,97,126,0
Ibou Badji,1,14.85,0,2,0.0,0,0,0.0,0,0,0.0,3,1,4,0,0,2,4,6,0,-28.0,0.0,0.0,0.0,0.0,21.1,7.5,14.5,0.0,0.0,12.0,66.7,16.3,26.0,114.0,-23.6,9da516ab-7637-4c4c-a85e-ae5300cfe112,POR,DAL,Away,97,126,0
Matisse Thybulle,1,23.383333333333333,4,6,0.667,4,6,0.667,0,0,0.0,0,2,2,1,1,0,0,4,12,-2.0,1.0,1.0,1.0,0.0,0.0,9.5,4.6,8.0,2.0,0.0,0.0,10.4,183.0,119.0,8.7,9da516ab-7637-4c4c-a85e-ae5300cfe112,POR,DAL,Away,97,126,0
Shaedon Sharpe,1,22.433333333333334,6,12,0.5,1,5,0.2,3,3,1.0,1,3,4,0,0,0,0,3,16,-12.0,0.601,0.542,0.417,0.25,4.7,14.9,9.6,0.0,0.0,0.0,0.0,24.0,123.0,123.0,1.3,9da516ab-7637-4c4c-a85e-ae5300cfe112,POR,DAL,Away,97,126,0
Ish Wainright,1,17.35,3,5,0.6,3,5,0.6,0,0,0.0,0,5,5,0,1,0,0,0,9,2.0,0.9,0.9,1.0,0.0,0.0,32.2,15.5,0.0,2.6,0.0,0.0,11.7,160.0,115.0,11.8,9da516ab-7637-4c4c-a85e-ae5300cfe112,POR,DAL,Away,97,126,0
Jabari Walker,1,16.833333333333332,1,3,0.333,0,1,0.0,2,2,1.0,1,4,5,4,0,0,1,2,4,-13.0,0.515,0.333,0.333,0.667,6.2,26.5,16.0,36.6,0.0,0.0,20.5,11.7,119.0,122.0,3.0,9da516ab-7637-4c4c-a85e-ae5300cfe112,POR,DAL,Away,97,126,0
Malcolm Brogdon,1,16.816666666666666,2,6,0.333,0,3,0.0,1,1,1.0,0,2,2,2,0,0,0,1,5,-12.0,0.388,0.333,0.5,0.167,0.0,13.3,6.4,20.2,0.0,0.0,0.0,15.5,97.0,124.0,-6.8,9da516ab-7637-4c4c-a85e-ae5300cfe112,POR,DAL,Away,97,126,0
Kris Murray,1,14.6,1,3,0.333,0,1,0.0,0,0,0.0,0,1,1,2,0,0,1,0,2,0.0,0.333,0.333,0.333,0.0,0.0,7.6,3.7,21.4,0.0,0.0,25.0,11.1,72.0,125.0,-5.9,9da516ab-7637-4c4c-a85e-ae5300cfe112,POR,DAL,Away,97,126,0
Skylar Mays,1,8.433333333333334,2,4,0.5,0,0,0.0,1,2,0.5,1,4,5,1,0,0,1,0,5,3.0,0.512,0.5,0.0,0.5,12.4,52.9,32.0,25.2,0.0,0.0,17.0,28.2,96.0,118.0,-0.1,9da516ab-7637-4c4c-a85e-ae5300cfe112,POR,DAL,Away,97,126,0
Duop Reath,1,6.066666666666666,1,2,0.5,0,1,0.0,0,0,0.0,0,2,2,1,0,0,2,4,2,0.0,0.5,0.5,0.5,0.0,0.0,36.8,17.8,30.3,0.0,0.0,50.0,26.7,56.0,118.0,-22.0,9da516ab-7637-4c4c-a85e-ae5300cfe112,POR,DAL,Away,97,126,0
Scoot Henderson,1,33.21666666666667,7,15,0.467,3,7,0.429,0,0,0.0,1,2,3,10,1,0,1,0,17,-26.0,0.567,0.567,0.467,0.0,2.8,6.9,4.6,50.0,1.3,0.0,6.3,19.2,126.0,131.0,2.7,15d7cf99-8b80-4a22-b71a-8539659a436e,POR,DAL,Away,103,139,0
Duop Reath,1,26.883333333333333,7,12,0.583,1,3,0.333,1,2,0.5,4,3,7,2,0,0,3,3,16,-16.0,0.621,0.625,0.25,0.167,13.7,12.8,13.3,13.5,0.0,0.0,18.9,23.5,106.0,133.0,-6.0,15d7cf99-8b80-4a22-b71a-8539659a436e,POR,DAL,Away,103,139,0
Toumani Camara,1,24.216666666666665,4,10,0.4,2,7,0.286,0,1,0.0,1,6,7,1,1,0,2,2,10,-11.0,0.479,0.5,0.7,0.1,3.8,28.3,14.8,6.4,1.8,0.0,16.1,20.5,81.0,126.0,-8.4,15d7cf99-8b80-4a22-b71a-8539659a436e,POR,DAL,Away,103,139,0
Anfernee Simons,1,23.05,1,8,0.125,1,4,0.25,3,3,1.0,0,5,5,4,0,0,2,1,6,-14.0,0.322,0.188,0.5,0.375,0.0,24.8,11.1,22.6,0.0,0.0,17.7,19.6,73.0,131.0,-14.9,15d7cf99-8b80-4a22-b71a-8539659a436e,POR,DAL,Away,103,139,0
Jerami Grant,1,22.55,6,11,0.545,2,3,0.667,4,5,0.8,0,1,1,3,3,1,1,1,18,-24.0,0.682,0.636,0.273,0.455,0.0,5.1,2.3,24.3,5.9,3.7,7.0,25.1,130.0,118.0,11.6,15d7cf99-8b80-4a22-b71a-8539659a436e,POR,DAL,Away,103,139,0
Shaedon Sharpe,1,23.683333333333334,5,15,0.333,1,6,0.167,4,4,1.0,1,4,5,2,0,1,2,2,15,-11.0,0.447,0.367,0.4,0.267,3.9,19.3,10.8,14.0,0.0,3.5,10.7,31.6,89.0,129.0,-8.8,15d7cf99-8b80-4a22-b71a-8539659a436e,POR,DAL,Away,103,139,0
Kris Murray,1,20.016666666666666,4,8,0.5,2,3,0.667,0,0,0.0,2,2,4,1,2,0,1,0,10,-17.0,0.625,0.625,0.375,0.0,9.2,11.4,10.2,8.2,4.4,0.0,11.1,17.9,113.0,123.0,2.5,15d7cf99-8b80-4a22-b71a-8539659a436e,POR,DAL,Away,103,139,0
Rayan Rupert,1,18.566666666666663,3,5,0.6,1,2,0.5,0,0,0.0,1,2,3,0,0,0,2,3,7,-12.0,0.7,0.7,0.4,0.0,5.0,12.3,8.3,0.0,0.0,0.0,28.6,15.0,90.0,132.0,-11.8,15d7cf99-8b80-4a22-b71a-8539659a436e,POR,DAL,Away,103,139,0
Ibou Badji,1,17.716666666666665,0,1,0.0,0,0,0.0,0,0,0.0,0,2,2,1,0,0,1,3,0,-19.0,0.0,0.0,0.0,0.0,0.0,12.9,5.8,6.9,0.0,0.0,50.0,4.5,26.0,132.0,-15.8,15d7cf99-8b80-4a22-b71a-8539659a436e,POR,DAL,Away,103,139,0
Malcolm Brogdon,1,16.4,2,8,0.25,0,4,0.0,0,2,0.0,0,3,3,3,1,0,3,0,4,-16.0,0.225,0.25,0.5,0.25,0.0,20.9,9.3,26.5,2.7,0.0,25.3,28.9,47.0,126.0,-19.6,15d7cf99-8b80-4a22-b71a-8539659a436e,POR,DAL,Away,103,139,0
Matisse Thybulle,1,13.683333333333334,0,2,0.0,0,1,0.0,0,0,0.0,0,2,2,0,1,1,0,0,0,-14.0,0.0,0.0,0.5,0.0,0.0,16.7,7.5,0.0,3.2,6.0,0.0,5.8,0.0,121.0,-8.9,15d7cf99-8b80-4a22-b71a-8539659a436e,POR,DAL,Away,103,139,0
Skylar Mays,0,0.0,0,0,0.0,0,0,0.0,0,0,0.0,0,0,0,0,0,0,0,0,0,0.0,0.0,0.0,0.0,0.0,0.0,0.0,0.0,0.0,0.0,0.0,0.0,0.0,0.0,0.0,0.0,15d7cf99-8b80-4a22-b71a-8539659a436e,POR,DAL,Away,103,139,0
Ish Wainright,0,0.0,0,0,0.0,0,0,0.0,0,0,0.0,0,0,0,0,0,0,0,0,0,0.0,0.0,0.0,0.0,0.0,0.0,0.0,0.0,0.0,0.0,0.0,0.0,0.0,0.0,0.0,0.0,15d7cf99-8b80-4a22-b71a-8539659a436e,POR,DAL,Away,103,139,0
Anfernee Simons,1,45.38333333333333,13,25,0.52,5,10,0.5,7,8,0.875,0,4,4,11,0,0,2,2,38,7.0,0.666,0.62,0.4,0.32,0.0,12.3,5.7,43.1,0.0,0.0,6.6,30.4,142.0,126.0,8.1,d8d9939c-ebca-4877-8868-b9ba34b76364,POR,BRK,Away,134,127,1
Jerami Grant,1,42.45,11,24,0.458,3,7,0.429,2,2,1.0,0,2,2,1,1,1,0,2,27,0.0,0.543,0.521,0.292,0.083,0.0,6.6,3.0,4.0,1.2,2.3,0.0,26.5,114.0,123.0,-2.5,d8d9939c-ebca-4877-8868-b9ba34b76364,POR,BRK,Away,134,127,1
Duop Reath,1,40.766666666666666,5,10,0.5,3,4,0.75,2,3,0.667,3,10,13,1,1,3,1,4,15,4.0,0.663,0.65,0.4,0.3,8.9,34.2,20.6,3.4,1.2,7.2,8.1,13.7,136.0,114.0,2.1,d8d9939c-ebca-4877-8868-b9ba34b76364,POR,BRK,Away,134,127,1
Scoot Henderson,1,29.55,3,8,0.375,2,3,0.667,2,2,1.0,1,2,3,4,0,0,2,2,10,-12.0,0.563,0.5,0.375,0.25,4.1,9.4,6.6,18.1,0.0,0.0,18.4,16.7,115.0,126.0,-5.9,d8d9939c-ebca-4877-8868-b9ba34b76364,POR,BRK,Away,134,127,1
Toumani Camara,1,28.516666666666666,1,4,0.25,0,2,0.0,3,4,0.75,1,5,6,1,1,0,2,4,5,0.0,0.434,0.25,0.5,1.0,4.2,24.5,13.6,4.3,1.8,0.0,25.8,12.3,83.0,119.0,-9.7,d8d9939c-ebca-4877-8868-b9ba34b76364,POR,BRK,Away,134,127,1
Shaedon Sharpe,1,40.16666666666666,7,14,0.5,3,6,0.5,4,7,0.571,0,1,1,1,2,1,0,2,21,14.0,0.615,0.607,0.429,0.5,0.0,3.5,1.6,3.7,2.5,2.4,0.0,19.2,128.0,120.0,1.1,d8d9939c-ebca-4877-8868-b9ba34b76364,POR,BRK,Away,134,127,1
Malcolm Brogdon,1,21.683333333333334,5,8,0.625,4,6,0.667,4,4,1.0,1,2,3,2,0,0,0,0,18,17.0,0.922,0.875,0.75,0.5,5.6,12.9,8.9,14.9,0.0,0.0,0.0,20.4,193.0,126.0,15.2,d8d9939c-ebca-4877-8868-b9ba34b76364,POR,BRK,Away,134,127,1
Ibou Badji,1,9.333333333333334,0,0,0.0,0,0,0.0,0,0,0.0,2,1,3,0,0,0,0,3,0,3.0,0.0,0.0,0.0,0.0,25.8,14.9,20.8,0.0,0.0,0.0,0.0,0.0,237.0,125.0,-9.9,d8d9939c-ebca-4877-8868-b9ba34b76364,POR,BRK,Away,134,127,1
Kris Murray,1,7.15,0,2,0.0,0,0,0.0,0,0,0.0,1,2,3,0,0,0,2,1,0,2.0,0.0,0.0,0.0,0.0,16.8,39.0,27.1,0.0,0.0,0.0,50.0,25.3,23.0,120.0,-31.6,d8d9939c-ebca-4877-8868-b9ba34b76364,POR,BRK,Away,134,127,1
Justin Minaya,0,0.0,0,0,0.0,0,0,0.0,0,0,0.0,0,0,0,0,0,0,0,0,0,0.0,0.0,0.0,0.0,0.0,0.0,0.0,0.0,0.0,0.0,0.0,0.0,0.0,0.0,0.0,0.0,d8d9939c-ebca-4877-8868-b9ba34b76364,POR,BRK,Away,134,127,1
Rayan Rupert,0,0.0,0,0,0.0,0,0,0.0,0,0,0.0,0,0,0,0,0,0,0,0,0,0.0,0.0,0.0,0.0,0.0,0.0,0.0,0.0,0.0,0.0,0.0,0.0,0.0,0.0,0.0,0.0,d8d9939c-ebca-4877-8868-b9ba34b76364,POR,BRK,Away,134,127,1
Jabari Walker,0,0.0,0,0,0.0,0,0,0.0,0,0,0.0,0,0,0,0,0,0,0,0,0,0.0,0.0,0.0,0.0,0.0,0.0,0.0,0.0,0.0,0.0,0.0,0.0,0.0,0.0,0.0,0.0,d8d9939c-ebca-4877-8868-b9ba34b76364,POR,BRK,Away,134,127,1
Jerami Grant,1,27.83333333333333,8,16,0.5,1,4,0.25,4,6,0.667,0,2,2,0,0,0,1,2,21,-31.0,0.563,0.531,0.25,0.375,0.0,7.5,3.5,0.0,0.0,0.0,5.1,31.1,107.0,128.0,-0.8,2f62203f-1dcd-434c-addb-5bef3d35c2d3,POR,NYK,Away,84,112,0
Anfernee Simons,1,26.666666666666668,4,14,0.286,2,7,0.286,2,2,1.0,0,4,4,3,0,0,3,2,12,-26.0,0.403,0.357,0.5,0.143,0.0,15.7,7.3,20.9,0.0,0.0,16.8,29.5,76.0,124.0,-9.9,2f62203f-1dcd-434c-addb-5bef3d35c2d3,POR,NYK,Away,84,112,0
Toumani Camara,1,25.5,2,4,0.5,1,3,0.333,0,0,0.0,3,3,6,2,1,2,2,3,5,-3.0,0.625,0.625,0.75,0.0,10.9,12.3,11.5,12.9,2.0,9.2,33.3,10.4,101.0,117.0,-0.3,2f62203f-1dcd-434c-addb-5bef3d35c2d3,POR,NYK,Away,84,112,0
Scoot Henderson,1,24.866666666666667,3,8,0.375,1,3,0.333,1,2,0.5,0,3,3,4,1,0,3,2,8,-26.0,0.45,0.438,0.375,0.25,0.0,12.6,5.9,28.4,2.0,0.0,25.3,21.1,78.0,120.0,-7.7,2f62203f-1dcd-434c-addb-5bef3d35c2d3,POR,NYK,Away,84,112,0
Duop Reath,1,20.75,3,6,0.5,1,3,0.333,0,0,0.0,1,5,6,0,0,0,0,2,7,-20.0,0.583,0.583,0.5,0.0,4.4,25.1,14.2,0.0,0.0,0.0,0.0,12.7,120.0,119.0,-4.3,2f62203f-1dcd-434c-addb-5bef3d35c2d3,POR,NYK,Away,84,112,0
Ibou Badji,1,27.25,2,5,0.4,0,0,0.0,0,2,0.0,3,4,7,3,2,2,1,2,4,-8.0,0.34,0.4,0.0,0.4,10.2,15.3,12.6,17.9,3.7,8.6,14.5,11.1,87.0,111.0,0.1,2f62203f-1dcd-434c-addb-5bef3d35c2d3,POR,NYK,Away,84,112,0
Shaedon Sharpe,1,21.95,4,8,0.5,0,2,0.0,1,1,1.0,1,3,4,4,2,1,1,1,9,-23.0,0.533,0.5,0.25,0.125,4.2,14.3,8.9,36.1,4.6,5.3,10.6,19.0,112.0,111.0,8.3,2f62203f-1dcd-434c-addb-5bef3d35c2d3,POR,NYK,Away,84,112,0
Kris Murray,1,16.366666666666667,3,10,0.3,0,3,0.0,3,3,1.0,2,1,3,1,1,0,1,0,9,6.0,0.398,0.3,0.3,0.3,11.3,6.4,9.0,12.1,3.1,0.0,8.1,33.2,88.0,121.0,-3.3,2f62203f-1dcd-434c-addb-5bef3d35c2d3,POR,NYK,Away,84,112,0
Malcolm Brogdon,1,13.133333333333333,1,5,0.2,0,0,0.0,0,0,0.0,0,1,1,0,0,0,1,2,2,-13.0,0.2,0.2,0.0,0.0,0.0,7.9,3.7,0.0,0.0,0.0,16.7,20.1,36.0,127.0,-24.1,2f62203f-1dcd-434c-addb-5bef3d35c2d3,POR,NYK,Away,84,112,0
Rayan Rupert,1,12.0,2,5,0.4,0,1,0.0,0,0,0.0,1,4,5,1,0,0,1,0,4,8.0,0.4,0.4,0.2,0.0,7.7,34.8,20.4,16.0,0.0,0.0,16.7,22.0,79.0,115.0,-6.6,2f62203f-1dcd-434c-addb-5bef3d35c2d3,POR,NYK,Away,84,112,0
Justin Minaya,1,12.0,1,4,0.25,0,2,0.0,1,2,0.5,1,0,1,1,0,1,1,1,3,8.0,0.307,0.25,0.5,0.5,7.7,0.0,4.1,13.8,0.0,9.8,17.0,21.6,68.0,127.0,-9.4,2f62203f-1dcd-434c-addb-5bef3d35c2d3,POR,NYK,Away,84,112,0
Matisse Thybulle,1,11.683333333333334,0,1,0.0,0,1,0.0,0,0,0.0,0,1,1,0,1,1,0,0,0,-12.0,0.0,0.0,1.0,0.0,0.0,8.9,4.2,0.0,4.3,10.0,0.0,3.8,0.0,112.0,-2.7,2f62203f-1dcd-434c-addb-5bef3d35c2d3,POR,NYK,Away,84,112,0
Toumani Camara,1,31.916666666666668,2,9,0.222,1,6,0.167,1,2,0.5,2,3,5,1,2,2,2,3,6,-38.0,0.304,0.278,0.667,0.222,4.7,12.2,7.4,6.0,2.9,5.2,16.8,15.3,61.0,131.0,-10.7,0c1c57c1-2a56-4ec0-ac9c-7826a6204661,POR,OKC,Away,77,139,0
Scoot Henderson,1,31.2,4,21,0.19,1,9,0.111,4,6,0.667,2,4,6,2,1,0,3,3,13,-56.0,0.275,0.214,0.429,0.286,4.8,16.6,9.1,14.1,1.5,0.0,11.3,35.0,58.0,137.0,-15.2,0c1c57c1-2a56-4ec0-ac9c-7826a6204661,POR,OKC,Away,77,139,0
Jerami Grant,1,24.75,4,10,0.4,1,3,0.333,0,0,0.0,0,2,2,2,1,1,0,2,9,-40.0,0.45,0.45,0.3,0.0,0.0,10.5,3.8,19.2,1.9,3.3,0.0,16.6,97.0,135.0,-4.7,0c1c57c1-2a56-4ec0-ac9c-7826a6204661,POR,OKC,Away,77,139,0
Duop Reath,1,24.316666666666663,3,9,0.333,1,4,0.25,1,2,0.5,2,5,7,2,0,1,0,2,8,-49.0,0.405,0.389,0.444,0.222,6.2,26.7,13.7,17.9,0.0,3.4,0.0,16.7,96.0,137.0,-5.5,0c1c57c1-2a56-4ec0-ac9c-7826a6204661,POR,OKC,Away,77,139,0
Anfernee Simons,1,20.15,4,13,0.308,4,8,0.5,2,4,0.5,1,2,3,2,0,0,3,2,14,-36.0,0.474,0.462,0.615,0.308,3.7,12.9,7.1,25.8,0.0,0.0,16.9,36.1,83.0,141.0,-3.8,0c1c57c1-2a56-4ec0-ac9c-7826a6204661,POR,OKC,Away,77,139,0
Kris Murray,1,23.25,4,10,0.4,1,5,0.2,0,0,0.0,3,2,5,0,1,0,0,0,9,-22.0,0.45,0.45,0.5,0.0,9.7,11.2,10.2,0.0,2.0,0.0,0.0,17.6,99.0,137.0,-4.3,0c1c57c1-2a56-4ec0-ac9c-7826a6204661,POR,OKC,Away,77,139,0
Shaedon Sharpe,1,21.28333333333333,3,14,0.214,1,6,0.167,0,0,0.0,3,3,6,1,0,0,1,3,7,-39.0,0.25,0.25,0.429,0.0,10.6,18.3,13.4,10.6,0.0,0.0,6.7,28.9,59.0,140.0,-16.1,0c1c57c1-2a56-4ec0-ac9c-7826a6204661,POR,OKC,Away,77,139,0
Ibou Badji,1,19.05,0,0,0.0,0,0,0.0,0,0,0.0,0,3,3,2,0,3,0,3,0,-15.0,0.0,0.0,0.0,0.0,0.0,20.4,7.5,18.0,0.0,13.0,0.0,0.0,239.0,130.0,-7.2,0c1c57c1-2a56-4ec0-ac9c-7826a6204661,POR,OKC,Away,77,139,0
Matisse Thybulle,1,18.53333333333333,1,5,0.2,0,4,0.0,2,2,1.0,0,0,0,1,1,0,0,1,4,-10.0,0.34,0.2,0.8,0.4,0.0,0.0,0.0,10.2,2.5,0.0,0.0,13.0,81.0,137.0,-11.2,0c1c57c1-2a56-4ec0-ac9c-7826a6204661,POR,OKC,Away,77,139,0
Justin Minaya,1,13.55,2,5,0.4,0,2,0.0,0,0,0.0,0,2,2,1,2,1,0,0,4,-5.0,0.4,0.4,0.4,0.0,0.0,19.1,7.0,16.9,6.9,6.1,0.0,15.1,88.0,120.0,2.8,0c1c57c1-2a56-4ec0-ac9c-7826a6204661,POR,OKC,Away,77,139,0
Rayan Rupert,1,12.0,1,5,0.2,1,2,0.5,0,0,0.0,0,3,3,2,0,0,0,0,3,0.0,0.3,0.3,0.4,0.0,0.0,32.4,11.9,33.3,0.0,0.0,0.0,17.1,78.0,139.0,-6.8,0c1c57c1-2a56-4ec0-ac9c-7826a6204661,POR,OKC,Away,77,139,0
Malcolm Brogdon,1,0.0,0,0,0.0,0,0,0.0,0,0,0.0,0,0,0,0,0,0,0,0,0,0.0,0.0,0.0,0.0,0.0,0.0,0.0,0.0,0.0,0.0,0.0,0.0,0.0,0.0,0.0,0.0,0c1c57c1-2a56-4ec0-ac9c-7826a6204661,POR,OKC,Away,77,139,0
Jerami Grant,1,30.53333333333333,4,15,0.267,2,7,0.286,3,3,1.0,0,0,0,1,2,0,0,3,13,-36.0,0.398,0.333,0.467,0.2,0.0,0.0,0.0,6.6,3.2,0.0,0.0,23.1,88.0,120.0,-4.6,7cb33d4d-71eb-4047-a95d-c812e6206141,POR,MIN,Away,93,116,0
Anfernee Simons,1,28.816666666666663,0,10,0.0,0,2,0.0,5,5,1.0,0,2,2,3,0,1,3,0,5,-35.0,0.205,0.0,0.2,0.5,0.0,9.3,4.0,16.7,0.0,3.4,19.7,22.8,48.0,123.0,-16.1,7cb33d4d-71eb-4047-a95d-c812e6206141,POR,MIN,Away,93,116,0
Scoot Henderson,1,25.183333333333334,3,4,0.75,0,0,0.0,2,7,0.286,0,2,2,4,0,0,6,2,8,-27.0,0.565,0.75,0.0,1.75,0.0,10.6,4.6,31.4,0.0,0.0,45.9,22.5,67.0,125.0,-13.7,7cb33d4d-71eb-4047-a95d-c812e6206141,POR,MIN,Away,93,116,0
Toumani Camara,1,24.78333333333333,5,8,0.625,1,3,0.333,3,4,0.75,2,3,5,0,0,1,3,1,14,-16.0,0.717,0.688,0.375,0.5,8.2,16.1,11.7,0.0,0.0,4.0,23.5,22.3,107.0,122.0,0.2,7cb33d4d-71eb-4047-a95d-c812e6206141,POR,MIN,Away,93,116,0
Duop Reath,1,23.883333333333333,6,14,0.429,2,6,0.333,0,3,0.0,3,3,6,0,1,1,1,4,14,-20.0,0.457,0.5,0.429,0.214,12.8,16.7,14.5,0.0,2.1,4.1,6.1,29.6,89.0,116.0,-2.6,7cb33d4d-71eb-4047-a95d-c812e6206141,POR,MIN,Away,93,116,0
Jabari Walker,1,32.46666666666667,6,11,0.545,1,2,0.5,4,4,1.0,2,11,13,3,1,0,4,4,17,2.0,0.666,0.591,0.182,0.364,6.3,45.2,23.2,21.0,1.5,0.0,23.9,22.3,108.0,116.0,2.2,7cb33d4d-71eb-4047-a95d-c812e6206141,POR,MIN,Away,93,116,0
Malcolm Brogdon,1,25.9,2,7,0.286,2,5,0.4,3,4,0.75,0,2,2,3,0,0,1,1,9,-8.0,0.514,0.429,0.714,0.571,0.0,10.3,4.5,21.1,0.0,0.0,10.2,16.3,107.0,125.0,-4.1,7cb33d4d-71eb-4047-a95d-c812e6206141,POR,MIN,Away,93,116,0
Matisse Thybulle,1,14.366666666666667,1,3,0.333,1,2,0.5,0,0,0.0,0,1,1,0,2,0,0,1,3,-14.0,0.5,0.5,0.667,0.0,0.0,9.3,4.0,0.0,6.9,0.0,0.0,9.0,100.0,110.0,2.5,7cb33d4d-71eb-4047-a95d-c812e6206141,POR,MIN,Away,93,116,0
Justin Minaya,1,9.466666666666669,1,1,1.0,1,1,1.0,0,0,0.0,0,0,0,2,1,1,0,0,3,13.0,1.5,1.5,1.0,0.0,0.0,0.0,0.0,40.7,5.2,10.3,0.0,4.6,274.0,108.0,24.7,7cb33d4d-71eb-4047-a95d-c812e6206141,POR,MIN,Away,93,116,0
Kris Murray,1,9.466666666666669,0,1,0.0,0,0,0.0,2,2,1.0,0,0,0,1,1,0,0,0,2,13.0,0.532,0.0,0.0,2.0,0.0,0.0,0.0,16.9,5.2,0.0,0.0,8.6,137.0,116.0,4.6,7cb33d4d-71eb-4047-a95d-c812e6206141,POR,MIN,Away,93,116,0
Ibou Badji,1,8.5,1,1,1.0,0,0,0.0,0,0,0.0,3,3,6,0,0,1,1,3,2,2.0,1.0,1.0,0.0,0.0,36.0,47.1,40.8,0.0,0.0,11.5,50.0,10.2,124.0,110.0,-3.4,7cb33d4d-71eb-4047-a95d-c812e6206141,POR,MIN,Away,93,116,0
Rayan Rupert,1,6.633333333333333,1,2,0.5,0,0,0.0,1,2,0.5,0,1,1,1,0,0,0,0,3,11.0,0.521,0.5,0.0,1.0,0.0,20.1,8.7,31.8,0.0,0.0,0.0,18.8,120.0,124.0,2.2,7cb33d4d-71eb-4047-a95d-c812e6206141,POR,MIN,Away,93,116,0
Anfernee Simons,1,40.91666666666666,8,18,0.444,6,12,0.5,6,7,0.857,0,5,5,5,0,0,3,2,28,-11.0,0.664,0.611,0.667,0.389,0.0,18.9,7.6,19.2,0.0,0.0,12.5,25.3,127.0,139.0,-0.2,c5583147-8fb6-4fbb-aa5f-885a293d818a,POR,PHO,Home,116,127,0
Scoot Henderson,1,39.9,11,31,0.355,4,9,0.444,7,9,0.778,4,3,7,9,3,0,3,3,33,-12.0,0.472,0.419,0.29,0.29,10.5,11.6,10.9,40.4,3.8,0.0,7.9,40.9,112.0,131.0,1.2,c5583147-8fb6-4fbb-aa5f-885a293d818a,POR,PHO,Home,116,127,0
Duop Reath,1,38.98333333333333,7,15,0.467,2,6,0.333,1,1,1.0,2,4,6,1,2,1,2,4,17,-2.0,0.551,0.533,0.4,0.067,5.4,15.9,9.6,3.9,2.6,2.6,11.5,19.2,107.0,132.0,-5.7,c5583147-8fb6-4fbb-aa5f-885a293d818a,POR,PHO,Home,116,127,0
Jabari Walker,1,28.83333333333333,4,6,0.667,2,3,0.667,1,2,0.5,2,6,8,1,0,0,1,2,11,-15.0,0.799,0.833,0.5,0.333,7.2,32.2,17.3,5.0,0.0,0.0,12.7,11.7,145.0,138.0,-1.5,c5583147-8fb6-4fbb-aa5f-885a293d818a,POR,PHO,Home,116,127,0
Toumani Camara,1,22.716666666666665,1,4,0.25,0,2,0.0,0,0,0.0,2,0,2,2,0,0,0,1,2,-6.0,0.25,0.25,0.5,0.0,9.2,0.0,5.5,11.2,0.0,0.0,0.0,7.6,108.0,142.0,-9.6,c5583147-8fb6-4fbb-aa5f-885a293d818a,POR,PHO,Home,116,127,0
Kris Murray,1,37.03333333333333,5,9,0.556,3,6,0.5,0,1,0.0,0,1,1,3,3,0,3,2,13,-9.0,0.689,0.722,0.667,0.111,0.0,4.2,1.7,11.6,4.1,0.0,24.1,14.4,107.0,131.0,-0.9,c5583147-8fb6-4fbb-aa5f-885a293d818a,POR,PHO,Home,116,127,0
Justin Minaya,1,17.183333333333334,0,1,0.0,0,1,0.0,1,2,0.5,0,2,2,0,0,0,0,5,1,-4.0,0.266,0.0,1.0,2.0,0.0,18.0,7.3,0.0,0.0,0.0,0.0,4.7,63.0,139.0,-16.0,c5583147-8fb6-4fbb-aa5f-885a293d818a,POR,PHO,Home,116,127,0
Rayan Rupert,1,14.416666666666666,4,5,0.8,3,3,1.0,0,0,0.0,2,3,5,2,0,0,1,2,11,4.0,1.1,1.1,0.6,0.0,14.5,32.2,21.6,25.0,0.0,0.0,16.7,17.9,179.0,137.0,15.7,c5583147-8fb6-4fbb-aa5f-885a293d818a,POR,PHO,Home,116,127,0
Malcolm Brogdon,1,0.0,0,0,0.0,0,0,0.0,0,0,0.0,0,0,0,0,0,0,0,0,0,0.0,0.0,0.0,0.0,0.0,0.0,0.0,0.0,0.0,0.0,0.0,0.0,0.0,0.0,0.0,0.0,c5583147-8fb6-4fbb-aa5f-885a293d818a,POR,PHO,Home,116,127,0
Moses Brown,1,0.0,0,0,0.0,0,0,0.0,0,0,0.0,0,0,0,0,0,0,0,0,0,0.0,0.0,0.0,0.0,0.0,0.0,0.0,0.0,0.0,0.0,0.0,0.0,0.0,0.0,0.0,0.0,c5583147-8fb6-4fbb-aa5f-885a293d818a,POR,PHO,Home,116,127,0
Jerami Grant,1,0.0,0,0,0.0,0,0,0.0,0,0,0.0,0,0,0,0,0,0,0,0,0,0.0,0.0,0.0,0.0,0.0,0.0,0.0,0.0,0.0,0.0,0.0,0.0,0.0,0.0,0.0,0.0,c5583147-8fb6-4fbb-aa5f-885a293d818a,POR,PHO,Home,116,127,0
Matisse Thybulle,1,0.0,0,0,0.0,0,0,0.0,0,0,0.0,0,0,0,0,0,0,0,0,0,0.0,0.0,0.0,0.0,0.0,0.0,0.0,0.0,0.0,0.0,0.0,0.0,0.0,0.0,0.0,0.0,c5583147-8fb6-4fbb-aa5f-885a293d818a,POR,PHO,Home,116,127,0
Anfernee Simons,1,38.766666666666666,8,20,0.4,1,7,0.143,3,4,0.75,0,4,4,4,0,0,0,2,20,11.0,0.46,0.425,0.35,0.2,0.0,13.4,6.7,15.4,0.0,0.0,0.0,26.6,109.0,120.0,-4.4,72f6c3fc-2194-4254-9676-79df202992e3,POR,BRK,Home,105,103,1
Jerami Grant,1,35.583333333333336,14,26,0.538,2,4,0.5,0,0,0.0,4,4,8,1,0,0,2,1,30,12.0,0.577,0.577,0.154,0.0,14.6,14.6,14.6,5.8,0.0,0.0,7.1,37.3,116.0,120.0,2.5,72f6c3fc-2194-4254-9676-79df202992e3,POR,BRK,Home,105,103,1
Malcolm Brogdon,1,30.28333333333333,6,12,0.5,2,6,0.333,2,2,1.0,0,5,5,6,1,0,0,2,16,-2.0,0.621,0.583,0.5,0.167,0.0,21.4,10.7,29.3,1.8,0.0,0.0,20.2,146.0,115.0,8.0,72f6c3fc-2194-4254-9676-79df202992e3,POR,BRK,Home,105,103,1
Jabari Walker,1,29.866666666666667,1,4,0.25,1,1,1.0,1,2,0.5,0,6,6,0,1,0,0,2,4,-6.0,0.41,0.375,0.25,0.5,0.0,26.1,13.0,0.0,1.8,0.0,0.0,7.8,92.0,114.0,-5.3,72f6c3fc-2194-4254-9676-79df202992e3,POR,BRK,Home,105,103,1
Duop Reath,1,25.33333333333333,7,9,0.778,2,4,0.5,1,1,1.0,2,5,7,3,0,0,1,4,17,5.0,0.9,0.889,0.444,0.111,10.2,25.6,17.9,19.8,0.0,0.0,9.6,19.6,168.0,117.0,12.5,72f6c3fc-2194-4254-9676-79df202992e3,POR,BRK,Home,105,103,1
Scoot Henderson,1,23.4,1,6,0.167,0,2,0.0,5,5,1.0,1,2,3,3,0,0,5,0,7,-13.0,0.427,0.167,0.333,0.833,5.5,11.1,8.3,15.4,0.0,0.0,37.9,26.8,72.0,121.0,-15.4,72f6c3fc-2194-4254-9676-79df202992e3,POR,BRK,Home,105,103,1
Matisse Thybulle,1,20.616666666666667,1,4,0.25,1,3,0.333,0,0,0.0,0,0,0,3,0,0,0,3,3,-3.0,0.375,0.375,0.75,0.0,0.0,0.0,0.0,17.6,0.0,0.0,0.0,9.2,113.0,122.0,-5.8,72f6c3fc-2194-4254-9676-79df202992e3,POR,BRK,Home,105,103,1
Toumani Camara,1,20.45,3,4,0.75,0,0,0.0,0,0,0.0,2,4,6,1,0,0,0,2,6,5.0,0.75,0.75,0.0,0.0,12.7,25.4,19.0,6.7,0.0,0.0,0.0,9.3,168.0,118.0,1.5,72f6c3fc-2194-4254-9676-79df202992e3,POR,BRK,Home,105,103,1
Ibou Badji,1,13.116666666666667,1,1,1.0,0,0,0.0,0,0,0.0,1,1,2,0,0,2,0,0,2,2.0,1.0,1.0,0.0,0.0,9.9,9.9,9.9,0.0,0.0,20.9,0.0,3.6,207.0,108.0,4.3,72f6c3fc-2194-4254-9676-79df202992e3,POR,BRK,Home,105,103,1
Kris Murray,1,2.55,0,0,0.0,0,0,0.0,0,0,0.0,0,0,0,0,0,0,1,0,0,-1.0,0.0,0.0,0.0,0.0,0.0,0.0,0.0,0.0,0.0,0.0,100.0,18.6,0.0,123.0,-27.4,72f6c3fc-2194-4254-9676-79df202992e3,POR,BRK,Home,105,103,1
Deandre Ayton,1,0.0,0,0,0.0,0,0,0.0,0,0,0.0,0,0,0,0,0,0,0,0,0,0.0,0.0,0.0,0.0,0.0,0.0,0.0,0.0,0.0,0.0,0.0,0.0,0.0,0.0,0.0,0.0,72f6c3fc-2194-4254-9676-79df202992e3,POR,BRK,Home,105,103,1
Justin Minaya,0,0.0,0,0,0.0,0,0,0.0,0,0,0.0,0,0,0,0,0,0,0,0,0,0.0,0.0,0.0,0.0,0.0,0.0,0.0,0.0,0.0,0.0,0.0,0.0,0.0,0.0,0.0,0.0,72f6c3fc-2194-4254-9676-79df202992e3,POR,BRK,Home,105,103,1
Rayan Rupert,0,0.0,0,0,0.0,0,0,0.0,0,0,0.0,0,0,0,0,0,0,0,0,0,0.0,0.0,0.0,0.0,0.0,0.0,0.0,0.0,0.0,0.0,0.0,0.0,0.0,0.0,0.0,0.0,72f6c3fc-2194-4254-9676-79df202992e3,POR,BRK,Home,105,103,1
Jerami Grant,1,42.61666666666667,14,28,0.5,1,4,0.25,8,11,0.727,1,3,4,3,1,2,1,2,37,2.0,0.563,0.518,0.143,0.393,2.8,7.7,5.4,12.9,1.1,5.1,3.0,35.2,119.0,113.0,3.1,3ad288fb-3b25-4504-afa5-2ad6b7ce6da0,POR,IND,Home,118,115,1
Jabari Walker,1,41.11666666666667,4,11,0.364,0,2,0.0,5,6,0.833,2,10,12,3,0,1,0,3,13,3.0,0.477,0.364,0.182,0.545,5.8,26.5,16.7,9.4,0.0,2.7,0.0,14.7,119.0,114.0,-2.2,3ad288fb-3b25-4504-afa5-2ad6b7ce6da0,POR,IND,Home,118,115,1
Malcolm Brogdon,1,37.28333333333333,9,18,0.5,2,4,0.5,10,10,1.0,1,6,7,6,1,1,1,3,30,-7.0,0.67,0.556,0.222,0.556,3.2,17.6,10.7,25.4,1.3,2.9,4.3,27.8,143.0,113.0,9.0,3ad288fb-3b25-4504-afa5-2ad6b7ce6da0,POR,IND,Home,118,115,1
Deandre Ayton,1,30.2,6,15,0.4,0,0,0.0,0,0,0.0,2,6,8,1,0,2,1,1,12,-14.0,0.4,0.4,0.0,0.0,7.9,21.7,15.1,4.9,0.0,7.2,6.3,23.5,89.0,112.0,-7.4,3ad288fb-3b25-4504-afa5-2ad6b7ce6da0,POR,IND,Home,118,115,1
Matisse Thybulle,1,27.866666666666667,1,2,0.5,0,1,0.0,2,2,1.0,0,1,1,2,1,2,0,3,4,-14.0,0.694,0.5,0.5,1.0,0.0,3.9,2.1,8.6,1.7,7.8,0.0,4.6,161.0,110.0,1.5,3ad288fb-3b25-4504-afa5-2ad6b7ce6da0,POR,IND,Home,118,115,1
Toumani Camara,1,18.566666666666663,1,3,0.333,0,0,0.0,2,2,1.0,1,3,4,0,0,0,1,2,4,11.0,0.515,0.333,0.0,0.667,6.5,17.6,12.3,0.0,0.0,0.0,20.5,11.6,98.0,117.0,-8.9,3ad288fb-3b25-4504-afa5-2ad6b7ce6da0,POR,IND,Home,118,115,1
Duop Reath,1,17.633333333333333,1,1,1.0,0,0,0.0,1,2,0.5,2,3,5,2,0,2,0,4,3,18.0,0.798,1.0,0.0,2.0,13.6,18.6,16.2,13.9,0.0,12.4,0.0,4.7,184.0,108.0,3.1,3ad288fb-3b25-4504-afa5-2ad6b7ce6da0,POR,IND,Home,118,115,1
Kris Murray,1,14.483333333333333,2,2,1.0,1,1,1.0,0,0,0.0,0,3,3,0,0,0,3,1,5,8.0,1.25,1.25,0.5,0.0,0.0,22.6,11.8,0.0,0.0,0.0,60.0,15.3,75.0,117.0,-6.0,3ad288fb-3b25-4504-afa5-2ad6b7ce6da0,POR,IND,Home,118,115,1
Scoot Henderson,1,7.866666666666667,4,4,1.0,0,0,0.0,2,2,1.0,0,2,2,1,0,1,2,2,10,8.0,1.025,1.0,0.0,0.5,0.0,27.7,14.5,34.7,0.0,13.9,29.1,38.7,135.0,105.0,15.7,3ad288fb-3b25-4504-afa5-2ad6b7ce6da0,POR,IND,Home,118,115,1
Justin Minaya,1,2.3666666666666667,0,0,0.0,0,0,0.0,0,0,0.0,0,1,1,0,0,0,0,0,0,0.0,0.0,0.0,0.0,0.0,0.0,46.1,24.1,0.0,0.0,0.0,0.0,0.0,0.0,113.0,-2.2,3ad288fb-3b25-4504-afa5-2ad6b7ce6da0,POR,IND,Home,118,115,1
Ibou Badji,0,0.0,0,0,0.0,0,0,0.0,0,0,0.0,0,0,0,0,0,0,0,0,0,0.0,0.0,0.0,0.0,0.0,0.0,0.0,0.0,0.0,0.0,0.0,0.0,0.0,0.0,0.0,0.0,3ad288fb-3b25-4504-afa5-2ad6b7ce6da0,POR,IND,Home,118,115,1
Rayan Rupert,0,0.0,0,0,0.0,0,0,0.0,0,0,0.0,0,0,0,0,0,0,0,0,0,0.0,0.0,0.0,0.0,0.0,0.0,0.0,0.0,0.0,0.0,0.0,0.0,0.0,0.0,0.0,0.0,3ad288fb-3b25-4504-afa5-2ad6b7ce6da0,POR,IND,Home,118,115,1
Malcolm Brogdon,1,32.55,8,17,0.471,3,4,0.75,4,5,0.8,1,6,7,9,0,1,1,3,23,-14.0,0.599,0.559,0.235,0.294,3.3,25.3,12.9,43.9,0.0,2.8,5.0,26.9,132.0,137.0,7.0,1727fde9-210e-4846-a327-eb824a90393a,POR,LAL,Away,110,134,0
Jerami Grant,1,32.55,6,15,0.4,0,3,0.0,5,5,1.0,1,2,3,3,1,1,1,3,17,-14.0,0.494,0.4,0.2,0.333,3.3,8.4,5.5,13.3,1.5,2.8,5.5,24.2,108.0,137.0,-4.9,1727fde9-210e-4846-a327-eb824a90393a,POR,LAL,Away,110,134,0
Anfernee Simons,1,30.08333333333333,8,15,0.533,3,7,0.429,0,0,0.0,0,2,2,3,0,0,4,4,19,-24.0,0.633,0.633,0.467,0.0,0.0,9.1,4.0,16.4,0.0,0.0,21.1,27.4,99.0,142.0,-7.6,1727fde9-210e-4846-a327-eb824a90393a,POR,LAL,Away,110,134,0
Jabari Walker,1,22.35,5,8,0.625,1,2,0.5,1,2,0.5,3,4,7,0,0,0,0,0,12,-30.0,0.676,0.688,0.25,0.25,14.3,24.5,18.8,0.0,0.0,0.0,0.0,17.2,144.0,139.0,0.0,1727fde9-210e-4846-a327-eb824a90393a,POR,LAL,Away,110,134,0
Deandre Ayton,1,22.316666666666663,3,7,0.429,0,0,0.0,0,0,0.0,1,3,4,0,0,0,1,3,6,-17.0,0.429,0.429,0.0,0.0,4.8,18.4,10.8,0.0,0.0,0.0,12.5,15.5,82.0,141.0,-15.2,1727fde9-210e-4846-a327-eb824a90393a,POR,LAL,Away,110,134,0
Scoot Henderson,1,23.133333333333333,1,6,0.167,0,3,0.0,2,2,1.0,0,1,1,2,0,0,3,1,4,-8.0,0.291,0.167,0.5,0.333,0.0,5.9,2.6,10.4,0.0,0.0,30.4,18.5,53.0,143.0,-20.7,1727fde9-210e-4846-a327-eb824a90393a,POR,LAL,Away,110,134,0
Toumani Camara,1,22.666666666666668,2,5,0.4,0,2,0.0,1,2,0.5,1,4,5,1,2,0,1,3,5,5.0,0.425,0.4,0.4,0.4,4.7,24.2,13.2,5.6,4.3,0.0,14.5,13.1,88.0,129.0,-7.1,1727fde9-210e-4846-a327-eb824a90393a,POR,LAL,Away,110,134,0
Duop Reath,1,22.366666666666667,6,9,0.667,2,4,0.5,2,2,1.0,2,1,3,4,0,1,1,3,16,-8.0,0.81,0.778,0.444,0.222,9.5,6.1,8.0,29.5,0.0,4.0,9.2,21.1,156.0,140.0,10.5,1727fde9-210e-4846-a327-eb824a90393a,POR,LAL,Away,110,134,0
Matisse Thybulle,1,12.3,0,1,0.0,0,1,0.0,0,0,0.0,0,0,0,2,3,0,0,0,0,-8.0,0.0,0.0,1.0,0.0,0.0,0.0,0.0,18.6,11.9,0.0,0.0,3.5,86.0,117.0,7.0,1727fde9-210e-4846-a327-eb824a90393a,POR,LAL,Away,110,134,0
Rayan Rupert,1,6.133333333333334,2,5,0.4,0,2,0.0,2,2,1.0,1,0,1,0,0,0,0,0,6,-1.0,0.51,0.4,0.4,0.4,17.4,0.0,9.8,0.0,0.0,0.0,0.0,41.5,116.0,144.0,-4.6,1727fde9-210e-4846-a327-eb824a90393a,POR,LAL,Away,110,134,0
Kris Murray,1,6.133333333333334,0,0,0.0,0,0,0.0,0,0,0.0,0,1,1,0,0,1,0,0,0,-1.0,0.0,0.0,0.0,0.0,0.0,22.4,9.8,0.0,0.0,14.8,0.0,0.0,0.0,130.0,-0.6,1727fde9-210e-4846-a327-eb824a90393a,POR,LAL,Away,110,134,0
Taze Moore,1,4.1,1,2,0.5,0,1,0.0,0,0,0.0,0,0,0,0,1,0,0,1,2,-1.0,0.5,0.5,0.5,0.0,0.0,0.0,0.0,0.0,11.9,0.0,0.0,21.1,99.0,117.0,0.8,1727fde9-210e-4846-a327-eb824a90393a,POR,LAL,Away,110,134,0
Ibou Badji,1,3.3166666666666664,0,0,0.0,0,0,0.0,0,0,0.0,0,1,1,0,0,1,0,0,0,1.0,0.0,0.0,0.0,0.0,0.0,41.3,18.1,0.0,0.0,27.3,0.0,0.0,0.0,118.0,3.1,1727fde9-210e-4846-a327-eb824a90393a,POR,LAL,Away,110,134,0
Malcolm Brogdon,1,35.233333333333334,5,12,0.417,2,4,0.5,6,6,1.0,0,2,2,7,0,1,7,2,18,-8.0,0.615,0.5,0.333,0.5,0.0,6.2,3.1,31.6,0.0,2.1,32.3,25.8,98.0,115.0,-4.4,398ea9bc-a6a5-4ec3-bd3b-5ade7ce7e728,POR,OKC,Away,109,111,0
Jabari Walker,1,33.78333333333333,6,14,0.429,2,7,0.286,0,0,0.0,6,7,13,0,0,1,1,0,14,-7.0,0.5,0.5,0.5,0.0,18.9,22.6,20.8,0.0,0.0,2.2,6.7,18.7,110.0,112.0,-1.8,398ea9bc-a6a5-4ec3-bd3b-5ade7ce7e728,POR,OKC,Away,109,111,0
Anfernee Simons,1,33.13333333333333,5,12,0.417,4,9,0.444,3,4,0.75,0,3,3,5,0,1,4,3,17,-15.0,0.618,0.583,0.75,0.333,0.0,9.9,4.9,24.3,0.0,2.2,22.5,22.5,105.0,114.0,-1.3,398ea9bc-a6a5-4ec3-bd3b-5ade7ce7e728,POR,OKC,Away,109,111,0
Jerami Grant,1,29.8,6,10,0.6,4,5,0.8,2,4,0.5,0,5,5,1,1,1,1,0,18,-8.0,0.765,0.8,0.5,0.4,0.0,18.3,9.0,5.9,1.6,2.4,7.8,18.0,132.0,109.0,8.7,398ea9bc-a6a5-4ec3-bd3b-5ade7ce7e728,POR,OKC,Away,109,111,0
Deandre Ayton,1,27.066666666666663,2,7,0.286,0,0,0.0,1,2,0.5,2,5,7,2,0,0,3,2,5,-9.0,0.317,0.286,0.0,0.286,7.9,20.2,13.9,10.6,0.0,0.0,27.6,16.9,68.0,114.0,-11.8,398ea9bc-a6a5-4ec3-bd3b-5ade7ce7e728,POR,OKC,Away,109,111,0
Scoot Henderson,1,25.933333333333334,7,18,0.389,2,6,0.333,3,3,1.0,0,4,4,7,1,0,1,5,19,17.0,0.492,0.444,0.333,0.167,0.0,16.8,8.3,53.9,1.8,0.0,4.9,32.9,116.0,110.0,2.1,398ea9bc-a6a5-4ec3-bd3b-5ade7ce7e728,POR,OKC,Away,109,111,0
Duop Reath,1,20.73333333333333,3,5,0.6,2,3,0.667,2,2,1.0,1,3,4,3,1,1,2,3,10,7.0,0.85,0.8,0.6,0.4,5.1,15.8,10.4,23.1,2.3,3.5,25.4,16.0,135.0,106.0,8.9,398ea9bc-a6a5-4ec3-bd3b-5ade7ce7e728,POR,OKC,Away,109,111,0
Matisse Thybulle,1,19.9,3,6,0.5,2,5,0.4,0,0,0.0,1,2,3,1,1,1,0,2,8,8.0,0.667,0.667,0.833,0.0,5.4,11.0,8.1,8.1,2.4,3.7,0.0,12.7,142.0,108.0,7.2,398ea9bc-a6a5-4ec3-bd3b-5ade7ce7e728,POR,OKC,Away,109,111,0
Toumani Camara,1,14.416666666666666,0,2,0.0,0,0,0.0,0,0,0.0,2,3,5,1,2,0,0,2,0,5.0,0.0,0.0,0.0,0.0,14.8,22.7,18.7,9.0,6.6,0.0,0.0,5.8,85.0,99.0,-0.1,398ea9bc-a6a5-4ec3-bd3b-5ade7ce7e728,POR,OKC,Away,109,111,0
Ibou Badji,0,0.0,0,0,0.0,0,0,0.0,0,0,0.0,0,0,0,0,0,0,0,0,0,0.0,0.0,0.0,0.0,0.0,0.0,0.0,0.0,0.0,0.0,0.0,0.0,0.0,0.0,0.0,0.0,398ea9bc-a6a5-4ec3-bd3b-5ade7ce7e728,POR,OKC,Away,109,111,0
Taze Moore,0,0.0,0,0,0.0,0,0,0.0,0,0,0.0,0,0,0,0,0,0,0,0,0,0.0,0.0,0.0,0.0,0.0,0.0,0.0,0.0,0.0,0.0,0.0,0.0,0.0,0.0,0.0,0.0,398ea9bc-a6a5-4ec3-bd3b-5ade7ce7e728,POR,OKC,Away,109,111,0
Kris Murray,0,0.0,0,0,0.0,0,0,0.0,0,0,0.0,0,0,0,0,0,0,0,0,0,0.0,0.0,0.0,0.0,0.0,0.0,0.0,0.0,0.0,0.0,0.0,0.0,0.0,0.0,0.0,0.0,398ea9bc-a6a5-4ec3-bd3b-5ade7ce7e728,POR,OKC,Away,109,111,0
Rayan Rupert,0,0.0,0,0,0.0,0,0,0.0,0,0,0.0,0,0,0,0,0,0,0,0,0,0.0,0.0,0.0,0.0,0.0,0.0,0.0,0.0,0.0,0.0,0.0,0.0,0.0,0.0,0.0,0.0,398ea9bc-a6a5-4ec3-bd3b-5ade7ce7e728,POR,OKC,Away,109,111,0
Jerami Grant,1,42.73333333333333,5,12,0.417,2,5,0.4,9,11,0.818,0,5,5,9,0,2,1,0,21,15.0,0.624,0.5,0.417,0.917,0.0,14.4,7.3,25.5,0.0,4.3,5.6,18.4,146.0,128.0,5.3,28bdbb04-0323-4860-b39f-d32a48657798,POR,HOU,Away,137,131,1
Malcolm Brogdon,1,41.45,8,19,0.421,3,7,0.429,0,0,0.0,1,1,2,6,0,0,2,2,19,2.0,0.5,0.5,0.368,0.0,3.0,3.0,3.0,19.3,0.0,0.0,9.5,22.3,111.0,133.0,-7.0,28bdbb04-0323-4860-b39f-d32a48657798,POR,HOU,Away,137,131,1
Anfernee Simons,1,40.73333333333333,13,20,0.65,4,9,0.444,3,3,1.0,2,4,6,5,0,0,3,3,33,15.0,0.774,0.75,0.45,0.15,6.2,12.1,9.2,19.7,0.0,0.0,12.3,26.2,143.0,132.0,5.3,28bdbb04-0323-4860-b39f-d32a48657798,POR,HOU,Away,137,131,1
Deandre Ayton,1,40.73333333333333,8,13,0.615,0,0,0.0,2,2,1.0,6,11,17,3,1,2,1,3,18,15.0,0.648,0.615,0.0,0.154,18.6,33.3,26.0,9.9,1.3,4.5,6.7,16.1,147.0,122.0,2.7,28bdbb04-0323-4860-b39f-d32a48657798,POR,HOU,Away,137,131,1
Jabari Walker,1,23.766666666666666,2,4,0.5,1,2,0.5,4,4,1.0,1,6,7,1,0,0,2,4,9,7.0,0.781,0.625,0.5,1.0,5.3,31.1,18.4,4.9,0.0,0.0,25.8,14.4,127.0,129.0,-4.7,28bdbb04-0323-4860-b39f-d32a48657798,POR,HOU,Away,137,131,1
Scoot Henderson,1,23.816666666666663,4,12,0.333,1,5,0.2,2,2,1.0,0,1,1,3,0,0,2,0,11,-5.0,0.427,0.375,0.417,0.167,0.0,5.2,2.6,16.2,0.0,0.0,13.4,27.5,92.0,133.0,-13.1,28bdbb04-0323-4860-b39f-d32a48657798,POR,HOU,Away,137,131,1
Matisse Thybulle,1,22.366666666666667,5,7,0.714,3,4,0.75,0,0,0.0,1,3,4,1,3,0,1,3,13,-9.0,0.929,0.929,0.571,0.0,5.6,16.5,11.2,6.2,6.9,0.0,12.5,15.7,156.0,116.0,12.6,28bdbb04-0323-4860-b39f-d32a48657798,POR,HOU,Away,137,131,1
Toumani Camara,1,17.116666666666667,1,4,0.25,0,0,0.0,2,2,1.0,1,3,4,1,2,0,0,3,4,-1.0,0.41,0.25,0.0,0.5,7.4,21.6,14.6,6.6,6.0,0.0,0.0,12.5,118.0,117.0,-2.9,28bdbb04-0323-4860-b39f-d32a48657798,POR,HOU,Away,137,131,1
Duop Reath,1,12.266666666666667,4,7,0.571,1,3,0.333,0,0,0.0,1,1,2,2,0,0,0,0,9,-9.0,0.643,0.643,0.429,0.0,10.3,10.0,10.2,26.4,0.0,0.0,0.0,25.1,148.0,132.0,8.2,28bdbb04-0323-4860-b39f-d32a48657798,POR,HOU,Away,137,131,1
Ibou Badji,0,0.0,0,0,0.0,0,0,0.0,0,0,0.0,0,0,0,0,0,0,0,0,0,0.0,0.0,0.0,0.0,0.0,0.0,0.0,0.0,0.0,0.0,0.0,0.0,0.0,0.0,0.0,0.0,28bdbb04-0323-4860-b39f-d32a48657798,POR,HOU,Away,137,131,1
Taze Moore,0,0.0,0,0,0.0,0,0,0.0,0,0,0.0,0,0,0,0,0,0,0,0,0,0.0,0.0,0.0,0.0,0.0,0.0,0.0,0.0,0.0,0.0,0.0,0.0,0.0,0.0,0.0,0.0,28bdbb04-0323-4860-b39f-d32a48657798,POR,HOU,Away,137,131,1
Kris Murray,0,0.0,0,0,0.0,0,0,0.0,0,0,0.0,0,0,0,0,0,0,0,0,0,0.0,0.0,0.0,0.0,0.0,0.0,0.0,0.0,0.0,0.0,0.0,0.0,0.0,0.0,0.0,0.0,28bdbb04-0323-4860-b39f-d32a48657798,POR,HOU,Away,137,131,1
Rayan Rupert,0,0.0,0,0,0.0,0,0,0.0,0,0,0.0,0,0,0,0,0,0,0,0,0,0.0,0.0,0.0,0.0,0.0,0.0,0.0,0.0,0.0,0.0,0.0,0.0,0.0,0.0,0.0,0.0,28bdbb04-0323-4860-b39f-d32a48657798,POR,HOU,Away,137,131,1
Anfernee Simons,1,40.85,14,27,0.519,7,15,0.467,5,5,1.0,0,2,2,10,1,0,5,3,40,-5.0,0.685,0.648,0.556,0.185,0.0,5.1,2.4,54.5,1.2,0.0,14.6,36.1,121.0,122.0,11.1,4c370138-dcbb-43b3-a0d0-42e0f4869432,POR,SAS,Away,100,116,0
Jabari Walker,1,36.85,1,5,0.2,0,2,0.0,1,4,0.25,2,7,9,2,2,1,0,2,3,-21.0,0.222,0.2,0.4,0.8,5.2,19.8,12.2,7.1,2.6,2.2,0.0,7.9,76.0,111.0,-6.5,4c370138-dcbb-43b3-a0d0-42e0f4869432,POR,SAS,Away,100,116,0
Deandre Ayton,1,34.11666666666667,10,17,0.588,0,0,0.0,0,0,0.0,2,10,12,2,2,0,2,2,20,-8.0,0.588,0.588,0.0,0.0,5.6,30.6,17.6,11.8,2.8,0.0,10.5,24.0,107.0,107.0,0.6,4c370138-dcbb-43b3-a0d0-42e0f4869432,POR,SAS,Away,100,116,0
Matisse Thybulle,1,26.58333333333333,2,5,0.4,1,4,0.25,0,0,0.0,1,0,1,4,2,0,1,4,5,-6.0,0.5,0.5,0.8,0.0,3.6,0.0,1.9,21.0,3.6,0.0,16.7,9.7,108.0,118.0,-3.1,4c370138-dcbb-43b3-a0d0-42e0f4869432,POR,SAS,Away,100,116,0
Jerami Grant,1,10.35,2,6,0.333,0,1,0.0,0,0,0.0,0,1,1,2,0,0,1,1,4,7.0,0.333,0.333,0.167,0.0,0.0,10.1,4.8,32.3,0.0,0.0,14.3,29.2,69.0,122.0,-13.8,4c370138-dcbb-43b3-a0d0-42e0f4869432,POR,SAS,Away,100,116,0
Toumani Camara,1,23.133333333333333,4,9,0.444,0,1,0.0,4,4,1.0,2,2,4,1,2,1,3,0,12,-9.0,0.558,0.444,0.111,0.444,8.3,9.0,8.6,7.0,4.1,3.6,21.8,25.6,95.0,112.0,-1.4,4c370138-dcbb-43b3-a0d0-42e0f4869432,POR,SAS,Away,100,116,0
Justin Minaya,1,22.03333333333333,0,3,0.0,0,3,0.0,0,0,0.0,0,2,2,1,1,1,1,1,0,-10.0,0.0,0.0,1.0,0.0,0.0,9.5,4.5,5.7,2.2,3.8,25.0,7.8,14.0,116.0,-10.3,4c370138-dcbb-43b3-a0d0-42e0f4869432,POR,SAS,Away,100,116,0
Kris Murray,1,17.333333333333332,1,9,0.111,0,6,0.0,0,1,0.0,0,2,2,0,1,0,0,3,2,-22.0,0.106,0.111,0.667,0.111,0.0,12.0,5.8,0.0,2.8,0.0,0.0,23.5,23.0,115.0,-24.2,4c370138-dcbb-43b3-a0d0-42e0f4869432,POR,SAS,Away,100,116,0
Duop Reath,1,12.633333333333333,1,4,0.25,0,2,0.0,1,2,0.5,1,2,3,0,0,0,0,2,3,-7.0,0.307,0.25,0.5,0.5,7.6,16.5,11.9,0.0,0.0,0.0,0.0,16.6,76.0,119.0,-15.5,4c370138-dcbb-43b3-a0d0-42e0f4869432,POR,SAS,Away,100,116,0
Rayan Rupert,1,8.416666666666666,1,1,1.0,1,1,1.0,0,0,0.0,0,0,0,1,0,0,0,1,3,-6.0,1.5,1.5,1.0,0.0,0.0,0.0,0.0,17.7,0.0,0.0,0.0,5.1,278.0,126.0,4.1,4c370138-dcbb-43b3-a0d0-42e0f4869432,POR,SAS,Away,100,116,0
Scoot Henderson,1,6.45,1,2,0.5,1,1,1.0,3,3,1.0,0,1,1,0,0,0,0,0,6,8.0,0.904,0.75,0.5,1.5,0.0,16.2,7.8,0.0,0.0,0.0,0.0,22.2,184.0,120.0,12.4,4c370138-dcbb-43b3-a0d0-42e0f4869432,POR,SAS,Away,100,116,0
Taze Moore,1,1.25,1,2,0.5,0,1,0.0,0,0,0.0,0,0,0,0,0,0,0,1,2,-1.0,0.5,0.5,0.5,0.0,0.0,0.0,0.0,0.0,0.0,0.0,0.0,69.0,106.0,125.0,-15.0,4c370138-dcbb-43b3-a0d0-42e0f4869432,POR,SAS,Away,100,116,0
Malcolm Brogdon,1,38.48333333333333,4,13,0.308,1,6,0.167,7,7,1.0,2,4,6,6,2,0,2,2,16,-3.0,0.498,0.346,0.462,0.538,5.9,10.8,8.5,27.7,2.6,0.0,11.1,21.5,107.0,107.0,2.1,ad0ab584-961b-4a2e-bd3e-577518c6edf9,POR,CHI,Home,96,104,0
Deandre Ayton,1,37.43333333333333,9,12,0.75,0,0,0.0,4,4,1.0,1,11,12,1,0,1,0,0,22,0.0,0.799,0.75,0.0,0.333,3.1,30.7,17.5,6.3,0.0,2.2,0.0,16.8,161.0,108.0,9.9,ad0ab584-961b-4a2e-bd3e-577518c6edf9,POR,CHI,Home,96,104,0
Jerami Grant,1,36.65,5,12,0.417,1,6,0.167,13,16,0.813,0,7,7,2,0,1,2,2,24,-2.0,0.63,0.458,0.5,1.333,0.0,19.9,10.4,10.3,0.0,2.3,9.5,26.3,120.0,109.0,3.7,ad0ab584-961b-4a2e-bd3e-577518c6edf9,POR,CHI,Home,96,104,0
Anfernee Simons,1,35.18333333333333,4,15,0.267,2,7,0.286,1,1,1.0,2,5,7,8,0,0,1,5,11,-8.0,0.356,0.333,0.467,0.067,6.5,14.8,10.9,41.1,0.0,0.0,6.1,21.4,91.0,112.0,-3.5,ad0ab584-961b-4a2e-bd3e-577518c6edf9,POR,CHI,Home,96,104,0
Jabari Walker,1,24.3,3,10,0.3,0,3,0.0,1,1,1.0,1,5,6,0,0,1,3,4,7,-10.0,0.335,0.3,0.3,0.1,4.7,21.5,13.5,0.0,0.0,3.4,22.3,25.3,56.0,108.0,-15.6,ad0ab584-961b-4a2e-bd3e-577518c6edf9,POR,CHI,Home,96,104,0
Matisse Thybulle,1,32.36666666666667,3,5,0.6,1,3,0.333,0,0,0.0,0,2,2,1,0,1,3,3,7,-3.0,0.7,0.7,0.6,0.0,0.0,6.4,3.4,5.4,0.0,2.6,37.5,11.3,77.0,111.0,-5.4,ad0ab584-961b-4a2e-bd3e-577518c6edf9,POR,CHI,Home,96,104,0
Scoot Henderson,1,22.216666666666665,2,4,0.5,0,1,0.0,0,0,0.0,1,3,4,4,0,1,2,3,4,-5.0,0.5,0.5,0.25,0.0,5.1,14.1,9.8,31.2,0.0,3.7,33.3,12.4,90.0,109.0,-4.0,ad0ab584-961b-4a2e-bd3e-577518c6edf9,POR,CHI,Home,96,104,0
Duop Reath,1,10.566666666666666,1,7,0.143,1,7,0.143,0,0,0.0,0,3,3,0,0,0,0,2,3,-8.0,0.214,0.214,1.0,0.0,0.0,29.6,15.5,0.0,0.0,0.0,0.0,30.4,45.0,110.0,-18.4,ad0ab584-961b-4a2e-bd3e-577518c6edf9,POR,CHI,Home,96,104,0
Toumani Camara,1,2.8,1,1,1.0,0,0,0.0,0,0,0.0,0,1,1,0,0,0,0,0,2,-1.0,1.0,1.0,0.0,0.0,0.0,37.3,19.5,0.0,0.0,0.0,0.0,16.4,200.0,110.0,13.7,ad0ab584-961b-4a2e-bd3e-577518c6edf9,POR,CHI,Home,96,104,0
Taze Moore,0,0.0,0,0,0.0,0,0,0.0,0,0,0.0,0,0,0,0,0,0,0,0,0,0.0,0.0,0.0,0.0,0.0,0.0,0.0,0.0,0.0,0.0,0.0,0.0,0.0,0.0,0.0,0.0,ad0ab584-961b-4a2e-bd3e-577518c6edf9,POR,CHI,Home,96,104,0
Kris Murray,0,0.0,0,0,0.0,0,0,0.0,0,0,0.0,0,0,0,0,0,0,0,0,0,0.0,0.0,0.0,0.0,0.0,0.0,0.0,0.0,0.0,0.0,0.0,0.0,0.0,0.0,0.0,0.0,ad0ab584-961b-4a2e-bd3e-577518c6edf9,POR,CHI,Home,96,104,0
Rayan Rupert,0,0.0,0,0,0.0,0,0,0.0,0,0,0.0,0,0,0,0,0,0,0,0,0,0.0,0.0,0.0,0.0,0.0,0.0,0.0,0.0,0.0,0.0,0.0,0.0,0.0,0.0,0.0,0.0,ad0ab584-961b-4a2e-bd3e-577518c6edf9,POR,CHI,Home,96,104,0
Malcolm Brogdon,1,32.35,10,14,0.714,3,5,0.6,1,1,1.0,0,5,5,9,1,1,3,2,24,14.0,0.831,0.821,0.357,0.071,0.0,18.5,10.2,42.9,1.6,2.7,17.2,23.6,148.0,109.0,12.4,fdd17d34-20d6-4dd8-8c1f-f422acc66299,POR,PHI,Home,130,104,1
Deandre Ayton,1,30.98333333333333,9,14,0.643,0,0,0.0,0,0,0.0,0,6,6,2,1,0,0,2,18,28.0,0.643,0.643,0.0,0.0,0.0,23.2,12.7,9.7,1.6,0.0,0.0,19.8,139.0,109.0,1.0,fdd17d34-20d6-4dd8-8c1f-f422acc66299,POR,PHI,Home,130,104,1
Jerami Grant,1,30.933333333333334,7,13,0.538,1,2,0.5,12,13,0.923,3,2,5,3,0,1,3,4,27,29.0,0.721,0.577,0.154,1.0,14.1,7.8,10.6,13.2,0.0,2.9,13.8,30.7,142.0,116.0,2.4,fdd17d34-20d6-4dd8-8c1f-f422acc66299,POR,PHI,Home,130,104,1
Jabari Walker,1,30.816666666666663,3,6,0.5,1,1,1.0,1,2,0.5,2,10,12,0,1,0,1,1,8,17.0,0.581,0.583,0.167,0.333,9.4,38.9,25.6,0.0,1.7,0.0,12.7,11.2,117.0,104.0,-2.9,fdd17d34-20d6-4dd8-8c1f-f422acc66299,POR,PHI,Home,130,104,1
Anfernee Simons,1,28.116666666666667,6,12,0.5,1,7,0.143,2,2,1.0,1,0,1,6,0,1,1,3,15,26.0,0.582,0.542,0.583,0.167,5.2,0.0,2.3,28.6,0.0,3.2,7.2,21.6,136.0,118.0,-0.3,fdd17d34-20d6-4dd8-8c1f-f422acc66299,POR,PHI,Home,130,104,1
Scoot Henderson,1,21.916666666666668,5,9,0.556,3,4,0.75,9,9,1.0,1,1,2,4,2,1,2,4,22,5.0,0.849,0.722,0.444,1.0,6.6,5.5,6.0,25.0,4.6,4.1,13.4,29.9,162.0,106.0,18.2,fdd17d34-20d6-4dd8-8c1f-f422acc66299,POR,PHI,Home,130,104,1
Matisse Thybulle,1,19.466666666666665,1,6,0.167,1,5,0.2,0,0,0.0,0,1,1,0,0,0,1,0,3,0.0,0.25,0.25,0.833,0.0,0.0,6.2,3.4,0.0,0.0,0.0,14.3,15.7,50.0,118.0,-17.1,fdd17d34-20d6-4dd8-8c1f-f422acc66299,POR,PHI,Home,130,104,1
Toumani Camara,1,15.733333333333333,2,4,0.5,1,3,0.333,1,2,0.5,2,1,3,3,1,0,1,1,6,4.0,0.615,0.625,0.75,0.5,18.5,7.6,12.5,22.9,3.2,0.0,17.0,16.3,136.0,110.0,6.0,fdd17d34-20d6-4dd8-8c1f-f422acc66299,POR,PHI,Home,130,104,1
Duop Reath,1,11.833333333333334,2,3,0.667,1,1,1.0,0,0,0.0,1,0,1,1,0,0,0,5,5,-9.0,0.833,0.833,0.333,0.0,12.3,0.0,5.6,10.7,0.0,0.0,0.0,11.1,183.0,120.0,-2.8,fdd17d34-20d6-4dd8-8c1f-f422acc66299,POR,PHI,Home,130,104,1
Kris Murray,1,8.183333333333334,0,0,0.0,0,0,0.0,0,0,0.0,0,1,1,0,0,1,0,2,0,2.0,0.0,0.0,0.0,0.0,0.0,14.7,8.0,0.0,0.0,10.9,0.0,0.0,0.0,109.0,-3.3,fdd17d34-20d6-4dd8-8c1f-f422acc66299,POR,PHI,Home,130,104,1
Taze Moore,1,4.833333333333333,1,1,1.0,0,0,0.0,0,0,0.0,0,0,0,1,0,0,1,0,2,7.0,1.0,1.0,0.0,0.0,0.0,0.0,0.0,27.5,0.0,0.0,50.0,18.1,102.0,120.0,-2.2,fdd17d34-20d6-4dd8-8c1f-f422acc66299,POR,PHI,Home,130,104,1
Rayan Rupert,1,4.833333333333333,0,2,0.0,0,0,0.0,0,0,0.0,1,1,2,0,1,0,0,0,0,7.0,0.0,0.0,0.0,0.0,30.1,24.8,27.2,0.0,10.5,0.0,0.0,18.1,50.0,89.0,-9.1,fdd17d34-20d6-4dd8-8c1f-f422acc66299,POR,PHI,Home,130,104,1
Anfernee Simons,1,38.48333333333333,10,19,0.526,4,9,0.444,0,0,0.0,0,3,3,5,0,0,3,0,24,-11.0,0.632,0.632,0.474,0.0,0.0,9.4,4.8,17.1,0.0,0.0,13.6,25.7,116.0,125.0,-0.2,9e759ec5-14e6-41ac-8a3c-219819619d71,POR,MIL,Home,119,116,1
Jerami Grant,1,37.86666666666667,7,14,0.5,0,1,0.0,4,4,1.0,0,3,3,4,2,0,0,3,18,2.0,0.571,0.5,0.071,0.286,0.0,9.5,4.9,12.6,2.6,0.0,0.0,18.7,131.0,119.0,0.2,9e759ec5-14e6-41ac-8a3c-219819619d71,POR,MIL,Home,119,116,1
Malcolm Brogdon,1,35.733333333333334,5,12,0.417,2,6,0.333,2,2,1.0,1,5,6,6,1,0,3,3,14,9.0,0.543,0.5,0.5,0.167,3.5,16.8,10.3,19.1,1.4,0.0,18.9,19.9,108.0,120.0,-3.6,9e759ec5-14e6-41ac-8a3c-219819619d71,POR,MIL,Home,119,116,1
Deandre Ayton,1,35.0,10,17,0.588,0,0,0.0,0,0,0.0,3,8,11,1,1,1,1,3,20,-10.0,0.588,0.588,0.0,0.0,10.8,27.4,19.3,3.9,1.4,2.9,5.6,23.1,121.0,115.0,-0.8,9e759ec5-14e6-41ac-8a3c-219819619d71,POR,MIL,Home,119,116,1
Jabari Walker,1,16.45,3,4,0.75,1,2,0.5,1,1,1.0,1,4,5,2,1,0,1,3,8,-6.0,0.901,0.875,0.5,0.25,7.7,29.2,18.7,14.5,3.0,0.0,18.4,14.8,155.0,113.0,8.5,9e759ec5-14e6-41ac-8a3c-219819619d71,POR,MIL,Home,119,116,1
Toumani Camara,1,22.716666666666665,2,3,0.667,0,0,0.0,0,0,0.0,1,3,4,2,2,0,0,2,4,0.0,0.667,0.667,0.0,0.0,5.6,15.8,10.8,9.4,4.3,0.0,0.0,5.9,161.0,113.0,3.9,9e759ec5-14e6-41ac-8a3c-219819619d71,POR,MIL,Home,119,116,1
Scoot Henderson,1,22.0,6,11,0.545,1,2,0.5,2,2,1.0,0,0,0,4,0,0,2,1,15,5.0,0.631,0.591,0.182,0.182,0.0,0.0,0.0,24.3,0.0,0.0,14.4,28.3,119.0,127.0,-1.2,9e759ec5-14e6-41ac-8a3c-219819619d71,POR,MIL,Home,119,116,1
Matisse Thybulle,1,18.75,2,6,0.333,2,6,0.333,0,0,0.0,1,2,3,1,1,0,0,2,6,13.0,0.5,0.5,1.0,0.0,6.7,12.8,9.8,5.8,2.6,0.0,0.0,14.4,120.0,118.0,-0.5,9e759ec5-14e6-41ac-8a3c-219819619d71,POR,MIL,Home,119,116,1
Duop Reath,1,13.0,4,6,0.667,2,2,1.0,0,0,0.0,2,2,4,1,1,0,1,3,10,13.0,0.833,0.833,0.333,0.0,19.4,18.5,18.9,10.8,3.8,0.0,14.3,24.2,147.0,114.0,10.9,9e759ec5-14e6-41ac-8a3c-219819619d71,POR,MIL,Home,119,116,1
Kris Murray,0,0.0,0,0,0.0,0,0,0.0,0,0,0.0,0,0,0,0,0,0,0,0,0,0.0,0.0,0.0,0.0,0.0,0.0,0.0,0.0,0.0,0.0,0.0,0.0,0.0,0.0,0.0,0.0,9e759ec5-14e6-41ac-8a3c-219819619d71,POR,MIL,Home,119,116,1
Rayan Rupert,0,0.0,0,0,0.0,0,0,0.0,0,0,0.0,0,0,0,0,0,0,0,0,0,0.0,0.0,0.0,0.0,0.0,0.0,0.0,0.0,0.0,0.0,0.0,0.0,0.0,0.0,0.0,0.0,9e759ec5-14e6-41ac-8a3c-219819619d71,POR,MIL,Home,119,116,1
Shaedon Sharpe,1,0.0,0,0,0.0,0,0,0.0,0,0,0.0,0,0,0,0,0,0,0,0,0,0.0,0.0,0.0,0.0,0.0,0.0,0.0,0.0,0.0,0.0,0.0,0.0,0.0,0.0,0.0,0.0,9e759ec5-14e6-41ac-8a3c-219819619d71,POR,MIL,Home,119,116,1
Anfernee Simons,1,36.86666666666667,11,23,0.478,4,10,0.4,3,4,0.75,1,3,4,4,2,0,2,2,29,-20.0,0.586,0.565,0.435,0.174,2.9,9.8,6.1,23.0,3.0,0.0,7.5,34.4,122.0,135.0,5.5,5ffa38e8-acfd-469e-b4a4-7bc3cf6dd80c,POR,DEN,Away,108,120,0
Malcolm Brogdon,1,35.516666666666666,5,13,0.385,0,2,0.0,1,3,0.333,3,5,8,6,0,0,0,2,11,-10.0,0.384,0.385,0.154,0.231,9.0,16.9,12.7,26.8,0.0,0.0,0.0,19.1,113.0,138.0,-5.8,5ffa38e8-acfd-469e-b4a4-7bc3cf6dd80c,POR,DEN,Away,108,120,0
Deandre Ayton,1,26.75,3,6,0.5,0,0,0.0,2,2,1.0,1,2,3,1,0,1,0,1,8,-16.0,0.581,0.5,0.0,0.333,4.0,9.0,6.3,5.7,0.0,3.3,0.0,12.2,138.0,140.0,-3.6,5ffa38e8-acfd-469e-b4a4-7bc3cf6dd80c,POR,DEN,Away,108,120,0
Toumani Camara,1,23.78333333333333,3,6,0.5,0,2,0.0,4,4,1.0,0,2,2,0,2,1,1,1,10,-11.0,0.644,0.5,0.333,0.667,0.0,10.1,4.7,0.0,4.6,3.7,11.4,17.5,122.0,129.0,0.6,5ffa38e8-acfd-469e-b4a4-7bc3cf6dd80c,POR,DEN,Away,108,120,0
Jabari Walker,1,21.25,3,7,0.429,0,1,0.0,1,1,1.0,4,4,8,0,0,0,1,2,7,-25.0,0.47,0.429,0.143,0.143,20.1,22.6,21.3,0.0,0.0,0.0,11.8,18.8,111.0,136.0,-10.1,5ffa38e8-acfd-469e-b4a4-7bc3cf6dd80c,POR,DEN,Away,108,120,0
Scoot Henderson,1,37.15,8,15,0.533,3,7,0.429,11,12,0.917,2,3,5,2,0,0,2,3,30,7.0,0.74,0.633,0.467,0.8,5.7,9.7,7.6,9.7,0.0,0.0,9.0,28.4,148.0,141.0,4.7,5ffa38e8-acfd-469e-b4a4-7bc3cf6dd80c,POR,DEN,Away,108,120,0
Matisse Thybulle,1,23.08333333333333,1,5,0.2,1,4,0.25,0,0,0.0,0,1,1,0,1,1,0,2,3,5.0,0.3,0.3,0.8,0.0,0.0,5.2,2.4,0.0,2.4,3.8,0.0,10.3,71.0,136.0,-7.8,5ffa38e8-acfd-469e-b4a4-7bc3cf6dd80c,POR,DEN,Away,108,120,0
Duop Reath,1,20.516666666666666,3,4,0.75,2,2,1.0,2,4,0.5,1,3,4,1,1,1,1,3,10,6.0,0.868,1.0,0.5,1.0,5.2,17.5,11.0,7.8,2.7,4.3,14.8,15.6,150.0,130.0,6.6,5ffa38e8-acfd-469e-b4a4-7bc3cf6dd80c,POR,DEN,Away,108,120,0
Kris Murray,1,13.616666666666667,0,1,0.0,0,0,0.0,0,0,0.0,1,1,2,0,1,0,1,0,0,8.0,0.0,0.0,0.0,0.0,7.8,8.8,8.3,0.0,4.0,0.0,50.0,7.0,37.0,133.0,-8.7,5ffa38e8-acfd-469e-b4a4-7bc3cf6dd80c,POR,DEN,Away,108,120,0
Ibou Badji,1,0.7333333333333333,0,0,0.0,0,0,0.0,0,0,0.0,0,0,0,0,0,0,0,0,0,-2.0,0.0,0.0,0.0,0.0,0.0,0.0,0.0,0.0,0.0,0.0,0.0,0.0,0.0,145.0,-8.3,5ffa38e8-acfd-469e-b4a4-7bc3cf6dd80c,POR,DEN,Away,108,120,0
Justin Minaya,1,0.7333333333333333,0,0,0.0,0,0,0.0,0,0,0.0,0,0,0,0,0,0,0,0,0,-2.0,0.0,0.0,0.0,0.0,0.0,0.0,0.0,0.0,0.0,0.0,0.0,0.0,0.0,145.0,-7.4,5ffa38e8-acfd-469e-b4a4-7bc3cf6dd80c,POR,DEN,Away,108,120,0
Jerami Grant,0,0.0,0,0,0.0,0,0,0.0,0,0,0.0,0,0,0,0,0,0,0,0,0,0.0,0.0,0.0,0.0,0.0,0.0,0.0,0.0,0.0,0.0,0.0,0.0,0.0,0.0,0.0,0.0,5ffa38e8-acfd-469e-b4a4-7bc3cf6dd80c,POR,DEN,Away,108,120,0
Anfernee Simons,1,38.7,8,18,0.444,4,8,0.5,6,6,1.0,0,6,6,9,1,0,4,0,26,-1.0,0.63,0.556,0.444,0.333,0.0,18.2,8.9,38.4,1.4,0.0,16.2,29.2,123.0,129.0,5.8,336c847d-7e39-400b-b44d-0277092e8b73,POR,DEN,Away,103,112,0
Deandre Ayton,1,38.55,13,19,0.684,0,0,0.0,1,1,1.0,4,5,9,4,1,2,1,1,27,5.0,0.694,0.684,0.0,0.053,11.6,15.2,13.3,21.8,1.4,4.3,4.9,24.3,145.0,127.0,9.9,336c847d-7e39-400b-b44d-0277092e8b73,POR,DEN,Away,103,112,0
Matisse Thybulle,1,33.916666666666664,2,7,0.286,1,5,0.2,1,2,0.5,0,1,1,3,3,0,0,1,6,4.0,0.381,0.357,0.714,0.286,0.0,3.5,1.7,11.7,4.9,0.0,0.0,10.7,106.0,127.0,-2.9,336c847d-7e39-400b-b44d-0277092e8b73,POR,DEN,Away,103,112,0
Jabari Walker,1,29.516666666666666,2,8,0.25,0,5,0.0,0,0,0.0,3,4,7,0,0,0,1,1,4,-22.0,0.25,0.25,0.625,0.0,11.3,15.9,13.6,0.0,0.0,0.0,11.1,14.0,70.0,133.0,-16.4,336c847d-7e39-400b-b44d-0277092e8b73,POR,DEN,Away,103,112,0
Kris Murray,1,19.633333333333333,4,7,0.571,0,2,0.0,0,0,0.0,0,2,2,2,1,1,2,2,8,-15.0,0.571,0.571,0.286,0.0,0.0,11.9,5.8,16.7,2.8,4.2,22.2,21.0,94.0,125.0,-3.1,336c847d-7e39-400b-b44d-0277092e8b73,POR,DEN,Away,103,112,0
Scoot Henderson,1,33.416666666666664,3,16,0.188,2,6,0.333,6,6,1.0,4,4,8,9,0,0,3,4,14,-7.0,0.376,0.25,0.375,0.375,13.4,14.0,13.7,37.3,0.0,0.0,13.9,29.7,104.0,134.0,-7.7,336c847d-7e39-400b-b44d-0277092e8b73,POR,DEN,Away,103,112,0
Toumani Camara,1,22.516666666666666,4,6,0.667,2,3,0.667,0,0,0.0,2,4,6,0,0,0,1,4,10,10.0,0.833,0.833,0.5,0.0,9.9,20.8,15.2,0.0,0.0,0.0,14.3,14.3,136.0,131.0,-2.2,336c847d-7e39-400b-b44d-0277092e8b73,POR,DEN,Away,103,112,0
Duop Reath,1,13.333333333333334,3,3,1.0,2,2,1.0,0,0,0.0,0,1,1,1,0,0,1,3,8,-16.0,1.333,1.333,0.667,0.0,0.0,8.8,4.3,12.8,0.0,0.0,25.0,13.8,150.0,136.0,6.6,336c847d-7e39-400b-b44d-0277092e8b73,POR,DEN,Away,103,112,0
Justin Minaya,1,10.416666666666666,0,1,0.0,0,0,0.0,0,0,0.0,2,0,2,1,0,0,0,0,0,-3.0,0.0,0.0,0.0,0.0,21.4,0.0,11.0,11.8,0.0,0.0,0.0,4.4,125.0,139.0,-5.3,336c847d-7e39-400b-b44d-0277092e8b73,POR,DEN,Away,103,112,0
Ibou Badji,0,0.0,0,0,0.0,0,0,0.0,0,0,0.0,0,0,0,0,0,0,0,0,0,0.0,0.0,0.0,0.0,0.0,0.0,0.0,0.0,0.0,0.0,0.0,0.0,0.0,0.0,0.0,0.0,336c847d-7e39-400b-b44d-0277092e8b73,POR,DEN,Away,103,112,0
Moses Brown,0,0.0,0,0,0.0,0,0,0.0,0,0,0.0,0,0,0,0,0,0,0,0,0,0.0,0.0,0.0,0.0,0.0,0.0,0.0,0.0,0.0,0.0,0.0,0.0,0.0,0.0,0.0,0.0,336c847d-7e39-400b-b44d-0277092e8b73,POR,DEN,Away,103,112,0
Jerami Grant,1,0.0,0,0,0.0,0,0,0.0,0,0,0.0,0,0,0,0,0,0,0,0,0,0.0,0.0,0.0,0.0,0.0,0.0,0.0,0.0,0.0,0.0,0.0,0.0,0.0,0.0,0.0,0.0,336c847d-7e39-400b-b44d-0277092e8b73,POR,DEN,Away,103,112,0
Rayan Rupert,0,0.0,0,0,0.0,0,0,0.0,0,0,0.0,0,0,0,0,0,0,0,0,0,0.0,0.0,0.0,0.0,0.0,0.0,0.0,0.0,0.0,0.0,0.0,0.0,0.0,0.0,0.0,0.0,336c847d-7e39-400b-b44d-0277092e8b73,POR,DEN,Away,103,112,0
Jerami Grant,1,45.0,14,29,0.483,3,6,0.5,18,20,0.9,2,6,8,6,0,0,4,5,49,-5.0,0.648,0.534,0.207,0.69,5.9,16.4,11.4,28.8,0.0,0.0,9.6,41.5,130.0,129.0,2.8,76b91bbb-02ec-4d69-b77d-8b281a1d1f3f,POR,DET,Home,122,128,0
Jabari Walker,1,43.48333333333333,6,14,0.429,1,3,0.333,4,6,0.667,3,8,11,2,1,2,1,3,17,-5.0,0.511,0.464,0.214,0.429,9.1,22.7,16.2,7.2,1.2,3.7,5.7,18.1,114.0,122.0,-5.3,76b91bbb-02ec-4d69-b77d-8b281a1d1f3f,POR,DET,Home,122,128,0
Matisse Thybulle,1,38.05,1,6,0.167,0,2,0.0,0,0,0.0,0,1,1,7,5,2,0,5,2,4.0,0.167,0.167,0.333,0.0,0.0,3.2,1.7,24.6,6.8,4.2,0.0,7.1,94.0,116.0,0.0,76b91bbb-02ec-4d69-b77d-8b281a1d1f3f,POR,DET,Home,122,128,0
Toumani Camara,1,35.63333333333333,4,7,0.571,1,1,1.0,0,0,0.0,4,6,10,1,1,0,1,5,9,-9.0,0.643,0.643,0.143,0.0,14.9,20.8,17.9,4.2,1.4,0.0,12.5,10.0,131.0,124.0,-6.0,76b91bbb-02ec-4d69-b77d-8b281a1d1f3f,POR,DET,Home,122,128,0
Anfernee Simons,1,25.3,9,19,0.474,4,12,0.333,7,7,1.0,0,2,2,5,0,0,2,2,29,22.0,0.657,0.579,0.632,0.368,0.0,9.7,5.0,47.3,0.0,0.0,8.3,42.6,130.0,131.0,8.1,76b91bbb-02ec-4d69-b77d-8b281a1d1f3f,POR,DET,Home,122,128,0
Kris Murray,1,28.45,5,6,0.833,2,2,1.0,0,0,0.0,2,1,3,3,1,1,1,1,12,-5.0,1.0,1.0,0.333,0.0,9.3,4.3,6.7,17.6,1.8,2.8,14.3,11.0,169.0,128.0,7.5,76b91bbb-02ec-4d69-b77d-8b281a1d1f3f,POR,DET,Home,122,128,0
Ashton Hagans,1,27.7,2,7,0.286,0,3,0.0,0,0,0.0,0,2,2,3,0,0,2,3,4,-28.0,0.286,0.286,0.429,0.0,0.0,8.9,4.6,15.4,0.0,0.0,22.2,14.5,64.0,132.0,-18.3,76b91bbb-02ec-4d69-b77d-8b281a1d1f3f,POR,DET,Home,122,128,0
Justin Minaya,1,11.866666666666667,0,1,0.0,0,1,0.0,0,0,0.0,0,1,1,0,1,0,1,1,0,-3.0,0.0,0.0,1.0,0.0,0.0,10.4,5.4,0.0,4.3,0.0,50.0,7.5,0.0,121.0,-13.8,76b91bbb-02ec-4d69-b77d-8b281a1d1f3f,POR,DET,Home,122,128,0
Ibou Badji,1,9.516666666666667,0,0,0.0,0,0,0.0,0,0,0.0,0,0,0,2,0,2,3,2,0,-1.0,0.0,0.0,0.0,0.0,0.0,0.0,0.0,27.2,0.0,16.9,100.0,14.1,32.0,125.0,-11.4,76b91bbb-02ec-4d69-b77d-8b281a1d1f3f,POR,DET,Home,122,128,0
Scoot Henderson,1,0.0,0,0,0.0,0,0,0.0,0,0,0.0,0,0,0,0,0,0,0,0,0,0.0,0.0,0.0,0.0,0.0,0.0,0.0,0.0,0.0,0.0,0.0,0.0,0.0,0.0,0.0,0.0,76b91bbb-02ec-4d69-b77d-8b281a1d1f3f,POR,DET,Home,122,128,0
Duop Reath,1,0.0,0,0,0.0,0,0,0.0,0,0,0.0,0,0,0,0,0,0,0,0,0,0.0,0.0,0.0,0.0,0.0,0.0,0.0,0.0,0.0,0.0,0.0,0.0,0.0,0.0,0.0,0.0,76b91bbb-02ec-4d69-b77d-8b281a1d1f3f,POR,DET,Home,122,128,0
Rayan Rupert,0,0.0,0,0,0.0,0,0,0.0,0,0,0.0,0,0,0,0,0,0,0,0,0,0.0,0.0,0.0,0.0,0.0,0.0,0.0,0.0,0.0,0.0,0.0,0.0,0.0,0.0,0.0,0.0,76b91bbb-02ec-4d69-b77d-8b281a1d1f3f,POR,DET,Home,122,128,0
Jerami Grant,1,41.3,7,17,0.412,2,5,0.4,8,12,0.667,2,3,5,4,0,0,4,2,24,-7.0,0.539,0.471,0.294,0.706,6.0,8.9,7.5,18.7,0.0,0.0,15.2,30.4,104.0,115.0,-0.9,c09d7c99-c268-4eec-b409-d86bb41c0731,POR,NOP,Home,84,93,0
Deandre Ayton,1,37.23333333333333,9,18,0.5,0,0,0.0,0,0,0.0,6,11,17,3,2,3,3,0,18,-7.0,0.5,0.5,0.0,0.0,19.8,36.4,28.1,18.1,3.0,7.9,14.3,26.9,102.0,96.0,6.9,c09d7c99-c268-4eec-b409-d86bb41c0731,POR,NOP,Home,84,93,0
Matisse Thybulle,1,29.183333333333334,2,6,0.333,1,5,0.2,2,2,1.0,1,1,2,1,2,0,1,0,7,-13.0,0.509,0.417,0.833,0.333,4.2,4.2,4.2,5.5,3.8,0.0,12.7,12.9,105.0,107.0,0.2,c09d7c99-c268-4eec-b409-d86bb41c0731,POR,NOP,Home,84,93,0
Jabari Walker,1,28.95,3,5,0.6,0,1,0.0,0,0,0.0,1,3,4,0,0,0,1,4,6,-16.0,0.6,0.6,0.2,0.0,4.3,12.8,8.5,0.0,0.0,0.0,16.7,9.9,102.0,113.0,-8.2,c09d7c99-c268-4eec-b409-d86bb41c0731,POR,NOP,Home,84,93,0
Ashton Hagans,1,23.23333333333333,2,4,0.5,0,1,0.0,1,2,0.5,0,2,2,4,1,1,1,4,5,-5.0,0.512,0.5,0.25,0.5,0.0,10.6,5.3,28.6,2.4,4.2,17.0,12.1,108.0,105.0,0.3,c09d7c99-c268-4eec-b409-d86bb41c0731,POR,NOP,Home,84,93,0
Dalano Banton,1,24.766666666666666,5,14,0.357,1,5,0.2,1,1,1.0,0,3,3,3,0,0,2,0,12,-4.0,0.416,0.393,0.357,0.071,0.0,14.9,7.5,24.9,0.0,0.0,12.2,31.7,86.0,113.0,-5.3,c09d7c99-c268-4eec-b409-d86bb41c0731,POR,NOP,Home,84,93,0
Kris Murray,1,22.433333333333334,1,2,0.5,1,1,1.0,0,0,0.0,0,4,4,2,1,0,0,0,3,8.0,0.75,0.75,0.5,0.0,0.0,21.9,11.0,13.9,2.5,0.0,0.0,4.3,169.0,106.0,4.8,c09d7c99-c268-4eec-b409-d86bb41c0731,POR,NOP,Home,84,93,0
Toumani Camara,1,19.816666666666663,2,8,0.25,1,3,0.333,0,0,0.0,0,3,3,1,1,0,3,1,5,3.0,0.313,0.313,0.375,0.0,0.0,18.6,9.3,8.6,2.8,0.0,27.3,26.5,52.0,106.0,-13.2,c09d7c99-c268-4eec-b409-d86bb41c0731,POR,NOP,Home,84,93,0
Ibou Badji,1,10.766666666666667,2,2,1.0,0,0,0.0,0,0,0.0,0,1,1,1,0,0,1,3,4,-2.0,1.0,1.0,0.0,0.0,0.0,11.4,5.7,18.5,0.0,0.0,33.3,13.3,122.0,113.0,-1.7,c09d7c99-c268-4eec-b409-d86bb41c0731,POR,NOP,Home,84,93,0
Justin Minaya,1,2.3166666666666664,0,0,0.0,0,0,0.0,0,0,0.0,1,0,1,0,0,0,1,0,0,-2.0,0.0,0.0,0.0,0.0,53.1,0.0,26.6,0.0,0.0,0.0,100.0,20.6,42.0,117.0,-20.9,c09d7c99-c268-4eec-b409-d86bb41c0731,POR,NOP,Home,84,93,0
Scoot Henderson,0,0.0,0,0,0.0,0,0,0.0,0,0,0.0,0,0,0,0,0,0,0,0,0,0.0,0.0,0.0,0.0,0.0,0.0,0.0,0.0,0.0,0.0,0.0,0.0,0.0,0.0,0.0,0.0,c09d7c99-c268-4eec-b409-d86bb41c0731,POR,NOP,Home,84,93,0
Rayan Rupert,0,0.0,0,0,0.0,0,0,0.0,0,0,0.0,0,0,0,0,0,0,0,0,0,0.0,0.0,0.0,0.0,0.0,0.0,0.0,0.0,0.0,0.0,0.0,0.0,0.0,0.0,0.0,0.0,c09d7c99-c268-4eec-b409-d86bb41c0731,POR,NOP,Home,84,93,0
Jerami Grant,1,34.7,5,17,0.294,2,7,0.286,0,0,0.0,1,0,1,4,1,0,3,3,12,-17.0,0.353,0.353,0.412,0.0,3.4,0.0,1.6,17.2,1.4,0.0,15.0,24.3,77.0,129.0,-9.9,00f8e017-9a51-43b5-a81c-d683a6900edd,POR,MIN,Home,109,121,0
Anfernee Simons,1,32.266666666666666,6,19,0.316,4,10,0.4,4,4,1.0,0,3,3,5,1,0,3,4,20,-16.0,0.482,0.421,0.526,0.211,0.0,10.1,5.3,24.7,1.5,0.0,12.6,31.0,100.0,125.0,-2.3,00f8e017-9a51-43b5-a81c-d683a6900edd,POR,MIN,Home,109,121,0
Deandre Ayton,1,31.95,11,12,0.917,0,0,0.0,0,0,0.0,2,14,16,1,0,0,0,1,22,-11.0,0.917,0.917,0.0,0.0,7.3,47.8,28.3,6.7,0.0,0.0,0.0,15.8,185.0,117.0,12.6,00f8e017-9a51-43b5-a81c-d683a6900edd,POR,MIN,Home,109,121,0
Toumani Camara,1,22.266666666666666,5,7,0.714,2,2,1.0,2,2,1.0,1,3,4,2,0,0,2,4,14,9.0,0.888,0.857,0.286,0.286,5.3,14.7,10.1,15.3,0.0,0.0,20.2,18.7,139.0,127.0,5.7,00f8e017-9a51-43b5-a81c-d683a6900edd,POR,MIN,Home,109,121,0
Matisse Thybulle,1,18.73333333333333,0,5,0.0,0,3,0.0,0,0,0.0,1,1,2,1,1,0,1,2,0,-3.0,0.0,0.0,0.6,0.0,6.2,5.8,6.0,6.6,2.6,0.0,16.7,13.5,24.0,124.0,-15.2,00f8e017-9a51-43b5-a81c-d683a6900edd,POR,MIN,Home,109,121,0
Scoot Henderson,1,33.86666666666667,4,9,0.444,1,2,0.5,5,5,1.0,0,1,1,9,0,0,2,4,14,-16.0,0.625,0.5,0.222,0.556,0.0,3.2,1.7,38.3,0.0,0.0,15.2,16.4,133.0,131.0,0.3,00f8e017-9a51-43b5-a81c-d683a6900edd,POR,MIN,Home,109,121,0
Dalano Banton,1,26.016666666666666,4,8,0.5,1,2,0.5,7,10,0.7,1,4,5,3,1,0,4,2,16,-8.0,0.645,0.563,0.25,1.25,4.5,16.8,10.9,17.5,1.9,0.0,24.4,26.5,107.0,122.0,0.5,00f8e017-9a51-43b5-a81c-d683a6900edd,POR,MIN,Home,109,121,0
Jabari Walker,1,17.15,2,5,0.4,0,0,0.0,0,0,0.0,3,4,7,0,0,0,1,4,4,-11.0,0.4,0.4,0.0,0.0,20.5,25.4,23.0,0.0,0.0,0.0,16.7,14.7,92.0,124.0,-11.6,00f8e017-9a51-43b5-a81c-d683a6900edd,POR,MIN,Home,109,121,0
Duop Reath,1,12.55,2,5,0.4,1,3,0.333,1,2,0.5,3,0,3,0,1,1,0,3,6,-8.0,0.51,0.5,0.6,0.4,28.0,0.0,13.5,0.0,3.9,7.5,0.0,19.7,127.0,118.0,2.7,00f8e017-9a51-43b5-a81c-d683a6900edd,POR,MIN,Home,109,121,0
Ibou Badji,1,3.5,0,0,0.0,0,0,0.0,1,2,0.5,0,1,1,1,0,0,0,2,1,7.0,0.568,0.0,0.0,0.0,0.0,31.2,16.1,35.2,0.0,0.0,0.0,10.6,148.0,122.0,2.4,00f8e017-9a51-43b5-a81c-d683a6900edd,POR,MIN,Home,109,121,0
Ashton Hagans,1,3.5,0,0,0.0,0,0,0.0,0,0,0.0,0,0,0,0,0,0,0,0,0,7.0,0.0,0.0,0.0,0.0,0.0,0.0,0.0,0.0,0.0,0.0,0.0,0.0,0.0,132.0,-8.3,00f8e017-9a51-43b5-a81c-d683a6900edd,POR,MIN,Home,109,121,0
Kris Murray,1,3.5,0,0,0.0,0,0,0.0,0,0,0.0,0,1,1,0,0,0,0,0,0,7.0,0.0,0.0,0.0,0.0,0.0,31.2,16.1,0.0,0.0,0.0,0.0,0.0,0.0,122.0,-3.9,00f8e017-9a51-43b5-a81c-d683a6900edd,POR,MIN,Home,109,121,0
Jerami Grant,1,33.233333333333334,6,14,0.429,2,4,0.5,6,6,1.0,1,1,2,0,0,1,0,2,20,-19.0,0.601,0.5,0.286,0.429,2.9,3.9,3.3,0.0,0.0,2.4,0.0,21.6,125.0,135.0,1.0,71b187bf-d105-462f-97ae-e89c72d08753,POR,MIN,Home,91,128,0
Anfernee Simons,1,32.78333333333333,4,15,0.267,3,8,0.375,1,1,1.0,0,5,5,6,0,0,5,5,12,-18.0,0.389,0.367,0.533,0.067,0.0,19.8,8.4,34.9,0.0,0.0,24.5,26.9,69.0,132.0,-12.1,71b187bf-d105-462f-97ae-e89c72d08753,POR,MIN,Home,91,128,0
Scoot Henderson,1,31.116666666666667,5,12,0.417,0,4,0.0,5,6,0.833,0,1,1,4,1,0,3,1,15,-17.0,0.512,0.417,0.333,0.5,0.0,4.2,1.8,26.5,1.5,0.0,17.0,24.5,94.0,133.0,-4.8,71b187bf-d105-462f-97ae-e89c72d08753,POR,MIN,Home,91,128,0
Deandre Ayton,1,19.816666666666663,1,5,0.2,0,0,0.0,0,0,0.0,0,4,4,3,3,1,1,6,2,-9.0,0.2,0.2,0.0,0.0,0.0,26.2,11.1,25.4,7.3,4.1,16.7,13.1,56.0,112.0,-3.9,71b187bf-d105-462f-97ae-e89c72d08753,POR,MIN,Home,91,128,0
Toumani Camara,1,18.3,5,5,1.0,1,1,1.0,2,3,0.667,1,4,5,2,0,2,1,2,13,-7.0,1.028,1.1,0.2,0.6,5.2,28.4,15.1,29.3,0.0,8.9,13.7,17.3,171.0,125.0,17.0,71b187bf-d105-462f-97ae-e89c72d08753,POR,MIN,Home,91,128,0
Jabari Walker,1,24.416666666666668,3,6,0.5,0,1,0.0,2,2,1.0,1,3,4,1,1,0,0,1,8,-24.0,0.581,0.5,0.167,0.333,3.9,15.9,9.0,7.8,2.0,0.0,0.0,12.2,128.0,129.0,-0.7,71b187bf-d105-462f-97ae-e89c72d08753,POR,MIN,Home,91,128,0
Dalano Banton,1,18.33333333333333,1,4,0.25,0,0,0.0,2,4,0.5,0,2,2,0,2,0,1,1,4,-12.0,0.347,0.25,0.0,1.0,0.0,14.2,6.0,0.0,5.3,0.0,14.8,15.9,62.0,122.0,-8.3,71b187bf-d105-462f-97ae-e89c72d08753,POR,MIN,Home,91,128,0
Duop Reath,1,16.766666666666666,2,9,0.222,1,5,0.2,1,2,0.5,3,0,3,0,0,0,1,1,6,-14.0,0.304,0.278,0.556,0.222,17.2,0.0,9.9,0.0,0.0,0.0,9.2,28.0,70.0,137.0,-14.3,71b187bf-d105-462f-97ae-e89c72d08753,POR,MIN,Home,91,128,0
Kris Murray,1,12.0,2,5,0.4,1,3,0.333,1,4,0.25,1,3,4,0,0,0,2,1,6,-14.0,0.444,0.5,0.6,0.8,8.0,32.4,18.4,0.0,0.0,0.0,22.8,31.5,69.0,129.0,-11.7,71b187bf-d105-462f-97ae-e89c72d08753,POR,MIN,Home,91,128,0
Ibou Badji,1,11.416666666666666,1,2,0.5,0,0,0.0,1,2,0.5,1,1,2,1,0,1,1,1,3,-14.0,0.521,0.5,0.0,1.0,8.4,11.4,9.7,15.7,0.0,7.1,25.8,14.7,94.0,130.0,-3.6,71b187bf-d105-462f-97ae-e89c72d08753,POR,MIN,Home,91,128,0
Matisse Thybulle,1,11.25,0,4,0.0,0,2,0.0,0,0,0.0,0,0,0,0,1,0,0,2,0,-25.0,0.0,0.0,0.5,0.0,0.0,0.0,0.0,0.0,4.3,0.0,0.0,15.3,0.0,127.0,-19.3,71b187bf-d105-462f-97ae-e89c72d08753,POR,MIN,Home,91,128,0
Ashton Hagans,1,5.283333333333333,1,1,1.0,0,0,0.0,0,0,0.0,0,1,1,0,0,0,0,0,2,-6.0,1.0,1.0,0.0,0.0,0.0,24.6,10.4,0.0,0.0,0.0,0.0,8.2,200.0,131.0,-0.3,71b187bf-d105-462f-97ae-e89c72d08753,POR,MIN,Home,91,128,0
Justin Minaya,1,5.283333333333333,0,1,0.0,0,1,0.0,0,0,0.0,1,1,2,1,0,0,0,0,0,-6.0,0.0,0.0,1.0,0.0,18.2,24.6,20.9,29.3,0.0,0.0,0.0,8.2,82.0,131.0,-2.6,71b187bf-d105-462f-97ae-e89c72d08753,POR,MIN,Home,91,128,0
Jerami Grant,1,37.13333333333333,9,21,0.429,3,6,0.5,4,7,0.571,1,1,2,4,3,0,3,2,25,-17.0,0.519,0.5,0.286,0.333,2.4,3.5,2.9,15.0,4.0,0.0,11.1,29.4,106.0,131.0,0.1,806ef970-8bdd-453d-be54-ec7e0da2a615,POR,DEN,Home,112,127,0
Anfernee Simons,1,36.46666666666667,8,15,0.533,3,6,0.5,2,2,1.0,0,3,3,8,1,0,1,4,21,-24.0,0.661,0.633,0.4,0.133,0.0,10.7,4.4,29.7,1.4,0.0,5.9,18.7,145.0,135.0,3.7,806ef970-8bdd-453d-be54-ec7e0da2a615,POR,DEN,Home,112,127,0
Kris Murray,1,35.31666666666667,4,10,0.4,0,4,0.0,1,2,0.5,3,5,8,2,1,0,0,4,9,-7.0,0.414,0.4,0.4,0.2,7.7,18.4,12.1,6.7,1.4,0.0,0.0,12.4,112.0,134.0,-7.4,806ef970-8bdd-453d-be54-ec7e0da2a615,POR,DEN,Home,112,127,0
Deandre Ayton,1,35.05,11,17,0.647,0,0,0.0,0,0,0.0,3,7,10,3,0,0,1,3,22,-20.0,0.647,0.647,0.0,0.0,7.8,25.9,15.2,13.3,0.0,0.0,5.6,20.7,136.0,136.0,1.2,806ef970-8bdd-453d-be54-ec7e0da2a615,POR,DEN,Home,112,127,0
Toumani Camara,1,24.45,3,7,0.429,0,1,0.0,0,0,0.0,4,2,6,2,1,0,3,0,6,0.0,0.429,0.429,0.143,0.0,14.8,10.6,13.1,9.8,2.0,0.0,30.0,16.5,86.0,135.0,-8.4,806ef970-8bdd-453d-be54-ec7e0da2a615,POR,DEN,Home,112,127,0
Matisse Thybulle,1,20.0,1,5,0.2,1,2,0.5,0,0,0.0,0,2,2,2,4,0,0,1,3,-11.0,0.3,0.3,0.4,0.0,0.0,13.0,5.3,11.0,10.0,0.0,0.0,10.1,93.0,116.0,2.2,806ef970-8bdd-453d-be54-ec7e0da2a615,POR,DEN,Home,112,127,0
Dalano Banton,1,19.58333333333333,5,9,0.556,1,3,0.333,3,4,0.75,0,1,1,3,0,0,0,1,14,-11.0,0.651,0.611,0.333,0.444,0.0,6.6,2.7,21.8,0.0,0.0,0.0,22.2,149.0,140.0,4.7,806ef970-8bdd-453d-be54-ec7e0da2a615,POR,DEN,Home,112,127,0
Jabari Walker,1,14.183333333333334,1,5,0.2,0,0,0.0,0,0,0.0,4,2,6,0,0,0,1,0,2,-4.0,0.2,0.2,0.0,0.0,25.5,18.3,22.6,0.0,0.0,0.0,16.7,17.1,73.0,138.0,-17.9,806ef970-8bdd-453d-be54-ec7e0da2a615,POR,DEN,Home,112,127,0
Duop Reath,1,12.95,3,10,0.3,0,3,0.0,2,3,0.667,3,3,6,1,1,2,1,1,8,5.0,0.353,0.3,0.3,0.3,21.0,30.1,24.7,10.6,3.9,14.3,8.1,38.4,90.0,117.0,-2.6,806ef970-8bdd-453d-be54-ec7e0da2a615,POR,DEN,Home,112,127,0
Ashton Hagans,1,2.4333333333333336,1,1,1.0,0,0,0.0,0,0,0.0,0,0,0,0,0,0,0,1,2,7.0,1.0,1.0,0.0,0.0,0.0,0.0,0.0,0.0,0.0,0.0,0.0,16.6,200.0,138.0,0.2,806ef970-8bdd-453d-be54-ec7e0da2a615,POR,DEN,Home,112,127,0
Justin Minaya,1,2.4333333333333336,0,1,0.0,0,0,0.0,0,0,0.0,1,0,1,0,0,0,0,0,0,7.0,0.0,0.0,0.0,0.0,37.2,0.0,21.9,0.0,0.0,0.0,0.0,16.6,63.0,141.0,-19.4,806ef970-8bdd-453d-be54-ec7e0da2a615,POR,DEN,Home,112,127,0
Malcolm Brogdon,1,0.0,0,0,0.0,0,0,0.0,0,0,0.0,0,0,0,0,0,0,0,0,0,0.0,0.0,0.0,0.0,0.0,0.0,0.0,0.0,0.0,0.0,0.0,0.0,0.0,0.0,0.0,0.0,806ef970-8bdd-453d-be54-ec7e0da2a615,POR,DEN,Home,112,127,0
Deandre Ayton,1,37.25,11,16,0.688,0,0,0.0,4,4,1.0,3,16,19,2,1,1,2,1,26,-8.0,0.732,0.688,0.0,0.25,6.6,54.3,25.2,13.7,1.4,2.5,10.1,21.8,141.0,99.0,13.2,6ef63f8f-d4a2-413d-a26e-f13b6a146178,POR,CHO,Home,80,93,0
Anfernee Simons,1,34.86666666666667,4,21,0.19,0,8,0.0,2,2,1.0,0,4,4,0,0,0,4,3,10,-21.0,0.229,0.19,0.381,0.095,0.0,14.5,5.7,0.0,0.0,0.0,15.5,30.4,48.0,108.0,-22.4,6ef63f8f-d4a2-413d-a26e-f13b6a146178,POR,CHO,Home,80,93,0
Kris Murray,1,32.75,2,9,0.222,0,4,0.0,2,4,0.5,6,3,9,4,2,0,2,4,6,-7.0,0.279,0.222,0.444,0.444,14.9,11.6,13.6,19.5,3.2,0.0,15.7,16.0,78.0,102.0,-4.5,6ef63f8f-d4a2-413d-a26e-f13b6a146178,POR,CHO,Home,80,93,0
Jerami Grant,1,31.883333333333333,6,18,0.333,1,6,0.167,2,2,1.0,0,2,2,5,2,0,5,0,15,-13.0,0.397,0.361,0.333,0.111,0.0,7.9,3.1,31.4,3.3,0.0,20.9,30.7,78.0,102.0,-3.4,6ef63f8f-d4a2-413d-a26e-f13b6a146178,POR,CHO,Home,80,93,0
Toumani Camara,1,18.48333333333333,0,4,0.0,0,3,0.0,0,0,0.0,2,1,3,1,0,0,0,1,0,-6.0,0.0,0.0,0.75,0.0,8.8,6.8,8.0,7.9,0.0,0.0,0.0,8.9,34.0,109.0,-13.9,6ef63f8f-d4a2-413d-a26e-f13b6a146178,POR,CHO,Home,80,93,0
Matisse Thybulle,1,30.616666666666667,0,3,0.0,0,2,0.0,0,0,0.0,0,4,4,0,6,2,0,1,0,-13.0,0.0,0.0,0.667,0.0,0.0,16.5,6.5,0.0,10.3,6.1,0.0,4.0,0.0,81.0,2.8,6ef63f8f-d4a2-413d-a26e-f13b6a146178,POR,CHO,Home,80,93,0
Jabari Walker,1,18.23333333333333,3,8,0.375,0,3,0.0,0,0,0.0,4,1,5,0,0,0,1,1,6,-7.0,0.375,0.375,0.375,0.0,17.8,6.9,13.6,0.0,0.0,0.0,11.1,20.2,87.0,109.0,-10.1,6ef63f8f-d4a2-413d-a26e-f13b6a146178,POR,CHO,Home,80,93,0
Duop Reath,1,12.933333333333334,3,5,0.6,1,3,0.333,0,0,0.0,0,1,1,0,0,1,0,3,7,-9.0,0.7,0.7,0.6,0.0,0.0,9.8,3.8,0.0,0.0,7.3,0.0,15.9,150.0,101.0,2.7,6ef63f8f-d4a2-413d-a26e-f13b6a146178,POR,CHO,Home,80,93,0
Ashton Hagans,1,11.233333333333333,1,4,0.25,0,0,0.0,1,2,0.5,3,0,3,1,0,0,1,2,3,8.0,0.307,0.25,0.0,0.5,21.7,0.0,13.2,14.9,0.0,0.0,17.0,21.5,78.0,109.0,-10.2,6ef63f8f-d4a2-413d-a26e-f13b6a146178,POR,CHO,Home,80,93,0
Dalano Banton,1,8.633333333333333,3,6,0.5,1,2,0.5,0,2,0.0,4,2,6,0,0,0,0,0,7,3.0,0.509,0.583,0.333,0.333,37.7,29.3,34.4,0.0,0.0,0.0,0.0,32.7,116.0,107.0,18.5,6ef63f8f-d4a2-413d-a26e-f13b6a146178,POR,CHO,Home,80,93,0
Justin Minaya,1,3.1166666666666667,0,1,0.0,0,1,0.0,0,0,0.0,0,0,0,1,0,0,0,0,0,8.0,0.0,0.0,1.0,0.0,0.0,0.0,0.0,46.7,0.0,0.0,0.0,13.2,46.0,110.0,-6.1,6ef63f8f-d4a2-413d-a26e-f13b6a146178,POR,CHO,Home,80,93,0
Malcolm Brogdon,1,0.0,0,0,0.0,0,0,0.0,0,0,0.0,0,0,0,0,0,0,0,0,0,0.0,0.0,0.0,0.0,0.0,0.0,0.0,0.0,0.0,0.0,0.0,0.0,0.0,0.0,0.0,0.0,6ef63f8f-d4a2-413d-a26e-f13b6a146178,POR,CHO,Home,80,93,0
Anfernee Simons,1,40.56666666666667,10,26,0.385,4,11,0.364,2,2,1.0,0,1,1,4,0,0,4,3,26,-12.0,0.484,0.462,0.423,0.077,0.0,3.8,1.6,20.4,0.0,0.0,13.0,32.8,96.0,123.0,-5.4,087f6e0a-2a3f-4646-a1e5-b39962206018,POR,MIA,Home,96,106,0
Jerami Grant,1,40.4,7,15,0.467,3,5,0.6,7,8,0.875,1,6,7,6,3,0,3,4,24,-15.0,0.648,0.567,0.333,0.533,2.8,23.0,11.2,26.7,3.9,0.0,13.9,23.0,128.0,112.0,8.0,087f6e0a-2a3f-4646-a1e5-b39962206018,POR,MIA,Home,96,106,0
Toumani Camara,1,32.46666666666667,6,12,0.5,2,2,1.0,3,3,1.0,6,4,10,3,0,0,3,6,17,13.0,0.638,0.583,0.167,0.25,20.6,19.1,20.0,17.0,0.0,0.0,18.4,21.7,122.0,121.0,0.3,087f6e0a-2a3f-4646-a1e5-b39962206018,POR,MIA,Home,96,106,0
Kris Murray,1,29.9,0,6,0.0,0,5,0.0,0,0,0.0,1,2,3,2,2,0,3,3,0,1.0,0.0,0.0,0.833,0.0,3.7,10.4,6.5,9.2,3.5,0.0,33.3,13.0,21.0,114.0,-15.2,087f6e0a-2a3f-4646-a1e5-b39962206018,POR,MIA,Home,96,106,0
Deandre Ayton,1,18.566666666666663,6,9,0.667,0,0,0.0,0,0,0.0,3,7,10,2,2,1,2,1,12,14.0,0.667,0.667,0.0,0.0,18.0,58.4,34.9,26.5,5.6,5.9,18.2,25.5,116.0,99.0,13.6,087f6e0a-2a3f-4646-a1e5-b39962206018,POR,MIA,Home,96,106,0
Matisse Thybulle,1,30.383333333333333,3,6,0.5,1,3,0.333,1,2,0.5,1,0,1,3,2,1,0,2,8,-13.0,0.581,0.583,0.5,0.333,3.7,0.0,2.1,15.7,3.5,3.6,0.0,9.8,141.0,114.0,4.2,087f6e0a-2a3f-4646-a1e5-b39962206018,POR,MIA,Home,96,106,0
Jabari Walker,1,19.216666666666665,2,4,0.5,0,0,0.0,3,4,0.75,0,2,2,2,0,0,0,0,7,-18.0,0.608,0.5,0.0,1.0,0.0,16.1,6.8,16.6,0.0,0.0,0.0,12.9,145.0,122.0,2.2,087f6e0a-2a3f-4646-a1e5-b39962206018,POR,MIA,Home,96,106,0
Duop Reath,1,12.583333333333334,0,4,0.0,0,3,0.0,0,0,0.0,2,1,3,0,0,0,1,3,0,-10.0,0.0,0.0,0.75,0.0,17.7,12.3,15.5,0.0,0.0,0.0,20.0,17.1,24.0,122.0,-27.3,087f6e0a-2a3f-4646-a1e5-b39962206018,POR,MIA,Home,96,106,0
Ashton Hagans,1,10.85,1,2,0.5,0,0,0.0,0,0,0.0,1,2,3,1,0,1,1,2,2,-8.0,0.5,0.5,0.0,0.0,10.3,28.5,17.9,14.5,0.0,10.1,33.3,11.9,89.0,112.0,-4.6,087f6e0a-2a3f-4646-a1e5-b39962206018,POR,MIA,Home,96,106,0
Dalano Banton,1,5.066666666666666,0,2,0.0,0,2,0.0,0,0,0.0,0,0,0,1,0,1,0,1,0,-2.0,0.0,0.0,1.0,0.0,0.0,0.0,0.0,27.1,0.0,21.5,0.0,17.0,34.0,108.0,-9.6,087f6e0a-2a3f-4646-a1e5-b39962206018,POR,MIA,Home,96,106,0
Scoot Henderson,1,0.0,0,0,0.0,0,0,0.0,0,0,0.0,0,0,0,0,0,0,0,0,0,0.0,0.0,0.0,0.0,0.0,0.0,0.0,0.0,0.0,0.0,0.0,0.0,0.0,0.0,0.0,0.0,087f6e0a-2a3f-4646-a1e5-b39962206018,POR,MIA,Home,96,106,0
Rayan Rupert,0,0.0,0,0,0.0,0,0,0.0,0,0,0.0,0,0,0,0,0,0,0,0,0,0.0,0.0,0.0,0.0,0.0,0.0,0.0,0.0,0.0,0.0,0.0,0.0,0.0,0.0,0.0,0.0,087f6e0a-2a3f-4646-a1e5-b39962206018,POR,MIA,Home,96,106,0
Jerami Grant,1,33.31666666666667,4,10,0.4,2,5,0.4,0,0,0.0,0,2,2,5,0,0,1,1,10,27.0,0.5,0.5,0.5,0.0,0.0,7.6,3.8,17.1,0.0,0.0,9.1,14.0,124.0,106.0,-6.4,e6c6ee75-d25c-4b74-b418-3582430bc387,POR,MEM,Away,122,92,1
Anfernee Simons,1,25.716666666666665,3,9,0.333,1,4,0.25,0,0,0.0,2,3,5,8,0,0,2,0,7,12.0,0.389,0.389,0.444,0.0,9.8,14.7,12.3,35.2,0.0,0.0,18.2,18.2,115.0,105.0,-5.4,e6c6ee75-d25c-4b74-b418-3582430bc387,POR,MEM,Away,122,92,1
Kris Murray,1,24.1,5,8,0.625,2,3,0.667,2,2,1.0,1,1,2,2,3,0,0,1,14,8.0,0.788,0.75,0.375,0.25,5.2,5.2,5.2,10.5,6.2,0.0,0.0,15.6,179.0,93.0,11.4,e6c6ee75-d25c-4b74-b418-3582430bc387,POR,MEM,Away,122,92,1
Duop Reath,1,23.15,8,16,0.5,2,8,0.25,0,1,0.0,3,2,5,1,2,2,1,3,18,8.0,0.547,0.563,0.5,0.063,16.4,10.9,13.6,6.6,4.3,7.5,5.7,32.0,121.0,90.0,1.8,e6c6ee75-d25c-4b74-b418-3582430bc387,POR,MEM,Away,122,92,1
Toumani Camara,1,20.816666666666663,2,5,0.4,0,0,0.0,0,0,0.0,2,5,7,1,1,0,0,1,4,6.0,0.4,0.4,0.0,0.0,12.1,30.3,21.2,5.3,2.4,0.0,0.0,10.2,124.0,96.0,-4.8,e6c6ee75-d25c-4b74-b418-3582430bc387,POR,MEM,Away,122,92,1
Matisse Thybulle,1,26.0,5,10,0.5,1,4,0.25,2,2,1.0,1,2,3,2,3,0,4,2,13,20.0,0.597,0.55,0.4,0.2,4.9,9.7,7.3,9.5,5.8,0.0,26.9,24.3,99.0,93.0,-4.2,e6c6ee75-d25c-4b74-b418-3582430bc387,POR,MEM,Away,122,92,1
Ashton Hagans,1,24.433333333333334,2,5,0.4,0,0,0.0,2,2,1.0,1,1,2,5,1,3,1,4,6,22.0,0.51,0.4,0.0,0.4,5.2,5.2,5.2,22.3,2.1,10.7,14.5,12.0,133.0,93.0,2.1,e6c6ee75-d25c-4b74-b418-3582430bc387,POR,MEM,Away,122,92,1
Jabari Walker,1,22.066666666666663,7,9,0.778,1,1,1.0,4,4,1.0,3,7,10,2,2,1,2,3,19,14.0,0.883,0.833,0.111,0.444,17.2,40.1,28.6,13.3,4.5,4.0,15.7,24.6,157.0,86.0,14.3,e6c6ee75-d25c-4b74-b418-3582430bc387,POR,MEM,Away,122,92,1
Dalano Banton,1,20.25,8,15,0.533,3,5,0.6,0,0,0.0,2,5,7,3,1,2,1,1,19,26.0,0.633,0.633,0.333,0.0,12.5,31.2,21.8,24.5,2.5,8.6,6.3,33.6,138.0,89.0,15.1,e6c6ee75-d25c-4b74-b418-3582430bc387,POR,MEM,Away,122,92,1
Moses Brown,1,8.666666666666666,3,3,1.0,0,0,0.0,1,3,0.333,0,1,1,0,0,0,1,1,7,10.0,0.81,1.0,0.0,1.0,0.0,14.6,7.3,0.0,0.0,0.0,18.8,26.1,106.0,104.0,-4.4,e6c6ee75-d25c-4b74-b418-3582430bc387,POR,MEM,Away,122,92,1
Rayan Rupert,1,7.233333333333333,1,2,0.5,1,1,1.0,2,2,1.0,1,1,2,2,0,0,1,1,5,-2.0,0.868,0.75,0.5,1.0,17.5,17.5,17.5,32.1,0.0,0.0,25.8,22.8,154.0,103.0,9.9,e6c6ee75-d25c-4b74-b418-3582430bc387,POR,MEM,Away,122,92,1
Ibou Badji,1,4.25,0,0,0.0,0,0,0.0,0,0,0.0,0,0,0,0,0,0,0,2,0,-1.0,0.0,0.0,0.0,0.0,0.0,0.0,0.0,0.0,0.0,0.0,0.0,0.0,0.0,104.0,-17.6,e6c6ee75-d25c-4b74-b418-3582430bc387,POR,MEM,Away,122,92,1
Anfernee Simons,1,44.91666666666666,10,23,0.435,4,9,0.444,6,7,0.857,1,6,7,7,0,0,4,1,30,10.0,0.575,0.522,0.391,0.304,2.4,15.4,8.7,30.4,0.0,0.0,13.3,28.5,113.0,99.0,3.9,079483fd-2873-4de5-a952-ca95ce2d9860,POR,MEM,Away,107,100,1
Kris Murray,1,38.766666666666666,1,6,0.167,0,3,0.0,0,0,0.0,0,5,5,2,0,0,1,2,2,10.0,0.167,0.167,0.5,0.0,0.0,14.9,7.2,7.3,0.0,0.0,14.3,7.7,48.0,99.0,-8.7,079483fd-2873-4de5-a952-ca95ce2d9860,POR,MEM,Away,107,100,1
Toumani Camara,1,36.16666666666666,5,10,0.5,3,4,0.75,2,4,0.5,3,4,7,1,1,1,1,2,15,9.0,0.638,0.65,0.4,0.4,9.0,12.7,10.8,4.6,1.4,3.4,7.8,15.0,126.0,94.0,4.6,079483fd-2873-4de5-a952-ca95ce2d9860,POR,MEM,Away,107,100,1
Duop Reath,1,24.066666666666663,5,9,0.556,1,4,0.25,1,4,0.25,1,5,6,1,0,3,2,4,12,-7.0,0.558,0.611,0.444,0.444,4.5,23.9,13.9,7.9,0.0,15.4,15.7,22.6,95.0,88.0,1.1,079483fd-2873-4de5-a952-ca95ce2d9860,POR,MEM,Away,107,100,1
Jerami Grant,1,14.6,1,5,0.2,1,4,0.25,2,2,1.0,0,0,0,1,1,0,1,1,5,3.0,0.425,0.3,0.8,0.4,0.0,0.0,0.0,10.3,3.4,0.0,14.5,20.1,87.0,95.0,-4.1,079483fd-2873-4de5-a952-ca95ce2d9860,POR,MEM,Away,107,100,1
Ashton Hagans,1,32.53333333333333,4,9,0.444,2,4,0.5,3,3,1.0,0,5,5,8,2,1,6,4,13,5.0,0.63,0.556,0.444,0.333,0.0,17.7,8.6,40.1,3.0,3.8,36.8,21.3,96.0,89.0,3.3,079483fd-2873-4de5-a952-ca95ce2d9860,POR,MEM,Away,107,100,1
Jabari Walker,1,31.183333333333334,8,16,0.5,0,1,0.0,2,2,1.0,5,7,12,2,1,0,2,3,18,21.0,0.533,0.5,0.063,0.125,17.3,25.9,21.5,13.4,1.6,0.0,10.6,25.8,110.0,92.0,1.5,079483fd-2873-4de5-a952-ca95ce2d9860,POR,MEM,Away,107,100,1
Matisse Thybulle,1,19.25,1,5,0.2,0,3,0.0,0,0,0.0,0,4,4,1,2,0,2,2,2,-4.0,0.2,0.2,0.6,0.0,0.0,23.9,11.6,7.6,5.1,0.0,28.6,15.5,38.0,84.0,-9.0,079483fd-2873-4de5-a952-ca95ce2d9860,POR,MEM,Away,107,100,1
Dalano Banton,1,12.666666666666666,4,8,0.5,0,2,0.0,2,2,1.0,2,1,3,0,1,0,3,5,10,-7.0,0.563,0.5,0.25,0.25,17.1,9.1,13.2,0.0,3.9,0.0,25.3,39.9,87.0,90.0,-8.1,079483fd-2873-4de5-a952-ca95ce2d9860,POR,MEM,Away,107,100,1
Rayan Rupert,1,6.766666666666667,0,1,0.0,0,1,0.0,0,0,0.0,1,0,1,0,0,0,0,1,0,0.0,0.0,0.0,1.0,0.0,16.0,0.0,8.2,0.0,0.0,0.0,0.0,6.3,57.0,103.0,-11.4,079483fd-2873-4de5-a952-ca95ce2d9860,POR,MEM,Away,107,100,1
Moses Brown,1,4.083333333333333,0,0,0.0,0,0,0.0,0,0,0.0,0,0,0,0,0,0,0,0,0,-5.0,0.0,0.0,0.0,0.0,0.0,0.0,0.0,0.0,0.0,0.0,0.0,0.0,0.0,103.0,-5.7,079483fd-2873-4de5-a952-ca95ce2d9860,POR,MEM,Away,107,100,1
Shaedon Sharpe,1,0.0,0,0,0.0,0,0,0.0,0,0,0.0,0,0,0,0,0,0,0,0,0,0.0,0.0,0.0,0.0,0.0,0.0,0.0,0.0,0.0,0.0,0.0,0.0,0.0,0.0,0.0,0.0,079483fd-2873-4de5-a952-ca95ce2d9860,POR,MEM,Away,107,100,1
Anfernee Simons,1,43.016666666666666,13,26,0.5,5,13,0.385,3,3,1.0,0,5,5,14,0,0,4,4,34,1.0,0.622,0.596,0.5,0.115,0.0,13.6,6.9,51.2,0.0,0.0,12.8,31.8,131.0,131.0,6.5,8244d4fb-e144-42e6-b7c9-1ec7ddbdebc7,POR,MIN,Away,114,119,0
Duop Reath,1,38.91666666666666,10,14,0.714,5,6,0.833,1,2,0.5,2,1,3,1,1,1,3,4,26,-9.0,0.874,0.893,0.429,0.143,6.2,3.0,4.6,3.8,1.3,2.4,16.8,20.1,137.0,129.0,5.0,8244d4fb-e144-42e6-b7c9-1ec7ddbdebc7,POR,MIN,Away,114,119,0
Kris Murray,1,35.05,6,11,0.545,1,5,0.2,1,1,1.0,4,1,5,2,1,1,0,1,14,6.0,0.612,0.591,0.455,0.091,13.7,3.3,8.5,7.4,1.5,2.7,0.0,14.3,147.0,129.0,2.7,8244d4fb-e144-42e6-b7c9-1ec7ddbdebc7,POR,MIN,Away,114,119,0
Dalano Banton,1,33.28333333333333,7,20,0.35,1,6,0.167,3,5,0.6,3,4,7,4,0,0,1,1,18,-10.0,0.405,0.375,0.3,0.25,10.8,14.1,12.5,16.5,0.0,0.0,4.3,30.5,102.0,131.0,-7.9,8244d4fb-e144-42e6-b7c9-1ec7ddbdebc7,POR,MIN,Away,114,119,0
Jabari Walker,1,28.383333333333333,2,9,0.222,0,3,0.0,0,0,0.0,1,7,8,1,0,0,0,5,4,3.0,0.222,0.222,0.333,0.0,4.2,28.9,16.7,4.1,0.0,0.0,0.0,13.9,68.0,126.0,-15.5,8244d4fb-e144-42e6-b7c9-1ec7ddbdebc7,POR,MIN,Away,114,119,0
Rayan Rupert,1,23.366666666666667,5,7,0.714,3,3,1.0,0,0,0.0,1,5,6,0,0,0,1,3,13,-7.0,0.929,0.929,0.429,0.0,5.1,25.1,15.2,0.0,0.0,0.0,12.5,15.0,150.0,127.0,3.0,8244d4fb-e144-42e6-b7c9-1ec7ddbdebc7,POR,MIN,Away,114,119,0
Ashton Hagans,1,19.7,0,1,0.0,0,0,0.0,0,0,0.0,0,3,3,4,3,0,3,4,0,-1.0,0.0,0.0,0.0,0.0,0.0,17.8,9.0,21.7,7.8,0.0,75.0,8.9,54.0,112.0,-5.4,8244d4fb-e144-42e6-b7c9-1ec7ddbdebc7,POR,MIN,Away,114,119,0
Justin Minaya,1,9.6,1,3,0.333,1,3,0.333,0,0,0.0,0,1,1,0,0,0,0,1,3,-12.0,0.5,0.5,1.0,0.0,0.0,12.2,6.2,0.0,0.0,0.0,0.0,13.7,108.0,131.0,-7.4,8244d4fb-e144-42e6-b7c9-1ec7ddbdebc7,POR,MIN,Away,114,119,0
Moses Brown,1,8.683333333333334,1,1,1.0,0,0,0.0,0,0,0.0,1,2,3,2,0,1,1,3,2,4.0,1.0,1.0,0.0,0.0,13.8,27.0,20.5,28.0,0.0,10.8,50.0,10.1,132.0,119.0,4.3,8244d4fb-e144-42e6-b7c9-1ec7ddbdebc7,POR,MIN,Away,114,119,0
Ibou Badji,0,0.0,0,0,0.0,0,0,0.0,0,0,0.0,0,0,0,0,0,0,0,0,0,0.0,0.0,0.0,0.0,0.0,0.0,0.0,0.0,0.0,0.0,0.0,0.0,0.0,0.0,0.0,0.0,8244d4fb-e144-42e6-b7c9-1ec7ddbdebc7,POR,MIN,Away,114,119,0
Toumani Camara,1,0.0,0,0,0.0,0,0,0.0,0,0,0.0,0,0,0,0,0,0,0,0,0,0.0,0.0,0.0,0.0,0.0,0.0,0.0,0.0,0.0,0.0,0.0,0.0,0.0,0.0,0.0,0.0,8244d4fb-e144-42e6-b7c9-1ec7ddbdebc7,POR,MIN,Away,114,119,0
Shaedon Sharpe,1,0.0,0,0,0.0,0,0,0.0,0,0,0.0,0,0,0,0,0,0,0,0,0,0.0,0.0,0.0,0.0,0.0,0.0,0.0,0.0,0.0,0.0,0.0,0.0,0.0,0.0,0.0,0.0,8244d4fb-e144-42e6-b7c9-1ec7ddbdebc7,POR,MIN,Away,114,119,0
Jerami Grant,1,40.31666666666667,6,11,0.545,2,3,0.667,6,6,1.0,0,2,2,4,2,1,6,3,20,-5.0,0.733,0.636,0.273,0.545,0.0,7.4,3.4,14.1,2.4,2.3,30.5,21.3,105.0,126.0,-2.1,c5cb338f-daac-4c8e-ac92-e17da8e7f15c,POR,OKC,Home,120,128,0
Anfernee Simons,1,39.73333333333333,10,19,0.526,5,10,0.5,4,4,1.0,0,3,3,5,1,0,4,2,29,-1.0,0.698,0.658,0.526,0.211,0.0,11.3,5.1,20.9,1.2,0.0,16.2,27.2,119.0,130.0,1.5,c5cb338f-daac-4c8e-ac92-e17da8e7f15c,POR,OKC,Home,120,128,0
Duop Reath,1,30.616666666666667,5,12,0.417,0,5,0.0,6,7,0.857,3,2,5,1,1,0,1,3,16,-8.0,0.531,0.417,0.417,0.583,12.1,9.8,11.0,4.7,1.6,0.0,6.2,22.9,116.0,129.0,-6.3,c5cb338f-daac-4c8e-ac92-e17da8e7f15c,POR,OKC,Home,120,128,0
Dalano Banton,1,29.316666666666663,5,13,0.385,2,6,0.333,1,2,0.5,1,4,5,5,0,1,1,2,13,-14.0,0.468,0.462,0.462,0.154,4.2,20.5,11.5,24.9,0.0,3.1,6.7,22.2,106.0,129.0,-2.7,c5cb338f-daac-4c8e-ac92-e17da8e7f15c,POR,OKC,Home,120,128,0
Kris Murray,1,23.116666666666667,4,5,0.8,1,1,1.0,3,4,0.75,0,3,3,1,1,0,1,6,12,-9.0,0.888,0.9,0.2,0.8,0.0,19.5,8.8,6.4,2.1,0.0,12.9,14.7,150.0,127.0,0.7,c5cb338f-daac-4c8e-ac92-e17da8e7f15c,POR,OKC,Home,120,128,0
Matisse Thybulle,1,25.933333333333334,5,6,0.833,3,4,0.75,3,3,1.0,0,6,6,3,3,0,1,2,16,8.0,1.093,1.083,0.667,0.5,0.0,34.7,15.6,17.5,5.5,0.0,12.0,14.0,185.0,118.0,16.8,c5cb338f-daac-4c8e-ac92-e17da8e7f15c,POR,OKC,Home,120,128,0
Jabari Walker,1,18.7,4,7,0.571,0,0,0.0,1,1,1.0,2,4,6,2,1,0,0,6,9,-8.0,0.605,0.571,0.0,0.143,13.2,32.1,21.7,16.7,2.5,0.0,0.0,17.4,141.0,124.0,-0.3,c5cb338f-daac-4c8e-ac92-e17da8e7f15c,POR,OKC,Home,120,128,0
Rayan Rupert,1,18.28333333333333,1,6,0.167,1,4,0.25,0,0,0.0,0,1,1,2,1,0,0,3,3,-4.0,0.25,0.25,0.667,0.0,0.0,8.2,3.7,13.7,2.6,0.0,0.0,14.3,73.0,127.0,-9.4,c5cb338f-daac-4c8e-ac92-e17da8e7f15c,POR,OKC,Home,120,128,0
Ashton Hagans,1,13.983333333333333,1,2,0.5,0,1,0.0,0,0,0.0,1,0,1,4,0,0,3,1,2,1.0,0.5,0.5,0.5,0.0,8.8,0.0,4.8,36.5,0.0,0.0,60.0,15.6,85.0,134.0,-8.3,c5cb338f-daac-4c8e-ac92-e17da8e7f15c,POR,OKC,Home,120,128,0
Moses Brown,0,0.0,0,0,0.0,0,0,0.0,0,0,0.0,0,0,0,0,0,0,0,0,0,0.0,0.0,0.0,0.0,0.0,0.0,0.0,0.0,0.0,0.0,0.0,0.0,0.0,0.0,0.0,0.0,c5cb338f-daac-4c8e-ac92-e17da8e7f15c,POR,OKC,Home,120,128,0
Toumani Camara,1,0.0,0,0,0.0,0,0,0.0,0,0,0.0,0,0,0,0,0,0,0,0,0,0.0,0.0,0.0,0.0,0.0,0.0,0.0,0.0,0.0,0.0,0.0,0.0,0.0,0.0,0.0,0.0,c5cb338f-daac-4c8e-ac92-e17da8e7f15c,POR,OKC,Home,120,128,0
Justin Minaya,0,0.0,0,0,0.0,0,0,0.0,0,0,0.0,0,0,0,0,0,0,0,0,0,0.0,0.0,0.0,0.0,0.0,0.0,0.0,0.0,0.0,0.0,0.0,0.0,0.0,0.0,0.0,0.0,c5cb338f-daac-4c8e-ac92-e17da8e7f15c,POR,OKC,Home,120,128,0
Dalano Banton,1,38.38333333333333,10,27,0.37,4,10,0.4,6,8,0.75,1,7,8,5,1,1,2,2,30,-9.0,0.491,0.444,0.37,0.296,2.4,19.9,10.4,25.5,1.3,2.2,6.2,34.8,114.0,127.0,1.5,4c3b339c-584e-4bda-a755-e47b48004ead,POR,HOU,Home,107,123,0
Anfernee Simons,1,33.666666666666664,7,14,0.5,4,7,0.571,5,7,0.714,0,3,3,3,3,0,6,2,23,-14.0,0.673,0.643,0.5,0.5,0.0,9.7,4.5,15.8,4.5,0.0,26.0,28.1,104.0,124.0,0.7,4c3b339c-584e-4bda-a755-e47b48004ead,POR,HOU,Home,107,123,0
Kris Murray,1,33.36666666666667,5,12,0.417,1,6,0.167,1,2,0.5,4,7,11,7,0,1,2,0,12,-3.0,0.466,0.458,0.5,0.167,11.1,22.9,16.5,33.8,0.0,2.5,13.4,18.3,117.0,129.0,1.8,4c3b339c-584e-4bda-a755-e47b48004ead,POR,HOU,Home,107,123,0
Duop Reath,1,32.0,6,13,0.462,4,6,0.667,0,0,0.0,3,3,6,3,0,1,1,5,16,-3.0,0.615,0.615,0.462,0.0,8.7,10.2,9.4,16.1,0.0,2.6,7.1,17.9,136.0,132.0,0.8,4c3b339c-584e-4bda-a755-e47b48004ead,POR,HOU,Home,107,123,0
Toumani Camara,1,30.266666666666666,2,4,0.5,1,2,0.5,4,4,1.0,3,4,7,0,1,0,1,1,9,-3.0,0.781,0.625,0.5,1.0,9.1,14.4,11.6,0.0,1.7,0.0,14.8,9.2,152.0,129.0,-1.9,4c3b339c-584e-4bda-a755-e47b48004ead,POR,HOU,Home,107,123,0
Rayan Rupert,1,22.466666666666665,1,1,1.0,0,0,0.0,0,0,0.0,1,1,2,2,0,0,3,2,2,-8.0,1.0,1.0,0.0,0.0,4.1,4.9,4.5,12.3,0.0,0.0,75.0,7.3,68.0,136.0,-11.7,4c3b339c-584e-4bda-a755-e47b48004ead,POR,HOU,Home,107,123,0
Matisse Thybulle,1,19.48333333333333,2,5,0.4,1,2,0.5,0,2,0.0,3,0,3,0,0,1,1,2,5,-22.0,0.425,0.5,0.4,0.4,14.2,0.0,7.7,0.0,0.0,4.3,14.5,14.5,91.0,135.0,-8.0,4c3b339c-584e-4bda-a755-e47b48004ead,POR,HOU,Home,107,123,0
Ashton Hagans,1,18.466666666666665,2,6,0.333,1,2,0.5,1,2,0.5,1,3,4,2,0,1,1,2,6,-11.0,0.436,0.417,0.333,0.333,5.0,17.7,10.8,16.3,0.0,4.6,12.7,17.5,101.0,129.0,-5.9,4c3b339c-584e-4bda-a755-e47b48004ead,POR,HOU,Home,107,123,0
Moses Brown,1,10.483333333333333,2,6,0.333,0,0,0.0,0,0,0.0,3,2,5,0,0,0,0,0,4,-7.0,0.333,0.333,0.0,0.0,26.4,20.8,23.8,0.0,0.0,0.0,0.0,23.5,100.0,131.0,-12.2,4c3b339c-584e-4bda-a755-e47b48004ead,POR,HOU,Home,107,123,0
Justin Minaya,1,1.4166666666666667,0,1,0.0,0,0,0.0,0,0,0.0,0,0,0,0,0,0,0,0,0,0.0,0.0,0.0,0.0,0.0,0.0,0.0,0.0,0.0,0.0,0.0,0.0,29.0,0.0,138.0,-38.9,4c3b339c-584e-4bda-a755-e47b48004ead,POR,HOU,Home,107,123,0
Ibou Badji,0,0.0,0,0,0.0,0,0,0.0,0,0,0.0,0,0,0,0,0,0,0,0,0,0.0,0.0,0.0,0.0,0.0,0.0,0.0,0.0,0.0,0.0,0.0,0.0,0.0,0.0,0.0,0.0,4c3b339c-584e-4bda-a755-e47b48004ead,POR,HOU,Home,107,123,0
Shaedon Sharpe,1,0.0,0,0,0.0,0,0,0.0,0,0,0.0,0,0,0,0,0,0,0,0,0,0.0,0.0,0.0,0.0,0.0,0.0,0.0,0.0,0.0,0.0,0.0,0.0,0.0,0.0,0.0,0.0,4c3b339c-584e-4bda-a755-e47b48004ead,POR,HOU,Home,107,123,0
Anfernee Simons,1,42.083333333333336,8,18,0.444,4,9,0.444,3,3,1.0,2,2,4,7,1,0,5,1,23,1.0,0.595,0.556,0.5,0.167,4.8,5.9,5.3,22.6,1.2,0.0,20.6,24.8,112.0,116.0,-3.3,e9a91cd4-148b-4e35-af22-ada2c622f9ea,POR,TOR,Home,128,118,1
Dalano Banton,1,42.05,9,16,0.563,5,8,0.625,2,3,0.667,2,5,7,4,0,1,2,2,25,18.0,0.722,0.719,0.5,0.188,4.8,14.7,9.3,13.4,0.0,2.6,10.4,19.7,140.0,115.0,2.7,e9a91cd4-148b-4e35-af22-ada2c622f9ea,POR,TOR,Home,128,118,1
Deandre Ayton,1,39.95,14,25,0.56,0,1,0.0,2,2,1.0,5,14,19,1,2,1,3,1,30,10.0,0.58,0.56,0.04,0.08,12.8,43.2,26.5,4.4,2.5,2.8,10.4,31.0,115.0,104.0,-0.9,e9a91cd4-148b-4e35-af22-ada2c622f9ea,POR,TOR,Home,128,118,1
Toumani Camara,1,31.866666666666667,5,10,0.5,2,4,0.5,3,3,1.0,5,4,9,4,1,0,1,3,15,8.0,0.663,0.6,0.4,0.3,16.0,15.5,15.8,16.4,1.6,0.0,8.1,16.6,151.0,113.0,3.4,e9a91cd4-148b-4e35-af22-ada2c622f9ea,POR,TOR,Home,128,118,1
Kris Murray,1,24.58333333333333,2,7,0.286,1,5,0.2,0,0,0.0,0,4,4,3,0,0,1,1,5,8.0,0.357,0.357,0.714,0.0,0.0,20.1,9.1,14.5,0.0,0.0,12.5,14.0,90.0,116.0,-9.6,e9a91cd4-148b-4e35-af22-ada2c622f9ea,POR,TOR,Home,128,118,1
Matisse Thybulle,1,32.483333333333334,5,9,0.556,3,5,0.6,0,0,0.0,2,2,4,4,4,1,1,3,13,-7.0,0.722,0.722,0.556,0.0,6.3,7.6,6.9,16.0,6.2,3.4,10.0,13.2,148.0,102.0,9.1,e9a91cd4-148b-4e35-af22-ada2c622f9ea,POR,TOR,Home,128,118,1
Scoot Henderson,1,26.33333333333333,5,12,0.417,1,4,0.25,2,2,1.0,0,1,1,5,1,0,1,4,13,5.0,0.505,0.458,0.333,0.167,0.0,4.7,2.1,25.8,1.9,0.0,7.2,22.6,119.0,115.0,-6.0,e9a91cd4-148b-4e35-af22-ada2c622f9ea,POR,TOR,Home,128,118,1
Duop Reath,1,13.05,1,3,0.333,0,1,0.0,2,2,1.0,0,1,1,0,0,0,0,1,4,0.0,0.515,0.333,0.333,0.667,0.0,9.4,4.3,0.0,0.0,0.0,0.0,12.7,123.0,118.0,-11.4,e9a91cd4-148b-4e35-af22-ada2c622f9ea,POR,TOR,Home,128,118,1
Rayan Rupert,1,12.583333333333334,0,3,0.0,0,3,0.0,0,0,0.0,2,1,3,3,1,0,0,2,0,7.0,0.0,0.0,1.0,0.0,16.2,9.8,13.3,25.8,4.0,0.0,0.0,10.2,96.0,109.0,-5.7,e9a91cd4-148b-4e35-af22-ada2c622f9ea,POR,TOR,Home,128,118,1
Moses Brown,0,0.0,0,0,0.0,0,0,0.0,0,0,0.0,0,0,0,0,0,0,0,0,0,0.0,0.0,0.0,0.0,0.0,0.0,0.0,0.0,0.0,0.0,0.0,0.0,0.0,0.0,0.0,0.0,e9a91cd4-148b-4e35-af22-ada2c622f9ea,POR,TOR,Home,128,118,1
Jerami Grant,1,0.0,0,0,0.0,0,0,0.0,0,0,0.0,0,0,0,0,0,0,0,0,0,0.0,0.0,0.0,0.0,0.0,0.0,0.0,0.0,0.0,0.0,0.0,0.0,0.0,0.0,0.0,0.0,e9a91cd4-148b-4e35-af22-ada2c622f9ea,POR,TOR,Home,128,118,1
Shaedon Sharpe,1,0.0,0,0,0.0,0,0,0.0,0,0,0.0,0,0,0,0,0,0,0,0,0,0.0,0.0,0.0,0.0,0.0,0.0,0.0,0.0,0.0,0.0,0.0,0.0,0.0,0.0,0.0,0.0,e9a91cd4-148b-4e35-af22-ada2c622f9ea,POR,TOR,Home,128,118,1
Jerami Grant,1,35.6,5,14,0.357,1,4,0.25,3,3,1.0,0,2,2,2,2,0,2,0,14,-14.0,0.457,0.393,0.286,0.214,0.0,6.3,3.2,8.4,3.0,0.0,11.5,22.7,89.0,133.0,-6.3,1f550a25-0012-4d23-8ded-ea667cf394f5,POR,BOS,Home,99,121,0
Anfernee Simons,1,33.8,6,18,0.333,3,9,0.333,2,2,1.0,0,4,4,3,0,0,1,3,17,-6.0,0.45,0.417,0.5,0.111,0.0,13.2,6.8,14.0,0.0,0.0,5.0,27.5,96.0,137.0,-7.5,1f550a25-0012-4d23-8ded-ea667cf394f5,POR,BOS,Home,99,121,0
Scoot Henderson,1,33.28333333333333,5,12,0.417,1,5,0.2,2,2,1.0,2,4,6,8,0,0,5,3,13,-23.0,0.505,0.458,0.417,0.167,7.2,13.4,10.4,36.3,0.0,0.0,28.0,25.1,95.0,137.0,-7.3,1f550a25-0012-4d23-8ded-ea667cf394f5,POR,BOS,Home,99,121,0
Deandre Ayton,1,32.833333333333336,11,19,0.579,0,0,0.0,0,0,0.0,6,9,15,1,0,0,1,0,22,-6.0,0.579,0.579,0.0,0.0,21.9,30.6,26.4,6.4,0.0,0.0,5.0,28.4,121.0,131.0,1.3,1f550a25-0012-4d23-8ded-ea667cf394f5,POR,BOS,Home,99,121,0
Kris Murray,1,19.3,1,1,1.0,0,0,0.0,0,0,0.0,0,4,4,1,0,1,0,0,2,-8.0,1.0,1.0,0.0,0.0,0.0,23.1,12.0,6.8,0.0,4.1,0.0,2.4,207.0,131.0,-0.1,1f550a25-0012-4d23-8ded-ea667cf394f5,POR,BOS,Home,99,121,0
Toumani Camara,1,24.566666666666663,3,5,0.6,0,1,0.0,2,2,1.0,0,1,1,2,0,1,0,0,8,-14.0,0.68,0.6,0.2,0.4,0.0,4.5,2.4,11.8,0.0,3.3,0.0,11.2,150.0,139.0,1.2,1f550a25-0012-4d23-8ded-ea667cf394f5,POR,BOS,Home,99,121,0
Dalano Banton,1,21.95,2,6,0.333,2,4,0.5,2,2,1.0,0,2,2,4,0,0,1,3,8,-18.0,0.581,0.5,0.667,0.333,0.0,10.2,5.3,25.3,0.0,0.0,12.7,16.8,121.0,138.0,-2.3,1f550a25-0012-4d23-8ded-ea667cf394f5,POR,BOS,Home,99,121,0
Matisse Thybulle,1,21.866666666666667,2,3,0.667,1,2,0.5,0,0,0.0,0,3,3,1,1,3,0,0,5,-3.0,0.833,0.833,0.667,0.0,0.0,15.3,7.9,6.3,2.4,11.0,0.0,6.4,168.0,124.0,9.9,1f550a25-0012-4d23-8ded-ea667cf394f5,POR,BOS,Home,99,121,0
Duop Reath,1,13.0,3,5,0.6,2,3,0.667,0,0,0.0,1,0,1,0,0,0,1,1,8,-14.0,0.8,0.8,0.6,0.0,9.2,0.0,4.4,0.0,0.0,0.0,16.7,21.5,123.0,142.0,0.8,1f550a25-0012-4d23-8ded-ea667cf394f5,POR,BOS,Home,99,121,0
Moses Brown,1,1.9,1,3,0.333,0,0,0.0,0,0,0.0,0,0,0,0,0,0,0,1,2,-2.0,0.333,0.333,0.0,0.0,0.0,0.0,0.0,0.0,0.0,0.0,0.0,73.7,68.0,139.0,-39.6,1f550a25-0012-4d23-8ded-ea667cf394f5,POR,BOS,Home,99,121,0
Rayan Rupert,1,1.9,0,1,0.0,0,0,0.0,0,0,0.0,0,0,0,1,0,0,0,0,0,-2.0,0.0,0.0,0.0,0.0,0.0,0.0,0.0,64.8,0.0,0.0,0.0,24.6,54.0,142.0,-10.7,1f550a25-0012-4d23-8ded-ea667cf394f5,POR,BOS,Home,99,121,0
Shaedon Sharpe,1,0.0,0,0,0.0,0,0,0.0,0,0,0.0,0,0,0,0,0,0,0,0,0,0.0,0.0,0.0,0.0,0.0,0.0,0.0,0.0,0.0,0.0,0.0,0.0,0.0,0.0,0.0,0.0,1f550a25-0012-4d23-8ded-ea667cf394f5,POR,BOS,Home,99,121,0
Anfernee Simons,1,42.95,10,23,0.435,5,13,0.385,11,11,1.0,2,5,7,8,1,0,1,2,36,13.0,0.647,0.543,0.565,0.478,6.0,11.2,9.0,33.3,1.2,0.0,3.5,29.2,149.0,111.0,11.7,033f20ff-56f9-4121-8788-70126250c12e,POR,ATL,Home,106,102,1
Deandre Ayton,1,40.5,15,20,0.75,0,0,0.0,3,4,0.75,4,15,19,1,1,1,3,3,33,16.0,0.758,0.75,0.0,0.2,12.8,35.6,25.9,5.9,1.3,2.4,12.1,26.5,135.0,100.0,7.4,033f20ff-56f9-4121-8788-70126250c12e,POR,ATL,Home,106,102,1
Kris Murray,1,34.916666666666664,3,8,0.375,1,3,0.333,2,3,0.667,2,4,6,2,1,1,6,4,9,17.0,0.483,0.438,0.375,0.375,7.4,11.0,9.5,8.1,1.4,2.8,39.2,19.0,71.0,108.0,-10.3,033f20ff-56f9-4121-8788-70126250c12e,POR,ATL,Home,106,102,1
Toumani Camara,1,30.35,1,3,0.333,0,1,0.0,1,2,0.5,2,4,6,3,0,1,1,3,3,12.0,0.387,0.333,0.333,0.667,8.5,12.7,10.9,13.0,0.0,3.2,20.5,7.0,106.0,111.0,-4.3,033f20ff-56f9-4121-8788-70126250c12e,POR,ATL,Home,106,102,1
Dalano Banton,1,19.416666666666668,4,8,0.5,2,3,0.667,2,2,1.0,1,4,5,2,0,0,1,1,12,-10.0,0.676,0.625,0.375,0.25,6.7,19.8,14.2,17.6,0.0,0.0,10.1,22.1,135.0,110.0,4.2,033f20ff-56f9-4121-8788-70126250c12e,POR,ATL,Home,106,102,1
Matisse Thybulle,1,32.06666666666667,3,6,0.5,2,4,0.5,0,0,0.0,1,4,5,4,2,2,1,1,8,-4.0,0.667,0.667,0.667,0.0,4.0,12.0,8.6,17.9,3.2,6.1,14.3,9.5,136.0,102.0,7.6,033f20ff-56f9-4121-8788-70126250c12e,POR,ATL,Home,106,102,1
Scoot Henderson,1,17.483333333333334,1,8,0.125,0,4,0.0,0,0,0.0,0,1,1,3,1,0,3,5,2,-3.0,0.125,0.125,0.5,0.0,0.0,5.5,3.2,23.4,2.9,0.0,27.3,27.3,39.0,108.0,-27.2,033f20ff-56f9-4121-8788-70126250c12e,POR,ATL,Home,106,102,1
Justin Minaya,1,14.816666666666666,1,3,0.333,0,1,0.0,0,0,0.0,0,0,0,1,1,0,1,1,2,-9.0,0.333,0.333,0.333,0.0,0.0,0.0,0.0,9.3,3.4,0.0,25.0,11.7,66.0,110.0,-7.6,033f20ff-56f9-4121-8788-70126250c12e,POR,ATL,Home,106,102,1
Duop Reath,1,7.5,0,3,0.0,0,1,0.0,1,2,0.5,0,0,0,0,0,0,1,1,1,-12.0,0.129,0.0,0.333,0.667,0.0,0.0,0.0,0.0,0.0,0.0,20.5,28.2,25.0,117.0,-33.2,033f20ff-56f9-4121-8788-70126250c12e,POR,ATL,Home,106,102,1
Moses Brown,0,0.0,0,0,0.0,0,0,0.0,0,0,0.0,0,0,0,0,0,0,0,0,0,0.0,0.0,0.0,0.0,0.0,0.0,0.0,0.0,0.0,0.0,0.0,0.0,0.0,0.0,0.0,0.0,033f20ff-56f9-4121-8788-70126250c12e,POR,ATL,Home,106,102,1
Rayan Rupert,0,0.0,0,0,0.0,0,0,0.0,0,0,0.0,0,0,0,0,0,0,0,0,0,0.0,0.0,0.0,0.0,0.0,0.0,0.0,0.0,0.0,0.0,0.0,0.0,0.0,0.0,0.0,0.0,033f20ff-56f9-4121-8788-70126250c12e,POR,ATL,Home,106,102,1
Shaedon Sharpe,1,0.0,0,0,0.0,0,0,0.0,0,0,0.0,0,0,0,0,0,0,0,0,0,0.0,0.0,0.0,0.0,0.0,0.0,0.0,0.0,0.0,0.0,0.0,0.0,0.0,0.0,0.0,0.0,033f20ff-56f9-4121-8788-70126250c12e,POR,ATL,Home,106,102,1
Dalano Banton,1,41.75,6,20,0.3,2,9,0.222,2,2,1.0,0,2,2,2,4,0,5,2,16,-20.0,0.383,0.35,0.45,0.1,0.0,4.9,2.4,8.5,5.0,0.0,19.3,27.5,69.0,111.0,-8.1,fd05c6e2-5360-4c91-827e-406ed57dc465,POR,NYK,Home,93,105,0
Deandre Ayton,1,40.0,12,21,0.571,1,1,1.0,6,6,1.0,6,8,14,0,0,1,3,1,31,-12.0,0.656,0.595,0.048,0.286,15.0,20.4,17.7,0.0,0.0,2.1,11.3,29.6,124.0,114.0,4.3,fd05c6e2-5360-4c91-827e-406ed57dc465,POR,NYK,Home,93,105,0
Toumani Camara,1,34.18333333333333,3,6,0.5,1,3,0.333,0,0,0.0,1,2,3,4,3,0,2,4,7,-7.0,0.583,0.583,0.5,0.0,2.9,6.0,4.4,18.9,4.5,0.0,25.0,10.4,106.0,112.0,1.1,fd05c6e2-5360-4c91-827e-406ed57dc465,POR,NYK,Home,93,105,0
Kris Murray,1,31.23333333333333,3,8,0.375,2,6,0.333,2,2,1.0,1,3,4,1,0,1,0,1,10,-7.0,0.563,0.5,0.75,0.25,3.2,9.8,6.5,5.2,0.0,2.6,0.0,12.6,129.0,118.0,0.4,fd05c6e2-5360-4c91-827e-406ed57dc465,POR,NYK,Home,93,105,0
Scoot Henderson,1,25.966666666666665,4,13,0.308,1,4,0.25,3,4,0.75,0,7,7,6,1,0,2,5,12,-15.0,0.407,0.346,0.308,0.308,0.0,27.5,13.6,41.7,2.0,0.0,11.9,28.7,94.0,108.0,-4.2,fd05c6e2-5360-4c91-827e-406ed57dc465,POR,NYK,Home,93,105,0
Ashton Hagans,1,22.03333333333333,3,5,0.6,2,3,0.667,0,0,0.0,1,4,5,3,0,0,2,2,8,3.0,0.8,0.8,0.6,0.0,4.5,18.5,11.5,23.8,0.0,0.0,28.6,14.1,122.0,116.0,1.1,fd05c6e2-5360-4c91-827e-406ed57dc465,POR,NYK,Home,93,105,0
Matisse Thybulle,1,20.683333333333334,2,6,0.333,1,4,0.25,0,0,0.0,0,2,2,3,2,0,2,1,5,-2.0,0.417,0.417,0.667,0.0,0.0,9.9,4.9,23.7,5.0,0.0,25.0,17.2,80.0,109.0,-1.4,fd05c6e2-5360-4c91-827e-406ed57dc465,POR,NYK,Home,93,105,0
Justin Minaya,1,12.916666666666666,1,3,0.333,1,3,0.333,1,2,0.5,2,3,5,0,0,0,0,1,4,-3.0,0.515,0.5,1.0,0.667,15.5,23.7,19.6,0.0,0.0,0.0,0.0,13.3,127.0,114.0,-0.6,fd05c6e2-5360-4c91-827e-406ed57dc465,POR,NYK,Home,93,105,0
Duop Reath,1,11.233333333333333,0,2,0.0,0,0,0.0,0,0,0.0,2,1,3,0,0,0,1,2,0,3.0,0.0,0.0,0.0,0.0,17.8,9.1,13.5,0.0,0.0,0.0,33.3,11.9,37.0,120.0,-20.4,fd05c6e2-5360-4c91-827e-406ed57dc465,POR,NYK,Home,93,105,0
Moses Brown,0,0.0,0,0,0.0,0,0,0.0,0,0,0.0,0,0,0,0,0,0,0,0,0,0.0,0.0,0.0,0.0,0.0,0.0,0.0,0.0,0.0,0.0,0.0,0.0,0.0,0.0,0.0,0.0,fd05c6e2-5360-4c91-827e-406ed57dc465,POR,NYK,Home,93,105,0
Rayan Rupert,0,0.0,0,0,0.0,0,0,0.0,0,0,0.0,0,0,0,0,0,0,0,0,0,0.0,0.0,0.0,0.0,0.0,0.0,0.0,0.0,0.0,0.0,0.0,0.0,0.0,0.0,0.0,0.0,fd05c6e2-5360-4c91-827e-406ed57dc465,POR,NYK,Home,93,105,0
Shaedon Sharpe,1,0.0,0,0,0.0,0,0,0.0,0,0,0.0,0,0,0,0,0,0,0,0,0,0.0,0.0,0.0,0.0,0.0,0.0,0.0,0.0,0.0,0.0,0.0,0.0,0.0,0.0,0.0,0.0,fd05c6e2-5360-4c91-827e-406ed57dc465,POR,NYK,Home,93,105,0
Dalano Banton,1,41.91666666666666,10,20,0.5,4,8,0.5,4,4,1.0,2,3,5,6,0,2,5,0,28,-21.0,0.643,0.6,0.4,0.2,5.9,9.5,7.6,22.5,0.0,3.6,18.7,28.3,117.0,133.0,2.9,712871c0-725d-4efa-ad71-cb23e49af92f,POR,NOP,Away,107,126,0
Deandre Ayton,1,37.96666666666667,10,13,0.769,0,1,0.0,0,1,0.0,4,4,8,2,1,1,2,2,20,-6.0,0.744,0.769,0.077,0.077,13.0,14.0,13.5,8.6,1.3,2.0,13.0,18.0,136.0,130.0,1.6,712871c0-725d-4efa-ad71-cb23e49af92f,POR,NOP,Away,107,126,0
Anfernee Simons,1,35.78333333333333,9,18,0.5,5,10,0.5,2,2,1.0,0,4,4,8,0,0,5,1,25,-5.0,0.662,0.639,0.556,0.111,0.0,14.9,7.2,35.9,0.0,0.0,20.9,29.6,116.0,134.0,1.6,712871c0-725d-4efa-ad71-cb23e49af92f,POR,NOP,Away,107,126,0
Toumani Camara,1,33.6,5,12,0.417,1,5,0.2,0,0,0.0,3,3,6,1,0,2,1,3,11,-10.0,0.458,0.458,0.417,0.0,11.0,11.9,11.4,4.1,0.0,4.5,7.7,17.2,102.0,131.0,-6.2,712871c0-725d-4efa-ad71-cb23e49af92f,POR,NOP,Away,107,126,0
Kris Murray,1,26.216666666666665,0,4,0.0,0,2,0.0,0,0,0.0,1,4,5,4,0,1,0,3,0,2.0,0.0,0.0,0.5,0.0,4.7,20.3,12.2,17.4,0.0,2.9,0.0,6.8,75.0,131.0,-6.7,712871c0-725d-4efa-ad71-cb23e49af92f,POR,NOP,Away,107,126,0
Scoot Henderson,1,24.25,5,8,0.625,0,2,0.0,1,1,1.0,0,2,2,2,2,1,3,2,11,-24.0,0.652,0.625,0.25,0.125,0.0,11.0,5.3,12.3,4.1,3.1,26.2,20.9,99.0,123.0,-2.0,712871c0-725d-4efa-ad71-cb23e49af92f,POR,NOP,Away,107,126,0
Jabari Walker,1,16.866666666666667,3,6,0.5,2,3,0.667,2,2,1.0,0,5,5,0,0,0,1,2,10,-12.0,0.727,0.667,0.5,0.333,0.0,39.5,19.0,0.0,0.0,0.0,12.7,20.7,126.0,129.0,-1.1,712871c0-725d-4efa-ad71-cb23e49af92f,POR,NOP,Away,107,126,0
Rayan Rupert,1,11.633333333333333,0,1,0.0,0,0,0.0,2,2,1.0,0,1,1,0,0,0,2,1,2,-6.0,0.532,0.0,0.0,2.0,0.0,11.5,5.5,0.0,0.0,0.0,51.5,14.8,54.0,135.0,-17.2,712871c0-725d-4efa-ad71-cb23e49af92f,POR,NOP,Away,107,126,0
Duop Reath,1,8.3,0,1,0.0,0,1,0.0,0,0,0.0,0,0,0,0,0,0,0,1,0,-13.0,0.0,0.0,1.0,0.0,0.0,0.0,0.0,0.0,0.0,0.0,0.0,5.3,0.0,137.0,-16.7,712871c0-725d-4efa-ad71-cb23e49af92f,POR,NOP,Away,107,126,0
Ibou Badji,1,1.7333333333333334,0,0,0.0,0,0,0.0,0,0,0.0,0,0,0,0,0,0,0,0,0,0.0,0.0,0.0,0.0,0.0,0.0,0.0,0.0,0.0,0.0,0.0,0.0,0.0,0.0,137.0,-7.6,712871c0-725d-4efa-ad71-cb23e49af92f,POR,NOP,Away,107,126,0
Justin Minaya,1,1.7333333333333334,0,1,0.0,0,1,0.0,0,0,0.0,0,0,0,0,0,0,0,0,0,0.0,0.0,0.0,1.0,0.0,0.0,0.0,0.0,0.0,0.0,0.0,0.0,25.6,0.0,137.0,-34.0,712871c0-725d-4efa-ad71-cb23e49af92f,POR,NOP,Away,107,126,0
Moses Brown,0,0.0,0,0,0.0,0,0,0.0,0,0,0.0,0,0,0,0,0,0,0,0,0,0.0,0.0,0.0,0.0,0.0,0.0,0.0,0.0,0.0,0.0,0.0,0.0,0.0,0.0,0.0,0.0,712871c0-725d-4efa-ad71-cb23e49af92f,POR,NOP,Away,107,126,0
Anfernee Simons,1,38.8,10,24,0.417,4,14,0.286,6,7,0.857,0,3,3,9,0,0,1,2,30,3.0,0.554,0.5,0.583,0.292,0.0,8.6,4.5,40.3,0.0,0.0,3.6,31.0,130.0,124.0,6.4,50f5e632-a7f0-4fd2-b78b-127c7daef551,POR,CHI,Away,107,110,0
Deandre Ayton,1,37.11666666666667,11,17,0.647,0,0,0.0,3,4,0.75,4,11,15,1,0,2,1,3,25,-8.0,0.666,0.647,0.0,0.235,12.9,33.1,23.4,5.0,0.0,4.3,5.1,22.8,138.0,113.0,4.6,50f5e632-a7f0-4fd2-b78b-127c7daef551,POR,CHI,Away,107,110,0
Scoot Henderson,1,30.15,4,17,0.235,1,3,0.333,5,6,0.833,3,2,5,5,1,0,6,3,14,4.0,0.356,0.265,0.176,0.353,11.9,7.4,9.6,23.7,1.7,0.0,23.4,36.4,77.0,121.0,-14.5,50f5e632-a7f0-4fd2-b78b-127c7daef551,POR,CHI,Away,107,110,0
Kris Murray,1,26.866666666666667,5,9,0.556,0,2,0.0,0,2,0.0,1,0,1,1,2,1,0,3,10,-3.0,0.506,0.556,0.222,0.222,4.5,0.0,2.2,5.8,3.8,3.0,0.0,15.8,114.0,117.0,-0.6,50f5e632-a7f0-4fd2-b78b-127c7daef551,POR,CHI,Away,107,110,0
Toumani Camara,1,14.5,0,0,0.0,0,0,0.0,0,0,0.0,0,1,1,1,0,0,1,3,0,-10.0,0.0,0.0,0.0,0.0,0.0,7.7,4.0,8.3,0.0,0.0,100.0,3.0,41.0,125.0,-12.3,50f5e632-a7f0-4fd2-b78b-127c7daef551,POR,CHI,Away,107,110,0
Dalano Banton,1,33.46666666666667,4,7,0.571,1,2,0.5,2,2,1.0,1,5,6,0,3,2,4,4,11,-5.0,0.698,0.643,0.286,0.286,3.6,16.7,10.4,0.0,4.6,4.8,33.7,15.2,92.0,108.0,-2.0,50f5e632-a7f0-4fd2-b78b-127c7daef551,POR,CHI,Away,107,110,0
Jabari Walker,1,33.45,1,5,0.2,0,2,0.0,1,2,0.5,3,7,10,4,1,0,0,3,3,5.0,0.255,0.2,0.4,0.4,10.8,23.4,17.3,14.9,1.5,0.0,0.0,7.5,110.0,116.0,-3.2,50f5e632-a7f0-4fd2-b78b-127c7daef551,POR,CHI,Away,107,110,0
Duop Reath,1,16.95,5,6,0.833,2,3,0.667,2,2,1.0,1,0,1,0,0,0,0,3,14,8.0,1.017,1.0,0.5,0.333,7.1,0.0,3.4,0.0,0.0,0.0,0.0,17.4,206.0,127.0,10.7,50f5e632-a7f0-4fd2-b78b-127c7daef551,POR,CHI,Away,107,110,0
Matisse Thybulle,1,4.966666666666667,0,1,0.0,0,1,0.0,0,0,0.0,0,0,0,0,0,0,0,0,0,-1.0,0.0,0.0,1.0,0.0,0.0,0.0,0.0,0.0,0.0,0.0,0.0,8.6,0.0,128.0,-17.2,50f5e632-a7f0-4fd2-b78b-127c7daef551,POR,CHI,Away,107,110,0
Rayan Rupert,1,3.6833333333333336,0,2,0.0,0,1,0.0,0,0,0.0,0,1,1,0,0,0,0,0,0,-8.0,0.0,0.0,0.5,0.0,0.0,30.3,15.7,0.0,0.0,0.0,0.0,23.3,0.0,117.0,-29.0,50f5e632-a7f0-4fd2-b78b-127c7daef551,POR,CHI,Away,107,110,0
Ibou Badji,0,0.0,0,0,0.0,0,0,0.0,0,0,0.0,0,0,0,0,0,0,0,0,0,0.0,0.0,0.0,0.0,0.0,0.0,0.0,0.0,0.0,0.0,0.0,0.0,0.0,0.0,0.0,0.0,50f5e632-a7f0-4fd2-b78b-127c7daef551,POR,CHI,Away,107,110,0
Moses Brown,0,0.0,0,0,0.0,0,0,0.0,0,0,0.0,0,0,0,0,0,0,0,0,0,0.0,0.0,0.0,0.0,0.0,0.0,0.0,0.0,0.0,0.0,0.0,0.0,0.0,0.0,0.0,0.0,50f5e632-a7f0-4fd2-b78b-127c7daef551,POR,CHI,Away,107,110,0
Justin Minaya,0,0.0,0,0,0.0,0,0,0.0,0,0,0.0,0,0,0,0,0,0,0,0,0,0.0,0.0,0.0,0.0,0.0,0.0,0.0,0.0,0.0,0.0,0.0,0.0,0.0,0.0,0.0,0.0,50f5e632-a7f0-4fd2-b78b-127c7daef551,POR,CHI,Away,107,110,0
Scoot Henderson,1,35.06666666666667,6,15,0.4,2,5,0.4,4,6,0.667,0,2,2,5,2,0,2,5,18,-7.0,0.51,0.467,0.333,0.4,0.0,7.2,3.4,22.2,2.9,0.0,10.2,25.7,106.0,122.0,-4.7,a515ecf4-ea83-4cba-920a-9aff4362fe88,POR,LAC,Home,103,116,0
Kris Murray,1,32.68333333333333,7,11,0.636,3,6,0.5,0,0,0.0,1,4,5,2,1,0,2,1,17,-13.0,0.773,0.773,0.545,0.0,3.5,15.5,9.2,10.2,1.6,0.0,15.4,18.3,129.0,124.0,3.3,a515ecf4-ea83-4cba-920a-9aff4362fe88,POR,LAC,Home,103,116,0
Anfernee Simons,1,28.416666666666668,6,11,0.545,2,5,0.4,0,0,0.0,0,4,4,1,0,1,3,2,14,-17.0,0.636,0.636,0.455,0.0,0.0,17.8,8.4,5.9,0.0,3.1,21.4,22.6,95.0,124.0,-6.7,a515ecf4-ea83-4cba-920a-9aff4362fe88,POR,LAC,Home,103,116,0
Deandre Ayton,1,26.416666666666668,4,10,0.4,0,0,0.0,0,1,0.0,1,6,7,1,0,1,4,0,8,-15.0,0.383,0.4,0.0,0.1,4.3,28.7,15.9,5.7,0.0,3.3,27.7,25.1,62.0,122.0,-15.0,a515ecf4-ea83-4cba-920a-9aff4362fe88,POR,LAC,Home,103,116,0
Toumani Camara,1,17.816666666666666,1,1,1.0,1,1,1.0,0,0,0.0,0,2,2,2,1,0,0,2,3,-1.0,1.5,1.5,1.0,0.0,0.0,14.2,6.7,14.8,2.8,0.0,0.0,2.6,271.0,121.0,4.3,a515ecf4-ea83-4cba-920a-9aff4362fe88,POR,LAC,Home,103,116,0
Dalano Banton,1,28.25,4,12,0.333,2,7,0.286,2,2,1.0,1,2,3,6,0,0,2,0,12,-6.0,0.466,0.417,0.583,0.167,4.0,8.9,6.4,31.7,0.0,0.0,13.4,24.2,105.0,128.0,-3.4,a515ecf4-ea83-4cba-920a-9aff4362fe88,POR,LAC,Home,103,116,0
Jabari Walker,1,23.066666666666663,4,6,0.667,2,2,1.0,2,2,1.0,2,1,3,0,2,0,3,5,12,-15.0,0.872,0.833,0.333,0.333,9.9,5.5,7.8,0.0,4.4,0.0,30.4,19.7,117.0,119.0,-2.1,a515ecf4-ea83-4cba-920a-9aff4362fe88,POR,LAC,Home,103,116,0
Rayan Rupert,1,19.58333333333333,3,5,0.6,0,2,0.0,2,2,1.0,1,4,5,3,0,0,0,1,8,4.0,0.68,0.6,0.4,0.4,5.8,25.8,15.3,23.2,0.0,0.0,0.0,13.8,160.0,125.0,3.3,a515ecf4-ea83-4cba-920a-9aff4362fe88,POR,LAC,Home,103,116,0
Duop Reath,1,16.1,3,8,0.375,2,4,0.5,0,0,0.0,0,2,2,1,0,1,1,0,8,-13.0,0.5,0.5,0.5,0.0,0.0,15.7,7.5,9.9,0.0,5.4,11.1,25.7,92.0,123.0,-3.1,a515ecf4-ea83-4cba-920a-9aff4362fe88,POR,LAC,Home,103,116,0
Justin Minaya,1,6.833333333333333,1,2,0.5,1,2,0.5,0,0,0.0,1,1,2,0,0,1,0,0,3,9.0,0.75,0.75,1.0,0.0,16.7,18.5,17.6,0.0,0.0,12.8,0.0,13.4,158.0,116.0,11.9,a515ecf4-ea83-4cba-920a-9aff4362fe88,POR,LAC,Home,103,116,0
Moses Brown,1,5.766666666666667,0,0,0.0,0,0,0.0,0,2,0.0,1,2,3,0,0,0,0,0,0,9.0,0.0,0.0,0.0,0.0,19.8,43.8,31.2,0.0,0.0,0.0,0.0,7.0,67.0,122.0,-10.4,a515ecf4-ea83-4cba-920a-9aff4362fe88,POR,LAC,Home,103,116,0
Ibou Badji,0,0.0,0,0,0.0,0,0,0.0,0,0,0.0,0,0,0,0,0,0,0,0,0,0.0,0.0,0.0,0.0,0.0,0.0,0.0,0.0,0.0,0.0,0.0,0.0,0.0,0.0,0.0,0.0,a515ecf4-ea83-4cba-920a-9aff4362fe88,POR,LAC,Home,103,116,0
Kris Murray,1,36.13333333333333,8,15,0.533,3,6,0.5,2,3,0.667,3,4,7,2,3,0,1,4,21,0.0,0.643,0.633,0.4,0.2,8.3,16.1,11.5,7.7,4.1,0.0,5.8,20.2,133.0,125.0,2.1,5a24dc3f-bf17-4637-ae02-d39ea2cb9f36,POR,LAC,Home,117,125,0
Scoot Henderson,1,34.56666666666667,8,18,0.444,3,6,0.5,5,5,1.0,1,3,4,10,2,0,4,0,24,-6.0,0.594,0.528,0.333,0.278,2.9,12.6,6.9,41.0,2.9,0.0,16.5,29.5,120.0,128.0,4.0,5a24dc3f-bf17-4637-ae02-d39ea2cb9f36,POR,LAC,Home,117,125,0
Toumani Camara,1,31.816666666666663,5,11,0.455,1,4,0.25,0,0,0.0,5,2,7,1,0,0,1,3,11,-7.0,0.5,0.5,0.364,0.0,15.7,9.1,13.0,4.0,0.0,0.0,8.3,15.9,116.0,135.0,-9.5,5a24dc3f-bf17-4637-ae02-d39ea2cb9f36,POR,LAC,Home,117,125,0
Duop Reath,1,26.683333333333334,5,10,0.5,2,6,0.333,1,1,1.0,0,3,3,2,2,0,3,3,13,-14.0,0.623,0.6,0.6,0.1,0.0,16.4,6.7,10.0,3.7,0.0,22.3,21.2,99.0,125.0,-5.1,5a24dc3f-bf17-4637-ae02-d39ea2cb9f36,POR,LAC,Home,117,125,0
Anfernee Simons,1,21.83333333333333,1,6,0.167,1,4,0.25,0,0,0.0,0,0,0,6,1,0,0,0,3,-13.0,0.25,0.25,0.667,0.0,0.0,0.0,0.0,30.8,2.3,0.0,0.0,11.6,106.0,131.0,-6.8,5a24dc3f-bf17-4637-ae02-d39ea2cb9f36,POR,LAC,Home,117,125,0
Jabari Walker,1,27.933333333333334,6,9,0.667,0,1,0.0,2,5,0.4,1,7,8,3,1,0,0,3,14,9.0,0.625,0.667,0.111,0.556,3.6,36.5,17.0,14.9,1.8,0.0,0.0,16.9,138.0,127.0,0.7,5a24dc3f-bf17-4637-ae02-d39ea2cb9f36,POR,LAC,Home,117,125,0
Dalano Banton,1,24.03333333333333,7,16,0.438,2,6,0.333,1,1,1.0,1,3,4,2,2,0,1,1,17,-14.0,0.517,0.5,0.375,0.063,4.2,18.2,9.9,12.9,4.1,0.0,5.7,30.6,109.0,124.0,-0.6,5a24dc3f-bf17-4637-ae02-d39ea2cb9f36,POR,LAC,Home,117,125,0
Rayan Rupert,1,23.23333333333333,2,2,1.0,0,0,0.0,1,2,0.5,0,2,2,1,0,1,0,2,5,12.0,0.868,1.0,0.0,1.0,0.0,12.5,5.1,5.1,0.0,4.7,0.0,5.2,177.0,131.0,-4.9,5a24dc3f-bf17-4637-ae02-d39ea2cb9f36,POR,LAC,Home,117,125,0
Moses Brown,1,13.75,3,6,0.5,0,0,0.0,3,8,0.375,4,2,6,2,0,0,0,3,9,-7.0,0.473,0.5,0.0,1.333,29.1,21.2,25.9,20.2,0.0,0.0,0.0,29.2,124.0,133.0,-5.3,5a24dc3f-bf17-4637-ae02-d39ea2cb9f36,POR,LAC,Home,117,125,0
Ibou Badji,0,0.0,0,0,0.0,0,0,0.0,0,0,0.0,0,0,0,0,0,0,0,0,0,0.0,0.0,0.0,0.0,0.0,0.0,0.0,0.0,0.0,0.0,0.0,0.0,0.0,0.0,0.0,0.0,5a24dc3f-bf17-4637-ae02-d39ea2cb9f36,POR,LAC,Home,117,125,0
Shaedon Sharpe,1,0.0,0,0,0.0,0,0,0.0,0,0,0.0,0,0,0,0,0,0,0,0,0,0.0,0.0,0.0,0.0,0.0,0.0,0.0,0.0,0.0,0.0,0.0,0.0,0.0,0.0,0.0,0.0,5a24dc3f-bf17-4637-ae02-d39ea2cb9f36,POR,LAC,Home,117,125,0
Matisse Thybulle,1,0.0,0,0,0.0,0,0,0.0,0,0,0.0,0,0,0,0,0,0,0,0,0,0.0,0.0,0.0,0.0,0.0,0.0,0.0,0.0,0.0,0.0,0.0,0.0,0.0,0.0,0.0,0.0,5a24dc3f-bf17-4637-ae02-d39ea2cb9f36,POR,LAC,Home,117,125,0
Toumani Camara,1,39.333333333333336,6,11,0.545,2,4,0.5,2,2,1.0,4,3,7,6,1,1,1,2,16,8.0,0.673,0.636,0.364,0.182,11.1,7.3,9.1,20.5,1.3,1.8,7.8,13.6,149.0,121.0,4.3,981607f1-769f-47a7-8c00-bc2c2bb8b64e,POR,DEN,Home,111,114,0
Kris Murray,1,39.18333333333333,5,13,0.385,1,6,0.167,0,0,0.0,3,4,7,1,1,1,1,1,11,0.0,0.423,0.423,0.462,0.0,8.4,9.8,9.1,3.3,1.3,1.8,7.1,14.9,98.0,120.0,-7.5,981607f1-769f-47a7-8c00-bc2c2bb8b64e,POR,DEN,Home,111,114,0
Scoot Henderson,1,28.33333333333333,9,20,0.45,2,4,0.5,2,2,1.0,1,3,4,6,2,0,4,5,22,-6.0,0.527,0.5,0.2,0.1,3.9,10.2,7.2,36.6,3.5,0.0,16.1,36.5,103.0,115.0,-2.7,981607f1-769f-47a7-8c00-bc2c2bb8b64e,POR,DEN,Home,111,114,0
Duop Reath,1,26.33333333333333,9,14,0.643,3,6,0.5,3,3,1.0,2,6,8,2,1,2,2,5,24,9.0,0.783,0.75,0.429,0.214,8.3,21.9,15.5,13.7,1.9,5.4,11.5,27.3,141.0,110.0,11.1,981607f1-769f-47a7-8c00-bc2c2bb8b64e,POR,DEN,Home,111,114,0
Rayan Rupert,1,15.766666666666667,1,2,0.5,0,0,0.0,1,1,1.0,0,1,1,5,0,0,2,1,3,-8.0,0.615,0.5,0.0,0.5,0.0,6.1,3.2,38.1,0.0,0.0,45.0,11.7,104.0,125.0,-4.1,981607f1-769f-47a7-8c00-bc2c2bb8b64e,POR,DEN,Home,111,114,0
Dalano Banton,1,32.733333333333334,5,19,0.263,1,6,0.167,3,4,0.75,0,3,3,1,0,0,1,4,14,-1.0,0.337,0.289,0.316,0.211,0.0,8.8,4.7,4.1,0.0,0.0,4.6,27.6,77.0,123.0,-19.4,981607f1-769f-47a7-8c00-bc2c2bb8b64e,POR,DEN,Home,111,114,0
Jabari Walker,1,25.85,6,7,0.857,1,1,1.0,2,2,1.0,1,8,9,0,1,0,1,1,15,-8.0,0.952,0.929,0.143,0.286,4.2,29.7,17.8,0.0,1.9,0.0,11.3,14.3,163.0,110.0,4.5,981607f1-769f-47a7-8c00-bc2c2bb8b64e,POR,DEN,Home,111,114,0
Ashton Hagans,1,21.416666666666668,0,3,0.0,0,1,0.0,2,2,1.0,1,2,3,6,2,2,2,4,2,-1.0,0.258,0.0,0.333,0.667,5.1,9.0,7.2,31.3,4.6,6.7,34.0,11.4,89.0,110.0,-0.8,981607f1-769f-47a7-8c00-bc2c2bb8b64e,POR,DEN,Home,111,114,0
Moses Brown,1,11.05,2,4,0.5,0,0,0.0,0,1,0.0,2,1,3,0,0,2,1,1,4,-8.0,0.45,0.5,0.0,0.25,19.7,8.7,13.9,0.0,0.0,13.0,18.4,20.5,88.0,117.0,-9.0,981607f1-769f-47a7-8c00-bc2c2bb8b64e,POR,DEN,Home,111,114,0
Ibou Badji,0,0.0,0,0,0.0,0,0,0.0,0,0,0.0,0,0,0,0,0,0,0,0,0,0.0,0.0,0.0,0.0,0.0,0.0,0.0,0.0,0.0,0.0,0.0,0.0,0.0,0.0,0.0,0.0,981607f1-769f-47a7-8c00-bc2c2bb8b64e,POR,DEN,Home,111,114,0
Shaedon Sharpe,0,0.0,0,0,0.0,0,0,0.0,0,0,0.0,0,0,0,0,0,0,0,0,0,0.0,0.0,0.0,0.0,0.0,0.0,0.0,0.0,0.0,0.0,0.0,0.0,0.0,0.0,0.0,0.0,981607f1-769f-47a7-8c00-bc2c2bb8b64e,POR,DEN,Home,111,114,0
Matisse Thybulle,0,0.0,0,0,0.0,0,0,0.0,0,0,0.0,0,0,0,0,0,0,0,0,0,0.0,0.0,0.0,0.0,0.0,0.0,0.0,0.0,0.0,0.0,0.0,0.0,0.0,0.0,0.0,0.0,981607f1-769f-47a7-8c00-bc2c2bb8b64e,POR,DEN,Home,111,114,0
Toumani Camara,1,35.233333333333334,4,9,0.444,1,3,0.333,3,3,1.0,3,2,5,0,2,2,4,4,12,-7.0,0.581,0.5,0.333,0.333,9.7,5.8,7.7,0.0,2.9,5.0,27.9,17.8,93.0,114.0,-3.4,abc77931-6453-4dd1-92f8-12a2b3ab1bd2,POR,HOU,Away,92,110,0
Kris Murray,1,31.416666666666668,2,11,0.182,0,6,0.0,0,0,0.0,2,4,6,1,2,1,0,1,4,-9.0,0.182,0.182,0.545,0.0,7.3,13.0,10.3,4.6,3.2,2.8,0.0,15.3,57.0,112.0,-6.9,abc77931-6453-4dd1-92f8-12a2b3ab1bd2,POR,HOU,Away,92,110,0
Scoot Henderson,1,24.53333333333333,6,14,0.429,1,5,0.2,2,2,1.0,0,3,3,4,0,0,5,5,15,-11.0,0.504,0.464,0.357,0.143,0.0,12.5,6.6,32.3,0.0,0.0,25.2,35.5,85.0,121.0,-10.4,abc77931-6453-4dd1-92f8-12a2b3ab1bd2,POR,HOU,Away,92,110,0
Duop Reath,1,23.98333333333333,3,8,0.375,0,2,0.0,2,2,1.0,1,3,4,0,0,1,0,5,8,-15.0,0.45,0.375,0.25,0.25,4.8,12.8,9.0,0.0,0.0,3.7,0.0,16.2,104.0,119.0,-8.0,abc77931-6453-4dd1-92f8-12a2b3ab1bd2,POR,HOU,Away,92,110,0
Rayan Rupert,1,23.166666666666668,3,8,0.375,3,4,0.75,0,0,0.0,0,4,4,1,0,0,1,3,9,7.0,0.563,0.563,0.5,0.0,0.0,17.6,9.3,7.0,0.0,0.0,11.1,17.0,107.0,119.0,-3.1,abc77931-6453-4dd1-92f8-12a2b3ab1bd2,POR,HOU,Away,92,110,0
Dalano Banton,1,38.85,11,21,0.524,2,9,0.222,4,4,1.0,1,10,11,5,1,2,3,1,28,-25.0,0.615,0.571,0.429,0.19,2.9,26.3,15.3,27.6,1.3,4.6,11.6,29.0,120.0,110.0,10.5,abc77931-6453-4dd1-92f8-12a2b3ab1bd2,POR,HOU,Away,92,110,0
Jabari Walker,1,25.883333333333333,3,6,0.5,0,1,0.0,1,2,0.5,1,4,5,0,0,0,0,3,7,-12.0,0.509,0.5,0.167,0.333,4.4,15.8,10.4,0.0,0.0,0.0,0.0,11.6,113.0,120.0,-6.6,abc77931-6453-4dd1-92f8-12a2b3ab1bd2,POR,HOU,Away,92,110,0
Ashton Hagans,1,23.566666666666663,4,8,0.5,0,3,0.0,0,0,0.0,2,2,4,3,0,0,2,2,8,-7.0,0.5,0.5,0.375,0.0,9.7,8.7,9.2,21.9,0.0,0.0,20.0,18.6,99.0,123.0,-5.1,abc77931-6453-4dd1-92f8-12a2b3ab1bd2,POR,HOU,Away,92,110,0
Moses Brown,1,8.05,0,2,0.0,0,0,0.0,1,2,0.5,0,1,1,0,0,0,1,1,1,-9.0,0.174,0.0,0.0,1.0,0.0,12.7,6.7,0.0,0.0,0.0,25.8,21.1,29.0,121.0,-22.9,abc77931-6453-4dd1-92f8-12a2b3ab1bd2,POR,HOU,Away,92,110,0
Justin Minaya,1,5.316666666666666,0,0,0.0,0,0,0.0,0,0,0.0,0,1,1,0,0,0,0,0,0,-2.0,0.0,0.0,0.0,0.0,0.0,19.2,10.1,0.0,0.0,0.0,0.0,0.0,0.0,118.0,-5.6,abc77931-6453-4dd1-92f8-12a2b3ab1bd2,POR,HOU,Away,92,110,0
Ibou Badji,0,0.0,0,0,0.0,0,0,0.0,0,0,0.0,0,0,0,0,0,0,0,0,0,0.0,0.0,0.0,0.0,0.0,0.0,0.0,0.0,0.0,0.0,0.0,0.0,0.0,0.0,0.0,0.0,abc77931-6453-4dd1-92f8-12a2b3ab1bd2,POR,HOU,Away,92,110,0
Matisse Thybulle,1,0.0,0,0,0.0,0,0,0.0,0,0,0.0,0,0,0,0,0,0,0,0,0,0.0,0.0,0.0,0.0,0.0,0.0,0.0,0.0,0.0,0.0,0.0,0.0,0.0,0.0,0.0,0.0,abc77931-6453-4dd1-92f8-12a2b3ab1bd2,POR,HOU,Away,92,110,0
Rayan Rupert,1,38.78333333333333,2,6,0.333,1,3,0.333,2,2,1.0,0,6,6,5,0,1,1,4,7,-2.0,0.509,0.417,0.5,0.333,0.0,21.2,10.0,15.3,0.0,2.8,12.7,9.1,113.0,123.0,-7.0,a4a178c2-7eb0-49cc-b2ae-1e6eee7f1574,POR,ATL,Away,106,120,0
Scoot Henderson,1,32.166666666666664,6,16,0.375,2,5,0.4,1,1,1.0,0,2,2,6,2,0,6,4,15,-12.0,0.456,0.438,0.313,0.063,0.0,8.5,4.0,26.3,3.0,0.0,26.7,31.2,76.0,120.0,-14.1,a4a178c2-7eb0-49cc-b2ae-1e6eee7f1574,POR,ATL,Away,106,120,0
Toumani Camara,1,30.28333333333333,7,9,0.778,3,4,0.75,0,0,0.0,1,3,4,2,1,0,2,2,17,0.0,0.944,0.944,0.444,0.0,4.1,13.6,8.6,9.9,1.6,0.0,18.2,16.2,134.0,122.0,2.7,a4a178c2-7eb0-49cc-b2ae-1e6eee7f1574,POR,ATL,Away,106,120,0
Duop Reath,1,30.216666666666665,6,12,0.5,1,5,0.2,0,0,0.0,1,4,5,5,1,0,1,3,13,-16.0,0.542,0.542,0.417,0.0,4.1,18.2,10.7,23.7,1.6,0.0,7.7,19.2,113.0,121.0,-2.9,a4a178c2-7eb0-49cc-b2ae-1e6eee7f1574,POR,ATL,Away,106,120,0
Kris Murray,1,21.8,0,3,0.0,0,1,0.0,0,0,0.0,1,2,3,4,1,0,1,0,0,-18.0,0.0,0.0,0.333,0.0,5.6,12.6,8.9,20.5,2.2,0.0,25.0,8.2,70.0,121.0,-7.8,a4a178c2-7eb0-49cc-b2ae-1e6eee7f1574,POR,ATL,Away,106,120,0
Dalano Banton,1,36.766666666666666,13,23,0.565,5,11,0.455,0,0,0.0,1,4,5,9,2,0,4,0,31,-15.0,0.674,0.674,0.478,0.0,3.3,14.9,8.8,45.1,2.6,0.0,14.8,32.8,117.0,120.0,8.0,a4a178c2-7eb0-49cc-b2ae-1e6eee7f1574,POR,ATL,Away,106,120,0
Jabari Walker,1,18.73333333333333,2,5,0.4,0,0,0.0,0,0,0.0,1,3,4,1,0,0,0,3,4,-8.0,0.4,0.4,0.0,0.0,6.6,22.0,13.9,6.8,0.0,0.0,0.0,11.9,98.0,124.0,-12.4,a4a178c2-7eb0-49cc-b2ae-1e6eee7f1574,POR,ATL,Away,106,120,0
Ashton Hagans,1,15.833333333333334,3,5,0.6,2,2,1.0,2,2,1.0,0,2,2,3,0,0,3,1,10,-2.0,0.85,0.8,0.4,0.4,0.0,17.3,8.2,26.8,0.0,0.0,33.8,25.1,110.0,125.0,-2.1,a4a178c2-7eb0-49cc-b2ae-1e6eee7f1574,POR,ATL,Away,106,120,0
Moses Brown,1,12.316666666666666,3,5,0.6,0,0,0.0,1,5,0.2,1,0,1,0,1,1,0,1,7,-5.0,0.486,0.6,0.0,1.0,10.0,0.0,5.3,0.0,3.9,8.9,0.0,26.1,96.0,114.0,-7.0,a4a178c2-7eb0-49cc-b2ae-1e6eee7f1574,POR,ATL,Away,106,120,0
Justin Minaya,1,1.55,1,1,1.0,0,0,0.0,0,0,0.0,0,1,1,0,0,0,0,0,2,4.0,1.0,1.0,0.0,0.0,0.0,88.5,41.8,0.0,0.0,0.0,0.0,28.8,200.0,113.0,19.0,a4a178c2-7eb0-49cc-b2ae-1e6eee7f1574,POR,ATL,Away,106,120,0
Ibou Badji,1,1.55,0,0,0.0,0,0,0.0,0,0,0.0,0,0,0,0,0,0,0,0,0,4.0,0.0,0.0,0.0,0.0,0.0,0.0,0.0,0.0,0.0,0.0,0.0,0.0,0.0,128.0,-11.0,a4a178c2-7eb0-49cc-b2ae-1e6eee7f1574,POR,ATL,Away,106,120,0
Matisse Thybulle,1,0.0,0,0,0.0,0,0,0.0,0,0,0.0,0,0,0,0,0,0,0,0,0,0.0,0.0,0.0,0.0,0.0,0.0,0.0,0.0,0.0,0.0,0.0,0.0,0.0,0.0,0.0,0.0,a4a178c2-7eb0-49cc-b2ae-1e6eee7f1574,POR,ATL,Away,106,120,0
Kris Murray,1,42.18333333333333,4,10,0.4,3,8,0.375,0,0,0.0,1,4,5,4,0,0,4,2,11,-49.0,0.55,0.55,0.8,0.0,2.4,11.7,6.5,14.9,0.0,0.0,28.6,13.9,85.0,143.0,-7.1,efde23ee-95b8-4f57-8e0c-2ae5b70933f3,POR,MIA,Away,82,142,0
Scoot Henderson,1,41.11666666666667,8,18,0.444,1,5,0.2,3,5,0.6,1,5,6,6,2,1,7,1,20,-58.0,0.495,0.472,0.278,0.278,2.4,15.0,8.1,27.3,2.3,2.2,25.7,27.7,81.0,135.0,-5.0,efde23ee-95b8-4f57-8e0c-2ae5b70933f3,POR,MIA,Away,82,142,0
Jabari Walker,1,34.5,1,6,0.167,0,2,0.0,2,3,0.667,1,2,3,2,0,0,1,2,4,-38.0,0.273,0.167,0.333,0.5,2.9,7.1,4.8,8.3,0.0,0.0,12.0,10.1,67.0,143.0,-12.3,efde23ee-95b8-4f57-8e0c-2ae5b70933f3,POR,MIA,Away,82,142,0
Rayan Rupert,1,26.416666666666668,3,6,0.5,0,1,0.0,0,0,0.0,2,2,4,3,1,0,3,5,6,-38.0,0.5,0.5,0.167,0.0,7.6,9.3,8.4,18.4,1.8,0.0,33.3,14.2,81.0,138.0,-9.5,efde23ee-95b8-4f57-8e0c-2ae5b70933f3,POR,MIA,Away,82,142,0
Deandre Ayton,1,24.716666666666665,9,15,0.6,0,1,0.0,0,0,0.0,1,7,8,1,1,0,1,1,18,-32.0,0.6,0.6,0.067,0.0,4.0,34.9,17.9,11.1,1.9,0.0,6.3,27.1,110.0,136.0,4.0,efde23ee-95b8-4f57-8e0c-2ae5b70933f3,POR,MIA,Away,82,142,0
Dalano Banton,1,30.166666666666668,5,19,0.263,1,7,0.143,1,1,1.0,2,7,9,2,0,0,5,2,12,-44.0,0.309,0.289,0.368,0.053,6.6,28.6,16.5,11.8,0.0,0.0,20.5,33.9,57.0,141.0,-17.4,efde23ee-95b8-4f57-8e0c-2ae5b70933f3,POR,MIA,Away,82,142,0
Duop Reath,1,14.1,3,8,0.375,0,4,0.0,0,0,0.0,0,2,2,0,0,0,1,0,6,-12.0,0.375,0.375,0.5,0.0,0.0,17.5,7.8,0.0,0.0,0.0,11.1,26.7,66.0,142.0,-13.5,efde23ee-95b8-4f57-8e0c-2ae5b70933f3,POR,MIA,Away,82,142,0
Justin Minaya,1,10.55,1,2,0.5,0,0,0.0,0,0,0.0,1,1,2,0,0,1,1,3,2,-5.0,0.5,0.5,0.0,0.0,9.5,11.7,10.5,0.0,0.0,8.6,33.3,11.9,73.0,134.0,-11.4,efde23ee-95b8-4f57-8e0c-2ae5b70933f3,POR,MIA,Away,82,142,0
Ibou Badji,1,9.183333333333334,1,1,1.0,0,0,0.0,1,2,0.5,1,2,3,0,0,0,0,2,3,-16.0,0.798,1.0,0.0,2.0,10.9,26.8,18.0,0.0,0.0,0.0,0.0,8.6,165.0,141.0,-5.3,efde23ee-95b8-4f57-8e0c-2ae5b70933f3,POR,MIA,Away,82,142,0
Matisse Thybulle,1,7.066666666666666,0,2,0.0,0,2,0.0,0,0,0.0,0,1,1,2,0,0,0,1,0,-8.0,0.0,0.0,1.0,0.0,0.0,17.4,7.8,38.8,0.0,0.0,0.0,11.8,45.0,142.0,-12.7,efde23ee-95b8-4f57-8e0c-2ae5b70933f3,POR,MIA,Away,82,142,0
Shaedon Sharpe,1,0.0,0,0,0.0,0,0,0.0,0,0,0.0,0,0,0,0,0,0,0,0,0,0.0,0.0,0.0,0.0,0.0,0.0,0.0,0.0,0.0,0.0,0.0,0.0,0.0,0.0,0.0,0.0,efde23ee-95b8-4f57-8e0c-2ae5b70933f3,POR,MIA,Away,82,142,0
Anfernee Simons,1,0.0,0,0,0.0,0,0,0.0,0,0,0.0,0,0,0,0,0,0,0,0,0,0.0,0.0,0.0,0.0,0.0,0.0,0.0,0.0,0.0,0.0,0.0,0.0,0.0,0.0,0.0,0.0,efde23ee-95b8-4f57-8e0c-2ae5b70933f3,POR,MIA,Away,82,142,0
Jabari Walker,1,40.35,7,15,0.467,2,6,0.333,2,3,0.667,3,6,9,5,0,0,0,2,18,0.0,0.551,0.533,0.4,0.2,7.9,17.0,12.3,18.8,0.0,0.0,0.0,18.4,130.0,117.0,1.2,98e0f1ed-34c6-484b-ab3a-32fa748b37f6,POR,ORL,Away,103,104,0
Deandre Ayton,1,36.0,10,18,0.556,0,0,0.0,0,0,0.0,4,8,12,3,0,0,2,4,20,-8.0,0.556,0.556,0.0,0.0,11.9,25.4,18.4,15.0,0.0,0.0,10.0,25.3,111.0,115.0,-3.7,98e0f1ed-34c6-484b-ab3a-32fa748b37f6,POR,ORL,Away,103,104,0
Scoot Henderson,1,34.8,6,16,0.375,1,5,0.2,0,0,0.0,2,6,8,9,0,0,5,5,13,-10.0,0.406,0.406,0.313,0.0,6.1,19.7,12.7,39.1,0.0,0.0,23.8,27.4,85.0,116.0,-11.6,98e0f1ed-34c6-484b-ab3a-32fa748b37f6,POR,ORL,Away,103,104,0
Rayan Rupert,1,31.433333333333334,4,11,0.364,3,6,0.5,0,0,0.0,0,1,1,2,1,0,1,3,11,-11.0,0.5,0.5,0.545,0.0,0.0,3.6,1.8,9.0,1.7,0.0,8.3,17.4,97.0,117.0,-6.4,98e0f1ed-34c6-484b-ab3a-32fa748b37f6,POR,ORL,Away,103,104,0
Kris Murray,1,29.183333333333334,2,7,0.286,1,4,0.25,2,2,1.0,2,3,5,1,3,0,0,3,7,8.0,0.444,0.357,0.571,0.286,7.3,11.7,9.5,4.5,5.3,0.0,0.0,12.3,113.0,107.0,-2.3,98e0f1ed-34c6-484b-ab3a-32fa748b37f6,POR,ORL,Away,103,104,0
Dalano Banton,1,35.38333333333333,8,17,0.471,4,8,0.5,6,8,0.75,0,5,5,5,3,2,1,1,26,1.0,0.634,0.588,0.471,0.471,0.0,16.1,7.8,23.3,4.4,6.2,4.6,27.6,129.0,104.0,14.1,98e0f1ed-34c6-484b-ab3a-32fa748b37f6,POR,ORL,Away,103,104,0
Duop Reath,1,16.5,1,4,0.25,0,2,0.0,0,0,0.0,0,3,3,0,1,1,0,1,2,8.0,0.25,0.25,0.5,0.0,0.0,20.8,10.0,0.0,3.2,6.6,0.0,11.0,55.0,105.0,-9.6,98e0f1ed-34c6-484b-ab3a-32fa748b37f6,POR,ORL,Away,103,104,0
Ashton Hagans,1,13.2,0,0,0.0,0,0,0.0,2,2,1.0,0,0,0,2,1,0,0,1,2,9.0,1.136,0.0,0.0,0.0,0.0,0.0,0.0,18.2,3.9,0.0,0.0,3.0,241.0,113.0,0.6,98e0f1ed-34c6-484b-ab3a-32fa748b37f6,POR,ORL,Away,103,104,0
Moses Brown,1,3.15,2,2,1.0,0,0,0.0,0,0,0.0,0,1,1,1,0,0,0,1,4,-2.0,1.0,1.0,0.0,0.0,0.0,36.3,17.5,100.0,0.0,0.0,0.0,28.9,206.0,112.0,33.8,98e0f1ed-34c6-484b-ab3a-32fa748b37f6,POR,ORL,Away,103,104,0
Ibou Badji,0,0.0,0,0,0.0,0,0,0.0,0,0,0.0,0,0,0,0,0,0,0,0,0,0.0,0.0,0.0,0.0,0.0,0.0,0.0,0.0,0.0,0.0,0.0,0.0,0.0,0.0,0.0,0.0,98e0f1ed-34c6-484b-ab3a-32fa748b37f6,POR,ORL,Away,103,104,0
Shaedon Sharpe,0,0.0,0,0,0.0,0,0,0.0,0,0,0.0,0,0,0,0,0,0,0,0,0,0.0,0.0,0.0,0.0,0.0,0.0,0.0,0.0,0.0,0.0,0.0,0.0,0.0,0.0,0.0,0.0,98e0f1ed-34c6-484b-ab3a-32fa748b37f6,POR,ORL,Away,103,104,0
Matisse Thybulle,0,0.0,0,0,0.0,0,0,0.0,0,0,0.0,0,0,0,0,0,0,0,0,0,0.0,0.0,0.0,0.0,0.0,0.0,0.0,0.0,0.0,0.0,0.0,0.0,0.0,0.0,0.0,0.0,98e0f1ed-34c6-484b-ab3a-32fa748b37f6,POR,ORL,Away,103,104,0
Jabari Walker,1,41.53333333333333,4,17,0.235,1,3,0.333,5,5,1.0,3,19,22,2,0,1,0,4,14,0.0,0.365,0.265,0.176,0.294,7.2,51.1,27.9,7.1,0.0,2.5,0.0,19.6,96.0,90.0,-1.3,0c00cb8a-c5b6-42d7-a84d-da6bb6aab66b,POR,CHO,Away,89,86,1
Deandre Ayton,1,37.23333333333333,12,22,0.545,0,1,0.0,0,0,0.0,6,10,16,2,0,0,2,1,24,0.0,0.545,0.545,0.045,0.0,16.1,30.0,22.7,12.0,0.0,0.0,8.3,27.3,112.0,93.0,4.9,0c00cb8a-c5b6-42d7-a84d-da6bb6aab66b,POR,CHO,Away,89,86,1
Scoot Henderson,1,37.05,9,16,0.563,4,7,0.571,0,2,0.0,0,1,1,10,1,0,6,3,22,0.0,0.652,0.688,0.438,0.125,0.0,3.0,1.4,51.1,1.4,0.0,26.2,26.2,106.0,92.0,6.0,0c00cb8a-c5b6-42d7-a84d-da6bb6aab66b,POR,CHO,Away,89,86,1
Rayan Rupert,1,34.766666666666666,1,5,0.2,0,1,0.0,2,2,1.0,1,4,5,1,1,0,3,4,4,1.0,0.34,0.2,0.2,0.4,2.9,12.8,7.6,3.9,1.5,0.0,33.8,10.8,58.0,91.0,-10.4,0c00cb8a-c5b6-42d7-a84d-da6bb6aab66b,POR,CHO,Away,89,86,1
Kris Murray,1,32.11666666666667,3,6,0.5,0,2,0.0,0,1,0.0,1,2,3,0,0,1,1,3,6,7.0,0.466,0.5,0.333,0.167,3.1,7.0,4.9,0.0,0.0,3.2,13.4,9.8,86.0,92.0,-6.5,0c00cb8a-c5b6-42d7-a84d-da6bb6aab66b,POR,CHO,Away,89,86,1
Dalano Banton,1,33.9,5,13,0.385,1,4,0.25,1,2,0.5,0,2,2,3,2,0,2,0,12,5.0,0.432,0.423,0.308,0.154,0.0,6.6,3.1,14.2,3.0,0.0,12.6,19.8,88.0,89.0,-1.1,0c00cb8a-c5b6-42d7-a84d-da6bb6aab66b,POR,CHO,Away,89,86,1
Ashton Hagans,1,12.616666666666667,0,4,0.0,0,2,0.0,0,0,0.0,2,1,3,1,0,0,1,2,0,-1.0,0.0,0.0,0.5,0.0,15.9,8.8,12.5,10.3,0.0,0.0,20.0,16.8,32.0,94.0,-18.6,0c00cb8a-c5b6-42d7-a84d-da6bb6aab66b,POR,CHO,Away,89,86,1
Duop Reath,1,10.766666666666667,3,10,0.3,1,6,0.167,0,0,0.0,1,2,3,0,0,0,0,2,7,3.0,0.35,0.35,0.6,0.0,9.3,20.7,14.7,0.0,0.0,0.0,0.0,39.4,82.0,94.0,-7.4,0c00cb8a-c5b6-42d7-a84d-da6bb6aab66b,POR,CHO,Away,89,86,1
Ibou Badji,0,0.0,0,0,0.0,0,0,0.0,0,0,0.0,0,0,0,0,0,0,0,0,0,0.0,0.0,0.0,0.0,0.0,0.0,0.0,0.0,0.0,0.0,0.0,0.0,0.0,0.0,0.0,0.0,0c00cb8a-c5b6-42d7-a84d-da6bb6aab66b,POR,CHO,Away,89,86,1
Moses Brown,0,0.0,0,0,0.0,0,0,0.0,0,0,0.0,0,0,0,0,0,0,0,0,0,0.0,0.0,0.0,0.0,0.0,0.0,0.0,0.0,0.0,0.0,0.0,0.0,0.0,0.0,0.0,0.0,0c00cb8a-c5b6-42d7-a84d-da6bb6aab66b,POR,CHO,Away,89,86,1
Shaedon Sharpe,1,0.0,0,0,0.0,0,0,0.0,0,0,0.0,0,0,0,0,0,0,0,0,0,0.0,0.0,0.0,0.0,0.0,0.0,0.0,0.0,0.0,0.0,0.0,0.0,0.0,0.0,0.0,0.0,0c00cb8a-c5b6-42d7-a84d-da6bb6aab66b,POR,CHO,Away,89,86,1
Matisse Thybulle,1,0.0,0,0,0.0,0,0,0.0,0,0,0.0,0,0,0,0,0,0,0,0,0,0.0,0.0,0.0,0.0,0.0,0.0,0.0,0.0,0.0,0.0,0.0,0.0,0.0,0.0,0.0,0.0,0c00cb8a-c5b6-42d7-a84d-da6bb6aab66b,POR,CHO,Away,89,86,1
Deandre Ayton,1,40.45,13,25,0.52,0,0,0.0,8,9,0.889,3,10,13,3,2,2,2,0,34,8.0,0.587,0.52,0.0,0.36,7.3,23.3,15.4,13.9,2.5,4.3,6.5,31.5,123.0,100.0,6.6,4aa54095-5692-445b-b31c-6c9b0f02557d,POR,WAS,Away,108,102,1
Jabari Walker,1,39.4,2,6,0.333,2,4,0.5,5,8,0.625,3,10,13,3,0,0,3,3,11,0.0,0.578,0.5,0.667,1.333,7.5,23.9,15.8,9.5,0.0,0.0,24.0,13.1,106.0,107.0,-6.0,4aa54095-5692-445b-b31c-6c9b0f02557d,POR,WAS,Away,108,102,1
Rayan Rupert,1,31.98333333333333,1,8,0.125,1,5,0.2,0,0,0.0,1,6,7,4,2,1,1,5,3,1.0,0.188,0.188,0.625,0.0,3.1,17.7,10.5,15.2,3.1,2.7,11.1,11.6,68.0,100.0,-8.6,4aa54095-5692-445b-b31c-6c9b0f02557d,POR,WAS,Away,108,102,1
Scoot Henderson,1,30.45,8,14,0.571,2,4,0.5,1,1,1.0,0,3,3,7,1,0,3,5,19,-3.0,0.658,0.643,0.286,0.071,0.0,9.3,4.7,38.9,1.6,0.0,17.2,23.6,119.0,108.0,0.3,4aa54095-5692-445b-b31c-6c9b0f02557d,POR,WAS,Away,108,102,1
Kris Murray,1,28.08333333333333,6,13,0.462,1,5,0.2,0,1,0.0,5,0,5,0,0,0,2,2,13,6.0,0.484,0.5,0.385,0.077,17.4,0.0,8.5,0.0,0.0,0.0,13.0,22.6,97.0,114.0,-10.2,4aa54095-5692-445b-b31c-6c9b0f02557d,POR,WAS,Away,108,102,1
Dalano Banton,1,33.56666666666667,8,20,0.4,2,6,0.333,3,5,0.6,2,6,8,8,0,0,1,3,21,14.0,0.473,0.45,0.3,0.25,5.8,16.8,11.4,38.7,0.0,0.0,4.3,28.5,115.0,109.0,0.5,4aa54095-5692-445b-b31c-6c9b0f02557d,POR,WAS,Away,108,102,1
Justin Minaya,1,25.48333333333333,1,4,0.25,0,2,0.0,0,0,0.0,2,2,4,2,2,2,0,2,2,3.0,0.25,0.25,0.5,0.0,7.7,7.4,7.5,9.6,3.9,6.8,0.0,6.5,101.0,100.0,-1.0,4aa54095-5692-445b-b31c-6c9b0f02557d,POR,WAS,Away,108,102,1
Duop Reath,1,10.583333333333334,2,4,0.5,1,3,0.333,0,0,0.0,0,2,2,2,0,0,0,3,5,1.0,0.625,0.625,0.75,0.0,0.0,17.8,9.1,28.4,0.0,0.0,0.0,15.6,144.0,108.0,1.1,4aa54095-5692-445b-b31c-6c9b0f02557d,POR,WAS,Away,108,102,1
Moses Brown,0,0.0,0,0,0.0,0,0,0.0,0,0,0.0,0,0,0,0,0,0,0,0,0,0.0,0.0,0.0,0.0,0.0,0.0,0.0,0.0,0.0,0.0,0.0,0.0,0.0,0.0,0.0,0.0,4aa54095-5692-445b-b31c-6c9b0f02557d,POR,WAS,Away,108,102,1
Shaedon Sharpe,1,0.0,0,0,0.0,0,0,0.0,0,0,0.0,0,0,0,0,0,0,0,0,0,0.0,0.0,0.0,0.0,0.0,0.0,0.0,0.0,0.0,0.0,0.0,0.0,0.0,0.0,0.0,0.0,4aa54095-5692-445b-b31c-6c9b0f02557d,POR,WAS,Away,108,102,1
Anfernee Simons,1,0.0,0,0,0.0,0,0,0.0,0,0,0.0,0,0,0,0,0,0,0,0,0,0.0,0.0,0.0,0.0,0.0,0.0,0.0,0.0,0.0,0.0,0.0,0.0,0.0,0.0,0.0,0.0,4aa54095-5692-445b-b31c-6c9b0f02557d,POR,WAS,Away,108,102,1
Matisse Thybulle,1,0.0,0,0,0.0,0,0,0.0,0,0,0.0,0,0,0,0,0,0,0,0,0,0.0,0.0,0.0,0.0,0.0,0.0,0.0,0.0,0.0,0.0,0.0,0.0,0.0,0.0,0.0,0.0,4aa54095-5692-445b-b31c-6c9b0f02557d,POR,WAS,Away,108,102,1
Scoot Henderson,1,36.43333333333333,3,13,0.231,3,7,0.429,6,6,1.0,0,1,1,8,2,0,5,2,15,-9.0,0.48,0.346,0.538,0.462,0.0,3.7,1.4,29.2,2.7,0.0,24.2,22.3,98.0,127.0,-5.6,d2bdf4a3-04d1-4c61-8e1e-0915952809f9,POR,BOS,Away,107,124,0
Deandre Ayton,1,35.06666666666667,11,23,0.478,0,1,0.0,0,0,0.0,7,7,14,2,2,1,0,1,22,-19.0,0.478,0.478,0.043,0.0,16.8,26.6,20.6,11.0,2.8,2.8,0.0,25.9,121.0,122.0,1.9,d2bdf4a3-04d1-4c61-8e1e-0915952809f9,POR,BOS,Away,107,124,0
Jabari Walker,1,34.333333333333336,5,16,0.313,0,3,0.0,4,4,1.0,6,12,18,0,1,0,2,3,14,-9.0,0.394,0.313,0.188,0.25,14.7,46.6,27.1,0.0,1.4,0.0,10.1,22.7,95.0,126.0,-10.6,d2bdf4a3-04d1-4c61-8e1e-0915952809f9,POR,BOS,Away,107,124,0
Rayan Rupert,1,33.266666666666666,3,8,0.375,3,6,0.5,0,0,0.0,1,2,3,2,1,0,1,3,9,-24.0,0.563,0.563,0.75,0.0,2.5,8.0,4.7,8.1,1.5,0.0,11.1,10.7,119.0,129.0,-4.9,d2bdf4a3-04d1-4c61-8e1e-0915952809f9,POR,BOS,Away,107,124,0
Kris Murray,1,25.65,4,9,0.444,2,4,0.5,0,0,0.0,4,3,7,2,1,0,2,1,10,-12.0,0.556,0.556,0.444,0.0,13.1,15.6,14.1,11.5,1.9,0.0,18.2,16.9,111.0,128.0,-1.0,d2bdf4a3-04d1-4c61-8e1e-0915952809f9,POR,BOS,Away,107,124,0
Dalano Banton,1,36.6,11,23,0.478,3,9,0.333,3,3,1.0,1,2,3,9,1,0,4,0,28,-11.0,0.576,0.543,0.391,0.13,2.3,7.3,4.2,46.2,1.4,0.0,14.1,30.5,119.0,130.0,6.0,d2bdf4a3-04d1-4c61-8e1e-0915952809f9,POR,BOS,Away,107,124,0
Justin Minaya,1,23.016666666666666,3,5,0.6,3,5,0.6,0,0,0.0,1,1,2,2,0,1,0,2,9,3.0,0.9,0.9,1.0,0.0,3.7,5.8,4.5,12.4,0.0,4.3,0.0,8.6,193.0,129.0,5.8,d2bdf4a3-04d1-4c61-8e1e-0915952809f9,POR,BOS,Away,107,124,0
Duop Reath,1,15.633333333333333,0,5,0.0,0,3,0.0,0,0,0.0,2,3,5,1,0,0,0,0,0,-4.0,0.0,0.0,0.6,0.0,10.8,25.6,16.5,7.7,0.0,0.0,0.0,12.6,39.0,131.0,-17.2,d2bdf4a3-04d1-4c61-8e1e-0915952809f9,POR,BOS,Away,107,124,0
Ibou Badji,0,0.0,0,0,0.0,0,0,0.0,0,0,0.0,0,0,0,0,0,0,0,0,0,0.0,0.0,0.0,0.0,0.0,0.0,0.0,0.0,0.0,0.0,0.0,0.0,0.0,0.0,0.0,0.0,d2bdf4a3-04d1-4c61-8e1e-0915952809f9,POR,BOS,Away,107,124,0
Moses Brown,0,0.0,0,0,0.0,0,0,0.0,0,0,0.0,0,0,0,0,0,0,0,0,0,0.0,0.0,0.0,0.0,0.0,0.0,0.0,0.0,0.0,0.0,0.0,0.0,0.0,0.0,0.0,0.0,d2bdf4a3-04d1-4c61-8e1e-0915952809f9,POR,BOS,Away,107,124,0
Shaedon Sharpe,1,0.0,0,0,0.0,0,0,0.0,0,0,0.0,0,0,0,0,0,0,0,0,0,0.0,0.0,0.0,0.0,0.0,0.0,0.0,0.0,0.0,0.0,0.0,0.0,0.0,0.0,0.0,0.0,d2bdf4a3-04d1-4c61-8e1e-0915952809f9,POR,BOS,Away,107,124,0
Matisse Thybulle,1,0.0,0,0,0.0,0,0,0.0,0,0,0.0,0,0,0,0,0,0,0,0,0,0.0,0.0,0.0,0.0,0.0,0.0,0.0,0.0,0.0,0.0,0.0,0.0,0.0,0.0,0.0,0.0,d2bdf4a3-04d1-4c61-8e1e-0915952809f9,POR,BOS,Away,107,124,0
Scoot Henderson,1,40.53333333333333,7,18,0.389,2,10,0.2,3,3,1.0,2,1,3,15,1,0,8,4,19,-31.0,0.492,0.444,0.556,0.167,5.3,2.5,3.9,56.0,1.3,0.0,29.3,29.5,99.0,122.0,-3.2,c5c0f6e9-6592-41cb-ac9c-7e0340064b23,POR,NOP,Home,100,110,0
Kris Murray,1,37.31666666666667,4,8,0.5,4,6,0.667,2,2,1.0,3,2,5,2,1,2,4,5,14,-8.0,0.788,0.75,0.75,0.25,8.6,5.5,7.0,7.4,1.4,5.0,31.1,15.1,111.0,118.0,1.9,c5c0f6e9-6592-41cb-ac9c-7e0340064b23,POR,NOP,Home,100,110,0
Deandre Ayton,1,35.65,15,22,0.682,0,1,0.0,0,0,0.0,3,10,13,1,1,0,3,2,30,-26.0,0.682,0.682,0.045,0.0,9.0,28.6,19.0,6.8,1.4,0.0,12.0,30.7,118.0,111.0,4.5,c5c0f6e9-6592-41cb-ac9c-7e0340064b23,POR,NOP,Home,100,110,0
Rayan Rupert,1,33.21666666666667,2,9,0.222,2,6,0.333,0,0,0.0,0,4,4,4,0,0,1,1,6,1.0,0.333,0.333,0.667,0.0,0.0,12.3,6.3,15.6,0.0,0.0,10.0,13.2,86.0,121.0,-6.6,c5c0f6e9-6592-41cb-ac9c-7e0340064b23,POR,NOP,Home,100,110,0
Jabari Walker,1,28.25,2,5,0.4,0,1,0.0,0,0,0.0,2,8,10,0,0,0,1,2,4,-18.0,0.4,0.4,0.2,0.0,7.6,28.9,18.5,0.0,0.0,0.0,16.7,9.3,83.0,114.0,-8.8,c5c0f6e9-6592-41cb-ac9c-7e0340064b23,POR,NOP,Home,100,110,0
Dalano Banton,1,31.3,4,11,0.364,2,8,0.25,2,2,1.0,0,3,3,3,0,1,4,1,12,5.0,0.505,0.455,0.727,0.182,0.0,9.8,5.0,13.6,0.0,3.0,25.2,22.2,85.0,120.0,-7.1,c5c0f6e9-6592-41cb-ac9c-7e0340064b23,POR,NOP,Home,100,110,0
Justin Minaya,1,21.5,1,4,0.25,1,3,0.333,0,0,0.0,1,3,4,2,0,0,0,2,3,9.0,0.375,0.375,0.75,0.0,5.0,14.3,9.7,11.8,0.0,0.0,0.0,8.2,115.0,120.0,-3.4,c5c0f6e9-6592-41cb-ac9c-7e0340064b23,POR,NOP,Home,100,110,0
Duop Reath,1,12.216666666666669,5,8,0.625,2,3,0.667,0,1,0.0,2,3,5,1,0,0,0,2,12,18.0,0.711,0.75,0.375,0.125,17.5,25.1,21.4,19.3,0.0,0.0,0.0,30.3,143.0,116.0,15.1,c5c0f6e9-6592-41cb-ac9c-7e0340064b23,POR,NOP,Home,100,110,0
Ibou Badji,0,0.0,0,0,0.0,0,0,0.0,0,0,0.0,0,0,0,0,0,0,0,0,0,0.0,0.0,0.0,0.0,0.0,0.0,0.0,0.0,0.0,0.0,0.0,0.0,0.0,0.0,0.0,0.0,c5c0f6e9-6592-41cb-ac9c-7e0340064b23,POR,NOP,Home,100,110,0
Moses Brown,0,0.0,0,0,0.0,0,0,0.0,0,0,0.0,0,0,0,0,0,0,0,0,0,0.0,0.0,0.0,0.0,0.0,0.0,0.0,0.0,0.0,0.0,0.0,0.0,0.0,0.0,0.0,0.0,c5c0f6e9-6592-41cb-ac9c-7e0340064b23,POR,NOP,Home,100,110,0
Shaedon Sharpe,1,0.0,0,0,0.0,0,0,0.0,0,0,0.0,0,0,0,0,0,0,0,0,0,0.0,0.0,0.0,0.0,0.0,0.0,0.0,0.0,0.0,0.0,0.0,0.0,0.0,0.0,0.0,0.0,c5c0f6e9-6592-41cb-ac9c-7e0340064b23,POR,NOP,Home,100,110,0
Matisse Thybulle,1,0.0,0,0,0.0,0,0,0.0,0,0,0.0,0,0,0,0,0,0,0,0,0,0.0,0.0,0.0,0.0,0.0,0.0,0.0,0.0,0.0,0.0,0.0,0.0,0.0,0.0,0.0,0.0,c5c0f6e9-6592-41cb-ac9c-7e0340064b23,POR,NOP,Home,100,110,0
Kris Murray,1,44.55,4,12,0.333,1,7,0.143,5,6,0.833,2,2,4,2,1,1,0,5,14,-3.0,0.478,0.375,0.583,0.5,3.8,5.5,4.5,7.0,1.2,2.6,0.0,13.5,121.0,114.0,-3.4,6730db6d-f54c-4b64-a4c8-75b8812cdd67,POR,GSW,Home,92,100,0
Scoot Henderson,1,39.7,7,20,0.35,2,8,0.25,2,3,0.667,1,2,3,12,2,0,9,2,18,-11.0,0.422,0.4,0.4,0.15,2.2,6.2,3.8,54.7,2.7,0.0,29.7,31.5,78.0,112.0,-4.9,6730db6d-f54c-4b64-a4c8-75b8812cdd67,POR,GSW,Home,92,100,0
Jabari Walker,1,36.28333333333333,6,14,0.429,2,3,0.667,3,4,0.75,7,9,16,1,1,0,0,3,17,-14.0,0.539,0.5,0.214,0.286,16.5,30.5,22.3,4.9,1.5,0.0,0.0,17.9,133.0,108.0,2.9,6730db6d-f54c-4b64-a4c8-75b8812cdd67,POR,GSW,Home,92,100,0
Deandre Ayton,1,33.78333333333333,12,24,0.5,0,1,0.0,1,1,1.0,1,10,11,1,3,1,1,0,25,-8.0,0.511,0.5,0.042,0.042,2.5,36.4,16.5,7.9,4.7,3.4,3.9,31.0,108.0,97.0,8.5,6730db6d-f54c-4b64-a4c8-75b8812cdd67,POR,GSW,Home,92,100,0
Rayan Rupert,1,28.55,1,6,0.167,0,3,0.0,0,0,0.0,1,3,4,0,0,0,1,3,2,12.0,0.167,0.167,0.5,0.0,3.0,12.9,7.1,0.0,0.0,0.0,14.3,10.1,41.0,116.0,-17.1,6730db6d-f54c-4b64-a4c8-75b8812cdd67,POR,GSW,Home,92,100,0
Justin Minaya,1,29.33333333333333,1,7,0.143,1,5,0.2,0,0,0.0,4,0,4,2,1,0,0,4,3,-20.0,0.214,0.214,0.714,0.0,11.7,0.0,6.9,9.8,1.8,0.0,0.0,9.8,88.0,116.0,-7.8,6730db6d-f54c-4b64-a4c8-75b8812cdd67,POR,GSW,Home,92,100,0
Duop Reath,1,14.216666666666669,2,10,0.2,1,4,0.25,3,3,1.0,3,2,5,0,0,1,0,0,8,0.0,0.353,0.25,0.4,0.3,18.1,17.3,17.8,0.0,0.0,8.0,0.0,32.8,98.0,111.0,-1.9,6730db6d-f54c-4b64-a4c8-75b8812cdd67,POR,GSW,Home,92,100,0
Ashton Hagans,1,13.55,2,4,0.5,1,3,0.333,0,0,0.0,1,1,2,4,1,0,1,1,5,4.0,0.625,0.625,0.75,0.0,6.3,9.1,7.5,50.8,3.9,0.0,20.0,15.2,127.0,108.0,9.9,6730db6d-f54c-4b64-a4c8-75b8812cdd67,POR,GSW,Home,92,100,0
Ibou Badji,0,0.0,0,0,0.0,0,0,0.0,0,0,0.0,0,0,0,0,0,0,0,0,0,0.0,0.0,0.0,0.0,0.0,0.0,0.0,0.0,0.0,0.0,0.0,0.0,0.0,0.0,0.0,0.0,6730db6d-f54c-4b64-a4c8-75b8812cdd67,POR,GSW,Home,92,100,0
Moses Brown,0,0.0,0,0,0.0,0,0,0.0,0,0,0.0,0,0,0,0,0,0,0,0,0,0.0,0.0,0.0,0.0,0.0,0.0,0.0,0.0,0.0,0.0,0.0,0.0,0.0,0.0,0.0,0.0,6730db6d-f54c-4b64-a4c8-75b8812cdd67,POR,GSW,Home,92,100,0
Shaedon Sharpe,1,0.0,0,0,0.0,0,0,0.0,0,0,0.0,0,0,0,0,0,0,0,0,0,0.0,0.0,0.0,0.0,0.0,0.0,0.0,0.0,0.0,0.0,0.0,0.0,0.0,0.0,0.0,0.0,6730db6d-f54c-4b64-a4c8-75b8812cdd67,POR,GSW,Home,92,100,0
Anfernee Simons,1,0.0,0,0,0.0,0,0,0.0,0,0,0.0,0,0,0,0,0,0,0,0,0,0.0,0.0,0.0,0.0,0.0,0.0,0.0,0.0,0.0,0.0,0.0,0.0,0.0,0.0,0.0,0.0,6730db6d-f54c-4b64-a4c8-75b8812cdd67,POR,GSW,Home,92,100,0
Kris Murray,1,42.56666666666667,4,11,0.364,1,7,0.143,1,1,1.0,4,3,7,2,0,0,0,1,10,-4.0,0.437,0.409,0.636,0.091,8.4,8.1,8.2,6.9,0.0,0.0,0.0,11.2,117.0,127.0,-7.2,54204e5d-bf05-4fc3-9311-d72569aa7711,POR,HOU,Home,107,116,0
Scoot Henderson,1,33.6,10,23,0.435,6,7,0.857,4,5,0.8,2,3,5,7,1,1,1,3,30,-9.0,0.595,0.565,0.304,0.217,5.3,10.2,7.4,44.0,1.5,2.7,3.8,32.6,133.0,121.0,13.4,54204e5d-bf05-4fc3-9311-d72569aa7711,POR,HOU,Home,107,116,0
Rayan Rupert,1,26.23333333333333,1,6,0.167,1,4,0.25,1,2,0.5,1,1,2,5,1,0,1,0,4,-10.0,0.291,0.25,0.667,0.333,3.4,4.4,3.8,26.0,1.9,0.0,12.7,12.6,89.0,124.0,-5.5,54204e5d-bf05-4fc3-9311-d72569aa7711,POR,HOU,Home,107,116,0
Deandre Ayton,1,22.666666666666668,3,10,0.3,0,2,0.0,0,0,0.0,0,2,2,1,1,0,2,1,6,-2.0,0.3,0.3,0.2,0.0,0.0,10.1,4.4,6.9,2.2,0.0,16.7,22.1,58.0,121.0,-16.6,54204e5d-bf05-4fc3-9311-d72569aa7711,POR,HOU,Home,107,116,0
Jabari Walker,1,14.416666666666666,3,4,0.75,1,1,1.0,2,4,0.5,1,4,5,0,0,0,1,1,9,-1.0,0.781,0.875,0.25,1.0,6.2,31.7,17.3,0.0,0.0,0.0,14.8,19.6,128.0,121.0,0.2,54204e5d-bf05-4fc3-9311-d72569aa7711,POR,HOU,Home,107,116,0
Dalano Banton,1,38.4,9,26,0.346,2,10,0.2,8,9,0.889,0,10,10,3,1,2,1,1,28,-9.0,0.467,0.385,0.385,0.346,0.0,29.8,13.0,14.6,1.3,4.7,3.2,33.7,105.0,115.0,0.7,54204e5d-bf05-4fc3-9311-d72569aa7711,POR,HOU,Home,107,116,0
Justin Minaya,1,28.23333333333333,1,3,0.333,0,2,0.0,0,0,0.0,2,2,4,2,0,0,0,4,2,-8.0,0.333,0.333,0.667,0.0,6.3,8.1,7.1,9.6,0.0,0.0,0.0,4.4,122.0,127.0,-9.7,54204e5d-bf05-4fc3-9311-d72569aa7711,POR,HOU,Home,107,116,0
Duop Reath,1,19.1,3,7,0.429,1,2,0.5,3,4,0.75,1,3,4,0,0,2,0,1,10,-9.0,0.571,0.5,0.286,0.571,4.7,18.0,10.5,0.0,0.0,9.5,0.0,19.2,128.0,118.0,0.3,54204e5d-bf05-4fc3-9311-d72569aa7711,POR,HOU,Home,107,116,0
Moses Brown,1,14.783333333333331,3,5,0.6,0,0,0.0,2,4,0.5,5,4,9,0,0,0,1,2,8,7.0,0.592,0.6,0.0,0.8,30.1,30.9,30.4,0.0,0.0,0.0,12.9,22.0,124.0,121.0,-5.5,54204e5d-bf05-4fc3-9311-d72569aa7711,POR,HOU,Home,107,116,0
Ibou Badji,0,0.0,0,0,0.0,0,0,0.0,0,0,0.0,0,0,0,0,0,0,0,0,0,0.0,0.0,0.0,0.0,0.0,0.0,0.0,0.0,0.0,0.0,0.0,0.0,0.0,0.0,0.0,0.0,54204e5d-bf05-4fc3-9311-d72569aa7711,POR,HOU,Home,107,116,0
Shaedon Sharpe,1,0.0,0,0,0.0,0,0,0.0,0,0,0.0,0,0,0,0,0,0,0,0,0,0.0,0.0,0.0,0.0,0.0,0.0,0.0,0.0,0.0,0.0,0.0,0.0,0.0,0.0,0.0,0.0,54204e5d-bf05-4fc3-9311-d72569aa7711,POR,HOU,Home,107,116,0
Matisse Thybulle,1,0.0,0,0,0.0,0,0,0.0,0,0,0.0,0,0,0,0,0,0,0,0,0,0.0,0.0,0.0,0.0,0.0,0.0,0.0,0.0,0.0,0.0,0.0,0.0,0.0,0.0,0.0,0.0,54204e5d-bf05-4fc3-9311-d72569aa7711,POR,HOU,Home,107,116,0
Kris Murray,1,43.583333333333336,3,15,0.2,1,7,0.143,2,2,1.0,7,11,18,0,1,1,2,3,9,-30.0,0.283,0.233,0.467,0.133,12.6,27.5,18.9,0.0,1.1,2.1,11.2,16.1,73.0,123.0,-10.2,58eb17f3-40a6-4c98-80df-924711d184aa,POR,SAC,Away,82,121,0
Rayan Rupert,1,40.266666666666666,4,12,0.333,2,7,0.286,1,2,0.5,3,3,6,5,0,0,2,1,11,-25.0,0.427,0.417,0.583,0.167,5.9,8.1,6.8,22.7,0.0,0.0,13.4,14.5,98.0,133.0,-6.0,58eb17f3-40a6-4c98-80df-924711d184aa,POR,SAC,Away,82,121,0
Dalano Banton,1,38.95,6,26,0.231,0,15,0.0,5,6,0.833,0,3,3,7,3,0,5,2,17,-38.0,0.297,0.231,0.577,0.231,0.0,8.4,3.5,36.5,3.8,0.0,14.9,33.8,70.0,124.0,-9.2,58eb17f3-40a6-4c98-80df-924711d184aa,POR,SAC,Away,82,121,0
Justin Minaya,1,37.55,3,10,0.3,1,6,0.167,1,1,1.0,6,0,6,2,0,0,2,5,8,-40.0,0.383,0.35,0.6,0.1,12.6,0.0,7.3,9.4,0.0,0.0,16.1,13.0,90.0,135.0,-11.1,58eb17f3-40a6-4c98-80df-924711d184aa,POR,SAC,Away,82,121,0
Moses Brown,1,15.116666666666667,4,7,0.571,0,0,0.0,1,2,0.5,2,5,7,0,2,0,2,2,9,-10.0,0.571,0.571,0.0,0.286,10.4,36.1,21.2,0.0,6.6,0.0,20.2,25.6,93.0,109.0,-0.4,58eb17f3-40a6-4c98-80df-924711d184aa,POR,SAC,Away,82,121,0
Taze Moore,1,30.15,5,14,0.357,1,5,0.2,1,2,0.5,4,4,8,4,1,0,2,2,12,-27.0,0.403,0.393,0.357,0.143,10.4,14.5,12.1,27.6,1.7,0.0,11.8,21.9,94.0,127.0,-3.3,58eb17f3-40a6-4c98-80df-924711d184aa,POR,SAC,Away,82,121,0
Duop Reath,1,24.15,5,12,0.417,2,5,0.4,2,2,1.0,1,5,6,0,3,1,1,2,14,-29.0,0.543,0.5,0.417,0.167,3.3,22.6,11.4,0.0,6.2,3.8,7.2,22.5,113.0,112.0,5.5,58eb17f3-40a6-4c98-80df-924711d184aa,POR,SAC,Away,82,121,0
Ibou Badji,1,10.216666666666669,1,2,0.5,0,0,0.0,0,0,0.0,0,0,0,0,1,0,1,2,2,4.0,0.5,0.5,0.0,0.0,0.0,0.0,0.0,0.0,4.9,0.0,33.3,11.5,65.0,124.0,-14.0,58eb17f3-40a6-4c98-80df-924711d184aa,POR,SAC,Away,82,121,0
Scoot Henderson,1,0.0,0,0,0.0,0,0,0.0,0,0,0.0,0,0,0,0,0,0,0,0,0,0.0,0.0,0.0,0.0,0.0,0.0,0.0,0.0,0.0,0.0,0.0,0.0,0.0,0.0,0.0,0.0,58eb17f3-40a6-4c98-80df-924711d184aa,POR,SAC,Away,82,121,0
Shaedon Sharpe,1,0.0,0,0,0.0,0,0,0.0,0,0,0.0,0,0,0,0,0,0,0,0,0,0.0,0.0,0.0,0.0,0.0,0.0,0.0,0.0,0.0,0.0,0.0,0.0,0.0,0.0,0.0,0.0,58eb17f3-40a6-4c98-80df-924711d184aa,POR,SAC,Away,82,121,0
Anfernee Simons,1,0.0,0,0,0.0,0,0,0.0,0,0,0.0,0,0,0,0,0,0,0,0,0,0.0,0.0,0.0,0.0,0.0,0.0,0.0,0.0,0.0,0.0,0.0,0.0,0.0,0.0,0.0,0.0,58eb17f3-40a6-4c98-80df-924711d184aa,POR,SAC,Away,82,121,0
Matisse Thybulle,1,0.0,0,0,0.0,0,0,0.0,0,0,0.0,0,0,0,0,0,0,0,0,0,0.0,0.0,0.0,0.0,0.0,0.0,0.0,0.0,0.0,0.0,0.0,0.0,0.0,0.0,0.0,0.0,58eb17f3-40a6-4c98-80df-924711d184aa,POR,SAC,Away,82,121,0
