Player,Age,Team,Pos,G,GS,MP,FG,FGA,FG%,3P,3PA,3P%,2P,2PA,2P%,eFG%,FT,FTA,FT%,ORB,DRB,TRB,AST,STL,BLK,TOV,PF,PTS,Awards,Year
A.C. Green,37,MIA,PF,82,1,17.2,1.8,4.0,0.444,0.0,0.1,0.0,1.8,3.9,0.453,0.444,1.0,1.4,0.712,1.3,2.5,3.8,0.5,0.4,0.1,0.5,1.5,4.5,,2001
A.J. Bramlett,23,CLE,C,8,0,7.6,0.5,2.6,0.19,0.0,0.0,0.0,0.5,2.6,0.19,0.19,0.0,0.0,0.0,1.5,1.3,2.8,0.0,0.1,0.0,0.4,1.6,1.0,,2000
A.J. English,23,WSB,SG,70,12,20.6,3.6,8.2,0.439,0.0,0.4,0.097,3.5,7.7,0.458,0.441,1.6,2.2,0.707,0.9,1.2,2.1,2.5,0.4,0.2,1.6,1.8,8.8,,1991
A.J. Green,23,MIL,SG,35,1,9.9,1.5,3.6,0.424,1.3,3.0,0.419,0.3,0.6,0.45,0.6,0.1,0.1,1.0,0.2,1.1,1.3,0.6,0.2,0.0,0.3,0.9,4.4,,2023
A.J. Guyton,24,GSW,PG,2,0,4.5,0.0,2.0,0.0,0.0,0.5,0.0,0.0,1.5,0.0,0.0,0.0,0.0,0.0,0.0,0.0,0.0,1.0,0.5,0.0,0.5,0.0,0.0,,2003
A.J. Hammons,24,DAL,C,22,0,7.4,0.8,1.9,0.405,0.2,0.5,0.5,0.5,1.5,0.375,0.464,0.4,0.9,0.45,0.4,1.3,1.6,0.2,0.0,0.6,0.5,1.0,2.2,,2017
A.J. Lawson,22,MIN,SG,1,0,2.0,1.0,1.0,1.0,0.0,0.0,0.0,1.0,1.0,1.0,1.0,0.0,0.0,0.0,0.0,1.0,1.0,0.0,0.0,0.0,0.0,1.0,2.0,,2023
A.J. Price,28,PHO,PG,5,0,8.8,0.6,2.8,0.214,0.0,1.4,0.0,0.6,1.4,0.429,0.214,0.0,0.0,0.0,0.0,0.6,0.6,1.2,0.0,0.0,0.2,1.0,1.2,,2015
A.J. Wynder,26,BOS,PG,6,0,6.5,0.5,2.0,0.25,0.0,0.2,0.0,0.5,1.8,0.273,0.25,1.0,1.3,0.75,0.2,0.3,0.5,1.3,0.2,0.0,0.7,0.2,2.0,,1991
AJ Griffin,20,ATL,SF,20,0,8.6,0.9,3.1,0.29,0.5,2.0,0.256,0.4,1.2,0.348,0.371,0.1,0.1,1.0,0.1,0.8,0.9,0.3,0.1,0.1,0.4,0.3,2.4,,2024
Aaron Brooks,28,HOU,PG,7,0,5.4,0.6,1.9,0.308,0.3,1.0,0.286,0.3,0.9,0.333,0.385,0.0,0.0,0.0,0.1,0.1,0.3,0.9,0.1,0.4,0.6,0.7,1.4,,2013
Aaron Gordon,19,ORL,PF,47,8,17.0,2.0,4.4,0.447,0.3,1.0,0.271,1.7,3.4,0.5,0.478,0.9,1.3,0.721,1.0,2.6,3.6,0.7,0.4,0.5,0.8,1.8,5.2,,2015
Aaron Gray,29,TOR,C,4,0,5.0,0.5,0.8,0.667,0.0,0.0,0.0,0.5,0.8,0.667,0.667,0.3,0.5,0.5,0.8,1.3,2.0,0.8,0.0,0.0,1.0,1.8,1.3,,2014
Aaron Harrison,22,CHO,SG,5,0,3.4,0.0,0.8,0.0,0.0,0.4,0.0,0.0,0.4,0.0,0.0,0.2,0.4,0.5,0.0,0.6,0.6,0.6,0.0,0.0,0.0,0.4,0.2,,2017
Aaron Henry,22,PHI,SF,6,0,2.8,0.2,0.8,0.2,0.0,0.2,0.0,0.2,0.7,0.25,0.2,0.0,0.0,0.0,0.0,0.2,0.2,0.0,0.0,0.3,0.3,0.3,0.3,,2022
Aaron Holiday,26,ATL,PG,63,6,13.4,1.5,3.5,0.418,0.6,1.4,0.409,0.9,2.1,0.424,0.5,0.4,0.5,0.844,0.4,0.8,1.2,1.4,0.6,0.2,0.6,1.3,3.9,,2023
Aaron Jackson,31,HOU,PG,1,0,35.0,3.0,9.0,0.333,1.0,4.0,0.25,2.0,5.0,0.4,0.389,1.0,2.0,0.5,2.0,1.0,3.0,1.0,0.0,0.0,1.0,4.0,8.0,,2018
Aaron McKie,33,LAL,PG,14,0,8.6,0.2,0.9,0.25,0.0,0.1,0.0,0.2,0.7,0.3,0.25,0.1,0.1,0.5,0.2,1.2,1.4,0.8,0.4,0.0,0.1,0.5,0.5,,2006
Aaron Miles,22,GSW,PG,19,0,6.2,0.3,0.9,0.333,0.0,0.0,0.0,0.3,0.9,0.333,0.333,0.2,0.2,1.0,0.0,0.7,0.7,1.3,0.2,0.1,0.6,0.7,0.8,,2006
Aaron Nesmith,22,BOS,SF,52,3,11.0,1.4,3.5,0.396,0.6,2.2,0.27,0.8,1.3,0.612,0.481,0.4,0.5,0.808,0.3,1.4,1.7,0.4,0.4,0.1,0.6,1.3,3.8,,2022
Aaron Swinson,24,PHO,SF,9,0,5.7,1.1,2.0,0.556,0.0,0.0,0.0,1.1,2.0,0.556,0.556,0.4,0.6,0.8,0.3,0.6,0.9,0.3,0.1,0.0,0.6,0.9,2.7,,1995
Aaron Wiggins,24,OKC,SG,70,14,18.5,2.7,5.2,0.512,0.7,1.7,0.393,2.0,3.4,0.573,0.579,0.8,1.0,0.831,1.0,2.0,3.0,1.1,0.6,0.2,0.8,1.6,6.8,,2023
Aaron Williams,22,UTA,PF,6,0,2.0,0.3,1.3,0.25,0.0,0.0,0.0,0.3,1.3,0.25,0.25,0.0,0.2,0.0,0.2,0.3,0.5,0.2,0.0,0.0,0.2,0.7,0.7,,1994
Abdel Nader,28,PHO,SF,14,0,10.4,0.9,2.5,0.343,0.3,1.0,0.286,0.6,1.5,0.381,0.4,0.4,0.7,0.6,0.3,1.6,1.9,0.5,0.6,0.3,0.8,1.4,2.4,,2022
Acie Earl,24,BOS,C,30,3,6.9,0.9,2.3,0.382,0.0,0.0,0.0,0.9,2.3,0.382,0.382,0.5,1.0,0.483,0.6,0.9,1.5,0.1,0.2,0.3,0.5,1.3,2.2,,1995
Acie Law,26,MEM,PG,11,0,8.5,0.3,1.7,0.158,0.0,0.5,0.0,0.3,1.2,0.231,0.158,0.5,0.9,0.6,0.3,0.7,1.0,1.3,0.4,0.0,0.9,0.9,1.1,,2011
Adam Flagler,24,OKC,SG,2,0,7.0,0.5,3.5,0.143,0.5,3.0,0.167,0.0,0.5,0.0,0.214,0.0,0.0,0.0,0.0,0.0,0.0,2.0,0.0,0.0,0.0,0.0,1.5,,2024
Adam Harrington,22,DAL,SG,13,0,2.8,0.3,1.3,0.235,0.1,0.2,0.333,0.2,1.1,0.214,0.265,0.2,0.2,1.0,0.0,0.2,0.2,0.2,0.1,0.1,0.2,0.2,0.8,,2003
Adam Keefe,29,UTA,C,62,3,9.7,0.9,2.1,0.408,0.0,0.0,0.0,0.9,2.1,0.411,0.408,0.5,0.6,0.806,0.7,1.5,2.2,0.5,0.3,0.2,0.7,1.5,2.2,,2000
Adam Mokoka,22,CHI,SG,14,0,4.0,0.5,1.4,0.368,0.1,0.7,0.1,0.4,0.6,0.667,0.395,0.0,0.1,0.0,0.1,0.3,0.4,0.4,0.1,0.1,0.4,0.4,1.1,,2021
Adam Morrison,24,LAL,SF,8,0,5.5,0.5,1.5,0.333,0.1,0.5,0.25,0.4,1.0,0.375,0.375,0.1,0.3,0.5,0.3,0.8,1.0,0.4,0.0,0.0,0.4,0.5,1.3,,2009
Adama Sanogo,21,CHI,PF,9,0,7.3,1.6,3.0,0.519,0.0,0.0,0.0,1.6,3.0,0.519,0.519,0.9,1.3,0.667,2.1,1.9,4.0,0.0,0.1,0.0,0.6,0.6,4.0,,2024
Ade Murkey,24,SAC,SG,1,0,1.0,0.0,0.0,0.0,0.0,0.0,0.0,0.0,0.0,0.0,0.0,0.0,0.0,0.0,0.0,0.0,0.0,0.0,0.0,0.0,0.0,0.0,0.0,,2022
Admiral Schofield,26,ORL,PF,23,0,3.7,0.4,1.1,0.385,0.3,0.7,0.375,0.2,0.4,0.4,0.5,0.0,0.1,0.0,0.1,0.6,0.7,0.3,0.0,0.0,0.2,0.4,1.1,,2024
Adonal Foyle,33,MEM,C,1,0,3.0,0.0,0.0,0.0,0.0,0.0,0.0,0.0,0.0,0.0,0.0,0.0,0.0,0.0,0.0,0.0,0.0,0.0,0.0,0.0,0.0,1.0,0.0,,2009
Adonis Jordan,28,MIL,PG,4,0,4.5,0.5,1.0,0.5,0.0,0.5,0.0,0.5,0.5,1.0,0.5,0.5,1.0,0.5,0.0,0.0,0.0,0.8,0.8,0.0,0.5,0.0,1.5,,1999
Adonis Thomas,20,ORL,SF,4,0,6.0,0.8,2.3,0.333,0.0,0.8,0.0,0.8,1.5,0.5,0.333,0.3,0.3,1.0,0.0,0.8,0.8,0.5,0.0,0.0,0.0,0.5,1.8,,2014
Adreian Payne,23,ATL,PF,3,0,6.3,0.7,2.3,0.286,0.0,0.3,0.0,0.7,2.0,0.333,0.286,0.3,0.7,0.5,0.3,1.0,1.3,0.0,0.3,0.0,0.0,1.3,1.7,,2015
Adrian Caldwell,31,DAL,PF,1,0,3.0,0.0,0.0,0.0,0.0,0.0,0.0,0.0,0.0,0.0,0.0,0.0,0.0,0.0,0.0,0.0,0.0,0.0,0.0,0.0,0.0,0.0,0.0,,1998
Adrian Dantley,35,MIL,SF,10,0,12.6,1.9,5.0,0.38,0.1,0.3,0.333,1.8,4.7,0.383,0.39,1.8,2.6,0.692,0.8,0.5,1.3,0.9,0.5,0.0,0.6,0.8,5.7,,1991
Adrian Griffin,29,HOU,SG,19,1,7.0,0.3,0.9,0.278,0.1,0.1,0.5,0.2,0.8,0.25,0.306,0.0,0.2,0.0,0.1,0.9,1.0,0.5,0.4,0.1,0.2,0.9,0.6,,2004
Ahmad Caver,25,IND,SG,1,0,1.0,1.0,1.0,1.0,0.0,0.0,0.0,1.0,1.0,1.0,1.0,0.0,0.0,0.0,0.0,0.0,0.0,0.0,0.0,0.0,0.0,0.0,2.0,,2022
Al Harrington,18,IND,PF,21,0,7.6,0.9,2.7,0.321,0.0,0.2,0.0,0.9,2.4,0.353,0.321,0.4,0.7,0.6,1.0,0.9,1.9,0.2,0.2,0.1,0.5,1.2,2.1,,1999
Al Horford,37,BOS,C,65,33,26.8,3.3,6.4,0.511,1.7,4.0,0.419,1.6,2.5,0.658,0.64,0.4,0.5,0.867,1.3,5.1,6.4,2.6,0.6,1.0,0.7,1.4,8.6,,2024
Al Jefferson,20,BOS,PF,71,1,14.8,2.7,5.2,0.528,0.0,0.0,0.0,2.7,5.2,0.533,0.528,1.2,1.9,0.63,1.7,2.7,4.4,0.3,0.3,0.8,0.9,2.7,6.7,,2005
Al Thornton,27,GSW,PF,22,0,14.3,2.3,4.7,0.49,0.0,0.0,0.0,2.3,4.7,0.495,0.49,1.3,1.6,0.829,0.5,2.1,2.6,0.5,0.3,0.1,0.9,1.8,6.0,,2011
Al-Farouq Aminu,30,CHI,PF,6,0,11.2,0.3,1.7,0.2,0.2,1.0,0.167,0.2,0.7,0.25,0.25,0.7,0.8,0.8,0.3,2.8,3.2,0.3,0.3,0.0,0.5,1.2,1.5,,2021
Alaa Abdelnaby,26,PHI,PF,3,0,10.0,0.3,3.7,0.091,0.0,0.0,0.0,0.3,3.7,0.091,0.091,0.0,0.0,0.0,1.0,1.7,2.7,0.0,0.0,0.0,1.7,0.7,0.7,,1995
Alan Anderson,34,LAC,SF,30,0,10.3,1.0,2.7,0.375,0.5,1.5,0.318,0.5,1.2,0.444,0.463,0.4,0.5,0.75,0.1,0.7,0.8,0.4,0.1,0.0,0.2,1.2,2.9,,2017
Alan Henderson,33,CLE,C,51,3,10.4,0.9,1.8,0.516,0.0,0.0,0.0,0.9,1.8,0.516,0.516,0.6,1.0,0.673,1.2,1.5,2.7,0.2,0.2,0.2,0.4,1.1,2.5,,2006
Alan Ogg,23,MIA,C,31,1,8.4,0.8,1.8,0.436,0.0,0.1,0.0,0.8,1.7,0.453,0.436,0.2,0.3,0.6,0.5,1.1,1.6,0.1,0.2,0.9,0.3,1.7,1.7,,1991
Alan Williams,23,PHO,PF,10,0,6.8,1.0,2.4,0.417,0.0,0.0,0.0,1.0,2.4,0.417,0.417,0.9,1.4,0.643,1.4,2.4,3.8,0.5,0.4,0.5,0.6,1.5,2.9,,2016
Alando Tucker,25,MIN,SF,4,0,6.3,1.0,2.3,0.444,0.0,0.0,0.0,1.0,2.3,0.444,0.444,0.0,0.0,0.0,0.3,0.5,0.8,0.3,0.0,0.0,0.3,0.3,2.0,,2010
Albert King,32,WSB,SF,6,0,9.8,1.8,5.0,0.367,0.3,1.2,0.286,1.5,3.8,0.391,0.4,1.2,1.3,0.875,0.2,1.7,1.8,0.8,0.5,0.0,0.3,1.2,5.2,,1992
Alec Burks,27,SAC,SG,13,0,9.8,0.7,1.5,0.45,0.0,0.5,0.0,0.7,1.1,0.643,0.45,0.3,0.4,0.8,0.2,1.5,1.7,0.8,0.6,0.1,0.3,0.5,1.7,,2019
Alec Kessler,27,MIA,PF,15,0,4.4,0.7,1.7,0.44,0.3,0.6,0.556,0.4,1.1,0.375,0.54,0.4,0.5,0.75,0.3,0.4,0.7,0.1,0.1,0.1,0.3,0.9,2.2,,1994
Alec Peters,22,PHO,PF,20,0,11.3,1.4,3.7,0.378,0.9,2.9,0.31,0.5,0.8,0.625,0.5,0.4,0.5,0.8,0.4,1.5,1.9,0.6,0.1,0.1,0.2,0.7,4.1,,2018
Aleem Ford,24,ORL,SF,5,0,14.8,1.2,4.0,0.3,0.4,3.0,0.133,0.8,1.0,0.8,0.35,0.0,0.0,0.0,0.4,2.6,3.0,0.4,0.2,0.0,0.8,1.4,2.8,,2022
Aleksandar Djordjevic,29,POR,SG,8,0,7.6,1.0,2.0,0.5,0.6,0.9,0.714,0.4,1.1,0.333,0.656,0.5,0.6,0.8,0.1,0.5,0.6,0.6,0.0,0.0,0.6,0.4,3.1,,1997
Aleksandar Radojević,28,UTA,C,12,6,10.7,0.5,1.6,0.316,0.0,0.0,0.0,0.5,1.6,0.316,0.316,0.6,0.8,0.7,0.8,1.6,2.3,0.5,0.0,0.2,1.3,2.7,1.6,,2005
Aleksej Pokusevski,22,OKC,PF,10,0,6.0,0.4,1.6,0.25,0.2,1.1,0.182,0.2,0.5,0.4,0.313,0.2,0.4,0.5,0.2,0.8,1.0,0.5,0.1,0.1,0.3,0.5,1.2,,2024
Alen Smailagić,20,GSW,PF,15,1,5.6,0.7,1.8,0.407,0.3,0.7,0.4,0.5,1.1,0.412,0.481,0.1,0.4,0.333,0.4,0.7,1.1,0.3,0.2,0.3,0.3,0.7,1.9,,2021
Alex Acker,26,DET,SG,7,0,2.9,0.6,1.6,0.364,0.0,0.6,0.0,0.6,1.0,0.571,0.364,0.1,0.3,0.5,0.0,0.3,0.3,0.1,0.3,0.1,0.0,0.0,1.3,,2009
Alex Blackwell,22,LAL,SF,27,0,4.0,0.5,1.6,0.333,0.0,0.1,0.0,0.5,1.4,0.359,0.333,0.2,0.3,0.75,0.4,0.5,0.9,0.3,0.1,0.1,0.2,0.5,1.3,,1993
Alex Caruso,23,LAL,PG,37,7,15.2,1.4,3.1,0.431,0.4,1.2,0.302,1.0,2.0,0.507,0.487,0.6,0.8,0.7,0.4,1.4,1.8,2.0,0.6,0.3,1.1,1.4,3.6,,2018
Alex English,37,DAL,SF,79,26,22.1,4.1,9.3,0.439,0.0,0.0,0.0,4.1,9.3,0.439,0.439,1.5,1.8,0.85,1.4,1.8,3.2,1.3,0.5,0.3,1.3,1.8,9.7,,1991
Alex Fudge,20,LAL,SF,4,0,3.5,0.3,1.5,0.167,0.0,0.5,0.0,0.3,1.0,0.25,0.167,0.5,0.5,1.0,0.5,0.0,0.5,0.0,0.0,0.0,0.3,0.3,1.0,,2024
Alex Garcia,23,SAS,SG,2,0,6.5,0.5,3.5,0.143,0.0,0.0,0.0,0.5,3.5,0.143,0.143,0.5,1.0,0.5,0.0,0.0,0.0,0.0,1.0,0.0,0.5,0.0,1.5,,2004
Alex Kirk,23,CLE,C,5,0,2.8,0.2,0.8,0.25,0.0,0.0,0.0,0.2,0.8,0.25,0.25,0.4,0.4,1.0,0.2,0.0,0.2,0.2,0.0,0.0,0.0,0.2,0.8,,2015
Alex Len,29,SAC,C,26,2,6.2,0.6,1.2,0.533,0.0,0.1,0.0,0.6,1.1,0.571,0.533,0.4,0.6,0.688,0.9,1.4,2.3,0.5,0.2,0.4,0.6,1.1,1.7,,2023
Alex Poythress,24,IND,PF,25,0,4.2,0.4,1.0,0.423,0.2,0.4,0.364,0.3,0.6,0.467,0.5,0.0,0.0,0.0,0.3,0.4,0.7,0.1,0.1,0.0,0.1,0.6,1.0,,2018
Alex Scales,27,SAS,SG,1,0,0.0,0.0,0.0,0.0,0.0,0.0,0.0,0.0,0.0,0.0,0.0,0.0,0.0,0.0,0.0,0.0,0.0,0.0,0.0,0.0,0.0,0.0,0.0,,2006
Alex Stepheson,28,LAC,PF,4,0,3.0,0.3,0.3,1.0,0.0,0.0,0.0,0.3,0.3,1.0,1.0,0.0,0.5,0.0,0.3,0.3,0.5,0.0,0.0,0.5,0.0,1.0,0.5,,2016
Alex Stivrins,30,LAC,SF,1,0,1.0,0.0,1.0,0.0,0.0,0.0,0.0,0.0,1.0,0.0,0.0,0.0,0.0,0.0,0.0,0.0,0.0,0.0,0.0,0.0,0.0,0.0,0.0,,1993
Alexander Johnson,24,MIA,PF,43,6,12.8,1.4,2.9,0.488,0.0,0.0,0.0,1.4,2.9,0.488,0.488,1.3,1.9,0.687,0.7,1.4,2.2,0.3,0.3,0.2,1.0,1.9,4.2,,2008
Alexander Volkov,27,ATL,C,77,27,19.7,3.3,7.4,0.441,0.5,1.4,0.318,2.8,6.0,0.471,0.472,1.6,2.6,0.631,1.3,2.1,3.4,3.2,0.9,0.4,1.3,2.3,8.6,,1992
Alexey Shved,26,HOU,SG,9,0,6.6,0.9,2.7,0.333,0.4,1.3,0.333,0.4,1.3,0.333,0.417,1.0,1.2,0.818,0.1,0.3,0.4,0.3,0.1,0.0,0.6,0.2,3.2,,2015
Alexis Ajinça,21,CHA,C,6,0,5.0,0.8,1.7,0.5,0.0,0.0,0.0,0.8,1.7,0.5,0.5,0.0,0.2,0.0,0.2,0.5,0.7,0.0,0.2,0.2,0.3,0.8,1.7,,2010
Alfonzo McKinnie,25,TOR,SF,14,0,3.8,0.6,1.1,0.533,0.2,0.6,0.333,0.4,0.4,0.833,0.633,0.1,0.2,0.667,0.1,0.4,0.5,0.1,0.1,0.1,0.2,0.6,1.5,,2018
Alize Johnson,22,IND,PF,14,0,4.6,0.3,1.1,0.25,0.1,0.1,0.5,0.2,1.0,0.214,0.281,0.3,0.6,0.5,0.3,1.1,1.4,0.1,0.1,0.2,0.0,0.5,0.9,,2019
Allan Houston,22,DET,SG,79,20,19.2,3.4,8.5,0.405,0.4,1.5,0.299,3.0,7.0,0.428,0.431,1.1,1.4,0.824,0.2,1.3,1.5,1.3,0.4,0.2,1.3,2.1,8.5,,1994
Allan Ray,22,BOS,SG,47,5,15.1,2.1,5.5,0.386,1.0,2.5,0.414,1.1,3.0,0.364,0.479,0.9,1.2,0.764,0.4,1.1,1.5,0.9,0.4,0.1,0.9,1.8,6.2,,2007
Allen Crabbe,21,POR,SG,15,0,6.7,0.8,2.2,0.364,0.4,0.9,0.429,0.4,1.3,0.316,0.455,0.2,0.3,0.75,0.1,0.5,0.6,0.4,0.1,0.1,0.2,0.7,2.2,,2014
Allen Iverson,34,MEM,PG,3,0,22.3,5.0,8.7,0.577,0.3,0.3,1.0,4.7,8.3,0.56,0.596,2.0,4.0,0.5,0.3,1.0,1.3,3.7,0.3,0.0,2.3,1.7,12.3,,2010
Allonzo Trier,24,NYK,SG,24,1,12.1,2.1,4.4,0.481,0.8,2.2,0.358,1.3,2.2,0.604,0.571,1.4,1.8,0.791,0.3,1.0,1.2,1.2,0.1,0.2,0.9,1.2,6.5,,2020
Alondes Williams,23,BRK,SG,1,0,5.0,0.0,0.0,0.0,0.0,0.0,0.0,0.0,0.0,0.0,0.0,0.0,0.0,0.0,0.0,1.0,1.0,0.0,0.0,0.0,2.0,1.0,0.0,,2023
Alonzo Gee,23,SAS,SG,5,0,3.6,0.2,0.6,0.333,0.0,0.0,0.0,0.2,0.6,0.333,0.333,0.0,0.0,0.0,0.4,0.2,0.6,0.0,0.0,0.4,0.6,0.6,0.4,,2011
Alonzo Mourning,34,MIA,C,19,3,12.9,1.7,3.3,0.516,0.0,0.0,0.0,1.7,3.3,0.516,0.516,1.6,2.9,0.564,1.2,2.6,3.7,0.2,0.2,1.7,0.6,1.7,5.0,,2005
Alperen Şengün,19,HOU,C,72,13,20.7,3.5,7.3,0.474,0.4,1.6,0.248,3.1,5.7,0.539,0.502,2.3,3.2,0.711,1.9,3.5,5.5,2.6,0.8,0.9,2.0,3.0,9.6,,2022
Alphonso Ford,22,SEA,PG,6,0,2.7,1.2,2.2,0.538,0.2,0.2,1.0,1.0,2.0,0.5,0.577,0.2,0.3,0.5,0.0,0.0,0.0,0.2,0.3,0.0,0.2,0.3,2.7,,1994
Alton Ford,21,PHO,PF,11,0,2.8,0.3,0.8,0.333,0.0,0.0,0.0,0.3,0.8,0.333,0.333,0.1,0.3,0.333,0.0,0.5,0.5,0.1,0.0,0.0,0.2,0.6,0.6,,2003
Alton Lister,39,POR,C,7,0,6.3,0.4,1.1,0.375,0.0,0.0,0.0,0.4,1.1,0.375,0.375,0.0,0.0,0.0,0.3,1.3,1.6,0.1,0.1,0.1,0.3,1.7,0.9,,1998
Alvin Heggs,28,HOU,SF,4,0,3.5,0.8,1.3,0.6,0.0,0.0,0.0,0.8,1.3,0.6,0.6,0.5,0.8,0.667,0.3,0.3,0.5,0.0,0.0,0.0,0.0,0.0,2.0,,1996
Alvin Jones,23,PHI,C,23,2,5.5,0.3,0.9,0.4,0.0,0.0,0.0,0.3,0.9,0.4,0.4,0.4,0.9,0.5,0.6,1.0,1.6,0.1,0.1,0.4,0.5,1.5,1.1,,2002
Alvin Robertson,30,MIL,SG,39,32,27.3,3.6,7.4,0.479,0.4,1.4,0.309,3.1,6.0,0.519,0.509,1.1,1.8,0.629,1.2,2.3,3.5,4.0,2.3,0.2,2.0,3.1,8.7,,1993
Alvin Sims,24,PHO,SG,4,0,6.3,1.0,2.5,0.4,0.3,0.3,1.0,0.8,2.3,0.333,0.45,0.5,1.3,0.4,0.8,0.3,1.0,1.3,0.5,0.0,1.5,0.5,2.8,,1999
Alvin Williams,31,TOR,PG,1,0,10.0,0.0,3.0,0.0,0.0,2.0,0.0,0.0,1.0,0.0,0.0,1.0,2.0,0.5,0.0,3.0,3.0,0.0,0.0,0.0,0.0,0.0,1.0,,2006
Amal McCaskill,29,ATL,C,11,0,6.4,0.4,1.5,0.235,0.0,0.0,0.0,0.4,1.5,0.235,0.235,0.3,0.4,0.75,0.6,1.4,2.0,0.5,0.3,0.1,0.2,1.2,1.0,,2003
Amar'e Stoudemire,33,MIA,C,52,36,14.7,2.4,4.3,0.566,0.0,0.0,0.0,2.4,4.3,0.566,0.566,1.0,1.3,0.746,1.3,3.0,4.3,0.5,0.3,0.8,0.9,1.8,5.8,,2016
Amari Bailey,19,CHO,PG,10,0,6.5,0.8,2.4,0.333,0.1,0.8,0.125,0.7,1.6,0.438,0.354,0.6,0.7,0.857,0.6,0.3,0.9,0.7,0.3,0.0,0.4,0.2,2.3,,2024
Amen Thompson,21,HOU,SF,62,23,22.4,3.9,7.2,0.536,0.1,0.9,0.138,3.7,6.3,0.595,0.545,1.7,2.5,0.684,2.4,4.2,6.6,2.6,1.3,0.6,1.5,2.3,9.5,,2024
Amida Brimah,26,IND,C,5,0,5.8,1.0,1.6,0.625,0.0,0.0,0.0,1.0,1.6,0.625,0.625,0.6,0.6,1.0,0.4,1.2,1.6,0.2,0.0,1.0,0.8,0.8,2.6,,2021
Amile Jefferson,26,ORL,PF,18,0,4.1,0.3,0.8,0.357,0.0,0.0,0.0,0.3,0.8,0.357,0.357,0.3,0.8,0.357,0.6,0.7,1.3,0.2,0.1,0.2,0.2,0.4,0.8,,2020
Amir Coffey,22,LAC,SG,18,1,8.8,1.3,3.0,0.426,0.3,1.1,0.316,0.9,1.9,0.486,0.481,0.3,0.6,0.545,0.2,0.7,0.9,0.8,0.3,0.1,0.4,1.1,3.2,,2020
Amir Johnson,21,DET,PF,62,24,14.7,1.6,2.6,0.595,0.0,0.0,0.0,1.6,2.6,0.595,0.595,0.4,0.6,0.657,1.6,2.1,3.7,0.3,0.3,1.0,0.5,2.8,3.5,,2009
Anderson Varejão,34,GSW,C,14,1,6.6,0.4,1.0,0.357,0.0,0.0,0.0,0.4,1.0,0.357,0.357,0.6,0.8,0.727,0.9,1.1,1.9,0.7,0.2,0.2,0.6,1.1,1.3,,2017
Andrae Patterson,24,MIN,PF,5,0,4.0,0.6,0.8,0.75,0.0,0.0,0.0,0.6,0.8,0.75,0.75,0.0,0.0,0.0,0.2,0.2,0.4,0.2,0.2,0.0,0.2,0.8,1.2,,2000
Andray Blatche,19,WAS,PF,29,0,6.0,0.9,2.3,0.388,0.1,0.4,0.231,0.8,1.9,0.426,0.41,0.3,0.4,0.833,0.4,0.9,1.3,0.3,0.2,0.2,0.4,1.2,2.2,,2006
Andre Barrett,24,CHI,PG,6,0,4.8,0.7,1.3,0.5,0.0,0.0,0.0,0.7,1.3,0.5,0.5,0.0,0.0,0.0,0.2,0.7,0.8,1.2,0.0,0.0,0.7,0.7,1.3,,2007
Andre Brown,27,CHA,PF,4,0,10.3,0.3,1.8,0.143,0.0,0.0,0.0,0.3,1.8,0.143,0.143,0.5,0.5,1.0,1.8,1.3,3.0,0.3,0.3,0.0,1.3,2.3,1.0,,2009
Andre Dawkins,23,MIA,SG,4,0,5.5,0.3,1.5,0.167,0.3,1.5,0.167,0.0,0.0,0.0,0.25,0.0,0.0,0.0,0.0,0.5,0.5,0.3,0.0,0.0,0.3,0.8,0.8,,2015
Andre Drummond,29,CHI,C,67,0,12.7,2.5,4.1,0.606,0.0,0.0,0.0,2.5,4.0,0.613,0.606,1.0,1.9,0.536,2.1,4.6,6.6,0.5,0.7,0.4,1.1,1.7,6.0,,2023
Andre Emmett,22,MEM,SG,8,0,3.5,0.3,0.8,0.333,0.0,0.0,0.0,0.3,0.8,0.333,0.333,0.4,0.6,0.6,0.0,0.3,0.3,0.0,0.0,0.0,0.1,0.5,0.9,,2005
Andre Iguodala,39,GSW,PF,8,0,14.1,0.9,1.9,0.467,0.1,1.1,0.111,0.8,0.8,1.0,0.5,0.3,0.4,0.667,0.4,1.8,2.1,2.4,0.5,0.4,1.1,1.4,2.1,,2023
Andre Ingram,33,LAL,SG,4,0,3.8,0.0,1.5,0.0,0.0,0.8,0.0,0.0,0.8,0.0,0.0,0.0,0.0,0.0,0.3,0.3,0.5,0.0,0.3,0.0,0.3,0.0,0.0,,2019
Andre Jackson Jr.,22,MIL,SG,57,8,10.0,0.9,1.8,0.5,0.3,0.8,0.37,0.6,0.9,0.611,0.585,0.1,0.2,0.727,0.8,1.2,2.0,0.9,0.3,0.1,0.5,1.6,2.2,,2024
Andre Miller,39,MIN,PG,26,0,10.8,1.4,2.2,0.621,0.0,0.2,0.25,1.3,2.1,0.648,0.629,0.6,0.7,0.789,0.2,0.7,0.9,2.2,0.3,0.0,1.0,1.2,3.4,,2016
Andre Owens,25,UTA,PG,23,2,9.1,1.2,3.2,0.365,0.1,0.7,0.188,1.0,2.5,0.414,0.385,0.5,0.8,0.667,0.5,0.4,0.9,0.3,0.2,0.0,0.6,1.1,3.0,,2006
Andre Roberson,29,BRK,SG,5,0,12.6,0.4,2.8,0.143,0.2,1.6,0.125,0.2,1.2,0.167,0.179,0.2,0.4,0.5,1.4,1.6,3.0,0.8,0.6,0.2,0.4,0.8,1.2,,2021
Andre Spencer,28,ATL,SF,3,0,5.0,0.0,1.0,0.0,0.0,0.0,0.0,0.0,1.0,0.0,0.0,0.0,0.0,0.0,0.0,0.3,0.3,0.0,0.7,0.0,0.7,1.0,0.0,,1993
Andre Turner,27,WSB,PG,70,3,12.4,1.6,3.7,0.425,0.0,0.2,0.063,1.6,3.5,0.449,0.427,0.9,1.1,0.792,0.2,1.0,1.3,2.5,0.8,0.0,1.2,0.8,4.1,,1992
Andrea Bargnani,30,BRK,C,46,0,13.8,2.8,6.1,0.455,0.1,0.3,0.188,2.7,5.7,0.471,0.461,1.0,1.2,0.825,0.6,1.5,2.1,0.4,0.1,0.2,0.6,1.3,6.6,,2016
Andreas Glyniadakis,25,SEA,C,13,4,6.2,0.6,1.3,0.471,0.0,0.0,0.0,0.6,1.3,0.471,0.471,0.1,0.2,0.5,0.2,0.5,0.6,0.1,0.0,0.0,0.7,1.5,1.3,,2007
Andrei Kirilenko,33,BRK,SF,7,0,5.1,0.0,0.7,0.0,0.0,0.0,0.0,0.0,0.7,0.0,0.0,0.4,0.6,0.75,0.3,0.9,1.1,0.1,0.1,0.0,0.1,0.1,0.4,,2015
Andrew Bogut,32,CLE,C,1,0,1.0,0.0,0.0,0.0,0.0,0.0,0.0,0.0,0.0,0.0,0.0,0.0,0.0,0.0,0.0,0.0,0.0,0.0,0.0,0.0,0.0,2.0,0.0,,2017
Andrew Bynum,18,LAL,C,46,0,7.3,0.7,1.8,0.402,0.0,0.0,0.0,0.7,1.8,0.402,0.402,0.2,0.6,0.296,0.7,1.0,1.7,0.2,0.1,0.5,0.4,1.2,1.6,,2006
Andrew DeClercq,31,ORL,C,8,0,6.1,0.5,1.1,0.444,0.0,0.0,0.0,0.5,1.1,0.444,0.444,0.1,0.4,0.333,0.9,0.4,1.3,0.0,0.3,0.0,0.1,1.8,1.1,,2005
Andrew Funk,24,CHI,SG,5,0,2.6,0.0,0.8,0.0,0.0,0.6,0.0,0.0,0.2,0.0,0.0,0.0,0.0,0.0,0.0,0.0,0.0,0.0,0.2,0.2,0.0,0.0,0.0,,2024
Andrew Gaze,33,SAS,SG,19,0,3.1,0.4,1.3,0.32,0.3,0.8,0.313,0.2,0.5,0.333,0.42,0.0,0.0,0.0,0.1,0.2,0.3,0.3,0.1,0.1,0.2,0.4,1.1,,1999
Andrew Goudelock,24,LAL,SG,1,0,6.0,0.0,2.0,0.0,0.0,0.0,0.0,0.0,2.0,0.0,0.0,0.0,0.0,0.0,1.0,0.0,1.0,0.0,0.0,0.0,0.0,0.0,0.0,,2013
Andrew Harrison,24,NOP,PG,6,0,6.3,0.5,2.0,0.25,0.3,1.7,0.2,0.2,0.3,0.5,0.333,0.2,0.3,0.5,0.3,0.5,0.8,1.2,0.0,0.0,0.3,1.2,1.5,,2019
Andrew Lang,31,MIL,C,57,0,12.1,0.9,2.5,0.378,0.0,0.0,0.0,0.9,2.5,0.38,0.378,0.8,1.0,0.772,1.0,1.7,2.7,0.3,0.3,0.5,0.6,1.8,2.7,,1998
Andrew Nembhard,24,IND,PG,68,47,25.0,3.8,7.7,0.498,0.9,2.5,0.357,2.9,5.2,0.567,0.557,0.7,0.8,0.804,0.5,1.5,2.1,4.1,0.9,0.1,1.5,2.1,9.2,,2024
Andrew Nicholson,27,WAS,PF,28,0,8.3,1.1,2.8,0.39,0.1,0.6,0.188,1.0,2.2,0.443,0.409,0.3,0.4,0.583,0.4,0.8,1.2,0.3,0.4,0.2,0.4,1.3,2.5,,2017
Andrew White,24,ATL,SF,15,0,13.9,1.7,4.9,0.342,1.2,3.3,0.367,0.5,1.6,0.292,0.466,0.1,0.3,0.25,0.3,2.0,2.3,0.4,0.2,0.1,0.5,0.8,4.6,,2018
Andrew Wiggins,28,GSW,SF,71,59,27.0,5.0,11.0,0.453,1.3,3.6,0.358,3.7,7.4,0.498,0.511,2.0,2.7,0.751,1.5,3.0,4.5,1.7,0.6,0.6,1.2,2.1,13.2,,2024
Andris Biedriņš,26,GSW,C,53,9,9.3,0.2,0.4,0.476,0.0,0.0,0.0,0.2,0.4,0.476,0.476,0.1,0.2,0.308,0.6,2.2,2.9,0.3,0.3,0.8,0.3,1.9,0.5,,2013
Andrés Guibert,26,MIN,PF,17,0,9.8,0.9,2.8,0.34,0.0,0.2,0.0,0.9,2.5,0.372,0.34,0.8,1.1,0.684,0.9,1.7,2.6,0.6,0.5,0.1,0.7,1.7,2.6,,1995
Andrés Nocioni,32,PHI,SF,11,1,5.1,0.5,1.8,0.25,0.1,0.5,0.167,0.4,1.3,0.286,0.275,0.5,1.0,0.545,0.1,1.2,1.3,0.1,0.1,0.1,0.5,0.4,1.5,,2012
Andy Panko,23,ATL,SF,1,0,1.0,0.0,0.0,0.0,0.0,0.0,0.0,0.0,0.0,0.0,0.0,0.0,0.0,0.0,0.0,0.0,0.0,0.0,0.0,0.0,0.0,0.0,0.0,,2001
Andy Rautins,24,NYK,SG,5,0,4.8,0.6,1.4,0.429,0.2,0.8,0.25,0.4,0.6,0.667,0.5,0.2,0.4,0.5,0.0,0.2,0.2,0.6,0.2,0.0,1.4,0.0,1.6,,2011
Andy Toolson,30,UTA,SF,13,0,4.1,0.6,1.7,0.364,0.2,0.9,0.25,0.4,0.8,0.5,0.432,0.2,0.3,0.75,0.0,0.5,0.5,0.1,0.0,0.0,0.2,0.9,1.7,,1996
Anfernee Hardaway,34,NYK,SF,4,0,18.0,1.0,3.5,0.286,0.0,0.3,0.0,1.0,3.3,0.308,0.286,0.5,0.5,1.0,0.0,2.5,2.5,2.0,0.5,0.0,1.5,1.8,2.5,,2006
Anfernee Simons,19,POR,SG,20,1,7.1,1.4,3.2,0.444,0.5,1.5,0.345,0.9,1.7,0.529,0.524,0.5,0.8,0.563,0.2,0.5,0.7,0.7,0.1,0.0,0.6,0.5,3.8,,2019
Ansu Sesay,26,SEA,SF,45,4,10.0,0.9,2.4,0.383,0.0,0.0,0.0,0.9,2.4,0.383,0.383,0.3,0.5,0.571,0.8,0.9,1.6,0.5,0.3,0.1,0.6,1.4,2.1,,2003
Antawn Jamison,37,LAC,PF,22,0,11.3,1.3,4.2,0.315,0.4,1.9,0.195,1.0,2.3,0.412,0.359,0.8,1.1,0.72,0.4,2.1,2.5,0.3,0.4,0.1,0.3,1.3,3.8,,2014
Ante Žižić,21,CLE,C,32,2,6.7,1.5,2.1,0.731,0.0,0.0,0.0,1.5,2.1,0.731,0.731,0.7,0.9,0.724,0.8,1.1,1.9,0.2,0.1,0.4,0.3,0.9,3.7,,2018
Anthony Avent,30,LAC,PF,49,3,7.7,0.6,2.0,0.302,0.0,0.0,0.0,0.6,2.0,0.302,0.302,0.5,0.7,0.719,0.5,1.0,1.5,0.2,0.3,0.3,0.5,1.3,1.7,,2000
Anthony Bennett,22,TOR,PF,19,0,4.4,0.4,1.4,0.296,0.2,0.7,0.214,0.3,0.7,0.385,0.352,0.5,0.5,0.9,0.3,0.9,1.2,0.0,0.3,0.0,0.2,0.4,1.5,,2016
Anthony Black,20,ORL,PG,69,33,16.9,1.7,3.6,0.466,0.5,1.4,0.394,1.1,2.2,0.51,0.54,0.7,1.2,0.613,0.5,1.5,2.0,1.3,0.5,0.3,0.8,1.6,4.6,,2024
Anthony Bonner,27,ORL,PF,4,0,10.8,1.3,3.8,0.333,0.0,0.0,0.0,1.3,3.8,0.333,0.333,0.8,1.8,0.429,1.5,3.3,4.8,1.0,0.8,0.0,0.8,2.8,3.3,,1996
Anthony Bowie,34,NYK,SG,27,3,8.3,1.2,2.2,0.542,0.1,0.1,0.75,1.1,2.0,0.527,0.568,0.3,0.3,0.889,0.3,0.6,1.0,0.4,0.2,0.1,0.3,0.9,2.8,,1998
Anthony Brown,25,MIN,SF,1,0,4.0,1.0,1.0,1.0,1.0,1.0,1.0,0.0,0.0,0.0,1.5,0.0,0.0,0.0,0.0,0.0,0.0,1.0,0.0,0.0,0.0,0.0,3.0,,2018
Anthony Carter,35,DEN,PG,14,0,10.9,0.7,2.1,0.333,0.3,0.9,0.333,0.4,1.3,0.333,0.4,0.1,0.1,1.0,0.0,0.9,0.9,1.9,0.6,0.1,1.0,1.4,1.9,,2011
Anthony Cook,26,ORL,PF,2,0,1.0,0.0,0.5,0.0,0.0,0.0,0.0,0.0,0.5,0.0,0.0,0.0,0.0,0.0,0.0,0.0,0.0,0.0,0.0,1.0,0.5,0.0,0.0,,1994
Anthony Davis,19,NOH,PF,64,60,28.8,5.5,10.6,0.516,0.0,0.1,0.0,5.5,10.5,0.521,0.516,2.6,3.5,0.751,2.6,5.6,8.2,1.0,1.2,1.8,1.4,2.5,13.5,ROY-2,2013
Anthony Edwards,19,MIN,SG,72,55,32.1,7.0,16.8,0.417,2.4,7.2,0.329,4.6,9.6,0.483,0.488,2.9,3.8,0.776,0.8,3.8,4.7,2.9,1.1,0.5,2.2,1.8,19.3,ROY-2,2021
Anthony Frederick,26,SAC,SF,35,3,13.6,1.9,4.8,0.399,0.0,0.0,0.0,1.9,4.8,0.399,0.399,1.2,1.7,0.717,1.0,1.4,2.4,1.3,0.6,0.4,1.1,1.4,5.1,,1991
Anthony Gill,28,WAS,PF,26,4,8.4,1.2,2.3,0.5,0.3,0.9,0.292,0.9,1.4,0.639,0.558,0.5,0.6,0.813,0.6,1.3,2.0,0.4,0.4,0.2,0.3,1.0,3.1,,2021
Anthony Goldwire,32,NJN,PG,6,0,3.2,0.3,1.3,0.25,0.0,0.3,0.0,0.3,1.0,0.333,0.25,0.0,0.0,0.0,0.0,0.2,0.2,0.2,0.3,0.0,0.2,0.0,0.7,,2004
Anthony Grundy,26,ATL,SG,12,0,9.0,1.6,3.2,0.5,0.4,1.3,0.333,1.2,1.9,0.609,0.566,0.8,1.2,0.643,0.1,1.3,1.4,0.8,0.6,0.0,0.8,1.2,4.3,,2006
Anthony Johnson,25,ATL,PG,38,2,11.1,0.9,2.7,0.35,0.0,0.2,0.167,0.9,2.6,0.361,0.354,0.5,0.6,0.792,0.4,0.6,1.0,1.6,0.6,0.1,0.6,1.1,2.4,,2000
Anthony Lamb,24,SAS,SF,2,0,4.0,0.0,1.0,0.0,0.0,1.0,0.0,0.0,0.0,0.0,0.0,0.0,0.0,0.0,0.0,0.5,0.5,1.0,0.0,0.0,0.0,0.0,0.0,,2022
Anthony Mason,24,DEN,PF,3,0,7.0,0.7,1.3,0.5,0.0,0.0,0.0,0.7,1.3,0.5,0.5,2.0,2.7,0.75,1.0,0.7,1.7,0.0,0.3,0.0,0.0,2.0,3.3,,1991
Anthony Miller,25,ATL,PF,1,0,14.0,0.0,5.0,0.0,0.0,0.0,0.0,0.0,5.0,0.0,0.0,0.0,0.0,0.0,2.0,5.0,7.0,0.0,0.0,0.0,0.0,2.0,0.0,,1997
Anthony Morrow,27,DAL,SG,17,0,4.8,1.0,2.0,0.5,0.1,0.3,0.2,0.9,1.7,0.552,0.515,0.2,0.2,1.0,0.1,0.2,0.2,0.2,0.1,0.0,0.2,0.6,2.3,,2013
Anthony Parker,23,PHI,SG,2,0,1.5,0.5,0.5,1.0,0.0,0.0,0.0,0.5,0.5,1.0,1.0,0.0,0.0,0.0,0.0,0.0,0.0,0.0,0.0,0.0,0.0,0.0,1.0,,1999
Anthony Peeler,35,WAS,SG,40,0,13.2,1.4,3.8,0.373,0.6,1.6,0.385,0.8,2.1,0.365,0.457,0.4,0.5,0.889,0.4,1.3,1.6,1.4,0.5,0.1,0.7,1.0,3.8,,2005
Anthony Pullard,26,MIL,PF,8,0,4.6,1.0,2.3,0.444,0.0,0.0,0.0,1.0,2.3,0.444,0.444,0.1,0.4,0.333,0.3,0.8,1.0,0.3,0.3,0.3,0.6,0.6,2.1,,1993
Anthony Randolph,21,NYK,PF,17,0,7.5,0.8,2.6,0.311,0.1,0.2,0.25,0.8,2.4,0.317,0.322,0.4,0.7,0.5,0.6,1.7,2.4,0.4,0.2,0.5,0.6,0.9,2.1,,2011
Anthony Roberson,25,CHI,PG,6,0,3.8,0.8,2.8,0.294,0.3,1.7,0.2,0.5,1.2,0.429,0.353,0.0,0.0,0.0,0.3,0.8,1.2,0.2,0.0,0.0,0.2,0.0,2.0,,2009
Anthony Tolliver,24,POR,PF,2,0,2.0,0.0,0.5,0.0,0.0,0.5,0.0,0.0,0.0,0.0,0.0,0.0,0.0,0.0,0.0,0.5,0.5,0.0,0.0,0.0,0.0,0.5,0.0,,2010
Anthony Tucker,25,WSB,SF,62,13,15.8,1.5,3.4,0.457,0.0,0.0,0.0,1.5,3.4,0.459,0.457,0.8,1.3,0.614,0.7,2.0,2.7,1.1,0.7,0.2,0.9,2.1,3.9,,1995
Antoine Carr,37,HOU,PF,18,0,8.4,1.2,2.9,0.404,0.0,0.1,0.0,1.2,2.8,0.412,0.404,0.3,0.4,0.714,0.5,1.2,1.7,0.5,0.1,0.6,0.5,1.7,2.6,,1999
Antoine Rigaudeau,31,DAL,SG,11,0,8.3,0.7,3.2,0.229,0.1,0.5,0.2,0.6,2.7,0.233,0.243,0.0,0.0,0.0,0.4,0.4,0.7,0.5,0.3,0.0,0.5,1.0,1.5,,2003
Antoine Walker,31,MIN,PF,46,1,19.4,3.0,8.2,0.363,1.3,4.1,0.324,1.6,4.1,0.401,0.444,0.8,1.4,0.53,1.2,2.4,3.7,1.0,0.7,0.2,1.0,1.7,8.0,,2008
Antoine Wright,26,SAC,SG,7,0,4.4,0.1,1.1,0.125,0.0,0.6,0.0,0.1,0.6,0.25,0.125,0.0,0.0,0.0,0.3,0.1,0.4,0.0,0.1,0.0,0.1,0.4,0.3,,2011
Antonio Anderson,24,OKC,SF,1,0,15.0,1.0,3.0,0.333,0.0,0.0,0.0,1.0,3.0,0.333,0.333,0.0,0.0,0.0,1.0,0.0,1.0,0.0,0.0,0.0,1.0,1.0,2.0,,2010
Antonio Blakeney,22,CHI,SG,57,3,14.5,2.9,6.9,0.419,0.6,1.6,0.396,2.3,5.4,0.426,0.465,0.9,1.3,0.658,0.1,1.7,1.9,0.7,0.2,0.2,0.6,0.7,7.3,,2019
Antonio Burks,25,MEM,PG,57,1,10.0,0.9,2.5,0.354,0.0,0.1,0.167,0.9,2.4,0.362,0.358,0.2,0.4,0.435,0.1,0.6,0.6,1.3,0.4,0.0,0.6,0.8,2.0,,2006
Antonio Daniels,35,PHI,PG,4,0,8.8,0.5,1.3,0.4,0.0,0.5,0.0,0.5,0.8,0.667,0.4,0.5,0.5,1.0,0.0,1.3,1.3,0.5,0.0,0.0,0.3,0.0,1.5,,2011
Antonio Davis,37,TOR,C,8,8,23.9,1.8,3.9,0.452,0.0,0.0,0.0,1.8,3.9,0.452,0.452,0.9,2.5,0.35,1.9,2.6,4.5,0.9,0.4,0.1,1.0,3.3,4.4,,2006
Antonio Harvey,32,ATL,PF,4,0,8.0,0.5,1.3,0.4,0.0,0.0,0.0,0.5,1.3,0.4,0.4,0.0,0.0,0.0,0.3,1.3,1.5,0.0,0.3,1.0,0.8,1.8,1.0,,2003
Antonio Lang,27,TOR,SF,7,0,4.6,0.0,0.7,0.0,0.0,0.0,0.0,0.0,0.7,0.0,0.0,0.4,0.6,0.75,0.0,0.7,0.7,0.1,0.6,0.1,0.3,1.0,0.4,,2000
Antonio McDyess,36,SAS,PF,73,16,19.0,2.3,4.7,0.491,0.0,0.0,0.0,2.3,4.7,0.493,0.491,0.7,1.1,0.675,1.7,3.7,5.4,1.2,0.5,0.5,1.0,2.2,5.3,,2011
Antonis Fotsis,20,MEM,PF,28,1,11.4,1.5,3.7,0.404,0.3,0.8,0.304,1.3,2.9,0.432,0.438,0.6,0.7,0.85,0.9,1.3,2.2,0.4,0.3,0.4,0.8,0.8,3.9,,2002
Antonius Cleveland,23,DAL,SG,13,0,6.2,0.3,1.1,0.286,0.0,0.1,0.0,0.3,1.0,0.308,0.286,0.2,0.3,0.5,0.2,0.6,0.8,0.2,0.5,0.3,0.2,0.8,0.8,,2018
Anžejs Pasečņiks,25,WAS,C,1,0,6.0,0.0,1.0,0.0,0.0,1.0,0.0,0.0,0.0,0.0,0.0,0.0,0.0,0.0,1.0,0.0,1.0,1.0,0.0,0.0,5.0,2.0,0.0,,2021
Archie Goodwin,19,PHO,SG,52,0,10.3,1.5,3.2,0.455,0.1,0.7,0.139,1.4,2.5,0.542,0.47,0.7,1.1,0.673,0.5,1.2,1.7,0.4,0.4,0.2,0.8,0.9,3.7,,2014
Arinze Onuaku,26,CLE,PF,2,0,2.5,0.0,0.5,0.0,0.0,0.0,0.0,0.0,0.5,0.0,0.0,0.0,0.0,0.0,0.0,0.5,0.5,0.0,0.0,0.0,0.0,0.0,0.0,,2014
Armen Gilliam,35,UTA,PF,50,0,15.6,2.7,6.1,0.436,0.0,0.0,0.0,2.7,6.1,0.438,0.436,1.3,1.7,0.779,1.4,2.7,4.2,0.8,0.2,0.3,1.1,1.7,6.7,,2000
Armon Johnson,22,POR,PG,1,0,5.0,1.0,1.0,1.0,0.0,0.0,0.0,1.0,1.0,1.0,1.0,0.0,0.0,0.0,0.0,1.0,1.0,0.0,1.0,0.0,1.0,0.0,2.0,,2012
Armoni Brooks,23,TOR,PG,13,3,11.8,0.8,2.9,0.289,0.8,2.8,0.278,0.1,0.2,0.5,0.421,0.2,0.2,1.0,0.6,1.1,1.7,1.0,0.5,0.2,0.3,1.1,2.6,,2022
Arnett Moultrie,23,PHI,PF,12,2,15.6,1.3,3.2,0.421,0.0,0.0,0.0,1.3,3.2,0.421,0.421,0.3,0.4,0.8,0.9,2.0,2.9,0.2,0.7,0.3,0.6,1.8,3.0,,2014
Arnoldas Kulboka,24,CHO,SF,2,0,2.5,0.0,0.5,0.0,0.0,0.5,0.0,0.0,0.0,0.0,0.0,0.0,0.0,0.0,0.0,0.0,0.0,0.0,0.0,0.0,0.0,0.5,0.0,,2022
Aron Baynes,26,SAS,C,16,0,8.8,1.1,2.3,0.5,0.0,0.1,0.0,1.1,2.2,0.514,0.5,0.4,0.8,0.583,0.8,1.3,2.0,0.3,0.1,0.4,0.7,1.4,2.7,,2013
Arron Afflalo,32,ORL,SG,53,3,12.9,1.2,3.1,0.401,0.5,1.3,0.386,0.7,1.7,0.413,0.485,0.4,0.5,0.846,0.1,1.2,1.2,0.6,0.1,0.2,0.4,1.1,3.4,,2018
Art Long,28,SAC,PF,9,0,2.2,0.0,0.4,0.0,0.0,0.0,0.0,0.0,0.4,0.0,0.0,0.0,0.2,0.0,0.2,0.7,0.9,0.1,0.0,0.3,0.2,0.6,0.0,,2001
Arvydas Macijauskas,26,NOK,SG,19,0,7.1,0.7,2.2,0.341,0.2,0.6,0.25,0.6,1.5,0.379,0.378,0.7,0.8,0.867,0.2,0.4,0.5,0.3,0.4,0.0,0.4,0.5,2.3,,2006
Arvydas Sabonis,38,POR,C,78,1,15.5,2.2,4.6,0.476,0.0,0.1,0.5,2.2,4.6,0.476,0.481,1.7,2.1,0.787,1.1,3.2,4.3,1.8,0.8,0.6,1.0,1.8,6.1,,2003
Ashraf Amaya,25,WSB,PF,31,0,4.6,0.4,1.3,0.3,0.0,0.0,1.0,0.4,1.3,0.282,0.313,0.5,0.9,0.536,0.6,1.1,1.7,0.1,0.2,0.1,0.3,0.9,1.3,,1997
Ashton Hagans,21,MIN,PG,2,0,2.0,0.0,0.0,0.0,0.0,0.0,0.0,0.0,0.0,0.0,0.0,0.0,0.0,0.0,0.0,0.0,0.0,0.0,0.0,0.0,0.5,0.0,0.0,,2021
Askia Jones,23,MIN,SG,11,0,12.6,1.4,4.0,0.341,0.2,1.1,0.167,1.2,2.9,0.406,0.364,1.2,1.5,0.813,0.5,0.5,1.0,1.5,0.5,0.0,0.8,1.7,4.1,,1995
Ausar Thompson,21,DET,SF,63,38,25.1,3.7,7.6,0.483,0.3,1.8,0.186,3.3,5.8,0.575,0.505,1.1,1.9,0.597,2.0,4.3,6.4,1.9,1.1,0.9,1.3,2.8,8.8,,2024
Austin Croshere,33,SAS,PF,3,0,7.7,0.7,3.0,0.222,0.0,1.3,0.0,0.7,1.7,0.4,0.222,0.0,0.3,0.0,1.3,2.0,3.3,1.0,0.0,0.0,0.7,0.3,1.3,,2009
Austin Daye,25,TOR,SF,8,0,4.1,0.4,1.6,0.231,0.0,1.0,0.0,0.4,0.6,0.6,0.231,0.3,0.4,0.667,0.3,0.6,0.9,0.3,0.0,0.0,0.0,0.5,1.0,,2014
Austin Reaves,23,LAL,SG,61,19,23.2,2.4,5.2,0.459,0.9,2.7,0.317,1.5,2.5,0.616,0.542,1.6,1.9,0.839,0.7,2.4,3.2,1.8,0.5,0.3,0.7,1.4,7.3,,2022
Austin Rivers,30,MIN,SG,52,10,19.5,1.8,4.0,0.435,0.8,2.4,0.35,0.9,1.7,0.558,0.538,0.6,0.8,0.769,0.1,1.5,1.6,1.4,0.5,0.1,0.4,1.5,4.9,,2023
Avery Bradley,20,BOS,PG,31,0,5.2,0.7,2.2,0.343,0.0,0.2,0.0,0.7,2.0,0.371,0.343,0.2,0.4,0.5,0.1,0.4,0.5,0.4,0.3,0.0,0.5,0.6,1.7,,2011
Avery Johnson,36,DAL,PG,17,0,8.9,1.2,2.9,0.429,0.0,0.0,0.0,1.2,2.9,0.429,0.429,0.7,1.0,0.706,0.0,0.3,0.3,1.6,0.3,0.1,0.5,1.0,3.2,,2002
Awvee Storey,27,NJN,SG,9,0,3.6,0.3,1.1,0.3,0.1,0.2,0.5,0.2,0.9,0.25,0.35,0.1,0.2,0.5,0.4,0.1,0.6,0.1,0.0,0.0,0.0,0.3,0.9,,2005
Axel Toupane,24,MIL,SF,2,0,3.0,0.0,0.5,0.0,0.0,0.5,0.0,0.0,0.0,0.0,0.0,0.0,0.0,0.0,0.0,0.0,0.0,0.0,0.0,0.0,0.0,0.5,0.0,,2017
Ayo Dosunmu,23,CHI,SG,80,51,26.2,3.5,7.1,0.493,0.7,2.4,0.312,2.8,4.8,0.583,0.545,0.8,1.0,0.805,0.6,2.2,2.8,2.6,0.8,0.3,1.2,2.3,8.6,,2023
B.J. Armstrong,31,ORL,PG,22,0,8.2,0.9,2.0,0.422,0.0,0.3,0.143,0.8,1.7,0.474,0.433,0.4,0.5,0.818,0.0,1.0,1.0,1.5,0.4,0.0,0.7,0.7,2.2,,1999
B.J. Johnson,23,SAC,SF,1,0,6.0,1.0,2.0,0.5,0.0,1.0,0.0,1.0,1.0,1.0,0.5,0.0,0.0,0.0,0.0,0.0,0.0,0.0,0.0,0.0,0.0,1.0,2.0,,2019
B.J. Tyler,23,PHI,PG,55,8,14.7,1.3,3.4,0.381,0.3,0.9,0.314,1.0,2.5,0.406,0.423,0.6,0.9,0.7,0.2,0.9,1.1,3.2,0.7,0.0,1.8,1.1,3.5,,1995
Bam Adebayo,20,MIA,C,69,19,19.8,2.5,4.9,0.512,0.0,0.1,0.0,2.5,4.8,0.523,0.512,1.9,2.6,0.721,1.7,3.8,5.5,1.5,0.5,0.6,1.0,2.0,6.9,,2018
Baron Davis,20,CHH,PG,82,0,18.6,2.2,5.3,0.42,0.3,1.4,0.225,1.9,3.9,0.488,0.449,1.2,1.9,0.634,0.6,1.4,2.0,3.8,1.2,0.2,1.7,2.5,5.9,,2000
Barry Stevens,30,GSW,SF,2,0,3.0,0.5,1.0,0.5,0.0,0.0,0.0,0.5,1.0,0.5,0.5,0.0,0.0,0.0,1.0,0.0,1.0,0.0,0.0,0.0,0.0,0.5,1.0,,1993
Bart Kofoed,26,GSW,SG,5,0,4.2,0.0,0.6,0.0,0.0,0.0,0.0,0.0,0.6,0.0,0.0,0.6,1.2,0.5,0.4,0.2,0.6,0.8,0.0,0.0,0.4,0.8,0.6,,1991
Ben Bentil,21,DAL,PF,3,0,3.3,0.0,1.0,0.0,0.0,0.3,0.0,0.0,0.7,0.0,0.0,0.0,0.0,0.0,0.0,0.7,0.7,0.0,0.0,0.0,0.3,0.3,0.0,,2017
Ben Coleman,32,DET,PF,9,0,8.6,1.3,2.8,0.48,0.0,0.0,0.0,1.3,2.8,0.48,0.48,0.4,0.9,0.5,1.1,1.8,2.9,0.0,0.2,0.2,0.8,1.0,3.1,,1994
Ben Davis,25,NYK,PF,7,0,1.9,0.3,1.4,0.2,0.0,0.0,0.0,0.3,1.4,0.2,0.2,0.0,0.0,0.0,0.9,0.0,0.9,0.0,0.1,0.0,0.0,0.4,0.6,,1998
Ben Gordon,30,CHA,SG,19,0,14.7,1.9,5.7,0.343,0.4,1.5,0.276,1.5,4.2,0.367,0.38,0.9,1.1,0.81,0.2,1.3,1.4,1.1,0.5,0.1,1.1,0.9,5.2,,2014
Ben Handlogten,30,UTA,C,17,0,10.1,1.5,2.8,0.532,0.0,0.0,0.0,1.5,2.8,0.532,0.532,1.1,1.6,0.667,1.3,1.9,3.2,0.4,0.2,0.2,0.6,1.9,4.0,,2004
Ben Hansbrough,25,IND,PG,28,0,7.1,0.5,1.6,0.333,0.2,0.8,0.261,0.3,0.8,0.409,0.4,0.8,1.0,0.778,0.1,0.6,0.6,0.8,0.3,0.1,0.6,0.8,2.0,,2013
Ben McLemore,25,SAC,SG,19,0,8.3,1.3,3.4,0.391,0.9,2.2,0.415,0.4,1.2,0.348,0.523,0.4,0.6,0.667,0.2,0.7,0.9,0.2,0.3,0.2,0.3,1.2,3.9,,2019
Ben Moore,22,IND,PF,2,0,4.5,0.0,0.0,0.0,0.0,0.0,0.0,0.0,0.0,0.0,0.0,0.0,0.0,0.0,0.0,0.5,0.5,0.5,0.0,0.0,0.0,2.0,0.0,,2018
Ben Sheppard,22,IND,SG,57,1,14.3,1.6,4.0,0.393,0.9,2.7,0.314,0.7,1.3,0.562,0.5,0.4,0.5,0.885,0.3,1.3,1.6,0.9,0.6,0.0,0.3,1.5,4.4,,2024
Ben Simmons,27,BRK,PG,15,12,23.9,2.9,4.9,0.581,0.0,0.0,0.0,2.9,4.9,0.581,0.581,0.4,1.0,0.4,2.1,5.9,7.9,5.7,0.8,0.6,1.8,2.4,6.1,,2024
Ben Uzoh,23,CLE,PG,2,0,6.5,1.0,2.5,0.4,0.0,0.0,0.0,1.0,2.5,0.4,0.4,0.0,0.0,0.0,1.0,1.0,2.0,1.0,0.5,0.0,0.0,0.5,2.0,,2012
Ben Wallace,22,WSB,PF,34,0,5.8,0.5,1.4,0.348,0.0,0.0,0.0,0.5,1.4,0.348,0.348,0.2,0.6,0.3,0.7,1.0,1.7,0.1,0.2,0.3,0.5,0.8,1.1,,1997
Bennedict Mathurin,21,IND,SF,59,19,26.1,5.0,11.2,0.446,1.4,3.6,0.374,3.7,7.6,0.481,0.507,3.1,3.8,0.821,1.0,2.9,4.0,2.0,0.6,0.2,1.6,2.0,14.5,,2024
Beno Udrih,31,MEM,SG,10,0,5.5,1.0,1.8,0.556,0.2,0.2,1.0,0.8,1.6,0.5,0.611,0.5,0.6,0.833,0.0,0.2,0.2,0.6,0.1,0.1,0.5,0.4,2.7,,2014
Benoit Benjamin,34,PHI,C,6,0,5.5,0.3,1.2,0.286,0.0,0.0,0.0,0.3,1.2,0.286,0.286,0.0,0.0,0.0,0.5,0.8,1.3,0.2,0.0,0.0,0.5,1.0,0.7,,1999
Bernard James,28,DAL,C,30,0,4.9,0.4,0.8,0.478,0.0,0.0,0.0,0.4,0.7,0.5,0.478,0.2,0.4,0.545,0.5,0.9,1.4,0.1,0.1,0.3,0.3,0.8,0.9,,2014
Bernard King,36,NJN,SF,32,2,13.4,2.8,5.5,0.514,0.1,0.2,0.286,2.8,5.3,0.524,0.52,1.2,1.8,0.684,1.1,1.3,2.4,0.6,0.3,0.1,0.7,1.7,7.0,,1993
Bernard Robinson,26,NJN,SF,10,0,3.7,0.3,0.8,0.375,0.0,0.0,0.0,0.3,0.8,0.375,0.375,0.4,0.5,0.8,0.1,0.5,0.6,0.2,0.4,0.1,0.0,0.4,1.0,,2007
Bilal Coulibaly,19,WAS,SF,63,15,27.2,3.0,6.9,0.435,1.0,2.9,0.346,2.0,3.9,0.502,0.509,1.5,2.1,0.702,0.9,3.2,4.1,1.7,0.9,0.8,1.4,2.2,8.4,,2024
Bill Cartwright,37,SEA,C,29,19,14.8,0.9,2.4,0.391,0.0,0.0,0.0,0.9,2.4,0.391,0.391,0.5,0.8,0.625,0.9,2.1,3.0,0.3,0.2,0.1,0.6,2.4,2.4,,1995
Bill Curley,28,DAL,PF,5,0,3.0,0.2,0.8,0.25,0.0,0.2,0.0,0.2,0.6,0.333,0.25,0.2,0.8,0.25,0.0,0.0,0.0,0.0,0.2,0.2,0.4,0.8,0.6,,2001
Bill Edwards,22,PHI,PF,3,0,14.7,0.7,6.0,0.111,0.0,1.7,0.0,0.7,4.3,0.154,0.111,0.7,1.7,0.4,1.7,3.0,4.7,1.3,1.0,0.3,1.3,2.0,2.0,,1994
Bill Laimbeer,35,DET,C,79,41,24.5,3.7,7.3,0.509,0.1,0.3,0.37,3.6,6.9,0.516,0.517,1.2,1.3,0.894,1.4,3.9,5.3,1.6,0.6,0.5,0.7,2.7,8.7,,1993
Bill Wennington,36,SAC,C,7,0,8.1,0.9,2.7,0.316,0.0,0.0,0.0,0.9,2.7,0.316,0.316,0.3,0.3,1.0,0.7,2.0,2.7,0.1,0.3,0.3,0.1,1.9,2.0,,2000
Billy Garrett,24,NYK,SG,4,0,15.8,2.8,6.8,0.407,0.0,2.0,0.0,2.8,4.8,0.579,0.407,1.0,1.0,1.0,0.0,0.8,0.8,1.8,0.3,0.3,0.5,0.8,6.5,,2019
Billy Owens,31,DET,PF,45,14,17.6,2.0,5.1,0.383,0.1,0.4,0.15,1.9,4.7,0.405,0.389,0.4,0.9,0.475,1.9,2.7,4.6,1.2,0.7,0.3,0.9,2.1,4.4,,2001
Billy Thomas,32,NJN,SF,4,0,2.0,0.0,0.8,0.0,0.0,0.8,0.0,0.0,0.0,0.0,0.0,0.5,0.5,1.0,0.0,0.0,0.0,0.0,0.0,0.0,0.3,0.0,0.5,,2008
Billy Thompson,28,GSW,SF,1,0,1.0,0.0,0.0,0.0,0.0,0.0,0.0,0.0,0.0,0.0,0.0,0.0,0.0,0.0,0.0,0.0,0.0,0.0,0.0,0.0,0.0,0.0,0.0,,1992
Bimbo Coles,35,MIA,PG,22,1,7.7,0.5,1.5,0.353,0.0,0.0,0.0,0.5,1.5,0.353,0.353,0.2,0.3,0.667,0.1,0.4,0.5,0.7,0.1,0.0,0.4,1.2,1.3,,2004
Bismack Biyombo,31,OKC,C,10,0,7.3,0.7,1.2,0.583,0.0,0.0,0.0,0.7,1.2,0.583,0.583,0.4,0.8,0.5,0.5,1.3,1.8,0.2,0.1,0.3,0.4,0.7,1.8,,2024
Bison Dele,23,ORL,PF,21,0,11.4,1.9,3.7,0.513,0.0,0.0,0.0,1.9,3.7,0.519,0.513,0.8,1.0,0.8,1.1,1.5,2.7,0.2,0.7,0.8,1.2,2.3,4.6,,1993
Blair Rasmussen,30,ATL,C,22,6,12.9,1.4,3.6,0.375,0.1,0.3,0.333,1.3,3.4,0.378,0.388,0.4,0.6,0.692,0.9,1.6,2.5,0.2,0.2,0.5,0.5,2.8,3.2,,1993
Blake Ahearn,27,UTA,PG,4,0,7.5,1.0,3.5,0.286,0.5,2.3,0.222,0.5,1.3,0.4,0.357,0.0,0.0,0.0,0.0,0.5,0.5,0.3,0.0,0.0,1.3,1.0,2.5,,2012
Blake Griffin,33,BOS,C,41,16,13.9,1.5,3.2,0.485,0.6,1.6,0.348,1.0,1.6,0.625,0.573,0.5,0.8,0.656,1.1,2.6,3.8,1.5,0.3,0.2,0.5,1.8,4.1,,2023
Blake Wesley,20,SAS,SG,61,3,14.4,1.7,3.5,0.474,0.2,0.9,0.218,1.5,2.6,0.563,0.502,0.9,1.3,0.667,0.3,1.2,1.5,2.7,0.5,0.1,0.9,1.5,4.4,,2024
Blue Edwards,33,MIA,SF,24,0,11.8,1.3,3.0,0.444,0.2,0.4,0.4,1.2,2.6,0.452,0.472,0.4,0.5,0.692,0.3,1.1,1.4,1.3,0.7,0.2,0.9,1.0,3.2,,1999
Bo Kimble,25,LAC,SG,34,0,8.1,1.3,3.3,0.396,0.1,0.4,0.308,1.2,2.9,0.408,0.414,0.6,0.9,0.645,0.4,0.6,0.9,0.5,0.3,0.2,0.4,1.1,3.3,,1992
Bo Outlaw,33,PHO,PF,39,0,5.5,0.3,0.9,0.353,0.0,0.0,0.0,0.3,0.9,0.353,0.353,0.1,0.2,0.556,0.4,0.9,1.4,0.3,0.2,0.3,0.2,0.7,0.7,,2005
Bob Hansen,31,2TM,SG,68,2,11.9,1.2,2.6,0.444,0.1,0.4,0.259,1.1,2.2,0.477,0.463,0.1,0.3,0.364,0.3,0.9,1.1,1.0,0.4,0.0,0.4,2.0,2.5,,1992
Bob Martin,25,LAC,C,1,0,14.0,1.0,5.0,0.2,0.0,0.0,0.0,1.0,5.0,0.2,0.2,0.0,0.0,0.0,2.0,0.0,2.0,1.0,0.0,1.0,0.0,2.0,2.0,,1995
Bob McCann,33,TOR,SF,1,0,5.0,0.0,1.0,0.0,0.0,0.0,0.0,0.0,1.0,0.0,0.0,0.0,0.0,0.0,0.0,1.0,1.0,0.0,0.0,0.0,0.0,1.0,0.0,,1998
Bob Sura,30,DET,SG,53,0,13.3,1.3,3.3,0.41,0.2,0.7,0.25,1.2,2.6,0.453,0.436,0.9,1.3,0.696,0.6,1.4,1.9,1.7,0.7,0.2,0.7,1.6,3.8,,2004
Bob Thornton,33,WSB,PF,7,0,4.4,0.1,0.9,0.167,0.0,0.0,0.0,0.1,0.9,0.167,0.167,0.1,0.3,0.5,0.9,0.9,1.7,0.0,0.1,0.0,0.1,1.0,0.4,,1996
Boban Marjanović,35,HOU,C,14,0,5.1,1.3,2.4,0.529,0.0,0.1,0.0,1.3,2.3,0.563,0.529,0.6,1.0,0.643,0.5,1.8,2.3,0.4,0.1,0.1,0.4,0.4,3.2,,2024
Bobby Brown,32,HOU,PG,25,0,4.9,0.9,2.4,0.383,0.6,1.4,0.4,0.4,1.0,0.36,0.5,0.1,0.1,1.0,0.0,0.2,0.2,0.6,0.0,0.0,0.2,0.2,2.5,,2017
Bobby Hurley,25,SAC,PG,49,12,12.9,0.9,2.6,0.368,0.3,0.9,0.311,0.7,1.6,0.4,0.424,0.8,1.1,0.698,0.2,0.6,0.8,3.0,0.6,0.1,1.1,1.1,2.9,,1997
Bobby Jackson,26,MIN,PG,73,10,14.2,1.9,4.7,0.405,0.2,0.6,0.283,1.7,4.1,0.423,0.423,1.0,1.3,0.776,0.7,1.4,2.1,2.4,0.7,0.1,0.8,1.6,5.1,,2000
Bobby Jones,24,SAS,SF,3,0,6.7,0.3,1.3,0.25,0.0,0.7,0.0,0.3,0.7,0.5,0.25,0.0,0.0,0.0,0.0,0.7,0.7,0.3,0.7,0.0,0.3,0.3,0.7,,2008
Bobby Phills,23,CLE,SG,31,0,4.5,1.2,2.6,0.463,0.1,0.2,0.4,1.2,2.5,0.468,0.476,0.5,0.8,0.6,0.2,0.4,0.5,0.3,0.3,0.1,0.6,0.6,3.0,,1993
Bobby Portis,21,CHI,PF,64,13,15.6,2.9,5.9,0.488,0.5,1.5,0.333,2.4,4.4,0.541,0.531,0.6,0.9,0.661,1.2,3.5,4.6,0.5,0.3,0.2,0.6,1.5,6.8,,2017
Bobby Simmons,30,SAS,SF,2,0,8.0,0.0,1.5,0.0,0.0,1.5,0.0,0.0,0.0,0.0,0.0,0.0,0.0,0.0,0.0,0.0,0.0,1.0,0.0,0.0,0.0,1.0,0.0,,2011
Bogdan Bogdanović,25,SAC,SG,78,52,27.9,4.4,9.9,0.446,1.7,4.2,0.392,2.8,5.7,0.485,0.529,1.3,1.5,0.84,0.4,2.5,2.9,3.3,0.9,0.2,1.6,2.2,11.8,,2018
Bojan Bogdanović,25,BRK,SF,78,28,23.8,3.3,7.4,0.453,1.2,3.3,0.355,2.2,4.1,0.531,0.532,1.1,1.4,0.821,0.6,2.1,2.7,0.9,0.4,0.1,1.0,1.3,9.0,,2015
Bol Bol,21,DEN,PF,32,2,5.0,0.8,1.8,0.431,0.3,0.8,0.375,0.5,1.1,0.471,0.509,0.3,0.5,0.667,0.0,0.8,0.8,0.2,0.1,0.3,0.4,0.4,2.2,,2021
Bones Hyland,23,LAC,PG,37,5,14.6,2.6,6.8,0.386,1.2,3.6,0.326,1.4,3.1,0.457,0.474,0.5,0.6,0.783,0.1,1.4,1.5,2.5,0.7,0.1,1.2,1.4,6.9,,2024
Boniface N'Dong,28,LAC,C,23,1,6.6,1.0,2.3,0.415,0.0,0.0,0.0,1.0,2.3,0.423,0.415,0.3,0.4,0.667,0.7,1.0,1.6,0.3,0.1,0.2,0.3,1.0,2.2,,2006
Bonzi Wells,22,POR,SF,7,0,5.0,1.6,2.9,0.55,0.1,0.4,0.333,1.4,2.4,0.588,0.575,1.1,2.6,0.444,0.6,0.7,1.3,0.4,0.1,0.1,0.9,0.7,4.4,,1999
Bonzie Colson,23,MIL,SF,8,2,12.3,1.6,4.9,0.333,0.6,2.6,0.238,1.0,2.3,0.444,0.397,1.0,1.1,0.889,1.0,2.8,3.8,0.4,0.6,0.1,0.4,0.4,4.9,,2019
Boris Diaw,21,ATL,SG,76,37,25.3,1.8,4.1,0.447,0.1,0.3,0.231,1.8,3.8,0.467,0.457,0.7,1.2,0.602,1.5,3.0,4.5,2.4,0.8,0.5,1.7,2.5,4.5,,2004
Boštjan Nachbar,22,HOU,SF,14,1,5.5,0.8,2.2,0.355,0.1,0.7,0.2,0.6,1.5,0.429,0.387,0.4,0.7,0.5,0.2,0.6,0.8,0.2,0.1,0.1,0.4,0.9,2.1,,2003
Bracey Wright,22,MIN,SG,19,0,10.0,1.3,3.2,0.4,0.3,1.1,0.3,0.9,2.1,0.45,0.45,0.7,0.9,0.722,0.4,0.7,1.1,0.8,0.5,0.1,0.3,0.3,3.5,,2007
Brad Daugherty,28,CLE,C,50,50,36.8,5.9,12.1,0.488,0.0,0.0,0.0,5.9,12.1,0.488,0.488,5.1,6.5,0.785,2.6,7.6,10.2,3.0,0.8,0.7,2.2,2.9,17.0,,1994
Brad Davis,36,DAL,PG,33,0,13.0,1.2,2.6,0.442,0.2,0.5,0.278,1.0,2.1,0.485,0.471,0.3,0.5,0.733,0.1,0.9,1.0,2.0,0.3,0.1,0.8,1.7,2.8,,1992
Brad Lohaus,32,TOR,PF,6,0,7.5,0.7,2.5,0.267,0.3,1.2,0.286,0.3,1.3,0.25,0.333,0.0,0.0,0.0,0.2,1.0,1.2,0.2,0.2,0.0,0.2,1.0,1.7,,1997
Brad Miller,35,MIN,C,15,1,9.7,0.6,1.8,0.333,0.5,1.0,0.467,0.1,0.8,0.167,0.463,0.7,0.8,0.833,0.3,1.0,1.3,1.6,0.3,0.1,0.8,0.7,2.3,,2012
Brad Sellers,29,DET,PF,43,1,5.3,1.0,2.0,0.466,0.0,0.0,0.0,1.0,2.0,0.471,0.466,0.5,0.6,0.769,0.3,0.6,1.0,0.3,0.0,0.2,0.3,0.5,2.4,,1992
Brad Wanamaker,32,IND,PG,22,1,13.3,1.2,3.3,0.361,0.2,0.8,0.235,1.0,2.5,0.4,0.389,0.9,1.0,0.909,0.3,1.3,1.6,2.2,0.2,0.3,1.0,1.9,3.5,,2022
Bradley Beal,19,WAS,SG,56,46,31.2,5.0,12.3,0.41,1.6,4.2,0.386,3.4,8.1,0.424,0.477,2.2,2.8,0.786,0.8,3.0,3.8,2.4,0.9,0.5,1.6,2.0,13.9,ROY-3,2013
Brandan Wright,27,BOS,PF,8,0,10.8,1.5,2.6,0.571,0.0,0.0,0.0,1.5,2.6,0.571,0.571,0.3,0.5,0.5,0.9,1.3,2.1,1.0,0.1,0.6,0.6,0.5,3.3,,2015
Branden Dawson,22,LAC,PF,6,0,4.8,0.3,0.8,0.4,0.0,0.0,0.0,0.3,0.8,0.4,0.4,0.2,0.2,1.0,0.3,0.3,0.7,0.0,0.0,0.2,0.0,0.3,0.8,,2016
Brandin Knight,23,HOU,PG,1,0,3.0,0.0,1.0,0.0,0.0,0.0,0.0,0.0,1.0,0.0,0.0,0.0,0.0,0.0,0.0,0.0,0.0,1.0,0.0,0.0,0.0,0.0,0.0,,2005
Brandin Podziemski,20,GSW,SG,74,28,26.6,3.7,8.1,0.454,1.2,3.2,0.385,2.4,4.9,0.499,0.529,0.7,1.1,0.633,1.6,4.2,5.8,3.7,0.8,0.2,1.2,1.6,9.2,ROY-5,2024
Brandon Armstrong,22,NJN,SG,17,0,4.1,0.5,1.6,0.333,0.1,0.4,0.167,0.5,1.2,0.381,0.352,0.3,0.4,0.833,0.0,0.2,0.2,0.1,0.2,0.1,0.3,0.5,1.4,,2003
Brandon Bass,21,NOK,PF,21,3,7.7,0.7,2.1,0.341,0.0,0.0,0.0,0.7,2.0,0.349,0.341,0.6,0.8,0.75,0.6,1.4,2.0,0.1,0.1,0.1,0.5,0.8,2.0,,2007
Brandon Boston Jr.,22,LAC,SF,32,0,10.8,2.0,5.0,0.404,0.4,1.6,0.269,1.6,3.4,0.468,0.447,0.7,1.0,0.697,0.6,1.0,1.6,0.4,0.3,0.3,0.8,1.3,5.2,,2024
Brandon Clarke,26,MEM,PF,56,8,19.5,4.1,6.2,0.656,0.0,0.1,0.167,4.1,6.1,0.665,0.658,1.8,2.4,0.723,1.6,3.9,5.5,1.3,0.6,0.7,1.0,2.3,10.0,,2023
Brandon Davies,23,BRK,PF,7,0,6.3,0.9,2.6,0.333,0.1,0.6,0.25,0.7,2.0,0.357,0.361,0.4,0.6,0.75,0.4,1.0,1.4,0.3,0.1,0.4,0.6,0.7,2.3,,2015
Brandon Goodwin,23,DEN,PG,16,0,3.6,0.4,1.4,0.261,0.1,0.4,0.333,0.3,1.1,0.235,0.304,0.6,0.7,0.818,0.1,0.1,0.2,0.9,0.0,0.0,0.2,0.4,1.4,,2019
Brandon Hunter,24,ORL,PF,31,0,7.2,1.2,2.4,0.507,0.0,0.0,0.0,1.2,2.4,0.507,0.507,0.7,1.3,0.538,0.8,1.4,2.2,0.1,0.1,0.2,0.7,1.4,3.1,,2005
Brandon Ingram,19,LAL,SF,79,40,28.8,3.5,8.7,0.402,0.7,2.4,0.294,2.8,6.3,0.443,0.442,1.7,2.7,0.621,0.8,3.2,4.0,2.1,0.6,0.5,1.5,2.0,9.4,,2017
Brandon Jennings,27,WAS,PG,23,2,16.3,1.3,4.6,0.274,0.5,2.3,0.212,0.8,2.3,0.333,0.325,0.5,0.7,0.706,0.3,1.6,1.9,4.7,0.7,0.0,1.0,1.4,3.5,,2017
Brandon Knight,27,HOU,PG,12,0,9.8,0.9,3.9,0.234,0.4,2.7,0.156,0.5,1.3,0.4,0.287,0.8,0.9,0.818,0.1,0.7,0.8,0.8,0.2,0.0,0.4,1.2,3.0,,2019
Brandon Miller,21,CHO,SF,74,68,32.2,6.4,14.6,0.44,2.5,6.7,0.373,3.9,8.0,0.495,0.524,1.9,2.3,0.827,0.8,3.4,4.3,2.4,0.9,0.6,1.8,2.5,17.3,ROY-3,2024
Brandon Paul,26,SAS,SG,64,2,9.0,0.9,2.0,0.433,0.2,0.8,0.278,0.6,1.1,0.548,0.492,0.3,0.7,0.512,0.1,1.0,1.1,0.6,0.4,0.1,0.5,0.9,2.3,,2018
Brandon Roy,28,MIN,SG,5,5,24.4,2.2,7.0,0.314,0.0,1.8,0.0,2.2,5.2,0.423,0.314,1.4,2.0,0.7,0.6,2.2,2.8,4.6,0.6,0.0,1.4,1.0,5.8,,2013
Brandon Rush,29,GSW,SG,33,0,8.2,0.3,1.6,0.204,0.1,0.8,0.111,0.2,0.8,0.296,0.231,0.2,0.3,0.455,0.1,1.1,1.2,0.4,0.2,0.4,0.3,0.8,0.9,,2015
Brandon Sampson,21,CHI,SG,14,2,15.3,2.0,4.3,0.467,0.8,2.1,0.379,1.2,2.2,0.548,0.558,0.3,0.4,0.667,0.2,0.9,1.1,0.7,0.6,0.2,0.9,1.4,5.1,,2019
Brandon Williams,27,ATL,SF,6,0,3.2,0.2,1.2,0.143,0.0,0.2,0.0,0.2,1.0,0.167,0.143,0.0,0.0,0.0,0.3,0.0,0.3,0.0,0.3,0.0,0.5,0.7,0.3,,2003
Braxton Key,24,PHI,SF,2,0,3.0,0.5,1.0,0.5,0.0,0.5,0.0,0.5,0.5,1.0,0.5,0.0,0.0,0.0,0.5,0.5,1.0,0.5,0.5,0.0,1.0,0.5,1.0,,2022
Brendan Haywood,35,CLE,C,22,1,5.4,0.6,1.4,0.467,0.0,0.0,0.0,0.6,1.4,0.467,0.467,0.3,0.6,0.538,0.3,1.0,1.3,0.1,0.1,0.5,0.5,0.8,1.6,,2015
Brent Barry,37,HOU,SG,56,1,15.3,1.3,3.1,0.407,0.9,2.3,0.374,0.4,0.7,0.512,0.549,0.3,0.4,0.95,0.3,1.4,1.7,1.4,0.4,0.1,0.9,0.8,3.7,,2009
Brent Price,33,SAC,PG,20,0,4.5,0.5,1.4,0.333,0.2,0.8,0.267,0.3,0.6,0.417,0.407,0.5,0.7,0.692,0.2,0.2,0.4,0.5,0.2,0.1,0.5,0.7,1.6,,2002
Brent Scott,25,IND,PF,16,0,3.4,0.5,1.1,0.471,0.0,0.0,0.0,0.5,1.1,0.471,0.471,0.2,0.4,0.5,0.2,0.4,0.6,0.2,0.1,0.1,0.3,0.9,1.2,,1997
Brett Szabo,28,BOS,C,70,24,9.5,0.8,1.7,0.446,0.0,0.0,0.0,0.8,1.7,0.45,0.446,0.6,0.9,0.738,0.8,1.6,2.4,0.2,0.2,0.5,0.6,1.7,2.2,,1997
Brevin Knight,28,PHO,PG,3,0,6.3,0.3,1.0,0.333,0.0,0.0,0.0,0.3,1.0,0.333,0.333,0.0,0.0,0.0,0.0,1.0,1.0,1.3,1.0,0.3,1.0,0.3,0.7,,2004
Brian Bowen,22,IND,SF,6,0,2.5,0.2,0.7,0.25,0.0,0.2,0.0,0.2,0.5,0.333,0.25,0.2,0.2,1.0,0.0,0.5,0.5,0.0,0.0,0.0,0.0,0.2,0.5,,2021
Brian Cardinal,25,WAS,PF,5,0,3.0,0.2,0.8,0.25,0.0,0.2,0.0,0.2,0.6,0.333,0.25,0.4,0.4,1.0,0.6,0.4,1.0,0.2,0.0,0.0,0.2,0.0,0.8,,2003
Brian Cook,28,HOU,PF,9,0,2.8,0.6,1.8,0.313,0.2,0.6,0.4,0.3,1.2,0.273,0.375,0.0,0.0,0.0,0.1,0.4,0.6,0.1,0.0,0.3,0.2,0.3,1.3,,2009
Brian Davis,23,MIN,SF,68,3,5.5,0.6,1.9,0.317,0.0,0.0,0.333,0.6,1.8,0.317,0.321,0.7,1.0,0.735,0.3,0.5,0.8,0.3,0.2,0.1,0.3,0.5,1.9,,1994
Brian Evans,25,MIN,SF,5,0,4.8,0.4,2.0,0.2,0.0,0.4,0.0,0.4,1.6,0.25,0.2,0.0,0.0,0.0,0.4,0.0,0.4,0.2,0.4,0.0,0.0,0.2,0.8,,1999
Brian Grant,33,PHO,C,21,2,11.8,1.3,3.1,0.415,0.0,0.0,0.0,1.3,3.1,0.415,0.415,0.3,0.4,0.875,0.5,2.2,2.7,0.3,0.2,0.1,0.3,2.1,2.9,,2006
Brian Howard,24,DAL,SF,27,0,11.8,2.0,3.9,0.519,0.0,0.1,0.5,2.0,3.8,0.52,0.524,0.8,1.1,0.71,0.6,1.3,1.9,0.5,0.4,0.3,0.6,2.0,4.9,,1992
Brian Oliver,26,WSB,SG,6,0,7.0,0.7,1.5,0.444,0.0,0.0,0.0,0.7,1.5,0.444,0.444,1.0,1.3,0.75,0.0,0.7,0.7,0.7,0.0,0.0,0.5,1.3,2.3,,1995
Brian Quinnett,25,DAL,SG,15,0,9.1,1.0,3.4,0.294,0.2,1.0,0.2,0.8,2.4,0.333,0.324,0.5,0.8,0.667,0.5,1.3,1.8,0.3,0.6,0.1,0.5,0.7,2.7,,1992
Brian Roberts,30,POR,PG,21,0,6.5,1.1,2.4,0.46,0.3,0.7,0.4,0.8,1.7,0.486,0.52,0.4,0.5,0.8,0.1,0.5,0.6,0.8,0.1,0.0,0.3,0.6,2.9,,2016
Brian Scalabrine,32,CHI,PF,18,0,4.9,0.6,1.1,0.526,0.0,0.3,0.0,0.6,0.8,0.714,0.526,0.0,0.0,0.0,0.1,0.4,0.4,0.3,0.2,0.2,0.3,1.0,1.1,,2011
Brian Shaw,32,POR,PG,1,0,5.0,0.0,1.0,0.0,0.0,0.0,0.0,0.0,1.0,0.0,0.0,0.0,0.0,0.0,0.0,1.0,1.0,1.0,0.0,0.0,1.0,1.0,0.0,,1999
Brian Skinner,34,MIL,C,2,0,3.0,0.0,0.0,0.0,0.0,0.0,0.0,0.0,0.0,0.0,0.0,0.0,0.0,0.0,0.0,0.0,0.0,0.0,0.0,0.0,0.0,0.0,0.0,,2011
Briante Weber,24,GSW,PG,7,0,6.6,0.7,2.0,0.357,0.0,0.4,0.0,0.7,1.6,0.455,0.357,0.3,0.4,0.667,0.0,0.6,0.6,0.7,0.4,0.1,0.4,0.6,1.7,,2017
Brice Johnson,22,LAC,PF,3,0,3.0,0.7,2.3,0.286,0.0,0.0,0.0,0.7,2.3,0.286,0.286,0.0,0.0,0.0,0.3,0.7,1.0,0.3,0.7,0.3,0.3,0.0,1.3,,2017
Brice Sensabaugh,20,UTA,SF,32,11,18.3,2.7,6.8,0.39,1.1,3.6,0.296,1.6,3.2,0.495,0.468,1.2,1.3,0.902,0.5,2.7,3.2,1.7,0.4,0.2,1.5,1.3,7.5,,2024
Britton Johnsen,25,IND,SF,6,1,14.5,1.0,3.7,0.273,0.0,0.7,0.0,1.0,3.0,0.333,0.273,0.0,0.0,0.0,0.8,0.8,1.7,0.7,0.2,0.0,0.5,1.7,2.0,,2005
Brodric Thomas,25,BOS,SG,12,0,5.0,0.7,1.5,0.444,0.2,0.8,0.222,0.5,0.8,0.667,0.5,0.3,0.4,0.6,0.2,0.7,0.8,0.9,0.1,0.1,0.5,0.6,1.8,,2022
Brook Lopez,31,MIL,C,68,67,26.7,4.3,9.9,0.435,1.5,4.8,0.314,2.8,5.1,0.549,0.511,1.9,2.2,0.836,0.9,3.7,4.6,1.5,0.7,2.4,1.0,2.4,12.0,DPOY-10,2020
Brooks Thompson,26,UTA,PG,2,0,4.0,0.0,0.5,0.0,0.0,0.0,0.0,0.0,0.5,0.0,0.0,0.0,0.0,0.0,0.0,0.0,0.0,0.5,0.0,0.0,0.5,0.5,0.0,,1997
Bruce Bowen,25,MIA,SF,1,0,1.0,0.0,0.0,0.0,0.0,0.0,0.0,0.0,0.0,0.0,0.0,0.0,0.0,0.0,0.0,0.0,0.0,0.0,0.0,1.0,0.0,0.0,0.0,,1997
Bruce Brown,22,DET,SG,74,56,19.6,1.7,4.2,0.398,0.3,1.3,0.258,1.4,3.0,0.457,0.436,0.6,0.8,0.75,0.6,1.9,2.5,1.2,0.5,0.5,0.6,2.4,4.3,,2019
Bruno Caboclo,22,TOR,SF,2,0,3.5,0.0,1.0,0.0,0.0,1.0,0.0,0.0,0.0,0.0,0.0,0.0,0.0,0.0,0.0,0.5,0.5,0.5,0.5,0.0,0.0,0.5,0.0,,2018
Bruno Fernando,23,BOS,C,20,0,2.9,0.4,0.7,0.5,0.1,0.1,1.0,0.3,0.7,0.462,0.536,0.2,0.3,0.8,0.4,0.4,0.8,0.2,0.0,0.2,0.3,0.3,1.0,,2022
Bruno Šundov,22,BOS,C,26,0,5.3,0.5,2.2,0.25,0.2,0.6,0.25,0.4,1.5,0.25,0.286,0.0,0.1,0.0,0.3,0.8,1.1,0.3,0.2,0.1,0.3,0.9,1.2,,2003
Bryant Reeves,27,VAN,C,75,48,24.4,3.4,7.4,0.46,0.0,0.1,0.25,3.4,7.3,0.462,0.461,1.5,1.9,0.796,1.8,4.3,6.0,1.1,0.6,0.7,1.2,3.2,8.3,,2001
Bryant Stith,31,CLE,SG,50,5,13.3,1.4,3.8,0.372,0.5,1.4,0.353,0.9,2.4,0.383,0.436,0.9,1.0,0.846,0.4,1.3,1.7,0.8,0.6,0.1,0.6,0.8,4.2,,2002
Bryce Cotton,23,MEM,PG,5,0,1.2,0.4,0.4,1.0,0.0,0.0,0.0,0.4,0.4,1.0,1.0,0.0,0.0,0.0,0.0,0.0,0.0,0.0,0.0,0.0,0.0,0.0,0.8,,2016
Bryce Dejean-Jones,23,NOP,SG,14,11,19.9,2.0,4.9,0.406,0.9,2.3,0.375,1.1,2.6,0.432,0.493,0.8,1.5,0.524,0.6,2.9,3.4,1.1,0.7,0.1,0.8,1.2,5.6,,2016
Bryce Drew,29,NOH,PG,15,0,5.2,0.3,1.2,0.222,0.1,0.5,0.143,0.2,0.7,0.273,0.25,0.2,0.2,1.0,0.0,0.4,0.4,0.9,0.3,0.0,0.5,0.1,0.8,,2004
Bryce McGowens,21,CHO,SG,59,14,14.9,1.7,3.9,0.439,0.6,1.7,0.333,1.1,2.2,0.523,0.513,1.1,1.4,0.776,0.3,1.4,1.7,0.9,0.4,0.2,0.5,1.3,5.1,,2024
Bryn Forbes,23,SAS,SG,36,0,7.9,1.0,2.8,0.364,0.5,1.5,0.321,0.5,1.3,0.413,0.449,0.1,0.2,0.833,0.1,0.6,0.6,0.6,0.0,0.0,0.3,0.6,2.6,,2017
Bryon Russell,35,DEN,SF,1,0,3.0,0.0,0.0,0.0,0.0,0.0,0.0,0.0,0.0,0.0,0.0,0.0,0.0,0.0,0.0,1.0,1.0,1.0,0.0,0.0,0.0,0.0,0.0,,2006
Bubba Wells,23,DAL,SG,39,2,10.1,1.2,3.0,0.414,0.0,0.2,0.167,1.2,2.8,0.427,0.418,0.8,1.1,0.721,0.6,1.2,1.7,0.9,0.4,0.1,0.8,1.0,3.3,,1998
Buck Johnson,29,WSB,SF,73,19,17.6,2.6,5.5,0.479,0.0,0.0,0.0,2.6,5.5,0.483,0.479,1.3,1.7,0.73,1.1,1.6,2.7,1.2,0.5,0.2,1.0,2.6,6.5,,1993
Buck Williams,37,NYK,PF,41,6,18.0,1.8,3.6,0.503,0.0,0.0,0.0,1.8,3.6,0.503,0.503,1.3,1.7,0.732,1.9,2.6,4.5,0.5,0.4,0.4,0.9,2.3,4.9,,1998
Buddy Boeheim,23,DET,SF,10,0,9.0,0.5,2.7,0.185,0.4,2.5,0.16,0.1,0.2,0.5,0.259,0.2,0.2,1.0,0.2,0.4,0.6,0.4,0.2,0.0,0.0,0.6,1.6,,2023
Buddy Hield,24,NOP,SG,57,37,20.4,3.2,8.3,0.393,1.6,4.2,0.369,1.7,4.0,0.417,0.487,0.5,0.6,0.879,0.3,2.6,2.9,1.4,0.3,0.1,0.8,1.4,8.6,,2017
Byron Dinkins,23,IND,PG,2,0,2.5,0.5,0.5,1.0,0.0,0.0,0.0,0.5,0.5,1.0,1.0,0.0,0.0,0.0,0.0,0.5,0.5,0.0,0.0,0.0,0.0,1.5,1.0,,1991
Byron Houston,24,GSW,PF,71,2,12.2,1.1,2.5,0.458,0.0,0.1,0.143,1.1,2.4,0.471,0.46,0.5,0.8,0.611,0.9,1.8,2.7,0.5,0.5,0.4,0.7,2.5,2.8,,1994
Byron Irvin,24,WSB,SG,33,4,9.6,1.8,3.9,0.465,0.0,0.2,0.2,1.8,3.8,0.476,0.469,1.5,1.8,0.82,0.7,0.6,1.4,0.7,0.5,0.1,0.5,1.0,5.2,,1991
Byron Mullens,20,OKC,PF,13,0,4.2,0.5,1.5,0.368,0.0,0.0,0.0,0.5,1.5,0.368,0.368,0.0,0.0,0.0,0.2,0.5,0.8,0.1,0.2,0.0,0.3,1.0,1.1,,2010
Byron Scott,35,LAL,SG,79,8,18.2,2.1,4.8,0.43,0.9,2.4,0.388,1.1,2.4,0.471,0.526,1.6,1.9,0.841,0.3,1.2,1.5,1.3,0.6,0.2,0.7,0.9,6.7,,1997
C.J. Miles,34,BOS,SG,1,0,2.0,0.0,0.0,0.0,0.0,0.0,0.0,0.0,0.0,0.0,0.0,0.0,0.0,0.0,0.0,0.0,0.0,0.0,0.0,0.0,0.0,1.0,0.0,,2022
C.J. Watson,23,GSW,PG,32,0,11.5,1.3,3.2,0.426,0.3,0.8,0.346,1.1,2.3,0.453,0.47,0.7,0.9,0.793,0.4,0.6,1.0,1.1,0.5,0.0,0.6,0.6,3.7,,2008
C.J. Wilcox,26,ORL,SG,22,0,4.9,0.4,1.4,0.258,0.1,0.7,0.2,0.2,0.7,0.313,0.306,0.1,0.1,1.0,0.2,0.4,0.5,0.5,0.1,0.0,0.3,0.4,1.0,,2017
C.J. Williams,28,MIN,SG,15,0,8.5,1.1,2.3,0.486,0.3,1.1,0.313,0.8,1.3,0.632,0.557,0.0,0.1,0.0,0.1,0.5,0.5,0.8,0.4,0.0,0.3,1.1,2.6,,2019
CJ Elleby,20,POR,SF,30,0,6.4,0.8,2.2,0.379,0.2,1.1,0.206,0.6,1.1,0.563,0.432,0.4,0.5,0.733,0.4,0.7,1.1,0.3,0.2,0.1,0.2,0.9,2.3,,2021
CJ McCollum,22,POR,SG,38,0,12.5,1.9,4.7,0.416,0.8,2.1,0.375,1.2,2.6,0.449,0.5,0.6,0.9,0.676,0.2,1.1,1.3,0.7,0.4,0.1,0.9,1.4,5.3,,2014
Cade Cunningham,20,DET,SG,64,64,32.6,6.7,16.1,0.416,1.8,5.7,0.314,4.9,10.4,0.472,0.471,2.2,2.6,0.845,0.9,4.6,5.5,5.6,1.2,0.7,3.7,3.1,17.4,ROY-3,2022
Cal Bowdler,22,ATL,SF,46,0,9.2,1.1,2.5,0.426,0.0,0.0,0.0,1.1,2.5,0.43,0.426,0.5,0.8,0.632,0.5,1.4,1.8,0.3,0.3,0.2,0.5,1.0,2.7,,2000
Calbert Cheaney,34,GSW,SF,42,0,10.7,1.0,2.6,0.389,0.0,0.2,0.0,1.0,2.4,0.42,0.389,0.2,0.2,1.0,0.5,1.0,1.5,0.5,0.3,0.0,0.4,0.9,2.2,,2006
Caleb Houstan,20,ORL,SF,51,4,15.9,1.3,3.6,0.363,0.9,2.7,0.338,0.4,0.9,0.435,0.489,0.3,0.4,0.833,0.7,1.3,1.9,0.6,0.2,0.1,0.4,1.2,3.8,,2023
Caleb Martin,25,CHO,SF,53,3,15.4,1.8,4.8,0.375,0.6,2.4,0.248,1.2,2.5,0.496,0.436,0.8,1.2,0.641,0.6,2.1,2.7,1.3,0.7,0.2,0.6,1.2,5.0,,2021
Caleb Swanigan,22,SAC,C,7,0,3.3,0.3,0.6,0.5,0.0,0.0,0.0,0.3,0.6,0.5,0.5,0.1,0.3,0.5,0.3,0.7,1.0,0.3,0.1,0.3,0.9,1.1,0.7,,2020
Calvin Booth,32,MIN,C,1,0,1.0,0.0,0.0,0.0,0.0,0.0,0.0,0.0,0.0,0.0,0.0,0.0,0.0,0.0,1.0,0.0,1.0,0.0,0.0,0.0,0.0,0.0,0.0,,2009
Cam Reddish,24,LAL,SF,48,26,20.5,1.9,4.9,0.389,0.8,2.3,0.336,1.1,2.6,0.435,0.468,0.9,1.1,0.759,0.6,1.5,2.1,1.0,1.0,0.3,0.6,1.3,5.4,,2024
Cam Thomas,20,BRK,SG,67,2,17.6,3.3,7.5,0.433,0.7,2.6,0.27,2.6,4.9,0.52,0.48,1.3,1.6,0.829,0.2,2.2,2.4,1.2,0.5,0.1,0.8,1.0,8.5,,2022
Cam Whitmore,19,HOU,SF,47,2,18.7,4.5,9.9,0.454,1.7,4.7,0.359,2.8,5.3,0.538,0.539,1.6,2.4,0.679,0.9,2.9,3.8,0.7,0.6,0.4,1.0,1.4,12.3,,2024
Cameron Bairstow,24,CHI,PF,18,1,3.6,0.2,0.8,0.214,0.0,0.0,0.0,0.2,0.8,0.214,0.214,0.2,0.3,0.8,0.3,0.1,0.4,0.1,0.1,0.1,0.2,0.4,0.6,,2015
Cameron Johnson,23,PHO,PF,57,9,22.0,3.1,7.1,0.435,1.9,4.8,0.39,1.2,2.3,0.526,0.565,0.8,1.0,0.807,0.9,2.4,3.3,1.2,0.6,0.4,0.6,1.5,8.8,,2020
Cameron McGriff,24,POR,SF,3,0,15.3,1.7,4.7,0.357,0.7,2.0,0.333,1.0,2.7,0.375,0.429,0.7,0.7,1.0,2.0,3.0,5.0,1.0,0.0,0.3,0.0,2.3,4.7,,2022
Cameron Oliver,24,HOU,SF,4,0,21.8,4.8,8.3,0.576,1.0,3.3,0.308,3.8,5.0,0.75,0.636,0.3,1.0,0.25,1.3,4.0,5.3,1.3,0.5,1.0,0.8,2.8,10.8,,2021
Cameron Payne,22,CHI,PG,11,0,12.9,1.9,5.7,0.333,1.0,3.1,0.324,0.9,2.6,0.345,0.421,0.1,0.4,0.25,0.1,1.5,1.5,1.4,0.4,0.0,1.2,1.3,4.9,,2017
Cameron Reynolds,25,SAS,SF,3,0,2.0,0.3,0.7,0.5,0.0,0.0,0.0,0.3,0.7,0.5,0.5,0.0,0.0,0.0,0.0,0.0,0.0,0.0,0.0,0.0,0.0,0.0,0.7,,2021
Caris LeVert,22,BRK,SF,57,26,21.7,3.0,6.7,0.45,1.0,3.2,0.321,2.0,3.4,0.571,0.528,1.2,1.6,0.72,0.4,2.9,3.3,1.9,0.9,0.1,1.0,1.6,8.2,,2017
Carl Herrera,32,VAN,PF,4,0,10.5,0.8,3.3,0.231,0.0,0.0,0.0,0.8,3.3,0.231,0.231,0.0,0.5,0.0,1.3,0.8,2.0,0.8,0.0,0.0,1.0,0.8,1.5,,1999
Carl Landry,30,SAC,PF,18,1,12.9,1.7,3.3,0.517,0.0,0.0,0.0,1.7,3.3,0.517,0.517,0.8,0.9,0.824,0.8,2.3,3.2,0.3,0.2,0.1,0.5,1.9,4.2,,2014
Carl Thomas,27,CLE,SG,19,0,4.1,0.5,1.3,0.375,0.1,0.6,0.167,0.4,0.6,0.583,0.417,0.1,0.1,1.0,0.2,0.5,0.7,0.4,0.1,0.1,0.3,0.4,1.1,,1997
Carldell Johnson,29,NOH,PG,15,0,7.9,0.7,2.3,0.314,0.3,1.0,0.267,0.5,1.3,0.35,0.371,0.1,0.2,0.333,0.1,0.5,0.6,1.5,0.5,0.0,0.5,0.7,1.8,,2012
Carlik Jones,24,DAL,PG,3,0,6.3,0.0,2.3,0.0,0.0,0.3,0.0,0.0,2.0,0.0,0.0,0.7,0.7,1.0,0.3,0.7,1.0,1.7,0.3,0.0,1.0,0.0,0.7,,2022
Carlos Arroyo,22,TOR,PG,17,0,5.6,0.8,1.7,0.448,0.0,0.0,0.0,0.8,1.7,0.448,0.448,0.2,0.4,0.667,0.2,0.5,0.7,1.2,0.4,0.0,0.7,0.7,1.8,,2002
Carlos Boozer,21,CLE,PF,81,54,25.3,4.1,7.6,0.536,0.0,0.0,0.0,4.1,7.6,0.536,0.536,1.8,2.4,0.771,2.5,5.0,7.5,1.3,0.7,0.6,1.3,2.8,10.0,ROY-7,2003
Carlos Delfino,23,DET,SG,68,1,10.7,1.3,3.3,0.403,0.3,0.9,0.333,1.0,2.4,0.428,0.447,0.7,1.0,0.672,0.4,1.3,1.7,0.6,0.3,0.2,0.5,1.3,3.6,,2006
Carlos Rogers,26,POR,PF,3,0,8.3,0.7,1.3,0.5,0.0,0.3,0.0,0.7,1.0,0.667,0.5,0.0,0.0,0.0,0.3,0.3,0.7,0.7,0.3,0.0,0.3,0.3,1.3,,1998
Carlton McKinney,27,NYK,SG,2,0,4.5,1.0,4.5,0.222,0.0,0.0,0.0,1.0,4.5,0.222,0.222,0.0,0.0,0.0,0.0,0.5,0.5,0.0,0.0,0.0,0.0,0.5,2.0,,1992
Carmelo Anthony,37,LAL,PF,69,3,26.0,4.6,10.5,0.441,2.2,5.8,0.375,2.5,4.7,0.521,0.544,1.9,2.3,0.83,0.9,3.3,4.2,1.0,0.7,0.8,0.9,2.4,13.3,,2022
Caron Butler,35,SAC,SF,17,1,10.4,1.5,3.5,0.424,0.2,1.1,0.167,1.3,2.4,0.537,0.449,0.6,0.7,0.833,0.3,1.0,1.3,0.6,0.5,0.1,0.2,1.1,3.7,,2016
Carrick Felix,23,CLE,SG,7,0,5.4,1.0,2.0,0.5,0.3,0.7,0.4,0.7,1.3,0.556,0.571,0.4,0.6,0.75,0.1,0.7,0.9,0.6,0.0,0.0,0.6,0.6,2.7,,2014
Carsen Edwards,21,BOS,SG,37,0,9.5,1.1,3.5,0.328,0.6,2.1,0.316,0.5,1.4,0.346,0.422,0.4,0.5,0.684,0.2,1.1,1.3,0.6,0.3,0.1,0.4,0.9,3.3,,2020
Cartier Martin,30,DET,SF,23,0,8.6,0.7,2.3,0.283,0.3,1.4,0.182,0.4,0.9,0.45,0.34,0.0,0.0,0.0,0.0,0.9,0.9,0.5,0.1,0.0,0.2,0.9,1.6,,2015
Casey Jacobsen,26,MEM,SG,53,0,10.3,0.7,2.2,0.339,0.3,1.4,0.222,0.4,0.8,0.535,0.409,0.2,0.3,0.765,0.2,1.0,1.2,0.4,0.1,0.0,0.3,0.6,2.0,,2008
Casey Shaw,23,PHI,C,9,0,1.6,0.1,0.9,0.125,0.0,0.0,0.0,0.1,0.9,0.125,0.125,0.0,0.0,0.0,0.3,0.0,0.3,0.0,0.0,0.0,0.2,0.2,0.2,,1999
Cason Wallace,20,OKC,SG,82,13,20.6,2.6,5.4,0.491,1.2,2.9,0.419,1.5,2.5,0.572,0.602,0.4,0.5,0.784,0.6,1.6,2.3,1.5,0.9,0.5,0.5,1.6,6.8,,2024
Casper Ware,24,PHI,PG,9,0,12.9,2.0,4.7,0.429,0.8,2.3,0.333,1.2,2.3,0.524,0.512,0.6,0.7,0.833,0.0,1.0,1.0,1.1,0.9,0.0,0.6,1.2,5.3,,2014
Cassius Stanley,21,IND,SG,24,0,3.9,0.5,1.8,0.302,0.1,0.5,0.231,0.4,1.3,0.333,0.337,0.3,0.4,0.778,0.3,0.5,0.8,0.0,0.0,0.1,0.0,0.6,1.5,,2021
Cassius Winston,22,WAS,PG,22,0,4.5,0.6,1.5,0.424,0.4,0.8,0.471,0.3,0.7,0.375,0.545,0.2,0.3,0.833,0.0,0.4,0.4,0.5,0.1,0.0,0.2,0.4,1.9,,2021
Cat Barber,27,ATL,PG,3,0,4.3,0.0,1.3,0.0,0.0,0.0,0.0,0.0,1.3,0.0,0.0,0.0,1.3,0.0,0.3,0.7,1.0,1.0,0.0,0.0,0.3,0.3,0.0,,2022
Cedi Osman,22,CLE,SF,61,12,11.0,1.5,3.0,0.484,0.5,1.4,0.368,1.0,1.6,0.586,0.57,0.4,0.8,0.565,0.3,1.7,2.0,0.7,0.4,0.0,0.5,1.3,3.9,,2018
Cedric Ball,22,LAC,PF,7,0,3.7,0.4,1.1,0.375,0.0,0.0,0.0,0.4,1.1,0.375,0.375,0.3,0.3,1.0,0.7,0.9,1.6,0.0,0.0,0.3,0.3,0.7,1.1,,1991
Cedric Bozeman,23,ATL,SG,23,5,8.7,0.5,1.7,0.282,0.1,0.6,0.154,0.4,1.1,0.346,0.308,0.1,0.3,0.333,0.1,0.9,1.0,0.4,0.2,0.1,0.4,1.4,1.1,,2007
Cedric Ceballos,31,DET,SF,13,0,12.8,2.2,5.5,0.394,0.8,3.1,0.275,1.3,2.4,0.548,0.472,0.6,0.8,0.8,0.5,1.5,2.0,0.5,0.5,0.2,0.7,1.5,5.8,,2001
Cedric Henderson,26,GSW,SF,12,0,5.8,1.3,2.6,0.484,0.2,0.3,0.5,1.1,2.3,0.481,0.516,0.3,0.6,0.571,0.1,0.2,0.3,0.3,0.5,0.2,0.7,0.3,3.0,,2002
Cedric Hunter,27,CHH,PG,1,0,1.0,0.0,0.0,0.0,0.0,0.0,0.0,0.0,0.0,0.0,0.0,0.0,0.0,0.0,0.0,0.0,0.0,0.0,0.0,0.0,0.0,0.0,0.0,,1992
Cedric Jackson,23,CLE,PG,5,0,2.0,0.0,0.4,0.0,0.0,0.2,0.0,0.0,0.2,0.0,0.0,0.2,0.8,0.25,0.0,0.2,0.2,0.4,0.0,0.0,0.2,0.0,0.2,,2010
Cedric Lewis,26,WSB,C,3,0,1.3,0.7,1.0,0.667,0.0,0.0,0.0,0.7,1.0,0.667,0.667,0.0,0.0,0.0,0.7,0.0,0.7,0.0,0.3,0.0,0.0,0.0,1.3,,1996
Cedric Simmons,23,SAC,PF,7,0,3.3,0.0,0.6,0.0,0.0,0.0,0.0,0.0,0.6,0.0,0.0,0.1,0.3,0.5,0.1,0.4,0.6,0.0,0.0,0.0,0.3,0.3,0.1,,2009
Cezary Trybański,24,PHO,C,4,0,2.5,0.0,0.5,0.0,0.0,0.0,0.0,0.0,0.5,0.0,0.0,0.0,0.0,0.0,0.0,0.3,0.3,0.0,0.0,0.3,0.5,0.3,0.0,,2004
Chad Gallagher,24,UTA,C,2,0,1.5,1.5,1.5,1.0,0.0,0.0,0.0,1.5,1.5,1.0,1.0,0.0,0.0,0.0,0.0,0.0,0.0,0.0,0.0,0.0,0.0,1.0,3.0,,1994
Chance Comanche,26,POR,C,1,0,21.0,3.0,5.0,0.6,0.0,0.0,0.0,3.0,5.0,0.6,0.6,1.0,4.0,0.25,2.0,1.0,3.0,0.0,0.0,1.0,0.0,0.0,7.0,,2023
Chandler Hutchison,25,PHO,SF,6,0,3.7,0.2,0.3,0.5,0.0,0.0,0.0,0.2,0.3,0.5,0.5,0.3,0.3,1.0,0.0,0.8,0.8,0.3,0.0,0.0,0.7,0.2,0.7,,2022
Chandler Parsons,31,ATL,PF,5,0,10.8,1.0,3.6,0.278,0.8,2.8,0.286,0.2,0.8,0.25,0.389,0.0,0.0,0.0,0.2,1.2,1.4,0.6,0.8,0.2,0.6,0.6,2.8,,2020
Channing Frye,35,CLE,C,36,6,9.5,1.2,3.3,0.368,0.9,2.2,0.405,0.3,1.1,0.289,0.504,0.3,0.4,0.786,0.1,1.3,1.4,0.6,0.2,0.1,0.4,1.2,3.6,,2019
Charles Barkley,36,HOU,PF,20,18,31.0,5.3,11.1,0.477,0.3,1.3,0.231,5.0,9.8,0.51,0.491,3.6,5.5,0.645,3.6,6.9,10.5,3.2,0.7,0.2,2.2,2.4,14.5,,2000
Charles Bassey,21,PHI,C,23,0,7.3,1.3,2.0,0.638,0.0,0.2,0.0,1.3,1.9,0.698,0.638,0.4,0.5,0.75,1.0,1.7,2.7,0.3,0.2,0.7,0.3,1.4,3.0,,2022
Charles Claxton,25,BOS,C,3,0,2.3,0.3,0.7,0.5,0.0,0.0,0.0,0.3,0.7,0.5,0.5,0.0,0.7,0.0,0.7,0.0,0.7,0.0,0.0,0.3,0.3,1.3,0.7,,1996
Charles Cooke,23,NOP,SG,13,0,2.9,0.2,1.1,0.143,0.1,0.6,0.125,0.1,0.5,0.167,0.179,0.1,0.2,0.5,0.0,0.2,0.2,0.1,0.1,0.0,0.1,0.0,0.5,,2018
Charles Jenkins,23,GSW,SG,47,0,6.2,0.7,1.8,0.422,0.0,0.0,0.5,0.7,1.7,0.42,0.428,0.2,0.4,0.556,0.1,0.3,0.4,0.6,0.2,0.0,0.4,0.4,1.7,,2013
Charles Jones,38,HOU,PF,46,0,6.5,0.1,0.4,0.316,0.0,0.0,0.0,0.1,0.4,0.316,0.316,0.1,0.3,0.308,0.6,1.0,1.6,0.3,0.1,0.5,0.1,1.0,0.3,,1996
Charles O'Bannon,22,DET,SG,30,0,7.8,0.9,2.3,0.377,0.0,0.1,0.0,0.9,2.2,0.394,0.377,0.4,0.5,0.8,0.5,0.6,1.1,0.6,0.3,0.0,0.3,0.5,2.1,,1998
Charles Oakley,40,HOU,PF,7,0,3.6,0.3,0.9,0.333,0.0,0.0,0.0,0.3,0.9,0.333,0.333,0.7,0.9,0.833,0.0,0.7,0.7,0.3,0.0,0.0,0.1,1.1,1.3,,2004
Charles Shackleford,32,CHH,C,32,4,11.5,1.4,2.8,0.489,0.0,0.0,0.0,1.4,2.8,0.489,0.489,0.6,0.9,0.655,1.3,2.8,4.0,0.4,0.2,0.4,0.8,2.1,3.3,,1999
Charles Smith,30,DEN,SG,1,0,2.0,0.0,1.0,0.0,0.0,1.0,0.0,0.0,0.0,0.0,0.0,0.0,0.0,0.0,0.0,0.0,0.0,0.0,0.0,0.0,0.0,1.0,0.0,,2006
Charles Thomas,22,DET,SG,36,0,4.3,0.5,1.4,0.353,0.1,0.5,0.118,0.4,0.9,0.471,0.373,0.3,0.4,0.667,0.2,0.4,0.6,0.6,0.1,0.0,0.5,0.6,1.3,,1992
Charlie Bell,22,DAL,SG,2,0,1.0,0.0,0.0,0.0,0.0,0.0,0.0,0.0,0.0,0.0,0.0,0.0,0.0,0.0,0.0,0.5,0.5,0.0,0.0,0.0,0.0,0.0,0.0,,2002
Charlie Brown Jr.,24,DAL,SG,3,0,5.0,0.3,1.7,0.2,0.0,1.0,0.0,0.3,0.7,0.5,0.2,0.0,0.0,0.0,0.0,0.3,0.3,0.3,0.7,0.3,0.0,0.7,0.7,,2022
Charlie Villanueva,29,DET,PF,20,0,9.0,1.8,4.6,0.38,0.7,2.8,0.25,1.1,1.8,0.583,0.457,0.4,0.7,0.571,0.3,1.4,1.7,0.3,0.2,0.3,0.4,0.8,4.6,,2014
Charlie Ward,24,NYK,PG,10,0,4.4,0.4,1.9,0.211,0.1,1.0,0.1,0.3,0.9,0.333,0.237,0.7,1.0,0.7,0.1,0.5,0.6,0.4,0.2,0.0,0.8,0.7,1.6,,1995
Chase Budinger,27,PHO,SF,17,0,11.8,1.4,2.6,0.511,0.2,1.0,0.235,1.1,1.6,0.679,0.556,0.3,0.5,0.625,0.7,1.0,1.7,0.9,0.2,0.1,0.8,0.9,3.2,,2016
Chasson Randle,26,GSW,PG,3,0,13.3,0.0,1.3,0.0,0.0,0.7,0.0,0.0,0.7,0.0,0.0,1.7,2.0,0.833,0.0,0.7,0.7,1.7,0.7,0.0,0.0,1.0,1.7,,2020
Chauncey Billups,37,DET,SG,19,7,16.3,1.3,4.2,0.304,0.7,2.5,0.292,0.5,1.6,0.323,0.392,0.5,0.6,0.833,0.2,1.3,1.5,2.2,0.4,0.1,1.3,1.3,3.8,,2014
Chaundee Brown Jr.,23,LAL,SF,2,0,10.5,0.5,3.5,0.143,0.0,1.5,0.0,0.5,2.0,0.25,0.143,0.0,0.0,0.0,0.0,1.0,1.0,0.0,0.0,0.0,0.5,0.0,1.0,,2022
Cheick Diallo,25,DET,C,3,0,10.3,1.0,2.7,0.375,0.0,0.0,0.0,1.0,2.7,0.375,0.375,1.7,2.0,0.833,1.3,2.7,4.0,0.0,0.3,0.0,0.3,2.0,3.7,,2022
Cheikh Samb,24,NYK,C,2,0,4.0,0.0,1.5,0.0,0.0,0.0,0.0,0.0,1.5,0.0,0.0,0.0,1.0,0.0,0.5,0.5,1.0,0.0,0.0,0.0,0.0,0.0,0.0,,2009
Cherokee Parks,31,GSW,C,12,0,5.3,0.3,0.8,0.4,0.0,0.0,0.0,0.3,0.8,0.4,0.4,0.3,0.5,0.667,0.3,0.5,0.8,0.1,0.0,0.3,0.2,0.6,1.0,,2004
Chet Holmgren,21,OKC,C,82,82,29.4,6.2,11.6,0.53,1.6,4.3,0.37,4.6,7.4,0.623,0.598,2.7,3.4,0.793,1.6,6.3,7.9,2.4,0.6,2.3,1.6,2.4,16.5,ROY-2,2024
Chima Moneke,27,SAC,SF,2,0,4.0,0.5,1.0,0.5,0.0,0.0,0.0,0.5,1.0,0.5,0.5,0.0,1.0,0.0,1.0,0.0,1.0,0.5,0.0,0.0,1.0,1.0,1.0,,2023
Chimezie Metu,21,SAS,PF,29,0,5.0,0.7,2.0,0.328,0.0,0.1,0.0,0.7,1.9,0.339,0.328,0.4,0.6,0.765,0.3,0.9,1.2,0.4,0.2,0.1,0.5,0.5,1.8,,2019
Chinanu Onuaku,20,HOU,C,5,1,10.4,1.0,1.4,0.714,0.0,0.0,0.0,1.0,1.4,0.714,0.714,0.8,0.8,1.0,0.4,1.6,2.0,0.6,0.6,0.2,0.8,1.2,2.8,,2017
Chris Andersen,29,NOH,C,5,0,6.8,0.4,1.4,0.286,0.0,0.0,0.0,0.4,1.4,0.286,0.286,0.4,0.8,0.5,0.4,1.4,1.8,0.0,0.0,0.8,0.2,1.2,1.2,,2008
Chris Anstey,24,DAL,C,41,4,11.5,1.2,3.4,0.36,0.0,0.2,0.0,1.2,3.2,0.379,0.36,0.8,1.2,0.708,0.9,1.5,2.4,0.7,0.4,0.3,0.6,2.4,3.3,,1999
Chris Babb,23,BOS,SG,14,0,9.4,0.6,2.1,0.267,0.4,1.9,0.222,0.1,0.2,0.667,0.367,0.0,0.0,0.0,0.3,0.9,1.2,0.2,0.4,0.0,0.2,0.9,1.6,,2014
Chris Bosh,19,TOR,C,75,63,33.5,4.4,9.5,0.459,0.1,0.2,0.357,4.3,9.3,0.461,0.463,2.7,3.8,0.701,2.5,4.9,7.4,1.0,0.8,1.4,1.4,2.9,11.5,ROY-5,2004
Chris Boucher,25,GSW,PF,1,0,1.0,0.0,1.0,0.0,0.0,1.0,0.0,0.0,0.0,0.0,0.0,0.0,0.0,0.0,0.0,1.0,1.0,0.0,0.0,0.0,0.0,0.0,0.0,,2018
Chris Carr,24,MIN,SG,11,2,7.4,0.8,2.4,0.346,0.3,0.8,0.333,0.5,1.5,0.353,0.404,0.2,0.4,0.5,0.0,1.1,1.1,0.6,0.1,0.1,0.4,0.8,2.1,,1999
Chris Childs,35,NJN,PG,12,0,8.8,0.5,1.7,0.3,0.1,0.5,0.167,0.4,1.2,0.357,0.325,0.2,0.3,0.667,0.3,0.2,0.4,1.3,0.7,0.1,0.5,1.4,1.3,,2003
Chris Chiozza,23,HOU,PG,7,0,4.7,0.3,1.1,0.25,0.3,0.7,0.4,0.0,0.4,0.0,0.375,0.0,0.0,0.0,0.1,0.4,0.6,0.6,0.1,0.1,0.1,0.3,0.9,,2019
Chris Clemons,22,HOU,SG,33,0,8.8,1.7,4.3,0.401,1.1,3.2,0.346,0.6,1.1,0.571,0.532,0.3,0.3,0.909,0.1,0.8,0.9,0.8,0.3,0.2,0.6,0.8,4.9,,2020
Chris Copeland,31,MIL,PF,24,1,6.5,0.7,2.1,0.333,0.4,1.5,0.278,0.3,0.6,0.467,0.431,0.3,0.3,0.857,0.0,0.4,0.4,0.5,0.1,0.0,0.3,0.7,2.1,,2016
Chris Corchiani,24,WSB,PG,1,0,3.0,1.0,1.0,1.0,0.0,0.0,0.0,1.0,1.0,1.0,1.0,0.0,0.0,0.0,0.0,0.0,0.0,0.0,0.0,0.0,0.0,1.0,2.0,,1993
Chris Crawford,22,ATL,PF,40,0,6.4,1.2,2.8,0.418,0.0,0.1,0.333,1.1,2.7,0.421,0.423,1.4,1.7,0.838,0.5,0.5,1.0,0.2,0.3,0.2,0.5,0.7,3.8,,1998
Chris Douglas-Roberts,28,LAC,SG,12,0,8.6,0.4,1.8,0.238,0.1,0.6,0.143,0.3,1.2,0.286,0.262,0.7,0.7,1.0,0.1,0.9,1.0,0.3,0.1,0.0,0.0,1.2,1.6,,2015
Chris Duarte,26,SAC,SF,59,11,12.2,1.4,3.6,0.381,0.7,2.2,0.346,0.6,1.4,0.434,0.486,0.4,0.6,0.788,0.4,1.4,1.8,0.7,0.5,0.1,0.4,1.4,3.9,,2024
Chris Dudley,37,POR,C,3,0,3.7,0.0,0.3,0.0,0.0,0.0,0.0,0.0,0.3,0.0,0.0,0.0,0.0,0.0,0.7,0.0,0.7,0.0,0.0,0.0,0.0,1.0,0.0,,2003
Chris Duhon,28,ORL,PG,51,5,15.2,1.0,2.5,0.38,0.3,1.0,0.25,0.7,1.5,0.468,0.43,0.3,0.5,0.56,0.2,0.8,1.0,2.3,0.3,0.0,1.2,0.6,2.5,,2011
Chris Garner,22,TOR,PG,38,0,7.7,0.6,1.8,0.329,0.1,0.4,0.286,0.5,1.5,0.339,0.357,0.1,0.2,0.429,0.2,0.4,0.6,1.2,0.6,0.1,0.7,1.3,1.4,,1998
Chris Gatling,31,NJN,C,18,2,15.6,2.0,5.4,0.371,0.0,0.1,0.0,2.0,5.3,0.375,0.371,0.7,1.3,0.5,1.2,2.4,3.6,0.7,0.4,0.2,1.6,2.2,4.7,,1999
Chris Herren,24,DEN,PG,45,1,13.3,1.0,2.8,0.363,0.5,1.5,0.358,0.5,1.3,0.368,0.46,0.6,0.9,0.675,0.3,0.9,1.2,2.5,0.3,0.0,0.9,1.6,3.1,,2000
Chris Hunter,25,GSW,C,60,9,13.1,1.8,3.6,0.502,0.0,0.1,0.0,1.8,3.6,0.512,0.502,0.9,1.2,0.754,0.9,1.9,2.8,0.6,0.2,0.6,0.5,2.2,4.5,,2010
Chris Jefferies,22,TOR,SF,51,10,13.1,1.5,3.8,0.387,0.4,1.1,0.333,1.1,2.7,0.407,0.433,0.6,0.8,0.674,0.3,0.8,1.2,0.4,0.4,0.3,0.9,1.1,3.9,,2003
Chris Jent,27,NYK,SF,3,0,3.3,0.7,2.0,0.333,0.7,1.0,0.667,0.0,1.0,0.0,0.5,0.0,0.0,0.0,0.3,0.0,0.3,0.3,0.0,0.0,0.0,0.7,2.0,,1997
Chris Johnson,25,BOS,C,4,0,8.0,0.5,0.8,0.667,0.0,0.0,0.0,0.5,0.8,0.667,0.667,0.5,0.5,1.0,0.3,1.0,1.3,0.3,0.0,0.8,0.5,0.8,1.5,,2011
Chris Kaman,33,POR,C,16,2,7.0,1.3,2.7,0.465,0.1,0.3,0.25,1.2,2.4,0.487,0.477,0.2,0.2,1.0,0.4,1.1,1.5,0.7,0.1,0.1,0.5,0.9,2.8,,2016
Chris King,29,UTA,SF,8,0,5.3,0.3,0.9,0.286,0.0,0.0,0.0,0.3,0.9,0.286,0.286,0.0,0.5,0.0,0.1,1.3,1.4,0.1,0.3,0.1,0.5,1.0,0.5,,1999
Chris Livingston,20,MIL,SF,21,0,4.3,0.5,1.0,0.5,0.0,0.2,0.2,0.5,0.8,0.588,0.523,0.1,0.2,0.75,0.1,0.9,1.0,0.2,0.1,0.0,0.2,0.7,1.2,,2024
Chris McCray,22,MIL,SG,5,0,2.4,0.0,0.6,0.0,0.0,0.0,0.0,0.0,0.6,0.0,0.0,0.0,0.0,0.0,0.0,0.0,0.0,0.0,0.0,0.0,0.4,0.2,0.0,,2007
Chris McCullough,21,WAS,PF,2,0,4.0,0.0,0.5,0.0,0.0,0.5,0.0,0.0,0.0,0.0,0.0,0.5,1.0,0.5,0.0,1.0,1.0,0.0,0.5,0.0,0.5,0.0,0.5,,2017
Chris Mihm,29,LAL,C,18,0,5.8,0.8,2.2,0.375,0.0,0.0,0.0,0.8,2.2,0.375,0.375,0.3,0.4,0.857,0.8,1.1,1.9,0.6,0.1,0.3,0.6,1.3,2.0,,2009
Chris Mills,33,GSW,PF,21,0,12.5,1.9,5.0,0.368,0.3,1.2,0.28,1.5,3.9,0.395,0.401,0.8,0.9,0.889,0.9,1.5,2.4,1.0,0.3,0.1,0.5,1.4,4.8,,2003
Chris Morris,33,PHO,SF,44,2,12.2,1.5,3.4,0.43,0.4,1.3,0.286,1.1,2.1,0.516,0.483,0.9,1.0,0.87,1.2,1.5,2.8,0.5,0.4,0.3,0.5,1.2,4.2,,1999
Chris Mullin,36,IND,SG,47,2,12.4,1.7,4.0,0.428,1.0,2.3,0.409,0.7,1.6,0.455,0.548,0.8,0.9,0.902,0.3,1.3,1.6,0.8,0.6,0.2,0.6,1.3,5.1,,2000
Chris Munk,23,UTA,PF,11,0,2.6,0.3,0.6,0.429,0.0,0.0,0.0,0.3,0.6,0.429,0.429,0.6,1.1,0.583,0.5,0.8,1.3,0.1,0.1,0.2,0.5,0.5,1.2,,1991
Chris Owens,23,MEM,SF,1,0,6.0,2.0,3.0,0.667,0.0,0.0,0.0,2.0,3.0,0.667,0.667,0.0,0.0,0.0,1.0,0.0,1.0,0.0,0.0,0.0,1.0,0.0,4.0,,2003
Chris Paul,38,GSW,PG,58,18,26.4,3.6,8.1,0.441,1.3,3.6,0.371,2.2,4.4,0.498,0.525,0.7,0.9,0.827,0.3,3.6,3.9,6.8,1.2,0.1,1.3,1.9,9.2,,2024
Chris Porter,22,GSW,SF,51,35,22.5,3.4,8.7,0.389,0.0,0.1,0.0,3.4,8.6,0.393,0.389,1.8,2.8,0.667,1.7,2.0,3.7,1.2,0.9,0.1,1.2,2.2,8.6,,2001
Chris Quinn,29,CLE,SG,7,0,11.1,0.6,2.3,0.25,0.0,0.7,0.0,0.6,1.6,0.364,0.25,0.3,0.3,1.0,0.1,0.1,0.3,1.3,0.4,0.0,0.9,0.6,1.4,,2013
Chris Richard,23,MIN,C,52,3,10.7,0.8,1.7,0.471,0.0,0.0,0.0,0.8,1.7,0.471,0.471,0.3,0.5,0.593,1.0,1.6,2.6,0.3,0.2,0.2,0.5,1.6,1.9,,2008
Chris Robinson,23,VAN,SG,16,0,8.9,1.4,3.9,0.365,0.4,1.5,0.292,1.0,2.4,0.41,0.421,0.1,0.1,0.5,0.0,0.8,0.8,0.6,0.4,0.1,0.9,1.3,3.4,,1998
Chris Silva,25,MIN,PF,1,0,3.0,0.0,0.0,0.0,0.0,0.0,0.0,0.0,0.0,0.0,0.0,0.0,0.0,0.0,0.0,1.0,1.0,0.0,0.0,0.0,0.0,0.0,0.0,,2022
Chris Singleton,24,WAS,SF,25,0,10.0,1.0,2.7,0.373,0.3,0.8,0.368,0.7,1.9,0.375,0.425,0.7,1.0,0.72,0.7,1.5,2.2,0.2,0.4,0.1,0.7,1.0,3.0,,2014
Chris Smith,26,NYK,PG,2,0,1.0,0.0,0.0,0.0,0.0,0.0,0.0,0.0,0.0,0.0,0.0,0.0,0.0,0.0,0.0,0.0,0.0,0.0,0.0,0.0,0.0,0.0,0.0,,2014
Chris Taft,20,GSW,C,17,0,8.5,1.4,2.2,0.605,0.0,0.0,0.0,1.4,2.2,0.605,0.605,0.1,0.4,0.167,1.1,1.0,2.1,0.1,0.1,0.4,0.1,1.5,2.8,,2006
Chris Webber,34,GSW,PF,9,8,14.0,1.7,3.4,0.484,0.0,0.0,0.0,1.7,3.4,0.484,0.484,0.6,1.3,0.417,0.2,3.3,3.6,2.0,0.4,0.7,1.2,1.9,3.9,,2008
Chris Whitney,23,SAS,PG,25,0,7.2,0.6,1.9,0.298,0.1,0.8,0.158,0.4,1.1,0.393,0.33,0.4,0.4,1.0,0.2,0.4,0.5,1.1,0.2,0.0,0.7,1.4,1.7,,1995
Chris Wilcox,20,LAC,PF,46,3,10.4,1.6,3.0,0.521,0.0,0.0,0.0,1.6,3.0,0.521,0.521,0.5,1.1,0.5,0.7,1.6,2.3,0.5,0.2,0.3,0.6,1.4,3.7,,2003
Chris Wright,23,DAL,SG,3,0,1.3,0.3,0.7,0.5,0.0,0.0,0.0,0.3,0.7,0.5,0.5,0.0,0.0,0.0,0.0,0.0,0.0,0.0,0.0,0.0,0.3,0.0,0.7,,2013
Christian Braun,21,DEN,SG,76,6,15.5,1.9,3.8,0.495,0.4,1.3,0.354,1.4,2.5,0.565,0.554,0.5,0.8,0.625,0.6,1.8,2.4,0.8,0.5,0.2,0.5,1.3,4.7,,2023
Christian Eyenga,22,CLE,SF,6,0,13.8,0.5,3.2,0.158,0.2,0.3,0.5,0.3,2.8,0.118,0.184,0.3,1.0,0.333,0.5,1.5,2.0,0.7,0.5,0.7,0.3,1.2,1.5,,2012
Christian Koloko,22,TOR,C,58,19,13.8,1.2,2.6,0.48,0.0,0.2,0.083,1.2,2.4,0.514,0.483,0.6,1.0,0.627,1.4,1.5,2.9,0.5,0.4,1.0,0.3,2.2,3.1,,2023
Christian Laettner,35,MIA,PF,49,0,15.1,2.2,3.8,0.582,0.0,0.1,0.143,2.2,3.6,0.599,0.584,0.9,1.2,0.763,0.7,1.9,2.7,0.8,0.7,0.3,0.6,1.6,5.3,,2005
Christian Wood,21,CHO,PF,13,0,8.2,0.9,1.8,0.522,0.0,0.4,0.0,0.9,1.4,0.667,0.522,0.8,1.2,0.733,1.1,1.2,2.2,0.2,0.2,0.5,0.5,0.8,2.7,,2017
Chuck Hayes,25,HOU,C,71,1,12.1,0.6,1.6,0.372,0.0,0.1,0.0,0.6,1.5,0.385,0.372,0.1,0.3,0.368,1.0,2.5,3.5,0.6,0.5,0.3,0.4,1.9,1.3,,2009
Chuck Nevitt,32,CHI,C,4,0,2.3,0.3,0.8,0.333,0.0,0.0,0.0,0.3,0.8,0.333,0.333,0.0,0.0,0.0,0.0,0.3,0.3,0.3,0.0,0.0,0.8,0.5,0.5,,1992
Chuck Person,35,SEA,SF,37,0,9.2,1.0,3.3,0.301,0.6,2.6,0.253,0.4,0.8,0.464,0.398,0.1,0.2,0.5,0.2,1.3,1.4,0.6,0.1,0.1,0.3,1.5,2.8,,2000
Chucky Atkins,34,DEN,PG,14,0,8.2,0.6,1.9,0.333,0.4,1.2,0.294,0.3,0.7,0.4,0.426,0.3,0.3,1.0,0.0,0.4,0.4,2.0,0.1,0.1,0.7,0.4,1.9,,2009
Chucky Brown,33,SAC,SF,18,0,5.1,0.6,1.5,0.37,0.0,0.0,0.0,0.6,1.5,0.37,0.37,0.1,0.1,0.5,0.6,1.3,1.8,0.3,0.1,0.2,0.3,0.7,1.2,,2002
Chuma Okeke,25,ORL,SF,47,8,9.2,0.9,2.4,0.357,0.5,1.7,0.28,0.4,0.6,0.567,0.46,0.1,0.1,0.571,0.4,1.3,1.7,0.4,0.2,0.1,0.3,0.4,2.3,,2024
Clarence Weatherspoon,34,HOU,PF,40,18,13.1,1.2,2.9,0.412,0.0,0.0,0.0,1.2,2.9,0.412,0.412,0.7,0.9,0.829,0.9,2.2,3.1,0.4,0.2,0.2,0.4,1.9,3.1,,2005
Cleanthony Early,24,NYK,SF,17,2,9.1,0.7,2.4,0.3,0.2,0.9,0.267,0.5,1.5,0.32,0.35,0.2,0.2,0.75,0.2,1.3,1.5,0.4,0.1,0.2,0.5,0.9,1.8,,2016
Cliff Alexander,20,POR,PF,8,0,4.5,0.6,1.3,0.5,0.0,0.0,0.0,0.6,1.3,0.5,0.5,0.0,0.0,0.0,0.3,0.5,0.8,0.0,0.1,0.3,0.1,0.1,1.3,,2016
Cliff Levingston,34,DEN,PF,57,0,8.2,1.0,2.3,0.423,0.0,0.0,0.0,1.0,2.3,0.426,0.423,0.3,0.8,0.422,0.9,1.3,2.2,0.5,0.2,0.4,0.4,1.6,2.3,,1995
Cliff Robinson,31,LAL,PF,9,0,8.7,1.2,3.0,0.407,0.0,0.1,0.0,1.2,2.9,0.423,0.407,0.8,0.9,0.875,0.8,1.3,2.1,1.0,0.6,0.0,0.8,0.4,3.2,,1992
Clifford Lett,25,SAS,PG,7,0,14.1,2.0,4.1,0.483,0.0,0.1,0.0,2.0,4.0,0.5,0.483,0.9,1.3,0.667,0.1,0.9,1.0,1.0,0.3,0.1,1.1,1.3,4.9,,1991
Clifford Robinson,40,NJN,C,50,1,19.1,1.6,4.4,0.372,0.5,1.3,0.379,1.1,3.0,0.368,0.429,0.3,0.7,0.444,0.6,1.8,2.4,1.0,0.2,0.5,0.6,2.0,4.1,,2007
Clifford Rozier,24,GSW,C,1,0,5.0,0.0,1.0,0.0,0.0,0.0,0.0,0.0,1.0,0.0,0.0,0.0,0.0,0.0,0.0,0.0,0.0,0.0,0.0,0.0,0.0,0.0,0.0,,1997
Clint Capela,20,HOU,C,12,0,7.5,1.2,2.4,0.483,0.0,0.0,0.0,1.2,2.4,0.483,0.483,0.3,1.9,0.174,0.8,2.2,3.0,0.2,0.1,0.8,0.4,1.2,2.7,,2015
Clint McDaniel,23,SAC,SG,12,0,5.9,0.7,1.9,0.348,0.2,0.5,0.333,0.5,1.4,0.353,0.391,1.0,1.3,0.75,0.3,0.6,0.8,0.6,0.4,0.0,0.2,0.8,2.5,,1996
Clinton Smith,27,WSB,SG,5,0,9.0,0.4,0.8,0.5,0.0,0.0,0.0,0.4,0.8,0.5,0.5,0.6,1.2,0.5,0.4,0.4,0.8,0.8,0.2,0.0,0.2,0.6,1.4,,1991
Clyde Drexler,34,HOU,SG,62,62,36.6,6.4,14.5,0.442,1.9,5.4,0.355,4.5,9.1,0.493,0.508,3.2,4.3,0.75,1.9,4.1,6.0,5.7,1.9,0.6,2.5,2.4,18.0,AS,1997
Coby Karl,26,CLE,SG,3,0,1.7,0.0,0.0,0.0,0.0,0.0,0.0,0.0,0.0,0.0,0.0,0.0,0.0,0.0,0.0,0.7,0.7,0.0,0.0,0.0,1.3,0.0,0.0,,2010
Coby White,22,CHI,SG,74,2,23.4,3.6,8.0,0.443,1.7,4.6,0.372,1.8,3.4,0.54,0.551,0.8,0.9,0.871,0.2,2.6,2.9,2.8,0.7,0.1,1.0,1.6,9.7,,2023
Cody Martin,25,CHO,SF,52,10,16.3,1.6,3.6,0.441,0.3,1.1,0.276,1.3,2.5,0.515,0.484,0.5,0.8,0.581,1.0,2.1,3.1,1.7,0.7,0.2,0.8,1.0,4.0,,2021
Cody Zeller,31,NOP,C,43,0,7.4,0.6,1.4,0.419,0.0,0.1,0.333,0.6,1.4,0.424,0.427,0.5,0.9,0.605,1.1,1.5,2.6,0.9,0.2,0.1,0.4,1.0,1.8,,2024
Colby Jones,21,SAC,SG,30,0,6.4,0.9,2.4,0.394,0.1,0.7,0.091,0.9,1.6,0.531,0.408,0.2,0.4,0.545,0.6,0.8,1.3,0.7,0.2,0.2,0.3,1.0,2.1,,2024
Cole Aldrich,29,MIN,C,21,0,2.3,0.2,0.7,0.333,0.0,0.0,0.0,0.2,0.7,0.333,0.333,0.1,0.3,0.333,0.1,0.6,0.7,0.1,0.1,0.0,0.0,0.5,0.6,,2018
Cole Anthony,23,ORL,PG,81,0,22.4,4.1,9.4,0.435,1.1,3.4,0.338,3.0,6.0,0.49,0.496,2.2,2.7,0.826,0.8,3.0,3.8,2.9,0.8,0.5,1.6,2.2,11.6,,2024
Cole Swider,23,LAL,SF,7,0,5.9,0.4,1.3,0.333,0.4,1.1,0.375,0.0,0.1,0.0,0.5,0.0,0.0,0.0,0.1,0.9,1.0,0.6,0.0,0.0,0.0,0.4,1.3,,2023
Colin Castleton,23,LAL,C,16,0,3.7,0.6,1.0,0.563,0.0,0.0,0.0,0.6,1.0,0.563,0.563,0.4,0.4,1.0,0.4,0.4,0.8,0.2,0.1,0.0,0.2,0.7,1.5,,2024
Collin Gillespie,24,DEN,PG,24,0,9.4,1.3,2.9,0.464,0.6,1.6,0.395,0.7,1.3,0.548,0.572,0.3,0.5,0.667,0.0,0.8,0.9,1.1,0.5,0.0,0.6,1.0,3.6,,2024
Collin Sexton,24,UTA,PG,48,15,23.9,4.9,9.8,0.506,1.0,2.5,0.393,3.9,7.2,0.546,0.558,3.4,4.1,0.819,0.8,1.4,2.2,2.9,0.6,0.1,1.8,2.3,14.3,,2023
Corey Beck,24,CHH,PG,5,0,6.6,0.4,1.6,0.25,0.0,0.0,0.0,0.4,1.6,0.25,0.25,0.2,0.4,0.5,0.6,0.8,1.4,1.0,0.2,0.0,0.8,1.6,1.0,,1996
Corey Benjamin,20,CHI,PG,31,1,10.3,1.4,3.8,0.376,0.1,0.5,0.214,1.3,3.3,0.398,0.389,0.9,1.3,0.675,0.5,0.8,1.3,0.3,0.4,0.3,0.7,1.5,3.8,,1999
Corey Brewer,33,SAC,PF,5,0,6.6,0.4,0.8,0.5,0.0,0.2,0.0,0.4,0.6,0.667,0.5,0.2,0.6,0.333,0.4,1.2,1.6,0.4,0.8,0.0,0.4,1.4,1.0,,2020
Corey Crowder,25,SAS,SF,7,0,4.1,0.3,1.4,0.2,0.0,0.6,0.0,0.3,0.9,0.333,0.2,0.3,0.9,0.333,0.1,0.3,0.4,0.1,0.1,0.0,0.3,0.1,0.9,,1995
Corey Gaines,28,NYK,SG,18,0,4.3,0.5,1.1,0.45,0.1,0.3,0.4,0.4,0.8,0.467,0.5,0.7,0.8,0.867,0.2,0.6,0.7,1.7,0.1,0.0,0.3,0.7,1.8,,1994
Corey Kispert,22,WAS,SF,77,36,23.4,3.0,6.7,0.455,1.5,4.2,0.35,1.6,2.5,0.629,0.564,0.7,0.8,0.871,0.7,2.0,2.7,1.1,0.5,0.3,0.6,1.2,8.2,,2022
Corey Maggette,33,DET,SF,18,0,14.3,1.5,4.2,0.355,0.3,1.2,0.238,1.2,3.1,0.4,0.388,2.0,2.7,0.75,0.3,1.1,1.4,1.1,0.3,0.1,0.9,2.3,5.3,,2013
Corey Williams,22,CHI,PG,35,0,6.9,0.9,2.4,0.365,0.0,0.1,0.333,0.9,2.3,0.366,0.371,0.5,0.6,0.818,0.5,0.3,0.9,0.7,0.1,0.1,0.3,0.7,2.3,,1993
Corie Blount,32,PHO,PF,30,6,12.9,0.8,1.6,0.489,0.0,0.0,0.0,0.8,1.6,0.489,0.489,0.3,0.5,0.533,1.2,1.7,2.8,0.3,0.4,0.2,0.6,2.5,1.8,,2001
Corliss Williamson,32,SAC,SF,37,0,9.8,1.2,2.8,0.417,0.1,0.1,1.0,1.1,2.7,0.406,0.427,1.0,1.3,0.776,0.6,1.2,1.8,0.4,0.2,0.1,0.8,1.5,3.4,,2006
Corsley Edwards,25,NOH,C,10,0,11.0,1.0,3.1,0.323,0.0,0.0,0.0,1.0,3.1,0.323,0.323,0.7,1.2,0.583,1.2,1.3,2.5,0.3,0.3,0.4,0.2,1.9,2.7,,2005
Cory Alexander,27,ORL,PG,26,0,8.7,0.7,2.2,0.321,0.2,0.6,0.25,0.5,1.5,0.35,0.357,0.5,0.7,0.667,0.0,1.0,1.0,1.4,0.6,0.0,1.0,1.1,2.0,,2001
Cory Carr,23,CHI,SG,42,7,14.9,1.7,5.1,0.329,0.1,0.7,0.167,1.6,4.4,0.355,0.34,0.6,0.8,0.75,0.2,1.0,1.2,1.6,0.5,0.2,1.1,1.6,4.1,,1999
Cory Higgins,23,CHA,SG,6,0,5.3,1.0,3.2,0.316,0.2,0.8,0.2,0.8,2.3,0.357,0.342,0.2,0.3,0.5,0.2,0.3,0.5,0.8,0.5,0.0,0.0,0.8,2.3,,2013
Cory Jefferson,25,PHO,PF,8,0,6.3,1.1,2.8,0.409,0.0,0.1,0.0,1.1,2.6,0.429,0.409,0.5,0.8,0.667,0.8,1.3,2.0,0.0,0.0,0.1,0.0,1.0,2.8,,2016
Cory Joseph,20,SAS,PG,29,1,9.2,0.8,2.4,0.314,0.1,0.5,0.2,0.7,1.9,0.345,0.336,0.4,0.6,0.647,0.2,0.7,0.9,1.2,0.2,0.1,0.4,0.6,2.0,,2012
Coty Clarke,23,BOS,SF,3,0,2.0,0.7,1.3,0.5,0.7,0.7,1.0,0.0,0.7,0.0,0.75,0.0,0.0,0.0,0.0,0.3,0.3,0.0,0.0,0.0,0.3,0.0,2.0,,2016
Courtney Alexander,23,DAL,PG,38,6,12.4,1.6,4.7,0.348,0.1,0.3,0.3,1.6,4.4,0.351,0.357,0.9,1.2,0.733,0.5,1.1,1.7,0.6,0.4,0.1,0.6,2.0,4.2,,2001
Courtney Fortson,23,HOU,PG,6,0,8.2,1.0,3.3,0.3,0.3,1.5,0.222,0.7,1.8,0.364,0.35,0.7,1.0,0.667,0.3,0.8,1.2,0.8,0.5,0.0,0.8,0.3,3.0,,2012
Courtney Lee,33,DAL,SG,22,4,12.2,1.5,3.7,0.39,0.5,1.8,0.282,1.0,2.0,0.488,0.457,0.2,0.3,0.714,0.1,1.1,1.2,1.0,0.6,0.0,0.4,0.9,3.6,,2019
Courtney Sims,24,IND,C,3,0,3.7,0.0,0.3,0.0,0.0,0.0,0.0,0.0,0.3,0.0,0.0,0.0,0.0,0.0,0.3,0.3,0.7,0.3,0.0,0.0,0.0,0.7,0.0,,2008
Craig Brackins,24,PHI,PF,14,1,6.3,0.6,2.4,0.273,0.2,0.6,0.333,0.4,1.7,0.25,0.318,0.1,0.1,0.5,0.4,0.7,1.1,0.6,0.0,0.1,0.3,0.4,1.6,,2012
Craig Ehlo,35,SEA,SG,62,0,13.7,1.4,4.0,0.351,0.4,1.5,0.284,1.0,2.5,0.392,0.405,0.2,0.4,0.5,0.6,1.1,1.8,1.1,0.6,0.1,0.7,1.1,3.5,,1997
Craig Hodges,31,CHI,SG,56,2,9.9,1.7,4.3,0.384,0.6,1.7,0.375,1.0,2.6,0.39,0.459,0.3,0.3,0.941,0.1,0.3,0.4,1.0,0.3,0.0,0.4,0.6,4.3,,1992
Craig Neal,26,DEN,PG,10,0,12.5,1.4,3.5,0.4,0.3,0.9,0.333,1.1,2.6,0.423,0.443,1.3,2.2,0.591,0.2,1.4,1.6,3.7,0.4,0.0,1.9,2.6,4.4,,1991
Craig Porter Jr.,23,CLE,PG,51,6,12.7,2.3,4.5,0.509,0.2,0.7,0.353,2.0,3.8,0.536,0.535,0.8,1.1,0.732,0.4,1.7,2.1,2.3,0.4,0.3,0.9,0.8,5.6,,2024
Craig Smith,28,POR,PF,47,0,9.9,1.3,2.5,0.504,0.0,0.0,0.0,1.3,2.5,0.509,0.504,0.8,1.1,0.717,0.7,1.6,2.3,0.4,0.3,0.1,0.5,1.2,3.3,,2012
Craig Sword,28,WAS,SG,3,0,6.3,1.0,1.3,0.75,0.0,0.3,0.0,1.0,1.0,1.0,0.75,0.0,0.0,0.0,0.0,0.0,0.0,0.3,1.3,0.0,0.3,2.3,2.0,,2022
Cristiano Felício,28,CHI,C,18,0,4.7,0.4,0.7,0.538,0.0,0.1,0.0,0.4,0.6,0.636,0.538,0.5,0.9,0.563,0.6,0.9,1.4,0.5,0.2,0.0,0.2,0.6,1.3,,2021
Cuonzo Martin,25,MIL,SG,3,0,4.3,0.0,2.3,0.0,0.0,0.7,0.0,0.0,1.7,0.0,0.0,0.0,0.0,0.0,0.3,0.0,0.3,0.3,0.0,0.0,0.3,0.3,0.0,,1997
Curtis Borchardt,24,UTA,C,67,23,12.8,1.1,2.6,0.43,0.0,0.0,0.0,1.1,2.6,0.43,0.43,0.8,1.1,0.732,1.3,2.1,3.3,0.7,0.1,0.5,0.8,2.4,3.0,,2005
Cuttino Mobley,23,HOU,PG,49,37,29.7,3.5,8.3,0.425,1.1,3.0,0.358,2.4,5.2,0.463,0.49,1.8,2.2,0.818,0.4,1.8,2.3,2.5,0.9,0.5,1.6,2.0,9.9,,1999
D'Angelo Russell,19,LAL,PG,80,48,28.2,4.9,12.0,0.41,1.6,4.6,0.351,3.3,7.3,0.447,0.478,1.8,2.4,0.737,0.6,2.8,3.4,3.3,1.2,0.2,2.5,1.8,13.2,ROY-9,2016
D'Moi Hodge,25,LAL,SG,7,0,5.9,0.7,2.1,0.333,0.4,1.7,0.25,0.3,0.4,0.667,0.433,0.1,0.3,0.5,0.0,0.0,0.0,0.7,0.1,0.1,0.1,0.6,2.0,,2024
D.J. Augustin,26,TOR,PG,10,0,8.2,0.7,2.4,0.292,0.1,1.1,0.091,0.6,1.3,0.462,0.313,0.6,0.6,1.0,0.0,0.4,0.4,1.0,0.1,0.0,0.9,0.7,2.1,,2014
D.J. Carton,23,TOR,SG,4,0,9.0,0.8,2.0,0.375,0.3,1.0,0.25,0.5,1.0,0.5,0.438,1.0,1.3,0.8,0.5,0.5,1.0,0.8,0.3,0.0,0.3,0.8,2.8,,2024
D.J. Kennedy,22,CLE,SF,2,0,29.5,2.5,6.0,0.417,1.0,2.0,0.5,1.5,4.0,0.375,0.5,0.0,1.0,0.0,0.5,3.0,3.5,1.5,1.0,0.0,1.5,3.5,6.0,,2012
D.J. Mbenga,26,DAL,C,21,0,3.8,0.2,0.8,0.313,0.0,0.0,0.0,0.2,0.8,0.313,0.313,0.3,0.4,0.875,0.1,0.4,0.5,0.3,0.1,0.2,0.2,0.8,0.8,,2007
D.J. Stephens,28,MEM,SG,1,0,7.0,1.0,2.0,0.5,0.0,0.0,0.0,1.0,2.0,0.5,0.5,0.0,0.0,0.0,0.0,0.0,0.0,0.0,1.0,0.0,1.0,0.0,2.0,,2019
D.J. Strawberry,22,PHO,SG,33,0,8.2,0.9,2.8,0.315,0.2,0.8,0.24,0.7,2.0,0.343,0.348,0.3,0.6,0.474,0.3,0.6,0.8,0.9,0.4,0.2,0.3,1.1,2.2,,2008
D.J. White,27,CHA,PF,2,0,5.0,0.0,0.5,0.0,0.0,0.0,0.0,0.0,0.5,0.0,0.0,0.0,0.0,0.0,0.0,1.0,1.0,0.0,0.5,0.0,0.0,0.5,0.0,,2014
D.J. Wilson,21,MIL,PF,22,0,3.2,0.4,0.7,0.563,0.1,0.2,0.4,0.3,0.5,0.636,0.625,0.0,0.1,0.5,0.1,0.4,0.5,0.1,0.1,0.0,0.2,0.3,1.0,,2018
DaJuan Summers,25,LAC,PF,2,0,3.5,0.5,2.0,0.25,0.0,0.0,0.0,0.5,2.0,0.25,0.25,0.0,0.0,0.0,0.0,1.0,1.0,0.5,0.0,0.0,0.0,0.0,1.0,,2013
DaQuan Jeffries,24,MEM,SG,3,0,3.0,0.3,0.7,0.5,0.0,0.3,0.0,0.3,0.3,1.0,0.5,0.0,0.0,0.0,0.0,0.7,0.7,0.3,0.0,0.0,0.0,0.3,0.7,,2022
Daequan Cook,25,CHI,SG,33,0,8.4,0.9,3.3,0.278,0.5,1.8,0.246,0.5,1.4,0.319,0.347,0.2,0.3,0.778,0.1,1.2,1.3,0.3,0.1,0.2,0.3,0.4,2.5,,2013
Dahntay Jones,34,LAC,SF,33,0,3.7,0.2,0.6,0.286,0.0,0.1,0.0,0.2,0.5,0.353,0.286,0.3,0.3,0.818,0.0,0.3,0.3,0.1,0.1,0.0,0.0,0.7,0.6,,2015
Dairis Bertāns,29,NOP,SG,12,0,13.9,1.0,3.9,0.255,0.8,2.8,0.294,0.2,1.1,0.154,0.362,0.0,0.0,0.0,0.2,0.6,0.8,0.8,0.1,0.0,0.2,0.6,2.8,,2019
Daishen Nix,21,MIN,PG,15,0,3.3,0.6,1.6,0.375,0.4,1.1,0.353,0.2,0.5,0.429,0.5,0.2,0.4,0.5,0.1,0.1,0.2,0.4,0.3,0.0,0.3,0.1,1.8,,2024
Dajuan Wagner,21,CLE,SG,11,0,9.3,1.6,5.0,0.327,0.5,2.4,0.192,1.2,2.6,0.448,0.373,0.3,0.4,0.75,0.0,0.2,0.2,1.2,0.5,0.0,0.8,1.4,4.0,,2005
Dakari Johnson,22,OKC,C,31,6,5.2,0.7,1.3,0.564,0.0,0.0,0.0,0.7,1.3,0.564,0.564,0.4,0.6,0.55,0.5,0.6,1.1,0.3,0.2,0.3,0.1,0.9,1.8,,2018
Dakota Mathias,26,MEM,SG,6,0,2.7,0.3,1.0,0.333,0.3,1.0,0.333,0.0,0.0,0.0,0.5,0.0,0.0,0.0,0.0,0.3,0.3,0.2,0.2,0.0,0.0,0.2,1.0,,2022
Dalano Banton,24,BOS,PG,24,1,7.1,0.8,2.1,0.373,0.1,0.7,0.125,0.7,1.5,0.486,0.392,0.7,0.8,0.8,0.5,1.0,1.5,0.8,0.2,0.1,0.4,0.8,2.3,,2024
Dale Davis,36,DET,C,28,2,6.4,0.3,0.9,0.375,0.0,0.0,0.0,0.3,0.8,0.391,0.375,0.3,0.5,0.533,0.8,1.1,1.9,0.2,0.0,0.3,0.1,0.8,0.9,,2006
Dale Ellis,39,CHH,SG,24,5,10.0,0.8,2.4,0.328,0.6,1.5,0.4,0.2,1.0,0.217,0.448,0.1,0.2,0.75,0.3,0.7,0.9,0.3,0.3,0.0,0.5,0.9,2.3,,2000
Dalen Terry,20,CHI,SG,38,0,5.6,0.8,1.9,0.444,0.2,0.7,0.259,0.7,1.2,0.556,0.493,0.4,0.6,0.667,0.3,0.7,1.0,0.6,0.3,0.1,0.2,0.6,2.2,,2023
Dalibor Bagarić,20,CHI,C,35,0,7.4,0.5,1.9,0.262,0.0,0.0,0.0,0.5,1.8,0.266,0.262,0.4,0.8,0.464,0.6,1.0,1.6,0.3,0.3,0.5,0.6,1.3,1.3,,2001
Damian Jones,25,PHO,C,14,0,6.7,0.6,1.1,0.5,0.0,0.1,0.0,0.6,1.1,0.533,0.5,0.4,0.8,0.545,0.5,0.8,1.3,0.3,0.1,0.4,0.4,1.4,1.6,,2021
Damian Lillard,22,POR,PG,82,82,38.6,6.7,15.7,0.429,2.3,6.1,0.368,4.5,9.6,0.469,0.501,3.3,3.9,0.844,0.5,2.6,3.1,6.5,0.9,0.2,3.0,2.1,19.0,ROY-1,2013
Damien Inglis,20,MIL,SF,20,1,7.8,0.7,1.9,0.351,0.2,0.7,0.231,0.5,1.2,0.417,0.392,0.4,0.4,0.875,0.1,1.5,1.6,0.5,0.3,0.2,0.6,0.6,1.8,,2016
Damien Wilkins,38,IND,SF,19,1,8.0,0.7,2.1,0.333,0.2,0.9,0.222,0.5,1.1,0.429,0.385,0.2,0.2,0.75,0.3,0.6,0.8,0.5,0.1,0.1,0.3,0.4,1.7,,2018
Damion James,25,BRK,SF,2,0,0.0,0.0,0.0,0.0,0.0,0.0,0.0,0.0,0.0,0.0,0.0,0.0,0.0,0.0,0.0,0.5,0.5,0.0,0.0,0.0,0.0,0.0,0.0,,2013
Damion Lee,26,GSW,SG,32,0,11.7,1.8,4.0,0.441,0.8,2.1,0.397,0.9,1.8,0.492,0.547,0.6,0.7,0.864,0.3,1.8,2.0,0.4,0.4,0.0,0.3,0.9,4.9,,2019
Damir Markota,21,MIL,PF,30,0,5.7,0.6,1.7,0.365,0.2,0.5,0.375,0.4,1.2,0.361,0.423,0.2,0.4,0.636,0.4,0.7,1.0,0.2,0.1,0.0,0.5,0.7,1.7,,2007
Damjan Rudež,30,ORL,SF,45,0,7.0,0.7,2.0,0.352,0.4,1.4,0.313,0.2,0.5,0.458,0.466,0.0,0.0,0.0,0.1,0.4,0.6,0.4,0.3,0.0,0.2,0.7,1.8,,2017
Damon Jones,32,MIL,PG,18,0,6.0,0.6,1.9,0.324,0.6,1.6,0.393,0.0,0.3,0.0,0.485,0.0,0.0,0.0,0.0,0.3,0.3,0.4,0.2,0.0,0.3,0.2,1.8,,2009
Damon Stoudamire,34,SAS,PG,31,4,13.3,1.4,4.6,0.301,0.5,1.8,0.255,0.9,2.8,0.33,0.35,0.2,0.3,0.75,0.2,1.3,1.5,1.7,0.4,0.1,1.0,1.0,3.4,,2008
Damone Brown,24,NJN,PF,3,0,5.7,0.3,3.3,0.1,0.0,0.0,0.0,0.3,3.3,0.1,0.1,0.3,0.7,0.5,1.0,0.7,1.7,0.0,0.7,0.0,0.3,0.7,1.0,,2004
Damyean Dotson,27,NYK,SG,2,0,10.5,1.0,2.0,0.5,0.0,0.5,0.0,1.0,1.5,0.667,0.5,0.0,0.0,0.0,0.0,1.0,1.0,0.5,0.0,0.0,0.0,0.0,2.0,,2022
Dan Dickau,26,DAL,PG,4,0,4.0,0.3,2.0,0.125,0.3,0.8,0.333,0.0,1.3,0.0,0.188,0.5,0.8,0.667,0.0,0.3,0.3,0.3,0.0,0.0,0.3,0.3,1.3,,2005
Dan Gadzuric,33,NYK,C,2,0,6.5,0.0,1.0,0.0,0.0,0.0,0.0,0.0,1.0,0.0,0.0,0.0,1.0,0.0,0.5,2.0,2.5,0.0,0.5,0.5,0.5,2.0,0.0,,2012
Dan Godfread,24,HOU,C,1,0,2.0,0.0,0.0,0.0,0.0,0.0,0.0,0.0,0.0,0.0,0.0,0.0,0.0,0.0,0.0,0.0,0.0,0.0,0.0,0.0,0.0,0.0,0.0,,1992
Dan Langhi,26,GSW,SF,4,0,4.3,0.5,1.5,0.333,0.0,0.0,0.0,0.5,1.5,0.333,0.333,0.5,0.5,1.0,0.0,0.8,0.8,0.0,0.0,0.0,0.5,1.3,1.5,,2004
Dan Majerle,36,PHO,SG,65,1,18.2,1.5,4.4,0.343,1.2,3.6,0.336,0.3,0.8,0.37,0.479,0.4,0.6,0.59,0.4,2.3,2.7,1.4,0.7,0.2,0.5,1.6,4.6,,2002
Dan McClintock,23,DEN,C,6,1,9.7,1.5,3.0,0.5,0.0,0.0,0.0,1.5,3.0,0.5,0.5,0.0,0.8,0.0,1.7,1.2,2.8,0.2,0.0,0.3,0.5,1.8,3.0,,2001
Dan O'Sullivan,22,UTA,C,21,0,4.0,0.3,0.8,0.438,0.0,0.0,0.0,0.3,0.8,0.438,0.438,0.3,0.5,0.636,0.2,0.6,0.8,0.2,0.0,0.0,0.2,0.9,1.0,,1991
Dana Barros,36,BOS,SG,1,0,11.0,2.0,3.0,0.667,0.0,0.0,0.0,2.0,3.0,0.667,0.667,2.0,2.0,1.0,0.0,0.0,0.0,0.0,0.0,0.0,0.0,2.0,6.0,,2004
Daniel Ewing,23,LAC,PG,61,3,11.7,1.1,2.6,0.404,0.2,0.7,0.318,0.8,1.9,0.436,0.447,0.6,0.7,0.778,0.1,1.0,1.2,1.5,0.5,0.1,0.8,1.0,2.9,,2007
Daniel Gafford,22,CHI,C,31,11,12.4,1.9,2.8,0.69,0.0,0.0,0.0,1.9,2.8,0.69,0.69,0.9,1.3,0.659,1.4,1.9,3.3,0.5,0.4,1.1,0.7,1.7,4.7,,2021
Daniel Gibson,20,CLE,PG,60,16,16.5,1.6,3.9,0.424,0.9,2.1,0.419,0.8,1.8,0.43,0.537,0.5,0.7,0.718,0.5,1.1,1.5,1.2,0.4,0.1,0.7,1.6,4.6,,2007
Daniel Hamilton,22,OKC,SG,6,0,4.7,0.8,1.8,0.455,0.3,0.8,0.4,0.5,1.0,0.5,0.545,0.0,0.0,0.0,0.0,0.8,0.8,1.3,0.2,0.0,0.3,0.3,2.0,,2018
Daniel Ochefu,23,WAS,C,19,0,3.9,0.6,1.4,0.444,0.0,0.0,0.0,0.6,1.4,0.444,0.444,0.0,0.1,0.0,0.3,0.9,1.2,0.2,0.1,0.0,0.2,0.9,1.3,,2017
Daniel Orton,22,OKC,C,13,0,8.0,0.9,2.0,0.462,0.0,0.0,0.0,0.9,2.0,0.462,0.462,0.7,1.3,0.529,1.0,1.0,2.0,0.3,0.3,0.2,0.3,1.0,2.5,,2013
Daniel Oturu,21,LAC,C,30,0,5.4,0.7,1.7,0.423,0.0,0.2,0.2,0.7,1.6,0.447,0.433,0.3,0.4,0.75,0.7,0.9,1.6,0.3,0.1,0.2,0.3,0.8,1.8,,2021
Daniel Santiago,28,MIL,C,11,0,9.5,0.6,1.9,0.333,0.0,0.0,0.0,0.6,1.9,0.333,0.333,0.7,1.0,0.727,0.5,1.2,1.7,0.1,0.3,0.4,0.4,2.5,2.0,,2005
Daniel Theis,31,IND,C,1,0,8.0,1.0,4.0,0.25,0.0,1.0,0.0,1.0,3.0,0.333,0.25,0.0,0.0,0.0,0.0,0.0,0.0,0.0,0.0,0.0,0.0,1.0,2.0,,2024
Danilo Gallinari,35,MIL,SF,17,0,9.1,0.8,2.2,0.378,0.2,1.0,0.176,0.6,1.2,0.55,0.419,0.9,1.1,0.889,0.4,0.7,1.1,0.7,0.4,0.1,0.6,0.9,2.8,,2024
Danny Ainge,35,PHO,SG,74,1,18.6,2.6,5.7,0.46,1.1,2.9,0.364,1.6,2.8,0.558,0.552,1.4,1.8,0.808,0.3,1.1,1.5,2.8,0.6,0.1,1.1,2.1,7.7,,1995
Danny Ferry,36,SAS,SF,64,1,9.4,0.7,1.9,0.355,0.3,0.9,0.35,0.4,1.0,0.359,0.44,0.2,0.2,0.769,0.3,0.9,1.2,0.3,0.1,0.1,0.4,0.9,1.9,,2003
Danny Fortson,30,SEA,C,14,6,11.3,1.1,2.1,0.5,0.0,0.1,0.0,1.1,2.1,0.517,0.5,0.7,0.9,0.769,0.9,2.1,3.1,0.1,0.1,0.0,1.1,2.7,2.9,,2007
Danny Granger,29,IND,SF,5,0,14.8,2.0,7.0,0.286,0.4,2.0,0.2,1.6,5.0,0.32,0.314,1.0,1.6,0.625,0.6,1.2,1.8,0.6,0.4,0.2,0.8,1.2,5.4,,2013
Danny Green,36,PHI,SG,2,0,9.0,0.0,1.0,0.0,0.0,0.5,0.0,0.0,0.5,0.0,0.0,0.0,0.0,0.0,0.0,1.0,1.0,0.5,0.5,0.0,0.0,0.5,0.0,,2024
Danny Manning,36,DET,PF,13,0,6.8,1.0,2.5,0.406,0.2,0.6,0.375,0.8,1.8,0.417,0.453,0.4,0.5,0.833,0.5,0.8,1.4,0.5,0.7,0.2,0.5,0.8,2.6,,2003
Danny Schayes,39,ORL,C,19,1,7.5,0.6,1.5,0.379,0.0,0.0,0.0,0.6,1.5,0.379,0.379,0.3,0.4,0.75,0.2,0.6,0.7,0.2,0.1,0.1,0.4,1.2,1.5,,1999
Danny Young,29,POR,PG,18,0,7.4,0.9,2.2,0.4,0.2,0.6,0.3,0.7,1.7,0.433,0.438,0.6,0.8,0.714,0.0,0.5,0.5,1.1,0.3,0.0,0.3,0.3,2.5,,1992
Dante Cunningham,31,SAS,PF,64,21,14.5,1.2,2.5,0.475,0.5,1.0,0.462,0.7,1.5,0.484,0.57,0.2,0.3,0.778,0.8,2.2,2.9,0.8,0.4,0.2,0.3,1.1,3.0,,2019
Dante Exum,24,UTA,SG,11,0,7.5,0.9,2.1,0.435,0.2,0.5,0.333,0.7,1.5,0.471,0.478,0.2,0.2,1.0,0.3,0.8,1.1,0.6,0.1,0.2,0.9,0.7,2.2,,2020
Danuel House Jr.,23,WAS,SG,1,0,1.0,0.0,0.0,0.0,0.0,0.0,0.0,0.0,0.0,0.0,0.0,0.0,0.0,0.0,0.0,1.0,1.0,0.0,0.0,0.0,0.0,0.0,0.0,,2017
Darington Hobson,24,MIL,SG,5,0,7.8,0.4,2.6,0.154,0.0,1.2,0.0,0.4,1.4,0.286,0.154,0.0,0.0,0.0,0.0,0.6,0.6,1.2,0.0,0.0,0.4,0.2,0.8,,2012
Dario Šarić,28,PHO,PF,37,12,14.4,2.1,4.8,0.427,0.7,1.9,0.391,1.3,2.9,0.45,0.503,1.0,1.2,0.818,1.1,2.8,3.8,1.5,0.4,0.1,1.0,1.9,5.8,,2023
Dariq Whitehead,19,BRK,SF,2,0,12.0,0.5,2.5,0.2,0.0,1.5,0.0,0.5,1.0,0.5,0.2,0.5,1.0,0.5,0.0,2.0,2.0,1.5,0.0,0.5,0.0,0.0,1.5,,2024
Darius Bazley,23,PHI,PF,3,0,3.3,0.0,0.3,0.0,0.0,0.0,0.0,0.0,0.3,0.0,0.0,0.0,0.0,0.0,0.0,0.3,0.3,0.7,0.0,0.0,0.3,0.0,0.0,,2024
Darius Days,23,HOU,SF,4,0,6.3,1.3,3.0,0.417,0.8,2.5,0.3,0.5,0.5,1.0,0.542,0.5,0.5,1.0,0.3,1.3,1.5,0.3,0.0,0.3,0.0,0.5,3.8,,2023
Darius Garland,20,CLE,SG,59,59,30.9,4.7,11.8,0.401,1.8,5.0,0.355,3.0,6.8,0.434,0.476,1.1,1.2,0.875,0.5,1.4,1.9,3.9,0.7,0.1,2.6,1.6,12.3,,2020
Darius Johnson-Odom,23,LAL,SG,4,0,1.5,0.0,1.0,0.0,0.0,0.3,0.0,0.0,0.8,0.0,0.0,0.0,0.0,0.0,0.3,0.8,1.0,0.3,0.0,0.0,0.0,0.0,0.0,,2013
Darius Miles,27,MEM,SF,34,0,8.8,1.4,2.9,0.485,0.0,0.2,0.167,1.4,2.7,0.505,0.49,0.7,0.9,0.742,0.6,1.1,1.7,0.5,0.3,0.6,0.6,0.9,3.5,,2009
Darius Miller,24,NOP,SF,5,1,8.6,0.2,1.4,0.143,0.0,0.2,0.0,0.2,1.2,0.167,0.143,0.0,0.0,0.0,0.0,0.2,0.2,0.4,0.2,0.0,0.2,1.6,0.4,,2015
Darius Morris,23,LAC,PG,10,0,5.4,0.4,1.3,0.308,0.0,0.7,0.0,0.4,0.6,0.667,0.308,0.1,0.2,0.5,0.0,0.5,0.5,0.5,0.2,0.0,0.2,0.9,0.9,,2014
Darius Songaila,32,PHI,C,10,0,7.1,0.7,1.5,0.467,0.0,0.0,0.0,0.7,1.5,0.467,0.467,0.2,0.4,0.5,0.2,0.8,1.0,0.2,0.0,0.0,0.4,1.6,1.6,,2011
Darius Washington,22,SAS,SG,18,0,8.1,1.2,2.7,0.438,0.2,0.7,0.333,0.9,2.0,0.472,0.479,0.4,0.7,0.538,0.2,0.9,1.1,0.8,0.3,0.0,0.8,0.9,2.9,,2008
Darko Miličić,27,BOS,C,1,0,5.0,0.0,1.0,0.0,0.0,0.0,0.0,0.0,1.0,0.0,0.0,0.0,0.0,0.0,0.0,1.0,1.0,0.0,0.0,0.0,2.0,1.0,0.0,,2013
Darnell Jackson,24,2TM,PF,28,0,4.4,0.3,1.1,0.3,0.0,0.1,0.25,0.3,0.9,0.308,0.317,0.1,0.2,0.667,0.3,0.5,0.8,0.1,0.1,0.1,0.5,0.8,0.8,,2010
Darnell Mee,23,DEN,SG,2,0,4.0,0.5,2.5,0.2,0.5,1.5,0.333,0.0,1.0,0.0,0.3,0.0,0.0,0.0,0.0,0.5,0.5,1.0,0.5,0.0,0.0,0.0,1.5,,1995
Darnell Valentine,31,CLE,PG,65,60,28.3,3.5,7.6,0.464,0.1,0.4,0.24,3.4,7.2,0.476,0.47,2.2,2.6,0.831,0.6,2.1,2.6,5.4,1.5,0.2,1.9,2.6,9.4,,1991
Darrell Armstrong,37,DAL,PG,62,2,10.0,0.7,2.1,0.336,0.2,0.8,0.229,0.5,1.3,0.4,0.379,0.5,0.7,0.786,0.3,1.0,1.3,1.4,0.4,0.0,0.9,1.1,2.1,,2006
Darrell Arthur,29,DEN,PF,19,1,7.4,1.2,2.5,0.468,0.4,1.2,0.348,0.7,1.3,0.583,0.553,0.1,0.2,0.667,0.2,0.6,0.8,0.5,0.4,0.2,0.8,1.2,2.8,,2018
Darrell Griffith,32,UTA,SG,75,2,13.4,2.3,5.9,0.391,0.6,1.8,0.348,1.7,4.1,0.41,0.445,0.5,0.6,0.756,0.2,1.0,1.2,0.5,0.6,0.1,0.6,1.3,5.7,,1991
Darrell Walker,31,DET,SG,9,2,16.0,0.3,2.1,0.158,0.0,0.1,0.0,0.3,2.0,0.167,0.158,0.2,0.7,0.333,0.4,1.7,2.1,1.0,1.1,0.0,1.4,1.3,0.9,,1993
Darren Collison,34,LAL,PG,3,0,12.3,0.7,2.3,0.286,0.0,1.0,0.0,0.7,1.3,0.5,0.286,0.0,0.0,0.0,0.0,1.3,1.3,0.7,0.3,0.0,0.3,1.7,1.3,,2022
Darren Morningstar,24,UTA,C,1,0,4.0,1.0,1.0,1.0,0.0,0.0,0.0,1.0,1.0,1.0,1.0,0.0,0.0,0.0,0.0,1.0,1.0,0.0,0.0,0.0,0.0,1.0,2.0,,1994
Darrick Martin,30,DAL,PG,3,0,7.3,0.0,3.3,0.0,0.0,0.7,0.0,0.0,2.7,0.0,0.0,0.3,0.7,0.5,0.0,0.3,0.3,1.0,0.7,0.0,0.3,1.3,0.3,,2002
Darrin Hancock,25,MIL,SF,9,0,4.3,0.2,0.7,0.333,0.0,0.0,0.0,0.2,0.7,0.333,0.333,0.0,0.0,0.0,0.1,0.4,0.6,0.4,0.2,0.0,0.4,0.8,0.4,,1997
Darrun Hilliard,24,SAS,SG,14,0,6.8,0.4,1.4,0.263,0.0,0.4,0.0,0.4,0.9,0.385,0.263,0.4,0.5,0.857,0.0,0.5,0.5,0.8,0.1,0.0,0.3,0.5,1.1,,2018
Darryl Johnson,30,CLE,PG,11,0,2.5,0.5,1.1,0.417,0.0,0.1,0.0,0.5,1.0,0.455,0.417,0.2,0.2,1.0,0.2,0.0,0.2,0.1,0.0,0.0,0.1,0.3,1.1,,1996
Darryl Watkins,23,SAC,C,9,0,7.9,0.6,1.7,0.333,0.0,0.0,0.0,0.6,1.7,0.333,0.333,0.2,0.6,0.4,0.6,0.8,1.3,0.0,0.2,0.2,0.8,0.9,1.3,,2008
Darvin Ham,31,DET,SF,47,0,5.9,0.4,0.8,0.459,0.0,0.0,0.0,0.4,0.8,0.459,0.459,0.3,0.7,0.387,0.4,0.3,0.7,0.1,0.1,0.1,0.2,0.8,1.0,,2005
Daryl Macon,24,MIA,PG,4,0,3.5,0.3,0.8,0.333,0.3,0.5,0.5,0.0,0.3,0.0,0.5,0.0,0.0,0.0,0.0,0.0,0.0,0.3,0.0,0.0,0.5,0.3,0.8,,2020
Dave Corzine,34,SEA,C,28,0,5.3,0.6,1.4,0.447,0.0,0.0,0.0,0.6,1.4,0.447,0.447,0.5,0.8,0.591,0.4,0.8,1.2,0.1,0.2,0.2,0.1,0.6,1.7,,1991
Dave Feitl,29,NJN,C,34,0,5.1,1.0,2.3,0.429,0.0,0.0,0.0,1.0,2.3,0.429,0.429,0.5,0.6,0.842,0.6,1.2,1.8,0.2,0.1,0.1,0.6,0.6,2.4,,1992
Dave Greenwood,33,SAS,PF,63,11,16.2,1.3,2.7,0.503,0.0,0.0,0.0,1.3,2.7,0.509,0.503,1.1,1.5,0.734,1.0,2.5,3.5,0.8,0.5,0.4,1.1,2.7,3.8,,1991
Dave Hoppen,27,PHI,C,11,0,3.6,0.2,0.6,0.286,0.0,0.0,0.0,0.2,0.6,0.286,0.286,0.5,0.9,0.5,0.1,0.8,0.9,0.2,0.0,0.0,0.3,0.5,0.8,,1992
Dave Jamerson,26,NJN,SG,4,0,2.5,0.0,1.3,0.0,0.0,0.0,0.0,0.0,1.3,0.0,0.0,0.3,0.5,0.5,0.0,0.8,0.8,0.3,0.0,0.0,0.3,0.0,0.3,,1994
Dave Johnson,23,CHI,SG,17,0,7.0,1.0,3.2,0.315,0.0,0.1,0.0,1.0,3.1,0.321,0.315,0.8,1.2,0.619,0.5,0.4,0.9,0.2,0.2,0.0,0.5,0.4,2.8,,1994
Dave Popson,27,MIL,PF,5,0,5.2,0.6,1.4,0.429,0.0,0.2,0.0,0.6,1.2,0.5,0.429,0.2,0.4,0.5,0.4,0.6,1.0,0.6,0.4,0.2,0.8,1.0,1.4,,1992
David Andersen,30,NOH,PF,29,0,7.7,1.1,2.6,0.446,0.2,0.4,0.385,1.0,2.1,0.459,0.48,0.2,0.5,0.467,0.4,1.3,1.7,0.2,0.1,0.2,0.5,1.0,2.7,,2011
David Benoit,32,UTA,SF,49,2,9.1,1.4,3.0,0.483,0.1,0.3,0.385,1.3,2.7,0.493,0.5,0.6,0.8,0.795,0.4,1.2,1.7,0.4,0.1,0.1,0.6,1.5,3.6,,2001
David Duke Jr.,23,BRK,SG,23,0,9.9,1.6,3.4,0.462,0.0,0.5,0.083,1.5,2.9,0.53,0.468,0.5,0.7,0.706,0.5,0.8,1.3,0.9,0.4,0.0,0.8,1.3,3.7,,2023
David Harrison,24,IND,C,24,2,7.9,1.3,2.4,0.517,0.0,0.0,0.0,1.3,2.4,0.517,0.517,0.5,0.9,0.5,0.4,1.4,1.8,0.3,0.2,0.5,1.1,2.0,3.0,,2007
David Johnson,20,TOR,SG,2,0,1.0,0.0,0.5,0.0,0.0,0.5,0.0,0.0,0.0,0.0,0.0,0.0,0.0,0.0,0.0,0.0,0.0,0.0,0.0,0.0,0.0,0.0,0.0,,2022
David Lee,22,NYK,SF,67,14,16.9,2.0,3.4,0.596,0.0,0.0,0.0,2.0,3.4,0.596,0.596,1.1,1.8,0.577,1.6,2.9,4.5,0.6,0.4,0.3,0.8,1.9,5.1,,2006
David Noel,22,MIL,PF,68,0,11.6,1.0,2.6,0.367,0.3,0.8,0.321,0.7,1.8,0.387,0.415,0.5,0.6,0.86,0.6,1.2,1.8,1.0,0.4,0.1,0.6,1.1,2.7,,2007
David Nwaba,29,HOU,SF,46,4,13.2,1.8,3.8,0.483,0.3,1.1,0.306,1.5,2.8,0.551,0.526,1.0,1.5,0.716,0.9,2.4,3.3,0.8,0.6,0.4,0.5,1.2,5.1,,2022
David Rivers,27,LAC,PG,15,0,8.1,0.7,2.0,0.333,0.0,0.1,0.0,0.7,1.9,0.345,0.333,0.7,0.7,0.909,0.7,0.6,1.3,1.4,0.5,0.1,1.1,0.9,2.0,,1992
David Robinson,37,SAS,C,64,64,26.2,3.1,6.6,0.469,0.0,0.0,0.0,3.1,6.6,0.469,0.469,2.4,3.3,0.71,2.5,5.4,7.9,1.0,0.8,1.7,1.3,2.0,8.5,,2003
David Roddy,22,PHO,PF,17,0,3.7,0.6,1.4,0.435,0.1,0.5,0.125,0.5,0.9,0.6,0.457,0.1,0.1,1.0,0.1,0.5,0.6,0.2,0.1,0.0,0.2,0.2,1.3,,2024
David Stockton,23,SAC,PG,3,0,11.0,0.7,2.0,0.333,0.3,0.7,0.5,0.3,1.3,0.25,0.417,1.0,2.0,0.5,0.0,0.7,0.7,3.0,0.7,0.0,1.3,0.3,2.7,,2015
David Vanterpool,27,WAS,PG,22,0,18.7,2.1,5.0,0.418,0.0,0.3,0.0,2.1,4.7,0.442,0.418,1.4,2.3,0.6,0.7,1.0,1.7,3.0,1.0,0.1,1.7,2.0,5.5,,2001
David Vaughn,24,CHI,PF,3,0,2.0,0.3,0.3,1.0,0.0,0.0,0.0,0.3,0.3,1.0,1.0,0.7,1.3,0.5,0.0,0.3,0.3,0.0,0.0,0.0,0.0,0.3,1.3,,1998
David Wear,24,SAC,PF,2,0,3.5,0.0,1.0,0.0,0.0,0.5,0.0,0.0,0.5,0.0,0.0,0.0,0.0,0.0,1.0,0.0,1.0,0.5,0.0,0.0,0.0,0.5,0.0,,2015
David Wesley,36,CLE,SG,35,5,10.1,0.6,2.1,0.293,0.3,1.1,0.237,0.4,1.1,0.351,0.353,0.6,0.8,0.714,0.1,0.9,1.0,1.1,0.3,0.1,0.5,0.9,2.1,,2007
David West,23,NOH,PF,71,1,13.1,1.5,3.2,0.474,0.0,0.0,0.0,1.5,3.2,0.478,0.474,0.8,1.1,0.713,1.6,2.5,4.2,0.8,0.4,0.4,0.7,1.6,3.8,,2004
David Wingate,36,NYK,SG,7,0,4.6,0.1,1.3,0.111,0.0,0.0,0.0,0.1,1.3,0.111,0.111,0.0,0.0,0.0,0.1,0.1,0.3,0.4,0.1,0.3,0.3,1.0,0.3,,2000
David Wood,31,GSW,PF,21,0,4.6,0.3,0.7,0.5,0.0,0.1,0.333,0.3,0.5,0.545,0.536,0.3,0.4,0.875,0.3,0.4,0.8,0.2,0.1,0.0,0.1,1.1,1.0,,1996
Davion Mitchell,25,SAC,PG,72,4,15.3,2.0,4.5,0.452,0.8,2.2,0.361,1.2,2.3,0.539,0.54,0.4,0.6,0.714,0.3,1.1,1.3,1.9,0.2,0.0,0.6,1.2,5.3,,2024
Davon Reed,27,LAL,SG,8,0,3.4,0.4,0.5,0.75,0.1,0.3,0.5,0.3,0.3,1.0,0.875,0.1,0.5,0.25,0.1,0.4,0.5,0.5,0.3,0.0,0.0,0.4,1.0,,2023
Day'Ron Sharpe,21,BRK,C,48,3,11.5,1.9,3.6,0.544,0.1,0.2,0.545,1.8,3.3,0.544,0.561,0.7,1.1,0.636,2.1,2.1,4.2,0.8,0.3,0.7,0.9,1.9,4.7,,2023
De'Aaron Fox,20,SAC,PG,73,61,27.8,4.5,10.9,0.412,0.6,2.1,0.307,3.8,8.8,0.436,0.441,1.9,2.7,0.723,0.5,2.3,2.8,4.4,1.0,0.3,2.4,2.2,11.6,,2018
De'Andre Hunter,22,ATL,SF,63,62,32.0,4.4,10.8,0.41,1.7,4.8,0.355,2.7,6.0,0.454,0.489,1.7,2.3,0.764,0.7,3.8,4.5,1.8,0.7,0.3,1.6,2.9,12.3,,2020
De'Anthony Melton,20,PHO,PG,50,31,19.7,2.0,5.1,0.391,0.6,1.9,0.305,1.4,3.2,0.441,0.447,0.4,0.6,0.75,0.5,2.2,2.7,3.2,1.4,0.5,1.5,2.3,5.0,,2019
DeAndre Jordan,35,DEN,C,36,2,11.0,1.6,2.6,0.624,0.0,0.0,0.0,1.6,2.6,0.624,0.624,0.7,1.5,0.491,1.5,2.9,4.4,0.7,0.2,0.4,0.6,1.6,3.9,,2024
DeAndre Liggins,24,OKC,SG,39,1,7.4,0.5,1.2,0.447,0.2,0.5,0.368,0.4,0.7,0.5,0.521,0.2,0.5,0.5,0.3,1.0,1.4,0.4,0.5,0.1,0.4,0.8,1.5,,2013
DeAndre' Bembry,27,MIL,SF,8,0,9.6,0.4,1.0,0.375,0.0,0.0,0.0,0.4,1.0,0.375,0.375,0.0,0.0,0.0,0.5,0.9,1.4,0.8,0.3,0.0,0.1,1.1,0.8,,2022
DeJon Jarreau,24,IND,SG,1,0,1.0,0.0,0.0,0.0,0.0,0.0,0.0,0.0,0.0,0.0,0.0,0.0,0.0,0.0,0.0,0.0,0.0,0.0,0.0,0.0,0.0,0.0,0.0,,2022
DeJuan Blair,25,WAS,PF,29,0,6.2,0.9,2.0,0.456,0.0,0.0,0.0,0.9,2.0,0.456,0.456,0.1,0.2,0.667,0.6,1.4,1.9,0.1,0.2,0.0,0.4,1.4,1.9,,2015
DeJuan Wheat,24,MIN,PG,34,0,4.4,0.6,1.5,0.4,0.2,0.5,0.471,0.4,1.0,0.364,0.48,0.3,0.4,0.6,0.1,0.2,0.3,0.7,0.2,0.0,0.3,0.4,1.7,,1998
DeMar DeRozan,20,TOR,SG,77,65,21.6,3.3,6.6,0.498,0.1,0.2,0.25,3.3,6.4,0.506,0.502,1.9,2.5,0.763,0.9,2.0,2.9,0.7,0.6,0.2,0.8,2.3,8.6,,2010
DeMarco Johnson,24,NYK,PF,5,0,7.4,0.6,1.8,0.333,0.0,0.0,0.0,0.6,1.8,0.333,0.333,0.0,0.0,0.0,0.6,0.8,1.4,0.0,0.2,0.0,0.6,1.0,1.2,,2000
DeMarcus Cousins,30,LAC,C,16,0,12.9,3.2,5.9,0.537,0.5,1.2,0.421,2.7,4.8,0.566,0.579,0.9,1.4,0.682,1.4,3.1,4.5,1.0,0.8,0.4,1.6,2.1,7.8,,2021
DeMarcus Nelson,23,GSW,PG,13,5,13.2,1.8,4.2,0.444,0.0,0.2,0.0,1.8,3.9,0.471,0.444,0.4,1.1,0.357,0.5,1.4,1.8,1.0,0.7,0.2,1.2,1.8,4.1,,2009
DeMarre Carroll,24,HOU,PF,5,0,2.2,0.0,0.6,0.0,0.0,0.0,0.0,0.0,0.6,0.0,0.0,0.0,0.0,0.0,0.0,0.0,0.0,0.4,0.0,0.0,0.0,0.0,0.0,,2011
DeQuan Jones,22,ORL,SF,63,17,12.7,1.5,3.5,0.436,0.1,0.6,0.257,1.4,2.9,0.47,0.456,0.5,0.8,0.667,0.3,1.4,1.7,0.3,0.3,0.3,0.5,0.9,3.7,,2013
DeSagana Diop,31,CHA,C,22,1,10.3,0.4,1.2,0.296,0.0,0.0,0.0,0.4,1.2,0.308,0.296,0.0,0.0,0.0,0.5,1.9,2.3,0.6,0.2,0.7,0.4,0.9,0.7,,2013
DeShawn Stevenson,28,DAL,SG,24,5,11.1,0.7,2.5,0.283,0.3,1.0,0.32,0.4,1.5,0.257,0.35,0.3,0.4,0.7,0.2,0.9,1.1,0.5,0.2,0.0,0.3,1.0,2.0,,2010
DeVaughn Akoon-Purcell,25,DEN,SG,7,0,3.1,0.4,1.4,0.3,0.0,0.6,0.0,0.4,0.9,0.5,0.3,0.1,0.3,0.5,0.1,0.4,0.6,0.9,0.3,0.0,0.3,0.6,1.0,,2019
Dean Garrett,35,MIN,C,29,0,5.2,0.5,1.4,0.35,0.0,0.0,0.0,0.5,1.4,0.35,0.35,0.0,0.1,0.0,0.4,1.2,1.6,0.1,0.2,0.3,0.2,0.9,1.0,,2002
Dean Oliver,24,GSW,PG,15,0,6.2,0.5,1.9,0.241,0.1,0.4,0.167,0.4,1.5,0.261,0.259,0.5,0.5,0.875,0.5,0.5,1.1,1.5,0.5,0.0,0.7,0.6,1.5,,2003
Dean Wade,23,CLE,PF,12,0,5.9,0.8,1.1,0.692,0.2,0.3,0.5,0.6,0.8,0.778,0.769,0.0,0.1,0.0,0.3,1.3,1.6,0.2,0.2,0.3,0.3,0.7,1.7,,2020
Deandre Ayton,22,PHO,C,69,69,30.7,6.2,10.0,0.626,0.1,0.3,0.2,6.2,9.7,0.639,0.629,1.9,2.5,0.769,3.3,7.2,10.5,1.4,0.6,1.2,1.5,2.8,14.4,,2021
Dedric Willoughby,25,CHI,PG,25,1,20.3,2.4,7.2,0.341,1.2,3.9,0.296,1.3,3.2,0.395,0.422,1.6,2.0,0.765,0.4,1.6,2.0,2.6,0.9,0.1,1.5,1.3,7.6,,2000
Dee Brown,33,ORL,PG,7,0,9.3,0.4,2.9,0.15,0.1,1.7,0.083,0.3,1.1,0.25,0.175,0.0,0.0,0.0,0.0,1.3,1.3,0.3,0.4,0.1,0.6,0.6,1.0,,2002
Deividas Sirvydis,21,DET,SG,3,0,9.0,0.3,3.3,0.1,0.3,2.3,0.143,0.0,1.0,0.0,0.15,0.0,0.0,0.0,0.0,2.0,2.0,0.3,1.0,0.3,0.0,1.3,1.0,,2022
Dejounte Murray,20,SAS,PG,38,8,8.5,1.3,3.1,0.431,0.2,0.6,0.391,1.1,2.4,0.441,0.47,0.6,0.8,0.7,0.2,0.9,1.1,1.3,0.2,0.2,1.0,0.8,3.4,,2017
Delaney Rudd,30,POR,PG,15,1,6.3,0.5,2.4,0.194,0.1,0.7,0.091,0.4,1.7,0.24,0.208,0.7,0.9,0.786,0.3,0.3,0.6,1.1,0.1,0.0,0.7,0.5,1.7,,1993
Dell Curry,36,TOR,SG,71,1,13.5,2.3,5.4,0.424,0.9,2.0,0.428,1.4,3.3,0.422,0.505,0.6,0.7,0.843,0.2,1.0,1.2,1.1,0.4,0.1,0.5,0.9,6.0,,2001
Dell Demps,26,ORL,SG,2,0,5.0,0.0,1.5,0.0,0.0,0.5,0.0,0.0,1.0,0.0,0.0,1.0,1.0,1.0,0.0,0.0,0.0,0.0,0.5,0.0,0.0,0.5,1.0,,1997
Delon Wright,23,TOR,PG,27,1,8.5,1.3,3.0,0.45,0.2,0.5,0.385,1.1,2.5,0.463,0.481,1.0,1.3,0.743,0.3,1.1,1.4,1.1,0.3,0.1,0.6,0.3,3.8,,2016
Delonte West,21,BOS,SG,39,7,13.0,1.7,4.0,0.426,0.6,1.7,0.358,1.1,2.3,0.477,0.503,0.5,0.7,0.704,0.4,1.3,1.7,1.4,0.5,0.2,0.6,1.8,4.5,,2005
Demetris Nichols,23,CLE,SF,3,0,4.7,0.3,2.7,0.125,0.0,1.0,0.0,0.3,1.7,0.2,0.125,0.0,0.0,0.0,0.0,0.3,0.3,0.0,0.0,0.0,0.7,0.0,0.7,,2008
Demetrius Calip,22,LAL,PG,7,0,8.3,0.6,2.6,0.222,0.1,0.7,0.2,0.4,1.9,0.231,0.25,0.3,0.4,0.667,0.1,0.6,0.7,1.7,0.1,0.0,0.7,1.1,1.6,,1992
Demetrius Jackson,23,HOU,PG,12,0,5.3,0.3,1.2,0.286,0.0,0.5,0.0,0.3,0.7,0.5,0.286,0.0,0.0,0.0,0.3,0.6,0.9,0.4,0.3,0.1,0.8,0.5,0.7,,2018
Deng Adel,21,CLE,SF,19,3,10.2,0.6,1.9,0.306,0.3,1.2,0.261,0.3,0.7,0.385,0.389,0.2,0.2,1.0,0.2,0.8,1.0,0.3,0.1,0.2,0.3,0.7,1.7,,2019
Deng Gai,23,PHI,C,2,0,2.5,0.0,0.0,0.0,0.0,0.0,0.0,0.0,0.0,0.0,0.0,0.0,0.0,0.0,0.0,0.0,0.0,0.0,0.0,0.0,0.0,0.0,0.0,,2006
Deni Avdija,20,WAS,SF,54,32,23.3,2.4,5.8,0.417,1.0,3.1,0.315,1.4,2.7,0.535,0.502,0.5,0.8,0.644,0.4,4.4,4.9,1.2,0.6,0.3,0.6,2.6,6.3,,2021
Dennis Hopson,26,CHI,SG,2,0,5.0,0.5,1.0,0.5,0.0,0.0,0.0,0.5,1.0,0.5,0.5,0.0,0.0,0.0,0.0,0.0,0.0,0.0,0.5,0.0,0.0,1.0,1.0,,1992
Dennis Horner,23,NJN,PF,8,0,2.8,0.1,0.5,0.25,0.0,0.1,0.0,0.1,0.4,0.333,0.25,0.4,0.5,0.75,0.3,0.4,0.6,0.0,0.0,0.0,0.1,0.1,0.6,,2012
Dennis Rodman,37,LAL,PF,23,11,28.6,0.7,2.0,0.348,0.0,0.1,0.0,0.7,1.9,0.364,0.348,0.7,1.7,0.436,2.7,8.5,11.2,1.3,0.4,0.5,1.3,3.1,2.1,,1999
Dennis Schröder,20,ATL,PG,49,0,13.1,1.5,3.8,0.383,0.2,0.9,0.238,1.3,3.0,0.425,0.41,0.6,0.9,0.674,0.1,1.1,1.2,1.9,0.3,0.0,1.2,1.1,3.7,,2014
Dennis Scott,30,NYK,SF,15,0,13.7,1.1,3.7,0.304,0.5,1.9,0.276,0.6,1.8,0.333,0.375,0.1,0.3,0.25,0.2,1.1,1.3,0.5,0.2,0.1,0.3,1.1,2.9,,1999
Dennis Smith Jr.,23,NYK,PG,3,0,9.3,0.7,3.3,0.2,0.0,1.3,0.0,0.7,2.0,0.333,0.2,1.7,2.0,0.833,0.0,0.7,0.7,1.0,1.0,0.0,0.3,1.3,3.0,,2021
Denzel Valentine,28,UTA,SG,2,0,9.0,1.0,2.0,0.5,0.5,1.5,0.333,0.5,0.5,1.0,0.625,0.0,0.0,0.0,0.0,2.0,2.0,0.0,0.5,0.0,1.0,1.5,2.5,,2022
Deonte Burton,29,SAC,PF,2,0,3.0,0.0,1.0,0.0,0.0,0.5,0.0,0.0,0.5,0.0,0.0,0.0,0.0,0.0,0.0,0.0,0.0,0.0,0.0,0.0,0.0,0.0,0.0,,2023
DerMarr Johnson,27,SAS,SF,5,0,5.6,1.4,2.8,0.5,0.6,1.8,0.333,0.8,1.0,0.8,0.607,0.0,0.4,0.0,0.0,0.2,0.2,0.2,0.2,0.0,0.0,0.8,3.4,,2008
Dereck Lively II,19,DAL,C,55,42,23.5,4.0,5.4,0.747,0.0,0.0,0.0,4.0,5.3,0.752,0.747,0.7,1.5,0.506,2.5,4.4,6.9,1.1,0.7,1.4,0.9,2.6,8.8,ROY-6,2024
Derek Anderson,33,CHA,SG,28,0,14.1,1.7,4.5,0.376,0.7,1.9,0.365,1.0,2.6,0.384,0.452,1.0,1.4,0.737,0.3,1.5,1.9,1.6,0.4,0.0,0.9,1.8,5.0,,2008
Derek Fisher,22,LAL,PG,80,3,11.5,1.3,3.3,0.397,0.3,0.9,0.301,1.0,2.4,0.434,0.439,1.0,1.5,0.658,0.3,0.9,1.2,1.5,0.5,0.1,0.9,1.1,3.9,,1997
Derek Grimm,23,SAC,SF,9,0,3.8,0.4,1.6,0.286,0.4,1.3,0.333,0.0,0.2,0.0,0.429,0.2,0.2,1.0,0.0,0.4,0.4,0.0,0.3,0.1,0.3,0.7,1.6,,1998
Derek Harper,37,LAL,PG,45,29,24.9,2.7,6.5,0.412,1.0,2.6,0.368,1.7,3.9,0.443,0.486,0.6,0.7,0.813,0.3,1.2,1.5,4.2,1.0,0.1,1.2,1.5,6.9,,1999
Derek Hood,23,CHH,PF,2,0,2.0,0.0,1.5,0.0,0.0,0.0,0.0,0.0,1.5,0.0,0.0,0.0,0.0,0.0,0.0,0.5,0.5,0.0,0.0,0.0,0.0,0.0,0.0,,2000
Derek Smith,29,BOS,SF,2,0,8.0,0.5,2.0,0.25,0.0,0.5,0.0,0.5,1.5,0.333,0.25,1.5,2.0,0.75,0.0,0.0,0.0,2.5,0.5,0.5,0.5,1.5,2.5,,1991
Derek Strong,31,ORL,PF,20,0,7.4,1.1,2.4,0.438,0.1,0.2,0.25,1.0,2.2,0.455,0.448,0.6,0.7,0.786,0.6,1.7,2.2,0.2,0.3,0.1,0.6,0.8,2.7,,2000
Dereon Seabron,22,NOP,SG,5,0,2.4,0.4,1.0,0.4,0.0,0.0,0.0,0.4,1.0,0.4,0.4,0.0,0.0,0.0,0.2,0.0,0.2,0.0,0.0,0.0,0.0,0.2,0.8,,2023
Deron Williams,32,CLE,PG,24,4,20.3,2.8,6.1,0.463,0.9,2.2,0.415,1.9,3.9,0.489,0.537,0.9,1.0,0.84,0.0,1.8,1.9,3.6,0.3,0.3,1.7,1.8,7.5,,2017
Derrick Alston,24,ATL,C,2,0,5.5,0.0,2.5,0.0,0.0,0.0,0.0,0.0,2.5,0.0,0.0,0.0,1.0,0.0,1.5,0.5,2.0,0.0,0.0,0.0,0.0,0.0,0.0,,1997
Derrick Brown,22,CHA,SF,57,0,9.4,1.2,2.6,0.463,0.0,0.1,0.286,1.2,2.5,0.471,0.469,0.8,1.3,0.667,0.5,0.8,1.4,0.3,0.4,0.2,0.3,0.9,3.3,,2010
Derrick Byars,27,SAS,PF,2,0,18.5,1.5,5.5,0.273,0.0,3.0,0.0,1.5,2.5,0.6,0.273,2.0,2.0,1.0,3.0,2.5,5.5,0.5,1.0,0.0,0.0,1.0,5.0,,2012
Derrick Caracter,22,LAL,C,41,0,5.2,0.8,1.6,0.485,0.0,0.0,0.0,0.8,1.6,0.485,0.485,0.4,0.6,0.739,0.5,0.6,1.0,0.2,0.1,0.2,0.5,1.1,2.0,,2011
Derrick Chievous,23,CLE,SF,18,0,6.1,0.9,2.6,0.37,0.0,0.0,0.0,0.9,2.6,0.37,0.37,0.5,0.9,0.563,0.6,0.4,1.0,0.1,0.2,0.1,0.3,0.9,2.4,,1991
Derrick Coleman,37,DET,C,5,0,10.0,0.6,2.8,0.214,0.0,0.4,0.0,0.6,2.4,0.25,0.214,0.6,0.6,1.0,0.6,2.4,3.0,0.0,0.0,0.0,0.4,1.2,1.8,,2005
Derrick Dial,25,SAS,SG,33,0,6.3,1.1,2.5,0.434,0.1,0.3,0.2,1.0,2.2,0.466,0.446,0.4,0.6,0.571,0.4,0.8,1.2,0.6,0.1,0.2,0.4,0.7,2.6,,2001
Derrick Favors,30,OKC,C,39,18,16.7,2.4,4.7,0.516,0.1,0.4,0.125,2.4,4.3,0.554,0.522,0.4,0.6,0.64,1.5,3.2,4.7,0.6,0.4,0.3,0.2,1.6,5.3,,2022
Derrick Gervin,27,NJN,PF,56,4,13.3,2.9,7.0,0.416,0.1,0.5,0.25,2.8,6.5,0.429,0.425,1.6,2.0,0.789,0.7,1.3,2.0,0.5,0.3,0.3,0.8,1.6,7.6,,1991
Derrick Jones Jr.,20,PHO,SF,6,0,5.5,0.3,0.7,0.5,0.0,0.3,0.0,0.3,0.3,1.0,0.5,0.8,1.0,0.833,0.3,0.3,0.7,0.5,0.2,0.7,0.2,0.3,1.5,,2018
Derrick McKey,34,IND,SF,66,20,15.0,0.9,2.1,0.441,0.1,0.3,0.2,0.8,1.8,0.483,0.456,0.3,0.4,0.778,0.7,1.9,2.7,1.1,0.7,0.2,0.7,2.1,2.2,,2001
Derrick Phelps,22,SAC,PG,3,0,1.7,0.0,0.3,0.0,0.0,0.0,0.0,0.0,0.3,0.0,0.0,0.0,0.7,0.0,0.0,0.0,0.0,0.3,0.0,0.0,0.0,1.0,0.0,,1995
Derrick Rose,34,NYK,PG,27,0,12.5,2.3,5.9,0.384,0.7,2.3,0.302,1.6,3.6,0.438,0.443,0.4,0.4,0.917,0.3,1.2,1.5,1.7,0.3,0.2,0.8,0.7,5.6,,2023
Derrick Walton,24,DET,PG,3,0,8.7,0.3,1.0,0.333,0.3,1.0,0.333,0.0,0.0,0.0,0.5,0.0,0.0,0.0,0.0,0.3,0.3,1.7,1.0,0.0,0.3,0.7,1.0,,2020
Derrick White,23,SAS,PG,17,0,8.2,0.9,1.9,0.485,0.5,0.8,0.615,0.5,1.2,0.4,0.606,0.8,1.2,0.7,0.3,1.2,1.5,0.5,0.2,0.2,0.4,0.5,3.2,,2018
Derrick Williams,26,LAL,PF,2,0,4.5,0.5,2.0,0.25,0.0,1.0,0.0,0.5,1.0,0.5,0.25,0.0,0.0,0.0,0.0,0.5,0.5,0.0,0.0,0.0,0.0,0.0,1.0,,2018
Derrick Zimmerman,24,NJN,PG,2,0,16.0,1.0,1.5,0.667,0.0,0.0,0.0,1.0,1.5,0.667,0.667,0.0,0.0,0.0,0.5,1.5,2.0,3.5,0.0,0.0,2.0,2.0,2.0,,2006
Desmon Farmer,25,SEA,SG,8,0,4.0,0.6,1.9,0.333,0.3,1.0,0.25,0.4,0.9,0.429,0.4,0.1,0.1,1.0,0.0,0.1,0.1,1.1,0.1,0.0,0.1,0.3,1.6,,2007
Desmond Bane,22,MEM,SG,68,17,22.3,3.4,7.3,0.469,1.7,4.0,0.432,1.7,3.4,0.513,0.586,0.6,0.7,0.816,0.5,2.6,3.1,1.7,0.6,0.2,0.9,1.8,9.2,,2021
Desmond Ferguson,26,POR,SF,7,0,4.6,0.7,1.7,0.417,0.4,1.1,0.375,0.3,0.6,0.5,0.542,0.0,0.3,0.0,0.0,0.6,0.6,0.1,0.0,0.0,0.1,0.0,1.9,,2004
Desmond Mason,32,SAC,SF,5,4,13.2,1.0,2.4,0.417,0.0,0.0,0.0,1.0,2.4,0.417,0.417,0.6,0.8,0.75,0.8,1.8,2.6,0.4,0.2,0.2,0.8,1.0,2.6,,2010
Desmond Penigar,22,ORL,PF,10,0,8.9,1.4,2.8,0.5,0.0,0.0,0.0,1.4,2.8,0.5,0.5,0.4,0.4,1.0,0.6,1.8,2.4,0.3,0.2,0.2,0.6,1.4,3.2,,2004
Detlef Schrempf,38,POR,SF,26,0,15.3,1.5,3.7,0.411,0.1,0.3,0.375,1.4,3.3,0.414,0.426,0.9,1.0,0.852,0.7,2.3,3.0,1.7,0.3,0.1,1.1,1.7,4.0,,2001
Devean George,23,LAL,SF,59,1,10.1,1.1,3.5,0.309,0.3,1.2,0.221,0.8,2.4,0.353,0.345,0.7,0.9,0.709,0.6,1.3,1.9,0.3,0.3,0.3,0.6,1.5,3.1,,2001
Devin Booker,19,PHO,SG,76,51,27.7,4.8,11.4,0.423,1.3,3.8,0.343,3.5,7.6,0.464,0.48,2.8,3.4,0.84,0.4,2.1,2.5,2.6,0.6,0.3,2.1,3.0,13.8,ROY-4,2016
Devin Brown,24,SAS,SG,7,0,3.1,0.7,1.4,0.5,0.0,0.0,0.0,0.7,1.4,0.5,0.5,0.3,0.3,1.0,0.6,0.4,1.0,0.3,0.0,0.0,0.7,0.4,1.7,,2003
Devin Cannady,24,ORL,PG,8,0,9.3,1.4,3.5,0.393,0.8,2.0,0.375,0.6,1.5,0.417,0.5,0.8,0.9,0.857,0.0,0.6,0.6,0.1,0.6,0.1,0.3,1.1,4.3,,2021
Devin Ebanks,21,LAL,SG,20,0,5.9,1.1,2.6,0.412,0.1,0.3,0.4,1.0,2.3,0.413,0.431,0.9,1.2,0.783,0.8,0.6,1.4,0.1,0.2,0.3,0.3,0.4,3.1,,2011
Devin Gray,27,HOU,SF,21,2,5.9,0.7,1.8,0.405,0.0,0.0,0.0,0.7,1.8,0.405,0.405,0.9,1.4,0.655,0.5,0.7,1.2,0.2,0.2,0.1,0.2,1.0,2.3,,2000
Devin Green,23,LAL,SG,27,0,5.0,0.2,1.0,0.214,0.0,0.1,0.0,0.2,1.0,0.231,0.214,0.5,0.8,0.619,0.4,0.5,0.9,0.3,0.1,0.0,0.2,0.5,0.9,,2006
Devin Harris,21,DAL,PG,76,19,15.4,2.1,4.8,0.429,0.6,1.7,0.336,1.5,3.1,0.481,0.489,1.0,1.4,0.757,0.4,1.0,1.3,2.2,1.0,0.3,1.1,1.8,5.7,,2005
Devin Robinson,22,WAS,SF,1,0,13.0,1.0,3.0,0.333,0.0,0.0,0.0,1.0,3.0,0.333,0.333,0.0,0.0,0.0,2.0,3.0,5.0,0.0,1.0,0.0,0.0,2.0,2.0,,2018
Devin Vassell,20,SAS,SF,62,7,17.0,2.0,4.9,0.406,0.8,2.4,0.347,1.1,2.5,0.464,0.492,0.7,0.8,0.843,0.4,2.4,2.8,0.9,0.7,0.3,0.4,1.4,5.5,,2021
Devon Dotson,23,WAS,PG,6,0,8.8,0.2,1.7,0.1,0.2,0.7,0.25,0.0,1.0,0.0,0.15,0.0,0.0,0.0,1.0,0.7,1.7,1.3,0.8,0.0,0.5,1.5,0.5,,2023
Devon Hall,24,OKC,PG,11,0,7.4,0.5,2.7,0.2,0.4,1.5,0.235,0.2,1.2,0.154,0.267,0.4,0.7,0.5,0.2,0.5,0.6,1.2,0.4,0.1,0.5,0.5,1.8,,2020
Devontae Cacok,24,LAL,PF,20,1,4.9,0.9,1.5,0.586,0.0,0.0,0.0,0.9,1.5,0.586,0.586,0.3,0.6,0.455,0.6,1.0,1.6,0.1,0.3,0.2,0.3,0.4,2.0,,2021
Devonte' Graham,23,CHO,PG,46,3,14.7,1.6,4.7,0.343,0.7,2.6,0.281,0.9,2.1,0.421,0.421,0.8,1.0,0.761,0.2,1.2,1.4,2.6,0.5,0.0,0.7,1.0,4.7,,2019
Devyn Marble,23,ORL,SG,28,0,8.9,0.8,2.5,0.296,0.3,1.1,0.25,0.5,1.4,0.333,0.352,0.4,0.9,0.417,0.2,1.1,1.4,0.4,0.5,0.0,0.3,0.9,2.1,,2016
Dewan Hernandez,23,TOR,C,6,0,4.7,0.8,2.3,0.357,0.2,0.3,0.5,0.7,2.0,0.333,0.393,0.5,0.8,0.6,0.8,1.5,2.3,0.5,0.2,0.0,0.5,1.0,2.3,,2020
Dewayne Dedmon,24,GSW,C,4,0,1.5,0.0,0.3,0.0,0.0,0.0,0.0,0.0,0.3,0.0,0.0,0.3,0.5,0.5,0.0,0.0,0.0,0.0,0.0,0.0,0.0,0.3,0.3,,2014
Dexter Boney,26,PHO,SG,8,0,6.0,0.8,2.4,0.316,0.1,0.8,0.167,0.6,1.6,0.385,0.342,0.8,1.0,0.75,0.4,0.4,0.8,0.0,0.3,0.1,0.1,0.4,2.4,,1997
Dexter Cambridge,23,DAL,SF,53,13,16.7,2.8,5.9,0.484,0.0,0.1,0.0,2.8,5.8,0.49,0.484,1.3,1.9,0.687,1.7,1.5,3.2,1.1,0.5,0.1,1.2,2.4,7.0,,1993
Dexter Dennis,24,DAL,SG,4,0,7.5,2.5,4.8,0.526,0.3,2.0,0.125,2.3,2.8,0.818,0.553,0.3,0.8,0.333,0.3,2.0,2.3,1.0,0.0,0.3,0.8,0.3,5.5,,2024
Dexter Pittman,25,ATL,C,2,0,1.5,0.0,0.5,0.0,0.0,0.0,0.0,0.0,0.5,0.0,0.0,0.0,1.0,0.0,1.5,0.0,1.5,0.0,0.0,0.0,0.0,0.0,0.0,,2014
Deyonta Davis,20,MEM,C,36,0,6.6,0.7,1.3,0.511,0.0,0.0,0.0,0.7,1.3,0.511,0.511,0.3,0.5,0.556,0.6,1.1,1.7,0.1,0.1,0.5,0.2,1.1,1.6,,2017
Diamond Stone,19,LAC,C,7,0,3.4,0.4,1.9,0.231,0.0,0.0,0.0,0.4,1.9,0.231,0.231,0.6,0.6,1.0,0.1,0.7,0.9,0.0,0.0,0.1,0.3,0.7,1.4,,2017
Diante Garrett,24,PHO,PG,19,0,7.8,0.8,2.6,0.327,0.2,0.8,0.2,0.7,1.8,0.382,0.357,0.3,0.5,0.5,0.3,0.5,0.8,1.6,0.5,0.0,0.8,0.3,2.1,,2013
Dickey Simpkins,29,ATL,PF,1,0,3.0,0.0,0.0,0.0,0.0,0.0,0.0,0.0,0.0,0.0,0.0,0.0,0.0,0.0,0.0,0.0,0.0,1.0,0.0,0.0,0.0,0.0,0.0,,2002
Didi Louzada,22,NOP,SF,2,0,3.5,0.0,1.5,0.0,0.0,1.5,0.0,0.0,0.0,0.0,0.0,0.0,0.0,0.0,1.0,0.0,1.0,0.5,0.0,0.0,0.0,0.0,0.0,,2022
Dijon Thompson,22,PHO,SG,10,0,4.3,1.1,2.5,0.44,0.4,1.1,0.364,0.7,1.4,0.5,0.52,0.2,0.2,1.0,0.4,0.7,1.1,0.1,0.3,0.1,0.2,0.6,2.8,,2006
Dikembe Mutombo,42,HOU,C,9,2,10.7,0.6,1.4,0.385,0.0,0.0,0.0,0.6,1.4,0.385,0.385,0.7,1.0,0.667,1.3,2.3,3.7,0.0,0.0,1.2,0.7,1.2,1.8,,2009
Dillon Brooks,23,MEM,SF,18,0,18.3,2.7,6.8,0.402,0.8,2.2,0.375,1.9,4.6,0.415,0.463,1.2,1.7,0.733,0.5,1.2,1.7,0.9,0.6,0.2,1.1,2.8,7.5,,2019
Dino Radja,29,BOS,C,25,25,35.0,6.0,13.6,0.44,0.0,0.0,0.0,6.0,13.5,0.441,0.44,2.0,2.8,0.718,1.8,6.7,8.4,1.9,0.9,1.9,2.8,3.0,14.0,,1997
Dion Glover,26,SAS,SG,7,0,9.7,1.1,3.1,0.364,0.1,1.1,0.125,1.0,2.0,0.5,0.386,1.1,1.4,0.8,0.4,1.1,1.6,0.6,0.4,0.4,0.3,1.3,3.6,,2005
Dion Waiters,28,MIA,SG,3,0,14.0,3.3,8.7,0.385,2.7,5.7,0.471,0.7,3.0,0.222,0.538,0.0,0.3,0.0,0.0,3.7,3.7,1.0,0.0,0.7,1.0,1.7,9.3,,2020
Dionte Christmas,27,PHO,SF,31,0,6.4,0.7,2.0,0.355,0.3,1.0,0.29,0.4,1.0,0.419,0.427,0.6,0.8,0.75,0.4,0.8,1.2,0.3,0.1,0.1,0.2,0.6,2.3,,2014
Dirk Nowitzki,40,DAL,PF,51,20,15.6,2.6,7.4,0.359,1.3,4.0,0.312,1.4,3.4,0.415,0.444,0.8,1.0,0.78,0.1,3.0,3.1,0.7,0.2,0.4,0.4,1.5,7.3,AS,2019
Dmytro Skapintsev,25,NYK,C,2,0,1.0,0.0,0.5,0.0,0.0,0.0,0.0,0.0,0.5,0.0,0.0,0.0,0.0,0.0,0.0,0.0,0.0,0.0,0.0,0.0,0.0,0.0,0.0,,2024
Doc Rivers,34,SAS,PG,78,0,15.8,1.4,3.7,0.372,0.6,1.8,0.343,0.8,2.0,0.399,0.453,0.6,0.8,0.75,0.4,1.4,1.8,1.6,0.9,0.3,0.7,2.2,4.0,,1996
Domantas Sabonis,20,OKC,PF,81,66,20.1,2.4,5.9,0.399,0.6,2.0,0.321,1.7,4.0,0.438,0.452,0.5,0.8,0.657,0.6,3.0,3.6,1.0,0.5,0.4,1.0,2.5,5.9,,2017
Dominic McGuire,27,IND,SF,2,1,6.0,0.0,1.5,0.0,0.0,0.0,0.0,0.0,1.5,0.0,0.0,0.0,1.0,0.0,0.5,0.5,1.0,0.5,0.0,0.0,0.0,0.0,0.0,,2013
Dominick Barlow,19,SAS,PF,28,0,14.6,1.6,3.1,0.535,0.0,0.1,0.0,1.6,2.9,0.561,0.535,0.6,0.9,0.72,1.6,2.0,3.6,0.9,0.4,0.7,0.5,2.0,3.9,,2023
Dominique Jones,22,DAL,SG,18,0,7.5,0.8,2.5,0.311,0.0,0.2,0.0,0.8,2.3,0.341,0.311,0.8,0.9,0.824,0.3,1.1,1.4,1.1,0.3,0.2,0.6,0.4,2.3,,2011
Dominique Wilkins,39,ORL,SF,27,2,9.3,1.9,4.9,0.379,0.2,0.7,0.263,1.7,4.2,0.398,0.398,1.1,1.6,0.69,1.1,1.5,2.6,0.6,0.1,0.0,0.9,0.7,5.0,,1999
Don MacLean,28,NJN,SF,9,0,4.7,0.1,1.1,0.1,0.1,0.2,0.5,0.0,0.9,0.0,0.15,0.0,0.0,0.0,0.3,0.2,0.6,0.0,0.0,0.0,0.2,0.8,0.3,,1998
Don Reid,29,DET,PF,1,0,10.0,0.0,3.0,0.0,0.0,0.0,0.0,0.0,3.0,0.0,0.0,1.0,2.0,0.5,0.0,0.0,0.0,0.0,0.0,0.0,0.0,4.0,1.0,,2003
Donald Hodge,26,CHH,C,2,0,1.0,0.0,0.0,0.0,0.0,0.0,0.0,0.0,0.0,0.0,0.0,0.0,0.0,0.0,0.0,0.5,0.5,0.0,0.0,0.0,0.0,0.0,0.0,,1996
Donald Royal,31,2TM,SF,31,5,10.4,0.8,2.2,0.362,0.0,0.0,0.0,0.8,2.2,0.362,0.362,0.9,1.1,0.879,0.6,0.7,1.3,0.5,0.2,0.0,0.3,1.1,2.5,,1998
Donald Sloan,25,NOH,PG,3,0,2.0,0.0,0.0,0.0,0.0,0.0,0.0,0.0,0.0,0.0,0.0,0.0,0.0,0.0,0.0,0.0,0.0,0.3,0.0,0.0,0.3,0.0,0.0,,2013
Donald Whiteside,28,ATL,PG,3,0,5.3,0.3,0.7,0.5,0.0,0.3,0.0,0.3,0.3,1.0,0.5,0.0,0.7,0.0,0.0,0.3,0.3,0.3,0.0,0.0,0.3,0.0,0.7,,1998
Donatas Motiejūnas,28,SAS,PF,3,0,4.3,1.0,2.0,0.5,0.0,0.0,0.0,1.0,2.0,0.5,0.5,0.0,0.7,0.0,0.7,0.3,1.0,0.3,0.0,0.3,1.0,2.0,2.0,,2019
Donell Taylor,23,WAS,SG,51,1,9.1,1.0,2.7,0.39,0.1,0.3,0.235,1.0,2.3,0.412,0.404,0.6,0.8,0.698,0.3,0.7,1.0,0.9,0.6,0.1,0.7,0.9,2.7,,2006
Donnell Harvey,20,DAL,PF,18,0,3.6,0.4,0.8,0.571,0.0,0.0,0.0,0.4,0.8,0.571,0.571,0.3,0.9,0.375,0.3,0.8,1.1,0.1,0.2,0.1,0.4,0.8,1.2,,2001
Donnie Boyce,23,ATL,SG,22,2,7.0,1.0,2.9,0.333,0.1,0.7,0.125,0.9,2.1,0.404,0.349,0.5,1.0,0.5,0.3,0.4,0.7,0.6,0.5,0.2,0.7,0.8,2.5,,1997
Donny Marshall,30,NJN,SF,3,0,2.0,0.0,1.0,0.0,0.0,0.3,0.0,0.0,0.7,0.0,0.0,0.0,0.0,0.0,0.0,1.0,1.0,0.0,0.0,0.0,0.3,0.0,0.0,,2003
Donovan Mitchell,21,UTA,SG,79,71,33.4,7.5,17.2,0.437,2.4,7.0,0.34,5.2,10.3,0.502,0.506,3.0,3.8,0.805,0.7,3.1,3.7,3.7,1.5,0.3,2.7,2.7,20.5,ROY-2,2018
Donovan Williams,21,ATL,SG,2,0,2.0,1.0,2.5,0.4,0.0,1.0,0.0,1.0,1.5,0.667,0.4,0.0,0.0,0.0,0.0,1.0,1.0,0.0,0.0,0.0,0.0,0.0,2.0,,2023
Donta Hall,22,DET,PF,4,0,12.0,0.3,1.0,0.25,0.0,0.0,0.0,0.3,1.0,0.25,0.25,1.0,1.5,0.667,1.5,2.3,3.8,0.5,0.3,0.3,0.5,2.3,1.5,,2020
Donta Smith,22,ATL,SG,23,0,5.5,0.7,1.2,0.556,0.1,0.2,0.5,0.6,1.0,0.565,0.593,0.3,0.5,0.5,0.1,0.5,0.6,0.4,0.3,0.0,0.2,0.9,1.7,,2006
Dontae' Jones,22,BOS,SF,15,0,6.1,1.3,3.8,0.333,0.4,1.5,0.261,0.9,2.3,0.382,0.386,0.0,0.0,0.0,0.2,0.4,0.6,0.3,0.1,0.2,0.7,0.8,2.9,,1998
Donte DiVincenzo,22,MIL,SG,27,0,15.2,1.9,4.6,0.403,0.8,3.1,0.265,1.0,1.5,0.683,0.492,0.3,0.4,0.75,0.6,1.8,2.4,1.1,0.5,0.2,0.7,1.4,4.9,,2019
Donte Grantham,23,OKC,SF,3,0,0.7,0.0,0.7,0.0,0.0,0.7,0.0,0.0,0.0,0.0,0.0,0.0,0.0,0.0,0.0,0.0,0.0,0.0,0.0,0.0,0.0,0.0,0.0,,2019
Dontell Jefferson,25,CHA,SG,6,0,14.0,1.8,3.7,0.5,0.2,0.3,0.5,1.7,3.3,0.5,0.523,1.0,1.5,0.667,0.2,1.8,2.0,1.5,0.7,0.2,1.0,1.5,4.8,,2009
Dontonio Wingfield,23,POR,SF,3,0,3.0,0.0,1.0,0.0,0.0,0.0,0.0,0.0,1.0,0.0,0.0,0.3,0.7,0.5,0.7,0.7,1.3,0.0,0.0,0.0,0.3,0.7,0.3,,1998
Donté Greene,20,SAC,SF,55,4,13.2,1.4,4.3,0.326,0.5,1.8,0.26,0.9,2.5,0.375,0.381,0.5,0.6,0.853,0.3,1.2,1.6,0.5,0.3,0.3,0.7,1.2,3.8,,2009
Donyell Marshall,34,CLE,PF,11,1,14.2,1.2,4.0,0.295,0.7,2.1,0.348,0.5,1.9,0.238,0.386,0.6,0.8,0.778,0.8,1.9,2.7,0.5,0.2,0.8,0.5,1.5,3.7,,2008
Dorell Wright,19,MIA,SF,3,0,9.0,1.0,3.7,0.273,0.0,1.3,0.0,1.0,2.3,0.429,0.273,0.3,0.3,1.0,0.0,0.3,0.3,1.0,1.3,0.0,1.0,0.7,2.3,,2005
Dorian Finney-Smith,23,DAL,PF,81,35,20.3,1.5,4.1,0.372,0.7,2.4,0.293,0.8,1.8,0.479,0.456,0.6,0.8,0.754,0.7,2.1,2.7,0.8,0.6,0.3,0.6,1.5,4.3,,2017
Doron Lamb,21,ORL,SG,24,0,12.4,1.1,2.8,0.397,0.4,0.9,0.476,0.7,2.0,0.362,0.471,0.5,0.8,0.632,0.2,1.0,1.2,0.5,0.3,0.0,0.4,1.0,3.2,,2013
Doug Christie,24,NYK,SG,12,0,6.6,0.4,1.8,0.227,0.1,0.6,0.143,0.3,1.3,0.267,0.25,0.3,0.4,0.8,0.3,0.8,1.1,0.7,0.2,0.1,1.1,1.5,1.3,,1995
Doug Edwards,24,ATL,PF,38,0,5.6,0.6,1.3,0.458,0.0,0.0,0.0,0.6,1.2,0.468,0.458,0.6,0.8,0.719,0.5,0.8,1.3,0.3,0.1,0.1,0.6,0.8,1.8,,1995
Doug Lee,28,NJN,SG,5,0,6.6,0.4,1.4,0.286,0.2,0.6,0.333,0.2,0.8,0.25,0.357,0.0,0.0,0.0,0.0,0.4,0.4,1.0,0.0,0.2,0.6,1.4,1.0,,1993
Doug McDermott,23,CHI,SF,36,0,8.9,1.2,3.0,0.402,0.4,1.1,0.317,0.8,1.8,0.455,0.463,0.3,0.4,0.667,0.2,1.0,1.2,0.2,0.1,0.0,0.5,0.8,3.0,,2015
Doug Overton,29,PHI,PG,10,0,3.7,0.5,1.5,0.333,0.0,0.1,0.0,0.5,1.4,0.357,0.333,0.0,0.0,0.0,0.0,0.2,0.2,0.4,0.1,0.0,0.2,0.2,1.0,,1999
Doug Smith,26,BOS,PF,17,2,5.4,0.8,2.3,0.359,0.0,0.0,0.0,0.8,2.3,0.359,0.359,0.3,0.5,0.625,0.7,0.6,1.3,0.2,0.2,0.0,0.6,1.2,1.9,,1996
Doug West,33,VAN,SG,15,6,11.4,0.7,2.5,0.289,0.0,0.1,0.0,0.7,2.4,0.306,0.289,0.4,0.5,0.857,0.3,0.7,1.0,0.9,0.2,0.3,0.3,1.4,1.9,,2001
Dragan Bender,19,PHO,PF,43,0,13.3,1.3,3.7,0.354,0.7,2.3,0.277,0.7,1.4,0.483,0.441,0.1,0.3,0.364,0.5,1.9,2.4,0.5,0.2,0.5,0.7,1.7,3.4,,2017
Dragan Tarlać,27,CHI,C,43,12,13.9,0.9,2.3,0.394,0.0,0.0,0.0,0.9,2.3,0.394,0.394,0.6,0.8,0.758,0.9,2.0,2.8,0.7,0.2,0.4,0.9,2.2,2.4,,2001
Draymond Green,22,GSW,SF,79,1,13.4,1.1,3.3,0.327,0.2,0.8,0.209,0.9,2.4,0.368,0.354,0.6,0.7,0.818,0.7,2.6,3.3,0.7,0.5,0.3,0.6,2.0,2.9,,2013
Dražen Petrović,26,POR,SG,18,0,7.4,1.8,3.9,0.451,0.1,0.3,0.167,1.7,3.6,0.477,0.458,0.8,1.2,0.682,0.6,0.4,1.0,1.1,0.3,0.0,0.7,1.2,4.4,,1991
Drew Barry,24,ATL,PG,27,0,9.5,0.7,1.4,0.474,0.3,0.8,0.429,0.3,0.6,0.529,0.592,0.4,0.5,0.846,0.2,1.1,1.3,1.8,0.4,0.0,1.1,1.0,2.1,,1998
Drew Eubanks,21,SAS,PF,23,0,4.9,0.7,1.1,0.577,0.0,0.0,0.0,0.7,1.1,0.577,0.577,0.5,0.6,0.846,0.3,1.2,1.5,0.3,0.1,0.2,0.3,0.5,1.8,,2019
Drew Gooden,34,WAS,PF,30,0,10.2,1.1,3.4,0.32,0.2,1.4,0.171,0.9,2.1,0.419,0.354,0.3,0.5,0.643,0.9,1.9,2.8,0.4,0.3,0.4,0.4,1.3,2.7,,2016
Drew Gordon,24,PHI,PF,9,0,7.9,0.9,2.1,0.421,0.0,0.3,0.0,0.9,1.8,0.5,0.421,0.1,0.2,0.5,0.8,1.2,2.0,0.2,0.1,0.0,0.9,0.8,1.9,,2015
Drew Peterson,24,BOS,PF,3,0,7.7,1.3,2.0,0.667,1.0,1.7,0.6,0.3,0.3,1.0,0.917,0.0,0.0,0.0,0.0,0.3,0.3,0.3,0.7,0.0,0.3,0.3,3.7,,2024
Dru Smith,25,MIA,SG,5,1,13.4,1.0,2.8,0.357,0.2,1.2,0.167,0.8,1.6,0.5,0.393,0.0,0.0,0.0,0.2,1.6,1.8,1.0,0.8,0.6,0.2,2.0,2.2,,2023
Duane Causwell,30,MIA,C,19,1,7.2,1.1,1.8,0.571,0.0,0.0,0.0,1.1,1.8,0.571,0.571,0.2,0.6,0.333,0.7,1.1,1.8,0.1,0.0,0.6,0.9,1.7,2.3,,1999
Duane Cooper,24,PHO,PG,23,2,5.9,0.8,1.8,0.439,0.0,0.3,0.143,0.7,1.5,0.5,0.451,0.5,0.7,0.733,0.1,0.3,0.4,1.2,0.1,0.0,0.9,0.5,2.1,,1994
Duane Ferrell,33,GSW,SF,8,0,5.8,0.1,1.8,0.071,0.0,0.0,0.0,0.1,1.8,0.071,0.071,0.4,0.5,0.75,0.6,0.1,0.8,0.0,0.1,0.1,0.1,0.5,0.6,,1999
Duane Washington,28,LAC,SG,4,0,7.0,0.0,1.3,0.0,0.0,0.0,0.0,0.0,1.3,0.0,0.0,0.0,0.0,0.0,0.0,0.5,0.5,1.3,0.3,0.0,0.5,0.5,0.0,,1993
Duane Washington Jr.,22,PHO,SG,31,3,12.7,3.0,8.3,0.367,1.3,3.6,0.36,1.7,4.7,0.372,0.445,0.5,0.8,0.667,0.1,1.1,1.2,2.0,0.2,0.1,1.1,0.7,7.9,,2023
Duje Dukan,24,SAC,SF,1,0,24.0,2.0,10.0,0.2,2.0,5.0,0.4,0.0,5.0,0.0,0.3,0.0,0.0,0.0,2.0,2.0,4.0,1.0,1.0,0.0,0.0,2.0,6.0,,2016
Duncan Robinson,24,MIA,SF,15,1,10.7,1.2,3.1,0.391,0.7,2.3,0.286,0.5,0.7,0.727,0.5,0.3,0.4,0.667,0.1,1.1,1.3,0.3,0.3,0.0,0.3,0.7,3.3,,2019
Duop Reath,27,POR,C,68,20,17.9,3.4,7.3,0.461,1.3,3.6,0.359,2.1,3.7,0.559,0.549,1.0,1.4,0.742,1.4,2.3,3.7,1.0,0.5,0.6,0.8,2.4,9.1,,2024
Dusty Hannahs,25,MEM,SG,2,0,13.0,1.5,6.0,0.25,0.0,2.5,0.0,1.5,3.5,0.429,0.25,1.0,1.0,1.0,0.0,0.5,0.5,2.5,0.5,0.0,0.5,0.5,4.0,,2019
Dwayne Bacon,22,CHO,SG,53,6,13.5,1.4,3.6,0.375,0.2,0.8,0.256,1.2,2.8,0.409,0.404,0.4,0.5,0.8,0.1,2.3,2.3,0.7,0.3,0.0,0.4,0.9,3.3,,2018
Dwayne Jones,26,PHO,PF,2,0,3.5,0.0,0.0,0.0,0.0,0.0,0.0,0.0,0.0,0.0,0.0,0.0,0.0,0.0,0.0,1.0,1.0,0.0,0.0,0.0,0.0,0.5,0.0,,2010
Dwayne Morton,23,GSW,PG,41,6,9.6,1.2,3.1,0.388,0.2,0.6,0.36,1.0,2.5,0.394,0.422,1.4,2.1,0.682,0.5,0.9,1.4,0.4,0.3,0.4,0.7,1.1,4.1,,1995
Dwayne Schintzius,30,BOS,C,16,0,4.2,0.3,1.0,0.25,0.0,0.0,0.0,0.3,1.0,0.25,0.25,0.2,0.3,0.75,0.4,0.8,1.2,0.5,0.0,0.2,0.6,1.1,0.7,,1999
Dwayne Whitfield,23,TOR,PF,8,1,15.3,1.6,3.8,0.433,0.0,0.0,0.0,1.6,3.8,0.433,0.433,1.8,2.8,0.636,1.1,2.0,3.1,0.3,0.4,0.3,1.0,1.8,5.0,,1996
Dwight Buycks,24,TOR,PG,14,0,10.4,1.1,3.4,0.313,0.4,1.2,0.294,0.7,2.2,0.323,0.365,0.6,0.6,0.889,0.3,1.4,1.6,0.7,0.6,0.0,0.7,0.8,3.1,,2014
Dwight Howard,36,LAL,C,60,27,16.2,2.2,3.7,0.612,0.1,0.3,0.533,2.1,3.4,0.618,0.63,1.6,2.4,0.658,2.0,4.0,5.9,0.6,0.6,0.6,0.8,1.9,6.2,,2022
Dwight Powell,23,BOS,PF,5,0,1.8,0.8,1.0,0.8,0.0,0.0,0.0,0.8,1.0,0.8,0.8,0.2,0.4,0.5,0.0,0.2,0.2,0.0,0.4,0.0,0.4,0.2,1.8,,2015
Dwyane Wade,36,CLE,SG,46,3,23.2,4.3,9.5,0.455,0.5,1.5,0.329,3.8,7.9,0.479,0.482,2.0,2.9,0.701,0.8,3.1,3.9,3.5,0.9,0.7,2.0,1.8,11.2,,2018
Dylan Windler,27,NYK,SF,3,0,2.3,0.3,0.7,0.5,0.3,0.7,0.5,0.0,0.0,0.0,0.75,0.0,0.0,0.0,0.0,0.3,0.3,0.3,0.0,0.0,0.0,0.3,1.0,,2024
Dyson Daniels,19,NOP,PG,59,11,17.7,1.5,3.5,0.418,0.5,1.5,0.314,1.0,2.1,0.492,0.483,0.4,0.7,0.65,0.6,2.6,3.2,2.3,0.7,0.2,1.0,1.7,3.8,,2023
Dāvis Bertāns,31,OKC,PF,15,0,6.1,0.7,1.7,0.385,0.7,1.6,0.417,0.0,0.1,0.0,0.577,0.9,1.0,0.933,0.1,0.5,0.7,0.6,0.2,0.2,0.1,0.7,2.9,,2024
Džanan Musa,19,BRK,SG,9,0,4.3,1.0,2.4,0.409,0.1,1.1,0.1,0.9,1.3,0.667,0.432,0.0,0.2,0.0,0.1,0.4,0.6,0.2,0.2,0.0,0.4,0.1,2.1,,2019
E'Twaun Moore,25,CHI,SG,56,0,9.0,1.1,2.5,0.446,0.2,0.7,0.342,0.9,1.8,0.485,0.493,0.2,0.4,0.6,0.2,0.6,0.8,0.6,0.4,0.1,0.3,0.8,2.7,,2015
E.J. Liddell,23,NOP,PF,8,0,2.9,0.1,0.8,0.167,0.0,0.6,0.0,0.1,0.1,1.0,0.167,0.3,0.3,1.0,0.0,0.6,0.6,0.1,0.3,0.3,0.3,0.3,0.5,,2024
Earl Barron,24,MIA,C,8,0,5.6,0.6,2.0,0.313,0.0,0.0,0.0,0.6,2.0,0.313,0.313,0.4,0.5,0.75,0.3,1.0,1.3,0.0,0.0,0.0,0.6,1.3,1.6,,2006
Earl Boykins,22,CLE,PG,17,0,10.0,1.2,3.4,0.345,0.1,0.8,0.154,1.1,2.6,0.4,0.362,0.1,0.2,0.667,0.4,0.4,0.8,1.6,0.3,0.0,0.8,1.0,2.6,,1999
Earl Clark,26,NYK,PF,9,0,7.8,0.8,2.3,0.333,0.1,0.7,0.167,0.7,1.7,0.4,0.357,0.9,1.1,0.8,0.2,1.6,1.8,0.2,0.1,0.7,0.1,0.7,2.6,,2014
Earl Cureton,39,TOR,PF,9,0,5.1,0.3,0.9,0.375,0.0,0.0,0.0,0.3,0.9,0.375,0.375,0.1,0.3,0.333,0.4,0.6,1.0,0.4,0.0,0.0,0.1,1.1,0.8,,1997
Earl Watson,34,POR,PG,24,0,6.7,0.1,0.5,0.273,0.1,0.3,0.286,0.0,0.2,0.25,0.364,0.2,0.2,1.0,0.2,0.4,0.6,1.2,0.2,0.0,0.7,1.4,0.5,,2014
Ed Davis,32,CLE,C,31,3,6.5,0.4,0.5,0.688,0.0,0.0,0.0,0.4,0.5,0.688,0.688,0.2,0.5,0.429,0.5,1.6,2.1,0.2,0.1,0.3,0.2,1.1,0.9,,2022
Ed Gray,23,ATL,SG,30,3,11.2,1.8,6.1,0.291,0.4,1.4,0.286,1.4,4.7,0.293,0.324,0.9,1.2,0.757,0.2,0.7,0.9,0.4,0.4,0.0,1.0,1.0,4.9,,1999
Ed Nealy,32,GSW,PF,30,4,7.6,0.5,1.5,0.348,0.2,0.7,0.318,0.3,0.8,0.375,0.424,0.2,0.3,0.7,0.3,1.3,1.6,0.4,0.3,0.0,0.2,1.2,1.5,,1993
Ed O'Bannon,24,DAL,SF,19,0,9.2,0.9,3.8,0.236,0.1,0.5,0.1,0.8,3.3,0.258,0.243,0.6,0.6,0.917,0.5,1.4,1.9,0.6,0.3,0.1,0.3,1.0,2.4,,1997
Ed Pinckney,31,MIL,PF,62,17,13.5,0.8,1.6,0.495,0.0,0.0,0.0,0.8,1.6,0.495,0.495,0.7,1.0,0.71,1.0,2.4,3.4,0.3,0.5,0.3,0.4,1.0,2.3,,1995
Ed Stokes,26,TOR,C,4,0,4.3,0.3,0.8,0.333,0.0,0.0,0.0,0.3,0.8,0.333,0.333,0.3,0.5,0.5,0.3,0.8,1.0,0.3,0.3,0.5,0.5,1.0,0.8,,1998
Eddie Basden,22,CHI,SF,19,0,7.4,0.8,1.9,0.405,0.1,0.4,0.143,0.7,1.6,0.467,0.419,0.4,0.5,0.8,0.4,1.1,1.5,0.4,0.5,0.1,0.5,0.9,2.1,,2006
Eddie Gill,29,SEA,PG,1,0,5.0,0.0,2.0,0.0,0.0,1.0,0.0,0.0,1.0,0.0,0.0,0.0,0.0,0.0,0.0,0.0,0.0,1.0,0.0,0.0,1.0,0.0,0.0,,2008
Eddie Griffin,24,MIN,PF,13,0,7.1,0.5,2.1,0.259,0.0,0.1,0.0,0.5,2.0,0.269,0.259,0.3,0.4,0.8,0.5,1.4,1.9,0.3,0.0,0.5,0.5,0.6,1.4,,2007
Eddie House,26,MIL,SG,5,0,8.2,1.2,3.4,0.353,0.8,1.2,0.667,0.4,2.2,0.182,0.471,0.0,0.0,0.0,0.0,0.6,0.6,1.0,0.4,0.0,0.0,0.6,3.2,,2005
Eddie Johnson,39,HOU,SF,3,0,6.0,2.0,4.3,0.462,0.0,0.3,0.0,2.0,4.0,0.5,0.462,0.0,0.0,0.0,0.0,0.7,0.7,0.3,0.0,0.0,0.7,1.0,4.0,,1999
Eddie Jones,36,DAL,SG,47,33,19.6,1.4,3.8,0.367,0.7,2.5,0.293,0.7,1.4,0.5,0.461,0.2,0.3,0.714,0.4,2.4,2.8,1.5,0.6,0.2,0.6,1.5,3.7,,2008
Eddie Lee Wilkins,28,NYK,C,68,1,9.8,1.7,3.8,0.447,0.0,0.0,0.0,1.7,3.7,0.449,0.447,0.8,1.3,0.567,1.0,1.6,2.6,0.2,0.3,0.1,0.7,1.3,4.1,,1991
Eddie Robinson,26,CHI,SF,64,18,21.2,2.4,4.9,0.492,0.0,0.2,0.214,2.4,4.7,0.505,0.497,0.8,1.0,0.81,1.2,1.9,3.1,1.0,1.0,0.2,0.8,1.9,5.7,,2003
Eddy Curry,26,NYK,C,3,0,4.0,0.7,0.7,1.0,0.0,0.0,0.0,0.7,0.7,1.0,1.0,0.3,1.0,0.333,0.0,1.3,1.3,0.0,0.0,0.0,0.7,1.7,1.7,,2009
Edmond Sumner,22,IND,PG,1,0,2.0,1.0,1.0,1.0,0.0,0.0,0.0,1.0,1.0,1.0,1.0,0.0,0.0,0.0,0.0,1.0,1.0,0.0,0.0,0.0,0.0,1.0,2.0,,2018
Eduardo Nájera,34,CHA,PF,31,0,12.0,0.8,2.3,0.361,0.4,1.1,0.324,0.5,1.2,0.395,0.438,0.2,0.4,0.545,0.5,1.0,1.4,0.6,0.4,0.2,0.4,1.7,2.2,,2011
Edwin Ubiles,25,WAS,SF,4,0,13.0,1.3,4.5,0.278,0.3,1.3,0.2,1.0,3.3,0.308,0.306,0.8,0.8,1.0,0.5,2.0,2.5,0.3,0.3,0.3,0.3,0.3,3.5,,2012
Edy Tavares,24,ATL,C,1,0,4.0,1.0,1.0,1.0,0.0,0.0,0.0,1.0,1.0,1.0,1.0,0.0,2.0,0.0,0.0,1.0,1.0,0.0,0.0,0.0,0.0,0.0,2.0,,2017
Efthimios Rentzias,27,PHI,C,35,0,4.1,0.6,1.7,0.339,0.1,0.2,0.5,0.5,1.5,0.314,0.373,0.2,0.3,0.889,0.3,0.5,0.7,0.2,0.2,0.1,0.1,0.6,1.5,,2003
Ekpe Udoh,27,LAC,PF,33,0,3.9,0.3,0.7,0.458,0.0,0.0,0.0,0.3,0.7,0.458,0.458,0.2,0.3,0.778,0.2,0.6,0.8,0.2,0.2,0.2,0.2,0.6,0.9,,2015
Elden Campbell,36,NJN,C,10,0,5.0,0.0,0.7,0.0,0.0,0.0,0.0,0.0,0.7,0.0,0.0,0.2,0.4,0.5,0.3,0.8,1.1,0.3,0.0,0.1,0.1,1.0,0.2,,2005
Eldridge Recasner,34,CHH,SG,1,0,2.0,0.0,0.0,0.0,0.0,0.0,0.0,0.0,0.0,0.0,0.0,0.0,0.0,0.0,0.0,0.0,0.0,0.0,0.0,0.0,0.0,1.0,0.0,,2002
Elfrid Payton,27,PHO,PG,50,1,11.0,1.3,3.5,0.383,0.1,0.4,0.222,1.3,3.1,0.401,0.394,0.2,0.6,0.375,0.4,1.3,1.8,2.0,0.5,0.1,0.9,0.8,3.0,,2022
Elias Harris,24,LAL,SF,2,0,5.5,0.0,0.5,0.0,0.0,0.0,0.0,0.0,0.5,0.0,0.0,0.0,0.0,0.0,0.5,0.0,0.5,0.5,0.5,0.0,0.0,0.0,0.0,,2014
Elie Okobo,22,PHO,PG,55,3,13.1,1.3,3.3,0.398,0.5,1.3,0.352,0.9,2.0,0.427,0.467,0.9,1.3,0.704,0.3,1.3,1.6,2.1,0.4,0.1,0.7,1.0,4.0,,2020
Elijah Bryant,25,MIL,SG,1,0,32.0,6.0,13.0,0.462,1.0,5.0,0.2,5.0,8.0,0.625,0.5,3.0,3.0,1.0,2.0,4.0,6.0,3.0,0.0,1.0,4.0,4.0,16.0,,2021
Elijah Hughes,22,UTA,SF,18,0,3.6,0.6,1.7,0.333,0.4,1.3,0.348,0.1,0.4,0.286,0.467,0.2,0.2,0.75,0.1,0.4,0.5,0.3,0.1,0.1,0.3,0.1,1.7,,2021
Elijah Millsap,29,PHO,SG,2,0,11.5,0.5,3.5,0.143,0.0,1.0,0.0,0.5,2.5,0.2,0.143,0.5,1.0,0.5,1.5,1.5,3.0,0.5,0.0,0.0,1.0,1.0,1.5,,2017
Elliot Perry,22,LAC,PG,10,0,6.6,0.6,1.5,0.4,0.0,0.2,0.0,0.6,1.3,0.462,0.4,0.1,0.2,0.5,0.2,0.5,0.7,1.4,0.9,0.1,1.3,1.0,1.3,,1992
Elliot Williams,26,MEM,PG,5,0,9.0,0.4,2.0,0.2,0.2,0.8,0.25,0.2,1.2,0.167,0.25,0.6,0.8,0.75,0.2,0.6,0.8,0.8,0.0,0.0,0.2,0.4,1.6,,2016
Elmer Bennett,25,PHI,PG,8,0,8.3,0.5,2.1,0.235,0.0,0.0,0.0,0.5,2.1,0.235,0.235,0.4,0.5,0.75,0.1,0.5,0.6,1.0,0.1,0.1,0.9,0.8,1.4,,1996
Elmore Spencer,26,DEN,C,6,0,3.5,0.0,0.2,0.0,0.0,0.0,0.0,0.0,0.2,0.0,0.0,0.0,0.0,0.0,0.2,0.5,0.7,0.0,0.0,0.0,0.5,1.3,0.0,,1996
Elton Brand,35,ATL,C,36,4,13.5,1.2,2.6,0.442,0.0,0.0,0.0,1.2,2.6,0.447,0.442,0.3,0.6,0.522,0.8,2.0,2.8,0.6,0.5,0.7,0.5,1.5,2.7,,2015
Emanual Davis,34,ATL,SG,24,1,14.2,1.3,3.7,0.364,0.3,1.2,0.241,1.0,2.5,0.424,0.403,0.7,0.9,0.773,0.2,1.6,1.8,1.5,0.5,0.1,1.0,1.2,3.7,,2003
Emanuel Terry,25,PHO,PF,3,0,6.0,0.0,1.7,0.0,0.0,0.0,0.0,0.0,1.7,0.0,0.0,0.0,0.0,0.0,2.7,2.3,5.0,0.7,0.3,0.0,1.7,1.3,0.0,,2022
Emeka Okafor,35,NOP,C,26,19,13.6,1.8,3.7,0.505,0.0,0.0,0.0,1.8,3.7,0.505,0.505,0.7,0.8,0.818,1.8,2.8,4.6,0.3,0.3,1.0,0.5,1.2,4.4,,2018
Emmanuel Mudiay,25,SAC,PG,2,0,5.5,0.0,1.0,0.0,0.0,0.0,0.0,0.0,1.0,0.0,0.0,1.5,2.0,0.75,0.0,0.0,0.0,2.0,0.5,0.0,0.5,0.5,1.5,,2022
Emoni Bates,20,CLE,SF,15,0,8.9,1.0,3.3,0.306,0.7,2.2,0.303,0.3,1.1,0.313,0.408,0.1,0.3,0.25,0.1,0.9,0.9,0.7,0.1,0.1,0.5,0.3,2.7,,2024
Enes Freedom,29,BOS,C,35,1,11.7,1.5,2.8,0.526,0.1,0.1,0.4,1.4,2.6,0.533,0.536,0.7,0.8,0.857,1.7,2.8,4.6,0.2,0.1,0.4,0.6,1.2,3.7,,2022
Ennis Whatley,34,POR,PG,3,0,7.3,0.7,1.3,0.5,0.0,0.0,0.0,0.7,1.3,0.5,0.5,0.0,0.0,0.0,0.0,1.0,1.0,1.0,0.0,0.0,0.3,1.7,1.3,,1997
Eric Anderson,22,NYK,PF,16,0,2.8,0.3,1.1,0.278,0.0,0.0,0.0,0.3,1.1,0.278,0.278,0.7,0.8,0.846,0.4,0.5,0.9,0.2,0.2,0.1,0.3,0.9,1.3,,1993
Eric Bledsoe,22,LAC,PG,40,1,11.6,1.2,3.2,0.389,0.2,0.8,0.2,1.1,2.4,0.448,0.413,0.7,1.1,0.636,0.6,1.1,1.6,1.7,0.8,0.4,1.2,1.5,3.3,,2012
Eric Dawson,27,SAS,C,4,0,9.8,1.8,3.0,0.583,0.0,0.0,0.0,1.8,3.0,0.583,0.583,0.3,0.5,0.5,1.3,1.3,2.5,0.0,0.3,0.5,0.8,1.5,3.8,,2012
Eric Gordon,34,LAC,SG,22,11,24.9,3.7,8.0,0.463,2.1,5.0,0.423,1.5,2.9,0.531,0.597,1.5,1.7,0.842,0.2,1.5,1.7,2.1,0.6,0.4,1.0,1.5,11.0,,2023
Eric Leckner,30,CHH,C,1,0,11.0,0.0,3.0,0.0,0.0,0.0,0.0,0.0,3.0,0.0,0.0,0.0,0.0,0.0,0.0,1.0,1.0,1.0,0.0,0.0,0.0,3.0,0.0,,1997
Eric Maynor,26,WAS,PG,23,0,9.3,0.9,3.1,0.292,0.3,1.1,0.32,0.6,2.0,0.277,0.347,0.1,0.1,0.667,0.3,0.7,1.0,1.7,0.2,0.0,0.7,0.6,2.3,,2014
Eric Mika,25,SAC,C,1,0,19.0,2.0,3.0,0.667,0.0,0.0,0.0,2.0,3.0,0.667,0.667,2.0,2.0,1.0,2.0,5.0,7.0,0.0,0.0,0.0,0.0,5.0,6.0,,2020
Eric Mobley,25,MIL,C,5,3,13.0,0.4,1.4,0.286,0.0,0.0,0.0,0.4,1.4,0.286,0.286,0.4,0.8,0.5,0.6,1.8,2.4,0.0,0.2,0.2,0.2,1.0,1.2,,1996
Eric Montross,28,DET,C,51,0,6.5,0.3,1.1,0.309,0.0,0.0,0.0,0.3,1.1,0.309,0.309,0.1,0.2,0.5,0.4,1.1,1.4,0.1,0.1,0.2,0.4,1.6,0.8,,2000
Eric Moreland,27,PHO,PF,1,0,5.0,0.0,0.0,0.0,0.0,0.0,0.0,0.0,0.0,0.0,0.0,0.0,0.0,0.0,0.0,3.0,3.0,0.0,0.0,0.0,0.0,1.0,0.0,,2019
Eric Murdock,28,DEN,PG,12,0,9.5,1.3,2.8,0.455,0.3,0.8,0.4,0.9,1.9,0.478,0.515,0.9,1.0,0.917,0.1,0.8,0.9,2.0,0.8,0.2,0.9,0.8,3.8,,1997
Eric Paschall,25,UTA,PF,58,3,12.7,2.0,4.1,0.485,0.7,1.9,0.37,1.3,2.2,0.583,0.57,1.1,1.5,0.767,0.5,1.3,1.8,0.6,0.2,0.1,0.5,0.9,5.8,,2022
Eric Piatkowski,35,CHI,SG,29,1,7.9,0.8,2.1,0.393,0.3,1.1,0.273,0.5,1.0,0.536,0.467,0.1,0.2,0.4,0.1,0.7,0.8,0.4,0.2,0.0,0.4,0.7,2.0,,2006
Eric Riley,23,HOU,C,47,2,4.7,0.7,1.5,0.486,0.0,0.0,0.0,0.7,1.5,0.493,0.486,0.4,0.8,0.541,0.5,0.7,1.3,0.2,0.1,0.2,0.3,0.6,1.9,,1994
Eric Snow,34,CLE,PG,22,5,13.9,0.3,1.7,0.158,0.0,0.1,0.0,0.3,1.6,0.167,0.158,0.5,1.0,0.455,0.2,0.7,0.9,1.9,0.5,0.2,0.5,1.4,1.0,,2008
Eric Washington,24,DEN,SG,38,6,20.0,1.9,4.8,0.397,1.0,2.6,0.381,0.9,2.3,0.414,0.497,0.6,0.8,0.688,0.9,1.4,2.3,0.8,0.7,0.5,0.9,2.3,5.4,,1999
Eric Williams,34,CHA,SF,5,0,6.6,0.8,2.6,0.308,0.0,0.4,0.0,0.8,2.2,0.364,0.308,0.8,1.4,0.571,0.4,0.2,0.6,0.2,0.2,0.0,0.4,1.2,2.4,,2007
Erick Barkley,22,POR,PG,8,0,4.8,1.0,2.8,0.364,0.4,1.0,0.375,0.6,1.8,0.357,0.432,0.0,0.0,0.0,0.0,0.4,0.4,0.8,0.3,0.0,0.6,0.3,2.4,,2001
Erick Dampier,36,ATL,C,15,0,5.5,0.1,0.5,0.125,0.0,0.0,0.0,0.1,0.5,0.125,0.125,0.0,0.0,0.0,0.7,1.0,1.7,0.3,0.1,0.3,0.2,0.6,0.1,,2012
Erick Green,24,DEN,PG,3,0,2.3,0.0,0.3,0.0,0.0,0.3,0.0,0.0,0.0,0.0,0.0,0.0,0.0,0.0,0.0,0.3,0.3,0.3,0.0,0.0,0.0,0.0,0.0,,2016
Erick Strickland,27,NYK,PG,28,0,15.0,1.4,4.7,0.305,0.6,1.7,0.34,0.9,3.0,0.286,0.366,0.9,1.0,0.857,0.3,1.5,1.9,1.0,0.8,0.0,0.8,1.6,4.3,,2001
Erik Daniels,22,SAC,SF,21,0,3.4,0.3,0.9,0.333,0.0,0.1,0.5,0.2,0.8,0.313,0.361,0.0,0.0,0.0,0.3,0.5,0.9,0.2,0.1,0.0,0.3,0.3,0.6,,2005
Erik McCree,24,UTA,SF,4,0,2.0,0.0,0.5,0.0,0.0,0.3,0.0,0.0,0.3,0.0,0.0,0.0,0.0,0.0,0.0,0.3,0.3,0.0,0.3,0.0,0.3,0.0,0.0,,2018
Erik Murphy,23,CHI,C,24,0,2.6,0.1,0.5,0.231,0.0,0.1,0.0,0.1,0.4,0.3,0.231,0.0,0.0,0.0,0.1,0.3,0.3,0.1,0.0,0.2,0.1,0.3,0.3,,2014
Ernest Brown,22,MIA,C,3,0,7.0,0.3,2.0,0.167,0.0,0.0,0.0,0.3,2.0,0.167,0.167,0.3,1.3,0.25,0.3,1.7,2.0,0.0,0.0,0.3,1.0,1.3,1.0,,2002
Ersan İlyasova,33,UTA,PF,17,1,8.7,1.2,3.2,0.389,1.1,2.4,0.439,0.2,0.8,0.231,0.556,0.3,0.3,1.0,0.4,1.3,1.7,0.2,0.6,0.2,0.5,1.7,3.8,,2021
Ervin Johnson,38,MIL,C,18,0,4.5,0.4,0.9,0.412,0.0,0.0,0.0,0.4,0.9,0.412,0.412,0.1,0.1,0.5,0.3,1.1,1.3,0.1,0.1,0.1,0.3,1.3,0.8,,2006
Esteban Batista,23,ATL,PF,13,0,6.2,0.6,1.2,0.5,0.0,0.0,0.0,0.6,1.2,0.5,0.5,0.3,0.5,0.571,0.5,1.8,2.3,0.3,0.2,0.0,0.3,1.0,1.5,,2007
Etan Thomas,32,ATL,C,13,0,6.3,0.8,1.6,0.476,0.0,0.0,0.0,0.8,1.6,0.476,0.476,0.9,1.2,0.8,0.5,1.3,1.8,0.2,0.1,0.3,0.4,0.8,2.5,,2011
Etdrick Bohannon,24,IND,PF,5,0,2.2,0.0,0.8,0.0,0.0,0.0,0.0,0.0,0.8,0.0,0.0,0.0,0.0,0.0,0.4,0.8,1.2,0.2,0.0,0.4,0.6,0.6,0.0,,1998
Eugene Jeter,27,SAC,PG,62,1,13.8,1.7,4.2,0.409,0.1,0.5,0.2,1.6,3.7,0.437,0.421,0.6,0.7,0.902,0.1,1.0,1.1,2.6,0.5,0.0,0.8,0.9,4.1,,2011
Eugene Omoruyi,24,DAL,SF,4,0,4.5,0.5,1.3,0.4,0.3,0.5,0.5,0.3,0.8,0.333,0.5,0.5,1.0,0.5,0.5,1.3,1.8,0.5,0.0,0.0,0.0,0.5,1.8,,2022
Evan Eschmeyer,27,DAL,C,17,3,7.9,0.4,1.1,0.368,0.0,0.0,0.0,0.4,1.1,0.368,0.368,0.2,0.2,0.75,0.6,1.1,1.7,0.4,0.6,0.4,0.4,2.1,1.0,,2003
Evan Fournier,31,NYK,SG,3,0,13.0,1.3,6.7,0.2,0.7,5.0,0.133,0.7,1.7,0.4,0.25,0.7,0.7,1.0,0.0,1.3,1.3,1.0,1.3,0.0,0.3,1.3,4.0,,2024
Evan Mobley,20,CLE,PF,69,69,33.8,6.1,12.0,0.508,0.3,1.3,0.25,5.8,10.7,0.541,0.522,2.4,3.7,0.663,2.1,6.2,8.3,2.5,0.8,1.7,1.9,2.1,15.0,ROY-2,2022
Evan Turner,31,ATL,SG,19,0,13.2,1.3,3.5,0.373,0.0,0.3,0.0,1.3,3.3,0.403,0.373,0.6,0.7,0.857,0.4,1.6,2.0,2.0,0.5,0.4,1.4,1.1,3.3,,2020
Everette Stephens,24,MIL,PG,3,0,2.0,0.7,1.0,0.667,0.0,0.0,0.0,0.7,1.0,0.667,0.667,0.7,0.7,1.0,0.0,0.0,0.0,0.7,0.0,0.0,0.0,0.0,2.0,,1991
Evers Burns,22,SAC,PF,23,0,6.2,1.0,2.4,0.4,0.0,0.0,0.0,1.0,2.4,0.4,0.4,0.5,1.0,0.522,0.6,0.7,1.3,0.4,0.3,0.1,0.3,1.4,2.4,,1994
Evric Gray,27,NJN,SF,5,0,8.4,0.8,3.0,0.267,0.2,0.8,0.25,0.6,2.2,0.273,0.3,0.8,0.8,1.0,0.2,0.4,0.6,0.4,0.2,0.0,0.6,1.0,2.6,,1997
Fab Melo,22,BOS,C,6,0,6.0,0.5,1.0,0.5,0.0,0.0,0.0,0.5,1.0,0.5,0.5,0.2,0.7,0.25,0.0,0.5,0.5,0.0,0.3,0.3,0.2,1.2,1.2,,2013
Fabricio Oberto,35,POR,C,5,0,9.0,0.6,1.0,0.6,0.0,0.0,0.0,0.6,1.0,0.6,0.6,0.2,0.4,0.5,0.6,0.8,1.4,0.0,0.0,0.0,0.6,2.0,1.4,,2011
Facundo Campazzo,31,DAL,PG,8,0,6.5,0.4,1.6,0.231,0.4,1.4,0.273,0.0,0.3,0.0,0.346,0.1,0.3,0.5,0.0,0.3,0.3,1.1,0.8,0.0,0.4,0.4,1.3,,2023
Fat Lever,33,DAL,PG,81,54,24.0,2.8,6.9,0.408,0.3,0.9,0.351,2.5,6.0,0.416,0.431,0.9,1.2,0.765,1.0,2.5,3.5,2.6,2.0,0.2,1.1,1.9,6.9,,1994
Felipe López,27,MIN,SG,67,0,8.7,0.9,2.3,0.378,0.2,0.5,0.424,0.7,1.8,0.366,0.423,0.6,0.8,0.673,0.4,0.8,1.2,0.6,0.3,0.0,0.5,1.1,2.5,,2002
Felton Spencer,34,NYK,C,32,8,7.8,0.2,0.8,0.231,0.0,0.0,0.0,0.2,0.8,0.231,0.231,0.5,1.0,0.515,0.5,1.1,1.6,0.1,0.2,0.3,0.4,2.3,0.9,,2002
Feron Hunt,22,NYK,SF,2,0,4.0,0.0,1.0,0.0,0.0,0.0,0.0,0.0,1.0,0.0,0.0,0.0,0.0,0.0,0.5,0.0,0.5,0.5,0.5,0.0,0.5,0.5,0.0,,2022
Festus Ezeli,23,GSW,C,78,41,14.4,0.9,2.2,0.438,0.0,0.0,0.0,0.9,2.2,0.438,0.438,0.6,1.0,0.531,1.8,2.2,4.0,0.3,0.3,0.9,0.8,2.0,2.4,,2013
Filip Petrušev,23,PHI,C,1,0,3.0,0.0,0.0,0.0,0.0,0.0,0.0,0.0,0.0,0.0,0.0,0.0,0.0,0.0,0.0,1.0,1.0,0.0,0.0,0.0,0.0,0.0,0.0,,2024
Francisco Elson,35,PHI,C,5,0,3.2,0.2,0.6,0.333,0.0,0.0,0.0,0.2,0.6,0.333,0.333,0.0,0.0,0.0,0.0,0.2,0.2,0.2,0.2,0.2,0.2,0.0,0.4,,2012
Francisco García,33,HOU,SF,14,0,14.3,1.2,4.5,0.27,0.7,3.2,0.222,0.5,1.3,0.389,0.349,0.1,0.3,0.25,0.2,1.0,1.2,1.1,0.6,0.4,0.7,1.4,3.2,,2015
Frank Brickowski,37,BOS,PF,17,2,15.0,1.9,4.3,0.438,0.4,1.2,0.35,1.5,3.1,0.472,0.486,0.6,0.8,0.714,0.4,1.6,2.0,0.9,0.3,0.2,1.1,2.5,4.8,,1997
Frank Jackson,24,UTA,PG,1,0,5.0,0.0,3.0,0.0,0.0,1.0,0.0,0.0,2.0,0.0,0.0,0.0,0.0,0.0,1.0,1.0,2.0,1.0,0.0,0.0,0.0,0.0,0.0,,2023
Frank Johnson,34,PHO,PG,77,0,14.6,1.8,4.1,0.436,0.0,0.2,0.083,1.8,3.9,0.45,0.438,0.8,1.0,0.776,0.5,0.9,1.5,2.4,0.8,0.1,1.0,1.5,4.3,,1993
Frank Kaminsky,29,HOU,C,10,0,5.9,0.6,1.9,0.316,0.2,1.0,0.2,0.4,0.9,0.444,0.368,0.4,0.4,1.0,0.4,1.2,1.6,1.1,0.1,0.3,0.0,0.1,1.8,,2023
Frank Kornet,24,MIL,PF,32,0,4.9,0.7,1.9,0.371,0.2,0.6,0.278,0.6,1.4,0.409,0.411,0.2,0.4,0.538,0.3,0.4,0.8,0.3,0.2,0.0,0.3,0.9,1.8,,1991
Frank Mason III,24,SAC,PG,38,0,11.4,1.9,4.4,0.42,0.4,1.7,0.219,1.5,2.8,0.543,0.462,1.0,1.5,0.684,0.2,1.0,1.1,2.2,0.4,0.1,0.9,0.9,5.1,,2019
Frank Ntilikina,25,CHO,PG,5,0,8.6,0.2,1.8,0.111,0.2,1.6,0.125,0.0,0.2,0.0,0.167,0.4,0.4,1.0,0.2,1.0,1.2,0.8,0.0,0.0,0.2,0.8,1.0,,2024
Frank Williams,24,CHI,SG,9,0,7.9,0.3,2.2,0.15,0.0,0.4,0.0,0.3,1.8,0.188,0.15,0.0,0.0,0.0,0.2,0.4,0.7,1.2,0.2,0.3,0.3,1.0,0.7,,2005
Frankie King,23,LAL,PG,6,0,3.3,0.5,1.8,0.273,0.0,0.2,0.0,0.5,1.7,0.3,0.273,0.2,0.5,0.333,0.2,0.2,0.3,0.3,0.3,0.0,0.3,0.7,1.2,,1996
Franz Wagner,20,ORL,SF,79,79,30.7,5.8,12.3,0.468,1.2,3.4,0.354,4.6,8.9,0.511,0.517,2.4,2.8,0.863,1.1,3.4,4.5,2.9,0.9,0.4,1.5,2.1,15.2,ROY-5,2022
Fred Hoiberg,26,IND,SG,12,0,7.3,0.5,1.8,0.286,0.1,0.8,0.111,0.4,1.0,0.417,0.31,0.5,0.5,1.0,0.2,0.8,0.9,0.3,0.0,0.0,0.3,0.9,1.6,,1999
Fred Jones,23,IND,SG,19,1,6.1,0.5,1.3,0.375,0.1,0.4,0.286,0.4,0.9,0.412,0.417,0.2,0.2,0.75,0.2,0.3,0.5,0.3,0.3,0.1,0.3,0.7,1.2,,2003
Fred Roberts,36,DAL,PF,12,0,3.3,0.5,1.3,0.4,0.0,0.0,0.0,0.5,1.3,0.4,0.4,0.8,1.2,0.714,0.2,0.7,0.8,0.0,0.0,0.1,0.4,0.2,1.8,,1997
Fred VanVleet,22,TOR,PG,37,0,7.9,1.1,3.0,0.351,0.3,0.8,0.379,0.8,2.2,0.341,0.401,0.5,0.6,0.818,0.1,1.0,1.1,0.9,0.4,0.1,0.4,1.0,2.9,,2017
Fred Vinson,24,ATL,SG,5,0,5.4,0.2,1.4,0.143,0.2,1.2,0.167,0.0,0.2,0.0,0.214,0.2,0.2,1.0,0.0,0.0,0.0,0.2,0.0,0.0,0.4,0.8,0.8,,1995
Freddie Gillespie,24,ORL,PF,9,2,13.2,1.0,2.4,0.409,0.0,0.1,0.0,1.0,2.3,0.429,0.409,0.3,0.8,0.429,1.4,2.6,4.0,0.6,0.3,1.0,0.6,2.0,2.3,,2022
Furkan Aldemir,23,PHI,PF,41,9,13.2,1.0,1.9,0.513,0.0,0.1,0.0,1.0,1.8,0.548,0.513,0.3,0.7,0.481,1.9,2.4,4.3,0.7,0.4,0.4,0.4,2.3,2.3,,2015
Furkan Korkmaz,20,PHI,SG,14,0,5.7,0.6,2.0,0.286,0.4,1.2,0.294,0.2,0.8,0.273,0.375,0.1,0.3,0.5,0.1,0.6,0.8,0.3,0.1,0.1,0.1,0.9,1.6,,2018
GG Jackson II,19,MEM,PF,48,18,25.7,5.0,11.7,0.428,2.1,6.0,0.357,2.9,5.8,0.502,0.519,2.4,3.2,0.752,1.1,3.0,4.1,1.2,0.6,0.5,1.4,1.3,14.6,,2024
Gabe Pruitt,22,BOS,SG,47,0,7.8,0.7,2.1,0.307,0.3,1.0,0.292,0.4,1.1,0.321,0.376,0.4,0.4,0.81,0.2,0.7,0.9,0.8,0.3,0.1,0.4,0.7,2.0,,2009
Gabe Vincent,23,MIA,PG,9,0,9.2,0.9,4.1,0.216,0.7,3.0,0.222,0.2,1.1,0.2,0.297,0.0,0.0,0.0,0.0,0.6,0.6,0.7,0.6,0.0,0.1,0.7,2.4,,2020
Gabe York,28,IND,SG,2,0,10.5,1.0,3.5,0.286,0.5,3.0,0.167,0.5,0.5,1.0,0.357,1.5,2.5,0.6,0.0,1.0,1.0,2.0,1.0,0.5,0.5,2.0,4.0,,2022
Gabriel Deck,26,OKC,PF,7,0,8.0,1.1,2.0,0.571,0.3,0.6,0.5,0.9,1.4,0.6,0.643,0.0,0.0,0.0,0.1,0.7,0.9,0.7,0.1,0.0,0.3,0.3,2.6,,2022
Gabriel Lundberg,27,PHO,SG,4,0,11.0,1.3,4.8,0.263,0.8,2.0,0.375,0.5,2.8,0.182,0.342,0.0,0.0,0.0,0.5,1.3,1.8,2.8,0.8,0.0,0.8,1.8,3.3,,2022
Gal Mekel,26,NOP,PG,4,0,10.8,0.8,5.0,0.15,0.0,0.8,0.0,0.8,4.3,0.176,0.15,0.0,0.0,0.0,0.0,0.3,0.3,3.3,0.5,0.0,0.5,0.3,1.5,,2015
Gani Lawal,22,PHO,PF,1,0,2.0,0.0,0.0,0.0,0.0,0.0,0.0,0.0,0.0,0.0,0.0,0.0,0.0,0.0,0.0,0.0,0.0,0.0,0.0,0.0,0.0,1.0,0.0,,2011
Garret Siler,24,PHO,C,21,0,4.8,0.8,1.5,0.548,0.0,0.0,0.0,0.8,1.5,0.548,0.548,0.5,1.0,0.5,0.8,0.6,1.3,0.1,0.0,0.2,0.5,1.0,2.1,,2011
Garrett Temple,24,SAS,SG,3,0,7.0,0.3,1.7,0.2,0.0,0.3,0.0,0.3,1.3,0.25,0.2,0.0,0.7,0.0,0.3,0.3,0.7,0.7,0.3,0.3,0.3,0.7,0.7,,2011
Garrison Mathews,26,2TM,SG,54,0,12.7,1.4,3.7,0.363,1.2,3.3,0.35,0.2,0.4,0.476,0.52,0.9,1.0,0.906,0.2,1.1,1.4,0.5,0.4,0.1,0.4,1.1,4.8,,2023
Garth Joseph,27,DEN,C,2,0,4.0,0.0,1.5,0.0,0.0,0.0,0.0,0.0,1.5,0.0,0.0,0.0,1.0,0.0,0.0,0.0,0.0,0.0,0.0,0.5,0.5,0.0,0.0,,2001
Gary Alexander,24,MIA,PF,4,0,3.0,0.3,0.5,0.5,0.0,0.0,0.0,0.3,0.5,0.5,0.5,0.0,0.5,0.0,0.3,0.5,0.8,0.3,0.0,0.0,0.3,0.8,0.5,,1994
Gary Clark,26,DEN,SF,2,0,2.0,0.0,0.0,0.0,0.0,0.0,0.0,0.0,0.0,0.0,0.0,0.0,0.0,0.0,0.0,0.5,0.5,0.0,0.0,0.0,0.0,0.0,0.0,,2021
Gary Forbes,25,DEN,SF,63,11,12.6,2.0,4.3,0.454,0.3,0.9,0.328,1.7,3.4,0.488,0.489,0.9,1.4,0.678,0.4,1.4,1.8,0.8,0.4,0.1,0.7,1.2,5.2,,2011
Gary Grant,33,POR,PG,2,0,3.5,0.0,0.5,0.0,0.0,0.0,0.0,0.0,0.5,0.0,0.0,0.0,0.0,0.0,0.0,0.0,0.0,1.5,0.5,0.0,0.0,0.0,0.0,,1999
Gary Harris,20,DEN,SG,55,6,13.1,1.2,3.9,0.304,0.4,1.9,0.204,0.8,2.1,0.395,0.353,0.6,0.9,0.745,0.4,0.8,1.2,0.5,0.7,0.1,0.7,1.3,3.4,,2015
Gary Leonard,23,ATL,C,4,0,2.3,0.0,0.0,0.0,0.0,0.0,0.0,0.0,0.0,0.0,0.0,0.5,1.0,0.5,0.0,0.5,0.5,0.0,0.0,0.3,0.0,0.5,0.5,,1991
Gary Neal,32,ATL,SG,2,0,9.0,0.0,3.5,0.0,0.0,1.0,0.0,0.0,2.5,0.0,0.0,2.0,2.0,1.0,0.0,0.5,0.5,0.5,0.0,0.0,0.0,0.5,2.0,,2017
Gary Payton,38,MIA,PG,68,28,22.1,2.1,5.4,0.393,0.5,1.8,0.26,1.6,3.6,0.461,0.437,0.6,0.8,0.667,0.3,1.7,1.9,3.0,0.6,0.0,1.0,1.7,5.3,,2007
Gary Payton II,25,MIL,PG,12,6,8.8,1.1,2.8,0.394,0.2,1.0,0.167,0.9,1.8,0.524,0.424,0.2,0.3,0.667,0.3,1.1,1.4,0.8,0.3,0.1,0.3,1.4,2.5,,2018
Gary Plummer,30,DEN,PF,60,0,12.3,1.8,3.8,0.465,0.0,0.1,0.0,1.8,3.8,0.471,0.465,1.2,1.6,0.726,0.9,2.0,2.9,0.7,0.2,0.2,1.3,2.4,4.7,,1993
Gary Trent,26,DAL,PF,33,4,9.7,1.7,3.9,0.438,0.0,0.0,0.0,1.7,3.9,0.442,0.438,0.6,1.1,0.528,1.2,1.6,2.8,0.3,0.4,0.2,0.7,1.6,4.0,,2001
Gary Trent Jr.,20,POR,SG,15,1,7.4,1.1,3.3,0.32,0.3,1.4,0.238,0.7,1.9,0.379,0.37,0.2,0.5,0.429,0.1,0.7,0.7,0.3,0.1,0.1,0.3,0.3,2.7,,2019
Gaylon Nickerson,27,WSB,SG,1,0,6.0,1.0,3.0,0.333,0.0,1.0,0.0,1.0,2.0,0.5,0.333,0.0,0.0,0.0,0.0,1.0,1.0,0.0,1.0,0.0,1.0,0.0,2.0,,1997
Geert Hammink,26,2TM,C,6,0,2.8,0.3,0.7,0.5,0.0,0.0,0.0,0.3,0.7,0.5,0.5,0.7,1.2,0.571,0.3,0.3,0.7,0.0,0.0,0.0,0.3,0.3,1.3,,1996
Geno Carlisle,28,POR,SG,6,0,2.7,0.3,0.5,0.667,0.0,0.0,0.0,0.3,0.5,0.667,0.667,0.7,1.0,0.667,0.2,0.0,0.2,0.2,0.0,0.0,0.2,0.2,1.3,,2005
George Hill,36,2TM,SG,46,1,18.1,1.7,3.6,0.47,0.7,2.1,0.358,1.0,1.5,0.62,0.572,0.9,1.2,0.764,0.3,1.5,1.8,2.4,0.6,0.1,0.7,1.2,5.0,,2023
George King,25,PHO,SF,1,0,6.0,0.0,0.0,0.0,0.0,0.0,0.0,0.0,0.0,0.0,0.0,0.0,0.0,0.0,0.0,1.0,1.0,0.0,0.0,0.0,0.0,0.0,0.0,,2019
George Lynch,34,NOH,SF,44,27,21.2,1.5,4.3,0.36,0.3,0.8,0.297,1.3,3.5,0.375,0.389,0.4,0.5,0.739,1.3,2.7,4.0,2.0,0.7,0.3,1.3,1.9,3.7,,2005
George McCloud,29,LAL,SF,23,2,12.4,1.5,4.2,0.354,0.9,2.1,0.429,0.6,2.0,0.277,0.464,0.3,0.4,0.667,0.3,1.3,1.6,0.7,0.4,0.0,0.4,0.9,4.1,,1997
George Zídek,24,SEA,C,6,0,3.7,0.5,2.3,0.214,0.2,0.3,0.5,0.3,2.0,0.167,0.25,0.7,0.7,1.0,0.0,0.7,0.7,0.2,0.0,0.0,0.2,0.8,1.8,,1998
Georges Niang,23,IND,PF,23,0,4.0,0.4,1.6,0.25,0.0,0.5,0.083,0.3,1.0,0.333,0.264,0.1,0.1,1.0,0.1,0.7,0.7,0.2,0.1,0.0,0.2,0.3,0.9,,2017
Georgios Kalaitzakis,23,MIL,SF,9,0,5.3,0.6,1.2,0.455,0.2,0.4,0.5,0.3,0.8,0.429,0.545,0.4,1.0,0.444,0.4,0.4,0.9,0.0,0.1,0.1,0.4,0.9,1.8,,2022
Georgios Papagiannis,20,POR,C,1,0,4.0,1.0,1.0,1.0,0.0,0.0,0.0,1.0,1.0,1.0,1.0,0.0,0.0,0.0,1.0,0.0,1.0,0.0,2.0,0.0,0.0,0.0,2.0,,2018
Gerald Brown,23,PHO,SG,33,0,7.2,1.0,2.7,0.371,0.1,0.3,0.3,0.9,2.4,0.38,0.388,0.3,0.4,0.786,0.2,0.5,0.7,0.9,0.2,0.0,0.7,0.6,2.4,,1999
Gerald Fitch,23,MIA,PG,18,1,13.3,1.7,4.9,0.337,0.4,1.4,0.269,1.3,3.5,0.365,0.376,0.9,1.3,0.739,0.4,1.3,1.7,1.8,0.4,0.3,0.8,1.6,4.7,,2006
Gerald Glass,28,CHH,SF,5,0,3.0,0.4,1.0,0.4,0.0,0.2,0.0,0.4,0.8,0.5,0.4,0.2,0.2,1.0,0.2,0.2,0.4,0.0,0.2,0.0,0.0,1.0,1.0,,1996
Gerald Green,22,2TM,SF,30,0,12.1,1.7,5.0,0.344,0.5,1.3,0.385,1.2,3.7,0.33,0.394,1.1,1.4,0.829,0.4,1.7,2.1,1.0,0.3,0.1,1.1,1.5,5.1,,2008
Gerald Henderson,36,HOU,PG,8,0,4.3,0.5,1.4,0.364,0.0,0.4,0.0,0.5,1.0,0.5,0.364,0.5,0.8,0.667,0.1,0.1,0.3,0.6,0.0,0.0,0.5,0.5,1.5,,1992
Gerald Madkins,25,CLE,SG,7,0,4.0,0.3,0.9,0.333,0.1,0.3,0.5,0.1,0.6,0.25,0.417,0.4,0.6,0.75,0.0,0.0,0.0,0.1,0.3,0.0,0.4,0.3,1.1,,1995
Gerald Paddio,28,NYK,SF,3,0,2.7,0.7,1.7,0.4,0.0,0.0,0.0,0.7,1.7,0.4,0.4,0.0,0.0,0.0,0.0,0.0,0.0,0.0,0.0,0.0,0.0,1.0,1.3,,1994
Gerald Wallace,32,BOS,SF,32,0,8.9,0.4,1.1,0.412,0.0,0.1,0.333,0.4,1.0,0.419,0.426,0.2,0.5,0.4,0.5,1.3,1.8,0.3,0.5,0.1,0.6,0.6,1.1,,2015
Gerald Wilkins,35,ORL,SG,3,0,9.3,0.0,3.0,0.0,0.0,0.0,0.0,0.0,3.0,0.0,0.0,0.7,0.7,1.0,0.0,0.3,0.3,0.3,0.0,0.0,1.0,1.0,0.7,,1999
Gerard King,26,SAS,SF,19,0,3.3,0.3,0.7,0.429,0.0,0.0,0.0,0.3,0.7,0.429,0.429,0.6,0.9,0.611,0.3,0.4,0.7,0.2,0.1,0.1,0.2,0.6,1.2,,1999
Gheorghe Mureșan,27,NJN,C,1,0,1.0,0.0,1.0,0.0,0.0,0.0,0.0,0.0,1.0,0.0,0.0,0.0,0.0,0.0,0.0,0.0,0.0,0.0,0.0,0.0,1.0,0.0,0.0,,1999
Gian Clavell,24,DAL,SG,7,0,9.1,0.9,2.6,0.333,0.9,2.1,0.4,0.0,0.4,0.0,0.5,0.3,0.3,1.0,0.1,0.9,1.0,0.4,0.3,0.0,0.3,1.1,2.9,,2018
Giannis Antetokounmpo,19,MIL,SF,77,23,24.6,2.2,5.4,0.414,0.5,1.5,0.347,1.7,3.9,0.44,0.463,1.8,2.6,0.683,1.0,3.4,4.4,1.9,0.8,0.8,1.6,2.2,6.8,ROY-7,2014
Gigi Datome,26,DET,SF,34,0,7.0,1.0,2.9,0.351,0.2,1.1,0.179,0.8,1.7,0.466,0.387,0.2,0.3,0.8,0.4,0.9,1.4,0.3,0.2,0.0,0.3,0.6,2.4,,2014
Gilbert Arenas,30,MEM,PG,17,0,12.4,1.5,3.8,0.406,0.8,2.3,0.333,0.8,1.5,0.52,0.508,0.4,0.6,0.7,0.1,0.9,1.1,1.1,0.6,0.1,0.7,2.1,4.2,,2012
Glen Davis,29,LAC,PF,74,0,12.2,1.6,3.4,0.459,0.0,0.1,0.0,1.6,3.4,0.466,0.459,0.8,1.3,0.632,0.6,1.7,2.3,0.5,0.6,0.3,0.5,1.8,4.0,,2015
Glen Rice,36,LAC,SF,18,0,14.6,1.2,4.2,0.289,0.3,1.6,0.179,0.9,2.7,0.354,0.322,0.9,0.9,1.0,0.5,1.8,2.3,1.3,0.3,0.0,0.7,1.2,3.7,,2004
Glen Rice Jr.,24,WAS,SG,5,0,8.6,0.6,3.0,0.2,0.2,1.4,0.143,0.4,1.6,0.25,0.233,0.8,1.2,0.667,0.4,0.4,0.8,0.4,0.0,0.0,0.4,2.2,2.2,,2015
Glenn Robinson,32,SAS,SF,9,0,17.4,3.8,8.6,0.442,0.2,0.7,0.333,3.6,7.9,0.451,0.455,2.2,2.6,0.87,0.4,2.2,2.7,0.9,0.4,0.3,0.8,2.1,10.0,,2005
Glenn Robinson III,21,MIN,SG,25,0,4.3,0.3,1.0,0.333,0.0,0.2,0.167,0.3,0.7,0.389,0.354,0.5,0.6,0.75,0.2,0.4,0.6,0.1,0.1,0.0,0.1,0.2,1.2,,2015
God Shammgod,21,WAS,PG,20,0,7.3,1.0,2.9,0.328,0.0,0.1,0.0,1.0,2.8,0.339,0.328,1.2,1.5,0.767,0.1,0.3,0.4,1.8,0.4,0.1,1.1,1.4,3.1,,1998
Goga Bitadze,20,IND,C,54,2,8.7,1.3,2.8,0.467,0.1,0.8,0.19,1.1,2.0,0.574,0.493,0.4,0.6,0.727,0.5,1.5,2.0,0.4,0.2,0.7,0.5,1.2,3.2,,2020
Goran Dragić,22,PHO,PG,55,1,13.2,1.6,4.1,0.393,0.4,1.0,0.37,1.2,3.1,0.4,0.438,0.9,1.2,0.769,0.6,1.3,1.9,2.0,0.5,0.1,1.3,1.6,4.5,,2009
Gordan Giriček,30,PHI,SG,12,0,9.2,1.1,3.4,0.317,0.4,1.3,0.333,0.7,2.2,0.308,0.378,0.5,0.7,0.75,0.1,1.1,1.2,0.9,0.3,0.1,0.7,0.8,3.1,,2008
Gordon Hayward,27,BOS,SF,1,1,5.0,1.0,2.0,0.5,0.0,1.0,0.0,1.0,1.0,1.0,0.5,0.0,0.0,0.0,0.0,1.0,1.0,0.0,0.0,0.0,0.0,1.0,2.0,,2018
Gorgui Dieng,32,ATL,C,44,3,8.4,1.2,2.5,0.473,0.7,1.5,0.426,0.5,1.0,0.545,0.603,0.4,0.6,0.731,0.7,2.0,2.8,0.8,0.3,0.3,0.5,1.2,3.5,,2022
Gradey Dick,20,TOR,SG,60,17,21.1,3.2,7.4,0.425,1.5,4.0,0.365,1.7,3.4,0.495,0.524,0.7,0.9,0.863,0.5,1.8,2.2,1.1,0.6,0.0,0.8,1.5,8.5,,2024
Grant Hill,40,LAC,SF,29,0,15.1,1.3,3.4,0.388,0.1,0.4,0.273,1.2,3.0,0.402,0.403,0.5,0.8,0.583,0.2,1.5,1.7,0.9,0.4,0.2,0.9,1.3,3.2,,2013
Grant Jerrett,21,OKC,PF,5,0,5.0,0.6,3.4,0.176,0.2,2.6,0.077,0.4,0.8,0.5,0.206,0.0,0.0,0.0,0.2,0.6,0.8,0.2,0.0,0.4,0.4,1.4,1.4,,2015
Grant Long,36,BOS,PF,41,1,11.9,0.7,1.7,0.386,0.0,0.1,0.0,0.7,1.6,0.403,0.386,0.4,0.6,0.783,0.6,1.4,2.0,0.6,0.2,0.0,0.5,1.5,1.8,,2003
Grant Riller,23,CHO,PG,7,0,3.9,1.1,1.7,0.667,0.3,0.6,0.5,0.9,1.1,0.75,0.75,0.0,0.0,0.0,0.0,0.1,0.1,0.4,0.1,0.0,0.1,0.0,2.6,,2021
Grant Williams,21,BOS,PF,69,5,15.1,1.3,3.1,0.412,0.3,1.4,0.25,0.9,1.7,0.548,0.469,0.6,0.8,0.722,0.9,1.7,2.6,1.0,0.4,0.5,0.7,2.4,3.4,,2020
Grayson Allen,23,UTA,SG,38,2,10.9,1.8,4.7,0.376,0.8,2.6,0.323,0.9,2.1,0.443,0.466,1.2,1.6,0.75,0.1,0.5,0.6,0.7,0.2,0.2,0.9,1.2,5.6,,2019
Greg Anderson,31,SAS,PF,46,7,7.5,0.5,1.0,0.511,0.0,0.0,0.0,0.5,1.0,0.522,0.511,0.1,0.5,0.24,0.6,1.5,2.2,0.2,0.2,0.5,0.5,1.4,1.2,,1996
Greg Anthony,33,POR,PG,58,0,14.8,1.7,4.4,0.383,1.1,2.7,0.409,0.6,1.6,0.34,0.512,0.4,0.6,0.657,0.4,0.7,1.1,1.4,0.7,0.1,0.7,1.1,4.9,,2001
Greg Brown III,21,POR,PF,16,0,5.8,0.7,1.8,0.393,0.1,0.4,0.143,0.6,1.3,0.476,0.411,0.3,0.8,0.417,0.1,1.1,1.2,0.2,0.3,0.3,0.4,0.8,1.8,,2023
Greg Buckner,32,MEM,SF,63,0,13.9,1.0,2.5,0.384,0.2,0.8,0.255,0.8,1.7,0.444,0.425,0.3,0.4,0.8,0.5,1.6,2.1,0.9,0.5,0.1,0.6,1.7,2.5,,2009
Greg Butler,24,LAC,C,9,0,4.1,0.6,2.1,0.263,0.0,0.0,0.0,0.6,2.1,0.263,0.263,0.4,0.7,0.667,0.9,0.9,1.8,0.1,0.0,0.0,0.4,1.0,1.6,,1991
Greg Dreiling,30,IND,C,43,0,5.6,0.4,1.3,0.328,0.0,0.1,0.0,0.4,1.3,0.352,0.328,0.2,0.3,0.533,0.6,0.9,1.5,0.2,0.1,0.2,0.2,1.4,1.1,,1993
Greg Foster,33,MIL,PF,6,0,4.0,0.3,1.5,0.222,0.0,0.7,0.0,0.3,0.8,0.4,0.222,0.5,0.7,0.75,0.0,1.3,1.3,0.2,0.0,0.0,0.0,0.7,1.2,,2002
Greg Graham,27,CLE,SG,6,0,9.3,1.2,2.0,0.583,0.0,0.5,0.0,1.2,1.5,0.778,0.583,0.3,0.3,1.0,0.0,0.2,0.2,1.0,0.2,0.0,1.7,1.2,2.7,,1998
Greg Grant,25,CHH,PG,13,0,4.4,0.0,0.6,0.0,0.0,0.0,0.0,0.0,0.6,0.0,0.0,0.1,0.2,0.5,0.1,0.2,0.3,1.4,0.6,0.0,0.4,0.2,0.1,,1992
Greg Kite,33,NYK,C,2,0,8.0,0.0,1.5,0.0,0.0,0.0,0.0,0.0,1.5,0.0,0.0,0.0,0.0,0.0,1.0,1.0,2.0,0.0,0.0,0.0,0.5,1.0,0.0,,1995
Greg Minor,27,BOS,SG,44,7,17.4,1.9,4.6,0.417,0.2,0.6,0.286,1.8,4.0,0.438,0.436,0.8,1.1,0.75,0.7,2.0,2.7,1.1,0.5,0.1,0.9,1.6,4.9,,1999
Greg Monroe,28,BOS,C,2,0,2.5,1.5,2.5,0.6,0.0,0.0,0.0,1.5,2.5,0.6,0.6,0.0,0.0,0.0,1.5,0.0,1.5,0.5,0.0,0.0,0.0,0.0,3.0,,2019
Greg Oden,26,MIA,C,23,6,9.2,1.2,2.1,0.551,0.0,0.0,0.0,1.2,2.1,0.551,0.551,0.6,1.0,0.565,1.0,1.3,2.3,0.0,0.3,0.6,0.5,2.3,2.9,,2014
Greg Ostertag,31,SAC,C,56,3,9.9,0.7,1.5,0.44,0.0,0.0,0.0,0.7,1.5,0.451,0.44,0.2,0.7,0.342,1.0,2.0,3.0,0.7,0.1,0.7,0.4,1.6,1.6,,2005
Greg Smith,21,HOU,C,8,0,8.6,0.9,1.4,0.636,0.0,0.0,0.0,0.9,1.4,0.636,0.636,0.0,0.0,0.0,0.6,1.9,2.5,0.1,0.3,0.6,0.1,2.1,1.8,,2012
Greg Stiemsma,29,TOR,C,17,0,3.9,0.4,0.5,0.75,0.0,0.0,0.0,0.4,0.5,0.75,0.75,0.1,0.2,0.5,0.5,0.4,0.9,0.2,0.1,0.0,0.4,0.9,0.8,,2015
Greg Sutton,28,CHH,PG,18,0,10.6,1.1,2.8,0.4,0.4,1.2,0.333,0.7,1.6,0.448,0.47,0.8,1.1,0.789,0.2,0.6,0.8,2.2,0.4,0.0,0.9,2.0,3.4,,1996
Greg Whittington,27,DEN,PF,4,0,3.0,0.0,0.8,0.0,0.0,0.5,0.0,0.0,0.3,0.0,0.0,0.0,0.0,0.0,0.0,0.0,0.0,0.0,0.0,0.0,0.0,0.0,0.0,,2021
Greivis Vásquez,30,BRK,PG,3,0,13.0,0.7,2.7,0.25,0.3,1.0,0.333,0.3,1.7,0.2,0.313,0.7,1.0,0.667,0.0,0.7,0.7,1.7,0.3,0.3,0.3,2.0,2.3,,2017
Guerschon Yabusele,23,BOS,PF,41,1,6.1,0.9,1.9,0.455,0.2,0.7,0.321,0.6,1.2,0.531,0.513,0.4,0.5,0.682,0.6,0.7,1.3,0.4,0.2,0.2,0.4,0.8,2.3,,2019
Gui Santos,21,GSW,PF,23,0,8.3,1.2,2.4,0.509,0.4,1.2,0.37,0.8,1.2,0.643,0.6,0.7,0.7,0.941,0.7,1.4,2.1,0.6,0.2,0.1,0.3,1.0,3.6,,2024
Guillermo Díaz,22,LAC,SG,6,0,3.0,0.2,0.7,0.25,0.0,0.2,0.0,0.2,0.5,0.333,0.25,0.5,0.8,0.6,0.3,0.0,0.3,0.2,0.0,0.0,0.0,0.0,0.8,,2008
Gundars Vētra,25,MIN,SF,13,0,6.8,1.5,3.1,0.475,0.2,0.2,1.0,1.2,2.8,0.432,0.513,0.3,0.5,0.667,0.3,0.3,0.6,0.5,0.2,0.0,0.2,0.9,3.5,,1993
Gustavo Ayón,27,ORL,C,43,3,13.3,1.6,2.9,0.536,0.0,0.0,0.0,1.6,2.9,0.536,0.536,0.4,0.9,0.5,0.9,2.3,3.3,1.4,0.3,0.3,0.9,1.9,3.6,,2013
Guy Rucker,25,GSW,PF,3,0,1.3,0.0,0.0,0.0,0.0,0.0,0.0,0.0,0.0,0.0,0.0,0.0,0.0,0.0,0.0,0.3,0.3,0.3,0.0,0.0,0.0,0.3,0.0,,2003
Ha Seung-Jin,19,POR,C,19,0,5.5,0.5,1.2,0.435,0.0,0.0,0.0,0.5,1.2,0.435,0.435,0.3,0.6,0.545,0.3,0.6,0.9,0.1,0.1,0.3,0.6,1.1,1.4,,2005
Hakeem Olajuwon,39,TOR,C,61,37,22.6,3.2,6.9,0.464,0.0,0.0,0.0,3.2,6.8,0.466,0.464,0.8,1.4,0.56,1.6,4.4,6.0,1.1,1.2,1.5,1.6,2.4,7.1,,2002
Hakim Warrick,30,NOH,PF,1,0,7.0,1.0,2.0,0.5,0.0,0.0,0.0,1.0,2.0,0.5,0.5,2.0,2.0,1.0,0.0,0.0,0.0,0.0,1.0,0.0,0.0,0.0,4.0,,2013
Hamady N'Diaye,25,WAS,C,3,0,1.0,0.0,0.3,0.0,0.0,0.0,0.0,0.0,0.3,0.0,0.0,0.0,0.0,0.0,0.0,0.0,0.0,0.0,0.0,0.0,0.0,0.0,0.0,,2012
Hamed Haddadi,27,MEM,C,13,0,6.7,0.5,1.6,0.333,0.0,0.0,0.0,0.5,1.6,0.333,0.333,0.1,0.2,0.5,0.8,1.1,1.8,0.3,0.1,0.5,0.3,1.2,1.2,,2013
Hamidou Diallo,25,WAS,SG,2,0,2.5,0.5,1.0,0.5,0.0,0.0,0.0,0.5,1.0,0.5,0.5,0.0,0.0,0.0,1.0,0.0,1.0,0.5,1.0,0.0,0.5,0.5,1.0,,2024
Hanno Möttölä,24,ATL,SF,73,3,13.5,1.7,3.8,0.444,0.0,0.0,0.0,1.7,3.8,0.449,0.444,1.0,1.2,0.811,0.7,1.7,2.4,0.3,0.2,0.1,0.9,2.2,4.4,,2001
Harold Ellis,24,LAC,SF,69,7,9.5,1.3,2.7,0.481,0.0,0.2,0.077,1.3,2.6,0.511,0.484,1.0,1.7,0.59,0.8,0.5,1.3,0.6,1.0,0.2,0.7,1.5,3.7,,1995
Harold Jamison,23,MIA,PF,12,0,6.2,0.6,1.7,0.35,0.0,0.0,0.0,0.6,1.7,0.35,0.35,0.3,1.5,0.222,1.3,0.4,1.8,0.3,0.2,0.1,0.3,1.4,1.5,,2000
Harold Miner,24,CLE,SG,19,0,7.2,1.2,2.7,0.442,0.1,0.5,0.2,1.1,2.2,0.5,0.462,0.7,0.7,1.0,0.2,0.4,0.6,0.4,0.0,0.0,0.7,1.2,3.2,,1996
Harrison Barnes,20,GSW,SF,81,81,25.4,3.4,7.8,0.439,0.6,1.8,0.359,2.8,6.0,0.464,0.481,1.8,2.3,0.758,0.7,3.5,4.1,1.2,0.6,0.2,1.2,1.7,9.2,ROY-6,2013
Harry Giles,25,LAL,C,7,0,2.7,0.1,0.9,0.167,0.0,0.4,0.0,0.1,0.4,0.333,0.167,0.0,0.0,0.0,0.0,0.6,0.6,0.0,0.1,0.0,0.0,0.0,0.3,,2024
Harvey Grant,32,WAS,SF,65,8,13.8,1.2,3.0,0.383,0.0,0.1,0.167,1.1,2.9,0.389,0.385,0.3,0.5,0.633,0.9,1.7,2.6,0.6,0.4,0.2,0.4,1.4,2.6,,1998
Hasheem Thabeet,23,HOU,C,2,0,2.0,0.0,0.5,0.0,0.0,0.0,0.0,0.0,0.5,0.0,0.0,0.0,0.0,0.0,0.0,0.0,0.0,0.0,0.0,0.5,0.0,1.5,0.0,,2011
Hassan Adams,24,TOR,SG,12,0,4.3,0.3,1.1,0.308,0.0,0.0,0.0,0.3,1.1,0.308,0.308,0.3,0.5,0.5,0.1,0.5,0.6,0.1,0.1,0.1,0.3,0.3,0.9,,2009
Hassan Whiteside,21,SAC,C,1,0,2.0,0.0,0.0,0.0,0.0,0.0,0.0,0.0,0.0,0.0,0.0,0.0,0.0,0.0,0.0,0.0,0.0,0.0,0.0,0.0,0.0,2.0,0.0,,2011
Hassani Gravett,25,ORL,PG,8,3,21.4,2.3,4.8,0.474,1.4,3.3,0.423,0.9,1.5,0.583,0.618,0.4,0.5,0.75,0.1,2.5,2.6,2.5,0.6,0.1,1.1,1.6,6.3,,2022
Haywood Highsmith,22,PHI,SF,5,0,8.0,0.8,2.0,0.4,0.2,1.0,0.2,0.6,1.0,0.6,0.45,0.0,0.4,0.0,0.0,1.0,1.0,0.4,0.2,0.0,0.2,0.2,1.8,,2019
Haywoode Workman,34,TOR,PG,13,1,7.8,0.6,2.2,0.286,0.2,1.1,0.214,0.4,1.1,0.357,0.339,0.1,0.2,0.5,0.0,0.7,0.7,1.3,0.7,0.0,0.3,1.1,1.5,,2000
Hedo Türkoğlu,33,ORL,SF,11,1,17.2,1.3,4.8,0.264,0.1,2.2,0.042,1.2,2.6,0.448,0.274,0.3,0.5,0.5,0.4,2.0,2.4,2.1,0.6,0.1,1.1,1.0,2.9,,2013
Henri Drell,23,CHI,SF,4,0,7.5,1.0,2.5,0.4,0.5,1.5,0.333,0.5,1.0,0.5,0.5,0.3,0.5,0.5,0.3,0.8,1.0,1.0,0.5,0.3,0.5,1.5,2.8,,2024
Henry Ellenson,23,BRK,C,5,0,3.0,0.2,1.4,0.143,0.0,0.8,0.0,0.2,0.6,0.333,0.143,0.0,0.0,0.0,0.4,0.8,1.2,0.2,0.0,0.0,0.0,0.2,0.4,,2020
Henry James,32,CLE,PF,28,0,5.9,0.9,2.1,0.407,0.4,0.9,0.44,0.5,1.2,0.382,0.5,0.8,0.8,0.955,0.1,0.5,0.5,0.2,0.0,0.0,0.4,0.9,2.9,,1998
Henry Sims,22,NOH,C,2,0,2.5,1.0,1.5,0.667,0.0,0.0,0.0,1.0,1.5,0.667,0.667,0.0,0.0,0.0,1.0,0.0,1.0,0.0,0.0,0.0,0.5,0.5,2.0,,2013
Henry Turner,28,SAC,PF,30,0,5.0,0.8,1.9,0.404,0.1,0.2,0.4,0.7,1.7,0.404,0.421,0.7,1.2,0.571,0.6,0.4,0.9,0.2,0.3,0.0,0.4,0.7,2.3,,1995
Henry Walker,22,BOS,SF,8,0,3.6,0.4,0.8,0.5,0.0,0.0,0.0,0.4,0.8,0.5,0.5,0.3,0.3,1.0,0.0,0.6,0.6,0.4,0.0,0.0,0.3,0.5,1.0,,2010
Herb Williams,39,NYK,PF,27,0,6.6,0.7,1.6,0.419,0.0,0.0,0.0,0.7,1.6,0.419,0.419,0.0,0.3,0.125,0.2,0.9,1.1,0.1,0.2,0.3,0.2,1.3,1.4,,1998
Herbert Jones,23,NOP,PF,78,69,29.9,3.5,7.4,0.476,0.7,2.2,0.337,2.8,5.2,0.533,0.525,1.8,2.1,0.84,1.3,2.5,3.8,2.1,1.7,0.8,1.3,3.1,9.5,ROY-6,2022
Hersey Hawkins,34,CHH,SG,59,0,11.5,0.9,2.3,0.409,0.3,0.8,0.37,0.7,1.5,0.429,0.471,0.9,1.1,0.857,0.3,1.1,1.4,1.2,0.6,0.2,0.3,0.8,3.1,,2001
Hilton Armstrong,25,HOU,C,9,0,4.4,0.6,1.9,0.294,0.0,0.1,0.0,0.6,1.8,0.313,0.294,0.0,0.2,0.0,0.6,0.1,0.7,0.3,0.6,0.0,0.6,1.1,1.1,,2010
Hiram Fuller,22,ATL,PF,4,0,10.8,0.8,2.0,0.375,0.0,0.0,0.0,0.8,2.0,0.375,0.375,0.5,1.5,0.333,1.0,1.8,2.8,0.5,0.0,0.3,1.0,1.3,2.0,,2004
Hollis Thompson,25,NOP,SG,9,8,21.2,1.2,4.6,0.268,0.7,2.7,0.25,0.6,1.9,0.294,0.341,0.7,1.0,0.667,0.4,2.7,3.1,1.0,0.7,0.0,0.2,1.6,3.8,,2017
Horace Grant,38,LAL,PF,55,10,20.1,1.7,4.1,0.411,0.0,0.0,0.0,1.7,4.1,0.413,0.411,0.7,1.0,0.722,1.4,2.8,4.2,1.3,0.4,0.4,0.5,1.3,4.1,,2004
Horace Jenkins,30,DET,PG,15,0,6.9,1.0,3.0,0.333,0.0,0.6,0.0,1.0,2.4,0.417,0.333,0.8,0.9,0.923,0.2,0.4,0.6,0.6,0.3,0.1,0.5,0.4,2.8,,2005
Horacio Llamas,23,PHO,C,20,2,5.1,0.8,1.4,0.536,0.0,0.0,0.0,0.8,1.4,0.536,0.536,0.2,0.4,0.5,0.2,0.7,0.9,0.2,0.5,0.3,0.6,1.3,1.7,,1997
Hot Rod Williams,36,DAL,C,25,11,16.1,0.4,1.3,0.333,0.0,0.0,0.0,0.4,1.3,0.333,0.333,0.3,0.4,0.7,1.4,1.9,3.3,0.6,0.5,0.7,0.5,2.0,1.2,,1999
Howard Eisley,22,SAS,PG,15,0,3.7,0.2,1.1,0.176,0.1,0.3,0.2,0.1,0.8,0.167,0.206,0.0,0.0,0.0,0.1,0.3,0.4,1.2,0.0,0.1,0.5,0.2,0.5,,1995
Howard Nathan,24,ATL,PG,5,0,3.0,1.0,1.8,0.556,0.0,0.2,0.0,1.0,1.6,0.625,0.556,0.6,0.8,0.75,0.0,0.0,0.0,0.4,0.6,0.0,1.6,0.4,2.6,,1996
Howard Wright,23,ATL,PF,4,0,5.0,0.5,0.8,0.667,0.0,0.0,0.0,0.5,0.8,0.667,0.667,0.3,0.3,1.0,0.3,1.3,1.5,0.0,0.0,0.0,0.5,0.8,1.3,,1991
Hubert Davis,33,DET,SG,3,0,7.7,0.0,0.7,0.0,0.0,0.3,0.0,0.0,0.3,0.0,0.0,0.0,0.0,0.0,0.0,0.0,0.0,0.3,0.0,0.0,0.3,1.3,0.0,,2004
Hunter Tyson,23,DEN,PF,18,0,2.7,0.4,1.1,0.4,0.2,0.8,0.286,0.2,0.3,0.667,0.5,0.0,0.0,0.0,0.1,0.4,0.5,0.1,0.1,0.0,0.1,0.6,1.1,,2024
Ian Clark,23,2TM,SG,30,0,6.4,0.6,1.8,0.345,0.3,1.0,0.333,0.3,0.8,0.36,0.436,0.3,0.3,1.0,0.1,0.4,0.5,0.4,0.3,0.1,0.3,0.7,1.9,,2015
Ian Lockhart,23,PHO,SF,1,0,2.0,1.0,1.0,1.0,0.0,0.0,0.0,1.0,1.0,1.0,1.0,2.0,2.0,1.0,0.0,0.0,0.0,0.0,0.0,0.0,0.0,0.0,4.0,,1991
Ian Mahinmi,24,DAL,C,56,0,8.7,1.0,1.8,0.561,0.0,0.0,0.0,1.0,1.7,0.573,0.561,1.1,1.5,0.768,0.8,1.4,2.1,0.1,0.3,0.3,0.4,1.9,3.1,,2011
Ibo Kutluay,30,SEA,SG,5,0,2.4,0.0,0.2,0.0,0.0,0.0,0.0,0.0,0.2,0.0,0.0,0.0,0.0,0.0,0.0,0.2,0.2,0.0,0.0,0.0,0.4,0.2,0.0,,2005
Ibou Badji,21,POR,C,22,1,10.3,0.6,1.0,0.636,0.0,0.0,0.0,0.6,1.0,0.636,0.636,0.3,0.5,0.5,0.9,1.4,2.3,0.6,0.1,0.9,0.7,2.1,1.5,,2024
Ignas Brazdeikis,22,PHI,SF,1,0,8.0,0.0,3.0,0.0,0.0,1.0,0.0,0.0,2.0,0.0,0.0,0.0,0.0,0.0,0.0,2.0,2.0,0.0,0.0,0.0,0.0,0.0,0.0,,2021
Igor Rakočević,24,MIN,PG,42,0,5.8,0.5,1.4,0.379,0.1,0.3,0.417,0.4,1.1,0.37,0.422,0.7,0.9,0.806,0.1,0.3,0.4,0.8,0.1,0.0,0.5,0.6,1.9,,2003
Ike Anigbogu,20,IND,C,3,0,2.0,0.0,1.0,0.0,0.0,0.0,0.0,0.0,1.0,0.0,0.0,0.0,0.0,0.0,0.3,0.7,1.0,0.3,0.0,0.3,0.3,0.0,0.0,,2019
Ike Diogu,28,SAS,PF,2,0,7.0,0.0,1.0,0.0,0.0,0.0,0.0,0.0,1.0,0.0,0.0,1.0,1.0,1.0,0.0,0.5,0.5,0.0,0.0,0.0,0.5,0.5,1.0,,2012
Iman Shumpert,30,BRK,SG,2,0,5.5,0.5,2.0,0.25,0.0,1.5,0.0,0.5,0.5,1.0,0.25,0.0,0.0,0.0,0.5,0.0,0.5,0.0,0.5,0.0,0.5,0.0,1.0,,2021
Ime Udoka,33,SAS,SF,20,0,6.5,0.3,1.1,0.238,0.0,0.4,0.0,0.3,0.7,0.385,0.238,0.2,0.4,0.5,0.3,0.7,1.0,0.7,0.4,0.1,0.3,0.7,0.7,,2011
Immanuel Quickley,22,NYK,PG,78,3,23.1,3.6,9.3,0.392,1.8,5.1,0.346,1.9,4.2,0.448,0.487,2.3,2.6,0.881,0.4,2.8,3.2,3.5,0.7,0.0,1.3,2.1,11.3,6MOY-10,2022
Ira Bowman,27,ATL,PG,3,0,6.3,0.0,0.7,0.0,0.0,0.0,0.0,0.0,0.7,0.0,0.0,0.0,0.0,0.0,0.3,0.3,0.7,2.3,0.0,0.0,0.3,0.0,0.0,,2001
Ira Newble,33,LAL,SF,6,0,5.2,0.5,1.5,0.333,0.2,0.3,0.5,0.3,1.2,0.286,0.389,0.0,0.0,0.0,1.0,0.8,1.8,0.5,0.2,0.2,0.5,0.8,1.2,,2008
Irving Thomas,25,LAL,PF,26,0,4.2,0.7,1.9,0.34,0.0,0.0,0.0,0.7,1.9,0.34,0.34,0.5,0.8,0.571,0.5,0.7,1.2,0.4,0.2,0.0,0.5,0.9,1.8,,1991
Isaac Austin,22,UTA,C,31,0,3.6,0.7,1.5,0.457,0.0,0.0,0.0,0.7,1.5,0.457,0.457,0.6,1.0,0.633,0.4,0.8,1.1,0.2,0.1,0.1,0.3,0.6,2.0,,1992
Isaac Bonga,22,TOR,SF,15,0,4.6,0.2,0.9,0.231,0.1,0.3,0.25,0.1,0.6,0.222,0.269,0.3,0.5,0.625,0.3,0.2,0.5,0.3,0.5,0.1,0.1,0.7,0.8,,2022
Isaac Fontaine,26,MEM,SG,6,0,12.5,0.5,2.3,0.214,0.2,0.8,0.2,0.3,1.5,0.222,0.25,0.7,1.0,0.667,0.0,0.8,0.8,0.7,0.0,0.0,0.7,1.0,1.8,,2002
Isaac Humphries,21,ATL,C,5,1,11.2,1.2,4.2,0.286,0.6,2.2,0.273,0.6,2.0,0.3,0.357,0.0,0.0,0.0,0.8,1.4,2.2,0.0,0.2,0.0,0.0,1.4,3.0,,2019
Isaac Okoro,22,CLE,SF,76,46,21.7,2.3,4.7,0.494,0.8,2.3,0.363,1.5,2.4,0.617,0.582,1.0,1.4,0.757,0.7,1.8,2.5,1.1,0.7,0.4,0.6,2.1,6.4,,2023
Isaiah Briscoe,22,ORL,PG,39,0,14.3,1.4,3.5,0.399,0.3,0.9,0.324,1.1,2.7,0.423,0.438,0.4,0.7,0.577,0.1,1.8,1.9,2.2,0.3,0.1,0.8,1.7,3.5,,2019
Isaiah Canaan,26,HOU,SG,1,0,4.0,0.0,1.0,0.0,0.0,0.0,0.0,0.0,1.0,0.0,0.0,0.0,0.0,0.0,0.0,1.0,1.0,0.0,0.0,0.0,0.0,0.0,0.0,,2018
Isaiah Hartenstein,20,HOU,PF,28,0,7.9,0.7,1.5,0.488,0.1,0.2,0.333,0.6,1.3,0.514,0.512,0.4,0.5,0.786,0.8,0.9,1.7,0.5,0.3,0.4,0.5,2.0,1.9,,2019
Isaiah Hicks,24,NYK,PF,3,0,10.7,1.3,2.7,0.5,0.0,0.0,0.0,1.3,2.7,0.5,0.5,1.3,1.7,0.8,0.7,1.7,2.3,0.7,0.3,1.0,0.3,1.7,4.0,,2019
Isaiah Jackson,22,IND,C,59,3,13.1,2.6,3.9,0.665,0.0,0.1,0.0,2.6,3.9,0.677,0.665,1.2,1.7,0.716,1.6,2.4,4.0,0.8,0.6,1.0,0.7,2.3,6.5,,2024
Isaiah Joe,22,PHI,SG,55,1,11.1,1.1,3.2,0.35,0.8,2.5,0.333,0.3,0.8,0.405,0.477,0.5,0.6,0.935,0.1,0.9,1.0,0.6,0.3,0.1,0.3,0.9,3.6,,2022
Isaiah Livers,25,DET,PF,23,6,20.4,1.7,5.0,0.345,1.0,3.3,0.286,0.8,1.7,0.462,0.44,0.5,0.8,0.667,0.7,1.4,2.1,1.1,0.6,0.2,0.7,1.9,5.0,,2024
Isaiah Mobley,24,CLE,PF,10,0,7.2,1.0,2.4,0.417,0.3,1.0,0.3,0.7,1.4,0.5,0.479,0.0,0.1,0.0,0.3,0.7,1.0,0.6,0.2,0.0,0.2,0.6,2.3,,2024
Isaiah Morris,23,DET,SF,25,0,4.1,1.0,2.3,0.456,0.0,0.0,0.0,1.0,2.3,0.456,0.456,0.1,0.2,0.75,0.2,0.2,0.5,0.2,0.1,0.0,0.3,0.6,2.2,,1993
Isaiah Rider,29,LAL,SG,67,6,18.0,3.0,7.0,0.426,0.5,1.4,0.37,2.5,5.7,0.439,0.462,1.1,1.2,0.855,0.7,1.7,2.3,1.7,0.4,0.1,1.5,1.6,7.6,,2001
Isaiah Roby,21,OKC,PF,3,0,3.7,0.0,0.3,0.0,0.0,0.0,0.0,0.0,0.3,0.0,0.0,0.0,0.0,0.0,0.0,0.7,0.7,0.0,0.0,0.0,0.3,0.3,0.0,,2020
Isaiah Stewart,19,DET,C,68,14,21.4,3.3,6.0,0.553,0.3,0.9,0.333,3.0,5.1,0.592,0.578,0.9,1.4,0.696,2.3,4.3,6.7,0.9,0.6,1.3,1.0,2.7,7.9,,2021
Isaiah Taylor,22,HOU,PG,4,0,13.0,0.3,1.8,0.143,0.0,0.5,0.0,0.3,1.3,0.2,0.143,0.3,0.5,0.5,0.3,0.5,0.8,0.8,0.3,0.3,0.0,1.5,0.8,,2017
Isaiah Thomas,34,PHO,PG,6,0,3.2,0.5,1.7,0.3,0.3,0.7,0.5,0.2,1.0,0.167,0.4,0.0,0.0,0.0,0.0,0.0,0.0,0.5,0.0,0.0,0.0,0.0,1.3,,2024
Isaiah Todd,21,WAS,PF,6,1,10.2,0.5,3.2,0.158,0.2,1.7,0.1,0.3,1.5,0.222,0.184,0.3,0.3,1.0,0.3,1.7,2.0,0.7,0.2,0.0,0.3,0.7,1.5,,2023
Isaiah Whitehead,22,BRK,PG,16,0,11.3,2.5,5.4,0.465,0.4,1.1,0.389,2.1,4.3,0.485,0.506,0.8,1.2,0.684,0.3,1.4,1.6,1.3,0.5,0.1,1.5,1.4,6.3,,2018
Isaiah Wong,23,IND,SG,1,0,4.0,1.0,3.0,0.333,0.0,1.0,0.0,1.0,2.0,0.5,0.333,0.0,0.0,0.0,0.0,0.0,0.0,0.0,0.0,0.0,0.0,0.0,2.0,,2024
Ish Smith,26,OKC,PG,30,0,5.2,0.5,1.5,0.333,0.0,0.2,0.2,0.5,1.3,0.35,0.344,0.2,0.3,0.667,0.2,0.7,0.9,0.9,0.1,0.0,0.3,0.4,1.2,,2015
Ish Wainright,29,PHO,SF,4,0,4.0,0.3,1.5,0.167,0.3,1.0,0.25,0.0,0.5,0.0,0.25,0.0,0.0,0.0,0.8,0.5,1.3,0.3,0.5,0.0,0.3,1.0,0.8,,2024
Isiah Thomas,32,DET,PG,58,56,30.2,5.5,13.2,0.417,0.7,2.2,0.31,4.8,11.0,0.438,0.442,3.1,4.4,0.702,0.8,1.9,2.7,6.9,1.2,0.1,3.5,2.2,14.8,,1994
Ivan Johnson,27,ATL,PF,56,0,16.7,2.5,4.9,0.513,0.0,0.1,0.333,2.5,4.8,0.517,0.516,1.3,1.8,0.72,1.2,2.9,4.0,0.6,0.8,0.3,1.2,2.1,6.4,,2012
Ivan McFarlin,24,PHI,PF,11,0,3.7,0.5,1.2,0.385,0.0,0.1,0.0,0.5,1.1,0.417,0.385,0.5,0.6,0.714,0.6,0.4,1.0,0.1,0.0,0.0,0.1,0.7,1.4,,2007
Ivan Rabb,20,MEM,PF,36,5,14.3,2.4,4.2,0.566,0.0,0.0,0.0,2.4,4.2,0.566,0.566,0.8,1.0,0.806,1.5,2.9,4.4,0.9,0.3,0.4,1.0,1.5,5.6,,2018
Ivano Newbill,24,DET,SF,34,0,9.7,0.5,1.3,0.356,0.0,0.0,0.0,0.5,1.3,0.356,0.356,0.2,0.6,0.364,1.2,1.2,2.4,0.5,0.4,0.3,0.4,1.8,1.2,,1995
Ivica Zubac,20,LAL,C,43,0,9.5,1.4,2.8,0.5,0.0,0.0,0.0,1.4,2.8,0.504,0.5,0.9,1.2,0.765,1.0,1.8,2.9,0.6,0.2,0.3,0.6,1.1,3.7,,2018
Izaiah Brockington,24,NOP,PG,1,0,3.0,2.0,5.0,0.4,0.0,1.0,0.0,2.0,4.0,0.5,0.4,0.0,0.0,0.0,1.0,1.0,2.0,0.0,0.0,0.0,0.0,0.0,4.0,,2024
J.J. Barea,22,DAL,PG,33,1,5.8,0.8,2.4,0.359,0.2,0.6,0.286,0.7,1.7,0.386,0.397,0.5,0.7,0.667,0.2,0.5,0.8,0.7,0.0,0.0,0.4,0.6,2.4,,2007
J.J. Hickson,20,CLE,C,62,0,11.4,1.6,3.1,0.515,0.0,0.0,0.0,1.6,3.1,0.515,0.515,0.7,1.1,0.672,0.8,1.8,2.7,0.1,0.2,0.5,0.7,1.3,4.0,,2009
J.J. O'Brien,23,UTA,SF,2,0,3.0,0.0,0.5,0.0,0.0,0.0,0.0,0.0,0.5,0.0,0.0,0.0,0.0,0.0,0.0,0.5,0.5,0.0,0.5,0.0,0.0,0.5,0.0,,2016
J.P. Macura,24,CLE,SG,1,0,1.0,0.0,0.0,0.0,0.0,0.0,0.0,0.0,0.0,0.0,0.0,0.0,0.0,0.0,0.0,0.0,0.0,0.0,0.0,0.0,0.0,0.0,0.0,,2020
J.R. Bremer,23,GSW,PG,5,0,8.0,0.8,4.2,0.19,0.0,1.6,0.0,0.8,2.6,0.308,0.19,0.0,0.0,0.0,0.4,0.2,0.6,2.4,0.0,0.0,1.0,1.0,1.6,,2004
J.R. Giddens,23,BOS,SF,6,0,1.3,0.3,0.5,0.667,0.0,0.0,0.0,0.3,0.5,0.667,0.667,0.0,0.0,0.0,0.3,0.2,0.5,0.0,0.2,0.0,0.2,0.2,0.7,,2009
J.R. Henderson,22,VAN,SF,30,0,11.0,1.2,3.2,0.365,0.1,0.2,0.4,1.1,3.0,0.363,0.375,0.8,1.5,0.556,0.7,0.9,1.6,0.7,0.3,0.1,0.6,1.0,3.2,,1999
J.R. Reid,32,CLE,PF,6,0,6.5,0.3,0.8,0.4,0.0,0.0,0.0,0.3,0.8,0.4,0.4,1.0,1.3,0.75,0.8,0.5,1.3,0.2,0.3,0.2,0.2,0.7,1.7,,2001
J.R. Smith,34,LAL,SG,6,0,13.2,1.2,3.7,0.318,0.2,1.8,0.091,1.0,1.8,0.545,0.341,0.3,0.3,1.0,0.0,0.8,0.8,0.5,0.2,0.0,0.7,0.8,2.8,,2020
JD Davison,20,BOS,SG,12,0,5.5,0.7,1.6,0.421,0.2,0.6,0.286,0.5,1.0,0.5,0.474,0.1,0.2,0.5,0.2,0.6,0.8,0.9,0.2,0.2,0.3,0.4,1.6,,2023
JJ Redick,23,ORL,SG,34,0,8.1,1.4,3.2,0.444,0.5,1.3,0.395,0.9,1.9,0.477,0.523,0.8,1.0,0.794,0.0,0.6,0.7,0.5,0.1,0.0,0.4,0.9,4.1,,2008
JT Thor,19,CHO,PF,33,0,7.9,0.7,1.7,0.436,0.2,0.8,0.259,0.5,0.8,0.607,0.5,0.4,0.6,0.6,0.3,1.0,1.3,0.6,0.2,0.3,0.3,0.8,2.0,,2022
Ja Morant,20,MEM,PG,67,67,31.0,6.7,14.0,0.477,0.9,2.7,0.335,5.8,11.3,0.511,0.509,3.6,4.6,0.776,0.8,3.1,3.9,7.3,0.9,0.3,3.3,1.6,17.8,ROY-1,2020
JaJuan Johnson,22,BOS,PF,36,0,8.3,1.5,3.4,0.446,0.0,0.0,0.0,1.5,3.4,0.446,0.446,0.2,0.3,0.667,0.6,1.1,1.6,0.2,0.1,0.4,0.4,0.7,3.2,,2012
JaKarr Sampson,26,IND,PF,34,12,13.9,2.0,3.4,0.591,0.1,0.4,0.154,1.9,3.0,0.647,0.6,0.5,0.8,0.667,0.6,2.0,2.6,0.6,0.5,0.4,0.4,1.9,4.6,,2020
JaMychal Green,24,SAS,PF,4,0,6.3,1.0,1.8,0.571,0.0,0.5,0.0,1.0,1.3,0.8,0.571,0.0,0.0,0.0,0.8,0.8,1.5,0.0,0.0,0.5,0.5,1.5,2.0,,2015
JaQuori McLaughlin,24,DAL,PG,4,0,2.8,0.0,0.5,0.0,0.0,0.3,0.0,0.0,0.3,0.0,0.0,0.0,0.0,0.0,0.0,0.0,0.0,0.5,0.0,0.0,0.0,0.3,0.0,,2022
JaVale McGee,27,PHI,C,6,0,10.2,1.3,3.0,0.444,0.0,0.0,0.0,1.3,3.0,0.444,0.444,0.3,0.7,0.5,0.7,1.5,2.2,0.3,0.0,0.2,0.8,0.3,3.0,,2015
Jabari Bird,23,BOS,SG,13,1,8.8,1.2,2.0,0.577,0.2,0.5,0.429,0.9,1.5,0.632,0.635,0.5,1.0,0.462,0.5,1.0,1.5,0.6,0.2,0.1,0.6,0.5,3.0,,2018
Jabari Brown,22,LAL,SG,19,5,29.9,3.7,8.9,0.412,1.2,3.3,0.371,2.5,5.7,0.435,0.479,3.4,4.5,0.753,0.2,1.7,1.9,2.1,0.6,0.1,1.7,1.7,11.9,,2015
Jabari Parker,25,SAC,PF,3,0,9.0,1.3,2.3,0.571,0.0,0.3,0.0,1.3,2.0,0.667,0.571,0.0,0.0,0.0,0.3,1.7,2.0,0.3,0.0,0.3,1.0,1.3,2.7,,2021
Jabari Smith,24,SAC,C,12,0,5.9,0.5,1.8,0.286,0.0,0.1,0.0,0.5,1.7,0.3,0.286,0.5,1.0,0.5,0.2,1.0,1.2,0.5,0.2,0.3,0.2,1.0,1.5,,2002
Jabari Smith Jr.,19,HOU,PF,79,79,31.0,4.6,11.3,0.408,1.5,4.9,0.307,3.1,6.3,0.487,0.475,2.1,2.6,0.786,1.5,5.7,7.2,1.3,0.5,0.9,1.3,2.9,12.8,,2023
Jabari Walker,20,POR,SF,56,0,11.1,1.5,3.5,0.419,0.3,1.0,0.286,1.2,2.5,0.472,0.46,0.6,0.8,0.756,0.9,1.5,2.3,0.6,0.2,0.2,0.5,1.2,3.9,,2023
Jack Cooley,23,UTA,C,16,0,5.4,0.6,1.4,0.409,0.0,0.0,0.0,0.6,1.4,0.409,0.409,0.6,1.3,0.429,0.6,0.9,1.6,0.1,0.4,0.2,0.2,1.4,1.7,,2015
Jack Haley,34,NJN,C,16,0,3.2,0.3,1.1,0.278,0.0,0.1,0.0,0.3,1.1,0.294,0.278,0.8,1.3,0.571,0.3,0.6,0.9,0.0,0.0,0.1,0.3,0.6,1.4,,1998
Jack Sikma,35,MIL,C,77,44,25.2,3.8,9.0,0.427,0.6,1.8,0.341,3.2,7.2,0.448,0.46,2.2,2.6,0.843,1.4,4.3,5.7,1.9,0.8,0.8,1.7,2.8,10.4,,1991
Jack White,25,DEN,SF,17,0,3.9,0.5,1.1,0.421,0.2,0.5,0.333,0.3,0.6,0.5,0.5,0.1,0.2,0.667,0.4,0.6,1.0,0.2,0.2,0.1,0.1,0.5,1.2,,2023
Jackie Butler,19,NYK,C,3,0,1.7,1.3,1.3,1.0,0.0,0.0,0.0,1.3,1.3,1.0,1.0,0.7,0.7,1.0,0.0,0.0,0.0,0.0,0.3,0.0,0.3,0.0,3.3,,2005
Jackson Vroman,23,PHO,PF,10,1,5.7,0.6,1.6,0.375,0.0,0.0,0.0,0.6,1.6,0.375,0.375,0.4,0.7,0.571,0.5,0.8,1.3,0.7,0.3,0.2,0.7,1.1,1.6,,2005
Jacob Evans,22,MIN,SG,2,0,2.0,0.0,0.5,0.0,0.0,0.5,0.0,0.0,0.0,0.0,0.0,0.0,0.0,0.0,0.0,0.0,0.0,0.0,0.0,0.0,0.0,0.0,0.0,,2020
Jacob Gilyard,25,BRK,PG,4,0,11.3,0.0,1.5,0.0,0.0,1.5,0.0,0.0,0.0,0.0,0.0,0.0,0.0,0.0,0.3,0.5,0.8,1.5,1.5,0.0,0.3,1.0,0.0,,2024
Jacob Pullen,28,PHI,PG,3,0,2.0,0.3,0.7,0.5,0.0,0.3,0.0,0.3,0.3,1.0,0.5,0.0,0.0,0.0,0.0,0.0,0.0,0.0,0.0,0.0,0.3,0.0,0.7,,2018
Jacob Toppin,23,NYK,SF,9,0,4.2,0.6,1.0,0.556,0.1,0.4,0.25,0.4,0.6,0.8,0.611,0.2,0.2,1.0,0.3,0.4,0.8,0.3,0.0,0.1,0.1,0.3,1.4,,2024
Jacob Wiley,23,BRK,PF,5,0,6.6,0.2,0.8,0.25,0.2,0.4,0.5,0.0,0.4,0.0,0.375,0.2,0.4,0.5,0.4,1.8,2.2,0.4,0.2,0.0,0.0,0.8,0.8,,2018
Jacque Vaughn,33,SAS,PG,30,0,9.7,0.8,2.5,0.32,0.0,0.0,1.0,0.8,2.5,0.311,0.327,0.5,0.6,0.889,0.1,0.6,0.7,1.8,0.2,0.0,0.5,0.9,2.2,,2009
Jaden Hardy,21,DAL,SG,73,7,13.5,2.7,6.6,0.407,1.1,3.1,0.362,1.6,3.5,0.447,0.492,0.8,1.0,0.776,0.3,1.5,1.8,1.5,0.3,0.1,0.8,1.1,7.3,,2024
Jaden Ivey,21,DET,SG,77,61,28.8,5.4,12.6,0.429,1.6,4.8,0.336,3.8,7.8,0.485,0.492,2.9,3.9,0.749,1.1,2.3,3.4,3.8,0.7,0.5,2.5,2.6,15.4,,2024
Jaden McDaniels,20,MIN,PF,63,27,24.0,2.6,5.8,0.447,1.1,3.1,0.364,1.5,2.7,0.544,0.545,0.4,0.7,0.6,0.8,2.9,3.7,1.1,0.6,1.0,0.7,2.7,6.8,,2021
Jaden Springer,19,PHI,SG,2,0,3.0,0.5,0.5,1.0,0.0,0.0,0.0,0.5,0.5,1.0,1.0,0.0,0.0,0.0,0.5,0.5,1.0,0.0,0.0,1.0,0.5,0.0,1.0,,2022
Jae Crowder,24,DAL,SF,25,0,10.6,1.3,3.0,0.434,0.5,1.5,0.342,0.8,1.5,0.526,0.52,0.4,0.4,0.909,0.5,0.7,1.2,0.5,0.6,0.2,0.4,1.0,3.6,,2015
Jae'Sean Tate,28,HOU,SF,65,9,15.9,1.7,3.5,0.472,0.4,1.2,0.299,1.3,2.3,0.559,0.522,0.4,0.6,0.667,0.9,2.1,3.0,1.0,0.6,0.2,0.6,2.1,4.1,,2024
Jahidi White,27,WAS,C,1,0,4.0,0.0,1.0,0.0,0.0,0.0,0.0,0.0,1.0,0.0,0.0,0.0,0.0,0.0,0.0,0.0,0.0,0.0,0.0,1.0,1.0,0.0,0.0,,2004
Jahlil Okafor,22,PHI,C,2,0,12.5,2.0,4.5,0.444,0.0,0.0,0.0,2.0,4.5,0.444,0.444,1.0,2.0,0.5,2.0,2.5,4.5,0.5,0.0,1.0,1.5,3.5,5.0,,2018
Jahmi'us Ramsey,19,SAC,SG,13,0,7.2,1.2,2.9,0.395,0.4,1.5,0.263,0.8,1.5,0.526,0.461,0.4,0.4,1.0,0.2,0.6,0.8,0.5,0.3,0.1,0.2,0.6,3.1,,2021
Jaime Echenique,24,WAS,C,1,0,3.0,0.0,0.0,0.0,0.0,0.0,0.0,0.0,0.0,0.0,0.0,0.0,0.0,0.0,0.0,0.0,0.0,0.0,0.0,0.0,0.0,0.0,0.0,,2022
Jaime Jaquez Jr.,22,MIA,SF,75,20,28.2,4.5,9.3,0.489,0.9,2.7,0.322,3.7,6.6,0.558,0.536,1.9,2.3,0.811,1.1,2.7,3.8,2.6,1.0,0.3,1.5,2.2,11.9,"ROY-4,6MOY-9",2024
Jake LaRavia,21,MEM,PF,35,0,11.8,1.1,2.7,0.389,0.7,2.0,0.338,0.4,0.7,0.542,0.516,0.2,0.3,0.778,0.5,1.3,1.8,0.6,0.3,0.1,0.5,1.4,3.0,,2023
Jake Layman,23,POR,SF,35,1,4.6,0.4,1.3,0.298,0.1,0.6,0.2,0.3,0.8,0.37,0.34,0.1,0.1,0.667,0.1,0.3,0.5,0.3,0.2,0.1,0.1,0.4,1.0,,2018
Jake Tsakalidis,27,2TM,C,36,7,10.8,0.8,2.0,0.403,0.0,0.0,0.0,0.8,2.0,0.403,0.403,0.7,1.1,0.667,1.2,1.7,2.9,0.1,0.2,0.3,0.7,1.4,2.3,,2007
Jake Voskuhl,31,TOR,C,38,1,6.3,0.3,1.2,0.267,0.0,0.0,0.0,0.3,1.2,0.267,0.267,0.3,0.4,0.786,0.6,1.0,1.6,0.2,0.1,0.1,0.4,1.6,0.9,,2009
Jakob Poeltl,21,TOR,C,54,4,11.6,1.2,2.1,0.583,0.0,0.0,0.0,1.2,2.1,0.583,0.583,0.6,1.1,0.544,1.4,1.6,3.1,0.2,0.3,0.4,0.5,2.1,3.1,,2017
Jalen Brunson,23,DAL,PG,57,16,17.9,3.2,6.8,0.466,0.8,2.1,0.358,2.4,4.7,0.515,0.522,1.1,1.3,0.813,0.4,2.0,2.4,3.3,0.4,0.1,1.2,1.3,8.2,,2020
Jalen Crutcher,24,NOP,PG,1,0,3.0,0.0,1.0,0.0,0.0,0.0,0.0,0.0,1.0,0.0,0.0,0.0,0.0,0.0,0.0,0.0,0.0,0.0,0.0,0.0,0.0,0.0,0.0,,2024
Jalen Duren,19,DET,C,67,31,24.9,3.9,5.9,0.648,0.0,0.0,0.0,3.9,5.9,0.652,0.648,1.4,2.3,0.611,3.4,5.5,8.9,1.1,0.7,0.9,1.4,2.7,9.1,,2023
Jalen Green,19,HOU,SG,67,67,31.9,6.1,14.2,0.426,2.3,6.8,0.343,3.7,7.4,0.502,0.508,2.8,3.5,0.797,0.5,2.9,3.4,2.6,0.7,0.3,2.0,1.5,17.3,ROY-4,2022
Jalen Harris,22,TOR,SG,13,2,13.2,2.8,5.5,0.5,1.3,2.8,0.472,1.5,2.8,0.528,0.618,0.5,0.7,0.778,0.2,1.2,1.4,1.3,0.6,0.0,1.1,1.2,7.4,,2021
Jalen Hood-Schifino,20,LAL,SG,21,0,5.2,0.5,2.1,0.222,0.1,0.7,0.133,0.4,1.4,0.267,0.244,0.6,1.0,0.6,0.1,0.5,0.6,0.4,0.1,0.1,0.4,0.6,1.6,,2024
Jalen Johnson,20,ATL,PF,22,0,5.5,1.0,1.9,0.537,0.1,0.6,0.231,0.9,1.3,0.679,0.573,0.2,0.3,0.714,0.1,1.1,1.2,0.1,0.1,0.1,0.4,0.4,2.4,,2022
Jalen Jones,24,NOP,SF,4,0,4.8,0.3,1.0,0.25,0.3,0.3,1.0,0.0,0.8,0.0,0.375,0.5,0.5,1.0,0.0,0.8,0.8,0.0,0.0,0.0,0.0,0.5,1.3,,2018
Jalen Lecque,20,IND,PG,4,0,3.0,0.3,2.3,0.111,0.0,0.3,0.0,0.3,2.0,0.125,0.111,0.8,0.8,1.0,0.5,0.8,1.3,0.5,0.0,0.0,0.0,0.0,1.3,,2021
Jalen McDaniels,26,TOR,SF,50,1,10.8,1.3,3.8,0.344,0.2,1.4,0.169,1.1,2.4,0.449,0.376,0.5,0.7,0.73,0.4,1.2,1.6,0.7,0.4,0.1,0.6,1.0,3.4,,2024
Jalen Pickett,24,DEN,SG,27,0,4.5,0.6,1.3,0.429,0.3,0.9,0.36,0.2,0.4,0.6,0.557,0.1,0.1,0.75,0.0,0.5,0.5,0.8,0.1,0.0,0.3,0.5,1.6,,2024
Jalen Rose,34,PHO,SF,29,0,8.5,1.3,3.0,0.442,0.7,1.6,0.447,0.6,1.3,0.436,0.564,0.4,0.4,0.917,0.1,0.7,0.8,0.6,0.2,0.1,0.3,0.8,3.7,,2007
Jalen Slawson,24,SAC,SF,12,0,3.1,0.3,0.5,0.667,0.0,0.2,0.0,0.3,0.3,1.0,0.667,0.0,0.0,0.0,0.1,0.5,0.6,0.2,0.1,0.1,0.2,0.7,0.7,,2024
Jalen Smith,20,PHO,PF,27,1,5.8,0.8,1.9,0.44,0.1,0.6,0.235,0.7,1.2,0.545,0.48,0.2,0.3,0.714,0.3,1.1,1.4,0.1,0.0,0.2,0.3,0.6,2.0,,2021
Jalen Suggs,21,ORL,SG,53,19,23.5,3.5,8.4,0.419,1.2,3.8,0.327,2.3,4.6,0.496,0.493,1.6,2.2,0.723,1.0,2.0,3.0,2.9,1.3,0.5,1.8,2.3,9.9,,2023
Jalen Williams,21,OKC,SG,75,62,30.3,5.5,10.6,0.521,1.0,2.7,0.356,4.5,7.9,0.579,0.567,2.1,2.5,0.812,1.1,3.4,4.5,3.3,1.4,0.5,1.6,2.5,14.1,ROY-2,2023
Jalen Wilson,23,BRK,PF,43,3,15.4,1.8,4.2,0.425,0.6,1.7,0.324,1.2,2.4,0.495,0.492,0.9,1.1,0.826,1.1,2.0,3.0,1.0,0.3,0.1,0.4,1.1,5.0,,2024
Jamaal Franklin,23,DEN,SG,3,0,4.3,0.3,0.7,0.5,0.3,0.7,0.5,0.0,0.0,0.0,0.75,0.0,0.0,0.0,0.3,0.3,0.7,1.0,0.0,0.3,1.0,1.3,1.0,,2015
Jamaal Magloire,33,TOR,C,34,1,11.0,0.5,1.3,0.378,0.0,0.0,0.0,0.5,1.3,0.378,0.378,0.2,0.8,0.259,0.7,2.6,3.3,0.2,0.1,0.3,0.6,1.9,1.2,,2012
Jamaal Tinsley,35,UTA,PG,8,5,13.8,0.5,2.5,0.2,0.1,1.9,0.067,0.4,0.6,0.6,0.225,0.0,0.0,0.0,0.3,1.1,1.4,2.9,0.3,0.0,1.1,1.3,1.1,,2014
Jamal Cain,24,MIA,PF,26,1,10.0,1.3,3.0,0.43,0.4,1.2,0.355,0.9,1.8,0.479,0.5,0.7,0.9,0.783,0.6,0.8,1.4,0.4,0.4,0.2,0.3,0.8,3.7,,2024
Jamal Crawford,20,CHI,PG,61,8,17.2,1.8,5.0,0.352,0.7,1.9,0.35,1.1,3.1,0.353,0.419,0.4,0.6,0.794,0.1,1.3,1.5,2.3,0.7,0.2,1.4,1.1,4.6,,2001
Jamal Mashburn,24,DAL,SF,37,21,26.4,3.8,10.2,0.372,1.1,3.5,0.321,2.6,6.6,0.4,0.428,1.9,3.0,0.649,0.8,2.4,3.1,2.5,0.9,0.1,1.5,1.9,10.6,,1997
Jamal Murray,19,DEN,SG,82,10,21.5,3.6,8.9,0.404,1.4,4.2,0.334,2.2,4.7,0.466,0.483,1.3,1.5,0.883,0.5,2.1,2.6,2.1,0.6,0.3,1.4,1.5,9.9,ROY-5,2017
Jamal Robinson,27,MIA,SF,6,0,12.0,0.5,3.7,0.136,0.0,0.3,0.0,0.5,3.3,0.15,0.136,0.0,0.0,0.0,0.5,1.3,1.8,0.3,1.0,0.0,0.5,1.2,1.0,,2001
Jamal Sampson,19,MIL,PF,5,0,1.6,0.0,0.4,0.0,0.0,0.0,0.0,0.0,0.4,0.0,0.0,0.0,0.0,0.0,0.2,0.2,0.4,0.2,0.2,0.0,0.0,0.0,0.0,,2003
Jamaree Bouyea,23,WAS,PG,1,0,6.0,0.0,1.0,0.0,0.0,1.0,0.0,0.0,0.0,0.0,0.0,0.0,0.0,0.0,0.0,1.0,1.0,0.0,0.0,0.0,0.0,1.0,0.0,,2023
Jamario Moon,31,CHA,SF,8,0,15.4,0.9,3.0,0.292,0.3,1.3,0.2,0.6,1.8,0.357,0.333,0.3,0.3,1.0,0.3,2.5,2.8,0.6,0.1,0.6,1.0,0.6,2.3,,2012
Jameel Warney,24,DAL,PF,3,0,9.0,2.3,4.0,0.583,0.0,0.0,0.0,2.3,4.0,0.583,0.583,1.0,1.7,0.6,1.3,1.7,3.0,0.0,0.0,0.0,0.3,0.7,5.7,,2018
Jameer Nelson,35,DET,PG,7,0,16.6,1.6,5.6,0.282,0.1,2.0,0.071,1.4,3.6,0.4,0.295,0.4,0.4,1.0,0.3,0.9,1.1,3.3,0.6,0.1,1.6,2.0,3.7,,2018
Jamel Artis,25,ORL,SG,15,1,18.6,2.1,5.3,0.392,0.5,1.9,0.276,1.5,3.3,0.46,0.443,0.5,0.8,0.583,0.3,2.3,2.5,1.2,0.1,0.2,0.5,0.7,5.1,,2018
Jamel Thomas,26,GSW,SF,4,0,6.8,0.8,2.0,0.375,0.0,0.5,0.0,0.8,1.5,0.5,0.375,0.0,0.0,0.0,0.3,0.5,0.8,1.0,0.3,0.0,1.0,0.5,1.5,,2000
James Anderson,23,SAS,SF,10,0,9.4,1.1,2.5,0.44,0.5,1.1,0.455,0.6,1.4,0.429,0.54,0.7,0.9,0.778,0.3,1.1,1.4,0.9,0.3,0.2,0.7,0.7,3.4,,2013
James Augustine,22,ORL,PF,2,0,3.5,0.5,1.5,0.333,0.0,0.0,0.0,0.5,1.5,0.333,0.333,0.0,0.0,0.0,0.5,1.0,1.5,1.0,0.0,0.0,0.0,1.0,1.0,,2007
James Blackwell,26,CHH,PG,4,0,4.8,0.5,0.8,0.667,0.0,0.0,0.0,0.5,0.8,0.667,0.667,0.0,0.0,0.0,0.0,0.8,0.8,1.3,0.3,0.0,0.5,0.3,1.0,,1995
James Bouknight,23,CHO,SG,14,0,5.8,1.3,2.9,0.439,0.9,2.1,0.433,0.4,0.8,0.455,0.598,0.1,0.1,0.5,0.1,0.6,0.6,0.4,0.1,0.1,0.1,0.2,3.6,,2024
James Collins,24,LAC,SG,23,0,4.5,0.9,2.4,0.382,0.4,0.9,0.45,0.5,1.5,0.343,0.464,0.3,0.6,0.571,0.3,0.3,0.6,0.1,0.3,0.1,0.3,0.5,2.6,,1998
James Cotton,23,SEA,SG,10,0,5.9,0.6,1.8,0.333,0.0,0.3,0.0,0.6,1.5,0.4,0.333,1.3,1.8,0.722,0.2,0.8,1.0,0.0,0.3,0.0,0.3,0.6,2.5,,1999
James Donaldson,34,NYK,C,14,0,5.8,0.4,1.3,0.278,0.0,0.0,0.0,0.4,1.3,0.278,0.278,0.1,0.1,1.0,0.1,1.2,1.4,0.1,0.0,0.4,0.5,1.2,0.9,,1992
James Edwards,39,POR,C,28,0,9.5,1.1,3.0,0.386,0.0,0.0,0.0,1.1,3.0,0.386,0.386,0.4,0.6,0.647,0.4,1.2,1.5,0.3,0.2,0.3,0.5,1.6,2.7,,1995
James Ennis III,25,MIA,SF,3,0,2.3,0.0,0.0,0.0,0.0,0.0,0.0,0.0,0.0,0.0,0.0,0.0,0.0,0.0,0.0,0.0,0.0,0.3,0.0,0.0,0.0,0.3,0.0,,2016
James Harden,20,OKC,SG,76,0,22.9,3.1,7.6,0.403,1.2,3.3,0.375,1.8,4.3,0.424,0.484,2.6,3.2,0.808,0.6,2.6,3.2,1.8,1.1,0.3,1.4,2.6,9.9,,2010
James Johnson,36,IND,PF,9,0,5.2,0.3,1.1,0.3,0.0,0.2,0.0,0.3,0.9,0.375,0.3,0.2,0.2,1.0,0.1,0.3,0.4,0.9,0.6,0.1,0.6,1.0,0.9,,2024
James Jones,23,IND,SF,6,0,4.3,0.3,1.5,0.222,0.2,0.7,0.25,0.2,0.8,0.2,0.278,0.3,0.3,1.0,0.0,0.3,0.3,0.0,0.2,0.0,0.0,0.2,1.2,,2004
James Lang,23,WAS,C,11,0,5.0,0.4,0.8,0.444,0.0,0.0,0.0,0.4,0.8,0.444,0.444,0.3,0.5,0.6,0.5,0.5,1.0,0.2,0.0,0.3,0.2,1.3,1.0,,2007
James Michael McAdoo,25,PHI,PF,3,0,6.0,0.7,2.3,0.286,0.7,2.3,0.286,0.0,0.0,0.0,0.429,0.7,0.7,1.0,0.0,0.7,0.7,0.0,0.0,0.3,0.3,0.3,2.7,,2018
James Nunnally,30,NOP,SF,9,0,5.3,0.6,1.4,0.385,0.4,1.3,0.333,0.1,0.1,1.0,0.538,0.1,0.2,0.5,0.2,0.8,1.0,0.3,0.0,0.0,0.2,0.1,1.7,,2021
James Posey,34,IND,SF,49,0,17.1,1.7,4.9,0.336,1.4,4.3,0.316,0.3,0.6,0.483,0.475,0.2,0.3,0.733,0.2,2.8,3.0,0.7,0.5,0.1,0.5,2.1,4.9,,2011
James Robinson,30,ORL,PG,6,0,8.3,0.7,1.8,0.364,0.3,0.8,0.4,0.3,1.0,0.333,0.455,0.0,0.0,0.0,0.0,1.3,1.3,0.0,0.7,0.2,0.7,0.8,1.7,,2001
James Scott,24,MIA,SF,8,0,4.0,0.0,1.0,0.0,0.0,0.5,0.0,0.0,0.5,0.0,0.0,0.1,0.3,0.5,0.1,0.6,0.8,0.4,0.3,0.0,0.3,0.6,0.1,,1997
James Singleton,25,LAC,PF,53,0,7.1,0.6,1.5,0.366,0.1,0.3,0.214,0.5,1.3,0.397,0.384,0.4,0.5,0.759,0.7,1.3,2.0,0.3,0.3,0.3,0.3,0.8,1.6,,2007
James Southerland,23,CHA,SF,1,0,3.0,0.0,3.0,0.0,0.0,1.0,0.0,0.0,2.0,0.0,0.0,0.0,0.0,0.0,0.0,0.0,0.0,0.0,0.0,0.0,0.0,0.0,0.0,,2014
James Thomas,25,CHI,PF,7,0,3.7,0.4,0.9,0.5,0.0,0.0,0.0,0.4,0.9,0.5,0.5,0.0,0.0,0.0,0.6,0.6,1.1,0.0,0.0,0.0,0.0,0.4,0.9,,2006
James Webb III,24,BRK,SF,10,0,12.0,0.6,2.4,0.25,0.4,1.9,0.211,0.2,0.5,0.4,0.333,0.0,0.0,0.0,0.8,1.6,2.4,0.4,0.1,0.0,0.4,1.0,1.6,,2018
James White,26,HOU,SF,4,0,2.8,0.8,1.3,0.6,0.3,0.5,0.5,0.5,0.8,0.667,0.7,0.0,0.0,0.0,0.0,0.0,0.0,0.3,0.3,0.3,0.8,0.5,1.8,,2009
James Wiseman,21,GSW,C,21,0,12.5,2.8,4.5,0.628,0.0,0.1,0.5,2.8,4.4,0.63,0.633,1.2,1.8,0.684,0.9,2.6,3.5,0.7,0.1,0.3,0.7,1.9,6.9,,2023
James Worthy,32,LAL,SF,80,2,20.0,4.3,10.5,0.406,0.4,1.4,0.288,3.9,9.1,0.424,0.425,1.3,1.7,0.741,0.6,1.7,2.3,1.9,0.6,0.2,1.2,1.0,10.2,,1994
James Young,20,BOS,SG,29,0,6.9,0.4,1.2,0.306,0.2,0.9,0.231,0.2,0.3,0.5,0.389,0.0,0.1,0.25,0.1,0.8,0.9,0.3,0.2,0.0,0.2,0.6,1.0,,2016
JamesOn Curry,24,LAC,PG,1,0,0.0,0.0,0.0,0.0,0.0,0.0,0.0,0.0,0.0,0.0,0.0,0.0,0.0,0.0,0.0,0.0,0.0,0.0,0.0,0.0,0.0,0.0,0.0,,2010
Jamie Feick,24,MIL,C,2,0,1.5,0.0,0.5,0.0,0.0,0.0,0.0,0.0,0.5,0.0,0.0,0.0,0.0,0.0,0.0,1.0,1.0,0.0,0.0,0.0,0.0,0.0,0.0,,1999
Jamie Watson,26,MIA,SF,3,0,6.0,0.3,0.7,0.5,0.0,0.0,0.0,0.3,0.7,0.5,0.5,0.0,0.0,0.0,0.0,0.3,0.3,0.3,0.0,0.0,0.3,0.3,0.7,,1999
Jamil Wilson,27,LAC,SF,15,10,18.3,2.5,5.4,0.469,1.8,4.2,0.429,0.7,1.2,0.611,0.636,0.1,0.3,0.5,0.2,1.9,2.1,0.7,0.3,0.5,0.5,2.3,7.0,,2018
Jamison Brewer,21,IND,SG,13,0,3.3,0.2,0.4,0.4,0.0,0.1,0.0,0.2,0.3,0.5,0.4,0.0,0.0,0.0,0.2,0.5,0.6,0.7,0.2,0.0,0.2,0.2,0.3,,2002
Jamorko Pickett,24,DET,PF,13,0,13.5,1.4,3.8,0.36,1.0,3.0,0.333,0.4,0.8,0.455,0.49,0.1,0.2,0.5,0.5,2.0,2.5,0.5,0.0,0.5,0.4,0.9,3.8,,2022
Jan Veselý,22,WAS,PF,51,4,11.8,1.1,2.2,0.5,0.0,0.0,0.0,1.1,2.2,0.504,0.5,0.2,0.8,0.308,0.8,1.5,2.4,0.5,0.3,0.3,0.5,2.1,2.5,,2013
Jannero Pargo,24,LAL,PG,13,0,4.8,0.5,1.2,0.375,0.2,0.3,0.5,0.3,0.9,0.333,0.438,0.0,0.0,0.0,0.0,0.5,0.5,0.8,0.2,0.0,0.9,0.4,1.1,,2004
Jarace Walker,20,IND,PF,33,0,10.3,1.4,3.3,0.409,0.7,1.7,0.4,0.7,1.7,0.418,0.509,0.2,0.3,0.889,0.4,1.5,1.9,1.2,0.5,0.3,0.5,0.9,3.6,,2024
Jared Butler,21,UTA,SG,42,1,8.6,1.5,3.6,0.404,0.7,2.1,0.318,0.8,1.5,0.524,0.497,0.3,0.4,0.688,0.1,1.0,1.1,1.5,0.4,0.2,0.8,1.1,3.8,,2022
Jared Cunningham,22,ATL,SG,5,0,4.4,0.2,0.4,0.5,0.0,0.2,0.0,0.2,0.2,1.0,0.5,0.0,0.4,0.0,0.0,0.2,0.2,0.6,0.0,0.0,0.4,0.6,0.4,,2014
Jared Dudley,35,LAL,PF,12,0,6.8,0.2,0.8,0.222,0.2,0.5,0.333,0.0,0.3,0.0,0.333,0.0,0.0,0.0,0.3,1.4,1.8,0.4,0.1,0.1,0.2,0.6,0.5,,2021
Jared Harper,23,NYK,PG,8,0,2.0,0.0,0.5,0.0,0.0,0.1,0.0,0.0,0.4,0.0,0.0,0.4,0.5,0.75,0.0,0.3,0.3,0.1,0.0,0.0,0.4,0.1,0.4,,2021
Jared Jeffries,31,POR,PF,38,0,9.2,0.4,1.4,0.296,0.0,0.1,0.0,0.4,1.4,0.308,0.296,0.3,0.6,0.522,0.7,0.9,1.6,0.4,0.2,0.2,0.4,1.5,1.2,,2013
Jared Reiner,22,CHI,C,19,2,6.9,0.5,1.6,0.333,0.0,0.0,0.0,0.5,1.6,0.333,0.333,0.1,0.2,0.25,0.7,1.3,2.0,0.1,0.2,0.4,0.5,1.8,1.1,,2005
Jared Rhoden,23,DET,SG,14,0,14.1,1.2,3.1,0.386,0.4,1.4,0.25,0.9,1.7,0.5,0.443,0.4,0.4,1.0,0.8,1.9,2.6,0.3,0.3,0.1,0.2,1.6,3.2,,2023
Jared Sullinger,24,TOR,PF,11,1,10.7,1.4,4.3,0.319,0.3,1.6,0.167,1.1,2.6,0.414,0.351,0.4,0.7,0.5,0.9,1.5,2.5,0.3,0.4,0.1,0.4,1.5,3.4,,2017
Jared Terrell,23,MIN,SG,14,0,7.9,0.9,2.8,0.308,0.3,1.2,0.235,0.6,1.6,0.364,0.359,0.2,0.4,0.5,0.1,0.4,0.4,0.9,0.2,0.1,0.7,1.1,2.2,,2019
Jarell Eddie,26,2TM,SF,3,0,3.0,0.0,0.7,0.0,0.0,0.7,0.0,0.0,0.0,0.0,0.0,0.0,0.0,0.0,0.0,0.3,0.3,0.0,0.3,0.0,0.0,0.0,0.0,,2018
Jarell Martin,24,ORL,PF,42,1,7.8,1.0,2.5,0.413,0.5,1.4,0.351,0.5,1.1,0.489,0.51,0.2,0.3,0.818,0.3,1.5,1.7,0.4,0.1,0.2,0.3,1.2,2.7,,2019
Jaren Jackson,28,HOU,SG,4,0,8.3,0.0,2.0,0.0,0.0,1.3,0.0,0.0,0.8,0.0,0.0,2.0,2.5,0.8,0.0,0.8,0.8,0.0,0.3,0.0,0.0,1.3,2.0,,1996
Jaren Jackson Jr.,19,MEM,PF,58,56,26.1,5.1,10.2,0.506,0.9,2.4,0.359,4.3,7.7,0.553,0.549,2.6,3.4,0.766,1.3,3.4,4.7,1.1,0.9,1.4,1.7,3.8,13.8,ROY-4,2019
Jarnell Stokes,22,MEM,C,2,0,2.0,0.0,0.0,0.0,0.0,0.0,0.0,0.0,0.0,0.0,0.0,0.0,0.0,0.0,0.5,0.5,1.0,0.0,0.0,0.0,0.0,0.0,0.0,,2016
Jaron Blossomgame,25,CLE,SF,27,4,16.3,1.7,3.9,0.443,0.4,1.4,0.256,1.4,2.5,0.552,0.491,0.4,0.5,0.769,1.0,2.7,3.6,0.5,0.3,0.3,0.4,0.7,4.2,,2019
Jarred Vanderbilt,20,MIN,PF,2,0,2.5,0.0,0.5,0.0,0.0,0.5,0.0,0.0,0.0,0.0,0.0,1.0,1.0,1.0,0.0,0.5,0.5,0.0,0.0,0.0,0.0,0.0,1.0,,2020
Jarrell Brantley,24,UTA,PF,28,0,4.9,0.9,1.9,0.481,0.4,1.0,0.429,0.5,0.9,0.542,0.596,0.1,0.1,1.0,0.3,0.6,1.0,0.5,0.3,0.1,0.3,0.6,2.3,,2021
Jarrett Allen,19,BRK,C,72,31,20.0,3.3,5.5,0.589,0.1,0.2,0.333,3.2,5.3,0.599,0.596,1.6,2.0,0.776,2.0,3.4,5.4,0.7,0.4,1.2,1.1,2.0,8.2,,2018
Jarrett Culver,22,MEM,SG,37,0,9.1,1.4,3.6,0.378,0.3,1.3,0.255,1.1,2.4,0.443,0.422,0.4,0.9,0.471,0.4,0.9,1.3,0.9,0.5,0.1,0.5,1.1,3.5,,2022
Jarrett Jack,33,NOP,PG,2,0,16.5,1.0,1.5,0.667,0.0,0.5,0.0,1.0,1.0,1.0,0.667,1.0,1.0,1.0,0.0,0.0,0.0,2.5,1.0,0.0,1.5,2.0,3.0,,2017
Jarrod Uthoff,26,MEM,PF,4,0,3.5,0.3,1.8,0.143,0.0,1.0,0.0,0.3,0.8,0.333,0.143,0.5,0.5,1.0,0.3,0.0,0.3,0.0,0.3,0.0,0.0,0.3,1.0,,2020
Jarron Collins,32,POR,C,5,0,4.8,0.2,1.2,0.167,0.0,0.0,0.0,0.2,1.2,0.167,0.167,0.0,0.0,0.0,1.4,0.0,1.4,0.2,0.0,0.0,0.4,1.0,0.4,,2011
Jarron Cumberland,24,POR,SG,3,0,4.0,0.3,0.7,0.5,0.0,0.3,0.0,0.3,0.3,1.0,0.5,0.0,0.0,0.0,0.3,0.7,1.0,0.3,0.0,0.0,0.0,0.7,0.7,,2022
Jarvis Hayes,26,DET,SF,82,1,15.7,2.6,6.1,0.431,0.9,2.4,0.376,1.8,3.8,0.465,0.503,0.5,0.7,0.75,0.4,1.7,2.2,0.8,0.6,0.1,0.6,1.7,6.7,,2008
Jarvis Varnado,25,CHI,PF,1,0,2.0,0.0,0.0,0.0,0.0,0.0,0.0,0.0,0.0,0.0,0.0,0.0,0.0,0.0,0.0,0.0,0.0,0.0,0.0,0.0,0.0,1.0,0.0,,2014
Jason Caffey,22,CHI,PF,57,0,9.6,1.2,2.8,0.438,0.0,0.0,0.0,1.2,2.8,0.441,0.438,0.7,1.2,0.588,0.9,1.1,1.9,0.4,0.2,0.1,0.8,1.6,3.2,,1996
Jason Collier,25,HOU,C,13,3,8.0,1.3,2.8,0.472,0.0,0.0,0.0,1.3,2.8,0.472,0.472,0.2,0.2,1.0,0.9,1.3,2.2,0.1,0.2,0.1,0.2,0.8,2.8,,2003
Jason Collins,31,ATL,C,24,0,4.8,0.3,1.0,0.348,0.0,0.0,0.0,0.3,0.9,0.364,0.348,0.0,0.1,0.0,0.2,0.4,0.6,0.2,0.1,0.1,0.2,0.9,0.7,,2010
Jason Hart,31,MIN,PG,1,0,5.0,0.0,1.0,0.0,0.0,0.0,0.0,0.0,1.0,0.0,0.0,0.0,0.0,0.0,0.0,0.0,0.0,1.0,1.0,0.0,0.0,0.0,0.0,,2010
Jason Kapono,29,PHI,SF,24,2,4.7,0.3,1.2,0.25,0.0,0.3,0.125,0.3,0.8,0.3,0.268,0.0,0.1,0.5,0.1,0.3,0.5,0.2,0.1,0.0,0.1,0.2,0.7,,2011
Jason Kidd,39,NYK,SG,76,48,26.9,2.0,5.4,0.372,1.5,4.3,0.351,0.5,1.1,0.452,0.511,0.5,0.6,0.833,0.7,3.6,4.3,3.3,1.6,0.3,1.0,1.6,6.0,,2013
Jason Lawson,23,ORL,C,17,0,4.7,0.5,0.9,0.6,0.0,0.0,0.0,0.5,0.9,0.6,0.6,0.5,0.6,0.8,0.5,1.1,1.6,0.3,0.2,0.2,0.1,0.8,1.5,,1998
Jason Maxiell,22,DET,PF,26,0,6.1,0.9,2.1,0.426,0.0,0.0,0.0,0.9,2.1,0.426,0.426,0.5,1.6,0.333,0.5,0.6,1.1,0.1,0.2,0.2,0.4,0.5,2.3,,2006
Jason Miskiri,24,CHH,PG,1,0,3.0,0.0,1.0,0.0,0.0,1.0,0.0,0.0,0.0,0.0,0.0,0.0,0.0,0.0,0.0,0.0,0.0,1.0,0.0,0.0,0.0,2.0,0.0,,2000
Jason Preston,24,UTA,PG,7,0,10.1,0.9,2.7,0.316,0.0,0.4,0.0,0.9,2.3,0.375,0.316,0.0,0.0,0.0,0.9,1.6,2.4,2.3,0.3,0.1,0.3,0.4,1.7,,2024
Jason Richardson,34,PHI,SG,19,15,21.9,3.3,9.4,0.348,1.6,5.1,0.323,1.6,4.3,0.378,0.435,0.9,1.2,0.773,0.7,2.8,3.5,2.0,0.7,0.2,0.8,1.5,9.1,,2015
Jason Sasser,23,DAL,SF,2,0,3.5,0.5,2.0,0.25,0.0,0.5,0.0,0.5,1.5,0.333,0.25,0.0,0.0,0.0,0.5,0.0,0.5,0.5,0.5,0.0,0.0,0.0,1.0,,1997
Jason Smith,32,MIL,PF,6,0,6.7,0.7,2.2,0.308,0.5,1.5,0.333,0.2,0.7,0.25,0.423,0.3,0.3,1.0,0.5,1.3,1.8,0.2,0.3,0.3,0.8,1.0,2.2,,2019
Jason Terry,40,MIL,SG,51,4,16.0,1.2,3.0,0.383,0.8,2.3,0.348,0.4,0.8,0.487,0.513,0.2,0.2,0.889,0.1,0.8,0.9,1.2,0.8,0.3,0.5,1.0,3.3,,2018
Jason Thompson,29,GSW,C,28,1,6.4,0.7,1.5,0.476,0.0,0.0,0.0,0.7,1.5,0.476,0.476,0.7,1.1,0.625,0.4,1.6,1.9,0.7,0.1,0.3,0.3,1.4,2.1,,2016
Jason Williams,35,MEM,PG,11,0,11.3,0.8,2.6,0.31,0.3,1.4,0.2,0.5,1.3,0.429,0.362,0.0,0.0,0.0,0.0,0.7,0.7,2.5,0.3,0.1,0.6,0.2,1.9,,2011
Javaris Crittenton,21,MEM,SG,7,0,6.3,1.0,2.1,0.467,0.0,0.1,0.0,1.0,2.0,0.5,0.467,0.7,1.6,0.455,0.6,0.3,0.9,0.7,0.1,0.0,0.4,0.7,2.7,,2009
Javin DeLaurier,23,MIL,C,1,0,3.0,0.0,0.0,0.0,0.0,0.0,0.0,0.0,0.0,0.0,0.0,0.0,0.0,0.0,0.0,1.0,1.0,0.0,1.0,0.0,0.0,1.0,0.0,,2022
Javon Freeman-Liberty,24,TOR,PG,22,6,18.3,2.5,5.6,0.444,0.5,1.9,0.238,2.0,3.7,0.549,0.484,1.5,1.6,0.917,0.7,2.5,3.2,1.8,0.5,0.2,1.1,1.3,7.0,,2024
Javonte Green,27,CHI,SG,16,0,8.0,0.9,1.9,0.452,0.2,0.5,0.375,0.7,1.4,0.478,0.5,0.6,0.6,1.0,0.4,0.8,1.2,0.4,0.6,0.3,0.4,0.8,2.6,,2021
Javonte Smart,24,PHI,PG,1,0,1.0,0.0,0.0,0.0,0.0,0.0,0.0,0.0,0.0,0.0,0.0,0.0,0.0,0.0,0.0,0.0,0.0,0.0,0.0,0.0,0.0,0.0,0.0,,2024
Jawad Williams,25,CLE,SF,10,0,2.0,0.5,1.2,0.417,0.2,0.6,0.333,0.3,0.6,0.5,0.5,0.0,0.0,0.0,0.1,0.1,0.2,0.0,0.1,0.0,0.1,0.2,1.2,,2009
Jawann Oldham,33,IND,C,4,0,4.8,0.8,1.5,0.5,0.0,0.0,0.0,0.8,1.5,0.5,0.5,0.0,0.0,0.0,0.0,0.8,0.8,0.0,0.0,0.0,0.0,0.3,1.5,,1991
Jawun Evans,22,OKC,PG,1,0,1.0,0.0,1.0,0.0,0.0,1.0,0.0,0.0,0.0,0.0,0.0,0.0,0.0,0.0,0.0,0.0,0.0,0.0,0.0,0.0,0.0,0.0,0.0,,2019
Jaxson Hayes,23,LAL,C,70,5,12.5,1.8,2.5,0.72,0.0,0.1,0.0,1.8,2.4,0.754,0.72,0.7,1.2,0.622,1.0,2.0,3.0,0.5,0.5,0.4,0.6,1.8,4.3,,2024
Jay Guidinger,24,CLE,C,32,0,4.1,0.5,1.0,0.5,0.0,0.0,0.0,0.5,1.0,0.5,0.5,0.5,0.7,0.714,0.5,0.6,1.0,0.1,0.1,0.2,0.5,0.7,1.5,,1994
Jay Huff,23,LAL,C,4,0,5.0,0.0,0.8,0.0,0.0,0.5,0.0,0.0,0.3,0.0,0.0,0.0,0.0,0.0,0.3,0.8,1.0,0.3,0.3,0.3,0.3,0.3,0.0,,2022
Jay Humphries,32,UTA,SG,12,0,12.4,0.3,2.1,0.16,0.2,0.3,0.667,0.2,1.8,0.091,0.2,0.0,0.0,0.0,0.2,0.7,0.8,0.8,0.6,0.0,1.0,2.1,0.8,,1995
Jay Scrubb,21,LAC,SG,18,0,6.7,1.0,2.6,0.391,0.3,1.2,0.286,0.7,1.4,0.48,0.457,0.4,0.6,0.7,0.1,0.8,0.9,0.4,0.2,0.2,0.4,0.5,2.7,,2022
Jay Williams,21,CHI,PG,75,54,26.1,3.6,9.1,0.399,0.9,2.7,0.322,2.8,6.4,0.431,0.446,1.4,2.1,0.64,0.4,2.2,2.6,4.7,1.1,0.2,2.3,2.4,9.5,,2003
Jaylen Adams,24,MIL,PG,7,0,2.6,0.1,1.1,0.125,0.0,0.3,0.0,0.1,0.9,0.167,0.125,0.0,0.0,0.0,0.0,0.4,0.4,0.3,0.0,0.0,0.0,0.1,0.3,,2021
Jaylen Brown,20,BOS,SF,78,20,17.2,2.5,5.4,0.454,0.6,1.7,0.341,1.9,3.7,0.507,0.508,1.1,1.6,0.685,0.6,2.2,2.8,0.8,0.4,0.2,0.9,1.8,6.6,ROY-8,2017
Jaylen Hoard,20,POR,PF,13,0,7.9,1.2,2.5,0.469,0.0,0.2,0.0,1.2,2.2,0.517,0.469,0.6,1.0,0.615,1.1,1.4,2.5,0.3,0.4,0.0,0.3,0.9,2.9,,2020
Jaylen Morris,26,SAS,SG,3,0,5.3,0.0,2.0,0.0,0.0,0.7,0.0,0.0,1.3,0.0,0.0,0.7,1.3,0.5,0.0,0.7,0.7,0.7,0.0,0.0,0.3,0.7,0.7,,2022
Jaylen Nowell,20,MIN,SG,15,0,10.1,1.3,3.5,0.358,0.2,1.7,0.115,1.1,1.8,0.593,0.387,1.1,1.1,0.941,0.2,0.7,0.9,1.3,0.2,0.1,0.2,0.7,3.8,,2020
Jaylin Williams,21,OKC,C,69,1,13.0,1.4,3.3,0.417,0.8,2.1,0.368,0.6,1.2,0.5,0.533,0.5,0.6,0.805,0.5,2.9,3.4,1.6,0.4,0.4,0.5,1.4,4.0,,2024
Jaysean Paige,27,DET,PG,1,0,7.0,0.0,3.0,0.0,0.0,2.0,0.0,0.0,1.0,0.0,0.0,0.0,0.0,0.0,0.0,1.0,1.0,1.0,0.0,0.0,1.0,2.0,0.0,,2022
Jayson Tatum,19,BOS,SF,80,80,30.5,5.0,10.4,0.475,1.3,3.0,0.434,3.7,7.4,0.492,0.538,2.7,3.2,0.826,0.6,4.4,5.0,1.6,1.0,0.7,1.4,2.1,13.9,ROY-3,2018
Jayson Williams,22,PHI,PF,52,1,9.8,1.4,3.1,0.447,0.0,0.0,0.5,1.4,3.1,0.447,0.45,0.7,1.1,0.661,0.8,1.3,2.1,0.3,0.2,0.1,0.8,1.8,3.5,,1991
Jeenathan Williams,24,HOU,SG,22,0,5.9,1.2,2.3,0.54,0.1,0.2,0.4,1.1,2.0,0.556,0.56,0.3,0.6,0.538,0.5,0.5,1.0,0.3,0.2,0.0,0.2,0.5,2.9,,2024
Jeff Adrien,27,CHA,PF,25,0,10.2,0.9,1.6,0.55,0.0,0.0,0.0,0.9,1.6,0.55,0.55,0.5,1.0,0.52,1.3,2.2,3.5,0.3,0.3,0.6,0.3,1.4,2.3,,2014
Jeff Ayres,24,IND,C,20,1,5.3,0.8,1.8,0.417,0.0,0.0,0.0,0.8,1.8,0.417,0.417,0.2,0.4,0.571,0.6,1.1,1.7,0.2,0.2,0.1,0.1,0.8,1.7,,2012
Jeff Dowtin,24,MIL,PG,1,0,3.0,0.0,1.0,0.0,0.0,1.0,0.0,0.0,0.0,0.0,0.0,0.0,0.0,0.0,0.0,0.0,0.0,0.0,0.0,0.0,0.0,0.0,0.0,,2022
Jeff Foote,24,NOH,C,4,0,9.8,0.5,1.5,0.333,0.0,0.0,0.0,0.5,1.5,0.333,0.333,0.0,0.0,0.0,0.3,1.3,1.5,0.0,0.0,0.3,0.5,1.3,1.0,,2012
Jeff Foster,26,IND,C,77,2,10.4,0.8,2.3,0.36,0.0,0.0,0.0,0.8,2.3,0.364,0.36,0.4,0.8,0.54,1.5,2.1,3.6,0.7,0.4,0.3,0.4,1.3,2.1,,2003
Jeff Grayer,32,CHH,SG,1,0,11.0,0.0,4.0,0.0,0.0,3.0,0.0,0.0,1.0,0.0,0.0,0.0,0.0,0.0,0.0,0.0,0.0,1.0,0.0,0.0,2.0,0.0,0.0,,1998
Jeff Green,37,HOU,PF,78,6,16.8,2.1,4.7,0.456,0.7,2.1,0.331,1.5,2.6,0.553,0.529,1.6,1.9,0.819,0.6,1.7,2.3,0.9,0.2,0.4,0.6,1.3,6.5,,2024
Jeff Hornacek,35,UTA,SG,48,48,29.9,4.5,9.4,0.477,0.7,1.7,0.42,3.8,7.7,0.489,0.514,2.6,2.9,0.893,0.7,2.6,3.3,4.0,1.1,0.3,1.7,2.0,12.2,,1999
Jeff Malone,34,MIA,SG,7,0,14.7,1.9,4.7,0.394,0.0,0.0,0.0,1.9,4.7,0.394,0.394,0.7,0.9,0.833,0.0,1.1,1.1,1.0,0.4,0.0,0.4,0.9,4.4,,1996
Jeff Martin,24,LAC,PG,74,26,18.0,2.9,6.9,0.422,0.4,1.2,0.307,2.5,5.7,0.446,0.449,0.9,1.4,0.68,0.7,1.1,1.8,0.9,0.5,0.4,0.7,1.4,7.1,,1991
Jeff McInnis,24,WAS,PG,35,6,12.2,1.4,3.8,0.373,0.3,1.0,0.257,1.2,2.8,0.414,0.407,0.6,0.8,0.75,0.3,0.3,0.6,2.1,0.5,0.0,0.9,1.0,3.7,,1999
Jeff Nordgaard,24,MIL,PF,13,0,3.7,0.4,1.4,0.278,0.0,0.0,0.0,0.4,1.4,0.278,0.278,0.6,0.7,0.889,0.3,0.8,1.1,0.2,0.2,0.0,0.2,0.5,1.4,,1998
Jeff Ruland,34,DET,C,11,0,5.0,0.5,1.0,0.455,0.0,0.0,0.0,0.5,1.0,0.455,0.455,0.2,0.4,0.5,0.8,0.8,1.6,0.2,0.2,0.0,0.5,1.5,1.1,,1993
Jeff Sanders,27,ATL,PF,9,0,13.3,1.1,2.8,0.4,0.0,0.0,0.0,1.1,2.8,0.4,0.4,0.4,0.9,0.5,1.3,1.9,3.2,0.7,0.9,0.1,1.2,1.8,2.7,,1993
Jeff Sheppard,24,ATL,SG,18,5,10.3,0.8,2.2,0.385,0.1,0.4,0.286,0.7,1.8,0.406,0.41,0.4,0.7,0.615,0.3,0.9,1.2,0.9,0.2,0.0,0.4,0.7,2.2,,1999
Jeff Taylor,25,CHO,SF,29,13,14.8,1.6,3.9,0.395,0.4,1.2,0.306,1.2,2.7,0.436,0.443,0.9,1.4,0.634,0.5,1.3,1.8,0.8,0.4,0.0,0.7,1.2,4.4,,2015
Jeff Teague,21,ATL,PG,71,3,10.1,1.3,3.2,0.396,0.1,0.5,0.219,1.2,2.7,0.426,0.412,0.6,0.7,0.837,0.1,0.9,0.9,1.7,0.5,0.2,0.7,1.2,3.2,,2010
Jeff Trepagnier,22,CLE,SG,12,0,6.4,0.6,1.9,0.304,0.0,0.1,0.0,0.6,1.8,0.318,0.304,0.3,0.6,0.571,0.3,0.8,1.0,1.0,0.7,0.3,0.9,0.7,1.5,,2002
Jeff Turner,33,ORL,PF,13,0,14.8,1.4,3.9,0.353,0.7,2.1,0.333,0.7,1.8,0.375,0.441,0.2,0.2,1.0,0.8,1.4,2.2,0.5,0.2,0.1,0.8,2.5,3.6,,1996
Jeff Webster,24,WSB,SF,11,0,5.3,0.7,2.1,0.348,0.2,0.5,0.333,0.5,1.5,0.353,0.391,0.0,0.0,0.0,0.2,0.5,0.6,0.3,0.4,0.0,0.3,0.6,1.6,,1996
Jeff Withey,27,DAL,C,10,0,3.9,0.6,1.6,0.375,0.2,1.0,0.2,0.4,0.6,0.667,0.438,0.1,0.2,0.5,0.1,0.9,1.0,0.0,0.0,0.3,0.2,0.3,1.5,,2018
Jelani McCoy,26,CLE,C,2,0,6.0,0.0,0.0,0.0,0.0,0.0,0.0,0.0,0.0,0.0,0.0,0.0,0.0,0.0,0.5,1.5,2.0,0.0,0.0,0.0,0.5,2.0,0.0,,2004
Jemerrio Jones,26,LAL,SF,2,0,7.5,1.0,1.5,0.667,0.0,0.0,0.0,1.0,1.5,0.667,0.667,0.0,0.0,0.0,1.0,0.5,1.5,0.0,0.5,0.0,0.0,1.0,2.0,,2022
Jerald Honeycutt,24,MIL,PF,3,0,4.0,0.7,1.7,0.4,0.0,1.0,0.0,0.7,0.7,1.0,0.4,0.3,0.7,0.5,0.0,0.3,0.3,0.0,0.3,0.0,0.3,2.0,1.7,,1999
Jerami Grant,22,OKC,PF,78,4,19.1,1.9,4.0,0.469,0.6,1.5,0.377,1.3,2.5,0.523,0.539,1.1,1.8,0.619,0.5,2.1,2.6,0.6,0.4,1.0,0.5,1.8,5.4,,2017
Jerel McNeal,27,PHO,PG,6,0,6.0,0.5,1.8,0.273,0.2,0.3,0.5,0.3,1.5,0.222,0.318,0.3,0.3,1.0,0.0,0.5,0.5,0.3,0.5,0.2,0.8,0.8,1.5,,2015
Jeremiah Martin,24,CLE,PG,9,0,8.3,1.0,3.7,0.273,0.3,1.3,0.25,0.7,2.3,0.286,0.318,0.1,0.6,0.2,0.2,0.6,0.8,0.4,0.6,0.2,0.7,0.1,2.4,,2021
Jeremiah Robinson-Earl,23,NOP,PF,39,1,8.6,1.2,2.4,0.474,0.3,1.0,0.333,0.8,1.4,0.571,0.542,0.3,0.4,0.75,0.6,1.4,1.9,0.5,0.3,0.1,0.4,0.6,2.9,,2024
Jeremy Evans,25,UTA,PF,37,0,5.8,0.7,1.2,0.614,0.0,0.0,0.0,0.7,1.2,0.628,0.614,0.6,0.9,0.636,0.7,0.9,1.6,0.3,0.2,0.4,0.2,0.8,2.0,,2013
Jeremy Lamb,20,OKC,SF,23,0,6.4,1.0,3.0,0.353,0.4,1.3,0.3,0.7,1.7,0.395,0.419,0.6,0.6,1.0,0.2,0.6,0.8,0.2,0.1,0.1,0.3,0.6,3.1,,2013
Jeremy Lin,22,GSW,PG,29,0,9.8,1.0,2.5,0.389,0.0,0.2,0.2,0.9,2.3,0.403,0.396,0.7,0.9,0.76,0.4,0.8,1.2,1.4,1.1,0.3,0.6,1.1,2.6,,2011
Jeremy Pargo,25,MEM,PG,44,5,9.6,1.1,3.4,0.333,0.2,0.9,0.263,0.9,2.5,0.357,0.367,0.4,0.6,0.593,0.3,0.6,0.8,1.3,0.3,0.0,1.0,1.0,2.9,,2012
Jeremy Richardson,22,POR,SF,1,0,1.0,0.0,0.0,0.0,0.0,0.0,0.0,0.0,0.0,0.0,0.0,0.0,0.0,0.0,0.0,0.0,0.0,0.0,0.0,0.0,0.0,0.0,0.0,,2007
Jeremy Sochan,19,SAS,PF,56,53,26.0,4.5,9.9,0.453,0.6,2.4,0.246,3.9,7.5,0.519,0.483,1.4,2.1,0.698,1.7,3.6,5.3,2.5,0.8,0.4,1.7,2.5,11.0,,2023
Jeremy Tyler,21,ATL,C,1,0,5.0,0.0,0.0,0.0,0.0,0.0,0.0,0.0,0.0,0.0,0.0,0.0,0.0,0.0,0.0,3.0,3.0,0.0,0.0,0.0,0.0,0.0,0.0,,2013
Jerian Grant,26,ORL,PG,60,1,15.7,1.5,3.7,0.418,0.7,1.8,0.364,0.9,1.8,0.473,0.509,0.4,0.7,0.65,0.3,1.3,1.6,2.6,0.7,0.1,0.9,1.3,4.2,,2019
Jericho Sims,25,NYK,C,45,11,13.0,0.8,1.2,0.691,0.0,0.0,0.0,0.8,1.2,0.691,0.691,0.4,0.5,0.667,1.2,2.0,3.3,0.6,0.2,0.4,0.4,1.0,2.0,,2024
Jermaine Jackson,23,DET,SG,7,0,10.4,0.1,1.6,0.091,0.0,0.1,0.0,0.1,1.4,0.1,0.091,0.7,1.1,0.625,0.1,1.4,1.6,0.6,0.4,0.0,1.0,1.0,1.0,,2000
Jermaine O'Neal,20,POR,PF,36,1,8.6,1.0,2.3,0.434,0.0,0.0,0.0,1.0,2.3,0.439,0.434,0.5,1.0,0.514,1.2,1.5,2.7,0.4,0.1,0.4,0.4,1.1,2.5,,1999
Jermaine Samuels,25,HOU,SF,14,0,4.3,0.6,1.0,0.643,0.0,0.1,0.0,0.6,0.9,0.75,0.643,0.1,0.1,1.0,0.2,0.7,0.9,0.2,0.1,0.1,0.0,0.4,1.4,,2024
Jermaine Taylor,23,HOU,SG,31,4,9.8,1.5,3.8,0.378,0.2,0.7,0.227,1.3,3.1,0.412,0.399,1.1,1.5,0.717,0.7,0.8,1.5,0.5,0.3,0.1,0.6,0.5,4.1,,2010
Jermareo Davidson,24,GSW,SF,14,0,7.9,1.2,2.5,0.486,0.0,0.0,0.0,1.2,2.5,0.486,0.486,0.6,1.2,0.471,0.7,1.7,2.4,0.1,0.1,0.2,0.4,0.9,3.0,,2009
Jerome Allen,23,MIN,SG,41,0,8.8,0.9,2.6,0.343,0.2,0.8,0.303,0.6,1.8,0.361,0.39,0.6,0.9,0.722,0.1,0.5,0.6,1.2,0.5,0.1,0.8,1.0,2.6,,1996
Jerome Beasley,23,MIA,PF,2,0,2.5,0.5,1.5,0.333,0.0,0.0,0.0,0.5,1.5,0.333,0.333,0.0,0.0,0.0,0.0,0.5,0.5,0.0,0.0,0.0,0.0,0.0,1.0,,2004
Jerome Dyson,24,NOH,PG,9,1,20.0,2.1,5.3,0.396,0.1,0.9,0.125,2.0,4.4,0.45,0.406,3.1,4.0,0.778,0.2,1.9,2.1,2.0,1.2,0.2,2.2,2.1,7.4,,2012
Jerome Harmon,25,PHI,SG,10,0,15.8,2.1,5.3,0.396,0.1,0.1,1.0,2.0,5.2,0.385,0.406,0.3,0.6,0.5,0.9,1.4,2.3,1.2,0.9,0.0,0.7,1.2,4.6,,1995
Jerome James,23,SAC,C,16,0,2.6,0.6,1.5,0.375,0.0,0.0,0.0,0.6,1.5,0.375,0.375,0.4,0.8,0.5,0.4,0.7,1.1,0.1,0.1,0.4,0.6,0.7,1.5,,1999
Jerome Jordan,25,NYK,C,21,0,5.1,0.8,1.6,0.515,0.0,0.0,0.0,0.8,1.6,0.515,0.515,0.4,0.5,0.8,0.7,0.6,1.3,0.2,0.0,0.3,0.1,0.7,2.0,,2012
Jerome Kersey,36,SAS,SF,45,0,15.5,1.5,4.4,0.34,0.1,0.3,0.214,1.4,4.1,0.349,0.348,0.1,0.3,0.429,0.9,2.0,2.9,0.9,0.8,0.3,0.7,2.0,3.2,,1999
Jerome Lane,25,MIL,PF,2,0,3.0,0.5,0.5,1.0,0.0,0.0,0.0,0.5,0.5,1.0,1.0,0.5,1.0,0.5,0.5,1.5,2.0,0.0,0.0,0.0,0.5,0.5,1.5,,1992
Jerome Robinson,26,GSW,SG,22,0,3.7,0.5,1.5,0.333,0.1,0.8,0.118,0.4,0.7,0.563,0.364,0.3,0.5,0.636,0.0,0.2,0.3,0.2,0.0,0.1,0.1,0.2,1.4,,2024
Jerome Williams,23,DET,PF,33,0,5.4,0.6,1.5,0.392,0.0,0.0,0.0,0.6,1.5,0.392,0.392,0.3,0.5,0.529,0.7,0.8,1.5,0.2,0.4,0.0,0.4,0.5,1.5,,1997
Jerrelle Benimon,23,UTA,PF,2,0,1.5,0.0,0.0,0.0,0.0,0.0,0.0,0.0,0.0,0.0,0.0,0.0,0.0,0.0,0.5,1.0,1.5,0.0,0.0,0.0,0.5,0.0,0.0,,2015
Jerrod Mustaf,24,PHO,PF,33,2,5.9,0.9,2.5,0.357,0.0,0.0,0.0,0.9,2.5,0.357,0.357,0.4,0.7,0.591,0.6,1.1,1.7,0.2,0.1,0.2,0.3,0.9,2.2,,1994
Jerry Reynolds,33,MIL,SF,19,0,10.1,1.1,2.8,0.396,0.1,0.5,0.1,1.1,2.3,0.465,0.406,0.7,1.1,0.619,0.7,1.1,1.7,0.6,0.8,0.3,0.8,1.1,2.9,,1996
Jerry Smith,24,NJN,PG,5,0,9.2,0.6,2.8,0.214,0.2,1.2,0.167,0.4,1.6,0.25,0.25,0.0,0.0,0.0,0.4,1.0,1.4,0.8,1.0,0.0,0.0,1.0,1.4,,2012
Jerry Stackhouse,36,MIA,SG,7,1,7.1,0.4,1.7,0.25,0.1,0.6,0.25,0.3,1.1,0.25,0.292,0.7,1.0,0.714,0.1,0.9,1.0,0.4,0.0,0.3,0.3,0.4,1.7,,2011
Jerryd Bayless,20,POR,PG,53,0,12.4,1.3,3.6,0.365,0.1,0.5,0.259,1.2,3.1,0.383,0.384,1.6,1.9,0.806,0.2,0.9,1.1,1.5,0.3,0.0,1.1,1.5,4.3,,2009
Jeryl Sasser,22,ORL,SG,7,0,5.1,0.4,2.0,0.214,0.0,0.0,0.0,0.4,2.0,0.214,0.214,0.6,0.7,0.8,0.4,0.6,1.0,0.3,0.4,0.0,0.3,0.4,1.4,,2002
Jett Howard,20,ORL,SF,18,0,3.7,0.6,1.7,0.333,0.4,1.4,0.28,0.2,0.3,0.6,0.45,0.1,0.2,0.5,0.1,0.3,0.4,0.3,0.1,0.1,0.2,0.2,1.6,,2024
Jevon Carter,26,BRK,PG,46,1,12.0,1.3,3.8,0.333,0.9,2.8,0.331,0.3,1.0,0.34,0.454,0.2,0.2,0.7,0.2,1.3,1.5,1.0,0.3,0.2,0.6,1.0,3.6,,2022
Jim Farmer,29,DEN,SG,4,0,7.3,0.5,1.5,0.333,0.0,0.5,0.0,0.5,1.0,0.5,0.333,0.0,0.0,0.0,0.0,0.5,0.5,1.0,0.0,0.0,1.3,0.8,1.0,,1994
Jim Grandholm,30,DAL,PF,26,0,6.5,1.2,2.2,0.517,0.3,0.7,0.529,0.8,1.6,0.512,0.595,0.4,0.8,0.476,0.8,1.2,1.9,0.3,0.1,0.3,0.4,1.3,3.0,,1991
Jim Jackson,35,LAL,SF,13,0,7.1,0.7,2.4,0.29,0.3,0.8,0.364,0.4,1.5,0.25,0.355,0.0,0.0,0.0,0.0,0.9,0.9,0.3,0.2,0.0,0.4,0.4,1.7,,2006
Jim Les,31,ATL,PG,24,0,7.8,0.5,1.6,0.289,0.2,1.0,0.217,0.3,0.6,0.4,0.355,1.0,1.1,0.852,0.3,0.8,1.1,1.8,0.2,0.0,0.9,1.2,2.1,,1995
Jim McIlvaine,28,NJN,C,18,3,10.7,0.6,1.6,0.357,0.0,0.0,0.0,0.6,1.6,0.357,0.357,0.4,0.7,0.667,0.4,1.5,1.9,0.2,0.4,0.8,0.5,1.9,1.6,,2001
Jim Petersen,29,GSW,PF,27,2,6.3,0.7,1.5,0.45,0.0,0.1,0.0,0.7,1.4,0.474,0.45,0.3,0.4,0.7,0.4,1.2,1.7,0.3,0.2,0.2,0.2,1.3,1.6,,1992
Jim Thomas,30,MIN,SG,3,0,4.7,0.3,1.3,0.25,0.0,0.0,0.0,0.3,1.3,0.25,0.25,0.0,0.0,0.0,0.0,0.0,0.0,0.3,0.3,0.0,0.3,0.0,0.7,,1991
Jimmer Fredette,26,NOP,SG,4,0,3.3,0.3,1.0,0.25,0.0,0.3,0.0,0.3,0.8,0.333,0.25,0.0,0.0,0.0,0.0,0.0,0.0,0.3,0.3,0.0,0.3,0.3,0.5,,2016
Jimmy Butler,22,CHI,SG,42,0,8.5,0.8,1.9,0.405,0.0,0.3,0.182,0.7,1.6,0.441,0.418,1.0,1.3,0.768,0.5,0.8,1.3,0.3,0.3,0.1,0.3,0.5,2.6,,2012
Jimmy Carruth,27,MIL,PF,4,0,5.3,0.5,0.8,0.667,0.0,0.0,0.0,0.5,0.8,0.667,0.667,0.3,0.3,1.0,0.0,1.0,1.0,0.0,0.0,0.5,0.3,1.0,1.3,,1997
Jimmy King,23,DEN,SG,2,0,11.0,1.0,3.0,0.333,0.0,0.0,0.0,1.0,3.0,0.333,0.333,1.0,2.0,0.5,1.0,0.0,1.0,1.0,1.5,0.0,0.5,1.0,3.0,,1997
Jimmy Oliver,29,PHO,SG,2,0,5.5,0.5,1.5,0.333,0.5,0.5,1.0,0.0,1.0,0.0,0.5,0.0,0.0,0.0,0.0,0.0,0.0,0.0,0.0,0.0,0.0,1.0,1.5,,1999
Jiří Welsch,23,GSW,SF,37,0,6.3,0.5,2.0,0.253,0.0,0.1,0.25,0.5,1.9,0.254,0.26,0.6,0.8,0.759,0.3,0.4,0.8,0.7,0.2,0.1,0.5,0.9,1.6,,2003
Jo Jo English,22,CHI,SG,6,0,5.2,0.5,1.7,0.3,0.0,0.5,0.0,0.5,1.2,0.429,0.3,0.0,0.3,0.0,0.3,0.7,1.0,0.2,0.5,0.3,0.7,0.8,1.0,,1993
Joakim Noah,32,NYK,C,7,0,5.7,0.7,1.4,0.5,0.0,0.0,0.0,0.7,1.4,0.5,0.5,0.3,0.6,0.5,0.9,1.1,2.0,0.6,0.3,0.3,0.6,0.7,1.7,,2018
Jock Landale,26,SAS,C,54,1,10.9,1.9,3.8,0.495,0.5,1.6,0.326,1.3,2.1,0.626,0.566,0.6,0.8,0.829,1.2,1.4,2.6,0.8,0.2,0.3,0.6,1.0,4.9,,2022
Jodie Meeks,22,MIL,SG,41,0,11.9,1.6,4.3,0.362,0.6,2.0,0.28,1.0,2.3,0.432,0.427,0.4,0.5,0.857,0.1,1.6,1.8,0.5,0.3,0.1,0.5,0.8,4.1,,2010
Joe Alexander,23,CHI,SF,8,0,3.6,0.1,0.8,0.167,0.0,0.1,0.0,0.1,0.6,0.2,0.167,0.3,0.4,0.667,0.3,0.4,0.6,0.3,0.1,0.1,0.0,1.1,0.5,,2010
Joe Barry Carroll,32,PHO,C,11,0,8.7,1.2,3.3,0.361,0.0,0.0,0.0,1.2,3.3,0.361,0.361,1.0,1.1,0.917,0.3,1.9,2.2,1.0,0.1,0.7,1.1,1.6,3.4,,1991
Joe Chealey,24,CHO,PG,4,0,8.3,0.0,1.8,0.0,0.0,1.0,0.0,0.0,0.8,0.0,0.0,0.5,0.5,1.0,0.0,0.0,0.0,0.3,1.0,0.0,0.5,0.5,0.5,,2020
Joe Courtney,26,CLE,PF,23,0,8.7,0.7,1.5,0.429,0.0,0.0,0.0,0.7,1.5,0.429,0.429,0.3,0.8,0.444,1.0,1.1,2.1,0.4,0.2,0.3,0.7,1.5,1.7,,1996
Joe Crawford,22,NYK,SF,2,0,11.5,1.5,5.0,0.3,0.5,2.0,0.25,1.0,3.0,0.333,0.35,1.0,1.0,1.0,0.5,1.5,2.0,0.5,0.5,0.0,0.0,1.0,4.5,,2009
Joe Crispin,22,LAL,PG,6,0,4.5,0.5,2.0,0.25,0.0,0.7,0.0,0.5,1.3,0.375,0.25,0.7,0.8,0.8,0.0,0.2,0.2,0.3,0.2,0.0,0.2,0.3,1.7,,2002
Joe Dumars,35,DET,SG,38,38,29.4,3.8,9.2,0.411,2.3,5.8,0.403,1.4,3.4,0.426,0.539,1.3,1.6,0.836,0.3,1.5,1.8,3.5,0.6,0.1,1.4,1.3,11.3,,1999
Joe Harris,24,CLE,SG,5,0,3.0,0.2,0.8,0.25,0.2,0.8,0.25,0.0,0.0,0.0,0.375,0.0,0.0,0.0,0.0,0.6,0.6,0.4,0.0,0.0,0.2,0.2,0.6,,2016
Joe Ingles,28,UTA,SF,81,2,15.3,1.5,3.6,0.426,1.0,2.6,0.386,0.5,1.0,0.531,0.565,0.2,0.2,0.722,0.2,1.6,1.9,1.2,0.7,0.0,0.8,1.2,4.2,,2016
Joe Johnson,40,BOS,SG,1,0,2.0,1.0,1.0,1.0,0.0,0.0,0.0,1.0,1.0,1.0,1.0,0.0,0.0,0.0,0.0,0.0,0.0,0.0,0.0,0.0,0.0,0.0,2.0,,2022
Joe Kleine,35,LAL,C,8,0,3.8,0.3,1.0,0.25,0.0,0.0,0.0,0.3,1.0,0.25,0.25,0.3,0.3,1.0,0.3,0.9,1.1,0.0,0.0,0.0,0.0,0.8,0.8,,1997
Joe Smith,35,2TM,PF,16,3,4.3,0.2,1.0,0.188,0.0,0.0,0.0,0.2,1.0,0.188,0.188,0.1,0.1,1.0,0.2,1.1,1.3,0.3,0.0,0.3,0.3,0.8,0.5,,2011
Joe Stephens,24,HOU,PF,2,0,4.5,0.5,2.5,0.2,0.5,1.5,0.333,0.0,1.0,0.0,0.3,0.0,0.0,0.0,1.0,0.5,1.5,0.0,1.5,0.0,1.5,1.5,1.5,,1997
Joe Wieskamp,23,TOR,SF,9,0,5.6,0.3,1.6,0.214,0.3,1.3,0.25,0.0,0.2,0.0,0.321,0.0,0.0,0.0,0.0,0.4,0.4,0.3,0.0,0.0,0.1,0.3,1.0,,2023
Joe Wolf,31,CHH,PF,1,0,18.0,0.0,1.0,0.0,0.0,0.0,0.0,0.0,1.0,0.0,0.0,0.0,0.0,0.0,0.0,2.0,2.0,0.0,2.0,0.0,2.0,2.0,0.0,,1996
Joe Young,24,IND,PG,33,0,4.1,0.8,2.2,0.361,0.2,0.7,0.217,0.6,1.5,0.429,0.396,0.3,0.5,0.733,0.0,0.5,0.5,0.5,0.1,0.0,0.2,0.2,2.1,,2017
Joel Anthony,31,MIA,C,12,0,3.1,0.2,0.5,0.333,0.0,0.0,0.0,0.2,0.5,0.333,0.333,0.2,0.2,1.0,0.2,0.4,0.6,0.0,0.0,0.3,0.1,0.3,0.5,,2014
Joel Ayayi,21,WAS,SG,7,0,2.9,0.1,0.9,0.167,0.0,0.1,0.0,0.1,0.7,0.2,0.167,0.0,0.0,0.0,0.1,0.3,0.4,0.6,0.0,0.0,0.0,0.0,0.3,,2022
Joel Bolomboy,24,MIL,PF,6,0,6.3,0.5,1.0,0.5,0.0,0.2,0.0,0.5,0.8,0.6,0.5,0.5,1.0,0.5,1.0,0.7,1.7,0.0,0.3,0.0,0.3,0.5,1.5,,2018
Joel Embiid,22,PHI,C,31,31,25.4,6.5,13.8,0.466,1.2,3.2,0.367,5.3,10.7,0.495,0.508,6.2,7.9,0.783,2.0,5.9,7.8,2.1,0.9,2.5,3.8,3.6,20.2,ROY-3,2017
Joel Freeland,25,POR,PF,51,1,9.4,1.1,2.8,0.408,0.0,0.0,0.0,1.1,2.8,0.408,0.408,0.4,0.5,0.667,0.8,1.5,2.3,0.3,0.3,0.2,0.4,1.3,2.6,,2013
Joel Przybilla,24,MIL,C,5,0,6.6,0.0,0.0,0.0,0.0,0.0,0.0,0.0,0.0,0.0,0.0,0.2,0.4,0.5,0.2,1.8,2.0,0.6,0.0,0.0,0.4,1.0,0.2,,2004
Joey Dorsey,25,HOU,PF,3,0,2.0,0.3,0.7,0.5,0.0,0.0,0.0,0.3,0.7,0.5,0.5,0.0,0.0,0.0,0.0,0.3,0.3,0.3,0.0,0.0,0.0,0.0,0.7,,2009
Joey Graham,25,TOR,SF,38,3,8.7,1.3,3.0,0.434,0.1,0.1,0.667,1.2,2.9,0.427,0.442,1.0,1.2,0.844,0.5,1.3,1.8,0.4,0.1,0.0,0.6,1.2,3.6,,2008
Joffrey Lauvergne,23,DEN,C,24,1,11.2,1.5,3.7,0.404,0.1,0.7,0.188,1.4,3.0,0.452,0.421,0.8,1.2,0.643,1.1,2.1,3.2,0.5,0.3,0.4,0.9,1.8,3.9,,2015
Johan Petro,23,DEN,C,27,10,8.0,1.0,2.3,0.429,0.0,0.0,0.0,1.0,2.3,0.435,0.429,0.2,0.5,0.429,0.6,1.8,2.3,0.4,0.1,0.4,0.5,2.1,2.2,,2009
John Amaechi,32,UTA,C,50,1,9.5,0.7,2.4,0.314,0.0,0.0,0.0,0.7,2.4,0.314,0.314,0.5,1.0,0.481,0.5,1.0,1.5,0.4,0.3,0.1,0.7,1.0,2.0,,2003
John Bagley,33,ATL,PG,3,0,4.3,0.0,0.7,0.0,0.0,0.0,0.0,0.0,0.7,0.0,0.0,0.7,0.7,1.0,0.0,0.3,0.3,1.0,0.0,0.0,0.0,0.7,0.7,,1994
John Battle,32,CLE,SG,28,0,10.0,1.5,4.1,0.377,0.4,1.1,0.355,1.1,3.0,0.386,0.425,0.7,0.9,0.731,0.1,0.3,0.4,1.3,0.3,0.0,0.6,1.0,4.1,,1995
John Butler,20,POR,C,19,1,11.6,0.9,2.8,0.321,0.4,1.8,0.229,0.5,0.9,0.5,0.396,0.2,0.2,0.75,0.2,0.7,0.9,0.6,0.4,0.5,0.1,1.2,2.4,,2023
John Celestand,22,LAL,PG,16,0,11.6,0.9,2.8,0.333,0.1,0.6,0.222,0.8,2.3,0.361,0.356,0.3,0.4,0.833,0.1,0.6,0.7,1.3,0.4,0.0,1.0,1.4,2.3,,2000
John Coker,29,GSW,C,6,0,5.3,0.2,1.3,0.125,0.0,0.0,0.0,0.2,1.3,0.125,0.125,0.0,0.0,0.0,0.5,0.3,0.8,0.3,0.2,0.0,0.3,0.7,0.3,,2001
John Collins,20,ATL,PF,74,26,24.1,4.2,7.4,0.576,0.2,0.6,0.34,4.0,6.7,0.598,0.591,1.8,2.5,0.715,2.4,4.9,7.3,1.3,0.6,1.1,1.4,2.9,10.5,,2018
John Crotty,31,UTA,PG,31,0,8.5,0.7,2.1,0.338,0.1,0.2,0.571,0.6,1.9,0.31,0.369,0.5,0.6,0.895,0.4,0.5,0.9,1.1,0.2,0.0,0.6,1.0,2.1,,2001
John Edwards,23,IND,C,25,1,5.6,0.4,1.2,0.367,0.0,0.0,0.0,0.4,1.2,0.367,0.367,0.3,0.6,0.5,0.3,0.4,0.8,0.1,0.1,0.2,0.3,0.5,1.2,,2005
John Henson,29,CLE,C,29,2,14.2,2.1,4.1,0.508,0.2,1.1,0.194,1.9,3.1,0.618,0.533,0.6,1.1,0.515,1.1,2.8,3.9,1.5,0.6,1.1,0.7,1.9,5.0,,2020
John Holland,30,CLE,SF,1,0,1.0,0.0,0.0,0.0,0.0,0.0,0.0,0.0,0.0,0.0,0.0,0.0,0.0,0.0,0.0,0.0,0.0,0.0,0.0,0.0,0.0,0.0,0.0,,2019
John Jenkins,27,WAS,SG,4,0,3.5,0.5,0.5,1.0,0.5,0.5,1.0,0.0,0.0,0.0,1.5,0.0,0.0,0.0,0.0,0.3,0.3,0.3,0.0,0.0,0.0,0.0,1.5,,2019
John Konchar,23,MEM,SG,19,0,9.5,1.3,1.9,0.649,0.3,0.5,0.5,1.0,1.4,0.704,0.716,0.1,0.1,0.5,0.9,1.5,2.5,1.2,0.4,0.2,0.4,0.4,2.8,,2020
John Long,34,DET,SG,25,0,10.2,1.4,3.4,0.412,0.1,0.2,0.333,1.3,3.2,0.418,0.424,1.0,1.0,0.96,0.4,0.9,1.3,0.7,0.4,0.1,0.6,0.7,3.8,,1991
John Lucas III,34,MIN,PG,5,0,2.2,0.2,0.8,0.25,0.0,0.2,0.0,0.2,0.6,0.333,0.25,0.0,0.0,0.0,0.0,0.0,0.0,0.2,0.4,0.0,0.0,0.0,0.4,,2017
John Morton,24,CLE,SG,4,0,13.5,0.8,3.0,0.25,0.0,0.3,0.0,0.8,2.8,0.273,0.25,2.0,2.3,0.889,0.8,1.0,1.8,1.3,0.3,0.0,1.0,0.8,3.5,,1992
John Paxson,33,CHI,PG,27,0,12.7,1.1,2.5,0.441,0.3,0.8,0.409,0.8,1.7,0.457,0.507,0.0,0.1,0.5,0.1,0.6,0.7,1.2,0.3,0.1,0.2,0.7,2.6,,1994
John Salley,35,LAL,C,45,3,6.7,0.6,1.5,0.362,0.0,0.0,0.0,0.6,1.5,0.362,0.362,0.5,0.6,0.75,0.4,1.0,1.4,0.6,0.2,0.3,0.4,1.5,1.6,,2000
John Salmons,35,NOP,SF,21,0,12.9,0.8,2.3,0.333,0.4,1.2,0.308,0.4,1.0,0.364,0.417,0.1,0.2,0.5,0.2,0.8,1.0,0.6,0.4,0.2,0.2,1.2,2.0,,2015
John Shasky,26,DAL,C,57,0,8.9,0.9,2.0,0.44,0.0,0.0,0.0,0.9,2.0,0.44,0.44,0.8,1.4,0.608,1.0,1.3,2.4,0.2,0.2,0.4,0.5,1.3,2.6,,1991
John Starks,36,UTA,SG,66,1,14.1,1.7,4.7,0.368,0.4,1.4,0.305,1.3,3.3,0.395,0.415,0.5,0.6,0.805,0.2,0.8,1.0,1.1,0.5,0.0,0.8,1.9,4.4,,2002
John Stockton,40,UTA,PG,82,82,27.7,3.8,7.8,0.483,0.4,1.0,0.363,3.4,6.8,0.5,0.505,2.9,3.5,0.826,0.6,1.8,2.5,7.7,1.7,0.2,2.2,2.2,10.8,,2003
John Thomas,30,ATL,C,11,0,6.0,0.3,0.6,0.429,0.0,0.0,0.0,0.3,0.6,0.429,0.429,0.3,0.4,0.75,0.3,0.6,0.9,0.1,0.2,0.0,0.4,0.9,0.8,,2006
John Turner,24,HOU,SF,42,0,8.2,1.0,2.3,0.439,0.0,0.0,0.0,1.0,2.3,0.439,0.439,0.7,1.4,0.525,0.9,1.0,1.9,0.3,0.1,0.1,0.8,1.0,2.8,,1992
John Wall,32,LAC,PG,34,3,22.2,4.1,9.9,0.408,1.0,3.2,0.303,3.1,6.7,0.459,0.457,2.3,3.3,0.681,0.4,2.3,2.7,5.2,0.8,0.4,2.4,1.7,11.4,,2023
John Wallace,29,MIA,SF,37,0,9.9,1.6,3.9,0.421,0.1,0.4,0.385,1.5,3.6,0.424,0.438,0.8,1.1,0.775,0.3,1.3,1.6,0.4,0.1,0.2,0.6,1.0,4.3,,2004
John Williams,28,IND,SF,34,0,11.8,1.2,3.4,0.357,0.1,0.4,0.333,1.1,3.0,0.359,0.374,0.4,0.7,0.56,0.7,1.1,1.8,0.8,0.3,0.1,1.0,1.4,2.9,,1995
Johnathan Motley,24,LAC,PF,13,0,3.2,0.8,1.2,0.733,0.1,0.1,1.0,0.8,1.1,0.714,0.767,0.4,0.5,0.714,0.2,0.5,0.8,0.6,0.2,0.0,0.4,0.5,2.2,,2020
Johnathan Williams,24,WAS,PF,15,6,12.0,1.3,2.3,0.559,0.0,0.1,0.0,1.3,2.1,0.594,0.559,0.5,0.9,0.538,1.6,2.7,4.3,0.5,0.1,0.5,0.3,1.1,3.0,,2020
Johnny Davis,21,WAS,SG,50,6,12.3,1.2,3.1,0.403,0.3,0.8,0.35,1.0,2.3,0.421,0.448,0.3,0.5,0.583,0.4,1.1,1.4,0.6,0.4,0.2,0.3,1.1,3.0,,2024
Johnny Dawkins,31,DET,PG,50,9,23.4,2.5,5.4,0.463,0.5,1.5,0.342,2.0,3.9,0.508,0.509,1.0,1.1,0.909,0.6,1.7,2.3,4.1,1.0,0.0,1.7,1.5,6.5,,1995
Johnny Juzang,21,UTA,SG,18,0,12.9,1.9,5.8,0.337,0.8,3.5,0.238,1.1,2.3,0.488,0.409,0.1,0.2,0.5,0.4,1.7,2.2,0.4,0.2,0.2,0.2,0.7,4.8,,2023
Johnny Newman,38,DAL,SF,47,17,15.4,1.4,3.1,0.453,0.5,1.2,0.386,1.0,1.9,0.495,0.527,0.9,1.2,0.724,0.2,0.9,1.0,0.3,0.6,0.1,0.4,1.9,4.2,,2002
Johnny O'Bryant,21,MIL,PF,34,15,10.8,1.3,3.5,0.367,0.0,0.0,0.0,1.3,3.5,0.367,0.367,0.4,0.8,0.444,0.8,1.1,1.9,0.5,0.1,0.1,0.7,1.3,2.9,,2015
Johnny Taylor,25,DEN,SF,1,0,5.0,0.0,2.0,0.0,0.0,0.0,0.0,0.0,2.0,0.0,0.0,0.0,0.0,0.0,0.0,1.0,1.0,0.0,0.0,0.0,0.0,1.0,0.0,,2000
Jon Barry,28,LAL,SG,49,1,7.6,0.8,2.1,0.365,0.4,1.2,0.295,0.4,0.9,0.465,0.452,0.6,0.6,0.931,0.2,0.6,0.8,1.0,0.5,0.1,0.4,0.7,2.5,,1998
Jon Brockman,24,MIL,PF,35,0,6.8,0.4,1.3,0.333,0.0,0.0,0.0,0.4,1.3,0.341,0.333,0.2,0.4,0.467,0.9,1.2,2.1,0.3,0.1,0.0,0.3,0.9,1.1,,2012
Jon Koncak,31,ATL,C,62,20,15.2,1.2,3.0,0.412,0.2,0.6,0.333,1.0,2.4,0.43,0.444,0.2,0.4,0.542,0.4,2.6,3.0,0.8,0.6,0.7,0.3,2.2,2.9,,1995
Jon Leuer,23,MEM,PF,19,0,5.1,0.8,1.3,0.625,0.0,0.0,0.0,0.8,1.3,0.625,0.625,0.2,0.4,0.571,0.4,0.8,1.3,0.2,0.2,0.0,0.2,0.5,1.8,,2013
Jon Sundvold,30,MIA,PG,3,0,2.7,0.3,1.0,0.333,0.3,0.3,1.0,0.0,0.7,0.0,0.5,0.0,0.0,0.0,0.0,0.0,0.0,0.7,0.0,0.0,0.0,0.7,1.0,,1992
Jon Teske,24,MEM,C,3,0,2.7,0.0,0.3,0.0,0.0,0.0,0.0,0.0,0.3,0.0,0.0,0.0,0.7,0.0,0.0,0.7,0.7,0.3,0.3,0.0,0.0,0.3,0.0,,2022
Jonah Bolden,24,PHI,C,4,0,3.5,0.5,0.8,0.667,0.0,0.3,0.0,0.5,0.5,1.0,0.667,0.0,0.5,0.0,0.0,0.3,0.3,0.0,0.3,0.0,0.5,1.0,1.0,,2020
Jonas Jerebko,29,BOS,PF,78,6,15.8,1.5,3.4,0.435,0.6,1.7,0.346,0.9,1.7,0.523,0.521,0.3,0.5,0.703,0.8,2.7,3.5,0.9,0.3,0.2,0.5,1.6,3.8,,2017
Jonas Valančiūnas,20,TOR,C,62,57,23.9,3.3,5.9,0.557,0.0,0.0,0.0,3.3,5.9,0.557,0.557,2.4,3.0,0.789,2.0,4.0,6.0,0.7,0.3,1.3,1.5,3.0,8.9,ROY-9,2013
Jonathan Bender,19,IND,SF,24,1,5.4,1.0,2.9,0.329,0.1,0.5,0.167,0.9,2.4,0.362,0.343,0.7,1.0,0.667,0.2,0.7,0.9,0.1,0.0,0.2,0.3,0.8,2.7,,2000
Jonathan Gibson,29,DAL,PG,17,0,13.6,2.1,5.6,0.368,0.9,2.6,0.333,1.2,2.9,0.4,0.447,1.2,1.7,0.724,0.1,1.2,1.3,1.5,0.5,0.0,1.2,1.2,6.2,,2017
Jonathan Isaac,25,ORL,PF,11,0,11.3,2.0,4.8,0.415,0.5,1.4,0.4,1.5,3.5,0.421,0.472,0.5,0.8,0.556,1.4,2.6,4.0,0.5,1.3,0.4,0.4,0.5,5.0,,2023
Jonathan Kerner,24,ORL,C,1,0,5.0,0.0,1.0,0.0,0.0,0.0,0.0,0.0,1.0,0.0,0.0,0.0,0.0,0.0,0.0,0.0,0.0,0.0,0.0,0.0,0.0,2.0,0.0,,1999
Jonathan Kuminga,19,GSW,SF,70,12,16.9,3.4,6.6,0.513,0.7,2.1,0.336,2.7,4.4,0.598,0.567,1.9,2.7,0.684,0.8,2.6,3.3,0.9,0.4,0.3,1.1,2.1,9.3,,2022
Jonathon Simmons,29,PHI,SF,15,0,14.6,1.9,4.3,0.453,0.6,1.4,0.429,1.3,2.9,0.465,0.523,1.1,1.7,0.64,0.3,1.5,1.7,2.2,0.7,0.1,0.8,1.4,5.5,,2019
Jonny Flynn,22,HOU,PG,11,0,12.3,1.1,3.7,0.293,0.2,0.8,0.222,0.9,2.9,0.313,0.317,1.0,1.3,0.786,0.1,0.6,0.7,2.5,0.3,0.1,0.8,0.7,3.4,,2012
Jontay Porter,21,MEM,PF,11,0,4.9,0.7,1.4,0.533,0.3,0.7,0.375,0.5,0.6,0.714,0.633,0.3,0.5,0.6,0.4,0.9,1.3,0.1,0.3,0.1,0.6,1.1,2.0,,2021
Jordan Adams,20,MEM,SG,30,0,8.3,1.2,2.9,0.407,0.3,0.8,0.4,0.8,2.0,0.41,0.465,0.5,0.8,0.609,0.3,0.6,0.9,0.5,0.5,0.2,0.5,0.8,3.1,,2015
Jordan Bell,27,CHI,C,1,0,2.0,0.0,0.0,0.0,0.0,0.0,0.0,0.0,0.0,0.0,0.0,0.0,0.0,0.0,1.0,0.0,1.0,0.0,1.0,0.0,0.0,2.0,0.0,,2022
Jordan Bone,22,DET,PG,10,0,5.3,0.5,2.0,0.25,0.2,1.0,0.2,0.3,1.0,0.3,0.3,0.0,0.0,0.0,0.0,0.4,0.4,0.8,0.1,0.0,0.2,0.6,1.2,,2020
Jordan Clarkson,22,LAL,PG,59,38,25.0,4.5,10.1,0.448,0.6,2.1,0.314,3.9,8.1,0.482,0.48,2.2,2.7,0.829,0.9,2.3,3.2,3.5,0.9,0.2,1.6,1.8,11.9,ROY-7,2015
Jordan Crawford,22,ATL,SG,16,0,10.0,1.7,4.8,0.351,0.6,1.7,0.333,1.1,3.1,0.36,0.409,0.3,0.4,0.667,0.6,1.2,1.8,0.9,0.2,0.0,0.9,0.8,4.2,,2011
Jordan Farmar,20,LAL,PG,72,2,15.1,1.7,4.1,0.422,0.6,1.9,0.328,1.1,2.2,0.503,0.498,0.4,0.5,0.711,0.3,1.3,1.7,1.9,0.6,0.1,1.0,1.1,4.4,,2007
Jordan Ford,25,SAC,PG,6,0,3.7,0.7,1.2,0.571,0.3,0.5,0.667,0.3,0.7,0.5,0.714,0.3,0.3,1.0,0.0,0.3,0.3,0.3,0.0,0.0,0.2,0.0,2.0,,2024
Jordan Goodwin,23,WAS,SG,2,0,3.0,0.0,1.5,0.0,0.0,0.5,0.0,0.0,1.0,0.0,0.0,0.0,0.0,0.0,0.0,0.5,0.5,0.0,0.0,0.0,0.0,0.5,0.0,,2022
Jordan Hall,21,SAS,SF,9,0,9.2,1.0,3.1,0.321,0.3,1.7,0.2,0.7,1.4,0.462,0.375,0.8,1.0,0.778,0.3,1.0,1.3,1.2,0.1,0.0,0.8,0.7,3.1,,2023
Jordan Hamilton,24,LAC,SF,14,2,8.7,1.0,2.5,0.4,0.7,1.5,0.476,0.3,1.0,0.286,0.543,0.0,0.0,0.0,0.1,1.0,1.1,0.5,0.1,0.0,0.3,1.0,2.7,,2015
Jordan Hawkins,21,NOP,SG,67,10,17.3,2.6,6.8,0.382,1.6,4.4,0.366,1.0,2.4,0.411,0.501,1.0,1.2,0.838,0.4,1.8,2.2,1.0,0.3,0.1,0.6,1.1,7.8,,2024
Jordan Hill,29,MIN,C,7,0,6.7,0.7,1.9,0.385,0.0,0.0,0.0,0.7,1.9,0.385,0.385,0.3,0.3,1.0,1.1,0.9,2.0,0.0,0.1,0.0,0.6,1.3,1.7,,2017
Jordan Loyd,25,TOR,PG,12,0,4.6,0.7,1.5,0.444,0.3,0.7,0.5,0.3,0.8,0.4,0.556,0.8,0.9,0.818,0.1,0.7,0.8,0.5,0.0,0.0,0.2,0.4,2.4,,2019
Jordan McLaughlin,27,MIN,PG,56,0,11.2,1.3,2.6,0.483,0.8,1.6,0.472,0.5,1.0,0.5,0.628,0.2,0.3,0.722,0.3,1.0,1.3,2.0,0.6,0.1,0.3,0.6,3.5,,2024
Jordan McRae,28,DEN,SG,4,0,8.0,0.5,1.5,0.333,0.5,1.0,0.5,0.0,0.5,0.0,0.5,0.8,1.0,0.75,0.3,1.0,1.3,1.0,0.5,0.3,0.0,0.5,2.3,,2020
Jordan Mickey,21,BOS,PF,16,0,3.6,0.5,1.4,0.364,0.0,0.0,0.0,0.5,1.4,0.364,0.364,0.3,0.6,0.5,0.4,0.4,0.8,0.1,0.0,0.7,0.1,0.3,1.3,,2016
Jordan Miller,24,LAC,SF,8,0,3.5,0.6,1.1,0.556,0.1,0.3,0.5,0.5,0.9,0.571,0.611,0.3,0.3,1.0,0.4,0.3,0.6,0.0,0.0,0.0,0.1,0.3,1.6,,2024
Jordan Nwora,25,IND,SF,18,0,10.2,2.1,4.6,0.451,0.6,2.0,0.306,1.4,2.6,0.565,0.518,0.5,0.6,0.818,0.4,1.4,1.8,1.0,0.3,0.1,0.7,1.1,5.2,,2024
Jordan Poole,20,GSW,SG,57,14,22.4,2.9,8.8,0.333,1.3,4.6,0.279,1.6,4.2,0.392,0.406,1.7,2.1,0.798,0.2,1.9,2.1,2.4,0.6,0.2,1.3,1.6,8.8,,2020
Jordan Schakel,23,WAS,SG,4,0,7.5,0.3,2.8,0.091,0.3,1.5,0.167,0.0,1.3,0.0,0.136,0.5,0.5,1.0,0.5,1.5,2.0,0.0,0.3,0.0,0.3,0.0,1.3,,2022
Jordan Sibert,26,ATL,SG,1,0,4.0,1.0,1.0,1.0,1.0,1.0,1.0,0.0,0.0,0.0,1.5,0.0,0.0,0.0,0.0,0.0,0.0,0.0,0.0,0.0,0.0,0.0,3.0,,2019
Jordan Walsh,19,BOS,SF,9,1,9.2,0.7,1.7,0.4,0.2,1.0,0.222,0.4,0.7,0.667,0.467,0.1,0.2,0.5,0.6,1.7,2.2,0.6,0.6,0.1,0.3,1.2,1.7,,2024
Jordan Williams,21,NJN,C,43,5,14.8,1.8,3.5,0.507,0.0,0.0,0.0,1.8,3.5,0.507,0.507,1.0,1.5,0.652,1.5,2.1,3.6,0.3,0.5,0.3,0.5,1.4,4.6,,2012
Jorge Garbajosa,30,TOR,PF,7,0,10.6,1.1,3.6,0.32,0.9,2.3,0.375,0.3,1.3,0.222,0.44,0.0,0.0,0.0,0.3,1.9,2.1,0.4,0.4,0.0,0.1,0.3,3.1,,2008
Jorge Gutiérrez,26,BRK,PG,10,0,4.4,0.7,1.4,0.5,0.0,0.1,0.0,0.7,1.3,0.538,0.5,0.2,0.3,0.667,0.0,0.7,0.7,0.7,0.1,0.0,0.3,0.9,1.6,,2015
Jose Alvarado,23,NOP,PG,54,1,15.4,2.4,5.4,0.446,0.6,2.0,0.291,1.8,3.4,0.538,0.5,0.7,1.0,0.679,0.5,1.4,1.9,2.8,1.3,0.1,0.7,1.4,6.1,,2022
Joseph Forte,20,BOS,SG,8,0,4.9,0.1,1.5,0.083,0.0,0.4,0.0,0.1,1.1,0.111,0.083,0.5,0.5,1.0,0.1,0.6,0.8,0.8,0.3,0.0,0.4,0.1,0.8,,2002
Josh Akognon,26,DAL,PG,3,0,3.0,0.7,1.3,0.5,0.3,0.7,0.5,0.3,0.7,0.5,0.625,0.0,0.0,0.0,0.0,0.3,0.3,0.3,0.0,0.0,0.0,1.0,1.7,,2013
Josh Boone,25,NJN,PF,63,28,16.6,1.9,3.5,0.525,0.0,0.0,0.0,1.9,3.5,0.525,0.525,0.3,0.9,0.328,2.0,3.0,5.0,0.5,0.5,0.8,0.6,1.8,4.0,,2010
Josh Childress,30,NOP,SF,4,0,6.0,0.0,0.0,0.0,0.0,0.0,0.0,0.0,0.0,0.0,0.0,0.0,0.0,0.0,0.0,0.8,0.8,0.5,0.3,0.0,0.3,0.3,0.0,,2014
Josh Christopher,21,HOU,SG,64,2,12.3,2.4,5.1,0.465,0.3,1.4,0.236,2.1,3.8,0.55,0.497,0.7,0.9,0.75,0.3,0.8,1.1,1.1,0.5,0.2,0.9,0.9,5.8,,2023
Josh Davis,25,HOU,PF,1,0,0.0,0.0,0.0,0.0,0.0,0.0,0.0,0.0,0.0,0.0,0.0,0.0,0.0,0.0,0.0,0.0,0.0,0.0,0.0,0.0,0.0,1.0,0.0,,2006
Josh Giddey,21,OKC,SG,80,80,25.1,5.0,10.6,0.475,1.0,3.0,0.337,4.0,7.6,0.53,0.523,1.3,1.6,0.806,1.4,5.0,6.4,4.8,0.6,0.6,2.1,1.4,12.3,,2024
Josh Grant,26,GSW,PF,53,0,7.2,1.1,2.8,0.404,0.3,1.2,0.279,0.8,1.6,0.494,0.462,0.4,0.5,0.759,0.5,1.2,1.7,0.5,0.3,0.2,0.6,1.2,3.0,,1994
Josh Gray,26,NOP,PG,2,0,11.5,0.5,1.0,0.5,0.0,0.0,0.0,0.5,1.0,0.5,0.5,0.0,0.0,0.0,0.5,0.5,1.0,1.0,0.0,0.0,2.5,0.5,1.0,,2020
Josh Green,20,DAL,SG,39,5,11.4,1.1,2.4,0.452,0.1,0.6,0.16,1.0,1.7,0.559,0.473,0.3,0.6,0.565,0.7,1.3,2.0,0.7,0.4,0.1,0.4,0.9,2.6,,2021
Josh Hall,20,OKC,SF,21,1,16.0,1.4,4.7,0.303,0.2,1.8,0.108,1.2,3.0,0.419,0.323,1.0,2.1,0.5,0.3,2.5,2.8,1.3,0.2,0.0,1.2,1.8,4.1,,2021
Josh Harrellson,23,MIA,C,6,0,5.2,0.7,1.5,0.444,0.2,0.8,0.2,0.5,0.7,0.75,0.5,0.2,0.3,0.5,0.5,0.7,1.2,0.0,0.2,0.2,0.5,0.7,1.7,,2013
Josh Hart,23,LAL,SG,67,22,25.6,2.8,6.9,0.407,1.4,4.1,0.336,1.4,2.8,0.511,0.506,0.8,1.2,0.688,0.5,3.2,3.7,1.4,1.0,0.6,0.9,2.2,7.8,,2019
Josh Howard,32,MIN,SF,11,4,18.8,2.8,7.0,0.403,0.5,1.5,0.313,2.4,5.5,0.426,0.435,0.6,1.1,0.583,0.8,2.5,3.3,0.4,0.9,0.3,0.9,1.6,6.7,,2013
Josh Huestis,26,OKC,PF,69,10,14.2,0.9,2.6,0.33,0.5,1.7,0.287,0.4,1.0,0.403,0.42,0.1,0.3,0.3,0.6,1.7,2.3,0.3,0.2,0.6,0.4,1.2,2.3,,2018
Josh Jackson,24,SAC,SF,12,0,10.3,1.4,4.1,0.347,0.3,1.4,0.176,1.2,2.7,0.438,0.378,1.3,1.8,0.714,0.3,1.2,1.5,0.4,0.4,0.3,0.8,1.4,4.3,,2022
Josh Magette,30,ORL,PG,8,0,4.8,0.6,1.9,0.333,0.1,0.5,0.25,0.5,1.4,0.364,0.367,0.1,0.3,0.5,0.1,0.6,0.8,0.6,0.4,0.1,0.6,0.5,1.5,,2020
Josh McRoberts,30,DAL,PF,2,0,3.0,0.0,0.5,0.0,0.0,0.5,0.0,0.0,0.0,0.0,0.0,0.0,0.0,0.0,0.0,0.0,0.0,0.0,0.0,0.0,0.0,1.0,0.0,,2018
Josh Minott,21,MIN,SF,32,0,2.8,0.5,1.1,0.472,0.1,0.3,0.4,0.4,0.8,0.5,0.528,0.4,0.4,0.857,0.1,0.4,0.5,0.3,0.2,0.2,0.1,0.3,1.6,,2024
Josh Okogie,23,MIN,SG,49,6,10.5,0.9,2.1,0.404,0.3,1.0,0.298,0.6,1.2,0.491,0.471,0.7,1.0,0.686,0.6,0.8,1.4,0.5,0.5,0.2,0.5,1.1,2.7,,2022
Josh Powell,24,IND,PF,7,0,9.1,0.3,2.1,0.133,0.0,0.0,0.0,0.3,2.1,0.133,0.133,1.1,1.7,0.667,1.0,1.7,2.7,0.4,0.0,0.0,0.7,2.6,1.7,,2007
Josh Reaves,22,DAL,SF,4,0,7.0,0.8,2.3,0.333,0.0,0.5,0.0,0.8,1.8,0.429,0.333,0.5,0.5,1.0,0.3,0.5,0.8,0.8,0.0,0.0,0.0,1.3,2.0,,2020
Josh Richardson,22,MIA,SG,52,2,21.3,2.4,5.2,0.452,1.0,2.2,0.461,1.3,3.0,0.446,0.55,0.8,1.2,0.667,0.4,1.7,2.1,1.4,0.7,0.5,0.7,2.1,6.6,,2016
Josh Selby,21,MEM,PG,10,0,5.9,0.6,2.2,0.273,0.1,0.6,0.167,0.5,1.6,0.313,0.295,0.7,1.1,0.636,0.0,0.5,0.5,0.4,0.2,0.0,0.7,0.7,2.0,,2013
Josh Smith,32,NOP,PF,3,0,4.0,0.3,1.3,0.25,0.0,0.0,0.0,0.3,1.3,0.25,0.25,0.0,0.0,0.0,1.0,0.3,1.3,0.0,0.0,0.0,0.0,1.0,0.7,,2018
Joshua Primo,21,LAC,SG,2,0,5.0,0.5,1.5,0.333,0.0,0.5,0.0,0.5,1.0,0.5,0.333,0.0,0.0,0.0,0.5,0.0,0.5,0.0,0.0,0.5,2.0,0.0,1.0,,2024
José Calderón,37,DET,PG,49,0,12.9,0.9,2.4,0.375,0.3,1.2,0.246,0.6,1.3,0.492,0.433,0.2,0.2,0.818,0.2,1.0,1.2,2.3,0.3,0.1,0.7,1.3,2.3,,2019
João Vianna,25,DAL,SF,1,0,9.0,1.0,2.0,0.5,0.0,0.0,0.0,1.0,2.0,0.5,0.5,0.0,0.0,0.0,0.0,0.0,0.0,2.0,0.0,0.0,1.0,3.0,2.0,,1992
Jrue Holiday,19,PHI,PG,73,51,24.2,3.2,7.1,0.442,0.8,2.2,0.39,2.3,4.9,0.465,0.502,0.9,1.2,0.756,0.8,1.8,2.6,3.8,1.1,0.2,2.1,2.1,8.0,,2010
Juan Carlos Navarro,27,MEM,SG,82,30,25.8,3.8,9.3,0.402,1.9,5.3,0.361,1.9,4.1,0.455,0.504,1.5,1.8,0.849,0.4,2.1,2.6,2.2,0.6,0.0,1.6,1.1,10.9,ROY-6,2008
Juan Dixon,29,TOR,PG,36,0,11.8,1.6,4.4,0.369,0.5,1.1,0.436,1.2,3.4,0.347,0.422,0.5,0.5,0.947,0.3,1.1,1.3,1.8,0.6,0.1,1.0,1.1,4.3,,2008
Juan Toscano-Anderson,30,SAC,SF,11,0,4.8,0.3,1.1,0.25,0.1,0.4,0.25,0.2,0.7,0.25,0.292,0.0,0.0,0.0,0.4,0.9,1.3,0.4,0.1,0.1,0.2,1.0,0.6,,2024
Juancho Hernangómez,26,BOS,PF,18,0,5.3,0.3,1.5,0.185,0.2,1.0,0.167,0.1,0.5,0.222,0.241,0.3,0.5,0.667,0.5,0.9,1.4,0.2,0.2,0.1,0.3,0.4,1.1,,2022
Juaquin Hawkins,29,HOU,SG,58,10,11.8,1.0,2.6,0.385,0.2,0.4,0.417,0.8,2.1,0.379,0.419,0.2,0.3,0.5,0.3,1.1,1.3,0.8,0.5,0.1,0.5,1.0,2.3,,2003
Jud Buechler,33,PHO,SF,6,0,9.0,0.3,1.0,0.333,0.3,1.0,0.333,0.0,0.0,0.0,0.5,0.0,0.0,0.0,0.3,1.0,1.3,0.5,0.2,0.0,0.2,1.2,1.0,,2002
Jules Bernard,24,WAS,SG,19,0,7.8,1.5,3.4,0.453,0.6,1.5,0.379,0.9,1.8,0.514,0.539,0.3,0.5,0.556,0.5,0.8,1.4,0.8,0.2,0.1,0.4,0.7,3.9,,2024
Julian Champagnie,21,PHI,SF,2,0,3.5,0.0,1.0,0.0,0.0,0.5,0.0,0.0,0.5,0.0,0.0,0.0,0.0,0.0,0.0,0.0,0.0,0.0,0.5,0.0,0.0,0.0,0.0,,2023
Julian Phillips,20,CHI,SF,40,0,8.1,0.8,1.9,0.416,0.3,1.0,0.316,0.5,1.0,0.513,0.494,0.3,0.5,0.684,0.3,0.6,0.9,0.3,0.2,0.2,0.3,1.0,2.2,,2024
Julian Strawther,21,DEN,SF,50,0,10.9,1.6,4.4,0.369,0.8,2.8,0.297,0.8,1.7,0.488,0.462,0.4,0.6,0.71,0.1,1.1,1.2,0.9,0.3,0.1,0.5,1.1,4.5,,2024
Julian Washburn,27,MEM,SF,18,3,14.1,0.9,2.7,0.333,0.3,1.3,0.208,0.6,1.3,0.458,0.385,0.2,0.2,0.75,0.4,1.8,2.3,0.8,0.7,0.1,0.4,0.9,2.2,,2019
Julian Wright,23,TOR,SF,52,6,14.7,1.6,3.1,0.513,0.0,0.2,0.2,1.5,2.9,0.533,0.519,0.4,0.8,0.512,0.9,1.4,2.3,1.1,0.8,0.4,0.8,0.9,3.6,,2011
Julius Hodge,22,DEN,SG,14,0,2.4,0.4,0.9,0.385,0.0,0.0,0.0,0.4,0.9,0.385,0.385,0.2,0.6,0.375,0.4,0.1,0.5,0.4,0.1,0.0,0.6,0.5,0.9,,2006
Julius Nwosu,23,SAS,C,23,0,3.7,0.4,1.2,0.321,0.0,0.0,0.0,0.4,1.2,0.321,0.321,0.6,0.7,0.765,0.5,0.6,1.0,0.1,0.0,0.1,0.4,0.9,1.3,,1995
Julius Randle,20,LAL,PF,1,0,14.0,1.0,3.0,0.333,0.0,0.0,0.0,1.0,3.0,0.333,0.333,0.0,2.0,0.0,0.0,0.0,0.0,0.0,0.0,0.0,1.0,1.0,2.0,,2015
Julyan Stone,29,CHO,SG,23,0,7.6,0.3,0.6,0.462,0.3,0.6,0.462,0.0,0.0,0.0,0.692,0.0,0.1,0.5,0.0,1.2,1.3,1.1,0.2,0.1,0.3,0.9,0.8,,2018
Jumaine Jones,20,PHI,SF,33,0,4.2,0.7,1.8,0.379,0.1,0.1,0.5,0.6,1.6,0.37,0.397,0.3,0.5,0.611,0.5,0.7,1.2,0.2,0.2,0.2,0.4,0.3,1.7,,2000
Junior Burrough,23,BOS,PF,61,3,8.1,1.0,2.8,0.376,0.0,0.0,0.0,1.0,2.8,0.376,0.376,1.0,1.5,0.656,0.7,1.0,1.8,0.2,0.2,0.2,0.7,1.2,3.1,,1996
Junior Harrington,22,DEN,PG,82,51,24.4,2.1,5.7,0.362,0.1,0.3,0.25,2.0,5.4,0.369,0.369,0.9,1.4,0.652,0.5,2.5,3.0,3.4,1.0,0.2,1.9,3.0,5.1,,2003
Justin Anderson,26,BRK,SG,10,1,10.7,1.0,3.8,0.263,0.6,2.9,0.207,0.4,0.9,0.444,0.342,0.2,0.4,0.5,0.1,2.0,2.1,0.8,0.0,0.6,0.4,1.3,2.8,,2020
Justin Champagnie,21,TOR,SF,3,0,3.7,1.0,1.0,1.0,0.0,0.0,0.0,1.0,1.0,1.0,1.0,0.0,0.0,0.0,0.3,1.0,1.3,0.3,0.0,0.0,0.0,0.3,2.0,,2023
Justin Dentmon,27,DAL,PG,2,0,2.0,0.0,1.0,0.0,0.0,0.0,0.0,0.0,1.0,0.0,0.0,0.0,0.0,0.0,0.0,0.0,0.0,0.0,0.0,0.0,0.0,0.0,0.0,,2013
Justin Hamilton,23,CHA,C,1,0,4.0,0.0,0.0,0.0,0.0,0.0,0.0,0.0,0.0,0.0,0.0,0.0,0.0,0.0,0.0,0.0,0.0,0.0,1.0,0.0,1.0,0.0,0.0,,2014
Justin Harper,22,ORL,PF,14,0,6.0,0.6,2.2,0.29,0.1,0.9,0.154,0.5,1.3,0.389,0.323,0.0,0.1,0.0,0.2,0.6,0.9,0.1,0.1,0.2,0.4,0.4,1.4,,2012
Justin Holiday,26,ATL,SG,26,1,10.1,0.9,2.8,0.329,0.4,1.7,0.222,0.5,1.1,0.5,0.397,0.2,0.4,0.5,0.2,0.9,1.0,0.4,0.5,0.2,0.5,0.8,2.4,,2016
Justin Jackson,28,MIN,SF,2,0,0.5,0.0,0.0,0.0,0.0,0.0,0.0,0.0,0.0,0.0,0.0,0.0,0.0,0.0,0.0,0.0,0.0,0.0,0.0,0.0,0.0,0.0,0.0,,2024
Justin James,23,SAC,SF,36,0,6.4,1.0,2.3,0.417,0.3,0.8,0.31,0.7,1.5,0.473,0.47,0.3,0.6,0.476,0.2,0.7,0.9,0.5,0.2,0.3,0.2,0.5,2.5,,2020
Justin Minaya,24,POR,SF,34,1,11.2,0.6,2.2,0.297,0.4,1.4,0.245,0.3,0.7,0.4,0.378,0.1,0.3,0.556,0.9,0.8,1.6,0.6,0.3,0.3,0.3,1.0,1.8,,2024
Justin Patton,21,PHI,C,3,0,7.0,0.7,2.3,0.286,0.0,0.7,0.0,0.7,1.7,0.4,0.286,0.3,0.7,0.5,0.7,1.3,2.0,1.0,0.7,0.0,0.0,1.7,1.7,,2019
Justin Reed,23,BOS,SF,23,0,5.3,0.7,1.3,0.517,0.0,0.1,0.0,0.7,1.1,0.577,0.517,0.5,0.7,0.733,0.3,0.3,0.7,0.4,0.1,0.0,0.2,0.5,1.8,,2005
Justin Robinson,24,SAC,PG,3,0,5.0,0.3,2.7,0.125,0.0,1.0,0.0,0.3,1.7,0.2,0.125,0.0,0.0,0.0,0.0,0.3,0.3,0.7,0.0,0.0,0.3,0.7,0.7,,2022
Justin Williams,23,SAC,C,22,0,5.3,0.5,1.2,0.462,0.0,0.0,0.0,0.5,1.2,0.462,0.462,0.3,1.0,0.318,0.9,1.3,2.2,0.0,0.2,0.2,0.1,0.6,1.4,,2008
Justin Wright-Foreman,22,UTA,PG,4,0,11.3,1.8,5.0,0.35,0.5,2.5,0.2,1.3,2.5,0.5,0.4,0.8,1.0,0.75,0.0,1.3,1.3,1.8,0.5,0.0,0.8,1.3,4.8,,2020
Justise Winslow,25,LAC,PF,37,1,13.0,1.7,3.8,0.447,0.1,0.8,0.172,1.6,3.0,0.518,0.465,0.7,1.1,0.61,0.8,2.8,3.6,1.4,0.6,0.5,1.0,1.2,4.2,,2022
Jusuf Nurkić,20,DEN,C,62,27,17.8,2.8,6.2,0.446,0.0,0.0,0.0,2.8,6.1,0.449,0.446,1.4,2.1,0.636,2.0,4.1,6.2,0.8,0.8,1.1,1.4,3.3,6.9,ROY-6,2015
Juwan Howard,35,DEN,PF,3,0,7.3,0.3,0.7,0.5,0.0,0.0,0.0,0.3,0.7,0.5,0.5,0.0,0.0,0.0,0.3,1.0,1.3,0.7,0.3,0.3,0.0,1.3,0.7,,2009
Juwan Morgan,24,BOS,PF,1,0,4.0,0.0,0.0,0.0,0.0,0.0,0.0,0.0,0.0,0.0,0.0,0.0,0.0,0.0,0.0,0.0,0.0,0.0,0.0,0.0,0.0,0.0,0.0,,2022
Jérôme Moïso,26,NJN,C,8,0,3.0,0.4,0.5,0.75,0.0,0.0,0.0,0.4,0.5,0.75,0.75,0.3,0.5,0.5,0.4,0.5,0.9,0.0,0.0,0.1,0.1,0.3,1.0,,2005
K.J. McDaniels,21,HOU,SG,10,0,3.3,0.5,1.5,0.333,0.0,0.3,0.0,0.5,1.2,0.417,0.333,0.1,0.2,0.5,0.1,0.4,0.5,0.2,0.0,0.2,0.1,0.5,1.1,,2015
KJ Martin,23,2TM,SF,60,2,12.4,1.6,3.0,0.536,0.1,0.5,0.286,1.5,2.6,0.582,0.558,0.4,0.7,0.537,0.7,1.5,2.2,0.9,0.4,0.2,0.5,1.7,3.7,,2024
KZ Okpala,23,SAC,PF,35,3,7.1,0.5,1.1,0.421,0.2,0.6,0.333,0.3,0.5,0.529,0.513,0.2,0.2,0.875,0.2,0.8,1.0,0.4,0.2,0.2,0.2,1.1,1.3,,2023
Kadeem Allen,25,BOS,PG,18,1,5.9,0.3,1.2,0.273,0.0,0.6,0.0,0.3,0.6,0.545,0.273,0.4,0.5,0.778,0.2,0.4,0.6,0.7,0.2,0.1,0.5,0.8,1.1,,2018
Kai Jones,21,CHO,C,21,0,3.0,0.4,0.7,0.643,0.0,0.1,0.5,0.4,0.6,0.667,0.679,0.1,0.4,0.375,0.1,0.4,0.5,0.2,0.0,0.1,0.3,0.4,1.0,,2022
Kaiser Gates,27,NOP,SF,1,0,7.0,0.0,4.0,0.0,0.0,2.0,0.0,0.0,2.0,0.0,0.0,0.0,0.0,0.0,0.0,1.0,1.0,0.0,0.0,0.0,0.0,0.0,0.0,,2024
Kalin Lucas,25,MEM,PG,1,0,6.0,0.0,1.0,0.0,0.0,0.0,0.0,0.0,1.0,0.0,0.0,0.0,0.0,0.0,0.0,0.0,0.0,0.0,1.0,0.0,0.0,1.0,0.0,,2015
Kaniel Dickens,29,CLE,PF,5,0,2.4,0.2,0.6,0.333,0.0,0.0,0.0,0.2,0.6,0.333,0.333,0.0,0.0,0.0,0.0,0.2,0.2,0.2,0.0,0.2,0.0,0.2,0.4,,2008
Kareem Rush,24,LAL,SG,14,0,6.5,0.3,1.4,0.2,0.1,0.7,0.2,0.1,0.7,0.2,0.25,0.1,0.1,1.0,0.2,0.5,0.7,0.2,0.1,0.1,0.2,0.5,0.9,,2005
Karim Mané,20,ORL,PG,10,0,8.8,0.3,1.3,0.231,0.1,0.2,0.5,0.2,1.1,0.182,0.269,0.4,0.5,0.8,0.1,1.3,1.4,0.4,0.0,0.2,0.3,1.0,1.1,,2021
Karl Malone,40,LAL,PF,42,42,32.7,4.6,9.5,0.483,0.0,0.0,0.0,4.6,9.5,0.484,0.483,4.0,5.4,0.747,1.5,7.3,8.7,3.9,1.2,0.5,2.5,2.8,13.2,,2004
Karl-Anthony Towns,20,MIN,C,82,82,32.0,7.6,14.1,0.542,0.4,1.1,0.341,7.3,13.0,0.559,0.555,2.7,3.4,0.811,2.8,7.7,10.5,2.0,0.7,1.7,2.2,3.0,18.3,ROY-1,2016
Kasib Powell,26,MIA,SF,11,4,27.6,3.2,8.6,0.368,0.7,3.0,0.242,2.5,5.6,0.435,0.411,0.5,0.8,0.667,0.7,3.3,4.0,1.6,0.8,0.2,0.5,1.6,7.6,,2008
Kawhi Leonard,20,SAS,SF,64,39,24.0,3.1,6.3,0.493,0.6,1.7,0.376,2.5,4.6,0.536,0.543,1.1,1.4,0.773,1.6,3.5,5.1,1.1,1.3,0.4,0.7,1.4,7.9,ROY-4,2012
Kay Felder,22,DET,PG,2,0,3.0,0.5,2.0,0.25,0.0,0.5,0.0,0.5,1.5,0.333,0.25,0.0,0.0,0.0,1.0,1.0,2.0,0.0,0.0,0.0,0.5,0.0,1.0,,2018
Kebu Stewart,24,PHI,PF,15,0,7.3,0.8,1.7,0.462,0.0,0.0,0.0,0.8,1.7,0.462,0.462,1.1,1.7,0.64,0.6,1.5,2.1,0.1,0.3,0.1,0.5,0.9,2.7,,1998
Kedrick Brown,23,PHI,SF,8,0,6.9,0.3,0.8,0.333,0.0,0.4,0.0,0.3,0.4,0.667,0.333,1.0,1.3,0.8,0.1,1.3,1.4,0.5,0.4,0.1,0.6,0.5,1.5,,2005
Keegan Murray,22,SAC,SF,80,78,29.8,4.4,9.8,0.453,2.6,6.3,0.411,1.9,3.5,0.527,0.584,0.8,1.0,0.765,1.1,3.5,4.6,1.2,0.8,0.5,0.8,2.0,12.2,ROY-5,2023
Keifer Sykes,28,IND,PG,32,11,17.7,2.2,5.9,0.363,0.8,2.8,0.3,1.3,3.1,0.42,0.434,0.5,0.5,0.882,0.3,1.2,1.4,1.9,0.4,0.1,1.0,1.6,5.6,,2022
Keita Bates-Diop,28,BRK,SF,14,0,4.9,0.6,1.1,0.5,0.1,0.4,0.2,0.5,0.8,0.636,0.531,0.4,0.4,1.0,0.1,0.6,0.6,0.3,0.2,0.1,0.1,0.1,1.6,,2024
Keith Appling,23,ORL,PG,5,0,5.4,0.4,1.6,0.25,0.0,0.6,0.0,0.4,1.0,0.4,0.25,0.4,0.4,1.0,0.0,0.2,0.2,0.2,0.2,0.0,0.6,1.0,1.2,,2016
Keith Askins,31,MIA,SF,33,13,12.6,0.6,1.9,0.323,0.2,0.9,0.276,0.4,1.0,0.364,0.387,0.2,0.2,0.625,0.3,1.0,1.3,0.3,0.5,0.1,0.4,1.8,1.6,,1999
Keith Benson,23,GSW,C,3,0,3.0,0.0,0.3,0.0,0.0,0.0,0.0,0.0,0.3,0.0,0.0,0.0,0.0,0.0,0.7,0.3,1.0,0.0,0.0,0.0,0.0,0.0,0.0,,2012
Keith Bogans,33,BOS,SG,6,0,9.2,0.5,1.0,0.5,0.5,1.0,0.5,0.0,0.0,0.0,0.75,0.5,0.5,1.0,0.0,0.5,0.5,0.5,0.2,0.0,0.2,0.3,2.0,,2014
Keith Booth,23,CHI,SF,6,0,2.8,0.3,1.0,0.333,0.0,0.2,0.0,0.3,0.8,0.4,0.333,1.0,1.0,1.0,0.3,0.3,0.7,0.2,0.0,0.0,0.5,0.5,1.7,,1998
Keith Closs,22,LAC,C,15,0,5.8,0.8,1.5,0.522,0.0,0.1,0.0,0.8,1.5,0.545,0.522,0.5,0.7,0.8,0.3,1.3,1.7,0.0,0.2,0.6,0.4,0.9,2.1,,1999
Keith Jennings,25,GSW,PG,76,2,14.4,1.8,4.5,0.404,0.7,2.0,0.371,1.1,2.5,0.429,0.485,1.3,1.6,0.833,0.2,1.0,1.2,2.9,0.9,0.0,1.0,0.8,5.7,,1994
Keith Langford,24,SAS,SG,2,0,5.0,0.5,2.0,0.25,0.0,0.0,0.0,0.5,2.0,0.25,0.25,0.0,0.0,0.0,0.0,1.0,1.0,0.0,0.0,0.0,0.0,0.5,1.0,,2008
Keith McLeod,24,MIN,PG,33,0,11.8,0.8,2.5,0.329,0.0,0.3,0.1,0.8,2.2,0.361,0.335,1.0,1.3,0.767,0.2,0.9,1.0,1.8,0.5,0.0,0.9,1.2,2.7,,2004
Keith Owens,22,LAL,SF,20,0,4.0,0.5,1.6,0.281,0.0,0.0,0.0,0.5,1.6,0.281,0.281,0.4,0.5,0.8,0.4,0.4,0.8,0.2,0.3,0.2,0.1,0.6,1.3,,1992
Keith Tower,24,ORL,C,3,0,2.3,0.0,0.7,0.0,0.0,0.0,0.0,0.0,0.7,0.0,0.0,0.3,0.7,0.5,0.3,0.7,1.0,0.0,0.0,0.0,0.3,0.3,0.3,,1995
Keith Van Horn,30,DAL,SF,53,0,20.6,3.1,7.3,0.424,0.9,2.6,0.368,2.2,4.7,0.454,0.488,1.8,2.1,0.832,1.0,2.6,3.6,0.7,0.6,0.2,1.3,2.3,8.9,,2006
Kelan Martin,26,BOS,SF,3,0,2.0,0.0,1.0,0.0,0.0,0.3,0.0,0.0,0.7,0.0,0.0,0.0,0.0,0.0,0.3,0.3,0.7,0.0,0.0,0.0,0.0,0.0,0.0,,2022
Keldon Johnson,20,SAS,SF,17,1,17.7,3.1,5.2,0.596,0.8,1.3,0.591,2.4,3.9,0.597,0.669,2.1,2.6,0.795,0.6,2.8,3.4,0.9,0.8,0.1,0.8,1.6,9.1,,2020
Kelenna Azubuike,28,DAL,SG,3,0,6.0,1.0,2.7,0.375,0.3,1.0,0.333,0.7,1.7,0.4,0.438,0.0,0.0,0.0,0.0,0.0,0.0,0.0,0.3,0.0,1.3,0.3,2.3,,2012
Keljin Blevins,25,POR,SF,17,0,4.4,0.3,1.2,0.25,0.1,0.5,0.25,0.2,0.7,0.25,0.3,0.0,0.0,0.0,0.2,0.4,0.6,0.2,0.1,0.0,0.3,0.5,0.7,,2021
Kelly McCarty,23,DEN,SG,2,0,2.0,1.0,1.5,0.667,0.0,0.0,0.0,1.0,1.5,0.667,0.667,0.0,0.0,0.0,1.0,0.5,1.5,0.0,0.0,0.0,1.0,0.0,2.0,,1999
Kelly Olynyk,32,UTA,C,50,8,20.4,2.9,5.2,0.562,0.7,1.7,0.429,2.2,3.5,0.626,0.632,1.6,1.9,0.842,1.3,3.8,5.1,4.4,0.7,0.2,1.6,2.6,8.1,,2024
Kelly Oubre Jr.,20,WAS,SF,63,9,10.7,1.4,3.3,0.427,0.4,1.3,0.316,1.0,2.1,0.492,0.486,0.5,0.8,0.633,0.4,1.7,2.1,0.2,0.3,0.1,0.5,1.6,3.7,,2016
Kelly Tripucka,31,CHH,SF,77,1,16.7,2.4,5.4,0.454,0.2,0.6,0.333,2.2,4.8,0.469,0.472,2.0,2.2,0.91,0.6,1.7,2.3,2.1,0.4,0.2,1.2,1.7,7.0,,1991
Kelvin Cato,32,NYK,C,18,0,5.3,0.4,1.2,0.318,0.0,0.0,0.0,0.4,1.2,0.318,0.318,0.4,0.7,0.667,0.7,1.1,1.7,0.0,0.2,0.6,0.3,0.6,1.2,,2007
Kelvin Upshaw,28,DAL,SG,48,1,10.7,2.2,4.8,0.45,0.1,0.6,0.241,2.0,4.2,0.48,0.465,1.1,1.3,0.859,0.4,0.7,1.1,1.8,0.6,0.1,0.8,1.6,5.6,,1991
Kemba Walker,32,DAL,PG,9,1,16.0,2.7,6.3,0.421,0.8,3.1,0.25,1.9,3.2,0.586,0.482,1.9,2.3,0.81,0.3,1.4,1.8,2.1,0.2,0.2,0.4,1.2,8.0,,2023
Ken Bannister,30,LAC,PF,47,3,7.2,0.9,1.7,0.531,0.0,0.0,0.0,0.9,1.7,0.538,0.531,0.5,1.4,0.385,0.7,1.3,2.0,0.2,0.1,0.1,0.5,1.6,2.4,,1991
Ken Johnson,24,MIA,C,16,0,9.8,0.9,2.3,0.405,0.0,0.0,0.0,0.9,2.3,0.405,0.405,0.1,0.4,0.333,0.3,1.8,2.0,0.0,0.1,0.8,0.4,1.3,2.0,,2003
Ken Norman,32,ATL,SF,17,0,12.9,1.6,5.5,0.287,0.4,2.2,0.158,1.2,3.3,0.375,0.319,0.2,0.7,0.333,0.5,1.8,2.3,0.7,0.4,0.2,1.1,1.0,3.8,,1997
Kendall Brown,20,IND,SG,15,0,4.2,0.5,1.0,0.533,0.0,0.1,0.0,0.5,0.9,0.615,0.533,0.3,0.5,0.625,0.2,0.1,0.3,0.3,0.0,0.0,0.1,0.6,1.4,,2024
Kendall Gill,33,MIA,SG,65,49,21.7,2.5,6.5,0.384,0.1,0.7,0.136,2.4,5.8,0.413,0.391,0.6,1.0,0.677,0.4,2.4,2.8,1.5,0.7,0.1,0.8,2.2,5.7,,2002
Kendall Marshall,21,PHO,PG,48,3,14.6,1.2,3.1,0.371,0.5,1.5,0.315,0.7,1.6,0.423,0.447,0.2,0.3,0.571,0.1,0.8,0.9,3.0,0.5,0.1,1.2,1.0,3.0,,2013
Kendrick Nunn,27,LAL,SG,39,2,13.5,2.6,6.4,0.406,1.1,3.2,0.325,1.6,3.2,0.488,0.488,0.4,0.5,0.81,0.1,1.3,1.4,0.9,0.3,0.1,0.8,0.9,6.7,,2023
Kendrick Perkins,19,BOS,C,10,0,3.5,0.8,1.5,0.533,0.0,0.0,0.0,0.8,1.5,0.533,0.533,0.6,0.9,0.667,0.5,0.9,1.4,0.3,0.0,0.2,0.5,0.6,2.2,,2004
Kennard Winchester,25,HOU,SG,4,0,4.3,0.3,0.8,0.333,0.0,0.0,0.0,0.3,0.8,0.333,0.333,0.0,0.0,0.0,0.0,0.0,0.0,0.0,0.0,0.0,0.0,0.3,0.5,,1992
Kennedy Chandler,20,MEM,PG,36,0,7.8,1.0,2.3,0.422,0.1,0.4,0.133,0.9,1.9,0.485,0.434,0.2,0.4,0.462,0.3,0.8,1.1,1.6,0.3,0.1,0.5,0.4,2.2,,2023
Kenneth Faried,29,BRK,C,12,0,9.8,2.1,3.5,0.595,0.1,0.4,0.2,2.0,3.1,0.649,0.607,0.8,1.3,0.625,1.3,2.4,3.7,0.2,0.2,0.3,0.5,0.7,5.1,,2019
Kenneth Lofton Jr.,21,PHI,PF,2,0,4.5,0.5,3.0,0.167,0.0,1.0,0.0,0.5,2.0,0.25,0.167,0.0,0.0,0.0,0.0,1.5,1.5,0.0,0.0,0.0,1.0,0.0,1.0,,2024
Kenny Anderson,34,LAC,PG,4,0,6.5,1.0,2.8,0.364,0.0,0.0,0.0,1.0,2.8,0.364,0.364,0.0,0.0,0.0,0.3,1.0,1.3,1.3,0.0,0.0,0.8,1.5,2.0,,2005
Kenny Battle,27,BOS,SG,8,0,5.8,0.4,0.5,0.75,0.0,0.0,0.0,0.4,0.5,0.75,0.75,1.0,1.0,1.0,0.4,0.8,1.1,0.0,0.1,0.0,0.3,0.5,1.8,,1992
Kenny Gattison,30,CHH,PF,21,0,19.5,2.2,4.8,0.47,0.0,0.0,0.0,2.2,4.7,0.475,0.47,1.5,2.4,0.608,1.0,2.6,3.6,0.8,0.3,0.7,1.0,3.0,6.0,,1995
Kenny Payne,25,PHI,SF,49,3,7.2,1.3,3.0,0.448,0.1,0.2,0.417,1.2,2.7,0.451,0.466,0.2,0.3,0.692,0.3,0.8,1.1,0.3,0.3,0.2,0.4,0.7,2.9,,1992
Kenny Satterfield,21,PHI,PG,17,0,4.8,0.2,1.1,0.222,0.0,0.0,0.0,0.2,1.1,0.222,0.222,0.1,0.1,0.5,0.2,0.2,0.5,0.9,0.1,0.0,0.4,0.4,0.5,,2003
Kenny Smith,31,DET,PG,9,0,7.1,0.9,2.2,0.4,0.6,1.1,0.5,0.3,1.1,0.3,0.525,0.2,0.2,1.0,0.0,0.6,0.6,1.1,0.1,0.0,0.3,0.2,2.6,,1997
Kenny Thomas,31,SAC,PF,8,0,7.8,0.4,1.0,0.375,0.0,0.0,0.0,0.4,1.0,0.375,0.375,0.0,0.0,0.0,0.5,1.4,1.9,0.1,0.8,0.1,0.1,1.1,0.8,,2009
Kenny Walker,30,WSB,SF,24,0,11.1,0.8,1.8,0.429,0.0,0.0,0.0,0.8,1.8,0.429,0.429,0.9,1.2,0.75,0.8,1.2,2.0,0.3,0.2,0.2,0.6,1.8,2.4,,1995
Kenny Williams,21,IND,PF,75,0,7.0,1.2,2.4,0.52,0.0,0.0,0.0,1.2,2.3,0.528,0.52,0.5,0.7,0.68,0.7,1.0,1.7,0.4,0.1,0.4,0.5,1.1,2.9,,1991
Kenrich Williams,25,NOP,PF,39,18,21.3,1.3,3.8,0.347,0.6,2.5,0.258,0.7,1.3,0.52,0.432,0.2,0.7,0.346,1.3,3.5,4.8,1.5,0.7,0.5,0.6,2.3,3.5,,2020
Kent Bazemore,23,GSW,SG,61,0,4.4,0.7,1.9,0.371,0.2,0.6,0.294,0.5,1.3,0.402,0.414,0.4,0.7,0.614,0.1,0.3,0.4,0.4,0.3,0.1,0.3,0.4,2.0,,2013
Kentavious Caldwell-Pope,20,DET,SG,80,41,19.8,2.3,5.8,0.396,0.7,2.3,0.319,1.5,3.4,0.447,0.46,0.6,0.8,0.77,0.5,1.5,2.0,0.7,0.9,0.2,0.4,1.8,5.9,,2014
Kenyon Martin,37,MIL,PF,11,0,9.5,0.8,2.0,0.409,0.0,0.0,0.0,0.8,2.0,0.409,0.409,0.2,0.2,1.0,0.5,1.2,1.7,0.5,0.5,0.5,0.3,1.2,1.8,,2015
Keon Clark,28,UTA,PF,2,0,13.5,1.0,3.0,0.333,0.0,0.0,0.0,1.0,3.0,0.333,0.333,0.0,0.0,0.0,0.5,3.0,3.5,0.5,0.5,0.0,0.0,0.5,2.0,,2004
Keon Ellis,23,SAC,SG,16,0,4.4,0.4,1.0,0.438,0.4,0.8,0.5,0.1,0.3,0.25,0.625,0.3,0.4,0.571,0.3,0.3,0.5,0.4,0.3,0.1,0.1,0.6,1.5,,2023
Keon Johnson,19,LAC,SG,15,0,9.0,1.1,3.4,0.333,0.2,0.7,0.273,0.9,2.7,0.35,0.363,1.1,1.4,0.762,0.4,1.0,1.4,0.9,0.5,0.1,0.5,1.4,3.5,,2022
Kerry Kittles,30,LAC,SG,11,0,22.1,2.5,6.6,0.384,0.6,1.9,0.333,1.9,4.7,0.404,0.432,0.5,0.9,0.6,0.1,2.8,2.9,1.8,0.7,0.3,0.6,1.1,6.3,,2005
Kessler Edwards,22,BRK,SF,14,1,5.6,0.4,1.7,0.25,0.1,0.9,0.167,0.3,0.9,0.333,0.292,0.1,0.1,0.5,0.4,0.6,1.0,0.1,0.2,0.1,0.3,0.2,1.1,,2023
Kevin Brooks,24,DEN,SF,34,0,5.6,1.1,2.9,0.364,0.1,0.7,0.174,0.9,2.2,0.421,0.384,0.3,0.3,0.9,0.1,0.5,0.6,0.1,0.0,0.1,0.4,0.6,2.5,,1994
Kevin Burleson,26,CHA,PG,39,1,8.7,0.6,2.3,0.25,0.3,1.4,0.185,0.3,0.9,0.353,0.307,0.4,0.4,0.941,0.1,0.6,0.7,1.2,0.7,0.1,0.6,1.6,1.8,,2006
Kevin Duckworth,31,MIL,C,8,1,7.3,0.4,1.8,0.214,0.0,0.0,0.0,0.4,1.8,0.214,0.214,0.4,0.8,0.5,0.3,0.6,0.9,0.3,0.3,0.0,0.3,2.4,1.1,,1996
Kevin Durant,19,SEA,SG,80,80,34.6,7.3,17.1,0.43,0.7,2.6,0.288,6.6,14.5,0.455,0.451,4.9,5.6,0.873,0.9,3.5,4.4,2.4,1.0,0.9,2.9,1.5,20.3,ROY-1,2008
Kevin Edwards,32,NJN,SG,27,5,13.0,1.4,3.9,0.349,0.1,0.4,0.364,1.2,3.5,0.347,0.368,0.5,0.6,0.867,0.4,0.9,1.3,1.0,0.8,0.0,0.7,0.7,3.4,,1998
Kevin Gamble,30,SAC,SF,21,0,13.9,1.7,3.9,0.427,0.3,1.1,0.261,1.4,2.8,0.492,0.463,0.2,0.5,0.5,0.3,1.0,1.3,0.9,0.2,0.1,0.5,1.3,3.9,,1996
Kevin Garnett,39,MIN,PF,38,38,14.6,1.4,3.0,0.47,0.0,0.0,0.0,1.4,3.0,0.474,0.47,0.4,0.6,0.667,0.4,3.6,3.9,1.6,0.7,0.3,0.4,1.8,3.2,,2016
Kevin Hervey,23,OKC,PF,10,0,5.2,0.7,2.7,0.259,0.3,2.0,0.15,0.4,0.7,0.571,0.315,0.0,0.0,0.0,0.1,1.1,1.2,0.5,0.1,0.1,0.0,0.4,1.7,,2020
Kevin Huerter,20,ATL,SG,75,59,27.3,3.7,8.8,0.419,1.8,4.7,0.385,1.9,4.1,0.457,0.522,0.5,0.7,0.732,0.8,2.5,3.3,2.9,0.9,0.3,1.5,2.1,9.7,,2019
Kevin Johnson,33,PHO,PG,6,0,18.8,2.7,4.7,0.571,0.2,0.2,1.0,2.5,4.5,0.556,0.589,1.2,1.2,1.0,0.0,2.7,2.7,4.0,0.3,0.0,1.2,1.0,6.7,,2000
Kevin Jones,23,CLE,PF,32,0,10.4,1.3,3.3,0.402,0.0,0.0,0.0,1.3,3.3,0.402,0.402,0.3,0.5,0.6,1.2,1.3,2.4,0.3,0.3,0.2,0.3,0.8,3.0,,2013
Kevin Knox,22,ATL,SF,17,0,6.5,0.9,2.6,0.356,0.3,1.5,0.192,0.6,1.1,0.579,0.411,0.5,0.7,0.75,0.4,0.9,1.3,0.4,0.1,0.1,0.1,0.8,2.7,,2022
Kevin Love,34,MIA,PF,21,17,20.0,2.6,6.6,0.388,1.4,4.8,0.297,1.1,1.8,0.632,0.496,1.1,1.3,0.857,0.8,4.9,5.7,1.9,0.4,0.2,1.1,1.5,7.7,,2023
Kevin Lynch,24,CHH,SG,40,8,8.1,0.8,1.5,0.508,0.0,0.0,0.0,0.8,1.5,0.517,0.508,0.7,1.0,0.684,0.3,0.6,0.9,0.6,0.3,0.2,0.6,1.1,2.2,,1993
Kevin Martin,21,SAC,PG,45,0,10.1,1.0,2.6,0.385,0.1,0.6,0.2,0.9,2.0,0.435,0.406,0.8,1.2,0.655,0.6,0.6,1.3,0.5,0.4,0.1,0.5,0.8,2.9,,2005
Kevin McHale,35,BOS,PF,71,0,23.3,4.2,9.1,0.459,0.0,0.3,0.111,4.2,8.9,0.469,0.461,2.3,2.7,0.841,1.3,3.7,5.0,1.0,0.2,0.8,1.3,1.8,10.7,,1993
Kevin Murphy,22,UTA,SG,17,0,3.1,0.4,1.6,0.25,0.1,0.3,0.2,0.4,1.4,0.261,0.268,0.0,0.0,0.0,0.0,0.2,0.2,0.1,0.1,0.0,0.2,0.2,0.9,,2013
Kevin Ollie,26,ORL,PG,1,0,4.0,0.0,1.0,0.0,0.0,0.0,0.0,0.0,1.0,0.0,0.0,1.0,2.0,0.5,0.0,1.0,1.0,0.0,0.0,0.0,0.0,1.0,1.0,,1999
Kevin Pangos,29,CLE,PG,24,3,6.9,0.6,1.9,0.326,0.3,1.1,0.231,0.4,0.8,0.45,0.391,0.1,0.2,0.75,0.1,0.4,0.5,1.3,0.1,0.0,0.3,0.5,1.6,,2022
Kevin Porter Jr.,19,CLE,SF,50,3,23.2,3.7,8.4,0.442,1.1,3.2,0.335,2.7,5.3,0.506,0.505,1.5,2.0,0.723,0.4,2.8,3.2,2.2,0.9,0.3,1.9,2.7,10.0,,2020
Kevin Pritchard,27,PHI,PG,5,0,7.2,0.0,0.6,0.0,0.0,0.6,0.0,0.0,0.0,0.0,0.0,0.2,0.8,0.25,0.0,0.2,0.2,2.2,0.0,0.0,1.0,0.6,0.2,,1995
Kevin Salvadori,27,SAC,C,16,0,5.4,0.1,0.8,0.077,0.0,0.0,0.0,0.1,0.8,0.077,0.077,0.2,0.4,0.5,0.3,0.9,1.3,0.2,0.0,0.7,0.3,0.8,0.3,,1998
Kevin Séraphin,21,WAS,PF,58,1,10.9,1.1,2.5,0.449,0.0,0.0,0.0,1.1,2.5,0.449,0.449,0.4,0.5,0.71,1.4,1.2,2.6,0.2,0.3,0.5,0.7,2.2,2.7,,2011
Kevin Thompson,22,POR,C,14,0,4.1,0.4,1.0,0.429,0.0,0.1,0.0,0.4,0.9,0.462,0.429,0.1,0.1,0.5,0.5,0.4,0.9,0.2,0.0,0.1,0.4,0.8,0.9,,1994
Kevin Willis,44,DAL,PF,5,0,8.6,1.0,2.6,0.385,0.0,0.0,0.0,1.0,2.6,0.385,0.385,0.4,0.4,1.0,0.4,1.2,1.6,0.2,0.4,0.2,0.4,2.2,2.4,,2007
Kevinn Pinkney,23,BOS,PF,6,0,16.7,2.0,4.5,0.444,0.2,0.3,0.5,1.8,4.2,0.44,0.463,1.0,1.5,0.667,1.2,1.3,2.5,0.8,0.5,0.5,0.7,2.0,5.2,,2007
Kevon Harris,26,ORL,SG,2,0,3.0,1.0,1.5,0.667,0.0,0.0,0.0,1.0,1.5,0.667,0.667,0.0,0.0,0.0,0.0,1.0,1.0,0.5,0.0,0.0,0.5,1.5,2.0,,2024
Kevon Looney,19,GSW,PF,5,0,4.2,0.8,1.4,0.571,0.2,0.4,0.5,0.6,1.0,0.6,0.643,0.0,0.0,0.0,0.8,1.2,2.0,0.0,0.0,0.0,0.2,0.4,1.8,,2016
Keyon Dooling,31,BOS,SG,46,2,14.4,1.4,3.5,0.405,0.6,1.8,0.333,0.8,1.8,0.476,0.488,0.5,0.7,0.742,0.1,0.8,0.8,1.1,0.3,0.0,0.7,1.2,4.0,,2012
Keyontae Johnson,23,OKC,SF,9,0,7.3,0.6,1.8,0.313,0.1,0.3,0.333,0.4,1.4,0.308,0.344,0.0,0.0,0.0,0.4,0.7,1.1,0.4,0.1,0.0,0.4,0.6,1.2,,2024
Keyonte George,20,UTA,PG,75,44,27.0,4.3,10.9,0.391,2.0,5.9,0.334,2.3,5.0,0.459,0.482,2.5,3.0,0.848,0.2,2.6,2.8,4.4,0.5,0.1,2.5,1.2,13.0,,2024
Khalid El-Amin,21,CHI,PG,50,14,18.7,2.3,6.2,0.37,0.6,1.7,0.333,1.7,4.5,0.383,0.415,1.1,1.4,0.778,0.4,1.2,1.6,2.9,1.0,0.0,1.1,2.0,6.3,,2001
Khalid Reeves,26,DET,PG,11,0,10.2,0.7,1.9,0.381,0.1,0.3,0.333,0.6,1.6,0.389,0.405,0.7,1.3,0.571,0.3,0.4,0.6,1.0,0.4,0.0,0.6,1.2,2.3,,1999
Khem Birch,30,TOR,C,20,0,8.1,1.0,1.6,0.594,0.1,0.1,0.5,0.9,1.5,0.6,0.609,0.2,0.3,0.8,0.4,0.9,1.3,0.4,0.3,0.3,0.4,1.2,2.2,,2023
Khris Middleton,21,DET,SG,27,0,17.6,2.3,5.2,0.44,0.5,1.7,0.311,1.8,3.6,0.5,0.489,1.0,1.2,0.844,0.1,1.7,1.9,1.0,0.6,0.1,0.4,2.0,6.1,,2013
Khyri Thomas,23,DET,SG,8,0,7.6,0.6,2.1,0.294,0.6,1.8,0.357,0.0,0.4,0.0,0.441,0.3,0.5,0.5,0.1,0.0,0.1,0.4,0.4,0.0,0.4,1.1,2.1,,2020
Kiki Vandeweghe,34,LAC,SF,41,3,12.0,2.2,5.0,0.453,0.3,0.9,0.324,2.0,4.0,0.482,0.483,1.4,1.6,0.879,0.3,0.9,1.2,0.6,0.3,0.2,0.5,1.1,6.2,,1993
Killian Hayes,19,DET,PG,26,18,25.8,2.7,7.7,0.353,0.8,2.8,0.278,2.0,5.0,0.395,0.403,0.5,0.7,0.824,0.2,2.4,2.7,5.3,1.0,0.4,3.2,2.2,6.8,,2021
Killian Tillie,22,MEM,C,18,1,10.1,1.1,3.2,0.333,0.6,1.8,0.303,0.5,1.3,0.375,0.421,0.5,0.6,0.818,0.3,1.0,1.3,0.4,0.3,0.4,0.1,1.1,3.2,,2021
Kim English,24,DET,SG,41,0,9.9,1.0,2.7,0.375,0.3,1.2,0.28,0.7,1.5,0.452,0.438,0.5,0.7,0.724,0.2,0.7,0.9,0.6,0.4,0.1,0.5,1.1,2.9,,2013
Kira Lewis Jr.,22,TOR,PG,1,0,2.0,0.0,0.0,0.0,0.0,0.0,0.0,0.0,0.0,0.0,0.0,0.0,0.0,0.0,0.0,0.0,0.0,0.0,0.0,0.0,0.0,1.0,0.0,,2024
Kirk Haston,23,NOH,SF,12,0,4.8,0.2,1.4,0.118,0.0,0.3,0.0,0.2,1.2,0.143,0.118,0.2,0.3,0.5,0.0,0.6,0.6,0.3,0.0,0.4,0.6,0.8,0.5,,2003
Kirk Hinrich,35,ATL,PG,11,0,6.9,0.2,1.0,0.182,0.1,0.5,0.167,0.1,0.5,0.2,0.227,0.0,0.0,0.0,0.1,1.0,1.1,1.3,0.2,0.1,0.3,0.1,0.5,,2016
Kirk Penney,24,LAC,SG,4,0,3.0,0.3,0.8,0.333,0.0,0.3,0.0,0.3,0.5,0.5,0.333,0.0,0.0,0.0,0.0,0.3,0.3,0.3,0.0,0.0,0.5,0.0,0.5,,2005
Kirk Snyder,24,HOU,PF,9,0,9.0,1.4,3.1,0.464,0.2,1.0,0.222,1.2,2.1,0.579,0.5,0.7,1.2,0.545,0.6,0.8,1.3,0.9,0.1,0.1,0.4,0.7,3.8,,2008
Kiwane Lemorris Garris,25,ORL,SG,3,0,7.7,0.7,3.3,0.2,0.0,0.3,0.0,0.7,3.0,0.222,0.2,0.0,0.0,0.0,0.0,0.3,0.3,0.7,0.0,0.0,0.3,0.0,1.3,,2000
Klay Thompson,21,GSW,SG,66,29,24.4,4.8,10.9,0.443,1.7,4.1,0.414,3.1,6.8,0.46,0.52,1.2,1.4,0.868,0.4,2.1,2.4,2.0,0.7,0.3,1.6,2.3,12.5,ROY-6,2012
Kobe Brown,24,LAC,PF,44,0,9.0,0.8,2.0,0.411,0.3,1.1,0.292,0.5,1.0,0.548,0.489,0.0,0.0,0.5,0.5,1.0,1.4,0.6,0.3,0.1,0.2,1.1,2.0,,2024
Kobe Bryant,18,LAL,SF,71,6,15.5,2.5,5.9,0.417,0.7,1.9,0.375,1.8,4.0,0.437,0.477,1.9,2.3,0.819,0.7,1.2,1.9,1.3,0.7,0.3,1.6,1.4,7.6,,1997
Kobe Bufkin,20,ATL,SG,17,0,11.5,2.0,5.4,0.37,0.5,2.4,0.225,1.5,3.1,0.481,0.418,0.2,0.5,0.5,0.4,1.6,1.9,1.6,0.4,0.3,0.6,1.2,4.8,,2024
Kobi Simmons,21,CLE,PG,1,0,2.0,0.0,0.0,0.0,0.0,0.0,0.0,0.0,0.0,0.0,0.0,0.0,0.0,0.0,0.0,0.0,0.0,0.0,0.0,0.0,0.0,0.0,0.0,,2019
Korleone Young,20,DET,SF,3,0,5.0,1.7,3.3,0.5,0.3,1.3,0.25,1.3,2.0,0.667,0.55,0.7,0.7,1.0,0.7,0.7,1.3,0.3,0.0,0.0,0.3,1.0,4.3,,1999
Kornél Dávid,28,CLE,SF,6,0,5.2,0.7,1.5,0.444,0.0,0.0,0.0,0.7,1.5,0.444,0.444,0.5,0.7,0.75,0.7,0.7,1.3,0.2,0.7,0.2,0.3,1.2,1.8,,2000
Kosta Koufos,20,UTA,C,36,0,4.8,0.6,1.3,0.468,0.0,0.0,0.0,0.6,1.3,0.468,0.468,0.3,0.4,0.6,0.4,0.8,1.3,0.2,0.1,0.1,0.4,0.7,1.5,,2010
Kosta Perović,22,GSW,C,7,0,5.4,0.4,1.4,0.3,0.0,0.0,0.0,0.4,1.4,0.3,0.3,0.6,0.9,0.667,0.9,1.0,1.9,0.1,0.0,0.3,0.1,0.9,1.4,,2008
Kostas Antetokounmpo,23,LAL,PF,15,0,3.7,0.2,0.7,0.3,0.0,0.0,0.0,0.2,0.7,0.3,0.3,0.4,0.9,0.462,0.3,1.0,1.3,0.1,0.1,0.3,0.7,0.5,0.8,,2021
Kostas Papanikolaou,25,DEN,SF,26,6,11.3,0.9,2.5,0.364,0.4,1.2,0.313,0.5,1.3,0.412,0.439,0.3,0.5,0.643,0.3,1.2,1.5,0.6,0.5,0.2,0.8,0.9,2.6,,2016
Kris Dunn,26,ATL,PG,4,0,11.3,0.3,3.0,0.083,0.0,0.5,0.0,0.3,2.5,0.1,0.083,0.8,1.0,0.75,0.0,1.5,1.5,0.5,0.5,0.5,0.8,2.5,1.3,,2021
Kris Humphries,20,UTA,PF,62,2,10.0,1.2,3.3,0.379,0.0,0.1,0.0,1.2,3.2,0.389,0.379,0.5,1.0,0.523,0.9,1.6,2.5,0.5,0.4,0.3,0.5,1.3,3.0,,2006
Kris Joseph,24,BRK,SF,4,0,7.5,0.0,0.8,0.0,0.0,0.3,0.0,0.0,0.5,0.0,0.0,0.5,1.0,0.5,0.0,0.5,0.5,0.0,0.8,0.0,0.0,0.3,0.5,,2013
Kris Murray,23,POR,SF,62,29,21.7,2.3,5.9,0.396,0.8,3.0,0.268,1.5,3.0,0.525,0.463,0.6,0.9,0.661,1.4,2.2,3.6,1.3,0.9,0.3,0.9,1.5,6.1,,2024
Kristaps Porziņģis,20,NYK,PF,72,72,28.4,5.2,12.3,0.421,1.1,3.4,0.333,4.1,8.9,0.454,0.467,2.8,3.3,0.838,1.8,5.5,7.3,1.3,0.7,1.9,1.7,2.8,14.3,ROY-2,2016
Kurk Lee,23,NJN,PG,48,0,5.5,0.4,1.5,0.268,0.1,0.3,0.2,0.3,1.2,0.286,0.289,0.5,0.6,0.893,0.1,0.5,0.6,0.7,0.2,0.0,0.4,0.8,1.4,,1991
Kurt Rambis,36,LAL,PF,26,1,7.5,0.7,1.3,0.514,0.0,0.0,0.0,0.7,1.3,0.514,0.514,0.3,0.5,0.667,0.4,0.9,1.3,0.6,0.1,0.3,0.3,1.3,1.7,,1995
Kurt Thomas,40,NYK,PF,39,17,10.1,1.2,2.1,0.542,0.0,0.0,1.0,1.1,2.1,0.537,0.548,0.2,0.3,0.462,0.6,1.7,2.3,0.5,0.3,0.4,0.2,1.3,2.5,,2013
Kwame Brown,30,PHI,C,22,11,12.2,0.8,1.7,0.459,0.0,0.0,0.0,0.8,1.7,0.459,0.459,0.3,0.9,0.368,1.0,2.3,3.4,0.4,0.3,0.5,0.4,1.7,1.9,,2013
Ky Bowman,22,GSW,PG,45,12,22.6,3.0,7.1,0.417,0.7,2.4,0.308,2.2,4.8,0.472,0.469,0.8,0.9,0.829,0.5,2.2,2.7,2.9,1.0,0.2,1.6,2.3,7.4,,2020
Kyle Alexander,23,MIA,C,2,0,6.5,0.5,1.0,0.5,0.0,0.0,0.0,0.5,1.0,0.5,0.5,0.0,0.0,0.0,1.0,0.5,1.5,0.0,0.0,0.0,0.5,0.5,1.0,,2020
Kyle Anderson,21,SAS,SF,33,8,10.8,0.9,2.7,0.348,0.1,0.3,0.273,0.8,2.4,0.359,0.365,0.3,0.4,0.643,0.2,2.0,2.2,0.8,0.5,0.2,0.3,0.8,2.2,,2015
Kyle Collinsworth,26,DAL,SF,32,2,15.0,1.2,3.1,0.384,0.1,0.5,0.235,1.1,2.6,0.415,0.404,0.7,1.3,0.525,1.0,2.3,3.3,1.8,0.5,0.3,0.8,1.4,3.2,,2018
Kyle Guy,22,SAC,SG,3,0,3.3,0.7,1.7,0.4,0.0,1.0,0.0,0.7,0.7,1.0,0.4,0.0,0.0,0.0,0.0,0.3,0.3,0.3,0.0,0.0,0.0,0.3,1.3,,2020
Kyle Korver,22,PHI,SF,74,0,11.9,1.6,4.4,0.352,1.1,2.8,0.391,0.5,1.6,0.283,0.476,0.3,0.3,0.792,0.4,1.1,1.5,0.5,0.3,0.1,0.6,1.4,4.5,,2004
Kyle Kuzma,24,LAL,PF,61,9,25.0,4.8,11.0,0.436,1.4,4.5,0.316,3.4,6.5,0.518,0.5,1.9,2.5,0.735,0.9,3.6,4.5,1.3,0.5,0.4,1.5,2.1,12.8,,2020
Kyle Lowry,20,MEM,PG,10,0,17.5,1.4,3.8,0.368,0.3,0.8,0.375,1.1,3.0,0.367,0.408,2.5,2.8,0.893,1.2,1.9,3.1,3.2,1.4,0.1,1.2,2.0,5.6,,2007
Kyle O'Quinn,28,IND,C,45,3,8.2,1.5,3.0,0.507,0.0,0.3,0.083,1.5,2.8,0.548,0.511,0.4,0.5,0.81,0.6,2.0,2.6,1.2,0.2,0.6,0.7,1.5,3.5,,2019
Kyle Singler,29,OKC,SF,12,0,4.9,0.6,1.8,0.333,0.2,0.4,0.4,0.4,1.3,0.313,0.381,0.6,1.1,0.538,0.1,0.8,0.8,0.2,0.1,0.0,0.3,0.3,1.9,,2018
Kyle Weaver,23,OKC,SG,12,0,12.0,1.0,2.8,0.364,0.6,1.6,0.368,0.4,1.2,0.357,0.47,0.4,0.5,0.833,0.1,1.4,1.5,0.9,0.5,0.5,0.3,1.1,3.0,,2010
Kyle Wiltjer,24,HOU,PF,14,0,3.1,0.3,1.0,0.286,0.3,0.9,0.308,0.0,0.1,0.0,0.429,0.1,0.1,0.5,0.3,0.4,0.7,0.1,0.2,0.1,0.4,0.3,0.9,,2017
Kyrie Irving,19,CLE,PG,51,51,30.5,6.9,14.6,0.469,1.4,3.6,0.399,5.4,11.1,0.491,0.517,3.4,3.8,0.872,0.9,2.9,3.7,5.4,1.1,0.4,3.1,2.2,18.5,ROY-1,2012
Kyrylo Fesenko,21,UTA,C,9,0,7.8,0.7,1.8,0.375,0.0,0.0,0.0,0.7,1.8,0.375,0.375,0.2,0.4,0.5,1.6,1.2,2.8,0.2,0.0,0.3,0.9,2.1,1.6,,2008
LaBradford Smith,24,WSB,SG,7,0,6.9,1.1,2.6,0.444,0.0,0.0,0.0,1.1,2.6,0.444,0.444,2.1,2.9,0.75,0.7,0.4,1.1,0.7,0.4,0.1,0.1,1.1,4.4,,1994
LaMarcus Aldridge,21,POR,C,63,22,22.1,3.8,7.6,0.503,0.0,0.0,0.0,3.8,7.6,0.505,0.503,1.3,1.8,0.722,2.3,2.7,5.0,0.4,0.3,1.2,0.7,3.0,9.0,ROY-7,2007
LaMelo Ball,19,CHO,PG,51,31,28.8,5.7,13.2,0.436,1.8,5.1,0.352,3.9,8.1,0.489,0.504,2.5,3.2,0.758,1.2,4.7,5.9,6.1,1.6,0.4,2.8,2.7,15.7,ROY-1,2021
LaPhonso Ellis,24,DEN,PF,6,0,9.7,1.5,4.2,0.36,0.0,0.0,0.0,1.5,4.2,0.36,0.36,1.0,1.0,1.0,1.2,1.7,2.8,0.7,0.2,0.8,0.8,2.0,4.0,,1995
LaSalle Thompson,35,IND,C,9,0,3.9,0.0,0.3,0.0,0.0,0.0,0.0,0.0,0.3,0.0,0.0,0.3,0.4,0.75,0.2,0.7,0.9,0.2,0.0,0.0,0.2,0.8,0.3,,1997
Lamar Odom,33,LAC,PF,82,2,19.7,1.8,4.5,0.399,0.2,1.1,0.2,1.6,3.4,0.464,0.423,0.2,0.5,0.476,1.4,4.4,5.9,1.7,0.8,0.7,1.0,2.6,4.0,,2013
Lamar Patterson,25,ATL,SG,5,0,8.0,0.6,3.0,0.2,0.2,1.2,0.167,0.4,1.8,0.222,0.233,0.4,0.6,0.667,0.2,1.2,1.4,1.2,0.2,0.0,0.8,1.2,1.8,,2017
Lamar Stevens,26,BOS,PF,19,1,6.4,1.1,2.4,0.467,0.2,0.4,0.375,0.9,1.9,0.486,0.5,0.4,0.6,0.727,0.6,1.0,1.6,0.4,0.3,0.3,0.5,0.7,2.8,,2024
Lamond Murray,32,NJN,SF,57,1,10.1,1.3,3.2,0.398,0.5,1.4,0.346,0.8,1.8,0.437,0.472,0.4,0.7,0.625,0.5,1.8,2.3,0.2,0.3,0.1,0.4,1.2,3.4,,2006
Lamont Strothers,23,POR,SG,4,0,4.3,1.0,3.0,0.333,0.0,0.5,0.0,1.0,2.5,0.4,0.333,0.5,1.0,0.5,0.3,0.0,0.3,0.3,0.3,0.3,0.5,0.5,2.5,,1992
Lanard Copeland,26,LAC,SG,10,0,4.8,0.7,2.3,0.304,0.0,0.2,0.0,0.7,2.1,0.333,0.304,0.2,0.2,1.0,0.1,0.6,0.7,0.5,0.2,0.0,0.4,0.5,1.6,,1992
Lance Allred,26,CLE,C,3,0,3.3,0.3,1.3,0.25,0.0,0.0,0.0,0.3,1.3,0.25,0.25,0.3,0.7,0.5,0.0,0.3,0.3,0.0,0.0,0.0,0.0,0.3,1.0,,2008
Lance Blanks,25,DET,SG,43,0,4.4,0.6,1.3,0.455,0.1,0.4,0.375,0.4,0.9,0.487,0.509,0.2,0.3,0.727,0.2,0.3,0.5,0.4,0.3,0.0,0.3,0.6,1.5,,1992
Lance Stephenson,31,ATL,SG,6,0,11.7,0.8,2.2,0.385,0.0,0.5,0.0,0.8,1.7,0.5,0.385,0.2,0.3,0.5,0.2,2.3,2.5,1.8,0.0,0.0,0.7,1.3,1.8,,2022
Lance Thomas,25,NOP,SF,5,0,8.4,0.4,1.8,0.222,0.0,0.0,0.0,0.4,1.8,0.222,0.222,0.4,0.8,0.5,0.4,1.0,1.4,0.6,0.0,0.0,0.4,0.8,1.2,,2014
Landry Fields,26,TOR,SF,26,9,8.3,0.8,1.6,0.488,0.0,0.1,0.5,0.7,1.5,0.487,0.5,0.2,0.2,0.833,0.4,0.6,1.0,0.6,0.4,0.0,0.3,0.3,1.8,,2015
Landry Shamet,26,WAS,SG,46,5,15.8,2.6,6.0,0.431,1.2,3.4,0.338,1.4,2.5,0.556,0.527,0.8,1.0,0.826,0.3,1.0,1.3,1.2,0.5,0.2,0.7,1.7,7.1,,2024
Langston Galloway,30,MIL,SG,3,0,16.3,0.3,4.3,0.077,0.0,2.7,0.0,0.3,1.7,0.2,0.077,0.0,0.0,0.0,0.7,2.7,3.3,2.3,0.3,0.0,0.3,0.7,0.7,,2022
Lari Ketner,23,IND,PF,3,0,2.3,0.0,0.0,0.0,0.0,0.0,0.0,0.0,0.0,0.0,0.0,0.0,0.0,0.0,0.0,0.0,0.0,0.3,0.0,0.0,0.7,0.0,0.0,,2001
Laron Profit,22,WAS,SG,33,1,6.8,0.6,1.8,0.356,0.1,0.5,0.176,0.5,1.3,0.429,0.381,0.1,0.3,0.4,0.1,0.7,0.8,0.8,0.2,0.1,0.6,0.8,1.5,,2000
Larry Bird,34,BOS,SF,60,60,38.0,7.7,17.0,0.454,1.3,3.3,0.389,6.4,13.7,0.47,0.492,2.7,3.1,0.891,0.9,7.6,8.5,7.2,1.8,1.0,3.1,2.0,19.4,"MVP-9,AS",1991
Larry Drew,32,LAL,PG,48,2,10.3,1.1,2.6,0.432,0.3,0.7,0.424,0.8,1.9,0.435,0.488,0.4,0.5,0.773,0.1,0.6,0.7,2.5,0.3,0.0,1.0,0.8,2.9,,1991
Larry Drew II,27,PHI,PG,3,0,5.0,0.3,2.3,0.143,0.0,1.0,0.0,0.3,1.3,0.25,0.143,0.0,0.0,0.0,0.3,0.0,0.3,0.7,0.0,0.0,0.3,0.7,0.7,,2018
Larry Hughes,33,ORL,PG,9,0,12.7,0.6,2.4,0.227,0.1,0.8,0.143,0.4,1.7,0.267,0.25,0.1,0.2,0.5,0.1,0.4,0.6,0.8,0.2,0.0,1.3,1.1,1.3,,2012
Larry Johnson,31,NYK,PF,65,65,32.4,3.8,9.2,0.411,0.8,2.5,0.313,3.0,6.7,0.448,0.454,1.6,2.0,0.797,1.4,4.2,5.6,2.0,0.6,0.4,1.5,3.2,9.9,,2001
Larry Krystkowiak,32,LAL,PF,3,0,3.7,0.3,0.7,0.5,0.0,0.0,0.0,0.3,0.7,0.5,0.5,0.3,0.7,0.5,0.7,1.0,1.7,1.0,0.7,0.0,0.3,1.0,1.0,,1997
Larry Nance,34,CLE,PF,33,19,27.5,4.6,9.5,0.487,0.0,0.0,0.0,4.6,9.5,0.487,0.487,1.9,2.6,0.753,2.3,4.5,6.9,1.5,0.8,1.7,1.2,2.9,11.2,,1994
Larry Nance Jr.,23,LAL,PF,63,22,20.1,2.5,4.8,0.527,0.0,0.2,0.1,2.5,4.6,0.541,0.528,0.5,0.7,0.681,1.6,3.3,5.0,0.7,0.9,0.4,0.7,2.0,5.5,,2016
Larry Owens,28,SAS,SF,7,0,4.4,0.4,0.9,0.5,0.1,0.4,0.333,0.3,0.4,0.667,0.583,0.3,0.6,0.5,0.0,0.6,0.6,0.1,0.3,0.0,0.0,0.6,1.3,,2011
Larry Robinson,33,CLE,SG,1,0,1.0,0.0,0.0,0.0,0.0,0.0,0.0,0.0,0.0,0.0,0.0,0.0,0.0,0.0,0.0,0.0,0.0,0.0,0.0,0.0,1.0,0.0,0.0,,2001
Larry Sanders,28,CLE,C,5,0,2.6,0.2,0.8,0.25,0.0,0.0,0.0,0.2,0.8,0.25,0.25,0.4,0.4,1.0,0.6,0.2,0.8,0.0,0.2,0.2,0.4,1.0,0.8,,2017
Larry Smith,35,SAS,PF,66,13,12.6,0.6,1.3,0.437,0.0,0.0,0.0,0.6,1.3,0.437,0.437,0.1,0.3,0.409,1.6,2.5,4.1,0.4,0.3,0.2,0.6,2.0,1.3,,1993
Larry Stewart,26,WSB,SF,40,0,8.7,1.0,2.2,0.461,0.0,0.1,0.0,1.0,2.2,0.471,0.461,0.5,0.8,0.667,0.7,1.0,1.7,0.5,0.4,0.2,0.4,1.3,2.6,,1995
Larry Sykes,22,BOS,PF,1,0,2.0,0.0,0.0,0.0,0.0,0.0,0.0,0.0,0.0,0.0,0.0,0.0,0.0,0.0,1.0,1.0,2.0,0.0,0.0,0.0,1.0,0.0,0.0,,1996
Latrell Sprewell,34,MIN,SF,80,79,30.6,5.0,12.0,0.414,0.9,2.6,0.327,4.1,9.4,0.439,0.45,2.0,2.4,0.83,0.8,2.4,3.2,2.2,0.7,0.3,1.6,1.6,12.8,,2005
Lauri Markkanen,23,CHI,PF,51,26,25.8,4.9,10.2,0.48,2.3,5.8,0.402,2.6,4.4,0.582,0.594,1.5,1.8,0.826,0.7,4.6,5.3,0.9,0.5,0.3,1.0,1.5,13.6,,2021
Lavor Postell,22,NYK,SG,26,0,6.5,0.7,2.1,0.315,0.1,0.4,0.273,0.5,1.7,0.326,0.343,0.8,1.0,0.815,0.3,0.7,1.0,0.2,0.2,0.1,0.7,0.5,2.3,,2001
Lavoy Allen,24,IND,PF,14,0,8.0,1.2,2.4,0.5,0.0,0.0,0.0,1.2,2.4,0.5,0.5,0.4,0.7,0.6,0.9,1.5,2.4,0.4,0.1,0.4,0.3,0.8,2.9,,2014
Lawrence Funderburke,32,SAC,PF,27,0,8.5,1.2,2.7,0.444,0.0,0.0,0.0,1.2,2.7,0.444,0.444,0.4,0.6,0.588,0.6,1.4,2.0,0.3,0.0,0.4,0.2,0.9,2.7,,2003
Lawrence Moten,25,WAS,SG,8,0,3.4,0.4,1.6,0.231,0.0,0.1,0.0,0.4,1.5,0.25,0.231,0.4,0.5,0.75,0.1,0.0,0.1,0.4,0.0,0.0,0.1,0.8,1.1,,1998
Lawrence Roberts,23,MEM,C,33,0,5.5,0.6,1.3,0.455,0.0,0.1,0.0,0.6,1.3,0.476,0.455,0.3,0.7,0.478,0.8,0.7,1.5,0.2,0.2,0.1,0.2,0.9,1.5,,2006
Lazar Hayward,25,OKC,SF,26,0,5.4,0.5,1.5,0.342,0.2,0.5,0.286,0.3,0.9,0.375,0.395,0.3,0.5,0.583,0.1,0.5,0.6,0.2,0.1,0.0,0.3,0.7,1.4,,2012
Lazaro Borrell,27,SEA,SF,17,6,9.8,1.6,3.7,0.444,0.0,0.2,0.0,1.6,3.5,0.467,0.444,0.4,0.6,0.545,0.8,1.5,2.4,0.6,0.4,0.2,0.4,0.5,3.6,,2000
LeBron James,19,CLE,SG,79,79,39.5,7.9,18.9,0.417,0.8,2.7,0.29,7.1,16.1,0.438,0.438,4.4,5.8,0.754,1.3,4.2,5.5,5.9,1.6,0.7,3.5,1.9,20.9,"MVP-9,ROY-1",2004
LeRon Ellis,26,MIA,C,12,1,6.2,0.4,1.8,0.227,0.0,0.0,0.0,0.4,1.8,0.227,0.227,0.3,0.5,0.5,0.4,0.3,0.7,0.3,0.2,0.3,0.3,0.9,1.1,,1996
Leaky Black,24,CHO,SF,26,3,10.9,1.0,2.0,0.481,0.3,0.8,0.45,0.6,1.2,0.5,0.567,0.4,0.6,0.667,0.3,1.5,1.8,0.9,0.3,0.4,0.2,0.7,2.7,,2024
Leandro Barbosa,30,BOS,PG,41,2,12.5,2.0,4.7,0.43,0.4,1.1,0.383,1.6,3.6,0.445,0.477,0.8,1.0,0.756,0.2,0.9,1.1,1.4,0.4,0.1,0.5,1.2,5.2,,2013
Leandro Bolmaro,22,UTA,SF,14,0,4.9,0.2,1.4,0.15,0.0,0.3,0.0,0.2,1.1,0.188,0.15,0.0,0.0,0.0,0.3,0.2,0.5,0.5,0.2,0.1,0.5,0.7,0.4,,2023
Ledell Eackles,31,WAS,SG,42,0,13.0,1.8,4.2,0.429,0.4,1.1,0.348,1.4,3.1,0.457,0.474,1.2,1.4,0.881,0.6,1.2,1.8,0.4,0.4,0.0,0.7,1.0,5.2,,1998
Lee Mayberry,28,VAN,PG,9,0,14.0,0.8,2.1,0.368,0.2,1.1,0.2,0.6,1.0,0.556,0.421,0.4,0.6,0.8,0.0,0.3,0.3,2.6,0.8,0.0,1.2,1.4,2.2,,1999
Lee Nailon,28,ORL,SF,8,0,10.4,1.4,3.4,0.407,0.0,0.0,0.0,1.4,3.4,0.407,0.407,0.9,1.1,0.778,1.0,0.8,1.8,0.5,0.1,0.0,0.0,1.1,3.6,,2004
Leon Powe,26,CLE,SF,20,2,11.8,1.1,2.5,0.429,0.0,0.0,0.0,1.1,2.5,0.429,0.429,1.9,3.2,0.587,1.0,2.1,3.1,0.0,0.3,0.1,0.6,1.8,4.0,,2010
Leon Smith,23,SEA,C,1,0,4.0,1.0,2.0,0.5,0.0,0.0,0.0,1.0,2.0,0.5,0.5,0.0,0.0,0.0,1.0,1.0,2.0,0.0,0.0,0.0,0.0,1.0,2.0,,2004
Leon Wood,28,SAC,SG,12,0,18.5,2.1,5.3,0.397,1.0,3.2,0.316,1.1,2.1,0.52,0.492,1.6,1.8,0.905,0.4,1.2,1.6,4.1,0.4,0.0,1.0,0.8,6.8,,1991
Leonard Miller,20,MIN,SF,17,0,3.1,0.8,1.2,0.65,0.1,0.3,0.4,0.6,0.9,0.733,0.7,0.1,0.1,0.5,0.3,0.9,1.2,0.5,0.1,0.1,0.1,0.3,1.7,,2024
Les Jepsen,24,SAC,C,31,0,2.8,0.3,0.8,0.375,0.0,0.0,0.0,0.3,0.7,0.391,0.375,0.2,0.4,0.636,0.4,0.6,1.0,0.0,0.0,0.2,0.1,0.5,0.8,,1992
Lester Conner,35,LAL,SG,2,0,2.5,0.0,0.0,0.0,0.0,0.0,0.0,0.0,0.0,0.0,0.0,1.0,1.0,1.0,0.0,0.0,0.0,0.0,0.5,0.0,0.0,1.5,1.0,,1995
Lester Hudson,25,BOS,PG,16,0,4.4,0.4,1.1,0.389,0.2,0.3,0.6,0.3,0.8,0.308,0.472,0.3,0.4,0.833,0.2,0.3,0.5,0.5,0.2,0.1,0.6,0.4,1.4,,2010
Lester Quiñones,22,GSW,SG,4,0,4.5,0.5,1.3,0.4,0.5,1.0,0.5,0.0,0.3,0.0,0.6,1.0,1.5,0.667,0.3,0.5,0.8,0.5,0.3,0.0,1.3,0.0,2.5,,2023
Linas Kleiza,21,DEN,PF,61,2,8.5,1.3,2.8,0.445,0.0,0.2,0.154,1.2,2.6,0.469,0.451,0.9,1.3,0.704,0.6,1.3,1.9,0.2,0.2,0.2,0.3,1.4,3.5,,2006
Lindell Wigginton,25,MIL,PG,3,0,2.7,0.7,1.7,0.4,0.0,0.7,0.0,0.7,1.0,0.667,0.4,0.7,0.7,1.0,0.0,0.0,0.0,0.0,0.0,0.0,0.3,0.3,2.0,,2024
Lindsey Hunter,39,CHI,PG,13,0,9.4,0.4,2.3,0.167,0.1,1.0,0.077,0.3,1.3,0.235,0.183,0.2,0.2,1.0,0.1,1.0,1.1,0.7,0.1,0.0,0.3,0.9,1.0,,2010
Lindy Waters III,26,OKC,SG,38,0,7.4,1.3,2.7,0.471,1.0,2.2,0.435,0.3,0.5,0.632,0.649,0.1,0.1,1.0,0.2,0.9,1.1,0.6,0.1,0.2,0.2,0.6,3.6,,2024
Linton Johnson,24,SAS,SF,2,0,7.5,0.0,1.0,0.0,0.0,0.5,0.0,0.0,0.5,0.0,0.0,0.0,0.0,0.0,0.0,1.5,1.5,0.0,0.5,0.0,0.5,0.5,0.0,,2005
Lionel Chalmers,24,LAC,PG,36,0,12.0,1.2,3.5,0.336,0.3,1.4,0.245,0.8,2.1,0.395,0.384,0.4,0.7,0.625,0.1,0.8,0.9,1.4,0.4,0.0,0.7,0.8,3.1,,2005
Lionel Simmons,28,SAC,SF,41,0,12.7,1.1,3.3,0.331,0.2,0.7,0.233,0.9,2.6,0.358,0.357,1.0,1.2,0.875,0.7,1.8,2.5,1.4,0.2,0.3,0.8,1.5,3.4,,1997
Litterial Green,28,CLE,PG,1,0,2.0,0.0,1.0,0.0,0.0,0.0,0.0,0.0,1.0,0.0,0.0,0.0,0.0,0.0,0.0,0.0,0.0,0.0,0.0,0.0,0.0,0.0,0.0,,1999
Lloyd Daniels,29,SAC,SG,5,0,5.6,0.4,3.2,0.125,0.4,2.2,0.182,0.0,1.0,0.0,0.188,0.0,0.0,0.0,0.2,0.6,0.8,0.2,0.2,0.0,0.6,0.8,1.2,,1997
Logan Vander Velden,24,LAC,SF,15,0,2.1,0.2,0.9,0.214,0.0,0.3,0.0,0.2,0.6,0.333,0.214,0.2,0.3,0.75,0.1,0.3,0.4,0.1,0.0,0.0,0.0,0.3,0.6,,1996
London Perrantes,23,CLE,PG,14,0,4.7,0.1,0.9,0.154,0.0,0.2,0.0,0.1,0.7,0.2,0.154,0.2,0.4,0.6,0.1,0.2,0.3,0.4,0.1,0.1,0.1,0.4,0.5,,2018
Lonnie Walker IV,20,SAS,SG,17,0,6.9,0.9,2.7,0.348,0.3,0.8,0.385,0.6,1.9,0.333,0.402,0.5,0.6,0.8,0.0,1.0,1.0,0.5,0.4,0.2,0.2,0.4,2.6,,2019
Lonny Baxter,26,NOH,PF,4,0,9.0,0.8,2.8,0.273,0.0,0.0,0.0,0.8,2.8,0.273,0.273,0.0,0.5,0.0,1.0,1.0,2.0,0.0,0.0,0.0,1.0,2.5,1.5,,2005
Lonzo Ball,21,LAL,PG,47,45,30.3,3.9,9.7,0.406,1.6,4.9,0.329,2.3,4.9,0.482,0.488,0.4,1.0,0.417,1.1,4.2,5.3,5.4,1.5,0.4,2.2,2.4,9.9,,2019
Loren Meyer,26,DEN,C,14,0,5.0,0.5,2.0,0.25,0.1,0.4,0.2,0.4,1.6,0.261,0.268,0.1,0.1,0.5,0.3,0.9,1.1,0.1,0.0,0.2,0.3,1.6,1.1,,1999
Loren Woods,29,HOU,C,7,0,2.4,0.4,0.7,0.6,0.0,0.0,0.0,0.4,0.7,0.6,0.6,0.0,0.0,0.0,0.0,0.1,0.1,0.3,0.0,0.0,0.0,0.3,0.9,,2008
Lorenzen Wright,32,SAC,C,5,0,2.6,0.2,0.8,0.25,0.0,0.0,0.0,0.2,0.8,0.25,0.25,0.0,0.0,0.0,0.2,0.0,0.2,0.2,0.0,0.0,0.4,1.0,0.4,,2008
Lorenzo Brown,28,TOR,PG,26,0,8.2,0.9,2.7,0.324,0.2,1.1,0.214,0.7,1.7,0.395,0.366,0.1,0.1,1.0,0.2,1.0,1.2,1.1,0.5,0.2,0.6,0.8,2.1,,2019
Lorenzo Williams,23,ORL,PF,3,0,3.3,0.0,0.7,0.0,0.0,0.0,0.0,0.0,0.7,0.0,0.0,0.0,0.0,0.0,0.3,0.3,0.7,0.0,0.3,0.3,0.0,0.7,0.0,,1993
Lou Amundson,24,UTA,PF,1,0,2.0,0.0,0.0,0.0,0.0,0.0,0.0,0.0,0.0,0.0,0.0,0.0,0.0,0.0,0.0,0.0,0.0,0.0,0.0,0.0,0.0,0.0,0.0,,2007
Lou Roe,23,DET,SF,49,2,7.6,0.7,1.8,0.356,0.0,0.2,0.222,0.6,1.7,0.37,0.367,0.5,0.7,0.75,0.6,1.0,1.6,0.3,0.2,0.2,0.3,0.9,1.8,,1996
Lou Williams,19,PHI,PG,30,0,4.8,0.8,1.7,0.442,0.1,0.3,0.222,0.7,1.4,0.488,0.462,0.3,0.4,0.615,0.1,0.5,0.6,0.3,0.2,0.0,0.4,0.4,1.9,,2006
Louis King,20,DET,SF,10,0,6.2,0.8,2.1,0.381,0.4,1.1,0.364,0.4,1.0,0.4,0.476,0.0,0.3,0.0,0.1,0.9,1.0,0.5,0.2,0.0,0.2,1.0,2.0,,2020
Loy Vaught,31,DET,PF,43,0,6.8,0.7,2.1,0.36,0.0,0.1,0.0,0.7,2.0,0.372,0.36,0.3,0.4,0.688,0.6,1.5,2.1,0.3,0.1,0.1,0.3,1.0,1.7,,2000
Luc Longley,32,NYK,C,25,2,12.0,0.7,2.2,0.333,0.0,0.0,0.0,0.7,2.2,0.333,0.333,0.5,0.7,0.765,1.0,1.6,2.6,0.3,0.1,0.4,0.9,2.0,2.0,,2001
Luc Mbah a Moute,33,HOU,PF,3,0,8.3,0.7,1.7,0.4,0.0,0.7,0.0,0.7,1.0,0.667,0.4,0.3,0.7,0.5,0.3,0.3,0.7,0.0,0.7,0.0,0.3,0.0,1.7,,2020
Lucas Nogueira,22,TOR,C,6,0,3.8,0.3,1.3,0.25,0.0,0.0,0.0,0.3,1.3,0.25,0.25,0.3,0.7,0.5,0.3,1.5,1.8,0.2,0.3,0.0,0.3,1.0,1.0,,2015
Lucious Harris,27,NJN,SG,50,0,13.4,1.4,3.5,0.39,0.2,0.8,0.308,1.1,2.8,0.413,0.424,0.8,1.1,0.745,0.4,0.6,1.0,0.8,0.8,0.1,0.4,1.5,3.8,,1998
Luguentz Dort,20,OKC,SF,36,28,22.8,2.4,6.1,0.394,0.8,2.8,0.297,1.6,3.3,0.479,0.463,1.2,1.5,0.792,0.7,1.6,2.3,0.8,0.9,0.1,0.6,2.7,6.8,,2020
Luis Flores,23,GSW,PG,15,0,4.9,0.9,1.8,0.481,0.3,0.6,0.444,0.6,1.2,0.5,0.556,0.1,0.1,1.0,0.0,0.1,0.1,0.7,0.1,0.0,0.7,0.6,2.1,,2005
Luis Montero,24,DET,SG,2,0,4.0,0.0,0.5,0.0,0.0,0.0,0.0,0.0,0.5,0.0,0.0,0.0,0.0,0.0,0.0,1.0,1.0,0.0,0.0,0.0,1.0,0.0,0.0,,2018
Luis Scola,36,BRK,PF,36,1,12.8,2.0,4.2,0.47,0.5,1.4,0.34,1.5,2.8,0.535,0.526,0.7,1.0,0.676,1.4,2.4,3.9,1.0,0.4,0.1,0.9,1.8,5.1,,2017
Luka Dončić,19,DAL,SG,72,72,32.2,7.0,16.5,0.427,2.3,7.1,0.327,4.7,9.3,0.503,0.497,4.8,6.7,0.713,1.2,6.6,7.8,6.0,1.1,0.3,3.4,1.9,21.2,ROY-1,2019
Luka Garza,25,MIN,C,25,0,4.9,1.4,3.0,0.48,0.4,1.3,0.281,1.1,1.7,0.628,0.54,0.7,1.0,0.72,0.8,0.5,1.2,0.2,0.2,0.0,0.2,1.0,4.0,,2024
Luka Šamanić,21,SAS,PF,33,4,9.3,1.4,3.2,0.448,0.4,1.3,0.279,1.1,1.9,0.565,0.505,0.5,0.9,0.552,0.5,1.6,2.1,0.5,0.2,0.2,0.6,1.3,3.7,,2021
Luke Babbitt,21,POR,SF,24,0,5.7,0.6,2.3,0.273,0.1,0.7,0.188,0.5,1.6,0.308,0.3,0.1,0.4,0.333,0.3,1.0,1.3,0.3,0.1,0.1,0.3,0.6,1.5,,2011
Luke Harangody,23,BOS,PF,28,0,8.6,1.0,2.5,0.394,0.1,0.4,0.2,0.9,2.2,0.426,0.408,0.2,0.3,0.625,0.6,1.4,2.0,0.4,0.1,0.3,0.2,1.3,2.3,,2011
Luke Jackson,25,LAC,SF,3,0,5.3,0.3,2.7,0.125,0.3,1.3,0.25,0.0,1.3,0.0,0.188,0.0,0.0,0.0,0.0,0.3,0.3,1.3,0.0,0.0,0.3,1.0,1.0,,2007
Luke Kennard,21,DET,SG,73,9,20.0,2.8,6.4,0.443,1.1,2.7,0.415,1.7,3.7,0.463,0.53,0.9,1.0,0.855,0.3,2.1,2.4,1.7,0.6,0.2,0.9,1.2,7.6,,2018
Luke Kornet,26,MIL,C,1,0,3.0,0.0,1.0,0.0,0.0,0.0,0.0,0.0,1.0,0.0,0.0,0.0,0.0,0.0,1.0,0.0,1.0,0.0,0.0,0.0,0.0,1.0,0.0,,2022
Luke Ridnour,32,CHA,PG,25,2,15.1,1.7,4.3,0.389,0.5,1.6,0.3,1.2,2.7,0.441,0.444,0.2,0.3,0.571,0.3,1.1,1.4,2.2,0.4,0.2,0.8,1.5,4.0,,2014
Luke Schenscher,24,POR,C,11,0,10.7,0.6,2.1,0.304,0.0,0.0,0.0,0.6,2.1,0.304,0.304,0.5,0.6,0.714,0.9,1.4,2.3,0.1,0.2,0.4,0.4,2.3,1.7,,2007
Luke Walton,31,LAL,SF,9,0,7.2,0.7,1.6,0.429,0.0,0.4,0.0,0.7,1.1,0.6,0.429,0.0,0.0,0.0,0.7,0.9,1.6,0.6,0.2,0.0,0.2,1.0,1.3,,2012
Luke Zeller,25,PHO,C,16,0,3.6,0.6,1.6,0.346,0.1,0.3,0.2,0.5,1.3,0.381,0.365,0.0,0.0,0.0,0.1,0.6,0.6,0.2,0.0,0.0,0.0,0.3,1.2,,2013
Luol Deng,32,LAL,SF,1,1,13.0,1.0,2.0,0.5,0.0,0.0,0.0,1.0,2.0,0.5,0.5,0.0,0.0,0.0,0.0,0.0,0.0,1.0,1.0,0.0,1.0,0.0,2.0,,2018
Luther Head,26,MIA,SG,10,0,17.6,1.6,4.3,0.372,0.6,1.6,0.375,1.0,2.7,0.37,0.442,0.5,0.8,0.625,0.3,2.2,2.5,2.3,1.1,0.1,0.9,2.2,4.3,,2009
Luther Wright,22,UTA,C,15,2,6.1,0.5,1.5,0.348,0.0,0.1,0.0,0.5,1.5,0.364,0.348,0.2,0.3,0.75,0.4,0.3,0.7,0.0,0.1,0.1,0.4,1.4,1.3,,1994
Lynn Greer,27,MIL,SG,41,0,10.5,1.5,3.4,0.433,0.4,1.3,0.346,1.0,2.2,0.483,0.496,0.7,0.8,0.844,0.0,0.6,0.7,1.3,0.4,0.0,0.4,0.8,4.1,,2007
M.J. Walker,23,PHO,SG,2,0,4.0,0.0,2.0,0.0,0.0,1.0,0.0,0.0,1.0,0.0,0.0,0.0,0.0,0.0,0.0,0.5,0.5,0.5,1.0,0.0,0.0,0.5,0.0,,2022
Maalik Wayns,22,LAC,PG,2,0,4.5,0.5,1.0,0.5,0.0,0.0,0.0,0.5,1.0,0.5,0.5,0.0,0.0,0.0,0.0,1.0,1.0,1.0,1.0,0.0,0.0,2.0,1.0,,2014
Mac McClung,23,CHI,PG,1,0,3.0,1.0,1.0,1.0,0.0,0.0,0.0,1.0,1.0,1.0,1.0,0.0,0.0,0.0,0.0,0.0,0.0,0.0,0.0,0.0,1.0,0.0,2.0,,2022
Maceo Baston,27,TOR,PF,16,0,6.6,0.9,1.6,0.6,0.0,0.0,0.0,0.9,1.6,0.6,0.6,0.6,0.8,0.833,0.3,1.2,1.4,0.0,0.3,0.7,0.4,1.0,2.5,,2003
Maciej Lampe,20,NOK,C,2,0,8.0,0.0,2.0,0.0,0.0,0.0,0.0,0.0,2.0,0.0,0.0,0.0,0.0,0.0,0.5,1.5,2.0,1.0,0.0,0.0,0.5,1.0,0.0,,2006
Magic Johnson,36,LAL,PF,32,9,29.9,4.3,9.2,0.466,0.7,1.8,0.379,3.6,7.4,0.487,0.503,5.4,6.3,0.856,1.3,4.5,5.7,6.9,0.8,0.4,3.2,1.5,14.6,"MVP-12,6MOY-5",1996
Mahmoud Abdul-Rauf,31,VAN,PG,41,0,11.9,2.9,6.0,0.488,0.1,0.3,0.286,2.8,5.7,0.5,0.496,0.5,0.7,0.759,0.1,0.5,0.6,1.9,0.2,0.0,0.6,1.2,6.5,,2001
Makhtar N'Diaye,25,VAN,PF,4,0,6.8,0.3,1.0,0.25,0.0,0.0,0.0,0.3,1.0,0.25,0.25,0.8,1.0,0.75,0.8,0.5,1.3,0.3,0.0,0.3,0.3,2.3,1.3,,1999
Malachi Flynn,25,NYK,PG,14,0,4.3,0.6,1.6,0.391,0.3,0.9,0.308,0.4,0.7,0.5,0.478,0.6,0.8,0.818,0.0,0.4,0.4,0.4,0.1,0.0,0.2,0.2,2.2,,2024
Malachi Richardson,23,TOR,SG,22,0,4.7,0.4,1.3,0.31,0.4,1.1,0.32,0.0,0.2,0.25,0.448,0.2,0.2,0.8,0.1,0.5,0.6,0.0,0.0,0.0,0.4,0.6,1.4,,2019
Malaki Branham,20,SAS,PG,75,29,21.3,3.6,8.4,0.432,1.2,3.6,0.347,2.4,4.8,0.494,0.506,0.7,0.8,0.873,0.4,1.6,2.0,2.1,0.4,0.1,1.2,1.3,9.2,,2024
Malcolm Brogdon,24,MIL,SG,75,28,26.4,3.9,8.5,0.457,1.0,2.6,0.404,2.8,5.9,0.48,0.518,1.5,1.7,0.865,0.6,2.2,2.8,4.2,1.1,0.2,1.5,1.9,10.2,"ROY-1,6MOY-11",2017
Malcolm Cazalon,22,DET,SG,1,0,3.0,0.0,0.0,0.0,0.0,0.0,0.0,0.0,0.0,0.0,0.0,0.0,0.0,0.0,0.0,0.0,0.0,0.0,0.0,0.0,0.0,0.0,0.0,,2024
Malcolm Delaney,27,ATL,PG,73,2,17.1,2.0,5.3,0.374,0.4,1.5,0.236,1.6,3.8,0.428,0.407,1.0,1.3,0.806,0.1,1.5,1.7,2.6,0.5,0.0,1.3,1.5,5.4,,2017
Malcolm Hill,27,CHI,SF,5,0,1.8,0.4,0.8,0.5,0.2,0.6,0.333,0.2,0.2,1.0,0.625,0.0,0.0,0.0,0.0,0.6,0.6,0.0,0.0,0.0,0.0,0.2,1.0,,2023
Malcolm Lee,24,PHI,SG,1,0,2.0,0.0,1.0,0.0,0.0,0.0,0.0,0.0,1.0,0.0,0.0,0.0,0.0,0.0,0.0,0.0,0.0,0.0,0.0,0.0,0.0,0.0,0.0,,2015
Malcolm Mackey,23,PHO,C,22,0,3.1,0.6,1.7,0.378,0.0,0.1,0.0,0.6,1.6,0.4,0.378,0.2,0.4,0.5,0.5,0.5,1.1,0.0,0.0,0.1,0.1,0.4,1.5,,1994
Malcolm Miller,26,TOR,SF,28,1,5.8,0.4,1.0,0.414,0.3,0.8,0.364,0.1,0.3,0.571,0.552,0.1,0.3,0.375,0.1,0.5,0.6,0.4,0.2,0.1,0.1,0.6,1.3,,2020
Malcolm Thomas,23,SAS,PF,3,0,5.0,0.0,1.0,0.0,0.0,0.0,0.0,0.0,1.0,0.0,0.0,0.3,0.7,0.5,0.3,0.7,1.0,0.3,0.3,0.3,0.0,0.0,0.3,,2012
Malik Allen,32,ORL,PF,18,0,9.9,0.6,1.7,0.355,0.0,0.0,0.0,0.6,1.7,0.355,0.355,0.1,0.1,0.5,0.7,1.1,1.8,0.2,0.1,0.2,0.2,1.7,1.3,,2011
Malik Beasley,21,DEN,SG,62,0,9.4,1.2,2.9,0.41,0.5,1.3,0.341,0.7,1.5,0.469,0.489,0.4,0.5,0.667,0.2,0.9,1.1,0.5,0.2,0.1,0.4,0.6,3.2,,2018
Malik Fitts,24,UTA,PF,7,0,5.0,0.3,1.3,0.222,0.3,0.6,0.5,0.0,0.7,0.0,0.333,0.0,0.0,0.0,0.0,1.4,1.4,0.0,0.0,0.0,0.3,0.4,0.9,,2022
Malik Hairston,22,SAS,SG,47,0,6.7,0.9,1.6,0.526,0.0,0.2,0.182,0.8,1.4,0.585,0.539,0.4,0.6,0.567,0.3,0.8,1.0,0.3,0.1,0.2,0.2,0.6,2.1,,2010
Malik Monk,19,CHO,SG,63,0,13.6,2.4,6.7,0.36,1.3,3.9,0.342,1.1,2.9,0.385,0.458,0.5,0.6,0.842,0.1,0.9,1.0,1.4,0.3,0.1,0.8,1.0,6.7,,2018
Malik Newman,22,CLE,SG,1,0,4.0,0.0,2.0,0.0,0.0,1.0,0.0,0.0,1.0,0.0,0.0,2.0,2.0,1.0,0.0,0.0,0.0,0.0,0.0,0.0,1.0,0.0,2.0,,2020
Malik Rose,34,NYK,PF,18,0,8.9,0.6,2.3,0.268,0.0,0.2,0.0,0.6,2.1,0.297,0.268,0.4,0.6,0.727,0.2,1.5,1.7,0.6,0.1,0.1,0.9,1.3,1.7,,2009
Malik Sealy,22,IND,SF,58,2,11.6,2.3,5.5,0.426,0.1,0.5,0.226,2.2,5.0,0.448,0.437,0.9,1.3,0.689,1.0,0.9,1.9,0.8,0.6,0.1,1.0,1.3,5.7,,1993
Malik Williams,25,TOR,C,7,2,15.3,1.3,4.9,0.265,0.1,0.7,0.2,1.1,4.1,0.276,0.279,0.0,0.3,0.0,2.1,3.3,5.4,0.3,0.4,0.6,0.4,2.1,2.7,,2024
Mamadi Diakite,27,NYK,PF,3,0,2.7,0.0,0.3,0.0,0.0,0.3,0.0,0.0,0.0,0.0,0.0,0.0,0.0,0.0,0.0,0.3,0.3,0.0,0.3,0.0,0.3,0.3,0.0,,2024
Mamadou N'Diaye,28,DAL,C,3,0,2.3,0.0,0.3,0.0,0.0,0.0,0.0,0.0,0.3,0.0,0.0,0.0,0.0,0.0,0.0,0.3,0.3,0.0,0.0,0.3,0.3,0.3,0.0,,2004
Mangok Mathiang,25,CHO,C,4,0,5.0,1.0,1.8,0.571,0.0,0.0,0.0,1.0,1.8,0.571,0.571,0.0,0.3,0.0,0.8,1.8,2.5,0.0,0.3,0.0,0.0,1.3,2.0,,2018
Manny Harris,27,DAL,SG,4,0,6.3,0.8,3.8,0.2,0.0,0.5,0.0,0.8,3.3,0.231,0.2,0.5,1.0,0.5,0.8,1.5,2.3,0.5,0.0,0.0,0.5,0.3,2.0,,2017
Manu Ginóbili,39,SAS,SG,69,0,18.7,2.5,6.4,0.39,1.3,3.3,0.392,1.2,3.1,0.387,0.491,1.2,1.6,0.804,0.4,1.9,2.3,2.7,1.2,0.2,1.4,1.7,7.5,,2017
Manute Bol,31,WSB,C,2,0,3.0,0.0,0.0,0.0,0.0,0.0,0.0,0.0,0.0,0.0,0.0,0.0,0.0,0.0,0.0,0.5,0.5,0.5,0.0,0.5,0.0,0.5,0.0,,1994
MarJon Beauchamp,23,MIL,SF,48,1,12.7,1.7,3.5,0.488,0.6,1.6,0.4,1.1,1.9,0.56,0.578,0.4,0.6,0.679,0.5,1.6,2.1,0.6,0.3,0.1,0.6,1.1,4.4,,2024
MarShon Brooks,25,GSW,SG,7,0,2.1,0.7,1.9,0.385,0.0,0.3,0.0,0.7,1.6,0.455,0.385,0.4,0.6,0.75,0.1,0.6,0.7,0.0,0.1,0.0,0.0,0.0,1.9,,2014
Marc Gasol,36,LAL,C,52,42,19.1,1.7,3.7,0.454,1.0,2.3,0.41,0.7,1.4,0.528,0.582,0.7,1.0,0.72,0.7,3.4,4.1,2.1,0.5,1.1,1.0,2.2,5.0,,2021
Marc Jackson,27,MIN,C,22,0,14.8,1.7,4.5,0.384,0.0,0.0,0.0,1.7,4.5,0.388,0.384,1.2,1.5,0.813,1.4,2.5,3.9,0.3,0.3,0.1,0.8,2.0,4.6,,2002
Marcelo Huertas,33,LAL,PG,23,1,10.3,1.1,3.0,0.368,0.2,0.8,0.211,0.9,2.1,0.429,0.397,0.4,0.7,0.529,0.1,1.0,1.0,2.3,0.4,0.1,0.8,0.7,2.7,,2017
Marcin Gortat,23,ORL,C,6,0,6.8,1.3,2.8,0.471,0.0,0.0,0.0,1.3,2.8,0.471,0.471,0.3,0.5,0.667,1.3,1.3,2.7,0.3,0.2,0.2,0.3,0.7,3.0,,2008
Marco Belinelli,21,GSW,SG,33,0,7.3,1.1,2.8,0.387,0.5,1.2,0.39,0.6,1.6,0.385,0.473,0.2,0.3,0.778,0.1,0.3,0.4,0.5,0.2,0.0,0.4,0.5,2.9,,2008
Marcus Banks,29,TOR,PG,3,0,7.3,0.0,0.7,0.0,0.0,0.0,0.0,0.0,0.7,0.0,0.0,2.0,2.7,0.75,0.0,0.3,0.3,1.0,0.3,0.0,0.7,1.3,2.0,,2011
Marcus Brown,25,DET,SG,6,0,7.5,0.7,2.3,0.286,0.0,1.2,0.0,0.7,1.2,0.571,0.286,0.3,0.3,1.0,0.5,0.7,1.2,0.5,0.0,0.0,0.5,1.3,1.7,,2000
Marcus Camby,38,NYK,PF,24,4,10.4,0.7,2.2,0.321,0.0,0.0,0.0,0.7,2.2,0.321,0.321,0.3,0.8,0.421,1.0,2.3,3.3,0.6,0.3,0.6,0.6,1.2,1.8,,2013
Marcus Cousin,24,UTA,C,4,0,4.5,0.5,0.8,0.667,0.0,0.0,0.0,0.5,0.8,0.667,0.667,0.0,0.0,0.0,0.0,0.8,0.8,0.0,0.0,0.3,0.3,0.3,1.0,,2011
Marcus Derrickson,22,GSW,PF,11,0,6.1,1.5,3.0,0.485,0.9,1.8,0.5,0.5,1.2,0.462,0.636,0.4,0.5,0.8,0.7,0.5,1.2,0.1,0.0,0.1,0.3,0.8,4.2,,2019
Marcus Fizer,26,MIL,PF,54,0,16.7,2.5,5.4,0.455,0.0,0.1,0.0,2.5,5.3,0.465,0.455,1.3,1.9,0.68,0.5,2.7,3.2,1.2,0.5,0.2,1.2,1.8,6.2,,2005
Marcus Garrett,23,MIA,SG,12,0,10.7,0.4,1.8,0.238,0.1,0.3,0.25,0.3,1.4,0.235,0.262,0.2,0.4,0.4,0.8,1.2,1.9,0.6,0.4,0.3,0.2,1.3,1.1,,2022
Marcus Georges-Hunt,23,MIN,SG,42,0,5.3,0.5,1.1,0.438,0.1,0.4,0.267,0.4,0.8,0.515,0.479,0.3,0.5,0.619,0.2,0.2,0.4,0.2,0.1,0.0,0.1,0.8,1.4,,2018
Marcus Haislip,29,SAS,SF,10,0,4.4,1.0,2.1,0.476,0.3,0.5,0.6,0.7,1.6,0.438,0.548,0.2,0.5,0.4,0.4,0.6,1.0,0.0,0.0,0.2,0.3,0.5,2.5,,2010
Marcus Landry,24,BOS,SF,1,0,3.0,0.0,2.0,0.0,0.0,2.0,0.0,0.0,0.0,0.0,0.0,0.0,0.0,0.0,0.0,0.0,0.0,0.0,0.0,0.0,0.0,0.0,0.0,,2010
Marcus Liberty,25,2TM,SF,38,0,7.5,1.1,3.2,0.325,0.3,0.7,0.357,0.8,2.5,0.316,0.366,0.5,1.0,0.487,0.7,0.9,1.6,0.4,0.3,0.1,0.6,0.9,2.9,,1994
Marcus Morris,22,HOU,PF,17,0,7.4,0.9,3.2,0.296,0.1,1.0,0.118,0.8,2.2,0.378,0.315,0.4,0.5,0.75,0.3,0.6,0.9,0.2,0.1,0.1,0.2,0.7,2.4,,2012
Marcus Paige,24,CHO,PG,5,0,5.6,0.8,2.8,0.286,0.4,1.6,0.25,0.4,1.2,0.333,0.357,0.4,0.4,1.0,0.0,0.8,0.8,0.6,0.0,0.0,0.0,0.0,2.4,,2018
Marcus Sasser,23,DET,PG,71,11,19.0,3.1,7.2,0.428,1.3,3.4,0.375,1.8,3.8,0.474,0.516,0.8,0.9,0.879,0.2,1.6,1.8,3.3,0.6,0.2,1.3,1.5,8.3,,2024
Marcus Smart,20,BOS,PG,67,38,27.0,2.6,7.1,0.367,1.4,4.1,0.335,1.3,3.1,0.41,0.462,1.2,1.9,0.646,0.9,2.4,3.3,3.1,1.5,0.3,1.3,2.6,7.8,ROY-5,2015
Marcus Thornton,27,PHO,SG,9,0,9.0,1.4,4.4,0.325,0.2,2.1,0.105,1.2,2.3,0.524,0.35,0.4,0.6,0.8,0.4,1.0,1.4,0.2,0.7,0.0,0.6,0.3,3.6,,2015
Marcus Vinicius,22,NOK,SF,13,0,7.9,0.5,1.2,0.467,0.2,0.5,0.429,0.3,0.6,0.5,0.567,0.4,0.5,0.714,0.2,0.7,0.8,0.4,0.2,0.1,0.5,0.8,1.7,,2007
Marcus Webb,22,BOS,PF,9,0,5.7,1.4,2.8,0.52,0.0,0.1,0.0,1.4,2.7,0.542,0.52,1.4,2.3,0.619,0.6,0.6,1.1,0.2,0.1,0.2,0.6,1.2,4.3,,1993
Marcus Williams,21,SAS,SF,1,0,2.0,0.0,1.0,0.0,0.0,0.0,0.0,0.0,1.0,0.0,0.0,0.0,0.0,0.0,0.0,0.0,0.0,0.0,0.0,1.0,0.0,0.0,0.0,,2008
Mardy Collins,24,NYK,SG,9,0,8.3,0.9,2.6,0.348,0.0,0.3,0.0,0.9,2.2,0.4,0.348,0.4,1.0,0.444,0.2,0.7,0.9,1.1,0.2,0.0,0.6,0.8,2.2,,2009
Marial Shayok,24,PHI,SG,4,0,7.0,0.8,3.0,0.25,0.5,1.5,0.333,0.3,1.5,0.167,0.333,0.8,1.0,0.75,0.3,1.5,1.8,0.3,0.0,0.3,0.8,1.0,2.8,,2020
Mario Bennett,26,LAC,PF,1,0,3.0,0.0,3.0,0.0,0.0,0.0,0.0,0.0,3.0,0.0,0.0,0.0,0.0,0.0,1.0,1.0,2.0,0.0,0.0,0.0,0.0,1.0,0.0,,2000
Mario Chalmers,29,MIA,PG,6,0,20.0,1.7,5.3,0.313,0.2,1.8,0.091,1.5,3.5,0.429,0.328,2.0,2.2,0.923,0.2,2.2,2.3,3.2,1.3,0.2,1.5,2.7,5.5,,2016
Mario Elie,27,PHI,SG,3,0,6.7,0.7,2.3,0.286,0.3,0.7,0.5,0.3,1.7,0.2,0.357,0.3,0.7,0.5,0.0,0.3,0.3,0.3,0.0,0.0,1.0,0.7,2.0,,1991
Mario Hezonja,24,POR,PF,53,4,16.4,1.7,4.1,0.422,0.5,1.5,0.308,1.3,2.6,0.486,0.477,0.9,1.1,0.814,0.6,2.9,3.5,0.9,0.7,0.2,0.8,2.0,4.8,,2020
Mario Kasun,24,ORL,C,45,0,7.9,1.0,2.2,0.48,0.0,0.0,0.0,1.0,2.2,0.485,0.48,0.5,1.0,0.558,1.2,1.7,2.8,0.2,0.2,0.3,0.6,1.9,2.6,,2005
Mario West,24,ATL,SG,53,3,5.1,0.3,0.6,0.412,0.0,0.0,1.0,0.2,0.6,0.394,0.426,0.3,0.6,0.467,0.5,0.6,1.1,0.4,0.3,0.1,0.2,0.7,0.8,,2009
Mark Acres,30,HOU,C,6,0,3.8,0.3,1.5,0.222,0.2,0.3,0.5,0.2,1.2,0.143,0.278,0.2,0.3,0.5,0.3,0.7,1.0,0.0,0.0,0.0,0.3,0.3,1.0,,1993
Mark Aguirre,33,DET,SF,51,15,20.7,3.7,8.3,0.443,0.6,1.6,0.361,3.1,6.6,0.463,0.479,1.9,2.5,0.767,0.8,2.1,3.0,2.1,0.3,0.1,1.3,2.0,9.9,,1993
Mark Alarie,27,WSB,PF,42,1,14.0,2.4,5.4,0.44,0.1,0.5,0.238,2.2,4.9,0.461,0.451,1.0,1.1,0.854,1.0,1.8,2.8,1.1,0.4,0.2,1.0,2.1,5.8,,1991
Mark Baker,29,TOR,PG,1,0,2.0,0.0,1.0,0.0,0.0,0.0,0.0,0.0,1.0,0.0,0.0,0.0,0.0,0.0,0.0,0.0,0.0,0.0,0.0,0.0,1.0,0.0,0.0,,1999
Mark Blount,26,BOS,C,44,0,9.4,0.7,1.7,0.421,0.0,0.0,0.0,0.7,1.7,0.421,0.421,0.7,0.8,0.811,0.6,1.3,1.9,0.2,0.4,0.4,0.5,1.3,2.1,,2002
Mark Bradtke,28,PHI,C,36,0,7.0,0.7,1.6,0.431,0.0,0.0,0.0,0.7,1.6,0.431,0.431,0.3,0.4,0.692,0.7,1.2,1.9,0.2,0.1,0.1,0.3,0.9,1.6,,1997
Mark Bryant,37,BOS,PF,2,0,4.5,0.0,0.5,0.0,0.0,0.0,0.0,0.0,0.5,0.0,0.0,0.0,0.0,0.0,0.0,1.0,1.0,0.5,0.0,0.0,0.0,1.0,0.0,,2003
Mark Davis,25,MIA,SF,4,1,8.8,0.5,1.5,0.333,0.0,0.0,0.0,0.5,1.5,0.333,0.333,1.3,1.5,0.833,0.5,1.3,1.8,0.3,0.3,0.0,1.8,3.0,2.3,,1999
Mark Eaton,36,UTA,C,64,57,17.3,1.1,2.0,0.546,0.0,0.0,0.0,1.1,2.0,0.546,0.546,0.5,0.8,0.7,1.1,3.0,4.1,0.3,0.3,1.2,0.7,2.2,2.8,,1993
Mark Hendrickson,25,NJN,PF,5,0,4.8,0.0,0.2,0.0,0.0,0.0,0.0,0.0,0.2,0.0,0.0,0.2,0.4,0.5,0.2,0.2,0.4,0.6,0.0,0.0,0.0,0.2,0.2,,2000
Mark Jackson,38,HOU,PG,42,3,13.7,0.8,2.4,0.34,0.2,1.0,0.171,0.6,1.4,0.458,0.375,0.7,0.9,0.718,0.2,1.4,1.7,2.8,0.4,0.0,1.3,1.0,2.5,,2004
Mark Jones,29,ORL,SF,10,0,11.6,0.9,3.1,0.29,0.0,0.4,0.0,0.9,2.7,0.333,0.29,0.5,1.0,0.5,0.6,0.7,1.3,0.6,0.5,0.2,0.3,1.6,2.3,,2005
Mark Macon,29,DET,SG,7,3,9.9,0.6,2.9,0.2,0.1,0.4,0.333,0.4,2.4,0.176,0.225,0.0,0.0,0.0,0.4,0.3,0.7,0.6,0.7,0.1,0.9,0.9,1.3,,1999
Mark Madsen,33,MIN,C,19,1,6.1,0.2,0.7,0.214,0.0,0.0,0.0,0.2,0.7,0.214,0.214,0.0,0.2,0.0,0.5,0.4,0.9,0.2,0.1,0.1,0.2,0.9,0.3,,2009
Mark McNamara,31,ORL,C,2,0,6.5,0.0,0.5,0.0,0.0,0.0,0.0,0.0,0.5,0.0,0.0,0.0,0.0,0.0,0.0,2.0,2.0,0.0,0.0,0.0,0.0,0.5,0.0,,1991
Mark Pope,32,DEN,PF,9,0,3.0,0.2,0.7,0.333,0.0,0.0,0.0,0.2,0.7,0.333,0.333,0.0,0.0,0.0,0.6,0.3,0.9,0.1,0.1,0.2,0.1,0.6,0.4,,2005
Mark Price,31,WSB,PG,7,1,18.1,2.6,8.6,0.3,1.4,4.3,0.333,1.1,4.3,0.267,0.383,1.4,1.4,1.0,0.1,0.9,1.0,2.6,0.9,0.0,1.4,1.0,8.0,,1996
Mark Randall,25,MIN,PF,2,0,4.0,0.0,0.5,0.0,0.0,0.5,0.0,0.0,0.0,0.0,0.0,0.0,0.0,0.0,0.0,0.0,0.0,0.5,0.0,0.0,0.5,0.5,0.0,,1993
Mark Strickland,24,IND,PF,4,0,2.3,0.3,0.8,0.333,0.0,0.0,0.0,0.3,0.8,0.333,0.333,0.3,0.5,0.5,0.5,0.5,1.0,0.0,0.0,0.3,0.3,0.0,0.8,,1995
Mark West,39,PHO,C,22,2,5.8,0.2,0.5,0.417,0.0,0.0,0.0,0.2,0.5,0.417,0.417,0.2,0.4,0.625,0.3,1.1,1.4,0.1,0.1,0.2,0.3,1.0,0.7,,2000
Mark Williams,21,CHO,C,43,17,19.3,3.7,5.8,0.637,0.0,0.0,0.0,3.7,5.8,0.637,0.637,1.6,2.3,0.691,2.2,4.9,7.1,0.4,0.7,1.0,0.9,2.2,9.0,,2023
Markel Brown,26,HOU,SG,4,0,7.8,0.5,1.8,0.286,0.3,1.3,0.2,0.3,0.5,0.5,0.357,0.0,0.0,0.0,0.3,1.0,1.3,0.5,0.0,0.0,0.5,1.5,1.3,,2018
Markelle Fultz,19,PHI,SG,14,0,18.1,3.2,7.9,0.405,0.0,0.1,0.0,3.2,7.9,0.409,0.405,0.7,1.5,0.476,0.8,2.3,3.1,3.8,0.9,0.3,1.2,1.6,7.1,,2018
Markieff Morris,34,DAL,PF,26,1,8.3,0.9,2.6,0.338,0.6,1.6,0.357,0.3,1.0,0.308,0.449,0.2,0.2,0.833,0.2,1.3,1.5,0.6,0.2,0.1,0.5,0.5,2.5,,2024
Marko Gudurić,24,MEM,SG,44,0,11.0,1.4,3.6,0.395,0.6,1.9,0.301,0.8,1.7,0.5,0.475,0.5,0.6,0.923,0.3,1.3,1.7,1.0,0.3,0.2,0.8,0.8,3.9,,2020
Marko Jarić,30,MEM,SG,53,0,11.4,0.9,2.7,0.331,0.2,0.5,0.393,0.7,2.2,0.316,0.369,0.5,0.8,0.707,0.4,0.8,1.2,1.4,0.5,0.2,0.9,1.2,2.6,,2009
Marko Milič,21,PHO,SG,11,0,4.8,0.7,1.8,0.4,0.0,0.1,0.0,0.7,1.7,0.421,0.4,0.0,0.0,0.0,0.3,0.2,0.5,0.2,0.3,0.1,0.5,0.6,1.5,,1999
Marko Simonovic,23,CHI,C,7,0,2.9,0.3,1.0,0.286,0.1,0.6,0.25,0.1,0.4,0.333,0.357,0.1,0.3,0.5,0.1,0.1,0.3,0.0,0.0,0.0,0.0,0.7,0.9,,2023
Markquis Nowell,24,TOR,SG,1,0,4.0,0.0,1.0,0.0,0.0,0.0,0.0,0.0,1.0,0.0,0.0,2.0,2.0,1.0,2.0,0.0,2.0,2.0,1.0,0.0,0.0,0.0,2.0,,2024
Markus Howard,21,DEN,SG,37,1,5.5,1.1,2.9,0.377,0.5,1.8,0.277,0.6,1.1,0.537,0.462,0.2,0.2,0.778,0.0,0.5,0.6,0.5,0.1,0.0,0.5,0.6,2.8,,2021
Marlon Garnett,23,BOS,PG,24,0,8.5,0.6,2.1,0.294,0.3,1.0,0.261,0.4,1.2,0.321,0.353,0.6,0.8,0.75,0.1,0.8,0.9,0.8,0.2,0.0,0.5,0.8,2.1,,1999
Marlon Maxey,24,MIN,PF,55,2,11.4,1.6,3.0,0.533,0.0,0.0,0.0,1.6,3.0,0.539,0.533,1.3,1.8,0.714,1.4,2.3,3.6,0.2,0.3,0.6,0.7,2.1,4.5,,1994
Marques Bolden,21,CLE,C,1,0,3.0,0.0,0.0,0.0,0.0,0.0,0.0,0.0,0.0,0.0,0.0,0.0,0.0,0.0,0.0,2.0,2.0,0.0,1.0,0.0,0.0,1.0,0.0,,2020
Marques Bragg,25,MIN,PF,53,0,7.0,1.0,2.3,0.45,0.0,0.0,0.0,1.0,2.3,0.45,0.45,0.4,0.8,0.561,0.7,0.8,1.5,0.2,0.3,0.2,0.5,1.3,2.5,,1996
Marquese Chriss,21,HOU,PF,16,0,6.5,0.7,2.1,0.324,0.1,0.9,0.067,0.6,1.2,0.526,0.338,0.4,0.4,0.857,0.4,1.3,1.8,0.4,0.1,0.3,0.8,1.1,1.8,,2019
Marquis Daniels,31,BOS,SG,38,0,12.7,1.4,3.8,0.364,0.0,0.3,0.0,1.4,3.5,0.391,0.364,0.4,0.6,0.739,0.4,1.3,1.7,1.2,0.6,0.2,0.7,0.9,3.2,,2012
Marquis Teague,19,CHI,PG,48,0,8.2,0.9,2.4,0.381,0.1,0.5,0.174,0.8,1.9,0.433,0.398,0.2,0.3,0.563,0.1,0.9,0.9,1.3,0.2,0.1,0.7,1.0,2.1,,2013
Marreese Speights,23,PHI,C,64,1,11.5,2.3,4.5,0.495,0.0,0.1,0.25,2.2,4.5,0.498,0.497,0.9,1.1,0.753,1.0,2.3,3.3,0.5,0.1,0.3,0.6,1.9,5.4,,2011
Marshall Plumlee,25,MIL,C,8,0,6.5,0.1,0.4,0.333,0.0,0.0,0.0,0.1,0.4,0.333,0.333,1.5,2.0,0.75,0.5,1.6,2.1,0.3,0.0,0.1,0.4,1.3,1.8,,2018
Martell Webster,22,POR,SF,1,0,5.0,0.0,1.0,0.0,0.0,1.0,0.0,0.0,0.0,0.0,0.0,0.0,0.0,0.0,0.0,0.0,0.0,0.0,0.0,0.0,0.0,0.0,0.0,,2009
Martin Lewis,21,TOR,SF,9,0,5.6,0.7,1.6,0.429,0.1,0.3,0.333,0.6,1.2,0.455,0.464,0.1,0.2,0.5,0.4,0.2,0.7,0.4,0.1,0.2,0.1,0.9,1.6,,1997
Martin Müürsepp,22,MIA,PF,10,0,2.7,0.5,1.4,0.357,0.1,0.4,0.25,0.4,1.0,0.4,0.393,0.6,1.4,0.429,0.2,0.3,0.5,0.3,0.0,0.1,0.3,0.3,1.7,,1997
Marty Conlon,32,LAC,C,3,0,3.0,0.3,0.7,0.5,0.0,0.0,0.0,0.3,0.7,0.5,0.5,0.0,0.0,0.0,0.3,0.3,0.7,0.0,0.0,0.0,0.0,0.3,0.7,,2000
Martynas Andriuškevičius,19,CLE,C,6,0,1.5,0.0,0.2,0.0,0.0,0.0,0.0,0.0,0.2,0.0,0.0,0.0,0.0,0.0,0.2,0.5,0.7,0.0,0.3,0.0,0.0,0.2,0.0,,2006
Marvin Bagley III,22,SAC,PF,30,17,22.1,3.8,8.2,0.463,0.5,2.1,0.242,3.3,6.1,0.538,0.494,1.2,1.6,0.745,2.2,4.9,7.2,0.6,0.3,0.4,0.7,1.7,9.3,,2022
Marvin Williams,33,MIL,PF,17,0,18.9,1.5,3.4,0.439,0.7,2.3,0.308,0.8,1.1,0.722,0.544,0.4,0.4,0.857,0.9,3.5,4.4,1.1,0.6,0.5,0.5,1.9,4.0,,2020
Mason Jones,25,SAC,SG,5,0,5.6,0.4,1.6,0.25,0.4,1.4,0.286,0.0,0.2,0.0,0.375,0.2,0.4,0.5,0.2,0.8,1.0,1.0,0.2,0.0,0.4,0.6,1.4,,2024
Mason Plumlee,33,LAC,C,46,11,14.7,1.9,3.3,0.569,0.0,0.1,0.0,1.9,3.2,0.592,0.569,1.5,2.2,0.707,1.3,3.8,5.1,1.2,0.3,0.4,0.8,1.5,5.3,,2024
Mateen Cleaves,27,SEA,PG,14,0,4.6,0.4,1.0,0.357,0.0,0.1,0.0,0.4,0.9,0.417,0.357,0.2,0.3,0.75,0.1,0.3,0.4,0.5,0.1,0.0,0.1,0.1,0.9,,2005
Matisse Thybulle,25,PHI,SF,49,6,12.1,1.0,2.4,0.431,0.4,1.3,0.333,0.6,1.1,0.547,0.522,0.2,0.2,0.75,0.4,0.9,1.3,0.5,0.9,0.3,0.2,1.3,2.7,,2023
Matt Barnes,25,PHI,PF,50,0,10.8,1.2,2.2,0.536,0.0,0.2,0.182,1.1,2.0,0.576,0.545,0.6,0.9,0.674,0.8,1.1,1.9,0.4,0.3,0.1,0.5,1.8,3.0,,2006
Matt Bonner,35,SAS,C,30,2,6.9,1.0,1.9,0.509,0.5,1.1,0.441,0.5,0.8,0.609,0.64,0.1,0.1,0.75,0.1,0.8,0.9,0.3,0.2,0.0,0.1,0.5,2.5,,2016
Matt Bullard,23,HOU,PF,18,0,3.5,0.8,1.7,0.452,0.0,0.2,0.0,0.8,1.6,0.5,0.452,0.6,0.9,0.647,0.3,0.4,0.8,0.1,0.2,0.0,0.2,0.6,2.2,,1991
Matt Carroll,32,CHA,SG,1,0,6.0,0.0,0.0,0.0,0.0,0.0,0.0,0.0,0.0,0.0,0.0,0.0,0.0,0.0,0.0,0.0,0.0,1.0,0.0,0.0,0.0,1.0,0.0,,2013
Matt Costello,24,SAS,C,4,0,8.0,0.5,1.0,0.5,0.0,0.0,0.0,0.5,1.0,0.5,0.5,0.0,0.0,0.0,0.3,2.0,2.3,0.5,0.5,0.5,0.3,1.8,1.0,,2018
Matt Fish,27,MIA,C,1,0,1.0,0.0,0.0,0.0,0.0,0.0,0.0,0.0,0.0,0.0,0.0,0.0,0.0,0.0,0.0,0.0,0.0,0.0,0.0,0.0,0.0,0.0,0.0,,1997
Matt Freije,25,ATL,PF,19,0,7.7,0.8,2.8,0.296,0.2,1.2,0.136,0.7,1.7,0.406,0.324,0.3,0.3,0.833,0.4,0.8,1.3,0.4,0.2,0.1,0.2,0.7,2.1,,2007
Matt Geiger,32,PHI,C,4,0,9.0,0.3,2.0,0.125,0.0,0.0,0.0,0.3,2.0,0.125,0.125,0.3,0.5,0.5,0.8,0.8,1.5,0.0,0.0,0.5,0.5,0.5,0.8,,2002
Matt Harpring,23,ORL,SF,4,0,15.8,1.0,4.3,0.235,0.5,0.5,1.0,0.5,3.8,0.133,0.294,1.5,1.8,0.857,1.3,1.8,3.0,2.0,1.3,0.3,0.3,1.8,4.0,,2000
Matt Maloney,27,HOU,PG,15,7,12.4,0.3,1.9,0.179,0.1,1.0,0.067,0.3,0.9,0.308,0.196,0.7,0.7,0.909,0.1,0.5,0.7,1.4,0.3,0.0,0.9,0.5,1.4,,1999
Matt Mooney,25,NYK,SG,1,0,2.0,0.0,1.0,0.0,0.0,1.0,0.0,0.0,0.0,0.0,0.0,0.0,0.0,0.0,0.0,0.0,0.0,0.0,1.0,0.0,1.0,0.0,0.0,,2022
Matt Othick,23,SAS,PG,4,0,9.8,0.8,1.3,0.6,0.5,1.0,0.5,0.3,0.3,1.0,0.8,0.0,0.5,0.0,0.3,0.3,0.5,1.8,0.3,0.0,1.0,1.8,2.0,,1993
Matt Ryan,24,BOS,SF,1,0,5.0,1.0,5.0,0.2,1.0,5.0,0.2,0.0,0.0,0.0,0.3,0.0,0.0,0.0,0.0,0.0,0.0,0.0,1.0,0.0,0.0,0.0,3.0,,2022
Matt Steigenga,26,CHI,SF,2,0,6.0,0.5,2.0,0.25,0.0,1.0,0.0,0.5,1.0,0.5,0.25,0.5,1.0,0.5,0.0,1.5,1.5,1.0,0.5,0.5,1.0,0.5,1.5,,1997
Matt Thomas,26,TOR,SG,26,0,7.4,0.9,2.4,0.387,0.7,1.6,0.415,0.3,0.8,0.333,0.524,0.2,0.3,0.857,0.1,0.7,0.8,0.3,0.1,0.0,0.2,0.4,2.7,,2021
Matt Walsh,23,MIA,SG,2,0,1.5,0.5,0.5,1.0,0.0,0.0,0.0,0.5,0.5,1.0,1.0,0.0,1.0,0.0,0.0,0.0,0.0,0.0,0.0,0.0,0.5,0.0,1.0,,2006
Matt Wenstrom,23,BOS,C,11,0,3.4,0.5,0.9,0.6,0.0,0.0,0.0,0.5,0.9,0.6,0.6,0.5,0.9,0.6,0.5,0.5,1.1,0.0,0.0,0.2,0.4,0.6,1.6,,1994
Matt Williams,24,MIA,SG,3,0,3.7,0.7,2.0,0.333,0.3,1.7,0.2,0.3,0.3,1.0,0.417,0.0,0.0,0.0,0.0,0.3,0.3,0.0,0.0,0.0,0.3,0.3,1.7,,2018
Matthew Dellavedova,32,SAC,PG,32,0,6.7,0.5,1.6,0.34,0.3,0.8,0.333,0.3,0.7,0.348,0.43,0.1,0.2,0.571,0.0,0.4,0.4,1.3,0.2,0.0,0.3,0.6,1.5,,2023
Matthew Hurt,23,MEM,PF,8,0,14.1,1.5,4.3,0.353,0.6,2.5,0.25,0.9,1.8,0.5,0.426,0.4,0.4,1.0,1.1,0.9,2.0,0.5,0.4,0.4,0.3,1.0,4.0,,2024
Maurice Ager,23,DAL,SG,12,3,6.4,0.4,2.3,0.185,0.0,0.7,0.0,0.4,1.6,0.263,0.185,0.4,0.5,0.833,0.1,0.3,0.3,0.3,0.0,0.1,0.3,0.9,1.3,,2008
Maurice Baker,25,2TM,PG,5,0,3.8,0.0,0.2,0.0,0.0,0.0,0.0,0.0,0.2,0.0,0.0,0.0,0.0,0.0,0.2,0.2,0.4,0.2,0.2,0.0,0.2,0.6,0.0,,2005
Maurice Carter,27,NOH,SG,6,0,10.0,1.0,3.5,0.286,0.5,1.3,0.375,0.5,2.2,0.231,0.357,0.8,1.3,0.625,0.3,1.0,1.3,0.3,0.0,0.0,0.5,0.8,3.3,,2004
Maurice Cheeks,36,NJN,PG,35,0,14.6,1.5,2.7,0.548,0.0,0.1,0.0,1.5,2.6,0.56,0.548,0.7,0.8,0.889,0.1,1.1,1.2,3.1,0.9,0.1,0.9,1.0,3.6,,1993
Maurice Evans,23,MIN,SG,10,0,4.5,0.9,1.9,0.474,0.0,0.3,0.0,0.9,1.6,0.563,0.474,0.3,0.4,0.75,0.3,0.1,0.4,0.4,0.0,0.0,0.2,0.9,2.1,,2002
Maurice Harkless,27,MIA,SF,11,3,11.3,0.5,1.2,0.385,0.5,1.0,0.455,0.0,0.2,0.0,0.577,0.0,0.2,0.0,0.2,1.0,1.2,0.6,0.2,0.4,0.3,1.3,1.4,,2021
Maurice Ndour,24,NYK,PF,32,4,10.3,1.2,2.7,0.453,0.0,0.2,0.143,1.2,2.5,0.481,0.459,0.6,0.8,0.731,0.7,1.3,2.0,0.3,0.5,0.3,0.4,0.9,3.1,,2017
Maurice Taylor,30,SAC,PF,12,2,8.6,0.7,2.3,0.286,0.0,0.0,0.0,0.7,2.3,0.286,0.286,0.7,1.1,0.615,0.8,1.5,2.3,0.4,0.3,0.1,0.5,1.3,2.0,,2007
Max Christie,19,LAL,SG,41,3,12.5,1.1,2.6,0.415,0.6,1.5,0.419,0.4,1.1,0.409,0.538,0.3,0.4,0.875,0.2,1.7,1.8,0.5,0.2,0.2,0.3,0.8,3.1,,2023
Max Strus,23,CHI,SF,2,0,3.0,1.0,1.5,0.667,0.0,0.5,0.0,1.0,1.0,1.0,0.667,0.5,0.5,1.0,0.5,0.0,0.5,0.0,0.0,0.0,0.0,0.5,2.5,,2020
Maxi Kleber,32,DAL,C,43,7,20.3,1.5,3.4,0.432,0.7,2.1,0.348,0.7,1.3,0.574,0.541,0.8,1.1,0.702,0.7,2.6,3.3,1.6,0.4,0.7,0.7,1.8,4.4,,2024
Maxwell Lewis,21,LAL,SF,34,0,3.0,0.1,0.6,0.19,0.0,0.3,0.111,0.1,0.4,0.25,0.214,0.1,0.1,0.667,0.1,0.1,0.1,0.2,0.1,0.0,0.3,0.1,0.3,,2024
McKinley Wright IV,23,MIN,PG,5,0,3.8,0.4,0.6,0.667,0.2,0.4,0.5,0.2,0.2,1.0,0.833,0.0,0.0,0.0,0.0,0.0,0.0,0.6,0.0,0.0,0.2,0.2,1.0,,2022
Mehmet Okur,31,UTA,C,13,0,12.9,1.7,4.8,0.355,0.4,1.2,0.313,1.3,3.5,0.37,0.395,1.2,1.5,0.75,0.7,1.6,2.3,1.5,0.3,0.3,0.5,1.4,4.9,,2011
Melvin Booker,24,DEN,PG,5,0,4.2,0.4,0.8,0.5,0.2,0.4,0.5,0.2,0.4,0.5,0.625,0.0,0.0,0.0,0.0,0.2,0.2,0.6,0.0,0.0,1.4,0.0,1.0,,1997
Melvin Ely,32,DEN,C,30,2,12.2,0.9,1.7,0.549,0.0,0.0,0.0,0.9,1.7,0.549,0.549,0.4,0.7,0.619,0.9,1.6,2.5,0.5,0.1,0.4,0.5,1.7,2.3,,2011
Melvin Frazier,22,ORL,SG,10,0,4.4,0.7,2.1,0.333,0.0,0.6,0.0,0.7,1.5,0.467,0.333,0.1,0.4,0.25,0.3,0.2,0.5,0.1,0.1,0.0,0.1,0.6,1.5,,2019
Melvin Newbern,25,DET,SG,33,1,9.4,1.3,3.4,0.372,0.0,0.2,0.125,1.2,3.2,0.39,0.376,1.0,1.8,0.567,0.6,0.5,1.1,1.7,0.7,0.0,1.0,1.3,3.6,,1993
Melvin Sanders,25,SAS,SG,16,0,7.1,1.0,2.1,0.485,0.1,0.2,0.667,0.9,1.9,0.467,0.515,0.4,0.6,0.7,0.3,1.2,1.4,0.2,0.3,0.0,0.5,1.3,2.6,,2006
Mengke Bateer,27,SAS,C,12,0,3.8,0.3,1.4,0.235,0.1,0.3,0.333,0.3,1.2,0.214,0.265,0.0,0.2,0.0,0.2,0.7,0.8,0.3,0.0,0.0,0.5,1.2,0.8,,2003
Metta World Peace,37,LAL,SF,25,2,6.4,0.8,2.7,0.279,0.4,1.5,0.237,0.4,1.2,0.333,0.346,0.4,0.6,0.625,0.2,0.6,0.8,0.4,0.4,0.1,0.3,0.7,2.3,,2017
Meyers Leonard,21,POR,C,40,0,8.9,1.0,2.3,0.451,0.0,0.2,0.0,1.0,2.1,0.482,0.451,0.4,0.5,0.762,0.7,2.1,2.8,0.5,0.2,0.1,0.4,1.9,2.5,,2014
Mfiondu Kabengele,23,LAC,PF,23,0,4.1,0.4,1.4,0.281,0.2,0.8,0.222,0.2,0.6,0.357,0.344,0.2,0.3,0.833,0.0,0.6,0.6,0.2,0.1,0.1,0.3,0.8,1.2,,2021
Micah Potter,25,UTA,PF,16,0,11.6,1.2,2.5,0.475,0.6,1.3,0.429,0.6,1.2,0.526,0.588,0.4,0.5,0.75,0.6,2.1,2.7,0.4,0.3,0.4,0.3,0.9,3.3,,2024
Michael Adams,33,CHH,PG,21,3,15.7,1.8,4.0,0.446,0.7,2.0,0.341,1.1,2.0,0.548,0.53,1.2,1.7,0.743,0.2,0.8,1.0,3.2,1.0,0.2,1.2,1.2,5.4,,1996
Michael Ansley,24,PHI,SF,8,0,4.0,0.6,1.4,0.455,0.0,0.0,0.0,0.6,1.4,0.455,0.455,0.6,0.8,0.833,0.3,0.3,0.5,0.3,0.0,0.0,0.4,0.8,1.9,,1992
Michael Beasley,30,LAL,PF,26,2,10.7,2.9,5.9,0.49,0.1,0.7,0.176,2.8,5.2,0.529,0.5,1.1,1.5,0.718,0.5,1.8,2.3,1.0,0.3,0.4,1.0,1.6,7.0,,2019
Michael Bradley,24,TOR,PF,5,0,7.6,0.2,0.6,0.333,0.0,0.0,0.0,0.2,0.6,0.333,0.333,0.2,0.4,0.5,0.2,2.0,2.2,0.2,0.2,0.0,0.6,1.2,0.6,,2004
Michael Cage,36,NJN,C,79,17,15.2,0.5,1.1,0.512,0.0,0.0,0.0,0.5,1.1,0.518,0.512,0.3,0.5,0.556,1.5,2.4,3.9,0.4,0.6,0.6,0.3,1.3,1.3,,1998
Michael Carter-Williams,27,HOU,PG,16,1,9.1,1.6,3.8,0.41,0.4,1.2,0.368,1.1,2.6,0.429,0.467,0.8,1.6,0.462,0.2,0.6,0.8,1.3,0.6,0.4,0.6,1.7,4.3,,2019
Michael Curry,25,PHI,SG,10,0,4.3,0.3,1.4,0.214,0.0,0.2,0.0,0.3,1.2,0.25,0.214,0.3,0.4,0.75,0.0,0.1,0.1,0.1,0.1,0.0,0.3,0.6,0.9,,1994
Michael Dickerson,27,MEM,SG,6,1,14.5,1.7,4.0,0.417,0.7,1.8,0.364,1.0,2.2,0.462,0.5,0.8,0.8,1.0,0.2,0.8,1.0,1.3,0.8,0.2,1.0,2.7,4.8,,2003
Michael Doleac,30,MIN,C,24,8,10.7,1.2,2.6,0.444,0.0,0.0,0.0,1.2,2.6,0.444,0.444,0.0,0.1,0.5,0.7,1.4,2.0,0.3,0.4,0.4,0.5,1.8,2.4,,2008
Michael Finley,36,SAS,SF,25,6,15.8,1.5,3.9,0.381,0.5,1.6,0.317,1.0,2.2,0.429,0.448,0.2,0.4,0.667,0.2,1.3,1.5,0.8,0.2,0.2,0.5,0.5,3.7,,2010
Michael Foster Jr.,20,PHI,PF,1,0,1.0,0.0,0.0,0.0,0.0,0.0,0.0,0.0,0.0,0.0,0.0,0.0,0.0,0.0,0.0,0.0,0.0,0.0,0.0,0.0,0.0,0.0,0.0,,2023
Michael Frazier,25,HOU,SG,13,0,11.2,0.5,2.2,0.241,0.3,1.8,0.174,0.2,0.5,0.5,0.31,0.7,1.1,0.643,0.1,0.7,0.8,0.2,0.2,0.0,0.4,1.7,2.1,,2020
Michael Gbinije,24,DET,SG,9,0,3.6,0.1,1.1,0.1,0.0,0.4,0.0,0.1,0.7,0.167,0.1,0.2,0.2,1.0,0.2,0.1,0.3,0.2,0.0,0.0,0.0,0.2,0.4,,2017
Michael Hawkins,27,CHH,PG,12,0,3.0,0.3,1.1,0.231,0.1,0.4,0.2,0.2,0.7,0.25,0.269,0.1,0.2,0.5,0.0,0.6,0.6,1.1,0.0,0.0,0.3,0.2,0.7,,2000
Michael Jordan,39,WAS,SF,82,67,37.0,8.3,18.6,0.445,0.2,0.7,0.291,8.1,18.0,0.45,0.45,3.2,4.0,0.821,0.9,5.2,6.1,3.8,1.5,0.5,2.1,2.1,20.0,AS,2003
Michael Kidd-Gilchrist,26,DAL,PF,13,0,9.3,0.3,1.0,0.308,0.0,0.2,0.0,0.3,0.8,0.4,0.308,0.3,0.4,0.8,0.4,2.1,2.5,0.3,0.2,0.2,0.7,1.5,0.9,,2020
Michael McDonald,28,CHH,C,1,0,4.0,0.0,0.0,0.0,0.0,0.0,0.0,0.0,0.0,0.0,0.0,0.0,0.0,0.0,1.0,0.0,1.0,0.0,0.0,0.0,2.0,1.0,0.0,,1998
Michael Olowokandi,31,BOS,C,24,0,9.8,0.8,1.9,0.413,0.0,0.0,0.0,0.8,1.9,0.413,0.413,0.1,0.1,0.667,0.6,1.4,2.0,0.2,0.3,0.5,0.7,2.0,1.7,,2007
Michael Porter Jr.,21,DEN,SF,55,8,16.4,3.5,7.0,0.509,1.1,2.7,0.422,2.4,4.3,0.564,0.59,1.1,1.3,0.833,1.2,3.5,4.7,0.8,0.5,0.5,0.9,1.8,9.3,,2020
Michael Redd,21,MIL,SG,6,0,5.8,0.8,3.2,0.263,0.0,0.5,0.0,0.8,2.7,0.313,0.263,0.5,1.0,0.5,0.5,0.2,0.7,0.2,0.2,0.0,0.2,0.3,2.2,,2001
Michael Ruffin,32,POR,PF,11,0,3.2,0.2,0.6,0.286,0.0,0.0,0.0,0.2,0.6,0.286,0.286,0.2,0.2,1.0,0.5,0.5,1.0,0.0,0.3,0.1,0.2,0.6,0.5,,2009
Michael Smith,25,SAC,PF,18,4,19.3,1.4,3.4,0.426,0.0,0.0,0.0,1.4,3.4,0.426,0.426,0.9,1.7,0.567,1.9,3.6,5.6,1.6,0.8,0.5,0.8,1.9,3.8,,1998
Michael Stewart,28,BOS,C,17,0,4.2,0.1,0.3,0.4,0.0,0.0,0.0,0.1,0.3,0.4,0.4,0.1,0.1,0.5,0.2,0.5,0.6,0.0,0.1,0.1,0.1,0.8,0.3,,2004
Micheal Williams,32,TOR,PG,2,0,7.5,0.5,2.5,0.2,0.0,0.0,0.0,0.5,2.5,0.2,0.2,0.0,0.0,0.0,0.5,0.0,0.5,0.0,0.0,0.0,0.5,0.5,1.0,,1999
Mickaël Gelabale,24,SEA,SG,39,0,11.9,1.8,4.0,0.439,0.4,0.9,0.432,1.4,3.1,0.442,0.49,0.4,0.5,0.778,0.4,1.1,1.5,0.8,0.3,0.2,0.7,0.8,4.3,,2008
Mickaël Piétrus,21,GSW,PG,53,22,14.1,1.8,4.4,0.416,0.7,2.0,0.333,1.2,2.4,0.484,0.491,1.0,1.4,0.693,0.9,1.3,2.2,0.5,0.6,0.2,0.8,1.9,5.3,,2004
Mickell Gladness,25,MIA,PF,8,0,3.5,0.1,0.4,0.333,0.0,0.0,0.0,0.1,0.4,0.333,0.333,0.0,0.0,0.0,0.1,1.3,1.4,0.3,0.1,0.1,0.4,1.0,0.3,,2012
Mikal Bridges,22,PHO,SF,82,56,29.5,3.0,6.9,0.43,1.3,3.8,0.335,1.7,3.0,0.548,0.523,1.2,1.4,0.805,0.7,2.5,3.2,2.1,1.6,0.5,0.9,2.5,8.3,,2019
Mike Batiste,25,MEM,PF,75,2,16.6,2.6,6.2,0.422,0.2,1.1,0.222,2.4,5.1,0.464,0.441,0.9,1.2,0.784,1.1,2.3,3.4,0.7,0.6,0.2,0.9,1.6,6.4,,2003
Mike Bibby,32,WAS,PG,2,0,14.5,0.5,4.5,0.111,0.0,2.0,0.0,0.5,2.5,0.2,0.111,0.0,0.0,0.0,0.0,1.5,1.5,4.0,0.5,0.0,0.5,1.5,1.0,,2011
Mike Brown,31,MIN,C,27,0,7.9,0.4,1.5,0.25,0.0,0.0,0.0,0.4,1.4,0.256,0.25,0.6,1.0,0.556,0.3,1.3,1.7,0.4,0.3,0.0,0.6,1.3,1.3,,1995
Mike Conley,20,MEM,PG,53,46,26.1,3.6,8.3,0.428,0.6,1.7,0.33,3.0,6.6,0.453,0.462,1.7,2.3,0.732,0.4,2.2,2.6,4.2,0.8,0.0,1.7,1.6,9.4,ROY-8,2008
Mike Dunleavy,36,CLE,SF,23,2,15.9,1.6,3.9,0.4,0.9,2.5,0.351,0.7,1.4,0.485,0.511,0.6,0.8,0.737,0.2,1.8,2.0,0.9,0.3,0.1,0.6,1.4,4.6,,2017
Mike Gminski,34,MIL,C,8,1,6.8,0.6,3.0,0.208,0.0,0.0,0.0,0.6,3.0,0.208,0.208,0.4,0.5,0.75,0.4,1.5,1.9,0.0,0.0,0.4,0.3,0.4,1.6,,1994
Mike Hall,22,WAS,SF,2,0,6.5,0.5,2.0,0.25,0.0,0.0,0.0,0.5,2.0,0.25,0.25,0.0,0.0,0.0,0.5,0.5,1.0,0.5,0.0,0.0,0.0,0.5,1.0,,2007
Mike Harris,26,WAS,PF,5,0,2.8,0.2,0.6,0.333,0.0,0.0,0.0,0.2,0.6,0.333,0.333,0.4,0.4,1.0,0.2,0.6,0.8,0.0,0.2,0.0,0.0,0.8,0.8,,2010
Mike Higgins,23,SAC,SF,7,0,8.7,0.9,1.4,0.6,0.0,0.0,0.0,0.9,1.4,0.6,0.6,0.6,1.0,0.571,0.6,0.1,0.7,0.3,0.0,0.3,0.6,2.3,2.3,,1991
Mike Iuzzolino,25,DAL,PG,70,23,25.3,3.2,6.8,0.462,0.8,2.1,0.375,2.4,4.8,0.5,0.519,1.6,2.1,0.765,0.4,1.6,2.0,4.7,0.7,0.1,1.8,1.4,8.7,,1993
Mike James,38,CHI,PG,11,0,7.0,0.5,1.9,0.238,0.1,0.5,0.2,0.4,1.5,0.25,0.262,0.0,0.2,0.0,0.0,0.6,0.6,1.5,0.2,0.0,0.5,1.0,1.0,,2014
Mike Miller,35,DEN,SF,47,2,7.9,0.5,1.3,0.355,0.4,1.1,0.365,0.1,0.2,0.3,0.508,0.0,0.0,0.0,0.1,1.0,1.1,0.9,0.3,0.1,0.4,1.1,1.3,,2016
Mike Muscala,32,OKC,C,16,0,5.7,0.5,1.4,0.364,0.1,0.7,0.091,0.4,0.7,0.636,0.386,0.0,0.1,0.0,0.4,0.9,1.3,0.3,0.1,0.1,0.3,0.5,1.1,,2024
Mike Penberthy,27,LAL,PG,3,0,4.0,0.3,0.7,0.5,0.0,0.0,0.0,0.3,0.7,0.5,0.5,1.0,1.3,0.75,0.0,0.7,0.7,0.7,0.7,0.0,0.0,0.0,1.7,,2002
Mike Peplowski,25,WSB,C,2,0,2.5,0.0,0.0,0.0,0.0,0.0,0.0,0.0,0.0,0.0,0.0,0.0,0.0,0.0,0.0,0.0,0.0,0.0,0.0,0.0,0.0,2.0,0.0,,1996
Mike Sanders,31,IND,SF,10,0,8.1,1.1,2.2,0.5,0.0,0.0,0.0,1.1,2.2,0.5,0.5,0.5,0.6,0.833,0.0,0.8,0.8,1.1,0.2,0.1,0.6,0.8,2.7,,1992
Mike Scott,28,ATL,PF,18,0,10.8,0.9,3.3,0.288,0.2,1.5,0.148,0.7,1.8,0.406,0.322,0.4,0.4,0.875,0.6,1.5,2.1,0.9,0.2,0.2,0.4,0.7,2.5,,2017
Mike Smith,24,WAS,SF,17,0,10.6,1.1,3.5,0.322,0.2,1.1,0.167,0.9,2.4,0.39,0.347,0.6,0.9,0.625,0.6,0.7,1.3,0.6,0.3,0.2,0.4,0.5,3.0,,2001
Mike Smrek,29,GSW,C,2,0,1.5,0.0,0.0,0.0,0.0,0.0,0.0,0.0,0.0,0.0,0.0,0.0,0.0,0.0,0.0,0.5,0.5,0.0,0.0,0.0,0.0,0.0,0.0,,1992
Mike Sweetney,24,CHI,C,48,0,8.0,1.2,2.8,0.433,0.0,0.0,0.0,1.2,2.8,0.433,0.433,0.8,1.4,0.561,0.9,1.6,2.5,0.6,0.2,0.2,0.9,1.6,3.2,,2007
Mike Taylor,23,LAC,PG,51,5,15.1,2.2,5.2,0.412,0.3,0.8,0.325,1.9,4.5,0.427,0.436,1.1,1.6,0.691,0.4,1.3,1.7,2.1,0.7,0.0,1.4,1.6,5.7,,2009
Mike Tobey,22,CHO,C,2,0,12.5,0.5,2.0,0.25,0.0,0.0,0.0,0.5,2.0,0.25,0.25,0.0,0.0,0.0,1.0,0.5,1.5,0.5,0.0,0.0,0.5,1.0,1.0,,2017
Mike Wilks,26,CLE,PG,37,0,6.6,0.5,1.6,0.288,0.1,0.4,0.143,0.4,1.2,0.333,0.305,0.2,0.3,0.5,0.2,0.6,0.7,0.5,0.2,0.0,0.4,0.7,1.1,,2006
Mike Woodson,32,CLE,SG,4,0,11.5,1.3,5.8,0.217,0.0,0.3,0.0,1.3,5.5,0.227,0.217,0.3,0.3,1.0,0.3,0.3,0.5,1.3,0.0,0.3,1.3,1.8,2.8,,1991
Mikki Moore,27,BOS,C,3,0,4.0,0.0,0.3,0.0,0.0,0.0,0.0,0.0,0.3,0.0,0.0,0.0,0.0,0.0,0.3,0.0,0.3,0.0,0.0,0.7,0.0,2.0,0.0,,2003
Mile Ilić,22,NJN,C,5,0,1.2,0.0,0.6,0.0,0.0,0.0,0.0,0.0,0.6,0.0,0.0,0.0,0.0,0.0,0.0,0.2,0.2,0.0,0.0,0.0,0.6,0.2,0.0,,2007
Miles Bridges,20,CHO,SF,80,25,21.2,3.0,6.4,0.464,0.8,2.5,0.325,2.2,3.9,0.553,0.527,0.7,1.0,0.753,0.8,3.2,4.0,1.2,0.7,0.6,0.6,1.4,7.5,,2019
Miles McBride,21,NYK,PG,40,2,9.3,0.8,2.7,0.296,0.4,1.7,0.25,0.4,1.0,0.375,0.375,0.2,0.3,0.667,0.1,1.0,1.1,1.0,0.4,0.0,0.1,1.1,2.2,,2022
Miles Plumlee,24,IND,C,14,0,3.9,0.4,1.5,0.238,0.0,0.0,0.0,0.4,1.5,0.238,0.238,0.2,0.3,0.75,0.9,0.7,1.6,0.1,0.0,0.2,0.2,0.4,0.9,,2013
Miles Simon,23,ORL,SG,5,0,3.8,0.2,1.0,0.2,0.0,0.4,0.0,0.2,0.6,0.333,0.2,0.0,0.0,0.0,0.2,0.2,0.4,0.0,0.2,0.0,0.6,0.2,0.4,,1999
Miloš Babić,22,CLE,PF,12,0,4.3,0.5,1.6,0.316,0.0,0.0,0.0,0.5,1.6,0.316,0.316,0.6,1.0,0.583,0.5,0.3,0.8,0.3,0.1,0.1,0.4,0.6,1.6,,1991
Miloš Teodosić,31,LAC,PG,15,0,10.0,1.1,2.7,0.425,0.7,1.8,0.37,0.5,0.9,0.538,0.55,0.3,0.5,0.571,0.2,0.9,1.1,2.1,0.2,0.1,1.4,1.8,3.2,,2019
Milt Palacio,21,VAN,PG,53,0,7.4,0.8,1.8,0.439,0.0,0.0,0.0,0.8,1.8,0.448,0.439,0.4,0.7,0.595,0.3,0.6,1.0,0.9,0.4,0.0,0.8,0.6,2.0,,2000
Milt Wagner,27,MIA,SG,13,1,8.9,1.8,4.4,0.421,0.5,1.3,0.353,1.4,3.1,0.45,0.474,0.7,0.8,0.818,0.0,0.5,0.5,1.2,0.2,0.2,0.9,1.1,4.8,,1991
Milton Doyle,24,BRK,SG,10,0,12.5,1.3,4.7,0.277,0.4,2.3,0.174,0.9,2.4,0.375,0.319,0.4,0.8,0.5,0.3,1.5,1.8,1.0,0.6,0.2,0.2,1.3,3.4,,2018
Mindaugas Kuzminskas,28,NYK,SF,1,0,2.0,0.0,2.0,0.0,0.0,0.0,0.0,0.0,2.0,0.0,0.0,0.0,0.0,0.0,0.0,0.0,0.0,0.0,0.0,0.0,0.0,0.0,0.0,,2018
Miroslav Raduljica,27,MIN,C,5,0,4.6,0.6,1.6,0.375,0.0,0.0,0.0,0.6,1.6,0.375,0.375,0.4,0.4,1.0,0.4,0.6,1.0,0.0,0.2,0.0,0.4,1.6,1.6,,2015
Mirsad Türkcan,23,NYK,PF,7,0,3.6,0.3,1.4,0.2,0.0,0.3,0.0,0.3,1.1,0.25,0.2,0.0,0.0,0.0,0.3,1.1,1.4,0.1,0.3,0.0,0.1,0.6,0.6,,2000
Mirza Teletović,27,BRK,PF,53,0,9.4,1.3,3.5,0.384,0.7,2.0,0.343,0.6,1.5,0.442,0.484,0.2,0.2,0.818,0.6,1.2,1.8,0.4,0.2,0.2,0.4,1.0,3.5,,2013
Mitch Creek,26,BRK,SF,4,0,9.0,1.3,2.5,0.5,0.0,0.3,0.0,1.3,2.3,0.556,0.5,1.3,1.8,0.714,1.3,1.3,2.5,1.3,0.3,0.0,0.0,0.8,3.8,,2019
Mitch McGary,23,OKC,PF,20,0,3.6,0.6,1.2,0.478,0.0,0.2,0.0,0.6,1.0,0.579,0.478,0.2,0.5,0.4,0.2,0.7,0.9,0.2,0.1,0.1,0.4,0.5,1.3,,2016
Mitch Richmond,36,LAL,SG,64,2,11.1,1.6,3.9,0.405,0.3,1.0,0.29,1.3,2.9,0.443,0.441,0.7,0.7,0.955,0.2,1.3,1.5,0.9,0.3,0.1,0.6,1.0,4.1,,2002
Mitchell Butler,27,CLE,SG,18,0,11.4,0.8,2.6,0.319,0.1,0.3,0.167,0.8,2.3,0.341,0.33,0.3,0.6,0.6,0.3,0.9,1.2,1.0,0.4,0.0,0.4,1.4,2.1,,1998
Mitchell Robinson,25,NYK,C,31,21,24.8,2.4,4.1,0.575,0.0,0.0,0.0,2.4,4.1,0.575,0.575,0.9,2.1,0.409,4.6,3.9,8.5,0.6,1.2,1.1,0.8,1.8,5.6,,2024
Mitchell Wiggins,32,PHI,SG,49,0,11.6,1.8,4.7,0.384,0.0,0.0,0.0,1.8,4.7,0.386,0.384,0.7,1.0,0.686,0.9,1.0,1.9,0.4,0.4,0.0,0.5,1.4,4.3,,1992
Miye Oni,24,UTA,SG,16,0,2.8,0.1,0.6,0.222,0.1,0.5,0.125,0.1,0.1,1.0,0.278,0.0,0.1,0.0,0.1,0.4,0.4,0.3,0.0,0.0,0.1,0.4,0.3,,2022
Mo Bamba,24,LAL,C,9,1,9.8,1.2,3.0,0.407,0.6,1.8,0.313,0.7,1.2,0.545,0.5,0.7,1.2,0.545,1.2,3.3,4.6,0.4,0.1,0.6,0.9,2.1,3.7,,2023
Mo Williams,21,UTA,SG,57,0,13.5,2.0,5.3,0.38,0.2,0.7,0.256,1.8,4.6,0.398,0.396,0.8,1.0,0.786,0.4,0.9,1.3,1.3,0.5,0.0,0.9,1.5,5.0,,2004
Monta Ellis,20,GSW,SG,49,3,18.1,2.7,6.5,0.415,0.6,1.7,0.341,2.1,4.8,0.441,0.459,0.9,1.2,0.712,0.4,1.7,2.1,1.6,0.7,0.2,1.2,1.4,6.8,,2006
Monte Morris,22,DEN,PG,3,0,8.3,1.3,2.0,0.667,0.0,0.3,0.0,1.3,1.7,0.8,0.667,0.7,0.7,1.0,0.0,0.7,0.7,2.3,1.0,0.0,0.3,0.3,3.3,,2018
Montrezl Harrell,22,HOU,PF,39,1,9.7,1.5,2.3,0.644,0.0,0.0,0.0,1.5,2.3,0.652,0.644,0.6,1.2,0.522,0.6,1.0,1.7,0.4,0.3,0.3,0.4,1.2,3.6,,2016
Monty Williams,27,DEN,SF,1,0,6.0,0.0,2.0,0.0,0.0,0.0,0.0,0.0,2.0,0.0,0.0,1.0,2.0,0.5,0.0,0.0,0.0,0.0,0.0,0.0,0.0,0.0,1.0,,1999
Moochie Norris,31,HOU,PG,6,0,6.5,0.5,2.7,0.188,0.0,0.0,0.0,0.5,2.7,0.188,0.188,0.3,0.3,1.0,0.2,0.5,0.7,0.8,0.2,0.0,0.3,0.3,1.3,,2005
Mookie Blaylock,34,GSW,PG,35,0,17.1,1.4,4.2,0.342,0.4,1.2,0.357,1.0,3.0,0.337,0.394,0.1,0.2,0.5,0.2,1.3,1.5,3.3,0.7,0.1,1.1,0.6,3.4,,2002
Moritz Wagner,23,BOS,C,9,1,6.8,0.4,1.6,0.286,0.2,0.7,0.333,0.2,0.9,0.25,0.357,0.1,0.2,0.5,0.3,1.8,2.1,0.7,0.0,0.1,1.0,1.1,1.2,,2021
Morlon Wiley,27,DAL,PG,12,0,10.3,0.5,1.8,0.286,0.2,0.5,0.333,0.3,1.3,0.267,0.333,0.0,0.0,0.0,0.0,0.5,0.5,1.3,1.1,0.0,0.9,1.4,1.2,,1994
Morris Almond,22,UTA,SG,9,0,4.3,0.4,1.7,0.267,0.1,0.4,0.25,0.3,1.2,0.273,0.3,0.4,0.7,0.667,0.0,0.2,0.2,0.3,0.1,0.0,0.2,0.6,1.4,,2008
Morris Peterson,33,OKC,SG,4,0,5.8,0.5,1.3,0.4,0.0,0.3,0.0,0.5,1.0,0.5,0.4,0.0,0.0,0.0,0.0,0.8,0.8,0.3,0.0,0.0,0.0,1.3,1.0,,2011
Moses Brown,23,BRK,C,2,0,3.0,0.0,0.0,0.0,0.0,0.0,0.0,0.0,0.0,0.0,0.0,0.0,0.0,0.0,0.0,0.0,0.0,0.0,0.5,0.0,0.5,0.5,0.0,,2023
Moses Malone,39,SAS,C,17,0,8.8,0.8,2.1,0.371,0.1,0.1,0.5,0.7,1.9,0.364,0.386,1.3,1.9,0.688,1.2,1.5,2.7,0.4,0.1,0.2,0.6,0.9,2.9,,1995
Moses Moody,19,GSW,SG,52,11,11.7,1.5,3.5,0.437,0.8,2.1,0.364,0.8,1.4,0.548,0.546,0.5,0.7,0.778,0.3,1.2,1.5,0.4,0.1,0.2,0.3,0.8,4.4,,2022
Moses Wright,23,LAC,PF,1,0,1.0,0.0,0.0,0.0,0.0,0.0,0.0,0.0,0.0,0.0,0.0,0.0,0.0,0.0,0.0,0.0,0.0,1.0,0.0,0.0,0.0,0.0,0.0,,2022
Mouhamadou Gueye,25,TOR,PF,11,0,10.9,1.0,3.5,0.289,0.0,0.3,0.0,1.0,3.2,0.314,0.289,0.4,0.8,0.444,1.1,1.0,2.1,0.5,0.3,1.6,1.1,1.4,2.4,,2024
Mouhamed Gueye,21,ATL,PF,6,0,12.2,1.3,3.8,0.348,0.5,1.5,0.333,0.8,2.3,0.357,0.413,0.8,1.0,0.833,1.7,2.0,3.7,0.7,0.8,0.7,0.2,2.2,4.0,,2024
Mouhamed Sene,20,SEA,C,28,3,6.0,0.6,1.8,0.367,0.0,0.0,0.0,0.6,1.8,0.367,0.367,0.6,1.0,0.586,0.6,1.0,1.6,0.0,0.1,0.4,0.4,1.2,1.9,,2007
Moussa Diabaté,22,LAC,C,11,0,5.8,0.9,1.7,0.526,0.0,0.0,0.0,0.9,1.7,0.526,0.526,0.8,1.3,0.643,1.4,0.8,2.2,0.4,0.5,0.1,0.2,0.4,2.6,,2024
Muggsy Bogues,36,TOR,PG,3,0,11.3,0.0,0.7,0.0,0.0,0.3,0.0,0.0,0.3,0.0,0.0,0.0,0.0,0.0,0.0,1.0,1.0,1.7,0.7,0.0,1.3,1.0,0.0,,2001
Mustafa Shakur,29,OKC,PG,3,0,3.7,0.0,1.0,0.0,0.0,0.3,0.0,0.0,0.7,0.0,0.0,0.3,0.7,0.5,0.0,0.0,0.0,1.3,0.0,0.0,0.7,0.7,0.3,,2014
Mychal Mulder,27,ORL,PG,15,2,13.0,1.3,4.5,0.299,0.9,3.1,0.283,0.5,1.4,0.333,0.396,0.1,0.1,1.0,0.1,1.3,1.4,0.2,0.3,0.1,0.5,0.8,3.7,,2022
Mychal Thompson,36,LAL,C,72,4,15.0,1.6,3.2,0.496,0.0,0.0,0.0,1.6,3.1,0.5,0.496,0.9,1.2,0.705,1.0,2.1,3.2,0.3,0.3,0.3,0.7,1.6,4.0,,1991
Mychel Thompson,23,CLE,SG,5,3,19.0,1.4,4.8,0.292,0.8,2.2,0.364,0.6,2.6,0.231,0.375,0.0,0.0,0.0,0.0,1.0,1.0,1.4,0.4,0.2,1.0,1.6,3.6,,2012
Myke Henry,25,MEM,SF,20,0,18.9,2.1,5.5,0.376,1.0,2.9,0.328,1.1,2.6,0.431,0.463,0.3,0.5,0.6,0.5,1.4,1.9,1.1,1.6,0.3,1.0,1.4,5.4,,2018
Myles Powell,24,PHI,PG,11,0,4.7,0.5,1.5,0.294,0.1,0.5,0.167,0.4,1.0,0.364,0.324,0.2,0.2,1.0,0.1,0.5,0.5,0.3,0.1,0.0,0.3,0.7,1.2,,2022
Myles Turner,19,IND,C,60,30,22.8,4.4,8.8,0.498,0.1,0.2,0.214,4.4,8.6,0.506,0.501,1.5,2.0,0.727,1.1,4.4,5.5,0.7,0.4,1.4,1.1,2.6,10.3,ROY-8,2016
Myron Brown,22,MIN,PG,4,0,5.8,1.0,1.5,0.667,0.3,0.8,0.333,0.8,0.8,1.0,0.75,0.0,0.0,0.0,0.0,0.8,0.8,1.5,0.3,0.0,1.0,0.5,2.3,,1992
Mãozinha Pereira,23,MEM,SF,7,1,17.4,2.6,5.0,0.514,0.7,1.9,0.385,1.9,3.1,0.591,0.586,1.0,1.4,0.7,1.6,3.7,5.3,0.3,0.9,0.6,0.7,1.4,6.9,,2024
Naji Marshall,24,NOP,SF,55,4,13.4,2.0,4.9,0.405,0.4,1.9,0.2,1.6,3.0,0.537,0.444,1.3,1.7,0.796,0.7,1.9,2.6,1.1,0.6,0.1,0.8,1.3,5.7,,2022
Nando De Colo,26,TOR,SF,21,0,9.2,1.0,2.9,0.367,0.4,1.0,0.364,0.7,1.8,0.368,0.433,0.6,0.6,1.0,0.4,1.0,1.3,1.6,0.3,0.1,0.7,1.1,3.1,,2014
Nassir Little,23,PHO,SF,45,2,10.2,1.3,2.8,0.46,0.5,1.6,0.3,0.8,1.2,0.667,0.544,0.4,0.4,0.85,0.3,1.4,1.7,0.5,0.2,0.2,0.3,0.9,3.4,,2024
Nate Darling,22,CHO,SG,7,0,3.7,0.3,1.0,0.286,0.3,1.0,0.286,0.0,0.0,0.0,0.429,0.4,0.4,1.0,0.1,0.0,0.1,0.1,0.0,0.1,0.1,0.1,1.3,,2021
Nate Driggers,23,BOS,SG,15,0,8.8,0.9,2.9,0.302,0.0,0.6,0.0,0.9,2.3,0.382,0.302,0.7,0.9,0.714,0.8,0.7,1.5,0.4,0.2,0.1,0.4,0.7,2.4,,1997
Nate Hinton,22,IND,SG,2,0,1.0,0.0,0.5,0.0,0.0,0.0,0.0,0.0,0.5,0.0,0.0,0.0,0.0,0.0,0.0,0.0,0.0,0.0,0.0,0.0,0.5,0.0,0.0,,2022
Nate Huffman,27,TOR,C,7,0,10.9,1.3,3.6,0.36,0.0,0.0,0.0,1.3,3.6,0.36,0.36,0.7,1.1,0.625,1.3,2.0,3.3,0.7,0.1,0.4,0.4,1.9,3.3,,2003
Nate McMillan,33,SEA,SG,18,1,15.5,1.3,3.7,0.343,0.8,1.9,0.441,0.4,1.8,0.242,0.455,0.1,0.1,1.0,0.7,1.5,2.2,3.1,0.8,0.2,0.7,2.3,3.4,,1998
Nate Robinson,31,NOP,PG,2,1,11.5,0.0,0.5,0.0,0.0,0.5,0.0,0.0,0.0,0.0,0.0,0.0,0.0,0.0,0.0,0.0,0.0,2.0,0.5,0.0,0.0,2.5,0.0,,2016
Nate Wolters,26,UTA,PG,5,0,3.8,0.2,1.2,0.167,0.0,0.0,0.0,0.2,1.2,0.167,0.167,0.0,0.0,0.0,0.2,0.2,0.4,0.2,0.0,0.0,0.0,0.2,0.4,,2018
Nathan Jawai,22,TOR,PF,6,0,3.2,0.2,0.7,0.25,0.0,0.0,0.0,0.2,0.7,0.25,0.25,0.0,0.0,0.0,0.2,0.2,0.3,0.0,0.0,0.0,0.3,0.5,0.3,,2009
Nathan Knight,24,MIN,PF,37,2,7.2,1.2,2.4,0.511,0.1,0.4,0.308,1.1,2.0,0.547,0.534,1.2,1.6,0.733,0.9,1.4,2.3,0.6,0.2,0.2,0.5,1.1,3.7,,2022
Nathan Mensah,25,CHO,C,25,0,12.3,0.5,1.1,0.429,0.0,0.0,0.0,0.5,1.1,0.429,0.429,0.4,0.5,0.75,1.2,1.4,2.6,0.4,0.2,0.6,0.6,2.6,1.3,,2024
Naz Mitrou-Long,25,UTA,SG,14,0,6.0,0.4,1.4,0.3,0.1,0.8,0.182,0.3,0.6,0.444,0.35,0.1,0.1,1.0,0.1,0.4,0.4,1.1,0.1,0.1,0.6,0.7,1.1,,2019
Naz Reid,22,MIN,C,77,6,15.8,3.0,6.2,0.489,0.7,2.2,0.343,2.3,4.0,0.568,0.549,1.5,1.9,0.765,1.3,2.6,3.9,0.9,0.5,0.9,1.1,2.2,8.3,,2022
Nazr Mohammed,37,CHI,C,23,0,5.6,0.6,1.3,0.433,0.0,0.0,0.0,0.6,1.3,0.433,0.433,0.0,0.1,0.333,0.5,1.2,1.7,0.1,0.2,0.2,0.3,0.7,1.2,,2015
Ndudi Ebi,19,MIN,SF,17,0,1.9,0.4,0.8,0.429,0.0,0.0,0.0,0.4,0.8,0.429,0.429,0.1,0.2,0.25,0.1,0.1,0.2,0.2,0.0,0.2,0.2,0.4,0.8,,2004
Neemias Queta,23,SAC,C,5,0,5.8,1.2,1.8,0.667,0.0,0.0,0.0,1.2,1.8,0.667,0.667,0.0,0.4,0.0,1.0,1.2,2.2,0.2,0.0,0.4,0.2,1.4,2.4,,2023
Negele Knight,31,TOR,PG,6,0,9.3,0.5,1.3,0.375,0.0,0.2,0.0,0.5,1.2,0.429,0.375,0.3,0.7,0.5,0.2,0.8,1.0,1.3,0.2,0.0,1.2,0.8,1.3,,1999
Nemanja Bjelica,32,MIA,PF,11,2,14.2,1.8,4.2,0.435,0.9,2.5,0.37,0.9,1.7,0.526,0.543,0.5,0.8,0.556,0.5,2.0,2.5,1.8,0.6,0.3,0.5,1.8,5.0,,2021
Nemanja Nedović,22,GSW,SG,24,0,5.9,0.3,1.6,0.205,0.1,0.8,0.167,0.2,0.9,0.238,0.244,0.3,0.3,0.875,0.1,0.5,0.6,0.5,0.0,0.0,0.5,0.5,1.1,,2014
Nenad Krstić,24,NJN,C,45,38,18.0,2.7,6.7,0.41,0.0,0.0,0.0,2.7,6.6,0.413,0.41,1.2,1.5,0.754,0.8,3.7,4.4,0.6,0.2,0.4,0.9,2.5,6.6,,2008
Nenê,23,DEN,PF,1,0,3.0,0.0,1.0,0.0,0.0,0.0,0.0,0.0,1.0,0.0,0.0,0.0,0.0,0.0,0.0,0.0,0.0,0.0,0.0,0.0,2.0,1.0,0.0,,2006
Nerlens Noel,28,BRK,C,3,1,14.3,0.3,2.0,0.167,0.0,0.0,0.0,0.3,2.0,0.167,0.167,0.3,0.7,0.5,1.0,2.0,3.0,1.0,1.0,0.3,1.7,2.3,1.0,,2023
Nic Claxton,20,BRK,C,15,0,12.5,1.8,3.2,0.563,0.1,0.5,0.143,1.7,2.7,0.634,0.573,0.7,1.4,0.524,1.3,1.7,2.9,1.1,0.1,0.5,0.6,0.9,4.4,,2020
Nick Anderson,33,SAC,SG,21,0,8.0,0.7,2.7,0.246,0.5,1.9,0.256,0.2,0.9,0.222,0.333,0.0,0.0,0.0,0.1,1.0,1.2,0.6,0.5,0.2,0.3,0.6,1.8,,2001
Nick Calathes,25,MEM,SG,58,0,14.4,1.8,4.3,0.421,0.2,0.7,0.256,1.6,3.5,0.456,0.443,0.4,0.8,0.533,0.3,1.5,1.8,2.5,1.1,0.1,1.1,1.7,4.2,,2015
Nick Collison,36,OKC,PF,20,0,6.4,0.7,1.2,0.609,0.0,0.1,0.0,0.7,1.1,0.636,0.609,0.3,0.4,0.625,0.5,1.1,1.6,0.6,0.1,0.1,0.2,0.9,1.7,,2017
Nick Fazekas,22,DAL,PF,4,0,2.3,0.5,1.3,0.4,0.0,0.0,0.0,0.5,1.3,0.4,0.4,0.0,0.0,0.0,0.3,0.5,0.8,0.0,0.0,0.0,0.0,0.0,1.0,,2008
Nick Johnson,22,HOU,SG,28,0,9.4,0.9,2.7,0.347,0.2,0.8,0.238,0.8,1.9,0.389,0.38,0.6,0.9,0.68,0.5,0.9,1.4,0.4,0.3,0.1,0.7,1.2,2.6,,2015
Nick Richards,23,CHO,PF,18,0,3.5,0.2,0.5,0.444,0.0,0.1,0.0,0.2,0.4,0.5,0.444,0.4,0.6,0.636,0.2,0.4,0.6,0.1,0.0,0.0,0.2,0.4,0.8,,2021
Nick Smith Jr.,19,CHO,SG,51,0,14.3,2.2,5.7,0.391,1.2,2.9,0.432,1.0,2.8,0.35,0.5,0.3,0.3,0.867,0.4,1.1,1.4,1.2,0.2,0.1,0.8,1.1,5.9,,2024
Nick Van Exel,34,SAS,PG,65,2,15.2,2.1,5.3,0.397,0.8,2.4,0.357,1.2,2.9,0.429,0.477,0.4,0.6,0.683,0.1,1.3,1.4,1.9,0.2,0.0,0.9,0.9,5.5,,2006
Nick Young,33,DEN,SG,4,0,9.3,0.8,2.3,0.333,0.8,2.0,0.375,0.0,0.3,0.0,0.5,0.0,0.0,0.0,0.0,0.3,0.3,0.5,0.0,0.3,0.5,1.0,2.3,,2019
Nickeil Alexander-Walker,23,UTA,SG,15,2,9.9,1.1,3.2,0.333,0.7,2.2,0.303,0.4,1.0,0.4,0.438,0.7,0.8,0.917,0.1,1.5,1.5,1.1,0.3,0.3,0.5,1.0,3.5,,2022
Nico Mannion,19,GSW,PG,30,1,12.1,1.3,3.8,0.342,0.7,2.0,0.367,0.6,1.8,0.315,0.439,0.8,0.9,0.821,0.2,1.3,1.5,2.3,0.5,0.0,1.0,1.0,4.1,,2021
Nicolas Batum,35,LAC,PF,3,0,18.0,1.0,2.7,0.375,0.7,2.3,0.286,0.3,0.3,1.0,0.5,0.0,0.0,0.0,0.0,2.3,2.3,1.7,1.0,1.3,0.3,1.7,2.7,,2024
Nicolás Brussino,24,ATL,SF,4,0,2.5,0.0,0.5,0.0,0.0,0.5,0.0,0.0,0.0,0.0,0.0,0.0,0.0,0.0,0.0,0.8,0.8,0.0,0.0,0.0,0.0,0.0,0.0,,2018
Nicolás Laprovíttola,27,SAS,PG,18,3,9.7,1.1,2.6,0.426,0.6,1.5,0.37,0.6,1.1,0.5,0.532,0.5,0.5,1.0,0.1,0.5,0.6,1.6,0.2,0.1,1.1,1.1,3.3,,2017
Nicolò Melli,30,NOP,PF,22,0,11.0,0.7,2.7,0.254,0.3,1.7,0.189,0.4,1.0,0.364,0.314,0.3,0.3,0.857,0.5,2.0,2.6,1.1,0.4,0.0,0.3,1.3,2.0,,2021
Nigel Hayes,23,LAL,SF,2,0,5.5,0.5,1.5,0.333,0.0,1.0,0.0,0.5,0.5,1.0,0.333,0.5,0.5,1.0,0.0,0.0,0.0,1.0,0.0,0.0,0.0,0.0,1.5,,2018
Nigel Williams-Goss,25,UTA,PG,10,0,5.0,0.5,1.6,0.313,0.2,0.7,0.286,0.3,0.9,0.333,0.375,0.2,0.2,1.0,0.2,0.4,0.6,0.6,0.3,0.1,0.3,0.6,1.4,,2020
Nik Stauskas,24,PHI,SG,6,0,7.5,0.2,0.7,0.25,0.0,0.2,0.0,0.2,0.5,0.333,0.25,0.3,0.3,1.0,0.0,0.2,0.2,0.2,0.7,0.0,0.7,0.5,0.7,,2018
Nikola Jokić,20,DEN,C,80,55,21.7,3.8,7.5,0.512,0.4,1.1,0.333,3.5,6.5,0.541,0.535,1.9,2.4,0.811,2.3,4.7,7.0,2.4,1.0,0.6,1.3,2.6,10.0,ROY-3,2016
Nikola Jović,19,MIA,PF,15,8,13.6,1.9,4.6,0.406,0.5,2.3,0.229,1.3,2.3,0.588,0.464,1.2,1.3,0.947,0.6,1.5,2.1,0.7,0.5,0.1,0.7,1.3,5.5,,2023
Nikola Mirotić,23,CHI,PF,82,3,20.2,3.1,7.6,0.405,1.2,3.8,0.316,1.9,3.8,0.495,0.485,2.8,3.5,0.803,0.8,4.2,4.9,1.2,0.7,0.7,1.1,2.1,10.2,"ROY-2,6MOY-6",2015
Nikola Peković,30,MIN,C,12,3,13.0,1.6,4.2,0.38,0.0,0.0,0.0,1.6,4.2,0.38,0.38,1.3,1.7,0.8,0.6,1.2,1.8,0.9,0.1,0.0,0.8,1.8,4.5,,2016
Nikola Vučević,21,PHI,C,51,15,15.9,2.6,5.7,0.45,0.1,0.2,0.375,2.5,5.5,0.452,0.455,0.4,0.7,0.529,1.7,3.1,4.8,0.6,0.4,0.7,0.6,2.2,5.5,,2012
Nikoloz Tskitishvili,22,MIN,PF,5,0,2.6,0.2,0.8,0.25,0.0,0.0,0.0,0.2,0.8,0.25,0.25,0.2,0.4,0.5,0.0,0.4,0.4,0.0,0.0,0.0,0.4,0.0,0.6,,2006
Noah Clowney,19,BRK,PF,23,4,16.1,2.2,4.0,0.538,0.5,1.4,0.364,1.7,2.6,0.633,0.602,0.9,1.3,0.7,1.1,2.4,3.5,0.8,0.3,0.7,0.7,1.1,5.8,,2024
Noah Vonleh,25,BRK,C,4,0,2.8,0.0,0.8,0.0,0.0,0.5,0.0,0.0,0.3,0.0,0.0,0.0,0.0,0.0,0.0,0.3,0.3,0.3,0.0,0.0,0.5,0.5,0.0,,2021
Noel Felix,24,SEA,SF,12,0,6.8,0.5,2.1,0.24,0.1,0.3,0.333,0.4,1.8,0.227,0.26,0.4,0.7,0.625,0.3,0.8,1.1,0.2,0.2,0.3,0.7,1.1,1.5,,2006
Nolan Smith,24,POR,PG,40,0,7.2,1.1,2.9,0.368,0.2,0.7,0.214,0.9,2.2,0.419,0.395,0.5,0.7,0.714,0.2,0.5,0.7,0.9,0.2,0.0,0.7,0.7,2.8,,2013
Norm Richardson,22,IND,SG,3,0,1.3,0.0,1.0,0.0,0.0,0.0,0.0,0.0,1.0,0.0,0.0,0.0,0.0,0.0,0.3,0.0,0.3,0.3,0.0,0.0,0.0,0.0,0.0,,2002
Norman Powell,24,TOR,SG,70,18,15.2,2.1,5.3,0.401,0.8,2.7,0.285,1.4,2.7,0.516,0.472,0.5,0.6,0.821,0.2,1.5,1.7,1.3,0.5,0.2,0.9,1.6,5.5,,2018
Norris Cole,28,OKC,PG,13,0,9.6,1.2,4.0,0.308,0.2,1.0,0.231,1.0,3.0,0.333,0.337,0.6,0.8,0.8,0.0,0.8,0.8,1.1,0.6,0.0,0.5,1.4,3.3,,2017
Norvel Pelle,27,NYK,C,9,0,5.8,0.6,0.8,0.714,0.0,0.0,0.0,0.6,0.8,0.714,0.714,0.1,0.2,0.5,0.2,1.0,1.2,0.1,0.1,0.7,0.0,0.4,1.2,,2021
O.J. Mayo,28,MIL,SG,41,24,26.6,2.9,7.8,0.371,1.3,4.0,0.321,1.6,3.9,0.421,0.452,0.8,1.0,0.775,0.3,2.2,2.6,2.9,1.2,0.2,1.8,3.1,7.8,,2016
OG Anunoby,20,TOR,SF,74,62,20.0,2.2,4.7,0.471,1.0,2.7,0.371,1.2,2.0,0.604,0.577,0.5,0.8,0.629,0.6,1.9,2.5,0.7,0.7,0.2,0.6,1.8,5.9,,2018
Obi Toppin,22,NYK,PF,62,0,11.0,1.7,3.4,0.498,0.4,1.4,0.306,1.3,2.0,0.629,0.56,0.3,0.4,0.731,0.4,1.8,2.2,0.5,0.3,0.2,0.4,0.9,4.1,,2021
Obinna Ekezie,25,DAL,PF,4,0,2.0,0.0,1.0,0.0,0.0,0.0,0.0,0.0,1.0,0.0,0.0,0.0,0.0,0.0,0.0,0.5,0.5,0.0,0.0,0.0,0.0,0.5,0.0,,2001
Ochai Agbaji,23,UTA,SG,51,10,19.7,2.1,4.9,0.426,0.9,2.8,0.331,1.2,2.1,0.551,0.52,0.3,0.4,0.75,0.7,1.8,2.5,0.9,0.5,0.6,0.7,1.3,5.4,,2024
Ognjen Kuzmić,23,GSW,C,21,0,4.4,0.2,0.6,0.385,0.0,0.0,0.0,0.2,0.6,0.385,0.385,0.2,0.5,0.455,0.5,0.5,1.0,0.1,0.1,0.2,0.5,0.8,0.7,,2014
Okaro White,26,WAS,PF,3,0,2.0,0.0,0.7,0.0,0.0,0.7,0.0,0.0,0.0,0.0,0.0,0.0,0.0,0.0,0.3,0.3,0.7,0.0,0.0,0.0,0.0,0.0,0.0,,2019
Olden Polynice,39,LAC,C,2,0,6.0,0.0,0.0,0.0,0.0,0.0,0.0,0.0,0.0,0.0,0.0,0.0,0.0,0.0,0.5,0.5,1.0,0.5,0.5,0.0,2.0,1.0,0.0,,2004
Oleksiy Pecherov,22,WAS,C,35,0,9.1,1.3,3.6,0.352,0.5,1.7,0.283,0.8,1.9,0.415,0.42,0.6,0.9,0.645,0.6,1.3,1.9,0.2,0.2,0.1,0.5,0.9,3.6,,2008
Oliver Lafayette,25,BOS,SG,1,0,22.0,3.0,6.0,0.5,1.0,2.0,0.5,2.0,4.0,0.5,0.583,0.0,0.0,0.0,1.0,3.0,4.0,2.0,0.0,0.0,1.0,0.0,7.0,,2010
Oliver Miller,28,SAC,C,4,0,8.8,1.3,2.8,0.455,0.0,0.0,0.0,1.3,2.8,0.455,0.455,0.0,0.0,0.0,1.8,0.3,2.0,0.0,0.0,0.5,1.0,0.8,2.5,,1999
Olivier Sarr,24,OKC,C,15,0,6.5,0.7,1.3,0.579,0.1,0.4,0.333,0.6,0.9,0.692,0.632,0.7,1.0,0.667,0.7,1.7,2.4,0.1,0.0,0.5,0.2,1.2,2.3,,2024
Olivier-Maxence Prosper,21,DAL,PF,40,1,8.4,1.0,2.6,0.385,0.3,1.1,0.289,0.7,1.5,0.458,0.447,0.7,1.0,0.683,0.6,1.4,2.0,0.6,0.2,0.1,0.2,0.5,3.0,,2024
Olumide Oyedeji,21,ORL,C,27,3,5.4,0.4,0.9,0.435,0.0,0.0,0.0,0.4,0.9,0.435,0.435,0.3,0.4,0.636,0.4,1.5,1.9,0.2,0.2,0.1,0.2,1.1,1.0,,2003
Omar Cook,22,POR,PG,17,0,8.2,0.4,1.6,0.259,0.0,0.1,0.0,0.4,1.5,0.269,0.259,0.0,0.0,0.0,0.2,0.2,0.4,1.4,0.6,0.0,0.6,0.8,0.8,,2004
Omari Johnson,28,MEM,PF,4,0,18.8,2.3,5.3,0.429,1.0,3.0,0.333,1.3,2.3,0.556,0.524,0.0,0.0,0.0,1.0,1.8,2.8,1.8,0.5,0.0,0.8,1.5,5.5,,2018
Omari Spellman,21,ATL,PF,46,11,17.5,2.1,5.3,0.402,1.0,2.8,0.344,1.2,2.5,0.466,0.492,0.7,1.0,0.711,1.6,2.7,4.2,1.0,0.6,0.5,0.7,1.5,5.9,,2019
Omer Yurtseven,24,MIA,C,9,0,9.2,1.8,3.0,0.593,0.3,0.8,0.429,1.4,2.2,0.65,0.648,0.6,0.7,0.833,0.9,1.7,2.6,0.2,0.2,0.2,0.4,1.8,4.4,,2023
Omri Casspi,28,MIN,PF,13,0,17.1,1.5,2.9,0.5,0.2,0.8,0.2,1.3,2.2,0.607,0.526,0.4,0.6,0.625,0.5,1.1,1.5,0.8,1.0,0.2,0.8,1.8,3.5,,2017
Onuralp Bitim,24,CHI,SG,23,1,11.7,1.4,3.7,0.381,0.5,1.9,0.273,0.9,1.7,0.5,0.452,0.2,0.2,0.8,0.3,1.1,1.4,0.6,0.1,0.1,0.4,1.0,3.5,,2024
Onyeka Okongwu,20,ATL,C,50,4,12.0,1.9,3.0,0.644,0.0,0.1,0.0,1.9,2.9,0.658,0.644,0.7,1.1,0.632,1.2,2.0,3.3,0.4,0.5,0.7,0.6,2.0,4.6,,2021
Orien Greene,25,SAC,SG,7,2,8.7,0.4,1.6,0.273,0.0,0.1,0.0,0.4,1.4,0.3,0.273,0.0,0.0,0.0,0.0,0.9,0.9,0.4,0.4,0.1,1.0,1.3,0.9,,2008
Orlando Johnson,24,SAC,SG,7,0,7.1,0.4,2.4,0.176,0.1,0.9,0.167,0.3,1.6,0.182,0.206,0.3,0.6,0.5,0.3,0.3,0.6,0.6,0.0,0.1,0.1,0.4,1.3,,2014
Orlando Robinson,23,MIA,C,36,7,8.4,1.0,2.0,0.5,0.2,0.4,0.533,0.8,1.6,0.491,0.556,0.5,0.7,0.76,0.8,1.6,2.3,0.9,0.2,0.2,0.5,1.0,2.8,,2024
Orlando Woolridge,33,MIL,SF,8,0,9.8,2.3,4.1,0.545,0.0,0.0,0.0,2.3,4.1,0.545,0.545,0.9,1.1,0.778,0.4,0.8,1.1,0.4,0.1,0.3,0.8,1.0,5.4,,1993
Oscar Tshiebwe,24,IND,PF,8,0,5.3,1.3,2.5,0.5,0.0,0.0,0.0,1.3,2.5,0.5,0.5,0.8,1.0,0.75,1.0,1.0,2.0,0.3,0.3,0.1,0.0,0.4,3.3,,2024
Oshae Brissett,21,TOR,SF,19,0,7.1,0.7,1.9,0.361,0.2,0.8,0.2,0.5,1.1,0.476,0.403,0.4,0.5,0.8,0.5,0.9,1.4,0.4,0.2,0.1,0.4,0.9,1.9,,2020
Othella Harrington,34,CHA,C,22,0,7.5,0.8,1.9,0.429,0.0,0.0,0.0,0.8,1.9,0.429,0.429,0.5,0.7,0.625,0.5,1.4,1.9,0.2,0.0,0.2,0.5,1.5,2.1,,2008
Othello Hunter,22,ATL,PF,16,0,5.8,0.7,1.3,0.55,0.0,0.0,0.0,0.7,1.3,0.55,0.55,0.0,0.3,0.0,0.6,0.9,1.5,0.1,0.1,0.3,0.1,0.7,1.4,,2009
Othyus Jeffers,28,MIN,SG,2,0,6.5,0.0,0.5,0.0,0.0,0.5,0.0,0.0,0.0,0.0,0.0,1.0,1.0,1.0,0.0,1.5,1.5,0.0,0.0,0.0,0.5,0.5,1.0,,2014
Otis Smith,28,ORL,SG,55,5,15.9,2.1,5.8,0.365,0.1,0.4,0.381,2.0,5.4,0.364,0.377,1.3,1.7,0.769,0.7,1.4,2.1,1.0,0.7,0.2,1.1,1.5,5.6,,1992
Otis Thorpe,38,CHH,PF,49,4,13.2,1.2,2.7,0.45,0.0,0.0,0.0,1.2,2.7,0.45,0.45,0.4,0.5,0.833,1.0,1.9,3.0,0.6,0.2,0.1,0.7,2.2,2.8,,2001
Otto Porter Jr.,20,WAS,SF,37,0,8.6,0.9,2.5,0.363,0.1,0.6,0.19,0.8,1.9,0.414,0.385,0.2,0.3,0.667,0.6,1.0,1.5,0.3,0.2,0.0,0.4,0.7,2.1,,2014
Ousmane Dieng,20,OKC,PF,33,0,11.1,1.5,3.5,0.422,0.6,2.1,0.3,0.8,1.4,0.609,0.513,0.4,0.5,0.875,0.3,1.2,1.5,1.1,0.2,0.2,0.6,0.7,4.0,,2024
P.J. Brown,38,BOS,PF,18,0,11.6,0.8,2.3,0.341,0.0,0.1,0.0,0.8,2.2,0.35,0.341,0.6,0.9,0.688,1.6,2.2,3.8,0.6,0.3,0.4,0.6,1.6,2.2,,2008
P.J. Hairston,22,CHO,SG,45,2,15.3,1.9,6.0,0.323,1.1,3.6,0.301,0.8,2.4,0.358,0.414,0.7,0.8,0.861,0.5,1.6,2.0,0.5,0.5,0.3,0.5,1.4,5.6,,2015
P.J. Tucker,38,LAC,PF,28,7,15.0,0.6,1.6,0.356,0.4,1.1,0.367,0.2,0.5,0.333,0.478,0.1,0.1,1.0,1.0,1.6,2.5,0.6,0.5,0.2,0.2,1.6,1.6,,2024
P.J. Washington,23,CHO,C,65,28,27.2,3.8,8.2,0.47,1.7,4.6,0.365,2.2,3.6,0.606,0.573,0.9,1.2,0.716,1.3,3.9,5.2,2.3,0.9,0.9,1.3,2.3,10.3,,2022
PJ Dozier,21,OKC,PG,2,0,1.5,0.5,1.0,0.5,0.0,0.0,0.0,0.5,1.0,0.5,0.5,0.0,0.0,0.0,0.0,0.5,0.5,0.0,0.0,0.0,0.5,0.5,1.0,,2018
Pablo Prigioni,38,LAC,PG,59,3,13.9,0.9,2.5,0.374,0.5,1.6,0.295,0.5,0.9,0.519,0.469,0.1,0.1,0.875,0.6,1.3,1.9,2.2,0.9,0.0,0.8,1.4,2.5,,2016
Paolo Banchero,20,ORL,PF,72,72,33.8,6.7,15.6,0.427,1.2,4.0,0.298,5.5,11.6,0.471,0.465,5.5,7.4,0.738,1.2,5.7,6.9,3.7,0.8,0.5,2.8,2.2,20.0,ROY-1,2023
Pape Sow,25,TOR,C,7,0,4.9,0.4,1.3,0.333,0.0,0.0,0.0,0.4,1.3,0.333,0.333,0.6,0.9,0.667,0.9,0.7,1.6,0.3,0.1,0.1,0.1,0.3,1.4,,2007
Pape Sy,22,ATL,SF,3,0,7.0,0.7,2.0,0.333,0.0,0.3,0.0,0.7,1.7,0.4,0.333,1.0,1.0,1.0,0.7,0.3,1.0,0.7,0.3,0.0,1.0,0.3,2.3,,2011
Paris Bass,26,PHO,SF,2,0,3.5,1.0,3.0,0.333,0.0,1.0,0.0,1.0,2.0,0.5,0.333,1.0,1.0,1.0,1.0,1.0,2.0,0.0,0.5,0.0,1.0,1.0,3.0,,2022
Pascal Siakam,22,TOR,PF,55,38,15.6,1.9,3.7,0.502,0.0,0.1,0.143,1.9,3.6,0.515,0.505,0.4,0.6,0.688,1.2,2.2,3.4,0.3,0.5,0.8,0.6,2.0,4.2,,2017
Pat Burke,33,PHO,C,23,0,7.1,1.0,2.8,0.354,0.3,1.0,0.273,0.7,1.9,0.395,0.4,0.3,0.6,0.615,0.5,1.5,2.0,0.2,0.1,0.1,0.3,0.8,2.6,,2007
Pat Connaughton,23,POR,SG,34,0,4.2,0.4,1.4,0.265,0.1,0.6,0.238,0.2,0.8,0.286,0.316,0.1,0.1,1.0,0.3,0.6,0.9,0.3,0.1,0.0,0.3,0.2,1.1,,2016
Pat Cummings,34,UTA,PF,4,0,6.5,1.0,1.5,0.667,0.0,0.0,0.0,1.0,1.5,0.667,0.667,1.8,2.5,0.7,0.8,0.5,1.3,0.0,0.0,0.0,0.5,2.0,3.8,,1991
Pat Durham,25,GSW,SF,5,1,15.6,1.2,5.0,0.24,0.0,0.0,0.0,1.2,5.0,0.24,0.24,1.8,2.4,0.75,1.0,1.8,2.8,0.8,0.2,0.2,1.4,1.2,4.2,,1993
Pat Garrity,27,ORL,PF,2,0,11.0,0.5,1.5,0.333,0.0,0.0,0.0,0.5,1.5,0.333,0.333,0.0,0.0,0.0,0.0,0.0,0.0,0.5,0.0,0.0,0.0,1.0,1.0,,2004
Pat Spencer,27,GSW,PG,6,0,4.3,0.3,0.7,0.5,0.0,0.3,0.0,0.3,0.3,1.0,0.5,0.0,0.0,0.0,0.3,0.3,0.7,0.8,0.0,0.0,0.2,0.2,0.7,,2024
Patricio Garino,23,ORL,SG,5,0,8.6,0.0,1.4,0.0,0.0,1.0,0.0,0.0,0.4,0.0,0.0,0.0,0.0,0.0,0.2,1.2,1.4,0.0,0.0,0.0,0.6,0.8,0.0,,2017
Patrick Baldwin Jr.,20,GSW,SF,31,0,7.3,1.4,3.5,0.394,1.0,2.7,0.381,0.4,0.8,0.44,0.541,0.1,0.2,0.667,0.0,1.3,1.3,0.4,0.2,0.1,0.4,0.5,3.9,,2023
Patrick Beverley,24,HOU,PG,41,0,17.4,1.9,4.6,0.418,0.9,2.3,0.375,1.0,2.3,0.462,0.513,0.8,1.0,0.829,1.1,1.6,2.7,2.9,0.9,0.5,1.1,2.0,5.6,,2013
Patrick Christopher,26,UTA,SG,4,1,7.3,0.8,3.0,0.25,0.0,1.0,0.0,0.8,2.0,0.375,0.25,0.0,0.0,0.0,0.5,1.0,1.5,0.0,0.3,0.0,0.3,1.5,1.5,,2015
Patrick Eddie,24,NYK,C,4,0,3.3,0.5,2.3,0.222,0.0,0.0,0.0,0.5,2.3,0.222,0.222,0.0,0.0,0.0,0.0,0.3,0.3,0.0,0.0,0.0,0.0,0.8,1.0,,1992
Patrick Ewing,26,NOH,SF,7,0,2.7,0.0,0.7,0.0,0.0,0.3,0.0,0.0,0.4,0.0,0.0,0.4,0.6,0.75,0.1,0.1,0.3,0.3,0.0,0.1,0.1,0.1,0.4,,2011
Patrick McCaw,25,TOR,SF,5,0,6.6,0.2,0.2,1.0,0.0,0.0,0.0,0.2,0.2,1.0,1.0,0.6,0.6,1.0,0.2,0.4,0.6,0.8,0.4,0.0,0.0,1.2,1.0,,2021
Patrick O'Bryant,21,GSW,C,24,0,4.1,0.7,1.2,0.552,0.0,0.0,0.0,0.7,1.2,0.552,0.552,0.1,0.2,0.6,0.4,0.8,1.2,0.2,0.2,0.4,0.3,1.1,1.5,,2008
Patrick Patterson,29,OKC,PF,63,5,13.7,1.3,3.5,0.374,0.7,2.2,0.336,0.6,1.3,0.439,0.479,0.3,0.5,0.633,0.7,1.7,2.3,0.5,0.3,0.2,0.3,0.7,3.6,,2019
Patrick Williams,20,CHI,PF,17,9,24.8,3.2,6.0,0.529,0.9,1.7,0.517,2.3,4.3,0.534,0.603,1.8,2.4,0.732,1.0,3.1,4.1,0.9,0.5,0.5,0.9,1.6,9.0,,2022
Patty Mills,21,POR,PG,10,0,3.8,1.0,2.4,0.417,0.2,0.4,0.5,0.8,2.0,0.4,0.458,0.4,0.7,0.571,0.1,0.1,0.2,0.5,0.0,0.0,0.4,0.6,2.6,,2010
Pau Gasol,38,MIL,C,3,0,10.0,0.3,2.0,0.167,0.3,1.0,0.333,0.0,1.0,0.0,0.25,0.3,0.7,0.5,0.0,3.3,3.3,0.7,0.0,0.3,0.7,0.3,1.3,,2019
Paul Davis,22,LAC,C,31,0,5.8,0.7,1.7,0.423,0.0,0.0,0.0,0.7,1.7,0.423,0.423,0.2,0.3,0.7,0.7,0.7,1.4,0.2,0.2,0.2,0.3,0.9,1.6,,2007
Paul George,20,IND,SG,61,19,20.7,2.9,6.5,0.453,0.7,2.3,0.297,2.3,4.2,0.537,0.505,1.3,1.7,0.762,0.6,3.1,3.7,1.1,1.0,0.4,1.1,2.1,7.8,,2011
Paul Graham,26,ATL,SG,21,0,6.1,1.0,2.7,0.368,0.1,0.6,0.231,0.9,2.1,0.409,0.395,0.6,0.8,0.765,0.2,0.4,0.6,0.6,0.2,0.2,0.2,0.5,2.8,,1994
Paul Grant,25,MIN,C,4,0,2.0,0.3,1.0,0.25,0.0,0.0,0.0,0.3,1.0,0.25,0.25,0.0,0.0,0.0,0.3,0.0,0.3,0.0,0.0,0.0,0.3,1.0,0.5,,1999
Paul McPherson,22,PHO,PG,33,0,9.3,1.4,2.9,0.49,0.0,0.2,0.0,1.4,2.7,0.522,0.49,0.5,0.7,0.75,0.6,0.8,1.5,0.5,0.4,0.1,0.7,1.5,3.4,,2001
Paul Millsap,36,BRK,C,24,0,11.3,1.3,3.5,0.376,0.3,1.1,0.222,1.1,2.4,0.448,0.412,0.5,0.7,0.706,1.2,2.5,3.7,1.0,0.2,0.5,0.5,2.0,3.4,,2022
Paul Mokeski,34,GSW,C,36,1,7.1,0.6,1.6,0.356,0.1,0.3,0.333,0.5,1.4,0.36,0.381,0.3,0.4,0.8,0.6,1.3,1.9,0.3,0.2,0.1,0.2,1.6,1.6,,1991
Paul Pierce,39,LAC,SF,25,7,11.1,1.1,2.8,0.4,0.6,1.7,0.349,0.5,1.1,0.481,0.507,0.4,0.5,0.769,0.0,1.9,1.9,0.4,0.2,0.2,0.6,1.6,3.2,,2017
Paul Pressey,33,SAS,SG,56,7,13.6,1.1,2.9,0.373,0.1,0.4,0.143,1.0,2.5,0.407,0.382,0.5,0.7,0.683,0.4,1.3,1.7,2.5,0.5,0.3,1.1,1.5,2.7,,1992
Paul Reed,22,PHI,C,38,2,7.9,1.4,2.5,0.563,0.1,0.2,0.25,1.4,2.3,0.591,0.573,0.2,0.4,0.429,1.2,1.3,2.4,0.4,0.9,0.4,0.3,1.5,3.1,,2022
Paul Shirley,25,ATL,PF,2,0,2.5,0.0,2.0,0.0,0.0,0.0,0.0,0.0,2.0,0.0,0.0,0.0,0.0,0.0,0.0,0.5,0.5,0.0,0.0,0.0,0.0,0.0,0.0,,2003
Paul Watson,25,ATL,SF,2,0,8.5,0.0,3.5,0.0,0.0,1.5,0.0,0.0,2.0,0.0,0.0,0.0,0.0,0.0,0.0,1.0,1.0,1.5,0.5,0.0,0.0,0.5,0.0,,2020
Paul Zipser,23,CHI,SF,54,12,15.3,1.5,4.3,0.346,0.7,2.0,0.336,0.8,2.3,0.355,0.425,0.4,0.5,0.76,0.2,2.2,2.4,0.9,0.4,0.3,0.8,1.6,4.0,,2018
Pavel Podkolzin,20,DAL,C,5,0,2.0,0.0,0.0,0.0,0.0,0.0,0.0,0.0,0.0,0.0,0.0,0.2,0.4,0.5,0.0,0.4,0.4,0.0,0.0,0.0,0.4,0.8,0.2,,2005
Payton Pritchard,25,BOS,PG,48,3,13.4,2.1,5.1,0.412,1.2,3.2,0.364,0.9,1.9,0.495,0.527,0.3,0.3,0.75,0.5,1.3,1.8,1.3,0.3,0.0,0.8,0.8,5.6,,2023
Peja Stojaković,33,NOH,SF,6,0,14.8,2.3,5.5,0.424,1.8,4.2,0.44,0.5,1.3,0.375,0.591,1.0,1.2,0.857,0.0,1.0,1.0,1.0,0.3,0.0,0.7,0.3,7.5,,2011
Pepe Sánchez,23,ATL,PG,5,0,6.8,0.0,1.4,0.0,0.0,0.0,0.0,0.0,1.4,0.0,0.0,0.0,0.0,0.0,0.2,0.0,0.2,1.0,0.4,0.0,0.6,0.6,0.0,,2001
Pero Antić,32,ATL,C,63,3,16.5,1.7,4.7,0.365,0.8,2.7,0.301,0.9,2.0,0.455,0.453,1.4,2.0,0.715,0.9,2.1,3.0,0.8,0.3,0.2,0.8,2.1,5.7,,2015
Perry Jones,21,OKC,SF,38,1,7.4,1.0,2.6,0.394,0.0,0.1,0.0,1.0,2.6,0.402,0.394,0.3,0.4,0.667,0.3,1.3,1.6,0.3,0.1,0.2,0.4,0.6,2.3,,2013
Pervis Ellison,33,SEA,C,9,0,4.4,0.2,0.8,0.286,0.0,0.0,0.0,0.2,0.8,0.286,0.286,0.2,0.2,1.0,0.2,1.1,1.3,0.3,0.0,0.2,0.3,1.4,0.7,,2001
Pete Chilcutt,31,CLE,PF,6,0,5.0,0.0,0.3,0.0,0.0,0.0,0.0,0.0,0.3,0.0,0.0,0.0,0.0,0.0,0.7,0.8,1.5,0.2,0.0,0.0,0.0,0.5,0.0,,2000
Pete Myers,34,NYK,SG,9,0,4.4,0.6,1.1,0.5,0.0,0.0,0.0,0.6,1.1,0.5,0.5,0.4,0.7,0.667,0.6,0.6,1.1,0.3,0.4,0.0,0.4,0.8,1.6,,1998
Pete Nance,23,CLE,PF,8,0,3.4,0.1,0.8,0.167,0.1,0.1,1.0,0.0,0.6,0.0,0.25,0.0,0.3,0.0,0.0,0.4,0.4,0.0,0.1,0.0,0.1,0.3,0.4,,2024
Peter Aluma,25,SAC,C,2,0,2.5,0.5,1.0,0.5,0.0,0.0,0.0,0.5,1.0,0.5,0.5,0.0,0.0,0.0,0.5,0.5,1.0,0.0,0.5,0.5,1.0,2.0,1.0,,1999
Peter John Ramos,19,WAS,C,6,0,3.3,0.8,1.7,0.5,0.0,0.0,0.0,0.8,1.7,0.5,0.5,0.2,0.3,0.5,0.2,0.5,0.7,0.0,0.0,0.2,0.5,0.7,1.8,,2005
Petr Cornelie,26,DEN,PF,13,0,2.9,0.4,1.2,0.333,0.1,0.6,0.125,0.3,0.5,0.571,0.367,0.2,0.3,0.75,0.5,0.5,1.1,0.2,0.1,0.1,0.3,0.5,1.1,,2022
Peyton Siva,23,DET,SG,24,0,9.3,0.8,2.4,0.316,0.3,1.0,0.28,0.5,1.3,0.344,0.377,0.5,0.6,0.733,0.1,0.5,0.6,1.4,0.4,0.0,0.8,1.1,2.3,,2014
Peyton Watson,20,DEN,SG,23,2,8.1,1.3,2.6,0.492,0.3,0.6,0.429,1.0,2.0,0.511,0.542,0.5,0.9,0.55,0.3,1.3,1.6,0.5,0.1,0.5,0.3,0.6,3.3,,2023
Phil Pressey,24,PHO,PG,9,0,12.6,1.0,2.6,0.391,0.0,0.6,0.0,1.0,2.0,0.5,0.391,0.4,0.8,0.571,0.3,0.6,0.9,3.2,0.8,0.3,1.6,1.6,2.4,,2016
Pierre Jackson,25,DAL,PG,8,1,10.5,1.6,4.9,0.333,0.4,1.4,0.273,1.3,3.5,0.357,0.372,0.8,0.9,0.857,0.1,1.0,1.1,2.4,0.3,0.0,0.4,0.6,4.4,,2017
Pooh Richardson,32,LAC,PG,11,0,11.8,1.1,3.3,0.333,0.0,0.5,0.0,1.1,2.7,0.4,0.333,0.4,0.4,1.0,0.1,1.1,1.2,2.7,0.4,0.0,0.8,0.5,2.5,,1999
Popeye Jones,33,GSW,PF,5,0,2.0,0.0,0.4,0.0,0.0,0.0,0.0,0.0,0.4,0.0,0.0,0.0,0.0,0.0,0.2,0.0,0.2,0.0,0.0,0.0,0.0,0.4,0.0,,2004
Pops Mensah-Bonsu,27,NOH,PF,7,0,5.0,0.1,0.4,0.333,0.0,0.0,0.0,0.1,0.4,0.333,0.333,0.0,0.0,0.0,0.4,1.1,1.6,0.3,0.0,0.0,0.3,1.6,0.3,,2011
Precious Achiuwa,21,MIA,PF,61,4,12.1,2.0,3.7,0.544,0.0,0.0,0.0,2.0,3.7,0.546,0.544,0.9,1.8,0.509,1.2,2.2,3.4,0.5,0.3,0.5,0.7,1.5,5.0,,2021
Predrag Drobnjak,28,LAC,C,61,14,15.6,2.4,6.2,0.393,0.2,0.6,0.306,2.3,5.6,0.402,0.408,1.2,1.4,0.849,0.9,2.3,3.2,0.6,0.4,0.4,0.8,1.4,6.3,,2004
Predrag Savović,26,DEN,SG,27,0,9.5,1.1,3.4,0.312,0.1,1.0,0.154,0.9,2.5,0.373,0.333,0.8,1.1,0.724,0.3,0.6,0.9,0.8,0.5,0.0,0.8,1.2,3.1,,2003
Priest Lauderdale,23,ATL,C,35,0,5.1,1.4,2.5,0.551,0.0,0.0,0.0,1.4,2.5,0.557,0.551,0.4,0.7,0.565,0.5,0.8,1.2,0.3,0.0,0.3,1.1,1.1,3.2,,1997
Primož Brezec,30,PHI,C,7,0,5.1,0.3,1.9,0.154,0.0,0.0,0.0,0.3,1.9,0.154,0.154,0.1,0.3,0.5,0.9,0.9,1.7,0.0,0.1,0.1,0.0,1.3,0.7,,2010
Quentin Grimes,23,DET,SG,6,0,19.2,1.5,7.0,0.214,0.7,4.7,0.143,0.8,2.3,0.357,0.262,1.7,1.8,0.909,0.2,1.8,2.0,2.3,0.8,0.7,1.2,1.5,5.3,,2024
Quentin Richardson,30,ORL,SF,57,19,16.8,1.5,4.5,0.341,0.7,2.6,0.288,0.8,1.9,0.413,0.424,0.6,0.8,0.75,0.7,2.4,3.1,0.7,0.4,0.1,0.6,1.3,4.4,,2011
Quenton Jackson,25,IND,PG,3,0,3.7,0.0,0.3,0.0,0.0,0.0,0.0,0.0,0.3,0.0,0.0,0.7,0.7,1.0,0.0,1.3,1.3,0.7,0.3,0.0,0.0,0.3,0.7,,2024
Quincy Acy,28,PHO,PF,10,0,12.3,0.4,1.8,0.222,0.2,1.5,0.133,0.2,0.3,0.667,0.278,0.7,1.0,0.7,0.3,2.2,2.5,0.8,0.1,0.4,0.4,2.4,1.7,,2019
Quincy Douby,22,SAC,PG,42,0,8.5,1.1,3.0,0.381,0.3,1.2,0.24,0.9,1.8,0.474,0.429,0.3,0.4,0.733,0.3,0.6,0.9,0.4,0.4,0.1,0.4,0.5,2.8,,2007
Quincy Lewis,26,MIN,SF,14,0,4.6,0.5,1.4,0.35,0.1,0.4,0.4,0.4,1.1,0.333,0.4,0.0,0.0,0.0,0.1,0.4,0.5,0.1,0.1,0.1,0.2,0.7,1.1,,2004
Quincy Miller,20,DEN,PF,7,0,3.7,0.6,1.7,0.333,0.0,0.1,0.0,0.6,1.6,0.364,0.333,0.1,0.3,0.5,0.1,0.1,0.3,0.4,0.1,0.0,0.1,0.4,1.3,,2013
Quincy Pondexter,30,SAS,SF,53,0,5.5,0.5,1.1,0.5,0.1,0.3,0.333,0.4,0.8,0.575,0.552,0.6,0.8,0.81,0.2,0.7,0.9,0.5,0.2,0.0,0.2,0.5,1.8,,2019
Quinn Cook,27,LAL,PG,16,0,3.9,0.8,1.6,0.462,0.3,0.8,0.385,0.4,0.8,0.538,0.558,0.3,0.3,0.8,0.0,0.3,0.3,0.3,0.1,0.1,0.2,0.1,2.1,,2021
Quinndary Weatherspoon,23,SAS,SG,11,0,7.1,0.5,1.5,0.294,0.1,0.5,0.2,0.4,1.1,0.333,0.324,0.1,0.2,0.5,0.1,0.5,0.6,1.0,0.3,0.1,0.5,0.7,1.1,,2020
Quintin Dailey,31,SEA,SG,11,1,8.9,0.8,3.4,0.243,0.0,0.1,0.0,0.8,3.3,0.25,0.243,1.2,1.5,0.813,0.2,0.9,1.1,0.4,0.5,0.1,0.9,0.5,2.8,,1992
Quinton Ross,28,WAS,SG,25,0,10.4,0.7,2.2,0.309,0.0,0.3,0.125,0.6,1.9,0.34,0.318,0.1,0.2,0.5,0.2,0.6,0.9,0.2,0.2,0.1,0.3,1.4,1.5,,2010
Qyntel Woods,21,POR,PF,53,0,6.3,1.1,2.2,0.5,0.1,0.2,0.333,1.1,2.1,0.514,0.513,0.1,0.4,0.35,0.3,0.7,1.0,0.2,0.3,0.0,0.4,0.7,2.4,,2003
R.J. Hampton,22,MIA,PG,8,2,9.5,0.5,1.8,0.286,0.1,1.0,0.125,0.4,0.8,0.5,0.321,0.1,0.3,0.5,0.3,0.5,0.8,1.0,0.0,0.0,0.4,1.0,1.3,,2024
R.J. Hunter,23,CHI,SG,3,0,3.0,0.0,0.3,0.0,0.0,0.3,0.0,0.0,0.0,0.0,0.0,0.0,0.0,0.0,0.0,0.3,0.3,0.0,0.0,0.0,0.0,0.0,0.0,,2017
RJ Barrett,19,NYK,SG,56,55,30.4,5.2,13.0,0.402,1.1,3.5,0.32,4.1,9.5,0.432,0.445,2.8,4.5,0.614,0.9,4.1,5.0,2.6,1.0,0.3,2.2,2.2,14.3,ROY-8,2020
RJ Nembhard Jr.,22,CLE,SG,14,0,4.5,0.4,1.3,0.333,0.0,0.1,0.0,0.4,1.1,0.375,0.333,0.2,0.3,0.75,0.2,0.3,0.5,0.9,0.1,0.0,0.2,0.1,1.1,,2022
Radisav Ćurčić,27,DAL,C,20,0,8.3,0.8,2.1,0.39,0.0,0.0,0.0,0.8,2.1,0.39,0.39,1.3,1.8,0.722,0.9,1.6,2.5,0.6,0.4,0.1,0.4,1.5,2.9,,1993
Raef LaFrentz,31,POR,C,39,0,7.5,0.7,1.6,0.443,0.0,0.1,0.0,0.7,1.5,0.474,0.443,0.3,0.5,0.579,0.7,1.0,1.7,0.2,0.3,0.4,0.3,1.5,1.7,,2008
Rafael Addison,32,CHH,SF,41,3,8.7,1.2,3.0,0.402,0.2,0.5,0.4,1.0,2.5,0.402,0.434,0.5,0.7,0.786,0.5,0.6,1.1,0.8,0.2,0.1,0.4,1.3,3.1,,1997
Rafael Araújo,25,TOR,C,52,34,11.6,1.0,2.8,0.366,0.0,0.0,0.0,1.0,2.8,0.368,0.366,0.3,0.5,0.536,0.8,1.9,2.8,0.3,0.5,0.1,0.8,2.0,2.3,,2006
Rafer Alston,24,MIL,PG,37,2,7.8,0.8,2.3,0.357,0.2,0.8,0.267,0.6,1.5,0.407,0.405,0.2,0.4,0.692,0.1,0.7,0.8,1.8,0.4,0.0,0.5,0.7,2.1,,2001
RaiQuan Gray,24,SAS,PF,3,0,13.0,3.3,5.7,0.588,1.0,2.3,0.429,2.3,3.3,0.7,0.676,0.0,0.0,0.0,0.7,1.7,2.3,2.0,0.3,0.3,0.3,0.0,7.7,,2024
Raja Bell,24,PHI,SG,5,0,6.0,0.4,1.4,0.286,0.2,0.6,0.333,0.2,0.8,0.25,0.357,0.0,0.0,0.0,0.0,0.2,0.2,0.0,0.2,0.0,0.4,0.2,1.0,,2001
Rajon Rondo,35,LAL,PG,18,0,16.1,1.3,3.9,0.324,0.4,1.7,0.267,0.8,2.3,0.366,0.38,0.1,0.1,0.5,0.6,2.2,2.7,3.7,0.7,0.3,1.9,1.4,3.1,,2022
Rakeem Christmas,25,IND,PF,29,0,7.6,0.7,1.5,0.442,0.0,0.0,0.0,0.7,1.5,0.442,0.442,0.7,1.0,0.724,0.9,1.0,1.9,0.1,0.1,0.2,0.3,1.3,2.0,,2017
Ralph Sampson,31,WSB,C,10,0,10.8,0.9,2.9,0.31,0.0,0.2,0.0,0.9,2.7,0.333,0.31,0.4,0.6,0.667,1.1,1.9,3.0,0.4,0.3,0.8,1.0,1.4,2.2,,1992
Ramon Sessions,31,NYK,PG,13,3,12.8,1.3,4.1,0.321,0.2,0.8,0.182,1.2,3.2,0.357,0.34,0.9,1.2,0.8,0.1,1.3,1.4,2.1,0.5,0.1,1.2,1.1,3.7,,2018
Randell Jackson,24,DAL,PF,1,0,1.0,0.0,0.0,0.0,0.0,0.0,0.0,0.0,0.0,0.0,0.0,0.0,0.0,0.0,0.0,0.0,0.0,0.0,0.0,0.0,0.0,0.0,0.0,,2000
Randolph Childress,24,POR,PG,19,0,6.6,0.5,1.6,0.333,0.2,0.8,0.188,0.4,0.7,0.5,0.383,0.3,0.4,0.75,0.1,0.2,0.3,0.8,0.4,0.0,0.7,0.6,1.5,,1997
Randolph Keys,24,CHH,SF,44,0,10.8,1.3,3.3,0.407,0.1,0.3,0.214,1.3,3.0,0.427,0.417,0.4,0.8,0.576,0.9,1.4,2.3,0.4,0.5,0.3,0.8,2.1,3.2,,1991
Randolph Morris,21,NYK,C,5,0,8.8,0.2,1.2,0.167,0.0,0.0,0.0,0.2,1.2,0.167,0.167,0.4,1.2,0.333,0.2,1.6,1.8,0.2,0.4,0.2,0.4,0.8,0.8,,2007
Randy Breuer,33,SAC,C,26,3,9.5,0.3,1.0,0.308,0.0,0.0,0.0,0.3,1.0,0.32,0.308,0.1,0.5,0.214,0.6,1.6,2.2,0.3,0.2,0.7,0.3,1.2,0.7,,1994
Randy Brown,33,BOS,PG,1,0,6.0,0.0,1.0,0.0,0.0,0.0,0.0,0.0,1.0,0.0,0.0,0.0,0.0,0.0,0.0,0.0,0.0,2.0,0.0,1.0,0.0,1.0,0.0,,2002
Randy Foye,33,BRK,SG,69,40,18.6,1.7,4.7,0.363,1.0,2.9,0.33,0.7,1.8,0.418,0.466,0.8,0.9,0.857,0.1,2.1,2.2,2.0,0.5,0.1,1.2,1.4,5.2,,2017
Randy Holcomb,26,CHI,SF,4,0,2.8,0.3,0.3,1.0,0.0,0.0,0.0,0.3,0.3,1.0,1.0,0.0,0.0,0.0,0.3,0.0,0.3,0.0,0.0,0.0,0.0,0.5,0.5,,2006
Randy Livingston,25,GSW,PG,2,0,3.5,0.0,1.0,0.0,0.0,0.5,0.0,0.0,0.5,0.0,0.0,0.0,0.0,0.0,0.0,0.5,0.5,0.5,0.0,0.0,0.0,0.0,0.0,,2001
Randy White,24,DAL,PF,65,12,15.7,2.2,5.9,0.38,0.1,0.4,0.148,2.2,5.5,0.397,0.385,1.9,2.5,0.765,1.5,2.2,3.6,0.5,0.5,0.3,1.0,2.4,6.4,,1992
Randy Wittman,32,IND,SG,24,0,4.8,0.3,0.8,0.421,0.0,0.0,0.0,0.3,0.8,0.421,0.421,0.0,0.1,0.5,0.0,0.3,0.4,0.5,0.1,0.0,0.1,0.2,0.7,,1992
Randy Woods,22,LAC,PG,41,1,4.2,0.6,1.6,0.348,0.1,0.3,0.214,0.5,1.3,0.385,0.371,0.5,0.6,0.731,0.1,0.2,0.3,1.0,0.3,0.0,0.4,0.6,1.7,,1993
Rashad McCants,22,MIN,SG,37,0,15.0,1.7,4.8,0.35,0.5,2.0,0.267,1.1,2.8,0.412,0.407,1.1,1.6,0.69,0.4,0.9,1.3,1.0,0.7,0.2,1.1,1.9,5.0,,2007
Rashad Vaughn,21,BRK,SG,1,0,4.0,0.0,0.0,0.0,0.0,0.0,0.0,0.0,0.0,0.0,0.0,0.0,0.0,0.0,0.0,0.0,0.0,1.0,0.0,0.0,0.0,1.0,0.0,,2018
Rashard Lewis,19,SEA,SF,20,7,7.3,1.0,2.6,0.365,0.1,0.3,0.167,0.9,2.3,0.391,0.375,0.4,0.7,0.571,0.7,0.6,1.3,0.2,0.4,0.1,1.0,1.0,2.4,,1999
Rasheed Wallace,38,NYK,C,21,0,14.1,2.6,6.8,0.387,1.0,3.3,0.319,1.6,3.5,0.452,0.465,0.7,1.0,0.7,0.5,3.4,4.0,0.3,0.6,0.7,0.5,1.9,7.0,,2013
Rasho Nesterović,33,TOR,C,42,8,9.8,1.9,3.5,0.544,0.0,0.0,0.0,1.9,3.5,0.544,0.544,0.0,0.1,0.2,0.9,1.2,2.1,0.6,0.2,0.4,0.4,1.3,3.9,,2010
Rastko Cvetković,25,DEN,C,14,0,3.4,0.4,1.1,0.313,0.0,0.1,0.0,0.4,1.1,0.333,0.313,0.0,0.3,0.0,0.3,0.5,0.8,0.2,0.1,0.1,0.2,0.8,0.7,,1996
Rasual Butler,31,CHI,SG,6,0,4.3,1.0,1.8,0.545,0.7,1.2,0.571,0.3,0.7,0.5,0.727,0.0,0.0,0.0,0.0,0.2,0.2,0.0,0.0,0.0,0.3,0.5,2.7,,2011
Ratko Varda,22,DET,C,1,0,6.0,2.0,3.0,0.667,0.0,0.0,0.0,2.0,3.0,0.667,0.667,1.0,1.0,1.0,0.0,1.0,1.0,0.0,0.0,0.0,1.0,3.0,5.0,,2002
Raul Neto,24,UTA,PG,40,0,8.7,1.0,2.3,0.451,0.3,0.8,0.323,0.8,1.5,0.517,0.505,0.2,0.2,0.889,0.1,0.7,0.8,0.9,0.5,0.1,0.4,1.2,2.5,,2017
Rawle Alkins,21,CHI,SG,10,1,12.0,1.3,3.9,0.333,0.3,1.2,0.25,1.0,2.7,0.37,0.372,0.8,1.2,0.667,1.1,1.5,2.6,1.3,0.1,0.0,0.8,0.7,3.7,,2019
Rawle Marshall,24,IND,SG,40,2,9.0,0.8,2.2,0.36,0.1,0.5,0.222,0.7,1.8,0.394,0.382,0.8,1.1,0.689,0.2,0.5,0.7,0.3,0.3,0.1,0.5,0.6,2.5,,2007
Ray Allen,38,MIA,SG,73,9,26.5,3.3,7.4,0.442,1.6,4.2,0.375,1.7,3.2,0.53,0.549,1.4,1.6,0.905,0.3,2.5,2.8,2.0,0.7,0.1,1.2,1.6,9.6,,2014
Ray McCallum,24,SAS,PG,31,3,8.3,0.9,2.2,0.403,0.2,0.5,0.313,0.7,1.6,0.431,0.44,0.3,0.3,0.9,0.2,0.8,1.0,1.1,0.2,0.1,0.4,0.5,2.2,,2016
Ray Owes,24,GSW,PF,57,1,10.4,1.3,3.2,0.417,0.0,0.1,0.2,1.3,3.1,0.423,0.419,0.5,0.8,0.565,1.1,1.7,2.9,0.3,0.3,0.4,0.4,1.5,3.1,,1997
Ray Spalding,21,DAL,PF,1,0,1.0,0.0,0.0,0.0,0.0,0.0,0.0,0.0,0.0,0.0,0.0,0.0,0.0,0.0,0.0,0.0,0.0,0.0,0.0,0.0,0.0,0.0,0.0,,2019
Rayan Rupert,19,POR,SG,39,12,16.2,1.4,4.1,0.335,0.7,2.0,0.359,0.7,2.1,0.313,0.422,0.5,0.6,0.76,0.6,1.7,2.4,1.6,0.3,0.1,0.8,1.4,4.0,,2024
Rayjon Tucker,24,DEN,SG,3,0,9.7,0.3,0.7,0.5,0.3,0.7,0.5,0.0,0.0,0.0,0.75,1.0,1.3,0.75,0.3,1.0,1.3,1.3,0.3,0.0,0.0,1.0,2.0,,2022
Raymond Felton,30,DAL,PG,29,3,9.7,1.5,3.7,0.406,0.3,1.2,0.294,1.1,2.5,0.458,0.453,0.4,0.5,0.8,0.1,0.8,0.9,1.4,0.4,0.1,0.6,0.6,3.7,,2015
Raül López,24,UTA,PG,31,15,16.7,1.8,4.4,0.422,0.6,1.5,0.444,1.2,2.9,0.411,0.496,0.9,1.1,0.818,0.2,1.0,1.3,4.0,0.7,0.1,1.5,2.5,5.2,,2005
Reece Gaines,25,MIL,PG,12,0,4.5,0.5,1.0,0.5,0.0,0.2,0.0,0.5,0.8,0.6,0.5,0.1,0.3,0.25,0.0,0.0,0.0,0.3,0.1,0.0,0.1,0.1,1.1,,2006
Reggie Bullock,23,PHO,SF,11,0,6.8,0.1,1.5,0.063,0.0,0.6,0.0,0.1,0.8,0.111,0.063,0.2,0.4,0.5,0.1,0.8,0.9,0.2,0.1,0.2,0.2,0.2,0.4,,2015
Reggie Evans,31,LAC,PF,56,0,13.8,0.6,1.3,0.472,0.0,0.0,0.0,0.6,1.3,0.472,0.472,0.6,1.3,0.507,1.8,3.1,4.8,0.3,0.6,0.1,0.8,2.1,1.9,,2012
Reggie Geary,23,CLE,PG,39,0,6.3,0.6,1.5,0.379,0.2,0.5,0.381,0.4,0.9,0.378,0.448,0.1,0.3,0.455,0.1,0.3,0.4,0.9,0.3,0.1,0.4,0.9,1.5,,1997
Reggie Hanson,29,BOS,SF,8,0,3.3,0.4,0.8,0.5,0.0,0.0,0.0,0.4,0.8,0.5,0.5,0.0,0.0,0.0,0.4,0.4,0.8,0.1,0.3,0.1,0.4,1.0,0.8,,1998
Reggie Hearn,26,DET,SG,3,0,2.3,0.3,0.7,0.5,0.3,0.7,0.5,0.0,0.0,0.0,0.75,0.0,0.0,0.0,0.0,0.0,0.0,0.0,0.0,0.0,0.0,0.0,1.0,,2018
Reggie Jackson,21,OKC,PG,45,0,11.1,1.1,3.5,0.321,0.3,1.4,0.21,0.8,2.2,0.392,0.362,0.6,0.6,0.862,0.3,0.9,1.2,1.6,0.6,0.0,0.8,0.7,3.1,,2012
Reggie Jordan,32,WAS,PG,36,0,6.8,0.5,1.5,0.321,0.0,0.0,0.0,0.5,1.4,0.327,0.321,0.2,0.4,0.538,0.4,0.7,1.1,0.9,0.3,0.1,0.5,0.8,1.1,,2000
Reggie Lewis,25,BOS,SG,79,79,36.4,7.6,15.4,0.491,0.0,0.2,0.077,7.6,15.3,0.495,0.491,3.6,4.3,0.826,1.5,3.7,5.2,2.5,1.2,1.1,1.9,3.0,18.7,,1991
Reggie Miller,38,IND,SG,80,80,28.2,3.3,7.4,0.438,1.7,4.2,0.401,1.6,3.3,0.485,0.551,1.8,2.1,0.885,0.2,2.1,2.4,3.1,0.8,0.1,0.9,1.2,10.0,,2004
Reggie Perry,21,IND,PF,1,0,10.0,1.0,1.0,1.0,0.0,0.0,0.0,1.0,1.0,1.0,1.0,0.0,0.0,0.0,0.0,1.0,1.0,0.0,0.0,0.0,0.0,3.0,2.0,,2022
Reggie Slater,31,NJN,PF,4,0,2.5,0.5,0.5,1.0,0.0,0.0,0.0,0.5,0.5,1.0,1.0,0.3,0.3,1.0,0.0,0.5,0.5,0.0,0.0,0.0,0.3,0.3,1.3,,2002
Reggie Smith,22,POR,C,23,0,3.0,0.4,1.2,0.37,0.0,0.0,0.0,0.4,1.1,0.385,0.37,0.1,0.6,0.214,0.7,0.3,0.9,0.0,0.2,0.0,0.2,0.7,1.0,,1993
Reggie Theus,33,NJN,SG,81,81,36.5,7.2,15.4,0.468,0.6,1.8,0.361,6.6,13.6,0.481,0.488,3.6,4.2,0.851,0.9,2.0,2.8,4.7,1.0,0.4,3.1,2.9,18.6,,1991
Reggie Williams,28,SAS,SF,20,0,5.3,0.8,2.0,0.385,0.2,1.0,0.158,0.6,1.0,0.6,0.423,0.2,0.2,1.0,0.3,0.6,0.9,0.5,0.1,0.0,0.1,0.6,1.9,,2015
Renaldo Balkman,26,NYK,SF,3,0,6.0,0.3,1.3,0.25,0.3,0.7,0.5,0.0,0.7,0.0,0.375,0.0,0.0,0.0,0.3,0.7,1.0,0.0,0.3,0.0,0.3,1.3,1.0,,2011
Renaldo Major,24,GSW,PF,1,0,27.0,2.0,10.0,0.2,0.0,0.0,0.0,2.0,10.0,0.2,0.2,1.0,2.0,0.5,0.0,2.0,2.0,0.0,2.0,0.0,1.0,4.0,5.0,,2007
Rex Chapman,32,PHO,SG,53,19,18.1,2.3,6.0,0.388,0.8,2.3,0.333,1.6,3.7,0.421,0.452,1.1,1.5,0.756,0.2,1.3,1.5,1.2,0.4,0.0,0.7,1.3,6.6,,2000
Rex Walters,27,MIA,SG,19,0,5.7,0.7,1.3,0.542,0.2,0.4,0.375,0.5,0.8,0.625,0.604,0.5,0.6,0.818,0.1,0.7,0.8,0.7,0.2,0.1,0.5,0.6,2.0,,1998
Rich King,25,SEA,C,2,0,3.0,0.0,1.0,0.0,0.0,0.0,0.0,0.0,1.0,0.0,0.0,0.0,1.0,0.0,0.0,0.0,0.0,0.0,0.0,0.0,0.0,0.5,0.0,,1995
Rich Manning,26,VAN,PF,16,1,8.0,1.1,3.0,0.375,0.1,0.2,0.667,1.0,2.8,0.356,0.396,0.4,0.5,0.75,0.5,0.9,1.4,0.1,0.2,0.1,0.3,1.1,2.8,,1997
Richard Coffey,25,MIN,SF,52,1,6.2,0.5,1.4,0.373,0.0,0.0,0.0,0.5,1.4,0.378,0.373,0.2,0.4,0.545,0.8,0.7,1.5,0.1,0.1,0.1,0.1,0.9,1.3,,1991
Richard Dumas,25,PHO,SF,15,1,11.1,2.5,4.9,0.507,0.0,0.1,0.0,2.5,4.8,0.514,0.507,0.5,1.1,0.5,1.2,0.7,1.9,0.5,0.7,0.1,0.6,1.5,5.5,,1995
Richard Hamilton,21,WAS,SG,71,12,19.3,3.6,8.5,0.42,0.4,1.1,0.364,3.2,7.4,0.428,0.443,1.5,1.9,0.774,0.5,1.3,1.8,1.5,0.4,0.1,1.2,2.0,9.0,,2000
Richard Jefferson,37,DEN,SF,20,0,8.2,0.6,1.4,0.444,0.1,0.4,0.286,0.5,1.0,0.5,0.481,0.2,0.4,0.571,0.1,0.8,0.9,0.8,0.1,0.1,0.3,0.6,1.5,,2018
Richard Petruška,25,HOU,C,22,0,4.2,0.9,2.1,0.435,0.3,0.7,0.467,0.6,1.4,0.419,0.511,0.3,0.4,0.75,0.4,1.0,1.4,0.0,0.1,0.1,0.7,0.7,2.4,,1994
Richaun Holmes,29,SAC,C,42,1,8.3,1.3,2.1,0.618,0.1,0.2,0.625,1.2,1.9,0.617,0.646,0.4,0.5,0.789,0.7,1.2,1.9,0.2,0.1,0.3,0.3,1.2,3.1,,2023
Richie Frahm,28,MIN,SG,25,0,9.0,1.0,2.6,0.369,0.6,1.9,0.313,0.4,0.7,0.529,0.485,0.1,0.2,0.6,0.1,0.8,0.9,0.6,0.1,0.1,0.2,0.9,2.6,,2006
Rick Brunson,26,NYK,PG,17,0,5.6,0.4,1.2,0.286,0.0,0.3,0.0,0.4,0.9,0.375,0.286,0.3,1.1,0.278,0.2,0.4,0.6,1.1,0.5,0.0,0.7,0.5,1.0,,1999
Rick Calloway,24,SAC,SG,64,0,10.6,1.2,3.0,0.391,0.0,0.0,0.0,1.2,3.0,0.395,0.391,0.9,1.2,0.696,0.4,0.8,1.2,1.0,0.3,0.1,0.8,1.5,3.2,,1991
Rick Fox,34,LAL,SF,38,34,22.3,1.9,4.9,0.392,0.4,1.6,0.246,1.5,3.3,0.464,0.433,0.6,0.8,0.733,0.8,1.9,2.7,2.6,0.8,0.1,1.3,2.6,4.8,,2004
Rick Hughes,26,DAL,PF,21,0,10.7,1.7,3.4,0.486,0.0,0.0,0.0,1.7,3.4,0.493,0.486,0.6,1.2,0.462,1.1,1.2,2.3,0.4,0.1,0.0,0.7,1.4,3.9,,2000
Rick Mahorn,40,PHI,PF,16,0,7.9,0.3,1.1,0.278,0.0,0.0,0.0,0.3,1.1,0.278,0.278,0.2,0.5,0.375,0.4,1.0,1.4,0.1,0.3,0.1,0.4,1.4,0.8,,1999
Rickey Green,37,BOS,PG,26,0,14.1,1.8,4.0,0.447,0.0,0.2,0.25,1.7,3.8,0.455,0.451,0.5,0.7,0.722,0.1,0.8,0.9,2.6,0.7,0.0,0.7,1.1,4.1,,1992
Ricky Blanton,26,CHI,SF,2,0,6.5,1.5,3.5,0.429,0.0,0.0,0.0,1.5,3.5,0.429,0.429,0.0,0.0,0.0,1.0,0.5,1.5,0.5,1.0,0.0,0.5,0.5,3.0,,1993
Ricky Council IV,22,PHI,SG,32,0,9.0,1.7,3.5,0.482,0.4,1.0,0.375,1.3,2.5,0.525,0.536,1.7,2.2,0.746,0.4,1.0,1.4,0.5,0.3,0.0,0.2,0.5,5.4,,2024
Ricky Davis,30,LAC,SF,36,2,13.9,1.7,4.0,0.434,0.4,1.2,0.381,1.3,2.8,0.455,0.49,0.5,0.9,0.581,0.3,1.3,1.6,1.1,0.3,0.1,0.8,1.1,4.4,,2010
Ricky Grace,26,ATL,PG,3,0,2.7,0.7,1.0,0.667,0.0,0.0,0.0,0.7,1.0,0.667,0.667,0.0,0.7,0.0,0.0,0.3,0.3,0.3,0.0,0.0,0.0,1.0,1.3,,1994
Ricky Ledo,22,DAL,SG,5,0,2.2,0.0,1.2,0.0,0.0,0.6,0.0,0.0,0.6,0.0,0.0,0.2,0.4,0.5,0.2,0.2,0.4,0.2,0.0,0.0,0.4,0.2,0.2,,2015
Ricky Pierce,38,MIL,SG,39,0,11.3,1.3,3.7,0.364,0.1,0.3,0.308,1.2,3.3,0.369,0.378,1.1,1.3,0.827,0.5,0.7,1.2,0.9,0.2,0.0,0.5,0.9,3.9,,1998
Ricky Rubio,32,CLE,PG,33,2,17.2,1.8,5.4,0.343,0.6,2.5,0.256,1.2,2.9,0.417,0.402,0.8,1.1,0.8,0.3,1.8,2.1,3.5,0.8,0.2,0.9,1.5,5.2,,2023
Rik Smits,24,IND,C,76,38,22.2,4.5,9.3,0.485,0.0,0.0,0.0,4.5,9.3,0.485,0.485,1.9,2.5,0.762,1.5,3.2,4.7,1.1,0.3,1.5,1.1,3.2,10.9,,1991
Rob Edwards,25,OKC,SG,2,0,5.5,0.5,2.0,0.25,0.5,2.0,0.25,0.0,0.0,0.0,0.375,0.0,0.0,0.0,0.0,1.5,1.5,0.0,0.0,0.0,0.5,0.0,1.5,,2022
Rob Kurz,23,GSW,PF,40,5,11.1,1.3,3.3,0.389,0.4,1.0,0.395,0.9,2.3,0.387,0.447,1.0,1.3,0.8,0.8,1.2,2.0,0.5,0.4,0.5,0.4,2.0,3.9,,2009
Robbie Hummel,24,MIN,SF,53,5,12.4,1.3,3.3,0.379,0.6,1.7,0.36,0.7,1.7,0.398,0.469,0.3,0.3,0.938,0.7,1.8,2.5,0.4,0.3,0.0,0.2,1.1,3.4,,2014
Robert Archibald,23,3TM,PF,32,3,8.0,0.3,1.0,0.273,0.0,0.0,0.0,0.3,1.0,0.273,0.273,0.4,1.0,0.452,0.7,1.0,1.6,0.4,0.4,0.1,0.3,1.6,1.0,,2004
Robert Churchwell,23,GSW,SG,4,0,5.0,0.8,2.0,0.375,0.0,0.0,0.0,0.8,2.0,0.375,0.375,0.0,0.0,0.0,0.0,0.8,0.8,0.3,0.0,0.0,0.5,0.3,1.5,,1996
Robert Covington,23,HOU,SF,7,0,4.9,0.9,2.0,0.429,0.6,1.6,0.364,0.3,0.4,0.667,0.571,0.0,0.0,0.0,0.3,0.4,0.7,0.0,0.3,0.0,0.1,0.4,2.3,,2014
Robert Franks,24,ORL,PF,7,0,14.4,1.9,4.0,0.464,0.7,2.1,0.333,1.1,1.9,0.615,0.554,1.7,1.9,0.923,0.9,1.1,2.0,0.7,0.4,0.4,0.3,1.1,6.1,,2021
Robert Hite,23,MIA,SG,12,0,11.3,1.6,5.0,0.317,0.4,1.9,0.217,1.2,3.1,0.378,0.358,0.7,1.0,0.667,0.3,1.0,1.3,0.7,0.3,0.2,0.5,0.7,4.3,,2007
Robert Horry,37,SAS,PF,45,5,13.0,0.8,2.6,0.319,0.4,1.6,0.257,0.4,1.1,0.408,0.395,0.4,0.6,0.643,0.8,1.6,2.4,1.0,0.5,0.4,0.5,1.2,2.5,,2008
Robert Pack,34,NJN,PG,26,0,8.5,0.8,2.0,0.423,0.0,0.0,0.0,0.8,2.0,0.423,0.423,0.2,0.2,0.833,0.2,0.5,0.7,1.0,0.5,0.0,0.6,0.8,1.9,,2004
Robert Parish,43,CHI,C,43,3,9.4,1.6,3.3,0.49,0.0,0.0,0.0,1.6,3.3,0.49,0.49,0.5,0.7,0.677,1.0,1.1,2.1,0.5,0.1,0.4,0.7,0.9,3.7,,1997
Robert Reid,35,PHI,SF,3,0,12.3,0.7,4.7,0.143,0.0,0.0,0.0,0.7,4.7,0.143,0.143,0.0,0.0,0.0,0.7,2.3,3.0,1.3,0.3,1.0,1.0,1.0,1.3,,1991
Robert Sacre,23,LAL,C,32,3,6.3,0.6,1.5,0.375,0.0,0.0,0.0,0.6,1.5,0.375,0.375,0.2,0.3,0.636,0.3,0.8,1.1,0.2,0.0,0.3,0.3,1.2,1.3,,2013
Robert Swift,19,SEA,C,16,0,4.5,0.3,0.7,0.455,0.0,0.0,0.0,0.3,0.7,0.455,0.455,0.3,0.6,0.556,0.1,0.3,0.3,0.1,0.1,0.4,0.3,1.0,0.9,,2005
Robert Traylor,22,MIL,PF,44,16,10.2,1.3,2.8,0.475,0.0,0.1,0.0,1.3,2.7,0.492,0.475,0.9,1.5,0.603,1.1,1.5,2.6,0.5,0.6,0.6,0.6,1.8,3.6,,2000
Robert Werdann,26,NJN,C,6,0,5.2,0.5,1.2,0.429,0.0,0.0,0.0,0.5,1.2,0.429,0.429,0.5,0.5,1.0,0.5,0.5,1.0,0.0,0.3,0.2,0.3,1.7,1.5,,1997
Robert Whaley,23,UTA,C,23,0,9.2,1.0,2.5,0.404,0.0,0.0,0.0,1.0,2.5,0.404,0.404,0.1,0.3,0.5,0.7,1.2,1.9,0.7,0.3,0.3,0.6,1.8,2.1,,2006
Robert Williams,21,BOS,C,32,2,8.8,1.1,1.6,0.706,0.0,0.0,0.0,1.1,1.6,0.706,0.706,0.3,0.5,0.6,0.8,1.7,2.5,0.2,0.3,1.3,0.3,1.1,2.5,,2019
Robert Woodard II,22,SAC,SF,12,0,3.5,0.2,1.3,0.125,0.1,0.3,0.25,0.1,1.0,0.083,0.156,0.2,0.2,1.0,0.4,0.5,0.9,0.3,0.1,0.1,0.1,0.3,0.6,,2022
Robin Lopez,35,MIL,C,16,2,4.1,0.4,1.2,0.368,0.1,0.5,0.25,0.3,0.7,0.455,0.421,0.1,0.1,1.0,0.2,0.1,0.3,0.3,0.1,0.2,0.1,0.4,1.1,,2024
Rod Higgins,35,GSW,SF,5,2,9.2,0.6,2.4,0.25,0.2,1.2,0.167,0.4,1.2,0.333,0.292,0.6,0.8,0.75,0.8,0.6,1.4,0.6,0.2,0.2,0.2,1.4,2.0,,1995
Rod Strickland,38,HOU,PG,16,2,12.3,0.6,2.7,0.209,0.1,0.1,0.5,0.5,2.6,0.195,0.221,0.6,0.6,0.9,0.2,1.5,1.7,2.4,0.2,0.1,1.0,0.9,1.8,,2005
Rodions Kurucs,22,BRK,PF,5,0,3.2,0.2,0.6,0.333,0.2,0.4,0.5,0.0,0.2,0.0,0.5,0.0,0.0,0.0,0.0,0.6,0.6,0.4,0.0,0.0,0.0,0.2,0.6,,2021
Rodney Buford,26,SAC,SF,22,0,6.4,0.9,2.5,0.339,0.0,0.1,0.0,0.9,2.5,0.352,0.339,0.1,0.3,0.5,0.3,0.4,0.7,0.3,0.3,0.0,0.2,0.4,1.9,,2004
Rodney Carney,26,MEM,SF,2,0,2.5,0.5,1.5,0.333,0.0,0.5,0.0,0.5,1.0,0.5,0.333,0.0,0.0,0.0,0.5,0.0,0.5,0.0,0.5,0.0,0.0,0.0,1.0,,2011
Rodney Hood,29,LAC,SF,13,0,9.8,0.9,2.0,0.462,0.5,0.8,0.545,0.5,1.2,0.4,0.577,0.3,0.4,0.8,0.2,0.6,0.8,0.6,0.2,0.2,0.3,0.3,2.6,,2022
Rodney McCray,31,CHI,SF,64,5,15.9,1.4,3.2,0.451,0.0,0.1,0.4,1.4,3.1,0.452,0.456,0.6,0.8,0.692,0.8,1.6,2.5,1.3,0.2,0.2,0.8,1.5,3.5,,1993
Rodney McGruder,28,LAC,SG,56,4,15.6,1.3,3.2,0.398,0.4,1.6,0.27,0.9,1.6,0.522,0.464,0.3,0.6,0.559,0.5,2.2,2.7,0.6,0.5,0.1,0.4,1.3,3.3,,2020
Rodney Monroe,23,ATL,SG,38,0,8.2,1.4,3.8,0.368,0.2,0.7,0.222,1.2,3.1,0.402,0.389,0.5,0.6,0.826,0.3,0.6,0.9,0.7,0.3,0.1,0.6,0.5,3.4,,1992
Rodney Purvis,23,ORL,SG,16,2,18.1,2.2,6.7,0.327,0.8,3.3,0.25,1.4,3.4,0.4,0.388,0.8,0.9,0.867,0.1,1.6,1.7,1.1,0.2,0.2,0.6,1.6,6.0,,2018
Rodney Rogers,33,PHI,PF,28,7,17.3,2.3,5.8,0.391,0.8,2.7,0.303,1.4,3.0,0.471,0.463,0.7,1.0,0.714,1.2,2.5,3.7,0.9,0.8,0.3,0.7,2.5,6.0,,2005
Rodney Stuckey,30,IND,PG,39,0,17.8,2.3,6.3,0.373,0.5,1.5,0.317,1.8,4.7,0.391,0.412,2.1,2.7,0.748,0.2,2.0,2.2,2.2,0.4,0.0,1.4,1.1,7.2,,2017
Rodney White,21,DET,SF,16,0,8.1,1.3,3.8,0.35,0.1,0.6,0.222,1.2,3.2,0.373,0.367,0.8,0.9,0.857,0.1,1.0,1.1,0.8,0.6,0.1,0.9,0.4,3.5,,2002
Rodrick Rhodes,26,DAL,SF,1,0,8.0,0.0,3.0,0.0,0.0,0.0,0.0,0.0,3.0,0.0,0.0,0.0,0.0,0.0,1.0,0.0,1.0,0.0,2.0,0.0,2.0,0.0,0.0,,2000
Rodrigue Beaubois,24,DAL,PG,45,0,12.2,1.4,3.9,0.369,0.5,1.6,0.292,1.0,2.3,0.423,0.429,0.7,0.8,0.789,0.2,1.1,1.3,1.9,0.4,0.1,0.7,1.2,4.0,,2013
Roger Mason,23,CHI,SG,3,0,14.3,0.3,3.7,0.091,0.3,2.0,0.167,0.0,1.7,0.0,0.136,0.0,0.0,0.0,0.0,1.0,1.0,1.0,0.3,0.0,0.7,1.7,1.0,,2004
Roger Powell,24,UTA,SF,3,0,4.3,0.0,1.0,0.0,0.0,0.3,0.0,0.0,0.7,0.0,0.0,0.7,0.7,1.0,1.0,0.0,1.0,0.0,0.0,0.0,1.0,0.7,0.7,,2007
Roko Ukić,25,MIL,PG,13,0,7.5,1.1,2.3,0.467,0.2,0.9,0.25,0.8,1.4,0.611,0.517,0.7,0.8,0.818,0.0,0.2,0.2,0.9,0.1,0.0,0.5,0.5,3.1,,2010
Rolando Blackman,34,NYK,SG,55,1,17.6,2.9,6.7,0.436,0.5,1.5,0.357,2.4,5.2,0.46,0.477,0.9,1.0,0.906,0.4,1.3,1.7,1.4,0.5,0.1,0.8,1.8,7.3,,1994
Romeo Langford,20,BOS,SG,32,2,11.6,0.9,2.5,0.35,0.2,0.8,0.185,0.7,1.7,0.434,0.381,0.6,0.8,0.72,0.5,0.8,1.3,0.4,0.3,0.3,0.3,1.0,2.5,,2020
Ron Anderson,35,NJN,SF,11,2,16.0,1.4,3.9,0.349,0.4,1.1,0.333,1.0,2.8,0.355,0.395,0.9,1.1,0.833,0.7,1.6,2.4,0.5,0.5,0.2,0.1,0.8,4.0,,1994
Ron Baker,25,WAS,SG,4,0,11.3,0.0,1.0,0.0,0.0,1.0,0.0,0.0,0.0,0.0,0.0,0.0,0.0,0.0,0.0,1.0,1.0,0.5,0.3,0.3,0.5,0.5,0.0,,2019
Ron Grandison,30,NYK,PF,2,0,4.0,0.5,2.0,0.25,0.0,0.0,0.0,0.5,2.0,0.25,0.25,0.0,0.0,0.0,1.5,1.0,2.5,1.0,0.0,0.0,0.0,1.0,1.0,,1995
Ron Harper,33,CHI,PG,76,74,22.9,2.3,5.3,0.436,0.9,2.5,0.362,1.4,2.9,0.5,0.52,0.8,1.1,0.707,0.6,1.9,2.5,2.5,1.1,0.5,0.7,1.8,6.3,,1997
Ron Harper Jr.,23,TOR,PF,1,0,4.0,0.0,0.0,0.0,0.0,0.0,0.0,0.0,0.0,0.0,0.0,0.0,0.0,0.0,0.0,0.0,0.0,1.0,0.0,0.0,0.0,2.0,0.0,,2024
Ron Mercer,25,IND,SG,13,1,16.4,1.9,5.2,0.373,0.1,0.4,0.2,1.8,4.8,0.387,0.381,0.8,0.8,1.0,0.5,1.3,1.8,0.8,0.2,0.2,0.7,1.7,4.8,,2002
Ronald Dupree,27,DET,SF,1,0,3.0,0.0,0.0,0.0,0.0,0.0,0.0,0.0,0.0,0.0,0.0,0.0,0.0,0.0,0.0,0.0,0.0,0.0,0.0,0.0,0.0,0.0,0.0,,2008
Ronald Murray,23,2TM,SG,14,0,4.4,0.8,2.2,0.355,0.0,0.4,0.0,0.8,1.9,0.423,0.355,0.4,0.6,0.625,0.0,0.3,0.3,0.4,0.3,0.0,0.6,0.0,1.9,,2003
Rondae Hollis-Jefferson,26,POR,PF,11,1,9.7,0.8,1.6,0.5,0.0,0.1,0.0,0.8,1.5,0.529,0.5,0.8,1.5,0.563,1.0,1.4,2.4,1.2,0.2,0.4,0.2,1.4,2.5,,2021
Ronnie Brewer,28,CHI,SF,1,0,2.0,0.0,0.0,0.0,0.0,0.0,0.0,0.0,0.0,0.0,0.0,0.0,0.0,0.0,0.0,0.0,0.0,0.0,0.0,0.0,0.0,0.0,0.0,,2014
Ronnie Price,33,PHO,PG,14,0,9.6,0.3,1.7,0.167,0.2,1.2,0.176,0.1,0.5,0.143,0.229,0.2,0.3,0.75,0.2,0.6,0.8,1.3,0.8,0.1,0.2,1.0,1.0,,2017
Ronny Turiaf,32,MIN,C,2,0,9.5,0.0,0.0,0.0,0.0,0.0,0.0,0.0,0.0,0.0,0.0,0.0,0.0,0.0,0.0,0.5,0.5,1.0,0.0,0.0,0.0,0.0,0.0,,2015
Rony Seikaly,33,NJN,C,9,0,9.8,0.4,2.2,0.2,0.0,0.0,0.0,0.4,2.2,0.2,0.2,0.8,2.0,0.389,0.6,1.8,2.3,0.2,0.4,0.7,1.1,1.7,1.7,,1999
Rory Sparrow,33,CHI,PG,4,0,4.5,0.3,2.0,0.125,0.3,0.5,0.5,0.0,1.5,0.0,0.188,0.0,0.0,0.0,0.0,0.3,0.3,1.0,0.0,0.0,0.5,0.5,0.8,,1992
Roshown McLeod,25,PHI,SF,1,0,15.0,1.0,2.0,0.5,0.0,1.0,0.0,1.0,1.0,1.0,0.5,0.0,0.0,0.0,1.0,1.0,2.0,0.0,0.0,0.0,1.0,2.0,2.0,,2001
Roy Hibbert,30,DEN,C,6,0,1.8,0.3,0.5,0.667,0.0,0.0,0.0,0.3,0.5,0.667,0.667,0.0,0.0,0.0,0.2,0.2,0.3,0.2,0.0,0.3,0.2,0.5,0.7,,2017
Roy Hinson,29,NJN,PF,9,0,10.1,2.2,4.3,0.513,0.0,0.0,0.0,2.2,4.3,0.513,0.513,0.1,0.3,0.333,0.7,1.4,2.1,0.4,0.0,0.3,0.7,1.6,4.6,,1991
Roy Marble,27,DEN,SF,5,0,6.4,0.4,2.4,0.167,0.0,0.0,0.0,0.4,2.4,0.167,0.167,0.0,0.6,0.0,0.6,1.0,1.6,0.2,0.0,0.4,0.6,0.2,0.8,,1994
Roy Rogers,24,BOS,PF,9,0,4.1,0.3,0.9,0.375,0.0,0.0,0.0,0.3,0.9,0.375,0.375,0.1,0.2,0.5,0.0,0.6,0.6,0.1,0.2,0.4,0.1,0.7,0.8,,1998
Roy Tarpley,30,DAL,C,55,1,24.6,5.3,11.1,0.479,0.1,0.3,0.278,5.2,10.8,0.485,0.483,1.9,2.2,0.836,2.6,5.6,8.2,1.1,0.8,1.0,2.0,2.8,12.6,,1995
Royal Ivey,32,OKC,SG,2,0,2.5,0.0,1.0,0.0,0.0,0.5,0.0,0.0,0.5,0.0,0.0,0.0,0.0,0.0,0.0,0.5,0.5,0.0,0.0,0.0,0.0,0.5,0.0,,2014
Royce O'Neale,24,UTA,SF,69,4,16.7,1.7,4.1,0.423,0.6,1.7,0.356,1.1,2.4,0.47,0.496,0.9,1.1,0.803,0.4,3.1,3.4,1.4,0.5,0.2,0.8,1.5,5.0,,2018
Royce White,22,SAC,PF,3,0,3.0,0.0,0.3,0.0,0.0,0.0,0.0,0.0,0.3,0.0,0.0,0.0,0.0,0.0,0.0,0.0,0.0,0.0,0.0,0.0,0.0,0.7,0.0,,2014
Ruben Boumtje-Boumtje,24,POR,C,2,0,2.5,0.0,0.5,0.0,0.0,0.0,0.0,0.0,0.5,0.0,0.0,0.0,0.0,0.0,0.5,0.0,0.5,0.5,0.5,0.0,0.0,0.0,0.0,,2003
Ruben Nembhard,24,2TM,PG,10,0,11.3,1.6,3.7,0.432,0.0,0.6,0.0,1.6,3.1,0.516,0.432,0.8,1.0,0.8,0.3,0.5,0.8,1.7,0.9,0.0,0.8,1.2,4.0,,1997
Ruben Patterson,23,LAL,SF,24,2,6.0,0.9,2.1,0.412,0.0,0.3,0.167,0.8,1.9,0.444,0.422,0.9,1.3,0.71,0.7,0.5,1.3,0.1,0.2,0.1,0.5,0.7,2.7,,1999
Rubén Garcés,27,GSW,PF,3,0,3.7,0.0,2.3,0.0,0.0,0.0,0.0,0.0,2.3,0.0,0.0,0.0,0.0,0.0,1.3,1.0,2.3,0.3,0.3,0.3,0.0,0.0,0.0,,2001
Rubén Wolkowyski,29,BOS,PF,7,0,3.4,0.3,0.6,0.5,0.0,0.1,0.0,0.3,0.4,0.667,0.5,0.1,0.6,0.25,0.0,0.1,0.1,0.1,0.0,0.0,0.1,0.4,0.7,,2003
Rudy Fernández,24,POR,SG,62,2,23.2,2.6,6.8,0.378,1.6,4.3,0.368,1.0,2.5,0.395,0.494,1.4,1.6,0.867,0.6,2.1,2.6,2.0,1.0,0.2,1.2,1.4,8.1,,2010
Rudy Gay,36,UTA,PF,56,0,14.6,1.9,5.1,0.38,0.6,2.3,0.254,1.4,2.8,0.484,0.437,0.8,0.9,0.857,0.6,2.3,2.9,1.0,0.3,0.3,0.7,1.2,5.2,,2023
Rudy Gobert,21,UTA,C,45,0,9.6,0.8,1.6,0.486,0.0,0.0,0.0,0.8,1.6,0.486,0.486,0.7,1.4,0.492,1.1,2.3,3.4,0.2,0.2,0.9,0.7,1.3,2.3,,2014
Rui Hachimura,24,LAL,PF,33,9,22.4,3.8,7.9,0.485,0.6,2.2,0.296,3.2,5.7,0.556,0.525,1.3,1.8,0.721,1.0,3.7,4.7,0.7,0.2,0.4,0.5,1.0,9.6,,2023
Rumeal Robinson,27,CHH,PG,14,0,6.8,0.9,2.4,0.394,0.1,0.4,0.2,0.9,2.0,0.429,0.409,0.2,0.6,0.333,0.1,0.4,0.6,1.3,0.2,0.0,1.3,1.1,2.1,,1994
Russ Smith,23,NOP,PG,6,0,4.8,0.3,1.7,0.2,0.2,1.0,0.167,0.2,0.7,0.25,0.25,0.0,0.0,0.0,0.0,0.5,0.5,0.3,0.0,0.0,1.2,1.0,0.8,,2015
Russell Westbrook,35,LAC,PG,68,11,22.5,4.4,9.8,0.454,0.6,2.3,0.273,3.8,7.5,0.509,0.486,1.6,2.4,0.688,1.4,3.7,5.0,4.5,1.1,0.3,2.1,1.8,11.1,6MOY-7,2024
Rusty LaRue,30,GSW,PG,4,0,5.5,0.3,0.8,0.333,0.3,0.3,1.0,0.0,0.5,0.0,0.5,0.3,0.5,0.5,0.0,0.8,0.8,0.5,0.5,0.0,1.0,0.5,1.0,,2004
Ryan Anderson,30,MIA,PF,10,0,4.4,0.2,0.9,0.222,0.2,0.6,0.333,0.0,0.3,0.0,0.333,0.1,0.2,0.5,0.4,0.5,0.9,0.2,0.1,0.0,0.2,0.2,0.7,,2019
Ryan Arcidiacono,29,NYK,PG,20,0,2.3,0.0,0.3,0.0,0.0,0.3,0.0,0.0,0.0,0.0,0.0,0.0,0.0,0.0,0.0,0.4,0.4,0.2,0.1,0.0,0.1,0.3,0.0,,2024
Ryan Bowen,28,DEN,PF,52,1,7.5,0.3,1.0,0.34,0.0,0.0,0.0,0.3,1.0,0.34,0.34,0.2,0.2,0.833,0.8,0.9,1.7,0.3,0.3,0.3,0.1,0.9,0.9,,2004
Ryan Broekhoff,28,DAL,SG,42,0,10.8,1.4,3.0,0.452,0.9,2.2,0.409,0.5,0.8,0.576,0.603,0.4,0.5,0.789,0.2,1.3,1.5,0.5,0.1,0.1,0.4,0.8,4.0,,2019
Ryan Gomes,31,OKC,SF,5,0,6.8,0.6,1.6,0.375,0.0,0.4,0.0,0.6,1.2,0.5,0.375,0.0,0.0,0.0,0.0,0.8,0.8,0.2,0.0,0.0,0.2,1.0,1.2,,2014
Ryan Hollins,31,WAS,C,5,3,9.6,0.8,1.4,0.571,0.0,0.0,0.0,0.8,1.4,0.571,0.571,0.0,0.0,0.0,1.4,0.8,2.2,0.0,0.0,0.2,0.6,0.8,1.6,,2016
Ryan Humphrey,24,MEM,PF,2,0,5.5,0.5,2.0,0.25,0.0,0.5,0.0,0.5,1.5,0.333,0.25,0.0,0.0,0.0,1.0,0.5,1.5,0.5,0.5,0.0,1.0,1.5,1.0,,2004
Ryan Kelly,25,ATL,PF,16,0,6.9,0.5,1.8,0.286,0.3,0.6,0.4,0.3,1.1,0.222,0.357,0.3,0.4,0.833,0.1,1.1,1.1,0.5,0.3,0.3,0.3,0.3,1.6,,2017
Ryan Lorthridge,22,GSW,SG,37,2,18.2,2.9,6.0,0.475,0.1,0.4,0.214,2.8,5.6,0.493,0.482,1.5,2.4,0.648,0.6,1.3,1.9,2.7,0.8,0.0,1.5,1.1,7.4,,1995
Ryan Reid,25,OKC,PF,5,0,3.4,0.8,1.0,0.8,0.0,0.0,0.0,0.8,1.0,0.8,0.8,0.0,0.0,0.0,0.2,0.2,0.4,0.0,0.0,0.0,0.2,0.2,1.6,,2012
Ryan Robertson,23,SAC,SG,1,0,25.0,2.0,6.0,0.333,0.0,2.0,0.0,2.0,4.0,0.5,0.333,1.0,1.0,1.0,0.0,0.0,0.0,0.0,0.0,0.0,0.0,0.0,5.0,,2000
Ryan Rollins,21,MIL,PG,3,0,4.0,0.3,0.7,0.5,0.3,0.3,1.0,0.0,0.3,0.0,0.75,0.0,0.0,0.0,0.0,0.7,0.7,1.0,0.7,0.0,0.3,0.3,1.0,,2024
Ryan Stack,24,CLE,PF,25,0,7.9,0.7,2.0,0.333,0.0,0.0,0.0,0.7,2.0,0.34,0.333,0.7,1.1,0.667,0.6,1.2,1.8,0.2,0.2,0.4,0.7,1.9,2.1,,2000
Saben Lee,23,PHI,PG,2,0,5.0,1.5,2.0,0.75,0.0,0.5,0.0,1.5,1.5,1.0,0.75,0.0,0.0,0.0,0.0,0.0,0.0,1.0,0.5,0.0,1.5,0.5,3.0,,2023
Saddiq Bey,23,ATL,SF,25,7,25.2,4.3,9.2,0.47,2.0,5.0,0.4,2.3,4.2,0.552,0.578,1.0,1.2,0.862,1.6,3.2,4.8,1.4,0.8,0.0,0.7,1.5,11.6,,2023
Salah Mejri,30,DAL,C,73,11,12.4,1.2,1.9,0.642,0.0,0.0,0.333,1.2,1.8,0.649,0.646,0.5,0.8,0.59,1.3,2.9,4.2,0.2,0.4,0.8,0.5,2.1,2.9,,2017
Salim Stoudamire,25,ATL,PG,35,0,11.5,1.9,5.1,0.361,0.8,2.4,0.341,1.0,2.7,0.379,0.442,1.2,1.4,0.82,0.1,0.6,0.7,0.8,0.2,0.1,0.6,1.0,5.7,,2008
Sam Bowie,33,LAL,C,67,10,18.3,1.8,4.0,0.442,0.0,0.2,0.182,1.7,3.8,0.453,0.446,1.0,1.3,0.764,1.1,3.2,4.3,1.8,0.3,1.2,1.4,2.7,4.6,,1995
Sam Cassell,24,HOU,PG,66,6,17.0,2.5,5.9,0.418,0.4,1.3,0.295,2.1,4.5,0.453,0.451,1.4,1.6,0.841,0.4,1.7,2.0,2.9,0.9,0.1,1.4,2.1,6.7,,1994
Sam Dekker,21,HOU,PF,3,0,2.0,0.0,0.0,0.0,0.0,0.0,0.0,0.0,0.0,0.0,0.0,0.0,0.0,0.0,0.0,0.3,0.3,0.0,0.3,0.0,0.0,0.0,0.0,,2016
Sam Hauser,24,BOS,SF,26,0,6.1,0.9,1.9,0.46,0.7,1.7,0.432,0.2,0.2,0.667,0.65,0.0,0.0,0.0,0.2,0.9,1.1,0.4,0.0,0.1,0.1,0.3,2.5,,2022
Sam Jacobson,25,MIN,PG,14,0,4.2,0.6,1.3,0.5,0.0,0.0,0.0,0.6,1.3,0.5,0.5,0.1,0.2,0.667,0.2,0.2,0.4,0.3,0.2,0.0,0.0,1.4,1.4,,2001
Sam Mack,31,MIA,SF,12,1,13.3,1.2,4.1,0.286,0.6,2.3,0.25,0.6,1.8,0.333,0.357,0.4,0.6,0.714,0.2,1.0,1.2,0.3,0.4,0.1,0.6,1.4,3.3,,2002
Sam Merrill,24,MIL,SG,30,2,7.8,1.1,2.4,0.444,0.7,1.6,0.447,0.4,0.8,0.44,0.59,0.1,0.1,1.0,0.2,0.8,1.0,0.7,0.3,0.0,0.3,0.6,3.0,,2021
Sam Mitchell,38,MIN,SF,74,10,9.8,1.3,3.1,0.432,0.1,0.5,0.286,1.2,2.6,0.458,0.454,0.5,0.7,0.776,0.2,0.9,1.1,0.6,0.2,0.1,0.4,1.1,3.3,,2002
Sam Perkins,39,IND,PF,64,41,15.6,1.3,3.5,0.381,0.6,1.7,0.345,0.8,1.8,0.414,0.465,0.5,0.6,0.842,0.5,2.1,2.6,0.6,0.5,0.3,0.3,1.0,3.8,,2001
Sam Vincent,27,ORL,PG,49,17,19.9,3.1,7.2,0.431,0.1,0.4,0.158,3.0,6.8,0.446,0.435,2.0,2.4,0.825,0.3,1.8,2.2,4.0,0.6,0.1,1.9,1.5,8.3,,1991
Sam Young,27,IND,SG,56,3,12.4,1.0,2.6,0.392,0.3,0.9,0.308,0.8,1.7,0.438,0.446,0.4,0.8,0.535,0.5,1.7,2.2,0.8,0.3,0.1,0.6,1.1,2.8,,2013
Samaki Walker,29,IND,PF,7,0,3.1,0.0,0.3,0.0,0.0,0.0,0.0,0.0,0.3,0.0,0.0,0.3,0.3,1.0,0.0,0.4,0.4,0.0,0.0,0.1,0.3,1.0,0.3,,2006
Samardo Samuels,24,CLE,C,18,1,10.9,1.2,3.3,0.367,0.0,0.1,0.0,1.2,3.3,0.373,0.367,0.8,1.3,0.583,0.6,1.0,1.6,0.4,0.2,0.2,0.3,1.7,3.2,,2013
Samuel Dalembert,20,PHI,C,34,0,5.2,0.6,1.5,0.44,0.0,0.0,0.0,0.6,1.5,0.44,0.44,0.2,0.5,0.389,0.7,1.3,2.0,0.1,0.2,0.4,0.4,0.9,1.5,,2002
Sandro Mamukelashvili,23,MIL,C,24,0,9.0,0.8,2.4,0.328,0.3,1.3,0.219,0.5,1.1,0.462,0.388,0.5,0.8,0.667,0.8,1.6,2.3,0.7,0.2,0.2,0.4,0.8,2.4,,2023
Santi Aldama,21,MEM,PF,32,0,11.3,1.7,4.1,0.402,0.2,1.5,0.125,1.5,2.6,0.56,0.424,0.6,1.0,0.625,1.0,1.7,2.7,0.7,0.2,0.3,0.5,1.1,4.1,,2022
Sasha Danilović,26,MIA,SG,43,33,31.4,4.1,9.2,0.442,1.5,4.1,0.358,2.6,5.1,0.509,0.521,1.7,2.2,0.777,0.5,1.9,2.4,1.8,0.9,0.2,2.2,2.9,11.3,,1997
Sasha Kaun,30,CLE,C,25,0,3.8,0.4,0.7,0.529,0.0,0.0,0.0,0.4,0.7,0.529,0.529,0.2,0.4,0.455,0.5,0.6,1.0,0.1,0.2,0.2,0.3,0.4,0.9,,2016
Sasha Pavlović,27,NOH,SG,4,1,12.5,0.5,2.8,0.182,0.0,1.3,0.0,0.5,1.5,0.333,0.182,0.0,0.0,0.0,0.0,1.5,1.5,1.5,0.0,1.0,0.3,1.0,1.0,,2011
Sasha Vezenkov,28,SAC,PF,42,0,12.2,2.0,4.5,0.44,1.1,2.9,0.375,0.9,1.7,0.549,0.558,0.3,0.4,0.8,0.7,1.6,2.3,0.5,0.5,0.2,0.3,1.0,5.4,,2024
Sasha Vujačić,26,LAL,SG,11,0,4.9,0.7,2.1,0.348,0.3,0.6,0.429,0.5,1.5,0.313,0.413,0.1,0.2,0.5,0.1,0.3,0.4,0.5,0.1,0.0,0.5,0.6,1.8,,2011
Scoot Henderson,19,POR,PG,62,32,28.5,5.0,12.9,0.385,1.4,4.3,0.325,3.5,8.5,0.416,0.44,2.7,3.3,0.819,0.9,2.3,3.1,5.4,0.8,0.2,3.4,3.1,14.0,,2024
Scot Pollard,31,CLE,C,24,0,4.5,0.5,1.1,0.423,0.0,0.0,0.0,0.5,1.1,0.423,0.423,0.1,0.2,0.5,0.6,0.7,1.3,0.1,0.2,0.0,0.2,1.1,1.0,,2007
Scott Brooks,31,NYK,PG,38,0,6.6,0.5,1.0,0.487,0.1,0.3,0.417,0.4,0.7,0.519,0.551,0.4,0.4,0.933,0.2,0.3,0.5,0.8,0.6,0.0,0.4,0.9,1.5,,1997
Scott Burrell,30,CHH,SF,4,0,10.3,1.8,3.8,0.467,0.5,1.5,0.333,1.3,2.3,0.556,0.533,0.3,1.0,0.25,0.3,0.5,0.8,0.3,0.8,0.0,0.0,2.0,4.3,,2001
Scott Haffner,24,CHH,PG,7,0,7.1,1.1,3.0,0.381,0.0,0.3,0.0,1.1,2.7,0.421,0.381,0.1,0.3,0.5,0.3,0.3,0.6,1.3,0.4,0.1,0.6,0.6,2.4,,1991
Scott Haskin,23,IND,C,27,2,6.9,0.8,1.7,0.467,0.0,0.0,0.0,0.8,1.7,0.467,0.467,0.5,0.7,0.684,0.6,1.4,2.0,0.2,0.1,0.6,0.5,1.2,2.0,,1994
Scott Hastings,31,DEN,C,40,4,10.5,0.4,1.3,0.34,0.0,0.2,0.0,0.4,1.0,0.415,0.34,0.6,0.7,0.857,0.8,1.7,2.5,0.7,0.3,0.4,0.6,1.4,1.5,,1992
Scott Machado,22,HOU,PG,6,0,3.5,0.5,1.0,0.5,0.0,0.2,0.0,0.5,0.8,0.6,0.5,0.3,0.3,1.0,0.0,0.2,0.2,1.0,0.3,0.0,1.3,0.0,1.3,,2013
Scott Meents,27,SEA,PF,13,0,4.1,0.5,2.2,0.25,0.1,0.1,1.0,0.5,2.1,0.222,0.268,0.2,0.3,0.5,0.2,0.5,0.8,0.6,0.5,0.3,0.5,0.4,1.3,,1991
Scott Padgett,30,MEM,PF,7,0,4.7,0.1,1.0,0.143,0.0,0.6,0.0,0.1,0.4,0.333,0.143,0.0,0.3,0.0,0.7,0.6,1.3,0.0,0.1,0.0,0.1,0.3,0.3,,2007
Scott Skiles,31,PHI,PG,10,9,23.6,2.0,5.7,0.351,1.5,3.4,0.441,0.5,2.3,0.217,0.482,0.8,1.0,0.8,0.1,1.5,1.6,3.8,0.7,0.0,1.6,2.1,6.3,,1996
Scott Williams,30,PHI,C,2,0,8.5,0.0,1.0,0.0,0.0,0.0,0.0,0.0,1.0,0.0,0.0,0.0,0.0,0.0,0.5,0.5,1.0,0.5,1.0,0.5,1.0,2.0,0.0,,1999
Scottie Barnes,20,TOR,PF,74,74,35.4,6.2,12.6,0.492,0.8,2.6,0.301,5.4,10.0,0.543,0.524,2.1,2.9,0.735,2.6,4.9,7.5,3.5,1.1,0.7,1.8,2.6,15.3,ROY-1,2022
Scottie Lewis,21,CHO,SG,2,0,3.5,0.0,0.0,0.0,0.0,0.0,0.0,0.0,0.0,0.0,0.0,0.5,1.0,0.5,0.0,0.0,0.0,0.5,0.5,0.0,0.0,0.0,0.5,,2022
Scottie Pippen,38,CHI,SF,23,6,17.9,2.3,6.1,0.379,0.6,2.1,0.271,1.7,4.0,0.435,0.425,0.7,1.2,0.63,0.9,2.1,3.0,2.2,0.9,0.4,1.3,1.7,5.9,,2004
Scotty Hopson,24,CLE,SG,2,0,3.5,0.0,2.0,0.0,0.0,1.0,0.0,0.0,1.0,0.0,0.0,0.5,1.0,0.5,0.0,0.0,0.0,0.5,0.5,0.0,0.0,0.0,0.5,,2014
Scotty Pippen Jr.,22,LAL,PG,6,0,5.3,0.7,2.0,0.333,0.2,0.5,0.333,0.5,1.5,0.333,0.375,0.8,1.5,0.556,0.3,0.3,0.7,0.3,0.3,0.2,0.3,0.5,2.3,,2023
Sean Colson,25,ATL,PG,3,0,4.7,0.0,1.7,0.0,0.0,0.3,0.0,0.0,1.3,0.0,0.0,0.0,0.0,0.0,0.0,1.0,1.0,1.0,0.0,0.0,0.7,0.0,0.0,,2001
Sean Elliott,31,SAS,SF,19,19,20.6,2.0,5.6,0.358,0.7,1.9,0.351,1.3,3.6,0.362,0.42,1.3,1.7,0.781,0.3,2.2,2.5,1.5,0.6,0.1,1.0,1.8,6.0,,2000
Sean Green,23,UTA,SG,1,0,2.0,0.0,1.0,0.0,0.0,0.0,0.0,0.0,1.0,0.0,0.0,0.0,0.0,0.0,0.0,0.0,0.0,0.0,0.0,0.0,0.0,0.0,0.0,,1994
Sean Higgins,29,POR,SF,2,0,6.0,0.0,2.5,0.0,0.0,1.0,0.0,0.0,1.5,0.0,0.0,0.0,0.0,0.0,0.0,0.0,0.0,0.0,1.0,0.0,0.5,1.5,0.0,,1998
Sean Kilpatrick,26,DEN,SG,8,0,10.3,1.0,2.6,0.381,0.5,2.1,0.235,0.5,0.5,1.0,0.476,0.9,1.0,0.875,0.3,0.5,0.8,0.4,0.3,0.0,0.5,0.9,3.4,,2016
Sean Lampley,24,GSW,SF,10,0,6.3,1.3,2.0,0.65,0.0,0.0,0.0,1.3,2.0,0.65,0.65,0.8,1.2,0.667,0.2,0.9,1.1,0.2,0.0,0.1,0.3,0.2,3.4,,2004
Sean Marks,34,NOH,C,14,0,5.4,0.3,0.6,0.5,0.0,0.0,0.0,0.3,0.6,0.5,0.5,0.1,0.4,0.4,1.0,0.6,1.6,0.1,0.0,0.2,0.1,1.2,0.7,,2010
Sean May,25,SAC,C,37,4,8.9,1.4,3.0,0.459,0.0,0.1,0.0,1.4,2.9,0.477,0.459,0.6,0.9,0.656,0.5,1.4,1.9,0.5,0.3,0.2,0.5,1.2,3.3,,2010
Sean McDermott,24,MEM,SF,18,0,8.8,0.7,1.8,0.394,0.3,1.2,0.227,0.4,0.6,0.727,0.47,0.4,0.4,1.0,0.3,0.7,1.1,0.2,0.1,0.2,0.2,0.4,2.2,,2021
Sean Rooks,34,NOH,C,35,0,9.3,1.0,2.7,0.362,0.0,0.0,0.0,1.0,2.7,0.362,0.362,0.3,0.4,0.8,0.3,1.1,1.4,0.3,0.3,0.1,0.4,1.4,2.3,,2004
Sean Singletary,23,CHA,PG,24,1,7.5,0.8,2.0,0.396,0.3,0.6,0.4,0.5,1.4,0.394,0.458,0.5,0.6,0.8,0.2,0.6,0.8,0.7,0.2,0.0,0.8,1.3,2.3,,2009
Sean Williams,22,NJN,PF,33,0,11.1,0.9,2.2,0.417,0.0,0.0,0.0,0.9,2.2,0.417,0.417,0.6,1.0,0.625,1.0,1.4,2.4,0.4,0.2,0.9,0.6,2.2,2.4,,2009
Sebastian Telfair,24,LAC,PG,39,1,14.9,1.7,4.3,0.404,0.3,1.2,0.234,1.4,3.1,0.471,0.437,0.6,0.8,0.774,0.1,0.9,1.1,2.9,0.6,0.1,1.1,1.7,4.3,,2010
Sedale Threatt,35,HOU,SG,21,0,15.9,1.3,3.5,0.378,0.4,1.0,0.4,1.0,2.6,0.37,0.432,0.3,0.4,0.75,0.2,0.9,1.1,1.9,0.7,0.1,0.6,1.4,3.3,,1997
Sedric Toney,31,CLE,PG,12,0,5.3,0.2,1.0,0.167,0.0,0.1,0.0,0.2,0.9,0.182,0.167,0.2,0.2,1.0,0.1,0.2,0.3,0.9,0.0,0.0,0.4,0.7,0.5,,1994
Sekou Doumbouya,20,DET,PF,56,11,15.5,1.9,5.0,0.379,0.5,2.1,0.226,1.4,3.0,0.485,0.426,0.8,1.1,0.703,0.7,1.9,2.6,0.8,0.4,0.2,0.8,1.7,5.1,,2021
Semaj Christon,24,OKC,PG,64,1,15.2,1.2,3.5,0.345,0.2,1.0,0.19,1.0,2.5,0.406,0.372,0.3,0.5,0.548,0.3,1.1,1.4,2.0,0.4,0.1,0.7,1.2,2.9,,2017
Semi Ojeleye,23,BOS,PF,73,0,15.8,0.9,2.6,0.346,0.5,1.7,0.32,0.3,0.9,0.397,0.452,0.3,0.6,0.61,0.5,1.7,2.2,0.3,0.3,0.1,0.3,1.2,2.7,,2018
Semih Erden,24,CLE,C,4,1,16.0,1.0,3.5,0.286,0.0,0.0,0.0,1.0,3.5,0.286,0.286,1.3,1.5,0.833,1.5,1.3,2.8,0.3,0.5,0.8,0.5,3.0,3.3,,2011
Serge Ibaka,33,MIL,C,16,0,11.6,1.6,3.4,0.481,0.4,1.1,0.333,1.3,2.3,0.556,0.537,0.5,0.8,0.615,0.9,1.8,2.8,0.3,0.1,0.4,0.7,1.4,4.1,,2023
Sergei Bazarevich,29,ATL,PG,10,0,7.4,1.1,2.2,0.5,0.1,0.6,0.167,1.0,1.6,0.625,0.523,0.7,0.9,0.778,0.1,0.6,0.7,1.4,0.1,0.1,0.7,1.0,3.0,,1995
Sergei Monia,22,SAC,SF,3,0,2.3,0.0,0.7,0.0,0.0,0.3,0.0,0.0,0.3,0.0,0.0,0.7,0.7,1.0,0.0,0.3,0.3,0.0,0.3,0.0,0.0,0.0,0.7,,2006
Sergey Karasev,20,CLE,SF,22,1,7.1,0.5,1.6,0.343,0.2,0.9,0.211,0.4,0.7,0.5,0.4,0.4,0.5,0.9,0.0,0.7,0.7,0.3,0.1,0.0,0.5,1.0,1.7,,2014
Sergio Rodríguez,21,POR,PG,72,0,8.7,1.0,2.7,0.352,0.2,0.8,0.293,0.7,1.9,0.377,0.395,0.3,0.5,0.658,0.2,0.6,0.8,1.7,0.3,0.0,0.7,0.8,2.5,,2008
Seth Curry,23,MEM,PG,1,0,4.0,0.0,0.0,0.0,0.0,0.0,0.0,0.0,0.0,0.0,0.0,0.0,0.0,0.0,0.0,0.0,0.0,0.0,0.0,0.0,0.0,0.0,0.0,,2014
Seth Lundy,23,ATL,SF,9,0,5.8,0.4,1.9,0.235,0.3,1.4,0.231,0.1,0.4,0.25,0.324,0.3,0.4,0.75,0.1,0.7,0.8,0.0,0.0,0.0,0.1,0.7,1.6,,2024
Shabazz Muhammad,25,MIN,SF,32,2,9.4,1.5,3.8,0.388,0.1,0.6,0.211,1.3,3.2,0.422,0.405,0.7,1.0,0.71,0.5,0.9,1.4,0.2,0.2,0.1,0.2,0.7,3.8,,2018
Shabazz Napier,24,ORL,PG,55,0,10.9,1.2,3.7,0.338,0.6,1.9,0.327,0.6,1.8,0.351,0.423,0.6,0.8,0.733,0.2,0.8,1.0,1.8,0.4,0.0,0.8,0.7,3.7,,2016
Shaedon Sharpe,19,POR,SG,80,15,22.2,3.8,8.1,0.472,1.3,3.5,0.36,2.6,4.6,0.559,0.551,0.9,1.3,0.714,0.8,2.2,3.0,1.2,0.5,0.3,1.0,1.7,9.9,,2023
Shai Gilgeous-Alexander,20,LAC,PG,82,73,26.5,4.2,8.7,0.476,0.6,1.7,0.367,3.5,7.0,0.503,0.512,1.9,2.4,0.8,0.7,2.1,2.8,3.3,1.2,0.5,1.7,2.1,10.8,ROY-6,2019
Shake Milton,27,NYK,SG,6,0,4.5,0.7,1.5,0.444,0.2,0.3,0.5,0.5,1.2,0.429,0.5,0.3,0.3,1.0,0.0,1.0,1.0,0.7,0.2,0.0,0.0,1.2,1.8,,2024
Shammond Williams,23,ATL,PG,2,0,2.0,0.0,0.5,0.0,0.0,0.0,0.0,0.0,0.5,0.0,0.0,1.5,2.0,0.75,0.0,0.0,0.0,0.5,0.0,0.0,0.0,0.0,1.5,,1999
Shamorie Ponds,21,TOR,PG,4,0,2.8,0.8,1.3,0.6,0.3,0.5,0.5,0.5,0.8,0.667,0.7,0.5,0.5,1.0,0.0,0.3,0.3,0.5,0.0,0.3,0.0,0.5,2.3,,2020
Shandon Anderson,31,NYK,SG,1,0,20.0,0.0,2.0,0.0,0.0,1.0,0.0,0.0,1.0,0.0,0.0,0.0,0.0,0.0,1.0,0.0,1.0,0.0,0.0,0.0,1.0,2.0,0.0,,2005
Shane Battier,35,MIA,SF,73,56,20.1,1.4,3.8,0.382,1.0,2.9,0.348,0.4,0.9,0.492,0.515,0.2,0.3,0.652,0.5,1.4,1.9,0.9,0.7,0.5,0.3,1.7,4.1,,2014
Shane Edwards,26,CLE,SF,2,0,6.0,0.5,1.5,0.333,0.0,0.0,0.0,0.5,1.5,0.333,0.333,0.0,0.0,0.0,0.5,0.5,1.0,0.0,0.0,0.0,0.5,0.5,1.0,,2014
Shane Heal,26,MIN,PG,43,0,5.5,0.6,2.3,0.268,0.5,1.5,0.308,0.1,0.7,0.188,0.371,0.1,0.1,0.6,0.0,0.4,0.4,0.8,0.1,0.1,0.4,0.5,1.7,,1997
Shane Larkin,21,DAL,PG,48,0,10.2,1.1,2.9,0.38,0.3,0.8,0.316,0.8,2.1,0.404,0.423,0.3,0.5,0.64,0.2,0.6,0.9,1.5,0.5,0.0,0.8,1.0,2.8,,2014
Shannon Brown,22,CHI,SG,6,0,3.7,0.5,2.5,0.2,0.0,0.2,0.0,0.5,2.3,0.214,0.2,0.5,1.0,0.5,0.2,0.2,0.3,0.0,0.2,0.3,0.8,0.3,1.5,,2008
Shaq Buchanan,25,MEM,SG,2,0,5.0,0.5,2.0,0.25,0.0,1.0,0.0,0.5,1.0,0.5,0.25,0.0,0.0,0.0,0.5,0.5,1.0,1.0,0.5,0.0,1.0,0.5,1.0,,2022
Shaquille Harrison,30,MEM,SG,3,0,2.0,0.3,0.7,0.5,0.0,0.0,0.0,0.3,0.7,0.5,0.5,0.0,0.0,0.0,0.0,0.7,0.7,0.0,0.0,0.3,0.0,0.0,0.7,,2024
Shaquille O'Neal,38,BOS,C,37,36,20.3,3.6,5.4,0.667,0.0,0.0,0.0,3.6,5.4,0.667,0.667,2.0,3.5,0.557,1.3,3.5,4.8,0.7,0.4,1.1,1.5,3.2,9.2,,2011
Shareef Abdur-Rahim,31,SAC,PF,6,0,8.5,0.5,2.3,0.214,0.0,0.0,0.0,0.5,2.3,0.214,0.214,0.7,0.7,1.0,1.0,0.7,1.7,0.7,0.2,0.0,0.2,1.5,1.7,,2008
Sharife Cooper,20,ATL,PG,13,0,3.0,0.2,1.1,0.214,0.1,0.5,0.167,0.2,0.6,0.25,0.25,0.0,0.0,0.0,0.0,0.4,0.4,0.4,0.0,0.0,0.4,0.1,0.5,,2022
Sharone Wright,25,TOR,C,7,0,6.3,1.0,2.0,0.5,0.0,0.0,0.0,1.0,2.0,0.5,0.5,0.3,0.6,0.5,0.1,1.1,1.3,0.6,0.0,0.0,0.3,1.0,2.3,,1998
Sharrod Ford,24,PHO,PF,3,0,4.3,0.7,1.0,0.667,0.0,0.0,0.0,0.7,1.0,0.667,0.667,0.0,0.0,0.0,0.3,0.7,1.0,0.0,0.0,0.3,0.7,2.3,1.3,,2006
Shaun Livingston,24,OKC,PG,10,0,13.0,0.5,1.6,0.313,0.0,0.2,0.0,0.5,1.4,0.357,0.313,0.0,0.0,0.0,0.4,1.6,2.0,1.4,0.5,0.2,0.8,0.9,1.0,,2010
Shavlik Randolph,24,PHI,PF,9,0,3.0,0.4,1.6,0.286,0.0,0.0,0.0,0.4,1.6,0.286,0.286,0.0,0.0,0.0,1.0,0.2,1.2,0.3,0.1,0.3,0.2,0.6,0.9,,2008
Shawn Bradley,32,DAL,C,77,14,11.5,1.1,2.4,0.452,0.0,0.0,0.0,1.1,2.4,0.452,0.452,0.6,0.8,0.683,0.9,1.9,2.8,0.2,0.3,0.8,0.4,2.0,2.7,,2005
Shawn Kemp,32,POR,PF,75,5,16.4,2.3,5.4,0.43,0.0,0.1,0.0,2.3,5.4,0.434,0.43,1.4,1.7,0.794,1.2,2.6,3.8,0.7,0.6,0.4,1.1,2.5,6.1,,2002
Shawn Long,24,PHI,C,18,0,13.0,3.4,6.1,0.56,0.4,1.1,0.368,3.0,5.0,0.6,0.592,1.1,1.9,0.543,2.3,2.4,4.7,0.7,0.5,0.5,0.7,2.7,8.2,,2017
Shawn Marion,36,CLE,SF,57,24,19.3,2.1,4.7,0.446,0.2,0.8,0.261,1.9,3.9,0.484,0.468,0.5,0.6,0.765,1.1,2.4,3.5,0.9,0.5,0.5,0.6,1.0,4.8,,2015
Shawn Respert,24,MIL,SG,14,0,5.9,0.4,1.4,0.316,0.1,0.6,0.111,0.4,0.7,0.5,0.342,0.5,0.5,1.0,0.2,0.3,0.5,0.6,0.0,0.0,0.6,0.4,1.4,,1997
Shawne Williams,28,DET,SF,19,0,8.6,1.0,3.2,0.317,0.2,1.4,0.154,0.8,1.8,0.441,0.35,0.4,0.4,1.0,0.5,0.9,1.4,0.4,0.2,0.2,0.4,1.0,2.6,,2015
Shawnelle Scott,25,CLE,C,41,0,4.6,0.4,0.9,0.444,0.0,0.0,0.0,0.4,0.9,0.444,0.444,0.3,0.4,0.667,0.5,1.0,1.4,0.2,0.1,0.2,0.2,1.1,1.1,,1998
Shayne Whittington,24,IND,PF,7,0,5.9,0.7,1.6,0.455,0.0,0.3,0.0,0.7,1.3,0.556,0.455,0.1,0.3,0.5,0.7,1.0,1.7,0.4,0.1,0.1,0.7,1.0,1.6,,2016
Shea Seals,22,LAL,SG,4,0,2.3,0.3,2.0,0.125,0.0,0.8,0.0,0.3,1.3,0.2,0.125,0.5,1.0,0.5,0.8,0.3,1.0,0.0,0.3,0.0,0.0,0.3,1.0,,1998
Shelden Williams,24,ATL,PF,36,0,11.5,1.0,2.8,0.37,0.0,0.0,0.0,1.0,2.8,0.374,0.37,1.0,1.4,0.686,0.9,2.0,3.0,0.3,0.4,0.3,0.4,1.7,3.0,,2008
Sheldon Mac,24,WAS,SG,30,3,9.6,1.0,2.5,0.4,0.2,1.0,0.233,0.8,1.5,0.511,0.447,0.8,0.9,0.852,0.1,1.0,1.1,0.5,0.3,0.1,0.2,0.6,3.0,,2017
Shelvin Mack,22,PHI,SG,4,0,1.8,0.3,0.5,0.5,0.0,0.3,0.0,0.3,0.3,1.0,0.5,0.0,0.0,0.0,0.0,0.0,0.0,0.3,0.0,0.0,0.5,0.3,0.5,,2013
Sherell Ford,23,SEA,SF,28,1,5.0,1.1,2.9,0.375,0.1,0.9,0.16,0.9,2.0,0.473,0.4,0.9,1.2,0.765,0.4,0.4,0.9,0.2,0.3,0.0,0.2,1.0,3.2,,1996
Sherman Douglas,34,NJN,PG,59,7,18.5,2.1,5.1,0.403,0.1,0.7,0.2,1.9,4.5,0.433,0.416,1.5,1.9,0.748,0.4,0.9,1.3,2.4,0.6,0.1,1.3,1.6,5.7,,2001
Sherron Collins,23,CHA,PG,20,0,3.3,0.4,1.3,0.28,0.1,0.5,0.2,0.3,0.8,0.333,0.32,0.1,0.1,1.0,0.0,0.3,0.3,0.4,0.1,0.0,0.2,0.1,0.9,,2011
Sidney Green,32,CHH,PF,24,0,5.3,0.6,1.7,0.35,0.0,0.1,0.0,0.6,1.6,0.368,0.35,0.5,0.7,0.75,0.6,1.4,2.0,0.2,0.0,0.1,0.3,0.7,1.7,,1993
Sidney Moncrief,33,ATL,SG,72,3,15.2,1.6,3.3,0.488,0.3,0.9,0.328,1.3,2.4,0.545,0.531,1.1,1.5,0.781,0.4,1.3,1.8,1.4,0.7,0.1,0.9,1.6,4.7,,1991
Sidy Cissoko,19,SAS,SF,12,0,11.8,1.3,2.8,0.485,0.1,1.0,0.083,1.3,1.8,0.714,0.5,1.0,1.3,0.8,0.7,1.2,1.8,0.8,0.6,0.3,0.3,1.5,3.8,,2024
Sim Bhullar,22,SAC,C,3,0,1.0,0.3,0.7,0.5,0.0,0.0,0.0,0.3,0.7,0.5,0.5,0.0,0.0,0.0,0.0,0.3,0.3,0.3,0.0,0.3,0.0,0.0,0.7,,2015
Simone Fontecchio,27,UTA,SF,52,6,14.7,2.2,6.0,0.369,1.2,3.7,0.33,1.0,2.3,0.43,0.47,0.7,0.8,0.795,0.6,1.1,1.7,0.8,0.3,0.2,0.8,1.2,6.3,,2023
Sindarius Thornwell,24,LAC,SG,64,1,4.9,0.3,0.8,0.347,0.0,0.2,0.2,0.2,0.5,0.412,0.378,0.4,0.5,0.735,0.1,0.6,0.7,0.3,0.2,0.1,0.3,0.6,1.0,,2019
Skal Labissière,22,SAC,PF,13,0,8.7,1.0,2.3,0.433,0.3,0.8,0.364,0.7,1.5,0.474,0.5,0.5,0.8,0.545,0.3,1.5,1.8,0.5,0.2,0.2,0.5,1.6,2.8,,2019
Skeeter Henry,26,PHO,SG,4,0,3.8,0.3,1.3,0.2,0.0,0.5,0.0,0.3,0.8,0.333,0.2,0.5,1.0,0.5,0.0,0.5,0.5,1.0,0.0,0.0,0.3,0.3,1.0,,1994
Skylar Mays,26,LAL,SG,17,0,4.5,0.6,1.2,0.476,0.1,0.3,0.4,0.5,0.9,0.5,0.524,0.0,0.0,0.0,0.1,0.3,0.4,0.6,0.4,0.1,0.1,0.4,1.3,,2024
Slavko Vraneš,21,POR,C,1,0,3.0,0.0,1.0,0.0,0.0,0.0,0.0,0.0,1.0,0.0,0.0,0.0,0.0,0.0,0.0,0.0,0.0,0.0,0.0,0.0,0.0,1.0,0.0,,2004
Sleepy Floyd,33,SAS,PG,53,2,13.9,1.3,3.9,0.335,0.2,0.7,0.222,1.2,3.3,0.358,0.354,1.0,1.5,0.667,0.2,1.1,1.3,1.9,0.2,0.2,1.2,1.3,3.8,,1994
Smush Parker,23,2TM,PG,16,1,9.0,1.1,2.7,0.419,0.2,0.8,0.231,0.9,1.9,0.5,0.453,0.6,0.8,0.692,0.3,0.5,0.8,0.9,0.3,0.0,1.2,1.0,3.0,,2005
Solomon Alabi,22,TOR,C,12,0,4.9,0.3,1.3,0.2,0.0,0.0,0.0,0.3,1.3,0.2,0.2,0.0,0.2,0.0,0.6,0.6,1.2,0.2,0.2,0.2,0.3,0.4,0.5,,2011
Solomon Hill,30,ATL,SF,13,1,10.7,0.2,1.5,0.15,0.2,1.0,0.154,0.1,0.5,0.143,0.2,0.0,0.0,0.0,0.5,1.3,1.8,0.9,0.3,0.2,0.1,1.2,0.6,,2022
Solomon Jones,28,NYK,PF,2,1,13.0,0.0,0.5,0.0,0.0,0.0,0.0,0.0,0.5,0.0,0.0,0.0,0.0,0.0,0.5,1.0,1.5,0.0,0.0,0.5,1.5,1.5,0.0,,2013
Sonny Weems,22,DEN,SG,12,0,4.6,0.7,2.1,0.32,0.0,0.3,0.0,0.7,1.8,0.364,0.32,0.3,0.7,0.375,0.0,0.3,0.3,0.3,0.1,0.0,0.5,0.7,1.6,,2009
Soumaila Samake,22,NJN,C,34,0,6.6,0.5,1.4,0.375,0.0,0.0,0.0,0.5,1.4,0.375,0.375,0.3,0.7,0.417,0.6,0.9,1.6,0.0,0.1,0.4,0.1,0.7,1.4,,2001
Speedy Claxton,30,ATL,PG,2,0,7.5,1.0,3.5,0.286,0.0,0.0,0.0,1.0,3.5,0.286,0.286,0.5,1.0,0.5,0.0,0.0,0.0,1.5,0.0,0.0,0.0,0.5,2.5,,2009
Spencer Dinwiddie,21,DET,PG,34,1,13.4,1.5,5.0,0.302,0.4,1.9,0.185,1.1,3.1,0.375,0.337,0.9,1.0,0.912,0.1,1.3,1.4,3.1,0.6,0.2,1.0,1.6,4.3,,2015
Spencer Hawes,28,MIL,PF,19,0,9.0,1.6,3.1,0.508,0.5,1.4,0.346,1.1,1.7,0.636,0.585,0.7,0.9,0.778,0.3,2.1,2.4,1.0,0.1,0.2,0.5,0.8,4.4,,2017
Spud Webb,34,ORL,PG,4,0,8.5,1.3,3.0,0.417,0.0,0.3,0.0,1.3,2.8,0.455,0.417,0.5,0.5,1.0,0.5,0.3,0.8,1.3,0.3,0.0,1.8,1.5,3.0,,1998
Stacey Augmon,37,ORL,SF,36,3,10.7,0.7,2.0,0.342,0.0,0.0,0.0,0.7,2.0,0.342,0.342,0.6,0.8,0.7,0.5,1.0,1.5,0.6,0.3,0.2,0.3,1.1,2.0,,2006
Stacey King,30,DAL,C,6,0,11.7,1.0,2.5,0.4,0.0,0.0,0.0,1.0,2.5,0.4,0.4,0.0,0.7,0.0,1.7,1.3,3.0,0.0,0.3,0.0,0.8,1.8,2.0,,1997
Stan Kimbrough,26,SAC,PG,3,0,5.0,0.7,2.0,0.333,0.3,0.7,0.5,0.3,1.3,0.25,0.417,0.0,0.0,0.0,0.0,0.0,0.0,0.3,0.3,0.0,0.0,0.3,1.7,,1993
Stanislav Medvedenko,26,LAL,PF,2,0,3.0,0.5,1.0,0.5,0.0,0.0,0.0,0.5,1.0,0.5,0.5,0.0,0.0,0.0,0.0,0.0,0.0,0.5,0.0,0.0,0.0,0.5,1.0,,2006
Stanley Jackson,23,MIN,SG,17,0,5.4,1.0,1.9,0.515,0.1,0.3,0.2,0.9,1.6,0.571,0.53,0.2,0.2,1.0,0.7,0.9,1.6,0.9,0.3,0.0,0.6,0.8,2.2,,1994
Stanley Johnson,23,TOR,PF,25,0,6.0,0.9,2.4,0.373,0.3,1.0,0.292,0.6,1.4,0.429,0.432,0.4,0.6,0.563,0.3,1.2,1.5,0.8,0.2,0.2,0.6,0.6,2.4,,2020
Stanley Roberts,29,PHI,C,5,1,10.2,1.0,3.2,0.313,0.0,0.2,0.0,1.0,3.0,0.333,0.313,0.0,0.6,0.0,1.2,1.8,3.0,0.6,0.2,0.2,0.4,3.0,2.0,,2000
Stanley Umude,23,DET,SG,1,0,2.0,0.0,1.0,0.0,0.0,1.0,0.0,0.0,0.0,0.0,0.0,2.0,2.0,1.0,0.0,0.0,0.0,0.0,1.0,1.0,0.0,0.0,2.0,,2023
Stanton Kidd,27,UTA,SG,4,0,3.8,0.0,0.8,0.0,0.0,0.3,0.0,0.0,0.5,0.0,0.0,0.0,0.0,0.0,0.0,0.8,0.8,0.3,0.0,0.0,0.5,0.8,0.0,,2020
Stefano Rusconi,27,PHO,PF,7,0,4.3,0.4,1.3,0.333,0.0,0.0,0.0,0.4,1.3,0.333,0.333,0.3,0.7,0.4,0.4,0.4,0.9,0.4,0.0,0.3,0.4,1.4,1.1,,1996
Stephen Curry,23,GSW,PG,26,23,28.2,5.6,11.4,0.49,2.1,4.7,0.455,3.5,6.7,0.514,0.583,1.5,1.8,0.809,0.6,2.8,3.4,5.3,1.5,0.3,2.5,2.4,14.7,,2012
Stephen Graham,23,CHI,SG,3,0,6.7,0.3,1.7,0.2,0.3,1.3,0.25,0.0,0.3,0.0,0.3,0.7,0.7,1.0,0.0,1.0,1.0,0.3,0.0,0.0,0.3,1.0,1.7,,2006
Stephen Howard,27,SEA,SF,13,0,4.1,0.6,1.6,0.381,0.0,0.0,0.0,0.6,1.6,0.381,0.381,0.7,1.4,0.5,0.5,0.5,0.9,0.2,0.2,0.1,0.5,1.0,1.9,,1998
Stephen Jackson,35,LAC,SF,9,0,11.9,0.7,2.9,0.231,0.1,1.6,0.071,0.6,1.3,0.417,0.25,0.2,0.4,0.5,0.2,0.9,1.1,0.6,0.7,0.1,0.7,1.2,1.7,,2014
Stephen Thompson,23,2TM,SG,19,0,4.8,0.7,1.9,0.378,0.0,0.1,0.0,0.7,1.9,0.389,0.378,0.2,0.4,0.375,0.6,0.4,1.0,0.4,0.3,0.2,0.3,0.5,1.6,,1992
Stephen Zimmerman,20,ORL,C,19,0,5.7,0.5,1.6,0.323,0.0,0.0,0.0,0.5,1.6,0.323,0.323,0.2,0.3,0.6,0.6,1.3,1.8,0.2,0.1,0.3,0.2,0.9,1.2,,2017
Stephon Marbury,31,BOS,PG,23,4,18.0,1.7,4.8,0.342,0.3,1.1,0.24,1.4,3.7,0.372,0.369,0.3,0.6,0.462,0.1,1.1,1.2,3.3,0.4,0.1,1.6,1.5,3.8,,2009
Sterling Brown,27,LAL,SF,4,0,6.0,0.0,1.0,0.0,0.0,0.5,0.0,0.0,0.5,0.0,0.0,0.0,0.0,0.0,0.8,1.3,2.0,0.5,0.8,0.0,0.0,1.0,0.0,,2023
Steve Alford,26,DAL,PG,34,0,6.9,1.7,3.4,0.504,0.2,0.7,0.304,1.5,2.8,0.553,0.534,0.8,0.9,0.839,0.3,0.4,0.7,0.6,0.2,0.0,0.5,0.3,4.4,,1991
Steve Bardo,23,SAS,SG,1,0,1.0,0.0,0.0,0.0,0.0,0.0,0.0,0.0,0.0,0.0,0.0,0.0,0.0,0.0,1.0,0.0,1.0,0.0,0.0,0.0,0.0,0.0,0.0,,1992
Steve Blake,26,MIL,PG,33,2,17.7,1.4,3.9,0.349,0.6,2.1,0.279,0.8,1.8,0.426,0.422,0.3,0.6,0.55,0.2,1.2,1.4,2.5,0.3,0.1,0.8,1.5,3.6,,2007
Steve Burtt,29,PHO,SG,31,2,11.5,2.4,5.2,0.463,0.0,0.2,0.167,2.4,5.0,0.474,0.466,1.2,1.7,0.704,0.3,0.8,1.1,1.9,0.5,0.1,1.1,1.9,6.0,,1992
Steve Colter,28,SAC,PG,19,0,13.2,1.2,2.9,0.411,0.3,0.7,0.357,0.9,2.2,0.429,0.455,0.4,0.5,0.7,0.3,1.1,1.4,1.9,0.6,0.1,0.6,1.4,3.1,,1991
Steve Francis,30,HOU,PG,10,3,19.9,1.9,5.7,0.333,0.4,1.7,0.235,1.5,4.0,0.375,0.368,1.3,2.3,0.565,0.8,1.5,2.3,3.0,0.9,0.5,1.4,2.5,5.5,,2008
Steve Goodrich,25,NJN,SF,9,0,5.6,0.2,1.1,0.2,0.0,0.0,0.0,0.2,1.1,0.2,0.2,0.1,0.2,0.5,0.1,0.4,0.6,0.6,0.1,0.2,0.3,1.1,0.6,,2002
Steve Hamer,23,BOS,C,35,3,7.7,0.9,1.6,0.526,0.0,0.1,0.0,0.9,1.6,0.545,0.526,0.5,0.8,0.552,0.5,1.2,1.7,0.2,0.1,0.1,0.4,1.1,2.2,,1997
Steve Henson,25,CHH,PG,3,0,5.7,0.3,0.7,0.5,0.3,0.3,1.0,0.0,0.3,0.0,0.75,0.0,0.0,0.0,0.0,0.3,0.3,1.7,0.0,0.0,0.3,1.0,1.0,,1994
Steve Johnson,33,GSW,C,24,8,9.5,1.4,2.6,0.54,0.0,0.0,0.0,1.4,2.6,0.54,0.54,0.9,1.5,0.595,0.8,1.6,2.4,0.7,0.2,0.2,1.0,2.1,3.8,,1991
Steve Kerr,27,CLE,PG,5,0,8.2,1.0,2.0,0.5,0.0,0.4,0.0,1.0,1.6,0.625,0.5,0.4,0.4,1.0,0.0,1.4,1.4,2.2,0.4,0.0,0.4,0.4,2.4,,1993
Steve Nash,22,PHO,PG,65,2,10.5,1.1,2.7,0.423,0.4,0.8,0.418,0.8,1.8,0.425,0.489,0.6,0.8,0.824,0.2,0.7,1.0,2.1,0.3,0.0,1.0,1.4,3.3,,1997
Steve Novak,33,MIL,PF,8,0,2.8,0.3,0.9,0.286,0.1,0.8,0.167,0.1,0.1,1.0,0.357,0.0,0.0,0.0,0.0,0.4,0.4,0.0,0.0,0.0,0.0,0.1,0.6,,2017
Steve Scheffler,23,CHH,C,39,0,5.8,0.5,1.0,0.513,0.0,0.0,0.0,0.5,1.0,0.513,0.513,0.5,0.5,0.905,0.5,0.6,1.2,0.2,0.2,0.1,0.1,0.5,1.5,,1991
Steve Smith,35,MIA,SG,13,0,8.8,0.7,2.3,0.3,0.2,1.2,0.2,0.5,1.2,0.4,0.35,0.2,0.2,0.667,0.2,1.1,1.2,1.1,0.2,0.0,0.2,0.6,1.8,,2005
Steven Adams,20,OKC,C,81,20,14.8,1.1,2.3,0.503,0.0,0.0,0.0,1.1,2.3,0.503,0.503,1.0,1.7,0.581,1.8,2.3,4.1,0.5,0.5,0.7,0.9,2.5,3.3,ROY-7,2014
Steven Hill,23,OKC,PF,1,0,2.0,1.0,1.0,1.0,0.0,0.0,0.0,1.0,1.0,1.0,1.0,0.0,0.0,0.0,2.0,1.0,3.0,0.0,0.0,0.0,0.0,0.0,2.0,,2009
Steven Hunter,26,DEN,C,19,2,6.3,0.8,1.5,0.536,0.0,0.0,0.0,0.8,1.5,0.536,0.536,0.5,1.1,0.45,0.5,1.0,1.5,0.0,0.0,0.3,0.4,1.1,2.1,,2008
Steven Smith,23,PHI,PF,8,0,3.5,0.3,1.0,0.25,0.0,0.0,0.0,0.3,1.0,0.25,0.25,0.1,0.3,0.5,0.1,0.6,0.8,0.0,0.1,0.0,0.3,0.5,0.6,,2007
Stevin Smith,25,DAL,SG,8,0,7.5,0.8,2.3,0.333,0.1,0.8,0.167,0.6,1.5,0.417,0.361,0.1,0.1,1.0,0.3,1.0,1.3,0.5,0.1,0.0,0.5,1.1,1.8,,1997
Stojko Vranković,35,LAC,C,2,0,6.0,0.5,2.0,0.25,0.0,0.0,0.0,0.5,2.0,0.25,0.25,0.0,0.0,0.0,2.0,1.0,3.0,0.0,0.0,0.0,0.0,1.0,1.0,,1999
Stromile Swift,29,PHO,PF,13,0,9.3,1.2,3.2,0.366,0.1,0.1,1.0,1.1,3.1,0.35,0.378,0.6,1.2,0.533,0.8,1.7,2.5,0.2,0.3,0.5,0.7,1.9,3.0,,2009
Stuart Gray,27,NYK,C,8,0,4.6,0.5,1.5,0.333,0.0,0.0,0.0,0.5,1.5,0.333,0.333,0.4,0.4,1.0,0.3,1.0,1.3,0.0,0.0,0.1,0.3,0.8,1.4,,1991
Stéphane Lasme,25,GSW,SF,1,0,0.0,0.0,0.0,0.0,0.0,0.0,0.0,0.0,0.0,0.0,0.0,0.0,0.0,0.0,0.0,0.0,0.0,0.0,0.0,0.0,0.0,0.0,0.0,,2008
Sun Yue,23,LAL,SG,10,0,2.8,0.3,1.1,0.273,0.0,0.6,0.0,0.3,0.5,0.6,0.273,0.0,0.0,0.0,0.0,0.0,0.0,0.2,0.1,0.1,0.3,1.0,0.6,,2009
Sundiata Gaines,24,MIN,PG,8,0,8.1,0.9,2.8,0.318,0.3,0.8,0.333,0.6,2.0,0.313,0.364,0.6,1.3,0.5,0.1,0.6,0.8,0.8,0.4,0.0,0.8,0.5,2.6,,2011
Svi Mykhailiuk,25,NYK,SF,13,0,3.1,0.5,0.9,0.5,0.5,0.8,0.6,0.0,0.2,0.0,0.75,0.2,0.4,0.6,0.0,0.5,0.5,0.1,0.1,0.0,0.2,0.1,1.6,,2023
T.J. Ford,28,SAS,PG,14,0,13.6,1.4,3.1,0.442,0.1,0.6,0.25,1.2,2.5,0.486,0.465,0.8,1.0,0.786,0.2,1.1,1.3,3.2,0.6,0.1,1.6,1.6,3.6,,2012
T.J. Leaf,23,POR,PF,7,0,5.0,0.7,1.4,0.5,0.0,0.0,0.0,0.7,1.4,0.5,0.5,0.3,0.3,1.0,0.0,0.7,0.7,0.1,0.3,0.1,0.3,0.1,1.7,,2021
T.J. McConnell,23,PHI,PG,81,17,19.8,2.7,5.7,0.47,0.4,1.1,0.348,2.3,4.6,0.499,0.503,0.3,0.5,0.634,0.5,2.6,3.1,4.5,1.2,0.1,1.7,1.4,6.1,,2016
T.J. Warren,30,MIN,SF,11,0,11.4,1.6,3.7,0.439,0.2,1.2,0.154,1.5,2.5,0.571,0.463,0.3,0.4,0.75,0.5,1.5,2.0,0.8,0.4,0.1,0.4,1.0,3.7,,2024
T.R. Dunn,35,DEN,SG,17,3,12.8,1.2,2.8,0.447,0.1,0.2,0.25,1.2,2.5,0.465,0.457,0.5,0.6,0.9,1.2,1.3,2.5,1.4,0.7,0.1,0.4,1.8,3.1,,1991
Tacko Fall,26,CLE,C,11,1,5.4,0.5,1.1,0.417,0.0,0.0,0.0,0.5,1.1,0.417,0.417,0.2,0.6,0.286,0.6,1.5,2.1,0.2,0.0,0.5,0.3,0.3,1.1,,2022
Tahjere McCall,24,BRK,SG,1,0,8.0,2.0,3.0,0.667,0.0,1.0,0.0,2.0,2.0,1.0,0.667,0.0,1.0,0.0,0.0,1.0,1.0,0.0,0.0,0.0,0.0,2.0,4.0,,2019
Taj Gibson,38,NYK,PF,16,1,10.3,0.4,1.4,0.304,0.0,0.4,0.0,0.4,1.1,0.412,0.304,0.1,0.1,1.0,0.6,1.1,1.8,0.6,0.1,0.4,0.3,1.8,1.0,,2024
Talen Horton-Tucker,19,LAL,SG,6,1,13.5,2.3,5.0,0.467,0.7,2.2,0.308,1.7,2.8,0.588,0.533,0.3,0.7,0.5,0.3,0.8,1.2,1.0,1.3,0.2,1.0,1.7,5.7,,2020
Tamar Slay,23,NJN,SG,22,0,7.5,1.0,2.7,0.35,0.2,0.5,0.333,0.8,2.2,0.354,0.383,0.3,0.6,0.5,0.5,0.7,1.1,0.6,0.3,0.0,0.5,0.9,2.4,,2004
Tang Hamilton,23,MIA,SF,9,2,10.9,1.1,2.1,0.526,0.0,0.1,0.0,1.1,2.0,0.556,0.526,0.0,0.1,0.0,0.7,1.3,2.0,0.6,0.4,0.0,0.2,1.1,2.2,,2002
Tarence Kinsey,24,CLE,SG,50,3,5.5,0.6,1.4,0.449,0.1,0.4,0.389,0.5,1.0,0.471,0.5,0.7,0.8,0.868,0.2,0.6,0.8,0.2,0.2,0.0,0.4,0.7,2.0,,2009
Tari Eason,21,HOU,PF,82,5,21.5,3.6,8.0,0.448,0.7,2.1,0.343,2.9,6.0,0.486,0.493,1.3,1.8,0.752,2.4,3.7,6.0,1.1,1.2,0.6,1.2,2.3,9.3,,2023
Tarik Black,24,LAL,C,39,0,12.7,1.5,2.7,0.548,0.0,0.0,0.0,1.5,2.7,0.548,0.548,0.5,1.2,0.422,1.1,2.9,4.0,0.4,0.4,0.5,0.6,2.0,3.4,,2016
Tariq Abdul-Wahad,27,DAL,SG,4,0,6.0,0.0,0.5,0.0,0.0,0.0,0.0,0.0,0.5,0.0,0.0,0.0,0.3,0.0,0.5,1.0,1.5,0.5,0.5,0.3,0.8,1.3,0.0,,2002
Tariq Owens,24,PHO,PF,3,0,5.0,0.3,1.7,0.2,0.0,0.7,0.0,0.3,1.0,0.333,0.2,0.7,0.7,1.0,0.7,0.3,1.0,0.0,0.3,0.0,0.0,0.3,1.3,,2020
Tate George,26,MIL,SG,3,0,2.7,0.3,1.0,0.333,0.0,0.3,0.0,0.3,0.7,0.5,0.333,0.7,0.7,1.0,0.3,0.0,0.3,0.0,0.0,0.0,0.7,0.3,1.3,,1995
Taurean Green,21,DEN,SG,9,0,3.3,0.3,1.0,0.333,0.1,0.3,0.333,0.2,0.7,0.333,0.389,0.3,0.4,0.75,0.0,0.7,0.7,0.3,0.1,0.0,0.2,0.2,1.1,,2008
Taurean Prince,22,ATL,SF,59,10,16.6,1.9,4.8,0.4,0.6,1.7,0.324,1.4,3.1,0.443,0.458,1.3,1.6,0.787,0.4,2.2,2.7,0.9,0.7,0.5,1.0,1.6,5.7,,2017
Taylor Griffin,23,PHO,SF,8,0,4.0,0.5,1.3,0.4,0.0,0.3,0.0,0.5,1.0,0.5,0.4,0.3,0.5,0.5,0.0,0.3,0.3,0.1,0.0,0.3,0.1,0.5,1.3,,2010
Taylor Hendricks,20,UTA,PF,40,23,21.4,2.7,6.0,0.45,1.3,3.5,0.379,1.4,2.5,0.55,0.56,0.6,0.7,0.793,1.2,3.5,4.6,0.8,0.7,0.8,0.7,1.9,7.3,,2024
Tayshaun Prince,35,MIN,SF,77,44,19.0,1.3,3.0,0.445,0.1,0.3,0.174,1.3,2.7,0.476,0.454,0.2,0.2,0.684,0.4,1.5,1.9,0.9,0.5,0.2,0.4,0.8,2.9,,2016
Taze Moore,25,POR,SG,4,0,10.0,2.0,4.8,0.421,0.3,1.8,0.143,1.8,3.0,0.583,0.447,0.3,0.5,0.5,1.0,1.0,2.0,1.3,0.5,0.0,0.8,1.0,4.5,,2024
Tellis Frank,28,MIN,PF,67,11,14.3,1.0,2.4,0.419,0.0,0.0,0.0,1.0,2.4,0.424,0.419,0.8,1.1,0.711,1.2,2.0,3.3,0.9,0.5,0.5,0.7,2.4,2.8,,1994
Terance Mann,23,LAC,SF,41,6,8.8,0.9,1.9,0.468,0.2,0.5,0.35,0.7,1.4,0.508,0.513,0.4,0.7,0.667,0.2,1.1,1.3,1.3,0.3,0.1,0.4,1.1,2.4,,2020
Terence Davis,25,SAC,SG,64,5,13.1,2.4,5.7,0.423,1.4,3.8,0.366,1.0,1.9,0.537,0.545,0.5,0.7,0.791,0.3,1.9,2.2,1.0,0.7,0.2,0.8,1.6,6.7,,2023
Terence Morris,27,ORL,SF,22,0,8.7,0.7,2.2,0.327,0.0,0.1,0.0,0.7,2.1,0.34,0.327,0.1,0.1,1.0,0.3,1.5,1.7,0.2,0.3,0.2,0.3,0.9,1.6,,2006
Terquavion Smith,21,PHI,PG,16,0,5.3,1.1,2.9,0.391,0.8,2.2,0.371,0.3,0.7,0.455,0.533,0.2,0.3,0.6,0.0,0.3,0.3,0.8,0.5,0.0,0.4,0.5,3.3,,2024
Terrance Ferguson,22,PHI,SG,13,0,3.8,0.1,0.5,0.143,0.0,0.4,0.0,0.1,0.2,0.5,0.143,0.0,0.0,0.0,0.0,0.1,0.1,0.2,0.1,0.0,0.3,0.5,0.2,,2021
Terrance Roberson,24,CHH,SF,3,0,4.3,0.0,0.7,0.0,0.0,0.3,0.0,0.0,0.3,0.0,0.0,0.0,0.0,0.0,0.0,0.3,0.3,0.3,0.0,0.0,0.7,1.0,0.0,,2001
Terrel Harris,25,NOH,SG,13,0,8.3,0.2,1.5,0.105,0.0,0.5,0.0,0.2,0.9,0.167,0.105,0.1,0.2,0.5,0.0,1.3,1.3,0.5,0.2,0.2,1.0,1.1,0.4,,2013
Terrell Brandon,21,CLE,PG,82,9,19.6,3.1,7.3,0.419,0.0,0.3,0.043,3.1,7.0,0.434,0.42,1.2,1.5,0.806,0.6,1.4,2.0,3.9,1.0,0.3,1.7,1.3,7.4,,1992
Terrence Jones,25,MIL,PF,3,0,2.0,0.0,1.0,0.0,0.0,0.0,0.0,0.0,1.0,0.0,0.0,0.0,0.0,0.0,0.0,1.0,1.0,0.0,0.3,0.3,0.0,0.0,0.0,,2017
Terrence Rencher,22,PHO,PG,2,0,4.0,0.5,0.5,1.0,0.0,0.0,0.0,0.5,0.5,1.0,1.0,0.5,1.5,0.333,0.0,1.0,1.0,0.0,0.0,0.5,1.0,0.5,1.5,,1996
Terrence Ross,21,TOR,SG,73,2,17.0,2.5,6.3,0.407,0.9,2.7,0.332,1.7,3.6,0.464,0.478,0.4,0.6,0.714,0.5,1.5,2.0,0.7,0.6,0.2,0.7,1.7,6.4,,2013
Terrence Williams,23,HOU,SG,11,0,7.6,1.3,3.8,0.333,0.2,0.9,0.2,1.1,2.9,0.375,0.357,0.8,1.0,0.818,0.1,1.3,1.4,0.6,0.4,0.0,0.7,0.4,3.5,,2011
Terry Catledge,29,ORL,PF,21,1,12.5,1.7,3.5,0.493,0.0,0.0,0.0,1.7,3.5,0.493,0.493,1.3,1.6,0.794,0.9,1.3,2.2,0.2,0.2,0.0,1.2,1.5,4.7,,1993
Terry Cummings,31,SAS,PF,8,0,9.5,1.4,3.6,0.379,0.0,0.0,0.0,1.4,3.6,0.379,0.379,0.6,1.3,0.5,0.8,1.6,2.4,0.5,0.1,0.1,0.3,2.1,3.4,,1993
Terry Davis,33,DEN,PF,19,1,12.0,0.6,1.3,0.48,0.0,0.0,0.0,0.6,1.3,0.48,0.48,0.5,1.2,0.409,1.3,1.5,2.8,0.4,0.1,0.1,0.3,1.8,1.7,,2001
Terry Dehere,27,SAC,PG,4,0,5.0,1.0,2.8,0.364,0.3,1.3,0.2,0.8,1.5,0.5,0.409,0.0,0.0,0.0,0.5,0.0,0.5,0.3,0.5,0.0,0.5,0.5,2.3,,1999
Terry Mills,33,IND,PF,14,0,8.1,0.8,2.4,0.324,0.2,1.2,0.176,0.6,1.2,0.471,0.368,0.0,0.0,0.0,0.3,1.2,1.5,0.4,0.2,0.1,0.7,1.4,1.8,,2001
Terry Porter,38,SAS,PG,72,0,18.0,1.9,4.5,0.424,0.8,2.0,0.415,1.1,2.5,0.43,0.516,0.9,1.2,0.819,0.2,2.1,2.3,2.8,0.6,0.2,1.2,1.2,5.5,,2002
Terry Rozier,21,BOS,PG,39,0,8.0,0.7,2.7,0.274,0.2,0.7,0.222,0.6,2.0,0.291,0.302,0.2,0.3,0.8,0.6,1.0,1.6,0.9,0.2,0.0,0.5,0.6,1.8,,2016
Terry Taylor,24,CHI,PF,31,0,6.1,0.6,1.3,0.513,0.1,0.3,0.222,0.6,1.0,0.6,0.538,0.1,0.2,0.8,0.5,0.6,1.2,0.3,0.2,0.1,0.2,0.5,1.5,,2024
Terry Teagle,32,HOU,SG,2,0,12.5,1.0,3.5,0.286,0.0,0.0,0.0,1.0,3.5,0.286,0.286,0.5,1.0,0.5,0.0,1.5,1.5,1.0,0.0,0.0,0.5,0.5,2.5,,1993
Thabo Sefolosha,35,HOU,PF,41,0,10.6,0.9,2.2,0.407,0.4,1.3,0.278,0.5,0.9,0.595,0.489,0.1,0.2,0.375,0.5,1.8,2.3,0.6,0.6,0.3,0.4,1.0,2.2,,2020
Thaddeus Young,35,PHO,PF,10,0,8.9,1.1,2.1,0.524,0.0,0.1,0.0,1.1,2.0,0.55,0.524,0.1,0.3,0.333,1.7,1.1,2.8,0.7,0.5,0.2,0.4,1.1,2.3,,2024
Thanasis Antetokounmpo,31,MIL,PF,34,0,4.6,0.5,0.9,0.533,0.0,0.0,0.0,0.5,0.9,0.552,0.533,0.0,0.1,0.0,0.2,0.2,0.4,0.5,0.2,0.1,0.4,0.7,0.9,,2024
Tharon Mayes,23,LAC,SG,3,0,13.3,0.7,1.7,0.4,0.3,0.7,0.5,0.3,1.0,0.333,0.5,1.3,2.0,0.667,0.0,0.3,0.3,1.0,0.7,0.3,1.0,3.0,3.0,,1992
Theo Pinson,25,NYK,SG,17,0,2.0,0.1,0.5,0.111,0.0,0.5,0.0,0.1,0.1,1.0,0.111,0.0,0.0,0.0,0.0,0.3,0.3,0.1,0.0,0.0,0.1,0.2,0.1,,2021
Theo Ratliff,37,LAL,C,10,0,7.1,0.1,0.6,0.167,0.0,0.0,0.0,0.1,0.6,0.167,0.167,0.0,0.2,0.0,0.6,0.7,1.3,0.3,0.2,0.5,0.3,0.7,0.2,,2011
Theron Smith,23,MEM,SF,20,0,8.9,0.8,2.2,0.372,0.3,0.6,0.5,0.5,1.6,0.323,0.442,0.3,0.4,0.75,0.7,1.4,2.1,0.4,0.3,0.3,0.7,0.9,2.2,,2004
Thomas Bryant,20,LAL,C,15,0,4.8,0.5,1.4,0.381,0.1,0.7,0.1,0.5,0.7,0.636,0.405,0.3,0.6,0.556,0.2,0.9,1.1,0.4,0.1,0.1,0.1,0.4,1.5,,2018
Thomas Gardner,23,ATL,SG,16,0,6.1,0.6,2.3,0.25,0.3,1.4,0.174,0.3,0.8,0.385,0.306,0.1,0.3,0.5,0.0,0.4,0.4,0.1,0.3,0.1,0.2,0.3,1.5,,2009
Thomas Hamilton,20,BOS,C,11,0,6.4,0.8,2.8,0.29,0.0,0.0,0.0,0.8,2.8,0.29,0.29,0.6,1.6,0.389,0.9,1.1,2.0,0.1,0.0,0.8,0.8,1.1,2.3,,1996
Thomas Jordan,24,PHI,PF,4,0,26.5,4.5,10.3,0.439,0.0,0.0,0.0,4.5,10.3,0.439,0.439,2.0,4.3,0.471,1.3,3.5,4.8,0.8,0.8,1.3,3.0,3.5,11.0,,1993
Thomas Robinson,23,POR,PF,32,4,12.2,1.5,2.8,0.516,0.0,0.0,0.0,1.5,2.8,0.516,0.516,0.7,1.5,0.438,1.0,3.1,4.2,0.3,0.5,0.3,1.0,1.7,3.6,,2015
Thomas Welsh,22,DEN,C,11,0,3.3,0.6,1.2,0.538,0.3,0.6,0.429,0.4,0.5,0.667,0.654,0.1,0.2,0.5,0.0,0.4,0.4,0.5,0.0,0.0,0.1,0.3,1.6,,2019
Thon Maker,23,CLE,C,8,0,9.5,1.3,2.3,0.556,0.0,0.3,0.0,1.3,2.0,0.625,0.556,1.3,1.4,0.909,1.0,1.3,2.3,0.5,0.3,0.5,0.4,0.9,3.8,,2021
Thurl Bailey,37,UTA,PF,43,0,12.6,1.8,4.1,0.446,0.0,0.0,0.0,1.8,4.0,0.451,0.446,0.6,0.8,0.735,0.8,1.3,2.2,0.6,0.2,0.7,0.6,1.8,4.2,,1999
Théo Maledon,22,PHO,PG,4,0,3.3,0.3,1.0,0.25,0.0,0.0,0.0,0.3,1.0,0.25,0.25,0.8,0.8,1.0,0.0,0.3,0.3,0.0,0.0,0.0,0.8,0.8,1.3,,2024
Tiago Splitter,26,SAS,C,60,6,12.3,1.7,3.2,0.529,0.0,0.0,0.0,1.7,3.2,0.532,0.529,1.3,2.3,0.543,1.2,2.2,3.4,0.4,0.5,0.3,0.5,1.5,4.6,,2011
Tibor Pleiß,26,UTA,C,12,0,6.8,0.9,2.1,0.44,0.0,0.2,0.0,0.9,1.9,0.478,0.44,0.2,0.2,1.0,0.5,0.8,1.3,0.2,0.1,0.2,0.7,1.6,2.0,,2016
Tierre Brown,24,NOH,PG,3,0,5.7,0.7,1.3,0.5,0.0,0.0,0.0,0.7,1.3,0.5,0.5,0.7,1.3,0.5,0.0,0.3,0.3,0.7,0.0,0.0,2.3,0.3,2.0,,2004
Tim Breaux,27,MIL,SF,6,0,5.0,0.7,1.8,0.364,0.2,0.5,0.333,0.5,1.3,0.375,0.409,0.2,0.3,0.5,0.0,0.3,0.3,0.3,0.3,0.2,0.2,0.2,1.7,,1998
Tim Duncan,39,SAS,C,61,60,25.2,3.5,7.2,0.488,0.0,0.0,0.0,3.5,7.2,0.49,0.488,1.5,2.1,0.702,1.9,5.4,7.3,2.7,0.8,1.3,1.5,2.0,8.6,,2016
Tim Frazier,31,CLE,PG,2,0,4.0,0.5,1.0,0.5,0.0,0.0,0.0,0.5,1.0,0.5,0.5,0.0,0.0,0.0,0.0,0.0,0.0,0.5,0.0,0.0,1.0,1.5,1.0,,2022
Tim Hardaway,36,IND,PG,10,0,12.7,1.8,4.9,0.367,1.1,3.1,0.355,0.7,1.8,0.389,0.48,0.2,0.4,0.5,0.1,1.4,1.5,2.4,0.9,0.0,1.1,0.8,4.9,,2003
Tim Hardaway Jr.,23,ATL,SG,51,1,16.9,2.2,5.2,0.43,0.9,2.8,0.338,1.3,2.4,0.537,0.521,1.0,1.1,0.893,0.1,1.5,1.7,1.0,0.4,0.1,0.5,0.9,6.4,,2016
Tim James,25,PHI,SF,9,0,4.6,0.6,1.4,0.385,0.0,0.0,0.0,0.6,1.4,0.385,0.385,0.2,0.7,0.333,0.6,0.2,0.8,0.1,0.0,0.1,0.3,0.6,1.3,,2002
Tim Kempton,32,ATL,PF,3,0,3.7,0.0,0.0,0.0,0.0,0.0,0.0,0.0,0.0,0.0,0.0,0.0,0.0,0.0,0.0,0.7,0.7,0.3,0.0,0.0,0.3,1.7,0.0,,1996
Tim Legler,26,UTA,SG,3,0,1.7,0.3,1.0,0.333,0.0,0.0,0.0,0.3,1.0,0.333,0.333,0.0,0.0,0.0,0.0,0.3,0.3,0.0,0.0,0.0,0.0,0.0,0.7,,1993
Tim McCormick,29,NYK,C,22,0,4.9,0.6,1.5,0.424,0.0,0.0,0.0,0.6,1.5,0.424,0.424,0.6,1.0,0.667,0.6,0.9,1.5,0.4,0.1,0.0,0.4,0.8,1.9,,1992
Tim Ohlbrecht,24,HOU,C,3,0,4.0,0.3,1.0,0.333,0.0,0.0,0.0,0.3,1.0,0.333,0.333,0.3,0.3,1.0,0.0,0.3,0.3,0.3,0.3,0.0,1.3,0.3,1.0,,2013
Tim Perry,29,PHI,PF,42,1,10.6,0.6,1.9,0.346,0.0,0.3,0.0,0.6,1.5,0.422,0.346,0.5,1.0,0.55,0.9,1.2,2.1,0.3,0.2,0.4,0.5,1.2,1.8,,1995
Tim Quarterman,23,HOU,SG,3,0,4.3,0.3,1.0,0.333,0.0,0.7,0.0,0.3,0.3,1.0,0.333,0.7,0.7,1.0,0.0,1.0,1.0,0.3,0.0,0.0,0.7,0.3,1.3,,2018
Tim Thomas,28,CHI,SF,3,0,10.7,2.0,5.3,0.375,0.3,2.0,0.167,1.7,3.3,0.5,0.406,0.0,0.0,0.0,0.0,1.3,1.3,0.7,0.0,0.3,0.3,0.3,4.3,,2006
Tim Young,23,GSW,C,25,0,5.5,0.5,1.6,0.333,0.0,0.0,0.0,0.5,1.6,0.333,0.333,1.1,1.4,0.778,0.5,0.9,1.4,0.2,0.1,0.0,0.4,0.7,2.2,,2000
Timmy Allen,24,MEM,SF,5,0,25.0,1.2,4.6,0.261,0.0,1.4,0.0,1.2,3.2,0.375,0.261,0.2,0.4,0.5,0.8,2.6,3.4,1.0,0.8,0.0,0.4,3.6,2.6,,2024
Timofey Mozgov,24,DEN,C,11,0,6.0,1.0,1.9,0.524,0.0,0.0,0.0,1.0,1.9,0.524,0.524,0.5,0.7,0.75,0.5,1.1,1.5,0.0,0.1,0.2,0.3,0.7,2.5,,2011
Timothé Luwawu-Cabarrot,23,OKC,SF,21,1,5.9,0.6,2.0,0.302,0.2,1.0,0.227,0.4,1.0,0.381,0.36,0.2,0.3,0.667,0.2,0.7,0.9,0.2,0.2,0.0,0.2,0.7,1.7,,2019
Tito Horford,28,WSB,C,3,0,9.3,0.0,0.7,0.0,0.0,0.0,0.0,0.0,0.7,0.0,0.0,0.0,0.0,0.0,0.3,0.7,1.0,0.0,0.3,1.0,0.3,1.0,0.0,,1994
Tito Maddox,21,HOU,SG,9,0,3.9,0.3,1.3,0.25,0.0,0.3,0.0,0.3,1.0,0.333,0.25,0.6,0.9,0.625,0.1,0.7,0.8,0.6,0.3,0.1,0.3,0.4,1.2,,2003
Tobias Harris,20,MIL,SF,28,14,11.6,1.9,4.1,0.461,0.3,0.8,0.333,1.6,3.4,0.489,0.491,0.8,0.9,0.885,0.6,1.4,2.0,0.5,0.3,0.3,0.6,1.1,4.9,,2013
Toby Bailey,23,PHO,SG,27,10,9.2,1.3,3.2,0.395,0.0,0.2,0.2,1.2,3.0,0.407,0.401,0.3,0.5,0.692,0.9,1.1,2.0,0.5,0.3,0.1,0.4,0.9,2.9,,1999
Tod Murphy,30,GSW,PF,2,0,5.0,0.0,0.0,0.0,0.0,0.0,0.0,0.0,0.0,0.0,0.0,0.0,0.0,0.0,0.0,0.5,0.5,0.5,0.0,0.0,0.0,1.0,0.0,,1994
Todd Day,31,MIN,SG,31,0,11.1,1.4,3.8,0.373,0.8,2.2,0.377,0.6,1.6,0.367,0.483,0.6,0.7,0.783,0.3,0.9,1.2,0.9,0.3,0.2,0.8,1.7,4.3,,2001
Todd Fuller,26,MIA,C,10,0,7.7,1.0,3.5,0.286,0.0,0.0,0.0,1.0,3.5,0.286,0.286,0.8,0.8,1.0,0.7,1.1,1.8,0.1,0.3,0.2,0.3,1.0,2.8,,2001
Todd Lichti,27,ORL,SG,4,0,5.0,1.0,2.3,0.444,0.0,0.0,0.0,1.0,2.3,0.444,0.444,0.0,0.0,0.0,0.8,0.3,1.0,0.5,0.5,0.0,0.5,0.8,2.0,,1994
Todd MacCulloch,24,PHI,C,56,6,9.4,1.6,2.9,0.553,0.0,0.0,0.0,1.6,2.9,0.553,0.553,0.5,1.0,0.519,0.9,1.8,2.6,0.2,0.2,0.7,0.5,1.7,3.7,,2000
Todd Mundt,25,BOS,C,9,0,3.7,0.3,1.0,0.333,0.0,0.0,0.0,0.3,1.0,0.333,0.333,0.0,0.0,0.0,0.1,0.2,0.3,0.1,0.1,0.1,0.0,0.7,0.7,,1996
Tom Chambers,37,CHH,PF,12,5,6.9,0.6,2.6,0.226,0.2,0.3,0.667,0.4,2.3,0.179,0.258,0.3,0.3,0.75,0.3,0.9,1.2,0.3,0.1,0.0,0.8,1.2,1.6,,1997
Tom Copa,27,SAS,C,33,1,4.0,0.7,1.2,0.55,0.0,0.0,0.0,0.7,1.2,0.55,0.55,0.1,0.4,0.308,0.4,0.7,1.1,0.1,0.1,0.2,0.2,0.9,1.5,,1992
Tom Garrick,25,DAL,SG,6,0,10.5,0.7,2.8,0.235,0.0,0.2,0.0,0.7,2.7,0.25,0.235,0.3,0.3,1.0,0.3,0.7,1.0,2.8,1.3,0.0,0.7,1.2,1.7,,1992
Tom Gugliotta,35,BOS,PF,20,0,10.9,0.6,1.9,0.297,0.0,0.0,0.0,0.6,1.9,0.297,0.297,0.2,0.3,0.667,0.8,1.4,2.2,0.6,0.5,0.2,0.5,1.2,1.3,,2005
Tom Hammonds,33,MIN,PF,7,0,4.3,0.4,1.4,0.3,0.0,0.0,0.0,0.4,1.4,0.3,0.3,0.1,0.3,0.5,0.3,0.3,0.6,0.1,0.0,0.0,0.4,1.1,1.0,,2001
Tom Hovasse,28,ATL,SF,2,0,2.0,0.0,0.5,0.0,0.0,0.5,0.0,0.0,0.0,0.0,0.0,0.0,0.0,0.0,0.0,0.0,0.0,0.0,0.5,0.0,0.0,0.5,0.0,,1995
Tom Tolbert,29,CHH,PF,10,0,5.7,0.6,1.8,0.333,0.0,0.4,0.0,0.6,1.4,0.429,0.333,0.2,0.2,1.0,0.7,1.0,1.7,0.2,0.0,0.0,0.3,0.9,1.4,,1995
Tomáš Satoranský,25,WAS,SG,57,3,12.6,1.1,2.6,0.415,0.2,0.6,0.243,0.9,1.9,0.473,0.446,0.4,0.6,0.697,0.4,1.0,1.5,1.6,0.5,0.1,0.7,1.1,2.7,,2017
Toney Douglas,27,GSW,PG,24,0,11.0,1.3,3.6,0.372,0.8,2.5,0.322,0.5,1.1,0.481,0.483,0.2,0.3,0.625,0.2,0.9,1.1,0.8,0.3,0.1,0.7,1.4,3.7,,2014
Toni Kukoč,37,MIL,PF,65,0,15.7,1.8,4.6,0.389,0.7,2.3,0.306,1.1,2.3,0.47,0.465,0.6,0.9,0.714,0.4,1.9,2.3,2.1,0.5,0.3,1.0,1.3,4.9,,2006
Tony Allen,36,NOP,SF,22,0,12.4,2.0,4.1,0.484,0.2,0.5,0.333,1.8,3.6,0.506,0.505,0.5,1.0,0.524,0.9,1.2,2.1,0.4,0.5,0.1,0.9,2.2,4.7,,2018
Tony Battie,35,PHI,C,27,11,10.9,0.7,1.9,0.373,0.0,0.0,0.0,0.7,1.9,0.38,0.373,0.1,0.1,1.0,0.3,2.2,2.5,0.6,0.1,0.2,0.1,1.0,1.6,,2012
Tony Bennett,24,CHH,PG,74,5,13.3,1.4,3.6,0.399,0.4,1.0,0.36,1.1,2.5,0.415,0.451,0.1,0.2,0.733,0.2,1.0,1.2,2.2,0.5,0.0,0.5,1.1,3.4,,1994
Tony Bobbitt,25,LAL,SG,2,0,6.0,1.0,2.5,0.4,0.5,1.0,0.5,0.5,1.5,0.333,0.5,0.0,0.0,0.0,0.0,1.5,1.5,0.0,0.0,0.0,0.0,0.5,2.5,,2005
Tony Bradley,20,UTA,C,9,0,3.2,0.3,1.2,0.273,0.0,0.1,0.0,0.3,1.1,0.3,0.273,0.2,0.2,1.0,0.4,0.8,1.2,0.1,0.0,0.0,0.0,0.1,0.9,,2018
Tony Brown,30,LAL,SF,7,0,3.9,0.3,0.4,0.667,0.1,0.1,1.0,0.1,0.3,0.5,0.833,0.0,0.0,0.0,0.0,0.6,0.6,0.4,0.0,0.0,0.6,1.1,0.7,,1991
Tony Campbell,32,CLE,SF,78,0,14.5,2.1,5.0,0.411,0.2,0.5,0.357,1.9,4.5,0.417,0.43,1.7,2.0,0.83,0.8,1.2,2.0,0.9,0.4,0.1,0.8,1.6,6.0,,1995
Tony Dawson,23,SAC,SF,4,0,4.3,1.0,1.8,0.571,0.3,0.3,1.0,0.8,1.5,0.5,0.643,0.0,0.0,0.0,0.5,0.0,0.5,0.0,0.0,0.0,0.3,0.0,2.3,,1991
Tony Delk,32,ATL,SG,1,0,7.0,0.0,1.0,0.0,0.0,0.0,0.0,0.0,1.0,0.0,0.0,2.0,2.0,1.0,1.0,1.0,2.0,0.0,0.0,0.0,0.0,0.0,2.0,,2006
Tony Dumas,25,CLE,SG,7,0,6.7,0.9,1.7,0.5,0.3,0.6,0.5,0.6,1.1,0.5,0.583,0.0,0.4,0.0,0.1,0.6,0.7,0.7,0.0,0.0,0.7,0.7,2.0,,1998
Tony Farmer,28,CHH,C,27,2,6.3,0.6,2.0,0.321,0.1,0.3,0.222,0.6,1.6,0.341,0.34,1.1,1.4,0.795,0.6,0.6,1.2,0.2,0.4,0.1,0.3,0.9,2.5,,1998
Tony Harris,23,PHI,SG,6,0,6.8,0.7,2.7,0.25,0.0,0.3,0.0,0.7,2.3,0.286,0.25,0.3,0.7,0.5,0.0,0.2,0.2,0.0,0.2,0.0,0.5,0.8,1.7,,1991
Tony Massenburg,24,CHH,PF,3,0,4.3,0.0,1.0,0.0,0.0,0.0,0.0,0.0,1.0,0.0,0.0,0.3,0.7,0.5,0.3,1.0,1.3,0.0,0.3,0.0,1.3,0.7,0.3,,1992
Tony Mitchell,21,DET,PF,21,0,3.8,0.2,0.6,0.417,0.0,0.0,1.0,0.2,0.5,0.364,0.458,0.5,0.9,0.579,0.7,0.5,1.2,0.1,0.3,0.1,0.2,0.4,1.0,,2014
Tony Parker,35,SAS,PG,55,21,19.5,3.2,7.1,0.459,0.2,0.7,0.27,3.1,6.4,0.479,0.472,1.0,1.4,0.705,0.1,1.6,1.7,3.5,0.5,0.0,1.2,0.9,7.7,,2018
Tony Smith,29,MIL,PG,7,0,11.4,1.1,3.4,0.333,0.0,0.6,0.0,1.1,2.9,0.4,0.333,0.4,0.6,0.75,0.6,0.4,1.0,1.4,0.7,0.3,1.3,1.0,2.7,,1998
Tony Snell,30,POR,SG,38,10,14.4,0.9,2.6,0.371,0.6,2.0,0.32,0.3,0.6,0.545,0.495,0.1,0.1,1.0,0.3,1.6,1.9,0.5,0.2,0.2,0.3,1.2,2.6,,2022
Tony Wroten,19,MEM,SG,35,0,7.8,0.9,2.5,0.384,0.1,0.5,0.25,0.8,2.0,0.414,0.407,0.6,0.8,0.724,0.4,0.4,0.8,1.2,0.2,0.1,0.8,1.0,2.6,,2013
Tornike Shengelia,22,CHI,SF,9,0,1.9,0.2,0.4,0.5,0.0,0.0,0.0,0.2,0.4,0.5,0.5,0.0,0.0,0.0,0.0,0.2,0.2,0.2,0.1,0.0,0.1,0.2,0.4,,2014
Torraye Braggs,28,HOU,PF,7,0,3.4,0.4,1.0,0.429,0.0,0.0,0.0,0.4,1.0,0.429,0.429,0.0,0.0,0.0,1.0,0.7,1.7,0.0,0.0,0.0,0.3,0.6,0.9,,2005
Torrey Craig,30,MIL,SF,18,0,11.2,1.0,2.6,0.391,0.4,1.2,0.364,0.6,1.3,0.417,0.478,0.1,0.1,0.5,0.7,1.7,2.4,0.9,0.5,0.4,0.3,1.3,2.5,,2021
Tosan Evbuomwan,22,MEM,SF,4,0,18.5,1.0,3.8,0.267,0.5,2.0,0.25,0.5,1.8,0.286,0.333,0.0,0.0,0.0,2.0,1.5,3.5,1.5,0.0,0.3,0.3,1.3,2.5,,2024
Toumani Camara,23,POR,PF,70,49,24.8,2.8,6.3,0.45,0.8,2.5,0.337,2.0,3.8,0.523,0.516,1.1,1.4,0.758,2.0,2.9,4.9,1.2,0.9,0.5,1.2,2.5,7.5,,2024
Toure' Murry,25,UTA,PG,1,0,1.0,0.0,1.0,0.0,0.0,0.0,0.0,0.0,1.0,0.0,0.0,0.0,0.0,0.0,0.0,0.0,0.0,0.0,0.0,0.0,0.0,0.0,0.0,,2015
Tracy McGrady,30,HOU,SG,6,0,7.7,1.2,3.2,0.368,0.2,0.3,0.5,1.0,2.8,0.353,0.395,0.7,1.0,0.667,0.0,0.8,0.8,1.0,0.0,0.3,0.2,0.3,3.2,,2010
Tracy Moore,28,DET,SG,3,0,3.3,0.7,1.0,0.667,0.0,0.0,0.0,0.7,1.0,0.667,0.667,0.7,0.7,1.0,0.0,0.3,0.3,0.0,0.7,0.0,0.0,0.0,2.0,,1994
Tracy Murray,32,POR,SF,7,0,5.0,0.4,1.7,0.25,0.3,0.7,0.4,0.1,1.0,0.143,0.333,0.0,0.1,0.0,0.4,0.3,0.7,0.1,0.1,0.0,0.3,0.4,1.1,,2004
Trae Young,20,ATL,PG,81,81,30.9,6.5,15.5,0.418,1.9,6.0,0.324,4.6,9.6,0.477,0.48,4.2,5.1,0.829,0.8,2.9,3.7,8.1,0.9,0.2,3.8,1.7,19.1,ROY-2,2019
Trajan Langdon,25,CLE,SG,44,0,10.8,1.6,4.0,0.398,0.6,1.7,0.365,1.0,2.3,0.422,0.474,1.0,1.0,0.913,0.3,1.0,1.3,1.4,0.3,0.1,0.9,1.1,4.8,,2002
Travis Best,31,DAL,PG,61,1,12.5,1.0,2.8,0.372,0.0,0.3,0.15,1.0,2.5,0.401,0.381,0.7,0.8,0.87,0.3,0.8,1.1,1.8,0.5,0.1,0.5,1.1,2.8,,2004
Travis Diener,27,POR,PG,5,0,5.2,0.2,0.8,0.25,0.0,0.4,0.0,0.2,0.4,0.5,0.25,0.2,0.4,0.5,0.0,0.2,0.2,0.8,0.2,0.0,0.0,0.2,0.6,,2010
Travis Hansen,25,ATL,SF,41,4,12.4,1.1,3.2,0.354,0.2,0.7,0.3,0.9,2.4,0.37,0.388,0.5,0.7,0.815,0.7,1.0,1.7,0.5,0.2,0.2,0.4,1.6,3.0,,2004
Travis Knight,26,NYK,C,45,0,5.7,0.2,1.2,0.189,0.0,0.0,0.0,0.2,1.2,0.192,0.189,0.2,0.4,0.5,0.4,0.8,1.2,0.1,0.1,0.2,0.2,1.0,0.6,,2001
Travis Leslie,21,LAC,SG,10,0,4.5,0.5,1.4,0.357,0.0,0.0,0.0,0.5,1.4,0.357,0.357,0.4,0.9,0.444,0.6,0.3,0.9,0.5,0.2,0.2,0.2,0.4,1.4,,2012
Travis Mays,24,ATL,PG,49,9,16.1,2.6,6.3,0.417,0.6,1.7,0.345,2.0,4.6,0.444,0.464,1.1,1.7,0.659,0.4,0.7,1.1,1.5,0.4,0.1,1.0,1.2,7.0,,1993
Travis Outlaw,19,POR,PF,8,0,2.4,0.4,0.9,0.429,0.0,0.0,0.0,0.4,0.9,0.429,0.429,0.3,0.5,0.5,0.3,0.3,0.5,0.1,0.1,0.0,0.1,0.1,1.0,,2004
Travis Wear,24,NYK,SF,51,1,13.2,1.6,4.1,0.402,0.2,0.6,0.367,1.4,3.5,0.408,0.428,0.4,0.5,0.769,0.6,1.5,2.1,0.8,0.3,0.2,0.7,1.1,3.9,,2015
Travis Williams,29,CHH,SF,8,0,7.8,0.8,1.6,0.462,0.0,0.0,0.0,0.8,1.6,0.462,0.462,0.4,0.5,0.75,0.8,1.6,2.4,0.3,0.3,0.1,0.8,1.3,1.9,,1999
Trayce Jackson-Davis,23,GSW,PF,68,16,16.6,3.4,4.9,0.702,0.0,0.0,0.0,3.4,4.9,0.704,0.702,1.1,1.9,0.561,2.0,3.0,5.0,1.2,0.4,1.1,0.7,1.6,7.9,,2024
Trayvon Palmer,27,DET,SG,1,0,17.0,0.0,1.0,0.0,0.0,0.0,0.0,0.0,1.0,0.0,0.0,0.0,0.0,0.0,0.0,2.0,2.0,0.0,0.0,0.0,1.0,2.0,0.0,,2022
Tre Jones,21,SAS,PG,37,1,7.3,1.0,2.1,0.474,0.1,0.1,0.6,0.9,2.0,0.466,0.494,0.5,0.5,0.895,0.2,0.4,0.6,1.1,0.2,0.0,0.4,0.4,2.5,,2021
Tre Mann,22,OKC,PG,13,0,9.2,1.5,3.1,0.5,0.6,1.5,0.421,0.9,1.6,0.571,0.6,0.1,0.1,1.0,0.3,1.5,1.8,1.5,0.2,0.0,0.7,0.2,3.8,,2024
Tre Scott,25,CLE,SF,2,0,5.5,1.5,3.0,0.5,0.0,0.5,0.0,1.5,2.5,0.6,0.5,0.0,0.0,0.0,0.5,0.5,1.0,0.0,0.5,0.5,0.0,1.0,3.0,,2022
Tree Rollins,37,HOU,C,42,0,5.9,0.3,1.0,0.268,0.0,0.0,0.0,0.3,0.9,0.282,0.268,0.2,0.3,0.75,0.3,1.1,1.4,0.2,0.1,0.4,0.2,1.0,0.7,,1993
Tremaine Fowlkes,27,DET,SF,36,0,7.3,0.4,1.3,0.313,0.0,0.2,0.125,0.4,1.1,0.35,0.323,0.4,0.5,0.722,0.5,1.0,1.5,0.4,0.3,0.1,0.3,1.0,1.2,,2004
Tremont Waters,24,WAS,PG,1,0,8.0,1.0,2.0,0.5,0.0,0.0,0.0,1.0,2.0,0.5,0.5,0.0,0.0,0.0,0.0,0.0,0.0,0.0,1.0,0.0,0.0,2.0,2.0,,2022
Trendon Watford,23,BRK,PF,63,2,13.6,2.6,4.9,0.527,0.4,1.1,0.397,2.2,3.9,0.564,0.571,1.2,1.5,0.794,0.8,2.3,3.1,1.3,0.4,0.3,1.0,1.7,6.9,,2024
Trent Forrest,25,ATL,SG,38,0,10.9,0.9,2.4,0.378,0.1,0.3,0.2,0.8,2.1,0.4,0.389,0.3,0.4,0.765,0.3,1.1,1.3,2.4,0.3,0.1,0.5,0.7,2.2,,2024
Trent Tucker,33,CHI,SG,69,0,13.2,2.1,4.3,0.485,0.8,1.9,0.397,1.3,2.4,0.555,0.573,0.3,0.3,0.818,0.2,0.8,1.0,1.2,0.3,0.1,0.3,0.9,5.2,,1993
Trenton Hassell,28,NJN,SG,26,0,11.9,0.8,2.1,0.364,0.0,0.2,0.2,0.7,1.9,0.38,0.373,0.2,0.3,0.75,0.3,1.2,1.5,0.6,0.2,0.1,0.3,1.3,1.8,,2008
Trevelin Queen,26,ORL,SG,14,0,11.8,1.0,2.7,0.368,0.2,1.2,0.176,0.8,1.5,0.524,0.408,0.6,0.9,0.75,0.2,1.2,1.4,1.3,0.5,0.4,0.5,1.1,2.9,,2024
Treveon Graham,23,CHO,SG,27,1,7.0,0.7,1.5,0.475,0.3,0.6,0.6,0.4,0.9,0.4,0.588,0.4,0.6,0.667,0.2,0.6,0.8,0.2,0.2,0.0,0.1,0.7,2.1,,2017
Trevon Duval,20,MIL,PG,3,0,2.0,0.7,1.0,0.667,0.3,0.3,1.0,0.3,0.7,0.5,0.833,0.0,0.0,0.0,0.0,0.3,0.3,0.7,0.0,0.0,0.0,0.0,1.7,,2019
Trevor Ariza,22,ORL,SF,11,0,10.5,1.3,2.8,0.452,0.0,0.3,0.0,1.3,2.5,0.5,0.452,0.7,1.4,0.533,0.5,1.7,2.2,0.7,0.5,0.3,0.5,0.8,3.3,,2008
Trevor Booker,30,PHI,PF,33,0,15.0,1.8,3.3,0.56,0.1,0.2,0.286,1.8,3.1,0.578,0.569,1.0,1.2,0.821,1.4,2.3,3.7,0.8,0.5,0.3,0.6,1.5,4.7,,2018
Trevor Hudgins,23,HOU,PG,5,0,5.6,0.4,1.8,0.222,0.4,1.6,0.25,0.0,0.2,0.0,0.333,0.6,0.6,1.0,0.0,0.0,0.0,0.6,0.0,0.0,0.2,0.2,1.8,,2023
Trevor Keels,19,NYK,SG,3,0,2.7,0.3,1.3,0.25,0.3,1.3,0.25,0.0,0.0,0.0,0.375,0.0,0.0,0.0,0.0,0.7,0.7,0.0,0.0,0.0,0.0,0.0,1.0,,2023
Trevor Ruffin,24,PHO,PG,49,1,6.5,1.7,4.0,0.426,0.8,2.0,0.384,0.9,2.0,0.469,0.523,0.6,0.8,0.711,0.2,0.3,0.5,1.0,0.3,0.0,1.0,1.1,4.8,,1995
Trevor Wilson,22,ATL,PF,25,0,6.5,0.8,2.8,0.3,0.0,0.1,0.0,0.8,2.7,0.309,0.3,0.5,1.0,0.5,0.6,1.0,1.6,0.4,0.2,0.0,0.7,0.5,2.2,,1991
Trevor Winter,25,MIN,C,1,0,5.0,0.0,0.0,0.0,0.0,0.0,0.0,0.0,0.0,0.0,0.0,0.0,0.0,0.0,1.0,2.0,3.0,0.0,0.0,0.0,0.0,5.0,0.0,,1999
Trey Burke,24,WAS,PG,57,0,12.3,2.0,4.5,0.455,0.5,1.2,0.443,1.5,3.2,0.459,0.516,0.4,0.5,0.759,0.1,0.7,0.8,1.8,0.2,0.1,0.8,0.9,5.0,,2017
Trey Gilder,25,MEM,SF,2,0,2.5,0.5,0.5,1.0,0.0,0.0,0.0,0.5,0.5,1.0,1.0,0.0,0.0,0.0,0.0,0.5,0.5,0.0,0.5,0.0,0.0,0.0,1.0,,2010
Trey Jemison,24,WAS,C,2,0,0.5,0.0,0.0,0.0,0.0,0.0,0.0,0.0,0.0,0.0,0.0,0.0,0.0,0.0,0.0,0.5,0.5,0.0,0.0,0.0,0.5,0.0,0.0,,2024
Trey Johnson,24,CLE,SG,4,0,3.5,0.0,1.3,0.0,0.0,0.0,0.0,0.0,1.3,0.0,0.0,1.0,1.0,1.0,0.0,0.3,0.3,0.0,0.0,0.0,0.3,1.0,1.0,,2009
Trey Lyles,25,SAS,PF,23,9,15.6,1.9,3.9,0.478,0.6,1.7,0.35,1.3,2.2,0.58,0.556,0.7,1.0,0.652,0.4,3.3,3.7,0.6,0.3,0.0,0.3,0.6,5.0,,2021
Trey McKinney-Jones,27,IND,SG,1,0,1.0,0.0,0.0,0.0,0.0,0.0,0.0,0.0,0.0,0.0,0.0,0.0,0.0,0.0,0.0,0.0,0.0,0.0,0.0,0.0,0.0,0.0,0.0,,2018
Trey Murphy III,21,NOP,SF,62,1,13.9,1.8,4.5,0.394,1.1,3.0,0.382,0.6,1.5,0.418,0.522,0.7,0.8,0.882,0.8,1.6,2.4,0.6,0.4,0.1,0.3,1.0,5.4,,2022
Trey Thompkins,21,LAC,C,24,0,5.0,1.0,2.5,0.393,0.2,0.5,0.308,0.8,2.0,0.417,0.426,0.2,0.3,0.714,0.2,0.8,1.0,0.1,0.1,0.1,0.3,0.4,2.4,,2012
Tristan Thompson,32,CLE,C,49,0,11.2,1.5,2.4,0.608,0.0,0.0,0.0,1.5,2.4,0.613,0.608,0.3,1.1,0.288,1.5,2.1,3.6,1.0,0.2,0.3,0.6,1.2,3.3,,2024
Tristan Vukcevic,20,WAS,C,10,4,15.3,2.9,6.7,0.433,1.0,3.6,0.278,1.9,3.1,0.613,0.507,1.7,2.2,0.773,0.6,3.0,3.6,1.3,0.5,0.7,1.0,2.8,8.5,,2024
Troy Bell,23,MEM,PG,6,0,5.7,0.7,3.0,0.222,0.0,0.7,0.0,0.7,2.3,0.286,0.222,0.5,0.5,1.0,0.5,0.2,0.7,0.7,0.2,0.0,1.0,1.0,1.8,,2004
Troy Brown Jr.,24,2TM,SF,59,15,14.0,1.4,3.8,0.372,0.8,2.4,0.333,0.6,1.4,0.435,0.476,0.5,0.6,0.865,0.4,2.0,2.4,1.0,0.4,0.1,0.5,0.7,4.2,,2024
Troy Caupain,23,ORL,PG,4,0,4.0,1.0,2.0,0.5,0.5,0.8,0.667,0.5,1.3,0.4,0.625,0.0,0.0,0.0,0.3,0.5,0.8,1.0,0.3,0.0,0.0,0.0,2.5,,2019
Troy Daniels,23,HOU,SG,17,0,6.4,0.9,2.8,0.319,0.8,2.5,0.302,0.1,0.2,0.5,0.457,0.2,0.2,0.75,0.0,0.4,0.4,0.2,0.0,0.0,0.3,0.8,2.7,,2015
Troy Hudson,21,UTA,PG,8,0,2.9,0.8,1.8,0.429,0.0,0.4,0.0,0.8,1.4,0.545,0.429,0.0,0.0,0.0,0.1,0.1,0.3,0.5,0.3,0.0,0.1,0.1,1.5,,1998
Troy Murphy,30,BOS,PF,17,0,10.5,0.9,2.2,0.421,0.1,0.6,0.1,0.9,1.6,0.536,0.434,0.6,0.8,0.846,0.6,1.6,2.2,0.4,0.5,0.1,0.4,1.1,2.6,,2011
Troy Williams,23,HOU,SF,4,0,4.3,0.5,2.3,0.222,0.0,1.3,0.0,0.5,1.0,0.5,0.222,0.3,0.8,0.333,0.3,0.8,1.0,0.3,0.3,0.0,0.3,0.5,1.3,,2018
Ty Jerome,26,CLE,SG,2,0,7.5,1.0,2.0,0.5,0.0,0.5,0.0,1.0,1.5,0.667,0.5,0.0,0.0,0.0,0.5,0.0,0.5,1.5,0.0,0.0,0.5,1.0,2.0,,2024
Ty Lawson,28,IND,PG,13,1,18.1,2.2,5.2,0.418,0.4,1.1,0.357,1.8,4.1,0.434,0.455,0.2,0.5,0.5,0.5,1.9,2.4,4.4,0.8,0.1,1.0,1.2,4.9,,2016
Ty-Shon Alexander,22,PHO,SG,15,0,3.1,0.2,0.8,0.25,0.1,0.6,0.222,0.1,0.2,0.333,0.333,0.1,0.1,0.5,0.1,0.5,0.7,0.4,0.0,0.1,0.2,0.1,0.6,,2021
TyTy Washington Jr.,22,MIL,PG,11,0,5.1,0.5,1.8,0.3,0.2,0.5,0.333,0.4,1.3,0.286,0.35,0.0,0.0,0.0,0.1,0.4,0.5,0.5,0.3,0.0,0.2,0.1,1.3,,2024
Tyler Bey,22,DAL,SF,18,0,3.9,0.4,1.2,0.318,0.1,0.2,0.25,0.3,1.0,0.333,0.341,0.2,0.3,0.6,0.4,0.6,1.1,0.2,0.0,0.1,0.2,0.3,1.0,,2021
Tyler Cavanaugh,24,UTA,PF,11,0,3.5,0.3,0.9,0.3,0.1,0.5,0.2,0.2,0.5,0.4,0.35,0.2,0.2,1.0,0.3,0.5,0.7,0.1,0.0,0.0,0.1,0.3,0.8,,2019
Tyler Cook,23,BRK,PF,4,0,4.3,0.3,0.8,0.333,0.0,0.0,0.0,0.3,0.8,0.333,0.333,0.0,0.0,0.0,0.3,0.3,0.5,0.5,0.0,0.0,0.3,0.5,0.5,,2021
Tyler Davis,21,OKC,C,1,0,1.0,0.0,1.0,0.0,0.0,0.0,0.0,0.0,1.0,0.0,0.0,0.0,0.0,0.0,1.0,0.0,1.0,0.0,0.0,0.0,0.0,0.0,0.0,,2019
Tyler Dorsey,26,DAL,SF,3,0,2.7,1.3,1.7,0.8,0.3,0.7,0.5,1.0,1.0,1.0,0.9,0.0,0.0,0.0,0.3,0.3,0.7,0.0,0.0,0.0,0.0,0.0,3.0,,2023
Tyler Ennis,22,HOU,PG,31,0,6.3,0.8,2.1,0.391,0.2,0.5,0.375,0.6,1.5,0.396,0.438,0.1,0.1,0.667,0.1,0.5,0.6,1.1,0.2,0.0,0.8,0.9,1.9,,2017
Tyler Hall,24,NYK,SG,1,0,2.0,0.0,0.0,0.0,0.0,0.0,0.0,0.0,0.0,0.0,0.0,0.0,0.0,0.0,0.0,0.0,0.0,0.0,0.0,0.0,0.0,0.0,0.0,,2022
Tyler Hansbrough,30,CHO,PF,44,0,7.8,0.7,1.6,0.451,0.0,0.1,0.667,0.7,1.5,0.441,0.465,0.9,1.5,0.585,0.9,1.1,2.0,0.2,0.3,0.2,0.3,1.3,2.4,,2016
Tyler Herro,20,MIA,SG,55,8,27.4,4.9,11.5,0.428,2.1,5.4,0.389,2.8,6.1,0.462,0.52,1.6,1.8,0.87,0.3,3.8,4.1,2.2,0.6,0.2,1.6,1.4,13.5,,2020
Tyler Honeycutt,22,SAC,SF,9,0,3.6,0.3,1.2,0.273,0.0,0.2,0.0,0.3,1.0,0.333,0.273,0.2,0.2,1.0,0.3,0.8,1.1,0.2,0.0,0.1,0.6,0.2,0.9,,2013
Tyler Johnson,29,SAS,PG,3,0,17.7,0.7,3.3,0.2,0.7,2.0,0.333,0.0,1.3,0.0,0.3,0.0,0.0,0.0,0.7,1.3,2.0,1.7,0.7,0.7,0.3,1.0,2.0,,2022
Tyler Lydon,21,DEN,PF,1,0,2.0,0.0,0.0,0.0,0.0,0.0,0.0,0.0,0.0,0.0,0.0,0.0,0.0,0.0,0.0,0.0,0.0,0.0,0.0,0.0,0.0,0.0,0.0,,2018
Tyler Ulis,23,CHI,PG,1,0,1.0,0.0,0.0,0.0,0.0,0.0,0.0,0.0,0.0,0.0,0.0,0.0,0.0,0.0,0.0,0.0,0.0,0.0,0.0,0.0,0.0,0.0,0.0,,2019
Tyler Zeller,29,ATL,C,2,0,5.5,0.0,1.0,0.0,0.0,0.5,0.0,0.0,0.5,0.0,0.0,0.0,0.0,0.0,1.0,2.0,3.0,0.5,0.0,0.0,0.0,2.0,0.0,,2019
Tyreke Evans,27,NOP,SF,26,0,18.2,3.5,8.7,0.401,0.8,2.7,0.3,2.7,6.0,0.446,0.447,1.7,2.2,0.776,0.2,3.1,3.3,3.5,0.9,0.2,1.5,1.6,9.5,,2017
Tyrell Terry,20,DAL,PG,11,0,5.1,0.5,1.5,0.313,0.0,0.6,0.0,0.5,0.8,0.556,0.313,0.1,0.3,0.333,0.0,0.5,0.5,0.5,0.5,0.0,0.2,0.2,1.0,,2021
Tyrese Haliburton,20,SAC,PG,58,20,30.1,5.0,10.7,0.472,2.1,5.1,0.409,2.9,5.6,0.529,0.569,0.8,1.0,0.857,0.7,2.3,3.0,5.3,1.3,0.5,1.6,1.4,13.0,ROY-3,2021
Tyrese Martin,23,ATL,SG,16,0,4.1,0.6,1.4,0.391,0.1,0.4,0.143,0.5,1.0,0.5,0.413,0.1,0.1,1.0,0.3,0.4,0.8,0.1,0.1,0.0,0.1,0.1,1.3,,2023
Tyrese Maxey,20,PHI,SG,61,8,15.3,3.2,7.0,0.462,0.5,1.7,0.301,2.7,5.3,0.512,0.498,1.0,1.1,0.871,0.2,1.5,1.7,2.0,0.4,0.2,0.7,1.3,8.0,,2021
Tyrone Corbin,38,TOR,SF,15,1,7.8,0.6,2.5,0.237,0.0,0.3,0.0,0.6,2.2,0.273,0.237,0.1,0.3,0.5,0.2,0.7,0.9,0.3,0.1,0.0,0.2,1.2,1.3,,2001
Tyrone Hill,35,MIA,PF,5,0,7.6,0.6,1.0,0.6,0.0,0.0,0.0,0.6,1.0,0.6,0.6,0.6,0.8,0.75,1.0,0.6,1.6,0.0,0.0,0.2,0.4,2.0,1.8,,2004
Tyrone Nesby,26,WAS,SF,70,9,21.4,2.6,6.0,0.435,0.2,0.7,0.277,2.4,5.3,0.455,0.45,0.9,1.3,0.688,1.5,3.0,4.5,1.3,0.9,0.3,0.7,2.3,6.3,,2002
Tyrone Wallace,27,NOP,SG,6,0,12.5,1.2,3.3,0.35,0.3,1.3,0.25,0.8,2.0,0.417,0.4,0.2,0.8,0.2,0.0,1.3,1.3,0.2,0.5,0.2,0.3,1.2,2.8,,2022
Tyronn Lue,31,ORL,PG,14,0,9.2,1.2,3.1,0.395,0.4,1.2,0.353,0.8,1.9,0.423,0.465,0.1,0.2,0.667,0.0,0.8,0.8,1.0,0.1,0.0,0.1,0.9,3.0,,2009
Tyrus Thomas,28,MEM,PF,2,0,3.5,0.5,0.5,1.0,0.0,0.0,0.0,0.5,0.5,1.0,1.0,1.0,1.0,1.0,0.0,0.0,0.0,0.5,0.0,0.0,0.0,0.0,2.0,,2015
Tyshawn Taylor,22,BRK,PG,38,0,5.8,0.8,2.3,0.368,0.2,0.3,0.462,0.7,1.9,0.351,0.402,0.4,0.7,0.556,0.1,0.4,0.5,0.6,0.3,0.0,0.7,0.7,2.2,,2013
Tyson Chandler,37,HOU,C,26,5,8.4,0.5,0.7,0.778,0.0,0.0,0.0,0.5,0.7,0.778,0.778,0.2,0.5,0.462,1.0,1.6,2.5,0.2,0.2,0.3,0.3,1.2,1.3,,2020
Tyson Wheeler,23,DEN,PG,1,0,3.0,1.0,1.0,1.0,1.0,1.0,1.0,0.0,0.0,0.0,1.5,1.0,2.0,0.5,0.0,0.0,0.0,2.0,0.0,0.0,0.0,1.0,4.0,,1999
Tyus Edney,27,IND,PG,24,0,11.0,1.5,3.8,0.385,0.0,0.3,0.167,1.4,3.5,0.4,0.39,1.5,1.6,0.897,0.2,0.8,1.0,2.3,0.7,0.0,1.0,0.7,4.4,,2001
Tyus Jones,20,MIN,PG,60,0,12.9,1.3,3.0,0.414,0.4,1.2,0.356,0.8,1.8,0.454,0.486,0.6,0.7,0.767,0.2,1.0,1.1,2.6,0.8,0.1,0.6,0.8,3.5,,2017
Udoka Azubuike,21,UTA,C,15,0,3.8,0.3,0.6,0.444,0.0,0.0,0.0,0.3,0.6,0.444,0.444,0.5,0.7,0.8,0.3,0.6,0.9,0.0,0.1,0.3,0.2,0.6,1.1,,2021
Udonis Haslem,37,MIA,C,14,0,5.1,0.2,1.1,0.2,0.1,0.6,0.125,0.1,0.5,0.286,0.233,0.1,0.1,0.5,0.2,0.5,0.7,0.4,0.0,0.1,0.1,0.2,0.6,,2018
Uroš Slokar,23,TOR,C,20,0,3.6,0.7,1.3,0.538,0.1,0.1,0.5,0.7,1.2,0.542,0.558,0.5,0.7,0.692,0.4,0.4,0.7,0.1,0.1,0.1,0.5,0.6,1.9,,2007
Usman Garuba,21,GSW,PF,6,0,3.0,0.2,1.0,0.167,0.0,0.2,0.0,0.2,0.8,0.2,0.167,0.2,0.3,0.5,0.5,0.7,1.2,0.2,0.2,0.5,0.3,0.3,0.5,,2024
Vander Blue,25,LAL,SG,5,0,9.0,0.2,1.0,0.2,0.0,0.4,0.0,0.2,0.6,0.333,0.2,0.2,0.4,0.5,0.0,0.2,0.2,0.6,0.2,0.0,0.6,0.4,0.6,,2018
Vasilije Micić,30,OKC,PG,30,0,12.0,1.2,3.0,0.407,0.4,1.5,0.244,0.9,1.5,0.565,0.467,0.5,0.6,0.737,0.0,0.8,0.8,2.5,0.3,0.1,1.0,0.7,3.3,,2024
Vassilis Spanoulis,24,HOU,SG,31,0,8.8,0.7,2.3,0.319,0.2,0.9,0.172,0.6,1.4,0.419,0.354,1.1,1.4,0.81,0.2,0.5,0.7,0.9,0.2,0.0,0.9,1.1,2.7,,2007
Vern Fleming,32,IND,PG,55,1,12.5,1.7,3.4,0.495,0.0,0.1,0.0,1.7,3.3,0.514,0.495,1.2,1.6,0.722,0.4,1.2,1.6,2.0,0.5,0.0,0.8,1.5,4.6,,1995
Vernon Carey Jr.,21,WAS,C,11,0,2.5,0.2,0.7,0.25,0.0,0.0,0.0,0.2,0.7,0.25,0.25,0.2,0.2,1.0,0.3,0.7,1.0,0.3,0.2,0.2,0.2,0.5,0.5,,2023
Vernon Macklin,25,DET,C,23,0,5.9,0.8,1.5,0.543,0.0,0.0,0.0,0.8,1.5,0.543,0.543,0.3,0.6,0.571,0.6,0.9,1.5,0.2,0.2,0.2,0.1,0.4,2.0,,2012
Vernon Maxwell,35,DAL,PG,19,0,15.0,1.6,5.2,0.316,0.7,2.5,0.277,0.9,2.7,0.353,0.383,0.3,0.5,0.6,0.1,1.5,1.5,1.1,0.5,0.2,0.9,1.6,4.3,,2001
Viacheslav Kravtsov,26,PHO,C,20,0,3.0,0.4,0.8,0.533,0.0,0.0,0.0,0.4,0.8,0.533,0.533,0.2,0.4,0.5,0.5,0.4,0.9,0.1,0.0,0.1,0.3,0.4,1.0,,2014
Vic Law,24,ORL,PF,8,0,7.8,0.8,2.3,0.333,0.1,0.9,0.143,0.6,1.4,0.455,0.361,0.3,0.8,0.333,0.3,1.1,1.4,0.4,0.3,0.0,0.3,0.8,1.9,,2020
Victor Alexander,32,DET,C,15,0,6.5,1.2,3.4,0.353,0.0,0.1,0.0,1.2,3.3,0.367,0.353,0.3,0.5,0.5,0.5,1.5,1.9,0.4,0.0,0.1,0.3,0.4,2.7,,2002
Victor Claver,25,POR,SF,21,0,8.8,0.8,2.0,0.405,0.1,0.9,0.167,0.7,1.1,0.583,0.44,0.5,0.5,0.909,0.4,1.4,1.9,0.6,0.1,0.1,0.5,0.8,2.2,,2014
Victor Oladipo,30,MIA,SG,42,2,26.3,3.8,9.6,0.397,1.7,5.0,0.33,2.1,4.5,0.471,0.484,1.4,1.9,0.747,0.4,2.7,3.0,3.5,1.4,0.3,2.1,2.4,10.7,,2023
Victor Wembanyama,20,SAS,C,71,71,29.7,7.8,16.7,0.465,1.8,5.5,0.325,6.0,11.2,0.534,0.519,4.1,5.2,0.796,2.3,8.4,10.6,3.9,1.2,3.6,3.7,2.2,21.4,"ROY-1,DPOY-2",2024
Viktor Khryapa,24,CHI,PF,33,0,7.0,0.8,2.1,0.386,0.0,0.2,0.0,0.8,1.9,0.422,0.386,0.6,0.8,0.731,0.6,1.1,1.7,0.6,0.3,0.0,0.5,1.6,2.2,,2007
Vin Baker,33,HOU,C,3,0,4.3,0.0,1.3,0.0,0.0,0.0,0.0,0.0,1.3,0.0,0.0,0.7,0.7,1.0,0.0,0.7,0.7,0.3,0.0,0.0,0.7,2.3,0.7,,2005
Vince Carter,43,ATL,PF,60,0,14.6,1.8,5.1,0.352,1.0,3.4,0.302,0.8,1.7,0.451,0.452,0.4,0.5,0.793,0.3,1.8,2.1,0.8,0.4,0.4,0.6,1.5,5.0,,2020
Vince Edwards,22,HOU,SF,2,0,8.0,0.5,2.0,0.25,0.5,2.0,0.25,0.0,0.0,0.0,0.375,0.0,0.0,0.0,0.5,0.5,1.0,0.0,0.0,0.0,0.0,0.0,1.5,,2019
Vince Hunter,23,MEM,PF,4,0,1.8,0.8,1.3,0.6,0.0,0.0,0.0,0.8,1.3,0.6,0.6,0.0,0.0,0.0,0.5,0.3,0.8,0.0,0.0,0.3,0.3,0.0,1.5,,2018
Vince Williams Jr.,22,MEM,SG,15,1,7.0,0.8,2.7,0.3,0.3,1.9,0.143,0.5,0.8,0.667,0.35,0.1,0.1,1.0,0.3,0.7,1.0,0.3,0.4,0.1,0.3,0.8,2.0,,2023
Vincent Askew,30,NJN,SG,1,0,7.0,0.0,0.0,0.0,0.0,0.0,0.0,0.0,0.0,0.0,0.0,0.0,0.0,0.0,0.0,0.0,0.0,0.0,0.0,0.0,0.0,1.0,0.0,,1997
Vincent Poirier,27,PHI,C,10,0,3.9,0.3,1.2,0.25,0.0,0.1,0.0,0.3,1.1,0.273,0.25,0.2,0.6,0.333,0.6,0.8,1.4,0.2,0.0,0.3,0.4,0.8,0.8,,2021
Vincent Yarbrough,21,DEN,SG,59,39,23.4,2.8,7.3,0.393,0.4,1.3,0.269,2.5,5.9,0.42,0.417,0.8,1.1,0.79,0.6,2.1,2.7,2.2,1.0,0.6,1.4,2.5,6.9,,2003
Vincenzo Esposito,26,TOR,PG,30,0,9.4,1.2,3.3,0.36,0.4,1.9,0.232,0.8,1.5,0.523,0.425,1.0,1.3,0.795,0.1,0.4,0.5,0.8,0.2,0.0,1.3,0.9,3.9,,1996
Vinnie Johnson,35,SAS,SG,60,23,22.5,3.4,8.3,0.405,0.3,1.0,0.317,3.1,7.3,0.417,0.424,0.9,1.4,0.647,1.1,1.9,3.0,2.4,0.7,0.2,1.2,1.6,8.0,,1992
Vinny Del Negro,35,PHO,PG,2,0,3.0,0.5,2.0,0.25,0.0,0.0,0.0,0.5,2.0,0.25,0.25,0.0,0.0,0.0,0.0,0.0,0.0,1.0,0.0,0.0,0.0,0.0,1.0,,2002
Vit Krejci,22,ATL,PG,29,0,5.7,0.5,1.3,0.405,0.2,0.7,0.238,0.3,0.6,0.625,0.473,0.0,0.1,0.5,0.2,0.7,0.9,0.6,0.2,0.0,0.2,0.6,1.2,,2023
Vitaly Potapenko,31,SAC,C,3,0,4.3,0.0,1.3,0.0,0.0,0.0,0.0,0.0,1.3,0.0,0.0,0.0,0.0,0.0,0.0,0.7,0.7,0.0,0.0,0.0,0.7,1.0,0.0,,2007
Vlade Divac,36,LAL,C,15,0,8.7,0.9,2.1,0.419,0.0,0.0,0.0,0.9,2.1,0.419,0.419,0.5,0.8,0.667,1.2,0.9,2.1,1.3,0.3,0.1,0.9,1.7,2.3,,2005
Vladimir Radmanović,32,CHI,PF,25,0,5.8,0.5,1.7,0.302,0.2,1.1,0.185,0.3,0.6,0.5,0.36,0.1,0.1,0.667,0.4,0.7,1.1,0.3,0.3,0.2,0.3,1.2,1.3,,2013
Vladimir Stepania,23,SEA,C,30,1,6.7,1.0,2.6,0.367,0.0,0.2,0.0,1.0,2.4,0.397,0.367,0.6,1.2,0.472,0.7,0.9,1.6,0.1,0.3,0.4,0.7,1.5,2.5,,2000
Vlatko Čančar,22,DEN,PF,14,0,3.2,0.4,1.1,0.4,0.1,0.4,0.167,0.4,0.6,0.556,0.433,0.3,0.3,1.0,0.4,0.4,0.7,0.2,0.1,0.1,0.2,0.5,1.2,,2020
Von Wafer,21,LAC,SF,1,0,1.0,0.0,1.0,0.0,0.0,1.0,0.0,0.0,0.0,0.0,0.0,0.0,0.0,0.0,0.0,0.0,0.0,0.0,0.0,0.0,0.0,0.0,0.0,,2007
Vonteego Cummings,25,PHI,PG,58,1,8.6,1.3,3.2,0.417,0.2,0.8,0.261,1.1,2.4,0.468,0.449,0.4,0.6,0.75,0.2,0.7,0.9,1.0,0.3,0.1,0.6,0.9,3.3,,2002
Voshon Lenard,22,MIA,SG,30,0,10.8,1.8,4.7,0.376,1.2,3.4,0.356,0.6,1.3,0.425,0.504,1.1,1.4,0.791,0.4,1.3,1.7,1.0,0.2,0.0,0.8,1.0,5.9,,1996
Vítor Luiz Faverani,25,BOS,C,37,8,13.2,1.7,4.0,0.435,0.3,1.1,0.3,1.4,2.9,0.486,0.476,0.6,1.0,0.649,1.1,2.3,3.5,0.4,0.4,0.7,1.1,2.0,4.4,,2014
Wade Baldwin,22,POR,PG,16,0,5.9,0.6,2.1,0.303,0.1,0.6,0.222,0.5,1.5,0.333,0.333,0.5,0.7,0.727,0.1,0.8,0.9,0.8,0.1,0.1,0.9,0.7,1.9,,2019
Walker Kessler,22,UTA,C,64,22,23.3,3.6,5.5,0.654,0.1,0.3,0.211,3.5,5.2,0.68,0.66,0.9,1.5,0.602,2.6,4.9,7.5,0.9,0.5,2.4,1.0,2.1,8.1,,2024
Walker Russell,29,DET,PG,28,0,12.8,1.2,3.4,0.347,0.1,0.5,0.308,1.0,2.9,0.354,0.368,0.5,0.8,0.636,0.3,0.7,0.9,2.1,0.6,0.0,1.2,1.0,3.0,,2012
Wally Szczerbiak,31,CLE,SF,74,5,20.6,2.4,5.4,0.45,0.9,2.3,0.411,1.5,3.1,0.478,0.536,1.2,1.4,0.849,0.6,2.6,3.1,1.1,0.4,0.1,0.7,1.8,7.0,,2009
Walt Lemon Jr.,25,NOP,PG,5,0,7.0,1.4,3.2,0.438,0.2,0.2,1.0,1.2,3.0,0.4,0.469,0.4,0.6,0.667,0.0,0.4,0.4,1.0,0.0,0.2,0.8,1.0,3.4,,2018
Walt Williams,32,DAL,SF,66,1,17.6,2.0,5.2,0.393,1.0,2.6,0.374,1.1,2.6,0.412,0.487,0.5,0.8,0.62,0.8,2.3,3.1,0.9,0.6,0.4,0.5,2.1,5.5,,2003
Walter Bond,25,DET,SG,5,0,10.2,0.6,2.4,0.25,0.2,0.8,0.25,0.4,1.6,0.25,0.292,0.6,0.8,0.75,0.2,0.8,1.0,1.4,0.2,0.0,0.6,2.0,2.0,,1995
Walter Davis,36,POR,SG,32,1,13.7,2.7,6.1,0.446,0.0,0.1,0.333,2.7,6.0,0.448,0.449,0.7,0.7,0.913,0.6,1.2,1.8,1.3,0.6,0.0,0.8,1.3,6.1,,1991
Walter Herrmann,28,DET,PF,28,0,7.1,1.1,2.8,0.392,0.4,1.4,0.289,0.7,1.5,0.488,0.462,0.4,0.5,0.8,0.4,0.9,1.3,0.5,0.1,0.0,0.3,0.4,3.0,,2008
Walter McCarty,22,NYK,PF,35,0,5.5,0.7,1.9,0.382,0.1,0.4,0.286,0.6,1.5,0.407,0.412,0.2,0.4,0.571,0.2,0.4,0.7,0.4,0.2,0.3,0.5,1.1,1.8,,1997
Walter Palmer,22,UTA,C,28,0,3.0,0.5,1.6,0.333,0.0,0.0,0.0,0.5,1.6,0.341,0.333,0.4,0.5,0.667,0.2,0.5,0.8,0.2,0.1,0.1,0.2,0.7,1.4,,1991
Walter Sharpe,22,DET,PF,8,0,2.5,0.5,1.4,0.364,0.0,0.3,0.0,0.5,1.1,0.444,0.364,0.0,0.3,0.0,0.0,0.4,0.4,0.0,0.0,0.3,0.0,0.4,1.0,,2009
Wang Zhizhi,26,LAC,C,2,0,4.5,0.0,0.5,0.0,0.0,0.0,0.0,0.0,0.5,0.0,0.0,2.0,2.0,1.0,0.0,2.0,2.0,0.0,0.0,0.5,0.0,0.0,2.0,,2004
Warren Kidd,23,PHI,PF,68,14,13.0,1.5,2.5,0.592,0.0,0.0,0.0,1.5,2.5,0.592,0.592,0.7,1.3,0.547,1.1,2.3,3.4,0.3,0.3,0.3,0.6,1.9,3.6,,1994
Wayman Tisdale,32,PHO,PF,53,15,14.7,3.0,7.0,0.426,0.0,0.0,0.0,3.0,7.0,0.426,0.426,0.6,0.9,0.625,0.7,1.6,2.3,0.4,0.2,0.4,0.7,2.1,6.5,,1997
Wayne Cooper,34,POR,C,67,1,11.1,0.9,2.2,0.393,0.0,0.0,0.0,0.9,2.1,0.396,0.393,0.5,0.6,0.786,0.8,2.0,2.8,0.3,0.1,0.9,0.3,1.8,2.2,,1991
Wayne Ellington,26,DAL,SG,45,1,8.7,1.2,2.8,0.437,0.6,1.3,0.424,0.7,1.5,0.448,0.536,0.2,0.2,0.909,0.2,0.8,1.0,0.4,0.4,0.0,0.2,0.7,3.2,,2014
Wayne Selden,27,NYK,SG,3,0,6.3,0.3,1.3,0.25,0.3,0.7,0.5,0.0,0.7,0.0,0.375,0.7,1.3,0.5,0.0,0.3,0.3,0.3,0.0,0.0,0.0,0.3,1.7,,2022
Wayne Simien,23,MIA,PF,8,0,11.6,1.1,2.9,0.391,0.0,0.0,0.0,1.1,2.9,0.391,0.391,0.6,0.9,0.714,0.6,0.8,1.4,0.5,0.3,0.0,0.4,1.6,2.9,,2007
Wayne Turner,23,BOS,PG,3,0,13.7,0.3,2.0,0.167,0.0,0.0,0.0,0.3,2.0,0.167,0.167,0.7,2.0,0.333,0.3,0.7,1.0,1.7,0.0,0.0,1.0,1.3,1.3,,2000
Wendell Carter Jr.,19,CHI,C,44,44,25.2,4.1,8.4,0.485,0.1,0.7,0.188,4.0,7.7,0.513,0.493,2.0,2.5,0.795,2.0,5.0,7.0,1.8,0.6,1.3,1.5,3.5,10.3,,2019
Wendell Moore Jr.,22,MIN,SG,25,0,3.0,0.4,0.7,0.5,0.0,0.2,0.0,0.4,0.5,0.75,0.5,0.0,0.0,0.0,0.0,0.5,0.5,0.2,0.2,0.0,0.2,0.2,0.7,,2024
Wenyen Gabriel,24,BRK,PF,1,0,1.0,0.0,0.0,0.0,0.0,0.0,0.0,0.0,0.0,0.0,0.0,0.0,0.0,0.0,0.0,1.0,1.0,0.0,0.0,0.0,0.0,0.0,0.0,,2022
Wes Iwundu,26,DAL,SF,23,3,12.5,0.7,2.3,0.327,0.1,1.0,0.13,0.6,1.3,0.483,0.356,0.5,0.6,0.857,0.3,1.7,1.9,0.4,0.4,0.1,0.3,1.1,2.1,,2021
Wesley Johnson,29,LAC,SF,68,3,11.9,1.1,2.9,0.365,0.4,1.7,0.246,0.6,1.2,0.537,0.438,0.2,0.3,0.647,0.4,2.3,2.7,0.3,0.4,0.4,0.3,1.2,2.7,,2017
Wesley Matthews,37,ATL,SG,36,3,11.5,0.9,2.7,0.351,0.7,1.9,0.348,0.3,0.8,0.357,0.474,0.5,0.7,0.75,0.3,1.2,1.5,0.6,0.4,0.3,0.2,1.2,3.1,,2024
Wesley Person,33,MIA,SF,16,3,12.9,1.6,3.6,0.439,0.5,1.3,0.381,1.1,2.3,0.472,0.509,0.3,0.3,1.0,0.1,1.3,1.4,0.7,0.4,0.0,0.4,0.4,3.9,,2005
Will Barton,24,POR,SG,30,0,10.0,1.3,3.3,0.38,0.1,0.6,0.222,1.1,2.7,0.415,0.4,0.3,0.5,0.667,0.1,1.0,1.1,0.9,0.5,0.1,0.6,0.7,3.0,,2015
Will Blalock,23,DET,PG,14,0,11.9,0.6,2.1,0.3,0.1,0.4,0.2,0.6,1.8,0.32,0.317,0.4,0.4,1.0,0.4,0.6,1.1,1.2,0.4,0.0,0.9,0.6,1.8,,2007
Will Bynum,32,WAS,SG,7,0,9.6,1.4,4.4,0.323,0.0,1.3,0.0,1.4,3.1,0.455,0.323,0.3,0.6,0.5,0.3,0.6,0.9,2.6,0.1,0.1,1.1,1.3,3.1,,2015
Will Cherry,23,CLE,PG,8,0,8.6,0.6,2.4,0.263,0.3,1.1,0.222,0.4,1.3,0.3,0.316,0.4,0.8,0.5,0.1,0.5,0.6,1.0,0.8,0.1,0.5,1.3,1.9,,2015
Will Conroy,24,2TM,PG,7,0,7.4,0.0,0.4,0.0,0.0,0.0,0.0,0.0,0.4,0.0,0.0,0.0,0.6,0.0,0.4,0.6,1.0,1.3,0.0,0.0,0.3,1.0,0.0,,2007
Will Magnay,22,NOP,C,1,0,3.0,0.0,1.0,0.0,0.0,1.0,0.0,0.0,0.0,0.0,0.0,0.0,0.0,0.0,0.0,0.0,0.0,0.0,0.0,0.0,1.0,1.0,0.0,,2021
Will Perdue,35,POR,C,13,0,4.5,0.5,0.7,0.667,0.0,0.0,0.0,0.5,0.7,0.667,0.667,0.2,0.3,0.5,0.5,0.9,1.4,0.2,0.2,0.2,0.0,0.6,1.1,,2001
Will Solomon,30,TOR,PG,39,9,13.9,2.0,4.6,0.436,0.4,1.5,0.263,1.6,3.2,0.516,0.478,0.5,0.6,0.833,0.2,0.9,1.1,3.2,0.5,0.1,1.3,1.5,4.9,,2009
William Avery,22,MIN,PG,28,0,9.2,0.9,3.2,0.289,0.2,1.3,0.171,0.7,2.0,0.364,0.322,0.5,0.7,0.684,0.1,0.7,0.9,1.3,0.3,0.0,0.7,0.6,2.5,,2002
William Bedford,29,SAS,C,16,0,4.1,0.6,1.7,0.333,0.1,0.1,1.0,0.5,1.6,0.308,0.352,0.4,0.8,0.5,0.1,0.6,0.6,0.0,0.0,0.1,0.1,0.9,1.6,,1993
William Cunningham,23,PHI,C,1,0,1.0,0.0,0.0,0.0,0.0,0.0,0.0,0.0,0.0,0.0,0.0,0.0,0.0,0.0,0.0,2.0,2.0,0.0,0.0,0.0,0.0,0.0,0.0,,1998
William Howard,26,HOU,PF,2,0,6.5,0.0,2.0,0.0,0.0,2.0,0.0,0.0,0.0,0.0,0.0,0.0,0.0,0.0,0.0,1.0,1.0,0.5,0.0,0.0,0.5,0.5,0.0,,2020
Willie Anderson,30,MIA,SG,28,1,10.8,1.0,2.3,0.453,0.3,0.7,0.421,0.8,1.6,0.467,0.516,0.6,0.7,0.85,0.5,1.0,1.5,1.2,0.5,0.1,0.7,1.3,3.0,,1997
Willie Burton,30,CHH,SF,3,0,6.0,0.3,2.3,0.143,0.0,0.3,0.0,0.3,2.0,0.167,0.143,0.7,1.3,0.5,1.3,0.7,2.0,0.0,0.0,0.0,0.3,0.7,1.3,,1999
Willie Cauley-Stein,28,PHI,C,2,0,3.0,0.0,0.0,0.0,0.0,0.0,0.0,0.0,0.0,0.0,0.0,0.0,0.0,0.0,0.0,1.0,1.0,0.5,0.0,0.0,0.0,1.0,0.0,,2022
Willie Green,32,LAC,SG,55,9,15.8,1.9,4.9,0.376,0.7,2.2,0.339,1.1,2.7,0.407,0.452,0.5,0.6,0.824,0.2,1.2,1.4,0.9,0.4,0.2,0.6,1.7,5.0,,2014
Willie Reed,27,DET,C,3,0,3.0,0.3,0.3,1.0,0.0,0.0,0.0,0.3,0.3,1.0,1.0,0.0,0.0,0.0,0.0,0.3,0.3,0.3,0.0,0.0,0.0,1.0,0.7,,2018
Willie Warren,21,LAC,PG,19,0,7.1,0.7,1.8,0.371,0.3,0.8,0.333,0.4,1.1,0.4,0.443,0.3,0.4,0.75,0.1,0.6,0.6,1.4,0.3,0.0,0.4,0.8,1.9,,2011
Willy Hernangómez,23,NYK,C,26,0,9.0,1.9,3.1,0.605,0.0,0.2,0.2,1.8,2.9,0.632,0.611,0.5,1.1,0.429,0.8,1.7,2.6,0.8,0.3,0.3,1.0,1.2,4.3,,2018
Wilson Chandler,31,LAC,SF,15,1,15.1,1.5,4.4,0.348,0.9,2.7,0.325,0.7,1.7,0.385,0.447,0.3,0.5,0.714,0.3,2.9,3.1,0.7,0.2,0.2,0.5,1.9,4.3,,2019
Winston Bennett,26,MIA,SF,2,0,1.0,0.5,1.0,0.5,0.0,0.0,0.0,0.5,1.0,0.5,0.5,0.0,0.0,0.0,0.5,0.0,0.5,0.0,0.0,0.0,0.0,0.5,1.0,,1992
Winston Garland,28,HOU,PG,66,4,15.2,2.3,5.2,0.443,0.1,0.2,0.462,2.2,5.0,0.442,0.452,1.2,1.3,0.91,0.5,1.2,1.6,2.1,0.6,0.1,1.0,1.8,5.9,,1993
Xavier Cooks,27,WAS,PF,10,1,12.6,1.7,2.8,0.607,0.0,0.1,0.0,1.7,2.7,0.63,0.607,0.4,1.0,0.4,1.6,2.2,3.8,0.6,0.6,0.4,0.8,1.3,3.8,,2023
Xavier Henry,23,LAL,SF,9,0,9.6,0.3,1.4,0.231,0.0,0.0,0.0,0.3,1.4,0.231,0.231,1.6,2.7,0.583,0.2,0.2,0.4,0.3,0.3,0.0,0.3,0.7,2.2,,2015
Xavier McDaniel,34,NJN,SF,20,0,9.0,0.5,1.5,0.333,0.0,0.0,0.0,0.5,1.5,0.333,0.333,0.3,0.4,0.625,0.6,1.0,1.6,0.5,0.2,0.1,0.4,1.2,1.3,,1998
Xavier Moon,28,LAC,SG,4,0,5.0,0.8,2.3,0.333,0.3,0.8,0.333,0.5,1.5,0.333,0.389,0.0,0.0,0.0,0.0,0.8,0.8,1.3,0.0,0.0,0.3,0.5,1.8,,2023
Xavier Munford,25,MIL,SG,6,0,3.5,0.2,1.0,0.167,0.0,0.3,0.0,0.2,0.7,0.25,0.167,0.2,0.3,0.5,0.2,0.0,0.2,0.7,0.2,0.0,0.3,0.7,0.5,,2018
Xavier Rathan-Mayes,23,MEM,SG,5,0,23.6,2.4,8.4,0.286,0.2,2.8,0.071,2.2,5.6,0.393,0.298,0.8,1.8,0.444,0.0,1.0,1.0,3.6,1.2,0.6,2.2,3.6,5.8,,2018
Xavier Silas,30,BOS,SG,2,0,3.5,0.0,1.5,0.0,0.0,1.0,0.0,0.0,0.5,0.0,0.0,0.0,0.0,0.0,0.5,0.5,1.0,0.0,0.5,0.0,0.0,0.5,0.0,,2018
Xavier Sneed,24,MEM,SF,2,0,4.0,0.0,1.0,0.0,0.0,1.0,0.0,0.0,0.0,0.0,0.0,0.0,0.0,0.0,0.5,0.5,1.0,0.0,0.0,0.0,0.0,1.0,0.0,,2022
Xavier Tillman Sr.,25,BOS,PF,20,2,13.7,1.7,3.3,0.515,0.4,1.4,0.286,1.3,1.9,0.684,0.576,0.2,0.4,0.571,0.7,2.0,2.7,1.0,0.5,0.5,0.3,0.8,4.0,,2024
Yakhouba Diawara,27,MIA,SG,6,2,7.3,0.3,1.7,0.2,0.2,1.0,0.167,0.2,0.7,0.25,0.25,0.0,0.0,0.0,0.2,0.5,0.7,0.5,0.2,0.0,0.5,1.3,0.8,,2010
Yante Maten,22,MIA,PF,2,0,6.5,0.5,2.0,0.25,0.0,0.5,0.0,0.5,1.5,0.333,0.25,0.0,0.0,0.0,0.5,1.0,1.5,0.0,0.5,0.0,0.0,0.0,1.0,,2019
Yao Ming,30,HOU,C,5,5,18.2,3.6,7.4,0.486,0.0,0.0,0.0,3.6,7.4,0.486,0.486,3.0,3.2,0.938,1.4,4.0,5.4,0.8,0.0,1.6,1.4,2.6,10.2,AS,2011
Yaroslav Korolev,18,LAC,SF,24,0,5.3,0.4,1.3,0.3,0.1,0.3,0.286,0.3,1.0,0.304,0.333,0.3,0.4,0.7,0.2,0.3,0.5,0.4,0.1,0.0,0.3,0.5,1.1,,2006
Yi Jianlian,24,DAL,PF,30,0,6.8,1.0,2.7,0.378,0.1,0.3,0.3,0.9,2.4,0.389,0.396,0.5,0.7,0.667,0.4,1.2,1.6,0.2,0.2,0.3,0.5,0.8,2.6,,2012
Yinka Dare,22,NJN,C,1,0,3.0,0.0,1.0,0.0,0.0,0.0,0.0,0.0,1.0,0.0,0.0,0.0,0.0,0.0,0.0,1.0,1.0,0.0,0.0,0.0,1.0,2.0,0.0,,1995
Yogi Ferrell,26,SAC,PG,50,0,10.6,1.6,3.8,0.42,0.5,1.6,0.304,1.1,2.2,0.505,0.484,0.7,0.8,0.857,0.1,0.9,1.0,1.4,0.4,0.1,0.6,0.8,4.4,,2020
Yuta Tabuse,24,PHO,PG,4,0,4.3,0.3,1.5,0.167,0.3,0.3,1.0,0.0,1.3,0.0,0.25,1.0,1.0,1.0,0.5,0.5,1.0,0.8,0.0,0.0,0.3,0.3,1.8,,2005
Yuta Watanabe,25,MEM,SF,18,0,5.8,0.8,1.9,0.441,0.2,0.4,0.375,0.7,1.4,0.462,0.485,0.2,0.4,0.375,0.4,0.7,1.1,0.3,0.3,0.1,0.1,0.5,2.0,,2020
Yves Pons,22,MEM,SF,12,0,5.9,0.4,1.3,0.313,0.3,0.8,0.333,0.2,0.6,0.286,0.406,0.0,0.2,0.0,0.4,0.6,1.0,0.1,0.1,0.3,0.1,0.5,1.1,,2022
Zabian Dowdell,26,PHO,PG,24,0,12.2,2.1,5.2,0.408,0.1,0.4,0.3,2.0,4.8,0.417,0.42,0.7,0.7,0.941,0.2,0.6,0.8,2.1,0.8,0.1,1.2,1.3,5.0,,2011
Zach Collins,20,POR,C,66,1,15.8,1.7,4.4,0.398,0.5,1.7,0.31,1.2,2.7,0.455,0.458,0.4,0.6,0.643,0.7,2.7,3.3,0.8,0.3,0.5,0.9,2.0,4.4,,2018
Zach LaVine,19,MIN,PG,77,40,24.7,3.7,8.8,0.422,0.7,2.2,0.341,3.0,6.6,0.449,0.465,1.9,2.3,0.842,0.4,2.4,2.8,3.6,0.7,0.1,2.5,2.1,10.1,,2015
Zach Lofton,26,DET,SG,1,0,4.0,0.0,1.0,0.0,0.0,1.0,0.0,0.0,0.0,0.0,0.0,0.0,0.0,0.0,0.0,0.0,0.0,0.0,1.0,0.0,1.0,0.0,0.0,,2019
Zach Norvell,22,LAL,SG,2,0,2.5,0.0,0.5,0.0,0.0,0.0,0.0,0.0,0.5,0.0,0.0,0.0,0.0,0.0,0.0,0.5,0.5,0.0,0.0,0.0,0.0,0.0,0.0,,2020
Zach Randolph,20,POR,PF,41,0,5.8,1.2,2.6,0.449,0.0,0.0,0.0,1.2,2.6,0.449,0.449,0.4,0.7,0.667,0.8,0.9,1.7,0.3,0.2,0.1,0.4,0.7,2.8,,2002
Zavier Simpson,26,MEM,PG,7,0,23.0,2.4,7.7,0.315,0.7,2.4,0.294,1.7,5.3,0.324,0.361,0.4,0.6,0.75,0.6,2.3,2.9,3.6,1.0,0.4,1.4,1.6,6.0,,2024
Zaza Pachulia,19,ORL,C,59,2,11.3,1.2,3.0,0.389,0.0,0.0,0.0,1.2,3.0,0.389,0.389,1.0,1.5,0.644,1.2,1.8,2.9,0.2,0.4,0.2,0.6,1.5,3.3,,2004
Zeke Nnaji,20,DEN,PF,42,1,9.5,1.2,2.5,0.481,0.6,1.4,0.407,0.6,1.1,0.578,0.596,0.3,0.4,0.8,0.3,1.2,1.5,0.2,0.2,0.1,0.2,0.7,3.2,,2021
Zendon Hamilton,30,PHI,C,1,0,3.0,0.0,1.0,0.0,0.0,0.0,0.0,0.0,1.0,0.0,0.0,1.0,2.0,0.5,0.0,0.0,0.0,0.0,1.0,0.0,0.0,1.0,1.0,,2006
Zhaire Smith,20,PHI,SF,7,0,4.6,0.4,1.6,0.273,0.0,0.4,0.0,0.4,1.1,0.375,0.273,0.3,0.6,0.5,0.0,0.3,0.3,0.3,0.4,0.0,0.3,0.6,1.1,,2020
Zhou Qi,22,HOU,C,18,0,6.9,0.3,1.8,0.188,0.1,1.1,0.105,0.2,0.7,0.308,0.219,0.4,0.7,0.667,0.3,0.9,1.2,0.1,0.1,0.8,0.6,0.8,1.2,,2018
Ziaire Williams,21,MEM,SF,37,4,15.2,2.3,5.3,0.429,0.7,2.6,0.258,1.6,2.7,0.596,0.492,0.5,0.6,0.773,0.4,1.7,2.1,0.9,0.4,0.2,1.0,1.6,5.7,,2023
Zion Williamson,19,NOP,PF,24,24,27.8,8.8,15.0,0.583,0.3,0.6,0.429,8.5,14.4,0.59,0.592,4.8,7.4,0.64,2.7,3.6,6.3,2.1,0.7,0.4,2.5,1.8,22.5,ROY-3,2020
Zoran Dragić,25,PHO,SG,6,0,2.2,0.3,1.3,0.25,0.0,0.8,0.0,0.3,0.5,0.667,0.25,0.3,0.5,0.667,0.3,0.2,0.5,0.2,0.0,0.0,0.0,0.2,1.0,,2015
Zoran Planinić,21,NJN,SG,49,1,9.7,1.1,2.6,0.411,0.2,0.7,0.281,0.9,2.0,0.454,0.446,0.8,1.2,0.633,0.3,0.8,1.1,1.4,0.3,0.1,0.7,1.4,3.1,,2004
Zydrunas Ilgauskas,35,MIA,C,72,51,15.9,2.3,4.4,0.508,0.0,0.0,0.0,2.3,4.4,0.509,0.508,0.5,0.6,0.783,1.5,2.5,4.0,0.4,0.3,0.8,0.7,2.6,5.0,,2011
Zylan Cheatham,26,UTA,SF,1,0,5.0,0.0,3.0,0.0,0.0,2.0,0.0,0.0,1.0,0.0,0.0,0.0,0.0,0.0,0.0,0.0,0.0,0.0,0.0,0.0,0.0,0.0,0.0,,2022
Álex Abrines,24,OKC,SG,75,8,15.1,1.5,3.9,0.395,1.1,2.9,0.38,0.4,0.9,0.443,0.54,0.5,0.6,0.848,0.3,1.2,1.5,0.4,0.5,0.1,0.3,1.7,4.7,,2018
Ángel Delgado,24,LAC,C,2,0,7.5,0.5,2.5,0.2,0.0,0.0,0.0,0.5,2.5,0.2,0.2,0.5,1.0,0.5,1.0,1.0,2.0,0.0,0.5,0.0,0.0,1.0,1.5,,2019
Óscar Torres,26,GSW,SG,17,0,6.4,0.9,2.1,0.444,0.4,0.8,0.538,0.5,1.4,0.391,0.542,0.8,1.2,0.7,0.2,0.5,0.7,0.2,0.2,0.1,0.5,0.5,3.1,,2003
Ömer Aşık,31,CHI,C,4,0,15.3,0.5,1.5,0.333,0.0,0.0,0.0,0.5,1.5,0.333,0.333,0.0,0.3,0.0,0.5,2.0,2.5,0.3,0.3,0.5,1.0,1.5,1.0,,2018
Šarūnas Jasikevičius,30,GSW,PG,26,2,11.9,1.4,3.9,0.366,0.5,1.7,0.273,1.0,2.2,0.439,0.426,1.0,1.2,0.871,0.2,0.6,0.8,2.3,0.5,0.0,1.2,0.8,4.3,,2007
Šarūnas Marčiulionis,32,DEN,SG,17,0,15.0,2.2,5.9,0.376,0.6,1.8,0.367,1.6,4.2,0.38,0.431,1.7,2.1,0.806,0.7,1.1,1.8,1.5,0.7,0.1,2.4,2.2,6.8,,1997
Žan Tabak,24,HOU,C,37,0,4.9,0.6,1.4,0.453,0.0,0.0,0.0,0.6,1.4,0.462,0.453,0.7,1.2,0.614,0.6,0.9,1.5,0.1,0.1,0.2,0.5,1.0,2.0,,1995
Žarko Čabarkapa,23,PHO,PF,3,0,3.7,1.3,2.3,0.571,0.0,0.0,0.0,1.3,2.3,0.571,0.571,0.3,0.3,1.0,0.7,0.3,1.0,0.0,0.0,0.0,0.0,0.0,3.0,,2005
Željko Rebrača,31,DET,C,21,2,10.6,1.0,2.6,0.407,0.0,0.0,0.0,1.0,2.6,0.407,0.407,1.0,1.3,0.786,0.9,1.4,2.3,0.2,0.2,0.4,0.6,2.1,3.1,,2004
