player,location,team,opponent,team_score,opponent_score,win,game_id,PCA1_1,PCA2_1,PCA2_2,PCA2_3,PCA3_1,PCA3_2,PCA3_3,PCA4_1,PCA5_1,PCA6_1,PCA6_2,PCA6_3
Jayson Tatum,Away,BOS,NYK,108,104,1,6baf31d5-c4f8-4ae2-9124-9dc73c40aea7,4.453981170812813,3.2779706006268348,0.39908027461277734,-0.22784694624013224,2.7899581446156607,0.45400172578141573,-2.5559512219019602,1.1866114933820024,2.472820428569917,2.0082968240133394,-0.2852709839911355,-0.976014918508464
Jaylen Brown,Away,BOS,NYK,108,104,1,6baf31d5-c4f8-4ae2-9124-9dc73c40aea7,0.17974509619883983,2.5865120194705185,-0.3662822447677462,-0.5909764316393348,0.38817518243602706,-0.45559002037524515,-1.4949630652744177,-0.5278685623724615,1.6535132576132696,1.2559307185594548,-0.4788039445603032,0.3961685096118166
Kristaps PorziÅÄ£is,Away,BOS,NYK,108,104,1,6baf31d5-c4f8-4ae2-9124-9dc73c40aea7,3.78286224253871,-0.3839668844378489,0.3445829207293223,-1.1468997108895,2.652655636233548,3.2939090207185813,-0.471032885848865,1.8515389923747483,4.7901070760235065,1.8534147015046456,0.5828178312768405,-0.0024054988911640087
Jrue Holiday,Away,BOS,NYK,108,104,1,6baf31d5-c4f8-4ae2-9124-9dc73c40aea7,0.3991790715945251,0.6703579577062535,0.08807177008257988,-1.5348377041210506,0.8715641706308388,2.2432874755458494,1.32052640065507,0.01248549105229708,-1.1613182942367177,0.9135817064916553,-0.5283786945801077,-0.055459915764978086
Derrick White,Away,BOS,NYK,108,104,1,6baf31d5-c4f8-4ae2-9124-9dc73c40aea7,0.019664116225255636,1.3453711267057404,1.0860042289729759,0.6349219895801448,0.8580255035770692,0.582089785606182,-1.3693908814753304,1.699474238190898,2.069286605361153,0.8006284415900119,0.18358416630732843,-0.069405241845007
Al Horford,Away,BOS,NYK,108,104,1,6baf31d5-c4f8-4ae2-9124-9dc73c40aea7,-0.17979547000159926,1.5321117491195295,0.8510425583440407,-2.71054361879366,1.8594579246365799,-1.3326244221652097,1.2148213874212763,2.9588097760628154,-1.1613182942367177,0.1508492461916524,-0.6734298181182459,-0.9110527420290874
Sam Hauser,Away,BOS,NYK,108,104,1,6baf31d5-c4f8-4ae2-9124-9dc73c40aea7,-1.3331322827653447,-0.9552854097214275,1.1105814946761792,0.9736409685965833,-0.41278696185674824,1.0831414651307192,-0.3511312670413564,-2.195619640746625,-1.1613182942367177,-0.07915492343928586,-0.6212119760665833,0.4879247919754758
Payton Pritchard,Away,BOS,NYK,108,104,1,6baf31d5-c4f8-4ae2-9124-9dc73c40aea7,-1.1397903890654613,-1.051968732468261,-0.6004269097754217,0.1436916346256837,-1.3522072152308162,-0.47314072568256704,-0.4012877511998387,-0.5381339423148087,1.5036687823889756,-0.1592709829429926,-1.2465079738213154,-0.5949842932446905
Luke Kornet,Away,BOS,NYK,108,104,1,6baf31d5-c4f8-4ae2-9124-9dc73c40aea7,-2.042263144496917,-0.5218132300092113,-1.5290710407489956,0.7009232269930372,-0.3536888785254237,1.222817529331088,2.193428549125889,-2.195472049248087,-1.1613182942367177,-0.7188973945633407,0.16583881081356344,-0.5902218436856501
Dalano Banton,Away,BOS,NYK,108,104,1,6baf31d5-c4f8-4ae2-9124-9dc73c40aea7,-2.1094847349332793,-1.927922455936432,0.090596735133907,-0.006912108877736721,-2.8472325015343922,0.2255520210207046,0.2089590088258487,-2.9630728418802095,-1.1613182942367177,-2.785607960803732,0.42394217074590557,0.22269250980171243
Oshae Brissett,Away,BOS,NYK,108,104,1,6baf31d5-c4f8-4ae2-9124-9dc73c40aea7,-2.1094847349332793,-1.927922455936432,0.090596735133907,-0.006912108877736721,-2.8472325015343922,0.2255520210207046,0.2089590088258487,-2.9630728418802095,-1.1613182942367177,-2.785607960803732,0.42394217074590557,0.22269250980171243
Svi Mykhailiuk,Away,BOS,NYK,108,104,1,6baf31d5-c4f8-4ae2-9124-9dc73c40aea7,-2.1094847349332793,-1.927922455936432,0.090596735133907,-0.006912108877736721,-2.8472325015343922,0.2255520210207046,0.2089590088258487,-2.9630728418802095,-1.1613182942367177,-2.785607960803732,0.42394217074590557,0.22269250980171243
Neemias Queta,Away,BOS,NYK,108,104,1,6baf31d5-c4f8-4ae2-9124-9dc73c40aea7,-2.1094847349332793,-1.927922455936432,0.090596735133907,-0.006912108877736721,-2.8472325015343922,0.2255520210207046,0.2089590088258487,-2.9630728418802095,-1.1613182942367177,-2.785607960803732,0.42394217074590557,0.22269250980171243
Lamar Stevens,Away,BOS,NYK,108,104,1,6baf31d5-c4f8-4ae2-9124-9dc73c40aea7,-2.1094847349332793,-1.927922455936432,0.090596735133907,-0.006912108877736721,-2.8472325015343922,0.2255520210207046,0.2089590088258487,-2.9630728418802095,-1.1613182942367177,-2.785607960803732,0.42394217074590557,0.22269250980171243
Jordan Walsh,Away,BOS,NYK,108,104,1,6baf31d5-c4f8-4ae2-9124-9dc73c40aea7,-2.1094847349332793,-1.927922455936432,0.090596735133907,-0.006912108877736721,-2.8472325015343922,0.2255520210207046,0.2089590088258487,-2.9630728418802095,-1.1613182942367177,-2.785607960803732,0.42394217074590557,0.22269250980171243
Jayson Tatum,Home,BOS,MIA,119,111,1,7e017f4a-581e-4603-9695-ea0c212007eb,3.6176864862519333,2.07783841931486,-0.4519449561018394,-0.28429923885915787,1.192327010203818,-0.48364186838955664,-2.0213295363962516,0.2653963180464886,0.21289596882344147,1.8694478229701117,-0.1088093845729603,0.5137934360459495
Jrue Holiday,Home,BOS,MIA,119,111,1,7e017f4a-581e-4603-9695-ea0c212007eb,1.2437966337646083,1.2778719886559264,-1.8528174455608597,-0.04826561553699288,2.7958994155948993,0.08910307355899885,-0.7587930583051895,0.8269912769209091,1.0288912961818215,1.094671842906048,0.019160823596067817,-0.3893092619660985
Derrick White,Home,BOS,MIA,119,111,1,7e017f4a-581e-4603-9695-ea0c212007eb,3.563128710458127,0.8139908428797198,0.1647340607310281,-0.11239322481144995,1.749269522801403,2.064849060261418,1.4475141951901789,2.198602389444472,2.6470884654147393,1.4258796824456095,0.4679487062017908,-0.8384333080206652
Jaylen Brown,Home,BOS,MIA,119,111,1,7e017f4a-581e-4603-9695-ea0c212007eb,3.7343992994586563,1.6101501155785545,1.7220656898067939,-0.41277383723102623,0.7718539783149373,-0.8404923472090752,0.13340249203040164,0.7043885934422828,0.8897154110856156,1.7365086136913885,-0.5284035066450034,-0.37363204759676016
Kristaps PorziÅÄ£is,Home,BOS,MIA,119,111,1,7e017f4a-581e-4603-9695-ea0c212007eb,1.556097618635255,2.2386259008933633,1.9787446737459535,1.0135785928438337,2.7156449165198264,-0.06081753556411017,0.427674578103894,0.9786717799007857,1.610975390351935,0.5735721604726137,-0.8647392067221893,-1.4985081508397107
Al Horford,Home,BOS,MIA,119,111,1,7e017f4a-581e-4603-9695-ea0c212007eb,-1.4524221471038627,0.9209391552181443,0.6746873335405242,-2.239210899395946,3.715774075880759,-0.21477881445616642,0.2205865758943469,-2.4703659655773547,-1.1613182942367177,0.4553018307705953,-0.732446801346402,0.6748805620993266
Oshae Brissett,Home,BOS,MIA,119,111,1,7e017f4a-581e-4603-9695-ea0c212007eb,-1.7502361054799982,0.3322591017515854,1.8011368795685831,-2.82739008299478,1.6711687068058947,-1.5912450398326954,2.0341864390294884,-0.4149115369014048,-1.1613182942367177,-0.10269039332662862,-0.37055396442289373,0.5554281111365669
Payton Pritchard,Home,BOS,MIA,119,111,1,7e017f4a-581e-4603-9695-ea0c212007eb,-1.3876976784968904,-0.9234331051626525,-0.42685286996355515,-0.08531652625241795,-2.155481959272619,-0.34448212013392127,-0.022001815250833178,6.221526594181955,-1.1613182942367177,-0.469771879895182,0.2707513378336854,0.34305335951851607
Sam Hauser,Home,BOS,MIA,119,111,1,7e017f4a-581e-4603-9695-ea0c212007eb,-1.1936095654549068,-1.6631275588054688,0.09596768483655986,-0.15700225781413787,-1.2959642183519338,-0.48540170561502055,-0.4485699863354051,2.128405628455017,-1.1613182942367177,-0.4043281401934777,0.06266524868822283,0.21266181491793862
Dalano Banton,Home,BOS,MIA,119,111,1,7e017f4a-581e-4603-9695-ea0c212007eb,-2.1094847349332793,-1.927922455936432,0.090596735133907,-0.006912108877736721,-2.8472325015343922,0.2255520210207046,0.2089590088258487,-2.9630728418802095,-1.1613182942367177,-2.785607960803732,0.42394217074590557,0.22269250980171243
JD Davison,Home,BOS,MIA,119,111,1,7e017f4a-581e-4603-9695-ea0c212007eb,-2.1094847349332793,-1.927922455936432,0.090596735133907,-0.006912108877736721,-2.8472325015343922,0.2255520210207046,0.2089590088258487,-2.9630728418802095,-1.1613182942367177,-2.785607960803732,0.42394217074590557,0.22269250980171243
Luke Kornet,Home,BOS,MIA,119,111,1,7e017f4a-581e-4603-9695-ea0c212007eb,-2.1094847349332793,-1.927922455936432,0.090596735133907,-0.006912108877736721,-2.8472325015343922,0.2255520210207046,0.2089590088258487,-2.9630728418802095,-1.1613182942367177,-2.785607960803732,0.42394217074590557,0.22269250980171243
Svi Mykhailiuk,Home,BOS,MIA,119,111,1,7e017f4a-581e-4603-9695-ea0c212007eb,-2.1094847349332793,-1.927922455936432,0.090596735133907,-0.006912108877736721,-2.8472325015343922,0.2255520210207046,0.2089590088258487,-2.9630728418802095,-1.1613182942367177,-2.785607960803732,0.42394217074590557,0.22269250980171243
Lamar Stevens,Home,BOS,MIA,119,111,1,7e017f4a-581e-4603-9695-ea0c212007eb,-2.1094847349332793,-1.927922455936432,0.090596735133907,-0.006912108877736721,-2.8472325015343922,0.2255520210207046,0.2089590088258487,-2.9630728418802095,-1.1613182942367177,-2.785607960803732,0.42394217074590557,0.22269250980171243
Jordan Walsh,Home,BOS,MIA,119,111,1,7e017f4a-581e-4603-9695-ea0c212007eb,-2.1094847349332793,-1.927922455936432,0.090596735133907,-0.006912108877736721,-2.8472325015343922,0.2255520210207046,0.2089590088258487,-2.9630728418802095,-1.1613182942367177,-2.785607960803732,0.42394217074590557,0.22269250980171243
Jaylen Brown,Away,BOS,WAS,126,107,1,c9f2b08c-a6ca-4c3f-ad74-4b0f62d62884,6.594119987195466,1.2490474803643468,1.2343955505457909,2.1851554529827024,0.9656605150642888,0.6212782547330665,-1.440048280736085,1.7926403594797433,0.8691325720881956,2.453395481439087,1.8686438527794,1.0621124782365432
Jayson Tatum,Away,BOS,WAS,126,107,1,c9f2b08c-a6ca-4c3f-ad74-4b0f62d62884,4.85051911092658,0.7282515181209221,-0.7688701420106662,-0.8053765944014343,0.8773180852607564,-0.5878565991058075,-1.7201669402113378,1.800398212276888,0.45817842618679067,2.1858764130350785,1.3367193033323002,0.9266826844744331
Jrue Holiday,Away,BOS,WAS,126,107,1,c9f2b08c-a6ca-4c3f-ad74-4b0f62d62884,0.039184222799143756,0.5276435131420127,0.19111827215456983,0.27608086493703715,1.1853902527302513,1.6453496156585452,-0.02022209551359935,1.2793777423440378,1.2100202793591173,1.1332971314703997,1.3087582518786727,1.4573071675523022
Kristaps PorziÅÄ£is,Away,BOS,WAS,126,107,1,c9f2b08c-a6ca-4c3f-ad74-4b0f62d62884,0.6257742590829679,0.8712077276375895,-0.34054039573869666,-1.2498718783870157,1.4411792822266665,0.5967201293109814,-1.5731232267639053,2.0209086177532214,-1.1613182942367177,1.3145669319599118,1.3800432263639717,1.5569899018623155
Derrick White,Away,BOS,WAS,126,107,1,c9f2b08c-a6ca-4c3f-ad74-4b0f62d62884,-0.9015825264379881,3.8880098753347165,0.14724510153533232,0.38221795841056055,-1.2184183647564248,0.7146636175528357,0.9854879163405218,2.2479401505702956,-1.1613182942367177,0.774104791694091,1.545836858887795,1.2826276839006376
Sam Hauser,Away,BOS,WAS,126,107,1,c9f2b08c-a6ca-4c3f-ad74-4b0f62d62884,0.9847332082503029,-0.21878883688669012,0.1283514726193955,-1.0293660674361147,2.7889531234323153,-0.1331496789275818,0.9078873431738788,0.12017673226955439,-1.1613182942367177,0.19236192469715876,-1.3731746379722183,-0.7827012898152493
Payton Pritchard,Away,BOS,WAS,126,107,1,c9f2b08c-a6ca-4c3f-ad74-4b0f62d62884,-0.8105128758086526,3.5967102854509716,0.21504921268053376,-1.5591231758939676,1.6512144382118406,-0.8661263981321216,-1.04311404072738,-2.112894039600644,-1.1613182942367177,0.3877632888569506,-1.5910842727732712,0.25215436135250724
Al Horford,Away,BOS,WAS,126,107,1,c9f2b08c-a6ca-4c3f-ad74-4b0f62d62884,-0.22466905886692867,0.11089443091971547,1.403591799841292,2.102336867121698,1.677150036463402,-1.77025327966996,3.4282716576785663,-0.13156256368764133,-1.1613182942367177,0.4947910919617058,-0.20880407493230563,-0.13417774716671227
Luke Kornet,Away,BOS,WAS,126,107,1,c9f2b08c-a6ca-4c3f-ad74-4b0f62d62884,-2.1094847349332793,1.716998386422682,2.741923768960693,-4.242624127665773,-1.3150188565706724,-0.46254192280437395,-0.4385130419434222,-2.6447993424961584,-1.1613182942367177,-1.0994649370807599,-1.2349827929989226,-0.6075253967878014
Oshae Brissett,Away,BOS,WAS,126,107,1,c9f2b08c-a6ca-4c3f-ad74-4b0f62d62884,-1.5868653279765874,-0.15049462608099737,0.7409191542471775,1.191176662376968,-0.32900682981422696,-0.9034252596305661,0.8095649615956027,-2.3172386535853753,-1.1613182942367177,-0.57511221341548,-1.6902918345805502,-0.36057033251234255
Dalano Banton,Away,BOS,WAS,126,107,1,c9f2b08c-a6ca-4c3f-ad74-4b0f62d62884,-1.5561479924380146,-0.1334959079021492,0.3499501818401328,-1.2373848430470216,-0.07592989009583008,-1.329940835734069,2.5700951653538233,-0.783350475304747,-1.1613182942367177,-0.6998072341814847,-1.8027835713952642,-1.0689310041576465
Lamar Stevens,Away,BOS,WAS,126,107,1,c9f2b08c-a6ca-4c3f-ad74-4b0f62d62884,-1.0956706394799718,0.9471782922511603,2.1909735585904104,-3.5688773490745325,0.9062003251180766,-1.940388769297278,3.9686312478681796,3.910545303410659,-1.1613182942367177,0.45007478603403944,-1.0884526024538876,-0.4989829120820959
Svi Mykhailiuk,Away,BOS,WAS,126,107,1,c9f2b08c-a6ca-4c3f-ad74-4b0f62d62884,-1.1936095654549068,0.1347332646107118,1.0735382808308367,2.5881330801471694,-2.3085742923961265,-0.21832702332101228,0.029112465487448877,2.2220154812150312,-1.1613182942367177,-0.18244215295805238,0.9149947412665431,-1.1161543167363677
Jordan Walsh,Away,BOS,WAS,126,107,1,c9f2b08c-a6ca-4c3f-ad74-4b0f62d62884,-2.1094847349332793,-1.927922455936432,0.090596735133907,-0.006912108877736721,-2.8472325015343922,0.2255520210207046,0.2089590088258487,-2.9630728418802095,-1.1613182942367177,-2.785607960803732,0.42394217074590557,0.22269250980171243
Kristaps PorziÅÄ£is,Home,BOS,IND,155,104,1,d58eaeb2-6148-471a-82f4-7226b2e71551,0.005184709668484042,0.6355847922714358,0.1621721972437784,-1.5821574647208332,0.9477306805320056,-0.7736436948272378,-0.5636202687191747,0.7838014520448771,3.6945835815139567,1.2880107686941253,0.8611829780057689,1.6058679228544435
Derrick White,Home,BOS,IND,155,104,1,d58eaeb2-6148-471a-82f4-7226b2e71551,2.2360089469889832,1.3191191490227803,-0.5966997607746932,-1.2656396904378675,-0.5626201061667362,-0.6355736563146267,0.262272323970149,2.6688486772187083,-1.1613182942367177,1.5594628315329946,1.7042570720005497,1.725660963947661
Jayson Tatum,Home,BOS,IND,155,104,1,d58eaeb2-6148-471a-82f4-7226b2e71551,2.8944146110690836,0.6609016968113399,-0.9100529288594492,-0.6376933641572398,4.200873684069355,-1.3014725281693353,-1.1391451906266516,1.8527653251498544,4.7901070760235065,2.353869210401541,1.9049924626443728,1.5171162605631128
Jaylen Brown,Home,BOS,IND,155,104,1,d58eaeb2-6148-471a-82f4-7226b2e71551,0.6947467520066202,0.20721125424328904,0.25882744890002446,-1.450826622607119,1.5523349763482017,-0.8542665279965445,-0.8405692355147186,-0.31271708980513213,1.0000753215854337,1.5624888176398342,-0.02882212825466687,1.5390857088282783
Jrue Holiday,Home,BOS,IND,155,104,1,d58eaeb2-6148-471a-82f4-7226b2e71551,1.2604888453413516,0.006700858795672259,-0.9164915459486845,-0.19715622936805582,1.6997153109612464,0.4830010622705808,-1.7451928050592642,2.5128365854814216,-1.1613182942367177,1.0652650675039614,1.2148131931986963,0.5907546289083103
Payton Pritchard,Home,BOS,IND,155,104,1,d58eaeb2-6148-471a-82f4-7226b2e71551,0.9456519022207182,1.5195082891356166,-2.978177404433526,0.9033810035221361,-0.03009103269978603,-0.6934874483658693,-0.011416114705675178,1.9803070369857243,0.5295322680445133,1.415532891093192,1.8404574324687073,1.439914299530629
Oshae Brissett,Home,BOS,IND,155,104,1,d58eaeb2-6148-471a-82f4-7226b2e71551,-1.393523434276704,-0.6885142263902109,1.6368795130799147,1.8278362729074835,-1.7095568658842495,-0.2946013689149699,-0.2769952375494398,-0.9156198860309332,1.5036687823889756,0.4690116035885895,0.7436719517810824,1.236526231374949
Sam Hauser,Home,BOS,IND,155,104,1,d58eaeb2-6148-471a-82f4-7226b2e71551,1.856163218451959,0.13752367115113065,1.3187358948215855,-0.32485135373766094,-0.5036970273414624,-0.45572857084324836,-0.8900417469448947,3.7526264205918607,1.2100202793591173,1.045344028050919,1.558477324007024,0.6684845330180148
Al Horford,Home,BOS,IND,155,104,1,d58eaeb2-6148-471a-82f4-7226b2e71551,-1.1578515298992176,-0.30457550209609346,1.9084049967868808,0.04563773056920844,1.924995860914488,0.09515067701572402,2.4300163735266618,1.3927570309898383,1.7328243898935847,0.20074355518491402,0.4088080601882844,-0.14112482556118458
Svi Mykhailiuk,Home,BOS,IND,155,104,1,d58eaeb2-6148-471a-82f4-7226b2e71551,-0.44618470991765835,-1.927922455936432,0.090596735133907,-0.006912108877736721,0.25098497236229644,-0.6951824852404561,-1.1520414002412425,0.045589985613830215,-1.1613182942367177,0.5388127163980715,0.015323862531134547,1.2051344818828913
Dalano Banton,Home,BOS,IND,155,104,1,d58eaeb2-6148-471a-82f4-7226b2e71551,-0.7982721272781818,0.2221683689060872,0.5403527364601477,1.5271780782433668,0.746116445304368,-0.8028155510412723,-1.3265252783123604,2.5080068694705244,2.2719769067592384,0.521899734766103,1.0971916771298629,-1.2533040600749585
Lamar Stevens,Home,BOS,IND,155,104,1,d58eaeb2-6148-471a-82f4-7226b2e71551,-1.3909874760267171,0.07432178905114414,-1.600474836513306,0.4392842837894377,0.6796846942430069,-1.8397096104992352,4.057176860455189,0.0344157563466669,-1.1613182942367177,0.23525756338670265,0.03721223622882863,-0.0315802985930511
Luke Kornet,Home,BOS,IND,155,104,1,d58eaeb2-6148-471a-82f4-7226b2e71551,-1.8174576959163604,-1.927922455936432,0.090596735133907,-0.006912108877736721,0.6788266246341701,-1.438971040969205,1.7390472561770045,2.4452826106107826,-1.1613182942367177,-0.5696657420115503,0.47681592649073873,0.06790131071572494
Jayson Tatum,Away,BOS,BRK,124,114,1,f04a73e6-486f-4873-bdd7-368487d93884,4.855236657713681,0.024766466792960743,0.37614214505841537,-1.5308018021837384,2.7038130320428437,-0.7758874086377869,-1.9405867546464168,1.4953018635342064,2.9302741600764284,2.1104207238233523,0.42906013869136667,0.6257426356773618
Jrue Holiday,Away,BOS,BRK,124,114,1,f04a73e6-486f-4873-bdd7-368487d93884,2.6964474635264297,2.7709279966334868,-2.2295748970195604,-0.6480728820240141,2.5729818594225113,-0.2323898963112494,1.2737047767335716,0.882703256379268,1.0000753215854337,1.6653531210868266,0.39367143322813686,0.3401221804681591
Jaylen Brown,Away,BOS,BRK,124,114,1,f04a73e6-486f-4873-bdd7-368487d93884,3.2782575200574384,1.3091852293788033,-0.8382888090979306,-1.0638620028638945,0.4323208829410884,0.5895333440776627,-1.1395840328719673,-0.2051241790682587,3.495602842085301,1.8015043121549437,-0.8419584206789382,0.1965005898002174
Al Horford,Away,BOS,BRK,124,114,1,f04a73e6-486f-4873-bdd7-368487d93884,-0.3591122397396533,-0.11132518110351053,-0.30197881682719757,1.0502744126014232,1.8138972388435246,0.16214574889287375,0.18484829067814817,0.584178651213446,-1.1613182942367177,1.1337395489328053,1.2849041539204296,1.6160584526406196
Kristaps PorziÅÄ£is,Away,BOS,BRK,124,114,1,f04a73e6-486f-4873-bdd7-368487d93884,1.1563087174122575,-0.5048669186717701,0.012082130756463366,-0.7720106150419145,2.498047518507813,2.473717092397565,0.5950306083959881,2.1526508760682797,3.3478512691970175,1.045153555692238,0.14861872610291993,-0.5049718670778323
Payton Pritchard,Away,BOS,BRK,124,114,1,f04a73e6-486f-4873-bdd7-368487d93884,-1.3331322827653447,0.2187639070776261,-0.006360297936210064,-1.1182917094519982,-2.1498118728606377,-0.34915453112699196,-0.02389493675965844,-2.0208812489279304,-1.1613182942367177,-0.4211752432028056,-1.7532563475239513,-0.3153412964656201
Sam Hauser,Away,BOS,BRK,124,114,1,f04a73e6-486f-4873-bdd7-368487d93884,-0.9015825264379881,1.1362075116926615,2.5950111895044836,0.12136044518133329,-1.6090845322869243,-0.3646129902926299,-0.32122977684883086,2.0419984744982633,-1.1613182942367177,-0.28340080559513525,-0.5549172923319158,-0.6418026855460235
Luke Kornet,Away,BOS,BRK,124,114,1,f04a73e6-486f-4873-bdd7-368487d93884,-0.6016480559862114,-0.45181058858866585,1.0497760101210063,0.6102698453850813,2.6802356925013187,-0.9985208873739342,-2.474811192808364,2.409593390257945,0.6667511946939797,0.2731923364622367,0.629271598014851,-0.3032928833018068
Oshae Brissett,Away,BOS,BRK,124,114,1,f04a73e6-486f-4873-bdd7-368487d93884,-0.710030371645991,-1.3611271127981768,-0.5510340626983307,0.26808754711594973,0.6064121299578197,-1.130836379434424,0.3992359988046223,0.47133081669543103,1.5036687823889756,-0.28967971886881716,-0.9579043058643167,-1.352474170705072
Dalano Banton,Away,BOS,BRK,124,114,1,f04a73e6-486f-4873-bdd7-368487d93884,-2.1094847349332793,-1.927922455936432,0.090596735133907,-0.006912108877736721,-2.8472325015343922,0.2255520210207046,0.2089590088258487,-2.9630728418802095,-1.1613182942367177,-2.785607960803732,0.42394217074590557,0.22269250980171243
Svi Mykhailiuk,Away,BOS,BRK,124,114,1,f04a73e6-486f-4873-bdd7-368487d93884,-2.1094847349332793,-1.927922455936432,0.090596735133907,-0.006912108877736721,-2.8472325015343922,0.2255520210207046,0.2089590088258487,-2.9630728418802095,-1.1613182942367177,-2.785607960803732,0.42394217074590557,0.22269250980171243
Lamar Stevens,Away,BOS,BRK,124,114,1,f04a73e6-486f-4873-bdd7-368487d93884,-2.1094847349332793,-1.927922455936432,0.090596735133907,-0.006912108877736721,-2.8472325015343922,0.2255520210207046,0.2089590088258487,-2.9630728418802095,-1.1613182942367177,-2.785607960803732,0.42394217074590557,0.22269250980171243
Jayson Tatum,Away,BOS,MIN,109,114,0,3da7b8be-99b2-4b6e-8aa0-d340e1d937c6,3.9739837112808822,4.688930646331705,3.135146091275355,0.8081865731657191,0.029869264562639695,-0.39897912706988425,-1.3412089010721802,0.6558069986146062,3.1225897955453226,2.0728040162862467,-0.2541191941789585,-0.6378973018137581
Jrue Holiday,Away,BOS,MIN,109,114,0,3da7b8be-99b2-4b6e-8aa0-d340e1d937c6,0.5635545322431256,2.765932142740808,-0.6760414787074172,-0.5157870317378187,3.2050819784659503,-1.1423089494961522,-0.47391552814401866,-1.1668026123656519,2.193507483269102,0.9082055510989081,-1.9038009984681101,-1.633747021755513
Jaylen Brown,Away,BOS,MIN,109,114,0,3da7b8be-99b2-4b6e-8aa0-d340e1d937c6,3.6169402669098334,2.8288990482858445,-0.34877191177622374,-0.8546473263117357,1.1143654725716872,-0.534189777527811,-1.953422970428402,0.631442617220319,1.4147523252431977,1.2379432379453852,-1.3763901388216873,-1.7957709058376994
Al Horford,Away,BOS,MIN,109,114,0,3da7b8be-99b2-4b6e-8aa0-d340e1d937c6,-0.7382117489345772,2.4292273800019424,0.37284914286770615,-1.140744745704016,0.435563499626959,-0.830996831038578,0.3603560608133018,-0.45865272270202373,-1.1613182942367177,0.6805473048497469,-0.23991849382244193,0.3082776768702642
Kristaps PorziÅÄ£is,Away,BOS,MIN,109,114,0,3da7b8be-99b2-4b6e-8aa0-d340e1d937c6,1.7042427702397942,0.8006489369090191,0.5828782676222632,-0.3895336304700167,0.6832725190200026,0.46475132081392345,-0.3400977057360134,0.29068334633687337,4.509796195705906,1.0735149605944814,-0.8956016218179587,-1.0347705182382618
Sam Hauser,Away,BOS,MIN,109,114,0,3da7b8be-99b2-4b6e-8aa0-d340e1d937c6,1.1217199673107539,0.0742580235573585,1.1922818314034525,-0.3563433536901899,0.5845778715844513,0.5858197779750414,-0.005995542961124203,1.0946467168236502,1.1606214657653093,0.4459883414054895,-0.3796722473422807,-0.7653216751897344
Payton Pritchard,Away,BOS,MIN,109,114,0,3da7b8be-99b2-4b6e-8aa0-d340e1d937c6,-1.780953441018571,-0.14158146424926746,-1.2759157911600603,0.26096419676917004,1.9647142513392506,-1.4534985302801269,1.3045928449542383,-2.145851809342636,-1.1613182942367177,0.08408077404978881,0.17819523340710455,0.8437471520933958
Luke Kornet,Away,BOS,MIN,109,114,0,3da7b8be-99b2-4b6e-8aa0-d340e1d937c6,-1.6071316538925757,-0.0675220261762081,1.8980372563468957,1.7488238637201297,-1.4721810502641055,-0.5855083976785087,0.9431644411416986,0.22299364573155228,3.8984148975985415,-0.08355225573401288,0.1162790875383963,-0.14829971649284274
Lamar Stevens,Away,BOS,MIN,109,114,0,3da7b8be-99b2-4b6e-8aa0-d340e1d937c6,-2.042263144496917,-0.7434820472451347,2.4109503022522607,2.276963679964252,-0.25948305368619545,-0.6776966487094809,-0.9269519677750255,-2.9630728418802095,-1.1613182942367177,-0.8289096745800013,-0.41029714317623567,-0.6321505492187458
Svi Mykhailiuk,Away,BOS,MIN,109,114,0,3da7b8be-99b2-4b6e-8aa0-d340e1d937c6,-2.1094847349332793,-1.927922455936432,0.090596735133907,-0.006912108877736721,-2.2121828233924368,-0.29775801020321424,-0.003070600162580566,-2.9630728418802095,-1.1613182942367177,-1.2980500129612735,-0.4490026834121218,-0.07365256880194541
Dalano Banton,Away,BOS,MIN,109,114,0,3da7b8be-99b2-4b6e-8aa0-d340e1d937c6,-2.1094847349332793,-1.927922455936432,0.090596735133907,-0.006912108877736721,-2.8472325015343922,0.2255520210207046,0.2089590088258487,-2.9630728418802095,-1.1613182942367177,-2.785607960803732,0.42394217074590557,0.22269250980171243
Oshae Brissett,Away,BOS,MIN,109,114,0,3da7b8be-99b2-4b6e-8aa0-d340e1d937c6,-2.1094847349332793,-1.927922455936432,0.090596735133907,-0.006912108877736721,-2.8472325015343922,0.2255520210207046,0.2089590088258487,-2.9630728418802095,-1.1613182942367177,-2.785607960803732,0.42394217074590557,0.22269250980171243
Derrick White,Away,BOS,PHI,103,106,0,9e7649be-207d-4440-917a-6b33febaedeb,2.944354752957859,2.5845210875803915,-0.036961621036753226,0.6862445631473613,-0.03256905845137981,0.42059715681648296,-0.07342569789971479,0.1277027710078265,1.9727217817966518,1.462244375925662,-0.46578967774508484,-0.40865394469453115
Jayson Tatum,Away,BOS,PHI,103,106,0,9e7649be-207d-4440-917a-6b33febaedeb,1.6428393156455057,3.2777172828965755,0.2422281024466171,1.645161743696972,4.560249442869113,-0.8301612672744301,-3.1289891937148298,0.40610629094091766,0.9287692811780043,1.158181235877918,-0.3207086488597016,-0.7586990106272428
Jaylen Brown,Away,BOS,PHI,103,106,0,9e7649be-207d-4440-917a-6b33febaedeb,1.2051718667911775,1.8281711485765153,1.0244375150023244,-1.5344257702908797,-0.9894442888717556,0.6319813163742051,-0.3856255462169048,-0.31846649085095463,0.2327391891849048,1.006992781350548,-1.243229743408873,-0.2836421279258545
Jrue Holiday,Away,BOS,PHI,103,106,0,9e7649be-207d-4440-917a-6b33febaedeb,0.476520898485717,1.710584264236699,-0.3885106347742633,-0.046416469382449387,0.19101578094625052,-0.6198654426486919,-0.5011076452124339,1.0259518864192514,1.1222001663034589,1.127971007857652,0.2624316728056638,0.4822714859204536
Kristaps PorziÅÄ£is,Away,BOS,PHI,103,106,0,9e7649be-207d-4440-917a-6b33febaedeb,3.116676481461914,0.4165277120691284,-1.30037918968459,-0.022698377673973855,1.4169191328419994,-0.1928777991472025,2.0299172156452183,0.9356330464019077,3.573817630275497,1.7279608110622757,0.34338780414887476,-0.42144660297452474
Al Horford,Away,BOS,PHI,103,106,0,9e7649be-207d-4440-917a-6b33febaedeb,-0.417257113286972,0.14081748306016595,-0.5397404714632441,-0.6034057714917511,1.0408040838669599,1.6802265485960783,-1.0943135497609087,-0.6847053251737384,-1.1613182942367177,-0.34800474188862507,-1.7691815080942344,-1.8325393542841948
Sam Hauser,Away,BOS,PHI,103,106,0,9e7649be-207d-4440-917a-6b33febaedeb,1.2221948515356755,-1.2918964829575939,0.9084552390822102,0.9499563478515606,0.5852527124089589,0.7109603234184823,-1.0904517131349525,2.166392539932176,-1.1613182942367177,0.2652803500537103,0.08492457861381626,-1.4289489037604628
Payton Pritchard,Away,BOS,PHI,103,106,0,9e7649be-207d-4440-917a-6b33febaedeb,-1.5868653279765874,0.7562195742937816,-1.2182180978363752,-0.3066534542610255,-0.68282350553366,-0.9457127635197528,1.6517930822939062,-2.1861848597213545,-1.1613182942367177,-0.16813513684230855,-0.9269613055348246,-0.07611288488542811
Luke Kornet,Away,BOS,PHI,103,106,0,9e7649be-207d-4440-917a-6b33febaedeb,-2.1094847349332793,-1.927922455936432,0.090596735133907,-0.006912108877736721,-2.183832391332528,-0.3211200651685677,-0.012536207706706867,-2.9630728418802095,-1.1613182942367177,-1.3743428674399043,-0.6296064676941945,-0.038424970856547704
Dalano Banton,Away,BOS,PHI,103,106,0,9e7649be-207d-4440-917a-6b33febaedeb,-2.1094847349332793,-1.927922455936432,0.090596735133907,-0.006912108877736721,-2.8472325015343922,0.2255520210207046,0.2089590088258487,-2.9630728418802095,-1.1613182942367177,-2.785607960803732,0.42394217074590557,0.22269250980171243
Oshae Brissett,Away,BOS,PHI,103,106,0,9e7649be-207d-4440-917a-6b33febaedeb,-2.1094847349332793,-1.927922455936432,0.090596735133907,-0.006912108877736721,-2.8472325015343922,0.2255520210207046,0.2089590088258487,-2.9630728418802095,-1.1613182942367177,-2.785607960803732,0.42394217074590557,0.22269250980171243
Svi Mykhailiuk,Away,BOS,PHI,103,106,0,9e7649be-207d-4440-917a-6b33febaedeb,-2.1094847349332793,-1.927922455936432,0.090596735133907,-0.006912108877736721,-2.8472325015343922,0.2255520210207046,0.2089590088258487,-2.9630728418802095,-1.1613182942367177,-2.785607960803732,0.42394217074590557,0.22269250980171243
Lamar Stevens,Away,BOS,PHI,103,106,0,9e7649be-207d-4440-917a-6b33febaedeb,-2.1094847349332793,-1.927922455936432,0.090596735133907,-0.006912108877736721,-2.8472325015343922,0.2255520210207046,0.2089590088258487,-2.9630728418802095,-1.1613182942367177,-2.785607960803732,0.42394217074590557,0.22269250980171243
Jayson Tatum,Home,BOS,BRK,121,107,1,a77ad56f-a6fd-43ed-86e1-e98f98847d27,3.3231311089227678,0.2720934220202205,-0.5255457337298637,-0.7769912954894864,2.6634368147744403,-0.8461160667741137,-1.9228318357587795,0.5669442944778231,3.8058562154443236,2.1519967375576483,0.7707079427673269,1.5040762736866693
Jrue Holiday,Home,BOS,BRK,121,107,1,a77ad56f-a6fd-43ed-86e1-e98f98847d27,1.1176763305010873,2.7368459521060906,-1.8197883563489567,2.5330839516382375,3.794860465066576,-1.228012937935027,-0.7428929198623819,0.2628068311281766,-1.1613182942367177,1.5928548943282799,1.200050766369107,1.1641778411158616
Jaylen Brown,Home,BOS,BRK,121,107,1,a77ad56f-a6fd-43ed-86e1-e98f98847d27,4.215150598270427,2.0360512765710457,-0.7936157456332831,0.16673877866449718,-0.682022035561763,-0.4496379649873671,-0.8772844591123512,1.356514262826121,1.5389606322067966,1.7713270065865148,0.09247130576438274,-0.5049029115689794
Derrick White,Home,BOS,BRK,121,107,1,a77ad56f-a6fd-43ed-86e1-e98f98847d27,0.7497740502708479,0.3867645583843873,-1.8120427307580282,0.4604207115271292,0.26426132650037154,0.6841908554423154,-0.9859177658570387,0.6334635949027428,0.29585989544365937,0.6079977984394848,-0.37480521310770876,-0.34065577453498325
Kristaps PorziÅÄ£is,Home,BOS,BRK,121,107,1,a77ad56f-a6fd-43ed-86e1-e98f98847d27,-0.8987470115031035,-0.6861950657880465,-0.6616668917176947,-0.0011883410014489908,-0.7196877879789463,0.821077599435725,-0.3913477959287116,0.810478665275582,3.8085931554997634,0.6824547926117138,0.6699801756989837,1.1236110471085754
Payton Pritchard,Home,BOS,BRK,121,107,1,a77ad56f-a6fd-43ed-86e1-e98f98847d27,1.2283125440626472,-0.06360177485076318,-0.3349440678468403,1.0899310527789376,0.6582464924066342,-1.213779555734002,2.1265608752914402,1.1535542953788427,0.29585989544365937,0.8806382850902681,0.1709614432453633,0.13794599129437568
Sam Hauser,Home,BOS,BRK,121,107,1,a77ad56f-a6fd-43ed-86e1-e98f98847d27,2.4698911124585834,-1.2769549686915214,-0.3226962261067201,0.013385149791713076,-0.9807291506475417,-0.6389254225865663,0.3341992556506046,2.0847210305003427,-1.1613182942367177,0.5053413730315285,-0.18680777370104415,-0.6897612207219509
Luke Kornet,Home,BOS,BRK,121,107,1,a77ad56f-a6fd-43ed-86e1-e98f98847d27,-1.0512589531473242,-1.2167473843500853,-0.3970185217363726,0.04825589925432495,4.422045390412398,-0.8179046984032122,3.8983416371255495,0.5972017074619479,0.6667511946939797,-0.02156319676486515,-0.2285207238472502,-0.6235563532936281
Svi Mykhailiuk,Home,BOS,BRK,121,107,1,a77ad56f-a6fd-43ed-86e1-e98f98847d27,-1.9153966218912957,0.7584143107054864,2.3163295619917763,-3.4883834827765465,-1.1170394861361483,-0.537404247228773,-0.539715942636315,-2.195619640746625,-1.1613182942367177,-0.620169671908392,-1.985495267511446,0.4535267580740692
Oshae Brissett,Home,BOS,BRK,121,107,1,a77ad56f-a6fd-43ed-86e1-e98f98847d27,-1.5586839506880013,-0.5011569574040201,1.6346709780923017,1.2816843033657541,1.0872606972229566,-1.2179648837976744,0.21780838049878312,-1.7675193650322443,2.469105256820975,-0.061671770084579046,-1.6758379134792545,-0.105116171789326
Dalano Banton,Home,BOS,BRK,121,107,1,a77ad56f-a6fd-43ed-86e1-e98f98847d27,-2.042263144496917,-1.927922455936432,0.090596735133907,-0.006912108877736721,-0.18855776253283657,-1.3947654444044697,2.4283250238806864,-2.50750489178147,-1.1613182942367177,-0.8984650776091889,-1.3104135257053808,-0.0805587006879252
Lamar Stevens,Home,BOS,BRK,121,107,1,a77ad56f-a6fd-43ed-86e1-e98f98847d27,-2.1094847349332793,-1.927922455936432,0.090596735133907,-0.006912108877736721,-2.8472325015343922,0.2255520210207046,0.2089590088258487,-2.9630728418802095,-1.1613182942367177,-2.785607960803732,0.42394217074590557,0.22269250980171243
Jayson Tatum,Home,BOS,TOR,117,94,1,4b8bccef-c1fe-43e2-be02-6443e4be2e77,3.5898435020688417,0.3794790413661959,-1.0488686985273952,-0.29461395011682545,0.4205829063668316,0.6169304623600186,-1.1357101075680613,1.1434240134333218,2.135875534076326,2.6049253000160077,1.8358710809516425,2.2349197820899076
Jaylen Brown,Home,BOS,TOR,117,94,1,4b8bccef-c1fe-43e2-be02-6443e4be2e77,3.9516280897721097,-0.012059928151864746,-0.2390529013182748,-0.88285567287652,0.3269034970460238,-0.6669975737217712,-0.3494721878245561,1.222907141196485,0.8409491681223458,1.8642444870168118,-0.04940968801577451,-0.06632767239210074
Jrue Holiday,Home,BOS,TOR,117,94,1,4b8bccef-c1fe-43e2-be02-6443e4be2e77,-0.35153558147255004,3.6127154198497453,-0.28667869507316707,-1.187807647698962,-0.13741556673566166,1.8589671812327322,-0.4177835774938685,-0.44765417248817274,-1.1613182942367177,1.4037628315751949,0.5358655565279581,1.2194511403180044
Kristaps PorziÅÄ£is,Home,BOS,TOR,117,94,1,4b8bccef-c1fe-43e2-be02-6443e4be2e77,2.6516127110816967,0.9533062660822887,-0.31106993895185203,-1.3985429110094347,1.376313152044292,-0.6014779881529477,-1.956985397819869,1.5477178513483323,-0.870598741623333,1.5501270501708528,0.2948471994629703,0.1337034881013335
Derrick White,Home,BOS,TOR,117,94,1,4b8bccef-c1fe-43e2-be02-6443e4be2e77,-0.9431663177734908,0.23783000764504597,-1.6281928415688878,0.37416148917224723,0.2328425910610782,0.7091859632459054,-0.9260197230990785,-0.20967866090265147,-0.6935863262455212,0.6758862774870549,0.6160101496768191,1.1706790953753115
Payton Pritchard,Home,BOS,TOR,117,94,1,4b8bccef-c1fe-43e2-be02-6443e4be2e77,-0.5448698552346938,0.4021720990028044,-0.7918547195926846,-0.5161818592411509,1.5214463322745397,-1.3221808523655465,1.6037712018644745,0.8072852119225946,1.3664498557395093,0.6533769191592693,0.43990203983420423,0.5857337465863337
Al Horford,Home,BOS,TOR,117,94,1,4b8bccef-c1fe-43e2-be02-6443e4be2e77,-0.41546737437908565,-0.02158977332903659,-1.3659969214248764,0.27718618569821074,1.7885900909085977,-0.9139305274122991,-0.9227947391690702,1.64244372650595,-1.1613182942367177,0.4216628104612034,0.5586614821115108,0.2273829426313748
Sam Hauser,Home,BOS,TOR,117,94,1,4b8bccef-c1fe-43e2-be02-6443e4be2e77,1.1658397168962433,-1.3983326616745055,0.10133863453921274,-0.307092406750539,0.30066170458757363,-0.5935885131007355,-1.2869438359086578,3.333527758345188,-1.1613182942367177,0.1571082938157438,0.08862181507958299,-0.916494285532923
Luke Kornet,Home,BOS,TOR,117,94,1,4b8bccef-c1fe-43e2-be02-6443e4be2e77,-1.8174576959163604,-1.0551375526967577,-0.5965152100054399,0.14185633202238826,2.931901388081626,-1.2527073533832378,-2.3375107482797817,2.420319983208112,-1.1613182942367177,-0.6147007627708844,0.3602811827219438,-0.2889269906245624
Dalano Banton,Home,BOS,TOR,117,94,1,4b8bccef-c1fe-43e2-be02-6443e4be2e77,-1.9153966218912957,-1.927922455936432,0.090596735133907,-0.006912108877736721,-2.2575435146882907,-0.26037872225864855,0.012074371908021526,-2.195619640746625,-1.1613182942367177,-0.8878554945261083,-0.9310028626621639,0.13377487241258235
Oshae Brissett,Home,BOS,TOR,117,94,1,4b8bccef-c1fe-43e2-be02-6443e4be2e77,-2.1094847349332793,-1.927922455936432,0.090596735133907,-0.006912108877736721,-2.2575435146882907,-0.26037872225864855,0.012074371908021526,-2.9630728418802095,-1.1613182942367177,-1.378887435516068,-0.6434601740855751,-0.4915901198014945
Svi Mykhailiuk,Home,BOS,TOR,117,94,1,4b8bccef-c1fe-43e2-be02-6443e4be2e77,-1.7213085088493119,-0.7184274349802177,1.1992351806503678,-1.6706236992039063,-2.2575435146882907,-0.26037872225864855,0.012074371908021526,-2.195619640746625,-1.1613182942367177,-0.19145511004764848,-2.653307103348784,0.5112063715443135
Lamar Stevens,Home,BOS,TOR,117,94,1,4b8bccef-c1fe-43e2-be02-6443e4be2e77,-2.1094847349332793,-1.927922455936432,0.090596735133907,-0.006912108877736721,-2.8472325015343922,0.2255520210207046,0.2089590088258487,-2.9630728418802095,-1.1613182942367177,-2.785607960803732,0.42394217074590557,0.22269250980171243
Jayson Tatum,Home,BOS,NYK,114,98,1,c3a63a68-d5a4-48e0-940b-a677c820000d,5.5867543574368845,3.7468009727552496,-1.3181974304100867,-0.40445103516139425,0.7996772882548271,-0.7403892585597904,-0.6784476276874304,1.429508984069644,1.9334807845794084,2.3692726549757865,0.3804174502727108,-0.15980672330923612
Jrue Holiday,Home,BOS,NYK,114,98,1,c3a63a68-d5a4-48e0-940b-a677c820000d,1.2102514032288907,0.39428947907853484,0.1464977070581008,-1.4347649356981669,1.812170558662822,-1.4347098618842302,1.9144910181822132,1.822347724079365,0.5446263499759545,1.042795979090145,-0.15262928475152948,-0.12369737933317607
Jaylen Brown,Home,BOS,NYK,114,98,1,c3a63a68-d5a4-48e0-940b-a677c820000d,2.707936629238272,2.793113386972623,-0.6806309259142908,-0.3867466486453198,0.7335065003253072,0.37659386342411716,-0.21996586824946412,0.2616055867424335,2.9755564058707527,2.140109833356923,0.14401576523907272,0.6727839288459163
Kristaps PorziÅÄ£is,Home,BOS,NYK,114,98,1,c3a63a68-d5a4-48e0-940b-a677c820000d,2.064276455455772,0.9674991958027312,-0.6677068051235632,-0.9579034097884446,1.3565245589502277,0.3300291151901902,-0.4874133308823674,2.1112127346686576,2.1675726576388943,1.5645381518684396,0.9187195490847112,0.5489041138177674
Derrick White,Home,BOS,NYK,114,98,1,c3a63a68-d5a4-48e0-940b-a677c820000d,-0.7306350906674739,1.1300124258568238,-0.08736236136897961,0.20299902680325738,-0.6307290020622106,0.5271261784485423,0.6579195151215307,-0.918256069352271,-1.1613182942367177,0.8568524426928116,-0.0022685810628258612,0.8714257237375711
Al Horford,Home,BOS,NYK,114,98,1,c3a63a68-d5a4-48e0-940b-a677c820000d,-1.6233695828743768,-0.18883764071829137,1.2099770800556735,-1.9708039970767086,0.3612855464865904,-0.6654023978205247,-1.3227896078069068,-0.16223873019863355,-1.1613182942367177,-0.1485417543725277,-0.6182362330669607,0.2067395488477281
Sam Hauser,Home,BOS,NYK,114,98,1,c3a63a68-d5a4-48e0-940b-a677c820000d,1.1658397168962433,-1.0922008711386044,-0.8249650821522873,0.37056875839987236,0.38679698865453266,-0.6728760147056373,-1.3329568115557942,3.452100238507873,-1.1613182942367177,0.47245927704174917,0.8081912290982625,-0.5837087723905932
Payton Pritchard,Home,BOS,NYK,114,98,1,c3a63a68-d5a4-48e0-940b-a677c820000d,-1.0284490490436093,0.10736933173921254,-1.2509863426074987,0.1016975348162921,-0.1291108939081041,-0.6258043689247526,-1.0487250671514698,2.9073723768741826,-1.1613182942367177,-0.04020668344050429,0.15005315225763133,-0.04745493965601879
Dalano Banton,Home,BOS,NYK,114,98,1,c3a63a68-d5a4-48e0-940b-a677c820000d,-2.1094847349332793,-1.927922455936432,0.090596735133907,-0.006912108877736721,-2.8472325015343922,0.2255520210207046,0.2089590088258487,-2.9630728418802095,-1.1613182942367177,-2.785607960803732,0.42394217074590557,0.22269250980171243
Oshae Brissett,Home,BOS,NYK,114,98,1,c3a63a68-d5a4-48e0-940b-a677c820000d,-2.1094847349332793,-1.927922455936432,0.090596735133907,-0.006912108877736721,-2.8472325015343922,0.2255520210207046,0.2089590088258487,-2.9630728418802095,-1.1613182942367177,-2.785607960803732,0.42394217074590557,0.22269250980171243
Luke Kornet,Home,BOS,NYK,114,98,1,c3a63a68-d5a4-48e0-940b-a677c820000d,-2.1094847349332793,-1.927922455936432,0.090596735133907,-0.006912108877736721,-2.8472325015343922,0.2255520210207046,0.2089590088258487,-2.9630728418802095,-1.1613182942367177,-2.785607960803732,0.42394217074590557,0.22269250980171243
Svi Mykhailiuk,Home,BOS,NYK,114,98,1,c3a63a68-d5a4-48e0-940b-a677c820000d,-2.1094847349332793,-1.927922455936432,0.090596735133907,-0.006912108877736721,-2.8472325015343922,0.2255520210207046,0.2089590088258487,-2.9630728418802095,-1.1613182942367177,-2.785607960803732,0.42394217074590557,0.22269250980171243
Lamar Stevens,Home,BOS,NYK,114,98,1,c3a63a68-d5a4-48e0-940b-a677c820000d,-2.1094847349332793,-1.927922455936432,0.090596735133907,-0.006912108877736721,-2.8472325015343922,0.2255520210207046,0.2089590088258487,-2.9630728418802095,-1.1613182942367177,-2.785607960803732,0.42394217074590557,0.22269250980171243
Jayson Tatum,Away,BOS,PHI,117,107,1,5c054f0d-b914-46e5-883b-cf4ec9275b89,4.403412955532597,2.7328029283736,-0.19403990683364175,0.7130722753450249,1.7399098601629919,-0.9370999733925125,-0.40737973426507607,0.6916909892955347,2.456354157371981,1.9618600267432436,-0.4016781236746845,-0.6374630104984236
Derrick White,Away,BOS,PHI,117,107,1,5c054f0d-b914-46e5-883b-cf4ec9275b89,2.926632005229597,2.0232621082124393,-0.4519269758846378,-0.13948640650221297,-0.7284509280009478,-0.45726627066878217,-0.8379307061902969,2.0840160606772207,5.017890494261621,1.3965449091279556,0.026890047138541824,-0.630949016830074
Jrue Holiday,Away,BOS,PHI,117,107,1,5c054f0d-b914-46e5-883b-cf4ec9275b89,2.6465331746439835,0.10723081665501841,-0.08656425349057721,0.6370237603168496,3.4398701380470915,1.0040912817180978,-0.6156558186958925,0.3325289782646907,-0.8911815806207529,1.7367435023834055,0.2620875639172874,0.6144333081238255
Sam Hauser,Away,BOS,PHI,117,107,1,5c054f0d-b914-46e5-883b-cf4ec9275b89,0.7906450952083193,-0.7907661333284352,-0.532580799308298,-0.06175332691019589,-0.7428780000649039,0.4154580406905571,0.493301242962371,0.39827178344580827,-1.1613182942367177,0.7165788624603016,-0.4965380482846513,0.11770431108855149
Al Horford,Away,BOS,PHI,117,107,1,5c054f0d-b914-46e5-883b-cf4ec9275b89,1.8460429819971296,-0.36023006001553476,-1.006008507031322,0.13432831714179008,3.750943753628845,4.641403683894782,-0.4042706282942706,2.267378378116053,-1.1613182942367177,0.9940030443758324,1.1351013883270722,-0.01671387853254772
Payton Pritchard,Away,BOS,PHI,117,107,1,5c054f0d-b914-46e5-883b-cf4ec9275b89,-0.6402728229596422,-0.839118730621515,-1.0793376027563353,0.4638734566673182,-0.8619980977985262,-0.7086458946027528,0.41535482104760657,0.6905782985016391,-1.1613182942367177,0.23300622774154658,-0.0966271754521501,0.2907815411866902
Luke Kornet,Away,BOS,PHI,117,107,1,5c054f0d-b914-46e5-883b-cf4ec9275b89,-0.8936750950031301,1.1496792041038557,1.5341268183772268,-0.9620328524692316,2.002848181204503,-1.5233133720183103,1.5008278609675385,1.8638056069916191,0.7075166753920588,0.13828973250464677,-0.46410687689274127,-0.7436581462849905
Svi Mykhailiuk,Away,BOS,PHI,117,107,1,5c054f0d-b914-46e5-883b-cf4ec9275b89,-0.7074944133960044,0.42482010504583495,1.7659981473624093,-0.511224145367042,-1.3407409889923592,-0.6965908903083905,0.9495498069769547,1.065591437975551,-1.1613182942367177,-0.04777658570770976,-0.6353600555163595,-0.0985398413256945
Dalano Banton,Away,BOS,PHI,117,107,1,5c054f0d-b914-46e5-883b-cf4ec9275b89,-1.4889264020016522,-0.5207431872508937,1.5810104401219427,1.2342911843617295,3.4409498752730947,-1.7434169335082352,-0.6483256496820424,-1.2849465561847104,-1.1613182942367177,0.18075641294723824,-0.5184207937232227,0.6369566809375105
Oshae Brissett,Away,BOS,PHI,117,107,1,5c054f0d-b914-46e5-883b-cf4ec9275b89,-2.1094847349332793,-1.927922455936432,0.090596735133907,-0.006912108877736721,-2.8472325015343922,0.2255520210207046,0.2089590088258487,-2.9630728418802095,-1.1613182942367177,-2.785607960803732,0.42394217074590557,0.22269250980171243
Neemias Queta,Away,BOS,PHI,117,107,1,5c054f0d-b914-46e5-883b-cf4ec9275b89,-2.1094847349332793,-1.927922455936432,0.090596735133907,-0.006912108877736721,-2.8472325015343922,0.2255520210207046,0.2089590088258487,-2.9630728418802095,-1.1613182942367177,-2.785607960803732,0.42394217074590557,0.22269250980171243
Lamar Stevens,Away,BOS,PHI,117,107,1,5c054f0d-b914-46e5-883b-cf4ec9275b89,-2.1094847349332793,-1.927922455936432,0.090596735133907,-0.006912108877736721,-2.8472325015343922,0.2255520210207046,0.2089590088258487,-2.9630728418802095,-1.1613182942367177,-2.785607960803732,0.42394217074590557,0.22269250980171243
Jayson Tatum,Away,BOS,TOR,108,105,1,37a706ee-4964-46f0-8d39-f0a7a4679566,2.866259086786827,1.4391290599320312,0.637126893593725,-0.9558413004649893,1.1878858328926198,-0.7081771467949911,-1.031663208396209,-0.4664129195311226,-1.1613182942367177,1.4576839225624039,-1.5711218740365809,-0.3237923357559298
Jaylen Brown,Away,BOS,TOR,108,105,1,37a706ee-4964-46f0-8d39-f0a7a4679566,2.493282633595402,1.986267994933998,0.04584685162513546,-0.6692151447076955,-0.4807080678731032,0.645121524206191,-0.6551716348769806,1.746613760056799,0.9287692811780043,1.3780126750449737,-0.1356947276084176,-0.38900396045256747
Kristaps PorziÅÄ£is,Away,BOS,TOR,108,105,1,37a706ee-4964-46f0-8d39-f0a7a4679566,0.5892311677645818,2.0601144341050963,-0.41736905779574995,-0.22257086610808563,4.742491125954528,2.029802775097626,-1.015613032349476,-0.1820261439483238,1.0288912961818215,1.1421601986953815,-0.35152163978176204,-0.3877489270668669
Jrue Holiday,Away,BOS,TOR,108,105,1,37a706ee-4964-46f0-8d39-f0a7a4679566,1.1643008218537065,0.6949551724292129,-1.274266653672326,-0.2575841895008053,1.8973925320048466,-0.9701130989879151,-0.42911378710974324,0.2777354690073517,1.0137972142503804,0.9974150788918485,-0.8285119771600934,-0.46596829243233456
Derrick White,Away,BOS,TOR,108,105,1,37a706ee-4964-46f0-8d39-f0a7a4679566,1.480968596764035,0.46790455372482,-1.1952943959568842,-0.1997894840923607,-0.2503629448977283,-0.4607737992884086,-1.124743890895681,0.9765305367164812,1.0920120024405762,0.7779128952877878,-0.5940155712991159,-0.4361350039480763
Al Horford,Away,BOS,TOR,108,105,1,37a706ee-4964-46f0-8d39-f0a7a4679566,0.5419915864347895,-0.8876135583490771,-0.7452718368199817,0.18560786000085938,0.27157134894396934,-0.7908158485805064,-0.21396910572492311,3.9620949793115408,-1.1613182942367177,0.05255106671364175,0.02850289907667626,-0.9239375680524063
Sam Hauser,Away,BOS,TOR,108,105,1,37a706ee-4964-46f0-8d39-f0a7a4679566,0.9301678125187568,-0.14998722505942563,-0.43081897701805355,1.4034336531403,-0.3448009738440418,-0.7008370465893726,0.1177934918971396,2.2358456831682645,-1.1613182942367177,0.5416014590208106,0.6155207527076189,-0.22442127583564533
Payton Pritchard,Away,BOS,TOR,108,105,1,37a706ee-4964-46f0-8d39-f0a7a4679566,-0.25209659687567476,0.2712264802196598,-0.4628598428640063,1.4160359385338765,-0.07597873504913011,-0.8016550834603436,0.1655762973198987,-0.18323444314617837,-1.1613182942367177,0.5135837229756753,0.07990717966640697,0.4956981128058214
Dalano Banton,Away,BOS,TOR,108,105,1,37a706ee-4964-46f0-8d39-f0a7a4679566,-2.1094847349332793,-1.927922455936432,0.090596735133907,-0.006912108877736721,-2.8472325015343922,0.2255520210207046,0.2089590088258487,-2.9630728418802095,-1.1613182942367177,-2.785607960803732,0.42394217074590557,0.22269250980171243
Oshae Brissett,Away,BOS,TOR,108,105,1,37a706ee-4964-46f0-8d39-f0a7a4679566,-2.1094847349332793,-1.927922455936432,0.090596735133907,-0.006912108877736721,-2.8472325015343922,0.2255520210207046,0.2089590088258487,-2.9630728418802095,-1.1613182942367177,-2.785607960803732,0.42394217074590557,0.22269250980171243
Luke Kornet,Away,BOS,TOR,108,105,1,37a706ee-4964-46f0-8d39-f0a7a4679566,-2.1094847349332793,-1.927922455936432,0.090596735133907,-0.006912108877736721,-2.8472325015343922,0.2255520210207046,0.2089590088258487,-2.9630728418802095,-1.1613182942367177,-2.785607960803732,0.42394217074590557,0.22269250980171243
Svi Mykhailiuk,Away,BOS,TOR,108,105,1,37a706ee-4964-46f0-8d39-f0a7a4679566,-2.1094847349332793,-1.927922455936432,0.090596735133907,-0.006912108877736721,-2.8472325015343922,0.2255520210207046,0.2089590088258487,-2.9630728418802095,-1.1613182942367177,-2.785607960803732,0.42394217074590557,0.22269250980171243
Neemias Queta,Away,BOS,TOR,108,105,1,37a706ee-4964-46f0-8d39-f0a7a4679566,-2.1094847349332793,-1.927922455936432,0.090596735133907,-0.006912108877736721,-2.8472325015343922,0.2255520210207046,0.2089590088258487,-2.9630728418802095,-1.1613182942367177,-2.785607960803732,0.42394217074590557,0.22269250980171243
Lamar Stevens,Away,BOS,TOR,108,105,1,37a706ee-4964-46f0-8d39-f0a7a4679566,-2.1094847349332793,-1.927922455936432,0.090596735133907,-0.006912108877736721,-2.8472325015343922,0.2255520210207046,0.2089590088258487,-2.9630728418802095,-1.1613182942367177,-2.785607960803732,0.42394217074590557,0.22269250980171243
Jrue Holiday,Away,BOS,MEM,102,100,1,bb20929e-0860-4115-b8c2-45ffc967c874,-0.4104266743619691,0.8408174779673168,-0.45252674865990855,-1.1260145746570756,0.8358423935205308,-0.9050678892086401,0.26449292509606126,-0.11091190660837068,1.2100202793591173,0.477980858958201,-1.193690727221889,-0.8255980523657925
Jayson Tatum,Away,BOS,MEM,102,100,1,bb20929e-0860-4115-b8c2-45ffc967c874,1.0063015175351668,5.230479783682861,0.5014971110688424,-3.1544416488733793,2.543570131797324,0.07723416663084275,-0.31205627993768753,1.3562210786388402,2.732164199937409,1.5381019416162973,-0.890896934902657,-0.5023572360780675
Derrick White,Away,BOS,MEM,102,100,1,bb20929e-0860-4115-b8c2-45ffc967c874,0.5054484951164034,1.0885642817753096,-0.6381027220548685,-1.1011545597785835,-0.2973474678543886,0.43841602427989074,0.3136362562187943,0.361007427997566,1.1222001663034589,0.8171453752075142,-0.611105882261172,-0.20151241521787136
Jaylen Brown,Away,BOS,MEM,102,100,1,bb20929e-0860-4115-b8c2-45ffc967c874,1.3287485918669724,2.3101187591561088,0.7349527981761326,0.31439124570300525,1.2197552691035298,1.6704345272411334,-1.2097199334467392,-0.5918558455716549,0.19294570045655954,1.252243385359733,-0.8842978211110403,-0.1713253419104639
Kristaps PorziÅÄ£is,Away,BOS,MEM,102,100,1,bb20929e-0860-4115-b8c2-45ffc967c874,1.5498564166810962,1.0850894826819302,0.8072712441640696,-0.7394483185278666,3.7615896322808817,5.507664487046266,0.8742808171947667,1.022102229916289,4.38673892083254,1.4728225795976257,0.26486591341629645,-0.728360923710139
Sam Hauser,Away,BOS,MEM,102,100,1,bb20929e-0860-4115-b8c2-45ffc967c874,1.9548483637689944,-0.6819854831079197,1.6547663590700343,1.8436339792421583,0.036085708880592586,-0.5257547472211151,-1.194022532346623,3.0755594550922147,-1.1613182942367177,0.931638522659524,1.48160382632463,0.06838842214521436
Al Horford,Away,BOS,MEM,102,100,1,bb20929e-0860-4115-b8c2-45ffc967c874,-0.6402728229596422,-0.5562734364196847,-0.8220465822869448,0.07405906573366076,-0.11575107372976629,-1.0303876215299035,1.3888985699480738,0.6531343573976331,-1.1613182942367177,0.08227714222050715,-0.2973941908875535,-0.11309605465866798
Payton Pritchard,Away,BOS,MEM,102,100,1,bb20929e-0860-4115-b8c2-45ffc967c874,-0.6717363778403151,-0.7007243039978076,-0.036527488200126086,-0.6047007273855042,-0.08705224304061479,-0.6254399802878445,-1.0533320173391367,0.5145114588528448,1.7377283777793184,0.36543057063344664,-0.6906428658253364,-0.215352863659967
Neemias Queta,Away,BOS,MEM,102,100,1,bb20929e-0860-4115-b8c2-45ffc967c874,-2.042263144496917,-1.6631275588054688,0.09596768483655986,-0.15700225781413787,0.7690851085104979,-0.9578382115554402,-1.2745022315965886,-2.9630728418802095,-1.1613182942367177,-0.9112869294954126,-1.132290927837577,0.1639825961241979
Lamar Stevens,Away,BOS,MEM,102,100,1,bb20929e-0860-4115-b8c2-45ffc967c874,-2.1094847349332793,-1.6631275588054688,0.09596768483655986,-0.15700225781413787,0.46299410976551086,-0.9727596868064564,-1.0707814396658608,-2.9630728418802095,-1.1613182942367177,-1.37655805038944,-0.6574303952132482,0.09888129532150058
Dalano Banton,Away,BOS,MEM,102,100,1,bb20929e-0860-4115-b8c2-45ffc967c874,-2.1094847349332793,-1.927922455936432,0.090596735133907,-0.006912108877736721,-2.8472325015343922,0.2255520210207046,0.2089590088258487,-2.9630728418802095,-1.1613182942367177,-2.785607960803732,0.42394217074590557,0.22269250980171243
Oshae Brissett,Away,BOS,MEM,102,100,1,bb20929e-0860-4115-b8c2-45ffc967c874,-2.1094847349332793,-1.927922455936432,0.090596735133907,-0.006912108877736721,-2.8472325015343922,0.2255520210207046,0.2089590088258487,-2.9630728418802095,-1.1613182942367177,-2.785607960803732,0.42394217074590557,0.22269250980171243
Luke Kornet,Away,BOS,MEM,102,100,1,bb20929e-0860-4115-b8c2-45ffc967c874,-2.1094847349332793,-1.927922455936432,0.090596735133907,-0.006912108877736721,-2.8472325015343922,0.2255520210207046,0.2089590088258487,-2.9630728418802095,-1.1613182942367177,-2.785607960803732,0.42394217074590557,0.22269250980171243
Svi Mykhailiuk,Away,BOS,MEM,102,100,1,bb20929e-0860-4115-b8c2-45ffc967c874,-2.1094847349332793,-1.927922455936432,0.090596735133907,-0.006912108877736721,-2.8472325015343922,0.2255520210207046,0.2089590088258487,-2.9630728418802095,-1.1613182942367177,-2.785607960803732,0.42394217074590557,0.22269250980171243
Jayson Tatum,Away,BOS,CHO,118,121,0,4c80f911-0369-455a-a9f4-ac33e817d43a,7.549665699674267,1.7313740239275077,-1.6398704759222336,-0.6347959633805201,3.8586288252260514,1.3055284621705259,-2.971137571023674,1.4389325020635182,4.0199246275673115,2.134952223637823,-0.22596898199567197,-1.6274532159470456
Sam Hauser,Away,BOS,CHO,118,121,0,4c80f911-0369-455a-a9f4-ac33e817d43a,0.16500722583897898,-0.2180041300994294,0.1834982461099186,-1.0778355844498162,-1.706978389559027,-0.3770398625403882,-0.2833000086396208,-1.2050466224003857,-1.1613182942367177,0.05760454581606244,-2.4134038005722704,-1.3287612718345179
Jrue Holiday,Away,BOS,CHO,118,121,0,4c80f911-0369-455a-a9f4-ac33e817d43a,0.4374730654002011,3.947875811434531,0.7165141307328435,-2.636323305900752,1.4719380431317957,0.9689486746456419,1.3048076016690506,0.07379883100457202,-0.5249916183501615,1.0889264107342067,-1.1363554998423409,-0.49988674030145097
Kristaps PorziÅÄ£is,Away,BOS,CHO,118,121,0,4c80f911-0369-455a-a9f4-ac33e817d43a,1.55967935291224,-0.2764418112095258,1.3256581846630668,1.2432972610105328,2.7593297352936705,1.9617899795927796,1.0046701814000831,-0.05864500210012375,3.820188644020207,0.5092987713809562,-1.952455783296054,-2.3275312942179394
Jaylen Brown,Away,BOS,CHO,118,121,0,4c80f911-0369-455a-a9f4-ac33e817d43a,0.9347466100031915,1.3637459196163002,-0.48803215912854614,-1.407468382215839,-0.18752437576464992,-0.6550591984459548,-0.20104791449099416,-0.9859534123672771,1.4765008422354577,0.6176974059600394,-2.610687537130713,-1.5388989376427575
Payton Pritchard,Away,BOS,CHO,118,121,0,4c80f911-0369-455a-a9f4-ac33e817d43a,3.159460774734459,0.5572645804852158,0.1643280432903097,1.8818059844299593,0.8418755867784937,-0.8727150668703614,0.17055445369363856,2.066184949660266,-1.1613182942367177,1.3993432710543494,0.9808192132823712,0.20689145101076037
Luke Kornet,Away,BOS,CHO,118,121,0,4c80f911-0369-455a-a9f4-ac33e817d43a,-1.5254306568994418,-1.927922455936432,0.090596735133907,-0.006912108877736721,0.03883222203187373,0.7518589344946707,-0.7410576924925243,2.3579134147014353,-1.1613182942367177,0.27056356659611475,1.0509199975671868,1.5590409519060633
Oshae Brissett,Away,BOS,CHO,118,121,0,4c80f911-0369-455a-a9f4-ac33e817d43a,-2.061783251070805,-0.9773030490470951,-0.3603539738738661,-0.11651667050843909,2.4992628197136857,-1.3656727155541237,0.033501793042439415,-1.1046575570307464,0.021422042144726417,-0.1214662604276384,0.5604929569216112,1.1018862819813278
Svi Mykhailiuk,Away,BOS,CHO,118,121,0,4c80f911-0369-455a-a9f4-ac33e817d43a,-1.1936095654549068,-1.1025629277711495,1.42717377279568,1.4080898315571326,-2.2121828233924368,-0.29775801020321424,-0.003070600162580566,2.059758403097672,-1.1613182942367177,-0.2988615702242776,0.44297560902465394,0.009912854991689684
Dalano Banton,Away,BOS,CHO,118,121,0,4c80f911-0369-455a-a9f4-ac33e817d43a,-2.1094847349332793,-1.927922455936432,0.090596735133907,-0.006912108877736721,-2.8472325015343922,0.2255520210207046,0.2089590088258487,-2.9630728418802095,-1.1613182942367177,-2.785607960803732,0.42394217074590557,0.22269250980171243
JD Davison,Away,BOS,CHO,118,121,0,4c80f911-0369-455a-a9f4-ac33e817d43a,-2.1094847349332793,-1.927922455936432,0.090596735133907,-0.006912108877736721,-2.8472325015343922,0.2255520210207046,0.2089590088258487,-2.9630728418802095,-1.1613182942367177,-2.785607960803732,0.42394217074590557,0.22269250980171243
Neemias Queta,Away,BOS,CHO,118,121,0,4c80f911-0369-455a-a9f4-ac33e817d43a,-2.1094847349332793,-1.927922455936432,0.090596735133907,-0.006912108877736721,-2.8472325015343922,0.2255520210207046,0.2089590088258487,-2.9630728418802095,-1.1613182942367177,-2.785607960803732,0.42394217074590557,0.22269250980171243
Lamar Stevens,Away,BOS,CHO,118,121,0,4c80f911-0369-455a-a9f4-ac33e817d43a,-2.1094847349332793,-1.927922455936432,0.090596735133907,-0.006912108877736721,-2.8472325015343922,0.2255520210207046,0.2089590088258487,-2.9630728418802095,-1.1613182942367177,-2.785607960803732,0.42394217074590557,0.22269250980171243
Jordan Walsh,Away,BOS,CHO,118,121,0,4c80f911-0369-455a-a9f4-ac33e817d43a,-2.1094847349332793,-1.927922455936432,0.090596735133907,-0.006912108877736721,-2.8472325015343922,0.2255520210207046,0.2089590088258487,-2.9630728418802095,-1.1613182942367177,-2.785607960803732,0.42394217074590557,0.22269250980171243
Jayson Tatum,Home,BOS,MIL,119,116,1,cffe3ad7-e4e2-49f1-a4b6-ace00afad56f,2.688416522664384,0.7899704596682731,-0.7745473046312588,-0.8337767461584418,3.0605193771805608,0.3188600028667783,-2.68074008304892,0.33622413698018644,3.8058562154443236,1.457923447702693,-0.837778936876724,-0.624444596402943
Derrick White,Home,BOS,MIL,119,116,1,cffe3ad7-e4e2-49f1-a4b6-ace00afad56f,1.289416441972038,3.5924283361179308,0.8106980564266137,-2.445800413092587,-0.07694815516437886,0.5234250762102218,-0.8923246334095757,1.4588577882385017,-1.1613182942367177,0.9333050190143649,-0.7803739080155325,-0.591066422661777
Jaylen Brown,Home,BOS,MIL,119,116,1,cffe3ad7-e4e2-49f1-a4b6-ace00afad56f,2.9002327469111573,2.043364049677016,-1.8810989246268661,1.1427835486331475,-1.2752640388328629,-0.3857074717993587,-0.5280396413966233,1.8269413715147564,1.5008065389892367,1.2363509259239551,-0.16758126946163654,-1.1488284093284686
Jrue Holiday,Home,BOS,MIL,119,116,1,cffe3ad7-e4e2-49f1-a4b6-ace00afad56f,-0.31427748729492055,0.9042604117295778,1.1389265985518446,-0.9942040686651286,1.8908321653575793,0.20753975640067035,-1.0082339563720017,-1.0559737446166888,1.1606214657653093,0.6603440030290662,-1.0263860328816456,-0.07506701842061912
Kristaps PorziÅÄ£is,Home,BOS,MIL,119,116,1,cffe3ad7-e4e2-49f1-a4b6-ace00afad56f,2.4636422905666846,0.29885651924931866,-0.04568357882832259,-1.1625122901141642,1.03794523532481,-0.8311116908859025,-0.6566865671557273,1.117876796762224,0.20392321458851684,1.198087657179564,-0.4917265917977565,-0.24155972529449046
Al Horford,Home,BOS,MIL,119,116,1,cffe3ad7-e4e2-49f1-a4b6-ace00afad56f,0.29437623375051825,0.26414309377313133,-1.9348767091153691,0.6395799676156384,2.114454401888894,0.17121613988411205,-1.022637202054778,2.0068093668291755,0.5885364065037838,0.6360934061443049,0.3929314152206864,-0.4049423454821925
Payton Pritchard,Home,BOS,MIL,119,116,1,cffe3ad7-e4e2-49f1-a4b6-ace00afad56f,0.3735412724936654,-0.2494336371987625,0.5116524773847975,-1.4029056030463498,-1.029900568159057,-0.46519059516195665,-0.6157670837273101,1.4490730294378533,-1.1613182942367177,0.5773036118145359,-0.273851052705194,0.15767548283692395
Sam Hauser,Home,BOS,MIL,119,116,1,cffe3ad7-e4e2-49f1-a4b6-ace00afad56f,0.11223156901531943,-0.1977490499032485,0.24400017488166,-1.1268635105695028,-0.48196696144878165,0.4698326989702033,0.7805525118848411,3.1112108954223547,-1.1613182942367177,0.42499395969335046,0.5296387235782329,0.1000806447416869
Dalano Banton,Home,BOS,MIL,119,116,1,cffe3ad7-e4e2-49f1-a4b6-ace00afad56f,-2.1094847349332793,-1.927922455936432,0.090596735133907,-0.006912108877736721,-2.8472325015343922,0.2255520210207046,0.2089590088258487,-2.9630728418802095,-1.1613182942367177,-2.785607960803732,0.42394217074590557,0.22269250980171243
Oshae Brissett,Home,BOS,MIL,119,116,1,cffe3ad7-e4e2-49f1-a4b6-ace00afad56f,-2.1094847349332793,-1.927922455936432,0.090596735133907,-0.006912108877736721,-2.8472325015343922,0.2255520210207046,0.2089590088258487,-2.9630728418802095,-1.1613182942367177,-2.785607960803732,0.42394217074590557,0.22269250980171243
Luke Kornet,Home,BOS,MIL,119,116,1,cffe3ad7-e4e2-49f1-a4b6-ace00afad56f,-2.1094847349332793,-1.927922455936432,0.090596735133907,-0.006912108877736721,-2.8472325015343922,0.2255520210207046,0.2089590088258487,-2.9630728418802095,-1.1613182942367177,-2.785607960803732,0.42394217074590557,0.22269250980171243
Svi Mykhailiuk,Home,BOS,MIL,119,116,1,cffe3ad7-e4e2-49f1-a4b6-ace00afad56f,-2.1094847349332793,-1.927922455936432,0.090596735133907,-0.006912108877736721,-2.8472325015343922,0.2255520210207046,0.2089590088258487,-2.9630728418802095,-1.1613182942367177,-2.785607960803732,0.42394217074590557,0.22269250980171243
Lamar Stevens,Home,BOS,MIL,119,116,1,cffe3ad7-e4e2-49f1-a4b6-ace00afad56f,-2.1094847349332793,-1.927922455936432,0.090596735133907,-0.006912108877736721,-2.8472325015343922,0.2255520210207046,0.2089590088258487,-2.9630728418802095,-1.1613182942367177,-2.785607960803732,0.42394217074590557,0.22269250980171243
Jayson Tatum,Away,BOS,ORL,96,113,0,f636faae-5c0d-4ea5-8390-7879f5e42279,1.492716226278967,1.9880370379057783,0.5074506806025009,0.4787957626924513,0.17211876542134544,-0.49357537651801225,-1.3640587475558652,-0.10260122813872788,6.292181661212876,1.062681631895689,-1.576467338811552,-2.1837467153218952
Jaylen Brown,Away,BOS,ORL,96,113,0,f636faae-5c0d-4ea5-8390-7879f5e42279,2.5297480520725952,2.577782863970923,1.6559134456877098,0.6268593804673879,-0.47274179539994593,0.577863782344514,-0.6647781145509608,-0.6603126188141134,2.2002632102941933,1.801572373679247,-1.0549296512210806,-0.2218412906801039
Derrick White,Away,BOS,ORL,96,113,0,f636faae-5c0d-4ea5-8390-7879f5e42279,0.5364653873398739,1.7689820125624767,0.018233619225473254,-0.5579854217770155,0.5369622013760691,0.48862692996148127,-1.2245332699454654,0.08184386877897584,5.921317732710706,1.0392216945859982,-0.8894761650205919,-0.8960187603635964
Al Horford,Away,BOS,ORL,96,113,0,f636faae-5c0d-4ea5-8390-7879f5e42279,-0.6113452263289558,0.9552513738472316,-0.3987358584104536,-1.172528215585485,0.3790492926568506,-0.5692527496791544,-1.4446947813422033,-0.4385506429230306,-1.1613182942367177,-0.32985774088581654,-2.0767917040064976,-1.9304359392093744
Kristaps PorziÅÄ£is,Away,BOS,ORL,96,113,0,f636faae-5c0d-4ea5-8390-7879f5e42279,0.2050909585525414,2.240151881957461,1.1985571229584873,0.4117246749222987,0.3723854176558181,-0.8320095094111215,-0.172654799064423,0.14931363408195947,-0.8157111709635463,0.83198189135347,-0.24687200930959308,0.04791037779099365
Sam Hauser,Away,BOS,ORL,96,113,0,f636faae-5c0d-4ea5-8390-7879f5e42279,0.30631968205730314,-1.2032746787002246,0.6130878174144001,-0.9185952802905188,-0.8795079454903615,-0.6963900249988285,0.4318172577764035,2.1605709546609484,-1.1613182942367177,-0.11491470439237093,-1.1170618660310894,-1.5645187036883135
Luke Kornet,Away,BOS,ORL,96,113,0,f636faae-5c0d-4ea5-8390-7879f5e42279,-0.4867249816873749,0.9507325340135218,1.4455547446152937,0.7765310450070436,2.196337145375354,1.2021382246415961,0.7088354951729342,1.4473903034434328,1.2745131748843668,0.38445854479239444,0.07482933773377504,-0.9515673586715336
Payton Pritchard,Away,BOS,ORL,96,113,0,f636faae-5c0d-4ea5-8390-7879f5e42279,-1.7502361054799982,0.510227858151192,-0.20137740811355895,-1.0655653091176724,-1.29522486750489,-0.494915818905898,-0.4462106092914643,-0.39618956634940183,-1.1613182942367177,-0.5144011622283057,-0.8387026042953417,-0.5038709458694489
Oshae Brissett,Away,BOS,ORL,96,113,0,f636faae-5c0d-4ea5-8390-7879f5e42279,-2.1094847349332793,-1.3983326616745055,0.10133863453921274,-0.307092406750539,-2.1498118728606377,-0.34915453112699196,-0.02389493675965844,-2.9630728418802095,-0.7747300648521904,-1.200138172346832,-1.7072410796791118,-0.2635236824581618
Dalano Banton,Away,BOS,ORL,96,113,0,f636faae-5c0d-4ea5-8390-7879f5e42279,-2.042263144496917,-1.927922455936432,0.090596735133907,-0.006912108877736721,-2.138471700036674,-0.35849935311313336,-0.02768117977730896,-2.9630728418802095,-1.1613182942367177,2.170766685701449,-5.321447047677347,2.113134107484975
Lamar Stevens,Away,BOS,ORL,96,113,0,f636faae-5c0d-4ea5-8390-7879f5e42279,-2.1094847349332793,-1.927922455936432,0.090596735133907,-0.006912108877736721,-2.138471700036674,-0.35849935311313336,-0.02768117977730896,-2.9630728418802095,-1.1613182942367177,-1.4363218287246136,-0.43838415597766567,-0.050655078669298075
Svi Mykhailiuk,Away,BOS,ORL,96,113,0,f636faae-5c0d-4ea5-8390-7879f5e42279,-2.1094847349332793,-1.927922455936432,0.090596735133907,-0.006912108877736721,-2.8472325015343922,0.2255520210207046,0.2089590088258487,-2.9630728418802095,-1.1613182942367177,-2.785607960803732,0.42394217074590557,0.22269250980171243
Jayson Tatum,Home,BOS,ATL,113,103,1,45f8bcf7-4b99-41a9-98ac-2b37aeaca262,5.5415576153415405,3.6038470705232295,0.8961988413202365,-1.00136511905209,1.7511538199945278,-0.6514050589374404,-1.4564630755165184,0.7026645783994878,3.734124990183732,2.1820177180508886,-0.46407929642360474,-0.5545859608051412
Derrick White,Home,BOS,ATL,113,103,1,45f8bcf7-4b99-41a9-98ac-2b37aeaca262,0.888129738588312,5.8979144555288885,-0.8421931277380628,1.1721687986526461,-0.26530755219255675,-0.7078153511960543,0.6465184700081701,-0.15805019181993615,2.6216494399818786,1.9309688170548982,1.0940615033142358,1.5001932182130437
Jaylen Brown,Home,BOS,ATL,113,103,1,45f8bcf7-4b99-41a9-98ac-2b37aeaca262,2.7325286523121335,1.6248600167130698,0.11785851124408558,-0.48130384663565906,0.9769576581711414,-0.6422430625561129,-0.9700275587106796,0.444031579954291,0.16550191512666623,1.4635840941017368,-0.48646070393982005,-0.04443880708791033
Al Horford,Home,BOS,ATL,113,103,1,45f8bcf7-4b99-41a9-98ac-2b37aeaca262,-0.26296305267260456,-0.15587976712776125,-0.2729252655775367,1.0124530750272038,5.7388304265628705,1.3017824600643149,-0.8668331815177877,-0.21969650037489283,-1.1613182942367177,0.9230860084389044,0.6039171166788184,0.7737357755551973
Dalano Banton,Home,BOS,ATL,113,103,1,45f8bcf7-4b99-41a9-98ac-2b37aeaca262,-0.8766909466792286,0.2883758181050845,0.17122558051655837,-1.3326256232075735,0.9926934654697755,-1.0915112872096655,0.6132523658100248,0.5739135442230505,1.3664498557395093,0.022607790122175377,-0.7289010353615314,-0.5115312703527756
Sam Hauser,Home,BOS,ATL,113,103,1,45f8bcf7-4b99-41a9-98ac-2b37aeaca262,1.7481040560221943,-0.7527402905864756,-0.5795211965480787,-0.03972969567065149,-0.09528589557096918,-0.8065506821084243,0.6867104203771618,1.7453587819430578,-1.1613182942367177,0.8199275834475457,0.2854240496873992,0.3244057896032138
Payton Pritchard,Home,BOS,ATL,113,103,1,45f8bcf7-4b99-41a9-98ac-2b37aeaca262,0.11044183010743298,-1.927922455936432,0.090596735133907,-0.006912108877736721,-1.0380650074228162,-0.444316969506609,-0.6345510884819442,0.7423044498954834,-1.1613182942367177,-0.23237454119005058,-1.1309290860655954,-0.8312390251888824
Neemias Queta,Home,BOS,ATL,113,103,1,45f8bcf7-4b99-41a9-98ac-2b37aeaca262,-0.8495941818382373,-1.2461952799815554,1.0336631610130476,1.0605402921942848,5.081935712854155,-2.61979507897134,3.9338339593393283,-0.6101434119702727,0.5638369997068798,0.5092888020657674,-0.23593724229294258,-0.0034621675680690397
Luke Kornet,Home,BOS,ATL,113,103,1,45f8bcf7-4b99-41a9-98ac-2b37aeaca262,-1.5254306568994418,-0.8508255172047686,1.3967710305180934,1.2264042699513815,0.2835636019527984,1.9245658975585866,1.4913542683260104,2.389116698954774,-1.1613182942367177,-0.6152802833059533,0.08139682381388588,-1.1546113592763059
Oshae Brissett,Home,BOS,ATL,113,103,1,45f8bcf7-4b99-41a9-98ac-2b37aeaca262,-2.1094847349332793,-1.927922455936432,0.090596735133907,-0.006912108877736721,-2.8472325015343922,0.2255520210207046,0.2089590088258487,-2.9630728418802095,-1.1613182942367177,-2.785607960803732,0.42394217074590557,0.22269250980171243
Svi Mykhailiuk,Home,BOS,ATL,113,103,1,45f8bcf7-4b99-41a9-98ac-2b37aeaca262,-2.1094847349332793,-1.927922455936432,0.090596735133907,-0.006912108877736721,-2.8472325015343922,0.2255520210207046,0.2089590088258487,-2.9630728418802095,-1.1613182942367177,-2.785607960803732,0.42394217074590557,0.22269250980171243
Lamar Stevens,Home,BOS,ATL,113,103,1,45f8bcf7-4b99-41a9-98ac-2b37aeaca262,-2.1094847349332793,-1.927922455936432,0.090596735133907,-0.006912108877736721,-2.8472325015343922,0.2255520210207046,0.2089590088258487,-2.9630728418802095,-1.1613182942367177,-2.785607960803732,0.42394217074590557,0.22269250980171243
Jordan Walsh,Home,BOS,ATL,113,103,1,45f8bcf7-4b99-41a9-98ac-2b37aeaca262,-2.1094847349332793,-1.927922455936432,0.090596735133907,-0.006912108877736721,-2.8472325015343922,0.2255520210207046,0.2089590088258487,-2.9630728418802095,-1.1613182942367177,-2.785607960803732,0.42394217074590557,0.22269250980171243
Jayson Tatum,Home,BOS,CHI,124,97,1,a60ebbd3-58f4-4010-8a75-d9b23e230496,2.52832792275306,1.7513338072708304,-0.28072907384485896,-1.9340814046374477,1.1032443832347127,-0.6940742801450094,-0.9040757382451744,0.6799452759711421,1.5008065389892367,1.7891048076882605,0.026286656441770594,1.0032954572827348
Jaylen Brown,Home,BOS,CHI,124,97,1,a60ebbd3-58f4-4010-8a75-d9b23e230496,4.200994344943671,1.6867289764131654,-1.4538230744846146,-0.7748092745941558,2.0354927919190158,0.067684544884366,-0.09653011780893841,0.8432826470125632,1.475839925948042,2.35699279832362,0.4848783372044882,0.9288060208767884
Jrue Holiday,Home,BOS,CHI,124,97,1,a60ebbd3-58f4-4010-8a75-d9b23e230496,1.398221823743903,3.950086096911413,-1.050344357561365,-0.6821517034149905,1.1745802547369149,-0.7072692079721962,-0.909695643408835,2.6445556966181982,-1.1613182942367177,1.2482947037798924,0.9391671440562686,0.6519950648652355
Derrick White,Home,BOS,CHI,124,97,1,a60ebbd3-58f4-4010-8a75-d9b23e230496,0.566883166193549,2.5899195842962124,-0.9862286460362097,1.9956963211649306,-0.7734879522959779,-0.37797316730437913,-0.809763253880078,2.784212430812651,1.2100202793591173,0.8612678795992736,0.9835838864999409,0.25969854608018256
Al Horford,Home,BOS,CHI,124,97,1,a60ebbd3-58f4-4010-8a75-d9b23e230496,1.7498937949300808,3.8130437504732093,0.39201703409851063,-0.08530115866971733,3.1692458276605113,2.5902600539637284,-1.920484877276585,3.0586602856734983,-1.1613182942367177,1.2226074121509531,1.4559532628589542,0.13857309537666956
Payton Pritchard,Home,BOS,CHI,124,97,1,a60ebbd3-58f4-4010-8a75-d9b23e230496,1.2586991064334652,-0.5931985792863126,0.05825552978489725,1.2000107986751325,0.6736374788174884,-0.7958449095393206,-0.36894674753068185,0.9400824500933731,-1.1613182942367177,0.7955579127603698,0.2192978878094341,0.32357549244978595
Sam Hauser,Home,BOS,CHI,124,97,1,a60ebbd3-58f4-4010-8a75-d9b23e230496,1.2937443955911232,0.1452848190908631,-0.1340022649179344,-1.0526534711236528,4.20436589614374,-1.9282769209460549,1.5692044403559093,-0.24912973570720237,0.25057764964933543,1.2412517686830777,-0.6027496619366427,0.9730385171565398
Luke Kornet,Home,BOS,CHI,124,97,1,a60ebbd3-58f4-4010-8a75-d9b23e230496,-1.4582090664630796,-0.13584443426501533,0.9592941816078774,-1.7923764682772614,0.9138876036451629,2.768180633944025,2.1701653225896695,0.46495624835679533,-1.1613182942367177,0.07331054307560325,-0.033018483785945255,0.5184306279352263
Dalano Banton,Home,BOS,CHI,124,97,1,a60ebbd3-58f4-4010-8a75-d9b23e230496,-0.9015825264379881,-1.6631275588054688,0.09596768483655986,-0.15700225781413787,-1.846184147244657,1.1635823308699595,0.2970851461506837,2.3228280327783075,-1.1613182942367177,-0.06042282100502512,0.33697982404370225,0.38928932459866944
Svi Mykhailiuk,Home,BOS,CHI,124,97,1,a60ebbd3-58f4-4010-8a75-d9b23e230496,-2.1094847349332793,-1.927922455936432,0.090596735133907,-0.006912108877736721,-2.2178529098044186,-0.2930855992101435,-0.0011774786537553056,-2.9630728418802095,-1.1613182942367177,-1.340090007905818,-0.41759043474923174,0.14462252893805563
Lamar Stevens,Home,BOS,CHI,124,97,1,a60ebbd3-58f4-4010-8a75-d9b23e230496,-2.1094847349332793,-1.927922455936432,0.090596735133907,-0.006912108877736721,-2.4641846619540573,17.469228460891003,5.508057508960096,-2.9630728418802095,-1.1613182942367177,1.33034681932405,19.074187857157753,-14.946688702023783
Oshae Brissett,Home,BOS,CHI,124,97,1,a60ebbd3-58f4-4010-8a75-d9b23e230496,-2.1094847349332793,-1.927922455936432,0.090596735133907,-0.006912108877736721,-2.8472325015343922,0.2255520210207046,0.2089590088258487,-2.9630728418802095,-1.1613182942367177,-2.785607960803732,0.42394217074590557,0.22269250980171243
Neemias Queta,Home,BOS,CHI,124,97,1,a60ebbd3-58f4-4010-8a75-d9b23e230496,-2.1094847349332793,-1.927922455936432,0.090596735133907,-0.006912108877736721,-2.8472325015343922,0.2255520210207046,0.2089590088258487,-2.9630728418802095,-1.1613182942367177,-2.785607960803732,0.42394217074590557,0.22269250980171243
Jaylen Brown,Home,BOS,PHI,125,119,1,9eb97cd7-18bd-4778-9993-3422768e383c,1.9868546992621752,2.472109394619759,3.101098821703848,1.0644340877598595,0.39124019484330647,1.3854380032054838,0.20703508007125176,-0.20994860562520162,1.4284742179081444,1.7443779398884984,-0.588717820152965,0.5096394833692823
Jrue Holiday,Home,BOS,PHI,125,119,1,9eb97cd7-18bd-4778-9993-3422768e383c,1.167590619383533,2.665262307370799,-0.4652597569454112,-0.6010912706044768,0.13935072509956303,-0.507049928806648,-1.3192698223853319,0.7390603532555028,1.0673125956436722,1.110085929135755,-0.363027043759923,0.22810043052938733
Al Horford,Home,BOS,PHI,125,119,1,9eb97cd7-18bd-4778-9993-3422768e383c,1.3732067345579562,1.3068513845879117,-0.052400068141722586,-0.07883729884321354,1.567671465820864,1.1059504503357185,0.63134723862924,2.644051645314505,2.2773477989584676,1.0608830993671143,0.5023542188120894,-0.03185752570526568
Derrick White,Home,BOS,PHI,125,119,1,9eb97cd7-18bd-4778-9993-3422768e383c,1.5517384485333132,1.3916384262697366,-0.8104581600622947,0.5967988599721074,1.1546134159382149,0.26829742419838304,-0.48607007528558055,1.6436331614916577,4.366720592362843,1.525109181793583,0.8438856381971662,0.7279210489997735
Jayson Tatum,Home,BOS,PHI,125,119,1,9eb97cd7-18bd-4778-9993-3422768e383c,1.4183722601704436,3.8631701260143743,0.7421206268825943,-2.4753228338270725,1.7070379625591299,0.45534410977512285,-1.7635662322040042,1.6949967252657427,4.45215735996331,1.09885869889728,-0.9572105089108031,-1.0531912025816126
Sam Hauser,Home,BOS,PHI,125,119,1,9eb97cd7-18bd-4778-9993-3422768e383c,0.4125891055791814,1.4943500540316959,1.6676481679558424,-1.6920974907344963,0.9270375934602338,0.3119357392910958,-0.17920418924198872,2.6249207018691267,1.3664498557395093,0.3498160729354437,-0.4606541034976894,-0.6633085437345155
Payton Pritchard,Home,BOS,PHI,125,119,1,9eb97cd7-18bd-4778-9993-3422768e383c,0.49787183684930014,0.8740953657348505,-1.2985495411822,1.562522906746251,-1.0589824576940587,-0.45941889207313674,-0.6053645393087773,1.3036961321932452,1.2100202793591173,0.278001950748969,-0.27723947001276805,-0.665973254837599
Neemias Queta,Home,BOS,PHI,125,119,1,9eb97cd7-18bd-4778-9993-3422768e383c,-1.674353244328938,0.12811289386947733,1.554337989785018,-2.510746538189143,2.735272462266592,-1.911097731629159,1.5359533059972015,1.7182855107746242,6.64279343058787,0.05409596843822214,-0.5664159610271046,0.13674381612303704
Dalano Banton,Home,BOS,PHI,125,119,1,9eb97cd7-18bd-4778-9993-3422768e383c,-1.264120953421096,-0.9600729458418585,-0.7138662031048915,0.19691541012124902,3.4361116202092608,-0.4655201812547016,3.8079163740227133,0.024275358403993804,-0.6249768629207879,0.009636202924960495,-0.1874963397931977,-0.358749126792716
Luke Kornet,Home,BOS,PHI,125,119,1,9eb97cd7-18bd-4778-9993-3422768e383c,-2.1094847349332793,-1.6631275588054688,0.09596768483655986,-0.15700225781413787,-1.0246945917033303,-0.5821853357356447,-0.5241297253123404,-2.9630728418802095,-1.1613182942367177,-1.3463807681368765,-0.9870344362065168,-0.475602317718385
Oshae Brissett,Home,BOS,PHI,125,119,1,9eb97cd7-18bd-4778-9993-3422768e383c,-2.1094847349332793,-1.927922455936432,0.090596735133907,-0.006912108877736721,-2.8472325015343922,0.2255520210207046,0.2089590088258487,-2.9630728418802095,-1.1613182942367177,-2.785607960803732,0.42394217074590557,0.22269250980171243
Svi Mykhailiuk,Home,BOS,PHI,125,119,1,9eb97cd7-18bd-4778-9993-3422768e383c,-2.1094847349332793,-1.927922455936432,0.090596735133907,-0.006912108877736721,-2.8472325015343922,0.2255520210207046,0.2089590088258487,-2.9630728418802095,-1.1613182942367177,-2.785607960803732,0.42394217074590557,0.22269250980171243
Lamar Stevens,Home,BOS,PHI,125,119,1,9eb97cd7-18bd-4778-9993-3422768e383c,-2.1094847349332793,-1.927922455936432,0.090596735133907,-0.006912108877736721,-2.8472325015343922,0.2255520210207046,0.2089590088258487,-2.9630728418802095,-1.1613182942367177,-2.785607960803732,0.42394217074590557,0.22269250980171243
Jrue Holiday,Away,BOS,IND,112,122,0,6c297170-36d2-4961-b6e9-ce2e76162c15,0.20255500030255472,0.3303116063388233,0.14809858005506255,0.2038485715317205,0.9155414350383899,0.32742973885693716,-0.5599771885997974,-0.03532358044292048,1.1222001663034589,0.3459758446025968,-1.431430820325163,-1.3097900479073912
Jayson Tatum,Away,BOS,IND,112,122,0,6c297170-36d2-4961-b6e9-ce2e76162c15,4.372272553881939,2.0072436120116657,-1.0388248047041206,0.322001823513974,3.2723273752844886,-0.8453462615224507,-2.273552131765595,0.47136712226934846,2.133025936235955,1.4848843795793853,-1.1972170367283144,-1.7941136199611054
Derrick White,Away,BOS,IND,112,122,0,6c297170-36d2-4961-b6e9-ce2e76162c15,2.3826875129156506,4.505232690263478,-0.7368506387114168,-1.5037185254432257,-0.041208204946133364,0.5711982488299643,-0.8968695421452932,0.3553419220292716,0.9890978074534763,1.1878416491961383,-0.964955256668684,-0.6689695445085425
Jaylen Brown,Away,BOS,IND,112,122,0,6c297170-36d2-4961-b6e9-ce2e76162c15,4.077740773097891,1.5926225342972782,1.336543263603207,-1.608666827704351,2.9656471865753105,1.1392847319194124,-0.2761631719148339,0.9033062741596154,-0.9090200410851835,1.3477217048478496,-1.0457754988539827,-1.4139444307602416
Al Horford,Away,BOS,IND,112,122,0,6c297170-36d2-4961-b6e9-ce2e76162c15,-1.5561479924380146,1.2731964772201119,0.24826959826399536,-1.9519193079268202,1.7392260647889632,0.1003119191759858,0.06674145500189171,-0.7895911321554147,-1.1613182942367177,0.1530231476553927,-0.6784085771909147,-0.2772511388713164
Sam Hauser,Away,BOS,IND,112,122,0,6c297170-36d2-4961-b6e9-ce2e76162c15,2.0220699542053566,-1.0184977120175513,-0.3095018768641038,-0.14037560435127877,1.3995709441001005,-1.126748750172747,0.23882635043827424,2.5955857380062604,-1.1613182942367177,0.6570209864639347,0.5982028353372719,-0.13682973238827087
Luke Kornet,Away,BOS,IND,112,122,0,6c297170-36d2-4961-b6e9-ce2e76162c15,-1.0989604370097985,0.9040522245525492,0.5968227646973063,0.07052912110419775,2.3789834075896463,4.220294164958293,4.654640248436853,0.29192548057545403,-1.1613182942367177,-0.10784881298474061,-0.2575506685919704,-1.2919095159824303
Payton Pritchard,Away,BOS,IND,112,122,0,6c297170-36d2-4961-b6e9-ce2e76162c15,-1.2659106923289822,-1.1175514329665774,-0.7936714839924335,0.3558863375735094,0.5847763590890568,-0.7477383391300364,-1.4341597122486869,-2.1681312323039794,-1.1613182942367177,-0.3125822970623753,-1.3357405483182114,0.031023496615320122
Dalano Banton,Away,BOS,IND,112,122,0,6c297170-36d2-4961-b6e9-ce2e76162c15,-2.042263144496917,1.814358449227456,2.1137948731218823,-3.9353022072770942,1.2814396410898579,-1.207197662942117,-0.1429391480738734,-2.788334450061515,-1.1613182942367177,-0.3853384452880795,-1.3471427423499343,0.27784696872336345
Oshae Brissett,Away,BOS,IND,112,122,0,6c297170-36d2-4961-b6e9-ce2e76162c15,-2.1094847349332793,-1.927922455936432,0.090596735133907,-0.006912108877736721,-2.8472325015343922,0.2255520210207046,0.2089590088258487,-2.9630728418802095,-1.1613182942367177,-2.785607960803732,0.42394217074590557,0.22269250980171243
Svi Mykhailiuk,Away,BOS,IND,112,122,0,6c297170-36d2-4961-b6e9-ce2e76162c15,-2.1094847349332793,-1.927922455936432,0.090596735133907,-0.006912108877736721,-2.8472325015343922,0.2255520210207046,0.2089590088258487,-2.9630728418802095,-1.1613182942367177,-2.785607960803732,0.42394217074590557,0.22269250980171243
Neemias Queta,Away,BOS,IND,112,122,0,6c297170-36d2-4961-b6e9-ce2e76162c15,-2.1094847349332793,-1.927922455936432,0.090596735133907,-0.006912108877736721,-2.8472325015343922,0.2255520210207046,0.2089590088258487,-2.9630728418802095,-1.1613182942367177,-2.785607960803732,0.42394217074590557,0.22269250980171243
Lamar Stevens,Away,BOS,IND,112,122,0,6c297170-36d2-4961-b6e9-ce2e76162c15,-2.1094847349332793,-1.927922455936432,0.090596735133907,-0.006912108877736721,-2.8472325015343922,0.2255520210207046,0.2089590088258487,-2.9630728418802095,-1.1613182942367177,-2.785607960803732,0.42394217074590557,0.22269250980171243
Jayson Tatum,Home,BOS,NYK,133,123,1,0cde151c-826c-46a6-a417-e7cec631cc07,3.235635572632677,0.8826609227462445,-0.8262605982104746,0.8764632740364201,0.7735331013281556,-0.6054839605287794,-1.691223246598612,0.7702382586563912,3.2323649368648955,1.888301292443776,0.27388430634185235,0.6879193470029015
Jrue Holiday,Home,BOS,NYK,133,123,1,0cde151c-826c-46a6-a417-e7cec631cc07,0.9347854464237881,1.5350335077714437,0.04573876092745259,1.3286110233347739,1.2063107672287754,0.4391413841556177,-1.5625768121382961,1.2953465850513077,0.5171825646460613,1.0450104300043643,0.10277178436459403,-0.20346204229302453
Derrick White,Home,BOS,NYK,133,123,1,0cde151c-826c-46a6-a417-e7cec631cc07,4.490947328243284,1.275788689219484,0.30003193240791254,1.3996153762697514,0.31576814789066554,1.3181952644065156,1.4128050094005624,2.4660211250025563,2.0111430812585027,1.8443071367685475,1.4833918118259055,0.26202494932031095
Kristaps PorziÅÄ£is,Home,BOS,NYK,133,123,1,0cde151c-826c-46a6-a417-e7cec631cc07,2.198719636328497,1.1116448969499493,1.5927168818978676,0.29910011298993994,-0.3866408658328124,-0.7324416105200257,0.06734590030653664,1.4095479893748695,2.090730058715193,1.440500793471981,0.1880793682258274,0.3826090794002566
Jaylen Brown,Home,BOS,NYK,133,123,1,0cde151c-826c-46a6-a417-e7cec631cc07,1.6258551673216042,2.4173078545721562,-0.12313110611648335,-0.5430029777037808,-1.7666420166135708,0.7977878852364659,0.17540265684234385,1.0119625874541605,0.4979719149151359,1.4506860408994073,0.3119146953120564,0.870410933174125
Al Horford,Home,BOS,NYK,133,123,1,0cde151c-826c-46a6-a417-e7cec631cc07,1.2698963353981498,0.20773267363598247,0.15054282396465674,-1.3317732113967145,3.7449511119014662,-1.4032825158681979,-1.0623607389854335,2.1933401559864856,0.5638369997068798,0.8560351988268947,0.2088143296620268,0.09967517413387567
Sam Hauser,Home,BOS,NYK,133,123,1,0cde151c-826c-46a6-a417-e7cec631cc07,-1.0913426858608868,-1.3213184518904741,-0.2679324293269761,-0.012309086654421975,0.3278646482805338,0.4449933986224315,0.3563252026092381,-1.7735810774438947,0.5702977487425923,-0.24715912033777562,-1.5862467158867546,-0.49012907220638857
Payton Pritchard,Home,BOS,NYK,133,123,1,0cde151c-826c-46a6-a417-e7cec631cc07,-0.7074944133960044,-0.6354939421321004,-0.724254088037402,0.02817650065127679,-0.5920122434363918,-0.8439972231390028,0.4890621029805028,1.3589023099569308,-1.1613182942367177,-0.459821698548232,-1.065363504957194,-1.0395518093838927
Luke Kornet,Home,BOS,NYK,133,123,1,0cde151c-826c-46a6-a417-e7cec631cc07,-1.4582090664630796,-1.3801400341691565,-0.5275638640784404,0.2570757314961776,-1.0095244877688179,-0.9183614177620971,1.2321884044356985,0.7395451497861725,-1.1613182942367177,-0.5167077771753648,-0.6692802627020494,-0.8779845854309538
Dalano Banton,Home,BOS,NYK,133,123,1,0cde151c-826c-46a6-a417-e7cec631cc07,-2.1094847349332793,-1.927922455936432,0.090596735133907,-0.006912108877736721,-2.076100749504875,-0.4098958740369111,-0.04850551637438683,-2.9630728418802095,-1.1613182942367177,-1.446032559048846,-0.45248299747770904,-0.03800111857123092
Oshae Brissett,Home,BOS,NYK,133,123,1,0cde151c-826c-46a6-a417-e7cec631cc07,-2.1094847349332793,-1.927922455936432,0.090596735133907,-0.006912108877736721,-2.076100749504875,-0.4098958740369111,-0.04850551637438683,-2.9630728418802095,-1.1613182942367177,-1.4438440198939229,-0.4369379269442642,-0.050049872124721555
Svi Mykhailiuk,Home,BOS,NYK,133,123,1,0cde151c-826c-46a6-a417-e7cec631cc07,-2.1094847349332793,-1.927922455936432,0.090596735133907,-0.006912108877736721,-2.8472325015343922,0.2255520210207046,0.2089590088258487,-2.9630728418802095,-1.1613182942367177,-2.785607960803732,0.42394217074590557,0.22269250980171243
Neemias Queta,Home,BOS,NYK,133,123,1,0cde151c-826c-46a6-a417-e7cec631cc07,-2.1094847349332793,-1.927922455936432,0.090596735133907,-0.006912108877736721,-2.8472325015343922,0.2255520210207046,0.2089590088258487,-2.9630728418802095,-1.1613182942367177,-2.785607960803732,0.42394217074590557,0.22269250980171243
Lamar Stevens,Home,BOS,NYK,133,123,1,0cde151c-826c-46a6-a417-e7cec631cc07,-2.1094847349332793,-1.927922455936432,0.090596735133907,-0.006912108877736721,-2.8472325015343922,0.2255520210207046,0.2089590088258487,-2.9630728418802095,-1.1613182942367177,-2.785607960803732,0.42394217074590557,0.22269250980171243
Jayson Tatum,Home,BOS,CLE,120,113,1,096687a1-f3a3-4203-aaba-3c019987d7b1,2.918262671262057,2.2622023478327278,-0.7704810827374882,-1.7774860048047239,3.146158431131357,1.3856490294474046,-2.3861812083229994,0.16997815151607698,4.44481751568629,1.939929331589198,-0.4781463108850845,0.27228881622753676
Derrick White,Home,BOS,CLE,120,113,1,096687a1-f3a3-4203-aaba-3c019987d7b1,2.2443394445359264,1.2937973969674446,-0.2927886825025543,0.1137123214422838,0.4197786060602713,1.651140769670322,-0.768913338876801,2.5692731762740197,1.1222001663034589,0.6826579908828166,-0.4323350397852476,-1.094599984191592
Jaylen Brown,Home,BOS,CLE,120,113,1,096687a1-f3a3-4203-aaba-3c019987d7b1,2.4093688315822965,1.813566591666181,-0.23531872575626173,-0.32445071354469435,-0.7141598435825602,0.49117258613816955,0.5288948162804715,0.8425564579392392,1.9905602422610826,1.2699822942812198,-0.89726985468716,-0.9956680216140927
Jrue Holiday,Home,BOS,CLE,120,113,1,096687a1-f3a3-4203-aaba-3c019987d7b1,0.8033012899131354,1.886376595031326,1.7264987341046611,1.3087310441802649,0.36119379056173845,0.2515834800213817,0.9127473342439382,2.174454006528241,-1.1613182942367177,0.6271749608417876,-0.0765730607214343,-0.3974884524963871
Kristaps PorziÅÄ£is,Home,BOS,CLE,120,113,1,096687a1-f3a3-4203-aaba-3c019987d7b1,1.8863874349749932,1.3623811105856953,0.2718462699408481,-0.4704071477733141,4.00550100739495,0.8899949565461659,0.3534992550698831,0.09824395704832689,4.566942360404315,1.4148928877561366,-0.9179703168476538,-0.6970901900552976
Al Horford,Home,BOS,CLE,120,113,1,096687a1-f3a3-4203-aaba-3c019987d7b1,-1.4292814698323932,-0.9381765064298039,0.4260673437184149,1.0534823249121212,1.142615935830549,-1.1630740806910356,0.5760495834525423,-0.3210794300540969,-1.1613182942367177,0.15316706853754403,0.19826221122599372,0.8157318647213204
Sam Hauser,Home,BOS,CLE,120,113,1,096687a1-f3a3-4203-aaba-3c019987d7b1,0.317186137854233,-1.219916204578582,-0.39310682196639096,0.04642059665102961,-0.03188722147154126,-0.869602548491556,0.12669293930059464,3.003988894456562,-1.1613182942367177,0.396361864387292,0.6782973868693468,0.4791565914573047
Payton Pritchard,Home,BOS,CLE,120,113,1,096687a1-f3a3-4203-aaba-3c019987d7b1,-0.08364628293455066,2.4689004930829563,0.7722937320967954,2.1760197268519987,1.0004614606205162,1.1832448695529132,-0.9148163561492191,1.2436304726925518,-1.1613182942367177,0.6018051564524012,0.9809246492606487,-0.34373832567616625
Luke Kornet,Home,BOS,CLE,120,113,1,096687a1-f3a3-4203-aaba-3c019987d7b1,-1.5876115473186876,-1.927922455936432,0.090596735133907,-0.006912108877736721,2.772755073746412,-2.4467119608549157,3.9549469098914205,-0.4414126330020808,1.7328243898935847,0.0018418925813416132,-0.48305803207900244,-0.03437502786326273
Dalano Banton,Home,BOS,CLE,120,113,1,096687a1-f3a3-4203-aaba-3c019987d7b1,-2.1094847349332793,-1.927922455936432,0.090596735133907,-0.006912108877736721,-2.8472325015343922,0.2255520210207046,0.2089590088258487,-2.9630728418802095,-1.1613182942367177,-2.785607960803732,0.42394217074590557,0.22269250980171243
Oshae Brissett,Home,BOS,CLE,120,113,1,096687a1-f3a3-4203-aaba-3c019987d7b1,-2.1094847349332793,-1.927922455936432,0.090596735133907,-0.006912108877736721,-2.8472325015343922,0.2255520210207046,0.2089590088258487,-2.9630728418802095,-1.1613182942367177,-2.785607960803732,0.42394217074590557,0.22269250980171243
Svi Mykhailiuk,Home,BOS,CLE,120,113,1,096687a1-f3a3-4203-aaba-3c019987d7b1,-2.1094847349332793,-1.927922455936432,0.090596735133907,-0.006912108877736721,-2.8472325015343922,0.2255520210207046,0.2089590088258487,-2.9630728418802095,-1.1613182942367177,-2.785607960803732,0.42394217074590557,0.22269250980171243
Neemias Queta,Home,BOS,CLE,120,113,1,096687a1-f3a3-4203-aaba-3c019987d7b1,-2.1094847349332793,-1.927922455936432,0.090596735133907,-0.006912108877736721,-2.8472325015343922,0.2255520210207046,0.2089590088258487,-2.9630728418802095,-1.1613182942367177,-2.785607960803732,0.42394217074590557,0.22269250980171243
Lamar Stevens,Home,BOS,CLE,120,113,1,096687a1-f3a3-4203-aaba-3c019987d7b1,-2.1094847349332793,-1.927922455936432,0.090596735133907,-0.006912108877736721,-2.8472325015343922,0.2255520210207046,0.2089590088258487,-2.9630728418802095,-1.1613182942367177,-2.785607960803732,0.42394217074590557,0.22269250980171243
Jrue Holiday,Home,BOS,CLE,116,107,1,3a6daa16-0f6c-4f78-97b2-bd2ecb7dd859,0.8870839625613139,0.9546052683125453,-0.5600298348975593,-1.1026363201397533,-0.504959560142678,-0.8080782417796786,0.9279908488849721,1.204698215540094,-1.1613182942367177,1.2057331763437718,-0.020062683779252587,0.4349174874850377
Jayson Tatum,Home,BOS,CLE,116,107,1,3a6daa16-0f6c-4f78-97b2-bd2ecb7dd859,3.856193905564304,0.6555810078411579,-0.36129601834631947,-1.2067660463665284,4.392554404774863,1.8976649470532772,0.15303061543530322,0.3828494581641362,3.1225897955453226,1.914866198872007,-0.585055578003665,-0.5007509480328645
Jaylen Brown,Home,BOS,CLE,116,107,1,3a6daa16-0f6c-4f78-97b2-bd2ecb7dd859,2.7231211622553353,2.5950267465464476,-0.004272915178808576,0.7217980201267815,0.43769833506042827,-0.8592152474934885,0.39848604969529416,0.6491300978925892,-1.1613182942367177,1.5699948622882953,-0.4004852868433831,-0.2685735004116649
Derrick White,Home,BOS,CLE,116,107,1,3a6daa16-0f6c-4f78-97b2-bd2ecb7dd859,0.8954144601082572,2.3157761382862825,1.8759530364863095,0.8117703025148619,0.44218474223160514,-0.8536666835288985,0.4077364223711765,1.0664833945653642,1.0920120024405762,1.1957723119013695,0.0661527616309377,0.12517008872446306
Kristaps PorziÅÄ£is,Home,BOS,CLE,116,107,1,3a6daa16-0f6c-4f78-97b2-bd2ecb7dd859,1.1519830202543846,0.6945064330525363,1.5297623518659198,-1.2062773892734835,1.686525778347326,1.4727901398228833,-0.41131031419870007,0.4892148961719505,3.9937075458228644,1.1021725919983318,-0.7936233676603766,-0.4374648631220695
Al Horford,Home,BOS,CLE,116,107,1,3a6daa16-0f6c-4f78-97b2-bd2ecb7dd859,-0.6095554874210694,-0.5679861930335586,-1.081790052593646,0.31745391293750774,4.391818622481655,-0.3703465576611854,0.23649594635536622,2.682318348767475,-1.1613182942367177,0.28320355450817086,0.6938100396462854,-0.058803871999894924
Sam Hauser,Home,BOS,CLE,116,107,1,3a6daa16-0f6c-4f78-97b2-bd2ecb7dd859,0.055876434375887005,-0.9677965883616053,-0.3720890731838112,-0.111010762698553,-2.1498118728606377,-0.34915453112699196,-0.02389493675965844,6.277692505837964,-1.1613182942367177,0.05572100114774721,0.7752724944217393,-0.06777491167662242
Payton Pritchard,Home,BOS,CLE,116,107,1,3a6daa16-0f6c-4f78-97b2-bd2ecb7dd859,-1.9153966218912957,-0.7893801312656816,-0.8665345296894148,0.24250224070301551,0.6335080799744579,0.9394993271197307,-0.8751643137061256,-1.5590726419785232,-1.1613182942367177,-0.6151616072201669,-0.24329774734867435,-0.05504495550292575
Lamar Stevens,Home,BOS,CLE,116,107,1,3a6daa16-0f6c-4f78-97b2-bd2ecb7dd859,-1.3338785021074449,0.39266307048334337,0.7659156613825843,1.3705372557204416,-0.5600045696141878,1.8248169094745306,0.018920226784919097,-0.04809382800866558,1.7328243898935847,0.038534526669686646,-0.09949771553975593,-0.44313962698828624
Dalano Banton,Home,BOS,CLE,116,107,1,3a6daa16-0f6c-4f78-97b2-bd2ecb7dd859,-2.1094847349332793,-1.927922455936432,0.090596735133907,-0.006912108877736721,-2.8472325015343922,0.2255520210207046,0.2089590088258487,-2.9630728418802095,-1.1613182942367177,-2.785607960803732,0.42394217074590557,0.22269250980171243
Oshae Brissett,Home,BOS,CLE,116,107,1,3a6daa16-0f6c-4f78-97b2-bd2ecb7dd859,-2.1094847349332793,-1.927922455936432,0.090596735133907,-0.006912108877736721,-2.8472325015343922,0.2255520210207046,0.2089590088258487,-2.9630728418802095,-1.1613182942367177,-2.785607960803732,0.42394217074590557,0.22269250980171243
Luke Kornet,Home,BOS,CLE,116,107,1,3a6daa16-0f6c-4f78-97b2-bd2ecb7dd859,-2.1094847349332793,-1.927922455936432,0.090596735133907,-0.006912108877736721,-2.8472325015343922,0.2255520210207046,0.2089590088258487,-2.9630728418802095,-1.1613182942367177,-1.3656136771057312,-0.040146881234825064,-0.13035295097740038
Svi Mykhailiuk,Home,BOS,CLE,116,107,1,3a6daa16-0f6c-4f78-97b2-bd2ecb7dd859,-2.1094847349332793,-1.927922455936432,0.090596735133907,-0.006912108877736721,-2.8472325015343922,0.2255520210207046,0.2089590088258487,-2.9630728418802095,-1.1613182942367177,-2.785607960803732,0.42394217074590557,0.22269250980171243
Jayson Tatum,Home,BOS,ORL,128,111,1,3faa6252-26df-416c-ba47-3b7494731030,3.876044785305947,0.9847997405363748,-0.7763341490632072,-0.9428492564767397,0.707536443367168,-0.5582575784433654,-1.672883368358216,0.5517037360402337,3.283977648515377,2.0801510112871826,-0.25571624062729476,0.6420996771342844
Derrick White,Home,BOS,ORL,128,111,1,3faa6252-26df-416c-ba47-3b7494731030,2.3646263720818945,3.479383650284356,0.14735283728109982,3.697249885638097,0.34677388490174427,0.4386701904463229,-0.011906329203138541,0.994608112720142,1.0000753215854337,1.4945223209202334,0.79053952373598,-0.0673154371588582
Jaylen Brown,Home,BOS,ORL,128,111,1,3faa6252-26df-416c-ba47-3b7494731030,1.427018291009662,0.4147542996573219,-0.8386822022155171,-0.5637790424050334,-0.19870450930960826,0.614437718922216,-0.729989344406578,0.16060699755032282,0.9095586314470789,1.6406064752717775,0.1697080030819881,1.15503432782809
Jrue Holiday,Home,BOS,ORL,128,111,1,3faa6252-26df-416c-ba47-3b7494731030,-0.2029361472730688,0.9998543439505408,0.11204824898880801,1.8294816757942518,0.45224163704680553,0.41460450232490514,-0.010606691316722932,0.5266208853050609,-1.1613182942367177,0.6360552071481765,0.2653206143227963,0.5043677523939862
Lamar Stevens,Home,BOS,ORL,128,111,1,3faa6252-26df-416c-ba47-3b7494731030,-0.23332270964388682,0.6328008693625384,2.471073522879509,1.0822636722868606,0.7313097582811673,0.6716607262350015,0.5659637628961601,0.33182178998172207,0.4138681723622005,0.3464917085397776,-1.0137437614302924,-0.814937108497309
Sam Hauser,Home,BOS,ORL,128,111,1,3faa6252-26df-416c-ba47-3b7494731030,0.9973894029551191,2.4615315429753664,1.7502882819566907,2.698657905505485,1.641130849423106,-1.0000645394644956,-0.12828588599531138,1.6635263359768295,-1.1613182942367177,1.0873906689443846,0.9844050484130416,0.669143563130696
Payton Pritchard,Home,BOS,ORL,128,111,1,3faa6252-26df-416c-ba47-3b7494731030,2.8894974204791546,1.4017258494581293,-1.0309846479860265,0.9217057378759846,-0.415730648739765,-0.6995654422637948,0.07445213080672212,3.4652229879274654,0.29585989544365937,0.9255721694792147,0.6992387769878144,-0.3935521845328781
Neemias Queta,Home,BOS,ORL,128,111,1,3faa6252-26df-416c-ba47-3b7494731030,-1.4582090664630796,1.6775699999921636,1.3785133234908409,-1.1172263533546118,1.2316740038293865,3.1253830060525662,2.25292955429537,0.5398441305648072,-1.1613182942367177,0.1610221636407886,0.19085325457916785,0.7921525606303805
Oshae Brissett,Home,BOS,ORL,128,111,1,3faa6252-26df-416c-ba47-3b7494731030,-0.4162135937211859,1.055536100650334,0.6599429236941365,-2.2359945989143184,-1.289183319812038,-0.7316208523688752,0.9582200969980312,3.852878305217641,1.5036687823889756,0.13823397600514778,-0.5210732703185573,-0.6062492146445704
Svi Mykhailiuk,Home,BOS,ORL,128,111,1,3faa6252-26df-416c-ba47-3b7494731030,-1.9153966218912957,-1.927922455936432,0.090596735133907,-0.006912108877736721,-2.138471700036674,-0.35849935311313336,-0.02768117977730896,-2.195619640746625,-1.1613182942367177,-0.9846583284799425,-1.2883874358792706,0.1865808466320965
Kristaps PorziÅÄ£is,Home,BOS,ORL,128,111,1,3faa6252-26df-416c-ba47-3b7494731030,-2.1094847349332793,-1.927922455936432,0.090596735133907,-0.006912108877736721,-2.8472325015343922,0.2255520210207046,0.2089590088258487,-2.9630728418802095,-1.1613182942367177,-1.3656136771057312,-0.040146881234825064,-0.13035295097740038
Jrue Holiday,Home,BOS,ORL,114,97,1,1f8a5d35-869a-46c7-984b-ed59f8f2ea73,1.2861266444422115,0.19124214997158262,0.9623500593752362,-2.1357497739827496,1.2137553546927635,1.4850922186676383,-0.2873865699924923,0.719285119644469,-1.1613182942367177,1.3759896966482168,0.21589073656039368,0.8947104314216741
Jaylen Brown,Home,BOS,ORL,114,97,1,1f8a5d35-869a-46c7-984b-ed59f8f2ea73,4.557415079399807,2.725638173233358,-1.091797669525207,0.018161014372745213,0.4393272164570611,0.4732754498538777,-0.20145616916945394,1.860225778182667,0.9547930757911097,1.8406468638529743,0.7756620943442962,-0.4001896608922436
Jayson Tatum,Home,BOS,ORL,114,97,1,1f8a5d35-869a-46c7-984b-ed59f8f2ea73,3.2164898193513265,0.35563392575799146,-0.7701715745500188,-0.5368590409067535,2.21896987308509,-0.031108746755250095,0.8597341209086979,0.6732424104804706,1.4147523252431977,1.7681313191058396,-0.019464461298095443,-0.05696894620188143
Kristaps PorziÅÄ£is,Home,BOS,ORL,114,97,1,1f8a5d35-869a-46c7-984b-ed59f8f2ea73,1.2069616056990642,1.237974450793373,1.8332194194634985,-1.8369394146712628,2.9599902385664865,0.3091422870832889,-1.506739112055112,0.791463449382556,0.5062050505141039,1.0966152047148874,-0.4641775202842616,-0.08967214367512233
Derrick White,Home,BOS,ORL,114,97,1,1f8a5d35-869a-46c7-984b-ed59f8f2ea73,0.379658965020637,1.4317658450115331,0.045061567585923036,-0.1446133097541866,1.164093092886963,3.0152886353479422,-0.7240633718948007,0.3764133105952936,0.5446263499759545,0.8565468321828821,0.21400955496596313,-0.14201049545969782
Al Horford,Home,BOS,ORL,114,97,1,1f8a5d35-869a-46c7-984b-ed59f8f2ea73,0.021869301307487668,-0.6893638860165431,-0.6577551919477129,-0.003023643604744332,2.40396105783242,0.34808495443692594,-0.999553489135516,1.1938166498332174,-1.1613182942367177,0.7538006922267656,0.8826159470129856,0.8178082242655373
Payton Pritchard,Home,BOS,ORL,114,97,1,1f8a5d35-869a-46c7-984b-ed59f8f2ea73,-0.8940058681708849,0.7696769824286842,-0.5018993023626493,-0.9765555015667001,1.751872799665102,0.22302084002692915,0.689659113136804,1.122433291140514,-1.1613182942367177,0.35695842006357326,0.24019079167085244,0.34067623803213415
Sam Hauser,Home,BOS,ORL,114,97,1,1f8a5d35-869a-46c7-984b-ed59f8f2ea73,-0.9431663177734908,-0.47988987022758894,1.5765333722582513,0.006470938335787209,-0.8628835333773974,-0.6704667138871953,0.6135592631078595,-0.386687732268736,-1.1613182942367177,0.34339983861465617,-0.003978360556454727,0.733308351695179
Neemias Queta,Home,BOS,ORL,114,97,1,1f8a5d35-869a-46c7-984b-ed59f8f2ea73,-1.7502361054799982,-1.6631275588054688,0.09596768483655986,-0.15700225781413787,-0.3580455693785724,-0.5163152249568651,-0.964173283230565,-0.27137642933604855,-1.1613182942367177,-0.2631587997626362,-0.055639282683014386,0.523203730652737
Dalano Banton,Home,BOS,ORL,114,97,1,1f8a5d35-869a-46c7-984b-ed59f8f2ea73,-1.6233695828743768,-1.927922455936432,0.090596735133907,-0.006912108877736721,-2.2235229962164,-0.2884131882170728,0.0007156428550699599,0.08738754382807296,-1.1613182942367177,0.291839436622383,-1.0063513119562724,-0.5184339902381758
Oshae Brissett,Home,BOS,ORL,114,97,1,1f8a5d35-869a-46c7-984b-ed59f8f2ea73,-2.1094847349332793,-1.927922455936432,0.090596735133907,-0.006912108877736721,2.987365099070627,-1.562176955097741,-2.113874392489372,-2.9630728418802095,-1.1613182942367177,-1.348869314615145,-0.1272789514380788,-0.5337826794789735
Lamar Stevens,Home,BOS,ORL,114,97,1,1f8a5d35-869a-46c7-984b-ed59f8f2ea73,-2.1094847349332793,-1.6631275588054688,0.09596768483655986,-0.15700225781413787,-2.229193082628382,-0.2837407772240021,0.0026087643638952203,-2.9630728418802095,-1.1613182942367177,-1.4510011418448927,-0.8527155763321695,0.028492486350587393
Svi Mykhailiuk,Home,BOS,ORL,114,97,1,1f8a5d35-869a-46c7-984b-ed59f8f2ea73,-2.1094847349332793,-1.927922455936432,0.090596735133907,-0.006912108877736721,-2.8472325015343922,0.2255520210207046,0.2089590088258487,-2.9630728418802095,-1.1613182942367177,-2.785607960803732,0.42394217074590557,0.22269250980171243
Jaylen Brown,Away,BOS,GSW,126,132,0,b6896d64-57fa-419f-a838-6c82eb2fe83d,2.761714712745909,2.5490014860375454,-1.415497701595333,-1.3492426651334968,1.9207363323212738,-0.044416348758582726,0.48386010055995865,0.21509245005634467,3.495602842085301,1.6890500321798811,-0.8568017749982526,-0.7827451410833561
Jayson Tatum,Away,BOS,GSW,126,132,0,b6896d64-57fa-419f-a838-6c82eb2fe83d,2.0479996900533743,1.2056093042127245,-0.8658215236095174,2.2875850400935667,1.5922320361686266,-1.0149584086936623,0.34480380188087867,-0.11667889686968941,1.4843402677913007,0.98789708458929,-0.9848041487754854,-1.1417195467877725
Derrick White,Away,BOS,GSW,126,132,0,b6896d64-57fa-419f-a838-6c82eb2fe83d,6.4282467243861365,-0.4426193859564472,-0.9043043130117974,0.08661044945611067,2.024577595883698,2.131111674919375,0.2647864069086764,1.1886706610724354,0.13531375126378362,1.5685779617463949,-0.21131190960650492,-0.9723537985149646
Al Horford,Away,BOS,GSW,126,132,0,b6896d64-57fa-419f-a838-6c82eb2fe83d,2.003588003720727,1.1294594204967852,-1.2164989243707665,-0.6087647586795611,3.600735798243067,0.02527289012951663,-1.3231282932676058,0.12145547740500524,1.0137972142503804,0.8777448140488281,-1.0277116059523914,-0.966737702272318
Jrue Holiday,Away,BOS,GSW,126,132,0,b6896d64-57fa-419f-a838-6c82eb2fe83d,0.8538306687727546,1.3650030592719375,1.3025581389147658,0.27290722759563757,1.072259493812375,-0.7058209095654143,-1.0231520487035664,0.1428961757084377,1.0467297566462523,0.47159569130393686,-1.547204538861439,-1.170006058266482
Neemias Queta,Away,BOS,GSW,126,132,0,b6896d64-57fa-419f-a838-6c82eb2fe83d,-0.4476847685395986,-0.8775867164377722,0.4031655391489285,1.1126072766309014,4.100242783633331,-2.164034311476596,3.065437312976178,0.5372819603020133,-1.1613182942367177,0.5557496236648996,0.3828129513746891,0.16364993301277936
Sam Hauser,Away,BOS,GSW,126,132,0,b6896d64-57fa-419f-a838-6c82eb2fe83d,-0.877734466245015,-1.0343418131600346,-0.28994337801419523,-0.1495521173677556,-0.29601059372071786,-0.7797717978240243,0.06481149999715508,-2.168070997794039,-1.1613182942367177,0.032299623269925824,-1.4246736092225991,0.5944560796789229
Payton Pritchard,Away,BOS,GSW,126,132,0,b6896d64-57fa-419f-a838-6c82eb2fe83d,0.7360796994767731,-0.07740763494346052,-0.3283966483289949,-0.6765221411229481,-2.076100749504875,-0.4098958740369111,-0.04850551637438683,2.766205782128628,-1.1613182942367177,-0.071349390064338,-0.6458861038547741,-1.2458709708272373
Oshae Brissett,Away,BOS,GSW,126,132,0,b6896d64-57fa-419f-a838-6c82eb2fe83d,-1.233403617882523,-0.8609994263263759,2.088987074430107,1.9926049659401035,-2.206512736980455,-0.30243042119628494,-0.004963721671405827,2.3579134147014353,-1.1613182942367177,0.17920485974584402,1.0662913524785333,-1.357884705869778
Svi Mykhailiuk,Away,BOS,GSW,126,132,0,b6896d64-57fa-419f-a838-6c82eb2fe83d,-1.9153966218912957,-1.927922455936432,0.090596735133907,-0.006912108877736721,-2.076100749504875,-0.4098958740369111,-0.04850551637438683,-2.195619640746625,-1.1613182942367177,-0.5232179178346673,-1.5200558224450766,0.9920676688679716
Dalano Banton,Away,BOS,GSW,126,132,0,b6896d64-57fa-419f-a838-6c82eb2fe83d,-2.1094847349332793,-1.927922455936432,0.090596735133907,-0.006912108877736721,-2.8472325015343922,0.2255520210207046,0.2089590088258487,-2.9630728418802095,-1.1613182942367177,-2.785607960803732,0.42394217074590557,0.22269250980171243
Lamar Stevens,Away,BOS,GSW,126,132,0,b6896d64-57fa-419f-a838-6c82eb2fe83d,-2.1094847349332793,-1.927922455936432,0.090596735133907,-0.006912108877736721,-2.8472325015343922,0.2255520210207046,0.2089590088258487,-2.9630728418802095,-1.1613182942367177,-2.785607960803732,0.42394217074590557,0.22269250980171243
Sam Hauser,Away,BOS,SAC,144,119,1,697b5ea4-bb06-4892-a063-7c4debab199c,0.30631968205730314,-0.848767421741487,-0.18677993406199955,-0.3455248313865407,0.23556852054491437,-0.5667811256476522,-1.3629085990326908,2.4226785423889905,-1.1613182942367177,1.0186275433576917,0.6298772258260129,1.5677959509250468
Jrue Holiday,Away,BOS,SAC,144,119,1,697b5ea4-bb06-4892-a063-7c4debab199c,2.453911647279871,3.976267839730583,-0.995030792203225,0.886560805573586,2.239213509495884,0.07168414404312032,-0.10776771390340428,1.8346147286813959,1.5598106774485072,1.6193815059308123,0.8559955752188466,0.3385572743488445
Derrick White,Away,BOS,SAC,144,119,1,697b5ea4-bb06-4892-a063-7c4debab199c,4.067013066603628,1.8165645964463821,-1.4930355606795407,1.0584068117773338,0.05522014901064916,2.8688934280332545,1.0353544960518042,3.307129123204497,0.9520964987084135,1.534091851055359,1.5688454922676762,-0.29250837533104457
Jaylen Brown,Away,BOS,SAC,144,119,1,697b5ea4-bb06-4892-a063-7c4debab199c,2.4418370696081593,0.687379002328926,-2.125090747911802,0.5812549488440052,0.5611737631569638,-0.8290290324355284,-0.44790651271650805,0.25327205503982136,3.007493492175437,2.114287044064415,0.2471148981056142,1.1559362753639548
Kristaps PorziÅÄ£is,Away,BOS,SAC,144,119,1,697b5ea4-bb06-4892-a063-7c4debab199c,1.953647861831952,1.0244575976048151,0.2013082802140368,-1.9055292294505157,4.7200514650024905,5.907477197141689,0.7201538083460574,2.206283082806044,3.9937075458228644,1.730713049236092,1.0159857633813958,0.7456358277256171
Payton Pritchard,Away,BOS,SAC,144,119,1,697b5ea4-bb06-4892-a063-7c4debab199c,3.3543027270562824,0.7120006270676269,-0.27247099424799004,0.5513133012522682,-0.10595854493197088,-0.5592761484838291,-1.1465317191922184,2.0805838013378244,0.9781680947718122,1.160403646848726,0.23181230638625894,0.10101285182306874
Neemias Queta,Away,BOS,SAC,144,119,1,697b5ea4-bb06-4892-a063-7c4debab199c,-0.8972956657007114,0.6815960400628777,1.376968359952661,-0.5697224439862976,3.4474926824311884,-2.004843575662932,2.282945392183309,-0.7867239469927303,-1.1613182942367177,0.3476807679454817,-1.3073788779914053,0.6166840172905053
Oshae Brissett,Away,BOS,SAC,144,119,1,697b5ea4-bb06-4892-a063-7c4debab199c,-1.3876976784968904,-1.1682525566225235,-0.731084287672726,0.3265214959207837,1.5669708261873836,-1.4093593682776835,0.8714684713922263,6.065510172915264,-1.1613182942367177,-0.4042596510831245,0.33094278706334734,-0.17692175063314053
Svi Mykhailiuk,Away,BOS,SAC,144,119,1,697b5ea4-bb06-4892-a063-7c4debab199c,-0.9738836533120634,0.16089108069817168,-0.24881961432439703,1.3881816508027915,0.8959327833594525,-1.2998552345619339,1.2538196141544842,-1.1219864782178368,-1.1613182942367177,0.17960509224027643,-0.5675571479802002,0.6052713928958561
Lamar Stevens,Away,BOS,SAC,144,119,1,697b5ea4-bb06-4892-a063-7c4debab199c,-1.8174576959163604,-1.927922455936432,0.090596735133907,-0.006912108877736721,-2.070430663092893,-0.41456828502998183,-0.050398637883212104,2.3579134147014353,-1.1613182942367177,-0.33405284914244715,-0.038058225844898166,-0.5060828779587829
Dalano Banton,Away,BOS,SAC,144,119,1,697b5ea4-bb06-4892-a063-7c4debab199c,-2.1094847349332793,-1.927922455936432,0.090596735133907,-0.006912108877736721,-2.8472325015343922,0.2255520210207046,0.2089590088258487,-2.9630728418802095,-1.1613182942367177,-2.785607960803732,0.42394217074590557,0.22269250980171243
Jayson Tatum,Away,BOS,LAC,145,108,1,45ea47d2-d9c0-472d-a96d-55e963c5f456,4.106352836436302,0.2688081129490689,0.4826417664075154,0.036439117780617085,-0.1734891646491754,-0.4954897648587313,-1.1356303940660315,1.80268085300622,3.852510650505142,1.8996604644657864,0.7286124756696083,0.539644158419182
Jaylen Brown,Away,BOS,LAC,145,108,1,45ea47d2-d9c0-472d-a96d-55e963c5f456,2.8695154113725847,1.2970831563596532,0.6962458817331455,-0.7844402821184311,1.2714298502864938,-1.2051999422732262,1.248699652867048,1.1490054319443344,1.4765008422354577,2.0900807682350284,0.7719916475937636,1.6182377120527918
Derrick White,Away,BOS,LAC,145,108,1,45ea47d2-d9c0-472d-a96d-55e963c5f456,2.2370547230159814,0.5970659104131663,-0.3699982859247892,-1.0879240656213778,0.3553795102214279,2.891479812899565,-0.28779987174568744,1.0235952536224262,2.665559496509708,1.6722230281048753,0.9283119435835646,1.4216853814262813
Jrue Holiday,Away,BOS,LAC,145,108,1,45ea47d2-d9c0-472d-a96d-55e963c5f456,2.468391053836643,1.9044163945669355,-1.5007160775415938,1.056072828043889,1.3506919925290917,-1.2403931591312904,1.2837231523518142,2.5419532012548878,-1.1613182942367177,1.4163069821299847,1.4995621856853842,0.504700950141688
Al Horford,Away,BOS,LAC,145,108,1,45ea47d2-d9c0-472d-a96d-55e963c5f456,-0.016424692498188356,0.7647783730779136,-0.857308264151788,1.183739949492913,2.7167152029582406,1.574044610617848,-1.9338241902513174,0.9505194283539895,-1.1613182942367177,0.8640656115976724,1.2573153060549125,1.1209095320817815
Payton Pritchard,Away,BOS,LAC,145,108,1,45ea47d2-d9c0-472d-a96d-55e963c5f456,0.6457174317689414,-0.10494162357006143,-0.988902458018724,-0.021267739604497075,0.24996057298491586,-0.8122916611887421,-0.14838722465191997,1.2503770637165528,-1.1613182942367177,0.6103224107360437,0.1558176396279046,0.6795527110422795
Neemias Queta,Away,BOS,LAC,145,108,1,45ea47d2-d9c0-472d-a96d-55e963c5f456,-0.4535029043816723,1.0380818046955629,-0.6675456968812381,-0.993127701493182,5.516550100512082,-2.456403841712359,2.8994538133910375,0.48268577970988435,4.191525234144667,0.9652682311577657,0.284056819846117,0.5702434835876826
Sam Hauser,Away,BOS,LAC,145,108,1,45ea47d2-d9c0-472d-a96d-55e963c5f456,-0.6113452263289558,0.32876326997133554,-1.4662418655117295,0.17664920705078424,-0.8741665988177746,-0.5062209445116757,-0.6875244210132028,-0.08283320243497383,-1.1613182942367177,0.18608621411083637,-0.0794958498945952,0.7420744528084532
Oshae Brissett,Away,BOS,LAC,145,108,1,45ea47d2-d9c0-472d-a96d-55e963c5f456,0.5896930702972636,-1.5227369444515049,-0.35153737442926325,0.17448711434788636,-0.08813651785458436,-0.8426372434333866,0.20568070965786822,3.814875585338658,0.5702977487425923,0.4396971498022577,0.9086025052025453,0.05035202583767598
Lamar Stevens,Away,BOS,LAC,145,108,1,45ea47d2-d9c0-472d-a96d-55e963c5f456,-1.4582090664630796,-0.7432071682413345,-1.3138155178447648,0.6259715547585449,1.2139042515951695,-1.6447953907225035,1.571046604627066,0.7894704045915137,-1.1613182942367177,0.22006045880119016,0.31448374489194014,-0.47598498655544197
Dalano Banton,Away,BOS,LAC,145,108,1,45ea47d2-d9c0-472d-a96d-55e963c5f456,-1.8174576959163604,-0.797077112125777,-1.2473166217550757,0.5947714105025239,-2.161152045684601,-0.33980970914085057,-0.020108693742007917,2.457763924312118,-1.1613182942367177,-0.4840209782919085,0.6553663741291039,-0.22355907072090594
Drew Peterson,Away,BOS,LAC,145,108,1,45ea47d2-d9c0-472d-a96d-55e963c5f456,-1.3876976784968904,0.5039219997235835,-2.5210714968364436,1.0448252128437059,-2.161152045684601,-0.33980970914085057,-0.020108693742007917,6.23400790788329,-1.1613182942367177,-0.12113473531649799,1.9020937344998055,-1.7477674073901097
JD Davison,Away,BOS,LAC,145,108,1,45ea47d2-d9c0-472d-a96d-55e963c5f456,-1.9153966218912957,-1.927922455936432,0.090596735133907,-0.006912108877736721,0.7938060636448737,-1.0798356167765757,-1.2470483877146548,-2.195619640746625,-1.1613182942367177,-0.5953182188831847,-1.4660048810799016,0.8627958625328512
Jordan Walsh,Away,BOS,LAC,145,108,1,45ea47d2-d9c0-472d-a96d-55e963c5f456,-2.1094847349332793,-1.927922455936432,0.090596735133907,-0.006912108877736721,-2.8472325015343922,0.2255520210207046,0.2089590088258487,-2.9630728418802095,-1.1613182942367177,-2.785607960803732,0.42394217074590557,0.22269250980171243
Jayson Tatum,Away,BOS,LAL,126,115,1,73d9ee29-c265-41d4-8623-a194b8fd87cd,1.884182249892761,0.5394216236286117,-1.7366707648052473,0.24510378528581625,1.684358526725801,0.39479567083481043,-1.929599320902875,0.34979332716242806,6.366279881603588,1.7185297617007051,0.030847254320533413,0.1116982460972494
Jrue Holiday,Away,BOS,LAL,126,115,1,73d9ee29-c265-41d4-8623-a194b8fd87cd,1.727083890826366,2.0941235817155066,-0.8154747319591077,0.09520715028610441,1.5819104887578825,0.07119515111240185,0.05785946847520899,2.420132253031613,0.5295322680445133,1.3410524177461371,0.7217557120261712,0.330804331086312
Kristaps PorziÅÄ£is,Away,BOS,LAL,126,115,1,73d9ee29-c265-41d4-8623-a194b8fd87cd,3.4521105236662906,0.551875958433391,0.2274117761925509,0.06893860611359123,3.9835868174095297,0.756662492032808,0.07992952262914034,0.9931474185829734,2.268872673618927,1.9113846757959885,0.4049761936341348,0.44416656171879393
Derrick White,Away,BOS,LAL,126,115,1,73d9ee29-c265-41d4-8623-a194b8fd87cd,1.6760926094340651,4.477370787295317,-1.7177863030352443,1.2640478595754214,-0.6059639918965382,1.6219184708334453,-0.22832586105669644,1.4987731802636217,-1.1613182942367177,1.4699190136391804,0.834674160031499,0.30058162415148176
Jaylen Brown,Away,BOS,LAL,126,115,1,73d9ee29-c265-41d4-8623-a194b8fd87cd,1.7349524858406271,2.1597330929789655,1.754367763799182,1.1218759179061228,0.6183269755916065,-1.091215066875353,1.4232941602322098,-0.053581062689232684,2.3292490013446923,1.5931902998430976,-0.47439976415851853,0.34853577518997914
Al Horford,Away,BOS,LAL,126,115,1,73d9ee29-c265-41d4-8623-a194b8fd87cd,-0.2777343959765344,-0.788559837400051,-0.2611022296916521,-0.31065408192392885,1.5916262724644972,0.45421134604293667,-1.641226862365155,2.090961687351011,-1.1613182942367177,-0.022537829098194486,-0.2764433684069568,-0.19638690319539487
Sam Hauser,Away,BOS,LAL,126,115,1,73d9ee29-c265-41d4-8623-a194b8fd87cd,-1.0411052437484258,-1.927922455936432,0.090596735133907,-0.006912108877736721,-0.5243951854028744,-0.8713420727998312,0.6183076197071019,-1.1413779220916564,-1.1613182942367177,-0.08669214369792637,-1.02567716670742,0.5503301456846074
Payton Pritchard,Away,BOS,LAL,126,115,1,73d9ee29-c265-41d4-8623-a194b8fd87cd,0.6944959081412705,-1.6631275588054688,0.09596768483655986,-0.15700225781413787,-0.2518159419811502,-1.2385554282582854,2.2063524475937752,1.22784851609291,-1.1613182942367177,0.3702485680605887,-0.6485824872476247,-0.8587675102129969
Neemias Queta,Away,BOS,LAL,126,115,1,73d9ee29-c265-41d4-8623-a194b8fd87cd,-2.1094847349332793,0.49674075734940637,1.0006847061643327,1.5990463548190716,-0.9548617895130765,-0.5485518569825678,-0.5752892150624498,-1.5402030799279822,-1.1613182942367177,-1.3516367916615561,-0.6331352799736141,-0.8537184791154864
Dalano Banton,Away,BOS,LAL,126,115,1,73d9ee29-c265-41d4-8623-a194b8fd87cd,-2.1094847349332793,-1.927922455936432,0.090596735133907,-0.006912108877736721,-2.8472325015343922,0.2255520210207046,0.2089590088258487,-2.9630728418802095,-1.1613182942367177,-2.785607960803732,0.42394217074590557,0.22269250980171243
Oshae Brissett,Away,BOS,LAL,126,115,1,73d9ee29-c265-41d4-8623-a194b8fd87cd,-2.1094847349332793,-1.927922455936432,0.090596735133907,-0.006912108877736721,-2.8472325015343922,0.2255520210207046,0.2089590088258487,-2.9630728418802095,-1.1613182942367177,-2.785607960803732,0.42394217074590557,0.22269250980171243
JD Davison,Away,BOS,LAL,126,115,1,73d9ee29-c265-41d4-8623-a194b8fd87cd,-2.1094847349332793,-1.927922455936432,0.090596735133907,-0.006912108877736721,-2.8472325015343922,0.2255520210207046,0.2089590088258487,-2.9630728418802095,-1.1613182942367177,-2.785607960803732,0.42394217074590557,0.22269250980171243
Luke Kornet,Away,BOS,LAL,126,115,1,73d9ee29-c265-41d4-8623-a194b8fd87cd,-2.1094847349332793,-1.927922455936432,0.090596735133907,-0.006912108877736721,-2.8472325015343922,0.2255520210207046,0.2089590088258487,-2.9630728418802095,-1.1613182942367177,-2.785607960803732,0.42394217074590557,0.22269250980171243
Drew Peterson,Away,BOS,LAL,126,115,1,73d9ee29-c265-41d4-8623-a194b8fd87cd,-2.1094847349332793,-1.927922455936432,0.090596735133907,-0.006912108877736721,-2.8472325015343922,0.2255520210207046,0.2089590088258487,-2.9630728418802095,-1.1613182942367177,-2.785607960803732,0.42394217074590557,0.22269250980171243
Jordan Walsh,Away,BOS,LAL,126,115,1,73d9ee29-c265-41d4-8623-a194b8fd87cd,-2.1094847349332793,-1.927922455936432,0.090596735133907,-0.006912108877736721,-2.8472325015343922,0.2255520210207046,0.2089590088258487,-2.9630728418802095,-1.1613182942367177,-2.785607960803732,0.42394217074590557,0.22269250980171243
Jrue Holiday,Home,BOS,DET,128,122,1,7a6aff3a-0db4-4885-bc3f-8d8ebefe5e5c,-0.16072964602265333,1.3247414669755704,0.6873831145926084,-0.9871691960698191,2.204912756521205,0.11894413070800713,-0.49560694583340303,-0.23497930430721742,2.3986529459211,1.123208346647376,-0.7461209429649339,-0.15465580933852152
Jayson Tatum,Home,BOS,DET,128,122,1,7a6aff3a-0db4-4885-bc3f-8d8ebefe5e5c,4.782473628306925,6.136963958056656,0.2403194159503102,2.8858285501500656,1.0148245009393324,-0.7786688480380222,-0.12108339214911569,-0.20314412394218773,3.350150779836867,2.5328408000661637,-0.1748500436762493,-0.03364253185852485
Derrick White,Home,BOS,DET,128,122,1,7a6aff3a-0db4-4885-bc3f-8d8ebefe5e5c,2.178445690474769,0.9136184159343947,-1.064213574497022,-0.631576308693761,0.402817974303029,1.4175887153371838,0.1265714913490011,1.3982737181430287,1.5172728101871726,1.45932482332266,0.10216883223003187,-0.1031708833359553
Al Horford,Home,BOS,DET,128,122,1,7a6aff3a-0db4-4885-bc3f-8d8ebefe5e5c,-0.17979547000159926,0.6377882920899336,0.46787032909314175,-0.19314008679485128,0.6557633899492344,0.20043764671774775,0.5685819182734498,3.208436050089522,-1.1613182942367177,0.7275470940569045,0.29060855451402684,0.271928056286358
Kristaps PorziÅÄ£is,Home,BOS,DET,128,122,1,7a6aff3a-0db4-4885-bc3f-8d8ebefe5e5c,4.561327586844547,0.502063288367243,0.5443991842220574,-0.19378225241606545,1.4893343025643433,-0.5654183237299885,-2.135767921151774,1.4240251402435091,3.007493492175437,1.9630983989035689,0.33265432413408136,0.004729178273005641
Payton Pritchard,Home,BOS,DET,128,122,1,7a6aff3a-0db4-4885-bc3f-8d8ebefe5e5c,0.5932671846365087,-0.009176279872997375,0.3542904001177064,0.5210243951516752,0.2775685812275559,-0.9779296110121055,0.8665844809069778,-0.14280825898349153,-1.1613182942367177,0.41159536821082005,-1.2485344629059534,-0.8465168580124725
Neemias Queta,Home,BOS,DET,128,122,1,7a6aff3a-0db4-4885-bc3f-8d8ebefe5e5c,-1.4777291730369677,-0.23924563771603224,0.912052191902702,0.33379804577128125,-0.974231141940831,-0.4605327866773195,-0.6572492988278352,2.012342609452696,1.3936113086393913,-0.3536217074999693,-0.6321069365392625,-0.3138236332766446
Sam Hauser,Home,BOS,DET,128,122,1,7a6aff3a-0db4-4885-bc3f-8d8ebefe5e5c,-0.44618470991765835,-0.7885827065298072,0.15921860854128467,-0.7316901492550097,-0.09679424607007281,-0.8382293062790427,0.165974241883848,-0.010575926042178751,-1.1613182942367177,-0.06585383470791019,-1.2198982160447376,-0.6059673914421883
Oshae Brissett,Home,BOS,DET,128,122,1,7a6aff3a-0db4-4885-bc3f-8d8ebefe5e5c,-2.1094847349332793,-1.927922455936432,0.090596735133907,-0.006912108877736721,-0.6423227991796899,-1.136214676324331,1.8768693246278088,-1.5776470210319882,-1.1613182942367177,-0.9246815455244088,0.17431291814961894,0.6567377501103995
Dalano Banton,Home,BOS,DET,128,122,1,7a6aff3a-0db4-4885-bc3f-8d8ebefe5e5c,-2.1094847349332793,-1.927922455936432,0.090596735133907,-0.006912108877736721,-2.8472325015343922,0.2255520210207046,0.2089590088258487,-2.9630728418802095,-1.1613182942367177,-2.785607960803732,0.42394217074590557,0.22269250980171243
Luke Kornet,Home,BOS,DET,128,122,1,7a6aff3a-0db4-4885-bc3f-8d8ebefe5e5c,-2.1094847349332793,-1.927922455936432,0.090596735133907,-0.006912108877736721,-2.8472325015343922,0.2255520210207046,0.2089590088258487,-2.9630728418802095,-1.1613182942367177,-2.785607960803732,0.42394217074590557,0.22269250980171243
Svi Mykhailiuk,Home,BOS,DET,128,122,1,7a6aff3a-0db4-4885-bc3f-8d8ebefe5e5c,-2.1094847349332793,-1.927922455936432,0.090596735133907,-0.006912108877736721,-2.8472325015343922,0.2255520210207046,0.2089590088258487,-2.9630728418802095,-1.1613182942367177,-2.785607960803732,0.42394217074590557,0.22269250980171243
Lamar Stevens,Home,BOS,DET,128,122,1,7a6aff3a-0db4-4885-bc3f-8d8ebefe5e5c,-2.1094847349332793,-1.927922455936432,0.090596735133907,-0.006912108877736721,-2.8472325015343922,0.2255520210207046,0.2089590088258487,-2.9630728418802095,-1.1613182942367177,-2.785607960803732,0.42394217074590557,0.22269250980171243
Jaylen Brown,Home,BOS,TOR,120,118,1,c7f177d4-9b5a-47f2-8065-3951d216cbf1,3.905393191587507,4.2385585686574725,-0.43309575391320565,-3.3583361819515267,2.35651325340167,-0.7957509357324464,-1.724460037431427,2.3814526307603856,2.0652109541628962,1.927153490251717,0.09331891524620699,0.22353767424282805
Derrick White,Home,BOS,TOR,120,118,1,c7f177d4-9b5a-47f2-8065-3951d216cbf1,2.5955182967065658,3.8017652035086225,0.26284866467695256,1.3719830904703283,0.8768797890714349,1.45203721941854,-0.08453180914068043,-0.23543621713903362,4.44481751568629,1.795733513556647,-0.34826620152565246,-0.036813261468737715
Sam Hauser,Home,BOS,TOR,120,118,1,c7f177d4-9b5a-47f2-8065-3951d216cbf1,0.8322288865438218,-1.0945493975014704,-0.21562108238454267,-0.18442286683036746,2.396579854225445,0.4078481152881202,-2.243299996367936,1.522945956667102,-1.1613182942367177,0.24740739602906844,-0.8785316247499586,-0.8642078087814145
Luke Kornet,Home,BOS,TOR,120,118,1,c7f177d4-9b5a-47f2-8065-3951d216cbf1,0.7486047648166625,0.4506685395334367,-0.6630237739173962,-0.6775133334659946,3.24750995735555,1.6702291876734268,2.948768237916495,1.4604945586533118,1.0673125956436722,0.8127790068600316,-0.1872755164665314,-0.8679763660818351
Jrue Holiday,Home,BOS,TOR,120,118,1,c7f177d4-9b5a-47f2-8065-3951d216cbf1,1.6612824297095388,-0.18576258555201544,-0.6790481716934749,-0.31962090242436797,-1.1513246420503886,-0.45435016023069685,-0.5780638045793945,0.3332387179167224,1.006351498737662,1.2451455829341884,-0.6415692022874019,0.47588121398396016
Payton Pritchard,Home,BOS,TOR,120,118,1,c7f177d4-9b5a-47f2-8065-3951d216cbf1,1.1607601804585301,2.123152531535642,-1.47314458036107,-0.9065118491932123,0.941609966731739,-1.2719353620924279,1.5917299265448572,0.4584931006056308,-1.1613182942367177,0.5536549938847557,-0.846102204467974,-0.46673620547202577
Oshae Brissett,Home,BOS,TOR,120,118,1,c7f177d4-9b5a-47f2-8065-3951d216cbf1,-1.5561479924380146,-0.4901865916595146,0.45801852546694977,-1.140518469606186,3.0363386846160685,-1.6105550195467586,0.14249311253708877,-0.7771098184540793,-1.1613182942367177,-0.1639644618180574,-0.47757648269365777,0.18812580381341065
Neemias Queta,Home,BOS,TOR,120,118,1,c7f177d4-9b5a-47f2-8065-3951d216cbf1,-1.233403617882523,-1.418165876911116,-0.48062346683865975,0.23505210025663328,1.6348528946979222,-1.1883657904272735,-0.47972681974571346,2.420319983208112,-1.1613182942367177,-0.21678665984154616,0.22998130180451973,-0.3082709245872463
Svi Mykhailiuk,Home,BOS,TOR,120,118,1,c7f177d4-9b5a-47f2-8065-3951d216cbf1,-0.9015825264379881,-0.5019800147726011,-0.9471089393711231,0.15877871998586496,-0.9583611900741047,-0.6019944760716115,-0.5657414475297821,2.4226785423889905,-1.1613182942367177,-0.3220883025950418,-0.3407317801275621,-0.9741552085468742
Dalano Banton,Home,BOS,TOR,120,118,1,c7f177d4-9b5a-47f2-8065-3951d216cbf1,-1.8174576959163604,-0.2922722260263171,1.7144278630735605,-2.3316170989856726,-2.110121267976765,-0.3818614080784869,-0.037146787321435275,1.5091840830106336,-1.1613182942367177,0.4359111044609442,-1.415794348185655,-0.2789501790427982
Lamar Stevens,Home,BOS,TOR,120,118,1,c7f177d4-9b5a-47f2-8065-3951d216cbf1,-2.1094847349332793,-1.927922455936432,0.090596735133907,-0.006912108877736721,-2.8472325015343922,0.2255520210207046,0.2089590088258487,-2.9630728418802095,-1.1613182942367177,-2.785607960803732,0.42394217074590557,0.22269250980171243
Jayson Tatum,Home,BOS,TOR,120,118,1,c7f177d4-9b5a-47f2-8065-3951d216cbf1,-2.1094847349332793,-1.927922455936432,0.090596735133907,-0.006912108877736721,-2.8472325015343922,0.2255520210207046,0.2089590088258487,-2.9630728418802095,-1.1613182942367177,-1.3656136771057312,-0.040146881234825064,-0.13035295097740038
Jayson Tatum,Away,BOS,SAS,134,101,1,ee0e3daf-fa30-4e9c-bdeb-8bd0028f482d,4.064469488415901,0.45712352491631847,0.10622317339063651,-1.5130534880497568,1.3779865695750964,1.6012433644845896,-0.26131120579230954,1.6915007519158483,-1.1613182942367177,2.098644265043704,1.359101149520779,1.5593329480652498
Kristaps PorziÅÄ£is,Away,BOS,SAS,134,101,1,ee0e3daf-fa30-4e9c-bdeb-8bd0028f482d,0.9051138869122134,0.28833183081892955,0.35967982073198707,0.16768200832892532,2.8460591947065503,1.5186765082505613,-1.0497054816053777,-0.6094884335910956,3.1072865754542405,1.8783589125785913,0.8030370420559257,2.154577373412221
Jaylen Brown,Away,BOS,SAS,134,101,1,ee0e3daf-fa30-4e9c-bdeb-8bd0028f482d,1.8379709482532756,1.3172897813758797,0.8049396333222727,0.9752105759679677,0.8772683331023611,-0.7157060819604525,-0.6618618464288276,2.3452608513995608,2.312887949454138,1.8413055059707708,1.34497890093347,0.9235787319930668
Derrick White,Away,BOS,SAS,134,101,1,ee0e3daf-fa30-4e9c-bdeb-8bd0028f482d,1.8734705200058754,0.06493089714048493,-1.7470030846010103,0.5774754136042137,-0.5675409527998403,-0.6301116521994335,0.16022680002614345,2.1151507125146214,-1.1613182942367177,1.2553787548979698,1.2638380061115584,0.9614659038770325
Al Horford,Away,BOS,SAS,134,101,1,ee0e3daf-fa30-4e9c-bdeb-8bd0028f482d,-0.41546737437908565,-0.45928378096456074,-1.4901781141596515,0.6305902590665783,1.9690487848806002,-0.9824930705657354,-1.006502142355771,1.6923689813112914,-1.1613182942367177,0.4666230761870936,0.9979871703534086,0.5787752413552549
Oshae Brissett,Away,BOS,SAS,134,101,1,ee0e3daf-fa30-4e9c-bdeb-8bd0028f482d,-1.323765885590355,-0.17198191869286697,1.611847720504981,1.4960605623653311,1.4630339576025788,-1.2679098862742921,1.5028725658175541,-0.6826318952841375,-0.6935863262455212,0.2389226737502974,-0.06757238689650459,0.4938472024361908
Sam Hauser,Away,BOS,SAS,134,101,1,ee0e3daf-fa30-4e9c-bdeb-8bd0028f482d,0.7360796994767731,-0.3033563954668337,0.2247243047263344,-1.057564683573947,0.05219083708310645,-0.5376625420356631,-1.2102206709960215,2.747483811576625,-1.1613182942367177,0.5917615453721957,0.5973550162653561,0.5868198019440712
Payton Pritchard,Away,BOS,SAS,134,101,1,ee0e3daf-fa30-4e9c-bdeb-8bd0028f482d,0.2647358907218005,0.7721168546327046,-2.8361389416990708,1.1839644417599244,-0.3133343117426684,-0.73209403250465,0.22789343740878784,0.7764716433206247,-0.43168274822852426,0.672134286938327,0.37972971793006693,0.11026249662308822
Luke Kornet,Away,BOS,SAS,134,101,1,ee0e3daf-fa30-4e9c-bdeb-8bd0028f482d,-0.41950339125101255,-0.7703672098947019,-0.8900047283093051,0.25351405632278773,1.5721550731752985,1.7075716164382775,3.0996367985590343,1.0978871885712815,1.2100202793591173,0.5395416112301878,0.5473173043693215,-0.4539040640231852
Dalano Banton,Away,BOS,SAS,134,101,1,ee0e3daf-fa30-4e9c-bdeb-8bd0028f482d,-1.7842356186106578,0.6783551125913737,0.8102251478273815,-2.1519588745955756,1.2784608659702246,-1.177348482562912,0.02521753960385213,-1.6879447043963594,4.412474297624167,0.014312652214502399,-1.2172329401828892,-0.08977259019326361
Svi Mykhailiuk,Away,BOS,SAS,134,101,1,ee0e3daf-fa30-4e9c-bdeb-8bd0028f482d,-1.3331322827653447,0.06497763612347916,2.220314243700215,0.19969651720730763,-1.2849923626840123,-0.413745908680965,-0.4422696410493996,-2.195619640746625,-1.1613182942367177,-0.07961669993869852,-2.208808010111792,0.5259048711169158
Lamar Stevens,Away,BOS,SAS,134,101,1,ee0e3daf-fa30-4e9c-bdeb-8bd0028f482d,-1.8174576959163604,-0.575683173893654,-1.4625721446593065,0.6697230827370161,0.0036917667055614634,-0.7234900385471108,-1.0117965562913045,2.439041953760115,-1.1613182942367177,-0.7163394550788351,0.46337608130488045,-0.8120508585178123
Neemias Queta,Away,BOS,SAS,134,101,1,ee0e3daf-fa30-4e9c-bdeb-8bd0028f482d,-1.4777291730369677,-1.927922455936432,0.090596735133907,-0.006912108877736721,1.2666178618172625,2.504048797198361,-0.3398142661863574,2.4713965775158053,1.0784079746423791,-0.030952738942102296,0.7758946903051832,-1.069991280801964
Jaylen Brown,Away,BOS,OKC,123,127,0,b0ffd0b3-c410-494c-a9b5-9f3490b3d023,1.348568255125758,2.131140376651401,-0.004174079904459458,-2.4026750437875917,0.987875045886998,-0.9807538230280306,0.04907122682330557,-1.042054485351762,3.6053779834048747,1.343811580786454,-1.78477904224604,0.23232253800093486
Jayson Tatum,Away,BOS,OKC,123,127,0,b0ffd0b3-c410-494c-a9b5-9f3490b3d023,3.1719546235914913,3.827172969075429,-1.3373419512387734,-0.5333998696064347,4.58582234264102,-1.7210915355550764,0.7550928694437289,0.6736244283882816,4.183215150280176,1.755304875288326,-0.507472880488807,-0.7269198634594434
Kristaps PorziÅÄ£is,Away,BOS,OKC,123,127,0,b0ffd0b3-c410-494c-a9b5-9f3490b3d023,3.1661677042322744,-0.46946665725142095,-0.46169548455696174,-0.3654290689709683,4.386333688290392,1.3331345720895451,3.0602362478695784,1.972402554026196,4.123278581665565,1.5420032399306949,0.1908826153938119,-0.8111699875663894
Jrue Holiday,Away,BOS,OKC,123,127,0,b0ffd0b3-c410-494c-a9b5-9f3490b3d023,0.1657199722370105,2.8476424713275956,-0.5687721938244741,-0.48646932776406354,0.6067426098830978,-0.8308316738419963,-0.5642892925370849,-0.005858256060086557,0.3644693587683926,0.23644615569941402,-1.5308679588770162,-1.2433932676648956
Derrick White,Away,BOS,OKC,123,127,0,b0ffd0b3-c410-494c-a9b5-9f3490b3d023,2.9270786678867995,2.989528995909599,-0.9905523013457669,-0.09736666468172438,0.9269352318095216,0.4879720625129509,-1.343457403245622,2.134749526712597,-1.1613182942367177,0.979927601158086,0.26347197392399435,-0.4550004253865346
Payton Pritchard,Away,BOS,OKC,123,127,0,b0ffd0b3-c410-494c-a9b5-9f3490b3d023,-0.5134063003540208,0.9071312532848852,0.023996739357558035,2.1393136709490235,-0.3099220369999605,-0.7686061628836,0.047266939279808996,0.7802829204329997,-1.1613182942367177,0.3057889418581682,0.18246477703378,0.31405847090985417
Al Horford,Away,BOS,OKC,123,127,0,b0ffd0b3-c410-494c-a9b5-9f3490b3d023,-0.41546737437908565,-0.06385577041412291,-0.4593041342173106,1.4893681268135273,1.0463306318908965,6.299197628407399,0.620429188460479,1.6486843833566176,-1.1613182942367177,-0.26979438014308943,-0.1180613198084974,-1.9064765010156026
Luke Kornet,Away,BOS,OKC,123,127,0,b0ffd0b3-c410-494c-a9b5-9f3490b3d023,-1.9750415540605546,-1.2461952799815554,1.0336631610130476,1.0605402921942848,-0.010154079807068749,0.46614725888831887,2.2085222764042682,-2.526226862333473,-1.1613182942367177,-0.5739530232294104,-0.6898890265847132,0.017642897244653427
Sam Hauser,Away,BOS,OKC,123,127,0,b0ffd0b3-c410-494c-a9b5-9f3490b3d023,-0.471822509018518,-1.927922455936432,0.090596735133907,-0.006912108877736721,-1.0651509440850595,-0.6111380745405557,-0.5456587472007994,3.3896936700011966,-1.1613182942367177,-0.49740057895761725,-0.27217778952842836,-1.0560080772757217
Dalano Banton,Away,BOS,OKC,123,127,0,b0ffd0b3-c410-494c-a9b5-9f3490b3d023,-2.1094847349332793,-1.927922455936432,0.090596735133907,-0.006912108877736721,-2.8472325015343922,0.2255520210207046,0.2089590088258487,-2.9630728418802095,-1.1613182942367177,-2.785607960803732,0.42394217074590557,0.22269250980171243
Oshae Brissett,Away,BOS,OKC,123,127,0,b0ffd0b3-c410-494c-a9b5-9f3490b3d023,-2.1094847349332793,-1.927922455936432,0.090596735133907,-0.006912108877736721,-2.8472325015343922,0.2255520210207046,0.2089590088258487,-2.9630728418802095,-1.1613182942367177,-2.785607960803732,0.42394217074590557,0.22269250980171243
Svi Mykhailiuk,Away,BOS,OKC,123,127,0,b0ffd0b3-c410-494c-a9b5-9f3490b3d023,-2.1094847349332793,-1.927922455936432,0.090596735133907,-0.006912108877736721,-2.8472325015343922,0.2255520210207046,0.2089590088258487,-2.9630728418802095,-1.1613182942367177,-2.785607960803732,0.42394217074590557,0.22269250980171243
Neemias Queta,Away,BOS,OKC,123,127,0,b0ffd0b3-c410-494c-a9b5-9f3490b3d023,-2.1094847349332793,-1.927922455936432,0.090596735133907,-0.006912108877736721,-2.8472325015343922,0.2255520210207046,0.2089590088258487,-2.9630728418802095,-1.1613182942367177,-2.785607960803732,0.42394217074590557,0.22269250980171243
Lamar Stevens,Away,BOS,OKC,123,127,0,b0ffd0b3-c410-494c-a9b5-9f3490b3d023,-2.1094847349332793,-1.927922455936432,0.090596735133907,-0.006912108877736721,-2.8472325015343922,0.2255520210207046,0.2089590088258487,-2.9630728418802095,-1.1613182942367177,-2.785607960803732,0.42394217074590557,0.22269250980171243
Kristaps PorziÅÄ£is,Home,BOS,UTA,126,97,1,1885a744-a35d-4161-9020-763de800b626,0.4207960936989372,0.15190507347880886,-0.3709658144404512,-0.7809675300427735,0.3516088715697167,0.7147556321031209,-1.0990642678478926,1.4276610533666776,6.769743315013976,1.2311407025527967,0.7410675339904962,0.6417238482539763
Jaylen Brown,Home,BOS,UTA,126,97,1,1885a744-a35d-4161-9020-763de800b626,0.9821561571185077,2.6301076174252924,-0.45717535563941547,-0.4494440826683365,-0.5916561968148024,0.7922553778578736,-0.5685453692042907,0.4402443764046162,0.25057764964933543,1.373726569639558,0.3492939417138448,0.8707430033087373
Derrick White,Home,BOS,UTA,126,97,1,1885a744-a35d-4161-9020-763de800b626,0.7591815403276461,0.2677383470786291,-0.4117188133138032,0.9783822585117392,1.2870360677012636,0.676074445879687,-1.62511250967428,0.45241902000050077,1.1222001663034589,0.9730467793510724,0.6782147016634089,0.8989543756184614
Jayson Tatum,Home,BOS,UTA,126,97,1,1885a744-a35d-4161-9020-763de800b626,3.195525986912786,1.4928974349944295,-1.2646806778899475,1.0601796694255268,2.321788456108823,0.6012192151127745,-2.1837952507299763,2.1222449062676514,7.209967694265895,2.2733008720916072,2.535191320596425,0.8420513438823732
Jrue Holiday,Home,BOS,UTA,126,97,1,1885a744-a35d-4161-9020-763de800b626,0.7635072374855194,-0.0027531044934196425,0.4022133351571894,-1.4438951459216565,1.4577046467097794,1.6616672409982247,-0.2192162506093704,2.365776778280908,-1.1613182942367177,1.0732001886570475,1.108067947365585,0.890449352695329
Sam Hauser,Home,BOS,UTA,126,97,1,1885a744-a35d-4161-9020-763de800b626,1.4835045550140216,-0.6581108166322515,0.33474905798091,0.8761873856079443,0.27817692438571767,-0.6207515845741164,-0.3607371955592186,1.372330566140855,-1.1613182942367177,0.9272130242565247,0.7451900372801235,0.6123104497986748
Payton Pritchard,Home,BOS,UTA,126,97,1,1885a744-a35d-4161-9020-763de800b626,0.4281066682252114,2.6860029342579366,0.06179201826345761,-0.8715286407048817,-1.1745865893024126,-0.5103667173224271,0.45447970302382307,-0.42744630268084793,-1.1613182942367177,0.9956354402982676,-0.2953609980760414,0.9787115085503291
Oshae Brissett,Home,BOS,UTA,126,97,1,1885a744-a35d-4161-9020-763de800b626,-0.9746298726541638,1.0439498112388879,0.7408073799126798,1.8744118823217615,-0.49820115375140084,-0.609238958065742,0.2636729215553465,-0.08578518543703245,1.3664498557395093,0.07585926732838788,-0.10256156533427316,-0.39843790475901725
Svi Mykhailiuk,Home,BOS,UTA,126,97,1,1885a744-a35d-4161-9020-763de800b626,-0.3500355228506098,-1.3983326616745055,0.10133863453921274,-0.307092406750539,-0.4494984094453733,-0.45914700094426736,-0.9329464022149541,-1.03563163524186,-1.1613182942367177,-0.09426073695202913,-1.5735689896642515,-0.12077946295396612
Lamar Stevens,Home,BOS,UTA,126,97,1,1885a744-a35d-4161-9020-763de800b626,-1.264120953421096,-0.08518345936921788,1.8089167859274624,-0.16365072849021492,1.6956471640335575,0.6888521009654986,0.024219486589611865,-0.19184495236467042,-1.1613182942367177,-0.11825872978268352,-0.4990876166262101,-0.5488905781256795
Luke Kornet,Home,BOS,UTA,126,97,1,1885a744-a35d-4161-9020-763de800b626,-1.683014515043636,0.05546540712168204,1.9989397840224299,-0.32995753132438804,3.7000774741376357,-0.3880494098039585,3.547236351340973,-0.957783852223551,-1.1613182942367177,0.12130123164418967,0.2614268556119294,0.7118413406436351
Dalano Banton,Home,BOS,UTA,126,97,1,1885a744-a35d-4161-9020-763de800b626,-1.4802651312869544,-0.6336844623067059,-1.116771279413008,0.3859515782606713,-1.1680359738212203,-0.4512832844112643,-0.4869600397322451,0.6067202462983445,3.8984148975985415,0.2645825796570876,0.018883663296001198,-0.3931696579350125
Neemias Queta,Home,BOS,UTA,126,97,1,1885a744-a35d-4161-9020-763de800b626,-2.042263144496917,-1.3983326616745055,0.10133863453921274,-0.307092406750539,-2.291564033160181,-0.23234425630022437,0.023433100960973095,-2.9630728418802095,-1.1613182942367177,-0.9902483737062274,-1.76286142601226,0.40111309566529063
Jayson Tatum,Away,BOS,IND,118,101,1,2f51ad66-5cc4-41b2-bce1-ed10ecde595b,6.751703845339659,3.4762127195134176,-0.6692381104718175,-0.9498797443298671,3.572144512014576,-0.7855887763981284,-2.4005468619366908,2.032440638485734,0.8787378969536582,2.347020807015612,1.1188644726937664,0.13621219285304925
Jrue Holiday,Away,BOS,IND,118,101,1,2f51ad66-5cc4-41b2-bce1-ed10ecde595b,0.15485351644008055,1.740695361633614,-0.11938414762304665,-0.3444461120907913,0.537073030856818,-0.6172571971771587,-0.6342181799939793,-0.13747676905830702,0.326048059306542,0.9347844222393092,-0.34851705290016904,0.1762813236212134
Jaylen Brown,Away,BOS,IND,118,101,1,2f51ad66-5cc4-41b2-bce1-ed10ecde595b,3.158583426027432,-0.22171635867563816,0.3232259529367487,-1.3483617525773972,0.015548371374188944,0.4783009984566274,0.047891958318525586,0.9482033595972512,2.425962516059173,1.816120502459228,-0.19737671214037242,-0.15279319253270857
Derrick White,Away,BOS,IND,118,101,1,2f51ad66-5cc4-41b2-bce1-ed10ecde595b,-0.4751123065483447,2.5488534662321616,0.9372628720974612,-3.4284196677494334,0.7436684643806775,0.7222230135356174,-1.1833518577705664,0.6657292407673212,-1.1613182942367177,0.9199720081685624,0.12478868139163081,1.4244199433612355
Kristaps PorziÅÄ£is,Away,BOS,IND,118,101,1,2f51ad66-5cc4-41b2-bce1-ed10ecde595b,-1.6233695828743768,-0.9524018322784523,1.8385712305684319,1.771437077254655,2.221285173818425,1.4566419033093172,1.5873326607086244,0.2558852787960998,-1.1613182942367177,-0.25579311442939173,0.6238889001163965,-0.5122808827956189
Al Horford,Away,BOS,IND,118,101,1,2f51ad66-5cc4-41b2-bce1-ed10ecde595b,0.5676293855356491,2.6568078635258296,-1.230786116988687,0.27884703846651576,1.920344163764401,1.558940709112298,-0.5027971173832846,1.094746190103535,-0.43168274822852426,0.9434755211153938,0.6778457368173928,-0.13846900189837474
Oshae Brissett,Away,BOS,IND,118,101,1,2f51ad66-5cc4-41b2-bce1-ed10ecde595b,-0.09887952877116224,-1.1335377645435425,0.10670958424186561,-0.4571825556869401,3.537648004616817,-0.6362412862866489,3.6113185920146935,0.019236426347658386,0.5446263499759545,0.5015758267850928,-0.39331383894787303,0.02416125227044529
Sam Hauser,Away,BOS,IND,118,101,1,2f51ad66-5cc4-41b2-bce1-ed10ecde595b,-0.319318187312037,0.2769345224510386,0.1728790078119327,-1.3283801397940234,0.33377709202603284,-0.6195135408944955,-1.3088213390845322,0.0395986565542814,-1.1613182942367177,0.15413894164410935,-0.8024558343142938,0.19097826698772785
Luke Kornet,Away,BOS,IND,118,101,1,2f51ad66-5cc4-41b2-bce1-ed10ecde595b,-1.6548331377550498,1.2485219739665374,0.5166772315502904,0.04957293987632036,0.8239218025215649,-1.421154602416144,2.5663566066881764,0.2667656661388206,2.189763415636308,-0.07676965676295117,0.2873901067872304,-0.3923980170534948
Payton Pritchard,Away,BOS,IND,118,101,1,2f51ad66-5cc4-41b2-bce1-ed10ecde595b,-0.6402728229596422,-1.259252766546138,0.9978894690328084,1.028944879524935,-0.9313857735361195,-0.44010982112180685,-0.6600733868635814,0.5033585929816092,-1.1613182942367177,0.1868424424451312,0.17722535623438965,0.41691718477522355
Dalano Banton,Away,BOS,IND,118,101,1,2f51ad66-5cc4-41b2-bce1-ed10ecde595b,-2.1094847349332793,-1.927922455936432,0.090596735133907,-0.006912108877736721,-2.2178529098044186,-0.2930855992101435,-0.0011774786537553056,-2.9630728418802095,-1.1613182942367177,-1.3489315391038756,-0.25091017237001684,0.022649605950518306
Svi Mykhailiuk,Away,BOS,IND,118,101,1,2f51ad66-5cc4-41b2-bce1-ed10ecde595b,-2.1094847349332793,-1.927922455936432,0.090596735133907,-0.006912108877736721,-2.2178529098044186,-0.2930855992101435,-0.0011774786537553056,-2.9630728418802095,-1.1613182942367177,-1.354767643517004,-0.29236369379253635,0.05477961542649321
Neemias Queta,Away,BOS,IND,118,101,1,2f51ad66-5cc4-41b2-bce1-ed10ecde595b,-2.1094847349332793,-1.927922455936432,0.090596735133907,-0.006912108877736721,-2.8472325015343922,0.2255520210207046,0.2089590088258487,-2.9630728418802095,-1.1613182942367177,-2.785607960803732,0.42394217074590557,0.22269250980171243
Lamar Stevens,Away,BOS,IND,118,101,1,2f51ad66-5cc4-41b2-bce1-ed10ecde595b,-2.1094847349332793,-1.927922455936432,0.090596735133907,-0.006912108877736721,-2.8472325015343922,0.2255520210207046,0.2089590088258487,-2.9630728418802095,-1.1613182942367177,-2.785607960803732,0.42394217074590557,0.22269250980171243
Jaylen Brown,Away,BOS,IND,131,133,0,cdfd7dca-b71c-4425-b87f-6a3a12b59c21,5.019220268733054,1.47880013345315,0.23432654533052508,-2.338279022805392,0.4276448581379116,-0.7671818641487027,-0.5548621598128267,1.685195788726247,1.4415351942856756,1.9079415579820702,-0.8467919454193411,-0.6560546776755518
Jrue Holiday,Away,BOS,IND,131,133,0,cdfd7dca-b71c-4425-b87f-6a3a12b59c21,2.6591893693488,2.4418820822129597,-0.4897998999070952,-0.5033000132047984,0.8952504327604208,-0.7930266991563342,-0.8267938124856172,1.292501777027251,-1.1613182942367177,1.1998926823412985,-0.5286982445886964,-0.49957355019867916
Kristaps PorziÅÄ£is,Away,BOS,IND,131,133,0,cdfd7dca-b71c-4425-b87f-6a3a12b59c21,1.2097971206339486,1.1592239407843197,-1.756234641669783,-0.0734956417585855,1.4798276805205401,2.169429400830001,0.8426649677775008,0.5810963257696605,3.2887922918068435,1.1423165087837854,-0.2654787708941904,-0.5514882414347615
Derrick White,Away,BOS,IND,131,133,0,cdfd7dca-b71c-4425-b87f-6a3a12b59c21,1.6291061284308346,1.113197083576639,-1.4501556193025344,-0.328587850771581,0.5245283512674853,1.5343375077179613,-0.831254929151529,-0.3636041863919026,1.5008065389892367,1.0243484493589734,-1.0523627287463282,-0.30630488685033536
Al Horford,Away,BOS,IND,131,133,0,cdfd7dca-b71c-4425-b87f-6a3a12b59c21,0.5419915864347895,-0.8772359192046288,0.6924984340521226,-1.1636784926686108,1.3399832349209404,0.4086212826502513,-1.6159701495698333,3.6687841073301604,-1.1613182942367177,0.11328887035630762,-0.7394676286139724,-1.04518414488982
Payton Pritchard,Away,BOS,IND,131,133,0,cdfd7dca-b71c-4425-b87f-6a3a12b59c21,1.2637786428711784,0.42462530156210876,-0.5578397203804815,-0.7424841048083802,2.521397017808193,-1.7420332764963236,1.9889136265943799,4.199795723955301,-1.1613182942367177,0.23912024753652483,0.20896559486595948,-1.0016612208974425
Oshae Brissett,Away,BOS,IND,131,133,0,cdfd7dca-b71c-4425-b87f-6a3a12b59c21,-0.662328887783517,0.19074412767246393,1.885521360059429,1.5829360084490536,2.5958238245603464,-1.5475112780516667,0.2979695350505019,0.30006986692175935,3.316815786764444,0.2398926891988504,-0.21527063775208688,0.08665603831397085
Luke Kornet,Away,BOS,IND,131,133,0,cdfd7dca-b71c-4425-b87f-6a3a12b59c21,-1.472688473019851,0.4092885352609118,-0.5657729528336624,-0.7252725397922076,0.9798976711715764,2.589918246310142,3.383984517850205,-1.0077755221515223,2.5262256311038764,0.2628745504483223,-0.7343491760625346,-0.5332905144719461
Svi Mykhailiuk,Away,BOS,IND,131,133,0,cdfd7dca-b71c-4425-b87f-6a3a12b59c21,-2.0140817672083307,-0.6444244346229535,1.2886997781969105,-1.7854069841959497,-0.26410967218070786,-1.3718310560490772,2.224207899843789,-1.6538353598895006,0.6399769645835865,-0.13972251588063805,-1.0389248018944657,0.04038437415865993
Dalano Banton,Away,BOS,IND,131,133,0,cdfd7dca-b71c-4425-b87f-6a3a12b59c21,-2.1094847349332793,1.7780262646297482,3.2730337733288026,-4.760909700830106,-2.076100749504875,-0.4098958740369111,-0.04850551637438683,-2.9630728418802095,-1.1613182942367177,-0.869043412024952,-1.6994867977124677,1.1436546148253133
Neemias Queta,Away,BOS,IND,131,133,0,cdfd7dca-b71c-4425-b87f-6a3a12b59c21,-2.1094847349332793,-1.927922455936432,0.090596735133907,-0.006912108877736721,-2.8472325015343922,0.2255520210207046,0.2089590088258487,-2.9630728418802095,-1.1613182942367177,-2.785607960803732,0.42394217074590557,0.22269250980171243
Lamar Stevens,Away,BOS,IND,131,133,0,cdfd7dca-b71c-4425-b87f-6a3a12b59c21,-2.1094847349332793,-1.927922455936432,0.090596735133907,-0.006912108877736721,-2.8472325015343922,0.2255520210207046,0.2089590088258487,-2.9630728418802095,-1.1613182942367177,-2.785607960803732,0.42394217074590557,0.22269250980171243
Derrick White,Home,BOS,MIN,127,120,1,31870bfb-38c8-4b54-bcbc-b61d934e6ee1,0.33699818117527935,2.277168268181799,-1.142187384770368,-1.29918738826393,0.7412631486705166,-0.8540133445407369,0.10692420125397066,-0.4421123080767545,1.0673125956436722,1.3869287932090053,-0.403784964407252,0.68368542921215
Jaylen Brown,Home,BOS,MIN,127,120,1,31870bfb-38c8-4b54-bcbc-b61d934e6ee1,3.709068676980434,1.347347432821172,0.607908027616472,0.7026133683218316,3.099226393837398,0.17876002046455686,-1.8661102469659352,1.8431700050572153,6.6110329080143675,2.0452505266764613,0.553341478670981,-0.3763951392825133
Jayson Tatum,Home,BOS,MIN,127,120,1,31870bfb-38c8-4b54-bcbc-b61d934e6ee1,6.393759455716466,0.5785275783433884,0.06156416991290289,0.13100972935095062,-0.3791620304391094,-0.4487135184476283,-1.0611548022971213,1.3729274405460843,6.346860645640751,2.3510075910121513,-0.11634806255660758,-0.8470213519622314
Jrue Holiday,Home,BOS,MIN,127,120,1,31870bfb-38c8-4b54-bcbc-b61d934e6ee1,1.8973185801988488,2.2678648352566255,0.4580002293162039,0.41478330608297376,0.5162719552017168,0.3454278253678649,-0.30946230178829454,-0.12561648041882476,-1.1613182942367177,1.4377622444385796,-0.400338661482882,0.282354889034533
Al Horford,Home,BOS,MIN,127,120,1,31870bfb-38c8-4b54-bcbc-b61d934e6ee1,0.7725839543745627,1.088575434746434,-1.128639769639497,-0.5939898601139979,1.6736544535476103,-0.7885285947800752,-1.2823166883079435,1.0420876518587976,-1.1613182942367177,0.8142657826792238,-0.3079147370538264,-0.2735049255102493
Luke Kornet,Home,BOS,MIN,127,120,1,31870bfb-38c8-4b54-bcbc-b61d934e6ee1,-1.0707790597212123,-1.6631275588054688,0.09596768483655986,-0.15700225781413787,1.759016662845952,0.0842103774554677,0.9700782233149143,1.299238845741319,1.5036687823889756,0.19711859934222378,0.21752283811687642,-0.07358002525877987
Sam Hauser,Home,BOS,MIN,127,120,1,31870bfb-38c8-4b54-bcbc-b61d934e6ee1,-0.016424692498188356,-1.3983326616745055,0.10133863453921274,-0.307092406750539,0.9081835672625321,0.6602695532707746,-1.1516837049454396,0.5885613310152652,-1.1613182942367177,0.08351277369190048,-0.587540994387849,-0.4034841033367064
Payton Pritchard,Home,BOS,MIN,127,120,1,31870bfb-38c8-4b54-bcbc-b61d934e6ee1,-0.9322998619765608,-1.4498540791960823,-0.44150646913884256,0.21669907422367965,-1.429867713016591,-0.4584833370308491,-0.39218411018140903,-0.06495410694849524,-1.1613182942367177,-0.0951099580718124,-0.487855848126327,0.17648102117943268
Oshae Brissett,Home,BOS,MIN,127,120,1,31870bfb-38c8-4b54-bcbc-b61d934e6ee1,-2.1094847349332793,-1.6631275588054688,0.09596768483655986,-0.15700225781413787,1.041912140173659,-1.0604626338920968,-1.4580990179459967,-2.9630728418802095,-1.1613182942367177,-1.3357410839957733,-0.6533956480825991,-0.3777212549294911
Dalano Banton,Home,BOS,MIN,127,120,1,31870bfb-38c8-4b54-bcbc-b61d934e6ee1,-2.1094847349332793,-1.927922455936432,0.090596735133907,-0.006912108877736721,-2.8472325015343922,0.2255520210207046,0.2089590088258487,-2.9630728418802095,-1.1613182942367177,-2.785607960803732,0.42394217074590557,0.22269250980171243
Svi Mykhailiuk,Home,BOS,MIN,127,120,1,31870bfb-38c8-4b54-bcbc-b61d934e6ee1,-2.1094847349332793,-1.927922455936432,0.090596735133907,-0.006912108877736721,-2.8472325015343922,0.2255520210207046,0.2089590088258487,-2.9630728418802095,-1.1613182942367177,-2.785607960803732,0.42394217074590557,0.22269250980171243
Neemias Queta,Home,BOS,MIN,127,120,1,31870bfb-38c8-4b54-bcbc-b61d934e6ee1,-2.1094847349332793,-1.927922455936432,0.090596735133907,-0.006912108877736721,-2.8472325015343922,0.2255520210207046,0.2089590088258487,-2.9630728418802095,-1.1613182942367177,-2.785607960803732,0.42394217074590557,0.22269250980171243
Lamar Stevens,Home,BOS,MIN,127,120,1,31870bfb-38c8-4b54-bcbc-b61d934e6ee1,-2.1094847349332793,-1.927922455936432,0.090596735133907,-0.006912108877736721,-2.8472325015343922,0.2255520210207046,0.2089590088258487,-2.9630728418802095,-1.1613182942367177,-2.785607960803732,0.42394217074590557,0.22269250980171243
Kristaps PorziÅÄ£is,Away,BOS,MIL,102,135,0,5b47463f-bb81-4c28-be1c-cb618bac9569,-0.44947450744748507,1.6694391962598119,-0.7534484975423709,0.7234202359496423,-0.3358259736395615,0.5488487114663203,0.6165275631701493,-0.858238357512759,-1.1613182942367177,-0.22319460030490954,-2.123280592785868,-2.1342191584309287
Jrue Holiday,Away,BOS,MIL,102,135,0,5b47463f-bb81-4c28-be1c-cb618bac9569,-0.45201046569747183,-0.12199269629889559,-0.591346834355524,-0.4251087110203797,0.7904558914853522,-1.0436700324828954,-0.36920737783637825,-1.181421347170684,1.1222001663034589,-0.2641455455657784,-2.876133991406726,-2.0664134830413046
Jaylen Brown,Away,BOS,MIL,102,135,0,5b47463f-bb81-4c28-be1c-cb618bac9569,0.08251129668419659,0.09746605495073322,-1.9032470042898058,0.7028674596295335,0.8097423987232937,-1.0507008267922961,-0.3694181869004468,-0.9428406083830005,-1.1613182942367177,0.5174250276292297,-1.8994333333463822,-1.4025677060507777
Derrick White,Away,BOS,MIL,102,135,0,5b47463f-bb81-4c28-be1c-cb618bac9569,-1.4889264020016522,-1.927922455936432,0.090596735133907,-0.006912108877736721,-1.3047259148506745,-0.5584953772542974,-0.4510885144079356,-1.440962977451402,-1.1613182942367177,-0.6378262150860474,-1.8648235985662172,-0.6398627263245967
Jayson Tatum,Away,BOS,MIL,102,135,0,5b47463f-bb81-4c28-be1c-cb618bac9569,-0.9865733209609486,0.8608023579928016,-1.27708798089408,-0.33221710068578375,-1.2537030305147898,-0.5734426110245227,-0.47142292190571033,-0.7455525688647284,2.069286605361153,-0.3955844679824856,-2.493470383763659,-2.31145381185304
Payton Pritchard,Away,BOS,MIL,102,135,0,5b47463f-bb81-4c28-be1c-cb618bac9569,2.1947247123383784,0.41403880220979206,-1.3427176093186828,-0.04181295853452998,0.41938852546037236,0.4737025516798105,-1.0791520021337646,0.8817182956947403,3.6821160132487556,0.7747336436525418,-1.029482796839276,-1.5722090486952314
Sam Hauser,Away,BOS,MIL,102,135,0,5b47463f-bb81-4c28-be1c-cb618bac9569,1.6971203945676332,-0.452481594534091,1.2049736794892074,-0.008735465907755927,0.4280611099051349,-0.9036217635175815,-0.3470375507095022,2.0498100363015115,1.757405931823739,0.15968357927858717,-1.003666535282445,-1.7609583876225081
Lamar Stevens,Away,BOS,MIL,102,135,0,5b47463f-bb81-4c28-be1c-cb618bac9569,-1.3382452921471264,-1.3983326616745055,0.10133863453921274,-0.307092406750539,1.093655639254781,0.3706575876825637,-0.08907040740070643,-1.6080174879073523,2.069286605361153,0.26668867648557265,-0.9147900887489939,0.36783015231159155
Dalano Banton,Away,BOS,MIL,102,135,0,5b47463f-bb81-4c28-be1c-cb618bac9569,-0.9442433102833457,1.0088458033356884,0.25553451397496507,2.4437611796967094,-1.0081838239066834,0.9533058821921397,-0.1269179511319751,-0.3402346748891145,0.5702977487425923,0.26906926602350556,0.12530174021633864,0.08254773891104376
Oshae Brissett,Away,BOS,MIL,102,135,0,5b47463f-bb81-4c28-be1c-cb618bac9569,-0.053383229990920114,-1.3579582925696803,-0.5549457624683124,0.2699228497192451,-0.5864814969492322,-0.6586688567446839,-0.8349756380228773,0.29112684442833137,3.127354708687872,0.634280011127904,-0.5061580133186468,-0.554502121287486
Svi Mykhailiuk,Away,BOS,MIL,102,135,0,5b47463f-bb81-4c28-be1c-cb618bac9569,-0.06487239570276278,-0.7469006757682187,0.34562683070001055,1.2363630878783478,-1.3351759859555057,-0.5287589974995804,-0.4399651260246296,2.176455562666754,0.5702977487425923,-0.015355781551834828,-0.3136034106355569,-0.9248735165029897
Neemias Queta,Away,BOS,MIL,102,135,0,5b47463f-bb81-4c28-be1c-cb618bac9569,-1.3909874760267171,-0.7930256084532593,0.7943029760878434,-1.294293954900936,1.0801492971653717,0.6358149136482781,0.43965893923972293,-0.40867088005073715,-1.1613182942367177,-0.18431328674884487,-1.1030389839802248,-0.2026986645255353
Luke Kornet,Away,BOS,MIL,102,135,0,5b47463f-bb81-4c28-be1c-cb618bac9569,-2.1094847349332793,-1.0234493504117912,-0.6356322077052571,0.1602093580553419,-2.013729798973076,-0.46129239496068886,-0.0693298529714647,-1.5526843936293175,-1.1613182942367177,-1.4397976660364666,-1.431246690722025,-0.9372455271140608
Jayson Tatum,Home,BOS,HOU,145,113,1,6222f966-8e84-4dc3-a09a-1de890a8c4ce,3.394678396517003,1.7759107188779346,-0.5910616711882272,0.11855459208136372,1.9855828656071668,0.26316074117990407,-1.036017160180421,1.433906371002427,2.722572722786604,1.6433044413300835,0.2592701219509333,-0.21995417610336124
Jaylen Brown,Home,BOS,HOU,145,113,1,6222f966-8e84-4dc3-a09a-1de890a8c4ce,3.6306810740622444,2.667652075831549,1.2937400860190407,-0.42293774641641146,1.3826031307797493,1.370026917924132,-0.333024646896256,2.3658224676781843,3.755695748494958,1.9667740768457818,0.9767302097411534,0.32296021894938803
Kristaps PorziÅÄ£is,Home,BOS,HOU,145,113,1,6222f966-8e84-4dc3-a09a-1de890a8c4ce,1.617201516544646,2.134948918585636,-0.34562411446411695,-0.25304373800352725,2.21396899551646,2.3478129816848865,-0.43497599489351657,1.6541805409133927,1.0673125956436722,1.450789449268841,1.2059206994634173,0.8260109788228893
Jrue Holiday,Home,BOS,HOU,145,113,1,6222f966-8e84-4dc3-a09a-1de890a8c4ce,0.36771551671385205,0.14414584388069235,-0.5794742110266107,-0.5842068972493327,1.0549560110182035,-0.9719109004752862,0.2898382711896975,0.2476942550607589,1.0920120024405762,1.1533398358585563,0.40483382813607405,1.3845560894272284
Derrick White,Home,BOS,HOU,145,113,1,6222f966-8e84-4dc3-a09a-1de890a8c4ce,1.1625499193664166,1.1786530066970602,-0.33097671645662935,2.207248881451989,-0.5854671718399032,-0.6199410693885188,0.1564204512070914,1.9836837305948427,-1.1613182942367177,1.213603792307021,1.6411590688324231,1.2965875421769522
Payton Pritchard,Home,BOS,HOU,145,113,1,6222f966-8e84-4dc3-a09a-1de890a8c4ce,1.9016518972944614,0.5818769685453675,-0.4839697675230468,-0.967220296632577,0.20496581337688655,-0.9541897848095363,0.9143997380055161,2.3816309374167166,1.0920120024405762,1.078552953296975,0.5517695872803637,0.09408802488784156
Al Horford,Home,BOS,HOU,145,113,1,6222f966-8e84-4dc3-a09a-1de890a8c4ce,-0.8061795587130397,-1.5766068883359476,-0.2850384783395741,0.14328697009186528,0.35877610012620487,0.6260969163175172,-0.9900771325875687,2.624309127266714,1.7328243898935847,0.6676050782082548,1.531823964075133,1.669109804723454
Sam Hauser,Home,BOS,HOU,145,113,1,6222f966-8e84-4dc3-a09a-1de890a8c4ce,0.5658396466277628,-1.927922455936432,0.090596735133907,-0.006912108877736721,1.1449541111082202,-0.6617059028973844,-1.801507451463302,-0.315922696677974,-1.1613182942367177,0.7920317488160438,0.038221275449960825,1.5095697576767946
Luke Kornet,Home,BOS,HOU,145,113,1,6222f966-8e84-4dc3-a09a-1de890a8c4ce,-1.7502361054799982,-0.6039479702816161,0.11745148364717135,-0.7573628535597424,-0.3226060406894966,0.6007545614495818,0.889766092879928,-0.10911935121868938,-1.1613182942367177,-0.5611413998815298,-0.6741224434894291,0.11683367391189825
Svi Mykhailiuk,Home,BOS,HOU,145,113,1,6222f966-8e84-4dc3-a09a-1de890a8c4ce,-0.3373793281457934,-1.6631275588054688,0.09596768483655986,-0.15700225781413787,-1.122063922398674,-0.8359349128161517,1.311818598071459,1.3260525195764177,-1.1613182942367177,0.0728716794560367,-0.5278567467516546,-0.38091261467674464
Oshae Brissett,Home,BOS,HOU,145,113,1,6222f966-8e84-4dc3-a09a-1de890a8c4ce,-1.0956706394799718,0.3328929842517943,-0.026208498056338396,1.769387120207228,0.43591653465830166,-0.724440196097832,-1.268352322028023,4.990178938576165,-1.1613182942367177,-0.4068340355554189,0.9267347245075453,-1.2499800008332809
Lamar Stevens,Home,BOS,HOU,145,113,1,6222f966-8e84-4dc3-a09a-1de890a8c4ce,-1.9750415540605546,-0.7184274349802177,1.1992351806503678,-1.6706236992039063,-2.178162304920546,-0.3257924761616384,-0.014429329215532137,-2.9630728418802095,-1.1613182942367177,-0.4368198708629366,-1.7543514624410677,0.5624850961936049
Dalano Banton,Home,BOS,HOU,145,113,1,6222f966-8e84-4dc3-a09a-1de890a8c4ce,-2.1094847349332793,-1.927922455936432,0.090596735133907,-0.006912108877736721,-2.8472325015343922,0.2255520210207046,0.2089590088258487,-2.9630728418802095,-1.1613182942367177,-2.785607960803732,0.42394217074590557,0.22269250980171243
Jayson Tatum,Away,BOS,TOR,105,96,1,4ac2b6cf-d127-4cd5-95ed-f9d118c71d46,1.9962621893189734,1.78219703761556,-1.3986595085867504,0.8435417045557841,3.9399489294264645,0.431465999029018,-3.3137385852360866,-0.2299362721078138,1.9576276998652107,1.7088145991835721,-0.05162324498141717,-0.08750253611532156
Derrick White,Away,BOS,TOR,105,96,1,4ac2b6cf-d127-4cd5-95ed-f9d118c71d46,3.7272457073036382,0.11884865962385481,0.3659997128177156,-1.5687237138022103,-1.4100331912127246,-0.3000025096736299,-0.4860453681759175,0.6730139741492077,1.4719905643928488,1.2799806675381291,-1.20896160426151,-0.9967980929165228
Al Horford,Away,BOS,TOR,105,96,1,4ac2b6cf-d127-4cd5-95ed-f9d118c71d46,0.5752060438027524,0.7092207056761187,0.33246241259289133,-0.10085919213354189,2.7454019094883693,-0.8613978149040634,-1.0553093103721567,0.5161787571514184,-1.1613182942367177,0.8063961763743744,-0.4205306660902363,-0.3283326644972444
Jrue Holiday,Away,BOS,TOR,105,96,1,4ac2b6cf-d127-4cd5-95ed-f9d118c71d46,2.5688347215787077,2.359558508130509,-1.9400966570169271,1.0605734205102055,1.0910359611462543,1.431855494148861,-0.3305953543532833,1.5942051402808288,2.06054189485231,1.3566781559876369,0.4726230360241173,-0.8319145019490299
Kristaps PorziÅÄ£is,Away,BOS,TOR,105,96,1,4ac2b6cf-d127-4cd5-95ed-f9d118c71d46,0.030830128707083362,2.8714533879016773,0.9271520917279545,-3.7580835379214155,1.0373841598900337,1.6294132071070946,-1.2008074731408964,0.3415852258676075,7.16218944523145,1.1791894259166342,-0.7031308846320896,-0.1673557947710994
Payton Pritchard,Away,BOS,TOR,105,96,1,4ac2b6cf-d127-4cd5-95ed-f9d118c71d46,-0.3500355228506098,-0.6038057398471341,-0.7633710857372191,0.046529526684230424,-0.7388464964732527,-0.39335373147041186,-0.8274985178600909,-0.9545030961831804,-1.1613182942367177,0.6141241558961221,-0.05313568283930914,1.1894777599665292
Luke Kornet,Away,BOS,TOR,105,96,1,4ac2b6cf-d127-4cd5-95ed-f9d118c71d46,-1.5254306568994418,-1.6631275588054688,0.09596768483655986,-0.15700225781413787,-0.163625626813104,0.8510976648313074,-0.6603704065851403,2.3579134147014353,-1.1613182942367177,-0.05540812657857781,0.4997106105843787,0.5290754364000615
Sam Hauser,Away,BOS,TOR,105,96,1,4ac2b6cf-d127-4cd5-95ed-f9d118c71d46,-1.3204760880605282,-1.927922455936432,0.090596735133907,-0.006912108877736721,1.1694162086328155,0.7316487582214511,-1.3227172009825023,2.236075957525327,-1.1613182942367177,-0.26515027164674076,0.25644622870599226,-0.05991309902340579
Oshae Brissett,Away,BOS,TOR,105,96,1,4ac2b6cf-d127-4cd5-95ed-f9d118c71d46,-0.8658244908822987,-1.6631275588054688,0.09596768483655986,-0.15700225781413787,1.3020463364869848,-1.7169363647170548,2.6711652945821367,1.9578901349167404,1.5036687823889756,0.7600285954522952,0.4939650036317702,-0.6795767664326352
Dalano Banton,Away,BOS,TOR,105,96,1,4ac2b6cf-d127-4cd5-95ed-f9d118c71d46,-2.1094847349332793,-1.927922455936432,0.090596735133907,-0.006912108877736721,-2.8472325015343922,0.2255520210207046,0.2089590088258487,-2.9630728418802095,-1.1613182942367177,-2.785607960803732,0.42394217074590557,0.22269250980171243
Svi Mykhailiuk,Away,BOS,TOR,105,96,1,4ac2b6cf-d127-4cd5-95ed-f9d118c71d46,-2.1094847349332793,-1.927922455936432,0.090596735133907,-0.006912108877736721,-2.8472325015343922,0.2255520210207046,0.2089590088258487,-2.9630728418802095,-1.1613182942367177,-2.785607960803732,0.42394217074590557,0.22269250980171243
Neemias Queta,Away,BOS,TOR,105,96,1,4ac2b6cf-d127-4cd5-95ed-f9d118c71d46,-2.1094847349332793,-1.927922455936432,0.090596735133907,-0.006912108877736721,-2.8472325015343922,0.2255520210207046,0.2089590088258487,-2.9630728418802095,-1.1613182942367177,-2.785607960803732,0.42394217074590557,0.22269250980171243
Lamar Stevens,Away,BOS,TOR,105,96,1,4ac2b6cf-d127-4cd5-95ed-f9d118c71d46,-2.1094847349332793,-1.927922455936432,0.090596735133907,-0.006912108877736721,-2.8472325015343922,0.2255520210207046,0.2089590088258487,-2.9630728418802095,-1.1613182942367177,-2.785607960803732,0.42394217074590557,0.22269250980171243
Jayson Tatum,Home,BOS,SAS,117,98,1,6aac3f30-3156-4900-87e5-9b53a3f1a54a,3.3921348183292768,0.2412098162464073,-0.26310025401164727,-1.0015689064358373,0.10305689402441173,-0.45294134801766245,-1.31770902349053,0.4171803340112862,1.50465590054443,1.8806528217817085,-0.3726753350058334,0.3979516212504572
Jrue Holiday,Home,BOS,SAS,117,98,1,6aac3f30-3156-4900-87e5-9b53a3f1a54a,3.335487746942686,0.014386334670704912,-1.1317353813138749,-0.013316991640165176,-0.3525875704232993,-0.423787433203781,-1.0559401487624511,2.3741927681035424,-1.1613182942367177,1.2816762357767968,0.5544228283435599,-0.16598550306143312
Jaylen Brown,Home,BOS,SAS,117,98,1,6aac3f30-3156-4900-87e5-9b53a3f1a54a,2.5297868884931916,2.4030254364876313,-0.4397353832474418,-0.38641290674885287,1.4812291447917696,0.3500921858903936,-0.7351501025564122,1.0435374936773256,0.9890978074534763,1.6226267271430608,0.2995871716048347,0.12725668205788812
Luke Kornet,Home,BOS,SAS,117,98,1,6aac3f30-3156-4900-87e5-9b53a3f1a54a,-1.0989604370097985,1.916054995358393,0.4196794812027411,-0.7950066314304846,3.3755590872841483,2.0117824033514347,0.9662495834586757,0.24824088262078037,-1.1613182942367177,0.6928005818919247,0.4248122829271686,0.2632136363269646
Al Horford,Home,BOS,SAS,117,98,1,6aac3f30-3156-4900-87e5-9b53a3f1a54a,0.24996454741787072,-0.8014791483894144,0.811876062546798,0.5549898119707088,-0.687029001228195,-0.41534685348944356,-0.8427537492875974,4.16248479761715,-1.1613182942367177,0.3957076471589792,0.7195620997835162,0.48141763612497473
Payton Pritchard,Home,BOS,SAS,117,98,1,6aac3f30-3156-4900-87e5-9b53a3f1a54a,0.6706090115277008,0.5875568152194457,-0.7225267835573841,1.1223554125764716,-0.6152331521598196,-0.6021870279667504,0.16718341760801086,0.8193271499383978,1.0920120024405762,1.0656066169952478,0.5686224295092517,0.7111284577323835
Sam Hauser,Home,BOS,SAS,117,98,1,6aac3f30-3156-4900-87e5-9b53a3f1a54a,-0.22137926133710195,0.24621596841588259,0.1324277806259847,-1.3213198048829273,0.07067190464118854,-0.543603536429219,-1.2144775953529632,0.729405728358062,-1.1613182942367177,0.7514733838624038,0.36175339245303034,1.0520500226485596
Oshae Brissett,Home,BOS,SAS,117,98,1,6aac3f30-3156-4900-87e5-9b53a3f1a54a,-1.0537949113973109,-0.7102307646832976,-0.024792388890180934,-0.6102066351953902,0.875699936122109,-1.0277679854422224,-0.005967159386082881,-0.34125416937394637,2.2517877778049433,0.5139665716028274,-0.46178115737310566,0.02466826749072001
Neemias Queta,Home,BOS,SAS,117,98,1,6aac3f30-3156-4900-87e5-9b53a3f1a54a,-1.295584508301769,-0.6039479702816161,0.11745148364717135,-0.7573628535597424,5.387550880322533,0.8378392854430704,3.7768371822142783,0.22069096672684826,1.5036687823889756,0.1545087103317796,0.010965308478996948,0.05127518971323076
Lamar Stevens,Home,BOS,SAS,117,98,1,6aac3f30-3156-4900-87e5-9b53a3f1a54a,-2.1094847349332793,2.1289095222344088,5.4699534153984795,-2.1215497031869637,-2.3482648972799987,-0.18562014636951735,0.042364316049225706,-2.9630728418802095,-1.1613182942367177,-0.8111621274045789,-0.5212873511269397,-0.19897060730959504
Dalano Banton,Home,BOS,SAS,117,98,1,6aac3f30-3156-4900-87e5-9b53a3f1a54a,-1.8004735475924591,-1.927922455936432,0.090596735133907,-0.006912108877736721,1.6012542028852574,-1.8265452288074628,2.007423331939812,-1.9360340509790792,1.3936113086393913,0.1562668470084163,-1.694589490325428,0.2769782370714083
Svi Mykhailiuk,Home,BOS,SAS,117,98,1,6aac3f30-3156-4900-87e5-9b53a3f1a54a,-1.7213085088493119,-1.927922455936432,0.090596735133907,-0.006912108877736721,-2.2235229962164,-0.2884131882170728,0.0007156428550699599,-2.195619640746625,-1.1613182942367177,-0.38172922636641077,-1.9865557850730236,0.6908307482020436
JD Davison,Home,BOS,SAS,117,98,1,6aac3f30-3156-4900-87e5-9b53a3f1a54a,-2.0140817672083307,-1.927922455936432,0.090596735133907,-0.006912108877736721,0.263234127344325,-1.7044411005626723,3.438091594748792,0.042322846842602894,0.8175741491416433,-0.539171864431043,0.547133425358708,-0.9654631189894958
Jordan Walsh,Home,BOS,SAS,117,98,1,6aac3f30-3156-4900-87e5-9b53a3f1a54a,-1.9153966218912957,-1.927922455936432,0.090596735133907,-0.006912108877736721,5.9858122606458775,-2.2604477994052177,-3.109564353236172,-2.195619640746625,-1.1613182942367177,-0.6440690567826989,-0.8462006573007487,0.08004080666958294
Jayson Tatum,Home,BOS,DEN,100,102,0,61397cab-d6f0-49cb-a8b6-57e904d4651e,2.9880126000106664,0.5752707501296778,-1.0594009904543342,1.3293689563960662,1.8509514087763632,-0.9600901802611735,-0.5721401506222952,-0.24698241161996473,1.4143586152000727,1.9706640491267935,-0.3428820818897397,-0.20461261744788142
Kristaps PorziÅÄ£is,Home,BOS,DEN,100,102,0,61397cab-d6f0-49cb-a8b6-57e904d4651e,1.8080074519945428,-0.2104752154105629,-0.5844260962226997,-0.3325687831302723,2.4705208435603123,-0.28107033452353974,1.3499031182319472,1.7893471575285669,3.6206944992828856,1.2038511421357698,-0.02431857648377778,-0.6386025262556136
Jaylen Brown,Home,BOS,DEN,100,102,0,61397cab-d6f0-49cb-a8b6-57e904d4651e,1.961250373105384,0.34024196199781565,1.032524657482488,1.2797874944279863,-1.1659537786353027,-0.42175823533347206,-0.6000338638954715,-0.6712539138049533,-0.6306501918702507,1.3163431285864269,-1.3264375759249394,-0.2200590697516004
Derrick White,Home,BOS,DEN,100,102,0,61397cab-d6f0-49cb-a8b6-57e904d4651e,4.2083201593454245,2.270240893085001,-0.27437253485184243,1.3532290440563435,-0.27222668597016586,0.4419813317241853,0.1689333162340073,1.3372103984605141,0.46915594031874797,1.4660707959319317,-0.021901696065736755,-1.2189179763092202
Jrue Holiday,Home,BOS,DEN,100,102,0,61397cab-d6f0-49cb-a8b6-57e904d4651e,-0.281024193506361,-0.2206114345002177,-0.5380539750474918,-0.41143566662680736,-0.963690934366063,-0.6557348040255713,0.2947482343476316,0.4025968494385809,-1.1613182942367177,0.16767844286228958,-1.261091771254653,-1.0615371227136807
Al Horford,Home,BOS,DEN,100,102,0,61397cab-d6f0-49cb-a8b6-57e904d4651e,-0.08364628293455066,-0.4309066293425732,-0.6445608427050966,-0.15678439774773628,3.710952481618481,-1.4938227537356406,-0.2763920029140702,1.4246095213619139,-1.1613182942367177,0.31240818652366803,-0.08237656145120607,-0.0804513871871619
Sam Hauser,Home,BOS,DEN,100,102,0,61397cab-d6f0-49cb-a8b6-57e904d4651e,-1.9153966218912957,-0.9582901276761153,-0.38382417249375633,-0.10550485488866693,-1.3544595577947118,-0.488667649689807,-0.4440836916563036,-1.839902200258568,-1.1613182942367177,-0.7624964329531437,-0.9927786423851308,-0.16151399677568842
Payton Pritchard,Home,BOS,DEN,100,102,0,61397cab-d6f0-49cb-a8b6-57e904d4651e,-1.3204760880605282,-1.1121763168096968,-0.5261046141457691,0.1088208851630718,-0.3114133967957066,-0.9277624784954874,0.5162594802386155,2.473220917850698,-1.1613182942367177,-0.4567375678336772,-0.1622275092112964,-0.3051154104768944
Luke Kornet,Home,BOS,DEN,100,102,0,61397cab-d6f0-49cb-a8b6-57e904d4651e,-1.5254306568994418,-1.012556887663548,-0.981321037396319,0.46997083347843943,0.3579416770427725,-0.86065840795376,-1.2691615756831311,2.3953573558054417,-1.1613182942367177,-0.35470769787194,0.43278411554699164,-0.920082052361715
Dalano Banton,Home,BOS,DEN,100,102,0,61397cab-d6f0-49cb-a8b6-57e904d4651e,-2.1094847349332793,-1.927922455936432,0.090596735133907,-0.006912108877736721,-2.8472325015343922,0.2255520210207046,0.2089590088258487,-2.9630728418802095,-1.1613182942367177,-2.785607960803732,0.42394217074590557,0.22269250980171243
Oshae Brissett,Home,BOS,DEN,100,102,0,61397cab-d6f0-49cb-a8b6-57e904d4651e,-2.1094847349332793,-1.927922455936432,0.090596735133907,-0.006912108877736721,-2.8472325015343922,0.2255520210207046,0.2089590088258487,-2.9630728418802095,-1.1613182942367177,-2.785607960803732,0.42394217074590557,0.22269250980171243
Svi Mykhailiuk,Home,BOS,DEN,100,102,0,61397cab-d6f0-49cb-a8b6-57e904d4651e,-2.1094847349332793,-1.927922455936432,0.090596735133907,-0.006912108877736721,-2.8472325015343922,0.2255520210207046,0.2089590088258487,-2.9630728418802095,-1.1613182942367177,-2.785607960803732,0.42394217074590557,0.22269250980171243
Neemias Queta,Home,BOS,DEN,100,102,0,61397cab-d6f0-49cb-a8b6-57e904d4651e,-2.1094847349332793,-1.927922455936432,0.090596735133907,-0.006912108877736721,-2.8472325015343922,0.2255520210207046,0.2089590088258487,-2.9630728418802095,-1.1613182942367177,-2.785607960803732,0.42394217074590557,0.22269250980171243
Lamar Stevens,Home,BOS,DEN,100,102,0,61397cab-d6f0-49cb-a8b6-57e904d4651e,-2.1094847349332793,-1.927922455936432,0.090596735133907,-0.006912108877736721,-2.8472325015343922,0.2255520210207046,0.2089590088258487,-2.9630728418802095,-1.1613182942367177,-2.785607960803732,0.42394217074590557,0.22269250980171243
Derrick White,Away,BOS,HOU,116,107,1,d2a67454-5931-4d72-ab0f-215acf27766d,3.1145871858691296,1.0089890212119277,-0.2720255981624802,-1.4740496611052278,3.4914652184646915,1.1020394096531339,-0.887678188606056,0.623648572088422,-1.1613182942367177,1.6200163804707195,0.010695270650848377,0.4845609408185028
Jayson Tatum,Away,BOS,HOU,116,107,1,d2a67454-5931-4d72-ab0f-215acf27766d,1.4259100820169504,0.4664711914932632,0.136780386282301,0.09850478429340676,1.005634005128602,-0.6441439641049808,-1.0017319494544563,-0.6807817048710337,5.06095506261855,1.247302249881657,-1.2605680256114007,-0.48351435705557827
Kristaps PorziÅÄ£is,Away,BOS,HOU,116,107,1,d2a67454-5931-4d72-ab0f-215acf27766d,5.1787272516112735,1.6897764049655772,0.9351701134938921,-1.330543531253348,2.511419778285905,4.030276454976755,2.6640888980031847,1.4824528303777411,1.9288117252688226,2.038732038079714,0.8168161039479345,0.3206125474302965
Jaylen Brown,Away,BOS,HOU,116,107,1,d2a67454-5931-4d72-ab0f-215acf27766d,0.8639432852898444,4.636844388443225,-0.8563040473182056,2.056100570297065,2.885402135428119,-0.6164711895539499,-2.971644242781574,0.05318502072496661,-0.5785069997434534,1.152416494445112,-0.12236232979207454,-0.3453900504071148
Sam Hauser,Away,BOS,HOU,116,107,1,d2a67454-5931-4d72-ab0f-215acf27766d,1.8026694517537398,1.1102786885637823,-0.9885273632420385,0.9168056488418952,1.6043885775952609,0.1935089275088916,0.026553696062111793,0.11928908669555355,-1.1613182942367177,0.9242839121294386,-0.00833256799577339,0.13290659425604912
Payton Pritchard,Away,BOS,HOU,116,107,1,d2a67454-5931-4d72-ab0f-215acf27766d,0.5112742508962167,0.7469703164323725,-0.011810481914103941,1.938404630631498,-1.1919954375828008,-0.5152355298906357,0.3368885734240257,2.1921301825531434,-1.1613182942367177,0.42333749768535733,0.11900015114749109,-0.1287125425304112
Luke Kornet,Away,BOS,HOU,116,107,1,d2a67454-5931-4d72-ab0f-215acf27766d,-0.9413765788656043,0.7164214689792094,1.1008300923274361,-0.5638399290499349,4.115524227634991,1.8738944338135597,2.8935520086294413,2.164453052330738,-1.1613182942367177,-0.013912404532932207,-0.08726309575924006,-0.6967275964075028
Oshae Brissett,Away,BOS,HOU,116,107,1,d2a67454-5931-4d72-ab0f-215acf27766d,-0.8452273917985557,2.439997072543342,0.11615160563290952,-2.551354709581697,-0.5639639448488318,0.672125265105723,0.688990474415207,0.3430398301515136,-1.1613182942367177,0.2820960450025134,-0.534794255456695,0.20027513231201907
Neemias Queta,Away,BOS,HOU,116,107,1,d2a67454-5931-4d72-ab0f-215acf27766d,-2.1094847349332793,-0.04414492764363776,2.8867501974006773,2.387523746792997,-2.3879555021638708,-0.1529132694180224,0.055616166611002535,-2.9630728418802095,-1.1613182942367177,-1.29278735543122,-0.4037570469750751,0.007646255900265452
Dalano Banton,Away,BOS,HOU,116,107,1,d2a67454-5931-4d72-ab0f-215acf27766d,-2.1094847349332793,-1.927922455936432,0.090596735133907,-0.006912108877736721,-2.8472325015343922,0.2255520210207046,0.2089590088258487,-2.9630728418802095,-1.1613182942367177,-2.785607960803732,0.42394217074590557,0.22269250980171243
Svi Mykhailiuk,Away,BOS,HOU,116,107,1,d2a67454-5931-4d72-ab0f-215acf27766d,-2.1094847349332793,-1.927922455936432,0.090596735133907,-0.006912108877736721,-2.8472325015343922,0.2255520210207046,0.2089590088258487,-2.9630728418802095,-1.1613182942367177,-2.785607960803732,0.42394217074590557,0.22269250980171243
Lamar Stevens,Away,BOS,HOU,116,107,1,d2a67454-5931-4d72-ab0f-215acf27766d,-2.1094847349332793,-1.927922455936432,0.090596735133907,-0.006912108877736721,-2.8472325015343922,0.2255520210207046,0.2089590088258487,-2.9630728418802095,-1.1613182942367177,-2.785607960803732,0.42394217074590557,0.22269250980171243
Jordan Walsh,Away,BOS,HOU,116,107,1,d2a67454-5931-4d72-ab0f-215acf27766d,-2.1094847349332793,-1.927922455936432,0.090596735133907,-0.006912108877736721,-2.8472325015343922,0.2255520210207046,0.2089590088258487,-2.9630728418802095,-1.1613182942367177,-2.785607960803732,0.42394217074590557,0.22269250980171243
Jayson Tatum,Away,BOS,DAL,119,110,1,7e4715d6-3a15-4352-8977-dcb757fb49fb,4.111270027026231,2.3694111978769943,0.09828379026603608,2.250602768269953,3.1149308789253123,1.40489463571214,-2.474794569788945,0.9030695899007499,8.122886150110354,2.6886231400644496,1.389897363734575,0.7849629571585635
Jrue Holiday,Away,BOS,DAL,119,110,1,7e4715d6-3a15-4352-8977-dcb757fb49fb,3.150094377559469,0.9938024955624861,-1.5352528834578711,-0.1812614248875603,1.2180874668332926,0.48426039192586723,-1.6544057191221317,1.4508135056509488,-1.1613182942367177,1.5299483124434288,0.656890529561592,0.7825748328455822
Jaylen Brown,Away,BOS,DAL,119,110,1,7e4715d6-3a15-4352-8977-dcb757fb49fb,4.071922637255818,0.8520154237762687,-1.4476765665664604,-0.12720169602860865,-0.08135861474928302,1.4230248540789916,0.4069400057728116,1.0358180891790405,3.283977648515377,1.587908443350579,-0.6633058092441694,-1.2719226762672817
Derrick White,Away,BOS,DAL,119,110,1,7e4715d6-3a15-4352-8977-dcb757fb49fb,0.3854458843798537,0.8290756245530181,1.2996396390494236,0.5694169202618489,-0.058787041480747204,0.5989986866027223,-0.8923260249976602,-1.2121556027621798,0.25057764964933543,0.5540831921968424,-1.7588557651661234,-0.6990842908931183
Al Horford,Away,BOS,DAL,119,110,1,7e4715d6-3a15-4352-8977-dcb757fb49fb,0.9301678125187568,0.831993493664888,0.14464321942456315,0.047618788705424034,0.8113433759763422,-0.7282729271294462,-0.7044726539047315,2.092310575602908,-1.1613182942367177,0.7152142132988462,0.19481176235209297,0.06916459796832926
Payton Pritchard,Away,BOS,DAL,119,110,1,7e4715d6-3a15-4352-8977-dcb757fb49fb,-0.37896311948129613,1.7486625197764358,-1.0412603793774693,0.7702266831947822,2.0031137133626222,0.28419429757073544,-0.8066070707539842,-0.22823891581790154,-1.1613182942367177,0.7786884468848954,0.49011808896004133,0.7401393917062266
Luke Kornet,Away,BOS,DAL,119,110,1,7e4715d6-3a15-4352-8977-dcb757fb49fb,-1.683014515043636,0.7438879302863444,1.059786807248591,-2.4021118803018076,1.388097621800539,0.38942558097406543,-0.18898526675107943,-1.2136507831009251,-1.1613182942367177,-0.1914257612779498,-1.0717719761463953,-0.18375042732389135
Sam Hauser,Away,BOS,DAL,119,110,1,7e4715d6-3a15-4352-8977-dcb757fb49fb,-0.9015825264379881,-1.6631275588054688,0.09596768483655986,-0.15700225781413787,-1.355207280789621,-0.6896548437853252,0.9400685194356024,2.360271973882314,-1.1613182942367177,-0.41774745701406035,-0.5230424865063089,-0.515463517347507
Dalano Banton,Away,BOS,DAL,119,110,1,7e4715d6-3a15-4352-8977-dcb757fb49fb,-2.1094847349332793,-1.927922455936432,0.090596735133907,-0.006912108877736721,-2.8472325015343922,0.2255520210207046,0.2089590088258487,-2.9630728418802095,-1.1613182942367177,-2.785607960803732,0.42394217074590557,0.22269250980171243
Svi Mykhailiuk,Away,BOS,DAL,119,110,1,7e4715d6-3a15-4352-8977-dcb757fb49fb,-2.1094847349332793,-1.927922455936432,0.090596735133907,-0.006912108877736721,-2.8472325015343922,0.2255520210207046,0.2089590088258487,-2.9630728418802095,-1.1613182942367177,-2.785607960803732,0.42394217074590557,0.22269250980171243
Neemias Queta,Away,BOS,DAL,119,110,1,7e4715d6-3a15-4352-8977-dcb757fb49fb,-2.1094847349332793,-1.927922455936432,0.090596735133907,-0.006912108877736721,-2.8472325015343922,0.2255520210207046,0.2089590088258487,-2.9630728418802095,-1.1613182942367177,-2.785607960803732,0.42394217074590557,0.22269250980171243
Lamar Stevens,Away,BOS,DAL,119,110,1,7e4715d6-3a15-4352-8977-dcb757fb49fb,-2.1094847349332793,-1.927922455936432,0.090596735133907,-0.006912108877736721,-2.8472325015343922,0.2255520210207046,0.2089590088258487,-2.9630728418802095,-1.1613182942367177,-2.785607960803732,0.42394217074590557,0.22269250980171243
Jordan Walsh,Away,BOS,DAL,119,110,1,7e4715d6-3a15-4352-8977-dcb757fb49fb,-2.1094847349332793,-1.927922455936432,0.090596735133907,-0.006912108877736721,-2.8472325015343922,0.2255520210207046,0.2089590088258487,-2.9630728418802095,-1.1613182942367177,-2.785607960803732,0.42394217074590557,0.22269250980171243
Jayson Tatum,Away,BOS,MIA,143,110,1,8a485334-6783-4494-9f72-c67a6f3a3dd2,2.6985367591192135,0.046287941546892704,-0.951103895383603,-0.2004451965897244,1.9435016388907753,-0.9372313976400976,-1.031866019579258,1.1501959976432068,4.7901070760235065,2.0040411572261236,0.3717724815726006,1.1269174439087528
Derrick White,Away,BOS,MIA,143,110,1,8a485334-6783-4494-9f72-c67a6f3a3dd2,2.096486229678545,0.5270559703191674,-1.586160362679135,0.12270014617424961,1.9872591828903952,1.0943499608543885,1.0526143549819313,1.3089770551515896,-1.1613182942367177,1.5287851278592595,0.9126666007821388,1.1341870217129022
Jrue Holiday,Away,BOS,MIA,143,110,1,8a485334-6783-4494-9f72-c67a6f3a3dd2,1.4180727034855458,1.7425556963956015,-0.5395249799680504,-1.5970135689652967,0.752362291269079,0.5333837282240145,-1.178518516606301,3.3726155483687137,-1.1613182942367177,1.1059915066430233,0.5675411398915321,0.22983626542870783
Jaylen Brown,Away,BOS,MIA,143,110,1,8a485334-6783-4494-9f72-c67a6f3a3dd2,2.4300970600309673,3.400998020832907,1.309472187629186,1.197388213728124,0.09972036690845683,-0.7855895824096502,0.08987872912225896,2.153029811794739,-1.1613182942367177,1.5942472822877618,1.0425727067818245,0.7657267920516134
Kristaps PorziÅÄ£is,Away,BOS,MIA,143,110,1,8a485334-6783-4494-9f72-c67a6f3a3dd2,1.4512947807912484,-1.2737861484630248,-0.32660792587670184,0.015220452395008473,0.26875932198099534,-0.6658496589309285,-1.2277633078048338,2.6649150289021493,2.2773477989584676,1.4326366354340867,1.1977693601324313,1.1470039881972292
Payton Pritchard,Away,BOS,MIA,143,110,1,8a485334-6783-4494-9f72-c67a6f3a3dd2,-0.08768229980647761,-0.8993263149629509,-1.0050153071266825,0.42900270720470635,-0.4311093651911598,-0.5639457324212194,-0.8931633447344983,1.4794778465438174,1.2100202793591173,0.7079951583392021,0.16531226872761087,0.6358310997555922
Al Horford,Away,BOS,MIA,143,110,1,8a485334-6783-4494-9f72-c67a6f3a3dd2,-0.17979547000159926,1.5194551099391767,-1.3798150594207383,-0.5780603794823372,2.2180671765188595,0.4485602966102106,-1.8173972848278213,3.2958052459988694,-1.1613182942367177,0.4848531085755753,0.9334973374913936,0.042055497860130485
Luke Kornet,Away,BOS,MIA,143,110,1,8a485334-6783-4494-9f72-c67a6f3a3dd2,-0.7505706434157076,-1.2769549686915214,-0.3226962261067201,0.013385149791713076,1.2757913922879205,-1.1211558954044207,-0.10792357062751538,2.568285603877687,3.040285031129501,0.4315879226654518,0.47574696675804645,0.1308732223235393
Sam Hauser,Away,BOS,MIA,143,110,1,8a485334-6783-4494-9f72-c67a6f3a3dd2,-1.0956706394799718,-0.2435278784683645,0.6710436761476,-1.4488478187057852,-2.115791354388747,-0.3771889970854162,-0.03525366581261001,4.328669312405392,-1.1613182942367177,0.06506449690487207,0.5128989256414312,0.556928249549193
Dalano Banton,Away,BOS,MIA,143,110,1,8a485334-6783-4494-9f72-c67a6f3a3dd2,-2.042263144496917,0.5982782249221577,0.3986292411775705,2.2715678663918886,-2.2235229962164,-0.2884131882170728,0.0007156428550699599,-2.2079533629494223,-1.1613182942367177,-0.6885390333221361,0.02770005129583448,-0.2729729120034333
Lamar Stevens,Away,BOS,MIA,143,110,1,8a485334-6783-4494-9f72-c67a6f3a3dd2,-1.683014515043636,0.11505807198334131,-0.2891161305995576,-0.789975672376772,-0.3514907307357507,-0.7895635281049308,-0.7150809445925971,-1.1699661851462515,-1.1613182942367177,0.7981999458960328,-2.023310650451908,0.8703535642359914
Neemias Queta,Away,BOS,MIA,143,110,1,8a485334-6783-4494-9f72-c67a6f3a3dd2,-2.1094847349332793,-1.3983326616745055,0.10133863453921274,-0.307092406750539,0.3845128979625025,2.952345405045894,0.28067046337271595,-2.9630728418802095,-1.1613182942367177,-1.1418523194399253,-0.17323902790523096,0.2669857521897088
Oshae Brissett,Away,BOS,MIA,143,110,1,8a485334-6783-4494-9f72-c67a6f3a3dd2,-1.5254306568994418,-1.927922455936432,0.090596735133907,-0.006912108877736721,3.2058762399798675,-2.808336180751265,3.9213476021986935,2.4452826106107826,-1.1613182942367177,0.24840790438822638,0.3152393256866609,-1.093160328932082
Svi Mykhailiuk,Away,BOS,MIA,143,110,1,8a485334-6783-4494-9f72-c67a6f3a3dd2,-0.6659106220605017,-1.927922455936432,0.090596735133907,-0.006912108877736721,-2.115791354388747,-0.3771889970854162,-0.03525366581261001,6.340099074344641,-1.1613182942367177,0.6324541360926926,2.1883413631306508,-2.2344324402569837
Jordan Walsh,Away,BOS,MIA,143,110,1,8a485334-6783-4494-9f72-c67a6f3a3dd2,-2.1094847349332793,-0.8160900334967567,-1.2238464231351855,0.5837595948827518,0.19416110268758027,-0.9469657445516328,-0.8947867832634268,-1.4465932271679673,-1.1613182942367177,-1.1016944969986058,0.6030065400641389,-0.43534637961604455
Jayson Tatum,Home,BOS,LAC,96,115,0,7f5db007-bdf9-49a8-ae1f-8b4b05b5d099,2.155305013203299,0.4311758601822674,0.3126951659706427,-1.6912843236891812,3.6328664717998596,-0.15954589765020713,-0.31030797695795603,0.5003937289092413,1.4719905643928488,0.5291294980435163,-2.229644737645512,-2.8772275242287804
Jrue Holiday,Home,BOS,LAC,96,115,0,7f5db007-bdf9-49a8-ae1f-8b4b05b5d099,0.3659257778059656,1.4445549760836187,-0.16401229553467825,0.03130983935356303,-0.699763752272801,-0.45321108388468856,-0.8706681577114688,-0.9133172925084879,1.0673125956436722,-0.022054727545281535,-2.419196842389755,-2.072104075703622
Derrick White,Home,BOS,LAC,96,115,0,7f5db007-bdf9-49a8-ae1f-8b4b05b5d099,-0.968842953294947,-0.05604876677595908,-0.28439202565350025,-0.7392924409780903,-0.11762964729291785,2.9563528264782777,-0.019159138325792552,-2.208439695313661,1.1606214657653093,-0.21653992522478965,-2.213081023554211,-1.4539620856421862
Jaylen Brown,Home,BOS,LAC,96,115,0,7f5db007-bdf9-49a8-ae1f-8b4b05b5d099,-0.21205170058270884,0.19486685726053063,-0.473879698818442,-0.7125971234963026,1.7493711780915233,-0.3892964175154089,3.0478571027114056,-1.3247938230690688,1.0288912961818215,0.32137818004882585,-1.921988321416133,-1.3932934101972059
Al Horford,Home,BOS,LAC,96,115,0,7f5db007-bdf9-49a8-ae1f-8b4b05b5d099,-1.2659106923289822,-0.46888158749120495,0.2464526247189705,-0.9804439668396924,-0.9796039580028019,-0.48512028931169476,-0.6747551924856882,-2.2867037124666654,-1.1613182942367177,-0.6373596932016798,-2.424998645567666,-1.0573347838228342
Payton Pritchard,Home,BOS,LAC,96,115,0,7f5db007-bdf9-49a8-ae1f-8b4b05b5d099,1.1719574094232148,-0.7450166480667288,-0.9212983264691588,0.26819647714915057,0.0702429008115698,-0.5778459104361778,-1.272530311780245,1.765938769502768,0.5638369997068798,0.0351076744444975,-0.6701632414587395,-1.4955589757144323
Sam Hauser,Home,BOS,LAC,96,115,0,7f5db007-bdf9-49a8-ae1f-8b4b05b5d099,-0.21051280554017204,-1.2294226652640718,-0.3813717226564458,0.04091468884114353,-0.08289055205034217,0.7051076358883694,-0.7510562306536459,1.2633071006012675,-1.1613182942367177,-0.32365423079487315,-0.8241272788960289,-1.137149948388676
Luke Kornet,Home,BOS,LAC,96,115,0,7f5db007-bdf9-49a8-ae1f-8b4b05b5d099,-0.2655401038043998,-1.3983326616745055,0.10133863453921274,-0.307092406750539,1.564697223851951,-0.19735405425361865,2.8313178914579913,-0.13034226921855277,0.5295322680445133,0.15632651303505604,-1.226150848847721,-1.5192519662390744
Oshae Brissett,Home,BOS,LAC,96,115,0,7f5db007-bdf9-49a8-ae1f-8b4b05b5d099,-1.1491978791222595,-0.1945019665950228,-0.5036241154362359,-0.4517594636583964,1.10106553137673,-0.9474708946846419,-0.64111005239926,-0.5801858499077999,0.5702977487425923,0.35645191038357527,-0.07926047106054035,0.42395487041224506
Neemias Queta,Home,BOS,LAC,96,115,0,7f5db007-bdf9-49a8-ae1f-8b4b05b5d099,-0.9413765788656043,-1.1266344158894264,-0.8404998456769774,0.4038999397598064,2.5296598450091907,1.8348219744149432,1.2665830311617987,2.3953573558054417,-1.1613182942367177,0.3247891360956314,1.5377986296631672,-0.0435012529092056
Dalano Banton,Home,BOS,LAC,96,115,0,7f5db007-bdf9-49a8-ae1f-8b4b05b5d099,-1.3620598793960308,0.6996042879434832,-1.2063709629711934,-0.28616939112415896,-2.1271315272127107,-0.36784417509927475,-0.03146742279495948,-1.136767853855988,-1.1613182942367177,0.20435597402650935,-0.1488429770686209,0.8611666848854682
Lamar Stevens,Home,BOS,LAC,96,115,0,7f5db007-bdf9-49a8-ae1f-8b4b05b5d099,-1.0707790597212123,0.1464708321126336,-0.9015176345291218,-0.2716701771734794,2.998077558668045,-2.1673986641996397,2.5621383405551272,0.9428860245471323,1.6642627280191447,1.072264268981149,1.18506109657024,-0.2189535118151959
Svi Mykhailiuk,Home,BOS,LAC,96,115,0,7f5db007-bdf9-49a8-ae1f-8b4b05b5d099,-0.08364628293455066,-0.033565165928043504,0.37317637554699606,2.0700841078961596,-1.1943210568589704,-0.47836481811514653,-0.5148700223519411,1.2873150706472254,-1.1613182942367177,0.744127608303132,1.3393032121054083,-0.2064511244936376
Jayson Tatum,Home,BOS,NOP,118,112,1,6c233c3a-84ef-4a18-ba85-6f176c9f2708,3.25548645237432,5.735765403720938,0.4543097914056289,-0.23288356126561935,2.802705102841299,0.35893528954498566,-2.514695046579779,0.8572561787048677,3.0843360910991384,2.130884729963378,0.03142901060339952,-0.18757843699486404
Jaylen Brown,Home,BOS,NOP,118,112,1,6c233c3a-84ef-4a18-ba85-6f176c9f2708,1.8730162374109331,1.0816720510656102,-2.2215360277839102,0.4528926966465311,3.619720672093382,-0.1079786862913856,-0.9715286637551342,0.7558787064116417,2.7980431324438104,1.442969199169203,-0.015106333222920735,-0.2554820984769308
Al Horford,Home,BOS,NOP,118,112,1,6c233c3a-84ef-4a18-ba85-6f176c9f2708,1.0646109933914814,-0.4606697830273143,-1.1562243837785349,0.32633469145336697,2.098866180350593,0.1918805364017588,-1.0826155023279282,1.3048412499316315,-1.1613182942367177,1.0150996441760298,0.32313035622169767,0.37278490487037963
Derrick White,Home,BOS,NOP,118,112,1,6c233c3a-84ef-4a18-ba85-6f176c9f2708,2.7083909118332143,0.9393465011620321,-0.34235548537175803,0.38153634348233556,-1.3761180921099911,0.6690407673541011,-0.11912058204052146,0.9295276320589743,0.21764510725346348,1.269485837492874,-0.1882351339439633,0.041419607723215325
Jrue Holiday,Home,BOS,NOP,118,112,1,6c233c3a-84ef-4a18-ba85-6f176c9f2708,1.8897084489876765,0.10536973540954626,0.32710630644620187,0.26617528101895466,-0.417565641318225,-0.8590487507492768,1.0822773942626314,2.0525041783311724,1.6535132576132696,0.861260171179645,-0.46685329666023956,-0.9242334386340771
Sam Hauser,Home,BOS,NOP,118,112,1,6c233c3a-84ef-4a18-ba85-6f176c9f2708,1.1242559255607405,-0.9799444778761539,0.399788704137928,0.993242087685029,-2.178162304920546,-0.3257924761616384,-0.014429329215532137,1.6176000354848474,-1.1613182942367177,0.6410251771368256,0.18887934384305996,0.18440561491405594
Payton Pritchard,Home,BOS,NOP,118,112,1,6c233c3a-84ef-4a18-ba85-6f176c9f2708,-0.5134063003540208,0.3406097942944653,1.6641936053266886,-0.38060868313471663,-2.1951725641564916,-0.31177524318242633,-0.008749964689056346,0.3434369408862634,-1.1613182942367177,-0.12697692424305657,-1.3666140455293185,-0.4988278843091059
Oshae Brissett,Home,BOS,NOP,118,112,1,6c233c3a-84ef-4a18-ba85-6f176c9f2708,-1.9153966218912957,-1.1335377645435425,0.10670958424186561,-0.4571825556869401,2.717984365363542,-1.559156373822169,-0.4667614829306306,-1.715089063245215,-1.1613182942367177,-0.7449175602567935,-0.6403017549959172,0.37670003298291505
Neemias Queta,Home,BOS,NOP,118,112,1,6c233c3a-84ef-4a18-ba85-6f176c9f2708,-1.3909874760267171,-0.1723603214305613,0.08617328216591645,-0.9880941546512284,0.23447650900780329,1.175658941240414,-0.5123487170434807,-0.3899489094987342,-1.1613182942367177,0.018249293856737386,-0.8252338164108588,-0.3751255829232505
Dalano Banton,Home,BOS,NOP,118,112,1,6c233c3a-84ef-4a18-ba85-6f176c9f2708,-2.1094847349332793,-1.927922455936432,0.090596735133907,-0.006912108877736721,-2.8472325015343922,0.2255520210207046,0.2089590088258487,-2.9630728418802095,-1.1613182942367177,-2.785607960803732,0.42394217074590557,0.22269250980171243
Svi Mykhailiuk,Home,BOS,NOP,118,112,1,6c233c3a-84ef-4a18-ba85-6f176c9f2708,-2.1094847349332793,-1.927922455936432,0.090596735133907,-0.006912108877736721,-2.8472325015343922,0.2255520210207046,0.2089590088258487,-2.9630728418802095,-1.1613182942367177,-2.785607960803732,0.42394217074590557,0.22269250980171243
Lamar Stevens,Home,BOS,NOP,118,112,1,6c233c3a-84ef-4a18-ba85-6f176c9f2708,-2.1094847349332793,-1.927922455936432,0.090596735133907,-0.006912108877736721,-2.8472325015343922,0.2255520210207046,0.2089590088258487,-2.9630728418802095,-1.1613182942367177,-2.785607960803732,0.42394217074590557,0.22269250980171243
Jrue Holiday,Home,BOS,IND,129,124,1,6ca08db7-1d96-4005-a650-15e10d6e2085,1.1618037000243164,0.3827599610821427,-0.13473211216074954,0.435479953787773,0.953335056449703,2.279397957177409,-0.8794736285364116,3.2718896481939153,1.1606214657653093,0.9238625154357618,0.08033132917546577,-0.5874840658149816
Jayson Tatum,Home,BOS,IND,129,124,1,6ca08db7-1d96-4005-a650-15e10d6e2085,4.314166516755217,2.2823097868914872,-1.158223889348766,0.28670313327345287,1.5302875003317102,1.3142147886430788,-1.5164943832053581,1.7092411920833275,0.851926682254303,1.463398112454786,-0.36995169786675824,-1.1839321930673898
Jaylen Brown,Home,BOS,IND,129,124,1,6ca08db7-1d96-4005-a650-15e10d6e2085,1.6365981136913466,-0.19567846254748095,0.6256646605801024,1.7663977390708054,0.8776878975114546,-0.9416808659074274,0.25230309272143203,0.6548118153812599,3.7275028281228995,1.108281529971017,-0.7544388065739301,-1.0306095633977657
Derrick White,Home,BOS,IND,129,124,1,6ca08db7-1d96-4005-a650-15e10d6e2085,3.05494987363761,0.7036152746099882,-0.9115371961725508,1.0882336943898803,-0.8947951250723358,0.5132539069518816,-0.40711114386086344,1.456185157591061,2.0111430812585027,1.1283283203870123,-0.5298935816825445,-0.9651399612264581
Kristaps PorziÅÄ£is,Home,BOS,IND,129,124,1,6ca08db7-1d96-4005-a650-15e10d6e2085,1.8922055708170669,1.920205320049319,0.31663657656314886,-2.574853189152967,4.485892357897854,-0.6455885093917395,0.7750600331551833,-0.04315565358822505,1.4765008422354577,1.2321802577290653,-1.7998141517611004,-0.4696703749590713
Sam Hauser,Home,BOS,IND,129,124,1,6ca08db7-1d96-4005-a650-15e10d6e2085,0.4440526604598544,1.27045561409674,1.5044808093270756,-1.2524698944869797,-1.0228623001772457,-0.4938276828209244,-0.6183810492009085,2.532650206716071,-1.1613182942367177,0.6046027518903726,0.28146319045033885,0.7097652585421931
Payton Pritchard,Home,BOS,IND,129,124,1,6ca08db7-1d96-4005-a650-15e10d6e2085,-0.9322998619765608,-0.20178904859070337,-1.201593495530408,0.22609344730655823,0.6820582874741516,-1.0250757464375821,-0.037606880418239216,0.16595019652620827,-1.1613182942367177,0.11783327634732835,0.05048727480738485,0.779128287631522
Neemias Queta,Home,BOS,IND,129,124,1,6ca08db7-1d96-4005-a650-15e10d6e2085,-1.4582090664630796,-0.2701744631207305,0.36279462349234814,-1.1806456951710533,-0.614631136315992,2.2799914591426287,0.15690172053343115,0.22884320562386726,-0.5110851538017307,0.2715954383132133,0.2660318584667449,0.9062973627834525
Oshae Brissett,Home,BOS,IND,129,124,1,6ca08db7-1d96-4005-a650-15e10d6e2085,-2.1094847349332793,-1.6631275588054688,0.09596768483655986,-0.15700225781413787,-0.7311393332136548,-0.6878317199556381,-0.6295968574272156,-2.9630728418802095,-1.1613182942367177,-1.1139547475197602,-0.3542269316402618,0.39534061424284944
Dalano Banton,Home,BOS,IND,129,124,1,6ca08db7-1d96-4005-a650-15e10d6e2085,-2.1094847349332793,-1.927922455936432,0.090596735133907,-0.006912108877736721,-2.8472325015343922,0.2255520210207046,0.2089590088258487,-2.9630728418802095,-1.1613182942367177,-2.785607960803732,0.42394217074590557,0.22269250980171243
Svi Mykhailiuk,Home,BOS,IND,129,124,1,6ca08db7-1d96-4005-a650-15e10d6e2085,-2.1094847349332793,-1.927922455936432,0.090596735133907,-0.006912108877736721,-2.8472325015343922,0.2255520210207046,0.2089590088258487,-2.9630728418802095,-1.1613182942367177,-2.785607960803732,0.42394217074590557,0.22269250980171243
Lamar Stevens,Home,BOS,IND,129,124,1,6ca08db7-1d96-4005-a650-15e10d6e2085,-2.1094847349332793,-1.927922455936432,0.090596735133907,-0.006912108877736721,-2.8472325015343922,0.2255520210207046,0.2089590088258487,-2.9630728418802095,-1.1613182942367177,-2.785607960803732,0.42394217074590557,0.22269250980171243
Jayson Tatum,Home,BOS,LAL,105,114,0,42c5a131-090d-4336-a36e-de8c1389b375,3.9791479207251865,1.335864685935429,0.09871605822533415,-0.3071779927353555,1.4089974821921625,0.1593818135190752,0.024478304207360316,0.6049743164257853,0.9479321294586364,1.1617148858961315,-1.2629238662378248,-1.3916050167615817
Derrick White,Home,BOS,LAL,105,114,0,42c5a131-090d-4336-a36e-de8c1389b375,0.46640066203088737,1.9093560197304915,-1.2902825130619417,-0.959669521550132,0.4148796178781095,1.4321054124746653,0.13572004628471204,-0.16290910907519607,-1.1613182942367177,0.2596461218886436,-1.7676602410679099,-1.5447832540224868
Kristaps PorziÅÄ£is,Home,BOS,LAL,105,114,0,42c5a131-090d-4336-a36e-de8c1389b375,1.758839382454197,1.4910621502826706,0.31352553103550823,-0.5360698404678863,2.8200645276835803,4.660072606631986,-0.07563328511808218,0.22491754273025313,1.0000753215854337,0.6107864014389386,-1.5427053763710716,-2.217760156671051
Jrue Holiday,Home,BOS,LAL,105,114,0,42c5a131-090d-4336-a36e-de8c1389b375,-0.35153558147255004,3.480865786566799,-1.161151522296698,-2.047974647964751,1.3935885407310777,-0.9697005684825578,-0.10548807818056154,-0.4226915450855021,-1.1613182942367177,0.4475487728903851,-1.403884681249683,-0.7116930533651934
Jaylen Brown,Home,BOS,LAL,105,114,0,42c5a131-090d-4336-a36e-de8c1389b375,-0.0230042875578418,4.041307122202361,-0.9918666488837542,-0.6967986515396597,2.0429804736399197,-1.1975658777895108,0.5604222058602342,-0.872011718401505,-1.1613182942367177,0.295122255057011,-2.0203447741712917,-1.529346395222678
Al Horford,Home,BOS,LAL,105,114,0,42c5a131-090d-4336-a36e-de8c1389b375,0.11044183010743298,-0.9605493508545783,0.42773899657820386,1.0285081055609695,3.078553287863822,1.641342727722778,-2.1422045760788415,0.7111011656421451,-1.1613182942367177,0.22486399635893645,-0.043912394232297355,-0.21654883918873158
Sam Hauser,Home,BOS,LAL,105,114,0,42c5a131-090d-4336-a36e-de8c1389b375,2.6350516288698804,-1.6631275588054688,0.09596768483655986,-0.15700225781413787,-0.5561618565881677,-0.5175630796638916,-0.9008314759966218,2.0814097814267924,-1.1613182942367177,0.765561158084105,0.21600459363626792,-0.25881011996052994
Payton Pritchard,Home,BOS,LAL,105,114,0,42c5a131-090d-4336-a36e-de8c1389b375,0.20838075608236814,-0.5396319105413272,0.18414805709384613,-0.8909568112078876,-1.7610076903934428,0.8598667390723961,0.19466037715235995,1.3560972929614474,-1.1613182942367177,0.4909210280717426,0.12354104910676335,0.7356988574776632
Neemias Queta,Home,BOS,LAL,105,114,0,42c5a131-090d-4336-a36e-de8c1389b375,-1.0512589531473242,-0.809355576936774,-0.5676740616828969,-0.01924563253378503,3.7096322087915357,-0.49708851346819305,3.113630288580437,0.5160731684032682,0.6667511946939797,0.24524849242342117,0.2681480697329552,-0.04490760439317676
Dalano Banton,Home,BOS,LAL,105,114,0,42c5a131-090d-4336-a36e-de8c1389b375,-2.0140817672083307,0.10286783276726522,-2.3582393564298827,1.1159973498384064,0.8580950862913057,-1.090802207281108,-1.2842825300665894,0.04856350369327055,0.8175741491416433,-0.015491958535588289,1.8642002830502684,-1.5257892891181692
Oshae Brissett,Home,BOS,LAL,105,114,0,42c5a131-090d-4336-a36e-de8c1389b375,-1.9153966218912957,-1.927922455936432,0.090596735133907,-0.006912108877736721,0.9975364780801713,-2.1651547676642178,4.167279807180115,-1.8211802297065651,-1.1613182942367177,-0.32337757194997185,-1.2230483923998308,0.8192460098725759
Svi Mykhailiuk,Home,BOS,LAL,105,114,0,42c5a131-090d-4336-a36e-de8c1389b375,-2.1094847349332793,-1.927922455936432,0.090596735133907,-0.006912108877736721,-2.8472325015343922,0.2255520210207046,0.2089590088258487,-2.9630728418802095,-1.1613182942367177,-2.785607960803732,0.42394217074590557,0.22269250980171243
Lamar Stevens,Home,BOS,LAL,105,114,0,42c5a131-090d-4336-a36e-de8c1389b375,-2.1094847349332793,-1.927922455936432,0.090596735133907,-0.006912108877736721,-2.8472325015343922,0.2255520210207046,0.2089590088258487,-2.9630728418802095,-1.1613182942367177,-2.785607960803732,0.42394217074590557,0.22269250980171243
Jayson Tatum,Home,BOS,MEM,131,91,1,09ae23b3-cf91-42b4-b421-a32f012d9f52,5.597620813233814,2.3328676719602344,-1.549859210856711,0.7207191010741464,1.5023925495652135,-0.6659354700288019,-1.173558718359911,1.6499345704906654,1.9178342111368654,2.406249776560108,1.6200568860974784,0.659718312369882
Derrick White,Home,BOS,MEM,131,91,1,09ae23b3-cf91-42b4-b421-a32f012d9f52,1.960966056295966,0.4692935111019335,0.056384930228035715,0.3879135618174731,-0.38778952451108484,0.5954309300815469,0.34387131975658436,1.725003780150919,0.29585989544365937,1.378830499819675,1.2269020502747634,1.313616786071007
Kristaps PorziÅÄ£is,Home,BOS,MEM,131,91,1,09ae23b3-cf91-42b4-b421-a32f012d9f52,2.712262326396145,0.4102793333336926,0.2173906190568958,0.3003958353005828,2.45246237570256,1.3690240700343297,0.14851399385105893,1.2532357029621877,2.0391393580994976,1.9796416404972754,1.2242507251429118,0.9676093207003139
Jrue Holiday,Home,BOS,MEM,131,91,1,09ae23b3-cf91-42b4-b421-a32f012d9f52,-0.47764826479833145,1.4769678989969384,0.30101506772017583,-0.390233392943389,-0.8345459813200766,-0.3530095480885695,-0.7923795602741006,0.21260815805283606,1.2745131748843668,0.6587053595231214,-0.08011625527899063,0.6189774436920393
Al Horford,Home,BOS,MEM,131,91,1,09ae23b3-cf91-42b4-b421-a32f012d9f52,0.5567629297387192,0.8865378418578133,1.16008888674698,1.1723509049835223,0.25968020765522315,-0.4418722051972236,-1.3855402144901945,0.8847656819873982,-1.1613182942367177,1.1683246231069675,1.0903320529226415,1.4598641976912812
Sam Hauser,Home,BOS,MEM,131,91,1,09ae23b3-cf91-42b4-b421-a32f012d9f52,-0.9995214524129231,-1.3339937328044607,-0.25228563024704925,-0.019650297067603396,-0.7225755880843514,-0.3978568511587466,-0.8355372594305074,0.8359143026554984,-1.1613182942367177,0.23469668643700245,0.2559553734206439,1.1092231960811358
Payton Pritchard,Home,BOS,MEM,131,91,1,09ae23b3-cf91-42b4-b421-a32f012d9f52,-0.2654990109225914,1.2019802130026631,0.005308503083457384,0.6086655238975038,-0.859997176795253,-0.656782461757954,0.6136843444206005,-0.6562778861338674,1.1606214657653093,0.5447684934413004,-0.9481247615371249,0.13939480463145032
Luke Kornet,Home,BOS,MEM,131,91,1,09ae23b3-cf91-42b4-b421-a32f012d9f52,-1.8796385863356064,0.1739293623416133,1.4727052375642273,-0.12675405425427227,4.00694983582981,-0.6517189470338315,3.9959174023964534,-1.7214272441164349,2.189763415636308,-0.3599452165467749,-0.5313245868273561,-0.6539592598611688
Oshae Brissett,Home,BOS,MEM,131,91,1,09ae23b3-cf91-42b4-b421-a32f012d9f52,-0.913525974744773,0.4932036912762431,1.286731223589552,0.3131863882700824,0.2202868426854462,-0.8995681712470336,0.4041640588135744,1.7425714738400493,0.735360658018713,0.18918431817620138,-0.026971552515136978,-0.4200776622390868
Neemias Queta,Home,BOS,MEM,131,91,1,09ae23b3-cf91-42b4-b421-a32f012d9f52,-0.9413765788656043,-0.33596208914648745,2.6027691965463755,2.6809124149799275,4.98483325935847,-2.5964648605371576,3.3525626770054147,2.4452826106107826,-1.1613182942367177,0.5160102989966268,1.936313457271177,-0.06310652435661253
Jordan Walsh,Home,BOS,MEM,131,91,1,09ae23b3-cf91-42b4-b421-a32f012d9f52,-1.8174576959163604,0.04807435916407065,0.7812064693392252,1.4383635361902063,-1.240664105639934,-0.7332607701265864,1.3745627343309657,2.470245238013453,-1.1613182942367177,-0.3137949701450313,1.0338652744790267,0.6564184599389479
Svi Mykhailiuk,Home,BOS,MEM,131,91,1,09ae23b3-cf91-42b4-b421-a32f012d9f52,-0.08364628293455066,0.5678374508309875,-2.8161323006282157,1.278747812530458,-0.12477846853953264,-0.6569080507894722,-0.9747756255881378,1.4620534624659198,-1.1613182942367177,0.7855715710148108,1.054088029263429,-0.3785311474703187
Lamar Stevens,Home,BOS,MEM,131,91,1,09ae23b3-cf91-42b4-b421-a32f012d9f52,-0.9612274586072471,-1.6631275588054688,0.09596768483655986,-0.15700225781413787,0.048657973493143956,-1.0852026427335824,1.0860449480167695,1.7639372372877882,-1.1613182942367177,0.360251329609462,0.15789884494876955,0.42900681727944917
Dalano Banton,Home,BOS,MEM,131,91,1,09ae23b3-cf91-42b4-b421-a32f012d9f52,-1.5868653279765874,-0.6358907582350899,-1.388249849029654,0.6348523332744043,-1.183733311549465,-0.4636989531400203,-0.4847213181968699,-2.3047573398840404,-1.1613182942367177,0.19902894519678851,-0.9872546843483309,1.316598329053256
Al Horford,Home,BOS,ATL,125,117,1,5b530a72-68d5-4c39-92ec-4db9bf82d397,2.1745742759118376,2.305255162247516,-0.8015244489316314,1.6071568644309266,2.8484358147757773,3.0636354300599207,0.3247065224307035,1.1335455534417829,-1.1613182942367177,1.2679664126381236,0.7075008175266655,-0.0015613055454855506
Jayson Tatum,Home,BOS,ATL,125,117,1,5b530a72-68d5-4c39-92ec-4db9bf82d397,3.4510670041005045,2.9162337251967814,-0.8898229081230137,-0.37214588162033674,1.83850749670646,-0.5744099130899974,-2.3248409771762444,0.010401282882697727,0.9479321294586364,1.5948435021108656,-0.8678043430778059,-0.06225788860069827
Derrick White,Home,BOS,ATL,125,117,1,5b530a72-68d5-4c39-92ec-4db9bf82d397,3.4131938199457017,2.308247348269977,-0.9720153796688217,0.11146553035507951,0.953691588728409,0.31024371345027657,-0.5163072863329501,1.8705423121310636,-1.1613182942367177,1.0911384630626264,-0.16777981726521984,-0.7358548049499679
Jaylen Brown,Home,BOS,ATL,125,117,1,5b530a72-68d5-4c39-92ec-4db9bf82d397,0.5050254290043181,2.617670585148275,-0.5719457492644798,-0.38140315152843357,0.5529839053699627,-0.5069955420479553,-1.5770082618177632,0.5604238401437772,0.5171825646460613,0.7665318041697853,-0.7596720307238677,-0.5527989431241761
Kristaps PorziÅÄ£is,Home,BOS,ATL,125,117,1,5b530a72-68d5-4c39-92ec-4db9bf82d397,3.3465538465424434,-0.09981458388132679,0.15594663364241165,-1.1947315946092547,-0.12114999124748223,1.6284405190529314,-0.4775463938273484,1.5687295370730199,1.4435682998395858,1.5246491252689165,-0.3735704497804813,-0.5388126996725637
Sam Hauser,Home,BOS,ATL,125,117,1,5b530a72-68d5-4c39-92ec-4db9bf82d397,0.5650934272856625,-0.4741184193827417,0.8262812649235002,-1.576648081012515,0.7333975480042918,-1.0208272275342232,0.6152382563988337,0.5943336310792026,1.1606214657653093,0.8746148892672263,-0.17335832199535658,0.9462646512037968
Luke Kornet,Home,BOS,ATL,125,117,1,5b530a72-68d5-4c39-92ec-4db9bf82d397,-1.5254306568994418,-1.3983326616745055,0.10133863453921274,-0.307092406750539,2.05153591179529,1.507615407644825,-0.26491186700261377,2.4140793263574443,-1.1613182942367177,-0.2539537165049842,-0.1700961941226457,-0.08187261801580178
Payton Pritchard,Home,BOS,ATL,125,117,1,5b530a72-68d5-4c39-92ec-4db9bf82d397,0.014292643040384398,1.2996835248899625,1.069525175640142,-0.5857790394057034,-0.8783106168454907,-0.4910040698908777,-0.6814890603085159,1.934342970325534,-1.1613182942367177,0.5066595636476615,0.23758833373397,0.37452204310483217
Oshae Brissett,Home,BOS,ATL,125,117,1,5b530a72-68d5-4c39-92ec-4db9bf82d397,-1.8199936541663473,-0.5059691288667283,-1.548629539598904,0.710099740009514,-2.1498118728606377,-0.34915453112699196,-0.02389493675965844,-0.5710147196253857,3.561952682130973,-0.4410038755502044,-0.019778277295019644,-0.5744148907487596
Dalano Banton,Home,BOS,ATL,125,117,1,5b530a72-68d5-4c39-92ec-4db9bf82d397,-2.1094847349332793,-1.927922455936432,0.090596735133907,-0.006912108877736721,-2.8472325015343922,0.2255520210207046,0.2089590088258487,-2.9630728418802095,-1.1613182942367177,-2.785607960803732,0.42394217074590557,0.22269250980171243
Svi Mykhailiuk,Home,BOS,ATL,125,117,1,5b530a72-68d5-4c39-92ec-4db9bf82d397,-2.1094847349332793,-1.927922455936432,0.090596735133907,-0.006912108877736721,-2.8472325015343922,0.2255520210207046,0.2089590088258487,-2.9630728418802095,-1.1613182942367177,-2.785607960803732,0.42394217074590557,0.22269250980171243
Neemias Queta,Home,BOS,ATL,125,117,1,5b530a72-68d5-4c39-92ec-4db9bf82d397,-2.1094847349332793,-1.927922455936432,0.090596735133907,-0.006912108877736721,-2.8472325015343922,0.2255520210207046,0.2089590088258487,-2.9630728418802095,-1.1613182942367177,-2.785607960803732,0.42394217074590557,0.22269250980171243
Jordan Walsh,Home,BOS,ATL,125,117,1,5b530a72-68d5-4c39-92ec-4db9bf82d397,-2.1094847349332793,-1.927922455936432,0.090596735133907,-0.006912108877736721,-2.8472325015343922,0.2255520210207046,0.2089590088258487,-2.9630728418802095,-1.1613182942367177,-2.785607960803732,0.42394217074590557,0.22269250980171243
Jayson Tatum,Home,BOS,WAS,133,129,1,c60eac85-1df1-4fa1-bef5-71a883d08d60,4.626013219030922,2.2751741543347874,-1.5617945517065595,0.6185805185832096,3.157008667151929,1.287228271931692,-1.4396848165020606,1.1119599605835302,3.99840935841455,1.9816137889806655,0.31414492596511207,-0.33166255774435127
Jaylen Brown,Home,BOS,WAS,133,129,1,c60eac85-1df1-4fa1-bef5-71a883d08d60,1.0489546814427846,1.8628482212358046,0.4651615244178141,-1.0191998431181293,1.2851544758842073,-0.7869254233820645,-1.0195558431468181,0.19356908063538028,-1.1613182942367177,0.667147381038249,-1.6507873796737356,-1.2941822333240798
Jrue Holiday,Home,BOS,WAS,133,129,1,c60eac85-1df1-4fa1-bef5-71a883d08d60,1.6471650128033788,1.7971471261960366,-0.4072968513225155,-0.12149064148673862,1.5631467234348628,-1.1690150194238282,0.7928827314286501,2.366571191852019,-1.1613182942367177,0.6618647665312636,-0.8646756939104341,-1.3888853409399655
Derrick White,Home,BOS,WAS,133,129,1,c60eac85-1df1-4fa1-bef5-71a883d08d60,-0.7490782047315071,4.470027408829753,1.3454812704331287,0.0017478440205587892,-0.8943820016973447,0.7149539859000439,-0.36934648621182353,-0.6206309588861447,-1.1613182942367177,0.41931911718404835,-0.8566203248658716,-0.3570514895402238
Kristaps PorziÅÄ£is,Home,BOS,WAS,133,129,1,c60eac85-1df1-4fa1-bef5-71a883d08d60,2.904826784271072,0.22637256323517418,0.690072258071378,-1.9296159350128097,3.7514573131893902,-0.0516689995554611,-1.0218228315896767,1.0515827278442647,6.98826709143365,1.847462902373013,-0.2879347978795277,0.001018368395115104
Al Horford,Home,BOS,WAS,133,129,1,c60eac85-1df1-4fa1-bef5-71a883d08d60,-0.7194378617027892,-0.14383773211337042,1.1212804344779366,1.6784246355154286,0.9057247512043537,-1.069907574694507,0.5877958816179383,0.6913776847710538,0.5702977487425923,0.2713572220481249,-0.0003975275345732033,0.20596787202829264
Payton Pritchard,Home,BOS,WAS,133,129,1,c60eac85-1df1-4fa1-bef5-71a883d08d60,0.548109278961761,-1.4910487421665386,-0.39065437212908033,0.19284014038084,1.9552159869453118,-0.9430394977318982,-2.1434269282111442,1.7737236333082704,0.5885364065037838,0.4186497570913398,0.16952834347827084,-0.012656588331585445
Sam Hauser,Home,BOS,WAS,133,129,1,c60eac85-1df1-4fa1-bef5-71a883d08d60,-0.32185414556202374,-0.6217249715164052,0.4974023247517758,0.9933925232688667,-1.4631488806414377,-0.43996298436330233,-0.37846600408451664,-0.3824460045313266,1.2745131748843668,0.4571116096533374,-0.05938901303952997,0.966509941868915
Luke Kornet,Home,BOS,WAS,133,129,1,c60eac85-1df1-4fa1-bef5-71a883d08d60,-2.1094847349332793,-1.3983326616745055,0.10133863453921274,-0.307092406750539,-1.662237120629897,1.6291781732634192,0.4312039839381455,-2.9630728418802095,-1.1613182942367177,-0.8592734934429054,-0.29839350768277345,0.4130390477123671
Oshae Brissett,Home,BOS,WAS,133,129,1,c60eac85-1df1-4fa1-bef5-71a883d08d60,-2.1094847349332793,-1.927922455936432,0.090596735133907,-0.006912108877736721,-2.8472325015343922,0.2255520210207046,0.2089590088258487,-2.9630728418802095,-1.1613182942367177,-2.785607960803732,0.42394217074590557,0.22269250980171243
JD Davison,Home,BOS,WAS,133,129,1,c60eac85-1df1-4fa1-bef5-71a883d08d60,-2.1094847349332793,-1.927922455936432,0.090596735133907,-0.006912108877736721,-2.8472325015343922,0.2255520210207046,0.2089590088258487,-2.9630728418802095,-1.1613182942367177,-2.785607960803732,0.42394217074590557,0.22269250980171243
Svi Mykhailiuk,Home,BOS,WAS,133,129,1,c60eac85-1df1-4fa1-bef5-71a883d08d60,-2.1094847349332793,-1.927922455936432,0.090596735133907,-0.006912108877736721,-2.8472325015343922,0.2255520210207046,0.2089590088258487,-2.9630728418802095,-1.1613182942367177,-2.785607960803732,0.42394217074590557,0.22269250980171243
Drew Peterson,Home,BOS,WAS,133,129,1,c60eac85-1df1-4fa1-bef5-71a883d08d60,-2.1094847349332793,-1.927922455936432,0.090596735133907,-0.006912108877736721,-2.8472325015343922,0.2255520210207046,0.2089590088258487,-2.9630728418802095,-1.1613182942367177,-2.785607960803732,0.42394217074590557,0.22269250980171243
Jordan Walsh,Home,BOS,WAS,133,129,1,c60eac85-1df1-4fa1-bef5-71a883d08d60,-2.1094847349332793,-1.927922455936432,0.090596735133907,-0.006912108877736721,-2.8472325015343922,0.2255520210207046,0.2089590088258487,-2.9630728418802095,-1.1613182942367177,-2.785607960803732,0.42394217074590557,0.22269250980171243
Jayson Tatum,Away,BOS,MIA,110,106,1,9f1f5b1f-ae4f-415e-90aa-d98ad946fd52,3.1701961011664617,1.814223218124717,-2.8620051197377827,0.5734361468082692,3.0220309554839813,1.1863380725297827,-1.346343964054484,0.9402495335671509,0.9547930757911097,1.7911509309004263,0.09630286148121676,-0.5744154296907077
Derrick White,Away,BOS,MIA,110,106,1,9f1f5b1f-ae4f-415e-90aa-d98ad946fd52,-0.1957414622362423,0.4063690236892369,-0.7453699559741285,-0.5725839339759679,-0.943744143831176,0.5823069135146548,-0.38115541021119514,-0.662133666257299,-1.1613182942367177,0.9079113186440837,-0.7135234842375673,0.45761990312021783
Jaylen Brown,Away,BOS,MIA,110,106,1,9f1f5b1f-ae4f-415e-90aa-d98ad946fd52,2.73581844984196,1.7864957785913642,0.6836377434440138,-2.965121767618314,2.323355464214357,-1.185739400652764,0.39351393815330454,0.6953172179576129,0.46896488118162794,1.7109553557525583,-1.062198270220926,0.04464210634111071
Jrue Holiday,Away,BOS,MIA,110,106,1,9f1f5b1f-ae4f-415e-90aa-d98ad946fd52,1.827981841163373,1.3199168421667338,-1.2560912144132959,1.1004697255511653,-0.3300932868314913,0.3919464754937245,0.2954204482945243,3.227322035225635,-1.1613182942367177,0.8214331859808436,0.3584651178869983,-0.5376238163082683
Kristaps PorziÅÄ£is,Away,BOS,MIA,110,106,1,9f1f5b1f-ae4f-415e-90aa-d98ad946fd52,2.0772245869077466,0.6960312299001938,-0.7895412740518514,-0.7029581382044991,2.781854626523623,1.447775323752854,-2.071555390798576,1.333354369078006,3.9622857918247156,1.482482867180215,-0.18274953114905537,-0.6595771873220126
Al Horford,Away,BOS,MIA,110,106,1,9f1f5b1f-ae4f-415e-90aa-d98ad946fd52,-1.1994353212347202,-1.6631275588054688,0.09596768483655986,-0.15700225781413787,1.5144368621627993,2.9043658073194294,-0.8255108327219692,-1.1985260841558802,1.3664498557395093,0.23634224433186413,-0.5770237016504479,0.051831694161090854
Payton Pritchard,Away,BOS,MIA,110,106,1,9f1f5b1f-ae4f-415e-90aa-d98ad946fd52,0.014292643040384398,-0.9210845787997863,-1.0361968697312998,0.46967509897782184,0.10675786128032633,-0.9446993342688496,0.345083699783458,2.302541724514926,-1.1613182942367177,-0.03943266928174293,-0.21236166066574874,-1.1210536151666723
Sam Hauser,Away,BOS,MIA,110,106,1,9f1f5b1f-ae4f-415e-90aa-d98ad946fd52,-0.2777343959765344,-1.6631275588054688,0.09596768483655986,-0.15700225781413787,-2.138471700036674,-0.35849935311313336,-0.02768117977730896,1.9786298640389928,-1.1613182942367177,-0.1148336621305721,-0.39185605841764737,-0.25291972590374984
Luke Kornet,Away,BOS,MIA,110,106,1,9f1f5b1f-ae4f-415e-90aa-d98ad946fd52,-2.1094847349332793,-1.927922455936432,0.090596735133907,-0.006912108877736721,-2.138471700036674,-0.35849935311313336,-0.02768117977730896,-2.9630728418802095,-1.1613182942367177,-1.3344379402569433,-0.47721853403865333,0.18770091643192743
Oshae Brissett,Away,BOS,MIA,110,106,1,9f1f5b1f-ae4f-415e-90aa-d98ad946fd52,-2.1094847349332793,0.04266024842582914,-2.28391706080023,1.0811266003757944,1.162853844145858,-1.1817367162306043,-1.3263868548184454,-1.4715558545706378,-1.1613182942367177,-1.0351323826334466,1.1563774185305087,-0.6294798415337076
Svi Mykhailiuk,Away,BOS,MIA,110,106,1,9f1f5b1f-ae4f-415e-90aa-d98ad946fd52,-2.1094847349332793,-1.927922455936432,0.090596735133907,-0.006912108877736721,-2.8472325015343922,0.2255520210207046,0.2089590088258487,-2.9630728418802095,-1.1613182942367177,-2.785607960803732,0.42394217074590557,0.22269250980171243
Jordan Walsh,Away,BOS,MIA,110,106,1,9f1f5b1f-ae4f-415e-90aa-d98ad946fd52,-2.1094847349332793,-1.927922455936432,0.090596735133907,-0.006912108877736721,-2.8472325015343922,0.2255520210207046,0.2089590088258487,-2.9630728418802095,-1.1613182942367177,-2.785607960803732,0.42394217074590557,0.22269250980171243
Jayson Tatum,Away,BOS,BRK,118,110,1,ef3faec5-1014-4bcd-bb58-51dbfd33e481,6.077163990170802,2.55488157042208,-0.18119001536303977,0.8267220845855395,4.811831137988721,0.24108516763813184,-3.6407561603748215,1.2996591875303038,3.791773289701579,2.676237424394604,1.0508893385340845,0.3079593834064696
Derrick White,Away,BOS,BRK,118,110,1,ef3faec5-1014-4bcd-bb58-51dbfd33e481,1.6963665552877931,0.34157976673094864,-0.2247490005881125,-1.0737785156061248,-1.1932254061034415,-0.4202054085739806,-0.5685937712310928,1.435767248916326,0.5171825646460613,1.1261581412331543,-0.32746907471091635,0.09912809169789351
Jaylen Brown,Away,BOS,BRK,118,110,1,ef3faec5-1014-4bcd-bb58-51dbfd33e481,1.9962621893189734,3.0215499662769227,0.2141703258864576,-1.5025255539392817,-1.5641153282639892,-0.5586597216388852,0.6363814989031858,-0.3418949820714857,2.112548316545917,1.8243920319154434,-0.9371485906350602,0.6269352465284772
Al Horford,Away,BOS,BRK,118,110,1,ef3faec5-1014-4bcd-bb58-51dbfd33e481,0.5976005017321218,-0.13926424451046343,-0.593584279344156,1.260238544532625,0.8925765690259042,-0.7616810639882232,-0.7490728990320741,4.560599523235812,1.2745131748843668,0.6946786373343234,0.3238968638365501,-0.6955335623702308
Jrue Holiday,Away,BOS,BRK,118,110,1,ef3faec5-1014-4bcd-bb58-51dbfd33e481,1.0248169409638654,5.952438686143064,-1.6537441659461898,0.38344605132421705,0.3033016836902457,-0.5267733221052118,-1.4124103079436203,1.5242100968117382,-1.1613182942367177,1.421365885295734,0.8323253936967813,0.5579130647452141
Payton Pritchard,Away,BOS,BRK,118,110,1,ef3faec5-1014-4bcd-bb58-51dbfd33e481,-0.5441236358925934,0.027983726462558655,0.14794955925937137,-1.1691134778411456,0.30131384239154124,-0.9927105205288788,0.2500122836982407,-0.7701407286033966,-1.1613182942367177,-0.06402551478742183,-1.7689871074959733,-0.2253909523924164
Luke Kornet,Away,BOS,BRK,118,110,1,ef3faec5-1014-4bcd-bb58-51dbfd33e481,-1.4777291730369677,0.8827218968399816,0.4743478650287351,-1.906115845339097,2.062779034689179,-1.5560262369461815,0.9431890046949237,1.837604217634002,1.3936113086393913,-0.10285012449054069,-0.30268492255641527,0.15507052857405326
Sam Hauser,Away,BOS,BRK,118,110,1,ef3faec5-1014-4bcd-bb58-51dbfd33e481,-0.9995214524129231,-1.3983326616745055,0.10133863453921274,-0.307092406750539,-0.403756889209912,-0.906588702729734,0.6840864401266421,0.748545106746151,-1.1613182942367177,-0.33258601733097504,-0.546075411441543,0.05699250366922366
Oshae Brissett,Away,BOS,BRK,118,110,1,ef3faec5-1014-4bcd-bb58-51dbfd33e481,-2.061783251070805,-1.3389453711987005,-0.5784159610882027,0.28093466533901723,-0.903204887182607,-0.972274878910416,1.5442432285264664,-1.8965707487407892,0.12591756455796171,-0.9208414796973845,-1.067573520423355,-1.0455577142905506
Svi Mykhailiuk,Away,BOS,BRK,118,110,1,ef3faec5-1014-4bcd-bb58-51dbfd33e481,-2.1094847349332793,-1.927922455936432,0.090596735133907,-0.006912108877736721,-2.8472325015343922,0.2255520210207046,0.2089590088258487,-2.9630728418802095,-1.1613182942367177,-2.785607960803732,0.42394217074590557,0.22269250980171243
Neemias Queta,Away,BOS,BRK,118,110,1,ef3faec5-1014-4bcd-bb58-51dbfd33e481,-2.1094847349332793,-1.927922455936432,0.090596735133907,-0.006912108877736721,-2.8472325015343922,0.2255520210207046,0.2089590088258487,-2.9630728418802095,-1.1613182942367177,-2.785607960803732,0.42394217074590557,0.22269250980171243
Jordan Walsh,Away,BOS,BRK,118,110,1,ef3faec5-1014-4bcd-bb58-51dbfd33e481,-2.1094847349332793,-1.927922455936432,0.090596735133907,-0.006912108877736721,-2.8472325015343922,0.2255520210207046,0.2089590088258487,-2.9630728418802095,-1.1613182942367177,-2.785607960803732,0.42394217074590557,0.22269250980171243
Sam Hauser,Home,BOS,BRK,136,86,1,53d307de-eac9-40e8-b88b-46b9af9f7fec,1.8460429819971296,-0.7270534401843626,0.11970593800379685,1.0744196848243905,0.2698890259017756,-0.47158838068400577,-1.3711337896010678,2.223693780161379,-1.1613182942367177,1.6139814856378591,2.021684775573176,2.204612850073678
Jayson Tatum,Home,BOS,BRK,136,86,1,53d307de-eac9-40e8-b88b-46b9af9f7fec,2.2243574354293565,1.4728434999585096,-2.7354268593771986,0.6465542543886821,1.5044697574588217,-0.8146946356843201,-0.9153314415095029,0.6126124140336076,2.0652109541628962,2.060733107111087,1.0416896779338845,1.1919980921882682
Derrick White,Home,BOS,BRK,136,86,1,53d307de-eac9-40e8-b88b-46b9af9f7fec,4.0926508657044876,1.5713768643254222,-0.19930847593937365,0.019893541485083835,0.3187570111306087,-0.48262951470693877,-1.39253021528599,2.0558012372148196,0.9890978074534763,2.52434305079812,2.206317894184636,2.194851832989617
Jrue Holiday,Home,BOS,BRK,136,86,1,53d307de-eac9-40e8-b88b-46b9af9f7fec,-1.1263879750185444,-0.3487985507298198,-1.5685241451145224,0.6413063401857328,0.12998003787219495,-0.7370696237083089,-0.04455795981444794,1.0649366904585915,-1.1613182942367177,0.7226406794269626,1.4496990003121164,1.8504047861016708
Kristaps PorziÅÄ£is,Home,BOS,BRK,136,86,1,53d307de-eac9-40e8-b88b-46b9af9f7fec,1.2604888453413516,-0.8476101696104943,-0.03602299103708912,-0.5321294022692542,1.6299202586827732,0.7935131544465347,-1.3970451963138504,2.375542134766733,-1.1613182942367177,1.2087042186982846,1.0118374607853993,0.14676095458352217
Payton Pritchard,Home,BOS,BRK,136,86,1,53d307de-eac9-40e8-b88b-46b9af9f7fec,4.398080318768322,-0.6884013617164304,-0.9331454613343405,0.24771241401228405,-0.14370684765483915,-0.6326689757601122,-0.08640152843550868,2.736498645401062,-1.1613182942367177,1.9175668193864692,1.6035370229530312,1.1001166357607366
Oshae Brissett,Home,BOS,BRK,136,86,1,53d307de-eac9-40e8-b88b-46b9af9f7fec,-0.1574398484928266,0.7993814000280169,-1.0246970279920573,1.6033653521637516,0.2041676088315766,-0.5461984414700867,-1.2569040543929357,1.2532052583348818,2.778749372740122,0.7555154409238212,0.7785884831886788,-0.08650677672397583
Luke Kornet,Home,BOS,BRK,136,86,1,53d307de-eac9-40e8-b88b-46b9af9f7fec,-0.874154988429242,0.4092685682107579,-0.30102090236208484,1.192533685465661,4.622569786416616,2.3051325915437366,3.47100019367528,1.5121391531584751,-1.1613182942367177,0.8366838910788045,2.025333768483859,0.8800581557214149
Jordan Walsh,Home,BOS,BRK,136,86,1,53d307de-eac9-40e8-b88b-46b9af9f7fec,-1.6540869184129496,1.2622783389865886,2.3748992086630945,-1.7275043741272147,1.4928184414430787,0.5206786375198217,-0.018369032913718643,-2.31388710600942,-1.1613182942367177,0.10550810676935876,-0.6569093895050904,0.8293831919921368
Svi Mykhailiuk,Home,BOS,BRK,136,86,1,53d307de-eac9-40e8-b88b-46b9af9f7fec,-1.7502361054799982,-0.4536325378492546,1.2046061303530207,-1.8207138481403073,-2.2632136011002726,-0.25570631126557786,0.013967493416846787,-0.5334840170640904,-1.1613182942367177,-0.20175091084092686,-0.5332722724700631,0.8248362893672873
Neemias Queta,Home,BOS,BRK,136,86,1,53d307de-eac9-40e8-b88b-46b9af9f7fec,-0.8069333979928797,0.31853839162357994,1.697475014332337,-0.19082938168497637,1.2135784936826468,-1.3927642124400537,1.6977723952653176,0.5336034737141395,-1.1613182942367177,0.5610287933064567,-0.2851993359413698,0.47594044759975324
Jayson Tatum,Away,BOS,CHI,129,112,1,9755b269-df85-4485-8ef5-67f45f78a2f4,3.805664526704686,3.546738124667416,0.8998200155263799,0.9349613448685211,1.1666830184523949,-0.573681230832635,-1.9013130585656048,1.188346804500175,2.1633193194062192,1.8672885219839892,0.09776249286533581,0.32317661137185855
Derrick White,Away,BOS,CHI,129,112,1,9755b269-df85-4485-8ef5-67f45f78a2f4,3.876506687838629,2.1236192401673097,0.0575750679596202,0.9644084850462153,0.21324674719004966,2.534648499378025,-0.3682794570021162,2.341659273685198,2.5832281405200277,1.7215549950858933,0.9744668435976573,-0.028040067831512836
Jaylen Brown,Away,BOS,CHI,129,112,1,9755b269-df85-4485-8ef5-67f45f78a2f4,2.004631523286513,1.805550236036246,-0.4468332768619408,-0.0219229293568146,0.6067553403146205,0.44983977821709964,-1.2391651601640814,1.6864219201772972,2.3650311415809346,1.630334655763679,0.5633472054859001,0.7773826699878238
Kristaps PorziÅÄ£is,Away,BOS,CHI,129,112,1,9755b269-df85-4485-8ef5-67f45f78a2f4,1.9330766157545378,0.5337682749087705,0.6569145525488819,-0.2383626669309105,0.8304526806277847,2.576062788880229,-0.6472215968635733,-0.24455615373583184,0.9890978074534763,1.4459795048225226,-0.5670269168800646,0.9280659791454549
Jrue Holiday,Away,BOS,CHI,129,112,1,9755b269-df85-4485-8ef5-67f45f78a2f4,-0.06487239570276278,3.2998693222632847,0.3297298323317742,0.25076533012941227,-0.3116499900826568,0.5708276864998043,-0.6982219559373485,2.13277096471208,0.5702977487425923,0.6994115976275119,0.2562921162603426,0.1368496502270704
Al Horford,Away,BOS,CHI,129,112,1,9755b269-df85-4485-8ef5-67f45f78a2f4,-2.042263144496917,-0.027477328895353915,1.7197988127762134,-2.4817072479220736,1.2763858730441053,0.20592334239063365,-0.24125170527057593,-2.669761969898829,-1.1613182942367177,-0.2811464493319377,-0.6843062056236382,0.19124506427474655
Payton Pritchard,Away,BOS,CHI,129,112,1,9755b269-df85-4485-8ef5-67f45f78a2f4,0.6381407735018381,-0.17798246444002472,0.5980320888090453,-1.5137308437283228,-0.23483763007119096,-0.6025482652647368,-1.0132605095389295,1.7851695016682951,-1.1613182942367177,0.2894855060640981,-0.7204271096363382,-0.25408954641041315
Sam Hauser,Away,BOS,CHI,129,112,1,9755b269-df85-4485-8ef5-67f45f78a2f4,-0.37388358304358293,-1.4371787982820958,-0.45715326821876945,0.22404028463686113,-0.9998938844327022,0.9279619557503002,-0.12350195056633839,5.427062927816943,-1.1613182942367177,-0.04894927362426605,0.769576114528502,-0.4041339052654432
Luke Kornet,Away,BOS,CHI,129,112,1,9755b269-df85-4485-8ef5-67f45f78a2f4,-0.5821279494123233,0.20327363273246046,-0.255394190208316,1.5140684991541509,1.5507060735665552,-2.0570788283807753,4.513270460082822,1.6215807370085915,-1.1613182942367177,0.516629882739393,0.7657250956168814,-0.14281205299073513
Xavier Tillman Sr.,Away,BOS,CHI,129,112,1,9755b269-df85-4485-8ef5-67f45f78a2f4,-1.8174576959163604,-1.6631275588054688,0.09596768483655986,-0.15700225781413787,-1.190528214582289,4.4931560157558055,1.3042318766197536,2.3579134147014353,-1.1613182942367177,-0.26708752681644543,0.5528102166248627,-0.9565271761694829
Svi Mykhailiuk,Away,BOS,CHI,129,112,1,9755b269-df85-4485-8ef5-67f45f78a2f4,-1.3876976784968904,1.1580849688566426,-3.6608353798337934,1.7271531167357612,1.2861143334388805,-1.2257891748319734,-1.4156412341538398,6.246489221584626,-1.1613182942367177,0.106530409275377,2.4010286224213653,-2.4339176480609375
Oshae Brissett,Away,BOS,CHI,129,112,1,9755b269-df85-4485-8ef5-67f45f78a2f4,-2.1094847349332793,-1.927922455936432,0.090596735133907,-0.006912108877736721,-2.132801613624692,-0.36317176410620405,-0.029574301286134218,-2.9630728418802095,-1.1613182942367177,-1.3213980603089936,-0.3945744419269601,0.12333085992641828
Jaden Springer,Away,BOS,CHI,129,112,1,9755b269-df85-4485-8ef5-67f45f78a2f4,-1.9153966218912957,-1.927922455936432,0.090596735133907,-0.006912108877736721,-2.132801613624692,-0.36317176410620405,-0.029574301286134218,-2.195619640746625,-1.1613182942367177,-0.5062605541031104,-1.9515911269431796,0.9397333469164277
Jayson Tatum,Away,BOS,NYK,116,102,1,033c02df-a7e5-4ba3-9ace-880f2eab8acb,2.2363008837361416,3.5963531839015515,0.47854311995451126,-0.42608766254701747,1.0471027808860083,0.30538039576962944,-0.5404165718354381,0.5794757099348612,1.520410898763287,1.985660509420686,-0.0536582924426768,0.6806195412919892
Jrue Holiday,Away,BOS,NYK,116,102,1,033c02df-a7e5-4ba3-9ace-880f2eab8acb,1.0537445375945516,2.1453125676997082,-0.11901073037792136,1.3256286429613715,-1.3010450607820012,0.7140343352312682,-0.11330225778378099,1.066660502893112,-1.1613182942367177,1.2482165167123296,0.3907143661082946,0.4651976487567371
Jaylen Brown,Away,BOS,NYK,116,102,1,033c02df-a7e5-4ba3-9ace-880f2eab8acb,4.524484938841262,0.21069958296568986,-0.34130821745413237,0.9453468116524226,1.8461577492472983,-0.6974662018710128,-2.254836929659153,0.9135854319178587,0.19780188689200012,2.286776723086827,0.03065653804120625,0.45146030327107983
Derrick White,Away,BOS,NYK,116,102,1,033c02df-a7e5-4ba3-9ace-880f2eab8acb,1.0953283289300542,1.3746963831012105,-0.5149386412010066,2.2675181328601184,-0.46004907336334105,-0.7076119844016118,0.11111504211220166,2.4807731182512813,-1.1613182942367177,0.8469250823201642,0.5007398376399431,-0.31325261690067924
Kristaps PorziÅÄ£is,Away,BOS,NYK,116,102,1,033c02df-a7e5-4ba3-9ace-880f2eab8acb,1.8582448941070036,0.7086866210902881,-0.9733697816596544,-0.5378618598916224,0.5973107685991162,0.17330529902045425,1.0396190186007932,2.3713587987243283,2.717702688636505,1.4484305654291691,0.5720747012572553,-0.002090396485062006
Al Horford,Away,BOS,NYK,116,102,1,033c02df-a7e5-4ba3-9ace-880f2eab8acb,-0.5149063589759609,-1.3983326616745055,0.10133863453921274,-0.307092406750539,2.774136040988353,-0.4591509133363913,2.447863232903971,0.974653927403907,-1.1613182942367177,0.6632551995034448,0.10965380513193074,0.4752803328877851
Payton Pritchard,Away,BOS,NYK,116,102,1,033c02df-a7e5-4ba3-9ace-880f2eab8acb,-1.5561479924380146,1.1589596064536718,1.059126971138824,-0.11285861150796897,-0.29541014847264674,-1.2099596753138147,2.1685189955271786,-0.6772593088433968,-1.1613182942367177,-0.05064067854335723,-0.5319956023266634,0.18453064459738697
Sam Hauser,Away,BOS,NYK,116,102,1,033c02df-a7e5-4ba3-9ace-880f2eab8acb,-0.6659106220605017,-1.6631275588054688,0.09596768483655986,-0.15700225781413787,1.0688063056671302,-1.3293447376891647,0.4503692729628227,6.202804623629952,-1.1613182942367177,-0.36864063642252504,0.5058204646858202,-0.951756908123107
Luke Kornet,Away,BOS,NYK,116,102,1,033c02df-a7e5-4ba3-9ace-880f2eab8acb,-1.8174576959163604,-1.927922455936432,0.090596735133907,-0.006912108877736721,0.06290006034457048,-0.8009119368104851,-1.0463449693327602,2.3579134147014353,-1.1613182942367177,-0.8272550156829176,-0.4872539772468475,-0.4248097686367558
Jaden Springer,Away,BOS,NYK,116,102,1,033c02df-a7e5-4ba3-9ace-880f2eab8acb,-2.1094847349332793,-1.927922455936432,0.090596735133907,-0.006912108877736721,-2.0817708359168567,-0.4052234630438404,-0.046612394865561575,-2.9630728418802095,-1.1613182942367177,-1.424151147902839,-0.5365191677452307,0.019601747910797235
Oshae Brissett,Away,BOS,NYK,116,102,1,033c02df-a7e5-4ba3-9ace-880f2eab8acb,-2.1094847349332793,-1.927922455936432,0.090596735133907,-0.006912108877736721,-2.8472325015343922,0.2255520210207046,0.2089590088258487,-2.9630728418802095,-1.1613182942367177,-2.785607960803732,0.42394217074590557,0.22269250980171243
Svi Mykhailiuk,Away,BOS,NYK,116,102,1,033c02df-a7e5-4ba3-9ace-880f2eab8acb,-2.1094847349332793,-1.927922455936432,0.090596735133907,-0.006912108877736721,-2.8472325015343922,0.2255520210207046,0.2089590088258487,-2.9630728418802095,-1.1613182942367177,-2.785607960803732,0.42394217074590557,0.22269250980171243
Xavier Tillman Sr.,Away,BOS,NYK,116,102,1,033c02df-a7e5-4ba3-9ace-880f2eab8acb,-2.1094847349332793,-1.927922455936432,0.090596735133907,-0.006912108877736721,-2.8472325015343922,0.2255520210207046,0.2089590088258487,-2.9630728418802095,-1.1613182942367177,-2.785607960803732,0.42394217074590557,0.22269250980171243
Jrue Holiday,Home,BOS,PHI,117,99,1,e977e5db-be97-452d-86ea-24ffe2a91278,0.20688069746042786,2.241335855012972,0.645629073219945,-1.3872977755160978,2.1496712305257457,0.9347670697395216,1.590626547886944,2.3882406891606567,-1.1613182942367177,1.3777648530040232,0.7847805093022662,0.7261598437864932
Jayson Tatum,Home,BOS,PHI,117,99,1,e977e5db-be97-452d-86ea-24ffe2a91278,2.926170102696915,1.632005250815849,-2.7387550955492843,0.5592262316035865,3.1282466935192774,0.41227826415688296,-2.6063822726030086,0.37806819062405594,5.064977077041194,2.4948726746663383,1.1032276739100888,1.025027939562919
Jaylen Brown,Home,BOS,PHI,117,99,1,e977e5db-be97-452d-86ea-24ffe2a91278,2.2427158764867983,1.9646871013849911,1.2077314031983595,-1.7523540921762357,0.7101540635899508,-0.7139555440398284,-0.5121823247355951,1.968206935044622,4.509796195705906,2.1905239923760047,0.845686864147666,1.0874449388723666
Kristaps PorziÅÄ£is,Home,BOS,PHI,117,99,1,e977e5db-be97-452d-86ea-24ffe2a91278,0.9502459395806322,-0.24732414294016208,0.61815821846872,0.22504233720484013,4.575411070844954,-0.5925849779381399,1.2863552186830363,0.822433564383341,6.442371493102273,2.032583478480256,1.2126872775227548,1.3361704433137194
Derrick White,Home,BOS,PHI,117,99,1,e977e5db-be97-452d-86ea-24ffe2a91278,-0.9074082822178015,2.507724418822348,0.15598183672779506,0.8719934255378319,1.6263662251343922,2.8634824990122594,-0.976278086015918,-0.5876428569246264,1.2745131748843668,1.3787336463883537,1.4937743742119851,1.6093435143273194
Al Horford,Home,BOS,PHI,117,99,1,e977e5db-be97-452d-86ea-24ffe2a91278,-0.5532003527816369,-0.6096229990783124,0.40462478908159966,0.9643524302977956,0.976456310731712,0.7104929721158402,-1.1943750221676486,0.9014972130036412,-1.1613182942367177,0.04912555279974724,-0.35474670049870716,-0.8946276898227454
Sam Hauser,Home,BOS,PHI,117,99,1,e977e5db-be97-452d-86ea-24ffe2a91278,-1.1936095654549068,0.34075215354363486,1.2207189794609794,-2.270984294949511,1.0048067427916207,0.6871309171504866,-1.203840629711775,1.7040409626096156,-1.1613182942367177,-0.6465513185046198,-1.373351837658879,-1.3244143509181154
Payton Pritchard,Home,BOS,PHI,117,99,1,e977e5db-be97-452d-86ea-24ffe2a91278,-1.2351933567904094,-0.12435591906296498,1.7015957099867445,-0.2584369664982643,-0.9173854676739912,-0.45825118264401205,-0.6350231065387907,-1.088439661137948,-1.1613182942367177,-0.4322253761573325,-1.6597466065098478,-0.7549808311266571
Luke Kornet,Home,BOS,PHI,117,99,1,e977e5db-be97-452d-86ea-24ffe2a91278,-2.0140817672083307,-1.1335377645435425,0.10670958424186561,-0.4571825556869401,-1.3654812469133149,-0.450016903780849,-0.3876843302640264,0.06728547424527365,0.8175741491416433,-0.7734548787558947,-0.4530748062957754,0.016293082369478757
Oshae Brissett,Home,BOS,PHI,117,99,1,e977e5db-be97-452d-86ea-24ffe2a91278,-1.9153966218912957,-1.927922455936432,0.090596735133907,-0.006912108877736721,-2.200842650568473,-0.30710283218935563,-0.006856843180231087,-2.195619640746625,-1.1613182942367177,-0.6638737684150751,-1.7432532265045741,0.3750638460724289
Jaden Springer,Home,BOS,PHI,117,99,1,e977e5db-be97-452d-86ea-24ffe2a91278,-2.042263144496917,-1.6631275588054688,0.09596768483655986,-0.15700225781413787,2.200347694835525,-3.0423805877190775,6.856152883343026,-2.4763016075281317,-1.1613182942367177,-0.42922964209714537,-1.7751892679820405,0.5442652686369279
Svi Mykhailiuk,Home,BOS,PHI,117,99,1,e977e5db-be97-452d-86ea-24ffe2a91278,-2.1094847349332793,-1.927922455936432,0.090596735133907,-0.006912108877736721,-2.8472325015343922,0.2255520210207046,0.2089590088258487,-2.9630728418802095,-1.1613182942367177,-2.785607960803732,0.42394217074590557,0.22269250980171243
Xavier Tillman Sr.,Home,BOS,PHI,117,99,1,e977e5db-be97-452d-86ea-24ffe2a91278,-2.1094847349332793,-1.927922455936432,0.090596735133907,-0.006912108877736721,-2.8472325015343922,0.2255520210207046,0.2089590088258487,-2.9630728418802095,-1.1613182942367177,-2.785607960803732,0.42394217074590557,0.22269250980171243
Jordan Walsh,Home,BOS,PHI,117,99,1,e977e5db-be97-452d-86ea-24ffe2a91278,-2.1094847349332793,-1.927922455936432,0.090596735133907,-0.006912108877736721,-2.8472325015343922,0.2255520210207046,0.2089590088258487,-2.9630728418802095,-1.1613182942367177,-2.785607960803732,0.42394217074590557,0.22269250980171243
Jayson Tatum,Home,BOS,DAL,138,110,1,eac0addb-ddc8-4139-a949-17ed2ef5728f,4.405956533720325,1.31387309395042,-0.01698007442166943,-1.9439136301512883,1.440805771080236,-0.5666723046220401,-2.0947563873905404,1.4655989119935864,3.448843837944662,2.1210760987646284,0.1954499119768571,0.647379256163474
Derrick White,Home,BOS,DAL,138,110,1,eac0addb-ddc8-4139-a949-17ed2ef5728f,1.3566380324084002,2.672057273804266,-1.0493096918463134,0.06462187245902985,1.9060488697800875,1.296079547859567,-0.6306534289764998,1.412480569258506,-1.1613182942367177,1.3622692646695655,0.9732337834722108,0.817038053865242
Jaylen Brown,Home,BOS,DAL,138,110,1,eac0addb-ddc8-4139-a949-17ed2ef5728f,2.995628094698366,1.0955451865314123,-1.011213746209,1.0358098518414618,1.3596437693763035,-0.7924512022443112,-0.9754167619486513,0.980634884929744,0.46092280471978,1.7687134755929883,0.3473780746197328,0.5102842925752616
Kristaps PorziÅÄ£is,Home,BOS,DAL,138,110,1,eac0addb-ddc8-4139-a949-17ed2ef5728f,3.047373215370507,-0.7527402905864756,-0.5795211965480787,-0.03972969567065149,1.5317589640921072,-0.12238678884564898,1.4003819248329996,1.9030611036906142,2.06054189485231,1.424549887746653,0.5923104305322928,0.21653377291809198
Jrue Holiday,Home,BOS,DAL,138,110,1,eac0addb-ddc8-4139-a949-17ed2ef5728f,0.48234665426553036,1.7230342332984963,-0.8609519093744227,2.428009010354509,-0.8475031353891759,0.7152236267506165,-0.38364553300491133,3.3156447620048923,-1.1613182942367177,0.6521261397289149,1.1126742705207031,-0.12231145272103429
Al Horford,Home,BOS,DAL,138,110,1,eac0addb-ddc8-4139-a949-17ed2ef5728f,0.7924348341162056,-0.07076262946103912,-0.47808033680742,-0.5519957603046062,2.6910626488391864,1.2887926583202345,-0.9055807921043533,1.7964243411356786,-1.1613182942367177,1.0618283730243914,0.9823811984536704,0.8937628217289014
Payton Pritchard,Home,BOS,DAL,138,110,1,eac0addb-ddc8-4139-a949-17ed2ef5728f,0.3735412724936654,-0.2922505281273688,0.09878395866536135,-0.9532844391333622,-0.6683045261792672,-0.7917387736878007,0.5986399013570062,1.61757076440588,-1.1613182942367177,0.5132441443462362,-0.23893327268103345,0.1218123263078988
Sam Hauser,Home,BOS,DAL,138,110,1,eac0addb-ddc8-4139-a949-17ed2ef5728f,-1.5272203958073283,-1.280123788920018,-0.31878452633673837,0.011549847188417735,0.6446872467918424,-0.7388643815116648,-1.4399433657845815,-2.0146405920772628,-1.1613182942367177,-0.20447944650923933,-0.5251853399451327,0.8319276790753828
Xavier Tillman Sr.,Home,BOS,DAL,138,110,1,eac0addb-ddc8-4139-a949-17ed2ef5728f,-1.233403617882523,-0.8083930526366614,-0.8430643310695245,0.23149042508324336,-1.0800294251334543,1.0122965738148015,-0.07855002424507344,2.420319983208112,-1.1613182942367177,0.08389349448624808,0.8529463214967546,0.32250003407777317
Oshae Brissett,Home,BOS,DAL,138,110,1,eac0addb-ddc8-4139-a949-17ed2ef5728f,-1.702534621617524,-1.927922455936432,0.090596735133907,-0.006912108877736721,-1.425112656794494,3.335347959180973,0.9544918724044636,0.027230604356150708,1.0784079746423791,0.27991955500900984,0.044458805947714466,-0.31120863016038064
Svi Mykhailiuk,Home,BOS,DAL,138,110,1,eac0addb-ddc8-4139-a949-17ed2ef5728f,-2.1094847349332793,1.994071748364642,2.0676521585911667,-3.7786972335658655,0.09799173485957698,-1.6039741250313482,3.0369542675908208,-2.3265258431121074,-1.1613182942367177,-0.5069673818461415,-0.1336695693871013,0.23111152061666798
Jaden Springer,Home,BOS,DAL,138,110,1,eac0addb-ddc8-4139-a949-17ed2ef5728f,-1.7502361054799982,-1.927922455936432,0.090596735133907,-0.006912108877736721,1.6957012507723355,-2.6058502164230104,5.359727244162617,-0.12784132177069235,-1.1613182942367177,1.0110489581958015,-0.7305420686715977,-0.15962973072012254
Luke Kornet,Home,BOS,DAL,138,110,1,eac0addb-ddc8-4139-a949-17ed2ef5728f,-2.1094847349332793,-1.927922455936432,0.090596735133907,-0.006912108877736721,-2.8472325015343922,0.2255520210207046,0.2089590088258487,-2.9630728418802095,-1.1613182942367177,-2.785607960803732,0.42394217074590557,0.22269250980171243
Jrue Holiday,Home,BOS,GSW,140,88,1,5564305c-fff3-4136-9d07-ca23eb1d9912,-0.281024193506361,-0.1515114026973983,-1.205617230855626,0.20193877896310097,1.1647531207852606,0.5070809400776676,-0.3873142859424738,0.5648539275559401,-1.1613182942367177,1.2973882128693623,1.6160891927607919,2.478802937339222
Jayson Tatum,Home,BOS,GSW,140,88,1,5564305c-fff3-4136-9d07-ca23eb1d9912,2.8720589895603115,0.9834269688441811,-1.1272155482805262,1.310375829120293,-0.4660914784833944,0.8719287742149329,-0.5709020798884195,2.782188297069789,2.6216494399818786,2.1751078334529335,2.6418965030437107,1.5196323779747158
Jaylen Brown,Home,BOS,GSW,140,88,1,5564305c-fff3-4136-9d07-ca23eb1d9912,4.519121085594131,0.9503625881513127,-0.32589751603980976,0.6068457650755952,-0.5663829492347712,-0.5964274032352721,0.24878870050151275,1.6665709686305843,0.961654022123583,2.578519248315054,1.7154091358288897,1.423057434265666
Al Horford,Home,BOS,GSW,140,88,1,5564305c-fff3-4136-9d07-ca23eb1d9912,-0.542333896984707,0.6170317114024048,-0.6291808538368042,1.1995086416465508,-0.1127441927189895,-0.43698454011227295,-1.1402077003420255,1.7114298023317682,-1.1613182942367177,0.9679553581415724,1.8508443768999965,1.921944503885264
Derrick White,Home,BOS,GSW,140,88,1,5564305c-fff3-4136-9d07-ca23eb1d9912,1.2637786428711784,1.9921828844074283,-2.4008481948819442,2.0983346002333008,-0.6216769607338951,-0.3939137418650159,-0.8646060343559743,4.424459370579338,-1.1613182942367177,1.2408549464700387,2.9383646913195807,1.1465125989962615
Payton Pritchard,Home,BOS,GSW,140,88,1,5564305c-fff3-4136-9d07-ca23eb1d9912,2.038631036417173,3.1057256308753614,-0.07081072974224424,0.7657509236956715,0.5760273913369408,-0.4270942152235076,-1.575431096423815,2.060578664041564,-1.1613182942367177,1.3815390331400674,0.8340790253913588,0.40174792148351207
Sam Hauser,Home,BOS,GSW,140,88,1,5564305c-fff3-4136-9d07-ca23eb1d9912,1.7481040560221943,-0.518618574043968,0.49654626326369233,-1.1986698217666925,0.9103738158122047,0.8346102854852046,-1.1971947392697484,1.4270852825590072,-1.1613182942367177,1.3182914003639656,1.0169807823992552,1.7902173134048052
Svi Mykhailiuk,Home,BOS,GSW,140,88,1,5564305c-fff3-4136-9d07-ca23eb1d9912,0.4696904595607141,-0.5736123494394391,0.11191606775525616,1.2474039176791571,0.2985589914556047,-0.9616978924330243,1.158435283358433,0.68129771418289,-1.1613182942367177,0.3666616192187345,-0.29729628433308836,-0.35452508425777696
Oshae Brissett,Home,BOS,GSW,140,88,1,5564305c-fff3-4136-9d07-ca23eb1d9912,-0.8376507335314525,1.8204167107152365,1.7084729554069875,0.397403749421332,2.7565032886954546,0.4539211573273229,-0.9203301743180402,-0.6751812742400467,-0.3822839346347164,0.5331121764556942,-0.6636170412575866,-0.15288930009846227
Xavier Tillman Sr.,Home,BOS,GSW,140,88,1,5564305c-fff3-4136-9d07-ca23eb1d9912,-0.7389579682766774,-1.0205728425443394,0.9317130347749827,0.8156639052498343,0.05886078790887576,-0.4852990107744338,-1.2027480481659638,1.4461741726403332,1.5036687823889756,0.31057563600236554,0.41543578479561083,0.570645927806449
Jaden Springer,Home,BOS,GSW,140,88,1,5564305c-fff3-4136-9d07-ca23eb1d9912,-1.4889264020016522,-0.3434766137693792,0.2974050697449291,-1.0872004952291778,-0.6058096595728107,-0.7874247768508269,0.8236839142174662,-1.3036685267367134,-1.1613182942367177,-0.11235265412479131,-1.2609875989886337,0.23688796890733696
Luke Kornet,Home,BOS,GSW,140,88,1,5564305c-fff3-4136-9d07-ca23eb1d9912,-1.7502361054799982,-1.927922455936432,0.090596735133907,-0.006912108877736721,0.8244779384086854,0.9879704855853915,0.9722084290285207,-0.115360008069357,-1.1613182942367177,-0.17228150349878518,0.4075083303462673,0.8302219436981514
Jayson Tatum,Away,BOS,CLE,104,105,0,83be69af-611c-4684-8956-f844ca0c8073,3.9953858497069876,0.44641412166590483,-0.1904036945716182,-1.1807364579214843,3.875731094232566,-1.037486763433132,-1.7299428798041265,0.7161593480338682,2.4906588890343473,1.4436887362072235,-1.0168910603796384,-1.0749220204969128
Jaylen Brown,Away,BOS,CLE,104,105,0,83be69af-611c-4684-8956-f844ca0c8073,2.925539772844262,0.6854686014676152,-1.0943498458345045,-0.4208451652103869,-0.5684503824522642,-0.7791495079852369,0.8957116800321102,0.4322064584990221,0.9547930757911097,1.6156943870165832,-0.29235414326134196,0.2346860542841298
Jrue Holiday,Away,BOS,CLE,104,105,0,83be69af-611c-4684-8956-f844ca0c8073,0.9865229471581893,3.2752799978886853,0.8953373029381808,-0.5649890194970257,-0.14682643647644372,-0.780268956840694,0.6453015343569833,1.1936891739167703,-1.1613182942367177,0.5206339752249002,-1.2194594390445666,-1.4215596387350486
Derrick White,Away,BOS,CLE,104,105,0,83be69af-611c-4684-8956-f844ca0c8073,-1.2471368050971943,1.6076436988007792,-1.1394955826203843,-0.9024696163876065,2.093506832346779,3.475061481390667,0.8547995828590583,-1.1440594702557592,0.6667511946939797,0.6339922832835407,-0.20274628014349308,-0.06279167456550326
Kristaps PorziÅÄ£is,Away,BOS,CLE,104,105,0,83be69af-611c-4684-8956-f844ca0c8073,2.9367370018089467,1.354749969668955,0.39494637428820684,1.243872570532998,3.2813941334450987,2.415773514737774,-0.0800813375055297,1.0581443956626917,1.4719905643928488,1.3915876135478629,0.08789216887708307,-1.0555858847633477
Al Horford,Away,BOS,CLE,104,105,0,83be69af-611c-4684-8956-f844ca0c8073,-0.08693608046437735,-0.3841122917432662,1.3375977151519298,0.01484044542463209,1.0085480025104492,-1.0980996936910097,0.5849448386917593,0.002856638993322852,-1.1613182942367177,0.30972321786101764,-0.8720423007847499,-0.27135789663046517
Luke Kornet,Away,BOS,CLE,104,105,0,83be69af-611c-4684-8956-f844ca0c8073,-1.3909874760267171,-1.1787215416081258,-0.4439589189761532,0.07027953049386933,0.7027121370606014,2.601355313234283,-0.40137318994967114,-0.20272920397870428,-1.1613182942367177,-0.23198011052822584,-0.3653535034249373,-0.4599521739757713
Sam Hauser,Away,BOS,CLE,104,105,0,83be69af-611c-4684-8956-f844ca0c8073,-0.6402728229596422,-0.4362134728359195,0.5019159478635842,1.2089839844127552,1.5370774239074312,-1.0923269340097335,-0.5546105392904529,0.5782464751896212,-1.1613182942367177,0.34829232192611415,0.5675164641789093,0.5410380162992874
Payton Pritchard,Away,BOS,CLE,104,105,0,83be69af-611c-4684-8956-f844ca0c8073,-1.5561479924380146,0.6026770220667497,0.9018595665166514,-2.1804449298368875,1.7993034417444949,-1.2063278203505494,-0.5836503775063233,-0.9768108376754445,-1.1613182942367177,-0.30671403275483244,-1.487807084878071,-0.23446409372944624
Oshae Brissett,Away,BOS,CLE,104,105,0,83be69af-611c-4684-8956-f844ca0c8073,-2.1094847349332793,-1.927922455936432,0.090596735133907,-0.006912108877736721,-2.8472325015343922,0.2255520210207046,0.2089590088258487,-2.9630728418802095,-1.1613182942367177,-2.785607960803732,0.42394217074590557,0.22269250980171243
Svi Mykhailiuk,Away,BOS,CLE,104,105,0,83be69af-611c-4684-8956-f844ca0c8073,-2.1094847349332793,-1.927922455936432,0.090596735133907,-0.006912108877736721,-2.8472325015343922,0.2255520210207046,0.2089590088258487,-2.9630728418802095,-1.1613182942367177,-2.785607960803732,0.42394217074590557,0.22269250980171243
Jaden Springer,Away,BOS,CLE,104,105,0,83be69af-611c-4684-8956-f844ca0c8073,-2.1094847349332793,-1.927922455936432,0.090596735133907,-0.006912108877736721,-2.8472325015343922,0.2255520210207046,0.2089590088258487,-2.9630728418802095,-1.1613182942367177,-2.785607960803732,0.42394217074590557,0.22269250980171243
Jordan Walsh,Away,BOS,CLE,104,105,0,83be69af-611c-4684-8956-f844ca0c8073,-2.1094847349332793,-1.927922455936432,0.090596735133907,-0.006912108877736721,-2.8472325015343922,0.2255520210207046,0.2089590088258487,-2.9630728418802095,-1.1613182942367177,-2.785607960803732,0.42394217074590557,0.22269250980171243
Jaylen Brown,Away,BOS,DEN,109,115,0,bac2b8b8-c8c6-4d22-a721-1efab1ca9124,5.264591599914497,2.5020510100281648,0.050220185792606224,0.5708365000733189,4.679082832589887,-1.6768671399787098,1.2168038166624817,0.6860144194312827,4.395518992494811,2.393168648546832,-0.014432509900634397,-0.706235153221032
Jayson Tatum,Away,BOS,DEN,109,115,0,bac2b8b8-c8c6-4d22-a721-1efab1ca9124,1.2716472378854395,5.095256018512389,-0.07580981283981075,-0.8721875338575449,-0.24989467226751147,-0.6117151994838338,-0.2504866904732383,0.27033073211750847,1.5766706586895682,1.2173809923450016,-0.7415354714123359,-0.5860407684952509
Derrick White,Away,BOS,DEN,109,115,0,bac2b8b8-c8c6-4d22-a721-1efab1ca9124,-0.3421280914157518,2.1163262626544386,-0.7725314671457819,0.1039954617162648,0.5544241687706911,0.28750936041614483,-0.3841554495904097,-0.3325079778648307,0.5638369997068798,0.6161229656862923,-0.6498707186319115,-0.4363044803393247
Kristaps PorziÅÄ£is,Away,BOS,DEN,109,115,0,bac2b8b8-c8c6-4d22-a721-1efab1ca9124,3.780311044413244,1.1946044580999957,0.557859159633913,-0.7167626770269326,4.00788100990999,-0.12210282273726157,-1.4527629609730865,0.15185404063204452,1.3927972969792832,1.8586803951277142,-0.4059075935424467,-0.14053439703684095
Jrue Holiday,Away,BOS,DEN,109,115,0,bac2b8b8-c8c6-4d22-a721-1efab1ca9124,1.0537445375945516,-0.1702940091591282,-0.20571429331695795,-0.7511004707696558,-0.1438541915085042,-0.6649269316023932,-0.267825746672237,0.954328679581094,-1.1613182942367177,0.5502867708654688,-0.8819564008960848,-0.7330157733991582
Al Horford,Away,BOS,DEN,109,115,0,bac2b8b8-c8c6-4d22-a721-1efab1ca9124,-1.752772063729985,-1.6631275588054688,0.09596768483655986,-0.15700225781413787,0.5044484118382817,-0.893029928668201,-0.28224030457134713,-1.4999577216670017,2.189763415636308,-0.5879620361731956,-1.145492719549587,-0.6933221446032348
Xavier Tillman Sr.,Away,BOS,DEN,109,115,0,bac2b8b8-c8c6-4d22-a721-1efab1ca9124,-1.6233695828743768,-1.4340099780535993,-0.46106496798875113,0.22587558724015647,1.0798703531559626,-1.0973340847000996,-0.29744044964361066,0.3058105336014411,-1.1613182942367177,-0.8120594987185275,-0.8112693831232852,-1.123251240614476
Payton Pritchard,Away,BOS,DEN,109,115,0,bac2b8b8-c8c6-4d22-a721-1efab1ca9124,-1.9153966218912957,-1.6631275588054688,0.09596768483655986,-0.15700225781413787,-2.144141786448656,-0.35382694212006266,-0.0257880582684837,-2.195619640746625,-1.1613182942367177,-0.8572534311059672,-0.9108673914057269,0.25619957769177326
Sam Hauser,Away,BOS,DEN,109,115,0,bac2b8b8-c8c6-4d22-a721-1efab1ca9124,-0.471822509018518,-1.2724001464002712,-0.6605616562578186,0.31947602000821984,-1.7357515629304643,1.3227875596138339,0.3394849335492463,3.4645815522092085,-1.1613182942367177,-0.4076816354957089,0.3107569796227198,-1.6303477037587384
Oshae Brissett,Away,BOS,DEN,109,115,0,bac2b8b8-c8c6-4d22-a721-1efab1ca9124,-2.1094847349332793,-1.927922455936432,0.090596735133907,-0.006912108877736721,-2.8472325015343922,0.2255520210207046,0.2089590088258487,-2.9630728418802095,-1.1613182942367177,-2.785607960803732,0.42394217074590557,0.22269250980171243
Luke Kornet,Away,BOS,DEN,109,115,0,bac2b8b8-c8c6-4d22-a721-1efab1ca9124,-2.1094847349332793,-1.927922455936432,0.090596735133907,-0.006912108877736721,-2.8472325015343922,0.2255520210207046,0.2089590088258487,-2.9630728418802095,-1.1613182942367177,-2.785607960803732,0.42394217074590557,0.22269250980171243
Svi Mykhailiuk,Away,BOS,DEN,109,115,0,bac2b8b8-c8c6-4d22-a721-1efab1ca9124,-2.1094847349332793,-1.927922455936432,0.090596735133907,-0.006912108877736721,-2.8472325015343922,0.2255520210207046,0.2089590088258487,-2.9630728418802095,-1.1613182942367177,-2.785607960803732,0.42394217074590557,0.22269250980171243
Jaden Springer,Away,BOS,DEN,109,115,0,bac2b8b8-c8c6-4d22-a721-1efab1ca9124,-2.1094847349332793,-1.927922455936432,0.090596735133907,-0.006912108877736721,-2.8472325015343922,0.2255520210207046,0.2089590088258487,-2.9630728418802095,-1.1613182942367177,-2.785607960803732,0.42394217074590557,0.22269250980171243
Jayson Tatum,Away,BOS,PHO,117,107,1,b572ed89-8e18-435a-927d-39da18d99e04,4.997248876915771,2.4459203464821004,-0.8002825526066103,-0.3056670465615386,2.6536963079564604,-1.1090353446739698,-0.1378936035803148,0.5281287670398681,0.9149995870627644,2.116793524457418,-0.5122120479268121,-0.35373703732189404
Jrue Holiday,Away,BOS,PHO,117,107,1,b572ed89-8e18-435a-927d-39da18d99e04,1.1235097062186403,3.023590820036059,0.5391411550279711,-0.03605012030052627,-0.4502530034062842,0.6122495608279294,-0.6732308906741707,2.7367132543402146,1.2100202793591173,0.9639967821000286,0.30235666668617645,-0.3111305816766547
Derrick White,Away,BOS,PHO,117,107,1,b572ed89-8e18-435a-927d-39da18d99e04,-0.06708520072273451,2.8176747130989384,-1.9506077109483526,-0.843472438978082,0.798509115158405,0.15536763927099603,0.5623251601134083,0.7127450874150896,-1.1613182942367177,0.7017050168017234,-0.2903052866331853,-0.38694287048984743
Jaylen Brown,Away,BOS,PHO,117,107,1,b572ed89-8e18-435a-927d-39da18d99e04,3.5377752281666863,1.358959535814447,0.67965905448099,0.807472907562404,-0.629505052696223,-0.5986909767389214,0.06182675778982133,0.6952682539159144,2.2208460492916133,1.8133060147052924,-0.293703604320226,-0.2099298821909361
Al Horford,Away,BOS,PHO,117,107,1,b572ed89-8e18-435a-927d-39da18d99e04,0.7873552976784923,1.182247901909908,0.1034266263494836,-0.0834837280152284,4.182911751298604,-1.3843899434052018,-0.6597394703849968,-0.24755113584016217,-1.1613182942367177,0.7682967925166785,-0.7827880512284731,-0.19076547806584782
Payton Pritchard,Away,BOS,PHO,117,107,1,b572ed89-8e18-435a-927d-39da18d99e04,0.30631968205730314,-0.9476829671152939,0.4378024430283601,1.0479764171022352,-0.8952871587953237,-0.663021076767795,0.4257766132261515,2.416437885538323,-1.1613182942367177,0.5017385610956064,0.6645268729808721,0.34895108510673456
Luke Kornet,Away,BOS,PHO,117,107,1,b572ed89-8e18-435a-927d-39da18d99e04,-0.1946979426704561,-1.3983326616745055,0.10133863453921274,-0.307092406750539,2.3349256282918605,-0.19051302064621453,1.653167209289879,1.7407270171883993,1.2100202793591173,0.658152041201741,0.6676952286996473,0.15101226409387752
Sam Hauser,Away,BOS,PHO,117,107,1,b572ed89-8e18-435a-927d-39da18d99e04,-0.7382117489345772,-1.927922455936432,0.090596735133907,-0.006912108877736721,-0.4256333792222848,0.855983838000509,-0.47054544577317686,-0.5148186343580328,-1.1613182942367177,0.16253167536507426,-0.19466379326758235,0.7098301457926903
JD Davison,Away,BOS,PHO,117,107,1,b572ed89-8e18-435a-927d-39da18d99e04,-2.1094847349332793,-1.927922455936432,0.090596735133907,-0.006912108877736721,-2.166822132096583,-0.33513729814777987,-0.018215572233182657,-2.9630728418802095,-1.1613182942367177,-1.437717470441994,-0.530229020763919,0.134075938847797
Jaden Springer,Away,BOS,PHO,117,107,1,b572ed89-8e18-435a-927d-39da18d99e04,-2.1094847349332793,-1.6631275588054688,0.09596768483655986,-0.15700225781413787,-2.297234119572163,-0.22767184530715368,0.025326222469798355,-2.9630728418802095,-1.1613182942367177,-1.789342761332983,-3.027803686470717,2.069909009775285
Oshae Brissett,Away,BOS,PHO,117,107,1,b572ed89-8e18-435a-927d-39da18d99e04,-2.1094847349332793,-1.927922455936432,0.090596735133907,-0.006912108877736721,-2.8472325015343922,0.2255520210207046,0.2089590088258487,-2.9630728418802095,-1.1613182942367177,-2.785607960803732,0.42394217074590557,0.22269250980171243
Svi Mykhailiuk,Away,BOS,PHO,117,107,1,b572ed89-8e18-435a-927d-39da18d99e04,-2.1094847349332793,-1.927922455936432,0.090596735133907,-0.006912108877736721,-2.8472325015343922,0.2255520210207046,0.2089590088258487,-2.9630728418802095,-1.1613182942367177,-2.785607960803732,0.42394217074590557,0.22269250980171243
Xavier Tillman Sr.,Away,BOS,PHO,117,107,1,b572ed89-8e18-435a-927d-39da18d99e04,-2.1094847349332793,-1.927922455936432,0.090596735133907,-0.006912108877736721,-2.8472325015343922,0.2255520210207046,0.2089590088258487,-2.9630728418802095,-1.1613182942367177,-2.785607960803732,0.42394217074590557,0.22269250980171243
Jayson Tatum,Away,BOS,POR,121,99,1,1f550a25-0012-4d23-8ded-ea667cf394f5,3.3667889559755753,0.9666211625557253,-2.268330232141089,0.49361299066157455,0.2498475999366637,-0.5202611137980494,-1.4067369137646302,0.14180541511259329,3.1006347672814076,2.1764314787447034,0.01698611953301828,0.6266107605034817
Derrick White,Away,BOS,POR,121,99,1,1f550a25-0012-4d23-8ded-ea667cf394f5,0.8928708819205307,2.009841110128945,0.12088847572305028,1.1034194866540725,1.888494184582887,2.1576840477162937,0.6289788707952935,-0.23378871662484985,-1.1613182942367177,1.2828841814003722,-0.0544965060315693,0.529729796034932
Jaylen Brown,Away,BOS,POR,121,99,1,1f550a25-0012-4d23-8ded-ea667cf394f5,4.080237894927281,1.1620904113298414,-1.093359441378616,1.0743512065106644,1.147833210866503,-1.1275492410997754,1.068218362552368,-0.0004376511069863382,-1.1613182942367177,2.123939371590415,-0.49762043258957445,0.2852434863419214
Al Horford,Away,BOS,POR,121,99,1,1f550a25-0012-4d23-8ded-ea667cf394f5,0.3479034733928058,0.15798326620665773,-0.5244893452209878,1.177009826141514,0.8454074838548216,2.7194667519295446,-0.6430925369955417,5.568408825275053,-1.1613182942367177,0.533999300003957,0.9430535646178093,-0.05466572566648257
Payton Pritchard,Away,BOS,POR,121,99,1,1f550a25-0012-4d23-8ded-ea667cf394f5,0.5643395880058224,0.591070623845756,-2.5546085938156247,1.025832683375906,2.140595881477783,-0.9166039609090282,-1.4034000661377166,0.4772126808081827,-1.1613182942367177,0.9675545986735008,0.1591519561491555,0.4655177417755733
Sam Hauser,Away,BOS,POR,121,99,1,1f550a25-0012-4d23-8ded-ea667cf394f5,3.5816441338868255,-0.7799166323422875,1.3864636692182397,1.6066683842220348,-0.8845350370757566,0.6522823170010408,-0.4086579915764084,2.9035002328433164,-1.1613182942367177,1.3661099344454353,1.1589856807399763,0.5595858119267031
Luke Kornet,Away,BOS,POR,121,99,1,1f550a25-0012-4d23-8ded-ea667cf394f5,-1.233403617882523,-0.20858506908595564,0.16844070693306623,-1.0306960479090819,1.9353308643895597,1.1007173902934988,2.1789152649235475,2.127009111226732,-1.1613182942367177,0.19075904452588044,0.3655576764074589,0.3158218523607781
Oshae Brissett,Away,BOS,POR,121,99,1,1f550a25-0012-4d23-8ded-ea667cf394f5,-1.5756680990119025,-0.772715736257568,-0.2806607285415606,-0.30147756890745203,2.835062862949199,-1.8614863020511185,2.3108643150259804,0.48900483882291257,1.3936113086393913,0.031131141276502,0.04326489498714978,0.9535728506080402
JD Davison,Away,BOS,POR,121,99,1,1f550a25-0012-4d23-8ded-ea667cf394f5,-1.3876976784968904,-1.6631275588054688,0.09596768483655986,-0.15700225781413787,1.9815692993672562,-1.3940667803546165,-1.7975821981384035,6.340099074344641,-1.1613182942367177,0.19614693722321647,1.8292951845034189,-1.8191892961318294
Neemias Queta,Away,BOS,POR,121,99,1,1f550a25-0012-4d23-8ded-ea667cf394f5,-1.994561660634443,-0.10310548208501571,-2.103978871381071,0.996702680624208,3.0137102141975833,4.384956710371882,7.183578908608823,-1.9073847641435508,2.765800575134056,1.0611514671895335,0.5544528064096528,-1.2253235561833802
Jaden Springer,Away,BOS,POR,121,99,1,1f550a25-0012-4d23-8ded-ea667cf394f5,-2.1094847349332793,0.3598755674620745,5.433827274582482,4.94677605052431,-2.5240375760514326,-0.04077540558432549,0.10105108282280881,-2.9630728418802095,-1.1613182942367177,-1.0579170798947686,1.3130527434029844,-0.9731387873807464
Xavier Tillman Sr.,Away,BOS,POR,121,99,1,1f550a25-0012-4d23-8ded-ea667cf394f5,-2.1094847349332793,-1.927922455936432,0.090596735133907,-0.006912108877736721,-2.8472325015343922,0.2255520210207046,0.2089590088258487,-2.9630728418802095,-1.1613182942367177,-2.785607960803732,0.42394217074590557,0.22269250980171243
Jrue Holiday,Away,BOS,UTA,123,107,1,a5d7fdbf-1ddf-4c83-9a76-873deaab4d20,1.6352626573784024,2.425968679502339,-0.9298202788221702,1.7282839975758526,0.6035737259155612,0.34280819672352714,-0.3251114619671928,1.079005948220614,1.0467297566462523,1.2031149346872274,0.1278577485366445,-0.14366387315709264
Derrick White,Away,BOS,UTA,123,107,1,a5d7fdbf-1ddf-4c83-9a76-873deaab4d20,4.3952135873505815,1.859726178343323,0.39620679648236323,-0.8882552156111213,1.685154355471086,2.561190112844014,-1.1688111225677176,1.5897192545252197,0.47327250811823196,1.7670408711330483,0.44571156848610166,0.34874744771164845
Sam Hauser,Away,BOS,UTA,123,107,1,a5d7fdbf-1ddf-4c83-9a76-873deaab4d20,2.495528911559443,0.06378022532943445,0.08830999582157106,0.5980597331557234,1.0391574313006264,1.377472835411021,-0.15505590711173456,0.9271304126758083,-1.1613182942367177,1.219677050376628,0.1853369325063667,0.6188321221612848
Jayson Tatum,Away,BOS,UTA,123,107,1,a5d7fdbf-1ddf-4c83-9a76-873deaab4d20,5.355376933734414,0.9319209474287046,-0.15832505771976518,-1.5459881785797092,1.3496543338590312,0.08439259803239654,0.2979854549107387,1.090000325863407,3.8082395608995148,2.275920783946856,-0.20790194016139807,-0.2112361976149964
Luke Kornet,Away,BOS,UTA,123,107,1,a5d7fdbf-1ddf-4c83-9a76-873deaab4d20,-0.5489058721066207,0.6335090584444835,-2.058591851822113,0.5500548045879842,3.4270160526846416,-0.4679304636648322,1.4470719673131953,0.6333826157277898,2.45161583580329,0.7873304778139576,0.5180440767356773,0.02696582083068736
Xavier Tillman Sr.,Away,BOS,UTA,123,107,1,a5d7fdbf-1ddf-4c83-9a76-873deaab4d20,-0.6692004195903284,-0.9892598357363459,0.43723404897795626,0.9998632810032271,2.671112733362968,-1.5961188305286496,1.6033172035478018,2.2802403952168575,-1.1613182942367177,0.5098249467027046,0.47327746565281176,0.6289126617168317
Payton Pritchard,Away,BOS,UTA,123,107,1,a5d7fdbf-1ddf-4c83-9a76-873deaab4d20,1.2145793568479757,-0.15223350873269967,-0.3464747248101706,-0.6373562742091146,-0.9942303845112281,-0.49224072107890177,-0.6538382997484078,-0.2213876372013106,1.0467297566462523,1.1069184148685174,-0.6426903503139694,1.2011986717094931
Oshae Brissett,Away,BOS,UTA,123,107,1,a5d7fdbf-1ddf-4c83-9a76-873deaab4d20,-1.8174576959163604,-1.513230483766015,-0.36327247373920835,0.17999302215777244,1.6105137637365163,-1.3656070031034038,0.6873934516022575,1.4277207017601947,1.9696484681371391,-0.5076578276224419,-0.49687037438356974,-0.25370042781315844
JD Davison,Away,BOS,UTA,123,107,1,a5d7fdbf-1ddf-4c83-9a76-873deaab4d20,-2.1094847349332793,-1.927922455936432,0.090596735133907,-0.006912108877736721,-2.121461440800729,-0.3725165860923455,-0.03336054430378475,-2.9630728418802095,-1.1613182942367177,-1.4173217291938813,-0.6369074283726794,0.3249688203233767
Jaden Springer,Away,BOS,UTA,123,107,1,a5d7fdbf-1ddf-4c83-9a76-873deaab4d20,-2.1094847349332793,-1.927922455936432,0.090596735133907,-0.006912108877736721,-2.121461440800729,-0.3725165860923455,-0.03336054430378475,-2.9630728418802095,-1.1613182942367177,-1.4041904942643422,-0.5436370051720105,0.2526762990024331
Svi Mykhailiuk,Away,BOS,UTA,123,107,1,a5d7fdbf-1ddf-4c83-9a76-873deaab4d20,-2.1094847349332793,-1.927922455936432,0.090596735133907,-0.006912108877736721,-2.121461440800729,-0.3725165860923455,-0.03336054430378475,-2.9630728418802095,-1.1613182942367177,-1.4106190792567277,-0.5743327201388816,0.27693886243975335
Neemias Queta,Away,BOS,UTA,123,107,1,a5d7fdbf-1ddf-4c83-9a76-873deaab4d20,-2.1094847349332793,-1.927922455936432,0.090596735133907,-0.006912108877736721,-2.8472325015343922,0.2255520210207046,0.2089590088258487,-2.9630728418802095,-1.1613182942367177,-2.785607960803732,0.42394217074590557,0.22269250980171243
Jaylen Brown,Home,BOS,PHO,127,112,1,ad507727-2097-455c-b0cf-28ed534fc9f8,5.430960238200576,1.269449999146928,0.40571187727255437,1.2422485099563723,0.24190691099790887,-0.5292269446388492,-1.3717547703605975,1.6661546868794317,2.03707790688871,2.1098752672373626,0.04279887406639126,-0.333231796066298
Derrick White,Home,BOS,PHO,127,112,1,ad507727-2097-455c-b0cf-28ed534fc9f8,1.9389023715343512,0.99073709908927,-0.2287376576781237,2.0383305222171417,2.11858110362399,0.1444677245143609,-1.0790357533900576,0.6328752053969149,-1.1613182942367177,1.1156140301189499,-0.0686461983558789,0.12251371937991286
Jayson Tatum,Home,BOS,PHO,127,112,1,ad507727-2097-455c-b0cf-28ed534fc9f8,3.6704675065521206,1.942792016290338,-0.9888897497215432,-1.3323432869119423,0.43062101714179435,-0.7648209566812807,-0.4419663971732641,1.3526394454285642,0.8642763856527551,2.210013549986816,0.5749206303806502,1.3841605730224753
Jrue Holiday,Home,BOS,PHO,127,112,1,ad507727-2097-455c-b0cf-28ed534fc9f8,0.4440526604598544,2.446277015384514,-1.7353022468972665,2.6149721697520927,-1.5278179825770262,1.6133057443274716,0.2802066666422111,3.094309323276161,-1.1613182942367177,1.1117033982814042,1.669187643870978,1.0087224913926491
Al Horford,Home,BOS,PHO,127,112,1,ad507727-2097-455c-b0cf-28ed534fc9f8,3.8114902824844985,1.5251118039091716,1.2572768163937138,2.0262080508049274,-0.12966790985356802,0.14035353596900063,1.2250998301579605,2.225300332935464,1.0137972142503804,1.5738414683086972,0.8323184924164764,0.12785015514387132
Sam Hauser,Home,BOS,PHO,127,112,1,ad507727-2097-455c-b0cf-28ed534fc9f8,0.27560234651873045,-0.599345116918008,0.09178917485494367,1.2084672945966257,0.16411386362865354,-0.6120825353153222,-1.2528018552604083,0.991934200565651,-1.1613182942367177,0.2973752288084644,-0.38262481086091,-0.2451341416172473
Payton Pritchard,Home,BOS,PHO,127,112,1,ad507727-2097-455c-b0cf-28ed534fc9f8,-1.253254497624166,1.7017099174026222,2.3230265839759863,-2.0410311630174354,-0.10416766385233178,-0.8494096004112172,0.22686190047454655,0.800751702863664,-1.1613182942367177,-0.00022188864462305201,-1.1303693628211346,0.0274783520404421
Xavier Tillman Sr.,Home,BOS,PHO,127,112,1,ad507727-2097-455c-b0cf-28ed534fc9f8,-0.7074944133960044,-0.7410275339726017,-0.3197777262413778,-0.28312454287449845,1.003608804563725,0.2520205106356023,0.13518564117228116,1.2964957414502543,-1.1613182942367177,-0.3973282841513411,-0.9886448754793578,-0.8845712443152147
Luke Kornet,Home,BOS,PHO,127,112,1,ad507727-2097-455c-b0cf-28ed534fc9f8,-1.7502361054799982,-0.4125029086340598,0.6802160137143768,1.318847911660496,-1.3042443610354144,-0.48207242154083574,-0.433202951007684,-0.152803949173363,-1.1613182942367177,-0.36089003448337714,-0.07388562207519493,0.30371883770281316
Oshae Brissett,Home,BOS,PHO,127,112,1,ad507727-2097-455c-b0cf-28ed534fc9f8,-2.1094847349332793,-1.927922455936432,0.090596735133907,-0.006912108877736721,-2.098781095152802,-0.3912062300646283,-0.040933030339085796,-2.9630728418802095,-1.1613182942367177,-1.3813182555207515,-0.6442312106609291,-0.02599108586559936
Svi Mykhailiuk,Home,BOS,PHO,127,112,1,ad507727-2097-455c-b0cf-28ed534fc9f8,-2.1094847349332793,-1.927922455936432,0.090596735133907,-0.006912108877736721,-2.8472325015343922,0.2255520210207046,0.2089590088258487,-2.9630728418802095,-1.1613182942367177,-2.785607960803732,0.42394217074590557,0.22269250980171243
Neemias Queta,Home,BOS,PHO,127,112,1,ad507727-2097-455c-b0cf-28ed534fc9f8,-2.1094847349332793,-1.927922455936432,0.090596735133907,-0.006912108877736721,-2.8472325015343922,0.2255520210207046,0.2089590088258487,-2.9630728418802095,-1.1613182942367177,-2.785607960803732,0.42394217074590557,0.22269250980171243
Jaden Springer,Home,BOS,PHO,127,112,1,ad507727-2097-455c-b0cf-28ed534fc9f8,-2.1094847349332793,-1.927922455936432,0.090596735133907,-0.006912108877736721,-2.8472325015343922,0.2255520210207046,0.2089590088258487,-2.9630728418802095,-1.1613182942367177,-2.785607960803732,0.42394217074590557,0.22269250980171243
Oshae Brissett,Away,BOS,WAS,130,104,1,679f7573-7fc7-4ce6-87ae-13f380952ec3,-0.9294643470416762,0.1551277577064972,-0.1193069907869592,-1.0019770300611137,0.25934332692513257,-1.1063941666459456,1.768447612242925,-0.5927700909702576,3.7448398786104713,0.8198327891284206,-0.05423614212121714,1.265141536168899
Jayson Tatum,Away,BOS,WAS,130,104,1,679f7573-7fc7-4ce6-87ae-13f380952ec3,4.553097002179673,3.37038475409013,0.023680328838943526,2.357627994033003,1.369281984458881,0.5632553651030205,-1.6015117987929304,1.556672085863669,4.336900348127579,2.392926312124304,1.617887192852171,0.5200732080403306
Sam Hauser,Away,BOS,WAS,130,104,1,679f7573-7fc7-4ce6-87ae-13f380952ec3,5.690650168556559,-0.5593040810729623,0.29061710170172617,0.969463069694353,1.357441494554961,-0.7072797804713076,-1.9323631568644772,4.215499667018702,-1.1613182942367177,1.4698266529709167,2.0740531527285753,-0.43721511463079304
Al Horford,Away,BOS,WAS,130,104,1,679f7573-7fc7-4ce6-87ae-13f380952ec3,0.6937496887991703,0.3059132863357495,-0.32414693765292846,-0.8983377669661344,0.406059819985085,-1.024546900142164,0.8977605412283433,2.4772537069503873,1.2100202793591173,0.8277912936267631,0.5554304377746623,0.6634190371492461
Jrue Holiday,Away,BOS,WAS,130,104,1,679f7573-7fc7-4ce6-87ae-13f380952ec3,-0.40789071611198235,2.186334297959265,0.7963733566925129,-1.1432320742113036,-0.9159667796055435,2.136836975376072,0.14211720706808023,0.371792650163657,-1.1613182942367177,0.8900099175971248,0.10378348880710293,1.081191234084112
Payton Pritchard,Away,BOS,WAS,130,104,1,679f7573-7fc7-4ce6-87ae-13f380952ec3,1.4877914157512984,3.2483771519978126,-3.334820929500259,1.846307486545429,0.45042609909886605,-0.860159907476252,0.4271741045973478,0.48689623809215316,-1.1613182942367177,1.4626230444371746,0.39838209442706035,0.6157178974788119
Svi Mykhailiuk,Away,BOS,WAS,130,104,1,679f7573-7fc7-4ce6-87ae-13f380952ec3,0.7053623639382004,-1.18092783753651,-0.7154374885927992,0.31918028550760225,0.8048004104966281,-0.6655577109024376,-1.625442053722613,1.5363361289866764,-1.1613182942367177,0.3907596699435932,-0.03706078223288081,0.18390596041887022
Luke Kornet,Away,BOS,WAS,130,104,1,679f7573-7fc7-4ce6-87ae-13f380952ec3,-0.18965724265333955,-0.6527808887423926,-0.037809835469037566,-0.641201912587552,2.668976657977123,1.1318609550245775,1.981906181210363,0.2918333474993694,2.2773477989584676,0.92195884087769,-0.055022507571267684,0.217884704026832
Jaden Springer,Away,BOS,WAS,130,104,1,679f7573-7fc7-4ce6-87ae-13f380952ec3,-1.4292814698323932,2.1550499131817085,2.8058805293678133,-2.5874863764740184,-0.6694128816843605,-0.7547372569804507,0.5754352238731965,-0.8203319781075099,-1.1613182942367177,-0.22368370931459142,-1.7256239924434822,0.045419709673947956
Xavier Tillman Sr.,Away,BOS,WAS,130,104,1,679f7573-7fc7-4ce6-87ae-13f380952ec3,-1.1874918729279353,0.5004026587829948,2.6057730901674074,0.9751498828798957,-0.24694130929182,0.787758183408372,0.9471934194084626,-0.871136011409618,0.7075166753920588,0.22341065264740256,-0.3863790570748455,0.5675037008967607
Neemias Queta,Away,BOS,WAS,130,104,1,679f7573-7fc7-4ce6-87ae-13f380952ec3,-2.1094847349332793,1.248436470367822,3.262291873923497,-4.460729402957304,0.0991753945993321,-0.7610992306002168,-1.0973853481176141,-2.9630728418802095,-1.1613182942367177,-0.8293614345135654,-0.8358762062546178,0.5339733770640797
Jaylen Brown,Away,BOS,WAS,130,104,1,679f7573-7fc7-4ce6-87ae-13f380952ec3,-2.1094847349332793,-1.927922455936432,0.090596735133907,-0.006912108877736721,-2.8472325015343922,0.2255520210207046,0.2089590088258487,-2.9630728418802095,-1.1613182942367177,-1.3656136771057312,-0.040146881234825064,-0.13035295097740038
Payton Pritchard,Home,BOS,DET,119,94,1,e3705d96-f363-4498-83a2-5ab8c1d2e28d,3.3817302650650287,1.537813752210209,-1.6625447337039183,-0.4255302328506425,-1.2161847233401466,-0.5158385863388345,0.3075802242643628,1.9994582230657185,1.0137972142503804,1.6702186451957934,0.6365576783171012,0.7421447592825836
Derrick White,Home,BOS,DET,119,94,1,e3705d96-f363-4498-83a2-5ab8c1d2e28d,4.373149902588967,3.7756472627797053,-1.3996201235737045,1.2835343007680933,2.5714499380108666,0.4806693332545178,-2.4720194486461295,0.8991039141523445,-1.1613182942367177,1.9704873886119822,0.5709057165722233,0.4291586856145868
Jaylen Brown,Home,BOS,DET,119,94,1,e3705d96-f363-4498-83a2-5ab8c1d2e28d,3.6638955314302066,1.7018493824513543,0.09875312371297666,-0.46738389907513916,1.1722398746636307,-0.5435777352454161,-1.9515327301804424,1.1419037780432704,3.1719886091391305,2.341069584111905,0.5313565048775251,0.8728102858326583
Luke Kornet,Home,BOS,DET,119,94,1,e3705d96-f363-4498-83a2-5ab8c1d2e28d,-1.3909874760267171,-0.4890067620821596,1.463382002881371,1.5197690606243335,4.413882429435599,1.5970666780787461,3.359684953442178,0.059378383749337536,-1.1613182942367177,0.3170555330412703,0.14528540250267774,0.35168432556731377
Kristaps PorziÅÄ£is,Home,BOS,DET,119,94,1,e3705d96-f363-4498-83a2-5ab8c1d2e28d,3.109223332621998,-0.32581518057636955,0.3865255401643623,0.8252740969811666,2.7978755453330773,0.3010869416655982,-1.2214677677230765,1.6549532636211808,0.48973877931616794,1.4154068212457958,0.8491906780577752,-0.016962161098741213
Svi Mykhailiuk,Home,BOS,DET,119,94,1,e3705d96-f363-4498-83a2-5ab8c1d2e28d,0.4986180561914005,0.6438576135042425,1.2478966749896971,1.299486163558726,-1.1764046071697367,-0.3603139211771728,-0.5923214745915929,-0.005524050317799682,-1.1613182942367177,0.7095163552311463,-0.09764621523355187,0.8279110558112015
Jaden Springer,Home,BOS,DET,119,94,1,e3705d96-f363-4498-83a2-5ab8c1d2e28d,-0.9746298726541638,0.08298129421135222,-1.4950830138342728,0.33775117160695756,1.1541637137767229,1.1717426513801186,3.3873670218708374,0.11391583378433277,1.3664498557395093,0.3987571992516226,0.38400489808798305,0.22907861106722313
Oshae Brissett,Home,BOS,DET,119,94,1,e3705d96-f363-4498-83a2-5ab8c1d2e28d,-0.8575016132730953,-1.6631275588054688,0.09596768483655986,-0.15700225781413787,0.4462141629073629,-1.0255958000911674,0.9042009613223951,-0.8804130432698505,-1.1613182942367177,0.045017161018133786,-1.3713186740829486,0.3009538852845707
Xavier Tillman Sr.,Home,BOS,DET,119,94,1,e3705d96-f363-4498-83a2-5ab8c1d2e28d,-1.6233695828743768,-1.5227369444515049,-0.35153737442926325,0.17448711434788636,0.7292382448743322,0.7853600839634591,-1.0928492797884661,0.2558852787960998,-1.1613182942367177,0.06285490590750513,0.5777261169031024,1.258263014182197
Jordan Walsh,Home,BOS,DET,119,94,1,e3705d96-f363-4498-83a2-5ab8c1d2e28d,-1.8174576959163604,0.7837407041313991,-3.1406913459814616,1.4570678995507256,1.3950296557403945,-1.6587312018323712,1.445384302481229,2.513929835968127,-1.1613182942367177,-0.4041064583300934,1.3702477762840437,-1.1276307391982239
Drew Peterson,Home,BOS,DET,119,94,1,e3705d96-f363-4498-83a2-5ab8c1d2e28d,-2.1094847349332793,-1.927922455936432,0.090596735133907,-0.006912108877736721,-2.8472325015343922,0.2255520210207046,0.2089590088258487,-2.9630728418802095,-1.1613182942367177,-2.785607960803732,0.42394217074590557,0.22269250980171243
Neemias Queta,Home,BOS,DET,119,94,1,e3705d96-f363-4498-83a2-5ab8c1d2e28d,-2.1094847349332793,-1.927922455936432,0.090596735133907,-0.006912108877736721,-2.8472325015343922,0.2255520210207046,0.2089590088258487,-2.9630728418802095,-1.1613182942367177,-2.785607960803732,0.42394217074590557,0.22269250980171243
Jayson Tatum,Home,BOS,MIL,122,119,1,60632d5f-29f9-47b9-aabf-3a4f873ec260,3.7199275128396243,2.4673762530061745,0.9019975278408835,1.4780766679038277,2.3704226620765305,1.4180228305324754,-1.9457418219889837,1.192539669245917,4.596628389447759,1.7886976209618155,-0.11638221935676395,-0.7726609188620748
Al Horford,Home,BOS,MIL,122,119,1,60632d5f-29f9-47b9-aabf-3a4f873ec260,-0.37388358304358293,2.098841248170916,0.8529452002635338,-1.3328781735467274,0.28369053943425143,0.32911159690971725,-0.11736064473243633,4.740590674243499,-1.1613182942367177,0.8956821067997027,0.510384999113954,0.6507520288634911
Derrick White,Home,BOS,MIL,122,119,1,60632d5f-29f9-47b9-aabf-3a4f873ec260,3.581936070633984,2.003772075898477,-2.637281438861848,0.3267704115861704,1.023770611634366,1.5015958714983249,-1.1297828390880758,1.2017121388988135,1.4843402677913007,1.111261133996859,-0.6620760235931937,-1.2059270749887017
Jaylen Brown,Home,BOS,MIL,122,119,1,60632d5f-29f9-47b9-aabf-3a4f873ec260,1.694835280182996,0.541836362196576,0.2772152910861721,0.030507919426805554,2.257835908395563,-1.4133282804316254,1.2621038561554705,0.5616461737042561,4.100499524337808,1.2856569266957485,-0.9400893183530559,-0.47863587588178225
Kristaps PorziÅÄ£is,Home,BOS,MIL,122,119,1,60632d5f-29f9-47b9-aabf-3a4f873ec260,1.1877334358723342,0.5836258124358111,-0.24131655180750938,-1.204550826920553,-0.1168403000748445,-1.1679859606914915,2.0472534153723445,-0.45416342777081714,2.612783733752373,1.097577920929932,-1.83461779051507,-0.5360838433349762
Payton Pritchard,Home,BOS,MIL,122,119,1,60632d5f-29f9-47b9-aabf-3a4f873ec260,2.732990554844816,0.23665862313706482,-0.6999101902483567,-0.5251897748404015,1.3158710694343791,-1.0836364509931042,0.05344973822696171,2.5901168573778235,-1.1613182942367177,0.8642397149518614,-0.04737987215269558,-0.5244888405726037
Xavier Tillman Sr.,Home,BOS,MIL,122,119,1,60632d5f-29f9-47b9-aabf-3a4f873ec260,-1.7213085088493119,1.1531164977772492,1.1997138819767283,-0.28801080351415387,0.44263743402662825,-1.0323891202751179,0.10123034531800099,-1.7899769454532268,-1.1613182942367177,-0.4713111268110306,-0.8402189253914439,-0.2723199392762338
Luke Kornet,Home,BOS,MIL,122,119,1,60632d5f-29f9-47b9-aabf-3a4f873ec260,-2.042263144496917,-1.927922455936432,0.090596735133907,-0.006912108877736721,-2.076100749504875,-0.4098958740369111,-0.04850551637438683,-2.9630728418802095,-1.1613182942367177,-0.671783467975673,-0.5381448415791735,0.8595293998906229
Svi Mykhailiuk,Home,BOS,MIL,122,119,1,60632d5f-29f9-47b9-aabf-3a4f873ec260,-1.3876976784968904,-1.927922455936432,0.090596735133907,-0.006912108877736721,-2.076100749504875,-0.4098958740369111,-0.04850551637438683,6.340099074344641,-1.1613182942367177,-0.3807163398709202,0.936549342068557,0.015775104899241773
Oshae Brissett,Home,BOS,MIL,122,119,1,60632d5f-29f9-47b9-aabf-3a4f873ec260,-2.1094847349332793,-1.927922455936432,0.090596735133907,-0.006912108877736721,-2.8472325015343922,0.2255520210207046,0.2089590088258487,-2.9630728418802095,-1.1613182942367177,-2.785607960803732,0.42394217074590557,0.22269250980171243
Drew Peterson,Home,BOS,MIL,122,119,1,60632d5f-29f9-47b9-aabf-3a4f873ec260,-2.1094847349332793,-1.927922455936432,0.090596735133907,-0.006912108877736721,-2.8472325015343922,0.2255520210207046,0.2089590088258487,-2.9630728418802095,-1.1613182942367177,-2.785607960803732,0.42394217074590557,0.22269250980171243
Jaden Springer,Home,BOS,MIL,122,119,1,60632d5f-29f9-47b9-aabf-3a4f873ec260,-2.1094847349332793,-1.927922455936432,0.090596735133907,-0.006912108877736721,-2.8472325015343922,0.2255520210207046,0.2089590088258487,-2.9630728418802095,-1.1613182942367177,-2.785607960803732,0.42394217074590557,0.22269250980171243
Payton Pritchard,Away,BOS,DET,129,102,1,a25c524e-377e-4588-8e72-90a72d15fb7e,3.050655392962594,1.8150236222664557,-2.4247545282678966,0.17803489208102036,-1.212619498066906,-0.38505051084834935,-0.5781519349154216,1.457870230320411,-1.1613182942367177,1.514076464254107,0.34069135254079713,0.5372494040120929
Derrick White,Away,BOS,DET,129,102,1,a25c524e-377e-4588-8e72-90a72d15fb7e,1.528215798031567,2.078407033611857,-3.0283958769513166,0.5818444197024482,2.3592205428829645,0.0419883571075967,-0.31826231036721925,0.16538082788520528,4.319501646774302,1.8756988493962266,0.7307713052891158,1.058637761795116
Jaylen Brown,Away,BOS,DET,129,102,1,a25c524e-377e-4588-8e72-90a72d15fb7e,4.204614915641252,2.4230869738513623,3.377735620945056,0.98706037064575,-0.17060551814351865,-0.4420931560650583,-1.1783922648066478,1.5206477075455602,2.268872673618927,1.9785280032258485,0.004193369892752896,-0.13875126726343265
Kristaps PorziÅÄ£is,Away,BOS,DET,129,102,1,a25c524e-377e-4588-8e72-90a72d15fb7e,1.9825678385248986,1.5278483680127588,1.8080329169161418,1.9371956703794648,0.9302739800305438,1.4752312837409636,1.256471231841918,0.6535222757914685,1.520410898763287,1.6917850563928303,0.6589874898436082,0.9979408518641749
Xavier Tillman Sr.,Away,BOS,DET,129,102,1,a25c524e-377e-4588-8e72-90a72d15fb7e,-1.6233695828743768,-0.4536325378492546,1.2046061303530207,-1.8207138481403073,0.6947234145359574,-1.1281661429051772,0.9372692644110401,0.09986885752940827,-1.1613182942367177,-0.3660056092789248,-0.9190017408894069,-0.10083713964685566
Sam Hauser,Away,BOS,DET,129,102,1,a25c524e-377e-4588-8e72-90a72d15fb7e,2.5627505019958052,-0.6957544537236151,0.4331099462808567,0.8784179566245683,0.2658174684792094,-0.5899695312763564,-1.355972730385627,0.5663880905358463,-1.1613182942367177,1.2478001068387894,0.011928968556069397,0.7849908238694918
Oshae Brissett,Away,BOS,DET,129,102,1,a25c524e-377e-4588-8e72-90a72d15fb7e,-1.0479691556174977,-1.2864614293770111,-0.31096112679677496,0.007879241981826997,-0.42937750014768256,0.8739817142454142,-0.4817658161008609,4.427677596947441,1.3936113086393913,0.27051235638111265,0.902775539323822,0.9576548167838924
Luke Kornet,Away,BOS,DET,129,102,1,a25c524e-377e-4588-8e72-90a72d15fb7e,-1.702534621617524,0.16220179992376793,-1.5928755080838157,0.38363373668934164,0.5103681585662059,0.5801725580924824,0.4193264494029812,0.08655626770411742,1.3936113086393913,-0.29260456218961456,-0.13123925601691555,-0.47704684864973795
Svi Mykhailiuk,Away,BOS,DET,129,102,1,a25c524e-377e-4588-8e72-90a72d15fb7e,-1.7697562120538863,-1.5195681242230081,-0.355449074199245,0.17632241695118175,-0.5963745415669118,-0.5599344006706533,-0.8396558965907349,2.549563633325684,1.7645026078897117,-0.22225197864591534,0.31831489988160766,0.7090538166401747
Neemias Queta,Away,BOS,DET,129,102,1,a25c524e-377e-4588-8e72-90a72d15fb7e,-1.4777291730369677,3.2356467097770243,-0.6724946827903829,5.268112193751233,3.7100876421381446,-2.552035491783195,2.3690170426907664,2.143396403316717,1.3936113086393913,1.7201566832234128,3.754393824411586,-3.3024899285373155
JD Davison,Away,BOS,DET,129,102,1,a25c524e-377e-4588-8e72-90a72d15fb7e,-1.3876976784968904,0.08068609116778888,-2.3308574580400108,1.103150231615339,-2.200842650568473,-0.30710283218935563,-0.006856843180231087,6.202804623629952,-1.1613182942367177,-0.03272460080915323,2.072016214395275,-1.4262736294438205
Jordan Walsh,Away,BOS,DET,129,102,1,a25c524e-377e-4588-8e72-90a72d15fb7e,-1.6233695828743768,-1.6631275588054688,0.09596768483655986,-0.15700225781413787,-2.206512736980455,-0.30243042119628494,-0.004963721671405827,0.04370294587339928,-1.1613182942367177,0.3173313737897361,-1.1678103712537917,0.7805714743418645
Jaden Springer,Away,BOS,DET,129,102,1,a25c524e-377e-4588-8e72-90a72d15fb7e,-2.1094847349332793,-1.927922455936432,0.090596735133907,-0.006912108877736721,-2.200842650568473,-0.30710283218935563,-0.006856843180231087,-2.9630728418802095,-1.1613182942367177,-1.1531463579409984,-0.16002202772822893,0.6080425175991819
Derrick White,Away,BOS,CHI,124,113,1,20776417-5be4-4714-bf57-c215374fa08f,2.5800654234874614,1.2009627916961676,-0.8939350466869499,0.7408343984001321,-0.5778134744109908,-0.5105429974425211,-0.9135949420024057,0.8540724900615676,0.9287692811780043,1.3492794490343225,-0.2518188998519095,0.19792842830794743
Jayson Tatum,Away,BOS,CHI,124,113,1,20776417-5be4-4714-bf57-c215374fa08f,2.9088551812052588,2.9954272503458026,-0.30912172876007626,-1.0448212473460865,-0.6942469674428924,0.35486885058812606,0.47831905040272676,0.2414136309208979,4.054669118340832,1.9825290119005994,-0.789252961784598,-0.015659566790140873
Sam Hauser,Away,BOS,CHI,124,113,1,20776417-5be4-4714-bf57-c215374fa08f,3.429139812180345,0.7426291385698853,1.7506188626670365,0.337796518200219,0.745614971899975,-0.8416918782935355,-0.5894692722184175,4.579453593511305,-1.1613182942367177,1.0548420502111318,0.8711743551365905,-0.5417004016390333
Al Horford,Away,BOS,CHI,124,113,1,20776417-5be4-4714-bf57-c215374fa08f,3.6430399685433748,-0.3281830449243056,0.21784053345100612,-1.1213921510640077,2.615891725431403,-1.2662436496795204,-0.5354468975069309,1.442127662798153,0.9890978074534763,1.4965595130365907,-0.14443537003493484,0.1380308996937891
Luke Kornet,Away,BOS,CHI,124,113,1,20776417-5be4-4714-bf57-c215374fa08f,-0.874154988429242,0.6724060796454013,-0.656026878879844,-0.7827138246518278,6.400744665759774,-0.0277246890748014,1.3032660398841474,1.368604045593119,-1.1613182942367177,0.44990103354539146,0.0853643238030354,-0.3504668692339435
Payton Pritchard,Away,BOS,CHI,124,113,1,20776417-5be4-4714-bf57-c215374fa08f,1.398513760491061,1.404422319533169,-1.882865701675993,1.6617868095989856,-0.4850082395182625,-0.5374669677861937,-0.9521352948194843,0.5691703844700433,1.5598106774485072,1.4123818660549206,0.40297010020095475,0.7427758864392033
Oshae Brissett,Away,BOS,CHI,124,113,1,20776417-5be4-4714-bf57-c215374fa08f,-0.8036436004630529,-0.6654342285269417,0.9485522822025717,-1.492196170404459,1.3167217944141087,-1.6688760756774101,2.505233773853275,4.153892910892656,-1.1613182942367177,-0.019087432192465635,0.05267892113693812,-0.12087473140828779
Xavier Tillman Sr.,Away,BOS,CHI,124,113,1,20776417-5be4-4714-bf57-c215374fa08f,-1.6233695828743768,-0.573900355727911,-1.1325301140481714,0.36730281772710005,0.12981221592991585,-0.8250319740665217,-1.133347349720253,0.38693907266012073,-1.1613182942367177,-0.5148444436055969,-0.27002921583740325,-0.2150920582962571
Svi Mykhailiuk,Away,BOS,CHI,124,113,1,20776417-5be4-4714-bf57-c215374fa08f,-0.8054333393709394,-1.6631275588054688,0.09596768483655986,-0.15700225781413787,-0.8166196332229998,-0.6519879290665362,-0.6592527512221181,0.006957263383535635,-1.1613182942367177,-0.09373074898496732,-1.1326630940297384,0.3554853364774341
Jaden Springer,Away,BOS,CHI,124,113,1,20776417-5be4-4714-bf57-c215374fa08f,-2.1094847349332793,-1.927922455936432,0.090596735133907,-0.006912108877736721,-2.110121267976765,-0.3818614080784869,-0.037146787321435275,-2.9630728418802095,-1.1613182942367177,-1.4146737615288612,-0.40857278532637675,0.15458080801475815
JD Davison,Away,BOS,CHI,124,113,1,20776417-5be4-4714-bf57-c215374fa08f,-2.1094847349332793,-1.927922455936432,0.090596735133907,-0.006912108877736721,-2.8472325015343922,0.2255520210207046,0.2089590088258487,-2.9630728418802095,-1.1613182942367177,-2.785607960803732,0.42394217074590557,0.22269250980171243
Neemias Queta,Away,BOS,CHI,124,113,1,20776417-5be4-4714-bf57-c215374fa08f,-2.1094847349332793,-1.927922455936432,0.090596735133907,-0.006912108877736721,-2.8472325015343922,0.2255520210207046,0.2089590088258487,-2.9630728418802095,-1.1613182942367177,-2.785607960803732,0.42394217074590557,0.22269250980171243
Jordan Walsh,Away,BOS,CHI,124,113,1,20776417-5be4-4714-bf57-c215374fa08f,-2.1094847349332793,-1.927922455936432,0.090596735133907,-0.006912108877736721,-2.8472325015343922,0.2255520210207046,0.2089590088258487,-2.9630728418802095,-1.1613182942367177,-2.785607960803732,0.42394217074590557,0.22269250980171243
Jayson Tatum,Away,BOS,ATL,118,120,0,e0b761ba-9131-454b-8d46-9dfc8391f73c,4.483913450588688,1.883928851137746,-0.029898796903721023,1.0559004591367824,2.1432552283987953,0.025752014716691588,-0.26302674561786166,0.633887995260272,4.5560606018044885,2.164971992551397,-0.21954667000303624,-0.7209046809035479
Jaylen Brown,Away,BOS,ATL,118,120,0,e0b761ba-9131-454b-8d46-9dfc8391f73c,3.206700356064251,0.753754781857168,1.193096683596034,0.6997449433906944,0.032703473360872114,-0.8960424100758001,0.6627358150172686,0.3140154709028868,0.8897154110856156,1.4870721319732585,-1.0741174422378748,-0.458332785864824
Al Horford,Away,BOS,ATL,118,120,0,e0b761ba-9131-454b-8d46-9dfc8391f73c,-0.542333896984707,0.2660210239586075,0.7148874961914341,-0.15176344921005258,2.6873611985647,0.13399203482945352,-1.4393483463606376,1.5179694399610706,-1.1613182942367177,0.3098731014001791,-0.7451520070382825,-0.6180539659141403
Kristaps PorziÅÄ£is,Away,BOS,ATL,118,120,0,e0b761ba-9131-454b-8d46-9dfc8391f73c,1.3110182242009707,0.9946203732097597,0.2194352202370251,-1.9065022147433717,1.939050310232895,1.6709040883984645,3.7228859753225763,0.47282538856243583,1.0137972142503804,0.9354113489827063,-1.201496410714291,-0.7717561704685313
Sam Hauser,Away,BOS,ATL,118,120,0,e0b761ba-9131-454b-8d46-9dfc8391f73c,0.8867942822753678,-0.21115437838661402,1.5045266445642633,1.4012743243572818,1.4169199141606241,1.5097556982783809,-0.08811568997243945,-0.376144074416354,-1.1613182942367177,0.3019834326316861,-1.1447855532477385,-0.6216400256948502
Payton Pritchard,Away,BOS,ATL,118,120,0,e0b761ba-9131-454b-8d46-9dfc8391f73c,1.208038598208919,0.9553427196883859,-2.123631497979131,0.4330001025108995,0.7515491883209711,-0.8854399459512802,-0.5373991139824138,0.9110467975536426,-0.5455744573475815,0.6396915057795874,-0.699705131807509,-0.8270656016424687
Svi Mykhailiuk,Away,BOS,ATL,118,120,0,e0b761ba-9131-454b-8d46-9dfc8391f73c,-0.6659106220605017,-0.271899909720619,-1.7795318615830618,0.7923926226571877,-2.053420403856948,-0.4285855180091939,-0.05607800240968789,6.171601339376614,-1.1613182942367177,-0.3834535852812086,0.803393790002511,-1.038772622781267
Oshae Brissett,Away,BOS,ATL,118,120,0,e0b761ba-9131-454b-8d46-9dfc8391f73c,-2.1094847349332793,-0.6879778839537896,-0.9917089223288297,0.30123192400846704,-1.110282701760446,-0.5909903515951168,-0.5163382651065405,-1.5714063641813205,-1.1613182942367177,-0.6231390098799278,0.40412471017050433,0.7668319056606033
Luke Kornet,Away,BOS,ATL,118,120,0,e0b761ba-9131-454b-8d46-9dfc8391f73c,-1.5254306568994418,-1.927922455936432,0.090596735133907,-0.006912108877736721,-2.053420403856948,-0.4285855180091939,-0.05607800240968789,2.3579134147014353,-1.1613182942367177,-0.43360708552359173,-0.08216635798364877,0.08685367024393455
Jaden Springer,Away,BOS,ATL,118,120,0,e0b761ba-9131-454b-8d46-9dfc8391f73c,-1.6233695828743768,-1.3983326616745055,0.10133863453921274,-0.307092406750539,-0.35364680638140095,1.7212561452662907,-0.028515556888030754,0.13107214178274657,-1.1613182942367177,-0.6326701633537258,-0.7216578429201178,-0.21924627029089466
JD Davison,Away,BOS,ATL,118,120,0,e0b761ba-9131-454b-8d46-9dfc8391f73c,-2.1094847349332793,-1.927922455936432,0.090596735133907,-0.006912108877736721,-2.8472325015343922,0.2255520210207046,0.2089590088258487,-2.9630728418802095,-1.1613182942367177,-2.785607960803732,0.42394217074590557,0.22269250980171243
Derrick White,Away,BOS,ATL,118,120,0,e0b761ba-9131-454b-8d46-9dfc8391f73c,-2.1094847349332793,-1.927922455936432,0.090596735133907,-0.006912108877736721,-2.8472325015343922,0.2255520210207046,0.2089590088258487,-2.9630728418802095,-1.1613182942367177,-1.3656136771057312,-0.040146881234825064,-0.13035295097740038
Jayson Tatum,Away,BOS,ATL,122,123,0,8cb08842-c6e8-4668-a3a2-a2ee42738eab,3.4112082622459625,1.5415812881478541,-1.3787381162824102,-0.6997435863255885,3.7851491339747874,-1.168191294656284,-0.7988275773450868,0.32602736169942204,5.66870439724957,1.6865545259417065,-1.3264304073202002,-1.3689516550022827
Derrick White,Away,BOS,ATL,122,123,0,8cb08842-c6e8-4668-a3a2-a2ee42738eab,2.7517644420766034,2.565533220435966,-0.030538379105674328,-0.941646487800561,1.2027342448137008,-0.8987912235961325,-0.11254348798650156,3.0245655358578487,0.5171825646460613,1.2381907989946308,-0.047477281783280305,-0.48481807437536334
Kristaps PorziÅÄ£is,Away,BOS,ATL,122,123,0,8cb08842-c6e8-4668-a3a2-a2ee42738eab,2.622646278030414,1.430940441585127,0.6659403508105173,-0.9768919464116773,2.126713918798285,2.065266467095359,0.3590514483296299,0.02083080759070125,0.8409491681223458,1.4970673635125389,-1.2408209035879054,-0.5563462166326816
Jaylen Brown,Away,BOS,ATL,122,123,0,8cb08842-c6e8-4668-a3a2-a2ee42738eab,1.437130907526752,2.7252949530241892,0.6442095987021744,-0.036253332767426295,-1.0786058288462557,1.6348495698355832,0.03548282470232153,-0.08059844273621904,-1.1613182942367177,1.5689361279481349,-0.4048473564083852,0.22906604308466433
Jrue Holiday,Away,BOS,ATL,122,123,0,8cb08842-c6e8-4668-a3a2-a2ee42738eab,1.4238596228447624,0.4514956583930114,-0.9325549449551304,1.245665053739463,1.517607598824601,0.2629797641002835,-0.8158626966910244,1.150708651300206,-1.1613182942367177,0.8155535409549097,-0.3208528199530662,-0.6328385150042438
Sam Hauser,Away,BOS,ATL,122,123,0,8cb08842-c6e8-4668-a3a2-a2ee42738eab,0.08151423347674673,-0.504609788463626,-1.1600240479932802,0.35415996500341507,-0.9691740995077328,-0.5049635646301928,-0.6494695714912517,1.5703650646767318,-1.1613182942367177,0.2555258331455068,-0.0902468077816902,-0.20300127331780798
Payton Pritchard,Away,BOS,ATL,122,123,0,8cb08842-c6e8-4668-a3a2-a2ee42738eab,-1.4607450247130662,0.6728503715956549,0.7869152830414813,0.033507534192014216,-1.5191025005422603,-0.42985745289088373,-0.3538790980339758,-0.47916158900597733,1.7328243898935847,-0.3355782159482525,-1.202878716025615,-0.8668924193706311
Luke Kornet,Away,BOS,ATL,122,123,0,8cb08842-c6e8-4668-a3a2-a2ee42738eab,-1.7220547281914123,-1.2004940770055172,1.1588710829438853,1.171124236537009,0.32529856214627983,-1.0026760790800617,0.3059659533328137,2.615479643334697,3.561952682130973,-0.3959096181258033,0.17902294156876825,-0.21317453762669183
Xavier Tillman Sr.,Away,BOS,ATL,122,123,0,8cb08842-c6e8-4668-a3a2-a2ee42738eab,-1.4292814698323932,-1.2312054834298152,-0.7114137532675809,0.3433349538510595,-0.010858429701370348,-0.769743284110048,-1.0211578748260117,-0.558224390379468,-1.1613182942367177,-0.14504405514131635,-0.4181261695247652,0.33210151297228774
Oshae Brissett,Away,BOS,ATL,122,123,0,8cb08842-c6e8-4668-a3a2-a2ee42738eab,-2.1094847349332793,-1.927922455936432,0.090596735133907,-0.006912108877736721,-2.8472325015343922,0.2255520210207046,0.2089590088258487,-2.9630728418802095,-1.1613182942367177,-2.785607960803732,0.42394217074590557,0.22269250980171243
Al Horford,Away,BOS,ATL,122,123,0,8cb08842-c6e8-4668-a3a2-a2ee42738eab,-2.1094847349332793,-1.927922455936432,0.090596735133907,-0.006912108877736721,-2.8472325015343922,0.2255520210207046,0.2089590088258487,-2.9630728418802095,-1.1613182942367177,-1.3656136771057312,-0.040146881234825064,-0.13035295097740038
Svi Mykhailiuk,Away,BOS,ATL,122,123,0,8cb08842-c6e8-4668-a3a2-a2ee42738eab,-2.1094847349332793,-1.927922455936432,0.090596735133907,-0.006912108877736721,-2.8472325015343922,0.2255520210207046,0.2089590088258487,-2.9630728418802095,-1.1613182942367177,-2.785607960803732,0.42394217074590557,0.22269250980171243
Jayson Tatum,Away,BOS,NOP,104,92,1,a628cf6f-deac-4b32-8228-df10031ed723,2.9512164083657186,1.6912782397322075,-0.5263671368117705,-1.6762832803135796,1.9537594767886326,-0.7421818305140183,-1.3933344850453702,1.2583896115858124,-1.1613182942367177,1.7146173664308502,-0.1420210329549251,-0.03719587163019177
Jrue Holiday,Away,BOS,NOP,104,92,1,a628cf6f-deac-4b32-8228-df10031ed723,1.3566380324084002,3.6615105183097723,-0.08673008329516015,0.2453430178837142,1.7877407564258925,0.38859075993262054,-0.9477011514428563,1.300148745946488,-1.1613182942367177,1.2152167689991715,0.2551718887336633,-0.13663614846840913
Jaylen Brown,Away,BOS,NOP,104,92,1,a628cf6f-deac-4b32-8228-df10031ed723,1.8264429461208362,2.1401531386283414,-0.889128494667436,0.19470058557354597,1.5136895670615307,0.2030591518191033,0.2072588071170021,0.7026177274757596,0.9890978074534763,1.4702874343584136,-0.3001910569853515,-0.3099443483514324
Derrick White,Away,BOS,NOP,104,92,1,a628cf6f-deac-4b32-8228-df10031ed723,1.5116859323026075,-0.6345314178319877,-0.9996443574240297,0.27891255826830524,-0.6540932957170345,-0.6064226528912656,0.15503910138190594,1.930602563590481,1.1222001663034589,0.9403160156481513,0.26060470705676486,0.057950960744696606
Kristaps PorziÅÄ£is,Away,BOS,NOP,104,92,1,a628cf6f-deac-4b32-8228-df10031ed723,1.5307517562815536,2.3322568166015087,0.7916983222687861,0.3578263203969595,3.7076726820463555,3.8616116784311845,-1.8431882624672264,0.25155489200713943,3.1072865754542405,1.6883516175845836,0.3514096505961862,0.06622555064368954
Al Horford,Away,BOS,NOP,104,92,1,a628cf6f-deac-4b32-8228-df10031ed723,-0.0562187449258046,-0.3893756777979771,0.03510779299687032,0.9665414957637827,0.9513606555666496,0.6321027568418306,-1.3958767264269563,1.1520316584255101,-1.1613182942367177,0.6576475956102231,0.21214685642104977,0.07069761182942243
Payton Pritchard,Away,BOS,NOP,104,92,1,a628cf6f-deac-4b32-8228-df10031ed723,-1.4292814698323932,-0.6654342285269417,0.9485522822025717,-1.492196170404459,0.011769230971431023,-1.0796148819887121,1.5833971921962826,-0.5956683314834741,-1.1613182942367177,-0.11971444262430171,-0.7690925792092144,0.39345717558208587
Sam Hauser,Away,BOS,NOP,104,92,1,a628cf6f-deac-4b32-8228-df10031ed723,-0.9995214524129231,-0.43564016436002573,0.5790466844538333,1.2453652877970078,-0.10118403906636639,-0.5706340300119802,-1.0508238854182674,0.7360637930448157,-1.1613182942367177,-0.24202062713448885,-0.09550608515992577,-0.30767054183096776
Xavier Tillman Sr.,Away,BOS,NOP,104,92,1,a628cf6f-deac-4b32-8228-df10031ed723,-1.6353130311811617,-1.316763629599224,-0.6057978594780746,0.29378178356208484,-0.30681723941138644,-0.9553283502255859,0.9213368234003466,-0.8629352375085892,0.9366722828966678,0.0892677443583662,-0.20839312331595725,0.3427509737657279
Oshae Brissett,Away,BOS,NOP,104,92,1,a628cf6f-deac-4b32-8228-df10031ed723,-2.1094847349332793,-1.927922455936432,0.090596735133907,-0.006912108877736721,-2.8472325015343922,0.2255520210207046,0.2089590088258487,-2.9630728418802095,-1.1613182942367177,-2.785607960803732,0.42394217074590557,0.22269250980171243
Luke Kornet,Away,BOS,NOP,104,92,1,a628cf6f-deac-4b32-8228-df10031ed723,-2.1094847349332793,-1.927922455936432,0.090596735133907,-0.006912108877736721,-2.8472325015343922,0.2255520210207046,0.2089590088258487,-2.9630728418802095,-1.1613182942367177,-2.785607960803732,0.42394217074590557,0.22269250980171243
Svi Mykhailiuk,Away,BOS,NOP,104,92,1,a628cf6f-deac-4b32-8228-df10031ed723,-2.1094847349332793,-1.927922455936432,0.090596735133907,-0.006912108877736721,-2.8472325015343922,0.2255520210207046,0.2089590088258487,-2.9630728418802095,-1.1613182942367177,-2.785607960803732,0.42394217074590557,0.22269250980171243
Derrick White,Away,BOS,CHO,118,104,1,a45a9d9a-8d96-42be-8b4a-70bff6058100,3.0004179508501334,1.4648568162444724,-1.0427851578979124,-0.9518342672203952,2.4991998485215188,0.07144765344796274,-0.435807441563295,1.112960695612048,0.4842500222501893,1.5339840928989492,0.18085413728758248,0.3936480376104279
Jayson Tatum,Away,BOS,CHO,118,104,1,a45a9d9a-8d96-42be-8b4a-70bff6058100,3.8143181774816437,2.9262494264223537,0.7544398631546668,-0.2105006785879673,2.7294894166261487,0.4368008350337883,-2.481092997703114,0.8817794519392042,1.4596408609943967,2.003520308500513,0.22888907057039867,0.2926065512069695
Jrue Holiday,Away,BOS,CHO,118,104,1,a45a9d9a-8d96-42be-8b4a-70bff6058100,-0.13030961070776637,-0.2065527310898221,-0.21083568344540587,-0.728612629305569,0.3977210244766286,-0.7223712255551773,-0.44776727524969484,-1.7786376391119412,-1.1613182942367177,0.754467757280368,-1.3032399626888795,0.8921667290331441
Kristaps PorziÅÄ£is,Away,BOS,CHO,118,104,1,a45a9d9a-8d96-42be-8b4a-70bff6058100,0.9289673105817146,0.572224050029273,-1.4175956774404799,-0.05783020229301249,1.8177080124050446,0.10766501285954756,0.13681678771475111,1.3741377771201628,4.0938773622769755,1.2975114390664975,0.5512790190288189,-0.05731277682644794
Al Horford,Away,BOS,CHO,118,104,1,a45a9d9a-8d96-42be-8b4a-70bff6058100,1.648665071425319,-0.7725735058230858,-1.1614832979259513,0.5024148113365208,0.8854086910678115,-1.2234498887864331,1.5998780694307888,1.6446704082371602,-1.1613182942367177,0.9051626128769132,0.36245397846712724,-0.16510181768712895
Payton Pritchard,Away,BOS,CHO,118,104,1,a45a9d9a-8d96-42be-8b4a-70bff6058100,-0.4093496818521141,1.4472009534723556,-1.2266264412517431,-0.7006076247782698,-0.5242519435033756,-0.6639087638144285,0.11296795201822385,-0.04675466251716482,0.4138681723622005,0.5833249368169113,-0.5300082699678655,0.3827406175004745
Sam Hauser,Away,BOS,CHO,118,104,1,a45a9d9a-8d96-42be-8b4a-70bff6058100,4.303431190323215,-0.8574164715321955,0.401710716014497,-0.933796387838248,0.6611501311991419,-0.814228248184379,-0.4547554657657957,3.0076546942883895,-1.1613182942367177,1.2124111172009857,0.6593707577504225,-0.6183052093937795
Luke Kornet,Away,BOS,CHO,118,104,1,a45a9d9a-8d96-42be-8b4a-70bff6058100,-1.5254306568994418,-0.6940974210339955,0.565852335211217,1.3991260419399996,0.9493127096552447,-1.0420289965612544,-0.07638162166665814,2.4452826106107826,-1.1613182942367177,-0.3934113024780886,0.2974876880214989,-0.5364107872972514
Oshae Brissett,Away,BOS,CHO,118,104,1,a45a9d9a-8d96-42be-8b4a-70bff6058100,-1.8676951380288216,-1.0129803654261889,-0.92275757640183,0.41645132348225633,-0.6488181574582677,-0.5632030719410338,-0.7784334921011571,-1.1524128767113018,2.765800575134056,-0.32131077590966295,0.06695220521924128,0.4356622559236691
Xavier Tillman Sr.,Away,BOS,CHO,118,104,1,a45a9d9a-8d96-42be-8b4a-70bff6058100,-2.1094847349332793,-0.7002296871051352,-1.034625584243392,0.3474102235914686,-0.504777950772946,-0.7022744788010865,-0.7474345083929494,-1.4403525703172997,-1.1613182942367177,-1.2278380304437777,-0.16979463976590664,-0.2969672101275789
Svi Mykhailiuk,Away,BOS,CHO,118,104,1,a45a9d9a-8d96-42be-8b4a-70bff6058100,-2.1094847349332793,-1.927922455936432,0.090596735133907,-0.006912108877736721,-2.1724922185085647,-0.3304648871547092,-0.016322450724357396,-2.9630728418802095,-1.1613182942367177,-1.4168116666967083,-0.5592180589565834,0.03484147099708948
Jaden Springer,Away,BOS,CHO,118,104,1,a45a9d9a-8d96-42be-8b4a-70bff6058100,-2.1094847349332793,-1.927922455936432,0.090596735133907,-0.006912108877736721,-2.8472325015343922,0.2255520210207046,0.2089590088258487,-2.9630728418802095,-1.1613182942367177,-2.785607960803732,0.42394217074590557,0.22269250980171243
Jaylen Brown,Home,BOS,OKC,135,100,1,326fd422-41c6-463c-b4c4-4ad95738af6f,3.4040782666360614,3.2416616865353505,0.3995070649545755,-1.7864139131222698,2.083854605737866,1.2954022121619109,-0.6608692153541292,0.47032206064738863,0.8409491681223458,1.8560067356954137,-0.6034495174416277,0.2251448867847727
Jrue Holiday,Home,BOS,OKC,135,100,1,326fd422-41c6-463c-b4c4-4ad95738af6f,0.9865229471581893,1.2660028692305818,-0.15269875213772846,-1.6947189834724807,1.863091938136848,0.2298131761113982,-0.8497665575286574,1.237373771871444,-1.1613182942367177,1.5339172968964305,1.0776954354991777,1.8614318009816577
Derrick White,Home,BOS,OKC,135,100,1,326fd422-41c6-463c-b4c4-4ad95738af6f,-0.1151098378152237,1.4644876734401229,-1.0763654279212547,0.8927651788176246,-1.4002397594858038,0.7426024953647102,-0.10297163015735399,1.6289494843475183,1.3664498557395093,0.6773582273087214,0.4702623521609794,0.4791645205774174
Kristaps PorziÅÄ£is,Home,BOS,OKC,135,100,1,326fd422-41c6-463c-b4c4-4ad95738af6f,2.6891604855452726,0.7949307425868736,-0.6981657290552264,0.9149756145245854,6.004000903990941,3.879571107436129,0.42878556415331226,3.1846466088288397,1.0137972142503804,1.5985240090748447,1.7023196827413074,-0.046083254284451015
Jayson Tatum,Home,BOS,OKC,135,100,1,326fd422-41c6-463c-b4c4-4ad95738af6f,2.094208735231648,0.15999845930974385,-0.27872102113442504,0.9159819699996967,1.9278173847980535,-1.2903194238760556,1.0219726466422014,0.993386300526429,4.100515874662879,1.594839674754572,0.44392403369374994,0.25603030654032183
Payton Pritchard,Home,BOS,OKC,135,100,1,326fd422-41c6-463c-b4c4-4ad95738af6f,0.36771551671385205,1.7679780351469658,-1.2425264666009608,2.6801851021615044,0.08163235880177196,-0.7080073315641269,-0.1412756896060133,0.4037106763274505,1.0920120024405762,1.2515364966132163,1.0788805128977428,0.9907722708862137
Al Horford,Home,BOS,OKC,135,100,1,326fd422-41c6-463c-b4c4-4ad95738af6f,1.2496223895444218,0.200975747785763,0.0030075750476216954,-1.1997866567856363,0.706679320133981,0.16074474278983758,1.1741980654523543,1.9502175560085528,-1.1613182942367177,1.5430520697115206,1.4144497928768909,1.6891666012913824
Sam Hauser,Home,BOS,OKC,135,100,1,326fd422-41c6-463c-b4c4-4ad95738af6f,0.5676293855356491,-1.1335377645435425,0.10670958424186561,-0.4571825556869401,-0.9437337041458218,-0.46069647622255433,-0.6689492021031612,1.1874669707189822,-1.1613182942367177,0.5567390707613393,-0.11052712762942828,0.6432878928557916
Luke Kornet,Home,BOS,OKC,135,100,1,326fd422-41c6-463c-b4c4-4ad95738af6f,-1.8174576959163604,-0.5672059786232728,2.893895143985491,2.703501751000474,0.040171295045080414,-0.7537730699155861,-0.9762595049714446,2.3579134147014353,-1.1613182942367177,-0.27258596307045424,1.2387255557184818,-0.4911044877408704
Svi Mykhailiuk,Home,BOS,OKC,135,100,1,326fd422-41c6-463c-b4c4-4ad95738af6f,-2.1094847349332793,0.1499766584320739,-2.3583513919851193,1.0900073788916538,-2.2178529098044186,-0.2930855992101435,-0.0011774786537553056,-1.502759138823976,-1.1613182942367177,-0.910234082649406,1.0672625018534745,-0.1266345299630071
Oshae Brissett,Home,BOS,OKC,135,100,1,326fd422-41c6-463c-b4c4-4ad95738af6f,-2.0140817672083307,-1.927922455936432,0.090596735133907,-0.006912108877736721,0.26486721910747674,-0.9071907196816399,-1.0536228984036224,0.06728547424527365,0.8175741491416433,-0.4170919621417852,0.6383958674740672,-0.003804358706786507
Xavier Tillman Sr.,Home,BOS,OKC,135,100,1,326fd422-41c6-463c-b4c4-4ad95738af6f,-2.1094847349332793,-1.927922455936432,0.090596735133907,-0.006912108877736721,-2.8472325015343922,0.2255520210207046,0.2089590088258487,-2.9630728418802095,-1.1613182942367177,-2.785607960803732,0.42394217074590557,0.22269250980171243
Sam Hauser,Home,BOS,SAC,101,100,1,4bd157a8-95f4-4795-b847-d023a25f4c88,1.2774676301887251,-0.19409671269501869,-0.2516951138678392,0.9783023426595753,0.9430002931333311,-0.6388448367230286,-0.9526527167130532,-1.7865510904891426,-1.1613182942367177,0.9795633968395684,-1.8310838909305636,-0.08198080199288689
Jayson Tatum,Home,BOS,SAC,101,100,1,4bd157a8-95f4-4795-b847-d023a25f4c88,1.3731678981373596,1.2182052270030197,-1.0599882640776999,-0.8688276147937746,0.5129617401133157,-0.48909801534888675,-1.5800752054139506,-0.3022722544841235,3.354489781582921,1.795302126242517,-0.1821489982860738,0.6557217981094318
Jrue Holiday,Home,BOS,SAC,101,100,1,4bd157a8-95f4-4795-b847-d023a25f4c88,-0.19395172332835586,1.1901199124928088,-2.134636731663303,0.2686322034354267,-0.21020472141257693,-0.6363695544736719,-0.1934754284556931,0.6168134372733916,-1.1613182942367177,0.5519746836347172,-0.35390993127656734,-0.5470225826683953
Kristaps PorziÅÄ£is,Home,BOS,SAC,101,100,1,4bd157a8-95f4-4795-b847-d023a25f4c88,1.1866952797830759,1.5312948241162756,0.917439549412876,1.0704810236383038,3.772644587348404,0.3464194760723203,-1.8992491111044527,2.6399033080610312,2.216971471232702,0.9619813926750682,0.4947592631730803,-1.2363865337745727
Al Horford,Home,BOS,SAC,101,100,1,4bd157a8-95f4-4795-b847-d023a25f4c88,0.020410335567355928,-1.4910487421665386,-0.39065437212908033,0.19284014038084,1.5211344021938016,0.7435467131059118,-1.546767005745553,0.45946254002306397,0.4138681723622005,0.4330062881657485,-0.2161189949402479,-0.19512997102031346
Payton Pritchard,Home,BOS,SAC,101,100,1,4bd157a8-95f4-4795-b847-d023a25f4c88,3.5476370008184266,1.5973397365324342,0.464132436233448,1.0145453383183778,-1.636421078101493,-0.5063189754799993,0.5904646678591942,1.3848104116397921,-1.1613182942367177,1.259743507765509,-0.12173776505564232,-0.6075423464014703
Xavier Tillman Sr.,Home,BOS,SAC,101,100,1,4bd157a8-95f4-4795-b847-d023a25f4c88,-0.0562187449258046,-0.9812921631412224,-0.9618745741016471,0.43480434951520996,0.21596801155855885,-0.7870493436901108,-0.1708001523754657,1.1769942858281808,-1.1613182942367177,0.3116458188937631,-0.07692250715046481,-0.4936140426773393
Luke Kornet,Home,BOS,SAC,101,100,1,4bd157a8-95f4-4795-b847-d023a25f4c88,-1.1661820274461607,-0.5421222601533937,0.4510303215623991,1.063529290607419,1.711967483285578,1.8738856444593546,1.238878547660629,1.1212767033160391,-1.1613182942367177,0.12394834269774006,0.49237092745649186,-0.1251911942458168
Svi Mykhailiuk,Home,BOS,SAC,101,100,1,4bd157a8-95f4-4795-b847-d023a25f4c88,-0.9015825264379881,-1.3135948093707275,-0.6097095592480564,0.2956170861653802,-0.5564453070967379,-0.8334700048804632,0.6203057167272666,2.4226785423889905,-1.1613182942367177,-0.10310725642921525,0.3868828224577362,-0.12385175080059932
Oshae Brissett,Home,BOS,SAC,101,100,1,4bd157a8-95f4-4795-b847-d023a25f4c88,-2.0140817672083307,-0.11483464036102718,1.2994416776022162,-2.0855872820687518,2.575762935244285,-2.346970781390166,4.027731624043764,-1.5103002523241444,0.6399769645835865,-0.6770463600708201,-1.756530338630197,-1.1302787038473017
Jordan Walsh,Home,BOS,SAC,101,100,1,4bd157a8-95f4-4795-b847-d023a25f4c88,-1.9153966218912957,-1.6631275588054688,0.09596768483655986,-0.15700225781413787,-0.9145450600065704,-0.9629300569242746,1.548029471544117,-1.7837362886025592,-1.1613182942367177,-0.9838123875109137,-1.1878064135147113,0.0009429382748935606
Drew Peterson,Home,BOS,SAC,101,100,1,4bd157a8-95f4-4795-b847-d023a25f4c88,-2.1094847349332793,-1.927922455936432,0.090596735133907,-0.006912108877736721,-2.8472325015343922,0.2255520210207046,0.2089590088258487,-2.9630728418802095,-1.1613182942367177,-2.785607960803732,0.42394217074590557,0.22269250980171243
Derrick White,Home,BOS,POR,124,107,1,d2bdf4a3-04d1-4c61-8e1e-0915952809f9,2.161171861864921,2.7270269808149274,-1.621059135216021,0.5815299780817992,-1.6975720755935986,-0.372605684610953,-0.2772690737391095,0.663563277629649,1.0288912961818215,1.0913749665184824,-0.5843080726915194,-0.22594322605664877
Jaylen Brown,Home,BOS,POR,124,107,1,d2bdf4a3-04d1-4c61-8e1e-0915952809f9,2.9674543373475197,0.8384424420001563,0.48759667027901105,-0.2786003720396109,0.014677078225145846,0.5731210659858649,-0.8878819230054991,1.4677233702661079,1.4843402677913007,1.545372385205067,-0.3207243513286483,-0.1190391763649456
Kristaps PorziÅÄ£is,Home,BOS,POR,124,107,1,d2bdf4a3-04d1-4c61-8e1e-0915952809f9,-0.04251677419399011,1.8489428885881967,2.111319774063104,1.2698269012515764,4.3900787065175155,4.479077285206905,-0.7243341631419287,0.4869491391038459,3.8185121876046875,0.9219376414190334,-0.05357660580766744,-0.3309884362352196
Jrue Holiday,Home,BOS,POR,124,107,1,d2bdf4a3-04d1-4c61-8e1e-0915952809f9,0.5387017889049629,-0.897120019034567,-0.7335367375100366,0.18010195219097325,-1.5890616096006742,-0.4142184513932807,-0.31475183417321606,1.9690017407869118,-1.1613182942367177,0.5248074990277326,-0.09865002610377181,0.1669550218714451
Al Horford,Home,BOS,POR,124,107,1,d2bdf4a3-04d1-4c61-8e1e-0915952809f9,-0.22137926133710195,0.5053287128004523,0.22914999126220328,0.4756280267111883,1.291244497451823,-0.910531971023103,-0.5642774404567386,0.8667001790727507,-1.1613182942367177,0.4205436861123619,-0.04691808396146146,0.1689622679700159
Sam Hauser,Home,BOS,POR,124,107,1,d2bdf4a3-04d1-4c61-8e1e-0915952809f9,0.30631968205730314,0.42181563903750824,-0.24372812613170736,0.7761836195880844,-1.1943093939906746,-0.41100407186513926,-0.5509776182163354,2.3852346012849845,-1.1613182942367177,0.5121867003434446,0.19945677012157034,0.3534662082161632
Payton Pritchard,Home,BOS,POR,124,107,1,d2bdf4a3-04d1-4c61-8e1e-0915952809f9,1.9008980580146215,2.970872796466407,-1.8586276404329005,0.7740309661257119,-0.6761360921967279,-0.4570453673091743,-0.8287077463808571,1.818623663370794,-1.1613182942367177,1.546736175132495,0.8231801558022102,0.5747266806433342
Luke Kornet,Home,BOS,POR,124,107,1,d2bdf4a3-04d1-4c61-8e1e-0915952809f9,-1.8174576959163604,-1.5607627871934644,-0.30459697718948264,0.15246348310834204,1.370770763770964,-1.5226100149127717,2.225990199036352,2.495207865416124,-1.1613182942367177,-0.37451760569401066,-0.1123426075862824,0.2629747690562458
Xavier Tillman Sr.,Home,BOS,POR,124,107,1,d2bdf4a3-04d1-4c61-8e1e-0915952809f9,-0.18308526753142595,-0.8481118202548129,0.4965114688695084,1.1897605057009806,1.5598468029510832,1.9466786342592326,-1.048053544273074,1.1961153413585983,-1.1613182942367177,0.45670135180954186,0.22972935961909252,-0.18751301295474462
Svi Mykhailiuk,Home,BOS,POR,124,107,1,d2bdf4a3-04d1-4c61-8e1e-0915952809f9,-0.8343609360016258,0.4691007051288597,-0.31538457976476547,-0.9733028037916648,-0.6509782398607824,-0.5719048636907622,-0.7399048721532949,1.1024455105953574,-1.1613182942367177,0.237578166395552,-0.3097228271881058,0.6078357883762672
Oshae Brissett,Home,BOS,POR,124,107,1,d2bdf4a3-04d1-4c61-8e1e-0915952809f9,-0.972093914404177,0.6672134258920451,1.2253933304526186,0.6265447298462062,-1.3031813431875467,-0.44967271941187575,-0.41782109372412635,0.23947444473013801,-1.1613182942367177,0.6574160624880006,-0.4167965568843589,0.2684794767790424
Jaden Springer,Home,BOS,POR,124,107,1,d2bdf4a3-04d1-4c61-8e1e-0915952809f9,-2.1094847349332793,6.685972333273651,17.954971916501997,8.905249318416114,-3.227128291137169,0.5386035575564417,0.3357981499171412,-2.9630728418802095,-1.1613182942367177,2.481136594781008,-0.05547055650797423,-1.2103231560399565
Jayson Tatum,Away,BOS,MIL,91,104,0,e4b8639b-03d9-4b08-81c3-b36833ac1252,3.5443472032885994,1.393987049037335,-1.6864469817216763,-0.33052887401181363,0.6083091818080635,0.5339862167896186,-1.2731655076469557,0.8772162295542681,-1.1613182942367177,1.1701334432639452,-1.0031666932408605,-1.4580329789129234
Jaylen Brown,Away,BOS,MIL,91,104,0,e4b8639b-03d9-4b08-81c3-b36833ac1252,1.5025627590552277,4.494226241391943,2.5539412280584997,0.578887928270075,3.047190973187417,-1.3459319050494674,0.5962730065226712,-0.7724197388610197,-1.1613182942367177,1.2052712169280062,-1.8299845579723961,-1.1246699751083762
Jrue Holiday,Away,BOS,MIL,91,104,0,e4b8639b-03d9-4b08-81c3-b36833ac1252,1.2554093089036384,1.4742950580875827,-0.5694582536563002,0.3464927301125988,2.0536447098806963,-0.012540003764111827,0.8107532775946357,0.2205826729772218,-1.1613182942367177,0.7431744107364393,-1.032012459984381,-1.1946097033920622
Derrick White,Away,BOS,MIL,91,104,0,e4b8639b-03d9-4b08-81c3-b36833ac1252,1.2876267030641513,1.1089781737540867,0.7058031718716631,1.2127176889384224,-0.00611882954426114,-0.689506686390514,-0.313370635804407,0.3747645327817202,-1.1613182942367177,0.4038100715068359,-1.1941109157496015,-1.0706317375749588
Xavier Tillman Sr.,Away,BOS,MIL,91,104,0,e4b8639b-03d9-4b08-81c3-b36833ac1252,0.05079689793817395,-0.1084173666119967,-0.026309085930606657,1.2614462372627004,-1.3725432297488585,2.703025025147292,0.6141486883433713,0.2685725243814853,-1.1613182942367177,-0.11893139615017191,-0.9867528802408841,-1.5826695238013397
Sam Hauser,Away,BOS,MIL,91,104,0,e4b8639b-03d9-4b08-81c3-b36833ac1252,0.4696904595607141,0.6238891780067732,1.142815645959172,1.227838842298533,0.7183257927755845,-0.9538251732714228,0.32164865759758754,0.5440032634682014,-1.1613182942367177,0.5037312010680598,-0.4424195067394081,-0.3636762648926245
Payton Pritchard,Away,BOS,MIL,91,104,0,e4b8639b-03d9-4b08-81c3-b36833ac1252,0.5658396466277628,0.45878542780845355,-0.007448652926180491,0.670402882982041,-0.9464964639362935,-0.48394085193804376,-0.69992900957991,-0.2847194124246357,-1.1613182942367177,0.5184160721418369,-0.8145512480120117,-0.010032873561769528
Luke Kornet,Away,BOS,MIL,91,104,0,e4b8639b-03d9-4b08-81c3-b36833ac1252,-0.8036436004630529,-1.2325914854925686,-0.3774600228864641,0.03907938623784813,-0.7805050786842278,-0.7290171914200769,0.34682905447168105,4.565776263036723,-1.1613182942367177,-0.37972153013531645,-0.6256284052529366,-0.8957559299258919
Svi Mykhailiuk,Away,BOS,MIL,91,104,0,e4b8639b-03d9-4b08-81c3-b36833ac1252,-1.0956706394799718,-0.6956748648138851,-1.3724910143944904,0.6535010938079754,-0.669105363207606,-0.6746128778029786,-0.7525138922889721,4.990178938576165,-1.1613182942367177,-0.2262037199370331,0.9236353813700152,-1.094840012815227
Oshae Brissett,Away,BOS,MIL,91,104,0,e4b8639b-03d9-4b08-81c3-b36833ac1252,-1.5561479924380146,-0.6875544061911486,-1.050272383323319,0.35475143400465015,0.6516252754098965,-1.3235364796582654,0.8115418932294864,-0.7271845636487381,-1.1613182942367177,-0.09672929770678289,-0.6777076202042039,0.012370214390723446
Al Horford,Away,BOS,MIL,91,104,0,e4b8639b-03d9-4b08-81c3-b36833ac1252,-2.1094847349332793,-1.927922455936432,0.090596735133907,-0.006912108877736721,-2.8472325015343922,0.2255520210207046,0.2089590088258487,-2.9630728418802095,-1.1613182942367177,-1.3656136771057312,-0.040146881234825064,-0.13035295097740038
Jaden Springer,Away,BOS,MIL,91,104,0,e4b8639b-03d9-4b08-81c3-b36833ac1252,-2.1094847349332793,-1.927922455936432,0.090596735133907,-0.006912108877736721,-2.8472325015343922,0.2255520210207046,0.2089590088258487,-2.9630728418802095,-1.1613182942367177,-2.785607960803732,0.42394217074590557,0.22269250980171243
Jayson Tatum,Home,BOS,NYK,109,118,0,565b4930-31f1-4180-9c73-ce1a5da0e855,1.4132927237327304,3.356329621027454,-0.6368944526831868,1.0281390804604034,0.27712171928514123,0.30461424728164704,-0.06526554489923762,0.17767965841831393,4.0295230658829535,0.5137627548294221,-2.050810709000306,-2.7511102036476376
Jrue Holiday,Home,BOS,NYK,109,118,0,565b4930-31f1-4180-9c73-ce1a5da0e855,-0.15415767090073962,0.813251060127727,1.2597453091371564,-0.9019639365199799,1.2199887174426487,1.3109672228009701,-0.17675393978281012,0.2668101370348313,-1.1613182942367177,-0.1978858011004918,-2.0990645841544673,-1.9909982124490881
Jaylen Brown,Home,BOS,NYK,109,118,0,565b4930-31f1-4180-9c73-ce1a5da0e855,1.2803008886623979,0.7083644739118278,0.43370292125124377,-1.9483523369799016,-0.29978439528767115,1.4260391035541637,0.683731416918407,-0.18096067397247395,0.9095586314470789,0.47201706116445696,-2.8278004118005673,-2.0759846799752837
Derrick White,Home,BOS,NYK,109,118,0,565b4930-31f1-4180-9c73-ce1a5da0e855,-1.1679717663540472,0.8912487335513265,0.6854091390875376,-0.3605033655997415,-0.7491549340690363,0.5855024239147929,-0.44315706489640744,-1.338553160273047,-1.1613182942367177,-0.5622853924774707,-2.5393865892751637,-1.8938013968176381
Kristaps PorziÅÄ£is,Home,BOS,NYK,109,118,0,565b4930-31f1-4180-9c73-ce1a5da0e855,1.1567241635866032,-0.4686920538197215,-0.013868208806488364,-0.7673670245424676,3.1628750399788554,0.982414941416151,-0.05993484119946122,0.5429792833904133,1.0467297566462523,0.5235998893604674,-1.393130450661744,-1.368048061216375
Sam Hauser,Home,BOS,NYK,109,118,0,565b4930-31f1-4180-9c73-ce1a5da0e855,1.1907312966550025,-0.6489895169117174,-1.314039588955238,0.5739916128650397,0.7157518675249565,0.30159025835765996,-0.03147869083687814,2.4722617818532235,1.1606214657653093,0.9602764903012946,1.139742191675855,0.18681127077205553
Payton Pritchard,Home,BOS,NYK,109,118,0,565b4930-31f1-4180-9c73-ce1a5da0e855,1.4512871608535087,1.0450588720460556,-3.231108582911988,1.3953199756395085,0.5567847946269824,-1.1302600470397515,0.8689332488594762,1.2163666382604554,-1.1613182942367177,1.5336049161372316,1.152881552977491,0.6667894169992233
Al Horford,Home,BOS,NYK,109,118,0,565b4930-31f1-4180-9c73-ce1a5da0e855,-0.471822509018518,0.7591562212992481,1.3648864535116154,-0.3512227351674223,0.060246702572248456,2.202750909099758,-0.22587367731662697,3.0776608274678137,-1.1613182942367177,-0.5526521254738368,-0.7921473528425595,-1.9351066289859506
Svi Mykhailiuk,Home,BOS,NYK,109,118,0,565b4930-31f1-4180-9c73-ce1a5da0e855,0.317186137854233,-0.7214489044044988,-1.2826339552401478,0.5852991629854296,-0.36216132235189075,-0.9459348130569745,0.5895241067038242,2.985266923904559,-1.1613182942367177,0.6953086605692356,1.557384488352469,0.5199492743233974
Jaden Springer,Home,BOS,NYK,109,118,0,565b4930-31f1-4180-9c73-ce1a5da0e855,-1.1936095654549068,1.0012242200125754,3.341154825972977,0.5353588426891843,-1.3661522610308152,-0.45253113911829074,-0.4236182324983022,1.660356364654942,-1.1613182942367177,0.22999809833525722,0.8453306333007808,1.2096462584817775
Luke Kornet,Home,BOS,NYK,109,118,0,565b4930-31f1-4180-9c73-ce1a5da0e855,-1.7502361054799982,-0.7184274349802177,1.1992351806503678,-1.6706236992039063,1.0954445869036347,0.975355311407954,1.5750143919121657,-0.4273928506027401,-1.1613182942367177,0.23201070010340322,-0.03193020769331928,1.0890762070559172
Xavier Tillman Sr.,Home,BOS,NYK,109,118,0,565b4930-31f1-4180-9c73-ce1a5da0e855,-1.8174576959163604,-0.9555181235506084,-1.05173163325599,0.5030062803377559,-2.070430663092893,-0.41456828502998183,-0.050398637883212104,2.4265606400587796,-1.1613182942367177,-0.555426614947586,0.37566950012869504,0.016786041346210916
Svi Mykhailiuk,Home,BOS,CHO,131,98,1,354a6b11-8628-404e-8985-755d407ba616,1.3107285439150245,-0.30341398505266537,1.0104739695823055,-0.13487052355009269,-0.7803947301141656,-0.38600066839907055,-0.83470770065214,-0.7594773992896686,1.0288912961818215,1.019476694015098,-0.9720270422861279,0.9326757304383458
Payton Pritchard,Home,BOS,CHO,131,98,1,354a6b11-8628-404e-8985-755d407ba616,4.440279200080999,3.87308706720342,-2.8555776947873337,1.0690464293175097,-0.7222862111062915,-0.4000122996187815,-0.858232588515533,1.482137674374406,-1.1613182942367177,1.967560507181855,0.7862272867149468,-3.444830868853808e-05
Sam Hauser,Home,BOS,CHO,131,98,1,354a6b11-8628-404e-8985-755d407ba616,3.242953767096691,-1.3235247478188583,-0.5394109989436221,0.23659166835931103,-0.1639671472640255,-0.47351124534813316,-1.1637504992478753,0.46532508024060437,-1.1613182942367177,1.845886689312212,0.8582506880357055,2.250171112355667
Jaden Springer,Home,BOS,CHO,131,98,1,354a6b11-8628-404e-8985-755d407ba616,-0.6638289464054572,2.585985910627451,1.2995652443738328,1.8474213246745743,1.089279264737019,-0.586938998053158,-1.8457991404694916,0.700291064935717,2.069286605361153,0.8493292337146512,0.7303499725315356,0.661833406266957
Luke Kornet,Home,BOS,CHO,131,98,1,354a6b11-8628-404e-8985-755d407ba616,0.23177227721918725,-0.10494162357006143,-0.988902458018724,-0.021267739604497075,3.7602592437265896,-1.506421215079102,-0.02590947481461069,0.9878930596542707,1.0920120024405762,1.355037660627377,1.3659950164618366,1.5568323574207144
Jordan Walsh,Home,BOS,CHO,131,98,1,354a6b11-8628-404e-8985-755d407ba616,-0.17979547000159926,-0.5040405348469953,0.9066812422000491,0.4838881947076823,-0.26300275753471186,-0.7160069847361726,0.13436002539573022,3.42685903986289,-1.1613182942367177,0.08541394810846008,0.2511936786402928,0.19294298792334824
Neemias Queta,Home,BOS,CHO,131,98,1,354a6b11-8628-404e-8985-755d407ba616,0.36117475807479527,2.1410504875494456,-0.6937733513083935,2.6895049240708713,2.1071006678562063,-1.6946782965695943,2.7365287402104492,1.424769957249128,-1.1613182942367177,1.3202854606806587,2.0500431201874005,0.43782906939893523
JD Davison,Home,BOS,CHO,131,98,1,354a6b11-8628-404e-8985-755d407ba616,-0.281024193506361,1.7061201715409116,-2.352071560607282,0.1879300111821236,1.0562599039496696,0.7616892144150631,0.1433823057649294,0.546131957003937,-1.1613182942367177,0.7984982823311632,0.8435224543950309,0.6676663595231935
Oshae Brissett,Home,BOS,CHO,131,98,1,354a6b11-8628-404e-8985-755d407ba616,-0.8018926979757631,-0.5732371539624661,0.5672780558524655,1.0815575679587182,6.463351918888366,-2.9882340532093057,3.746172860686315,-0.6586316363775107,1.5780522880464987,0.5438187624997345,-0.7966211109960077,-0.44456682950093196
Xavier Tillman Sr.,Home,BOS,CHO,131,98,1,354a6b11-8628-404e-8985-755d407ba616,-1.683014515043636,1.6945318360734847,2.5346525924140004,0.6558151155796901,0.19823797734912527,-0.8659734410310163,0.2287988748457206,-1.0950783029382396,-1.1613182942367177,-0.3653239270825716,-0.8646043393912667,-0.302076609184814
Drew Peterson,Home,BOS,CHO,131,98,1,354a6b11-8628-404e-8985-755d407ba616,-0.17979547000159926,-1.193965333723226,1.1767579289340047,1.186921942871684,-2.2858939467481996,-0.2370166672932951,0.021539979452147834,3.3894150987588842,-1.1613182942367177,0.27245975229324565,1.0558771562941927,0.32265678920384
Derrick White,Home,BOS,CHO,131,98,1,354a6b11-8628-404e-8985-755d407ba616,-2.1094847349332793,-1.927922455936432,0.090596735133907,-0.006912108877736721,-2.8472325015343922,0.2255520210207046,0.2089590088258487,-2.9630728418802095,-1.1613182942367177,-1.3656136771057312,-0.040146881234825064,-0.13035295097740038
Payton Pritchard,Home,BOS,WAS,132,122,1,ff2d813d-b1cf-4b62-8e10-30716a54b061,4.837829443277696,3.2795912908825637,-3.0886620208535147,-0.088880466070769,1.9175452399204014,-0.7749709421468517,-1.4494280579485208,2.357672841095438,1.9288117252688226,1.9988285386415832,0.3428048745904905,0.15373830388960985
Svi Mykhailiuk,Home,BOS,WAS,132,122,1,ff2d813d-b1cf-4b62-8e10-30716a54b061,3.844743576273058,0.6266428268195181,-1.1400591711344814,-0.3406370168736391,0.6132354987904148,0.24490331645017813,-0.29002094894441627,3.3652559413202447,-1.1613182942367177,1.5487012106781186,0.9388080049564398,0.8033269313333642
Sam Hauser,Home,BOS,WAS,132,122,1,ff2d813d-b1cf-4b62-8e10-30716a54b061,3.1908854931945356,0.02139302833073491,0.664000861302398,1.5766509499568897,0.6320647909006565,0.26881943259851643,-0.2730893332842998,0.016711532977474432,-1.1613182942367177,1.8634405204419044,0.16077289224976468,1.8281394241942537
Luke Kornet,Home,BOS,WAS,132,122,1,ff2d813d-b1cf-4b62-8e10-30716a54b061,-0.7310505368418194,-0.3392920900443298,-1.5802592444244676,0.646812247995619,3.464844272350098,1.7969106105525763,1.315245691633602,1.6276947270770785,2.0661485167850384,0.7640176530110192,0.9956975074327736,0.6356191387556541
Jordan Walsh,Home,BOS,WAS,132,122,1,ff2d813d-b1cf-4b62-8e10-30716a54b061,-1.8004735475924591,1.0040806732979994,2.2534408585043657,0.579012090625705,-0.15967148513719348,-0.6010044392541778,-1.0430412768208186,-2.060847187992432,1.3936113086393913,-0.0013985930144029893,-0.2901734135687641,0.8362236291683666
Jaden Springer,Home,BOS,WAS,132,122,1,ff2d813d-b1cf-4b62-8e10-30716a54b061,-0.7389579682766774,1.2445336901178083,2.9997182400554916,1.4027832386405943,-0.6341191777921061,0.7606631254241253,-0.4230098969796803,1.2963984082243094,1.5036687823889756,-0.15822819572082458,-0.8120146196554494,-0.9696199063606868
Neemias Queta,Home,BOS,WAS,132,122,1,ff2d813d-b1cf-4b62-8e10-30716a54b061,0.5715008000985802,0.6057664079847095,0.4463373911193213,-1.8945817790201733,5.971833553839688,5.546611194587842,2.077862042964377,0.8075107528557908,1.6535132576132696,1.0516926624055298,-0.6405897021350152,-0.9586353807012572
Oshae Brissett,Home,BOS,WAS,132,122,1,ff2d813d-b1cf-4b62-8e10-30716a54b061,-1.129677772548371,0.9578352017146905,1.657815129684246,-1.0082554067641192,0.3488140981989218,3.564011774339707,0.07860188025914472,-1.2754690188372912,0.10465868308740557,0.19872579980403596,-2.076541197400127,-0.6961280527726198
JD Davison,Home,BOS,WAS,132,122,1,ff2d813d-b1cf-4b62-8e10-30716a54b061,-1.8004735475924591,1.3231177544760182,1.0620418436485017,0.010828257928263805,0.6180276038827301,-0.831730755874221,-1.3358852601295126,-1.9609966783817498,1.3936113086393913,-0.34774570196428634,-1.26402493864912,0.0798037435379097
Drew Peterson,Home,BOS,WAS,132,122,1,ff2d813d-b1cf-4b62-8e10-30716a54b061,-1.9153966218912957,0.5461447887035481,3.086778592715573,-0.8850197458814535,-1.078785399551649,-0.5341180988860518,-0.5186724240429836,-2.195619640746625,-1.1613182942367177,-0.8633302974345869,-1.5020707107655995,-0.282534278884544
Xavier Tillman Sr.,Home,BOS,WAS,132,122,1,ff2d813d-b1cf-4b62-8e10-30716a54b061,-0.5116165614461342,-1.0986497471606442,0.7395722484284772,-1.0808750970034076,-0.49175155030472556,-1.24401912421359,2.1196426104206396,3.6255068667832413,-0.6249768629207879,0.9235599230733522,0.010938284958985012,-0.9937539288762952
Derrick White,Home,BOS,WAS,132,122,1,ff2d813d-b1cf-4b62-8e10-30716a54b061,-2.1094847349332793,-1.927922455936432,0.090596735133907,-0.006912108877736721,-2.8472325015343922,0.2255520210207046,0.2089590088258487,-2.9630728418802095,-1.1613182942367177,-1.3656136771057312,-0.040146881234825064,-0.13035295097740038
