player,location,team,opponent,team_score,opponent_score,win,game_id,PCA1_1,PCA2_1,PCA2_2,PCA2_3,PCA3_1,PCA3_2,PCA3_3,PCA4_1,PCA4_2,PCA5_1,PCA6_1,PCA6_2,PCA6_3
Max Strus,Away,CLE,BRK,114,113,1,4e15874a-c416-4065-8dfc-23b46fc07c07,5.18161144962302,-0.041392310116238826,0.563716732570754,-0.45687742554562505,3.2222385502878335,0.23748845828361245,-2.6136726542166757,2.2876669747353198,1.015040658693907,0.9061812267953677,1.6548996041493098,1.3777487156278077,-0.015040882633311575
Donovan Mitchell,Away,CLE,BRK,114,113,1,4e15874a-c416-4065-8dfc-23b46fc07c07,4.613965342328352,2.6926025671821865,3.6478389610841018,0.3473668726414654,0.8141122850504071,0.5796767302284023,0.6680620388609533,1.4908916612216272,0.23052826058040976,0.3534544747217859,1.8513534744996896,1.3899282033549953,-0.8688104748242839
Evan Mobley,Away,CLE,BRK,114,113,1,4e15874a-c416-4065-8dfc-23b46fc07c07,-0.1067056692093171,-1.1683290563624766,-0.18814512056200525,-0.15936328152846352,1.6832832637032116,2.005609585456739,-0.3448919348838519,-0.19933910466893143,-1.2878882208475713,-1.2921643532538019,0.7008557498108159,-0.41314052477091545,0.5001617320865761
Darius Garland,Away,CLE,BRK,114,113,1,4e15874a-c416-4065-8dfc-23b46fc07c07,1.234013438430604,3.7745686127015827,-1.0587160537699907,-1.3153480969759164,-0.995659993924996,-0.4126810776278718,0.3415169690545276,0.6282834886080446,-0.0898253132044417,0.9681507468333044,1.298396680639821,-0.39650721249559895,0.7160704005327132
Isaac Okoro,Away,CLE,BRK,114,113,1,4e15874a-c416-4065-8dfc-23b46fc07c07,1.3822764292682483,2.4560145830581033,0.35373811284884554,-1.1213215589718242,1.568808735437028,0.3191983832399399,1.3111611807489645,1.983878925715795,0.06382484166580858,2.302217627709851,1.1480174661112625,0.6869837983503271,-0.33876716509658183
Caris LeVert,Away,CLE,BRK,114,113,1,4e15874a-c416-4065-8dfc-23b46fc07c07,2.0048886522143405,0.3278002071057035,0.9463749129952611,1.163053699398572,-0.2027804854879289,1.077332703896338,-0.644620988104334,-0.27616071466380243,0.8726994951430381,-1.2921643532538019,0.9797542683009364,-1.0415076736451332,-0.19306520278402453
Georges Niang,Away,CLE,BRK,114,113,1,4e15874a-c416-4065-8dfc-23b46fc07c07,-1.5602508717016523,-1.4551711265276928,-0.1554132006216936,-0.5042954536897036,0.546596064907979,-1.0509930597604047,0.884915821949363,-1.9828644743160133,2.0247599289988734,-1.2921643532538019,-0.6398841896590922,-1.7078780446394675,0.383366263647907
Damian Jones,Away,CLE,BRK,114,113,1,4e15874a-c416-4065-8dfc-23b46fc07c07,-1.5112752415561657,1.3231096134979456,-2.7070631254733777,-1.0105841440049859,-1.983585567874925,-0.0737489911992379,-0.08998976283168154,2.278982567602845,-2.388387629537083,-1.2921643532538019,-0.35333751740519614,-1.0456857712461392,-0.05069936053298642
Ty Jerome,Away,CLE,BRK,114,113,1,4e15874a-c416-4065-8dfc-23b46fc07c07,-1.8293876832691869,-1.8367892931545775,0.10732902731706252,-0.11174211226614275,-1.983585567874925,-0.0737489911992379,-0.08998976283168154,2.9828141328497417,-2.581826287582978,-1.2921643532538019,-0.9988866171244652,-0.8478159033618663,-0.08021328460132063
Emoni Bates,Away,CLE,BRK,114,113,1,4e15874a-c416-4065-8dfc-23b46fc07c07,-2.147500124982208,-2.0275983764680197,0.23870014128644057,0.08453455844563763,-2.5889650391617227,0.17476536399755174,0.7149011738075323,-2.9891366794415717,-0.17103693633369385,-1.2921643532538019,-3.0572406758914688,0.832265759610711,-0.16251704880014295
Sam Merrill,Away,CLE,BRK,114,113,1,4e15874a-c416-4065-8dfc-23b46fc07c07,-2.147500124982208,-2.0275983764680197,0.23870014128644057,0.08453455844563763,-2.5889650391617227,0.17476536399755174,0.7149011738075323,-2.9891366794415717,-0.17103693633369385,-1.2921643532538019,-3.0572406758914688,0.832265759610711,-0.16251704880014295
Isaiah Mobley,Away,CLE,BRK,114,113,1,4e15874a-c416-4065-8dfc-23b46fc07c07,-2.147500124982208,-2.0275983764680197,0.23870014128644057,0.08453455844563763,-2.5889650391617227,0.17476536399755174,0.7149011738075323,-2.9891366794415717,-0.17103693633369385,-1.2921643532538019,-3.0572406758914688,0.832265759610711,-0.16251704880014295
Tristan Thompson,Away,CLE,BRK,114,113,1,4e15874a-c416-4065-8dfc-23b46fc07c07,-2.147500124982208,-2.0275983764680197,0.23870014128644057,0.08453455844563763,-2.5889650391617227,0.17476536399755174,0.7149011738075323,-2.9891366794415717,-0.17103693633369385,-1.2921643532538019,-3.0572406758914688,0.832265759610711,-0.16251704880014295
Donovan Mitchell,Home,CLE,OKC,105,108,0,bde10b23-9736-43ca-bf39-40732ccbc83f,6.581746084329771,3.5235115358234608,0.5985032702510167,-0.4282511942025487,1.969948696236205,1.7392406579697102,-0.5826596668244314,1.3967598210063035,-0.016269943266747577,4.7344415858022355,2.6495478805788264,1.2403888309383724,-0.918518142694921
Max Strus,Home,CLE,OKC,105,108,0,bde10b23-9736-43ca-bf39-40732ccbc83f,1.58591610368989,1.4636899979682008,0.7380843432770943,-0.2837021226202252,0.3372686562250786,0.8636202565941312,-0.9213433666897318,-0.6320123708491875,1.3494944064733558,-1.2921643532538019,1.1590371688365735,0.0023972377908139794,0.6784749549795855
Evan Mobley,Home,CLE,OKC,105,108,0,bde10b23-9736-43ca-bf39-40732ccbc83f,0.18060429675257247,0.5362292585993609,-1.3828817358613945,-0.25381824860488233,5.317981894648107,1.02399856036571,-1.474112260613543,-0.30402018351201093,-1.2310642802001186,2.3618348899576107,0.930363326130771,-0.806662994745764,-0.7691797334007208
Isaac Okoro,Home,CLE,OKC,105,108,0,bde10b23-9736-43ca-bf39-40732ccbc83f,0.016283133495948458,1.1272850954218232,1.159689102553511,-1.104517697028037,2.1764694306225776,0.07087641873191677,2.099291852746887,0.49992528503124334,0.22336659170547266,1.7819830051190022,0.540310001622259,-0.27300766321731723,-0.9034905512616835
Dean Wade,Home,CLE,OKC,105,108,0,bde10b23-9736-43ca-bf39-40732ccbc83f,0.26134018139284965,0.6202644177499215,1.1033452057305564,-2.087129196299497,0.1553029312856737,-0.5767644345643015,-1.2553447979210088,1.5522121099456951,1.1117729388330484,-1.2921643532538019,0.1261769366003629,-0.5809282384056266,-0.7888247495267289
Caris LeVert,Home,CLE,OKC,105,108,0,bde10b23-9736-43ca-bf39-40732ccbc83f,2.7797821891071024,-0.048959771571077844,0.4842206409762644,-0.06445303602181701,-0.7409457745147302,1.174138241843242,-0.2960242518382411,0.7727072379447562,0.5648217580161459,-1.2921643532538019,1.0694275858743558,-0.2584412040582985,-0.5204145015256747
Georges Niang,Home,CLE,OKC,105,108,0,bde10b23-9736-43ca-bf39-40732ccbc83f,-0.8506389278015937,-1.2852156898983456,-0.06455735494387446,0.13798721729781505,-1.045505063354166,-0.31129438684262045,-0.5955500602722046,-1.3897715450350152,1.3203696687754343,-1.2921643532538019,-0.12083248489431947,-1.0072284712061064,0.8019829401451478
Damian Jones,Home,CLE,OKC,105,108,0,bde10b23-9736-43ca-bf39-40732ccbc83f,-2.094432310458727,-2.0275983764680197,0.23870014128644057,0.08453455844563763,1.1382414854349945,1.8059571735448745,-1.1199259899382885,-1.2690874526908262,-0.6548169254038904,-0.05893555012337349,-0.7878941273533734,0.2789607391064408,0.44222778626438786
Ty Jerome,Home,CLE,OKC,105,108,0,bde10b23-9736-43ca-bf39-40732ccbc83f,-1.558599224307704,0.9258761237820182,-1.3181756041498984,1.4185967070975662,-0.981064663809684,-0.6103125877199789,1.2209796349742876,-0.6164031888996728,-0.256092365901361,-1.2921643532538019,-0.3040330929050674,-0.9509012985811542,-0.15415616641745153
Emoni Bates,Home,CLE,OKC,105,108,0,bde10b23-9736-43ca-bf39-40732ccbc83f,-2.147500124982208,-2.0275983764680197,0.23870014128644057,0.08453455844563763,-2.5889650391617227,0.17476536399755174,0.7149011738075323,-2.9891366794415717,-0.17103693633369385,-1.2921643532538019,-3.0572406758914688,0.832265759610711,-0.16251704880014295
Sam Merrill,Home,CLE,OKC,105,108,0,bde10b23-9736-43ca-bf39-40732ccbc83f,-2.147500124982208,-2.0275983764680197,0.23870014128644057,0.08453455844563763,-2.5889650391617227,0.17476536399755174,0.7149011738075323,-2.9891366794415717,-0.17103693633369385,-1.2921643532538019,-3.0572406758914688,0.832265759610711,-0.16251704880014295
Isaiah Mobley,Home,CLE,OKC,105,108,0,bde10b23-9736-43ca-bf39-40732ccbc83f,-2.147500124982208,-2.0275983764680197,0.23870014128644057,0.08453455844563763,-2.5889650391617227,0.17476536399755174,0.7149011738075323,-2.9891366794415717,-0.17103693633369385,-1.2921643532538019,-3.0572406758914688,0.832265759610711,-0.16251704880014295
Craig Porter Jr.,Home,CLE,OKC,105,108,0,bde10b23-9736-43ca-bf39-40732ccbc83f,-2.147500124982208,-2.0275983764680197,0.23870014128644057,0.08453455844563763,-2.5889650391617227,0.17476536399755174,0.7149011738075323,-2.9891366794415717,-0.17103693633369385,-1.2921643532538019,-3.0572406758914688,0.832265759610711,-0.16251704880014295
Tristan Thompson,Home,CLE,OKC,105,108,0,bde10b23-9736-43ca-bf39-40732ccbc83f,-2.147500124982208,-2.0275983764680197,0.23870014128644057,0.08453455844563763,-2.5889650391617227,0.17476536399755174,0.7149011738075323,-2.9891366794415717,-0.17103693633369385,-1.2921643532538019,-3.0572406758914688,0.832265759610711,-0.16251704880014295
Caris LeVert,Home,CLE,IND,113,125,0,d09713a0-daa6-43f1-b49e-5fb5f33a6d93,5.4884456602961205,1.9493089271338768,-0.1834100005931966,1.4739026288548638,0.1869936453944606,-0.7115253751598194,0.301281717085951,0.6544200182033998,0.24088867046747178,2.1316282167842804,2.1154587397384117,-0.44300895677230373,-0.4489421485834644
Max Strus,Home,CLE,IND,113,125,0,d09713a0-daa6-43f1-b49e-5fb5f33a6d93,3.5520562849015676,0.37337262345026173,-0.6478102288863108,1.3249982579195392,2.348945919181351,-1.073496402579312,-1.7476913468854187,0.6374210148881323,0.6288778264509207,1.4108499837374886,1.4207742818967553,-0.6097096804712703,-0.5211191928347791
Dean Wade,Home,CLE,IND,113,125,0,d09713a0-daa6-43f1-b49e-5fb5f33a6d93,-0.05677226032017152,-0.8445919591675453,-0.1160111677922527,0.6459186710141983,-0.27689187769510426,0.9880642525458854,-0.6827558979653359,1.5762146746349144,1.5935340674926797,-1.2921643532538019,0.4228297569871173,-0.005174655984946663,0.2221895280419434
Isaac Okoro,Home,CLE,IND,113,125,0,d09713a0-daa6-43f1-b49e-5fb5f33a6d93,-0.27875397828972825,-0.6035156100053531,-0.25267495864047895,0.5183722034202767,0.8427271585929363,0.5570912029197577,0.4676935197451939,0.8724546433146931,-1.7131510477737153,0.2572354704783437,0.5374880077374574,-0.32989441772253947,-0.17670156646304813
Evan Mobley,Home,CLE,IND,113,125,0,d09713a0-daa6-43f1-b49e-5fb5f33a6d93,3.278405634419258,0.5216569017245084,-1.2030393776435782,0.03377000181113488,5.980567089569289,2.0901777409944895,1.1463265018051811,1.8780950487424966,0.34017897701067873,4.310774683189795,1.764436680998975,-0.6048319177581523,-1.9465114995393344
Georges Niang,Home,CLE,IND,113,125,0,d09713a0-daa6-43f1-b49e-5fb5f33a6d93,0.12786814888698725,-0.1752115376395211,-0.8552530328144508,0.023903373124008122,0.4288546191176933,1.0993159158319805,0.18207470184521718,-0.3152705686188347,0.3897420395455516,-1.2921643532538019,0.2057917343064026,-2.083902912590977,-0.4155787407065105
Tristan Thompson,Home,CLE,IND,113,125,0,d09713a0-daa6-43f1-b49e-5fb5f33a6d93,-1.4362365336882015,-0.6141552066643537,0.08481746413564817,1.9225975901488168,3.258613501132295,-2.66049034446128,4.153614466997441,1.28874793038791,-1.8599984801805063,-1.2921643532538019,-0.10881818682485551,0.934524803978549,-0.8404890631825759
Emoni Bates,Home,CLE,IND,113,125,0,d09713a0-daa6-43f1-b49e-5fb5f33a6d93,-1.9517503738886894,-2.0275983764680197,0.23870014128644057,0.08453455844563763,-1.930312174401687,-0.09561825445655538,-0.16082016525593235,-2.367432236770503,2.1304532163847747,-1.2921643532538019,-1.3469872196287962,-2.176986712277203,0.15255200293522178
Sam Merrill,Home,CLE,IND,113,125,0,d09713a0-daa6-43f1-b49e-5fb5f33a6d93,-1.8767116660207255,0.5833065603102886,3.200530874252993,-0.4383782601301406,0.4947811831884297,-1.227287831136896,0.8021921317163933,-2.221156740471455,0.854072722944186,-1.2921643532538019,-0.490129369416145,-0.22760907407353137,0.40954509989017823
Damian Jones,Home,CLE,IND,113,125,0,d09713a0-daa6-43f1-b49e-5fb5f33a6d93,-2.147500124982208,-2.0275983764680197,0.23870014128644057,0.08453455844563763,2.0191673361579365,-2.059067981874118,2.284820225056663,-1.3928176654795372,-0.6097637896336616,-1.2921643532538019,-1.3466991863477165,-0.47769595606735615,0.4625186401422014
Craig Porter Jr.,Home,CLE,IND,113,125,0,d09713a0-daa6-43f1-b49e-5fb5f33a6d93,-2.147500124982208,-0.95126454267832,0.12284206095480799,1.5089352148697182,-1.930312174401687,-0.09561825445655538,-0.16082016525593235,-1.3347697013354634,-0.625717493390024,-1.2921643532538019,-1.5358921205939937,-0.8095074595781767,-0.37226884242914793
Isaiah Mobley,Home,CLE,IND,113,125,0,d09713a0-daa6-43f1-b49e-5fb5f33a6d93,-2.147500124982208,-2.0275983764680197,0.23870014128644057,0.08453455844563763,-2.5889650391617227,0.17476536399755174,0.7149011738075323,-2.9891366794415717,-0.17103693633369385,-1.2921643532538019,-3.0572406758914688,0.832265759610711,-0.16251704880014295
Max Strus,Home,CLE,NYK,91,109,0,6098b31e-cbb9-469d-921e-c13552e8852a,0.22495665137411094,-0.7411005294789426,-0.12690785548399894,0.7874220303744958,-0.7593142446922104,-0.3482179171815217,-0.7837766585760907,-0.514610745085105,1.2072952111271957,0.22182431617095139,0.3381648794640726,-1.36765346848056,-0.5115460015221714
Evan Mobley,Home,CLE,NYK,91,109,0,6098b31e-cbb9-469d-921e-c13552e8852a,-0.7429305526353596,0.632878298034055,-1.1740974051942423,1.2311583373857657,4.952327215251972,1.1982066828699696,0.8577015904264824,-0.8379427593451569,-1.0185001608175204,-1.2921643532538019,0.3649796054681154,-1.209316316562868,-1.5839719889785728
Donovan Mitchell,Home,CLE,NYK,91,109,0,6098b31e-cbb9-469d-921e-c13552e8852a,2.601489492443292,2.7054411981721596,2.10552508845481,-0.6504102602849609,-0.4118584785565966,-0.6659649074693845,1.0437520799675357,0.5224737165639182,-1.1894298295173844,1.938283054162933,1.6956552691351305,-0.009093838505804022,-1.9537175195364456
Isaac Okoro,Home,CLE,NYK,91,109,0,6098b31e-cbb9-469d-921e-c13552e8852a,0.9326752691012089,-1.1662071307607307,-0.5882093939151791,-0.6994265847218871,1.7869314269214045,-1.383116747429642,0.915875003636475,0.44094882141918473,0.5905250394170839,0.1712369528746766,0.5809322711693085,-1.0527237228322386,-0.4951866734127516
Dean Wade,Home,CLE,NYK,91,109,0,6098b31e-cbb9-469d-921e-c13552e8852a,-1.2894624127401695,-0.36704565885418555,-1.1035527655002095,-0.6585445746799289,0.13467814613100978,-0.9772601765421209,1.2926112318038117,-2.2886052508004577,1.6143172226938123,-1.2921643532538019,-0.31368702965850603,-1.9402219938672087,1.011615070602476
Georges Niang,Home,CLE,NYK,91,109,0,6098b31e-cbb9-469d-921e-c13552e8852a,1.7504061561000746,-0.14255236655981154,-1.2770931095094018,-0.7716688099181744,-0.5814928271276738,-0.42545449475085223,-0.9012754397262921,0.3845353714550245,1.2132026916823135,-1.2921643532538019,0.5962914851224931,-1.503469511768582,-0.4909075217901843
Emoni Bates,Home,CLE,NYK,91,109,0,6098b31e-cbb9-469d-921e-c13552e8852a,0.4644854116522593,-0.9282814835932984,-0.5865318721310695,-0.10566452018444031,1.6642353852138532,0.7513288818752095,-0.5656840192344019,0.7233841245257194,0.9232391145128618,0.2572354704783437,0.3707030668430486,-0.6502649447040306,-0.8041290087788415
Craig Porter Jr.,Home,CLE,NYK,91,109,0,6098b31e-cbb9-469d-921e-c13552e8852a,0.08904408188420163,2.4041642521801845,0.5855597870081525,-1.6485710639465354,0.7012897798352364,1.044901434997777,0.05568903890062711,-0.5009260888076638,-0.9705552371543771,-1.2921643532538019,0.8350121529624691,-1.099472522721729,-0.5286834324578971
Tristan Thompson,Home,CLE,NYK,91,109,0,6098b31e-cbb9-469d-921e-c13552e8852a,-1.7232520542222243,0.49381964895294916,-2.5594281933694263,-1.7322876767786741,0.5560075041314628,3.312225640584341,0.8513011557912786,2.4085089427180297,-2.4252310091809925,3.2863166698850943,-0.2415350221543289,-0.24903441950388813,0.022706034164465348
Sam Merrill,Home,CLE,NYK,91,109,0,6098b31e-cbb9-469d-921e-c13552e8852a,-0.25252201141369024,0.812657913324126,0.700664999044469,-0.13659581015806843,-1.3952901506368784,-0.2446835141037881,-0.4099975742017511,2.1866286344292907,1.5625048014436254,-1.2921643532538019,0.049151357243513084,0.43691078320516075,-0.8091318900717909
Damian Jones,Home,CLE,NYK,91,109,0,6098b31e-cbb9-469d-921e-c13552e8852a,-1.8293876832691869,-2.0275983764680197,0.23870014128644057,0.08453455844563763,-0.7284914489980558,-0.5333020420317817,-0.8760373741984754,2.9828141328497417,-2.581826287582978,-1.2921643532538019,-0.7473591071912008,0.29258089617833855,0.012390507765229182
Isaiah Mobley,Home,CLE,NYK,91,109,0,6098b31e-cbb9-469d-921e-c13552e8852a,-2.147500124982208,-1.8367892931545775,0.10732902731706252,-0.11174211226614275,3.6047172838831347,-2.4489078112098333,-3.456699921424619,-2.9891366794415717,-0.17103693633369385,-1.2921643532538019,-1.8033128469723367,-1.647096746687777,1.3395176481645574
Donovan Mitchell,Away,CLE,NYK,95,89,1,ff5320ff-7b62-40dd-aa7d-2d2e4007e49d,5.69758251275571,2.966981987665551,-1.61775521315477,-0.8112222173158623,0.8247723580812265,0.6524688173019861,-0.15991102784367534,1.0350054921498302,0.9507563918881334,2.959002724788837,2.3180677859249323,0.2764931093073662,-0.5181197924115195
Evan Mobley,Away,CLE,NYK,95,89,1,ff5320ff-7b62-40dd-aa7d-2d2e4007e49d,0.31754240155066676,2.312919761359886,0.6404992287747016,0.1833438884256472,2.286408649358673,1.6729365499186029,0.4568544808479356,0.09276803984274681,-1.4033021936006478,0.9085937627778427,1.4075294131480818,0.9230956965864368,-0.2117392010879574
Max Strus,Away,CLE,NYK,95,89,1,ff5320ff-7b62-40dd-aa7d-2d2e4007e49d,0.019828107062857116,2.078442004637235,-2.8776143194039157,-0.7052451888579182,0.3981584630963353,2.341412489737854,-0.48019244318622073,-0.47281458752718897,0.2537765659206568,1.6422871708179456,1.1168256499449887,-0.39690276966585525,0.3823070784042044
Isaac Okoro,Away,CLE,NYK,95,89,1,ff5320ff-7b62-40dd-aa7d-2d2e4007e49d,-1.4378881810821496,1.3299408946076272,-0.8349855668359564,-1.7160161176229165,-0.9052147703356561,-0.29067329646536605,-0.5863276249417824,-0.5466178198897116,0.5504953915279684,-1.2921643532538019,0.10273392067336463,-0.38376619422771235,0.09795540243651535
Georges Niang,Away,CLE,NYK,95,89,1,ff5320ff-7b62-40dd-aa7d-2d2e4007e49d,-0.6730095644535754,0.15684410813832483,0.701642605873203,-0.37678676501269387,2.017708617105402,-0.9679811466193119,-2.1884055613839384,-0.43601171505030967,0.9480409098918143,1.1780883045128445,0.47497930594746535,0.37972535972390875,0.3547843545983846
Caris LeVert,Away,CLE,NYK,95,89,1,ff5320ff-7b62-40dd-aa7d-2d2e4007e49d,1.9953470814922696,2.421795838632517,-0.7737238597584489,0.4247474126919687,0.29713093992285355,-0.5584155740767613,-1.2466775126180805,1.2836963480704597,0.6449048467206389,2.047045885249924,1.6548871006231218,0.7460345725165273,0.12353714458709855
Dean Wade,Away,CLE,NYK,95,89,1,ff5320ff-7b62-40dd-aa7d-2d2e4007e49d,-0.44827176250720896,-2.0275983764680197,0.23870014128644057,0.08453455844563763,-0.3754964699214551,-0.639515468934561,0.37682520829087945,3.7975173970184057,1.3481431206906997,-1.2921643532538019,-0.1332800837880485,0.501844924118075,-0.6674099346625425
Tristan Thompson,Away,CLE,NYK,95,89,1,ff5320ff-7b62-40dd-aa7d-2d2e4007e49d,-1.1181240919751803,-0.4906995872246505,-1.6929154433489069,-1.4546343922743576,1.6435971853115545,-1.5637200041570183,1.3044823221568993,1.1125146628404325,-1.8754298753543008,-1.2921643532538019,0.20756498053685266,-0.4964926687388925,-0.02651366979661857
Craig Porter Jr.,Away,CLE,NYK,95,89,1,ff5320ff-7b62-40dd-aa7d-2d2e4007e49d,-1.7232520542222243,-0.26459421331236116,1.6881083739559446,-1.3942939006294424,-1.480236920809783,-0.21281886529971425,-0.26189103152682575,3.2792284048791394,-2.6645365655264297,3.2863166698850943,-0.4520044841347384,0.5081776635315252,-0.10278343842484763
Emoni Bates,Away,CLE,NYK,95,89,1,ff5320ff-7b62-40dd-aa7d-2d2e4007e49d,-2.147500124982208,-2.0275983764680197,0.23870014128644057,0.08453455844563763,-2.5889650391617227,0.17476536399755174,0.7149011738075323,-2.9891366794415717,-0.17103693633369385,-1.2921643532538019,-3.0572406758914688,0.832265759610711,-0.16251704880014295
Damian Jones,Away,CLE,NYK,95,89,1,ff5320ff-7b62-40dd-aa7d-2d2e4007e49d,-2.147500124982208,-2.0275983764680197,0.23870014128644057,0.08453455844563763,-2.5889650391617227,0.17476536399755174,0.7149011738075323,-2.9891366794415717,-0.17103693633369385,-1.2921643532538019,-3.0572406758914688,0.832265759610711,-0.16251704880014295
Sam Merrill,Away,CLE,NYK,95,89,1,ff5320ff-7b62-40dd-aa7d-2d2e4007e49d,-2.147500124982208,-2.0275983764680197,0.23870014128644057,0.08453455844563763,-2.5889650391617227,0.17476536399755174,0.7149011738075323,-2.9891366794415717,-0.17103693633369385,-1.2921643532538019,-3.0572406758914688,0.832265759610711,-0.16251704880014295
Isaiah Mobley,Away,CLE,NYK,95,89,1,ff5320ff-7b62-40dd-aa7d-2d2e4007e49d,-2.147500124982208,-2.0275983764680197,0.23870014128644057,0.08453455844563763,-2.5889650391617227,0.17476536399755174,0.7149011738075323,-2.9891366794415717,-0.17103693633369385,-1.2921643532538019,-3.0572406758914688,0.832265759610711,-0.16251704880014295
Donovan Mitchell,Away,CLE,IND,116,121,0,5428d83d-128b-4434-b258-399346be323a,5.109454382006171,2.8170237725185485,-0.505603094107348,2.137104415673535,0.33108674331406285,-0.7342423470678364,-0.4170363625299058,2.0841649449263633,0.009595611239563283,4.337333048920339,2.161794221900014,0.6785458523841869,-1.2246670344833155
Evan Mobley,Away,CLE,IND,116,121,0,5428d83d-128b-4434-b258-399346be323a,0.7709413006678343,2.6661025407947467,1.5169893429988064,-0.6036034649899034,4.622344378140421,4.141473783294022,-0.0819386030259038,0.3224177399497034,-1.1144098089749828,-1.2921643532538019,1.3364724469970475,0.9776221864061535,0.15053561529676732
Darius Garland,Away,CLE,IND,116,121,0,5428d83d-128b-4434-b258-399346be323a,0.3469876753357173,3.0502103530984304,-0.1527479899636824,-0.2364363271344345,-1.5030493559143177,1.384698412444543,0.11045599954756347,0.014486772672204612,-0.8985146605619772,2.1456912436776596,0.9443820196454179,-1.089839919260359,-0.6587497398627764
Max Strus,Away,CLE,IND,116,121,0,5428d83d-128b-4434-b258-399346be323a,0.5903930758386706,-0.4259522013390103,0.3635300166528515,-1.2218921558556806,-0.9822403470286301,1.343254328817397,-0.17396338425134053,0.45063566010315875,0.5489629491485731,0.22182431617095139,0.6109013736400554,-0.435769512312059,0.5234886655863411
Jarrett Allen,Away,CLE,IND,116,121,0,5428d83d-128b-4434-b258-399346be323a,-0.6188373133472322,0.11986325064953891,0.17420483936955805,-1.7912950673610664,3.5429002102895257,1.9371133781328604,0.41206134026097996,0.9565157493867416,-1.7690001233718315,1.2247647833795599,0.33989519647414074,-0.2861454434053894,-0.08605284406893955
Caris LeVert,Away,CLE,IND,116,121,0,5428d83d-128b-4434-b258-399346be323a,0.6103806551313092,0.01550359321306084,-0.6870914096018913,0.7887609633759834,0.8753455703103235,0.8297924459727309,-1.283943329293263,-0.0984784583525177,-0.46414299280227184,1.5707807633570552,0.8941471912639298,-0.6731788171549745,0.14874939530194803
Georges Niang,Away,CLE,IND,116,121,0,5428d83d-128b-4434-b258-399346be323a,0.9563767111143164,-1.3325260577559925,-0.05957601199907623,0.07329996730453614,0.4924425203438334,-0.7213266727717376,-1.5473755786327945,1.1467457911106378,0.7126901631721527,1.037708371365682,0.6732436694796786,0.2729582399111769,0.6543481316416253
Isaac Okoro,Away,CLE,IND,116,121,0,5428d83d-128b-4434-b258-399346be323a,-1.0026096697104825,1.8013162588076712,0.671629316626958,-1.9112090840855105,-1.4859922788029103,-0.20542566468771087,-0.35477771611005826,2.9003702345615623,0.672105727592879,-1.2921643532538019,-0.3711581803160619,-1.191889605143177,-1.4317487843380363
Tristan Thompson,Away,CLE,IND,116,121,0,5428d83d-128b-4434-b258-399346be323a,-2.147500124982208,-1.8367892931545775,0.10732902731706252,-0.11174211226614275,0.6293741614367747,-1.1253240155837214,-1.7764673190814535,-2.9891366794415717,-0.17103693633369385,-1.2921643532538019,-1.647076356517698,-1.2072999828134237,0.2661629915128187
Dean Wade,Away,CLE,IND,116,121,0,5428d83d-128b-4434-b258-399346be323a,-2.147500124982208,-1.8367892931545775,0.10732902731706252,-0.11174211226614275,-1.9884286036452195,-0.07176087635766357,-0.08355063533856781,-2.9891366794415717,-0.17103693633369385,-1.2921643532538019,-1.6996677811151601,-1.4430590923871343,0.35876174442521397
Damian Jones,Away,CLE,IND,116,121,0,5428d83d-128b-4434-b258-399346be323a,-2.147500124982208,-2.0275983764680197,0.23870014128644057,0.08453455844563763,-2.5889650391617227,0.17476536399755174,0.7149011738075323,-2.9891366794415717,-0.17103693633369385,-1.2921643532538019,-3.0572406758914688,0.832265759610711,-0.16251704880014295
Sam Merrill,Away,CLE,IND,116,121,0,5428d83d-128b-4434-b258-399346be323a,-2.147500124982208,-2.0275983764680197,0.23870014128644057,0.08453455844563763,-2.5889650391617227,0.17476536399755174,0.7149011738075323,-2.9891366794415717,-0.17103693633369385,-1.2921643532538019,-3.0572406758914688,0.832265759610711,-0.16251704880014295
Craig Porter Jr.,Away,CLE,IND,116,121,0,5428d83d-128b-4434-b258-399346be323a,-2.147500124982208,-2.0275983764680197,0.23870014128644057,0.08453455844563763,-2.5889650391617227,0.17476536399755174,0.7149011738075323,-2.9891366794415717,-0.17103693633369385,-1.2921643532538019,-3.0572406758914688,0.832265759610711,-0.16251704880014295
Max Strus,Home,CLE,GSW,115,104,1,46d7c295-0ff9-409b-92ca-b7f9aa28553a,2.4323033748837073,0.3852696877392081,0.6567733138123286,0.45094185596963354,-0.5415567188143086,-0.3619881632695488,-0.8281030826055169,1.2780295930144139,0.8445442642603415,-1.2921643532538019,1.030110888073203,0.47938734788986376,-0.23806247788872806
Donovan Mitchell,Home,CLE,GSW,115,104,1,46d7c295-0ff9-409b-92ca-b7f9aa28553a,5.056718234140586,3.8491599244031027,-0.18736709725637332,0.36792994484718533,-1.081719032461113,-0.3802891332423801,0.4627882043067104,1.9896956252083131,0.4223851587778494,1.9521945790694086,1.9667782164277865,1.176277358894192,-0.8455280292094511
Darius Garland,Home,CLE,GSW,115,104,1,46d7c295-0ff9-409b-92ca-b7f9aa28553a,1.826969302253074,3.1082072547647317,-2.8118797378967497,0.7128523244153478,-0.8306252164728274,-0.3213680326246459,-0.686319826593247,-0.20819206354114253,-0.4834989584095422,6.48879780045142,2.110269980629157,-0.07120482170187656,1.3791484576980582
Evan Mobley,Home,CLE,GSW,115,104,1,46d7c295-0ff9-409b-92ca-b7f9aa28553a,0.23510821451681166,1.5930222438943213,-2.832872093715821,-1.5593878473958003,6.08896421736343,-0.9168452800745247,1.3093798296955768,0.3773025589955312,-1.3097949995161566,0.5841040493463326,1.152597430424307,-0.04753851070567672,0.6917317109177309
Jarrett Allen,Home,CLE,GSW,115,104,1,46d7c295-0ff9-409b-92ca-b7f9aa28553a,-0.300724871634211,0.20793043631113833,-1.3068980128385155,0.16448618156690353,2.8184513559403843,-1.8671688139586955,2.710863248755648,1.3375092273025426,-1.9104795189284933,1.1186481526397216,0.7603097108858016,0.8588081993251049,0.1152239400736224
Caris LeVert,Home,CLE,GSW,115,104,1,46d7c295-0ff9-409b-92ca-b7f9aa28553a,-0.4997779175156258,0.5326645727925731,1.371370401965114,-0.6787584275204644,-0.10925187428895881,-0.4657640476358473,-1.052404130521363,0.5563138392315397,-0.29559264246483635,1.1780883045128445,0.5905637950049474,0.471567006253711,0.12742707402855824
Georges Niang,Home,CLE,GSW,115,104,1,46d7c295-0ff9-409b-92ca-b7f9aa28553a,-0.10244459567776192,-0.942037197155799,-0.32325224173998196,-0.3071245147452849,0.5287744504243541,-0.6591627190277025,-1.431785105948864,0.9165558961380278,1.2204816575494726,-1.2921643532538019,0.13924912566571732,-0.128889503640239,0.1016131246099412
Dean Wade,Home,CLE,GSW,115,104,1,46d7c295-0ff9-409b-92ca-b7f9aa28553a,-1.0042613171044308,1.4601437037949299,5.1586727501016725,-2.5464044668418193,0.6226975813670212,-1.0438759890517897,0.2778974867644136,0.9603076342946655,1.6711731948106499,-1.2921643532538019,-0.07541208850809365,1.382913721567898,-0.3214512805548878
Tristan Thompson,Home,CLE,GSW,115,104,1,46d7c295-0ff9-409b-92ca-b7f9aa28553a,-1.7012811608777414,-1.6459802098411351,-0.02404208665231553,-0.3080187829779232,2.4533209133512237,1.234640270877846,0.08545672046125267,-0.007792111777685795,-1.3742252925871066,1.8596035214603805,-0.31487854096368234,-0.09542199598664683,0.2666014157916479
Damian Jones,Home,CLE,GSW,115,104,1,46d7c295-0ff9-409b-92ca-b7f9aa28553a,-2.147500124982208,-2.0275983764680197,0.23870014128644057,0.08453455844563763,-2.0174868182669856,-0.05983218730821767,-0.04491587037988554,-2.9891366794415717,-0.17103693633369385,-1.2921643532538019,-1.5306337502069074,-0.3778128647347973,0.27409949184592297
Sam Merrill,Home,CLE,GSW,115,104,1,46d7c295-0ff9-409b-92ca-b7f9aa28553a,-2.147500124982208,-2.0275983764680197,0.23870014128644057,0.08453455844563763,-2.0174868182669856,-0.05983218730821767,-0.04491587037988554,-2.9891366794415717,-0.17103693633369385,-1.2921643532538019,-1.5444195974639872,-0.4456713641082187,0.3378578560443157
Donovan Mitchell,Away,CLE,OKC,120,128,0,cbd93d90-8120-4efa-a88b-ab4c4a2edf3e,3.0814986800940236,1.111023039477015,1.6099181000950566,0.5956124422793748,0.07802711289897914,-0.5417357890748121,-1.272014075528967,-0.16634636332164834,-0.010043588168015047,1.385556302089351,1.5541982973759438,-0.34425138504019753,0.10198994582763923
Darius Garland,Away,CLE,OKC,120,128,0,cbd93d90-8120-4efa-a88b-ab4c4a2edf3e,1.054490748909625,6.053088551682033,-2.4645449036715052,-0.8640559623981899,-0.06500241133292428,0.8369277285417978,0.2172865036995577,1.2396051077904024,-0.4302347591418764,-0.968405727786928,1.2259397915951846,-0.38807663262362974,-0.16869484685819358
Evan Mobley,Away,CLE,OKC,120,128,0,cbd93d90-8120-4efa-a88b-ab4c4a2edf3e,1.5737651068302119,-0.22610458332903674,0.4155187327232351,-0.6796641507086406,1.0535279560405526,0.480954049181429,0.6416682149122833,0.5983159410605448,-1.4355474036738898,2.0015172582832763,1.2736689661109897,0.11584276452416283,-0.11920854091376819
Max Strus,Away,CLE,OKC,120,128,0,cbd93d90-8120-4efa-a88b-ab4c4a2edf3e,1.3259953078357545,-0.7588419174255602,-0.12503985187969954,0.7631643116270161,1.986427560517521,0.2670588889330609,0.1400956279454138,3.122634130720658,1.2560474209980057,-1.2921643532538019,0.4398311975156433,0.35215944702707336,-1.1582855747090863
Jarrett Allen,Away,CLE,OKC,120,128,0,cbd93d90-8120-4efa-a88b-ab4c4a2edf3e,-0.40656605525330686,0.316996468303194,1.747307802237147,-0.9723053496082428,2.239174637221796,-0.007067038621502975,2.5523459274761175,1.123519163455523,-1.8152877681669997,4.76358907894253,0.6119720096117228,0.14301763862148223,-0.909794327383843
Caris LeVert,Away,CLE,OKC,120,128,0,cbd93d90-8120-4efa-a88b-ab4c4a2edf3e,2.6445374117476037,1.6299443401153357,-1.8677026343795866,0.0914825582626043,0.17046376976047323,-0.5810810917059444,-1.3518786478829883,1.3094501746136864,0.036988939656301255,7.72511333401337,1.3677196858504184,-0.9184355242610726,-1.4317900846125728
Georges Niang,Away,CLE,OKC,120,128,0,cbd93d90-8120-4efa-a88b-ab4c4a2edf3e,-0.36803643367838806,-0.781034342636828,-1.0574334863957524,-1.1773237311981055,-0.7956879145393826,-0.4185775050738279,-0.8238768483118494,1.5993391037462592,0.30414214430747555,-1.2921643532538019,-0.2200319788514016,-1.1450702867662814,-0.48952215896929635
Tristan Thompson,Away,CLE,OKC,120,128,0,cbd93d90-8120-4efa-a88b-ab4c4a2edf3e,-2.094432310458727,2.428210464815993,-1.6574138223966646,-2.486094949764554,-0.5632127873541592,-0.520981722809575,-0.9466912362335562,-1.6971911882533717,-0.5371583602007172,-0.05893555012337349,-0.49651716663934004,-0.3318551914806004,0.009849085889424266
Dean Wade,Away,CLE,OKC,120,128,0,cbd93d90-8120-4efa-a88b-ab4c4a2edf3e,-1.9517503738886894,1.686942291877671,-0.9044462586711176,-3.524069214552892,4.2828561281681905,0.2513906369238708,0.8803339086306737,-2.11347239364018,2.060655762450689,1.654548559495633,-0.5399308018436273,-1.5855523378458443,0.34443391178225935
Damian Jones,Away,CLE,OKC,120,128,0,cbd93d90-8120-4efa-a88b-ab4c4a2edf3e,-2.147500124982208,-2.0275983764680197,0.23870014128644057,0.08453455844563763,-2.5889650391617227,0.17476536399755174,0.7149011738075323,-2.9891366794415717,-0.17103693633369385,-1.2921643532538019,-3.0572406758914688,0.832265759610711,-0.16251704880014295
Isaac Okoro,Away,CLE,OKC,120,128,0,cbd93d90-8120-4efa-a88b-ab4c4a2edf3e,-2.147500124982208,-2.0275983764680197,0.23870014128644057,0.08453455844563763,-2.5889650391617227,0.17476536399755174,0.7149011738075323,-2.9891366794415717,-0.17103693633369385,-1.2921643532538019,-1.4788266327286617,0.09074564632062354,0.10076665022568322
Craig Porter Jr.,Away,CLE,OKC,120,128,0,cbd93d90-8120-4efa-a88b-ab4c4a2edf3e,-2.147500124982208,-2.0275983764680197,0.23870014128644057,0.08453455844563763,-2.5889650391617227,0.17476536399755174,0.7149011738075323,-2.9891366794415717,-0.17103693633369385,-1.2921643532538019,-3.0572406758914688,0.832265759610711,-0.16251704880014295
Donovan Mitchell,Away,CLE,GSW,118,110,1,40cec5f2-c2fe-45e2-b795-6f569ee03741,2.820304558503466,2.4018746388580112,0.5447573860840051,-0.18856927296715306,1.3163998921102325,0.6622077474638839,-0.5555825017468053,-0.055268147939762535,0.16862645090847217,2.5163168064571866,1.9447269833832166,0.48250936275411516,0.95336929761305
Darius Garland,Away,CLE,GSW,118,110,1,40cec5f2-c2fe-45e2-b795-6f569ee03741,2.04101941684986,4.561154782593058,2.5644656419210445,-2.2051378902327743,0.5565853493975156,-0.8103825585947356,0.37045039201624846,1.249877422206606,0.5500592697299822,2.31377689482615,1.4730011995596386,0.5607833455486534,-0.2951121407110449
Max Strus,Away,CLE,GSW,118,110,1,40cec5f2-c2fe-45e2-b795-6f569ee03741,1.0803910491277668,0.32752101402539785,0.7741344007494616,0.8291514172875106,1.3245635081724974,-0.9029167895274584,-0.9846303121261191,2.700296006172798,0.00992854867969667,1.037708371365682,0.8553661018577893,0.9846694243800234,-0.3925081485586103
Evan Mobley,Away,CLE,GSW,118,110,1,40cec5f2-c2fe-45e2-b795-6f569ee03741,0.5535151016576998,1.0087230709698698,-0.42861295817282163,-1.0507850146315665,0.6936296368226721,0.8549142800575262,-0.14734337296878852,0.9341110390620607,-1.4661911701704917,3.9632216942816703,0.9384826697457779,-0.19000983959961437,-0.6788186751215702
Jarrett Allen,Away,CLE,GSW,118,110,1,40cec5f2-c2fe-45e2-b795-6f569ee03741,-0.7865778938964583,0.533100624173398,-1.0461726419175044,0.44067493736768915,0.6291784900585823,-1.0292846021696196,1.4250350193984829,-0.0904727143648544,-1.2291642944529468,5.523440821525755,0.8214508077945508,0.7186993867334722,0.7440248051373811
Caris LeVert,Away,CLE,GSW,118,110,1,40cec5f2-c2fe-45e2-b795-6f569ee03741,2.8308666895787393,1.762810391984329,3.658048786831529,-0.6675624276690706,0.6866807228571956,0.6921523250049597,0.7172134620453194,0.7411230292411799,0.037991951523023024,2.0214577614155265,1.8384125453460913,1.898584944800335,0.7639134559310193
Georges Niang,Away,CLE,GSW,118,110,1,40cec5f2-c2fe-45e2-b795-6f569ee03741,-1.3645011206081337,-0.7179929562470148,-0.9617231915956476,-0.42701365228393035,-0.8030819463247209,-0.5223123875680826,0.4418054473222937,-2.157008366748235,2.072621040267961,-1.2921643532538019,-0.4544330520222128,-1.8001929574301208,0.2843480871140927
Dean Wade,Away,CLE,GSW,118,110,1,40cec5f2-c2fe-45e2-b795-6f569ee03741,-0.1463863823667275,-0.8827438765873658,-0.5495265425298277,-1.0931254658250447,1.771162420990088,-1.1080024193927536,-2.25746953409198,2.549832720370744,1.4613215402316693,1.3892905462747915,0.22195751251645784,1.2123254770892058,1.3286499751126282
Craig Porter Jr.,Away,CLE,GSW,118,110,1,40cec5f2-c2fe-45e2-b795-6f569ee03741,-2.094432310458727,-2.0275983764680197,0.23870014128644057,0.08453455844563763,-2.012643782496691,-0.06182030214979198,-0.05135499787299925,-2.430784586547785,-0.32816854677843865,0.4025558088849415,1.606715353820899,-4.792003824417299,2.5996831915762013
Tristan Thompson,Away,CLE,GSW,118,110,1,40cec5f2-c2fe-45e2-b795-6f569ee03741,-2.147500124982208,-2.0275983764680197,0.23870014128644057,0.08453455844563763,-2.012643782496691,-0.06182030214979198,-0.05135499787299925,-2.9891366794415717,-0.17103693633369385,-1.2921643532538019,-1.6459704616209494,-0.9314074919874226,0.016397525175001378
Emoni Bates,Away,CLE,GSW,118,110,1,40cec5f2-c2fe-45e2-b795-6f569ee03741,-2.147500124982208,-2.0275983764680197,0.23870014128644057,0.08453455844563763,-2.012643782496691,-0.06182030214979198,-0.05135499787299925,-2.9891366794415717,-0.17103693633369385,-1.2921643532538019,-1.6294262001955484,-0.7182708011295478,0.08019143309824518
Damian Jones,Away,CLE,GSW,118,110,1,40cec5f2-c2fe-45e2-b795-6f569ee03741,-2.147500124982208,-2.0275983764680197,0.23870014128644057,0.08453455844563763,-2.012643782496691,-0.06182030214979198,-0.05135499787299925,-2.9891366794415717,-0.17103693633369385,-1.2921643532538019,-1.6569978947097075,-0.8539877998763905,0.20770816149503057
Donovan Mitchell,Away,CLE,SAC,120,132,0,c03d17d1-cc80-43b2-9137-b94c6e56166c,3.680162807293013,0.815604781479908,0.1829337036348902,0.7300493280588183,-0.4927930877174531,1.220318659615355,-0.5438988969645611,0.5097601369785609,0.6250705662735015,1.9256362133388645,1.6644277432654955,-0.44331379970934154,-0.22528283424087572
Max Strus,Away,CLE,SAC,120,132,0,c03d17d1-cc80-43b2-9137-b94c6e56166c,3.1054589991395747,0.8770768658952374,0.126664753924932,0.04394706446945771,0.6790155820216592,-0.9623342830217885,0.2707180548850821,2.597730657425916,0.890306419618962,-1.2921643532538019,1.192917923268287,1.196430949031514,-0.14318797978374595
Darius Garland,Away,CLE,SAC,120,132,0,c03d17d1-cc80-43b2-9137-b94c6e56166c,2.182049706025949,0.30107150965584834,-0.5824093122366036,1.5910564441152997,-0.5052090973389376,-0.4543626776323754,-1.0444286589737202,0.7300263100178012,0.7478622096257417,1.5113406114839323,0.8796077399669288,-1.2966618886351922,-0.972116883265601
Evan Mobley,Away,CLE,SAC,120,132,0,c03d17d1-cc80-43b2-9137-b94c6e56166c,0.8476316559297468,1.4109279271809976,-0.7962781022333597,-1.4093752518503102,4.937566385708428,-2.6640048402850995,3.0929230386090873,0.44842001734520326,-1.5551756651813071,-1.2921643532538019,1.0464767653527547,-0.7117174860315033,-0.1175957299525035
Jarrett Allen,Away,CLE,SAC,120,132,0,c03d17d1-cc80-43b2-9137-b94c6e56166c,-0.3757635795021752,-0.19977858047226674,-1.4165505875822995,-0.8355635648214552,3.8054677085218107,-2.236463696117938,1.1669639717865883,1.7735481919207525,-2.1207199619914676,1.2247647833795599,0.08236757476562942,-1.6614220375987807,-1.914888228744365
Caris LeVert,Away,CLE,SAC,120,132,0,c03d17d1-cc80-43b2-9137-b94c6e56166c,1.7828230580151248,-0.26720618193595796,-1.1569834043639564,-0.7575996221520972,-0.24170026417078452,-0.6604278782579721,-0.1296015917597252,1.6772145024507754,0.1392425890173097,2.7553420980320844,1.07086688104376,-0.8449684684559715,-0.5322892405085737
Georges Niang,Away,CLE,SAC,120,132,0,c03d17d1-cc80-43b2-9137-b94c6e56166c,0.7018153137253734,-1.4730678752206852,0.06650242509145367,0.3383068411341753,-1.3090491684597303,-0.27764599448178917,-0.575750500624173,2.9299262187348303,0.13768785227963143,-1.2921643532538019,0.11137473011564888,-0.41991303407704106,-1.3361587384063962
Dean Wade,Away,CLE,SAC,120,132,0,c03d17d1-cc80-43b2-9137-b94c6e56166c,-1.9517503738886894,-1.4198437113808322,0.0608984142785557,0.41107999737661405,-1.881881816698743,-0.11549940287229857,-0.22521144018706948,-1.8667685460278651,1.9928525214861486,-1.2921643532538019,-1.1502717910801814,-1.676700981324547,-0.7084723943941373
Tristan Thompson,Away,CLE,SAC,120,132,0,c03d17d1-cc80-43b2-9137-b94c6e56166c,-1.8293876832691869,-1.6459802098411351,-0.02404208665231553,-0.3080187829779232,-1.0855209380426567,-0.37404534148638685,-0.7292191021720199,2.9828141328497417,-2.581826287582978,-1.2921643532538019,-0.7070047411870682,0.09286341200285135,0.9872779352299368
Sam Merrill,Away,CLE,SAC,120,132,0,c03d17d1-cc80-43b2-9137-b94c6e56166c,-1.9517503738886894,-2.0275983764680197,0.23870014128644057,0.08453455844563763,-1.8770387809284486,-0.11748751771387288,-0.2316505676801832,-2.367432236770503,2.1304532163847747,-1.2921643532538019,-0.9139325418788193,-1.8684308301432813,1.8336727964441204
Craig Porter Jr.,Away,CLE,SAC,120,132,0,c03d17d1-cc80-43b2-9137-b94c6e56166c,-2.072461417114244,1.634677843484963,-0.26577459626992633,4.492982013221652,4.593668325904136,-2.7201392423780923,-4.043602055325142,-2.0458572621003697,-0.4302846223745839,-1.2921643532538019,-0.3134823057926858,1.0871838092324069,-0.9433581775303184
Damian Jones,Away,CLE,SAC,120,132,0,c03d17d1-cc80-43b2-9137-b94c6e56166c,-2.147500124982208,-2.0275983764680197,0.23870014128644057,0.08453455844563763,-2.5889650391617227,0.17476536399755174,0.7149011738075323,-2.9891366794415717,-0.17103693633369385,-1.2921643532538019,-3.0572406758914688,0.832265759610711,-0.16251704880014295
Max Strus,Away,CLE,POR,109,95,1,3889158b-518d-4226-8e57-e5f6e8bb2835,1.2854296055601373,3.3270545991627762,-1.811577166496531,-0.1859824758777089,-0.6214308104336814,-0.5099925324138477,0.33527138808709356,0.3718612329582453,0.3313551851446917,1.5373183919781754,1.7151832545737453,1.0268152293344153,1.8322117678229097
Donovan Mitchell,Away,CLE,POR,109,95,1,3889158b-518d-4226-8e57-e5f6e8bb2835,5.202703465498519,1.9194234165863837,-0.7540183528994318,-0.35580453464988365,0.3521515376277123,-0.5833426275444032,-1.2968236400622561,2.3748809224100227,0.18728960933861755,1.4025777803969417,2.3204286539378085,1.755481202302315,0.6379390451325214
Evan Mobley,Away,CLE,POR,109,95,1,3889158b-518d-4226-8e57-e5f6e8bb2835,1.0085656481688154,0.18966364803109437,0.4387348953062092,0.18379869860487852,5.063805605366373,2.4860513246123417,0.7882155599837464,1.422084353878783,-1.7177506248405994,3.274719381656892,1.742419674848066,2.2310574372762937,0.8819615035855182
Dean Wade,Away,CLE,POR,109,95,1,3889158b-518d-4226-8e57-e5f6e8bb2835,-1.5602508717016523,-1.2867603367529687,0.044355858908838315,0.5457786070596978,-0.027470103022914808,0.9162828657406573,0.5179692915268171,-1.8740245415458747,1.994846734455694,-1.2921643532538019,0.21329658427704595,0.12961316028653672,0.5313234893519384
Jarrett Allen,Away,CLE,POR,109,95,1,3889158b-518d-4226-8e57-e5f6e8bb2835,-0.9278237272257377,0.5325510600879827,-2.3111631117035993,-1.6709349971080347,3.792754141475771,3.361416334133883,-0.5600727510709231,2.4239580815198183,-2.4277459558084566,4.700426216773849,0.5731180534932605,0.07387784793743227,-0.3056413253586269
Caris LeVert,Away,CLE,POR,109,95,1,3889158b-518d-4226-8e57-e5f6e8bb2835,2.2306409028646854,2.0485279321752556,1.2322796280632429,0.727142195290604,2.028465990989925,0.42112050775617615,-0.6047680239995424,0.5061038915034314,-0.1680060967617172,-1.2921643532538019,1.50513111964145,0.4832907999572718,0.014821421778644674
Georges Niang,Away,CLE,POR,109,95,1,3889158b-518d-4226-8e57-e5f6e8bb2835,0.1406291381672952,-0.6719601209242934,-1.3778390701306014,-1.191999566561455,-0.44158393853934547,1.4610911023924709,-0.3416467739021739,1.482865548020928,0.9363360862818334,-1.2921643532538019,0.21757282469196904,-0.8865979091742305,-0.42988792151160027
Craig Porter Jr.,Away,CLE,POR,109,95,1,3889158b-518d-4226-8e57-e5f6e8bb2835,-1.4362365336882015,-0.3443808431538545,-1.9472542024528403,-1.6666408178498335,-0.32450069355105077,-0.6346754054393511,-0.9885650448649977,0.5268684009969391,-1.6506061183782486,-1.2921643532538019,-0.049224258188595285,-1.876590068393542,0.4703112109136081
Emoni Bates,Away,CLE,POR,109,95,1,3889158b-518d-4226-8e57-e5f6e8bb2835,-2.147500124982208,-2.0275983764680197,0.23870014128644057,0.08453455844563763,1.946466601870438,-1.7270289658050273,-2.376991802586613,-2.9891366794415717,-0.17103693633369385,-1.2921643532538019,-1.3992350888345813,0.16225310087596373,0.022380617829899096
Damian Jones,Away,CLE,POR,109,95,1,3889158b-518d-4226-8e57-e5f6e8bb2835,-2.147500124982208,-2.0275983764680197,0.23870014128644057,0.08453455844563763,-2.061074140199635,-0.04193915373404881,0.013036277058137856,-2.9891366794415717,-0.17103693633369385,-1.2921643532538019,-1.501863062859507,-0.3429157277928401,0.4970262179734894
Sam Merrill,Away,CLE,POR,109,95,1,3889158b-518d-4226-8e57-e5f6e8bb2835,-2.147500124982208,-2.0275983764680197,0.23870014128644057,0.08453455844563763,-2.061074140199635,-0.04193915373404881,0.013036277058137856,-2.9891366794415717,-0.17103693633369385,-1.2921643532538019,-1.5156489101165866,-0.4107742271662615,0.5607845821718821
Tristan Thompson,Away,CLE,POR,109,95,1,3889158b-518d-4226-8e57-e5f6e8bb2835,-2.147500124982208,-2.0275983764680197,0.23870014128644057,0.08453455844563763,1.946466601870438,-1.7270289658050273,-2.376991802586613,-2.9891366794415717,-0.17103693633369385,-1.2921643532538019,-1.4022986104472654,0.14717343434853675,0.0365491432073197
Max Strus,Home,CLE,DET,108,100,1,67afd531-7af6-4a9a-ba81-9e3197a4d6ee,2.896948258765748,2.5181369821414066,2.6867306971234806,-1.495896658938386,1.2448267877323718,0.5839230815234259,-0.4315895849203528,1.2887859892122657,0.6852914669645535,-1.2921643532538019,1.5342926165028699,0.8702480253446696,-0.05457121761331161
Evan Mobley,Home,CLE,DET,108,100,1,67afd531-7af6-4a9a-ba81-9e3197a4d6ee,0.803689869240781,2.2323949424586695,-0.9963387702466462,-0.3318607192225343,2.6804035248027276,-1.5777091588824415,1.3064303739448875,0.9070074799901537,-1.7548293927602658,1.0350754895910639,1.1633144037076044,-0.43570382356364773,-0.7629637186995092
Darius Garland,Home,CLE,DET,108,100,1,67afd531-7af6-4a9a-ba81-9e3197a4d6ee,3.2567664077326715,1.0777642732388946,-2.0336336408911992,-0.22622613710623293,-0.6154615154078245,-0.49853744366468783,0.1875235955185785,1.0518351290848382,-0.1757008615664774,3.2833419354920115,1.847742179895438,-1.1222009961262531,-0.33746209942418165
Jarrett Allen,Home,CLE,DET,108,100,1,67afd531-7af6-4a9a-ba81-9e3197a4d6ee,-0.46875989761130393,-0.24587030381106276,-1.1674328813506014,-0.2549713341136441,3.538615017621051,6.300426032183405,0.10614532690957217,0.042033829793966554,-1.3895530760616435,1.0666792730787011,0.8627374748780083,0.12740341942977296,0.2345075699215375
Dean Wade,Home,CLE,DET,108,100,1,67afd531-7af6-4a9a-ba81-9e3197a4d6ee,-1.395760819291468,-1.8367892931545775,0.10732902731706252,-0.11174211226614275,-1.5392039800412756,-0.1828489089231126,-0.31490819088214367,7.074465299457509,0.902822589903392,-1.2921643532538019,-0.4616223761015932,-0.1371950391072413,0.1216794813026316
Caris LeVert,Home,CLE,DET,108,100,1,67afd531-7af6-4a9a-ba81-9e3197a4d6ee,0.9655866151784914,-0.3326556422461695,2.1851638867549728,-0.5040704935308311,-1.6534374667531337,-0.13381450525607844,-0.21739979211971172,-0.5542491022743857,0.35906138144717015,0.12191427366080873,1.1018154715577553,-0.2234493665509928,1.2648004072145134
Georges Niang,Home,CLE,DET,108,100,1,67afd531-7af6-4a9a-ba81-9e3197a4d6ee,-0.5783615989504987,-0.44571865074111866,1.1306886032854044,0.13264768548914727,1.0142506434185143,-0.7836413526657876,-1.7144719824262595,3.658695352595154,0.19553458737947385,1.3892905462747915,0.564179607337256,1.7497021715867362,0.931806955571979
Craig Porter Jr.,Home,CLE,DET,108,100,1,67afd531-7af6-4a9a-ba81-9e3197a4d6ee,-0.15064745589828268,1.488099735250217,1.4436414759187828,2.5956323212139067,-0.35739054617455834,-0.5294358198702821,-0.9608644725456622,0.6145463661389101,-1.590283025004409,1.037708371365682,1.1947325774477036,1.6350018954268144,-0.08107635744282347
Emoni Bates,Home,CLE,DET,108,100,1,67afd531-7af6-4a9a-ba81-9e3197a4d6ee,-2.147500124982208,-2.0275983764680197,0.23870014128644057,0.08453455844563763,-2.0174868182669856,-0.05983218730821767,-0.04491587037988554,-2.9891366794415717,-0.17103693633369385,-1.2921643532538019,-1.590062416178531,-0.5600257254043597,0.4491602154207384
Damian Jones,Home,CLE,DET,108,100,1,67afd531-7af6-4a9a-ba81-9e3197a4d6ee,-2.147500124982208,-2.0275983764680197,0.23870014128644057,0.08453455844563763,-2.0174868182669856,-0.05983218730821767,-0.04491587037988554,-2.9891366794415717,-0.17103693633369385,-1.2921643532538019,-1.6191658714990325,-0.7032825574149161,0.5837612065062342
Sam Merrill,Home,CLE,DET,108,100,1,67afd531-7af6-4a9a-ba81-9e3197a4d6ee,-2.147500124982208,-2.0275983764680197,0.23870014128644057,0.08453455844563763,-2.0174868182669856,-0.05983218730821767,-0.04491587037988554,-2.9891366794415717,-0.17103693633369385,-1.2921643532538019,-1.632951718756112,-0.7711410567883374,0.647519570704627
Tristan Thompson,Home,CLE,DET,108,100,1,67afd531-7af6-4a9a-ba81-9e3197a4d6ee,-2.147500124982208,-2.0275983764680197,0.23870014128644057,0.08453455844563763,-2.0174868182669856,-0.05983218730821767,-0.04491587037988554,-2.9891366794415717,-0.17103693633369385,-1.2921643532538019,-1.6099753066609794,-0.6580435578326351,0.5412556303739724
Darius Garland,Home,CLE,DEN,121,109,1,b22c11c4-249e-4e3c-91e7-e7cbdf142a8e,2.804803611856262,2.1936299514229476,-0.725202500483902,0.7463344332847666,-0.21704987317134558,1.1056843395221996,-0.6082894967529465,1.7618371282668477,-0.2633548545409066,2.065721704299767,1.9334506812893997,1.1728045939671305,0.7219755885443846
Max Strus,Home,CLE,DEN,121,109,1,b22c11c4-249e-4e3c-91e7-e7cbdf142a8e,0.6162933760568124,1.4405643764986402,-2.0888021691645577,-0.05265139829240797,1.3315794078919985,0.6186948485676205,-0.3968807907663554,1.2427584806822118,1.1661360596092092,1.8717755749698899,0.9909111713634207,0.6256218623461235,0.9268363450711972
Evan Mobley,Home,CLE,DEN,121,109,1,b22c11c4-249e-4e3c-91e7-e7cbdf142a8e,0.6225155323258542,1.0377090884441944,-1.4507119007764293,0.5853817130060444,4.000575247350772,1.3012956059935625,0.7582119780329195,1.306033189778954,-1.9109178316868336,-1.2921643532538019,1.1672679016675058,1.0389002951666095,0.25443634175962887
Jarrett Allen,Home,CLE,DEN,121,109,1,b22c11c4-249e-4e3c-91e7-e7cbdf142a8e,0.22053280033821984,1.7534847122703938,-0.32232473954541413,0.14372090323181325,0.6750107438532832,-1.0045406644996997,0.7013259731068274,0.605602969757932,-1.6205540265610676,2.0456173798666475,1.6706985845556999,2.44755308748173,2.7657837044031517
Dean Wade,Home,CLE,DEN,121,109,1,b22c11c4-249e-4e3c-91e7-e7cbdf142a8e,-0.25252201141369024,0.38122932719397085,2.345543948052444,-0.45251917013052606,3.069464959835507,-1.5360577352187688,-1.6816917354115464,2.498636441703688,1.4767536437531772,-1.2921643532538019,0.5104219248126014,2.2490531268336786,1.0130929232890553
Craig Porter Jr.,Home,CLE,DEN,121,109,1,b22c11c4-249e-4e3c-91e7-e7cbdf142a8e,0.6758777922772026,1.9937825787188501,1.427687257268427,-0.22270806043005023,0.9332141992442019,0.6654990697540937,1.271119376450607,1.5299531936476085,-1.9536866510414777,3.9632216942816703,1.1646718289265605,0.7673241333681098,-1.349571855120103
Sam Merrill,Home,CLE,DEN,121,109,1,b22c11c4-249e-4e3c-91e7-e7cbdf142a8e,1.357255006519089,-1.3206984657915808,-0.06082134773527579,0.08947177980285592,-0.7560450963942472,-0.552810388591326,0.48070858625827645,0.5903873148975863,1.551757049362274,-1.2921643532538019,0.20203893768993716,-1.72470199691036,-0.5844066148153004
Georges Niang,Home,CLE,DEN,121,109,1,b22c11c4-249e-4e3c-91e7-e7cbdf142a8e,0.5942435814376528,-0.6492665781298967,-0.5863442198682465,0.2839179395524221,-0.489178615571941,-0.4692474185446324,-0.9426823357994112,1.3744881225342962,0.5454886248091502,1.037708371365682,0.7915609679683666,0.3053797298194892,0.8403044180863498
Tristan Thompson,Home,CLE,DEN,121,109,1,b22c11c4-249e-4e3c-91e7-e7cbdf142a8e,-1.308130011296756,-1.6459802098411351,-0.02404208665231553,-0.3080187829779232,0.7286149635798166,-1.2125943922813782,0.3999782120563742,0.15218634108222437,-1.419360217403981,0.5734064910800609,-0.45502962719364315,-2.432462035745739,-0.8751641593126427
Emoni Bates,Home,CLE,DEN,121,109,1,b22c11c4-249e-4e3c-91e7-e7cbdf142a8e,-1.9517503738886894,-2.0275983764680197,0.23870014128644057,0.08453455844563763,-0.42996875002550716,-0.669066549482693,-1.038341730343245,-2.367432236770503,2.1304532163847747,-1.2921643532538019,-1.1906820937224378,-2.0609990379885765,0.39144055067732453
Damian Jones,Home,CLE,DEN,121,109,1,b22c11c4-249e-4e3c-91e7-e7cbdf142a8e,-2.147500124982208,-2.0275983764680197,0.23870014128644057,0.08453455844563763,-1.9787425321046306,-0.07573710604081221,-0.09642889032479525,-2.9891366794415717,-0.17103693633369385,-1.2921643532538019,-1.6391171420198607,-1.1432467765583927,-0.05259733144064822
Caris LeVert,Home,CLE,DEN,121,109,1,b22c11c4-249e-4e3c-91e7-e7cbdf142a8e,-2.147500124982208,-2.0275983764680197,0.23870014128644057,0.08453455844563763,-2.5889650391617227,0.17476536399755174,0.7149011738075323,-2.9891366794415717,-0.17103693633369385,-1.2921643532538019,-1.4788266327286617,0.09074564632062354,0.10076665022568322
Max Strus,Away,CLE,PHI,122,119,1,b546125e-39b6-4605-82cd-71084ef81532,3.5043539804925024,2.6485970808807284,0.17774206805341317,-0.4686468868778634,0.6236212407563301,0.5690702111528002,0.7089933766087423,1.5730886563640827,0.9370352829060656,0.10926743283674008,1.4202125382465216,0.05380007118875111,-0.9701479829937091
Darius Garland,Away,CLE,PHI,122,119,1,b546125e-39b6-4605-82cd-71084ef81532,4.039980956259937,3.7911311559921788,0.9576960958468459,0.35967637613112774,-0.02143592000890928,-0.5747363588765394,-0.21450652156485506,0.4720242566195441,-0.12137120581666781,5.133687729298975,2.3560611722232334,0.1055202233407515,-0.22133174895743715
Evan Mobley,Away,CLE,PHI,122,119,1,b546125e-39b6-4605-82cd-71084ef81532,0.37973624390866395,1.3402770423265884,-2.3664620363444877,-1.0278367330226774,3.062943871739314,0.3238580036929228,-2.4400173629936153,0.713679030494154,-1.6525718201593125,3.3725544197358825,1.1387891643318053,-0.43647986100670155,-0.48548064017156933
Jarrett Allen,Away,CLE,PHI,122,119,1,b546125e-39b6-4605-82cd-71084ef81532,2.3762944675647226,0.5380842672674376,-1.2653937551017493,-0.04832334520694075,4.302127163943395,-2.1909268533000352,2.349078342898425,0.6855921961878871,-1.6431214889695052,0.8834169133120441,1.5273946801152907,-0.46326866597185284,-0.8332339125689227
Dean Wade,Away,CLE,PHI,122,119,1,b546125e-39b6-4605-82cd-71084ef81532,-1.3645011206081337,2.3836821608646455,1.534628899789713,-2.4457681376372253,2.0926459818619687,-1.521441400769928,1.8605863928219524,-1.8522565549918468,1.988864095547058,-1.2921643532538019,-0.016189427129831645,-1.0837976172597366,-0.6801354322255198
Craig Porter Jr.,Away,CLE,PHI,122,119,1,b546125e-39b6-4605-82cd-71084ef81532,-0.15064745589828268,1.4605517308323657,-0.7149186049519896,3.2949721747262957,-0.1534723852015219,1.1770244039236808,-0.6194924124668375,0.6072903706209009,-1.5882888120348637,1.037708371365682,1.1181323725301775,1.8492130019149189,0.7012742387155451
Georges Niang,Away,CLE,PHI,122,119,1,b546125e-39b6-4605-82cd-71084ef81532,0.8518927294613018,-1.1181621700210662,-0.6717236133224409,-0.7690406349108494,1.124149441054249,-0.830454939122729,-1.8208359667855438,1.5932190064767668,0.31408114955112976,-1.2921643532538019,0.7190777439481606,0.4917453861423883,0.8323705390018526
Tristan Thompson,Away,CLE,PHI,122,119,1,b546125e-39b6-4605-82cd-71084ef81532,-1.8293876832691869,-0.16600819491719324,1.6889133623922252,0.3993923065673643,0.7428617888569303,1.3045156567255645,0.607032326553773,1.8293101422765623,-2.255698642615445,1.654548559495633,-0.35013056640440077,0.8855675073642291,-0.320815606167654
Sam Merrill,Away,CLE,PHI,122,119,1,b546125e-39b6-4605-82cd-71084ef81532,-1.9517503738886894,-2.0275983764680197,0.23870014128644057,0.08453455844563763,-1.998114675185808,-0.06778464667451495,-0.0706723803523404,-2.367432236770503,2.1304532163847747,-1.2921643532538019,-1.060941301907709,-1.2045123473378614,1.163146737154402
Emoni Bates,Away,CLE,PHI,122,119,1,b546125e-39b6-4605-82cd-71084ef81532,-2.147500124982208,-2.0275983764680197,0.23870014128644057,0.08453455844563763,-2.5889650391617227,0.17476536399755174,0.7149011738075323,-2.9891366794415717,-0.17103693633369385,-1.2921643532538019,-3.0572406758914688,0.832265759610711,-0.16251704880014295
Damian Jones,Away,CLE,PHI,122,119,1,b546125e-39b6-4605-82cd-71084ef81532,-2.147500124982208,-2.0275983764680197,0.23870014128644057,0.08453455844563763,-2.5889650391617227,0.17476536399755174,0.7149011738075323,-2.9891366794415717,-0.17103693633369385,-1.2921643532538019,-3.0572406758914688,0.832265759610711,-0.16251704880014295
Caris LeVert,Away,CLE,PHI,122,119,1,b546125e-39b6-4605-82cd-71084ef81532,-2.147500124982208,-2.0275983764680197,0.23870014128644057,0.08453455844563763,-2.5889650391617227,0.17476536399755174,0.7149011738075323,-2.9891366794415717,-0.17103693633369385,-1.2921643532538019,-1.4788266327286617,0.09074564632062354,0.10076665022568322
Isaiah Mobley,Away,CLE,PHI,122,119,1,b546125e-39b6-4605-82cd-71084ef81532,-2.147500124982208,-2.0275983764680197,0.23870014128644057,0.08453455844563763,-2.5889650391617227,0.17476536399755174,0.7149011738075323,-2.9891366794415717,-0.17103693633369385,-1.2921643532538019,-3.0572406758914688,0.832265759610711,-0.16251704880014295
Craig Porter Jr.,Home,CLE,MIA,96,129,0,bd785d64-5988-49c5-a9ff-4713641d504f,1.5469292591827686,2.159839711220547,-1.075788794950818,0.05294942263124007,-0.036616764209121834,2.5150657410994457,-0.37696166623179883,1.0378279616414403,0.22804486821331238,0.9085937627778427,0.885070665407152,-1.8071587432549818,-1.8148058989511522
Darius Garland,Home,CLE,MIA,96,129,0,bd785d64-5988-49c5-a9ff-4713641d504f,0.7437737863624948,1.8080307973850167,-0.7585396153391523,-0.6928045106358764,-1.4113750477066846,-0.235024070344533,-0.481582603670292,1.0569567845574603,-0.17488619821033655,0.1712369528746766,0.566634078793825,-2.3735802249703117,-1.2607170335421218
Evan Mobley,Home,CLE,MIA,96,129,0,bd785d64-5988-49c5-a9ff-4713641d504f,-0.24765705711072963,-0.2162260601954733,-1.1198981862888369,0.1381757551760757,3.6071879244142906,-1.8568292584723145,-1.0477394697395124,1.3013447668670652,-1.9009292005763927,1.7636968427290047,0.47406666267560577,-0.7985480790875755,-1.0808379700311568
Max Strus,Home,CLE,MIA,96,129,0,bd785d64-5988-49c5-a9ff-4713641d504f,-0.10244459567776192,0.18404157969739793,-1.3642777538273017,0.293779667482581,0.21837695251340852,1.119400864339466,-0.9308454027898684,0.6988760305977505,1.2803080466358319,-1.2921643532538019,0.15460316819246736,-1.172063706845814,-0.5383292713497956
Jarrett Allen,Home,CLE,MIA,96,129,0,bd785d64-5988-49c5-a9ff-4713641d504f,-1.64821334635426,1.1057863464188538,-2.844053052760745,-1.4797419025272756,0.2624794680837914,-0.7051948459911475,-1.4866385928090522,0.14162795435998668,-1.4199982697629046,2.021632587478226,-0.3908338256649512,-2.392783584097828,-1.0120078223801858
Georges Niang,Home,CLE,MIA,96,129,0,bd785d64-5988-49c5-a9ff-4713641d504f,1.0424458595939639,-0.6240815002249306,-0.4680107148735054,-0.3295542011001284,0.0862387652944433,-0.8414375719583453,-0.012561718256876528,1.5138144375488662,0.9124048398811928,-1.2921643532538019,0.20053767580952023,-1.5148066338209674,-1.046095680805441
Caris LeVert,Home,CLE,MIA,96,129,0,bd785d64-5988-49c5-a9ff-4713641d504f,0.5192048735696887,0.42134653833068353,-1.1538971730979524,1.0241627711202785,-0.013403495928754519,1.4811138827210084,-0.7153534165399974,1.6337389446484323,0.5344046836424691,1.0731195256730743,0.5931557848757796,-1.0805641387412075,-1.537576546668829
Sam Merrill,Home,CLE,MIA,96,129,0,bd785d64-5988-49c5-a9ff-4713641d504f,0.5742560021450142,-0.35736348548429403,-1.018984356943699,-0.4976999588576097,-1.2482922260659814,-0.3055107430685304,-0.6010034273487218,2.13842835461588,1.3787838198310554,-1.2921643532538019,0.09032179019296004,-1.0231031222440476,-0.5536610203479676
Emoni Bates,Home,CLE,MIA,96,129,0,bd785d64-5988-49c5-a9ff-4713641d504f,-0.6127618149173933,-0.3886212663583061,1.5718422113637358,-0.27669749027489204,-1.2509817559149126,-0.3051812020832313,-0.5767301641027973,-0.3774687922727712,1.8570081095148638,-1.2921643532538019,-0.3168913107672796,-1.4814100461632724,-0.30657355575485584
Tristan Thompson,Home,CLE,MIA,96,129,0,bd785d64-5988-49c5-a9ff-4713641d504f,-1.4362365336882015,-1.8367892931545775,0.10732902731706252,-0.11174211226614275,1.6434395968403857,0.9735969463235332,1.9266032694040103,0.6464399962211688,-1.6805123803059436,-0.031275322352722686,-0.2278974129565541,-0.43306427611609744,0.5512366317458773
Damian Jones,Home,CLE,MIA,96,129,0,bd785d64-5988-49c5-a9ff-4713641d504f,-1.5292328517973302,0.36107575911971496,1.0907434792621484,-0.7711577134871681,1.799776854930691,1.025791376069404,2.1353895724711793,-1.6206026245510867,-0.701055917852638,-1.2921643532538019,-0.04634242809252011,-1.7391047646216025,-0.03158496799540076
Isaiah Mobley,Home,CLE,MIA,96,129,0,bd785d64-5988-49c5-a9ff-4713641d504f,-1.558599224307704,2.440827263663832,0.8723083637769714,0.5138166454583701,-0.9802706892615047,-0.42372304092009117,-0.7357628588794477,-0.652683166489719,-0.24612130105363447,-1.2921643532538019,-0.08577872819681367,-0.5951227411018755,-0.2667436626183011
Jarrett Allen,Home,CLE,LAL,115,121,0,d5f0b9aa-4f29-47b2-a488-4629711db957,1.0998314176093196,2.2392980218490677,1.381825398986785,-1.3983332231799053,5.54086165098837,0.47870202309043264,1.2497257342588506,1.4507191401301334,-1.9686336849572692,1.5707807633570552,1.1640391943126367,0.3151887378982488,-1.0313284988889395
Evan Mobley,Home,CLE,LAL,115,121,0,d5f0b9aa-4f29-47b2-a488-4629711db957,0.803689869240781,3.7957184173757588,2.2121820977006257,-0.8087710919653248,1.1087198469350261,0.5360422003517745,-0.43875062276746857,0.9535729201754388,-1.7680551769105446,0.9085937627778427,1.0906345106265165,0.19581276508974416,-1.1701522088684606
Donovan Mitchell,Home,CLE,LAL,115,121,0,d5f0b9aa-4f29-47b2-a488-4629711db957,2.162403227160808,0.7070000881006181,0.5417827082203385,1.3923201101585028,0.1335954709035792,-0.5652715105186611,-1.2954745346177032,-0.1549711240084538,0.41538153481934986,6.434416384907925,1.5665064408755216,-0.506013226357359,-0.2862896936625234
Max Strus,Home,CLE,LAL,115,121,0,d5f0b9aa-4f29-47b2-a488-4629711db957,1.677019095626058,0.9844591154264438,-0.7913662793723155,-1.1590901766838522,-0.2723343510808562,-0.4745799427141441,-1.0628704937934135,1.0494487881062964,0.8615226691816248,-1.2921643532538019,0.5474574017347873,-1.6292966149780783,-1.2408046645975523
Darius Garland,Home,CLE,LAL,115,121,0,d5f0b9aa-4f29-47b2-a488-4629711db957,-0.9842737378117918,1.682082607713735,0.10714736689218748,-0.09732289610072459,-1.315675749624202,-0.2792482559277102,-0.46837679242999064,-0.6348416650281328,-0.6634394461518258,1.1780883045128445,0.3948044289342431,-1.0767742290151898,0.3126659772244639
Caris LeVert,Home,CLE,LAL,115,121,0,d5f0b9aa-4f29-47b2-a488-4629711db957,-0.26008637973314147,1.6500370580400905,0.7518039495994948,2.295593171856464,-1.5176846688068137,-0.19097477364805032,-0.3454950597229898,-0.46757804506508244,-0.022563301614609458,-1.2921643532538019,0.36047256142366313,-0.3530870824178483,-0.1446784345370309
Georges Niang,Home,CLE,LAL,115,121,0,d5f0b9aa-4f29-47b2-a488-4629711db957,2.0685185978130955,0.7389878525517437,1.6469168563446144,-1.301225641410304,-0.9893603286524429,-0.335375081908305,-0.6426016150260412,0.5905855002378353,0.9736095149999677,-1.2921643532538019,0.9612893429266994,0.06350123850452355,0.48963282406854347
Isaac Okoro,Home,CLE,LAL,115,121,0,d5f0b9aa-4f29-47b2-a488-4629711db957,-1.3831687191647202,-0.41426442241154815,-1.8257789742240962,-1.5653840175749796,0.5566019304376635,0.9708062330628706,0.3087858621926617,0.7811747955909695,-1.7216658117992123,0.7138894382077434,0.00450789282681271,-0.06915963801819015,0.8384304479312011
Craig Porter Jr.,Home,CLE,LAL,115,121,0,d5f0b9aa-4f29-47b2-a488-4629711db957,0.026766363296545328,-0.5933958781123949,-0.8186607592275523,-0.2525522442403837,-1.3679047724757019,-0.25581725743089817,-0.45494850209444093,2.7125149733933,0.22201946895551486,-1.2921643532538019,0.15182515036720517,-0.8051728715540435,-0.76381739913076
Damian Jones,Home,CLE,LAL,115,121,0,d5f0b9aa-4f29-47b2-a488-4629711db957,-2.147500124982208,-2.0275983764680197,0.23870014128644057,0.08453455844563763,-2.5889650391617227,0.17476536399755174,0.7149011738075323,-2.9891366794415717,-0.17103693633369385,-1.2921643532538019,-3.0572406758914688,0.832265759610711,-0.16251704880014295
Sam Merrill,Home,CLE,LAL,115,121,0,d5f0b9aa-4f29-47b2-a488-4629711db957,-2.147500124982208,-2.0275983764680197,0.23870014128644057,0.08453455844563763,-2.5889650391617227,0.17476536399755174,0.7149011738075323,-2.9891366794415717,-0.17103693633369385,-1.2921643532538019,-3.0572406758914688,0.832265759610711,-0.16251704880014295
Tristan Thompson,Home,CLE,LAL,115,121,0,d5f0b9aa-4f29-47b2-a488-4629711db957,-2.147500124982208,-2.0275983764680197,0.23870014128644057,0.08453455844563763,-2.5889650391617227,0.17476536399755174,0.7149011738075323,-2.9891366794415717,-0.17103693633369385,-1.2921643532538019,-3.0572406758914688,0.832265759610711,-0.16251704880014295
Darius Garland,Home,CLE,TOR,105,102,1,5dca2b0a-bea1-4cf6-b8e6-da5bc3319f68,3.1999380754890914,2.6042209044520592,-2.5001607902341547,0.8537303557049633,-1.3162097922394946,-0.19423771650339527,-0.4138528708743522,1.850322842987616,0.0202781170309145,0.37242473595788894,1.7287831894080379,0.7992356541667592,0.35807669081053217
Evan Mobley,Home,CLE,TOR,105,102,1,5dca2b0a-bea1-4cf6-b8e6-da5bc3319f68,0.3452571266670926,0.10911391071312664,-1.628236380524512,-1.1490022549409482,4.657717989143924,1.1005796011736766,-0.13598708102692691,-0.6763308188298445,-0.9067418546540684,0.9377983288555395,1.0757340152470283,-0.8814873222729637,-0.07449731740078265
Max Strus,Home,CLE,TOR,105,102,1,5dca2b0a-bea1-4cf6-b8e6-da5bc3319f68,3.3357717437043237,1.0074654985126847,-1.4054633176492868,0.35132188330666236,2.7469795776253756,0.30117040323056754,-1.3039458740629593,1.426742606869961,0.5755984338020287,-1.2921643532538019,1.271981976584998,0.10811809783233914,-1.0068829665038221
Donovan Mitchell,Home,CLE,TOR,105,102,1,5dca2b0a-bea1-4cf6-b8e6-da5bc3319f68,0.8101436893281461,-0.22024996913133835,1.08613064515858,0.9563333533468948,0.07379158407951977,-0.6225041816603929,-0.21228779259048236,-1.1299022183369902,-0.13671615497463882,0.8150071406797343,1.1242076417267908,-0.6508503547661905,0.3420855040533679
Jarrett Allen,Home,CLE,TOR,105,102,1,5dca2b0a-bea1-4cf6-b8e6-da5bc3319f68,0.7905505583029471,0.7808018692070393,-1.5762425061567575,-0.20847742402873778,1.3375271164458562,2.1111256963516056,2.2102401894040025,2.1534271950443147,-2.2769325374325997,-1.2921643532538019,0.6593829770960998,-0.11922590011016251,-1.8550381391108401
Georges Niang,Home,CLE,TOR,105,102,1,5dca2b0a-bea1-4cf6-b8e6-da5bc3319f68,0.4864563049967422,0.5129521430057501,0.7568966200063991,-0.0517218090246379,0.6121408260479528,-0.6939181359422472,-1.480382137536353,0.4830019826173702,0.8517917071637787,-1.2921643532538019,0.6441776707506316,0.8523379510708262,0.6541327554414575
Caris LeVert,Home,CLE,TOR,105,102,1,5dca2b0a-bea1-4cf6-b8e6-da5bc3319f68,0.12786814888698725,-1.4967230591495087,0.06899309656385279,0.3059632161375359,-0.6540299809095825,-0.39828445461040307,-0.7944686065710858,-0.32978255965485315,0.3937304654846422,-1.2921643532538019,0.47850380534475184,-0.3904132977715348,0.8832487284331133
Isaac Okoro,Home,CLE,TOR,105,102,1,5dca2b0a-bea1-4cf6-b8e6-da5bc3319f68,-1.558599224307704,-1.172201058877512,-0.9783965177059241,-0.8511285447756676,-2.0368589613481634,-0.0518797279419204,-0.01915936040743071,-0.9138990051380518,-0.17432963415000335,-1.2921643532538019,-0.4066352812582142,-1.402856047709281,0.7956121820471884
Tristan Thompson,Home,CLE,TOR,105,102,1,5dca2b0a-bea1-4cf6-b8e6-da5bc3319f68,-1.5112752415561657,2.05475626577108,-1.6242769563455064,2.8615412241367024,3.0454567265459973,-2.8634495753333042,6.13352804935649,2.743366280755436,-2.516017259587983,-1.2921643532538019,0.3487694761941144,2.7062766770181703,-1.7538528139935623
Damian Jones,Home,CLE,TOR,105,102,1,5dca2b0a-bea1-4cf6-b8e6-da5bc3319f68,-2.147500124982208,-2.0275983764680197,0.23870014128644057,0.08453455844563763,-2.5889650391617227,0.17476536399755174,0.7149011738075323,-2.9891366794415717,-0.17103693633369385,-1.2921643532538019,-3.0572406758914688,0.832265759610711,-0.16251704880014295
Sam Merrill,Home,CLE,TOR,105,102,1,5dca2b0a-bea1-4cf6-b8e6-da5bc3319f68,-2.147500124982208,-2.0275983764680197,0.23870014128644057,0.08453455844563763,-2.5889650391617227,0.17476536399755174,0.7149011738075323,-2.9891366794415717,-0.17103693633369385,-1.2921643532538019,-3.0572406758914688,0.832265759610711,-0.16251704880014295
Craig Porter Jr.,Home,CLE,TOR,105,102,1,5dca2b0a-bea1-4cf6-b8e6-da5bc3319f68,-2.147500124982208,-2.0275983764680197,0.23870014128644057,0.08453455844563763,-2.5889650391617227,0.17476536399755174,0.7149011738075323,-2.9891366794415717,-0.17103693633369385,-1.2921643532538019,-3.0572406758914688,0.832265759610711,-0.16251704880014295
Darius Garland,Home,CLE,ATL,128,105,1,ecb6f0cd-805f-481c-a58f-2a931af64f05,2.068186931155199,2.423337336713379,0.722872492260579,0.9118698295626434,-1.117236370214695,-0.35771434261722307,0.42231846267824014,0.9986623289467621,0.056971754758028834,1.4873116139182017,1.6322011110518377,1.3344994969614563,1.194045098744054
Max Strus,Home,CLE,ATL,128,105,1,ecb6f0cd-805f-481c-a58f-2a931af64f05,1.4339453617810012,1.5037698733220812,1.595264946355045,0.9998906156147788,0.4532823702586312,2.1492187589287823,1.4008999144784673,1.0081161540340267,0.9429049626527742,-1.2921643532538019,1.332846028536889,2.376253098431127,1.3788599808550217
Donovan Mitchell,Home,CLE,ATL,128,105,1,ecb6f0cd-805f-481c-a58f-2a931af64f05,5.875679113996621,4.282734555548124,0.18620716927627048,-1.399126936360093,2.972508047084335,0.1408409329672953,-0.3834877480501751,1.3446665648015967,-0.11980654447221326,4.461626838873537,2.8659147405358523,2.174033153775297,1.0307491984489623
Evan Mobley,Home,CLE,ATL,128,105,1,ecb6f0cd-805f-481c-a58f-2a931af64f05,1.0561423963035734,-0.49569827868292404,-0.9017300444028387,-0.7749979884008936,9.683393602896734,7.34535390777371,1.4267499708306668,2.887841767686824,0.03642849696516043,-1.2921643532538019,1.3245690398861332,2.201868583727436,0.8811606895636585
Jarrett Allen,Home,CLE,ATL,128,105,1,ecb6f0cd-805f-481c-a58f-2a931af64f05,-0.42883139402565656,-0.6936348008749211,-0.35193682053764513,-0.01475073320358382,1.389891122394003,-0.9483210664793076,-0.8856617545010452,2.1350931478803803,-2.220747036917388,0.5039518805282033,0.5724940934068549,1.106119371460058,0.8615211121398666
Caris LeVert,Home,CLE,ATL,128,105,1,ecb6f0cd-805f-481c-a58f-2a931af64f05,0.654491330973835,1.5003914263612768,-1.5190249773523674,-2.2776958909473968,-0.8393562868599478,-0.31763389071174136,-0.6730701205906154,1.1259033575043964,0.7165634016366179,-1.2921643532538019,0.7999499180664559,0.13046470689652612,1.407629625667077
Georges Niang,Home,CLE,ATL,128,105,1,ecb6f0cd-805f-481c-a58f-2a931af64f05,0.9563767111143164,-0.5840594615792578,-0.8132411885261919,-0.4939971052781779,1.3857294733988728,-0.9481470208983683,-1.9411043217110961,1.12497780455661,0.7186728020807887,1.037708371365682,0.41391645503363944,-1.0314678486179854,-0.6226757064399278
Isaac Okoro,Home,CLE,ATL,128,105,1,ecb6f0cd-805f-481c-a58f-2a931af64f05,-0.8473356330136976,-1.2646727647069997,0.15331092962662418,1.033147902741233,0.625634296652386,3.3532531618603993,1.0920582229862654,0.1889901347870992,-1.0156968856402402,-0.872289737524006,0.09272116162437087,-0.0839505620486813,-0.479063702833082
Craig Porter Jr.,Home,CLE,ATL,128,105,1,ecb6f0cd-805f-481c-a58f-2a931af64f05,-1.754348975401223,-0.3168037412870043,-2.1954931766982884,-1.7867916479969728,-2.02232985403728,-0.05784407246664335,-0.03847674288677184,-0.40949702230443275,-1.2647556856637987,-1.2921643532538019,0.7247525537442726,-4.009820136282908,2.1400778725304788
Damian Jones,Home,CLE,ATL,128,105,1,ecb6f0cd-805f-481c-a58f-2a931af64f05,-2.147500124982208,-2.0275983764680197,0.23870014128644057,0.08453455844563763,-2.5889650391617227,0.17476536399755174,0.7149011738075323,-2.9891366794415717,-0.17103693633369385,-1.2921643532538019,-3.0572406758914688,0.832265759610711,-0.16251704880014295
Sam Merrill,Home,CLE,ATL,128,105,1,ecb6f0cd-805f-481c-a58f-2a931af64f05,-2.147500124982208,-2.0275983764680197,0.23870014128644057,0.08453455844563763,-2.5889650391617227,0.17476536399755174,0.7149011738075323,-2.9891366794415717,-0.17103693633369385,-1.2921643532538019,-3.0572406758914688,0.832265759610711,-0.16251704880014295
Tristan Thompson,Home,CLE,ATL,128,105,1,ecb6f0cd-805f-481c-a58f-2a931af64f05,-2.147500124982208,-2.0275983764680197,0.23870014128644057,0.08453455844563763,-2.5889650391617227,0.17476536399755174,0.7149011738075323,-2.9891366794415717,-0.17103693633369385,-1.2921643532538019,-3.0572406758914688,0.832265759610711,-0.16251704880014295
Jarrett Allen,Home,CLE,POR,95,103,0,7718955c-db74-459b-976f-bb8e2eaf1d14,-0.013709351100188368,-0.3388844564216767,-0.8701152368426919,-0.2552381956772501,4.281140069728928,1.0985001165649098,2.8297344012102643,1.0275320917395772,-1.7882068132768751,-1.2921643532538019,0.7389955225422443,-0.19159664962332873,-0.4696146600900707
Darius Garland,Home,CLE,POR,95,103,0,7718955c-db74-459b-976f-bb8e2eaf1d14,2.306226821543736,3.8755853823132926,-2.348948525582888,0.047983217134872844,-0.08143826180809187,-0.6313493257069007,-0.24694406314249998,-0.18202711567622165,0.4358947513282078,0.3635719473810408,1.6465752279245054,-0.9898231328411321,0.6496830571543659
Max Strus,Home,CLE,POR,95,103,0,7718955c-db74-459b-976f-bb8e2eaf1d14,0.6874026770511175,2.321496204540574,0.14927165550786273,-1.7187218380464409,-0.6597459252971389,-0.389732624343125,-0.8453749097089132,-0.06406933393847876,0.4509613387092245,-1.2921643532538019,0.6461510900125329,-1.2509321452485127,-0.4247819380120512
Evan Mobley,Home,CLE,POR,95,103,0,7718955c-db74-459b-976f-bb8e2eaf1d14,1.317552062047321,1.8748668359750726,0.5308029726356707,-0.7737164183561404,1.9757495589537735,-1.2630217594870914,-0.45170998397402345,0.8530514341610603,-1.5468123355392671,0.9377983288555395,1.3520235938293508,0.4555046321915812,-0.43801424941224076
Donovan Mitchell,Home,CLE,POR,95,103,0,7718955c-db74-459b-976f-bb8e2eaf1d14,2.8786478952624805,3.3034606078997872,3.42413522242006,0.09541061159573076,1.6219227627614623,-1.280775421977171,0.7937508460853584,0.11786182219184206,0.05462191825960464,4.048015335864711,1.8756815764315062,0.7006234634171102,-1.0520698763626022
Caris LeVert,Home,CLE,POR,95,103,0,7718955c-db74-459b-976f-bb8e2eaf1d14,-0.19024429282603397,0.22058962185241004,-1.456938962051346,-0.5622722224656526,-0.7993278494551,-0.5099062174699284,0.30718439619730414,-0.7681040687887715,0.6827323836857615,-1.2921643532538019,0.12681800842971616,-2.3365083894120984,-0.27357502348310436
Georges Niang,Home,CLE,POR,95,103,0,7718955c-db74-459b-976f-bb8e2eaf1d14,-0.23992991128694255,0.6206762691986296,2.8444887499088263,-0.1644438320210263,-1.2910094925165758,-0.40709727443727556,0.8391946234913849,1.351949239816009,0.2018661332438504,0.5039518805282033,0.22022517685529677,0.4333278535230726,-1.0913844051559332
Isaac Okoro,Home,CLE,POR,95,103,0,7718955c-db74-459b-976f-bb8e2eaf1d14,-1.3207221114235037,-0.8694855458801416,1.5614835386242036,-0.8105325078830058,-2.032015925577869,-0.05386784278349471,-0.025598487900544416,2.6908418919897295,1.2673273347951106,-1.2921643532538019,-0.6837534931893452,-0.8215594346796726,-0.79225584118615
Damian Jones,Home,CLE,POR,95,103,0,7718955c-db74-459b-976f-bb8e2eaf1d14,-2.147500124982208,-2.0275983764680197,0.23870014128644057,0.08453455844563763,-2.5889650391617227,0.17476536399755174,0.7149011738075323,-2.9891366794415717,-0.17103693633369385,-1.2921643532538019,-3.0572406758914688,0.832265759610711,-0.16251704880014295
Sam Merrill,Home,CLE,POR,95,103,0,7718955c-db74-459b-976f-bb8e2eaf1d14,-2.147500124982208,-2.0275983764680197,0.23870014128644057,0.08453455844563763,-2.5889650391617227,0.17476536399755174,0.7149011738075323,-2.9891366794415717,-0.17103693633369385,-1.2921643532538019,-3.0572406758914688,0.832265759610711,-0.16251704880014295
Craig Porter Jr.,Home,CLE,POR,95,103,0,7718955c-db74-459b-976f-bb8e2eaf1d14,-2.147500124982208,-2.0275983764680197,0.23870014128644057,0.08453455844563763,-2.5889650391617227,0.17476536399755174,0.7149011738075323,-2.9891366794415717,-0.17103693633369385,-1.2921643532538019,-3.0572406758914688,0.832265759610711,-0.16251704880014295
Tristan Thompson,Home,CLE,POR,95,103,0,7718955c-db74-459b-976f-bb8e2eaf1d14,-2.147500124982208,-2.0275983764680197,0.23870014128644057,0.08453455844563763,-2.5889650391617227,0.17476536399755174,0.7149011738075323,-2.9891366794415717,-0.17103693633369385,-1.2921643532538019,-3.0572406758914688,0.832265759610711,-0.16251704880014295
Max Strus,Away,CLE,DET,110,101,1,3eba86b9-4394-4d47-bb02-a7974eeaaff1,3.6995565207749355,1.2692411962399708,-0.027765753488427414,0.2628043268556456,-0.10452355905925041,-0.4636153114966212,-1.0917276733941792,1.7807664865703037,0.48810589447737324,-1.2921643532538019,1.485883967634712,0.9195104435663827,0.04037835976949132
Evan Mobley,Away,CLE,DET,110,101,1,3eba86b9-4394-4d47-bb02-a7974eeaaff1,-1.1800234889053105,-0.04603678858794217,-1.6331728716498375,-1.236278657609943,2.498261237829899,-1.154582878565454,-1.6569312774680482,-0.462059250353237,-1.1748205226133657,1.3512331916202465,0.5261010635286884,-0.5938320666120259,0.4551324033243065
Darius Garland,Away,CLE,DET,110,101,1,3eba86b9-4394-4d47-bb02-a7974eeaaff1,3.342998333716655,2.5082197073357473,1.9752034394662146,-0.16450777161202604,-0.7841105787445966,1.2169921811883857,-0.24099936847543846,0.15510305061507318,0.030764151576366628,0.7568316728890183,2.0534504457069453,0.5049959710199261,0.6383544881690908
Jarrett Allen,Away,CLE,DET,110,101,1,3eba86b9-4394-4d47-bb02-a7974eeaaff1,0.63164156016037,0.8732137349696619,-0.2938305329453656,-0.4476573833104975,3.2536541046001113,-1.7938224248982024,1.7201899323712309,2.0802429304242342,-2.247557111283279,1.8933704188443923,1.0930851622541136,0.6513041905291953,-0.41316127032927485
Donovan Mitchell,Away,CLE,DET,110,101,1,3eba86b9-4394-4d47-bb02-a7974eeaaff1,2.4214095771505373,2.5216287988201485,0.11373878334249296,-0.867971840623461,-0.6662874880142834,-0.4701529430699969,0.19138740164818185,0.21860423947837895,0.17472352019557047,2.0024875001794236,1.4959071182124746,-1.5076363727516138,-0.8173587158277544
Isaac Okoro,Away,CLE,DET,110,101,1,3eba86b9-4394-4d47-bb02-a7974eeaaff1,0.02511471590259732,2.4332187215620253,3.58468718422934,-0.979859903396137,0.3654748632386371,-0.5833726813373741,-1.3328041237874353,1.519473472636154,-0.07311570830622909,-1.2921643532538019,0.8123412811863465,1.481295693837084,0.34869739299796854
Georges Niang,Away,CLE,DET,110,101,1,3eba86b9-4394-4d47-bb02-a7974eeaaff1,0.5170060153646544,-1.1152602532689984,0.026298490733944642,0.7802698882853336,-0.5822320019001127,-0.427483135798853,-0.8577429711139246,1.6357653389063083,-0.14966600854504847,0.2572354704783437,0.729262186756194,1.0586293346301794,0.7055224538479973
Craig Porter Jr.,Away,CLE,DET,110,101,1,3eba86b9-4394-4d47-bb02-a7974eeaaff1,-2.147500124982208,-1.8367892931545775,0.10732902731706252,-0.11174211226614275,-2.0562311044293407,-0.04392726857562313,0.006597149565024136,-2.9891366794415717,-0.17103693633369385,-1.2921643532538019,-1.5082860206258863,-0.9545733921434267,1.051443426045792
Sam Merrill,Away,CLE,DET,110,101,1,3eba86b9-4394-4d47-bb02-a7974eeaaff1,-1.9517503738886894,-0.38492941449480494,-0.04806846263890617,1.8261135909795883,-2.061074140199635,-0.04193915373404881,0.013036277058137856,-1.9756084787980037,2.022765716029328,-1.2921643532538019,-0.6931395719595799,-1.4710267551860232,1.2923657801764492
Tristan Thompson,Away,CLE,DET,110,101,1,3eba86b9-4394-4d47-bb02-a7974eeaaff1,-2.072461417114244,-2.0275983764680197,0.23870014128644057,0.08453455844563763,3.3611116232007534,-2.8451372163767323,2.1281373637131176,-2.4884729886989336,-0.3086376312323201,-1.2921643532538019,-0.6824172463151846,-1.4182479223400288,1.242775941355477
Damian Jones,Away,CLE,DET,110,101,1,3eba86b9-4394-4d47-bb02-a7974eeaaff1,-2.147500124982208,-2.0275983764680197,0.23870014128644057,0.08453455844563763,-2.5889650391617227,0.17476536399755174,0.7149011738075323,-2.9891366794415717,-0.17103693633369385,-1.2921643532538019,-3.0572406758914688,0.832265759610711,-0.16251704880014295
Caris LeVert,Away,CLE,DET,110,101,1,3eba86b9-4394-4d47-bb02-a7974eeaaff1,-2.147500124982208,-2.0275983764680197,0.23870014128644057,0.08453455844563763,-2.5889650391617227,0.17476536399755174,0.7149011738075323,-2.9891366794415717,-0.17103693633369385,-1.2921643532538019,-3.0572406758914688,0.832265759610711,-0.16251704880014295
Darius Garland,Home,CLE,ORL,121,111,1,4913bc86-eca8-42f7-9770-2abbef4e4c12,2.695033021363507,0.6501686026170749,-0.17729556625614623,2.8632729371984604,-0.4713261520819059,-0.6320424419520505,1.0030920289946654,1.268154448466442,-0.6826666120643512,2.50112727889577,1.6651338336856685,0.8149106348072845,-0.16501306779893485
Donovan Mitchell,Home,CLE,ORL,121,111,1,4913bc86-eca8-42f7-9770-2abbef4e4c12,5.660410093146872,2.4968425890521257,-0.9901102117280424,0.2422470284313571,1.1963529560143122,-1.0208727937250381,0.1113588306450332,1.3783852571064439,0.3493471816936444,3.3408194862348033,2.238748976582108,0.0634573874132551,-0.6975240373216296
Evan Mobley,Home,CLE,ORL,121,111,1,4913bc86-eca8-42f7-9770-2abbef4e4c12,0.6975542401938184,1.9301527567159378,-1.5886540218228369,-2.026643205825311,0.6769831225909339,0.6575602879987187,-0.14023967441593835,0.7590602575732349,-1.7144209334036986,-1.2921643532538019,1.293812234898018,0.4310338807129724,0.9088610407415804
Max Strus,Home,CLE,ORL,121,111,1,4913bc86-eca8-42f7-9770-2abbef4e4c12,2.194810695306257,1.8345630347043573,-0.20533741477659564,0.3380937923597876,0.3394962215223705,-0.7472466306768475,-0.31867265057631006,2.1164356669990587,1.0891103764942296,1.6555145968783154,1.0364995565198267,0.8012217776418126,-0.5419523298776667
Jarrett Allen,Home,CLE,ORL,121,111,1,4913bc86-eca8-42f7-9770-2abbef4e4c12,-0.800011650262159,2.7491617344186587,-1.9856072140275645,-2.5582632972011536,4.537485889940996,-2.2210779801308305,-1.1658135756442234,1.3240402572388874,-1.9720387872822216,-1.2921643532538019,0.45396998391392407,-0.19334528595500144,0.1854510805551242
Isaac Okoro,Home,CLE,ORL,121,111,1,4913bc86-eca8-42f7-9770-2abbef4e4c12,-1.6059232070592426,-0.8319621945476603,1.1103672446562758,-0.2718128321324086,-1.5839898067418199,-0.1635393892629125,-0.2744187281805269,-2.518652556709834,0.9358354546955436,-1.2921643532538019,0.23401235025215536,0.4451564143511473,1.5312940490192453
Georges Niang,Home,CLE,ORL,121,111,1,4913bc86-eca8-42f7-9770-2abbef4e4c12,0.5794526231058709,0.7501124735099505,-1.7691500240383675,-0.5887031588547197,0.504280567661949,-0.8273357502951478,-0.3625876998825307,1.8450983889109407,0.683505299547055,-1.2921643532538019,0.7124050660717517,0.8254509435799514,0.8056622886645016
Dean Wade,Home,CLE,ORL,121,111,1,4913bc86-eca8-42f7-9770-2abbef4e4c12,0.26134018139284965,-1.6459802098411351,-0.02404208665231553,-0.3080187829779232,1.6262564796837313,-1.3781388705765616,-0.5649225743256191,1.784403966521991,1.0479581238075986,-1.2921643532538019,0.11114503101132257,-0.18614029664850296,-0.5326291283343811
Tristan Thompson,Home,CLE,ORL,121,111,1,4913bc86-eca8-42f7-9770-2abbef4e4c12,-2.094432310458727,-1.8367892931545775,0.10732902731706252,-0.11174211226614275,3.1333740896923543,2.4438172952065713,-1.9708097855820916,-1.2690874526908262,-0.6548169254038904,-0.05893555012337349,-0.8643491582095195,0.060736425452644516,-0.40053393536613796
Damian Jones,Home,CLE,ORL,121,111,1,4913bc86-eca8-42f7-9770-2abbef4e4c12,-2.147500124982208,-2.0275983764680197,0.23870014128644057,0.08453455844563763,-2.5889650391617227,0.17476536399755174,0.7149011738075323,-2.9891366794415717,-0.17103693633369385,-1.2921643532538019,-3.0572406758914688,0.832265759610711,-0.16251704880014295
Sam Merrill,Home,CLE,ORL,121,111,1,4913bc86-eca8-42f7-9770-2abbef4e4c12,-2.147500124982208,-2.0275983764680197,0.23870014128644057,0.08453455844563763,-2.5889650391617227,0.17476536399755174,0.7149011738075323,-2.9891366794415717,-0.17103693633369385,-1.2921643532538019,-3.0572406758914688,0.832265759610711,-0.16251704880014295
Craig Porter Jr.,Home,CLE,ORL,121,111,1,4913bc86-eca8-42f7-9770-2abbef4e4c12,-2.147500124982208,-2.0275983764680197,0.23870014128644057,0.08453455844563763,-2.5889650391617227,0.17476536399755174,0.7149011738075323,-2.9891366794415717,-0.17103693633369385,-1.2921643532538019,-3.0572406758914688,0.832265759610711,-0.16251704880014295
Donovan Mitchell,Away,CLE,MIA,111,99,1,0b3b50c7-a180-40f7-afde-348e6f0dfc95,3.538664208580514,2.668417408276113,-1.274302602898609,0.3868310869084759,3.320999331876735,-1.3498326627760102,-2.044882363662402,1.350667138238417,0.1985829237424031,3.3465761396123552,2.053689303842109,1.1053290992468041,0.37266215247807183
Max Strus,Away,CLE,MIA,111,99,1,0b3b50c7-a180-40f7-afde-348e6f0dfc95,2.107173775662321,-0.4870841147208523,0.7562144093694634,-0.6000264730124062,1.1663634851415587,-1.010353969572795,0.17054516207559045,-0.4785462264112719,0.9476716556145619,0.36736599962826144,1.3241356569438836,0.24684102293339255,1.7047984777016956
Darius Garland,Away,CLE,MIA,111,99,1,0b3b50c7-a180-40f7-afde-348e6f0dfc95,1.197467130907529,4.814577659444252,2.8125797531210255,-0.7845921911813215,-1.22313833177107,-0.2374248685939926,-0.40733467358446257,1.1691987955705483,-0.2965265878045372,3.050704402378649,1.562831062974616,1.8364027216981451,0.4633726570332698
Jarrett Allen,Away,CLE,MIA,111,99,1,0b3b50c7-a180-40f7-afde-348e6f0dfc95,-0.7429305526353596,-0.5506223315662013,1.032983411058488,-0.42069001675761286,2.4961985733540004,-1.4511371121273782,-0.3372688348122262,-0.9164750108137819,-0.9963525783277734,-0.5940597390237793,0.3775043381387435,-0.7855857061335859,0.2334339617556898
Dean Wade,Away,CLE,MIA,111,99,1,0b3b50c7-a180-40f7-afde-348e6f0dfc95,-0.49039912429789057,1.1381386704110297,2.5194763358900123,-2.3663506692173915,1.3004661171233787,-1.2904116965637622,1.5387464528447152,0.7058806716715882,1.018854571606111,-1.2921643532538019,0.557563879496534,1.5523016830157452,1.361250361204457
Craig Porter Jr.,Away,CLE,MIA,111,99,1,0b3b50c7-a180-40f7-afde-348e6f0dfc95,-0.7868723393243251,1.0148741844266234,2.416807153910526,0.7383068301053274,0.010249219888342763,1.5005382961129687,-0.5527357237392364,-0.14547543085344286,-1.283230076331871,1.3360703012038986,0.6100766345454615,0.8308733908497602,-0.10135031449319055
Isaac Okoro,Away,CLE,MIA,111,99,1,0b3b50c7-a180-40f7-afde-348e6f0dfc95,-0.45765055572494406,-0.15256182338719945,0.24714202320090115,-1.556955476366965,-0.9319249922334935,1.7896749636277718,-0.011481758472137915,2.8611920695247726,-0.04677043773026751,1.3892905462747915,-0.03955057442707884,-0.48884070909123983,-1.236172546283506
Georges Niang,Away,CLE,MIA,111,99,1,0b3b50c7-a180-40f7-afde-348e6f0dfc95,1.1648085502134662,0.022299130673907278,-1.2134994380236832,0.08094421268186368,-0.27688635638434383,-0.6766099063139336,0.24379007110168144,2.1398591992836358,0.7011770770890356,-1.2921643532538019,0.5721127512285156,-0.45810234136109845,-1.1671204437782237
Tristan Thompson,Away,CLE,MIA,111,99,1,0b3b50c7-a180-40f7-afde-348e6f0dfc95,-1.3831687191647202,-1.2704748422086438,-0.8075719780092523,-0.7087361693891537,0.1780218638003115,-1.026383320338129,1.5539756831054672,0.8343897662327768,-1.7346768898169997,0.7846087328420079,0.18146045342390346,0.8952178071169332,1.7492889973348702
Sam Merrill,Away,CLE,MIA,111,99,1,0b3b50c7-a180-40f7-afde-348e6f0dfc95,0.49921729427704997,-0.9185603390015816,-0.10316276276606093,0.639313404745726,0.6346575827941119,-1.155624701904586,0.3563868236075543,3.326730267038341,1.3858979886177638,-1.2921643532538019,0.2731950515378902,0.7655511959151701,-1.953438451818966
Damian Jones,Away,CLE,MIA,111,99,1,0b3b50c7-a180-40f7-afde-348e6f0dfc95,-2.147500124982208,0.6565044132881243,-3.956843293286497,-3.420611471929342,0.10582448220094079,-0.9028315783723928,-1.3476163217459014,-2.9891366794415717,-0.17103693633369385,-1.2921643532538019,-1.1527335045466058,-2.918019419309454,1.135895495834581
Isaiah Mobley,Away,CLE,MIA,111,99,1,0b3b50c7-a180-40f7-afde-348e6f0dfc95,-2.147500124982208,-2.0275983764680197,0.23870014128644057,0.08453455844563763,-2.5889650391617227,0.17476536399755174,0.7149011738075323,-2.9891366794415717,-0.17103693633369385,-1.2921643532538019,-3.0572406758914688,0.832265759610711,-0.16251704880014295
Darius Garland,Away,CLE,ORL,94,104,0,1763cb4a-77c2-4e3f-8fc2-1ecb8c948d47,4.861094039321374,2.3866321629204834,0.7128641879160371,0.8842400188070183,0.4861721698179143,-0.7025490191941366,-0.5804564161427632,1.1323944461772613,0.009383469524589452,5.710556411367159,2.3607091784489724,1.1991939056189782,-0.9476619643989909
Donovan Mitchell,Away,CLE,ORL,94,104,0,1763cb4a-77c2-4e3f-8fc2-1ecb8c948d47,2.919123609659214,2.4231046043190108,1.7417009932774972,-1.1437438355562133,-0.19977708217414986,0.8783140449282131,0.2683443531538602,0.2652190813779991,0.48009311925689907,4.258756739118887,1.5209090370866425,-0.442974035384809,-1.4932664554520199
Dean Wade,Away,CLE,ORL,94,104,0,1763cb4a-77c2-4e3f-8fc2-1ecb8c948d47,-0.00205279840274215,1.776851012715512,1.6999190690406294,-2.938388681829775,1.2679325731288889,-1.30671780948842,2.0854203854424496,2.3633093414332595,0.8115480744246238,0.44693808283937403,0.2537558326098551,-0.5022277151815088,-1.5330236845027985
Max Strus,Away,CLE,ORL,94,104,0,1763cb4a-77c2-4e3f-8fc2-1ecb8c948d47,-0.4132515461037757,1.9870835492791634,-0.8676117121871074,-0.9617977555086049,-0.9124340661065072,-0.4573324418865849,0.3593864272313056,-1.4776185282198002,0.6999019463537183,2.573037131719558,0.7088223825164952,-1.2735353333920294,0.8427762326505069
Jarrett Allen,Away,CLE,ORL,94,104,0,1763cb4a-77c2-4e3f-8fc2-1ecb8c948d47,-1.4362365336882015,1.5764040032716946,-0.2549720836530264,-2.0573994922277645,2.673685340695102,-1.7512717212066011,-0.09557350871066417,0.875156185861383,-1.7463283409164234,-1.2921643532538019,-0.513073363058457,-1.2492287808666265,-0.8535554139307777
Tristan Thompson,Away,CLE,ORL,94,104,0,1763cb4a-77c2-4e3f-8fc2-1ecb8c948d47,-0.40686050068117374,-0.4559663193851799,-0.7243802402751846,0.3452579423767557,5.456645151875657,0.8863905109621772,0.5557281319988939,1.2690314041200186,-1.8907451627500464,-1.2921643532538019,0.6479693543934165,1.0452643176901046,-0.14780678670693953
Isaac Okoro,Away,CLE,ORL,94,104,0,1763cb4a-77c2-4e3f-8fc2-1ecb8c948d47,-1.3114333060846521,-1.0133368011345258,-0.8539364556655574,-0.9209258353231307,0.3850006849821414,-1.0288928988637445,1.7065540705620974,-1.9504355944143978,2.0141551446769013,1.3429144987904538,-0.32596272999809417,-2.442083455339512,-0.5850349926845265
Georges Niang,Away,CLE,ORL,94,104,0,1763cb4a-77c2-4e3f-8fc2-1ecb8c948d47,-0.793557830174794,-1.4551711265276928,-0.1554132006216936,-0.5042954536897036,0.17714919870955667,-0.7667412692070258,-0.2295987187384305,-2.6274924894799727,0.9657486492387233,-1.2921643532538019,0.1484068598813707,-1.921639776682963,1.6790397107755373
Sam Merrill,Away,CLE,ORL,94,104,0,1763cb4a-77c2-4e3f-8fc2-1ecb8c948d47,-0.10244459567776192,-0.5067759969222952,-0.8919719180510193,-0.24482194440171037,-0.06681911775393391,-0.7671351262217606,0.07315975743275363,0.8149719588858984,1.2484006391231068,-1.2921643532538019,0.0758459492372301,-0.6340258409280702,-0.11507810471241339
Damian Jones,Away,CLE,ORL,94,104,0,1763cb4a-77c2-4e3f-8fc2-1ecb8c948d47,-2.147500124982208,-2.0275983764680197,0.23870014128644057,0.08453455844563763,-2.5889650391617227,0.17476536399755174,0.7149011738075323,-2.9891366794415717,-0.17103693633369385,-1.2921643532538019,-3.0572406758914688,0.832265759610711,-0.16251704880014295
Isaiah Mobley,Away,CLE,ORL,94,104,0,1763cb4a-77c2-4e3f-8fc2-1ecb8c948d47,-2.147500124982208,-2.0275983764680197,0.23870014128644057,0.08453455844563763,-2.5889650391617227,0.17476536399755174,0.7149011738075323,-2.9891366794415717,-0.17103693633369385,-1.2921643532538019,-3.0572406758914688,0.832265759610711,-0.16251704880014295
Craig Porter Jr.,Away,CLE,ORL,94,104,0,1763cb4a-77c2-4e3f-8fc2-1ecb8c948d47,-2.147500124982208,-2.0275983764680197,0.23870014128644057,0.08453455844563763,-2.5889650391617227,0.17476536399755174,0.7149011738075323,-2.9891366794415717,-0.17103693633369385,-1.2921643532538019,-3.0572406758914688,0.832265759610711,-0.16251704880014295
Darius Garland,Away,CLE,BOS,113,120,0,096687a1-f3a3-4203-aaba-3c019987d7b1,4.46955285708969,1.6937996939530813,-0.05406648892447706,1.4234424789244253,-1.132500968282925,-0.27190067367480564,-0.5951928916063685,1.1034605592225595,0.27242947110362425,-1.2921643532538019,1.7210219874240225,-0.29607876207809053,-0.6320323984128842
Max Strus,Away,CLE,BOS,113,120,0,096687a1-f3a3-4203-aaba-3c019987d7b1,3.3289234753495194,0.013610338673729476,-0.8890925291021475,-0.050148815778689175,1.7535287692289232,-0.9274582686509292,-2.2315246932680473,1.1374918513926915,1.1742189067248217,-1.2921643532538019,1.1606713916533906,-0.14707899140624564,-0.10145281436594822
Jarrett Allen,Away,CLE,BOS,113,120,0,096687a1-f3a3-4203-aaba-3c019987d7b1,0.09242627794677435,3.091037922540815,1.2454484966923198,-1.1301671392274804,1.537631158480091,2.2927422256323537,0.8749846485000395,0.8647552061115751,-1.7426528751182455,1.4137009013641488,1.1149804045349243,0.5514940110779516,-0.3217842136105379
Donovan Mitchell,Away,CLE,BOS,113,120,0,096687a1-f3a3-4203-aaba-3c019987d7b1,5.4171208151486265,1.3332753201423135,-0.5606607947553542,-0.6220561141675348,0.5604011365863865,-0.6657989295840125,-1.5502420441543752,1.2929260401259595,0.5543142035693926,0.8720347565703823,1.949551125345183,0.3038655817273655,-0.06308333603617837
Dean Wade,Away,CLE,BOS,113,120,0,096687a1-f3a3-4203-aaba-3c019987d7b1,0.2451131198203099,-0.3935758526370446,-0.2747796679580212,0.8054218752654515,0.672542143339043,1.4164875298572173,0.34469213913387076,1.187162538932558,1.6072497268535513,1.1780883045128445,0.3164151908624017,0.40468540787934265,-0.30757450615453236
Georges Niang,Away,CLE,BOS,113,120,0,096687a1-f3a3-4203-aaba-3c019987d7b1,-1.395760819291468,-0.11605856454598991,-2.0949494454272273,-1.449069311103127,-0.91763577825002,-0.3653435547568526,-0.743708169726718,5.782898097251863,1.2577924984824567,-1.2921643532538019,-0.5293731589435019,-1.0182231982050074,-0.8945438961187033
Caris LeVert,Away,CLE,BOS,113,120,0,096687a1-f3a3-4203-aaba-3c019987d7b1,0.6890543244450655,0.19181200715768582,-1.1340251885168957,0.43765997571658244,-0.23309169009021502,1.6491662525410353,-0.5103536214498628,0.41374350596187437,-0.01866849586358384,-1.2921643532538019,0.719458197445727,-0.8859284850740806,-0.16607579554684707
Isaac Okoro,Away,CLE,BOS,113,120,0,096687a1-f3a3-4203-aaba-3c019987d7b1,-1.049933652462021,0.261138382991833,0.49118598397529406,-1.1096322354024735,-0.7400792037652275,-0.44398723301048854,-0.8288210040669508,-0.04088525392521399,1.13648012171237,-1.2921643532538019,-0.3705191118991442,-1.4733316521147934,-0.6875080174963494
Tristan Thompson,Away,CLE,BOS,113,120,0,096687a1-f3a3-4203-aaba-3c019987d7b1,-1.8293876832691869,-1.5456010388900099,0.18542018169883612,0.6963016368291528,2.0336974507544694,-2.0379595033949385,3.1192055094412745,3.178726011835991,-2.6356700377607014,-1.2921643532538019,-0.8764933404809327,-0.30166800963780793,-1.0938281860064258
Damian Jones,Away,CLE,BOS,113,120,0,096687a1-f3a3-4203-aaba-3c019987d7b1,-2.147500124982208,-2.0275983764680197,0.23870014128644057,0.08453455844563763,-2.5889650391617227,0.17476536399755174,0.7149011738075323,-2.9891366794415717,-0.17103693633369385,-1.2921643532538019,-3.0572406758914688,0.832265759610711,-0.16251704880014295
Sam Merrill,Away,CLE,BOS,113,120,0,096687a1-f3a3-4203-aaba-3c019987d7b1,-2.147500124982208,-2.0275983764680197,0.23870014128644057,0.08453455844563763,-2.5889650391617227,0.17476536399755174,0.7149011738075323,-2.9891366794415717,-0.17103693633369385,-1.2921643532538019,-3.0572406758914688,0.832265759610711,-0.16251704880014295
Craig Porter Jr.,Away,CLE,BOS,113,120,0,096687a1-f3a3-4203-aaba-3c019987d7b1,-2.147500124982208,-2.0275983764680197,0.23870014128644057,0.08453455844563763,-2.5889650391617227,0.17476536399755174,0.7149011738075323,-2.9891366794415717,-0.17103693633369385,-1.2921643532538019,-3.0572406758914688,0.832265759610711,-0.16251704880014295
Donovan Mitchell,Away,CLE,BOS,107,116,0,3a6daa16-0f6c-4f78-97b2-bd2ecb7dd859,4.427172729915789,2.031349834110125,-0.5158707900495001,0.7659347878943447,1.363907915934456,-0.9210186345493353,-1.03881141024785,0.8506341026696026,-0.25085016329943916,2.412599393127289,1.928217906465869,-0.6120700858448337,-1.437604680591471
Jarrett Allen,Away,CLE,BOS,107,116,0,3a6daa16-0f6c-4f78-97b2-bd2ecb7dd859,-0.6499342345262309,0.5717082609080429,-1.9301753053056503,-0.5085265890761604,2.1893654109632226,-1.1097759795802946,-1.5027853079038962,0.2670201293949721,-1.5053203409426745,-1.2921643532538019,0.7842969749527489,-0.30853161584211874,-0.11315573964860166
Darius Garland,Away,CLE,BOS,107,116,0,3a6daa16-0f6c-4f78-97b2-bd2ecb7dd859,3.006549960104943,2.6227918921781974,-0.36813497138439727,-1.4750453097499758,-0.9832606476329953,-0.41863880096376643,0.3252884683106549,0.5478889924292468,0.365485549848772,-1.2921643532538019,1.4399879980548715,-1.3578642874744664,-0.6638602449816207
Max Strus,Away,CLE,BOS,107,116,0,3a6daa16-0f6c-4f78-97b2-bd2ecb7dd859,-0.49039912429789057,0.18905245427600387,-1.3871962238853812,-0.8597979626762867,0.16391075164930308,-0.842441366891367,0.7598996832831535,0.7349046537436252,1.01087771972793,-1.2921643532538019,0.19879527039561518,-0.643664602676204,-0.08429873266366042
Dean Wade,Away,CLE,BOS,107,116,0,3a6daa16-0f6c-4f78-97b2-bd2ecb7dd859,-0.5066261858704305,-2.0275983764680197,0.23870014128644057,0.08453455844563763,0.746621971866634,-1.061678561038889,-0.2159674658192543,0.022332943433793134,1.7446967305922099,1.2628221380341047,-0.1339282736522776,-1.1129008539234626,-0.5499555568347466
Caris LeVert,Away,CLE,BOS,107,116,0,3a6daa16-0f6c-4f78-97b2-bd2ecb7dd859,3.1691355997379596,2.4231408004193407,2.2292855841479144,-0.054760652685372585,-0.06319261323114535,0.9579657115376392,0.28692002481803763,1.806732356876611,0.07942722308804864,2.645314582862687,1.6283030320883116,0.9251578440178505,-1.4414573191245699
Georges Niang,Away,CLE,BOS,107,116,0,3a6daa16-0f6c-4f78-97b2-bd2ecb7dd859,-1.2567138441672228,-0.9652918403948615,-0.9374506750728191,-0.9905398855120928,-0.932164885560903,-0.35937921023212965,-0.7243907872473768,-0.7780368687881398,0.26196890395367456,1.3892905462747915,-0.14351629529382623,-1.2666855943562785,0.13252979655174077
Isaac Okoro,Away,CLE,BOS,107,116,0,3a6daa16-0f6c-4f78-97b2-bd2ecb7dd859,-0.9715127485314841,1.1549732989510748,-0.0983746672191559,-1.1294318412764284,0.5398519055475521,-0.9595354955664154,-0.17055315860583978,5.117903488228178,0.21622336419280247,2.021632587478226,0.04085673979467145,0.9945885859105484,-0.5071329599974214
Tristan Thompson,Away,CLE,BOS,107,116,0,3a6daa16-0f6c-4f78-97b2-bd2ecb7dd859,-1.8293876832691869,-0.43542651261333837,-2.058792852212367,-1.8384739676347457,3.543364479495208,-2.9652729420255444,2.3242614273959394,2.22819059897678,-2.374428138750266,-1.2921643532538019,0.22189365097750327,-1.1420301750112782,0.3747487410818866
Damian Jones,Away,CLE,BOS,107,116,0,3a6daa16-0f6c-4f78-97b2-bd2ecb7dd859,-2.147500124982208,-2.0275983764680197,0.23870014128644057,0.08453455844563763,-2.5889650391617227,0.17476536399755174,0.7149011738075323,-2.9891366794415717,-0.17103693633369385,-1.2921643532538019,-3.0572406758914688,0.832265759610711,-0.16251704880014295
Sam Merrill,Away,CLE,BOS,107,116,0,3a6daa16-0f6c-4f78-97b2-bd2ecb7dd859,-2.147500124982208,-2.0275983764680197,0.23870014128644057,0.08453455844563763,-2.5889650391617227,0.17476536399755174,0.7149011738075323,-2.9891366794415717,-0.17103693633369385,-1.2921643532538019,-3.0572406758914688,0.832265759610711,-0.16251704880014295
Craig Porter Jr.,Away,CLE,BOS,107,116,0,3a6daa16-0f6c-4f78-97b2-bd2ecb7dd859,-2.147500124982208,-2.0275983764680197,0.23870014128644057,0.08453455844563763,-2.5889650391617227,0.17476536399755174,0.7149011738075323,-2.9891366794415717,-0.17103693633369385,-1.2921643532538019,-3.0572406758914688,0.832265759610711,-0.16251704880014295
Donovan Mitchell,Home,CLE,ATL,127,119,1,e953d92a-7a36-41e1-9d72-6f354d4806fe,3.680162807293013,3.7544343441770844,0.6717596092700462,2.1296744977854334,0.4838099451231495,-0.9307956218847886,1.1963674646461735,0.7056720159648106,0.5712268160957782,1.9256362133388645,1.746597417027447,0.5797431240810009,-0.1037940284249241
Jarrett Allen,Home,CLE,ATL,127,119,1,e953d92a-7a36-41e1-9d72-6f354d4806fe,1.8729944058334562,1.521211202703125,0.0675878559263675,-1.91720435735725,5.162044642543265,-0.5920841525451843,0.04469618702614588,1.8487957224164833,-2.160296125652913,0.38254220861714383,1.3617153005069325,0.5857976708878976,-0.29227187326676835
Max Strus,Home,CLE,ATL,127,119,1,e953d92a-7a36-41e1-9d72-6f354d4806fe,1.1850378082851174,0.82173425164854,0.24514433371010788,0.47787475033455395,1.3006801925234013,0.6559186198340411,-0.5835615303948347,-0.0792639608372204,0.5799487930193451,0.951709853762015,1.0789837651370402,0.2640186176807372,0.9739974970280262
Isaac Okoro,Home,CLE,ATL,127,119,1,e953d92a-7a36-41e1-9d72-6f354d4806fe,1.5670857276289674,-0.08168693183121306,0.8832696443129556,0.24052610624309217,-0.16645866994082625,-0.8521345274631048,1.8270994639500375,3.10316128146674,0.3509559301868453,1.7111606965042174,0.749934021644866,0.5030662837005621,-0.85307617764471
Dean Wade,Home,CLE,ATL,127,119,1,e953d92a-7a36-41e1-9d72-6f354d4806fe,1.870954421821293,0.7505050651487521,0.6523634792557911,-0.22227726013084015,0.8442242672129695,-0.9732764746650442,-0.6218780133270465,3.3035654476966685,1.003094493280846,1.0731195256730743,0.6698343528044728,1.311231388464271,-0.6734681039720514
Caris LeVert,Home,CLE,ATL,127,119,1,e953d92a-7a36-41e1-9d72-6f354d4806fe,1.2853507042854606,0.5424023484215725,-0.21255451623818714,-1.1881532966474957,1.4368515424731039,0.6455695632718366,0.6373969542401865,0.05232855268246712,-0.11645549840921228,0.10926743283674008,1.0872057663410186,-1.1322576806820632,0.48515567979163465
Georges Niang,Home,CLE,ATL,127,119,1,e953d92a-7a36-41e1-9d72-6f354d4806fe,-1.4852121638336881,-0.9214942719644531,-0.10538395716948332,0.5880361706981332,0.21888866630758674,-0.9051088124033237,-0.01739693957114767,-2.0874986163577156,1.435427900032439,-1.2921643532538019,-0.49705086097386725,-1.2837573427412614,0.992994400757046
Craig Porter Jr.,Home,CLE,ATL,127,119,1,e953d92a-7a36-41e1-9d72-6f354d4806fe,-0.6972582172777693,-0.05185341559005787,-0.7195334445679151,0.9366376208872407,-0.44297327363686795,-0.7044993171000917,0.3946781418916563,-0.4977981770662236,-0.8352577852314542,-1.2921643532538019,0.40547097520139824,-0.6870155184010398,1.1398464293527057
Tristan Thompson,Home,CLE,ATL,127,119,1,e953d92a-7a36-41e1-9d72-6f354d4806fe,-1.1931627998431444,-1.4551711265276928,-0.1554132006216936,-0.5042954536897036,2.0525487126589774,-1.6924172706736846,0.5371591740310272,3.0408620969938154,-2.5977799913393405,-1.2921643532538019,-0.3671931201728069,0.1294897742484812,0.21838422137097774
Sam Merrill,Home,CLE,ATL,127,119,1,e953d92a-7a36-41e1-9d72-6f354d4806fe,0.6949670453705687,-1.0768435444128919,0.024783677928768354,0.8800625598278854,-0.9000128207127378,-0.4565777962081164,-0.8025654772361516,2.4333324820416045,1.494701560479085,-1.2921643532538019,0.8397103934470895,1.1644616952266797,-0.9017473506524011
Damian Jones,Home,CLE,ATL,127,119,1,e953d92a-7a36-41e1-9d72-6f354d4806fe,-2.147500124982208,-2.0275983764680197,0.23870014128644057,0.08453455844563763,-2.5889650391617227,0.17476536399755174,0.7149011738075323,-2.9891366794415717,-0.17103693633369385,-1.2921643532538019,-3.0572406758914688,0.832265759610711,-0.16251704880014295
Isaiah Mobley,Home,CLE,ATL,127,119,1,e953d92a-7a36-41e1-9d72-6f354d4806fe,-2.147500124982208,-2.0275983764680197,0.23870014128644057,0.08453455844563763,-2.5889650391617227,0.17476536399755174,0.7149011738075323,-2.9891366794415717,-0.17103693633369385,-1.2921643532538019,-3.0572406758914688,0.832265759610711,-0.16251704880014295
Donovan Mitchell,Home,CLE,HOU,135,130,1,7d93ce3a-1d61-464c-875d-5b30815f211d,6.126401092390788,1.3883889409388117,-1.3917722779661081,0.656784216408974,-0.6535099224634318,2.275661221129826,-0.10651873499840818,1.310736054155583,0.03592105079505842,2.383511659231931,2.1991724066603657,0.25335964682225354,-0.30426759039935186
Max Strus,Home,CLE,HOU,135,130,1,7d93ce3a-1d61-464c-875d-5b30815f211d,2.280789855907021,-0.8785300882061575,-0.22118837443636682,0.1896118437573564,-0.6066076526658202,-0.41307917176782105,-0.9230766250946659,0.9667868436766927,0.8690680810154242,2.1567789582330614,1.003462209861214,-0.31060803401654224,0.2032603696360995
Isaac Okoro,Home,CLE,HOU,135,130,1,7d93ce3a-1d61-464c-875d-5b30815f211d,0.010539301724005494,-0.08912479024335382,-0.0918644977312567,1.9942374988225169,2.380449550125008,-0.11672301438199222,1.8692768478700263,1.8885429620573069,-0.1678678349605004,1.134972213528672,0.603641971388205,0.3877717728098562,-0.8397245727399812
Jarrett Allen,Home,CLE,HOU,135,130,1,7d93ce3a-1d61-464c-875d-5b30815f211d,-0.6807367102773625,0.038636479633796246,-1.0967644595642647,-0.5918910682674393,2.297963626307165,1.734078540178019,0.4479954041568798,-0.12493338495160755,-1.2896343283130685,3.095260653060258,0.4968149954672007,-0.8495461487969028,0.011309734337848704
Dean Wade,Home,CLE,HOU,135,130,1,7d93ce3a-1d61-464c-875d-5b30815f211d,0.29408874996579626,0.9321515438795215,-0.4524083143653513,-1.738950315629789,1.1937726100047072,2.337474953961533,1.5435212864741943,3.5435051850305683,0.3322215772508863,1.2628221380341047,0.433443006629542,0.5552025470203193,-0.8549905500240293
Caris LeVert,Home,CLE,HOU,135,130,1,7d93ce3a-1d61-464c-875d-5b30815f211d,1.1336216411555844,2.4151555429234075,0.7350324399840077,0.03700446112128013,1.620776062041209,-1.1328703799695308,-1.1063164115965274,0.05897464808146919,0.19591718311001047,0.1358257985672843,1.0264393829670668,-0.7214957851184955,-0.11355726908808313
Georges Niang,Home,CLE,HOU,135,130,1,7d93ce3a-1d61-464c-875d-5b30815f211d,0.925279789935318,1.9331501490447296,0.1800624111670371,-3.150285622108469,-0.7768422561632863,-0.5269148869672651,0.34790006694398673,0.49202088750410766,0.7623694589227886,-1.2921643532538019,0.7906146391227259,-0.43946499921519566,1.3772530119312765
Sam Merrill,Home,CLE,HOU,135,130,1,7d93ce3a-1d61-464c-875d-5b30815f211d,3.0141932296990706,0.0528870167273346,1.1391792724206373,0.6907404218447406,0.856402719134073,0.7248778356431294,-0.11344540110999995,2.642251298856429,1.1781292455526469,0.9871210080694074,1.1898615257594383,1.9971938679626213,-0.5002091138299002
Tristan Thompson,Home,CLE,HOU,135,130,1,7d93ce3a-1d61-464c-875d-5b30815f211d,-1.64821334635426,-1.273388097933934,-0.06580269068007402,0.15415902979613472,1.7498707349377896,-1.649872184948949,1.798360440998502,-0.13891985829741244,-1.3364360999049743,6.227182734219707,-0.10075777610473048,-0.6405341886179344,0.7194603616961478
Craig Porter Jr.,Home,CLE,HOU,135,130,1,7d93ce3a-1d61-464c-875d-5b30815f211d,-1.3207221114235037,1.2308584151930464,2.301538135438595,1.345461936764158,-1.998114675185808,-0.06778464667451495,-0.0706723803523404,2.97382571719209,1.1895530289828433,-1.2921643532538019,-0.2428434899873204,1.5063295231519478,-0.9217127716891634
Emoni Bates,Home,CLE,HOU,135,130,1,7d93ce3a-1d61-464c-875d-5b30815f211d,-2.147500124982208,-2.0275983764680197,0.23870014128644057,0.08453455844563763,-2.5889650391617227,0.17476536399755174,0.7149011738075323,-2.9891366794415717,-0.17103693633369385,-1.2921643532538019,-3.0572406758914688,0.832265759610711,-0.16251704880014295
Damian Jones,Home,CLE,HOU,135,130,1,7d93ce3a-1d61-464c-875d-5b30815f211d,-2.147500124982208,-2.0275983764680197,0.23870014128644057,0.08453455844563763,-2.5889650391617227,0.17476536399755174,0.7149011738075323,-2.9891366794415717,-0.17103693633369385,-1.2921643532538019,-3.0572406758914688,0.832265759610711,-0.16251704880014295
Max Strus,Home,CLE,UTA,124,116,1,1f103d01-80a7-4c52-b508-d18dad0aa12e,3.7625503393272384,1.8001063802383008,-2.577279962866752,-0.6183925069391765,-0.044227547395930954,-0.6521928327098537,-0.2503005761317142,1.2390263140470166,1.4076497907135765,-1.2921643532538019,1.142521932844081,-1.015218153999863,-0.1229100847634957
Dean Wade,Home,CLE,UTA,124,116,1,1f103d01-80a7-4c52-b508-d18dad0aa12e,-1.0042613171044308,-0.6995485968571269,-0.3513141526695453,-0.022836639452743713,1.5966480955366673,-1.1960222133801721,-0.1696690332750455,1.185243495352952,1.6093525927547454,-1.2921643532538019,-0.08494794024364571,-0.512070650433737,-0.0038942742063686835
Jarrett Allen,Home,CLE,UTA,124,116,1,1f103d01-80a7-4c52-b508-d18dad0aa12e,0.8256607625852639,1.4577952355478845,1.0235059501385833,-0.5943693433196884,2.180507370809024,-1.4513468338843087,0.5493409038386744,0.6647301541975768,-1.648424321656842,0.1358257985672843,0.9678199526163701,-0.3645555544942149,-0.5371424451508541
Craig Porter Jr.,Home,CLE,UTA,124,116,1,1f103d01-80a7-4c52-b508-d18dad0aa12e,-0.7885239867182732,-0.1587010559215758,0.026741924942075824,2.356275247642074,3.8417393363214383,3.7303518403956497,1.4536412098895233,-0.371398221822796,-0.40531172029789747,1.1186481526397216,0.35798826520536325,0.19052278867334663,-0.6301779922380618
Isaac Okoro,Home,CLE,UTA,124,116,1,1f103d01-80a7-4c52-b508-d18dad0aa12e,-0.46103275178751685,0.4686281005047762,-0.8978085497220223,1.0842886820160482,1.5503049892308653,-1.3795391041135667,1.1393380875994081,-0.07684861840428592,0.5857361100883637,-0.5131199577497396,0.3514675493616186,-0.4154725142023564,0.5590100816267022
Sam Merrill,Home,CLE,UTA,124,116,1,1f103d01-80a7-4c52-b508-d18dad0aa12e,5.487131791209293,0.9432784759608976,-0.2936762503231504,-1.012401526036519,-0.6083761963627587,-0.412602880557589,-0.8942837195447702,2.5020731051134484,1.2718401391157637,0.09914996017748512,1.6349403976352777,1.4175504385430544,0.4426306679348248
Caris LeVert,Home,CLE,UTA,124,116,1,1f103d01-80a7-4c52-b508-d18dad0aa12e,2.9046381833595056,1.57765925511714,0.6506740840980293,1.7867279539800824,-0.5241899404276111,-0.44907766940975613,-0.9493806130773568,1.4543276141090695,0.6797624763794979,3.8206024357732025,1.558582366068325,1.102095969598193,-0.05177390744921993
Georges Niang,Home,CLE,UTA,124,116,1,1f103d01-80a7-4c52-b508-d18dad0aa12e,2.4323033748837073,-0.4391114771536768,-0.8648941839704564,-0.6238240008095853,-1.450424529718339,-0.2186522458034322,-0.4161999402490486,1.0821177140281644,0.8983880144380648,-1.2921643532538019,0.9469397292225791,-0.13161225050317824,1.1874987115944786
Tristan Thompson,Home,CLE,UTA,124,116,1,1f103d01-80a7-4c52-b508-d18dad0aa12e,-0.40686050068117374,3.581303116789955,5.099549196518948,-0.786108347738067,1.2326085699430058,-1.2749027366231185,0.6153439809613456,1.4794552741422866,-1.9485773388668604,-1.2921643532538019,0.657987673224893,2.0627066566103207,-0.5719082490941492
Emoni Bates,Home,CLE,UTA,124,116,1,1f103d01-80a7-4c52-b508-d18dad0aa12e,-2.147500124982208,-2.0275983764680197,0.23870014128644057,0.08453455844563763,-2.5889650391617227,0.17476536399755174,0.7149011738075323,-2.9891366794415717,-0.17103693633369385,-1.2921643532538019,-3.0572406758914688,0.832265759610711,-0.16251704880014295
Damian Jones,Home,CLE,UTA,124,116,1,1f103d01-80a7-4c52-b508-d18dad0aa12e,-2.147500124982208,-2.0275983764680197,0.23870014128644057,0.08453455844563763,-2.5889650391617227,0.17476536399755174,0.7149011738075323,-2.9891366794415717,-0.17103693633369385,-1.2921643532538019,-3.0572406758914688,0.832265759610711,-0.16251704880014295
Isaiah Mobley,Home,CLE,UTA,124,116,1,1f103d01-80a7-4c52-b508-d18dad0aa12e,-2.147500124982208,-2.0275983764680197,0.23870014128644057,0.08453455844563763,-2.5889650391617227,0.17476536399755174,0.7149011738075323,-2.9891366794415717,-0.17103693633369385,-1.2921643532538019,-3.0572406758914688,0.832265759610711,-0.16251704880014295
Max Strus,Home,CLE,NOP,104,123,0,14053fab-2aa0-455b-b9d0-2c27384adc77,2.258981740066874,1.0532461697802173,-1.5337643323912744,0.5699185515078102,-0.5705188813509202,-0.42904338751029336,-0.9544645730812182,-0.3860205443375425,1.1323395375891987,1.586052186819523,1.096354549677443,-2.4293942312422674,-0.1547756940014058
Isaac Okoro,Home,CLE,NOP,104,123,0,14053fab-2aa0-455b-b9d0-2c27384adc77,1.5337899482449346,0.32638795596922354,0.8377730330765983,0.7512193565121091,-0.39418709748522945,-0.595089069320013,0.005866590990573252,2.3593659680774373,-0.08359997745071135,-0.9570235710452661,0.5067875876521092,-0.9315578652171006,-1.8552728968847203
Craig Porter Jr.,Home,CLE,NOP,104,123,0,14053fab-2aa0-455b-b9d0-2c27384adc77,-0.3093036886576405,3.3005979756367463,-0.438317926505046,2.6130641678457573,-0.5008617327266557,-0.45955383183773757,-0.9902440841344637,0.800061978436318,0.9624019965450088,-1.2921643532538019,0.7734742192721076,-0.02388382489927516,0.11902475311291558
Jarrett Allen,Home,CLE,NOP,104,123,0,14053fab-2aa0-455b-b9d0-2c27384adc77,0.1543256748769045,0.3559135518379091,0.5236997963701202,0.3882612138129167,1.7277293622149885,-1.1851687914600944,-1.1554902953470445,2.0839443754351334,-2.238599146316366,-1.2921643532538019,0.5411031081255351,0.01571429421308434,-1.034112960955356
Dean Wade,Home,CLE,NOP,104,123,0,14053fab-2aa0-455b-b9d0-2c27384adc77,3.22262506879822,-1.4551711265276928,-0.1554132006216936,-0.5042954536897036,3.743446278475168,1.993053277188647,-2.460889226391718,3.193605423589534,1.0449097186431189,-1.2921643532538019,0.8553629554507111,0.5674527075312562,-1.3472916959819723
Caris LeVert,Home,CLE,NOP,104,123,0,14053fab-2aa0-455b-b9d0-2c27384adc77,0.1589650700659858,0.9139949296462866,0.5459239186454253,0.6109778501071249,-1.9496843174828644,-0.08766579509025811,-0.1350636552834775,0.09833155248990073,0.3579083391142566,1.037708371365682,0.23923435807051927,-2.1711393690165384,-1.3724383922577117
Tristan Thompson,Home,CLE,NOP,104,123,0,14053fab-2aa0-455b-b9d0-2c27384adc77,-1.043085384107216,-0.5311607721106341,-0.1490125648015412,1.0744717022196706,2.8601366156572254,-2.0532981496821026,2.222458525483881,0.877017633135577,-1.6952848528955313,-1.2921643532538019,-0.1745622379363953,-0.8560565685296871,-1.0085275469721533
Georges Niang,Home,CLE,NOP,104,123,0,14053fab-2aa0-455b-b9d0-2c27384adc77,1.2088292381771086,0.09873234209848998,-1.779028774045718,-0.8946360394394163,-0.0813636713359146,1.4853936854163794,-0.6546643143711531,1.5172904151233215,1.2868874247440885,-1.2921643532538019,0.5321336023475681,-1.405305424740567,-0.7105293675294013
Sam Merrill,Home,CLE,NOP,104,123,0,14053fab-2aa0-455b-b9d0-2c27384adc77,-1.4852121638336881,-0.8319226917917807,-0.8384467599115667,-0.12562020033307186,-1.9254691386313925,-0.0976063692981297,-0.16725929274904605,-2.414018414668132,1.525167483661978,-1.2921643532538019,-0.3226264116909349,-2.143411495184458,1.9602474511604917
Emoni Bates,Home,CLE,NOP,104,123,0,14053fab-2aa0-455b-b9d0-2c27384adc77,-0.8541839013685024,-1.2158177499947298,0.03941637282911315,0.6900437629726288,-1.9254691386313925,-0.0976063692981297,-0.16725929274904605,-0.47743341389586846,1.182706727116741,-1.2921643532538019,-0.07266377634552118,-2.1160556392417735,0.557845566594115
Isaiah Mobley,Home,CLE,NOP,104,123,0,14053fab-2aa0-455b-b9d0-2c27384adc77,-1.395760819291468,-0.6999282134345703,0.0963786765605672,1.8525862304590117,-1.9254691386313925,-0.0976063692981297,-0.16725929274904605,6.900321407025287,0.9506837011724792,-1.2921643532538019,-0.27892191604879973,1.9524044392718445,-1.585272870301995
Damian Jones,Home,CLE,NOP,104,123,0,14053fab-2aa0-455b-b9d0-2c27384adc77,-1.8293876832691869,-2.0275983764680197,0.23870014128644057,0.08453455844563763,-0.06282322212417596,-0.821281759864098,-1.3678362415067402,2.9828141328497417,-2.581826287582978,-1.2921643532538019,-0.6465445095709222,0.14284445598060705,0.11495017498847761
Max Strus,Away,CLE,CHI,109,95,1,c031559b-df09-44f6-91d8-99435b4b44a9,5.466885334884211,2.894488872734443,0.30405977100908427,0.5354388667710456,-1.1878592175742715,1.307121505639085,-0.01737387780710677,0.9202057504776019,0.9799875812934883,1.3931444065837923,2.110195066855776,1.1242779400203793,0.3579360016858944
Craig Porter Jr.,Away,CLE,CHI,109,95,1,c031559b-df09-44f6-91d8-99435b4b44a9,1.6288162354055375,2.4471764255217874,-0.6424395125612065,1.37116653998514,1.4248846337488592,0.6416090339785033,-0.6277844620562806,1.061254371862702,-0.4767211013829471,1.162028768965182,1.6511466749791295,1.0608531177486802,0.3985960762193003
Dean Wade,Away,CLE,CHI,109,95,1,c031559b-df09-44f6-91d8-99435b4b44a9,1.8711171993256288,0.27830428555807735,1.404190296595172,-1.0525516623064823,0.9997951337544191,-0.8447664426162218,-0.8125677702216385,0.4809079617062264,1.3206695231387353,-1.2921643532538019,1.0905086089934803,0.5321143193104815,0.7411472767847642
Jarrett Allen,Away,CLE,CHI,109,95,1,c031559b-df09-44f6-91d8-99435b4b44a9,0.47847639378973555,0.7910780389105599,0.9720568547011004,2.197320479184191,6.909220317316179,-1.3247630848815541,2.878771133456519,1.4044380808642523,-1.6181796038746605,4.772809436339953,1.2899312008101103,1.6010611915683148,-1.0438419876877156
Isaac Okoro,Away,CLE,CHI,109,95,1,c031559b-df09-44f6-91d8-99435b4b44a9,0.17903155063330117,-0.301177949995379,-0.6797469537739674,0.35382734115275116,-0.7717238610832061,-0.34352330851789703,-0.7424769490563718,-0.07918730312965258,0.14440694615964195,3.646078297394915,0.9042137239115662,-0.14621217695802463,0.6041218336807114
Georges Niang,Away,CLE,CHI,109,95,1,c031559b-df09-44f6-91d8-99435b4b44a9,0.3986566078484701,-0.3332060891268793,-1.3657696176488716,-1.4422521527777523,0.8316589897820648,-0.9725853795133378,-0.537307199217137,-0.7923752935938292,0.4937713879036782,-1.2921643532538019,0.5656611222013811,-2.2072019155495353,1.1688452358343986
Tristan Thompson,Away,CLE,CHI,109,95,1,c031559b-df09-44f6-91d8-99435b4b44a9,-1.1181240919751803,-0.5287514848164269,-0.9816485633748405,-0.16826465231081508,3.0120344072472625,-2.3202589602330566,3.137400901452292,1.4100104790788117,-1.9571926071056585,-1.2921643532538019,0.13885986746515627,0.5790343359045832,0.33826875429962633
Damian Jones,Away,CLE,CHI,109,95,1,c031559b-df09-44f6-91d8-99435b4b44a9,-0.7537921040934825,1.398990665997136,0.39619216763750803,-1.7806125225865084,-0.5409298894389266,-0.5299869843289646,-0.9066885170901917,1.4901281945854135,0.5223399728945671,0.6089206593679733,0.33970972595980997,0.7061975447942823,1.2079984834172703
Emoni Bates,Away,CLE,CHI,109,95,1,c031559b-df09-44f6-91d8-99435b4b44a9,-1.2000110681979492,-2.0275983764680197,0.23870014128644057,0.08453455844563763,-0.9536077114842525,3.4978566069885058,0.4660483597765115,2.3317485447894755,1.5226205420527192,-1.2921643532538019,-0.5210726321325978,0.27284606244208337,-0.6655806053168187
Caris LeVert,Away,CLE,CHI,109,95,1,c031559b-df09-44f6-91d8-99435b4b44a9,-2.147500124982208,-2.0275983764680197,0.23870014128644057,0.08453455844563763,-2.5889650391617227,0.17476536399755174,0.7149011738075323,-2.9891366794415717,-0.17103693633369385,-1.2921643532538019,-1.4788266327286617,0.09074564632062354,0.10076665022568322
Sam Merrill,Away,CLE,CHI,109,95,1,c031559b-df09-44f6-91d8-99435b4b44a9,-2.147500124982208,-2.0275983764680197,0.23870014128644057,0.08453455844563763,-2.5889650391617227,0.17476536399755174,0.7149011738075323,-2.9891366794415717,-0.17103693633369385,-1.2921643532538019,-1.4788266327286617,0.09074564632062354,0.10076665022568322
Isaiah Mobley,Away,CLE,CHI,109,95,1,c031559b-df09-44f6-91d8-99435b4b44a9,-2.147500124982208,-2.0275983764680197,0.23870014128644057,0.08453455844563763,-2.5889650391617227,0.17476536399755174,0.7149011738075323,-2.9891366794415717,-0.17103693633369385,-1.2921643532538019,-3.0572406758914688,0.832265759610711,-0.16251704880014295
Isaac Okoro,Away,CLE,DAL,113,110,1,f2123255-94ec-4f54-9a3d-06c0efe0dc14,2.838431057898191,-0.4839895575961239,-1.0335759197664742,-0.6152882608364634,-0.03762313065065048,0.7875074263401324,1.0630217757959317,1.9643030206279368,0.6091032949276178,2.1567789582330614,1.251841143941438,0.21692412031566,-0.05239900942723265
Jarrett Allen,Away,CLE,DAL,113,110,1,f2123255-94ec-4f54-9a3d-06c0efe0dc14,1.6342284005195844,3.0132255741533274,0.06901773219518158,0.18170412571312683,8.620638628609953,-3.3840748009473374,2.2674228394102762,0.4505803475894227,-1.5250461844010805,3.060177451381386,1.8625808162629836,1.2519684137162004,0.1596936959026623
Max Strus,Away,CLE,DAL,113,110,1,f2123255-94ec-4f54-9a3d-06c0efe0dc14,0.9236281425413698,1.9596973255188124,-0.548830937738384,0.30847526006948345,0.6843523891112059,0.8097448731176095,-0.1647732769132511,0.2102695276945864,1.2320145251574053,-1.2921643532538019,0.7697041928553373,-0.07956630250125815,0.3162802124541353
Dean Wade,Away,CLE,DAL,113,110,1,f2123255-94ec-4f54-9a3d-06c0efe0dc14,-0.6127618149173933,-1.6459802098411351,-0.02404208665231553,-0.3080187829779232,1.477351605005326,-0.9714707874438283,-1.086232434955703,-0.29765284157466954,1.8350717668498655,-1.2921643532538019,0.35131774075631095,0.28226141428777946,1.52776446092393
Craig Porter Jr.,Away,CLE,DAL,113,110,1,f2123255-94ec-4f54-9a3d-06c0efe0dc14,-0.17600054530533835,4.0182449807022,1.4253685835530934,-0.21326179111624202,4.297794298847072,-0.3157724086638681,0.8377959229865362,-0.4815058128305864,-0.9156231515994029,0.1712369528746766,1.0118508041671503,0.611542196632183,0.2756952411416521
Caris LeVert,Away,CLE,DAL,113,110,1,f2123255-94ec-4f54-9a3d-06c0efe0dc14,4.936554401726118,1.9893537118344475,-1.2992079192054082,2.2348483734959133,-1.1345066778262112,-0.2717351526464213,-0.5608267251552732,1.6569533992102794,0.788259856210264,2.88772605244039,1.5403017528276424,-0.6059170145850531,-2.0371599838142695
Georges Niang,Away,CLE,DAL,113,110,1,f2123255-94ec-4f54-9a3d-06c0efe0dc14,2.3537196934488342,0.8373808502565948,0.1515909912098002,0.23774016330348316,-0.511369501577856,1.421631855306675,-0.36613257308410013,1.8411760194148243,0.9519546120063437,-0.644647102320054,0.706997624420161,-0.5282478986987743,-1.7759866687054655
Tristan Thompson,Away,CLE,DAL,113,110,1,f2123255-94ec-4f54-9a3d-06c0efe0dc14,-1.6793102675332585,0.22804640678647248,-2.3413675443609745,-2.2554708299851747,-1.1324219325151537,-0.5033042486656462,0.9497967552294749,-1.1281825800655267,-0.938731642035708,-1.2921643532538019,-0.6259835403349436,-2.6259951504390564,0.9088417204194471
Emoni Bates,Away,CLE,DAL,113,110,1,f2123255-94ec-4f54-9a3d-06c0efe0dc14,-1.5602508717016523,0.6841243022326725,-0.2769708116960465,2.7361254364220207,-0.865408736710795,-0.47511412554895555,-0.7695529826191709,-1.8522565549918468,1.988864095547058,-1.2921643532538019,-0.1762414074393911,-0.674671179654443,1.894907952370956
Damian Jones,Away,CLE,DAL,113,110,1,f2123255-94ec-4f54-9a3d-06c0efe0dc14,-2.147500124982208,-2.0275983764680197,0.23870014128644057,0.08453455844563763,-2.5889650391617227,0.17476536399755174,0.7149011738075323,-2.9891366794415717,-0.17103693633369385,-1.2921643532538019,-3.0572406758914688,0.832265759610711,-0.16251704880014295
Sam Merrill,Away,CLE,DAL,113,110,1,f2123255-94ec-4f54-9a3d-06c0efe0dc14,-2.147500124982208,-2.0275983764680197,0.23870014128644057,0.08453455844563763,-2.5889650391617227,0.17476536399755174,0.7149011738075323,-2.9891366794415717,-0.17103693633369385,-1.2921643532538019,-1.4788266327286617,0.09074564632062354,0.10076665022568322
Isaiah Mobley,Away,CLE,DAL,113,110,1,f2123255-94ec-4f54-9a3d-06c0efe0dc14,-2.147500124982208,-2.0275983764680197,0.23870014128644057,0.08453455844563763,-2.5889650391617227,0.17476536399755174,0.7149011738075323,-2.9891366794415717,-0.17103693633369385,-1.2921643532538019,-3.0572406758914688,0.832265759610711,-0.16251704880014295
Jarrett Allen,Home,CLE,MIL,111,119,0,527d6637-a8de-4ef7-be60-3b37a18c41cb,2.774263916449039,0.05733082320354455,-0.2185656026898863,1.7373165312420376,4.349116305369252,1.120569144859765,-0.09867081273903812,2.3042455208642,-2.3045323108259255,-1.2921643532538019,1.2673760409331865,0.3201586881314948,-2.221123467532513
Max Strus,Home,CLE,MIL,111,119,0,527d6637-a8de-4ef7-be60-3b37a18c41cb,2.372218402851861,2.111829466775446,2.9450117456352527,-1.9128741186210405,0.8279358206667392,2.2542640936315252,0.1932817400434757,-0.43590371527149663,0.8144465528400061,-1.2921643532538019,1.1364339090551332,-0.7430826889596327,-0.3490983863215102
Donovan Mitchell,Home,CLE,MIL,111,119,0,527d6637-a8de-4ef7-be60-3b37a18c41cb,5.026635761665566,3.355476938214331,0.5455121542261864,1.3833931332650076,1.2172281606922748,0.6145968871749946,-0.5063133076906325,1.4398840452894384,-0.3522009999430643,1.9054012680203545,2.0373435648833187,1.0893122598424865,-1.1691466235512777
Isaac Okoro,Home,CLE,MIL,111,119,0,527d6637-a8de-4ef7-be60-3b37a18c41cb,-0.816238711834699,0.7174725866868124,-0.06473953241892036,-0.5834225105356077,-0.5285083580282851,1.257565951626252,-0.43914834661448937,0.8784686664819092,-1.202768187852071,1.2628221380341047,0.15336719558213158,-0.7345234551576938,-0.7774856062773556
Dean Wade,Home,CLE,MIL,111,119,0,527d6637-a8de-4ef7-be60-3b37a18c41cb,-1.6809619149272068,0.8942897024515288,-0.6512408721359848,-1.8888926385021332,1.1247572571253939,-0.9939982546892406,-1.9674148851338247,-2.4946438654818675,1.3421206528645262,-1.2921643532538019,-0.42469625966882724,-1.6082296101369775,0.3591970778848203
Caris LeVert,Home,CLE,MIL,111,119,0,527d6637-a8de-4ef7-be60-3b37a18c41cb,0.35652924605778846,1.1200902339896581,-0.13078911811531846,-0.10588720520839212,-1.5230083740378817,-0.18812303067253658,-0.3505739050486791,-1.3849288364576666,0.28404087166491077,-1.2921643532538019,0.7149606059374324,-1.6437081975762875,0.7874110197282657
Craig Porter Jr.,Home,CLE,MIL,111,119,0,527d6637-a8de-4ef7-be60-3b37a18c41cb,0.7894461217200852,-0.3874882083021317,1.5082035790365993,-0.19876542949949064,-1.3415701027043425,-0.267027567499868,-0.4651618125196317,1.4626047671649303,-0.3981416561576961,0.41921804700694304,0.8617906763285711,0.4346770660036696,-0.7526162116183851
Sam Merrill,Home,CLE,MIL,111,119,0,527d6637-a8de-4ef7-be60-3b37a18c41cb,-0.8085115660109119,-1.4582833852651704,0.0649457554212043,0.358521606757075,-1.9787425321046306,-0.07573710604081221,-0.09642889032479525,0.07285809798460166,1.8016092170994307,-1.2921643532538019,-0.393366546221044,-0.8305609432712563,0.5632391671884441
Georges Niang,Home,CLE,MIL,111,119,0,527d6637-a8de-4ef7-be60-3b37a18c41cb,-0.6548891767080749,-0.6443267447296385,1.4900150497733635,-1.0362258018752284,-1.2659167953603243,2.247454912635882,0.24104989542116514,-1.584932616671586,1.4518111361904773,-1.2921643532538019,-0.1526004707287605,-1.9515621923417308,0.5831216329520936
Tristan Thompson,Home,CLE,MIL,111,119,0,527d6637-a8de-4ef7-be60-3b37a18c41cb,-1.754348975401223,-1.0338793606545962,-0.09102073933811514,0.4816382328871087,5.146430676350697,-3.149570227507813,0.24513708621491725,-0.1607744827173669,-1.3301379011246188,0.3898644770887646,-0.3004717523533608,-0.179373515930102,0.5839714763340417
Ty Jerome,Home,CLE,MIL,111,119,0,527d6637-a8de-4ef7-be60-3b37a18c41cb,-2.147500124982208,-2.0275983764680197,0.23870014128644057,0.08453455844563763,-2.5889650391617227,0.17476536399755174,0.7149011738075323,-2.9891366794415717,-0.17103693633369385,-1.2921643532538019,-1.4788266327286617,0.09074564632062354,0.10076665022568322
Damian Jones,Home,CLE,MIL,111,119,0,527d6637-a8de-4ef7-be60-3b37a18c41cb,-2.147500124982208,-2.0275983764680197,0.23870014128644057,0.08453455844563763,-2.5889650391617227,0.17476536399755174,0.7149011738075323,-2.9891366794415717,-0.17103693633369385,-1.2921643532538019,-3.0572406758914688,0.832265759610711,-0.16251704880014295
Donovan Mitchell,Away,CLE,TOR,121,124,0,d5969754-48b3-4d4e-85b5-f7376d169b89,4.029372170185033,4.487877379358872,1.822433469797685,-0.7856030704145845,0.8819291245704687,-0.7968746620139082,-0.7390276090955816,0.7457147147058353,0.5229422913573833,2.975443617860126,2.001257286702098,0.4866249711868847,-0.09787267568162437
Max Strus,Away,CLE,TOR,121,124,0,d5969754-48b3-4d4e-85b5-f7376d169b89,0.09330515541575679,1.7727228176782288,-1.406144422632986,-1.571826918550182,0.8506029760977144,0.7761416368216596,-1.2561337512705613,0.18662838051597205,1.358614986835829,-1.2921643532538019,0.8145921503287219,0.027469018393775413,0.8739447349874884
Jarrett Allen,Away,CLE,TOR,121,124,0,d5969754-48b3-4d4e-85b5-f7376d169b89,0.211701217931571,0.5672080770793416,0.5263362016451003,0.24253632588411347,3.0599246562938958,-1.5701827794828764,0.010778693170009266,0.16546635267706364,-1.39001729509775,3.6703352647085135,0.9690236933185725,-0.21320381166232652,-0.5265713826063283
Isaac Okoro,Away,CLE,TOR,121,124,0,d5969754-48b3-4d4e-85b5-f7376d169b89,0.619506682965825,1.6208099859089076,1.135889573829122,-0.8752352374242583,-1.0315980286516453,1.3644738955058422,-0.1367562462453767,0.5755895963557182,-0.5487290000638108,3.5474329389671793,0.6609323504246181,-1.1645220659614466,-1.576306334154525
Dean Wade,Away,CLE,TOR,121,124,0,d5969754-48b3-4d4e-85b5-f7376d169b89,-1.6336379321756684,-0.8160753339149428,1.1905019241806738,-0.8891426854730164,-0.4744803724176624,-0.4741233168971538,-0.9592765966048176,0.2859229614855916,-0.2197038966904658,-1.2921643532538019,-0.3420565860902483,0.018724429473839985,0.5984722629644897
Caris LeVert,Away,CLE,TOR,121,124,0,d5969754-48b3-4d4e-85b5-f7376d169b89,4.006306855218377,-0.513574744910391,0.06916705370300735,1.9655894345385085,-0.24006558437983017,-0.4895758073756402,-1.0957442458455822,1.554054609786241,-0.40168242868220305,2.465716124588378,1.7402526275912389,0.48498985284695467,-0.8414652475548517
Sam Merrill,Away,CLE,TOR,121,124,0,d5969754-48b3-4d4e-85b5-f7376d169b89,2.3537196934488342,-0.6585059939681913,-0.6620265275837744,-0.0832661157584182,-0.27653496146335105,-0.5602540497800503,-1.1007353670974376,1.970644635952725,0.9153216056102472,-1.2921643532538019,0.9782259867782851,-0.010548312777209006,-0.641490634305476
Georges Niang,Away,CLE,TOR,121,124,0,d5969754-48b3-4d4e-85b5-f7376d169b89,-0.6793006070366046,0.502483641332915,-1.4201976208946698,-0.4312449314708146,0.3323927958586405,-0.7398500256296481,-1.4599978808998912,1.709596984421434,-1.5835324236421588,-1.2921643532538019,0.014925594053777733,-0.45537969298664843,-0.13016029353747235
Tristan Thompson,Away,CLE,TOR,121,124,0,d5969754-48b3-4d4e-85b5-f7376d169b89,-2.147500124982208,-1.0530100347094622,-0.20028714398995104,-0.0016881096698464122,0.39769429614237445,-1.142670069954769,1.5503759647839825,-1.3420256968534727,-0.6237232804204788,-1.2921643532538019,-0.9365958341961919,-0.3041165118040226,0.3646315977271264
Craig Porter Jr.,Away,CLE,TOR,121,124,0,d5969754-48b3-4d4e-85b5-f7376d169b89,-1.8767116660207255,-1.8367892931545775,0.10732902731706252,-0.11174211226614275,-0.8462057294730129,-0.48415503108745445,-0.7980326142655605,-2.678284458106037,0.9797081400255404,-1.2921643532538019,-0.9892003762766282,-2.6018661211190803,0.9553607281251083
Ty Jerome,Away,CLE,TOR,121,124,0,d5969754-48b3-4d4e-85b5-f7376d169b89,-2.147500124982208,-2.0275983764680197,0.23870014128644057,0.08453455844563763,-2.5889650391617227,0.17476536399755174,0.7149011738075323,-2.9891366794415717,-0.17103693633369385,-1.2921643532538019,-1.4788266327286617,0.09074564632062354,0.10076665022568322
Damian Jones,Away,CLE,TOR,121,124,0,d5969754-48b3-4d4e-85b5-f7376d169b89,-2.147500124982208,-2.0275983764680197,0.23870014128644057,0.08453455844563763,-2.5889650391617227,0.17476536399755174,0.7149011738075323,-2.9891366794415717,-0.17103693633369385,-1.2921643532538019,-3.0572406758914688,0.832265759610711,-0.16251704880014295
Jarrett Allen,Home,CLE,WAS,140,101,1,55d5efb2-0d8c-4a53-9f62-8b1239163bf3,0.46360653418327685,0.44528470381338375,-0.5530339358883556,2.0874371962074543,8.143070288988678,-0.26753219108851306,2.4708444368339104,1.4496751743312308,-1.9300673223939757,1.6555145968783154,1.3993582700712783,2.5947278569851377,0.7558383175782606
Max Strus,Home,CLE,WAS,140,101,1,55d5efb2-0d8c-4a53-9f62-8b1239163bf3,3.8588499522242627,0.8519911625903696,0.13723142959201345,-0.47792857890231194,0.523902158170962,0.6348355342436673,1.150224447410586,3.4356861737137208,0.6602577821888886,-1.2921643532538019,1.5675353305672766,2.8747531342566353,1.108597003119894
Donovan Mitchell,Home,CLE,WAS,140,101,1,55d5efb2-0d8c-4a53-9f62-8b1239163bf3,3.168031163155098,1.6190244060723082,1.4727765720262507,-0.09119187769309074,0.5173901122262754,2.476067929585461,0.6630716541789732,1.0943603270556337,0.7613836042137899,3.088000501194337,1.8820699427858607,1.4401710373752716,0.46564601500918157
Dean Wade,Home,CLE,WAS,140,101,1,55d5efb2-0d8c-4a53-9f62-8b1239163bf3,-1.558599224307704,-1.5292489370516409,0.07241776983840166,0.2614907317671567,-0.6041576148243174,-0.42075648742796445,-0.8243059630458138,-0.507563256129534,-0.2860055604445407,-1.2921643532538019,-0.18290263394770412,0.2246444771147869,1.6723234975889234
Isaac Okoro,Home,CLE,WAS,140,101,1,55d5efb2-0d8c-4a53-9f62-8b1239163bf3,-0.4414234941524042,0.22664549397291345,1.136642092775782,0.31838486395925747,-1.1001397596706153,-0.2905822521691081,-0.5222409696370932,4.996133286269347,-0.3634978386198564,-1.2921643532538019,0.14537508286047904,1.3809685075431766,0.16945581119342054
Sam Merrill,Home,CLE,WAS,140,101,1,55d5efb2-0d8c-4a53-9f62-8b1239163bf3,1.6753674482321101,0.015934251328103343,-0.2142069276131879,1.6807151874979185,0.22947971017911833,-0.7020771125570968,-0.2209214563114505,1.0707693731792134,1.1683757263239594,-1.2921643532538019,1.0056569931010586,1.4017118472520578,1.912531245351958
Georges Niang,Home,CLE,WAS,140,101,1,55d5efb2-0d8c-4a53-9f62-8b1239163bf3,1.7831547246730208,-1.362095037667022,-0.056462672658577275,0.03287043605873685,1.4928369358121265,-0.9975401527431976,-0.9138390087464201,1.5793674952301093,0.7151036294135653,0.9871210080694074,1.0157430686072657,1.1647337083661033,1.727741209735105
Caris LeVert,Home,CLE,WAS,140,101,1,55d5efb2-0d8c-4a53-9f62-8b1239163bf3,3.053873942856481,0.714711567762768,1.0961947306820856,1.4629273295169176,1.1972427957468512,0.5497602763094959,1.0165823925423079,1.4431073368283285,0.12524684260962876,-1.2921643532538019,1.7386458210564875,1.7046604797137164,0.7830798885714947
Tristan Thompson,Home,CLE,WAS,140,101,1,55d5efb2-0d8c-4a53-9f62-8b1239163bf3,-0.8399401538478066,1.0186670055483917,-1.8549504090947644,0.2705914583520953,3.7998076085905446,-0.22281971907785098,1.1449680700489624,-0.3503024353395277,-1.2262359268985665,0.5051268692026243,0.7542444316983248,-0.03816631608621274,1.2673147352434984
Craig Porter Jr.,Home,CLE,WAS,140,101,1,55d5efb2-0d8c-4a53-9f62-8b1239163bf3,-0.800011650262159,-0.15248637340637727,-0.7545681015449609,0.9856002849719369,-0.04736877521973105,-0.8070066554437682,0.3504434885689999,1.548600687544825,-2.0324919632273417,-0.8305551628045793,0.2588769895043976,0.3814537120182859,0.358364654033557
Damian Jones,Home,CLE,WAS,140,101,1,55d5efb2-0d8c-4a53-9f62-8b1239163bf3,-1.315525490462647,-2.0275983764680197,0.23870014128644057,0.08453455844563763,0.03628590162859065,3.051022055240012,-0.16275163997845432,1.2418156666670521,-1.0238048053911701,-1.2921643532538019,-0.13292161801487004,-0.14363191251797572,-0.14621540132362743
Ty Jerome,Home,CLE,WAS,140,101,1,55d5efb2-0d8c-4a53-9f62-8b1239163bf3,-2.147500124982208,-2.0275983764680197,0.23870014128644057,0.08453455844563763,-2.5889650391617227,0.17476536399755174,0.7149011738075323,-2.9891366794415717,-0.17103693633369385,-1.2921643532538019,-1.4788266327286617,0.09074564632062354,0.10076665022568322
Max Strus,Home,CLE,WAS,114,90,1,ec34bb5a-5722-4b50-a864-d472539ad51a,-0.04992399196536684,0.7413533357239366,-2.0657206542401894,-0.4795302112484661,0.06226315965764426,-0.5410031249618777,-1.1485405221048886,1.7540539103982193,-0.03641080657037554,-1.2921643532538019,0.6601586194600447,0.4293004244581322,0.6604360047859429
Jarrett Allen,Home,CLE,WAS,114,90,1,ec34bb5a-5722-4b50-a864-d472539ad51a,-0.300724871634211,2.771483290681667,-0.38601670355828865,-1.7647845068985049,5.063119498724065,-0.9513006274518558,3.356246105627743,1.1923893169423576,-1.8705952595375872,1.1186481526397216,1.0653752683661755,1.239518237139026,0.6108448686238228
Donovan Mitchell,Home,CLE,WAS,114,90,1,ec34bb5a-5722-4b50-a864-d472539ad51a,3.718276885980376,1.8906702031995297,-0.43382209096484103,0.21755768901062006,-0.9589112478558532,-0.45956186919743847,0.6357067392445485,1.9658461487586791,0.7167621292988166,3.0293706696699596,2.096813919006382,1.7205775549360156,0.6861486989012585
Dean Wade,Home,CLE,WAS,114,90,1,ec34bb5a-5722-4b50-a864-d472539ad51a,-0.3732330546392448,-0.8457996745723468,1.4136628856300206,-0.06271220314745742,0.40246223909192125,-0.6911438542983834,-1.346075849608719,2.477462190216712,1.225062641045814,-1.2921643532538019,0.32123191669159956,1.7772402131311096,0.8204464264276646
Isaac Okoro,Home,CLE,WAS,114,90,1,ec34bb5a-5722-4b50-a864-d472539ad51a,-1.073887859858348,0.7280692722128115,-0.6842128399510339,-2.2152512911171893,0.40198310131421655,-1.01550650932819,1.283124749349405,-0.3688994906940247,-1.201377277537829,3.247113747642419,0.7225111803359572,0.1165823614747129,1.6696529257789834
Caris LeVert,Home,CLE,WAS,114,90,1,ec34bb5a-5722-4b50-a864-d472539ad51a,-0.12639880307408888,3.9630894527615568,0.7320708782146869,2.4265618004649117,-0.33476011832819624,-0.45444242139569857,-0.9037985709880932,1.229794564739097,0.12035147963543352,2.407480848735881,1.0312211964979907,1.6475900536252255,-0.1362508611260408
Sam Merrill,Home,CLE,WAS,114,90,1,ec34bb5a-5722-4b50-a864-d472539ad51a,1.7504061561000746,-0.22238368952554402,0.9958928160414777,-0.019156500852253885,-1.2032515042276426,-0.24662979408940625,-0.42572140202568154,0.5804472504412741,1.1593589415045902,-1.2921643532538019,0.8091764837552422,0.1161263935034315,0.6256154833578311
Georges Niang,Home,CLE,WAS,114,90,1,ec34bb5a-5722-4b50-a864-d472539ad51a,1.9605685438678488,-0.7633114460604825,-0.7116162137459001,-0.3311205408842711,2.160551682667454,-1.1148090214923203,-2.3526314117683262,2.339673281649813,1.2041704208272879,-1.2921643532538019,0.6747506506139346,0.5054157756650008,-0.3413352646738142
Tristan Thompson,Home,CLE,WAS,114,90,1,ec34bb5a-5722-4b50-a864-d472539ad51a,-0.800011650262159,1.2015912543662972,-2.150834951868396,-1.0352790196301218,0.7801189099206278,-1.2294704878433151,1.451383680136961,1.2435312036133723,-1.9475779656434677,-0.3689459723553566,0.3709062552245402,-0.15197121513152734,0.8109389331150846
Craig Porter Jr.,Home,CLE,WAS,114,90,1,ec34bb5a-5722-4b50-a864-d472539ad51a,-0.9149788617157706,4.371450344986965,-1.4982510076902047,-0.23702107103800155,1.0835999561839094,-1.2679530509845285,0.15915669200686997,-0.0638632737648693,-1.360584827979751,0.5039518805282033,1.2195392627314248,-0.8975560315565393,0.8438040607512539
Damian Jones,Home,CLE,WAS,114,90,1,ec34bb5a-5722-4b50-a864-d472539ad51a,-1.8293876832691869,-2.0275983764680197,0.23870014128644057,0.08453455844563763,-0.8285767790164577,-0.4975718732340586,-0.7043382402033117,2.9828141328497417,-2.581826287582978,-1.2921643532538019,-0.7458853771283552,0.29092151329793775,-0.11608564949213404
Ty Jerome,Home,CLE,WAS,114,90,1,ec34bb5a-5722-4b50-a864-d472539ad51a,-2.147500124982208,-2.0275983764680197,0.23870014128644057,0.08453455844563763,-2.5889650391617227,0.17476536399755174,0.7149011738075323,-2.9891366794415717,-0.17103693633369385,-1.2921643532538019,-1.4788266327286617,0.09074564632062354,0.10076665022568322
Max Strus,Home,CLE,SAS,117,115,1,ec4c8d15-0186-4934-8e0c-b4884c80d82f,1.1193778936348886,1.698956628981136,0.5621329396568527,-0.6739325481039734,0.1997190457748558,-0.6699546863765218,-0.3819774750972361,-0.07165670206980766,1.3147220900871033,-1.2921643532538019,0.7110260231213962,-1.048422122039529,-0.4845610497116964
Donovan Mitchell,Home,CLE,SAS,117,115,1,ec4c8d15-0186-4934-8e0c-b4884c80d82f,2.5308746356112186,2.9927773447797392,-0.9807013992572994,1.4284162797302247,-1.1719971047538773,-0.2550540589949423,-0.5454763922914951,0.03344819532032977,0.2879618375853285,0.8946955564439014,1.3853393007871784,-1.131440485118558,-0.19754866997240733
Jarrett Allen,Home,CLE,SAS,117,115,1,ec4c8d15-0186-4934-8e0c-b4884c80d82f,2.323521098469108,0.34980771121063864,0.3402506486661191,-0.4115368818409136,6.453433375428294,-1.0237225662469633,0.5914753418850366,0.7723739704307041,-1.6518829841669644,3.5433465789225904,1.5242921815256496,-0.29604418440610897,-1.5159796792545346
Isaac Okoro,Home,CLE,SAS,117,115,1,ec4c8d15-0186-4934-8e0c-b4884c80d82f,-1.2000110681979492,-0.0181340791573763,-2.2294704323747996,-1.4256876633374134,1.074541398694241,-1.342740431958849,2.440561624489797,2.0923006926951704,1.5884295700477145,-1.2921643532538019,-0.2948745558217782,-1.3226294744204774,-1.0603642403119942
Dean Wade,Home,CLE,SAS,117,115,1,ec4c8d15-0186-4934-8e0c-b4884c80d82f,-1.6809619149272068,-0.3174562486459263,-1.2934847034301349,-0.6440436671894529,-0.3893197571760035,-0.5945982668147636,-1.0758957422078748,-2.4365959013377934,1.3261669491081638,-1.2921643532538019,-0.8388498534266664,-3.0484938062828886,0.030927580712742996
Georges Niang,Home,CLE,SAS,117,115,1,ec4c8d15-0186-4934-8e0c-b4884c80d82f,1.01307948708359,-0.7441976756586446,-0.8027827285910079,-0.45874285359396005,0.46911380346739423,1.0945997002835721,-1.0013012834632915,2.352602968089747,1.1102718444026047,-1.2921643532538019,0.824047225685917,1.7649855624819777,1.6311961107689004
Caris LeVert,Home,CLE,SAS,117,115,1,ec4c8d15-0186-4934-8e0c-b4884c80d82f,2.9239529955667516,2.6908414497182234,0.11036656376744791,-1.219547701052417,-1.070410400279362,-0.2997046241801994,-0.5961118206330087,2.6335510402499183,0.42430425655455145,0.2547194208860643,1.4141374384448497,0.5341247723393474,-0.5513932618251209
Sam Merrill,Home,CLE,SAS,117,115,1,ec4c8d15-0186-4934-8e0c-b4884c80d82f,2.7034762671519403,-0.9305203266841364,0.11559766674151417,1.4427673248957518,-0.43751096772032483,-0.4880667759218817,-1.0046612056210338,2.1708802668559612,1.2724772577380907,1.5664061258735333,1.2833989550437417,2.106212608954702,0.6735655359147957
Tristan Thompson,Home,CLE,SAS,117,115,1,ec4c8d15-0186-4934-8e0c-b4884c80d82f,-1.0119884629282176,0.19921563104874662,-1.2092285757472776,-0.2718779105857578,0.8371489063495714,-1.2107625241323916,0.9799245921462892,1.3066518946902874,-1.9276966927503625,1.878619772556445,0.3298143786460704,0.5054563637961592,0.8884262405445976
Craig Porter Jr.,Home,CLE,SAS,117,115,1,ec4c8d15-0186-4934-8e0c-b4884c80d82f,-2.147500124982208,-0.9571783386605259,0.12346472882290782,1.500849308620558,1.92959270984655,5.924551156524512,-0.41741402110941656,-1.26946574167338,-0.6436654101159318,-1.2921643532538019,-0.9319120690002292,1.8719919890336234,-0.5669154806569116
Emoni Bates,Home,CLE,SAS,117,115,1,ec4c8d15-0186-4934-8e0c-b4884c80d82f,-2.147500124982208,-2.0275983764680197,0.23870014128644057,0.08453455844563763,-2.5889650391617227,0.17476536399755174,0.7149011738075323,-2.9891366794415717,-0.17103693633369385,-1.2921643532538019,-3.0572406758914688,0.832265759610711,-0.16251704880014295
Damian Jones,Home,CLE,SAS,117,115,1,ec4c8d15-0186-4934-8e0c-b4884c80d82f,-2.147500124982208,-2.0275983764680197,0.23870014128644057,0.08453455844563763,-2.5889650391617227,0.17476536399755174,0.7149011738075323,-2.9891366794415717,-0.17103693633369385,-1.2921643532538019,-3.0572406758914688,0.832265759610711,-0.16251704880014295
Donovan Mitchell,Home,CLE,BRK,111,102,1,ad027398-6013-421e-9836-ac9a8fdf3dce,7.033708880206181,5.750029336960338,0.8703143598847816,-0.1872838642714981,2.8920369923463363,-1.3126390688082101,-0.9417259832644923,1.0762351671032357,0.03063496059960312,5.727101128075036,3.0904406215762035,1.2695434167993453,-0.5441372378298164
Jarrett Allen,Home,CLE,BRK,111,102,1,ad027398-6013-421e-9836-ac9a8fdf3dce,-0.724678496966328,2.020896377486116,0.5653988408912574,-0.8038640088590818,5.115675713126395,3.9164169913252036,0.4553773547641952,1.1900939740897374,-1.7849279156705196,4.131364869180004,0.9220284307114976,1.0040281799003759,-0.40741071650393446
Isaac Okoro,Home,CLE,BRK,111,102,1,ad027398-6013-421e-9836-ac9a8fdf3dce,1.0607817914926545,-0.7976921352446633,-0.8281750165610458,-1.0729942760939126,0.12158185342546796,-0.8845793458428896,1.644974545546575,0.3599776401619925,0.5421982924910729,0.9681507468333044,0.9324870336297132,-0.2878063053669074,0.7229719354911601
Dean Wade,Home,CLE,BRK,111,102,1,ad027398-6013-421e-9836-ac9a8fdf3dce,-1.739479115794764,1.0857699768031015,1.6356816078085692,-1.0887316862676213,-1.6224969270578276,-0.14732370034847034,-0.2284789691368167,0.0022097989536347977,1.465087727846564,6.744082567309034,0.06775602383647619,0.5946835511669832,0.39511444892843783
Max Strus,Home,CLE,BRK,111,102,1,ad027398-6013-421e-9836-ac9a8fdf3dce,-1.756000622795171,-2.0275983764680197,0.23870014128644057,0.08453455844563763,-2.032015925577869,-0.05386784278349471,-0.025598487900544416,-2.367432236770503,2.1304532163847747,-1.2921643532538019,-0.6775811524969826,-1.04440435815461,1.9658319803736155
Caris LeVert,Home,CLE,BRK,111,102,1,ad027398-6013-421e-9836-ac9a8fdf3dce,2.568099821868911,-0.22005554078073378,0.4291464665815786,-0.6467922850513841,0.16506406049426578,2.4844852115112954,-0.37867393828523155,0.7095557305343009,0.8400938477935325,5.087467320532966,1.4044777618761177,-0.0491725840345117,-0.3903618501758614
Sam Merrill,Home,CLE,BRK,111,102,1,ad027398-6013-421e-9836-ac9a8fdf3dce,1.1927649541089047,-0.8190015445270742,1.0454832765929396,-0.1777089588586874,2.1229402309593017,-1.255069028474762,-0.39384545068305077,-0.6510533804869985,1.7142806681642495,-1.2921643532538019,0.687623251292315,-0.5584707278941918,0.495926929991723
Georges Niang,Home,CLE,BRK,111,102,1,ad027398-6013-421e-9836-ac9a8fdf3dce,0.24676476721425786,-0.36402983775424674,-0.27536047896104787,0.8930856874342635,0.5400273791590267,-0.9599322178918485,-0.14516554231070306,2.099971718515421,0.7655657443836043,1.1780883045128445,0.34227070324913117,0.573109439483075,-0.6067333803802071
Tristan Thompson,Home,CLE,BRK,111,102,1,ad027398-6013-421e-9836-ac9a8fdf3dce,-2.094432310458727,0.9384447851912568,0.2255562915185885,-2.7726056746540646,-0.19174440040816623,-0.8760452156432882,0.8301334251183026,-2.16902004141525,-0.40195875953629295,0.07823041638358513,-0.5648796002833273,-0.8682495442671955,1.1423490985733717
Emoni Bates,Home,CLE,BRK,111,102,1,ad027398-6013-421e-9836-ac9a8fdf3dce,-2.147500124982208,-2.0275983764680197,0.23870014128644057,0.08453455844563763,-2.5889650391617227,0.17476536399755174,0.7149011738075323,-2.9891366794415717,-0.17103693633369385,-1.2921643532538019,-3.0572406758914688,0.832265759610711,-0.16251704880014295
Damian Jones,Home,CLE,BRK,111,102,1,ad027398-6013-421e-9836-ac9a8fdf3dce,-2.147500124982208,-2.0275983764680197,0.23870014128644057,0.08453455844563763,-2.5889650391617227,0.17476536399755174,0.7149011738075323,-2.9891366794415717,-0.17103693633369385,-1.2921643532538019,-3.0572406758914688,0.832265759610711,-0.16251704880014295
Craig Porter Jr.,Home,CLE,BRK,111,102,1,ad027398-6013-421e-9836-ac9a8fdf3dce,-2.147500124982208,-2.0275983764680197,0.23870014128644057,0.08453455844563763,-2.5889650391617227,0.17476536399755174,0.7149011738075323,-2.9891366794415717,-0.17103693633369385,-1.2921643532538019,-3.0572406758914688,0.832265759610711,-0.16251704880014295
Donovan Mitchell,Home,CLE,CHI,109,91,1,c65cf41f-86ac-49a7-8bdc-3da0ef227595,4.985440043992721,2.3980404903460726,1.0169832803993193,1.5021417706632834,-0.6060420602409334,-0.5632427929790831,1.0476521946276476,1.611705065857473,0.19609897382473593,4.023986338298981,2.3570929658467326,2.16945860732958,-0.12814547720323222
Max Strus,Home,CLE,CHI,109,91,1,c65cf41f-86ac-49a7-8bdc-3da0ef227595,-0.5798504688401107,0.5274551705488384,-1.4472194804133143,0.10923667055538525,0.6217861428376691,0.8161209065095509,-0.13223857430085104,-1.5659406258795878,1.195899833182183,-1.2921643532538019,0.8440049647720302,0.3170192117321123,1.9007883807052994
Jarrett Allen,Home,CLE,CHI,109,91,1,c65cf41f-86ac-49a7-8bdc-3da0ef227595,-0.6938760212151964,1.5947076671269638,0.42558313533777714,-1.0416371259727184,4.993094192219455,-0.5878707214959331,1.1144390373669963,1.7887127632779016,-2.100720283572186,1.2628221380341047,1.141321148301472,2.435136330814594,1.6316050989418227
Dean Wade,Home,CLE,CHI,109,91,1,c65cf41f-86ac-49a7-8bdc-3da0ef227595,2.033955604341865,1.6696624048946955,3.143921067139596,-0.605602953071193,1.2884809033856184,-0.9846258765967838,-0.8463268577065759,1.5181667104908405,1.609487771249042,-1.2921643532538019,0.9759287206715588,1.767131336722794,0.026517861166058244
Isaac Okoro,Home,CLE,CHI,109,91,1,c65cf41f-86ac-49a7-8bdc-3da0ef227595,0.5193676510740246,-1.0191338419209068,-0.4913781098168627,-0.08228031059783883,0.4392502846279111,-0.787894945491614,-0.37995449418984195,-0.7250266854146641,0.6092150712382814,-1.2921643532538019,0.8985882506719104,-0.056237751249503705,2.0512425066605138
Caris LeVert,Home,CLE,CHI,109,91,1,c65cf41f-86ac-49a7-8bdc-3da0ef227595,3.0453740271077283,1.9134789221154398,-1.657928367327624,1.6023774300983502,1.1138626893273735,-0.899067474467444,-0.8417338556180337,0.5484826552834661,0.8972084897465523,-1.2921643532538019,1.4781251671793496,0.16024267816931898,0.42879912425793854
Sam Merrill,Home,CLE,CHI,109,91,1,c65cf41f-86ac-49a7-8bdc-3da0ef227595,1.6221368562042928,1.3045186328700398,2.1368057472033013,-0.8289570200301815,-0.3913668952141584,-0.6135751758197069,0.25033854286546803,3.904109348560051,0.9310783748665611,0.4735994625504384,0.5660378872383932,1.4346935718441776,-1.544171870291981
Georges Niang,Home,CLE,CHI,109,91,1,c65cf41f-86ac-49a7-8bdc-3da0ef227595,1.432293714387053,-1.155287821501716,-0.6071898983259205,-0.7152479597648331,-0.326056450135802,1.6381851369745282,-0.36971109706755967,0.12969329487379705,1.497040428018727,-1.2921643532538019,0.5792978765952496,-1.3621174050361495,0.01674051348901246
Tristan Thompson,Home,CLE,CHI,109,91,1,c65cf41f-86ac-49a7-8bdc-3da0ef227595,-1.3611978258202373,-1.536730344916701,0.18448617989668648,0.7084304962028926,-0.5909261993612334,-0.6434300003651053,0.585312544022223,0.16372662361829773,-1.422298510257878,-1.2921643532538019,-0.45834926203943843,-1.0669012807679048,-0.9044999067521304
Emoni Bates,Home,CLE,CHI,109,91,1,c65cf41f-86ac-49a7-8bdc-3da0ef227595,-2.147500124982208,-2.0275983764680197,0.23870014128644057,0.08453455844563763,-2.5889650391617227,0.17476536399755174,0.7149011738075323,-2.9891366794415717,-0.17103693633369385,-1.2921643532538019,-3.0572406758914688,0.832265759610711,-0.16251704880014295
Damian Jones,Home,CLE,CHI,109,91,1,c65cf41f-86ac-49a7-8bdc-3da0ef227595,-2.147500124982208,-2.0275983764680197,0.23870014128644057,0.08453455844563763,-2.5889650391617227,0.17476536399755174,0.7149011738075323,-2.9891366794415717,-0.17103693633369385,-1.2921643532538019,-3.0572406758914688,0.832265759610711,-0.16251704880014295
Craig Porter Jr.,Home,CLE,CHI,109,91,1,c65cf41f-86ac-49a7-8bdc-3da0ef227595,-2.147500124982208,-2.0275983764680197,0.23870014128644057,0.08453455844563763,-2.5889650391617227,0.17476536399755174,0.7149011738075323,-2.9891366794415717,-0.17103693633369385,-1.2921643532538019,-3.0572406758914688,0.832265759610711,-0.16251704880014295
Donovan Mitchell,Home,CLE,MIL,135,95,1,89736c19-1eab-425e-b185-b5e8b7123ef6,4.571675203033333,3.2111346125679896,2.651484404041095,0.9577516695543546,0.29679075531460747,-0.7471957733893363,-0.08337780649573025,2.202500460980896,0.03135714652442367,1.416489305303417,2.5370666665160537,3.7352416000654096,0.7366526995818797
Jarrett Allen,Home,CLE,MIL,135,95,1,89736c19-1eab-425e-b185-b5e8b7123ef6,1.324947541213212,-0.6422693841949371,-0.3570809261758899,0.9124973670945754,4.941395678061778,-0.42631748138289705,0.10202751166731787,0.7872916505945856,-1.6714612170387653,1.474084187857832,1.879220214406504,2.5163057924550625,1.9870268951999843
Isaac Okoro,Home,CLE,MIL,135,95,1,89736c19-1eab-425e-b185-b5e8b7123ef6,-0.40686050068117374,1.16451629344289,0.8372145592847174,1.6408171099606677,0.014729751392619297,1.072762520270577,0.54827572082782,1.3602143616223406,-1.914988678525503,-0.9026421555017708,1.044770389203901,2.9966995127770133,1.7767049161974848
Max Strus,Home,CLE,MIL,135,95,1,89736c19-1eab-425e-b185-b5e8b7123ef6,-1.1343511535477202,-0.9348665107834878,0.004774592419429026,0.9796557479616962,1.377675086887758,1.0094752344682072,-1.3536409073923923,0.7043847203793262,-0.9550385518140114,1.3892905462747915,0.5413710999913646,2.1928941572631495,2.085186559789747
Dean Wade,Home,CLE,MIL,135,95,1,89736c19-1eab-425e-b185-b5e8b7123ef6,-0.49039912429789057,0.008629046872712326,-0.1040498620890512,-1.6369680235079627,-0.644602414680659,-0.40515295347549185,-0.7522964201261426,0.32833787042596957,1.1233951390137191,-0.8305551628045793,0.7501239014061224,1.7324094298729864,3.346197317082027
Georges Niang,Home,CLE,MIL,135,95,1,89736c19-1eab-425e-b185-b5e8b7123ef6,4.457981317316144,-0.5350279061956539,-0.5991022046888786,0.1736049347331669,0.07270108150683016,-0.5459210505922951,-1.1596222564610794,4.386197559149412,-0.06104235155242325,0.8630651358111954,1.4105140480388905,1.3678989979568905,-1.6771831946416846
Sam Merrill,Home,CLE,MIL,135,95,1,89736c19-1eab-425e-b185-b5e8b7123ef6,0.7752023741993896,-0.2813461246932761,-0.06909526368054152,1.7786798266478345,1.0521819449629974,-1.314174294238399,2.049179797330507,1.6837005706568584,0.7276416104905983,-1.2921643532538019,0.47004844038893323,0.5958417341502077,-0.37867387304355593
Caris LeVert,Home,CLE,MIL,135,95,1,89736c19-1eab-425e-b185-b5e8b7123ef6,-1.0315977205633304,0.39155156991994594,-1.3002324416341942,0.41748691318403913,-0.3895749904421247,-0.631277631378696,0.36407305147954255,-1.4793354793953206,0.009186536215273385,1.134972213528672,0.3519027984302636,-1.2314314787843506,1.1411112521726394
Craig Porter Jr.,Home,CLE,MIL,135,95,1,89736c19-1eab-425e-b185-b5e8b7123ef6,-0.5968664200027495,-0.8149128484931983,-0.5325118868856327,0.3854441632117699,-1.087311166053719,-0.296847981473953,-0.5210618291416729,0.39762804871913854,-1.54121617439449,0.30276409744499094,0.42043492306258684,-0.22597470881777224,0.7454623171866889
Tristan Thompson,Home,CLE,MIL,135,95,1,89736c19-1eab-425e-b185-b5e8b7123ef6,-1.1181240919751803,0.2913796636194674,-1.6715707786943599,-0.06992898634482005,2.9790914972821922,-1.7209039262769763,-0.13706356246805562,1.2939145507906638,-1.9252851995929336,-1.2921643532538019,0.2892318009282983,0.7909107635114279,0.3957083938352192
Damian Jones,Home,CLE,MIL,135,95,1,89736c19-1eab-425e-b185-b5e8b7123ef6,-1.8016729581527613,-1.8367892931545775,0.10732902731706252,-0.11174211226614275,-1.3446872737083342,-0.27067874186871066,-0.3885612295164716,-2.782109100032106,0.5953592845215563,-1.2921643532538019,-0.778676968940335,-2.073426020377542,1.2272041162673568
Ty Jerome,Home,CLE,MIL,135,95,1,89736c19-1eab-425e-b185-b5e8b7123ef6,-2.147500124982208,-2.0275983764680197,0.23870014128644057,0.08453455844563763,-2.5889650391617227,0.17476536399755174,0.7149011738075323,-2.9891366794415717,-0.17103693633369385,-1.2921643532538019,-1.4788266327286617,0.09074564632062354,0.10076665022568322
Donovan Mitchell,Away,CLE,ATL,116,95,1,d8a2351c-921b-461e-84ca-eabcc41101cc,1.6292734583377402,1.2419950663559423,-0.8663075052064034,1.942510559615609,0.7024631155415177,0.8600730347965471,-1.0641514043743183,-0.24447576664463327,-0.32629629696900875,3.060177451381386,1.7049027368132195,0.5679208741389956,1.1982005503953215
Jarrett Allen,Away,CLE,ATL,116,95,1,d8a2351c-921b-461e-84ca-eabcc41101cc,0.017387570078810168,2.9226969277210473,0.5506021602106982,-2.53202756835498,3.8848037286381603,3.1490731122821782,-0.8608052868935899,1.233183671033067,-1.9093332289904423,1.0731195256730743,1.1046309800026763,0.6927700641736889,-0.06591651705127805
Isaac Okoro,Away,CLE,ATL,116,95,1,d8a2351c-921b-461e-84ca-eabcc41101cc,0.47133368000706405,1.4678701872850426,0.5469934460353221,-1.516310010639373,-0.15089517891319532,-0.44874402759734355,-0.9978572723380983,0.9647683918679741,-0.14512393515923958,0.38371719729156495,1.13927420856825,0.8905444284756293,1.3088087766527121
Dean Wade,Away,CLE,ATL,116,95,1,d8a2351c-921b-461e-84ca-eabcc41101cc,2.1250585962780333,-1.0755838529025068,1.2020677879129757,-0.6340327682003514,0.3186152623983687,-0.7557885439227804,-0.12783431881291007,5.075478506093689,0.854512562095323,-1.2921643532538019,0.7280471358144839,1.8678182271329329,-0.5203950937337766
Max Strus,Away,CLE,ATL,116,95,1,d8a2351c-921b-461e-84ca-eabcc41101cc,0.7201512456240641,2.7325131148780164,-0.08153908963321259,1.9622955501403454,-0.11087373824287636,-0.8770905795375378,1.563692087344163,0.9621094080579705,-0.1161386128218428,1.009885321552731,1.3260871618688175,1.3252915266363658,0.3066906125813795
Sam Merrill,Away,CLE,ATL,116,95,1,d8a2351c-921b-461e-84ca-eabcc41101cc,3.8191631274176285,0.6627428868800579,-0.7210721596025302,1.6468497859040823,-0.4518032540336664,-0.4024890934130167,-0.8610298970924116,0.9855269655045635,1.3748789596089346,0.37242473595788894,1.4003649588389004,0.3844408667499304,0.24859895894412157
Georges Niang,Away,CLE,ATL,116,95,1,d8a2351c-921b-461e-84ca-eabcc41101cc,1.9605685438678488,-0.883054598080115,-0.10943129831213191,0.6405945613176721,0.8689841924174272,1.1207981576342747,-1.0692706947814044,2.390465250275878,1.1902109300404706,-1.2921643532538019,0.8279194253319535,1.3839386376766372,-0.13288731410726004
Craig Porter Jr.,Away,CLE,ATL,116,95,1,d8a2351c-921b-461e-84ca-eabcc41101cc,-1.4524635952607414,1.25763472147058,-2.5986755128285344,-0.8642668016092161,0.31397530908212573,-0.6528370862313005,-1.303982732960552,-0.4383056921536699,-0.30857995546846256,1.6004927880367386,0.16267719393093355,-0.5361076726892658,0.9595948666345404
Tristan Thompson,Away,CLE,ATL,116,95,1,d8a2351c-921b-461e-84ca-eabcc41101cc,-0.9974130487496258,-1.0783881912675146,0.13369689178148103,1.2878539495897683,1.549890572707607,1.3166488855086755,-1.3483893588218314,1.688788513552736,-1.4157216894083116,-1.2921643532538019,0.21857546964988067,1.6212974799859743,0.17753087888830527
Damian Jones,Away,CLE,ATL,116,95,1,d8a2351c-921b-461e-84ca-eabcc41101cc,-2.147500124982208,-2.0275983764680197,0.23870014128644057,0.08453455844563763,-2.070760211740224,-0.03796292405090018,0.025914532044365265,-2.9891366794415717,-0.17103693633369385,-1.2921643532538019,-1.4775099932224536,-0.4774945771139459,0.4848522434949115
Pete Nance,Away,CLE,ATL,116,95,1,d8a2351c-921b-461e-84ca-eabcc41101cc,-1.99742270924628,-2.0275983764680197,0.23870014128644057,0.08453455844563763,-2.070760211740224,-0.03796292405090018,0.025914532044365265,-2.9891366794415717,-0.17103693633369385,-1.2921643532538019,-0.2373883037847214,-3.493593863541865,2.8395264926462427
Caris LeVert,Away,CLE,ATL,116,95,1,d8a2351c-921b-461e-84ca-eabcc41101cc,-2.147500124982208,-2.0275983764680197,0.23870014128644057,0.08453455844563763,-2.5889650391617227,0.17476536399755174,0.7149011738075323,-2.9891366794415717,-0.17103693633369385,-1.2921643532538019,-1.4788266327286617,0.09074564632062354,0.10076665022568322
Donovan Mitchell,Away,CLE,ORL,126,99,1,cb7a90d3-8029-4cec-adb6-1a20339c1fed,3.5826059952694798,6.944771863751952,2.3121978565684023,1.827107951994177,-0.6809410273780645,-0.38652917091959765,-0.7606642004807947,1.1854111861189167,0.16297628344490686,1.9521945790694086,2.62419199867607,2.6939089650220236,1.2633155613333942
Max Strus,Away,CLE,ORL,126,99,1,cb7a90d3-8029-4cec-adb6-1a20339c1fed,0.4587415798803164,0.54618307431094,0.45120982324387815,0.5150465514969711,0.13386808343109513,-0.7592189731157879,-0.08951391742977012,2.065778858851959,0.4852226276656424,-1.2921643532538019,0.7935190407263955,1.245275664075138,0.6718557363379074
Jarrett Allen,Away,CLE,ORL,126,99,1,cb7a90d3-8029-4cec-adb6-1a20339c1fed,0.017387570078810168,0.6334393984787209,-1.35139382212376,0.4386562020386968,5.596503040433123,0.9727346749297636,2.5766577614639528,1.419978269498986,-1.959290273545239,1.246277731353011,1.243057596154185,1.520070585714579,0.9614906687591669
Dean Wade,Away,CLE,ORL,126,99,1,cb7a90d3-8029-4cec-adb6-1a20339c1fed,0.18275649995797683,-0.02052017582581119,2.3451433098951253,-1.4408499646876676,-0.4902633389632342,-0.46893514729131525,-0.9037965270443449,4.755673674158457,1.1199736893162942,-1.2921643532538019,0.5099588187508082,2.122685054941149,0.9943633386389078
Isaac Okoro,Away,CLE,ORL,126,99,1,cb7a90d3-8029-4cec-adb6-1a20339c1fed,-0.63142941347398,-1.2643620432142504,-0.2867843145910716,-0.700572124401484,-1.445331652565539,-0.2232999274584283,-0.3828833394009578,3.2706360544451587,0.3041713670808857,0.5734064910800609,0.18869389143547344,0.48032266491032605,1.3503628608658613
Sam Merrill,Away,CLE,ORL,126,99,1,cb7a90d3-8029-4cec-adb6-1a20339c1fed,4.951298705058271,-0.15287663462151327,0.45316125985311606,-0.7802177951232926,-0.24575969240126663,-0.767071036524721,1.1731190014965585,3.3414709754204046,1.4020622988143197,0.951709853762015,1.511202529953041,1.5369242521552267,-0.27859187673882524
Georges Niang,Away,CLE,ORL,126,99,1,cb7a90d3-8029-4cec-adb6-1a20339c1fed,0.8870818350182953,-1.1594583623891679,-0.1890791223641549,-0.14723442215472377,0.957517906472634,0.989597317761234,-1.2417701337845939,0.6305555337298158,1.1126551143752659,1.7111606965042174,0.8332416179026401,0.11270642898408822,1.1502604297942058
Craig Porter Jr.,Away,CLE,ORL,126,99,1,cb7a90d3-8029-4cec-adb6-1a20339c1fed,-0.300724871634211,0.7170075317574228,-0.9239606001822132,1.4238967444807622,-0.3663437807107871,-0.521945780641498,-1.0141831807930044,1.439093164554672,-1.9383985005021276,1.1186481526397216,0.5679704483101919,0.03100883119342443,-0.29317183840984906
Tristan Thompson,Away,CLE,ORL,126,99,1,cb7a90d3-8029-4cec-adb6-1a20339c1fed,-1.2111204100843092,-0.028511296648976836,0.6232147945865205,-0.8657428984430555,1.6889537807747264,0.8888571300444619,-0.1966258747557316,-1.0224876315271867,-0.966963583750255,-0.45367980587661677,0.3191304584813102,-0.6753040275848171,1.04304307731789
Damian Jones,Away,CLE,ORL,126,99,1,cb7a90d3-8029-4cec-adb6-1a20339c1fed,-0.7757629974379654,-0.337064919405698,2.4899742279615427,-1.266490168729863,-1.0689023432063638,-0.38941275686766247,-0.582270807308637,2.9884769443262744,0.3927386509977779,1.6004927880367386,0.1809025850902915,0.43208087635823106,-1.118940288178026
Ty Jerome,Away,CLE,ORL,126,99,1,cb7a90d3-8029-4cec-adb6-1a20339c1fed,-2.147500124982208,-2.0275983764680197,0.23870014128644057,0.08453455844563763,-2.5889650391617227,0.17476536399755174,0.7149011738075323,-2.9891366794415717,-0.17103693633369385,-1.2921643532538019,-1.4788266327286617,0.09074564632062354,0.10076665022568322
Caris LeVert,Away,CLE,ORL,126,99,1,cb7a90d3-8029-4cec-adb6-1a20339c1fed,-2.147500124982208,-2.0275983764680197,0.23870014128644057,0.08453455844563763,-2.5889650391617227,0.17476536399755174,0.7149011738075323,-2.9891366794415717,-0.17103693633369385,-1.2921643532538019,-1.4788266327286617,0.09074564632062354,0.10076665022568322
Donovan Mitchell,Away,CLE,MIL,116,126,0,38ee46a9-7b31-4b4f-ae3c-14ddfe0420d0,4.090887133808413,4.0634973932773235,-2.113662232376583,-0.11532589720874133,0.7979244316990505,-0.6831520816890183,-1.6685041066259247,0.11874213169197202,0.17763994432971653,0.2894326581455322,1.8046290961422518,-1.7493223656532806,-0.39873207561745955
Max Strus,Away,CLE,MIL,116,126,0,38ee46a9-7b31-4b4f-ae3c-14ddfe0420d0,1.4864659654933963,1.3355720641056745,0.8238199833525583,-1.519797729293059,-0.31220911200815427,-0.45803621388587235,-1.0371165411600445,1.3482269075797553,0.27990054736957887,-1.2921643532538019,0.7212675153804027,-0.5055718343904834,-0.592106103616774
Jarrett Allen,Away,CLE,MIL,116,126,0,38ee46a9-7b31-4b4f-ae3c-14ddfe0420d0,1.7620404774831633,-0.025372106578269268,-0.39143310378412827,1.7229494302437056,3.9473190060548724,-1.9677314168030768,0.5907008416919441,0.24790014037683836,-1.465477820938378,0.07385627852934773,1.225874569884384,-1.0786434559842486,-1.6530770353037376
Isaac Okoro,Away,CLE,MIL,116,126,0,38ee46a9-7b31-4b4f-ae3c-14ddfe0420d0,-0.7101030827877364,-1.6459802098411351,-0.02404208665231553,-0.3080187829779232,-1.277310818794701,-0.39577506484032976,0.6366448759489974,1.1908230252200136,-1.2897815850293972,2.6970935036070545,-0.06592267221454691,-1.24442924054374,-1.0694428770746731
Dean Wade,Away,CLE,MIL,116,126,0,38ee46a9-7b31-4b4f-ae3c-14ddfe0420d0,-0.25252201141369024,-1.0905850681542162,-0.9199625875678891,-0.8891914650579883,1.1035750884016164,0.878529622742438,-1.39181239029722,2.026996733033087,1.6063774867736222,-1.2921643532538019,-0.14359608016884795,-0.683896133032222,-0.7721688706547335
Caris LeVert,Away,CLE,MIL,116,126,0,38ee46a9-7b31-4b4f-ae3c-14ddfe0420d0,0.3709418827320443,1.9978061140024495,0.7383841016308321,-0.6508017257313057,0.3352121272185945,0.9529066933650373,-0.9505347319540018,0.1730845798401581,0.1785762989638027,-1.2921643532538019,0.5541526156141998,-0.8951468951779019,-0.7458487194438935
Sam Merrill,Away,CLE,MIL,116,126,0,38ee46a9-7b31-4b4f-ae3c-14ddfe0420d0,1.8382058532483465,-0.3833932870345953,-0.6453976057230957,0.5509775210254095,-1.030405917114239,-0.31631853649154423,-0.6611230330378479,1.7464281275114475,1.6068718486454738,-1.2921643532538019,0.5979827997022727,0.04992315966007728,-0.16969782815942028
Georges Niang,Away,CLE,MIL,116,126,0,38ee46a9-7b31-4b4f-ae3c-14ddfe0420d0,0.6872398995467816,-0.9007959860267326,-0.10756329470783252,0.6163368425701926,0.3642159872960774,-0.8645386664996875,-0.23137302768433624,3.129902203627708,0.09162831404328227,1.1186481526397216,0.5690776711262718,1.0337705723866994,-0.40804543941557947
Damian Jones,Away,CLE,MIL,116,126,0,38ee46a9-7b31-4b4f-ae3c-14ddfe0420d0,-1.4582074270326844,-0.9246294957301622,0.11750752721088675,1.4980875120679245,-1.959370389023453,-0.08368956540710948,-0.1221854002972501,3.128078439653138,-2.6222364800934166,0.9250916799696904,-0.24835554204889757,1.0162169654283137,-0.6100407496319777
Craig Porter Jr.,Away,CLE,MIL,116,126,0,38ee46a9-7b31-4b4f-ae3c-14ddfe0420d0,-2.0413644959352455,-2.0275983764680197,0.23870014128644057,0.08453455844563763,-1.959370389023453,-0.08368956540710948,-0.1221854002972501,0.47998575613195577,-1.1465737663522682,0.7569485050713572,0.525538578268045,1.8706806143839094,-1.34125901361995
Pete Nance,Away,CLE,MIL,116,126,0,38ee46a9-7b31-4b4f-ae3c-14ddfe0420d0,-2.147500124982208,-2.0275983764680197,0.23870014128644057,0.08453455844563763,-1.959370389023453,-0.08368956540710948,-0.1221854002972501,-2.9891366794415717,-0.17103693633369385,-1.2921643532538019,-1.4259566367155272,-0.024350419077541915,0.844401403917328
Tristan Thompson,Away,CLE,MIL,116,126,0,38ee46a9-7b31-4b4f-ae3c-14ddfe0420d0,-2.147500124982208,-2.0275983764680197,0.23870014128644057,0.08453455844563763,-2.5889650391617227,0.17476536399755174,0.7149011738075323,-2.9891366794415717,-0.17103693633369385,-1.2921643532538019,-1.4788266327286617,0.09074564632062354,0.10076665022568322
Donovan Mitchell,Away,CLE,MIL,112,100,1,d41956b2-e522-4e0b-8b08-7320fde6701a,6.227592865860113,2.961383982080221,-1.2452542499083628,0.6254463353295717,1.6523440165726562,0.5803617392204736,-0.7617899948364836,1.017259867921871,0.5585127612282135,0.8011089343457931,2.4648404762110347,1.142076512569361,0.1054175002719903
Jarrett Allen,Away,CLE,MIL,112,100,1,d41956b2-e522-4e0b-8b08-7320fde6701a,1.859344524123477,1.2800149602021307,-1.042641374812873,-1.7838124532808144,5.602799368088484,0.5292736410156684,3.664958819965007,-0.08367463832921182,-1.317191146216922,3.1047935101247752,1.896239263602581,0.4111541360370922,0.6380644233866419
Max Strus,Away,CLE,MIL,112,100,1,d41956b2-e522-4e0b-8b08-7320fde6701a,0.9621205428862594,1.3353468682381615,1.1386966718250926,-0.17418710803085125,0.9563644488039262,-0.8950731126440341,0.11593763616844348,0.38039168123944067,1.0144299876906162,1.6555145968783154,0.8945154085614249,0.2223057648036928,-0.3689070851060537
Isaac Okoro,Away,CLE,MIL,112,100,1,d41956b2-e522-4e0b-8b08-7320fde6701a,-0.8998562367260927,-0.13593276295052142,2.053170104917495,-0.6922612579934518,-0.6402386296227405,2.88540491373854,0.1685538633706502,-0.8636941112440052,1.016585352154259,0.3860694255829752,0.5694293409239638,0.5608668858444467,0.8300817307244664
Dean Wade,Away,CLE,MIL,112,100,1,d41956b2-e522-4e0b-8b08-7320fde6701a,0.3785062510514955,-1.8367892931545775,0.10732902731706252,-0.11174211226614275,0.9398234338182472,1.1228913952739852,-1.1775230409404391,3.32936189478117,1.21457649109392,-1.2921643532538019,0.13203947390351511,0.8003565201908183,-0.6051137159052392
Georges Niang,Away,CLE,MIL,112,100,1,d41956b2-e522-4e0b-8b08-7320fde6701a,-0.5893920395621818,-0.3835684022819521,-0.8575483986090102,-0.037522812726318314,0.11416163558752883,-0.5580265436596447,-1.2387571474489123,1.1990679854660793,-0.7975761469729786,2.6970935036070545,0.49678829315589385,0.7254324073012336,0.42649988905920705
Caris LeVert,Away,CLE,MIL,112,100,1,d41956b2-e522-4e0b-8b08-7320fde6701a,0.393207221504394,1.9390640349207928,-0.03718115857253603,0.36803742137043943,-0.11333038641481472,-0.631735326186229,-0.06983384177657824,0.09904315812374818,0.2734422346838069,2.9298685014042327,0.8738097851322257,0.15854820950352058,0.04362280657292505
Sam Merrill,Away,CLE,MIL,112,100,1,d41956b2-e522-4e0b-8b08-7320fde6701a,-0.17228668258486937,-1.4551711265276928,-0.1554132006216936,-0.5042954536897036,-2.061074140199635,-0.04193915373404881,0.013036277058137856,1.1198719574263214,0.5000623692445079,-1.2921643532538019,0.039123117492779136,-0.10175431877926057,0.5942545995559245
Damian Jones,Away,CLE,MIL,112,100,1,d41956b2-e522-4e0b-8b08-7320fde6701a,-1.4524635952607414,-0.37729035809271977,-1.1267075048761117,-0.4490929011834002,4.746794369800771,2.8464804200835325,1.9487326123150344,-0.15532186695130923,-0.3863542612807296,1.6004927880367386,-0.015489602741573455,0.21164286000965485,-0.3391496195070342
Pete Nance,Away,CLE,MIL,112,100,1,d41956b2-e522-4e0b-8b08-7320fde6701a,-2.147500124982208,-2.0275983764680197,0.23870014128644057,0.08453455844563763,-2.5889650391617227,0.17476536399755174,0.7149011738075323,-2.9891366794415717,-0.17103693633369385,-1.2921643532538019,-3.0572406758914688,0.832265759610711,-0.16251704880014295
Craig Porter Jr.,Away,CLE,MIL,112,100,1,d41956b2-e522-4e0b-8b08-7320fde6701a,-2.147500124982208,-2.0275983764680197,0.23870014128644057,0.08453455844563763,-2.5889650391617227,0.17476536399755174,0.7149011738075323,-2.9891366794415717,-0.17103693633369385,-1.2921643532538019,-3.0572406758914688,0.832265759610711,-0.16251704880014295
Tristan Thompson,Away,CLE,MIL,112,100,1,d41956b2-e522-4e0b-8b08-7320fde6701a,-2.147500124982208,-2.0275983764680197,0.23870014128644057,0.08453455844563763,-2.5889650391617227,0.17476536399755174,0.7149011738075323,-2.9891366794415717,-0.17103693633369385,-1.2921643532538019,-1.4788266327286617,0.09074564632062354,0.10076665022568322
Donovan Mitchell,Home,CLE,LAC,118,108,1,6892c3d7-1c68-4640-9f1c-5bc06c88562b,4.147337144394467,4.2580375101586245,0.43219208455020763,2.4572122622179196,0.24873234618927081,0.8881897845212074,0.08815336793737247,1.0506444281813616,-0.07835769089928478,2.091192496322541,2.1019686136663944,1.3109912223243474,-0.3323302591983998
Jarrett Allen,Home,CLE,LAC,118,108,1,6892c3d7-1c68-4640-9f1c-5bc06c88562b,0.4108331650876624,1.3977092031676246,-0.788547035031349,-0.9152720396899832,6.2136046521321715,-0.7803063248706328,-0.4023501542209565,1.0728427119840274,-1.8017490238758085,5.407647544186521,1.4420116530602545,0.9766325713414159,0.12549455797725242
Max Strus,Home,CLE,LAC,118,108,1,6892c3d7-1c68-4640-9f1c-5bc06c88562b,1.3680326817475525,1.0703518838354187,-1.7562018395703878,-0.37851434451034494,1.1155372642192758,-0.9028397866823133,-0.8582165337740751,1.986391604623611,1.15673591545024,1.695403902279034,0.9758168985771244,0.6914498070623716,0.3626470292385733
Isaac Okoro,Home,CLE,LAC,118,108,1,6892c3d7-1c68-4640-9f1c-5bc06c88562b,1.4521185161753556,0.025905203623702914,0.54909124702313,0.2927665356841295,-1.431527864646307,-0.31202630783610086,0.6274176728888851,2.0785330537181492,0.6516334868336724,2.191219870644307,0.836092429355969,-0.11274711005231597,-1.2320127950580912
Evan Mobley,Home,CLE,LAC,118,108,1,6892c3d7-1c68-4640-9f1c-5bc06c88562b,-0.40686050068117374,0.975362727777237,-0.8539624572398117,-2.483193223623797,2.9858094019145045,-1.5773273979752909,-1.728054883341078,0.8917196371835379,-1.7870460883336903,-1.2921643532538019,0.39826435903487944,-0.7899505520917145,-0.17527319263134658
Dean Wade,Home,CLE,LAC,118,108,1,6892c3d7-1c68-4640-9f1c-5bc06c88562b,0.5304769929603844,-0.6521266728121853,-0.6538001276183151,0.1631524175205286,0.29890978856588796,-0.9212158858548243,0.8697481931408285,0.13090606212867564,1.7856555133430683,-1.2921643532538019,0.6919085820911938,0.7792324706706306,1.6244849724478747
Caris LeVert,Home,CLE,LAC,118,108,1,6892c3d7-1c68-4640-9f1c-5bc06c88562b,1.0071667661580868,0.5718728058313775,0.5744493909632233,0.3590982388534848,-0.8321639058489684,-0.5087317458511899,0.459517194792697,0.7415053770130418,-0.21988510251719473,-1.2921643532538019,0.9801554723047119,0.36965400956078914,0.3445023432553667
Georges Niang,Home,CLE,LAC,118,108,1,6892c3d7-1c68-4640-9f1c-5bc06c88562b,0.9090527283627781,-1.4641971812473764,0.06556842328930403,0.3504357005079151,-0.26601380257229224,1.637405272752074,-0.4463148498000719,0.3106879174047243,1.0337427307965015,1.009885321552731,0.8030886963803936,0.34032466952554047,0.9252623514081929
Sam Merrill,Home,CLE,LAC,118,108,1,6892c3d7-1c68-4640-9f1c-5bc06c88562b,-2.072461417114244,-1.8367892931545775,0.10732902731706252,-0.11174211226614275,-2.0174868182669856,-0.05983218730821767,-0.04491587037988554,-2.9891366794415717,-0.17103693633369385,-1.2921643532538019,-1.2200639510675328,-1.7049067375170046,0.4839412008628678
Damian Jones,Home,CLE,LAC,118,108,1,6892c3d7-1c68-4640-9f1c-5bc06c88562b,-2.147500124982208,-2.0275983764680197,0.23870014128644057,0.08453455844563763,-2.5889650391617227,0.17476536399755174,0.7149011738075323,-2.9891366794415717,-0.17103693633369385,-1.2921643532538019,-3.0572406758914688,0.832265759610711,-0.16251704880014295
Craig Porter Jr.,Home,CLE,LAC,118,108,1,6892c3d7-1c68-4640-9f1c-5bc06c88562b,-2.147500124982208,-2.0275983764680197,0.23870014128644057,0.08453455844563763,-2.5889650391617227,0.17476536399755174,0.7149011738075323,-2.9891366794415717,-0.17103693633369385,-1.2921643532538019,-3.0572406758914688,0.832265759610711,-0.16251704880014295
Tristan Thompson,Home,CLE,LAC,118,108,1,6892c3d7-1c68-4640-9f1c-5bc06c88562b,-2.147500124982208,-2.0275983764680197,0.23870014128644057,0.08453455844563763,-2.5889650391617227,0.17476536399755174,0.7149011738075323,-2.9891366794415717,-0.17103693633369385,-1.2921643532538019,-1.4788266327286617,0.09074564632062354,0.10076665022568322
Donovan Mitchell,Home,CLE,DET,128,121,1,b103c48b-882a-49bc-9472-707910ec5e5d,7.161984291751185,2.9784060342145895,0.8089044388327449,1.3758310836333234,1.664586884572962,0.3546445882900221,0.25903913568073794,2.010939830135199,0.3004222970798784,5.657439679906071,2.8760854644772365,2.4342832250777877,-0.1115774756730525
Max Strus,Home,CLE,DET,128,121,1,b103c48b-882a-49bc-9472-707910ec5e5d,-0.9713499710271482,0.8822055727222147,-0.7982428393906914,-1.9342778931720006,0.06200732535586554,-0.6161609574531156,-1.3408479320177753,-1.5582784421804956,0.9562702201500765,-1.2921643532538019,0.27389243621149917,-1.1091512903026766,1.4772876015433192
Jarrett Allen,Home,CLE,DET,128,121,1,b103c48b-882a-49bc-9472-707910ec5e5d,0.3044030906128327,-0.42813606319081315,0.3673261175349997,-1.2187278808470914,4.9276163158755635,-0.8096914058928252,1.7836321391163794,1.2129968757163752,-1.8645721211168287,-1.2921643532538019,0.9556495615669159,0.8296969484863705,1.3998291889174852
Evan Mobley,Home,CLE,DET,128,121,1,b103c48b-882a-49bc-9472-707910ec5e5d,-0.6661612960987706,0.4767474773380532,1.012499565487414,0.7276567366640608,-0.0034945030872474757,-0.7897626659709186,-0.03258057956034559,0.13382995576451293,-1.0074382678590632,1.1186481526397216,0.24839267857915487,-0.4481322963051754,-0.3037115150549107
Darius Garland,Home,CLE,DET,128,121,1,b103c48b-882a-49bc-9472-707910ec5e5d,1.9637818507768614,1.53150290320966,1.9590959920865978,-0.19255823429099175,-1.983585567874925,-0.0737489911992379,-0.08998976283168154,1.7199844527722659,0.036649597103250664,1.5373183919781754,0.9290122502547351,-0.7422170122628751,-1.7863038016559094
Isaac Okoro,Home,CLE,DET,128,121,1,b103c48b-882a-49bc-9472-707910ec5e5d,0.017387570078810168,1.0534587375869313,4.216722256667294,-2.068529931240986,-0.15945715025072324,-0.8006373792259998,1.068938999964378,1.6757993976316312,-2.030980220132706,1.0731195256730743,0.8875601568774938,1.4436891705453028,0.740485740132278
Caris LeVert,Home,CLE,DET,128,121,1,b103c48b-882a-49bc-9472-707910ec5e5d,0.19006199124498432,0.9828911631647904,0.04101982191497651,0.22952332589454905,-0.22200361798837376,3.1782175050722468,-0.06960376002534764,0.5252400684472918,0.3452325762493705,2.3176882788849937,0.8266010950036985,0.21089955565359908,0.40084651428997126
Georges Niang,Home,CLE,DET,128,121,1,b103c48b-882a-49bc-9472-707910ec5e5d,-1.3611978258202373,-0.18829300086083656,0.03238779262004697,2.363079997319288,-0.5337609465788083,-0.5285408585097022,-1.033505129661907,0.3233585250145011,-1.4661711955878747,-1.2921643532538019,-0.14927090179190897,0.09755700689871626,-0.18378046707944817
Sam Merrill,Home,CLE,DET,128,121,1,b103c48b-882a-49bc-9472-707910ec5e5d,0.8173297359900712,-0.4525399641063963,1.5150529255856968,-0.28771039824024897,-0.5175866800407325,-0.5363964792592187,-1.0196936632984717,3.3577776031196125,0.9151590813043383,-1.2921643532538019,0.11143493145218761,0.05954252640617256,-1.3914029058699013
Dean Wade,Home,CLE,DET,128,121,1,b103c48b-882a-49bc-9472-707910ec5e5d,-1.6809619149272068,-0.7905828922506274,-1.24113874564468,-1.2436818861992283,-0.20937225230657086,2.1997363096315983,-0.39899156385663376,-2.574459816179969,1.3640569955295248,-1.2921643532538019,-0.6542937767169119,-2.354509506490513,1.1923624478605204
Damian Jones,Home,CLE,DET,128,121,1,b103c48b-882a-49bc-9472-707910ec5e5d,-2.147500124982208,-2.0275983764680197,0.23870014128644057,0.08453455844563763,-2.5889650391617227,0.17476536399755174,0.7149011738075323,-2.9891366794415717,-0.17103693633369385,-1.2921643532538019,-3.0572406758914688,0.832265759610711,-0.16251704880014295
Craig Porter Jr.,Home,CLE,DET,128,121,1,b103c48b-882a-49bc-9472-707910ec5e5d,-2.147500124982208,-2.0275983764680197,0.23870014128644057,0.08453455844563763,-2.5889650391617227,0.17476536399755174,0.7149011738075323,-2.9891366794415717,-0.17103693633369385,-1.2921643532538019,-3.0572406758914688,0.832265759610711,-0.16251704880014295
Tristan Thompson,Home,CLE,DET,128,121,1,b103c48b-882a-49bc-9472-707910ec5e5d,-2.147500124982208,-2.0275983764680197,0.23870014128644057,0.08453455844563763,-2.5889650391617227,0.17476536399755174,0.7149011738075323,-2.9891366794415717,-0.17103693633369385,-1.2921643532538019,-1.4788266327286617,0.09074564632062354,0.10076665022568322
Donovan Mitchell,Away,CLE,MEM,108,101,1,ce3f4e10-7a59-42b3-b82e-ae304641c5d7,3.840255143293129,2.4547106922458086,-2.10448080000833,1.2437498738323922,-0.4003450947950007,-0.42052289046965585,-0.9442481919216038,1.1279286201939553,0.18012352354461234,0.8807840315374258,1.9994815432348576,0.7080490669084072,0.8589585372284175
Max Strus,Away,CLE,MEM,108,101,1,ce3f4e10-7a59-42b3-b82e-ae304641c5d7,0.5868481022717619,0.15571062956541457,0.9987841256711953,0.9368306687082482,3.0408035747373554,-1.7488001803838211,1.1966359405351195,1.6755524559559287,0.4724872483867412,0.2572354704783437,0.8317349712649968,1.346386727712099,0.18658358083081392
Dean Wade,Away,CLE,MEM,108,101,1,ce3f4e10-7a59-42b3-b82e-ae304641c5d7,-0.05677226032017152,-0.05836263330309085,2.172041353352421,-0.7389656451805968,1.219095220799259,2.593078874358482,-0.8571154254584237,1.4456067553107481,1.6294299009444952,-1.2921643532538019,0.5528448723936995,1.633614733724078,0.781267223528036
Darius Garland,Away,CLE,MEM,108,101,1,ce3f4e10-7a59-42b3-b82e-ae304641c5d7,0.2502308395064898,2.6320218662192376,-0.5932356004561392,1.3997302313561732,-1.1200329249821215,-0.2798921581760597,-0.5265187358170762,0.2535870965160803,0.08842538652687727,-1.2921643532538019,0.8249131040667256,-0.38013398305213036,0.2730902043906938
Jarrett Allen,Away,CLE,MEM,108,101,1,ce3f4e10-7a59-42b3-b82e-ae304641c5d7,0.39258110941863095,-0.12415485996298571,-0.9734110806461932,0.2681646788492431,4.721814680343937,3.813102004671178,0.13697144039661946,-0.19374611628019717,-1.2950451293559653,1.003458387530892,1.4128348212303323,-0.015716909577143022,0.3067407806792441
Caris LeVert,Away,CLE,MEM,108,101,1,ce3f4e10-7a59-42b3-b82e-ae304641c5d7,1.0162927939926025,1.540118653579494,0.978840674464636,-0.6368552551264649,-1.6500917938319546,-0.13540439670075013,-0.2047674662516964,1.3531360269942556,-0.30022426509040234,1.6555145968783154,0.7834819163771518,-0.6279600716876561,-1.1679153296713904
Georges Niang,Away,CLE,MEM,108,101,1,ce3f4e10-7a59-42b3-b82e-ae304641c5d7,-0.3403217085619623,-1.2643620432142504,-0.2867843145910716,-0.700572124401484,0.6039984218664106,-0.8733208767771756,-0.39478448990149617,-0.2108244648769872,0.7936444586132111,-1.2921643532538019,-0.04184026447460624,-1.355369503922376,0.1860258817019607
Isaac Okoro,Away,CLE,MEM,108,101,1,ce3f4e10-7a59-42b3-b82e-ae304641c5d7,-0.874503147319037,-0.9347177744696206,-0.9905960874228947,-1.0348397356323416,0.17834871428234017,-0.7780615869674817,-0.11613373665505318,1.9683676748633885,0.8523903686643021,0.6089206593679733,0.08087616339011236,-0.013047250997764095,0.7784109367123996
Sam Merrill,Away,CLE,MEM,108,101,1,ce3f4e10-7a59-42b3-b82e-ae304641c5d7,0.5742560021450142,-1.4198437113808322,0.0608984142785557,0.41107999737661405,-0.9341982723375858,-0.3603100197062031,-0.6632119348875127,2.348852224638148,1.3209516437142415,-1.2921643532538019,0.08044515076125351,-0.0922241026567807,-0.7240570631445661
Damian Jones,Away,CLE,MEM,108,101,1,ce3f4e10-7a59-42b3-b82e-ae304641c5d7,-1.2019943822497934,0.018549244656494,-1.646375790702445,-0.8937599684576507,4.2584951577391665,5.059242855467189,1.249261617438823,0.3141127168103827,-1.4667031947459563,2.1696604331816096,0.3021365243354933,-0.28606270474944273,-0.6198913449465191
Craig Porter Jr.,Away,CLE,MEM,108,101,1,ce3f4e10-7a59-42b3-b82e-ae304641c5d7,-2.147500124982208,-2.0275983764680197,0.23870014128644057,0.08453455844563763,-2.5889650391617227,0.17476536399755174,0.7149011738075323,-2.9891366794415717,-0.17103693633369385,-1.2921643532538019,-3.0572406758914688,0.832265759610711,-0.16251704880014295
Tristan Thompson,Away,CLE,MEM,108,101,1,ce3f4e10-7a59-42b3-b82e-ae304641c5d7,-2.147500124982208,-2.0275983764680197,0.23870014128644057,0.08453455844563763,-2.5889650391617227,0.17476536399755174,0.7149011738075323,-2.9891366794415717,-0.17103693633369385,-1.2921643532538019,-1.4788266327286617,0.09074564632062354,0.10076665022568322
Donovan Mitchell,Away,CLE,SAS,117,101,1,225e8f8f-d3b1-4bb9-8f84-8b4115554851,4.767424954126852,2.635137951849922,0.7302299769977761,0.8443330760441856,2.4225527199674697,1.637790156007213,1.1019224236299388,1.9271542055907749,0.08233401165758764,1.4108499837374886,2.2173114054574397,2.5384496145979023,-0.03316708879011997
Jarrett Allen,Away,CLE,SAS,117,101,1,225e8f8f-d3b1-4bb9-8f84-8b4115554851,2.226217051828794,-1.418164345924655,-0.3505474552456499,-0.41455021376960927,5.002298053288595,-2.058891254485492,-0.11006827867044346,1.0233055632987973,-1.7874731066403362,0.8973284382185197,1.8384145610444118,1.7582218244224808,1.2591748922254993
Max Strus,Away,CLE,SAS,117,101,1,225e8f8f-d3b1-4bb9-8f84-8b4115554851,0.4848046576027941,0.09055849425381052,0.5273476563387055,0.16947814346724538,-0.32973036741547795,1.179040838864531,-0.48794929475419446,-0.26636104458222365,1.4458758907436424,-1.2921643532538019,0.6850965418715186,0.32136725531475474,0.8737916265503313
Evan Mobley,Away,CLE,SAS,117,101,1,225e8f8f-d3b1-4bb9-8f84-8b4115554851,3.1119756008364834,0.1831975814026338,-0.5580699355440701,0.6797034400641658,2.705020655657462,-1.4420098914751232,-0.5582598408976084,3.230668390243372,0.2046269662098923,1.4873116139182017,1.384770517964115,0.8657720204493043,-2.147470962752308
Darius Garland,Away,CLE,SAS,117,101,1,225e8f8f-d3b1-4bb9-8f84-8b4115554851,-1.331752552035187,2.2720232959295603,-1.4696053665712474,-1.1640298305279653,-0.7460263210798578,-0.3579287736203985,-0.7216023647318963,-0.20888842174750527,0.45413511663087,1.6004927880367386,0.061835676817793055,-0.7730616998413058,0.4255885028366883
Caris LeVert,Away,CLE,SAS,117,101,1,225e8f8f-d3b1-4bb9-8f84-8b4115554851,0.8045687467097634,1.5366393039777662,0.24055182985769355,1.0695321702973803,0.2605482336809368,-0.712679124640028,-0.24845905200997695,0.7551817879174487,0.5874708642672408,-1.2921643532538019,0.9795342158392295,1.3202290397249883,1.0685888911050017
Isaac Okoro,Away,CLE,SAS,117,101,1,225e8f8f-d3b1-4bb9-8f84-8b4115554851,0.09850177637661345,-1.2098809889842925,0.03626117662354112,0.6508953882987759,-1.621988580363657,-0.14709099797995195,-0.24377368222678275,0.2464421872370442,0.6253940375393632,-1.2921643532538019,0.3996939975026797,0.06304285310958609,0.9029799062241993
Georges Niang,Away,CLE,SAS,117,101,1,225e8f8f-d3b1-4bb9-8f84-8b4115554851,-0.40032777931913177,-0.9599339458487913,-0.10133661602683472,0.535477780078594,-1.0549136162788524,-0.3088813934704358,-0.5697287628535418,-2.0208151246462895,1.7587940577721222,1.037708371365682,0.30813694796704255,-1.551773469290608,1.813030334552995
Sam Merrill,Away,CLE,SAS,117,101,1,225e8f8f-d3b1-4bb9-8f84-8b4115554851,-1.0042613171044308,1.4435994012074007,0.16731387143334603,-0.4666463253034437,-1.5257192433521307,-0.19037498868733,-0.2768234612727836,0.7789077463444343,1.7210285190492827,-1.2921643532538019,-0.35288487284410214,-0.6016407005958526,-0.5627625646388104
Dean Wade,Away,CLE,SAS,117,101,1,225e8f8f-d3b1-4bb9-8f84-8b4115554851,-1.756000622795171,-1.2497329140051103,-0.06829336215247314,0.18650265479277411,-0.17998744679463172,1.7958529554644238,-0.40680404151335375,-2.1352403801942073,2.0666384013593246,-1.2921643532538019,-0.570021368458365,-0.19451647087975277,0.9501354725263517
Damian Jones,Away,CLE,SAS,117,101,1,225e8f8f-d3b1-4bb9-8f84-8b4115554851,-2.147500124982208,-2.0275983764680197,0.23870014128644057,0.08453455844563763,-2.0465450328887522,-0.047903498258771764,-0.006281105421203289,-2.9891366794415717,-0.17103693633369385,-1.2921643532538019,-1.5434174593586159,-0.5706079327987824,0.5804278227908845
Craig Porter Jr.,Away,CLE,SAS,117,101,1,225e8f8f-d3b1-4bb9-8f84-8b4115554851,-2.147500124982208,-2.0275983764680197,0.23870014128644057,0.08453455844563763,-2.0465450328887522,-0.047903498258771764,-0.006281105421203289,-2.9891366794415717,-0.17103693633369385,-1.2921643532538019,-1.6357375924000497,-0.7563857418326365,0.6346512825003078
Donovan Mitchell,Home,CLE,SAC,136,110,1,53319cbe-c544-4f6d-b36a-09d5dd56d4b5,5.025621312961588,1.0238296387028423,1.8891777732564803,0.7426052735375287,-1.212373874607267,-0.24022820103282372,-0.48176323194695836,1.846112735113392,0.4131067520261198,0.8834169133120441,2.079203104040292,1.9825806396837107,1.265963155640743
Jarrett Allen,Home,CLE,SAC,136,110,1,53319cbe-c544-4f6d-b36a-09d5dd56d4b5,0.7066802680283342,-0.9437372047567966,0.005708594221578668,0.9675268885879564,2.321285718735533,2.1834236849238886,-0.3807240246395233,1.8798957207802236,-2.1249637993476425,1.6555145968783154,1.234287349142517,1.6955191761496664,0.9466381235087185
Evan Mobley,Home,CLE,SAC,136,110,1,53319cbe-c544-4f6d-b36a-09d5dd56d4b5,0.14211189640768293,2.0620493422617088,1.7110396021674954,0.9623317651107622,4.908522296523704,-0.12077248029343125,-2.2350035742222376,-0.15983654088394464,-1.0644936199708195,0.1522666916385736,0.9914699496848529,0.3193401230366244,-0.11674126588500328
Darius Garland,Home,CLE,SAC,136,110,1,53319cbe-c544-4f6d-b36a-09d5dd56d4b5,0.5118093944037977,0.6851772755154827,-1.3978695041786258,0.6609896508202944,-0.8742087805647034,-0.490307389341278,0.4698437258278994,2.022387282187115,0.4966619723633819,0.4735994625504384,0.5730040161358474,-0.1607584813866419,0.4167853621837515
Max Strus,Home,CLE,SAC,136,110,1,53319cbe-c544-4f6d-b36a-09d5dd56d4b5,3.857198304830315,0.11637354125228794,2.325913163489277,-0.1665291287193198,0.45620783874907106,-0.8183809615273248,-0.2219534395012465,2.867702376570694,0.932480170211058,-1.2921643532538019,1.422508355428139,2.0899891047576062,0.2760978517765315
Isaac Okoro,Home,CLE,SAC,136,110,1,53319cbe-c544-4f6d-b36a-09d5dd56d4b5,-0.1447347349727795,0.9022713722313322,0.8411722691225769,-2.2913117017790277,-1.4546777289415176,1.68487530650496,0.19476843896181753,3.3021893259560806,0.9095043783567212,1.878619772556445,0.617513126162259,0.8537285085297489,0.9246820102477136
Caris LeVert,Home,CLE,SAC,136,110,1,53319cbe-c544-4f6d-b36a-09d5dd56d4b5,1.7391340367093784,2.049245147578856,0.1865497483135353,1.3692456071695085,1.057161319128344,-1.002340039915807,-0.51790313272111,1.781891699530267,0.5701858278345306,1.0350754895910639,1.4308970674921297,1.1181559136538008,0.8666548933941897
Dean Wade,Home,CLE,SAC,136,110,1,53319cbe-c544-4f6d-b36a-09d5dd56d4b5,-0.6440215136007277,-1.2735434586803085,0.15424493142877382,1.0210190433674933,0.956966072723204,-0.9331484597454596,-1.764141112830743,6.900321407025287,0.9506837011724792,-1.2921643532538019,-0.15431046758927622,1.5165861082198535,-0.2786715007984579
Georges Niang,Home,CLE,SAC,136,110,1,53319cbe-c544-4f6d-b36a-09d5dd56d4b5,-1.242138429988631,0.8150842945656674,-2.1693046575763586,-1.135280591359903,-0.2183931811475024,-0.590052101869481,-1.087346918529994,-0.9790786757393772,0.9384238496060193,-1.2921643532538019,-0.12911029861010492,-1.6112290365058513,1.5786440773734278
Sam Merrill,Home,CLE,SAC,136,110,1,53319cbe-c544-4f6d-b36a-09d5dd56d4b5,0.3034675431835313,0.20919982662612657,1.998763762699041,0.4923069253734665,-2.0465450328887522,-0.047903498258771764,-0.006281105421203289,4.597894987112357,1.2416376540364629,-1.2921643532538019,0.3834891399519608,2.1210061805553444,-1.1006637783551867
Damian Jones,Home,CLE,SAC,136,110,1,53319cbe-c544-4f6d-b36a-09d5dd56d4b5,-2.147500124982208,1.827458982793118,-4.082664059507726,-1.8668363155187042,2.704895510994267,7.680978607001235,-0.21455243912511912,-2.5392649573249986,-0.29467814044550295,-1.2921643532538019,-0.4480378148406414,-0.045116055679320526,-0.03485893131648331
Craig Porter Jr.,Home,CLE,SAC,136,110,1,53319cbe-c544-4f6d-b36a-09d5dd56d4b5,-2.147500124982208,-2.0275983764680197,0.23870014128644057,0.08453455844563763,-1.9932716394155139,-0.06977276151608926,-0.0771115078454541,-2.9891366794415717,-0.17103693633369385,-1.2921643532538019,-1.5190871522189422,-0.7017058405732238,0.8245560442404825
Donovan Mitchell,Away,CLE,WAS,114,106,1,3e5f602c-d4fa-4667-a0da-2d5cfb669174,6.274664083228432,2.306956738708589,-1.0732368147340245,0.21663491513038913,1.000129819109649,-0.6899382194917245,-1.6855882166172798,1.6783265964666556,0.17830865248865857,3.432054379670786,2.3409747067310507,0.4251354727535242,-1.0427828836363395
Jarrett Allen,Away,CLE,WAS,114,106,1,3e5f602c-d4fa-4667-a0da-2d5cfb669174,0.19517971093116435,0.035403396630187385,-1.4396718482956485,-0.4503667195752084,2.948908522229527,1.5041243455110505,0.9112321260757468,-0.3934276138442864,-1.0004692982744923,1.0350754895910639,1.0161143099607213,-0.8402171541622081,-0.09962610884932141
Darius Garland,Away,CLE,WAS,114,106,1,3e5f602c-d4fa-4667-a0da-2d5cfb669174,0.8540015997874525,0.5276836793179861,-1.3852839297667399,0.5853635610685094,-2.0368589613481634,-0.0518797279419204,-0.01915936040743071,-0.05089046946527823,0.22423085287557035,2.1064860371230467,1.1225317536982264,-0.3080793968679249,1.0584330584947117
Max Strus,Away,CLE,WAS,114,106,1,3e5f602c-d4fa-4667-a0da-2d5cfb669174,-1.0463886788951122,-0.9585216947123113,0.007265263891828145,0.9473121229650568,1.8840964566753333,0.42459516093685945,0.38684621393808283,-1.0363403999299745,1.1168367684310319,-0.3689459723553566,0.03781217710987527,-0.8215846385223861,-0.41599260371546365
Evan Mobley,Away,CLE,WAS,114,106,1,3e5f602c-d4fa-4667-a0da-2d5cfb669174,1.7639399153053479,0.4629210265737608,-0.09747044733203933,-1.1235252358699328,2.50521418207098,0.3238020781917088,0.18863546806620898,3.9624667226564387,-0.12517599668641158,1.009885321552731,1.1462236603808174,1.4571618190720534,-0.7859206040285655
Isaac Okoro,Away,CLE,WAS,114,106,1,3e5f602c-d4fa-4667-a0da-2d5cfb669174,-1.2624576759391657,-0.2050538903773751,1.0392993939627544,0.4908246684325101,-0.23410347960253983,1.2111237410105662,-0.530523768058666,1.084577887997949,-0.9788785206682373,1.2272614802569461,0.40116830142900906,1.3174368345617153,0.8402584598172309
Georges Niang,Away,CLE,WAS,114,106,1,3e5f602c-d4fa-4667-a0da-2d5cfb669174,-0.6844972279974613,-0.8997759848407737,-1.051333701537267,-1.0854681357697686,-0.4188313088739523,-0.5014070513266261,-0.9457044490262841,3.082297843151983,0.3548638514260924,-1.2921643532538019,-0.050031755209075476,-0.04163623528198732,0.1728452477693782
Sam Merrill,Away,CLE,WAS,114,106,1,3e5f602c-d4fa-4667-a0da-2d5cfb669174,-0.9292226092364665,-1.1877934169383233,0.145216247341327,1.1382646839803112,-1.4443703136439918,-0.2250271837263071,-0.3598473937633517,0.11089691688592831,1.3522752909679177,-1.2921643532538019,-0.30883072117934984,-0.48612381869676363,-0.026225171506083503
Caris LeVert,Away,CLE,WAS,114,106,1,3e5f602c-d4fa-4667-a0da-2d5cfb669174,-0.894659615765236,0.6205077625931193,-0.16405211356575827,3.0117805296447124,1.1854787975205705,-1.0315438059218878,-1.8945130342889995,-0.8435866369775994,-0.2736893314232292,-1.2921643532538019,0.5078302284630276,0.36518429347505504,0.9506814779485716
Dean Wade,Away,CLE,WAS,114,106,1,3e5f602c-d4fa-4667-a0da-2d5cfb669174,0.13897749077334717,-0.5241027322999253,1.6996742376882465,-1.139183983356777,-0.7529504763127599,-0.4428845017058286,-0.731045783502429,0.7571397597904065,1.7270111579579186,-1.2921643532538019,0.32135489812084456,0.2687603407888546,0.5617944756157348
Donovan Mitchell,Away,CLE,BRK,118,95,1,6b4de3df-bb98-42e1-860d-4e10fd1db83b,4.251911113926365,3.3410496511087606,1.330787933713252,-1.0098319773894555,1.4503843689731535,3.5837405913929796,-0.6113611531078722,1.6175687631157918,0.3677550802138191,1.4323496131384053,2.240161014071316,1.6693085656540354,0.061663871398767583
Jarrett Allen,Away,CLE,BRK,118,95,1,6b4de3df-bb98-42e1-860d-4e10fd1db83b,-0.42279311682584675,-0.05274211207972029,-1.2883496944756843,-0.4296263204259169,3.7321277808396136,1.2493994885879842,0.13425047991108013,0.7478042962991615,-1.1745114820674887,5.227965584750319,1.069792685023401,1.0104024969363097,0.9470685050266548
Darius Garland,Away,CLE,BRK,118,95,1,6b4de3df-bb98-42e1-860d-4e10fd1db83b,0.529598115491402,2.3087296922194684,-0.3387573083675733,1.1548378587175652,-2.061074140199635,-0.04193915373404881,0.013036277058137856,0.9302670102878506,-0.9690488934059529,1.009885321552731,1.2352931851813065,1.1410971244424257,1.5646118346966047
Evan Mobley,Away,CLE,BRK,118,95,1,6b4de3df-bb98-42e1-860d-4e10fd1db83b,-0.11955053471928415,0.20621087159518664,-1.4126310872017664,-0.5081291098642626,4.378918200260792,1.528141684975305,-2.6280035419849312,0.8846302702008957,-1.7184034463535547,2.3176882788849937,1.2140303803038468,1.523753286222878,1.4796216675434988
Max Strus,Away,CLE,BRK,118,95,1,6b4de3df-bb98-42e1-860d-4e10fd1db83b,-0.9223743408816616,0.5849377568156201,0.23864775011896547,-0.7010390865684831,0.7282456371270025,-0.9764843584778004,-0.04077077752455874,0.7183746964674301,-1.1572125165395706,-1.2921643532538019,0.437564522508028,0.9972898186132796,1.4812056140492311
Isaac Okoro,Away,CLE,BRK,118,95,1,6b4de3df-bb98-42e1-860d-4e10fd1db83b,0.019918094941740645,0.043810483725454506,-1.6782945609544675,-1.1749334858304967,2.9600647788874896,3.2221818555181514,1.40085181445056,1.7382286263339377,0.8138481641941985,-1.2921643532538019,0.5141813340916507,0.37803992874394554,0.1994405739358359
Georges Niang,Away,CLE,BRK,118,95,1,6b4de3df-bb98-42e1-860d-4e10fd1db83b,1.4062306366645754,-0.6662516541952289,1.2517177912332738,-0.23619465596985664,-0.3334409096667827,-0.6721956527979605,0.46369710217724336,2.1539503757536576,0.7088512704776273,-1.2921643532538019,0.5965300859910144,0.30955166074348245,-0.4125663417566867
Caris LeVert,Away,CLE,BRK,118,95,1,6b4de3df-bb98-42e1-860d-4e10fd1db83b,-0.9696983236332001,1.7908338002599642,-0.3796333487440817,0.2613812814842078,-0.6435453685227626,-0.4065615552312668,-0.7643695429724399,-0.6454271709717098,-0.24811551402317975,-1.2921643532538019,0.4038128454123089,-0.17610691493458133,0.9772290923422424
Dean Wade,Away,CLE,BRK,118,95,1,6b4de3df-bb98-42e1-860d-4e10fd1db83b,0.3034675431835313,-1.6459802098411351,-0.02404208665231553,-0.3080187829779232,-0.2668466716171841,3.3899633348421827,0.1100794917051698,4.590638991594348,1.243631867006008,-1.2921643532538019,-0.02926311586354373,0.627004546237262,-1.208102448233139
Sam Merrill,Away,CLE,BRK,118,95,1,6b4de3df-bb98-42e1-860d-4e10fd1db83b,0.8907167964640874,-0.6633872388577764,1.9208992893354315,-0.9870322475656603,-2.0901323548214013,-0.03001046468460291,0.051671042016820115,1.6548321188554718,1.6116025430318164,-1.2921643532538019,0.48763904853871864,-0.34976750321860267,-0.7530553780523053
Damian Jones,Away,CLE,BRK,118,95,1,6b4de3df-bb98-42e1-860d-4e10fd1db83b,-2.147500124982208,0.3882332123195415,-0.020724739507264955,3.2931586993814124,1.5625976718342476,4.952819977205728,-0.3311866192846767,-1.2839777327093984,-0.6396769841768413,-1.2921643532538019,-0.6766595367472674,3.2956117726690346,-2.417565830682974
Craig Porter Jr.,Away,CLE,BRK,118,95,1,6b4de3df-bb98-42e1-860d-4e10fd1db83b,-2.072461417114244,-2.0275983764680197,0.23870014128644057,0.08453455844563763,3.2146519422583313,-2.934032428244473,3.5640029095064505,-2.423169029036851,-0.32658554795822786,-1.2921643532538019,-0.7180496574963636,-0.9708425445991684,1.3776455515269228
Donovan Mitchell,Away,CLE,TOR,119,95,1,abcbbfc0-95b9-408e-ab3c-1d2a26fd4257,1.6624436814474663,2.8603461691074514,0.2504399960797982,-0.3107327805068911,0.3079865987707141,0.8523045961545789,0.15530969729972144,1.3670994086125805,0.7017581448598579,0.9871210080694074,1.1996037994047473,0.6324060278677035,-0.17437903857963274
Jarrett Allen,Away,CLE,TOR,119,95,1,abcbbfc0-95b9-408e-ab3c-1d2a26fd4257,1.06133901726443,-0.5583157936834686,-0.6358779714477113,0.07411065964540692,6.072926768753098,-1.130424659456248,2.078722847943626,1.409074211346693,-1.750737687485453,-0.663617363556157,1.0834791290964711,0.5290685468622913,-0.3174442758697655
Max Strus,Away,CLE,TOR,119,95,1,abcbbfc0-95b9-408e-ab3c-1d2a26fd4257,1.4864659654933963,0.4447074250662607,-0.26188287638789437,2.219709109638995,-0.9791961285998061,-0.4306853820349546,0.4398678034432445,1.631210732782116,0.20212624155731185,-1.2921643532538019,0.793449879935754,0.41137960496787984,-0.6615001996366956
Darius Garland,Away,CLE,TOR,119,95,1,abcbbfc0-95b9-408e-ab3c-1d2a26fd4257,0.6728272628725257,1.9711206640463508,-0.04395117954580614,1.6279518661779324,-0.5517169127103484,-0.5326399357294909,0.22026440588758928,0.24040259093387384,0.21497097694495498,0.9871210080694074,1.1304685854639194,0.6221152527081207,0.883161725241282
Evan Mobley,Away,CLE,TOR,119,95,1,abcbbfc0-95b9-408e-ab3c-1d2a26fd4257,1.4314148369180706,0.37280529334514495,-1.250827860350367,-0.013947771638713486,3.6779238143469937,-1.9706834430405087,1.0770014801121552,0.9310553050279401,-0.36287606649124327,1.003458387530892,1.435286792848351,0.7918337789262412,1.0381690744910594
Isaac Okoro,Away,CLE,TOR,119,95,1,abcbbfc0-95b9-408e-ab3c-1d2a26fd4257,0.6508563695280429,0.12796548958931372,1.0652247634047811,0.8225120298116273,-1.1550986651406014,-0.26494770619418534,-0.503055719389254,0.6142406606777296,0.19505246501290122,1.6005525960985187,1.0205654728546993,1.1716652104310312,1.066195141544627
Caris LeVert,Away,CLE,TOR,119,95,1,abcbbfc0-95b9-408e-ab3c-1d2a26fd4257,0.46558984823512106,1.1809525916108188,-1.5185568081758125,0.9554950301645363,1.224664432345505,0.815182846505994,-0.1540467590239547,2.383377684592563,-0.5298560899265741,-1.2921643532538019,1.0851470002111414,2.0324443967257877,0.9187140867572928
Georges Niang,Away,CLE,TOR,119,95,1,abcbbfc0-95b9-408e-ab3c-1d2a26fd4257,1.2104808855710567,-1.2643620432142504,-0.2867843145910716,-0.700572124401484,-0.8490027489298128,1.704849483874875,-0.10320297386942229,2.6613291323909967,0.6274050436343204,-1.2921643532538019,0.5282848262038731,0.5819587713533119,-0.26729840283738465
Dean Wade,Away,CLE,TOR,119,95,1,abcbbfc0-95b9-408e-ab3c-1d2a26fd4257,-1.2894624127401695,-0.5584524501369863,1.6397716125697084,-1.1097673600763345,0.5125218534906972,-0.8217233983807795,-1.484797729472174,-2.4917731253047166,1.670155185841081,-1.2921643532538019,0.0862279404697448,-0.05420467157223034,3.2556725686228374
Sam Merrill,Away,CLE,TOR,119,95,1,abcbbfc0-95b9-408e-ab3c-1d2a26fd4257,-0.44827176250720896,-2.0275983764680197,0.23870014128644057,0.08453455844563763,-2.041701997118458,-0.04989161310034608,-0.012720232914316992,3.790261401500396,1.3501373336602451,-1.2921643532538019,-0.13752226980498988,0.7868576105791103,-0.4366922087207643
Damian Jones,Away,CLE,TOR,119,95,1,abcbbfc0-95b9-408e-ab3c-1d2a26fd4257,-2.147500124982208,-0.7028851114256733,0.09669001049461712,1.8485432773344317,-2.041701997118458,-0.04989161310034608,-0.012720232914316992,-1.3275137058174542,-0.6277117063595694,-1.2921643532538019,-1.1285917023399432,1.218714308622931,-0.5907184440929462
Ty Jerome,Away,CLE,TOR,119,95,1,abcbbfc0-95b9-408e-ab3c-1d2a26fd4257,-2.147500124982208,-2.0275983764680197,0.23870014128644057,0.08453455844563763,-2.5889650391617227,0.17476536399755174,0.7149011738075323,-2.9891366794415717,-0.17103693633369385,-1.2921643532538019,-1.4788266327286617,0.09074564632062354,0.10076665022568322
Donovan Mitchell,Home,CLE,PHI,121,123,0,ee13a8f3-4da3-420e-8f0e-38f822817f2b,4.621949712349976,3.238032406570315,1.4070841369926228,-0.2976749231350112,-0.16363621533435585,-0.5948732737133058,-0.2244718589280855,1.3046375321270447,0.3673290953571354,7.831087630556123,2.2984938007484104,0.9831721759501727,-0.22749987127915228
Jarrett Allen,Home,CLE,PHI,121,123,0,ee13a8f3-4da3-420e-8f0e-38f822817f2b,1.1748701254772838,0.520784911501846,-1.5689272127243545,-0.22963893679405756,3.3064452879568815,-0.29291080855959817,0.962422764170153,1.0956734535419965,-1.826541070970044,1.5391636612968833,1.3669257989602646,0.40050498306765486,0.5288946020679455
Darius Garland,Home,CLE,PHI,121,123,0,ee13a8f3-4da3-420e-8f0e-38f822817f2b,3.1452186135716618,1.6356637363662885,0.9415889252150237,3.1812044501926238,-1.9351552101719813,-0.09363013961498107,-0.15438103776281864,1.7225270063240885,0.14251768484284769,-1.2921643532538019,1.0446883445231487,-0.03939540318383907,-1.3614682828169677
Max Strus,Home,CLE,PHI,121,123,0,ee13a8f3-4da3-420e-8f0e-38f822817f2b,0.5794526231058709,0.31896521011485823,-1.0335949381175207,0.39594880467629945,0.21471336318066675,-0.8535997031373007,0.6135084629895796,2.004730290307144,0.6396326142170581,-1.2921643532538019,0.4856406168774908,0.1493833531796734,0.3028430923647054
Evan Mobley,Home,CLE,PHI,121,123,0,ee13a8f3-4da3-420e-8f0e-38f822817f2b,0.7437737863624948,1.2888285700817042,1.4319617207113782,-0.5342484443412644,5.071728588088664,4.289732142989503,-0.27037972630743673,1.2601246590617192,-0.23072416135760518,0.1712369528746766,0.7270009447227691,-0.2458758432623043,-1.4965460646483395
Caris LeVert,Home,CLE,PHI,121,123,0,ee13a8f3-4da3-420e-8f0e-38f822817f2b,1.1555925345000673,1.1342083258203393,-1.0289360768459166,1.3156416162599678,0.8316587432566643,0.584090736465292,0.8234260228398333,-0.02001349080267583,0.15784799059044546,-1.2921643532538019,0.7642451418419596,-1.087165724756502,0.01554120930646249
Isaac Okoro,Home,CLE,PHI,121,123,0,ee13a8f3-4da3-420e-8f0e-38f822817f2b,0.003691033369200803,-1.3206984657915808,-0.06082134773527579,0.08947177980285592,1.6870811008928372,0.28080563295300964,1.6231443413054227,1.2595067290640685,1.124650782079649,1.1780883045128445,0.18511916089163008,-0.14390266268193952,-0.034565973091244616
Georges Niang,Home,CLE,PHI,121,123,0,ee13a8f3-4da3-420e-8f0e-38f822817f2b,-1.6059232070592426,-0.8997759848407737,-1.051333701537267,-1.0854681357697686,1.785740190798838,0.6665772686051851,-0.5220124882441279,-2.5476765387818707,0.9438123065737248,-1.2921643532538019,-0.47809397364348316,-1.9730672261652338,0.8305757371341093
Sam Merrill,Home,CLE,PHI,121,123,0,ee13a8f3-4da3-420e-8f0e-38f822817f2b,-1.9517503738886894,-1.5071613650056717,0.18137284055618752,0.7488600274486918,-1.0139134343419003,-0.40691396784713085,-0.7457394078588224,-1.9030485236179113,2.002823586333875,-1.2921643532538019,-1.0719375728551084,-1.095859736902223,0.5629119674777961
Ty Jerome,Home,CLE,PHI,121,123,0,ee13a8f3-4da3-420e-8f0e-38f822817f2b,-2.147500124982208,-2.0275983764680197,0.23870014128644057,0.08453455844563763,-2.5889650391617227,0.17476536399755174,0.7149011738075323,-2.9891366794415717,-0.17103693633369385,-1.2921643532538019,-1.4788266327286617,0.09074564632062354,0.10076665022568322
Damian Jones,Home,CLE,PHI,121,123,0,ee13a8f3-4da3-420e-8f0e-38f822817f2b,-2.147500124982208,-2.0275983764680197,0.23870014128644057,0.08453455844563763,-2.5889650391617227,0.17476536399755174,0.7149011738075323,-2.9891366794415717,-0.17103693633369385,-1.2921643532538019,-3.0572406758914688,0.832265759610711,-0.16251704880014295
Zhaire Smith,Home,CLE,PHI,121,123,0,ee13a8f3-4da3-420e-8f0e-38f822817f2b,-2.147500124982208,-2.0275983764680197,0.23870014128644057,0.08453455844563763,-2.5889650391617227,0.17476536399755174,0.7149011738075323,-2.9891366794415717,-0.17103693633369385,-1.2921643532538019,-3.0572406758914688,0.832265759610711,-0.16251704880014295
Donovan Mitchell,Home,CLE,CHI,108,105,1,2b5e0678-224e-4dd2-a0f0-9a412c0fa36d,3.6012363725960372,1.5459892022776838,1.7338599956980498,1.476594552780673,0.4221556218679276,-0.6061243435320824,-1.4219630775400072,0.5303204260294161,0.04556205499226101,6.304153924420017,2.1649604695972147,0.5714238913494638,-0.6021293590138883
Jarrett Allen,Home,CLE,CHI,108,105,1,2b5e0678-224e-4dd2-a0f0-9a412c0fa36d,0.16006950664884748,-0.2512312001788476,0.9806421045804159,0.5040694792146327,2.9086902707623947,0.24283980724235715,-1.423186591370111,1.0906845057421022,-1.530956700026457,0.22182431617095139,0.9957060144974028,0.9010675295552344,0.04424857187367286
Evan Mobley,Home,CLE,CHI,108,105,1,2b5e0678-224e-4dd2-a0f0-9a412c0fa36d,0.39794661953304783,-0.3891225857542535,0.35931642127278607,-1.2650789425732047,3.272435475969997,-0.17561970560492765,1.5813666322165785,2.94644181927922,0.08641229508295666,0.2572354704783437,0.6349928366979254,-0.2308738227336219,-0.8247793799292154
Darius Garland,Home,CLE,CHI,108,105,1,2b5e0678-224e-4dd2-a0f0-9a412c0fa36d,0.910704375756726,2.0120388102544076,-0.22799748893596758,1.2445342473321688,-1.5692235335845894,-0.1691929636057878,-0.2993093715610675,0.8077195243912662,0.5720396273226684,1.009885321552731,0.9266223566614755,-0.1744227890488124,-0.171497431276705
Max Strus,Home,CLE,CHI,108,105,1,2b5e0678-224e-4dd2-a0f0-9a412c0fa36d,0.219212819602168,0.9369552676994708,-0.04612058792343543,-0.5695765019827588,-0.6514148188316825,-0.3963511511077135,-0.8331099818630779,0.20929446268422766,0.8733961407399576,-1.2921643532538019,0.37391948103381023,-1.0244484332727177,-0.31752863954932
Isaac Okoro,Home,CLE,CHI,108,105,1,2b5e0678-224e-4dd2-a0f0-9a412c0fa36d,2.3537196934488342,-1.133001641215616,0.028166494338243926,0.756012169537854,-1.523245539884229,-0.1884338008543843,-0.34500064414747966,2.064972577686845,0.8893968370061581,-1.2921643532538019,0.848674059838787,0.37815592316829644,-0.5253113745294717
Georges Niang,Home,CLE,CHI,108,105,1,2b5e0678-224e-4dd2-a0f0-9a412c0fa36d,0.6596879519346918,0.5543914988020451,-2.238232363436271,-2.2641845960483473,-0.9944128530356882,-0.33260140674612054,-0.657401912540497,0.7165560535621064,0.18772877140355154,-0.5940597390237793,0.8021220590806131,-0.979645553426231,1.3319182080594911
Caris LeVert,Home,CLE,CHI,108,105,1,2b5e0678-224e-4dd2-a0f0-9a412c0fa36d,-0.46103275178751685,1.9970304823196285,-1.1116495121550352,2.911200445507529,0.24369885106387798,-0.8052548835823754,-0.18758151921392022,0.010454362120962861,0.560964061462568,-1.2921643532538019,0.5690376233491513,0.5188210411036189,0.449388963568193
Ty Jerome,Home,CLE,CHI,108,105,1,2b5e0678-224e-4dd2-a0f0-9a412c0fa36d,-2.147500124982208,-2.0275983764680197,0.23870014128644057,0.08453455844563763,-2.5889650391617227,0.17476536399755174,0.7149011738075323,-2.9891366794415717,-0.17103693633369385,-1.2921643532538019,-1.4788266327286617,0.09074564632062354,0.10076665022568322
Damian Jones,Home,CLE,CHI,108,105,1,2b5e0678-224e-4dd2-a0f0-9a412c0fa36d,-2.147500124982208,-2.0275983764680197,0.23870014128644057,0.08453455844563763,-2.5889650391617227,0.17476536399755174,0.7149011738075323,-2.9891366794415717,-0.17103693633369385,-1.2921643532538019,-3.0572406758914688,0.832265759610711,-0.16251704880014295
Sam Merrill,Home,CLE,CHI,108,105,1,2b5e0678-224e-4dd2-a0f0-9a412c0fa36d,-2.147500124982208,-2.0275983764680197,0.23870014128644057,0.08453455844563763,-2.5889650391617227,0.17476536399755174,0.7149011738075323,-2.9891366794415717,-0.17103693633369385,-1.2921643532538019,-1.4788266327286617,0.09074564632062354,0.10076665022568322
Zhaire Smith,Home,CLE,CHI,108,105,1,2b5e0678-224e-4dd2-a0f0-9a412c0fa36d,-2.147500124982208,-2.0275983764680197,0.23870014128644057,0.08453455844563763,-2.5889650391617227,0.17476536399755174,0.7149011738075323,-2.9891366794415717,-0.17103693633369385,-1.2921643532538019,-3.0572406758914688,0.832265759610711,-0.16251704880014295
Darius Garland,Home,CLE,ORL,109,116,0,38eeb301-9009-447e-9571-d66fa99f660d,1.9129128944584146,4.385334015772821,-0.34696820807613926,1.0596953065814791,-1.0809557657370705,-0.2951676522147028,-0.6187140851470887,1.520030085796611,0.5256485650608003,1.7175793313898375,1.450580766592277,-0.05469947120280301,-0.12899398696657377
Jarrett Allen,Home,CLE,ORL,109,116,0,38eeb301-9009-447e-9571-d66fa99f660d,0.37973624390866395,0.7735198191849179,1.026396212407621,-1.3775125768757315,3.019489534690841,-1.5959078958877944,-0.6737160058527053,0.7119621419350437,-1.651205260625464,3.762657202724215,1.3164262320888716,0.27729840001711353,0.5115467828030553
Evan Mobley,Home,CLE,ORL,109,116,0,38eeb301-9009-447e-9571-d66fa99f660d,0.07619921637423452,2.254792112305249,1.0276222476199317,0.33544826894875734,2.886080728556543,1.577778332248345,-0.859579210088495,0.7621744486099503,-1.3572807604141255,2.2468659702702087,1.019369476413615,0.45753061687295865,-0.7431065098537681
Max Strus,Home,CLE,ORL,109,116,0,38eeb301-9009-447e-9571-d66fa99f660d,1.138655484612105,3.159868633585574,-1.535957096717084,-0.21632725645383635,1.057782603602487,0.2574634268105417,2.0723820565699484,1.8783710811551881,-0.5892600804200852,1.6555145968783154,1.4215016489000072,0.7119959938218561,0.3538483002560965
Isaac Okoro,Home,CLE,ORL,109,116,0,38eeb301-9009-447e-9571-d66fa99f660d,1.391108011674897,0.07674372413588333,-1.5255807766308258,-1.1258036246489278,-0.964060426409678,-0.34562792736949366,-0.713683061246676,2.728948538668609,-0.16909711719671838,0.4331295719134186,0.7442602043894211,-0.462551598526542,-0.25989328243702814
Caris LeVert,Home,CLE,ORL,109,116,0,38eeb301-9009-447e-9571-d66fa99f660d,-0.5634078631143807,0.708366524863536,-0.12584369219565253,-0.8351944074528119,-0.4094569906401492,1.1549022496380712,-0.5437412066646912,-1.400043629991789,-0.268680335190321,1.009885321552731,0.5190321111982908,-2.1050802596171234,0.3348026785666926
Georges Niang,Home,CLE,ORL,109,116,0,38eeb301-9009-447e-9571-d66fa99f660d,-0.07709150627070634,0.1281480769449317,-1.7934296296305283,-0.9776158406628208,-1.9254691386313925,-0.0976063692981297,-0.16725929274904605,3.308783964055295,0.803943003509087,0.6089206593679733,-0.05484860885966343,-1.4695356463120612,-1.4249760183720523
Dean Wade,Home,CLE,ORL,109,116,0,38eeb301-9009-447e-9571-d66fa99f660d,-1.2000110681979492,-2.0275983764680197,0.23870014128644057,0.08453455844563763,0.4266946140357411,1.631833596317125,-0.8480264317306834,2.259188589609383,1.5425626717481724,-1.2921643532538019,-0.6318712145825837,-0.4359906993673459,-0.7734314969666951
Sam Merrill,Home,CLE,ORL,109,116,0,38eeb301-9009-447e-9571-d66fa99f660d,-1.146943253674468,0.04823587339916674,0.010013606233528028,2.733750528208695,0.16101859343729705,-1.0636405738454533,0.8175034132063868,2.7820245769470398,1.3975067252062194,0.9250916799696904,-0.3798334814519194,0.3431923589617474,-1.663535015073999
Craig Porter Jr.,Home,CLE,ORL,109,116,0,38eeb301-9009-447e-9571-d66fa99f660d,-1.754348975401223,-2.0275983764680197,0.23870014128644057,0.08453455844563763,0.19600018953254905,-0.9408992608121706,-1.4789990287230041,-0.024929259849942598,-1.3704489730497,-1.2921643532538019,-0.17873694850625554,-1.3921546239458091,0.4440347904750424
Damian Jones,Home,CLE,ORL,109,116,0,38eeb301-9009-447e-9571-d66fa99f660d,-2.147500124982208,-2.0275983764680197,0.23870014128644057,0.08453455844563763,-2.5889650391617227,0.17476536399755174,0.7149011738075323,-2.9891366794415717,-0.17103693633369385,-1.2921643532538019,-3.0572406758914688,0.832265759610711,-0.16251704880014295
Zhaire Smith,Home,CLE,ORL,109,116,0,38eeb301-9009-447e-9571-d66fa99f660d,-2.147500124982208,-2.0275983764680197,0.23870014128644057,0.08453455844563763,-2.5889650391617227,0.17476536399755174,0.7149011738075323,-2.9891366794415717,-0.17103693633369385,-1.2921643532538019,-3.0572406758914688,0.832265759610711,-0.16251704880014295
Darius Garland,Away,CLE,PHI,97,104,0,e29b9493-5f35-46c3-bcf6-60e9f5958650,1.9549502683702127,3.5598096852153622,0.20437824982339564,1.4805130666132886,-0.12239833929131275,-0.4560610755272267,-1.0850426167828535,1.0391943891709614,0.22220047043348304,3.1980280163637347,1.4598749203070152,0.1618009898201992,-0.7083282686268845
Jarrett Allen,Away,CLE,PHI,97,104,0,e29b9493-5f35-46c3-bcf6-60e9f5958650,1.6961277974497146,-1.038730041149573,-0.6094935823022577,-0.8039392801845809,2.0079031400282132,0.5053215877693259,-1.8930082851172898,0.6126669003390485,-1.641674074164868,2.5920202118989106,1.4383150254977737,-0.46366691923612047,-0.5478950588609368
Max Strus,Away,CLE,PHI,97,104,0,e29b9493-5f35-46c3-bcf6-60e9f5958650,1.1994504449593735,1.9346492821578871,1.17791421360864,0.9081800327520918,-1.0142170739521166,1.0574303086949333,0.7687108558285869,1.664425931212322,0.4850537482426834,1.0135625416176128,0.8714313415781513,0.13072255733863308,-1.320360996856385
Isaac Okoro,Away,CLE,PHI,97,104,0,e29b9493-5f35-46c3-bcf6-60e9f5958650,0.5683432812195109,-0.3878174174012133,-0.05535471371727317,1.68036779508597,0.02120942217948434,2.4767482972328847,0.7156471415088792,0.5941693043559564,-0.11403076553013193,-1.2921643532538019,0.6320537654187915,-0.4273423743342768,-1.046886732607835
Evan Mobley,Away,CLE,PHI,97,104,0,e29b9493-5f35-46c3-bcf6-60e9f5958650,-0.711833631456361,0.5695596608870539,-2.395405609238744,-2.1427966060423613,3.318793422959943,0.0404651238378483,-0.5252619960074866,-0.8570380826411375,-1.0455896284276862,1.792634073896028,0.6137291813059672,-2.1564858263296705,0.22265453048021053
Caris LeVert,Away,CLE,PHI,97,104,0,e29b9493-5f35-46c3-bcf6-60e9f5958650,-0.3838851735934019,0.2127074759115604,-0.7256859518577757,1.027645635181573,1.5163232739097454,2.297957150931176,-0.016801030203907608,-1.677259749234407,0.295525985995557,2.1456912436776596,0.8807437584656019,-0.7288681779373447,0.7018733344343746
Georges Niang,Away,CLE,PHI,97,104,0,e29b9493-5f35-46c3-bcf6-60e9f5958650,-0.2140296110688007,-1.4551711265276928,-0.1554132006216936,-0.5042954536897036,0.4539417377959047,-0.70659615235493,-1.4787713249678822,2.4428124633198496,1.2339827062314113,2.4143250463224364,0.028757876732571946,-0.3941213665204502,-0.5596435001767378
Sam Merrill,Away,CLE,PHI,97,104,0,e29b9493-5f35-46c3-bcf6-60e9f5958650,-0.8085115660109119,-0.8885460400082797,1.9923677781862714,-0.7613389535734374,-0.05237826520742617,-0.6590100777464784,-1.1904856936225754,-0.04323783030354625,1.8335166246121557,-1.2921643532538019,-0.18583348577135972,-0.3201053493575759,0.17702331201287044
Dean Wade,Away,CLE,PHI,97,104,0,e29b9493-5f35-46c3-bcf6-60e9f5958650,-1.9517503738886894,-2.0275983764680197,0.23870014128644057,0.08453455844563763,0.9197587127816611,1.6768743802099897,-1.0379479667299605,-2.367432236770503,2.1304532163847747,-1.2921643532538019,-0.7554962097918455,0.04226949877224167,0.7780599205528959
Craig Porter Jr.,Away,CLE,PHI,97,104,0,e29b9493-5f35-46c3-bcf6-60e9f5958650,-1.6793102675332585,-0.8270748270519969,0.10976603572471255,1.6787392461020747,-2.0174868182669856,-0.05983218730821767,-0.04491587037988554,-0.9177587100432587,-0.9965638181525219,-1.2921643532538019,-0.09296226008992811,-1.178730245767284,0.10890966701296961
Ty Jerome,Away,CLE,PHI,97,104,0,e29b9493-5f35-46c3-bcf6-60e9f5958650,-2.147500124982208,-2.0275983764680197,0.23870014128644057,0.08453455844563763,-2.5889650391617227,0.17476536399755174,0.7149011738075323,-2.9891366794415717,-0.17103693633369385,-1.2921643532538019,-1.4788266327286617,0.09074564632062354,0.10076665022568322
Damian Jones,Away,CLE,PHI,97,104,0,e29b9493-5f35-46c3-bcf6-60e9f5958650,-2.147500124982208,-2.0275983764680197,0.23870014128644057,0.08453455844563763,-2.5889650391617227,0.17476536399755174,0.7149011738075323,-2.9891366794415717,-0.17103693633369385,-1.2921643532538019,-3.0572406758914688,0.832265759610711,-0.16251704880014295
Jarrett Allen,Away,CLE,WAS,114,105,1,dd83a79f-df2a-481d-be5b-9adfbe5d86e7,1.8770076889367744,0.5159400911724284,-0.78940264024796,1.0792754305962269,3.617438143338245,0.003751789349949799,-0.8547782318429973,0.5739427957395151,-1.6199084718124954,-0.7344396721709416,1.7137310500729748,0.8810715821286771,0.662696198713755
Donovan Mitchell,Away,CLE,WAS,114,105,1,dd83a79f-df2a-481d-be5b-9adfbe5d86e7,1.5035346833048893,2.3329765565241227,-1.214160323160066,-0.7240182471827361,-0.4433900550320034,-0.4027859925221456,-0.9057389488611136,1.2317143042631258,0.9153590362692433,2.781887145190095,1.1614940149002924,-0.06560430906190774,0.4728350604623957
Darius Garland,Away,CLE,WAS,114,105,1,dd83a79f-df2a-481d-be5b-9adfbe5d86e7,2.5678053764410436,2.4304844159468217,-0.6966117252608282,0.8436066394254483,-1.221138959995863,-0.23610522112474222,-0.4643653346567597,0.6808789259928437,0.7097836153472652,0.9251514880314708,1.6424916713442996,0.8302829537835427,1.621196895750581
Evan Mobley,Away,CLE,WAS,114,105,1,dd83a79f-df2a-481d-be5b-9adfbe5d86e7,1.0247927097413554,0.2752788637237184,0.18195292202146335,-1.1152911146867437,3.698498292249097,6.917513958773804,1.3520196144881926,1.647486797125841,-2.0738507505076567,1.97605975533427,1.1197771401345473,0.3260548621477823,-0.9324691536877183
Max Strus,Away,CLE,WAS,114,105,1,dd83a79f-df2a-481d-be5b-9adfbe5d86e7,-1.4010474281312082,0.7310367515933393,-1.5909748751225998,0.6642403770530212,-0.6683282601421974,-0.3905241714061977,-0.8033889796141461,-1.3280054825107204,1.8386540044336872,2.8354648457639238,0.2277725422567442,-0.4386206924838608,0.6187244501507312
Caris LeVert,Away,CLE,WAS,114,105,1,dd83a79f-df2a-481d-be5b-9adfbe5d86e7,1.0017173798140107,0.9799289264841238,-0.3207668467883969,2.9042493442649495,3.6872585210399134,-1.6965081258168755,-1.1680278760624572,1.7342215855630707,-0.4736087888595051,2.9298685014042327,0.9962572312598555,0.608636114329408,-1.0220554867634102
Isaac Okoro,Away,CLE,WAS,114,105,1,dd83a79f-df2a-481d-be5b-9adfbe5d86e7,-0.3092247873829638,0.4952292426654649,2.7624181605822664,-0.22139272521486097,-1.5484710743559633,-0.1804437998811841,-0.259551085880777,0.4438251623719108,0.8125336741167001,1.1780883045128445,0.2938437724225751,0.14138442064257467,-0.20299864677166615
Georges Niang,Away,CLE,WAS,114,105,1,dd83a79f-df2a-481d-be5b-9adfbe5d86e7,0.1406291381672952,-1.1118192059491754,1.6030007149157748,-0.5701309022505617,0.21786045106556187,-0.6918338846517426,-1.3259553440399237,1.6497534449351408,0.8904691879822912,-1.2921643532538019,0.2164430173565383,0.29301691678584074,-0.0625406886869034
Dean Wade,Away,CLE,WAS,114,105,1,dd83a79f-df2a-481d-be5b-9adfbe5d86e7,-1.9517503738886894,-1.4273251192458924,0.17296682433684052,0.8580197618123498,-1.0848394438980924,-0.3812463659362983,-0.6016555345732721,-1.9756084787980037,2.022765716029328,-1.2921643532538019,-1.076412199923126,-1.0670790700290043,-0.11679882549269709
Sam Merrill,Away,CLE,WAS,114,105,1,dd83a79f-df2a-481d-be5b-9adfbe5d86e7,-1.4378881810821496,-1.22329915785979,0.15148478288739797,1.1369835274083648,0.17544325936792532,-0.8451284439117344,-1.3894956135758785,-0.48131386022762834,0.5325474748020607,-1.2921643532538019,-0.0904715284365579,-0.43071475511112667,1.1386224708487749
Damian Jones,Away,CLE,WAS,114,105,1,dd83a79f-df2a-481d-be5b-9adfbe5d86e7,-2.147500124982208,-2.0275983764680197,0.23870014128644057,0.08453455844563763,-2.5889650391617227,0.17476536399755174,0.7149011738075323,-2.9891366794415717,-0.17103693633369385,-1.2921643532538019,-3.0572406758914688,0.832265759610711,-0.16251704880014295
Craig Porter Jr.,Away,CLE,WAS,114,105,1,dd83a79f-df2a-481d-be5b-9adfbe5d86e7,-2.147500124982208,-2.0275983764680197,0.23870014128644057,0.08453455844563763,-2.5889650391617227,0.17476536399755174,0.7149011738075323,-2.9891366794415717,-0.17103693633369385,-1.2921643532538019,-3.0572406758914688,0.832265759610711,-0.16251704880014295
Donovan Mitchell,Home,CLE,DAL,121,119,1,9b9b7dd4-ef11-4d44-bfce-d62f7e99fc79,5.651452954465917,3.0186285221950095,-3.170923050286078,-0.16375155536856345,1.319279234006144,0.6338581099850917,-1.5482797604225393,1.938392336343149,0.7766498325184591,0.7821253545371557,1.7613368450471787,-1.0849465163046819,-1.3712536182374921
Jarrett Allen,Home,CLE,DAL,121,119,1,9b9b7dd4-ef11-4d44-bfce-d62f7e99fc79,0.4947034553622754,-1.5456414355358121,-0.3292632668585715,-0.3100375183069155,3.1050235817024365,-0.24161030677967033,1.5370195919526801,1.737076485812853,-2.0693668126123246,3.0146023349254927,0.7165189560293518,-0.6964115908767419,-1.2052507343145442
Darius Garland,Home,CLE,DAL,121,119,1,9b9b7dd4-ef11-4d44-bfce-d62f7e99fc79,0.16470890183792875,1.0476261625369516,-1.1878948366797748,1.4987014113855888,-1.356358729381864,-0.34744419962920287,0.5748998106122918,-0.5685514606671753,0.6740616691610483,1.8225481102296075,0.990347009765011,-0.2936177163121161,1.4834988871168944
Evan Mobley,Home,CLE,DAL,121,119,1,9b9b7dd4-ef11-4d44-bfce-d62f7e99fc79,0.36156308951430915,1.7660887191866024,0.22846324456223985,1.4541364167121813,2.7011054969435198,-1.624014403185065,0.50250939346383,0.26817081730507164,-0.7423960071458516,0.9871210080694074,0.8809796111786623,0.054469970342519027,-0.6311183412562036
Max Strus,Home,CLE,DAL,121,119,1,9b9b7dd4-ef11-4d44-bfce-d62f7e99fc79,3.852001683869458,0.6927510481241593,-1.261352455667753,0.6858097522538019,1.0110488423824449,2.574404558705537,-0.8305379063454045,2.902549314505526,1.3189486334464942,-1.2921643532538019,1.0343845336035251,0.3674899747556506,-1.9988700599599973
Caris LeVert,Home,CLE,DAL,121,119,1,9b9b7dd4-ef11-4d44-bfce-d62f7e99fc79,0.4933045733515468,1.2212702391914652,-1.407648696896288,1.166314043259004,-0.14547542159697263,-0.5305796838630478,-1.1577746824467927,0.8507821777452117,-0.15265354859805116,-1.2921643532538019,0.9630743261979924,0.5521057580115877,1.2454371330895226
Isaac Okoro,Home,CLE,DAL,121,119,1,9b9b7dd4-ef11-4d44-bfce-d62f7e99fc79,0.11865824482281238,1.1674794674950697,0.2324187340970953,0.6989109286226638,0.9085794360991866,-0.8187321048861541,-1.762823598290874,2.4549823080388116,0.9202455879224293,0.44693808283937403,0.575145920231261,1.2683399854643762,0.1789118969147721
Georges Niang,Home,CLE,DAL,121,119,1,9b9b7dd4-ef11-4d44-bfce-d62f7e99fc79,0.38370287201235226,-1.8367892931545775,0.10732902731706252,-0.11174211226614275,0.6913832852211683,-0.8095734999176897,-1.669946594775375,2.6484978199001787,0.48751939338240785,-1.2921643532538019,0.42818094038411125,1.1797440065959883,0.9290857610084055
Dean Wade,Home,CLE,DAL,121,119,1,9b9b7dd4-ef11-4d44-bfce-d62f7e99fc79,-2.147500124982208,-2.0275983764680197,0.23870014128644057,0.08453455844563763,0.11813068887247788,-1.0362297823791393,0.7871394523479662,-1.2549537506373616,-0.6476538360550225,-1.2921643532538019,-1.2651283777403677,-0.6883838373680302,-0.3987200316104539
Sharife Cooper,Home,CLE,DAL,121,119,1,9b9b7dd4-ef11-4d44-bfce-d62f7e99fc79,-2.147500124982208,-2.0275983764680197,0.23870014128644057,0.08453455844563763,-2.5889650391617227,0.17476536399755174,0.7149011738075323,-2.9891366794415717,-0.17103693633369385,-1.2921643532538019,-3.0572406758914688,0.832265759610711,-0.16251704880014295
Damian Jones,Home,CLE,DAL,121,119,1,9b9b7dd4-ef11-4d44-bfce-d62f7e99fc79,-2.147500124982208,-2.0275983764680197,0.23870014128644057,0.08453455844563763,-2.5889650391617227,0.17476536399755174,0.7149011738075323,-2.9891366794415717,-0.17103693633369385,-1.2921643532538019,-3.0572406758914688,0.832265759610711,-0.16251704880014295
Sam Merrill,Home,CLE,DAL,121,119,1,9b9b7dd4-ef11-4d44-bfce-d62f7e99fc79,-2.147500124982208,-2.0275983764680197,0.23870014128644057,0.08453455844563763,-2.5889650391617227,0.17476536399755174,0.7149011738075323,-2.9891366794415717,-0.17103693633369385,-1.2921643532538019,-3.0572406758914688,0.832265759610711,-0.16251704880014295
Donovan Mitchell,Away,CLE,CHI,123,132,0,e2e6ebd1-756d-49b7-be23-1a0769cfcf37,2.646773491182667,1.8073543128044725,-2.7517142807162713,-1.3956015079039163,-0.16467010975440063,-0.43668437452689257,-1.0942140336222979,0.9139840738051133,1.1216661843984153,2.926765362302776,1.4182268773017097,-1.172856556861361,0.11895682563355922
Darius Garland,Away,CLE,CHI,123,132,0,e2e6ebd1-756d-49b7-be23-1a0769cfcf37,5.328306669296374,1.1851651988185483,-0.025374094822343762,0.32263458465061545,-1.2619813976127878,-0.2163490675309569,-0.4843118222821989,0.868906387037081,1.133437811452354,-1.2921643532538019,1.7630851111390322,-0.14373353145016843,0.15574762462352545
Evan Mobley,Away,CLE,CHI,123,132,0,e2e6ebd1-756d-49b7-be23-1a0769cfcf37,2.703864603770156,0.12232057372958116,-0.0592579295181849,-0.9344204163355033,4.95331026643334,3.7358642830800357,-0.5671925204596656,1.2125447627859551,-0.7033898362911096,1.290554493180501,1.6352682067665738,-0.14825222725718268,-0.7242867818545842
Max Strus,Away,CLE,CHI,123,132,0,e2e6ebd1-756d-49b7-be23-1a0769cfcf37,1.9461559071935928,1.8139287347876183,-0.2099613568970264,0.3911238415584533,0.2941893377288564,-0.7874988618293711,0.5096046021681474,0.3206179912279037,1.226175731794367,-1.2921643532538019,0.7274271579932553,-1.5354189777382885,-1.2289235653092616
Jarrett Allen,Away,CLE,CHI,123,132,0,e2e6ebd1-756d-49b7-be23-1a0769cfcf37,0.021400853182128445,0.47341009844420906,0.6792526119544002,0.5332644193193307,0.7379581550619843,2.144367162312253,0.1955363290542665,-0.3638139155038375,-1.213638830286001,0.1522666916385736,0.7069431583102046,-1.1085497081110645,-0.9624444062563897
Caris LeVert,Away,CLE,CHI,123,132,0,e2e6ebd1-756d-49b7-be23-1a0769cfcf37,1.8051256180175035,5.289737964095738,0.0049875901939865925,2.9244709575290284,1.5637506885463142,1.9958080455174303,-1.222840922527391,1.0824636088596205,0.7511260113198255,0.1522666916385736,1.1656238960990317,0.006871717066325734,-1.662216643562018
Isaac Okoro,Away,CLE,CHI,123,132,0,e2e6ebd1-756d-49b7-be23-1a0769cfcf37,1.2104808855710567,-0.26648093134001394,1.175335865635498,0.3013357653131213,-1.4434698683092222,1.507948403229548,0.09983768317634448,2.5960251727289134,0.6453529603602282,-1.2921643532538019,0.45057067588606425,0.24727223914306834,-1.2265427876242534
Dean Wade,Away,CLE,CHI,123,132,0,e2e6ebd1-756d-49b7-be23-1a0769cfcf37,-1.0938754391509866,-1.3636626495498765,0.054983069531607705,0.4878961067436326,0.6530280671804877,3.7971006643776892,-0.3065915995112021,2.714095460248718,1.415242535530443,2.021632587478226,-0.030459497683750014,1.3865880086977218,0.18881005554288924
Georges Niang,Away,CLE,CHI,123,132,0,e2e6ebd1-756d-49b7-be23-1a0769cfcf37,-1.1670997221206667,-1.353461592577155,-0.6633201444876183,-0.5884937190627645,-1.2812598147698915,-0.29441752594784676,-0.5060809033505507,-1.4797718155247417,0.7436529888038929,-1.2921643532538019,-0.14116704967220173,-2.527004362392079,1.2086025497744521
Sharife Cooper,Away,CLE,CHI,123,132,0,e2e6ebd1-756d-49b7-be23-1a0769cfcf37,-2.147500124982208,-2.0275983764680197,0.23870014128644057,0.08453455844563763,-2.5889650391617227,0.17476536399755174,0.7149011738075323,-2.9891366794415717,-0.17103693633369385,-1.2921643532538019,-3.0572406758914688,0.832265759610711,-0.16251704880014295
Damian Jones,Away,CLE,CHI,123,132,0,e2e6ebd1-756d-49b7-be23-1a0769cfcf37,-2.147500124982208,-2.0275983764680197,0.23870014128644057,0.08453455844563763,-2.5889650391617227,0.17476536399755174,0.7149011738075323,-2.9891366794415717,-0.17103693633369385,-1.2921643532538019,-3.0572406758914688,0.832265759610711,-0.16251704880014295
Sam Merrill,Away,CLE,CHI,123,132,0,e2e6ebd1-756d-49b7-be23-1a0769cfcf37,-2.147500124982208,-2.0275983764680197,0.23870014128644057,0.08453455844563763,-2.5889650391617227,0.17476536399755174,0.7149011738075323,-2.9891366794415717,-0.17103693633369385,-1.2921643532538019,-3.0572406758914688,0.832265759610711,-0.16251704880014295
Darius Garland,Away,CLE,DET,110,100,1,368b9765-12e0-4627-aac0-3c33193f780b,5.727038873144968,2.789005582330732,-1.5376615079311686,-0.6835031154718103,0.06886704350278704,-0.6168233234887479,-0.2435465087863597,1.544813696139414,1.0955459978762352,1.4019971951606405,1.9500663828265914,0.16416083120885955,-0.06554599635142368
Evan Mobley,Away,CLE,DET,110,100,1,368b9765-12e0-4627-aac0-3c33193f780b,1.074772773630131,2.7366141115051943,0.9931988872872191,1.2583581606355676,6.323897060461911,0.7426738138072722,0.005260005553441609,0.6508633584574574,-1.3965867312144742,4.932126329201538,1.8059802923064083,2.0574806887870705,0.1078341151959245
Max Strus,Away,CLE,DET,110,100,1,368b9765-12e0-4627-aac0-3c33193f780b,1.333300799122762,0.7440833828486579,-1.3530748382319975,0.34187897536978906,-0.1007332511037735,-0.7077114899613636,0.803672456786964,0.6632549698274846,0.7291075022165441,2.1456912436776596,0.9885496771160884,-0.26883751090526176,0.17144068660469713
Jarrett Allen,Away,CLE,DET,110,100,1,368b9765-12e0-4627-aac0-3c33193f780b,-1.0076807343970327,0.41007657831432376,-0.15978497215881196,-0.6256700379532506,5.074518095682004,-0.5294399394351527,0.2606553569777441,-1.1728077872468823,-0.7858092482928098,4.592059726041393,0.7340036483344402,-0.6448518451359697,-0.2093426874991964
Isaac Okoro,Away,CLE,DET,110,100,1,368b9765-12e0-4627-aac0-3c33193f780b,0.8356656678887618,1.7149693650204214,-0.25149027634547005,0.3284529094377578,-1.4893105085143594,1.6252384259540316,0.20651672464054072,1.105572126416218,0.5942379085880595,1.037708371365682,0.9513955553576782,0.8468692088386717,0.5843458857512374
Sam Merrill,Away,CLE,DET,110,100,1,368b9765-12e0-4627-aac0-3c33193f780b,1.8382058532483465,-1.109446836794132,-0.45260999301574284,0.10994823803424893,-0.49764417912355075,-0.5587548002689707,0.19307655906993312,1.7246601409574196,1.6128544875541098,-1.2921643532538019,0.4546247201638798,-0.42846004710245195,-0.6232511042539794
Georges Niang,Away,CLE,DET,110,100,1,368b9765-12e0-4627-aac0-3c33193f780b,-1.0170223063847386,0.6663841217124216,0.6634015394962334,0.45932265093843555,-0.04537340443541435,-0.5778023626466715,-1.1440096681847731,-1.6913902167386,0.422900665496976,-1.2921643532538019,0.4271632831196363,0.14894703997362826,1.839390394138968
Dean Wade,Away,CLE,DET,110,100,1,368b9765-12e0-4627-aac0-3c33193f780b,-0.25252201141369024,-0.3657577316139363,1.0475649464789936,-1.340529273457462,0.2497383427917078,3.5247698027878682,-0.11334311729096817,2.2737005806454014,1.5385742458090819,-1.2921643532538019,-0.1258742689195147,0.23464566459269715,-0.4366864873320793
Craig Porter Jr.,Away,CLE,DET,110,100,1,368b9765-12e0-4627-aac0-3c33193f780b,-1.64821334635426,-0.5823029141227618,-1.402878666671244,-1.4652727569797224,0.01714376257491887,-0.690997806241301,-1.2331365176373228,0.3085158512741994,-1.4658651680624466,2.021632587478226,-0.30722935901489773,-0.6984842852855261,1.1907644460089393
Damian Jones,Away,CLE,DET,110,100,1,368b9765-12e0-4627-aac0-3c33193f780b,-2.147500124982208,-2.0275983764680197,0.23870014128644057,0.08453455844563763,-2.5889650391617227,0.17476536399755174,0.7149011738075323,-2.9891366794415717,-0.17103693633369385,-1.2921643532538019,-3.0572406758914688,0.832265759610711,-0.16251704880014295
Caris LeVert,Away,CLE,DET,110,100,1,368b9765-12e0-4627-aac0-3c33193f780b,-2.147500124982208,-2.0275983764680197,0.23870014128644057,0.08453455844563763,-2.5889650391617227,0.17476536399755174,0.7149011738075323,-2.9891366794415717,-0.17103693633369385,-1.2921643532538019,-1.4788266327286617,0.09074564632062354,0.10076665022568322
Donovan Mitchell,Away,CLE,DET,110,100,1,368b9765-12e0-4627-aac0-3c33193f780b,-2.147500124982208,-2.0275983764680197,0.23870014128644057,0.08453455844563763,-2.5889650391617227,0.17476536399755174,0.7149011738075323,-2.9891366794415717,-0.17103693633369385,-1.2921643532538019,-1.4788266327286617,0.09074564632062354,0.10076665022568322
Darius Garland,Home,CLE,NYK,98,107,0,a3a7969e-0aef-4c3e-8eab-5868501ae7cb,3.1348253716499483,1.8517573817096709,0.8217330002993097,0.04686928735050901,-0.22712383961391905,-0.5648602473040066,-0.19412720931296845,1.8289362841437102,0.8732353776633055,-1.2921643532538019,1.2112305506368612,-0.35394129672111957,-0.8320619788200222
Jarrett Allen,Home,CLE,NYK,98,107,0,a3a7969e-0aef-4c3e-8eab-5868501ae7cb,0.8787285771087452,1.1834567752375877,0.36183319156469573,1.3687693034401638,1.6303515565153341,0.5994650170810445,-0.7702252358987162,0.7126081729009809,-1.6615440526062784,1.003458387530892,1.1992390706999025,-0.08935198915087285,-0.9488518152245625
Isaac Okoro,Home,CLE,NYK,98,107,0,a3a7969e-0aef-4c3e-8eab-5868501ae7cb,2.4339550222776554,1.2935504666020272,1.445271906376753,0.09022916704536377,0.9618174853433541,0.6641502829249212,0.58964658202714,1.51305808482408,0.5030462813665232,-0.9861113049406242,1.113958897698248,0.04138861110234373,-0.916890886375714
Max Strus,Home,CLE,NYK,98,107,0,a3a7969e-0aef-4c3e-8eab-5868501ae7cb,0.36409361437723964,0.8402751268132526,-0.15902786667575844,-0.3727985844206383,-1.5196010088818295,-0.18900542960992742,-0.368902456377,-0.3186595816991751,1.2872980613812661,-1.2921643532538019,0.4042777146298901,-1.705242071383913,0.017625156585843935
Evan Mobley,Home,CLE,NYK,98,107,0,a3a7969e-0aef-4c3e-8eab-5868501ae7cb,0.31014692238477576,1.557141013892331,-1.4580071284971055,1.3344365633751465,5.277276798052363,-0.5674683042050636,0.30643119928423895,0.3481750118237113,-1.2823030610362542,0.30783615234715284,0.9781447714563215,-0.4375970375727084,-0.7410343792476586
Sam Merrill,Home,CLE,NYK,98,107,0,a3a7969e-0aef-4c3e-8eab-5868501ae7cb,4.289173521414086,-0.7484265765976283,-0.23488706753456198,0.3675017812388731,-0.41752877998967125,-0.5816978395523149,0.0007358357835548906,2.6180033057772607,1.4958618382892237,-1.2921643532538019,1.0668084463212124,0.5067297637699164,-0.819089072761923
Dean Wade,Home,CLE,NYK,98,107,0,a3a7969e-0aef-4c3e-8eab-5868501ae7cb,-1.3645011206081337,-0.5746496015375938,-0.8680653405113795,0.17888244058236896,1.015558081036258,3.4072065403361944,-0.6457403889025601,-2.1642643622662443,2.074615253237506,-1.2921643532538019,-0.2412483114697828,-1.2966168539425451,0.4363608301022138
Georges Niang,Home,CLE,NYK,98,107,0,a3a7969e-0aef-4c3e-8eab-5868501ae7cb,-1.2144237048722053,-0.815860999879855,-0.7481474467196457,-0.21026339867312702,-0.5220502560897022,-0.662935162398308,0.38534786179244007,-2.414827914783766,1.3201843101995279,-1.2921643532538019,-0.2078571322612231,-2.752315455892019,1.573535388894622
Craig Porter Jr.,Home,CLE,NYK,98,107,0,a3a7969e-0aef-4c3e-8eab-5868501ae7cb,-1.3611978258202373,1.0849386433952637,2.5417499057554402,0.9258722549934292,-1.0694297032047717,-0.38518995374327664,-0.634969578082277,0.14195863706427,-1.416315871349242,-1.2921643532538019,0.1538908988779954,0.128805362933763,-0.7136207874238781
Sharife Cooper,Home,CLE,NYK,98,107,0,a3a7969e-0aef-4c3e-8eab-5868501ae7cb,-2.147500124982208,-2.0275983764680197,0.23870014128644057,0.08453455844563763,-2.5889650391617227,0.17476536399755174,0.7149011738075323,-2.9891366794415717,-0.17103693633369385,-1.2921643532538019,-3.0572406758914688,0.832265759610711,-0.16251704880014295
Ty Jerome,Home,CLE,NYK,98,107,0,a3a7969e-0aef-4c3e-8eab-5868501ae7cb,-2.147500124982208,-2.0275983764680197,0.23870014128644057,0.08453455844563763,-2.5889650391617227,0.17476536399755174,0.7149011738075323,-2.9891366794415717,-0.17103693633369385,-1.2921643532538019,-1.4788266327286617,0.09074564632062354,0.10076665022568322
Damian Jones,Home,CLE,NYK,98,107,0,a3a7969e-0aef-4c3e-8eab-5868501ae7cb,-2.147500124982208,-2.0275983764680197,0.23870014128644057,0.08453455844563763,-2.5889650391617227,0.17476536399755174,0.7149011738075323,-2.9891366794415717,-0.17103693633369385,-1.2921643532538019,-3.0572406758914688,0.832265759610711,-0.16251704880014295
Darius Garland,Home,CLE,BOS,105,104,1,83be69af-611c-4684-8956-f844ca0c8073,2.7692200580318285,4.178726032194593,0.21120613965886745,1.91393038288387,-1.6316469746708486,-0.14201843779434556,-0.2577081131493244,-0.004955212689757571,0.5730783927032136,0.06753285811731341,1.6706241807307554,-0.645395762424033,0.07549530735918203
Jarrett Allen,Home,CLE,BOS,105,104,1,83be69af-611c-4684-8956-f844ca0c8073,1.399986249081176,-1.382948684351117,0.1657642869886199,0.8714297777580359,3.9143637705606014,-0.29423889755442,0.771348090060788,0.5909998553010384,-1.5890423351389957,1.4589079788689494,1.2720865112496154,-0.16678764602473473,-0.769874017211328
Isaac Okoro,Home,CLE,BOS,105,104,1,83be69af-611c-4684-8956-f844ca0c8073,2.21678158865074,-0.8106973795818526,1.0763685909543583,-0.20454612987264834,0.6608300894734577,2.5036984593563067,-0.6430683757030162,1.5549951950382934,1.0990300749100095,1.0742806961456766,0.9241235674022221,0.041661323791292074,-0.8796057534169357
Sam Merrill,Home,CLE,BOS,105,104,1,83be69af-611c-4684-8956-f844ca0c8073,0.21401619864131136,-0.8083070106188368,1.1078765731838767,-0.23946920713576922,-0.350716232324162,-0.44182052497143015,-0.9911767821163342,0.33476853359197706,1.5267843706723698,-1.2921643532538019,0.2781272779984917,-0.6609482445083403,0.037206203113211905
Evan Mobley,Home,CLE,BOS,105,104,1,83be69af-611c-4684-8956-f844ca0c8073,-0.9403319511228263,2.450995372637472,0.9223405049586556,-0.6542222759594872,0.9718543031906497,-0.945356478466296,-0.6117768338398312,-1.2733160106746746,-0.5259322644471124,-1.2921643532538019,0.3945607675942958,-1.106897043661431,-0.14542731840483628
Caris LeVert,Home,CLE,BOS,105,104,1,83be69af-611c-4684-8956-f844ca0c8073,0.8045687467097634,2.9324904179030575,1.8918480578069463,-0.48780072716571515,-0.3744507417148601,-0.432743578897498,-0.9474631718319626,0.6463418551473099,0.6173840588104205,-1.2921643532538019,0.8773057706732544,0.09789205854245489,-0.14310132654471466
Georges Niang,Home,CLE,BOS,105,104,1,83be69af-611c-4684-8956-f844ca0c8073,0.3034675431835313,-0.38072825948667405,-1.2197954105236553,-0.8802112905761901,-1.5534682442724141,-0.17547746371408418,-0.32797675521277114,4.1407672694777755,1.3672730711178172,-1.2921643532538019,0.26100948646767663,0.3984327305429717,0.3887747641710605
Dean Wade,Home,CLE,BOS,105,104,1,83be69af-611c-4684-8956-f844ca0c8073,3.6394776603923136,0.17756088168237794,2.703116805306422,-0.4938992905833779,2.2623042121815504,-1.4440373666269757,-0.1444995730685821,3.6826966436800124,0.8868640460688955,0.1712369528746766,1.5900303564217704,3.163394313170216,-1.2591563186766548
Craig Porter Jr.,Home,CLE,BOS,105,104,1,83be69af-611c-4684-8956-f844ca0c8073,-1.8016729581527613,-0.4603965111270013,0.06862809956505378,2.1328311526269728,0.592317086583359,-1.3038591376277266,1.0221826852047684,-2.317725386879514,0.46772965447065645,-1.2921643532538019,-0.2008385196580143,-1.351802006188337,0.8121619441879474
Emoni Bates,Home,CLE,BOS,105,104,1,83be69af-611c-4684-8956-f844ca0c8073,-2.147500124982208,-2.0275983764680197,0.23870014128644057,0.08453455844563763,-2.5889650391617227,0.17476536399755174,0.7149011738075323,-2.9891366794415717,-0.17103693633369385,-1.2921643532538019,-3.0572406758914688,0.832265759610711,-0.16251704880014295
Sharife Cooper,Home,CLE,BOS,105,104,1,83be69af-611c-4684-8956-f844ca0c8073,-2.147500124982208,-2.0275983764680197,0.23870014128644057,0.08453455844563763,-2.5889650391617227,0.17476536399755174,0.7149011738075323,-2.9891366794415717,-0.17103693633369385,-1.2921643532538019,-3.0572406758914688,0.832265759610711,-0.16251704880014295
Damian Jones,Home,CLE,BOS,105,104,1,83be69af-611c-4684-8956-f844ca0c8073,-2.147500124982208,-2.0275983764680197,0.23870014128644057,0.08453455844563763,-2.5889650391617227,0.17476536399755174,0.7149011738075323,-2.9891366794415717,-0.17103693633369385,-1.2921643532538019,-3.0572406758914688,0.832265759610711,-0.16251704880014295
Pete Nance,Home,CLE,BOS,105,104,1,83be69af-611c-4684-8956-f844ca0c8073,-2.147500124982208,-2.0275983764680197,0.23870014128644057,0.08453455844563763,-2.5889650391617227,0.17476536399755174,0.7149011738075323,-2.9891366794415717,-0.17103693633369385,-1.2921643532538019,-3.0572406758914688,0.832265759610711,-0.16251704880014295
Jarrett Allen,Away,CLE,ATL,101,112,0,76bb4683-5e31-4b2a-a97e-ea39450db747,0.5917130565747224,0.20367751441483756,-1.3700359382404697,0.15271553573787536,7.299553555592495,-1.3426833862118808,0.6833609247992605,0.8673376907752863,-1.7212203844245408,2.2453068440015422,1.2002052326617094,0.09018766018186661,-0.5823385309265638
Isaac Okoro,Away,CLE,ATL,101,112,0,76bb4683-5e31-4b2a-a97e-ea39450db747,1.5521258801436253,0.5019321702712474,0.09560514931716109,-0.7701216692331115,-0.6627393668828989,1.1417755464259611,-0.39310557981045685,0.9527734960391093,-0.2871314479636642,0.951709853762015,0.8453349114220868,-0.9011967877367865,-1.0489714721187078
Darius Garland,Away,CLE,ATL,101,112,0,76bb4683-5e31-4b2a-a97e-ea39450db747,2.4911150211791315,1.787997251654226,-1.5069709346398459,1.2994069869416411,-1.5435450068854781,-0.1791429232153851,-0.346428271100198,0.5615993018893454,1.1058252313076646,0.8630651358111954,0.9319091848266974,-1.2635819922549192,-0.6311002129320765
Dean Wade,Away,CLE,ATL,101,112,0,76bb4683-5e31-4b2a-a97e-ea39450db747,0.3253484486491307,-1.8367892931545775,0.10732902731706252,-0.11174211226614275,-0.1827967126812435,-0.5128101440393672,-1.13970122790908,0.36918627767821116,0.8285767757948025,1.0666792730787011,0.47470692571197715,-0.49473798594341695,0.35782507471902864
Georges Niang,Away,CLE,ATL,101,112,0,76bb4683-5e31-4b2a-a97e-ea39450db747,1.089769842345502,3.5286429708614953,1.6024011372811187,-1.467224043244091,-0.5996664654409564,-0.41891852147058606,-0.8580562450174306,2.57272467849198,0.6665853539857226,-1.2921643532538019,0.4631142830124307,-0.30938677346689863,-2.0291774604413177
Caris LeVert,Away,CLE,ATL,101,112,0,76bb4683-5e31-4b2a-a97e-ea39450db747,1.9881143798307144,1.858746601289727,-1.894059304398297,1.2140735651125465,0.34280400888117957,0.7993786896834363,-0.031369364519701286,-0.299438239988999,0.5649291260800128,0.09029717160063702,1.353328472321633,-0.9736556222440064,0.18703564804921372
Sam Merrill,Away,CLE,ATL,101,112,0,76bb4683-5e31-4b2a-a97e-ea39450db747,-0.3326845506170587,-1.088648171349072,0.023496485327495608,0.8166564664065529,-0.23113968222819256,-0.5774647449091765,-1.1455000386399514,-2.094300684833748,2.0543558305164624,0.4331295719134186,0.11397684225438127,-2.208378307052224,1.275823020649331
Craig Porter Jr.,Away,CLE,ATL,101,112,0,76bb4683-5e31-4b2a-a97e-ea39450db747,0.0850307987808833,0.8391460006168544,0.9695758027833773,0.5541284451419517,1.007160866656483,-1.3095962529196197,1.0978018533253524,1.5241190291573106,-1.6798981493592025,0.45083514906711475,0.9042788380789857,0.9771298673689898,-1.2457812398398063
Damian Jones,Away,CLE,ATL,101,112,0,76bb4683-5e31-4b2a-a97e-ea39450db747,-1.8293876832691869,-1.8367892931545775,0.10732902731706252,-0.11174211226614275,0.7090731915658056,1.7797430788760538,0.9337444545247672,3.0408620969938154,-2.5977799913393405,-1.2921643532538019,-0.9711867126551914,-0.6797479259419373,-0.6062762934786265
Emoni Bates,Away,CLE,ATL,101,112,0,76bb4683-5e31-4b2a-a97e-ea39450db747,-2.147500124982208,-2.0275983764680197,0.23870014128644057,0.08453455844563763,-2.5889650391617227,0.17476536399755174,0.7149011738075323,-2.9891366794415717,-0.17103693633369385,-1.2921643532538019,-3.0572406758914688,0.832265759610711,-0.16251704880014295
Sharife Cooper,Away,CLE,ATL,101,112,0,76bb4683-5e31-4b2a-a97e-ea39450db747,-2.147500124982208,-2.0275983764680197,0.23870014128644057,0.08453455844563763,-2.5889650391617227,0.17476536399755174,0.7149011738075323,-2.9891366794415717,-0.17103693633369385,-1.2921643532538019,-3.0572406758914688,0.832265759610711,-0.16251704880014295
Pete Nance,Away,CLE,ATL,101,112,0,76bb4683-5e31-4b2a-a97e-ea39450db747,-2.147500124982208,-2.0275983764680197,0.23870014128644057,0.08453455844563763,-2.5889650391617227,0.17476536399755174,0.7149011738075323,-2.9891366794415717,-0.17103693633369385,-1.2921643532538019,-3.0572406758914688,0.832265759610711,-0.16251704880014295
Jarrett Allen,Home,CLE,MIN,113,104,1,d278211e-11c7-4300-a9ae-a909d7ce8d15,2.2619161469668443,0.6727746006964191,1.3203829156870106,-0.11411590402586039,6.463292184508821,0.3453207486535296,0.36396205647109264,0.2427343025287503,-1.4261457504706982,9.120519395949877,2.5588617691536135,1.748846681517888,0.49017455956906436
Darius Garland,Home,CLE,MIN,113,104,1,d278211e-11c7-4300-a9ae-a909d7ce8d15,5.114813780471365,3.7942152728858214,-2.9736874060118796,0.922934011715134,-0.19002306973065813,-0.6523331921007128,0.7282543245498936,0.7157276719483551,-0.19293113270354728,3.0023540994498195,2.674484031247563,0.757557222040426,1.07113272928931
Isaac Okoro,Home,CLE,MIN,113,104,1,d278211e-11c7-4300-a9ae-a909d7ce8d15,-0.5033228910825345,-0.06743786300807812,0.5346994218136347,-0.45429797327914356,1.357187899181002,1.8797697844173042,-0.2075690922552747,2.5496502208668557,0.49394185435332727,1.3512331916202465,0.9900734396385317,1.0356513187269858,0.4744193420060811
Georges Niang,Home,CLE,MIN,113,104,1,d278211e-11c7-4300-a9ae-a909d7ce8d15,2.157969942355316,0.8268136032059318,0.16155178382082014,0.3844791810581475,1.4116169881028937,2.101406486553027,-1.1100386489143288,2.4985368751060713,0.8136587187232787,-1.2921643532538019,1.4253380994916809,2.4401458932641433,0.7799339778729567
Dean Wade,Home,CLE,MIN,113,104,1,d278211e-11c7-4300-a9ae-a909d7ce8d15,-1.756000622795171,-1.0515977835729824,-0.09168526407128816,0.41014623321661636,0.33925445748870486,0.793342507769192,0.0762245176629354,-1.8087205818837915,1.9768988177297862,-1.2921643532538019,-0.35271860625870827,-1.7753546099683255,-1.6616591628246375
Caris LeVert,Home,CLE,MIN,113,104,1,d278211e-11c7-4300-a9ae-a909d7ce8d15,1.7027505066906399,3.648137971995408,1.7794974599890048,1.0419015454624105,0.5203934578928676,0.8580273164385042,-1.0022342163712075,0.1440673929540019,0.41585687330142074,1.6113458684676605,1.7586067891024457,1.3327327842984096,0.6307090004397957
Sam Merrill,Home,CLE,MIN,113,104,1,d278211e-11c7-4300-a9ae-a909d7ce8d15,0.6055157008283486,-1.4551711265276928,-0.1554132006216936,-0.5042954536897036,-1.2923802661914534,-0.4094622480377978,0.8674097574998131,-0.23624221015311594,1.6343002168153011,-1.2921643532538019,0.22130277019319025,-1.5148890912452642,0.37590723037130275
Damian Jones,Home,CLE,MIN,113,104,1,d278211e-11c7-4300-a9ae-a909d7ce8d15,-1.99742270924628,-0.8001314418644271,-1.4248440048936075,-1.3100400412003508,0.3126988187674557,-0.9011394680501572,-1.4905337618073136,-2.9891366794415717,-0.17103693633369385,-1.2921643532538019,-0.6889292651550051,-3.027994417332111,1.1273802283116943
Craig Porter Jr.,Home,CLE,MIN,113,104,1,d278211e-11c7-4300-a9ae-a909d7ce8d15,-2.147500124982208,0.6565044132881243,-3.956843293286497,-3.420611471929342,-2.0659171759699295,-0.0399510388924745,0.01947540455125156,-2.9891366794415717,-0.17103693633369385,-1.2921643532538019,-1.1918051722610923,-2.9638026603483514,1.5780639129951022
Emoni Bates,Home,CLE,MIN,113,104,1,d278211e-11c7-4300-a9ae-a909d7ce8d15,-2.147500124982208,-2.0275983764680197,0.23870014128644057,0.08453455844563763,-2.5889650391617227,0.17476536399755174,0.7149011738075323,-2.9891366794415717,-0.17103693633369385,-1.2921643532538019,-3.0572406758914688,0.832265759610711,-0.16251704880014295
Ty Jerome,Home,CLE,MIN,113,104,1,d278211e-11c7-4300-a9ae-a909d7ce8d15,-2.147500124982208,-2.0275983764680197,0.23870014128644057,0.08453455844563763,-2.5889650391617227,0.17476536399755174,0.7149011738075323,-2.9891366794415717,-0.17103693633369385,-1.2921643532538019,-1.4788266327286617,0.09074564632062354,0.10076665022568322
Isaiah Mobley,Home,CLE,MIN,113,104,1,d278211e-11c7-4300-a9ae-a909d7ce8d15,-2.147500124982208,-2.0275983764680197,0.23870014128644057,0.08453455844563763,-2.5889650391617227,0.17476536399755174,0.7149011738075323,-2.9891366794415717,-0.17103693633369385,-1.2921643532538019,-3.0572406758914688,0.832265759610711,-0.16251704880014295
Isaac Okoro,Home,CLE,BRK,101,120,0,1c0c1606-f4d1-45c1-9c4d-8a7f0823f569,0.316059643310279,0.20092350867414968,0.12241873584386201,-1.160844512367746,0.586991821181652,1.0449936678609948,-1.1227114944552439,2.5568279332895796,0.4610701202816029,0.36220424931811385,0.33740446866331925,-0.8048586207364199,-0.8922583379046377
Jarrett Allen,Home,CLE,BRK,101,120,0,1c0c1606-f4d1-45c1-9c4d-8a7f0823f569,0.295571508206184,-0.11848806412019994,-0.6882840229067156,0.622069166151634,4.06498621089402,1.7546576755975136,-0.3530780391366257,0.4225543783285172,-1.5288967378723282,1.6099859699116679,1.0066264781108478,-0.3324461957010019,-0.3182777623046314
Caris LeVert,Home,CLE,BRK,101,120,0,1c0c1606-f4d1-45c1-9c4d-8a7f0823f569,-0.48300364513199967,4.057737594735211,1.2825739762740678,-0.14964801720230692,-0.47595639580145965,-0.47114359450015864,-0.9896823237736596,0.18765842574351937,0.6506836927202113,0.36220424931811385,0.6110618995324564,-0.41456223023878175,-0.2735791547421799
Darius Garland,Home,CLE,BRK,101,120,0,1c0c1606-f4d1-45c1-9c4d-8a7f0823f569,1.3223603463899622,2.8770455428906687,-1.3862426652047906,-0.36692597430129165,-1.4145452470163893,-0.2338309012252945,-0.46882731324317056,1.4289047119955773,0.9929541685669975,1.6422871708179456,0.7613503978258074,-1.651744850148734,-0.9103946502616793
Georges Niang,Home,CLE,BRK,101,120,0,1c0c1606-f4d1-45c1-9c4d-8a7f0823f569,2.292924733101566,-0.7647786784359976,-0.12188465567412751,0.8023126863008692,-0.09911090173101719,-0.7435608437109266,-0.033690646440376455,2.5623503712341034,0.11061951101664474,0.3977184176060263,0.9799724621898079,0.08076521423634651,-1.0839406117438468
Craig Porter Jr.,Home,CLE,BRK,101,120,0,1c0c1606-f4d1-45c1-9c4d-8a7f0823f569,1.3148859659493943,0.6501541608068723,-1.184814476632101,1.0170834291034583,-0.8244876238494835,-0.40375654684244183,-0.8402925247843376,1.4151687620156514,0.7816169660289671,-1.2921643532538019,0.7265118957283131,-1.346453413303183,-0.7923683160325806
Sam Merrill,Home,CLE,BRK,101,120,0,1c0c1606-f4d1-45c1-9c4d-8a7f0823f569,-0.11512668368339304,0.2983329355338456,0.8773031400861684,-0.41247824423448204,-1.2762756653515506,1.8578194154009215,0.07189882928892864,-0.5921815428359328,1.8360991684533912,1.1186481526397216,-0.002168043157846157,-1.9935181662562038,-0.430465202201003
Isaiah Mobley,Home,CLE,BRK,101,120,0,1c0c1606-f4d1-45c1-9c4d-8a7f0823f569,-1.6793102675332585,-1.4553264872740674,0.06463442148715438,0.36256455988165487,0.5445431049702985,-0.8270226917358571,-1.674897874259124,-0.8814787324532124,-1.0065348830002485,-1.2921643532538019,-0.4864827827565978,-1.1979304663405175,0.15073473697718462
Damian Jones,Home,CLE,BRK,101,120,0,1c0c1606-f4d1-45c1-9c4d-8a7f0823f569,-1.0119884629282176,-0.005230952116888538,2.8359301745757306,-1.4210730336585413,0.305226130365489,-1.074764872458373,1.3683810939841397,1.3937238409063983,-1.9516272483849062,1.878619772556445,-0.11714094694780651,-1.13428866614453,-1.3030972956730924
Emoni Bates,Home,CLE,BRK,101,120,0,1c0c1606-f4d1-45c1-9c4d-8a7f0823f569,-0.09724797471690523,-1.4713901325745127,-0.4583306968516124,-0.41762286859894815,-1.0610559178086794,-0.3866454825076802,-0.721659011296384,0.2524684943789803,0.5573683293338536,-0.5131199577497396,0.6721703877365478,-1.9784719972668388,1.034958378197087
Pete Nance,Home,CLE,BRK,101,120,0,1c0c1606-f4d1-45c1-9c4d-8a7f0823f569,-2.147500124982208,-2.0275983764680197,0.23870014128644057,0.08453455844563763,0.5156640231163259,-1.071990242050442,-1.7663953085601605,-2.9891366794415717,-0.17103693633369385,-1.2921643532538019,-1.4760686206665827,-0.5611596151264825,0.4305647939406949
Ty Jerome,Home,CLE,BRK,101,120,0,1c0c1606-f4d1-45c1-9c4d-8a7f0823f569,-2.147500124982208,-2.0275983764680197,0.23870014128644057,0.08453455844563763,-2.5889650391617227,0.17476536399755174,0.7149011738075323,-2.9891366794415717,-0.17103693633369385,-1.2921643532538019,-1.4788266327286617,0.09074564632062354,0.10076665022568322
Isaac Okoro,Home,CLE,PHO,111,117,0,7c1dce2e-f16b-40bd-a7f1-443bc5722b49,1.3552716924672448,2.912929580424225,2.4222655452770585,-1.96398041207611,-0.19452292745662078,-0.5861531524534423,-0.14888215231322036,0.28225633259158067,0.7277099077640723,1.5707807633570552,1.028257869987702,-0.9062853012792744,-0.8154354452347935
Jarrett Allen,Home,CLE,PHO,111,117,0,7c1dce2e-f16b-40bd-a7f1-443bc5722b49,-0.14152142806376697,0.3026452321892037,0.09982290378811523,-0.7133023152308768,2.893303874150766,-1.6559749589170474,0.9966593668469991,1.4856297254513147,-1.9515190980284998,3.2548923105827976,0.8005139950370258,-0.23586822433339744,-0.5781346006359839
Darius Garland,Home,CLE,PHO,111,117,0,7c1dce2e-f16b-40bd-a7f1-443bc5722b49,5.115619868314894,2.6230902442592137,-1.396447230652532,-0.20934296460043442,-1.1153440233579839,-0.2789020516921084,-0.6078226601352977,2.4066747226925633,0.8493818694946916,1.446841723281182,1.5521182647219713,-0.8105151929494041,-1.8274016955110928
Caris LeVert,Home,CLE,PHO,111,117,0,7c1dce2e-f16b-40bd-a7f1-443bc5722b49,2.9004932323326567,2.9736312144168857,0.09543749547697697,3.1093787975314546,0.8469628527391955,-0.8750514066641885,-0.714158352736922,0.9793759587060229,0.5900556757832097,-1.2921643532538019,1.3610154052651817,0.4378334738116182,-0.5576708731824187
Georges Niang,Home,CLE,PHO,111,117,0,7c1dce2e-f16b-40bd-a7f1-443bc5722b49,0.08747133576493035,0.8540549512712915,-0.3440553508072867,-1.6594039319280345,-0.47158769172386,-0.47375324970542826,-0.9849749294643744,-0.4199476361199025,0.5142813984736266,1.037708371365682,0.35045780886166567,-2.0846618234581755,-0.03848087126784446
Craig Porter Jr.,Home,CLE,PHO,111,117,0,7c1dce2e-f16b-40bd-a7f1-443bc5722b49,0.25361303556906256,-0.5027155867981611,-0.896695314259904,-0.511931442963592,1.6705200975399939,-1.3733635822685462,0.2431932159912774,2.405975029191633,-0.4205210142226529,1.1186481526397216,0.48545795561194266,-0.061422112634192075,-0.32022254697688124
Sam Merrill,Home,CLE,PHO,111,117,0,7c1dce2e-f16b-40bd-a7f1-443bc5722b49,-0.6127618149173933,-0.29474132854054214,0.04359581424584312,2.2175336848344105,-1.4007616522460242,-0.24033871830038347,-0.46727672173134616,-0.10174096258841983,1.7812280166721421,-1.2921643532538019,0.13046214564294878,0.3151796238321788,0.866014583015711
Isaiah Mobley,Home,CLE,PHO,111,117,0,7c1dce2e-f16b-40bd-a7f1-443bc5722b49,-0.8085115660109119,-1.3754902415142882,0.056228405267807265,0.4717242942453129,-1.9399982459422755,-0.09164202477340674,-0.1479419102697049,0.12365006661066644,1.7876497263126137,-1.2921643532538019,-0.20456911610086126,-0.3838810094216678,1.0225952200081403
Damian Jones,Home,CLE,PHO,111,117,0,7c1dce2e-f16b-40bd-a7f1-443bc5722b49,-0.3554443335516404,-0.16282575625298756,2.0087050505632313,0.06909514298710918,2.415364433218803,-1.9174641352284085,0.8957620210064737,0.8136285514765346,-0.9491154451606584,0.4735994625504384,0.6572422899732225,0.15179817130166906,-0.9813789345913677
Emoni Bates,Home,CLE,PHO,111,117,0,7c1dce2e-f16b-40bd-a7f1-443bc5722b49,-2.147500124982208,-2.0275983764680197,0.23870014128644057,0.08453455844563763,-2.5889650391617227,0.17476536399755174,0.7149011738075323,-2.9891366794415717,-0.17103693633369385,-1.2921643532538019,-3.0572406758914688,0.832265759610711,-0.16251704880014295
Ty Jerome,Home,CLE,PHO,111,117,0,7c1dce2e-f16b-40bd-a7f1-443bc5722b49,-2.147500124982208,-2.0275983764680197,0.23870014128644057,0.08453455844563763,-2.5889650391617227,0.17476536399755174,0.7149011738075323,-2.9891366794415717,-0.17103693633369385,-1.2921643532538019,-1.4788266327286617,0.09074564632062354,0.10076665022568322
Pete Nance,Home,CLE,PHO,111,117,0,7c1dce2e-f16b-40bd-a7f1-443bc5722b49,-2.147500124982208,-2.0275983764680197,0.23870014128644057,0.08453455844563763,-2.5889650391617227,0.17476536399755174,0.7149011738075323,-2.9891366794415717,-0.17103693633369385,-1.2921643532538019,-3.0572406758914688,0.832265759610711,-0.16251704880014295
Darius Garland,Away,CLE,NOP,116,95,1,a24e5a40-3c45-4354-ba5a-ee02d417d930,4.621529710647803,3.446482470968802,1.0688712686221846,2.3960803904686756,0.8492015956367651,0.799386172797951,-1.176642737978348,2.723776900707704,0.6100865134979804,0.37242473595788894,1.9940979215658883,2.9137820596527964,-0.1831839296800149
Isaac Okoro,Away,CLE,NOP,116,95,1,a24e5a40-3c45-4354-ba5a-ee02d417d930,-0.02220926684894108,-0.1684063626049464,-1.0385734515049525,-0.5469661883522104,1.3768049972073724,-1.18119818391972,1.011039561356185,0.28361325917560054,0.41409114976071815,-1.2921643532538019,0.6201024285285254,-0.23400629311448054,0.6197179395846033
Jarrett Allen,Away,CLE,NOP,116,95,1,a24e5a40-3c45-4354-ba5a-ee02d417d930,0.8256607625852639,-1.0794121343232743,-0.44936975985273153,-0.10319595113148597,3.5189589285256284,1.5077863923046293,-0.26243135134754497,0.6284501766075306,-1.6384532568091155,0.1358257985672843,1.154630174476521,0.13106258139454754,0.022578691927553966
Georges Niang,Away,CLE,NOP,116,95,1,a24e5a40-3c45-4354-ba5a-ee02d417d930,2.4287584013167987,-0.7630557058067685,-0.45337801997316046,-0.5195729979553848,0.6072510997400243,-0.6885708461102265,-1.5151238079980762,1.7005454135612055,0.876509697195474,-1.2921643532538019,1.0027839332406387,0.6037224720512115,0.5389203679964988
Donovan Mitchell,Away,CLE,NOP,116,95,1,a24e5a40-3c45-4354-ba5a-ee02d417d930,2.6065505421691526,0.7352525575566086,-1.1542404452703765,0.8934644903396803,0.42499454391260727,0.8720913358939455,0.12367798261167147,0.3854501583587813,1.0056762276023736,-1.2921643532538019,1.2008933145224234,-0.950418702707544,-0.34412451608842753
Caris LeVert,Away,CLE,NOP,116,95,1,a24e5a40-3c45-4354-ba5a-ee02d417d930,-1.0920610142527027,2.0046622204618854,0.04600403675062858,1.7813991334915922,0.2708943806246896,-0.7151674216126447,-0.2721674212793127,-1.1686953888819351,0.4363148827170111,-1.2921643532538019,0.8077996343337601,1.523089448388988,1.8600990932703123
Sam Merrill,Away,CLE,NOP,116,95,1,a24e5a40-3c45-4354-ba5a-ee02d417d930,2.5899451589390865,1.2218160296923275,-0.6862157893458499,2.9747001997684905,-1.1730074603741396,-0.2570046322296138,-0.4922224714903612,2.3535165313435034,1.5166379031440833,-1.2921643532538019,1.4178507796422741,2.7894809405810266,0.9622509299501681
Damian Jones,Away,CLE,NOP,116,95,1,a24e5a40-3c45-4354-ba5a-ee02d417d930,0.1543256748769045,-0.22988509588798076,0.5609659129254555,-1.414388185780866,1.194747213911929,-1.0547995425232972,-0.63749000626932,1.9968724292190225,-2.214668590681822,-1.2921643532538019,0.8392845458764019,1.1999911589073928,0.5451094197293248
Isaiah Mobley,Away,CLE,NOP,116,95,1,a24e5a40-3c45-4354-ba5a-ee02d417d930,-1.6336379321756684,-1.8367892931545775,0.10732902731706252,-0.11174211226614275,-2.070760211740224,-0.03796292405090018,0.025914532044365265,0.2568989794135546,-0.2117270448122845,-1.2921643532538019,-0.19123341467962232,-1.4696281138478662,0.9054397960632933
Craig Porter Jr.,Away,CLE,NOP,116,95,1,a24e5a40-3c45-4354-ba5a-ee02d417d930,-1.8293876832691869,-0.6262355959267807,-1.9274217382429888,-1.6421972969229655,-2.0659171759699295,-0.0399510388924745,0.01947540455125156,1.9959987424004841,-2.310613323724816,-1.2921643532538019,-0.1330265040386196,-1.1831144498267536,0.6362378138923017
Ty Jerome,Away,CLE,NOP,116,95,1,a24e5a40-3c45-4354-ba5a-ee02d417d930,-2.147500124982208,-2.0275983764680197,0.23870014128644057,0.08453455844563763,-2.5889650391617227,0.17476536399755174,0.7149011738075323,-2.9891366794415717,-0.17103693633369385,-1.2921643532538019,-1.4788266327286617,0.09074564632062354,0.10076665022568322
Dean Wade,Away,CLE,NOP,116,95,1,a24e5a40-3c45-4354-ba5a-ee02d417d930,-2.147500124982208,-2.0275983764680197,0.23870014128644057,0.08453455844563763,-2.5889650391617227,0.17476536399755174,0.7149011738075323,-2.9891366794415717,-0.17103693633369385,-1.2921643532538019,-1.4788266327286617,0.09074564632062354,0.10076665022568322
Isaac Okoro,Away,CLE,HOU,103,117,0,3036cdd1-1d66-4d8f-abb5-39dc4ee9dc29,1.1960682488968009,-0.6700415531961545,-0.75069566448107,-0.5193061363917789,-0.6671258699489342,1.1683357290433334,-0.39374190768013106,0.06425879487623874,0.7886933497134029,-1.2921643532538019,0.5698805751604361,-1.6230828476345411,-0.4734007093253933
Darius Garland,Away,CLE,HOU,103,117,0,3036cdd1-1d66-4d8f-abb5-39dc4ee9dc29,1.1336216411555844,-0.07536196756729455,1.0708752823901353,1.1544380564513113,0.0298679360438586,-0.5219327084723983,-1.2173442527865965,0.10251062118952467,0.1839519052927386,0.1358257985672843,0.6589925718987951,-1.4700030264877464,-1.0231864582465096
Georges Niang,Away,CLE,HOU,103,117,0,3036cdd1-1d66-4d8f-abb5-39dc4ee9dc29,0.8667625890677605,-0.17836419302280102,-1.1495775253289604,-0.11961872156528167,0.1634458886034976,-0.5800159020081873,-1.3137964756127143,1.5501848746671534,0.5981659303352925,2.3176882788849937,0.48948092576757657,-1.2036403212352011,-1.3622590359443079
Jarrett Allen,Away,CLE,HOU,103,117,0,3036cdd1-1d66-4d8f-abb5-39dc4ee9dc29,-0.5437986054792681,-0.11493877482419834,-1.8759802454911338,-1.6151417385705613,2.7426774898880852,3.8694130258848283,-1.3138640354910345,0.3094745582940464,-1.5182331649520404,1.1186481526397216,0.35664678654939463,-1.455445123028667,-0.7234103853300382
Donovan Mitchell,Away,CLE,HOU,103,117,0,3036cdd1-1d66-4d8f-abb5-39dc4ee9dc29,1.8108694497894466,0.3432526102941457,0.23857944510605603,-0.2417173564165065,-0.6513467888287305,-0.3971288270980674,-0.8414063644382122,0.292249676551865,1.0142907286857166,0.951709853762015,0.8169929483563114,-1.60142260864706,-0.8454834856669321
Caris LeVert,Away,CLE,HOU,103,117,0,3036cdd1-1d66-4d8f-abb5-39dc4ee9dc29,1.8556629076780549,3.5211329820087784,2.035892491572623,0.7753839725444335,-0.10741194147952823,0.9516833996614434,0.32656001132371215,1.249588457380718,-0.5308882183586645,2.121367803925669,1.349171984675413,0.49024236205892474,-1.2550594009353129
Sam Merrill,Away,CLE,HOU,103,117,0,3036cdd1-1d66-4d8f-abb5-39dc4ee9dc29,0.6053529233240127,-0.7420723712444017,-0.6542984490484269,0.28823031606149563,2.00861432427039,0.6410753235464243,-1.8819822872567888,3.160044525144624,1.4310285805499605,1.2628221380341047,0.4548856968096713,0.5132208181809971,-0.40870806104529894
Tristan Thompson,Away,CLE,HOU,103,117,0,3036cdd1-1d66-4d8f-abb5-39dc4ee9dc29,-1.3831687191647202,1.1528700219394463,-0.44873937603758673,-1.7762561177779301,1.6335680679881115,-1.6226243444490072,2.108402379412777,0.7763418020887028,-1.7187231860606373,0.7846087328420079,-0.0440030723306601,-0.8101401256932784,-0.19312460632368098
Damian Jones,Away,CLE,HOU,103,117,0,3036cdd1-1d66-4d8f-abb5-39dc4ee9dc29,-1.309781658690704,-0.5607363764541707,-0.9212222831945183,-0.11359329904880791,3.9828422366013436,0.22778439219261923,2.4822865736961,-0.7378191556437361,0.25231599870847415,0.6089206593679733,0.17157412577988873,-0.39501650096932805,0.7964356385764072
Craig Porter Jr.,Away,CLE,HOU,103,117,0,3036cdd1-1d66-4d8f-abb5-39dc4ee9dc29,-1.315525490462647,2.176331461430558,-2.106441362682157,2.142555306255713,-0.8510487652433072,-0.4821669162458801,-0.7915934867724468,0.8935278818026082,-0.9280825828529953,-1.2921643532538019,0.8978750548020497,-0.31880768863816056,0.781311654078303
Ty Jerome,Away,CLE,HOU,103,117,0,3036cdd1-1d66-4d8f-abb5-39dc4ee9dc29,-2.147500124982208,-2.0275983764680197,0.23870014128644057,0.08453455844563763,-2.5889650391617227,0.17476536399755174,0.7149011738075323,-2.9891366794415717,-0.17103693633369385,-1.2921643532538019,-1.4788266327286617,0.09074564632062354,0.10076665022568322
Dean Wade,Away,CLE,HOU,103,117,0,3036cdd1-1d66-4d8f-abb5-39dc4ee9dc29,-2.147500124982208,-2.0275983764680197,0.23870014128644057,0.08453455844563763,-2.5889650391617227,0.17476536399755174,0.7149011738075323,-2.9891366794415717,-0.17103693633369385,-1.2921643532538019,-1.4788266327286617,0.09074564632062354,0.10076665022568322
Caris LeVert,Away,CLE,IND,108,103,1,4bb1f7cd-ff6a-4351-974a-59fc24185e4e,2.0206101830204415,2.7408020347349193,0.0956606821710134,2.935068211556163,1.8316556679775484,0.4647988821727217,-0.8024151536217343,0.7853492338148016,-0.31565402985344954,4.789217027889562,1.8421839097373145,1.2818846402697996,-0.11213528053589315
Darius Garland,Away,CLE,IND,108,103,1,4bb1f7cd-ff6a-4351-974a-59fc24185e4e,1.9240161246955498,4.153459658310644,-0.7405849434617603,-0.448669546854142,1.1410024089375617,-1.2457622103371762,2.1175555216309916,-0.590596596906423,0.42998851928523585,0.8946955564439014,1.7357199502478773,-0.5180279264768887,1.2448514136978206
Jarrett Allen,Away,CLE,IND,108,103,1,4bb1f7cd-ff6a-4351-974a-59fc24185e4e,1.069028941858188,-0.5642063022496587,0.6769094643619245,-0.31500446162027473,2.2209778822609683,0.5343625951157565,-1.977207629953052,1.164372220950056,-1.8272547791381428,3.9900701028157233,1.2361240911956943,0.19413862283624544,-0.9556014530812664
Georges Niang,Away,CLE,IND,108,103,1,4bb1f7cd-ff6a-4351-974a-59fc24185e4e,1.089769842345502,0.6294704594623844,-2.3956520256415947,-1.5628239679762723,-0.6631141757105455,1.1905323450538496,-0.36694561216733407,2.318764835361656,0.7363828079198085,-1.2921643532538019,0.88308576236895,0.014882888085407496,0.332306680062823
Isaac Okoro,Away,CLE,IND,108,103,1,4bb1f7cd-ff6a-4351-974a-59fc24185e4e,-0.09559632732295721,1.1409919179671684,-0.759927924068969,-1.4173075060121831,-0.5709468695551034,-0.5177688955115586,0.15675558500572828,1.3834217085647513,-0.028691940434083536,-1.2921643532538019,0.4959868479544847,-0.5885312729699675,-0.20281023762712483
Sam Merrill,Away,CLE,IND,108,103,1,4bb1f7cd-ff6a-4351-974a-59fc24185e4e,0.6913320839247766,0.02273522848213735,0.45472480854904584,-0.8773779481977343,-0.7650517971622381,1.2930617035159322,0.9373514645901161,0.9377265463160043,1.0270969201664422,1.695403902279034,0.4991417044953491,-0.5369643460077753,-0.6717103978392385
Marcus Morris,Away,CLE,IND,108,103,1,4bb1f7cd-ff6a-4351-974a-59fc24185e4e,1.448357998455257,-1.4551711265276928,-0.1554132006216936,-0.5042954536897036,0.12039894705421979,-0.6486185763559681,-1.2877037551091273,3.8144030541706,0.8895090474879681,-1.2921643532538019,0.5460596200029476,1.277793066614539,-0.23128706935424476
Tristan Thompson,Away,CLE,IND,108,103,1,4bb1f7cd-ff6a-4351-974a-59fc24185e4e,-1.754348975401223,0.1620755068938256,1.6383675020132074,0.27623634154773824,1.1037038215655526,-1.388284916814934,1.3693048504819387,-0.07370253650125602,-1.3540684567591625,0.3898644770887646,-0.22261902748524867,0.5992195626809367,0.28747151395136317
Craig Porter Jr.,Away,CLE,IND,108,103,1,4bb1f7cd-ff6a-4351-974a-59fc24185e4e,-1.8016729581527613,1.1005381680801998,2.8259444136892062,0.6034786533761817,0.03433907895714007,-0.7862127630467066,-1.2396665053895206,-2.4628452972396992,0.5076139138615627,-1.2921643532538019,-0.2745282803181449,-0.811066122836552,0.09518376714788164
Ty Jerome,Away,CLE,IND,108,103,1,4bb1f7cd-ff6a-4351-974a-59fc24185e4e,-2.147500124982208,-2.0275983764680197,0.23870014128644057,0.08453455844563763,-2.5889650391617227,0.17476536399755174,0.7149011738075323,-2.9891366794415717,-0.17103693633369385,-1.2921643532538019,-1.4788266327286617,0.09074564632062354,0.10076665022568322
Damian Jones,Away,CLE,IND,108,103,1,4bb1f7cd-ff6a-4351-974a-59fc24185e4e,-2.147500124982208,-2.0275983764680197,0.23870014128644057,0.08453455844563763,-2.5889650391617227,0.17476536399755174,0.7149011738075323,-2.9891366794415717,-0.17103693633369385,-1.2921643532538019,-3.0572406758914688,0.832265759610711,-0.16251704880014295
Dean Wade,Away,CLE,IND,108,103,1,4bb1f7cd-ff6a-4351-974a-59fc24185e4e,-2.147500124982208,-2.0275983764680197,0.23870014128644057,0.08453455844563763,-2.5889650391617227,0.17476536399755174,0.7149011738075323,-2.9891366794415717,-0.17103693633369385,-1.2921643532538019,-3.0572406758914688,0.832265759610711,-0.16251704880014295
Darius Garland,Home,CLE,MIA,104,107,0,916bc9d7-1d79-4cb1-a150-a4aabb77971f,3.970892190547504,1.489467640327169,-0.7943119765922265,2.672331280567278,-1.382166250692376,-0.3304975913546413,0.5424748314858729,1.0163344250106348,0.9717362621882986,0.3635719473810408,1.6156988037668687,-0.03452219792728294,-0.045458211500291036
Jarrett Allen,Home,CLE,MIA,104,107,0,916bc9d7-1d79-4cb1-a150-a4aabb77971f,1.5240794883693034,0.2191603047696349,-1.1019728179669477,0.27004475224246083,6.748477865873823,-2.324866312395513,-3.060398441564739,1.575893987973867,-2.01798705790356,2.7553420980320844,1.6063867972733072,0.620448215857707,-0.5012824770934896
Isaac Okoro,Home,CLE,MIA,104,107,0,916bc9d7-1d79-4cb1-a150-a4aabb77971f,-0.29299772581042394,-1.356181241684816,-0.05708534052667711,0.0409563423078968,-1.5500608791163624,-0.17635986265147496,-0.34630530654109193,1.0789043257451802,0.2776479592404433,-1.2921643532538019,0.5462497950369992,-0.3384268575929243,0.36200133207635
Caris LeVert,Home,CLE,MIA,104,107,0,916bc9d7-1d79-4cb1-a150-a4aabb77971f,0.6673778765284496,5.6869601561656475,-1.0676498418085238,1.3202563941726921,0.8264189192484276,0.739198104310278,-0.19556414211503217,0.8516140746917278,0.06404675559418961,4.270829969110048,1.344879542058584,-0.3295284383074313,-1.2881753068753474
Georges Niang,Home,CLE,MIA,104,107,0,916bc9d7-1d79-4cb1-a150-a4aabb77971f,2.862295277415634,-0.17492176025075537,0.45581818556293197,-0.7168162427828692,-0.6745792892933371,-0.3863340101579821,-0.8356519618650087,0.7244786169097489,0.8967638545031084,1.474084187857832,1.3055750718787675,-0.5466799476002047,0.07671189833910547
Sam Merrill,Home,CLE,MIA,104,107,0,916bc9d7-1d79-4cb1-a150-a4aabb77971f,1.8382058532483465,-1.1181621700210662,-0.6717236133224409,-0.7690406349108494,-1.409249219018718,-0.2377789747032659,-0.43693578200871214,1.586796226115244,1.6507445339754707,-1.2921643532538019,0.6813005318421728,-0.41022447771121157,0.19384911049186143
Marcus Morris,Home,CLE,MIA,104,107,0,916bc9d7-1d79-4cb1-a150-a4aabb77971f,-1.0719045458065037,0.44477321349035936,-1.218323395216926,0.5803795056037937,-0.41294062911745366,-0.7366445414384433,0.5466779455103965,0.9093865384859454,1.2221603106472982,0.7846087328420079,-0.03976984975784579,-0.4365920088272764,-0.002675669600266289
Tristan Thompson,Home,CLE,MIA,104,107,0,916bc9d7-1d79-4cb1-a150-a4aabb77971f,-2.072461417114244,-0.8519409713144628,-0.22145785150534356,0.2732327028015885,3.174624190138466,1.485649592539194,0.10750641196429352,-2.2200011545325915,-0.3824235111054965,-1.2921643532538019,-0.9831516752055308,-0.8256516039534786,-0.08937356171518795
Craig Porter Jr.,Home,CLE,MIA,104,107,0,916bc9d7-1d79-4cb1-a150-a4aabb77971f,-1.8456147448417268,-1.8367892931545775,0.10732902731706252,-0.11174211226614275,-1.9738994963343364,-0.07772522088238652,-0.10286801781790895,-0.7216020951816761,1.667771543296067,3.2863166698850943,-0.3591118994731511,-1.7344204993703127,0.5349647079312277
Emoni Bates,Home,CLE,MIA,104,107,0,916bc9d7-1d79-4cb1-a150-a4aabb77971f,-2.147500124982208,-2.0275983764680197,0.23870014128644057,0.08453455844563763,-2.5889650391617227,0.17476536399755174,0.7149011738075323,-2.9891366794415717,-0.17103693633369385,-1.2921643532538019,-3.0572406758914688,0.832265759610711,-0.16251704880014295
Ty Jerome,Home,CLE,MIA,104,107,0,916bc9d7-1d79-4cb1-a150-a4aabb77971f,-2.147500124982208,-2.0275983764680197,0.23870014128644057,0.08453455844563763,-2.5889650391617227,0.17476536399755174,0.7149011738075323,-2.9891366794415717,-0.17103693633369385,-1.2921643532538019,-1.4788266327286617,0.09074564632062354,0.10076665022568322
Damian Jones,Home,CLE,MIA,104,107,0,916bc9d7-1d79-4cb1-a150-a4aabb77971f,-2.147500124982208,-2.0275983764680197,0.23870014128644057,0.08453455844563763,-2.5889650391617227,0.17476536399755174,0.7149011738075323,-2.9891366794415717,-0.17103693633369385,-1.2921643532538019,-3.0572406758914688,0.832265759610711,-0.16251704880014295
Caris LeVert,Away,CLE,MIN,91,104,0,fff38f93-4c94-4852-be0c-d4e8cecb01fd,1.8470840906546253,2.3619005331752554,-0.8013714374070251,0.4273223238775412,0.636193501742162,0.6824311994344003,-0.19167792979058806,0.33952214776303435,0.2595675601189069,0.9150340153722158,1.2736253260283104,-1.0911032443973516,-1.1112189595502506
Isaac Okoro,Away,CLE,MIN,91,104,0,fff38f93-4c94-4852-be0c-d4e8cecb01fd,-0.7959194658841643,1.5234496556431254,1.0394283269371358,-0.3329319871265861,-1.1212625776636265,1.2051126730514008,-0.12970074768137257,-0.512405271241751,0.12762536985918427,0.36220424931811385,0.5001693918584003,-0.5607496461395409,-0.47985285237999664
Darius Garland,Away,CLE,MIN,91,104,0,fff38f93-4c94-4852-be0c-d4e8cecb01fd,2.2563723139292673,0.5417940872175632,-1.0279222982524097,0.8545728090302632,-0.9871724271523021,-0.4152408212249893,0.3111760293318936,-0.37031933794626476,-0.4777362308029806,1.4019971951606405,1.5319724500178997,-1.521496629958573,-0.28630620241763943
Georges Niang,Away,CLE,MIN,91,104,0,fff38f93-4c94-4852-be0c-d4e8cecb01fd,0.15322123829404283,1.1931648686044227,0.45799108496207624,-2.553633070225713,-0.10391835547805474,0.9022890540793055,0.2935344216739579,0.8470794694793687,0.032646315739462486,0.45083514906711475,0.5946467476917028,-0.8294874094701916,-0.5328562508553522
Jarrett Allen,Away,CLE,MIN,91,104,0,fff38f93-4c94-4852-be0c-d4e8cecb01fd,0.08359469554012552,-0.17194089902246754,-0.08061461924038747,1.9282690922572916,4.856092775462094,-0.7291474135741242,1.4354344456991164,0.46611319193622786,-1.5072142409956235,2.9298685014042327,0.7883840948457985,-0.5123902104149558,-2.1672860846860127
Marcus Morris,Away,CLE,MIN,91,104,0,fff38f93-4c94-4852-be0c-d4e8cecb01fd,0.5977885550045615,0.17017999213327423,-1.8964973538603975,-0.8828550103868251,1.234143006762348,-0.8739172349194803,-1.938844941516961,0.1511695260432569,0.3227881482646431,1.009885321552731,0.77796884751846,-1.6307055886748048,-0.2865833794334118
Sam Merrill,Away,CLE,MIN,91,104,0,fff38f93-4c94-4852-be0c-d4e8cecb01fd,0.9437846109875687,-1.6402217746053038,0.1953828675884326,0.5669271368425951,-0.5231265565016358,-0.45197143966316583,-0.9387892413024521,1.7841563389501613,1.5754954697552523,0.4735994625504384,0.3133331955592345,-0.1743986043777587,-0.6893213248902241
Tristan Thompson,Away,CLE,MIN,91,104,0,fff38f93-4c94-4852-be0c-d4e8cecb01fd,-1.3831687191647202,-0.0812358504850079,1.5234756885230671,-0.4281541271665778,3.45354994575048,0.24080045778536416,0.34929017676102625,1.0665816228090728,-1.7984917048424498,0.7846087328420079,0.034225802584288915,0.8626934914605406,-0.26860995114108865
Emoni Bates,Away,CLE,MIN,91,104,0,fff38f93-4c94-4852-be0c-d4e8cecb01fd,-2.147500124982208,-2.0275983764680197,0.23870014128644057,0.08453455844563763,-2.5889650391617227,0.17476536399755174,0.7149011738075323,-2.9891366794415717,-0.17103693633369385,-1.2921643532538019,-3.0572406758914688,0.832265759610711,-0.16251704880014295
Ty Jerome,Away,CLE,MIN,91,104,0,fff38f93-4c94-4852-be0c-d4e8cecb01fd,-2.147500124982208,-2.0275983764680197,0.23870014128644057,0.08453455844563763,-2.5889650391617227,0.17476536399755174,0.7149011738075323,-2.9891366794415717,-0.17103693633369385,-1.2921643532538019,-1.4788266327286617,0.09074564632062354,0.10076665022568322
Damian Jones,Away,CLE,MIN,91,104,0,fff38f93-4c94-4852-be0c-d4e8cecb01fd,-2.147500124982208,-2.0275983764680197,0.23870014128644057,0.08453455844563763,-2.5889650391617227,0.17476536399755174,0.7149011738075323,-2.9891366794415717,-0.17103693633369385,-1.2921643532538019,-3.0572406758914688,0.832265759610711,-0.16251704880014295
Craig Porter Jr.,Away,CLE,MIN,91,104,0,fff38f93-4c94-4852-be0c-d4e8cecb01fd,-2.147500124982208,-2.0275983764680197,0.23870014128644057,0.08453455844563763,-2.5889650391617227,0.17476536399755174,0.7149011738075323,-2.9891366794415717,-0.17103693633369385,-1.2921643532538019,-3.0572406758914688,0.832265759610711,-0.16251704880014295
Darius Garland,Away,CLE,MIA,84,121,0,8f73e38b-4e94-4741-a538-98a1f01db9db,0.29590317486408013,0.6680514374644074,-1.089947044947312,0.6171059150720164,-0.25141147199604474,-0.5670775367677195,-1.1737403515014386,0.4459266805625577,0.17824802743941812,-1.2921643532538019,0.26496076234898724,-1.8820004896048625,-0.7264741850330331
Jarrett Allen,Away,CLE,MIA,84,121,0,8f73e38b-4e94-4741-a538-98a1f01db9db,-0.7338045248008438,0.5219026096324378,-1.2828978029420304,0.6921830504047617,0.3124869550109761,-0.7261895946413304,-1.5096046363222781,-0.2583397370438657,-1.2533194815194981,1.8717755749698899,0.4297489917039577,-1.5497105987434434,-1.0646583914048222
Evan Mobley,Away,CLE,MIA,84,121,0,8f73e38b-4e94-4741-a538-98a1f01db9db,0.4076198581786499,0.06808354043323168,-1.4597483386999694,-0.7604289665706508,0.37780941455911704,-0.7544792217586819,-1.554239732972376,2.987644335798169,0.64743886559099,3.43574213436698,0.48297163215559996,-1.2457035081303895,-2.0023015976799448
Caris LeVert,Away,CLE,MIA,84,121,0,8f73e38b-4e94-4741-a538-98a1f01db9db,-1.1670997221206667,-0.3387344814122974,1.2329912470178241,-0.39831665137718364,0.00811285166416166,-0.8028637881967103,0.026215156057359672,-1.3711051584864564,0.7143709140041521,-0.3689459723553566,-0.439904382521687,-2.631147611370433,-1.0575808565550797
Isaac Okoro,Away,CLE,MIA,84,121,0,8f73e38b-4e94-4741-a538-98a1f01db9db,-0.8541839013685024,-0.28035461812259344,-1.989052004885055,-1.5358516229973307,-1.310269012692943,-0.2788110073958506,-0.5437360048306085,-0.7459052480622106,1.2564926069899174,-1.2921643532538019,-0.16501779808893094,-2.8937470363669804,-0.12008550917412908
Sam Merrill,Away,CLE,MIA,84,121,0,8f73e38b-4e94-4741-a538-98a1f01db9db,-0.9199338038976146,0.8959520052731477,-1.020221274077044,1.4921455789834728,-0.9771665386424768,-0.33779896175368473,-0.7278052441745317,-1.8619644318142408,1.9900150823714802,0.5039518805282033,0.06847338765057871,-1.9286101536321705,-0.47123060416276946
Craig Porter Jr.,Away,CLE,MIA,84,121,0,8f73e38b-4e94-4741-a538-98a1f01db9db,-0.8619110471922893,0.6232699629447465,-1.3239005270973991,1.0008254335791458,0.8640147055607041,0.923455508930814,-0.11622859127393396,0.1511336761618853,-1.4204129502199814,1.1780883045128445,0.23835230603752197,-1.3878004749364987,-1.4007177413085257
Georges Niang,Away,CLE,MIA,84,121,0,8f73e38b-4e94-4741-a538-98a1f01db9db,-0.10244459567776192,1.4209999781037348,-0.8645854005967516,-1.180644411786422,0.17577281814310827,-0.6673020699814797,-1.4045453143566062,0.5392441292015471,1.3241807319658285,-1.2921643532538019,0.17195800543579656,-1.707709750700451,-0.979400226544416
Marcus Morris,Away,CLE,MIA,84,121,0,8f73e38b-4e94-4741-a538-98a1f01db9db,-0.25269090056725046,-0.24961637339749662,1.411879534941607,0.6287979863192735,-0.15355901295415042,1.5412726443134268,-0.5878173519584374,-0.8991707031054889,-0.23500039676912485,0.19400126635800027,0.38830863019610007,-1.8531424283160303,-1.177550890869488
Emoni Bates,Away,CLE,MIA,84,121,0,8f73e38b-4e94-4741-a538-98a1f01db9db,0.3785062510514955,-1.0311007884380994,0.1312480771741551,1.39977548050606,-1.9157830670908036,-0.10158259898127833,-0.1801375477352735,3.1334500157949203,1.2684202412716434,-1.2921643532538019,0.5238418804074252,1.2599992380282763,-1.4148165969635407
Damian Jones,Away,CLE,MIA,84,121,0,8f73e38b-4e94-4741-a538-98a1f01db9db,-1.0339593562727005,-0.7351732437489664,-1.137151604920866,-1.2437735063784785,-1.9157830670908036,-0.10158259898127833,-0.1801375477352735,2.7610232560232535,-2.521686938355706,2.4858314537833266,0.3353381955679842,-0.08244134719482646,-0.17526995490238337
Tristan Thompson,Away,CLE,MIA,84,121,0,8f73e38b-4e94-4741-a538-98a1f01db9db,-1.1181240919751803,0.39482516325160727,-1.6774024097111615,0.16604293486150318,2.3989361284191992,1.4842293185646718,2.3736365993577313,1.1342826493944602,-1.8814125142629368,-1.2921643532538019,0.4182970806930833,-0.6786990091388231,-0.9697442366223031
Jarrett Allen,Home,CLE,CHO,115,92,1,2d8de27b-4d75-424a-a576-fb935d25dc77,0.38856782631531267,0.0350443409582814,0.9797295008036726,0.8100356209881721,3.8449769398311875,-1.682966481270253,-1.1811566614497309,1.9083641868996983,-2.116598537291844,1.6422871708179456,1.1099930363155714,1.4924225517368794,0.13290707023501036
Caris LeVert,Home,CLE,CHO,115,92,1,2d8de27b-4d75-424a-a576-fb935d25dc77,0.4736953157164342,2.9216753441339023,-1.3343699264562612,-0.015249547751033949,2.104455015247978,2.013356061711972,-0.342948896905842,-0.8082802129659398,0.4338259291944146,-1.2921643532538019,1.2445646633844523,-0.39155306923965616,1.379185544056608
Darius Garland,Home,CLE,CHO,115,92,1,2d8de27b-4d75-424a-a576-fb935d25dc77,1.6145724878848418,3.0991908311453673,-0.7563859035387089,1.8198473896935488,-0.16800049236501488,-0.616304733524425,0.03322553947482084,1.1733477846338696,0.25130244414072833,0.3977184176060263,1.4039184990513662,0.9073802086120584,0.9642975676666731
Isaac Okoro,Home,CLE,CHO,115,92,1,2d8de27b-4d75-424a-a576-fb935d25dc77,1.7300869101495395,-0.4787486156319066,-0.5569020433710357,0.5559043212210929,0.7682289866448122,-1.1327095768903057,1.7257382718220344,1.3077506768319684,0.7905707621153744,0.1712369528746766,1.0087728688103414,0.225933161992428,0.4924133563694733
Evan Mobley,Home,CLE,CHO,115,92,1,2d8de27b-4d75-424a-a576-fb935d25dc77,0.9920441411684087,2.471381210136368,0.27548065793043536,2.305841760216862,1.517282983039369,-1.1118320239157273,-0.794684329597352,1.096360455305076,-1.3936756531004155,0.2787484184517948,1.467991131277215,1.6139387712089912,-0.09885838741812883
Sam Merrill,Home,CLE,CHO,115,92,1,2d8de27b-4d75-424a-a576-fb935d25dc77,1.6424561021548276,-1.3918193783244257,0.16669828879076953,0.8593009183842961,0.08461565151699928,-0.7433441024248604,0.0063140817534639545,2.3462605358254938,1.5186321161136287,-1.2921643532538019,0.7455021387289297,1.2763057421024881,0.7783745626365268
Georges Niang,Home,CLE,CHO,115,92,1,2d8de27b-4d75-424a-a576-fb935d25dc77,2.908057600652108,-0.09649408485579607,-0.9462926538370462,-0.27643359750561636,-0.6167767198282635,-0.41527631844372964,-0.8042456785336644,2.276393176590094,1.2792055869868255,-1.2921643532538019,1.1581860839689877,1.2124740401708358,0.9866508860815771
Craig Porter Jr.,Home,CLE,CHO,115,92,1,2d8de27b-4d75-424a-a576-fb935d25dc77,-0.17063503519092138,-0.1380487000403181,0.029627644078671123,2.4790444813601598,-0.6786355493712393,2.0255101320171804,-0.07582650947239748,2.145535135705652,-0.19531702892161612,-0.872289737524006,0.5876149230864626,1.2765446684814605,-0.3913164347562683
Marcus Morris,Home,CLE,CHO,115,92,1,2d8de27b-4d75-424a-a576-fb935d25dc77,-1.3207221114235037,-1.8367892931545775,0.10732902731706252,-0.11174211226614275,-2.070760211740224,-0.03796292405090018,0.025914532044365265,2.560233972665563,1.3032231682469262,-1.2921643532538019,-0.5511783011563637,-0.39909727545610035,0.32350627163834716
Tristan Thompson,Home,CLE,CHO,115,92,1,2d8de27b-4d75-424a-a576-fb935d25dc77,-2.147500124982208,1.938778672028998,-4.329876124381683,-2.282308525939566,-0.31100927424502106,-0.7229892215034976,-1.0577030075849163,-2.7642008183832854,-0.2328575383895984,-1.2921643532538019,-0.37062706059190814,-2.0359079908404856,1.8450358110743232
Damian Jones,Home,CLE,CHO,115,92,1,2d8de27b-4d75-424a-a576-fb935d25dc77,-1.5112752415561657,-2.0275983764680197,0.23870014128644057,0.08453455844563763,0.05920302096449057,-0.8853007276596934,-1.2935016490310252,2.9828141328497417,-2.581826287582978,-1.2921643532538019,0.5939539873632868,1.2532396031346564,-1.1948323263624594
Emoni Bates,Home,CLE,CHO,115,92,1,2d8de27b-4d75-424a-a576-fb935d25dc77,-2.147500124982208,-2.0275983764680197,0.23870014128644057,0.08453455844563763,-2.070760211740224,-0.03796292405090018,0.025914532044365265,-2.9891366794415717,-0.17103693633369385,-1.2921643532538019,-1.4305083814320103,-0.36529646097565854,0.764437322112912
Pete Nance,Home,CLE,CHO,115,92,1,2d8de27b-4d75-424a-a576-fb935d25dc77,-2.147500124982208,-1.8367892931545775,0.10732902731706252,-0.11174211226614275,0.05920302096449057,-0.8853007276596934,-1.2935016490310252,-2.9891366794415717,-0.17103693633369385,-1.2921643532538019,-1.4841200096539866,-0.6291906252056307,1.0123865162177728
Darius Garland,Away,CLE,CHO,111,118,0,20ce138d-9eae-453d-a711-c6c1a278e2ce,2.3923748712980597,4.646892654298523,-1.8633419306850403,1.55450492892655,0.4582878768156531,-0.7853169127024323,-0.5542300112324637,0.36999930107906764,0.9414673655777951,0.3774834722875164,1.3172279446120454,-1.020677996496664,-0.016861748692908882
Jarrett Allen,Away,CLE,CHO,111,118,0,20ce138d-9eae-453d-a711-c6c1a278e2ce,1.6829884865118807,0.4657914906245318,0.344404815139396,0.09058759752631182,2.2522216511124524,-1.482578421405126,0.47330555791384354,1.6088931217384677,-2.039067822098101,0.975635337717941,1.2040530044377882,-0.15000551375396978,-1.0303639872509773
Evan Mobley,Away,CLE,CHO,111,118,0,20ce138d-9eae-453d-a711-c6c1a278e2ce,-0.1794666175975702,0.852195199413922,0.8091098523043415,1.3374304204536096,1.1673787481691296,-1.017043185179706,-0.9044210516187926,1.1612589829792888,0.1402962090616934,1.8717755749698899,0.49358226663541377,-0.26913243554327254,-1.01459291854682
Isaac Okoro,Away,CLE,CHO,111,118,0,20ce138d-9eae-453d-a711-c6c1a278e2ce,-0.534419812261533,-1.6459802098411351,-0.02404208665231553,-0.3080187829779232,-0.6726425835104739,-0.5753577983122709,0.2835601256174801,1.7776581113044236,0.7024661613854385,-1.2921643532538019,-0.1340379143562483,-1.4838248620120587,-0.44664599366950325
Max Strus,Away,CLE,CHO,111,118,0,20ce138d-9eae-453d-a711-c6c1a278e2ce,3.301208750233093,1.49197564062738,0.6659396021567067,-2.6510850785960156,0.7298013497946199,-1.2307481617819542,1.9213670069121953,1.917470097868564,1.038670058745585,-1.2921643532538019,1.230221550063349,-0.11822291443075082,-0.45288170812721606
Caris LeVert,Away,CLE,CHO,111,118,0,20ce138d-9eae-453d-a711-c6c1a278e2ce,-0.3824490703526441,2.6241649761992663,-2.5342316182467686,0.9874094561112566,0.15134511936382217,1.1994191281514446,-0.8609202580827859,-1.12468644820874,0.5203502876105285,-1.2921643532538019,0.6968307762345322,-1.1453642721656816,1.0058259559471578
Georges Niang,Away,CLE,CHO,111,118,0,20ce138d-9eae-453d-a711-c6c1a278e2ce,1.448357998455257,-1.2643620432142504,-0.2867843145910716,-0.700572124401484,-1.3804685230128542,-0.2481444274417479,-0.4885135893998298,3.807147058652591,0.8915032604575134,-1.2921643532538019,0.37428061580923466,0.32869036194922546,-0.1088665016816618
Sam Merrill,Away,CLE,CHO,111,118,0,20ce138d-9eae-453d-a711-c6c1a278e2ce,2.891830539079568,0.07317413438334243,0.9487716289370085,-0.1867849502422593,-0.2657714434635325,-0.5600247460707951,-1.1516998473481628,1.9497084311816906,1.565955199952142,0.9376814966732006,0.9003126000313216,0.16105240982178262,-0.6171643665835027
Craig Porter Jr.,Away,CLE,CHO,111,118,0,20ce138d-9eae-453d-a711-c6c1a278e2ce,-2.072461417114244,-1.3238336895572898,0.1620701366450943,0.9995231211726473,-1.9351552101719813,-0.09363013961498107,-0.15438103776281864,-2.4957289842169432,-0.30664341826277475,-1.2921643532538019,-1.0455419832215824,-1.1178351660095704,0.8245825054480342
Tristan Thompson,Away,CLE,CHO,111,118,0,20ce138d-9eae-453d-a711-c6c1a278e2ce,-1.754348975401223,1.9623392998202602,4.4845164829398705,-0.2714468934012101,-2.080446283280813,-0.03398669436775154,0.03879278703059269,-0.32766237963157957,-1.2842710028250768,0.3898644770887646,0.4339800922203684,-0.36772316358713014,-0.6221352866723846
Emoni Bates,Away,CLE,CHO,111,118,0,20ce138d-9eae-453d-a711-c6c1a278e2ce,-2.147500124982208,-2.0275983764680197,0.23870014128644057,0.08453455844563763,-2.5889650391617227,0.17476536399755174,0.7149011738075323,-2.9891366794415717,-0.17103693633369385,-1.2921643532538019,-3.0572406758914688,0.832265759610711,-0.16251704880014295
Damian Jones,Away,CLE,CHO,111,118,0,20ce138d-9eae-453d-a711-c6c1a278e2ce,-2.147500124982208,-2.0275983764680197,0.23870014128644057,0.08453455844563763,-2.5889650391617227,0.17476536399755174,0.7149011738075323,-2.9891366794415717,-0.17103693633369385,-1.2921643532538019,-3.0572406758914688,0.832265759610711,-0.16251704880014295
Marcus Morris,Away,CLE,CHO,111,118,0,20ce138d-9eae-453d-a711-c6c1a278e2ce,-2.147500124982208,-2.0275983764680197,0.23870014128644057,0.08453455844563763,-2.5889650391617227,0.17476536399755174,0.7149011738075323,-2.9891366794415717,-0.17103693633369385,-1.2921643532538019,-3.0572406758914688,0.832265759610711,-0.16251704880014295
Darius Garland,Home,CLE,PHI,117,114,1,3fe21096-33a3-474b-8014-061bfbe983fa,1.060234580681568,2.6955056768972017,-1.6872687700827633,3.0790373445022756,-0.728677961682219,-0.36429284261349365,-0.8044502702286322,0.8301498153450518,-0.2446562845660547,0.3977184176060263,1.3642161647864899,0.562199830542211,0.8995563215624625
Donovan Mitchell,Home,CLE,PHI,117,114,1,3fe21096-33a3-474b-8014-061bfbe983fa,1.1173945795830442,2.307993584229357,1.3426046553741946,1.312810924492324,-0.7258066204537345,-0.3665042744218606,-0.7806714225582181,-0.07780759721761014,0.4275944600549632,1.5132893944124448,0.9849628466286859,-0.8086671692428402,-0.5275160984649493
Evan Mobley,Home,CLE,PHI,117,114,1,3fe21096-33a3-474b-8014-061bfbe983fa,1.3839280766621964,1.3031675304861232,-0.4128906493145897,-0.7964420032800847,4.042939933209413,1.5676946540111225,-1.3264980302707143,2.855032989259718,0.3334720644245276,2.4883032981982973,1.2809981078967652,0.7606991953472639,-0.44242389838649154
Max Strus,Home,CLE,PHI,117,114,1,3fe21096-33a3-474b-8014-061bfbe983fa,1.14803427782984,1.2740483852447972,-0.37053875275905596,-0.6891801093064372,-1.5202784914193956,-0.19032657815064738,-0.3563308649609687,2.2126619872567024,0.05811221218323028,0.4331295719134186,0.7365663000262859,-0.28336332446004464,-0.5576727870466425
Jarrett Allen,Home,CLE,PHI,117,114,1,3fe21096-33a3-474b-8014-061bfbe983fa,0.039358463423292994,-0.1733586797459922,-1.167935361871602,-0.14352600285738748,3.374530056521025,-1.5898624139501933,-1.810114279048518,0.89995363949264,-1.753571486158066,0.4331295719134186,0.6630950026518643,-0.6055440586093868,-0.5173966414800034
Georges Niang,Home,CLE,PHI,117,114,1,3fe21096-33a3-474b-8014-061bfbe983fa,3.8640465731851195,-1.8367892931545775,0.10732902731706252,-0.11174211226614275,-1.4266874427258514,1.402587069554511,0.03179340667083051,3.0648489839695974,0.36889289171932155,-1.2921643532538019,1.3099372423423241,1.11553779702213,-0.24464477212405014
Sam Merrill,Home,CLE,PHI,117,114,1,3fe21096-33a3-474b-8014-061bfbe983fa,1.695523916678309,0.1739574402137683,-0.9480398053274852,0.36180095140220947,-0.6063049258551877,-0.6412569092370972,0.5703455345758521,2.3100960753900166,1.5281824344657293,0.45083514906711475,0.7679190385691033,0.6067124763232266,0.0499769205720524
Marcus Morris,Home,CLE,PHI,117,114,1,3fe21096-33a3-474b-8014-061bfbe983fa,-1.2000110681979492,-0.615391515279565,-1.3355448288860379,-0.6475426045899325,1.6668826348057915,-1.5680887084246486,1.1747023497479074,2.201140625465309,1.5585163755045348,-1.2921643532538019,-0.24152331203112745,0.2031614419668665,0.2632323339629235
Isaac Okoro,Home,CLE,PHI,117,114,1,3fe21096-33a3-474b-8014-061bfbe983fa,-1.3628494732141856,-0.5181578182138891,-1.3140759294760231,-1.4780214771933293,-1.9496843174828644,-0.08766579509025811,-0.1350636552834775,-1.2578567102133014,0.39695293190867237,-1.2921643532538019,-0.5029988022444308,-2.5520125569953036,0.9480429578986007
Tristan Thompson,Home,CLE,PHI,117,114,1,3fe21096-33a3-474b-8014-061bfbe983fa,-2.072461417114244,-0.5638879408156039,0.07952478725680001,1.9913277932666755,-0.7202551106049636,-0.5432718594565604,-0.8521274559805071,-2.2490251366046285,-0.37444665922731524,-1.2921643532538019,-0.6734466944442231,0.4551265709419461,-0.019591098491728028
Ty Jerome,Home,CLE,PHI,117,114,1,3fe21096-33a3-474b-8014-061bfbe983fa,-2.147500124982208,-2.0275983764680197,0.23870014128644057,0.08453455844563763,-2.5889650391617227,0.17476536399755174,0.7149011738075323,-2.9891366794415717,-0.17103693633369385,-1.2921643532538019,-1.4788266327286617,0.09074564632062354,0.10076665022568322
Damian Jones,Home,CLE,PHI,117,114,1,3fe21096-33a3-474b-8014-061bfbe983fa,-2.147500124982208,-2.0275983764680197,0.23870014128644057,0.08453455844563763,-2.5889650391617227,0.17476536399755174,0.7149011738075323,-2.9891366794415717,-0.17103693633369385,-1.2921643532538019,-3.0572406758914688,0.832265759610711,-0.16251704880014295
Donovan Mitchell,Away,CLE,DEN,101,130,0,4e88b23a-9c1f-4d17-8657-9e7305314ebd,1.0976225444435959,1.8082490992886893,-0.23293342975720926,0.7909898445021643,-1.9109400313205094,-0.10357071382285266,-0.1865766752283872,-0.007025646103074332,0.766039705160565,2.676918366350325,0.6164280012871381,-2.3078893178821738,-1.7076846034280115
Darius Garland,Away,CLE,DEN,101,130,0,4e88b23a-9c1f-4d17-8657-9e7305314ebd,-0.887264136599345,3.107018541365674,0.2943844283963581,0.5417590209693944,-0.9588514417191958,-0.3443428193642071,-0.7414886313006893,-1.2412048029481237,-0.5353799959061132,0.2572354704783437,0.37367183283562233,-1.8307281026133884,-0.646303241592322
Evan Mobley,Away,CLE,DEN,101,130,0,4e88b23a-9c1f-4d17-8657-9e7305314ebd,1.5571597236001462,-1.4494126912918617,0.06401175361905455,0.37065046613081476,1.4090781152346754,2.158144476570187,0.9015844311178198,3.3522370614721737,-1.0344571002533423,2.302217627709851,0.8175868324837927,0.12991332917233284,-1.8506238455079356
Max Strus,Away,CLE,DEN,101,130,0,4e88b23a-9c1f-4d17-8657-9e7305314ebd,-0.3826118478569799,0.9222838779128005,1.37396280617862,-0.893853890044966,-0.7875318294671947,-0.509488832504554,0.22255853859028105,1.8516696349870867,0.10066648815584696,1.3512331916202465,-0.041008947922715935,-1.581019329254988,-2.0664842372840813
Jarrett Allen,Away,CLE,DEN,101,130,0,4e88b23a-9c1f-4d17-8657-9e7305314ebd,1.218811912166249,-0.3655783913859093,-1.0317788754020265,-0.4287841764451697,0.692042828254409,0.9541411479142342,-1.2492947875342715,0.4314879566143523,-1.5727981019158868,0.10926743283674008,0.8661704701035118,-2.070020071286897,-1.6097036632165362
Caris LeVert,Away,CLE,DEN,101,130,0,4e88b23a-9c1f-4d17-8657-9e7305314ebd,0.8903851298061913,3.723447086862271,2.3030502100068295,-1.0165321640391094,1.2950415567362825,0.689536349757001,-1.5869842040609894,1.8329521164169984,0.3331739273156688,1.6422871708179456,1.0040137201372008,0.2974257984856193,-1.1213243966435018
Georges Niang,Away,CLE,DEN,101,130,0,4e88b23a-9c1f-4d17-8657-9e7305314ebd,-0.6989098646717173,0.908998679827096,-0.24392628725693372,-0.9140154842544297,0.9505938421166588,-1.0136409123617125,-0.766127593380636,-1.219473837259037,0.07735925530613891,-1.2921643532538019,0.2769271535667165,-1.5091578143863864,0.5030131139807208
Sam Merrill,Away,CLE,DEN,101,130,0,4e88b23a-9c1f-4d17-8657-9e7305314ebd,-0.7334728581429478,-1.214250138111875,-0.07202936936107182,0.2350180922877333,-1.896410924009626,-0.1095350583475756,-0.2058940577077283,-0.4812534952686653,1.4990182288864227,-1.2921643532538019,-0.20891750748600946,-1.0151658895301199,1.0721164393132323
Marcus Morris,Away,CLE,DEN,101,130,0,4e88b23a-9c1f-4d17-8657-9e7305314ebd,-0.21795901794245975,-0.7331082527747752,-1.27154824543045,-1.1033998663209574,-1.896410924009626,-0.1095350583475756,-0.2058940577077283,0.3376580536711495,0.3610010458229097,-1.2921643532538019,0.3250853828625202,-2.5400080248046244,0.06395734742405053
Tristan Thompson,Away,CLE,DEN,101,130,0,4e88b23a-9c1f-4d17-8657-9e7305314ebd,-2.072461417114244,-1.4450665071925102,0.1748348279411398,0.8337620430648703,2.4557370594728707,-2.0554483688553242,1.088443230785136,-2.14018520383449,-0.4043598537704949,-1.2921643532538019,-1.0755983975115149,-1.0501991032976765,-0.5174942634183414
Damian Jones,Away,CLE,DEN,101,130,0,4e88b23a-9c1f-4d17-8657-9e7305314ebd,-1.580570117652187,-1.8367892931545775,0.10732902731706252,-0.11174211226614275,-0.28241534038969324,-0.719917974280194,-1.274004006795381,0.6421309655068159,-0.3198396245480351,0.9250916799696904,-0.2936083724680401,-1.1146236577340782,-0.027757196453003376
Caris LeVert,Away,CLE,UTA,129,113,1,549f2bb9-0a72-4033-baef-90b25e0dd089,2.3220383402287204,2.186144479561002,-1.0757219948018553,-0.17144494779224378,1.1395214065798043,0.7977917409949796,-1.3809593564239326,2.3631536822823564,-0.16744767893443901,3.342554117617267,1.699390074793095,0.9831107178648436,0.82502146251929
Jarrett Allen,Away,CLE,UTA,129,113,1,549f2bb9-0a72-4033-baef-90b25e0dd089,0.887854604943261,0.12629658988402376,1.015352730373702,1.4210906183874341,4.109965342686351,-2.068884693253668,0.7669504775909796,1.6371549472824989,-2.0027585480636954,2.860310876871855,1.4742421125133214,2.0921848168972876,1.0663739021582057
Max Strus,Away,CLE,UTA,129,113,1,549f2bb9-0a72-4033-baef-90b25e0dd089,1.421100496271034,2.2008239302846966,0.6537318640344933,0.16192761624257562,-0.24060160830739774,-0.49090484024661635,-1.053636846846847,2.0546961520742815,1.1376326790152318,2.3176882788849937,1.0888421419947205,1.1170550063604139,0.5990334233619526
Darius Garland,Away,CLE,UTA,129,113,1,549f2bb9-0a72-4033-baef-90b25e0dd089,0.003691033369200803,1.8551773250139545,-1.797571449648548,1.124636844533077,-0.10938659481966286,1.13431721480347,-0.6699976535256689,1.0926188321498558,1.170517680379191,1.1780883045128445,0.6181116393590437,0.06526082048695007,0.8706631558363452
Evan Mobley,Away,CLE,UTA,129,113,1,549f2bb9-0a72-4033-baef-90b25e0dd089,1.7511789260250403,1.766124846258761,1.2784730276244813,0.31933671144955744,2.850989970200304,1.7150881323371308,1.4946659446983765,1.8064374833157772,-0.5524108098686528,0.8630651358111954,1.3980252619248577,1.016344971951149,0.08257202832222063
Sam Merrill,Away,CLE,UTA,129,113,1,549f2bb9-0a72-4033-baef-90b25e0dd089,3.6124729235913096,0.08260538972700833,-0.5961045110106712,1.2719615437282774,0.007804278551390643,-0.6933828195626354,-0.11803490555673835,1.9737726271071707,1.4607672165468115,-1.2921643532538019,1.206951036592156,0.8975326620805368,0.7607740475493193
Marcus Morris,Away,CLE,UTA,129,113,1,549f2bb9-0a72-4033-baef-90b25e0dd089,0.1406291381672952,0.3707184399418498,0.4898312620829711,-0.42735631479246367,-1.3664351566701185,1.919448787257625,0.20320441141807546,1.65700944045315,0.8884749750127459,-1.2921643532538019,0.2676898037235069,0.08894687972608982,0.11372792321846997
Georges Niang,Away,CLE,UTA,129,113,1,549f2bb9-0a72-4033-baef-90b25e0dd089,0.28322108685844893,2.6897489661376746,2.4304704346447603,-2.8831267938383944,-0.30008765947449567,-0.5530589945291859,-1.0089696458967272,-0.583468077815868,0.6662811880585059,1.009885321552731,0.6387854150943053,-1.818767828706958,0.927316233639347
Damian Jones,Away,CLE,UTA,129,113,1,549f2bb9-0a72-4033-baef-90b25e0dd089,-1.4362365336882015,-0.45154878218192396,0.07022662610037644,2.1921942929237255,2.218716346377333,4.4660103691067725,3.6931042715894047,1.1436280200277251,-1.8201142207896,-1.2921643532538019,0.512091449907603,0.5044981651328795,-1.545096619518419
Tristan Thompson,Away,CLE,UTA,129,113,1,549f2bb9-0a72-4033-baef-90b25e0dd089,-2.072461417114244,-2.0275983764680197,0.23870014128644057,0.08453455844563763,0.8189467261589783,-1.2130318558503008,-1.8547007344717366,-2.9891366794415717,-0.17103693633369385,-1.2921643532538019,-0.9460599548041181,-2.5763735943592243,1.4282280104873566
Isaac Okoro,Away,CLE,UTA,129,113,1,549f2bb9-0a72-4033-baef-90b25e0dd089,-2.147500124982208,-2.0275983764680197,0.23870014128644057,0.08453455844563763,-2.5889650391617227,0.17476536399755174,0.7149011738075323,-2.9891366794415717,-0.17103693633369385,-1.2921643532538019,-1.4788266327286617,0.09074564632062354,0.10076665022568322
Darius Garland,Away,CLE,PHO,101,122,0,b94290f9-01bf-43b2-839e-0e060ddba3cb,1.6254340393429645,3.0076125574660475,0.2407580297322927,0.9167978241063777,-1.567014673196432,-0.16865887645714753,-0.33510060762579497,0.06332719933695788,-0.20749328567286562,-1.2921643532538019,1.198375120281112,-1.3142972375060205,-0.755955173131588
Max Strus,Away,CLE,PHO,101,122,0,b94290f9-01bf-43b2-839e-0e060ddba3cb,0.41661421808963467,3.351897528618376,-1.7378071556798016,0.1913309211988179,3.64669409828308,0.0017863295440823392,-1.9571168309358475,0.4369534284593237,0.3496604783849967,-1.2921643532538019,0.946466513753304,-0.34074189277021033,-0.38934753264230487
Donovan Mitchell,Away,CLE,PHO,101,122,0,b94290f9-01bf-43b2-839e-0e060ddba3cb,2.861963610757738,0.4970336240949772,1.4185293377781232,-0.5460093603699142,0.23500003555801138,2.382371655976574,-0.5010329769126839,0.908216635051247,0.027347847793050984,3.060177451381386,1.4333611918000293,-0.3374842397458182,-1.170369885163111
Jarrett Allen,Away,CLE,PHO,101,122,0,b94290f9-01bf-43b2-839e-0e060ddba3cb,1.2718797266897304,-0.4039911934649764,-0.16493245230315876,1.2010844056535945,0.6404991675489046,-1.0195849258935157,1.255553386246888,0.7610949805792824,-1.6640085651262453,0.9251514880314708,1.0490893471240625,-0.5693533038714207,-1.127698305348232
Evan Mobley,Away,CLE,PHO,101,122,0,b94290f9-01bf-43b2-839e-0e060ddba3cb,1.4861342988355002,1.4693159233397945,-0.25823613133113626,0.45121657687388683,2.681633739017682,0.13098555026959002,-0.40738642788420615,1.641995324097516,-0.4593478158717003,1.5132893944124448,1.225140228947908,0.12225590123023736,-1.0111238948721344
Caris LeVert,Away,CLE,PHO,101,122,0,b94290f9-01bf-43b2-839e-0e060ddba3cb,0.2247938738697751,3.533529932773805,0.3866981116935827,-3.5676354904598764,-0.4789171064982139,-0.47073598570153025,-0.9556876083389687,2.061990367991404,1.0273011019575014,2.1613882298410627,0.40668122781812543,-1.547545804817928,-1.4435608970098828
Georges Niang,Away,CLE,PHO,101,122,0,b94290f9-01bf-43b2-839e-0e060ddba3cb,-1.4852121638336881,-1.6459802098411351,-0.02404208665231553,-0.3080187829779232,-0.33461069308852304,-0.6175732459762645,-1.1348367207969186,-2.5228583474382704,1.5550806782051576,-1.2921643532538019,-0.8483029053883675,-3.2874213971088255,0.246748387933257
Sam Merrill,Away,CLE,PHO,101,122,0,b94290f9-01bf-43b2-839e-0e060ddba3cb,-1.7705760369737626,-1.8367892931545775,0.10732902731706252,-0.11174211226614275,-1.94484128171257,-0.08965390993183243,-0.1415027827765912,-1.5994905006016942,0.6764669836459065,2.021632587478226,-0.28402558098829955,-2.3586399594646688,0.6824898359648524
Marcus Morris,Away,CLE,PHO,101,122,0,b94290f9-01bf-43b2-839e-0e060ddba3cb,-2.147500124982208,-2.0275983764680197,0.23870014128644057,0.08453455844563763,-1.94484128171257,-0.08965390993183243,-0.1415027827765912,-2.9891366794415717,-0.17103693633369385,-1.2921643532538019,-1.5576211041219834,-1.099712200873451,0.0237169587694821
Damian Jones,Away,CLE,PHO,101,122,0,b94290f9-01bf-43b2-839e-0e060ddba3cb,-2.147500124982208,-2.0275983764680197,0.23870014128644057,0.08453455844563763,8.211896784715998,-5.500174673320495,3.586227009432957,-1.4073296565155557,-0.605775363694571,-1.2921643532538019,-1.3826776599213957,0.2864222535083735,-0.3522411584000619
Isaiah Mobley,Away,CLE,PHO,101,122,0,b94290f9-01bf-43b2-839e-0e060ddba3cb,-2.147500124982208,-2.0275983764680197,0.23870014128644057,0.08453455844563763,-1.94484128171257,-0.08965390993183243,-0.1415027827765912,-2.9891366794415717,-0.17103693633369385,-1.2921643532538019,-1.5726159999078255,-0.6485170711920991,0.5262074150000156
Pete Nance,Away,CLE,PHO,101,122,0,b94290f9-01bf-43b2-839e-0e060ddba3cb,-2.147500124982208,-2.0275983764680197,0.23870014128644057,0.08453455844563763,-1.94484128171257,-0.08965390993183243,-0.1415027827765912,-2.9891366794415717,-0.17103693633369385,-0.8748196053181041,-0.5008297061469927,-2.9455165775946477,2.2865477578954247
Tristan Thompson,Away,CLE,PHO,101,122,0,b94290f9-01bf-43b2-839e-0e060ddba3cb,-2.072461417114244,-2.0275983764680197,0.23870014128644057,0.08453455844563763,-1.94484128171257,-0.08965390993183243,-0.1415027827765912,-2.9891366794415717,-0.17103693633369385,-1.2921643532538019,-0.3505482048701728,-3.2283703268867163,2.498583961680975
Donovan Mitchell,Away,CLE,LAL,97,116,0,db473860-4bfd-4e06-b4c6-11c09c318116,1.512529043215874,4.406651272661833,0.11969923202399357,-0.7949706477533754,1.1460361199572966,2.456374772920861,-0.93398189437858,-0.18523556634146796,1.0086003675842934,-0.6800582566274463,1.4056475505643358,0.19041747978483417,0.7093630065997785
Darius Garland,Away,CLE,LAL,97,116,0,db473860-4bfd-4e06-b4c6-11c09c318116,4.740341316051172,2.615374406152043,4.342933548897501,-1.780870792400114,-1.0269571516054798,-0.3981493545619847,0.37235545796845626,0.7888262097874831,0.297210900605119,-1.2921643532538019,1.6154757205810646,-0.6107361945608315,-2.026313884671344
Jarrett Allen,Away,CLE,LAL,97,116,0,db473860-4bfd-4e06-b4c6-11c09c318116,0.21140677250370418,0.4354750173379012,0.2552124644624547,-0.017226969097342032,4.106823341864613,-2.0877870543788486,1.2321692946279785,0.10567865947422381,-1.4063448065015156,-1.2921643532538019,0.7730145662983737,-0.4559254141323687,-0.5200852970894954
Max Strus,Away,CLE,LAL,97,116,0,db473860-4bfd-4e06-b4c6-11c09c318116,-0.1445719574684436,0.44013751692399883,-1.3267450541356824,0.4470167006274631,1.170263145511074,-1.1000432814485743,0.10477848518671676,-0.45651569119131447,0.9147774286282518,-1.2921643532538019,0.489677489200599,-0.5273092929105831,0.511036652319084
Evan Mobley,Away,CLE,LAL,97,116,0,db473860-4bfd-4e06-b4c6-11c09c318116,-0.4975790593105915,2.4617113051745854,-0.054112497522238685,-1.682917814391163,0.15334142607479212,1.1327407217228656,0.26074217287489293,0.4057466201234281,0.5369037294164897,1.9931852468809492,0.4045650485922581,-1.0069733313941847,-0.7340958338771222
Caris LeVert,Away,CLE,LAL,97,116,0,db473860-4bfd-4e06-b4c6-11c09c318116,1.7349518644525004,-0.8478643828878711,-0.34003589028517184,0.6663534261552351,1.5794717567301877,-1.1067470024047328,-1.1651244485024135,1.301164292575283,-0.544213115360446,2.047045885249924,1.0010877169305656,-0.4950826765103087,-1.3449988087542752
Georges Niang,Away,CLE,LAL,97,116,0,db473860-4bfd-4e06-b4c6-11c09c318116,0.5060655626318548,-0.08786063976592906,-1.5531501256660871,-0.8977977526271179,-1.4325157344848005,-0.2265953197680037,-0.4270331881479415,3.3669908691336863,0.10996827351763427,-1.2921643532538019,0.04739420699228518,-1.0690924551734184,-1.5206042426852464
Sam Merrill,Away,CLE,LAL,97,116,0,db473860-4bfd-4e06-b4c6-11c09c318116,-1.3645011206081337,-1.5633424268366274,0.1872881853031355,0.6720439180816732,-0.4012337024089866,-0.586700618787351,-1.095219735020526,-2.2440803129643463,2.0965515959025045,-1.2921643532538019,-0.7920022572379611,-2.6460077456248547,-0.20276372640486595
Marcus Morris,Away,CLE,LAL,97,116,0,db473860-4bfd-4e06-b4c6-11c09c318116,-1.7012811608777414,0.1285865291038168,-1.1464167804782348,0.8309646303002943,0.003105385002934028,-1.2292578887086114,2.1831607680545155,0.005667214337993637,-1.3792664513421975,1.2057485322834953,0.4247576435812378,-1.3797400488713447,-0.7603392668481965
Damian Jones,Away,CLE,LAL,97,116,0,db473860-4bfd-4e06-b4c6-11c09c318116,-2.147500124982208,-2.0275983764680197,0.23870014128644057,0.08453455844563763,-1.9738994963343364,-0.07772522088238652,-0.10286801781790895,-2.9891366794415717,-0.17103693633369385,-1.2921643532538019,-1.6040404211852437,-0.808553496556949,0.5466633038522065
Isaiah Mobley,Away,CLE,LAL,97,116,0,db473860-4bfd-4e06-b4c6-11c09c318116,-2.147500124982208,-2.0275983764680197,0.23870014128644057,0.08453455844563763,-1.9738994963343364,-0.07772522088238652,-0.10286801781790895,-2.9891366794415717,-0.17103693633369385,-1.2921643532538019,-1.5887228131218218,-0.7331551639198141,0.4758206769651034
Pete Nance,Away,CLE,LAL,97,116,0,db473860-4bfd-4e06-b4c6-11c09c318116,-2.147500124982208,0.46569532997468194,-3.825472179317119,-3.2243348012175614,-1.9738994963343364,-0.07772522088238652,-0.10286801781790895,-2.9891366794415717,-0.17103693633369385,-1.2921643532538019,-0.5927011468707584,-3.3754556828482998,2.562050392105396
Craig Porter Jr.,Away,CLE,LAL,97,116,0,db473860-4bfd-4e06-b4c6-11c09c318116,-2.147500124982208,0.46569532997468194,-3.825472179317119,-3.2243348012175614,-1.9738994963343364,-0.07772522088238652,-0.10286801781790895,-2.9891366794415717,-0.17103693633369385,-1.2921643532538019,-0.6478445358990769,-3.646889680341986,2.817083848898967
Tristan Thompson,Away,CLE,LAL,97,116,0,db473860-4bfd-4e06-b4c6-11c09c318116,-2.147500124982208,-2.0275983764680197,0.23870014128644057,0.08453455844563763,4.679682584090222,-2.973858341733845,-3.8080590150811084,-2.9891366794415717,-0.17103693633369385,-1.2921643532538019,-1.4243289278883076,0.2113048095718034,-0.14739636626991443
Darius Garland,Away,CLE,LAC,118,120,0,85ee6001-e272-4dd4-8574-e9fc3a9cc7fd,4.363711673470593,5.604152343073844,2.2792017505375215,-0.6847092172062499,0.28697443195752814,-0.7786593474762958,0.4764392783480064,1.016950745059854,0.35266599799586673,1.956958873212776,2.0405958735546537,0.14328020922101517,-0.7055153429024688
Max Strus,Away,CLE,LAC,118,120,0,85ee6001-e272-4dd4-8574-e9fc3a9cc7fd,2.5497638899702197,3.1799403967780093,-1.353851754404748,0.9024805232932859,-0.3632799828613143,-0.4341476949822798,-1.0247418694217232,1.7232504096104686,1.1547975387982925,3.302996795203505,1.3893961250261109,0.39853701958820553,-0.37688712928456486
Caris LeVert,Away,CLE,LAC,118,120,0,85ee6001-e272-4dd4-8574-e9fc3a9cc7fd,2.637100252537065,-0.2174169034741665,0.6935311768698826,-0.24038598921094498,0.7652724633484831,0.7516169408052922,-0.26753443994980036,1.1206458876919496,0.46277060103030215,0.3774834722875164,1.0933472141330898,-0.12121479954864431,-0.23861442158380133
Jarrett Allen,Away,CLE,LAC,118,120,0,85ee6001-e272-4dd4-8574-e9fc3a9cc7fd,0.4767458451211109,-0.41513554448896745,0.5003425406311348,-0.560909633229739,3.0865882387208337,0.11503145062453447,-0.6088328335818639,0.2934551537539785,-1.459878196269133,2.676918366350325,1.0091137537113093,-0.2969573535629627,-0.19826040614464352
Evan Mobley,Away,CLE,LAC,118,120,0,85ee6001-e272-4dd4-8574-e9fc3a9cc7fd,1.5264411240786735,-0.13027578740335202,-0.48913829601104486,1.1696117279969456,0.8527031297590012,-0.8752408186133831,-0.7370008554143436,0.04525506854389264,-1.076424245671741,2.1759263298438007,1.371946599185691,-0.4577909075223148,-0.032119877621715066
Isaac Okoro,Away,CLE,LAC,118,120,0,85ee6001-e272-4dd4-8574-e9fc3a9cc7fd,-0.7158469145596793,-1.6459802098411351,-0.02404208665231553,-0.3080187829779232,-0.316336297033687,-0.6363330684382233,0.02454687226215184,2.90273826855386,-2.5589432653028212,2.4143250463224364,0.14929731096787457,-0.029508962829064532,-0.11876934082559885
Georges Niang,Away,CLE,LAC,118,120,0,85ee6001-e272-4dd4-8574-e9fc3a9cc7fd,-1.2878107653462212,0.25644001455704546,1.453631775540339,0.02447427850022177,-0.648936758907977,-0.4822347040676935,-0.8910391926734753,-1.3791768430006688,0.22153435620429462,-1.2921643532538019,-0.2722294467816029,-1.14603199435403,0.28847519623192824
Marcus Morris,Away,CLE,LAC,118,120,0,85ee6001-e272-4dd4-8574-e9fc3a9cc7fd,-1.8293876832691869,-1.4551711265276928,-0.1554132006216936,-0.5042954536897036,-1.2241664166827793,-0.31725514028614055,-0.575425501709185,2.9828141328497417,-2.581826287582978,-1.2921643532538019,-0.8827238209442031,-0.5942948877634587,0.6013451317308858
Sam Merrill,Away,CLE,LAC,118,120,0,85ee6001-e272-4dd4-8574-e9fc3a9cc7fd,-1.9517503738886894,0.7717252746607152,3.0376517780540966,-0.5997318535788001,-2.0465450328887522,-0.047903498258771764,-0.006281105421203289,-1.9756084787980037,2.022765716029328,-1.2921643532538019,-0.9954180201934844,-0.7155673810860241,-0.19704411989724663
Damian Jones,Away,CLE,LAC,118,120,0,85ee6001-e272-4dd4-8574-e9fc3a9cc7fd,-2.147500124982208,-2.0275983764680197,0.23870014128644057,0.08453455844563763,-2.5889650391617227,0.17476536399755174,0.7149011738075323,-2.9891366794415717,-0.17103693633369385,-1.2921643532538019,-3.0572406758914688,0.832265759610711,-0.16251704880014295
Isaiah Mobley,Away,CLE,LAC,118,120,0,85ee6001-e272-4dd4-8574-e9fc3a9cc7fd,-2.147500124982208,-2.0275983764680197,0.23870014128644057,0.08453455844563763,-2.5889650391617227,0.17476536399755174,0.7149011738075323,-2.9891366794415717,-0.17103693633369385,-1.2921643532538019,-3.0572406758914688,0.832265759610711,-0.16251704880014295
Pete Nance,Away,CLE,LAC,118,120,0,85ee6001-e272-4dd4-8574-e9fc3a9cc7fd,-2.147500124982208,-2.0275983764680197,0.23870014128644057,0.08453455844563763,-2.5889650391617227,0.17476536399755174,0.7149011738075323,-2.9891366794415717,-0.17103693633369385,-1.2921643532538019,-3.0572406758914688,0.832265759610711,-0.16251704880014295
Craig Porter Jr.,Away,CLE,LAC,118,120,0,85ee6001-e272-4dd4-8574-e9fc3a9cc7fd,-2.147500124982208,-2.0275983764680197,0.23870014128644057,0.08453455844563763,-2.5889650391617227,0.17476536399755174,0.7149011738075323,-2.9891366794415717,-0.17103693633369385,-1.2921643532538019,-3.0572406758914688,0.832265759610711,-0.16251704880014295
Tristan Thompson,Away,CLE,LAC,118,120,0,85ee6001-e272-4dd4-8574-e9fc3a9cc7fd,-2.147500124982208,-2.0275983764680197,0.23870014128644057,0.08453455844563763,-2.5889650391617227,0.17476536399755174,0.7149011738075323,-2.9891366794415717,-0.17103693633369385,-1.2921643532538019,-3.0572406758914688,0.832265759610711,-0.16251704880014295
Jarrett Allen,Home,CLE,MEM,110,98,1,1247407e-2d10-4402-83a4-8d6528da8502,0.7563658864892424,0.25719761776817857,-0.6002228113931714,1.5352817374865895,4.643012923274751,2.4590730321746457,3.292303852948635,0.5403354164168505,-1.3654121637613523,0.951709853762015,1.0763676597031933,0.07808216855281168,-0.6827097489375187
Donovan Mitchell,Home,CLE,MEM,110,98,1,1247407e-2d10-4402-83a4-8d6528da8502,4.405917936535952,4.4317074053542544,1.3210222040337671,0.8521347032705572,0.24923676055252578,0.8856742037198212,0.12059435824445457,1.8998931831651868,0.6040889451743996,3.1832039232340015,1.9103283714101722,1.1101944233634955,-1.2939553786823677
Evan Mobley,Home,CLE,MEM,110,98,1,1247407e-2d10-4402-83a4-8d6528da8502,0.7899933325311715,2.451025463023729,1.0226526582307602,-2.6051532651464795,5.577214395539378,4.314712309992671,0.5153750186054838,0.7358694825747338,0.5604664026681438,1.009885321552731,1.218407222512257,0.6289855043742432,0.6038201851831847
Darius Garland,Home,CLE,MEM,110,98,1,1247407e-2d10-4402-83a4-8d6528da8502,1.9678740351548565,2.614541725938211,-1.7902964063300677,2.37415214927855,1.0578368064977721,0.8598317062498351,-1.325323703259824,0.5972848985424055,0.7325542097847513,2.1567789582330614,1.6001930061820595,1.0347648637440718,1.572253445011897
Max Strus,Home,CLE,MEM,110,98,1,1247407e-2d10-4402-83a4-8d6528da8502,-0.05512061292622351,-0.5997565393587768,0.9746374556101993,-0.41148815910007014,0.7292705787354069,-0.8245789818947744,-0.5924317342256793,2.5155119715796004,0.7703007218076113,-0.8305551628045793,0.2232123872424733,-0.12285277372141974,-0.1685197756158441
Caris LeVert,Home,CLE,MEM,110,98,1,1247407e-2d10-4402-83a4-8d6528da8502,1.6073925528721407,1.227479780220167,1.4149226755949567,-0.9739712706078094,-1.1650282402956165,-0.25979707819524966,-0.5072686981230291,1.137035427553959,0.1757100584554787,2.074868935062875,1.2792098008351898,0.5520391583934793,0.641592484964451
Isaac Okoro,Home,CLE,MEM,110,98,1,1247407e-2d10-4402-83a4-8d6528da8502,-0.38426349525092796,-1.0755838529025068,1.2020677879129757,-0.6340327682003514,-0.23098356676976084,-0.4941033939394111,-1.0582187192579402,0.5431037860435863,1.0644085097647404,2.3617419109791187,0.45353481325233186,0.18816047430944466,1.3042807408195296
Georges Niang,Home,CLE,MEM,110,98,1,1247407e-2d10-4402-83a4-8d6528da8502,-1.0719045458065037,-0.48669558376352834,-1.1151881493162656,-0.5986821667928575,-0.2548062314260735,1.6075951237622854,-0.4596711299658376,0.7352426460537235,1.2700214219163857,0.7846087328420079,0.13911015211763392,0.5741496606506449,1.790972359695213
Emoni Bates,Home,CLE,MEM,110,98,1,1247407e-2d10-4402-83a4-8d6528da8502,-2.147500124982208,-2.0275983764680197,0.23870014128644057,0.08453455844563763,-2.0078007467263967,-0.06380841699136632,-0.05779412536611298,-2.9891366794415717,-0.17103693633369385,-1.2921643532538019,-1.5952549470516204,-0.809807439972692,0.41656185012846636
Isaiah Mobley,Home,CLE,MEM,110,98,1,1247407e-2d10-4402-83a4-8d6528da8502,-1.99742270924628,-1.8367892931545775,0.10732902731706252,-0.11174211226614275,2.06056383421994,-2.59662183634856,4.929032460510123,-2.6916408632031925,-0.25279966808505144,-1.2921643532538019,0.21796079374588537,-5.316404594538769,3.945150689588996
Pete Nance,Home,CLE,MEM,110,98,1,1247407e-2d10-4402-83a4-8d6528da8502,-2.072461417114244,3.2334201004390253,9.18068279241083,-4.291333747226528,-2.3371271791064148,0.07138339223568725,0.38006654416561936,-2.9891366794415717,-0.17103693633369385,-1.2921643532538019,-0.2069083030582528,-0.6918284558178377,-0.04714434574065918
Craig Porter Jr.,Home,CLE,MEM,110,98,1,1247407e-2d10-4402-83a4-8d6528da8502,-2.147500124982208,-2.0275983764680197,0.23870014128644057,0.08453455844563763,-2.0078007467263967,-0.06380841699136632,-0.05779412536611298,-2.9891366794415717,-0.17103693633369385,-1.2921643532538019,-1.6473348144672544,-1.0661617709389508,0.6574267815446168
Damian Jones,Home,CLE,MEM,110,98,1,1247407e-2d10-4402-83a4-8d6528da8502,-2.147500124982208,-2.0275983764680197,0.23870014128644057,0.08453455844563763,-2.0078007467263967,-0.06380841699136632,-0.05779412536611298,-2.9891366794415717,-0.17103693633369385,-1.2921643532538019,-1.6019971031970734,-0.8216088846857833,0.6878452196672512
Marcus Morris,Home,CLE,MEM,110,98,1,1247407e-2d10-4402-83a4-8d6528da8502,-2.147500124982208,-2.0275983764680197,0.23870014128644057,0.08453455844563763,-2.5889650391617227,0.17476536399755174,0.7149011738075323,-2.9891366794415717,-0.17103693633369385,-1.2921643532538019,-3.0572406758914688,0.832265759610711,-0.16251704880014295
Tristan Thompson,Home,CLE,MEM,110,98,1,1247407e-2d10-4402-83a4-8d6528da8502,-2.147500124982208,-2.0275983764680197,0.23870014128644057,0.08453455844563763,-2.5889650391617227,0.17476536399755174,0.7149011738075323,-2.9891366794415717,-0.17103693633369385,-1.2921643532538019,-3.0572406758914688,0.832265759610711,-0.16251704880014295
Jarrett Allen,Home,CLE,IND,129,120,1,a343410c-5521-4a80-8c9e-ea703ac97f36,2.222203768725476,0.04137912886245005,-1.0440263436927226,0.09461821485878583,3.9292606389645255,-1.7557781487273978,-0.6691515402284401,2.144630519019958,-2.294865334577285,2.2861968986981767,1.5657987152645645,0.8725391710107391,-0.1971325030444168
Donovan Mitchell,Home,CLE,IND,129,120,1,a343410c-5521-4a80-8c9e-ea703ac97f36,5.519542581475119,2.735478987958578,3.0226011351971422,-0.5835923539906354,-0.04011557342042023,-0.7298427045554104,0.7239468601727121,0.9542408800294372,0.177720326208429,2.383511659231931,2.277523700680798,1.0299144142665349,-0.002841540171531539
Evan Mobley,Home,CLE,IND,129,120,1,a343410c-5521-4a80-8c9e-ea703ac97f36,-0.043075723610562194,0.09437335850917794,-1.2274486529011044,-0.7309413654401206,1.0458389644826964,0.6678509732676413,-0.33606079207839656,2.0842185844626764,-1.8712767998759559,-1.2921643532538019,0.3589474140222054,-0.23868598835815819,-0.3625727957276631
Darius Garland,Home,CLE,IND,129,120,1,a343410c-5521-4a80-8c9e-ea703ac97f36,1.9915865637721708,0.9760712130765673,-1.981808235038188,0.08953985299621493,-1.0314289482706596,-0.31529877273094625,-0.6531981014791178,2.0990220332083345,0.8553040722932518,-1.2921643532538019,0.956594923763866,-0.16312032194471507,0.19354831968000075
Max Strus,Home,CLE,IND,129,120,1,a343410c-5521-4a80-8c9e-ea703ac97f36,0.11164108731444741,1.4154639989164228,0.8534932280785805,2.4229572951642337,0.7317684479805935,-1.0082553098386484,0.479993872417633,-0.45111407457226593,0.6421551282252589,0.971827966898186,0.9330316792992704,1.024723913548327,0.9634809324609394
Caris LeVert,Home,CLE,IND,129,120,1,a343410c-5521-4a80-8c9e-ea703ac97f36,0.9249481232774217,0.8999206312649191,0.47166522345307094,0.8830317588237153,1.2818027862156995,-1.1670706389815242,0.20088344974294864,1.146193175577568,-0.20248925765929657,1.5707807633570552,1.1567794590526368,0.7718659949626033,0.34525452803122575
Georges Niang,Home,CLE,IND,129,120,1,a343410c-5521-4a80-8c9e-ea703ac97f36,1.2365439632935344,-0.15791904717405478,2.105532809420973,-1.3231834715658977,0.440320941100856,-0.6975147206100047,-1.5002632894269738,0.4804703466413051,1.4254150282263653,-1.2921643532538019,0.503486266869751,-0.23336413700798278,0.2354693646361783
Isaac Okoro,Home,CLE,IND,129,120,1,a343410c-5521-4a80-8c9e-ea703ac97f36,-1.081283339024239,-1.0755838529025068,1.2020677879129757,-0.6340327682003514,-0.7886234073346644,1.2107781068099914,0.8579410685704473,0.7452666571625013,-0.9671107494090608,2.1696604331816096,0.0032599213120659124,-0.36352858774737506,-0.43523664567293413
Emoni Bates,Home,CLE,IND,129,120,1,a343410c-5521-4a80-8c9e-ea703ac97f36,-2.147500124982208,-2.0275983764680197,0.23870014128644057,0.08453455844563763,-2.5889650391617227,0.17476536399755174,0.7149011738075323,-2.9891366794415717,-0.17103693633369385,-1.2921643532538019,-3.0572406758914688,0.832265759610711,-0.16251704880014295
Damian Jones,Home,CLE,IND,129,120,1,a343410c-5521-4a80-8c9e-ea703ac97f36,-2.147500124982208,-2.0275983764680197,0.23870014128644057,0.08453455844563763,-2.5889650391617227,0.17476536399755174,0.7149011738075323,-2.9891366794415717,-0.17103693633369385,-1.2921643532538019,-3.0572406758914688,0.832265759610711,-0.16251704880014295
Isaiah Mobley,Home,CLE,IND,129,120,1,a343410c-5521-4a80-8c9e-ea703ac97f36,-2.147500124982208,-2.0275983764680197,0.23870014128644057,0.08453455844563763,-2.5889650391617227,0.17476536399755174,0.7149011738075323,-2.9891366794415717,-0.17103693633369385,-1.2921643532538019,-3.0572406758914688,0.832265759610711,-0.16251704880014295
Marcus Morris,Home,CLE,IND,129,120,1,a343410c-5521-4a80-8c9e-ea703ac97f36,-2.147500124982208,-2.0275983764680197,0.23870014128644057,0.08453455844563763,-2.5889650391617227,0.17476536399755174,0.7149011738075323,-2.9891366794415717,-0.17103693633369385,-1.2921643532538019,-3.0572406758914688,0.832265759610711,-0.16251704880014295
Pete Nance,Home,CLE,IND,129,120,1,a343410c-5521-4a80-8c9e-ea703ac97f36,-2.147500124982208,-2.0275983764680197,0.23870014128644057,0.08453455844563763,-2.5889650391617227,0.17476536399755174,0.7149011738075323,-2.9891366794415717,-0.17103693633369385,-1.2921643532538019,-3.0572406758914688,0.832265759610711,-0.16251704880014295
Craig Porter Jr.,Home,CLE,IND,129,120,1,a343410c-5521-4a80-8c9e-ea703ac97f36,-2.147500124982208,-2.0275983764680197,0.23870014128644057,0.08453455844563763,-2.5889650391617227,0.17476536399755174,0.7149011738075323,-2.9891366794415717,-0.17103693633369385,-1.2921643532538019,-3.0572406758914688,0.832265759610711,-0.16251704880014295
Tristan Thompson,Home,CLE,IND,129,120,1,a343410c-5521-4a80-8c9e-ea703ac97f36,-2.147500124982208,-2.0275983764680197,0.23870014128644057,0.08453455844563763,-2.5889650391617227,0.17476536399755174,0.7149011738075323,-2.9891366794415717,-0.17103693633369385,-1.2921643532538019,-3.0572406758914688,0.832265759610711,-0.16251704880014295
Max Strus,Home,CLE,CHO,110,120,0,9e773570-ebd5-4ecb-b52c-87d6a4fde462,1.9442625810206322,2.6376203311933173,-1.7000408326209833,3.0102551003838354,2.890385461807346,-1.5725860246530015,-0.008391978670943703,1.4544091682484157,0.9557635312898225,-1.2921643532538019,0.9678636605997682,-0.14293854463462868,-1.1199986258380559
Isaac Okoro,Home,CLE,CHO,110,120,0,9e773570-ebd5-4ecb-b52c-87d6a4fde462,0.5596805879664223,-0.2474079956546638,0.036081942963572575,2.2349866539046763,-0.6056526515123518,-0.4133212595380651,-0.9227051740782618,2.748765388293365,1.1235497506460952,1.1780883045128445,0.5962928245815463,1.091654125563939,0.34530240024945535
Evan Mobley,Home,CLE,CHO,110,120,0,9e773570-ebd5-4ecb-b52c-87d6a4fde462,0.3763540478460911,-0.3627499823359098,0.05075649472899056,2.124545762969072,1.3952974787324206,-1.2959520111617913,1.0869992194855753,-0.16410581820090345,-1.0550676301069628,2.074868935062875,1.1195531277322412,0.36063313500769906,0.584716572100234
Jarrett Allen,Home,CLE,CHO,110,120,0,9e773570-ebd5-4ecb-b52c-87d6a4fde462,0.0792869670089403,2.164052922964916,0.4767866090173796,-1.6775620046209718,1.683460413876297,-1.1613860882665725,-1.1325679134211912,2.438614468999048,-2.43226031486708,-1.2921643532538019,0.7552828333956968,0.8191368754766184,0.13157905315059726
Craig Porter Jr.,Home,CLE,CHO,110,120,0,9e773570-ebd5-4ecb-b52c-87d6a4fde462,-1.754348975401223,0.6172440270475916,2.0985971329844677,0.28752349590357434,1.502829877743872,2.12188360993476,-1.2650871848585679,0.26531056087042715,-1.4502174918315123,-1.2921643532538019,-0.34348321750386873,1.0079288084083833,0.06924762717042701
Emoni Bates,Home,CLE,CHO,110,120,0,9e773570-ebd5-4ecb-b52c-87d6a4fde462,0.3986566078484701,1.4404001424454858,-2.734516514494061,-0.7695949843782455,-0.6160565583600617,-0.4087921719028247,-0.9157716310096379,-0.8649352487739216,0.5137135175991313,-1.2921643532538019,0.5058940070210468,-3.392654949235749,-0.07234931193653775
Georges Niang,Home,CLE,CHO,110,120,0,9e773570-ebd5-4ecb-b52c-87d6a4fde462,2.0829312344873516,-1.273388097933934,-0.06580269068007402,0.15415902979613472,-1.4385232600215139,-0.2235795568355753,-0.4422049366788015,3.0956702500320037,0.7898509871644558,-1.2921643532538019,0.6257802225909511,0.7387878632660806,-0.023665685949273006
Marcus Morris,Home,CLE,CHO,110,120,0,9e773570-ebd5-4ecb-b52c-87d6a4fde462,0.05282944101902311,-1.1181621700210662,-0.6717236133224409,-0.7690406349108494,-0.10888241040895995,-0.738640153867612,-0.01077453174609182,-0.1719726873901207,0.43348152501690773,-1.2921643532538019,0.3362201203662013,-1.3936480820750754,1.4086214303703641
Isaiah Mobley,Home,CLE,CHO,110,120,0,9e773570-ebd5-4ecb-b52c-87d6a4fde462,0.4182658654835827,-0.5412120367807267,1.0603575294520493,-1.0626205890697948,0.19042371617839707,-1.0041699868039367,1.271739547920163,1.0402422969707272,-0.16590582469207338,-0.9431120461387906,0.4725425057440941,-1.2612682880112627,-0.7037600071317199
Damian Jones,Home,CLE,CHO,110,120,0,9e773570-ebd5-4ecb-b52c-87d6a4fde462,-0.8068599186169638,-1.8367892931545775,0.10732902731706252,-0.11174211226614275,-1.94484128171257,-0.08965390993183243,-0.1415027827765912,1.466614440183633,0.5297943579609583,-1.2921643532538019,-0.6035005774430315,-1.854631860555726,-0.695048450729885
Pete Nance,Home,CLE,CHO,110,120,0,9e773570-ebd5-4ecb-b52c-87d6a4fde462,-1.2456834035555397,-1.8367892931545775,0.10732902731706252,-0.11174211226614275,-1.2178940480663218,-0.31886380253426366,-0.5926396999882936,1.2264762749434854,1.389114288003581,-1.2921643532538019,-0.8281300102316151,-1.9653807585816416,-0.5387162832667092
Tristan Thompson,Home,CLE,CHO,110,120,0,9e773570-ebd5-4ecb-b52c-87d6a4fde462,-0.8930079683712879,-2.0275983764680197,0.23870014128644057,0.08453455844563763,0.6509633783921454,-1.2667916073025902,1.489304661136594,-0.4738853934548228,-1.1914928134250444,-0.5131199577497396,-0.031739539552476145,-2.903508673446643,-0.43298017373958214
