player,location,team,opponent,team_score,opponent_score,win,game_id,PCA1_1,PCA2_1,PCA2_2,PCA2_3,PCA3_1,PCA3_2,PCA3_3,PCA4_1,PCA4_2,PCA5_1,PCA5_2,PCA6_1,PCA6_2,PCA6_3
Kyrie Irving,Away,DAL,SAS,126,119,1,68f10ebb-eaa0-485a-a2a8-a3a26ac8566b,3.1379237300421607,2.017801037839882,-0.3559244174383427,-0.47656442809560656,-1.0938577101293416,-0.3565458261156008,-0.33570566534978413,0.1107974948031086,-0.1705738958111572,0.49989380977860437,-0.28909086233306475,1.6346552252989441,-0.40546348463476123,0.044750161433065296
Grant Williams,Away,DAL,SAS,126,119,1,68f10ebb-eaa0-485a-a2a8-a3a26ac8566b,2.38456801358268,0.40543145153172383,-1.2308142915583624,1.9185427937957493,1.2801136092922807,0.3262073687952071,-0.715371231878125,1.925897758223603,1.1593538544677877,0.5393897012749825,-0.1932696584257114,1.0794487495485867,0.0443831170846474,-0.09639086126050965
Luka DonÄiÄ,Away,DAL,SAS,126,119,1,68f10ebb-eaa0-485a-a2a8-a3a26ac8566b,4.936898135958303,4.439887045420632,-0.39312579384141344,-1.569095489526355,3.9322634283907183,-2.2437544725842735,-2.1431355291120773,1.0364881035893745,0.13582528420176865,2.1198529363897776,-0.7996875141556489,2.174208152975867,0.7685107729596307,-0.6785269192553579
Maxi Kleber,Away,DAL,SAS,126,119,1,68f10ebb-eaa0-485a-a2a8-a3a26ac8566b,0.27324383523020196,-0.5065444809630671,-0.2819243457439576,-0.2834811382847299,2.5678516635129145,0.30419711949419437,-0.007139313041289469,0.5971815332047026,1.4186358034689242,-1.189345701899674,-0.07171754449906981,0.19280670978647826,-0.759032391769035,-0.9332546224066031
Derrick Jones Jr.,Away,DAL,SAS,126,119,1,68f10ebb-eaa0-485a-a2a8-a3a26ac8566b,-1.3315905957323062,-1.0989407420230228,-0.6107207158744306,0.7757510316893822,-1.1644603883912334,-0.38357246571103115,-0.20766867502303324,-2.024560705039978,1.2785447492352449,0.6004012318191203,0.8702711583538645,-0.2094957814242231,-1.4533674695407388,1.0669049436421802
Dereck Lively II,Away,DAL,SAS,126,119,1,68f10ebb-eaa0-485a-a2a8-a3a26ac8566b,0.25128056515492925,0.5623414963483634,0.49010676847360996,1.0197720832719406,3.9117000885304103,0.33902773210065223,1.9103722496823512,2.0368204017706075,-2.155495814738262,1.0150219474553788,0.04770180410380308,1.0415824962441553,1.5084546540838673,0.87258058211249
Josh Green,Away,DAL,SAS,126,119,1,68f10ebb-eaa0-485a-a2a8-a3a26ac8566b,0.12088098244986864,0.06594744485836859,0.9555713310003017,0.4370338136058099,-0.7065618119512684,0.010809171579106333,1.485613621752527,3.062280200215136,1.081230996982315,1.9061872748546709,0.6320864366201866,0.5836749845126707,0.4317149841278066,-0.07328963466919076
Tim Hardaway Jr.,Away,DAL,SAS,126,119,1,68f10ebb-eaa0-485a-a2a8-a3a26ac8566b,2.4395085934533123,0.5951267718911635,0.36691406423780043,-0.8426631574803335,1.2431335213564727,-0.8407995306014729,0.5006894775701413,0.8123420807040108,1.0882507614724066,2.041829691015732,-0.537759352501739,1.2585541991086482,0.6979433649338724,0.17507846355136847
Dante Exum,Away,DAL,SAS,126,119,1,68f10ebb-eaa0-485a-a2a8-a3a26ac8566b,-1.308545133396513,-1.5364460173692835,0.0616998630418809,-0.12093052884928601,-0.9053122556184771,-0.5341760408385888,-0.29232674205892567,0.7271458809445578,-0.23086103890402584,0.8690594894794451,0.6065440639846466,-0.3294023805472608,-0.27170986655713136,0.7138837217256823
Seth Curry,Away,DAL,SAS,126,119,1,68f10ebb-eaa0-485a-a2a8-a3a26ac8566b,-1.8116910513644735,-1.7428340239631492,0.09873478374187467,-0.3326288988822158,-1.9412222623756554,-0.0002629295630244458,0.14443728872853243,-2.797218790709896,-0.2918593781365396,-1.189345701899674,-0.07171754449906981,-1.0736393092870118,-0.13344971762926464,0.7516772370625486
Jaden Hardy,Away,DAL,SAS,126,119,1,68f10ebb-eaa0-485a-a2a8-a3a26ac8566b,-1.8116910513644735,-1.7428340239631492,0.09873478374187467,-0.3326288988822158,-2.545338878897405,0.3760490528798697,0.18115165338742384,-2.797218790709896,-0.2918593781365396,-1.189345701899674,-0.07171754449906981,-2.7331050483039485,0.6954159844458441,-0.24750831568169968
Richaun Holmes,Away,DAL,SAS,126,119,1,68f10ebb-eaa0-485a-a2a8-a3a26ac8566b,-1.8116910513644735,-1.7428340239631492,0.09873478374187467,-0.3326288988822158,-2.545338878897405,0.3760490528798697,0.18115165338742384,-2.797218790709896,-0.2918593781365396,-1.189345701899674,-0.07171754449906981,-2.7331050483039485,0.6954159844458441,-0.24750831568169968
Markieff Morris,Away,DAL,SAS,126,119,1,68f10ebb-eaa0-485a-a2a8-a3a26ac8566b,-1.8116910513644735,-1.7428340239631492,0.09873478374187467,-0.3326288988822158,-2.545338878897405,0.3760490528798697,0.18115165338742384,-2.797218790709896,-0.2918593781365396,-1.189345701899674,-0.07171754449906981,-2.7331050483039485,0.6954159844458441,-0.24750831568169968
Dwight Powell,Away,DAL,SAS,126,119,1,68f10ebb-eaa0-485a-a2a8-a3a26ac8566b,-1.8116910513644735,-1.7428340239631492,0.09873478374187467,-0.3326288988822158,-2.545338878897405,0.3760490528798697,0.18115165338742384,-2.797218790709896,-0.2918593781365396,-1.189345701899674,-0.07171754449906981,-2.7331050483039485,0.6954159844458441,-0.24750831568169968
Olivier-Maxence Prosper,Away,DAL,SAS,126,119,1,68f10ebb-eaa0-485a-a2a8-a3a26ac8566b,-1.8116910513644735,-1.7428340239631492,0.09873478374187467,-0.3326288988822158,-2.545338878897405,0.3760490528798697,0.18115165338742384,-2.797218790709896,-0.2918593781365396,-1.189345701899674,-0.07171754449906981,-2.7331050483039485,0.6954159844458441,-0.24750831568169968
Luka DonÄiÄ,Home,DAL,BRK,125,120,1,653739b2-d05a-4efe-889c-5f98e6da05cf,7.934408666603806,0.8250349156697782,-0.9859883394906641,-2.39991049723408,2.684834863943084,-1.7213596799893538,-1.4015732058967176,2.8014425139087975,0.739894888252661,4.0864400220932495,-1.454334343214337,2.4339969683804585,2.1979575932207323,-1.3190109306165723
Kyrie Irving,Home,DAL,BRK,125,120,1,653739b2-d05a-4efe-889c-5f98e6da05cf,1.4987601906687325,0.3747428484986807,-0.708181493137799,-1.50113657449828,1.4331244873517146,-1.195371109310106,-0.6838117660210266,0.12820837984966738,-0.11377921510337721,2.00072172231542,-0.6374916259563314,1.228915937349161,-0.6729342308909335,-0.6169891501321857
Grant Williams,Home,DAL,BRK,125,120,1,653739b2-d05a-4efe-889c-5f98e6da05cf,-0.21730020309169754,0.3374954636182377,-1.133082669074772,2.1875322653323424,0.9958206756851851,-1.2994585707250306,-1.390225919375506,0.012173164927055533,1.0863556871696363,-1.189345701899674,-0.07171754449906981,0.39513087062077273,-0.988747043923279,0.18138044302788803
Dereck Lively II,Home,DAL,BRK,125,120,1,653739b2-d05a-4efe-889c-5f98e6da05cf,-0.6756902124813191,-1.1513088596754404,-0.5292870580803203,0.6105749745127257,0.1624174816812434,1.5034222991797213,0.4040842978491766,2.3711506793464516,-2.321823593488424,0.46579278529064777,0.543696851159415,0.25383571707274455,0.16998048167747729,-0.14208779147621348
Derrick Jones Jr.,Home,DAL,BRK,125,120,1,653739b2-d05a-4efe-889c-5f98e6da05cf,-0.8299123949628473,-0.523868095332144,-0.7546266667225363,0.3827107266117651,-1.1939263178334063,-0.36765435217203574,-0.1830134395655912,-0.3239062833924381,-0.14600846225549152,-1.189345701899674,-0.07171754449906981,0.09450570391095049,-0.7968299609794326,0.6981122283074844
Tim Hardaway Jr.,Home,DAL,BRK,125,120,1,653739b2-d05a-4efe-889c-5f98e6da05cf,2.4740835301380564,-0.6150685940496357,-0.4576146146214379,0.18737721623605091,0.16385320756767552,-0.6521704895387297,0.07199933539981883,0.5589108817033542,0.6495051308143812,2.00072172231542,-0.6374916259563314,1.4591796676308821,0.22718554649973852,1.0096111611089034
Josh Green,Home,DAL,BRK,125,120,1,653739b2-d05a-4efe-889c-5f98e6da05cf,-0.4473669133456353,2.8208647418608708,2.0954227670013803,1.6768315163427263,-0.3238839510448782,-0.4270430994499344,0.34532458768403385,-0.7094732433666171,0.10603162096154839,2.05082186899664,0.5746829030544788,0.8900471297474032,-0.0782009107657199,0.7757044644888464
Maxi Kleber,Home,DAL,BRK,125,120,1,653739b2-d05a-4efe-889c-5f98e6da05cf,-1.6199417152788853,-0.9559644217461376,-0.1889003376745034,-0.665393470145093,0.8047697811230049,-0.9415627609534682,-0.16739999378224837,-2.346242385313712,-0.41839567921534776,-1.189345701899674,-0.07171754449906981,0.18628575559952865,0.25791608298212454,0.8810539756252531
Dwight Powell,Home,DAL,BRK,125,120,1,653739b2-d05a-4efe-889c-5f98e6da05cf,-0.20484780707320346,-0.7132375501036251,1.9505217795918723,0.016432689444452964,-0.07039235717880085,-0.11215243018660624,2.438893879880272,4.80667923568419,-0.04009569592324282,1.3174803102651798,0.3646044056740393,0.27006035880272494,0.8003559602912368,-1.5154450790528706
Seth Curry,Home,DAL,BRK,125,120,1,653739b2-d05a-4efe-889c-5f98e6da05cf,-1.5387445447557047,0.11531532139128098,-1.6023103947714816,1.7946875115746805,-1.8951455712850134,-0.028964690935787563,0.14163704057658308,2.1746698758332186,-2.2666268082410337,-1.189345701899674,-0.07171754449906981,-0.43861938579950294,-0.3278963307078601,0.41871323268309
Dante Exum,Home,DAL,BRK,125,120,1,653739b2-d05a-4efe-889c-5f98e6da05cf,-1.3527599458445918,0.48457857448756125,4.628465418411036,0.6302849988959563,-0.49049216773734844,5.3823773401206045,-0.9000106482656225,0.33084686079584885,-0.11976597298774858,-1.189345701899674,-0.07171754449906981,0.17669157541420275,1.0238514154315872,-1.071292875497661
Jaden Hardy,Home,DAL,BRK,125,120,1,653739b2-d05a-4efe-889c-5f98e6da05cf,-1.8116910513644735,-1.7428340239631492,0.09873478374187467,-0.3326288988822158,-2.545338878897405,0.3760490528798697,0.18115165338742384,-2.797218790709896,-0.2918593781365396,-1.189345701899674,-0.07171754449906981,-2.7331050483039485,0.6954159844458441,-0.24750831568169968
Richaun Holmes,Home,DAL,BRK,125,120,1,653739b2-d05a-4efe-889c-5f98e6da05cf,-1.8116910513644735,-1.7428340239631492,0.09873478374187467,-0.3326288988822158,-2.545338878897405,0.3760490528798697,0.18115165338742384,-2.797218790709896,-0.2918593781365396,-1.189345701899674,-0.07171754449906981,-2.7331050483039485,0.6954159844458441,-0.24750831568169968
Markieff Morris,Home,DAL,BRK,125,120,1,653739b2-d05a-4efe-889c-5f98e6da05cf,-1.8116910513644735,-1.7428340239631492,0.09873478374187467,-0.3326288988822158,-2.545338878897405,0.3760490528798697,0.18115165338742384,-2.797218790709896,-0.2918593781365396,-1.189345701899674,-0.07171754449906981,-2.7331050483039485,0.6954159844458441,-0.24750831568169968
Olivier-Maxence Prosper,Home,DAL,BRK,125,120,1,653739b2-d05a-4efe-889c-5f98e6da05cf,-1.8116910513644735,-1.7428340239631492,0.09873478374187467,-0.3326288988822158,-2.545338878897405,0.3760490528798697,0.18115165338742384,-2.797218790709896,-0.2918593781365396,-1.189345701899674,-0.07171754449906981,-2.7331050483039485,0.6954159844458441,-0.24750831568169968
Luka DonÄiÄ,Away,DAL,MEM,125,110,1,55586816-b5c9-4663-ba0e-4b60f0d54767,5.495479586504748,5.514029982348492,-2.347269514233251,-0.8616531865149943,3.32397096695371,-0.7849101747146968,-2.818459227561112,1.5757441287760414,0.797246767345301,3.7618706480708703,-1.190713933186053,2.322922659831297,0.6575382474346005,-0.3781261133540161
Josh Green,Away,DAL,MEM,125,110,1,55586816-b5c9-4663-ba0e-4b60f0d54767,0.9700152015072585,0.27377447498021523,0.3787513633461313,-0.3850408989805609,-0.9200359872715345,-0.15665105006042254,0.5983258797905204,1.3316708626032399,0.4781315769060743,-1.189345701899674,-0.07171754449906981,0.9680615128348746,0.20055414842326066,0.03863261249786813
Grant Williams,Away,DAL,MEM,125,110,1,55586816-b5c9-4663-ba0e-4b60f0d54767,1.8631881798994372,-0.47401158897138734,-0.6406841579911122,-0.09195913918579506,-0.428447574819622,-0.365476738976016,0.38707828954179907,2.308991015296172,1.8076581882578775,1.6643756942646004,0.04542600453434927,1.0917305147234362,1.2198080847428552,0.860656914912229
Derrick Jones Jr.,Away,DAL,MEM,125,110,1,55586816-b5c9-4663-ba0e-4b60f0d54767,2.41818975971346,-1.2964433571692828,-0.30359949219378607,0.15280133033742077,-0.06432751924499445,-0.8109131042520066,-0.8291883600489518,2.94073395621688,0.8278112542818312,2.29343810508557,-0.08781246128596763,1.20697633427951,1.036381343475761,0.26734206840337554
Dereck Lively II,Away,DAL,MEM,125,110,1,55586816-b5c9-4663-ba0e-4b60f0d54767,-1.4748280993938419,-0.7108939909938208,-0.08643981975809417,0.7258629512824332,2.9170600935221174,0.3838473979229825,-0.5631088134480143,0.19867578558657695,-1.4223264490240544,-1.189345701899674,-0.07171754449906981,-0.44796488364280657,-0.6291114428638472,0.3051559316816136
Tim Hardaway Jr.,Away,DAL,MEM,125,110,1,55586816-b5c9-4663-ba0e-4b60f0d54767,2.611964691650123,-1.1050176699046794,-0.31736765352403407,0.31730654117702,0.3192582906435043,-0.9648601131682492,-1.0498794649130747,1.6814505934026658,0.44338835911921315,1.029724529362996,-0.3335215085081069,1.2140103739540338,0.19779517572589805,0.23702154480487875
Maxi Kleber,Away,DAL,MEM,125,110,1,55586816-b5c9-4663-ba0e-4b60f0d54767,-0.3787716224685156,1.2405310418256283,-0.0903597439479395,1.330348619752972,0.8037263781517004,-0.8992888087718033,-0.00941119859041171,1.5225410411557614,0.9779335365261116,1.3174803102651798,0.3646044056740393,0.4568794298682425,0.35423545894100444,0.38569733792811
Seth Curry,Away,DAL,MEM,125,110,1,55586816-b5c9-4663-ba0e-4b60f0d54767,-0.6123148632497167,1.0327121714464025,0.71557367081226,0.515276088486593,-0.10668270613045479,1.3435822195104314,-0.8273503916013095,-0.37010154944250767,1.2815661630581927,-1.189345701899674,-0.07171754449906981,0.3443796131434151,0.3580303769979791,1.25802557487271
Dwight Powell,Away,DAL,MEM,125,110,1,55586816-b5c9-4663-ba0e-4b60f0d54767,-1.8116910513644735,0.29695165124718187,-2.497463006469215,4.73930555759208,4.836000263677586,7.349907712846723,0.030133258094350343,-2.0479041478977753,-0.5021043091597901,-1.189345701899674,-0.07171754449906981,-0.322689177494386,0.9467130130264151,0.41944775188217454
Jaden Hardy,Away,DAL,MEM,125,110,1,55586816-b5c9-4663-ba0e-4b60f0d54767,0.08725923631908908,-0.37937678740685793,-0.7920992647617516,0.06521621184378859,-1.9565811594058693,0.009304324227896595,0.1453707047791822,0.7575105048141898,1.4497014202007543,-1.189345701899674,-0.07171754449906981,0.43150994974498535,-1.379752925761567,0.15107250821048132
Dante Exum,Away,DAL,MEM,125,110,1,55586816-b5c9-4663-ba0e-4b60f0d54767,-1.410911654031979,-0.13632245567051077,-0.6825820837195762,-2.0386552699319296,2.540518536322414,-2.2969211483714083,-1.5507987379494403,-0.6487320346384554,-1.0877416423172306,-1.189345701899674,-0.07171754449906981,0.07826541581920717,0.09801016924992023,0.6873749311519747
Richaun Holmes,Away,DAL,MEM,125,110,1,55586816-b5c9-4663-ba0e-4b60f0d54767,-1.8116910513644735,-1.7428340239631492,0.09873478374187467,-0.3326288988822158,-2.545338878897405,0.3760490528798697,0.18115165338742384,-2.797218790709896,-0.2918593781365396,-1.189345701899674,-0.07171754449906981,-2.7331050483039485,0.6954159844458441,-0.24750831568169968
Markieff Morris,Away,DAL,MEM,125,110,1,55586816-b5c9-4663-ba0e-4b60f0d54767,-1.8116910513644735,-1.7428340239631492,0.09873478374187467,-0.3326288988822158,-2.545338878897405,0.3760490528798697,0.18115165338742384,-2.797218790709896,-0.2918593781365396,-1.189345701899674,-0.07171754449906981,-2.7331050483039485,0.6954159844458441,-0.24750831568169968
Olivier-Maxence Prosper,Away,DAL,MEM,125,110,1,55586816-b5c9-4663-ba0e-4b60f0d54767,-1.8116910513644735,-1.7428340239631492,0.09873478374187467,-0.3326288988822158,-2.545338878897405,0.3760490528798697,0.18115165338742384,-2.797218790709896,-0.2918593781365396,-1.189345701899674,-0.07171754449906981,-2.7331050483039485,0.6954159844458441,-0.24750831568169968
Luka DonÄiÄ,Home,DAL,CHI,114,105,1,0d54afca-0ced-44cb-9712-8ec5b5edb482,1.8467307356012004,5.19733074216719,-0.9959609468609252,-0.2561984654774991,1.4062535649221992,-0.045480821416071716,-1.754521669363358,-0.08436385230149221,0.3917456813138947,3.7428502618967014,-0.8923760621634197,1.9547641278638885,0.2754216403464263,0.6200612491776072
Dereck Lively II,Home,DAL,CHI,114,105,1,0d54afca-0ced-44cb-9712-8ec5b5edb482,-0.8208038283663627,2.605094853608197,0.9676547280831419,-0.2472530288566598,5.53354240068393,0.134822671015641,3.0702907885215254,0.6682160935263676,-1.6121165617836337,0.8062947597105741,0.9614882675832357,0.9927577504518272,1.362120995044661,0.3972673787672088
Derrick Jones Jr.,Home,DAL,CHI,114,105,1,0d54afca-0ced-44cb-9712-8ec5b5edb482,2.494724867243696,-0.994716994384966,-0.12396336314795631,-0.23252136264025558,0.555145293018565,-0.8094378610252991,-0.15728555641891626,1.6321963246928635,0.7698880298626581,-1.189345701899674,-0.07171754449906981,1.1578959094448613,0.6580381905199538,0.46831681881590237
Grant Williams,Home,DAL,CHI,114,105,1,0d54afca-0ced-44cb-9712-8ec5b5edb482,3.6980725385935704,-0.45599054027488095,1.0978058505588346,-0.25949104911002274,0.7449920350460549,-0.6145991482557219,0.7889633436951295,3.9569334132232763,1.5977224484592096,2.29343810508557,-0.08781246128596763,1.3769849152681615,1.9713076802396654,-0.42807089048704466
Josh Green,Home,DAL,CHI,114,105,1,0d54afca-0ced-44cb-9712-8ec5b5edb482,-0.36817855615121636,0.09062422784535656,-1.24561846927135,1.4181899744466417,-0.42719800236290284,-0.6753022639363927,-0.6336907775484252,-0.39941690596214685,2.0558197515106333,-1.189345701899674,-0.07171754449906981,0.4746698566273309,-0.07069086839959504,1.5807491926519592
Tim Hardaway Jr.,Home,DAL,CHI,114,105,1,0d54afca-0ced-44cb-9712-8ec5b5edb482,4.582313003502555,0.6391367571265116,0.2731365228366017,-0.05687557723194426,-0.4758353205721219,-0.6456431993107892,-0.6209088873228725,2.2868093216178673,1.5261474592343833,0.5200447748277769,-0.24020249299257834,1.3379296950896864,0.06688861358668995,-1.4932999745722575
Jaden Hardy,Home,DAL,CHI,114,105,1,0d54afca-0ced-44cb-9712-8ec5b5edb482,-0.10006037868527133,-1.2158170786124625,-0.1490383935574867,-0.8729134687040978,-1.2336038739682296,-0.343257566068313,-0.17568907840216505,1.0316203475259471,0.2988477774852241,1.1449880494442628,-0.053880035880524535,0.6069318737462144,0.06778262411260708,0.4789778572690374
Seth Curry,Home,DAL,CHI,114,105,1,0d54afca-0ced-44cb-9712-8ec5b5edb482,-0.9519805485120975,-1.155797555474219,-0.5223070302693965,0.5964170267547265,0.7348183805107339,-0.49105485935560067,2.184164400528359,-0.3684489952226789,-0.669368707459161,-1.189345701899674,-0.07171754449906981,0.10344976619363988,-1.2599354312304212,0.35749996658802513
Dwight Powell,Home,DAL,CHI,114,105,1,0d54afca-0ced-44cb-9712-8ec5b5edb482,-1.5906169891240796,-1.0150665993409567,-0.183157288616024,-0.6548328820241686,-0.8597131125653681,-0.0912553767361239,1.4881868693341858,0.02229984398557583,-1.0821473619677868,2.258376135630243,-1.4209986868578723,-0.21835356316539242,0.005824394310981458,-0.6315121912372039
Dante Exum,Home,DAL,CHI,114,105,1,0d54afca-0ced-44cb-9712-8ec5b5edb482,-1.410911654031979,0.21980396966840057,1.6322813514819263,1.4508581899881683,-0.26072380364251957,-0.8346840171338545,-0.5947027104602772,-1.0303274545890726,-0.9806724644813158,-1.189345701899674,-0.07171754449906981,-0.1576873045571038,-1.1657008289113429,0.33343169698911646
Maxi Kleber,Home,DAL,CHI,114,105,1,0d54afca-0ced-44cb-9712-8ec5b5edb482,-1.5617900070914978,-1.7428340239631492,0.09873478374187467,-0.3326288988822158,1.4510196776190691,-1.8256466842432133,-1.115333994439391,-2.477719054797594,0.9581398651439534,-1.189345701899674,-0.07171754449906981,-0.4011614399695598,-2.0080044895981324,1.5734362805853646
Richaun Holmes,Home,DAL,CHI,114,105,1,0d54afca-0ced-44cb-9712-8ec5b5edb482,-1.8116910513644735,-1.7428340239631492,0.09873478374187467,-0.3326288988822158,-2.545338878897405,0.3760490528798697,0.18115165338742384,-2.797218790709896,-0.2918593781365396,-1.189345701899674,-0.07171754449906981,-2.7331050483039485,0.6954159844458441,-0.24750831568169968
Markieff Morris,Home,DAL,CHI,114,105,1,0d54afca-0ced-44cb-9712-8ec5b5edb482,-1.8116910513644735,-1.7428340239631492,0.09873478374187467,-0.3326288988822158,-2.545338878897405,0.3760490528798697,0.18115165338742384,-2.797218790709896,-0.2918593781365396,-1.189345701899674,-0.07171754449906981,-2.7331050483039485,0.6954159844458441,-0.24750831568169968
Olivier-Maxence Prosper,Home,DAL,CHI,114,105,1,0d54afca-0ced-44cb-9712-8ec5b5edb482,-1.8116910513644735,-1.7428340239631492,0.09873478374187467,-0.3326288988822158,-2.545338878897405,0.3760490528798697,0.18115165338742384,-2.797218790709896,-0.2918593781365396,-1.189345701899674,-0.07171754449906981,-2.7331050483039485,0.6954159844458441,-0.24750831568169968
Luka DonÄiÄ,Away,DAL,DEN,114,125,0,49d332e7-7458-49a7-a43f-514ab462c125,5.457029511231145,4.491940945047003,-3.6975749847429995,0.251000669213772,3.4056263846602417,-0.1650942085446763,0.14227042376295948,1.26812295889661,0.778536635729428,2.971127389860951,-1.0933037781519683,2.3131456409860487,-0.4822016804322186,-0.6349975002498305
Kyrie Irving,Away,DAL,DEN,114,125,0,49d332e7-7458-49a7-a43f-514ab462c125,2.075870824786897,4.628062102564769,2.4693830880142205,-0.3170621521110855,-0.593178405475614,2.168306469155658,-0.6234348653131166,1.1966435215843816,-0.40925370598584304,1.4765687000063124,-0.4102135977189842,1.4274525113120702,-0.22813192180523917,-1.6338941722116969
Grant Williams,Away,DAL,DEN,114,125,0,49d332e7-7458-49a7-a43f-514ab462c125,1.520178665215047,0.8274937517095358,0.39796948093754375,0.6925717223197071,1.6513699126018284,1.778895202830391,0.24726399692825776,1.2349946533513816,1.2025910131872908,1.0756687296751093,-0.22205602641179778,0.7026922228241714,-1.245425333874503,-1.7272168060263877
Dereck Lively II,Away,DAL,DEN,114,125,0,49d332e7-7458-49a7-a43f-514ab462c125,-1.079813439235823,-0.5518550445461428,1.3144143843656402,0.3109962287612315,0.8691614419346714,0.6022550970419445,-0.15384954032426576,1.251932331384646,-0.9224650473817803,-1.189345701899674,-0.07171754449906981,-0.05781062400362637,-0.8190240070112561,-0.5917930189869732
Derrick Jones Jr.,Away,DAL,DEN,114,125,0,49d332e7-7458-49a7-a43f-514ab462c125,-0.19425474075590426,0.5116262854703487,3.1154826094806927,-0.16401342103640054,-1.0677091598870192,-0.0629285699629527,1.133587712675598,1.875363563323335,0.41963083501768883,-1.189345701899674,-0.07171754449906981,0.020944231189789976,-0.5680045448895792,-1.5375769482661552
Josh Green,Away,DAL,DEN,114,125,0,49d332e7-7458-49a7-a43f-514ab462c125,1.26880990374357,0.8357538123269123,2.2164721946000334,-0.11894241208840702,0.7776350259172888,-0.9219475732858045,-0.13364558659427586,2.6808414463999144,0.8575357077152747,-1.189345701899674,-0.07171754449906981,0.7170173820631874,0.724121845974557,-0.34207882497814285
Tim Hardaway Jr.,Away,DAL,DEN,114,125,0,49d332e7-7458-49a7-a43f-514ab462c125,0.3300605273243418,1.217783833559841,0.07584977494251291,1.0665988557993118,-0.3606167657982334,-0.7159343384175632,-0.6360365866320332,0.3607845365291604,0.7373396061636811,1.1159706597734544,-0.12427928773082496,0.538494415628287,-1.24980932214061,-0.3544288557293803
Dwight Powell,Away,DAL,DEN,114,125,0,49d332e7-7458-49a7-a43f-514ab462c125,-0.9856190771651899,-0.9242479028554677,-0.16041368366616138,-0.31229907072774926,-0.9889430338836582,-0.10654351380481716,1.148605648944308,-0.07223344930888059,-1.28824456070515,1.2368764500684897,0.16905092831209365,0.09430315083083378,-0.7656371270109259,0.30739674052339433
Jaden Hardy,Away,DAL,DEN,114,125,0,49d332e7-7458-49a7-a43f-514ab462c125,0.08725923631908908,0.022672968721067964,-0.6005555510772123,-1.2716060940785225,0.47273354403717877,-0.7867604870867243,0.6228477789398724,1.0489106436855702,1.3679395025806014,-1.189345701899674,-0.07171754449906981,0.353752368729597,0.324653727367136,0.5580254647752296
Seth Curry,Away,DAL,DEN,114,125,0,49d332e7-7458-49a7-a43f-514ab462c125,-1.6257064524533607,1.130857592883855,3.411681320570157,-0.18333865738887994,-0.5307098012744016,-0.746362049466242,-0.39647370964476647,-1.7072429134891076,2.0816028073456385,-1.189345701899674,-0.07171754449906981,-0.5667280317908843,0.09929740084257575,0.45410948623126834
Dante Exum,Away,DAL,DEN,114,125,0,49d332e7-7458-49a7-a43f-514ab462c125,-1.8116910513644735,-1.7428340239631492,0.09873478374187467,-0.3326288988822158,-1.8285903508207528,-0.07042279069644539,0.13759223769043402,-2.797218790709896,-0.2918593781365396,-1.189345701899674,-0.07171754449906981,-1.2773496814209098,-0.5967248927882166,0.9389051702998622
Olivier-Maxence Prosper,Away,DAL,DEN,114,125,0,49d332e7-7458-49a7-a43f-514ab462c125,-1.7477746060026107,-1.7428340239631492,0.09873478374187467,-0.3326288988822158,-1.8285903508207528,-0.07042279069644539,0.13759223769043402,-2.797218790709896,-0.2918593781365396,-1.189345701899674,-0.07171754449906981,-0.06764061382443118,-3.436749266644052,3.0627592870760414
Richaun Holmes,Away,DAL,DEN,114,125,0,49d332e7-7458-49a7-a43f-514ab462c125,-1.8116910513644735,-1.7428340239631492,0.09873478374187467,-0.3326288988822158,-2.545338878897405,0.3760490528798697,0.18115165338742384,-2.797218790709896,-0.2918593781365396,-1.189345701899674,-0.07171754449906981,-2.7331050483039485,0.6954159844458441,-0.24750831568169968
Luka DonÄiÄ,Home,DAL,CHO,124,118,1,372bc726-6eaf-48c2-9ecd-0fad5f581d96,2.743423596528679,3.032258440687167,-2.408503876236274,-0.8235877206413076,3.7786747273474512,-0.8305029566213552,-2.026872363119855,0.3492121617558635,0.10573996878753525,3.0323863236104356,-0.9446831353568895,1.7641311267594117,-0.03428752207529425,-0.04892953524663169
Kyrie Irving,Home,DAL,CHO,124,118,1,372bc726-6eaf-48c2-9ecd-0fad5f581d96,1.8557066010924315,3.280613099351552,-0.8858378403075113,-1.3948654244659449,-0.22262394890187343,0.6080014252307248,-0.8188478686751863,0.8717177973560901,0.3430183168184012,2.041829691015732,-0.537759352501739,1.4133802702742713,0.6552491214807861,0.05395960513845628
Dereck Lively II,Home,DAL,CHO,124,118,1,372bc726-6eaf-48c2-9ecd-0fad5f581d96,0.27098219806871326,0.30711352731953523,-1.0349344603632393,1.3070451942957004,5.282335090555652,-0.9132167383592409,-0.6785607631671159,1.365712459606529,-1.910961294400734,0.24171405394384923,5.818409320603828e-05,0.9048833635398874,0.0020481699561183137,-0.14486975119358636
Grant Williams,Home,DAL,CHO,124,118,1,372bc726-6eaf-48c2-9ecd-0fad5f581d96,2.055345911010032,-0.20502862850677456,-0.41305649738506256,-0.5684770422266323,0.2982548050034044,0.4171379215367926,-1.081492243654885,3.656039941788642,0.7691096509579693,-0.8996595864651784,0.053716542539756024,0.8799264668366874,0.769970247235495,-0.6582545933064148
Derrick Jones Jr.,Home,DAL,CHO,124,118,1,372bc726-6eaf-48c2-9ecd-0fad5f581d96,-1.5617900070914978,0.5561806346758612,0.4469171252643002,1.5203684368269346,-1.4397480590088838,1.5628303382926585,-0.18333127357643572,-2.3250808868173474,0.9153121940095876,-1.189345701899674,-0.07171754449906981,-0.2005093046622048,-0.32930342370958965,0.6081458178903315
Tim Hardaway Jr.,Home,DAL,CHO,124,118,1,372bc726-6eaf-48c2-9ecd-0fad5f581d96,3.09152405115203,-1.4525932261515762,-0.026565316616317513,-0.6048603695301192,-1.0365754755439258,-0.38836541488881304,-0.33509309841569007,0.3548467480994669,1.3072363207572384,1.0095735643138235,-0.38240987784859337,1.1676305755483627,-0.4989278227459286,0.21994039597576612
Josh Green,Home,DAL,CHO,124,118,1,372bc726-6eaf-48c2-9ecd-0fad5f581d96,0.1834791942407968,0.7000489622613716,0.4706873724237517,-0.2699436544684342,-0.4649173466876769,0.8969089022618613,-0.6615386840580918,-0.13888066970144838,0.5319441865607119,-0.6099734710306828,0.17915062957858183,0.6442579567337432,-0.3605063204533266,0.33757196225845154
Dwight Powell,Home,DAL,CHO,124,118,1,372bc726-6eaf-48c2-9ecd-0fad5f581d96,-0.8159922817458517,-0.033702304502530527,-0.5713952946626482,-1.2077839276085276,2.3658866136757535,-0.18856711720081934,5.424292822119674,2.669237098424874,-2.405491908475367,3.421892147839232,2.6499362217812727,0.3507497554794874,0.8767681949836309,-0.6289627954487303
Jaden Hardy,Home,DAL,CHO,124,118,1,372bc726-6eaf-48c2-9ecd-0fad5f581d96,0.3651499906536229,-1.5364460173692835,0.0616998630418809,-0.12093052884928601,0.6845912123386575,-1.2443713995816732,-1.0561712270485846,1.1073182179256738,0.46668584953762066,4.127212432173498,0.32788046572730534,0.9239022039323894,0.42428910014191534,0.48047012893631574
Dante Exum,Home,DAL,CHO,124,118,1,372bc726-6eaf-48c2-9ecd-0fad5f581d96,-1.0482005064338051,-1.5364460173692835,0.0616998630418809,-0.12093052884928601,0.042464168340403924,-1.0734753335648048,-0.5450016718936076,2.4949484940351816,1.5650242050843455,-1.189345701899674,-0.07171754449906981,0.14431296988529702,0.025213019369824684,-0.23148968039750542
Seth Curry,Home,DAL,CHO,124,118,1,372bc726-6eaf-48c2-9ecd-0fad5f581d96,-1.8116910513644735,-1.7428340239631492,0.09873478374187467,-0.3326288988822158,-2.545338878897405,0.3760490528798697,0.18115165338742384,-2.797218790709896,-0.2918593781365396,-1.189345701899674,-0.07171754449906981,-2.7331050483039485,0.6954159844458441,-0.24750831568169968
Richaun Holmes,Home,DAL,CHO,124,118,1,372bc726-6eaf-48c2-9ecd-0fad5f581d96,-1.8116910513644735,-1.7428340239631492,0.09873478374187467,-0.3326288988822158,-2.545338878897405,0.3760490528798697,0.18115165338742384,-2.797218790709896,-0.2918593781365396,-1.189345701899674,-0.07171754449906981,-2.7331050483039485,0.6954159844458441,-0.24750831568169968
Markieff Morris,Home,DAL,CHO,124,118,1,372bc726-6eaf-48c2-9ecd-0fad5f581d96,-1.8116910513644735,-1.7428340239631492,0.09873478374187467,-0.3326288988822158,-2.545338878897405,0.3760490528798697,0.18115165338742384,-2.797218790709896,-0.2918593781365396,-1.189345701899674,-0.07171754449906981,-2.7331050483039485,0.6954159844458441,-0.24750831568169968
Olivier-Maxence Prosper,Home,DAL,CHO,124,118,1,372bc726-6eaf-48c2-9ecd-0fad5f581d96,-1.8116910513644735,-1.7428340239631492,0.09873478374187467,-0.3326288988822158,-2.545338878897405,0.3760490528798697,0.18115165338742384,-2.797218790709896,-0.2918593781365396,-1.189345701899674,-0.07171754449906981,-2.7331050483039485,0.6954159844458441,-0.24750831568169968
Kyrie Irving,Away,DAL,ORL,117,102,1,9f10570e-c33a-440f-8bf4-d9ee189b50e9,2.6130505833093416,4.78526871684269,0.9319442499017441,-1.1691834670709782,1.0445514569813117,-1.0243441901844283,-0.4558983961756322,0.41612714389674726,0.14252980536723753,1.4820371139475546,-0.5264530437011382,2.0471620224266283,1.1842169061977061,0.6932173301719532
Luka DonÄiÄ,Away,DAL,ORL,117,102,1,9f10570e-c33a-440f-8bf4-d9ee189b50e9,4.164926678244257,4.241682501747566,-0.5649083868291273,0.6438506390946057,-0.5258545839016411,-0.6168978670397754,-0.6394103694661674,1.763988831162302,0.8425739916838055,2.9926759189189833,-0.8906178392904502,1.9824128985884153,0.7516295802068285,-0.26323787413239613
Grant Williams,Away,DAL,ORL,117,102,1,9f10570e-c33a-440f-8bf4-d9ee189b50e9,1.0723817221427248,-1.3300580107754179,0.02466494234188713,0.0907678411836438,-0.3713154286425799,1.0438186754750798,0.33681709370338286,1.550108878916343,0.5721908289476877,0.329837002753486,0.13510581317460452,1.0994880322453886,1.1283794451673697,0.9337515423365297
Derrick Jones Jr.,Away,DAL,ORL,117,102,1,9f10570e-c33a-440f-8bf4-d9ee189b50e9,-0.40328480200281047,-0.2379364468975092,-0.7630859311897547,0.9497073412351132,1.291200165277577,1.911010421020675,-0.4699181099714952,0.6520285780443421,0.8788258277401364,-1.189345701899674,-0.07171754449906981,0.470987022910289,0.08593334168998491,-0.0032416040523025203
Dereck Lively II,Away,DAL,ORL,117,102,1,9f10570e-c33a-440f-8bf4-d9ee189b50e9,-0.5675589546713776,1.2695618914793638,0.4779703949812266,2.5024221523220156,2.744798967460135,0.5462527661550869,1.0023284684594438,1.5691854015019342,-1.9807468051767665,1.2368764500684897,0.16905092831209365,0.5146827906709539,-0.023701670561832436,-0.03253765807563129
Tim Hardaway Jr.,Away,DAL,ORL,117,102,1,9f10570e-c33a-440f-8bf4-d9ee189b50e9,3.488414823533557,-1.7428340239631492,0.09873478374187467,-0.3326288988822158,1.1865867166731374,-1.4105461504696848,-1.4917655386850286,1.4338590669368088,0.9078831585749542,0.5168206204199093,-0.24802463208705613,1.2920941022603403,0.29681122830017487,-0.22562248224606993
Dwight Powell,Away,DAL,ORL,117,102,1,9f10570e-c33a-440f-8bf4-d9ee189b50e9,-1.1331536008026992,0.19277572607788973,0.8857870557128356,-0.07122868673654534,0.015004798528463387,2.1894404611384215,-0.9828755028627356,2.4620932420763473,-2.347417680991402,3.2956239683730826,3.8735001969426404,0.5745930230281135,1.264228645674845,0.44584035919277537
Josh Green,Away,DAL,ORL,117,102,1,9f10570e-c33a-440f-8bf4-d9ee189b50e9,-0.6089710338277073,0.7182875468889789,0.5384176734850015,1.3093790449242635,-0.670327486084508,-0.601044200931324,-0.4928376486491489,2.3103579815259643,0.8203392707064492,0.6004012318191203,0.8702711583538645,0.2812936924937433,0.6135057181215819,0.5698080204462754
Jaden Hardy,Away,DAL,ORL,117,102,1,9f10570e-c33a-440f-8bf4-d9ee189b50e9,-0.784229865316267,0.3925294442842495,1.3485477521628992,0.2924721331037321,-1.0581186817092645,-0.4422998161835842,-0.2711983002534149,-0.8076655847461638,0.6416797277338354,1.9061872748546709,0.6320864366201866,0.5898373148315541,-0.7022254337673224,0.6424940431089582
Seth Curry,Away,DAL,ORL,117,102,1,9f10570e-c33a-440f-8bf4-d9ee189b50e9,-1.8116910513644735,-1.7428340239631492,0.09873478374187467,-0.3326288988822158,-2.545338878897405,0.3760490528798697,0.18115165338742384,-2.797218790709896,-0.2918593781365396,-1.189345701899674,-0.07171754449906981,-2.7331050483039485,0.6954159844458441,-0.24750831568169968
Dante Exum,Away,DAL,ORL,117,102,1,9f10570e-c33a-440f-8bf4-d9ee189b50e9,-1.8116910513644735,-1.7428340239631492,0.09873478374187467,-0.3326288988822158,-2.545338878897405,0.3760490528798697,0.18115165338742384,-2.797218790709896,-0.2918593781365396,-1.189345701899674,-0.07171754449906981,-2.7331050483039485,0.6954159844458441,-0.24750831568169968
Richaun Holmes,Away,DAL,ORL,117,102,1,9f10570e-c33a-440f-8bf4-d9ee189b50e9,-1.8116910513644735,-1.7428340239631492,0.09873478374187467,-0.3326288988822158,-2.545338878897405,0.3760490528798697,0.18115165338742384,-2.797218790709896,-0.2918593781365396,-1.189345701899674,-0.07171754449906981,-2.7331050483039485,0.6954159844458441,-0.24750831568169968
Markieff Morris,Away,DAL,ORL,117,102,1,9f10570e-c33a-440f-8bf4-d9ee189b50e9,-1.8116910513644735,-1.7428340239631492,0.09873478374187467,-0.3326288988822158,-2.545338878897405,0.3760490528798697,0.18115165338742384,-2.797218790709896,-0.2918593781365396,-1.189345701899674,-0.07171754449906981,-2.7331050483039485,0.6954159844458441,-0.24750831568169968
Olivier-Maxence Prosper,Away,DAL,ORL,117,102,1,9f10570e-c33a-440f-8bf4-d9ee189b50e9,-1.8116910513644735,-1.7428340239631492,0.09873478374187467,-0.3326288988822158,-2.545338878897405,0.3760490528798697,0.18115165338742384,-2.797218790709896,-0.2918593781365396,-1.189345701899674,-0.07171754449906981,-2.7331050483039485,0.6954159844458441,-0.24750831568169968
Luka DonÄiÄ,Home,DAL,TOR,116,127,0,5596088a-1a5b-4302-9de6-04f5f95a0aad,4.288771303210552,5.48692714648121,1.8208212286070231,-0.26946011748907245,1.4218458510767642,-0.07278816157326579,-1.7343820004184043,0.38460908073124855,0.06039436622027109,3.7054479459331873,-1.327601367339415,2.164579616227881,-0.4181066016693573,-1.0216814305371869
Kyrie Irving,Home,DAL,TOR,116,127,0,5596088a-1a5b-4302-9de6-04f5f95a0aad,2.9757617309075153,0.5793723607214702,-0.969920491796503,-0.9651014465618916,-0.15671829011745847,-0.7634927652044518,-0.7995745170406087,0.8233421106985316,0.41820894563486427,1.4902359291782339,-0.5461281452144223,1.52765587273557,-0.006409900739683237,0.09703132838371194
Derrick Jones Jr.,Home,DAL,TOR,116,127,0,5596088a-1a5b-4302-9de6-04f5f95a0aad,1.4778399649904763,0.623183245984974,-1.4892675737893752,1.699884079666067,1.9882967829451033,2.9588616906418514,-0.9344950562207252,2.8921124532708906,0.7257891451258212,-1.189345701899674,-0.07171754449906981,0.9923394777270895,0.9279713062551694,0.2782200953169838
Grant Williams,Home,DAL,TOR,116,127,0,5596088a-1a5b-4302-9de6-04f5f95a0aad,0.27324383523020196,-0.6101286178090339,-0.18345307634066177,0.22278646066060145,-0.9208859784693848,-0.4568021566929353,-0.3588788211313781,0.40291477395711556,1.4731437485490262,-1.189345701899674,-0.07171754449906981,0.3246352586101476,-0.755818096730129,0.00273528249848947
Dwight Powell,Home,DAL,TOR,116,127,0,5596088a-1a5b-4302-9de6-04f5f95a0aad,-1.4061001074114683,-1.3300580107754179,0.02466494234188713,0.0907678411836438,1.6239760069073288,-0.019582171394289655,-1.6943310692282476,2.2577390147649297,-2.29012444214901,5.310720473290336,8.762337130991282,-0.045516423641544554,-0.7268583816454093,-0.6708617345636791
Tim Hardaway Jr.,Home,DAL,TOR,116,127,0,5596088a-1a5b-4302-9de6-04f5f95a0aad,2.7669807940946383,-0.056070821227470376,-1.2554690596151756,0.7544382470916305,-0.6885369944193906,-0.2668337253426875,0.6772789018341034,2.124968474121944,1.4748315355749335,-1.189345701899674,-0.07171754449906981,0.7538556717304693,-1.1704814155082497,-1.5526447910230428
Josh Green,Home,DAL,TOR,116,127,0,5596088a-1a5b-4302-9de6-04f5f95a0aad,-0.8622159075226923,0.13641065076268924,-1.1304879700398074,0.6692053307724376,-0.752374756700694,1.27353740345197,-0.4787698987568282,0.7783248004478599,1.4438612832278863,-1.189345701899674,-0.07171754449906981,-0.31245345185722656,-1.55844552533671,-1.250076625777954
Maxi Kleber,Home,DAL,TOR,116,127,0,5596088a-1a5b-4302-9de6-04f5f95a0aad,-1.6348318015721583,1.4696871607476567,-2.002467936457943,0.5134084070822782,-0.5877895734744262,-0.6478079616859128,-0.4569756372499152,-1.2764637969924182,-0.7180649463936125,2.0086834385129095,-1.4347803290809371,0.03529521035216354,-0.7119412485391438,-0.32969574184077705
Jaden Hardy,Home,DAL,TOR,116,127,0,5596088a-1a5b-4302-9de6-04f5f95a0aad,-0.4229864349165944,-0.6831626059394161,-0.39972759649830436,-1.419580255172979,-1.1298000220919282,-0.4027505441911238,-0.18823377682908857,1.4982176355206531,0.984669847733408,0.46579278529064777,0.543696851159415,0.08401174919103818,-0.2448491768716876,-0.4845347036637143
Dante Exum,Home,DAL,TOR,116,127,0,5596088a-1a5b-4302-9de6-04f5f95a0aad,-1.1576667803369942,-1.5364460173692835,0.0616998630418809,-0.12093052884928601,3.8318423491537668,-1.8214821776097858,2.53844251799981,0.8192684500104521,-1.6933470706373321,0.8674647502654091,1.4394475071787824,0.2536489943222387,-0.07242227789482598,0.18783410068514766
Richaun Holmes,Home,DAL,TOR,116,127,0,5596088a-1a5b-4302-9de6-04f5f95a0aad,-1.4748280993938419,0.24941470584080447,-1.3426452417025976,1.0172202986985086,1.982014704212395,-0.8374501615889591,3.5541470809253597,0.08072811032911342,-1.3892323395111352,-1.189345701899674,-0.07171754449906981,-0.18611852543095442,-0.6844687453156744,0.6663335286870092
Seth Curry,Home,DAL,TOR,116,127,0,5596088a-1a5b-4302-9de6-04f5f95a0aad,-1.8116910513644735,-1.7428340239631492,0.09873478374187467,-0.3326288988822158,-2.545338878897405,0.3760490528798697,0.18115165338742384,-2.797218790709896,-0.2918593781365396,-1.189345701899674,-0.07171754449906981,-2.7331050483039485,0.6954159844458441,-0.24750831568169968
Markieff Morris,Home,DAL,TOR,116,127,0,5596088a-1a5b-4302-9de6-04f5f95a0aad,-1.8116910513644735,-1.7428340239631492,0.09873478374187467,-0.3326288988822158,-2.545338878897405,0.3760490528798697,0.18115165338742384,-2.797218790709896,-0.2918593781365396,-1.189345701899674,-0.07171754449906981,-2.7331050483039485,0.6954159844458441,-0.24750831568169968
Olivier-Maxence Prosper,Home,DAL,TOR,116,127,0,5596088a-1a5b-4302-9de6-04f5f95a0aad,-1.8116910513644735,-1.7428340239631492,0.09873478374187467,-0.3326288988822158,-2.545338878897405,0.3760490528798697,0.18115165338742384,-2.797218790709896,-0.2918593781365396,-1.189345701899674,-0.07171754449906981,-2.7331050483039485,0.6954159844458441,-0.24750831568169968
Luka DonÄiÄ,Home,DAL,LAC,144,126,1,a47fd462-fc3e-4199-a149-19b42ea66c9a,6.1868946106323355,1.628484274449956,-0.02026813392367115,-1.5699129226706803,0.8614258664630016,-1.2192499148055267,-1.3280151289072641,3.477607109205754,0.15676903822181004,1.9644499852269095,-0.7254906907692069,2.336895778675126,3.6137063407457846,0.30735028613653015
Derrick Jones Jr.,Home,DAL,LAC,144,126,1,a47fd462-fc3e-4199-a149-19b42ea66c9a,0.5448553257457233,1.4991506666477892,3.2764527615059014,-0.3036611820160147,3.553885905501839,-1.2731318783929504,1.5320942330259473,0.6855059704535555,0.14413659640879126,1.0756687296751093,-0.22205602641179778,1.256126596826889,2.4511838101997574,1.981249436200415
Kyrie Irving,Home,DAL,LAC,144,126,1,a47fd462-fc3e-4199-a149-19b42ea66c9a,3.9616613541718255,1.6464418638649445,1.422671835201585,0.11601082061976231,1.5253316925695353,-0.6741954564129805,1.5729593302628706,1.3989805859517492,0.8312648770098262,2.962852490646208,-0.9629726259143702,1.823999048695159,0.970102779023037,0.19681942970578778
Dereck Lively II,Home,DAL,LAC,144,126,1,a47fd462-fc3e-4199-a149-19b42ea66c9a,-0.6732693047288532,0.28334476633432026,-0.7366067767155184,1.336476301468751,0.968379138759846,0.8312414936736725,0.8534761760610972,-0.546828809215263,-1.1406830374643202,-1.189345701899674,-0.07171754449906981,0.575397962056643,-0.02596763295532144,1.6442227132379033
Grant Williams,Home,DAL,LAC,144,126,1,a47fd462-fc3e-4199-a149-19b42ea66c9a,-1.3527599458445918,0.2675638064633463,-1.2125932882006363,1.8873722040543324,-0.5703670077266966,-0.6610129413118134,-0.4609316657701822,0.2198372840829421,-0.08861857579911889,-1.189345701899674,-0.07171754449906981,-0.2769576599266753,-0.5698538821239589,0.8248119010869549
Tim Hardaway Jr.,Home,DAL,LAC,144,126,1,a47fd462-fc3e-4199-a149-19b42ea66c9a,1.99171165038099,-0.8495615212389909,-0.2888296198985274,-1.174852177413924,-0.3755583746223623,-0.7074392159742577,-0.627507036129336,1.1442418465898907,0.5548604542087409,1.5490767471218176,-0.4033741067402019,1.1949505884894864,1.0720455374553501,1.2083704520250635
Dwight Powell,Home,DAL,LAC,144,126,1,a47fd462-fc3e-4199-a149-19b42ea66c9a,-0.980807530544679,1.4971128272402097,0.2376621323422049,0.29022074225042327,1.5949663198375015,-0.35752695458684064,3.236272970393969,1.5650903295449088,-1.9023640625967182,3.603389821117757,1.920894511556124,0.4057153611586481,0.6527348822653236,-0.3368132445111004
Dante Exum,Home,DAL,LAC,144,126,1,a47fd462-fc3e-4199-a149-19b42ea66c9a,0.23813758937860788,0.9306575490788571,-0.9260100036080902,-1.6851356365793182,-0.46889692119937204,-0.35876039054042175,0.7872402447176655,1.6526252810464677,0.8896958501260357,-1.189345701899674,-0.07171754449906981,0.4440561734125736,0.6159297217400532,0.17280143208845147
Josh Green,Home,DAL,LAC,144,126,1,a47fd462-fc3e-4199-a149-19b42ea66c9a,-0.5541631550623294,-0.3381287799099623,-0.4139299100240021,-0.8631442286705554,-1.8388296155075623,-0.06404462150249803,0.13821451505753388,0.43748983894450916,1.9062906317166146,-1.189345701899674,-0.07171754449906981,-0.2742651174245041,-1.2936556537641741,-0.7523433937276732
Jaden Hardy,Home,DAL,LAC,144,126,1,a47fd462-fc3e-4199-a149-19b42ea66c9a,0.29348656427424624,-0.5748380148669452,-0.8499957819302713,1.0670184618793068,-0.3667002543192212,-0.7786808485678918,-0.5269749383829302,1.4191077418978737,-0.01984586007627844,-0.8883750460376418,0.08109402937042842,0.6723125920814967,-1.430729324500667,0.021970426365833195
Seth Curry,Home,DAL,LAC,144,126,1,a47fd462-fc3e-4199-a149-19b42ea66c9a,-0.8377027279883974,-1.7428340239631492,0.09873478374187467,-0.3326288988822158,-1.8388296155075623,-0.06404462150249803,0.13821451505753388,2.39907837423076,1.7823682058810442,1.9218153746681428,2.2476784244256924,-0.028043474909390836,-0.15320168026717976,-0.17173508159239279
Olivier-Maxence Prosper,Home,DAL,LAC,144,126,1,a47fd462-fc3e-4199-a149-19b42ea66c9a,-1.703559793554532,-1.5364460173692835,0.0616998630418809,-0.12093052884928601,-0.08144477448644108,-0.25935937614760096,2.595220391842714,-1.7254501757741414,-0.5923488122189542,1.674850688241,3.476999011588601,-0.6812657066283874,-2.038574208422675,0.20227305470099072
Richaun Holmes,Home,DAL,LAC,144,126,1,a47fd462-fc3e-4199-a149-19b42ea66c9a,-1.8116910513644735,-1.7428340239631492,0.09873478374187467,-0.3326288988822158,-2.545338878897405,0.3760490528798697,0.18115165338742384,-2.797218790709896,-0.2918593781365396,-1.189345701899674,-0.07171754449906981,-2.7331050483039485,0.6954159844458441,-0.24750831568169968
Markieff Morris,Home,DAL,LAC,144,126,1,a47fd462-fc3e-4199-a149-19b42ea66c9a,-1.8116910513644735,-1.7428340239631492,0.09873478374187467,-0.3326288988822158,-2.545338878897405,0.3760490528798697,0.18115165338742384,-2.797218790709896,-0.2918593781365396,-1.189345701899674,-0.07171754449906981,-2.7331050483039485,0.6954159844458441,-0.24750831568169968
Kyrie Irving,Away,DAL,NOP,136,124,1,3f78a5c9-1e9e-4be8-b5e0-e9e0a197db03,5.625055888346728,1.2169335019687368,-1.3182123010243703,-2.025946256218937,1.4990462632516424,0.32180260104337033,-0.7114618771989266,2.7869023105994817,0.7085571110912264,0.9950648694784192,-0.41760950377374356,1.8596943203445735,1.7784807560983182,-0.8481372160365138
Luka DonÄiÄ,Away,DAL,NOP,136,124,1,3f78a5c9-1e9e-4be8-b5e0-e9e0a197db03,4.131846028243737,2.7299911663733187,-0.7178810200168323,-2.2627694566460073,-0.0509255740373693,-0.8265525888181185,-0.859543100272086,2.0156717389755663,0.36081601425194804,1.9942041988941797,-0.6335206795205478,1.8740627715658666,1.6854637713708926,-0.1674826596840571
Dereck Lively II,Away,DAL,NOP,136,124,1,3f78a5c9-1e9e-4be8-b5e0-e9e0a197db03,-0.5675589546713776,0.5531250701031443,0.5714983961253788,1.6730679888418818,0.16109792137255943,2.5588741973169777,-0.0012488199090213892,1.401879607371812,-1.933899005241681,1.3562410172826225,0.7967873521017111,0.5854722513543821,0.46335779883655637,0.9920170886587187
Derrick Jones Jr.,Away,DAL,NOP,136,124,1,3f78a5c9-1e9e-4be8-b5e0-e9e0a197db03,0.37561035586566816,-0.5957025459116025,-0.7002523729969925,-0.18149406784339842,-1.3796475309916814,-0.2596849766802316,-0.12618623127455514,0.8287045645817928,1.93810325055339,0.3311843387621753,0.21712254396496583,0.43824031715142153,0.04868974429605709,0.7657028194010799
Grant Williams,Away,DAL,NOP,136,124,1,3f78a5c9-1e9e-4be8-b5e0-e9e0a197db03,-1.3118889628185224,-0.44475810895488105,1.2548361988232717,-0.17492851331662562,0.3427784402881157,2.799984136694843,0.015708528234954073,-2.1863189159262135,0.8763779475238006,-1.189345701899674,-0.07171754449906981,0.21328432991625032,0.6846641485076922,1.6124054641811556
Tim Hardaway Jr.,Away,DAL,NOP,136,124,1,3f78a5c9-1e9e-4be8-b5e0-e9e0a197db03,2.230478532206406,-0.9700582400520371,-0.18161027357086237,-0.6494379285275942,2.2955476454979773,-1.84855367202127,-2.1075855763221223,0.3903961538309798,1.247810088227455,2.041829691015732,-0.537759352501739,1.1588828851649395,0.35518975443066375,1.0860741289851883
Josh Green,Away,DAL,NOP,136,124,1,3f78a5c9-1e9e-4be8-b5e0-e9e0a197db03,1.7046955469276583,1.2309137038658164,1.5766671629060178,-0.02198105748915698,-1.0007624433467526,-0.41024055425582334,-0.35862220846673737,1.2398285200530816,0.9981924311226309,-1.189345701899674,-0.07171754449906981,0.9515378032424423,0.639739529152482,0.5278101566899562
Dwight Powell,Away,DAL,NOP,136,124,1,3f78a5c9-1e9e-4be8-b5e0-e9e0a197db03,-0.8847202737282253,0.6365486686455444,1.0923549538480275,0.09060448748817204,4.37330579887704,-1.9378315091602463,0.7771988819420288,1.5326465193650474,-1.9415795623689405,0.46579278529064777,0.543696851159415,0.21415071181781128,0.6290552954119305,0.20860325269954116
Dante Exum,Away,DAL,NOP,136,124,1,3f78a5c9-1e9e-4be8-b5e0-e9e0a197db03,-0.8011021954525787,0.09199141110699122,1.5761520734217824,-0.021074944680003767,-0.6080199516171982,1.688249073443025,-0.5947628925745349,0.059913814695443435,-1.3833922025382672,-1.189345701899674,-0.07171754449906981,0.26370337731786875,0.08839421510276842,0.5319212336070217
Jaden Hardy,Away,DAL,NOP,136,124,1,3f78a5c9-1e9e-4be8-b5e0-e9e0a197db03,-0.008270141844791424,0.11516576950223345,-0.7429452095512211,-1.8780146330749954,0.4276772667640157,-0.6798658472617514,1.3967204036860346,1.2314638022895887,0.647452521029029,-1.189345701899674,-0.07171754449906981,0.7495514273362359,-0.027256283837725,-0.5547844218192516
Olivier-Maxence Prosper,Away,DAL,NOP,136,124,1,3f78a5c9-1e9e-4be8-b5e0-e9e0a197db03,-1.0783457220373214,-1.3300580107754179,0.02466494234188713,0.0907678411836438,-1.915624100658632,-0.01620835254789284,0.1428815953107828,0.059089249623724305,0.5009005325386602,1.4520887567936522,0.6911787128684888,-0.08426132710430509,-1.9091537907760399,0.21515447905100846
Seth Curry,Away,DAL,NOP,136,124,1,3f78a5c9-1e9e-4be8-b5e0-e9e0a197db03,-1.5617900070914978,-1.7428340239631492,0.09873478374187467,-0.3326288988822158,-0.48506629035701104,-0.1649081429200362,2.043159737695981,-2.15162842320343,0.8666443859023538,-1.189345701899674,-0.07171754449906981,-0.7088075914564103,-1.9881408844781316,0.4071503349617823
Richaun Holmes,Away,DAL,NOP,136,124,1,3f78a5c9-1e9e-4be8-b5e0-e9e0a197db03,-1.5387445447557047,-1.5364460173692835,0.0616998630418809,-0.12093052884928601,-0.19565379196356353,-0.9443096814121482,-0.5043891134430847,2.8337892375661027,-2.4515644790485225,-1.189345701899674,-0.07171754449906981,-0.6664701926686805,-0.6552118803811454,-0.3480730974353836
Markieff Morris,Away,DAL,NOP,136,124,1,3f78a5c9-1e9e-4be8-b5e0-e9e0a197db03,-1.4397218535422476,-1.7428340239631492,0.09873478374187467,-0.3326288988822158,-0.1854145272767542,-0.9506878506060956,-0.5050113908101845,-2.158219318885292,2.2081391084244464,-1.189345701899674,-0.07171754449906981,-0.5344095803598293,-2.559941319498736,1.2135217716204887
Luka DonÄiÄ,Away,DAL,NOP,110,131,0,d8968004-e0bc-4a33-b68e-5862e8bcf58d,1.9127859039827084,2.11253103415525,-2.784091589335201,1.5524431941746613,-0.6743906758087312,-0.29118190772118885,0.6093831630819795,0.26838668484456096,0.8818336883014279,1.5328175458714692,-0.40325435296311235,1.1912244299672792,-2.971276527078935,-0.9872112434089989
Kyrie Irving,Away,DAL,NOP,110,131,0,d8968004-e0bc-4a33-b68e-5862e8bcf58d,2.1299881237944476,1.1015231210594456,-1.3097403710933408,-1.8426151560878583,-0.6692450273649176,-0.2935449670386752,0.6107710182009706,1.2721366596935368,0.7230359411055309,0.9596700251149068,-0.1653357565190619,0.9166240399382128,-0.6197720563443081,-1.4396319105854585
Grant Williams,Away,DAL,NOP,110,131,0,d8968004-e0bc-4a33-b68e-5862e8bcf58d,0.6450635494248607,-0.7318503676742458,-0.8897411671504386,1.0110575171843674,-0.8227211519624775,1.159338042526896,-0.4454222570165849,2.0753414819401166,1.555578647253264,0.3311843387621753,0.21712254396496583,0.35538536746305377,-0.7638555792319897,-0.8416128284197069
Dereck Lively II,Away,DAL,NOP,110,131,0,d8968004-e0bc-4a33-b68e-5862e8bcf58d,-1.2643303209484342,-0.6283695777215351,-0.28862980966581,-0.5909127580226521,3.7266843745956932,-1.6759952896996835,0.9138268973776085,1.1911792536827635,-0.36099241878491073,1.7204996112486304,1.342371792483768,-0.1281784322668181,-0.3790937179364587,-0.6996176237425912
Derrick Jones Jr.,Away,DAL,NOP,110,131,0,d8968004-e0bc-4a33-b68e-5862e8bcf58d,-0.3787716224685156,-0.15585074653111433,-0.9248151282305855,0.041668387310867486,0.8491599499111966,1.2491982709477814,1.2855645664705417,1.6821173076805649,0.9331591530674563,1.3174803102651798,0.3646044056740393,0.1022205184195459,-0.3774682611058146,-0.9876964137954162
Josh Green,Away,DAL,NOP,110,131,0,d8968004-e0bc-4a33-b68e-5862e8bcf58d,-1.1667753469334787,0.9649917462963168,-1.8701370859512294,0.8831236907449719,0.7885292886351989,-0.9421894470725406,-0.1883411453510551,-0.37515755491169106,0.6225850193533132,-1.189345701899674,-0.07171754449906981,0.07042966111457324,-1.2066205372264736,-0.7807488133821446
Tim Hardaway Jr.,Away,DAL,NOP,110,131,0,d8968004-e0bc-4a33-b68e-5862e8bcf58d,2.1256911038184736,-0.4750384724004218,-0.5642059724225503,0.16994005016838754,-1.8541885125377762,-0.05447736771157699,0.13914793110818366,1.4859197091755019,1.1961923039674627,2.10470070196915,-0.38522764015942135,0.5873595779495919,-1.5994933711742612,-2.0055805253613803
Jaden Hardy,Away,DAL,NOP,110,131,0,d8968004-e0bc-4a33-b68e-5862e8bcf58d,0.20184581106133317,1.5269653786440094,0.4546122907663672,-0.28491259994718504,-0.6592812829796872,-0.6116671361912828,-0.4603145054510379,-0.5664802209016837,-0.4409722464668713,0.5329413924592473,-0.208913936614667,0.7626555796198629,-0.9923310608167165,0.36030697726400274
Seth Curry,Away,DAL,NOP,110,131,0,d8968004-e0bc-4a33-b68e-5862e8bcf58d,-0.935108218375786,2.928426298398847,4.447962410230455,0.8954048853630082,0.23110966314925985,-1.0572267321258464,-0.8724878703759881,-1.2306480367220232,1.948122860992394,1.9674107815426394,0.6115484407682963,0.2816898557781523,0.14719232386808642,0.23696890542727989
Dante Exum,Away,DAL,NOP,110,131,0,d8968004-e0bc-4a33-b68e-5862e8bcf58d,-0.30372101465909335,0.5406942970851331,-1.1594861896000381,-0.5324125221876427,-0.9065366382998394,-0.11175293682508723,1.3071379596414534,1.2133092134437138,-0.9116003177554737,0.600648635024467,-0.04464901563063259,0.4783920237770764,0.1068092640022432,0.11066902536025768
Richaun Holmes,Away,DAL,NOP,110,131,0,d8968004-e0bc-4a33-b68e-5862e8bcf58d,-0.8011021954525787,-0.7789311086767166,-0.5405366491819942,0.9065501847565932,4.187928702096307,-1.7989484197592336,2.273267584743163,0.03216142051721668,-1.3756053532411097,-1.189345701899674,-0.07171754449906981,0.34769682118875433,-0.2840819658462479,1.068433818807371
Dwight Powell,Away,DAL,NOP,110,131,0,d8968004-e0bc-4a33-b68e-5862e8bcf58d,-1.1379651474232102,-0.2997290945524237,-0.9218037675278461,0.34059943589277136,5.30092649291449,0.2987933465407917,2.0030552105464734,0.0876662088736701,-1.3911790518354246,-1.189345701899674,-0.07171754449906981,-0.09075252083858396,-1.0341940329651387,-1.1218458303176753
Olivier-Maxence Prosper,Away,DAL,NOP,110,131,0,d8968004-e0bc-4a33-b68e-5862e8bcf58d,-0.6089710338277073,-1.7428340239631492,0.09873478374187467,-0.3326288988822158,1.2038462450072955,-1.1254444230326017,0.7792148932020432,2.5531914305854477,0.7522043393563217,0.6004012318191203,0.8702711583538645,0.14415078399625542,0.7823753510968878,0.10138288772194874
Markieff Morris,Away,DAL,NOP,110,131,0,d8968004-e0bc-4a33-b68e-5862e8bcf58d,-1.8116910513644735,-1.7428340239631492,0.09873478374187467,-0.3326288988822158,-2.545338878897405,0.3760490528798697,0.18115165338742384,-2.797218790709896,-0.2918593781365396,-1.189345701899674,-0.07171754449906981,-2.7331050483039485,0.6954159844458441,-0.24750831568169968
Josh Green,Away,DAL,WAS,130,117,1,d34b79eb-45a7-421e-a8b4-1681061f416a,-1.067752655720022,-0.6137986819762369,1.0165921689722646,-0.17811595208143302,-0.06158842455530168,-0.536805317398281,0.052443866999275446,-1.8668191800139111,2.1263771908042934,-1.189345701899674,-0.07171754449906981,0.615637893334227,0.1648040490628174,1.1062217128478826
Grant Williams,Away,DAL,WAS,130,117,1,d34b79eb-45a7-421e-a8b4-1681061f416a,1.318938936993691,1.4075560154727789,-0.048324613636364186,-1.1504288958248978,-0.3148032732589482,-0.17239037165787727,1.1575101975392579,0.15470653356199587,0.7981502806458607,-1.189345701899674,-0.07171754449906981,1.2139793513634913,0.5830069221167948,0.8795590678679392
Luka DonÄiÄ,Away,DAL,WAS,130,117,1,d34b79eb-45a7-421e-a8b4-1681061f416a,3.7167213401469277,2.6783109959127995,-2.1516715695050244,-1.5846244244319572,1.3910237291152105,-1.1668123463873312,-0.6628789475965547,0.9084163890351789,0.9137561119841043,4.54155763579263,-1.107810810361761,1.9182393144903156,0.6294273243779612,0.4588522957656498
Derrick Jones Jr.,Away,DAL,WAS,130,117,1,d34b79eb-45a7-421e-a8b4-1681061f416a,1.8715196090552477,1.0420339292586462,0.23925971453249126,1.3480648057500149,2.658513887616184,1.5628744420853506,-1.294086801116313,2.2336289923002,0.011202207030784539,0.9328060100547547,-0.15176274280538152,1.1083885255743358,0.5446555009013225,-0.1495975900355811
Dereck Lively II,Away,DAL,WAS,130,117,1,d34b79eb-45a7-421e-a8b4-1681061f416a,0.29549537760300804,0.6124022760635757,0.5531512236799901,0.25034719910306324,4.3993055258652936,1.8119736475960322,1.2455632988766168,2.181521371218124,-2.196049631303622,1.6651463058050515,-0.12177709933900006,0.992709019873155,1.5832525805736763,0.34100547340704523
Tim Hardaway Jr.,Away,DAL,WAS,130,117,1,d34b79eb-45a7-421e-a8b4-1681061f416a,5.329063919402166,-0.08381904081296966,-0.7400472563857241,-0.7980051218573347,0.0238068642899347,-0.8694766538464513,-0.8808397135193746,2.0086040751900573,0.9717401696370884,0.9924391098560029,-0.3646304342203839,1.9181387180984741,1.2764103735533554,0.5287127729082631
Seth Curry,Away,DAL,WAS,130,117,1,d34b79eb-45a7-421e-a8b4-1681061f416a,0.7234579866562924,0.03572792432397679,1.1125514328396005,-0.6138963112570639,-0.825254478774878,-0.5110057352741928,-0.4131281455881325,5.0053566057737,0.12546013885366322,0.600648635024467,-0.04464901563063259,0.43704186109159404,0.750042768761338,-1.1491757649448109
Dante Exum,Away,DAL,WAS,130,117,1,d34b79eb-45a7-421e-a8b4-1681061f416a,-0.8438492907021559,-0.09791560938193744,-0.46846098457273433,-0.6897391585196226,2.1436857360812995,-1.8951566506705682,-1.8584854527535681,-0.5556794756435612,-0.6663830260908238,0.3311843387621753,0.21712254396496583,0.17599519285735027,-0.7406452019970848,0.5106150972817477
Olivier-Maxence Prosper,Away,DAL,WAS,130,117,1,d34b79eb-45a7-421e-a8b4-1681061f416a,-1.3527599458445918,-1.1340729324382448,-0.1913207653586046,-0.9654556100855903,0.16868095896291233,-1.0882682931715373,-0.7223983994830631,0.0133687612886411,-0.030819657043084838,0.017124561299566465,1.7005566834545194,-0.267794506082271,-0.7327380629457863,0.3596905238017682
Dwight Powell,Away,DAL,WAS,130,117,1,d34b79eb-45a7-421e-a8b4-1681061f416a,-1.5387445447557047,-0.20617328787227782,-0.5767317479882058,-1.5142282841960246,-0.7938281442801938,-0.5978154068112138,-0.31516422124300253,2.9447988142790096,-2.4827118762371523,-1.189345701899674,-0.07171754449906981,-0.5128127054858347,0.5667744328175424,-0.18971428053700817
Jaden Hardy,Away,DAL,WAS,130,117,1,d34b79eb-45a7-421e-a8b4-1681061f416a,-1.4748280993938419,1.0944814153691804,3.3552444298567576,2.061163439221967,-2.0487345415871534,0.06670784697342283,0.1509712010830809,-0.4541530104696468,-1.2392318235072848,-0.5861105703000539,0.8144195694777248,0.2740901255115468,-1.3602840685326034,0.6547174421892374
Richaun Holmes,Away,DAL,WAS,130,117,1,d34b79eb-45a7-421e-a8b4-1681061f416a,-1.7477746060026107,-0.6575523218097901,-1.2970901172819316,2.1679492278926293,-1.9258633653454413,-0.00983018335394548,0.14350387267788264,-2.797218790709896,-0.2918593781365396,-1.189345701899674,-0.07171754449906981,0.16014309287900605,-4.675399350113644,3.201834200988035
Markieff Morris,Away,DAL,WAS,130,117,1,d34b79eb-45a7-421e-a8b4-1681061f416a,-1.8116910513644735,-1.7428340239631492,0.09873478374187467,-0.3326288988822158,-2.545338878897405,0.3760490528798697,0.18115165338742384,-2.797218790709896,-0.2918593781365396,-1.189345701899674,-0.07171754449906981,-2.7331050483039485,0.6954159844458441,-0.24750831568169968
Grant Williams,Away,DAL,MIL,125,132,0,b82488c2-24fe-405a-b744-664977fad3ea,2.3754594469861954,-0.5707180544748671,-0.5751350268202484,-0.046610156997632886,2.0602394662854397,0.5193268231028922,0.7452374887642076,1.6276074009230734,1.553027644005712,-1.189345701899674,-0.07171754449906981,1.1501748218774626,0.6632087013040809,0.09770138999517088
Luka DonÄiÄ,Away,DAL,MIL,125,132,0,b82488c2-24fe-405a-b744-664977fad3ea,5.346653398782027,2.2958618999783584,-2.023552361670927,-1.7559646863777998,2.2669449773519466,-1.5513077997596767,-1.1715985530906547,1.4771288480990605,0.11985467451519283,0.2855938228399557,-0.3017871961749337,1.8539856181834538,-0.5397437331550334,-2.06576665794838
Kyrie Irving,Away,DAL,MIL,125,132,0,b82488c2-24fe-405a-b744-664977fad3ea,5.697585947597221,2.4229972011801184,-0.3910820057372069,-0.537494315703704,0.06328203053286008,-0.6070215192421285,0.046708403454920285,1.2219584127438836,-0.12699126524685336,1.9225359779246305,-0.8271784989974187,2.3222210686480538,1.1365723439931006,0.07449460884367903
Dereck Lively II,Away,DAL,MIL,125,132,0,b82488c2-24fe-405a-b744-664977fad3ea,-0.928935086176304,1.5370621292313278,-2.0399348591497635,2.6127914990879755,4.365768617522373,-0.17537788287637984,0.2157773717367543,1.127698993081166,-1.8279295738760846,-1.189345701899674,-0.07171754449906981,0.30380335348050624,-0.3509623973587147,0.03497148721204348
Derrick Jones Jr.,Away,DAL,MIL,125,132,0,b82488c2-24fe-405a-b744-664977fad3ea,-1.120139626732934,-0.21997891343932652,-1.0553022501427982,0.9140287105468962,3.135119359534583,-1.7179824508550765,0.1330877699808858,-2.427136281065029,0.3705789562640898,-1.189345701899674,-0.07171754449906981,0.21248858319375136,-1.4735489281281402,1.1139306259450068
Tim Hardaway Jr.,Away,DAL,MIL,125,132,0,b82488c2-24fe-405a-b744-664977fad3ea,2.8204536567667686,-0.7082002713812873,-0.5457923751594712,-0.4517538965775488,-0.8757219120921399,-0.4858377312089292,-0.3819683195950455,1.2055039243056032,1.1650892917897404,0.5232689292356445,-0.23238035389810047,1.0211642753977364,-0.08821900571861177,-0.20970525387716601
Dwight Powell,Away,DAL,MIL,125,132,0,b82488c2-24fe-405a-b744-664977fad3ea,-1.430613286945763,-0.833429206369979,-0.1376700787162988,0.03023474056867018,-0.29450322774671733,-0.7558718540188,-0.6690286632364276,0.48396522902237904,-1.5022741177517018,0.8690594894794451,0.6065440639846466,-0.130154192772206,-0.6435017267034943,-0.23847578573011236
Josh Green,Away,DAL,MIL,125,132,0,b82488c2-24fe-405a-b744-664977fad3ea,-0.7401477539734421,-0.5980732960662465,-0.34919274573017245,-1.0142115405569903,0.5942252912904564,-0.8615588467562626,0.13359228970650075,1.1561180625980783,1.8462287955502894,-1.189345701899674,-0.07171754449906981,-0.393826899852064,-1.5623913608320465,-1.9582071940776031
Dante Exum,Away,DAL,MIL,125,132,0,b82488c2-24fe-405a-b744-664977fad3ea,-0.6208823337159411,-1.2580985335301615,-0.1271682012465636,-0.8250468438516017,-1.0757022097406967,-0.4378744225084858,-0.2184797981574236,0.8924906033419984,-0.6032567426536496,-1.189345701899674,-0.07171754449906981,0.1419509951118314,0.10334950294621122,0.42430117054397354
Seth Curry,Away,DAL,MIL,125,132,0,b82488c2-24fe-405a-b744-664977fad3ea,-1.3527599458445918,-1.7428340239631492,0.09873478374187467,-0.3326288988822158,-0.9454623759477029,-0.5129081301288106,-0.25669221202531545,0.3585992549740756,-0.12755282228490603,-1.189345701899674,-0.07171754449906981,-0.6109129992896194,-1.0393792624302316,-0.2849319948860326
Jaden Hardy,Away,DAL,MIL,125,132,0,b82488c2-24fe-405a-b744-664977fad3ea,-1.8116910513644735,-1.7428340239631492,0.09873478374187467,-0.3326288988822158,-2.545338878897405,0.3760490528798697,0.18115165338742384,-2.797218790709896,-0.2918593781365396,-1.189345701899674,-0.07171754449906981,-2.7331050483039485,0.6954159844458441,-0.24750831568169968
Richaun Holmes,Away,DAL,MIL,125,132,0,b82488c2-24fe-405a-b744-664977fad3ea,-1.8116910513644735,-1.7428340239631492,0.09873478374187467,-0.3326288988822158,-2.545338878897405,0.3760490528798697,0.18115165338742384,-2.797218790709896,-0.2918593781365396,-1.189345701899674,-0.07171754449906981,-2.7331050483039485,0.6954159844458441,-0.24750831568169968
Markieff Morris,Away,DAL,MIL,125,132,0,b82488c2-24fe-405a-b744-664977fad3ea,-1.8116910513644735,-1.7428340239631492,0.09873478374187467,-0.3326288988822158,-2.545338878897405,0.3760490528798697,0.18115165338742384,-2.797218790709896,-0.2918593781365396,-1.189345701899674,-0.07171754449906981,-2.7331050483039485,0.6954159844458441,-0.24750831568169968
Olivier-Maxence Prosper,Away,DAL,MIL,125,132,0,b82488c2-24fe-405a-b744-664977fad3ea,-1.8116910513644735,-1.7428340239631492,0.09873478374187467,-0.3326288988822158,-2.545338878897405,0.3760490528798697,0.18115165338742384,-2.797218790709896,-0.2918593781365396,-1.189345701899674,-0.07171754449906981,-2.7331050483039485,0.6954159844458441,-0.24750831568169968
Kyrie Irving,Home,DAL,SAC,113,129,0,e995793a-b6b3-4c70-b9ec-183ab0c8ee87,2.5097308721199107,-0.6052897713378421,-0.46111998996737613,0.16989346702271887,-0.9060760720410502,-0.4707018836249701,-0.3562511951831237,0.9361603827226801,0.0972939237553806,2.4966988206172016,-0.7640547326233907,1.1725003249164734,-1.4983058291148499,-1.3692454697431582
Luka DonÄiÄ,Home,DAL,SAC,113,129,0,e995793a-b6b3-4c70-b9ec-183ab0c8ee87,2.9878057319010027,3.373146633459708,1.9350330401989833,-1.1905459864414834,2.899287338317454,-1.8351360183571193,-1.4144272041994828,0.6903563918039439,0.48628857729239916,4.188000885941078,-1.2079369617382854,1.7344343499223396,-0.4093152839103372,-1.7846640828847407
Dereck Lively II,Home,DAL,SAC,113,129,0,e995793a-b6b3-4c70-b9ec-183ab0c8ee87,-0.8011021954525787,0.1612963039763801,0.6129947744077221,1.3157416716466848,4.268943056024679,1.8827476320870047,2.03972566426226,0.13623289868556687,-1.4048060381054501,-1.189345701899674,-0.07171754449906981,0.2724760474489529,-1.303001739796554,-0.9843863804365404
Grant Williams,Home,DAL,SAC,113,129,0,e995793a-b6b3-4c70-b9ec-183ab0c8ee87,-0.008270141844791424,-0.26528893822582034,-0.8014398578090274,-0.11020446404445736,0.25765976967107534,-0.3863345747545905,1.5826302663919678,0.9339807686689596,0.7308570458473266,-0.5205031862123567,0.39621498945034156,0.30599842234811847,-0.8101736880286154,-0.3060209278773966
Derrick Jones Jr.,Home,DAL,SAC,113,129,0,e995793a-b6b3-4c70-b9ec-183ab0c8ee87,-0.5450545884658445,-1.1303616126144733,-0.5618605211979644,0.6766453973833882,-0.6276768803062712,-0.6312938559093813,-0.4435910810431605,1.431997478777626,0.7173142481203609,0.6675498389877198,0.11766037057978233,-0.1446249953220825,-1.6866885001532756,-1.1777385590893419
Tim Hardaway Jr.,Home,DAL,SAC,113,129,0,e995793a-b6b3-4c70-b9ec-183ab0c8ee87,1.122361271765279,-0.475538080690088,-0.29796248677196785,-0.3185833298432272,-0.8364632660571512,-0.5104368640563293,-0.3772366697468623,1.1999078931888487,0.44503027440610327,1.0611600348397052,-0.2572556523369481,0.7053593316975673,-0.8118552617255385,-0.6328034816571884
Josh Green,Home,DAL,SAC,113,129,0,e995793a-b6b3-4c70-b9ec-183ab0c8ee87,0.7994352155339558,2.339906383565837,1.3794342308606797,-0.43374434318769456,0.32299346631517184,-0.7311803921118349,0.09786993214857545,1.4733428991456305,0.810734661483815,0.26428313479892246,0.054813157754550826,0.7496624563511338,0.2715008547607244,-0.5755357270820913
Dante Exum,Home,DAL,SAC,113,129,0,e995793a-b6b3-4c70-b9ec-183ab0c8ee87,-0.533920426018285,0.2722145566206595,-0.8442435023715399,-2.3884606034942517,-0.45219493183480525,-0.7328850622072381,-0.49979601196709655,1.9463971029887306,-1.5507711587425583,-1.189345701899674,-0.07171754449906981,0.20006355437432943,0.3518309704636249,-0.7654571790589779
Dwight Powell,Home,DAL,SAC,113,129,0,e995793a-b6b3-4c70-b9ec-183ab0c8ee87,-1.8116910513644735,2.080799023361628,-1.0690736204466955,4.813455967821681,-1.1439834809113645,-0.3976032821902186,-0.18926108429357616,-2.623766327095979,-0.3405271862437735,-1.189345701899674,-0.07171754449906981,-0.51866658287425,-0.9728830794858054,0.24312678520334546
Jaden Hardy,Home,DAL,SAC,113,129,0,e995793a-b6b3-4c70-b9ec-183ab0c8ee87,-0.7540846497127508,0.49809357483202,1.7112845524618905,1.489131232933909,-1.8797866742547995,-0.0385319447267086,0.1407036245259333,0.09212372049098895,1.2381811722651779,0.46579278529064777,0.543696851159415,0.24106689765704511,-1.1344816409315404,0.8323279698684163
Richaun Holmes,Home,DAL,SAC,113,129,0,e995793a-b6b3-4c70-b9ec-183ab0c8ee87,-0.9486367190900881,-1.5364460173692835,0.0616998630418809,-0.12093052884928601,1.430391536329817,-0.4349831162440898,4.569229047057269,2.5930259365793997,-2.3840953507471125,0.6004012318191203,0.8702711583538645,0.6979623688648907,0.9631993242159411,-0.40074568183156317
Markieff Morris,Home,DAL,SAC,113,129,0,e995793a-b6b3-4c70-b9ec-183ab0c8ee87,-1.1028589015716161,-0.8014588204190137,-0.3633662782045327,-1.3420063922585599,-1.813231453790539,-0.07999004448736641,0.13665882163978424,-0.9312050768374609,0.3792793434301706,-1.189345701899674,-0.07171754449906981,0.31799863402334144,-1.1710171143820396,1.455615224519761
Olivier-Maxence Prosper,Home,DAL,SAC,113,129,0,e995793a-b6b3-4c70-b9ec-183ab0c8ee87,-1.6257064524533607,-1.7428340239631492,0.09873478374187467,-0.3326288988822158,2.2711415189731015,-2.2416568301880666,-1.4704525270845485,-2.158219318885292,2.2081391084244464,-1.189345701899674,-0.07171754449906981,-0.7032251401867984,-0.5475610097663003,1.1419884993798926
Luka DonÄiÄ,Away,DAL,LAL,104,101,1,ef1d2079-fa01-4358-bde4-3d07eae31f99,4.628436988472933,2.499789156825701,1.0976109461525312,-1.9078931797980745,2.9811175708483173,-2.0458488377226445,-2.675627155354039,0.5144522258232008,0.36677277679515063,3.454170199531135,-1.3049910702449414,2.0648247017675523,-0.036794955584079116,-1.8039413936475408
Kyrie Irving,Away,DAL,LAL,104,101,1,ef1d2079-fa01-4358-bde4-3d07eae31f99,4.17701403124578,1.1444992516966597,1.3919687268949104,0.028895299036200906,0.75178117406547,-0.8778851660891767,-0.4520515169972682,1.2574826597337114,0.4027419039482546,0.9878105220607172,-0.4352093167363187,2.064821676752671,1.2775403938348335,0.1291796250031783
Grant Williams,Away,DAL,LAL,104,101,1,ef1d2079-fa01-4358-bde4-3d07eae31f99,0.8893493401509278,-0.3339816383033607,-0.30146311259521286,-0.033489468369803176,-0.02611667021305619,0.9253774939145627,-0.0012437992349616771,-0.025904983309355055,1.9885474374348053,-1.189345701899674,-0.07171754449906981,0.5992320782632734,-0.8064180042046375,-0.37715500122368195
Dereck Lively II,Away,DAL,LAL,104,101,1,ef1d2079-fa01-4358-bde4-3d07eae31f99,-1.410911654031979,0.08152576325484896,-1.2167105366954887,-0.10300947970531925,4.269921194524681,-1.605250887370441,1.6737119371397156,-0.572412950648332,-1.1091554778844135,-1.189345701899674,-0.07171754449906981,0.07062644156060201,0.07013229914786642,-0.023502238629761932
Derrick Jones Jr.,Away,DAL,LAL,104,101,1,ef1d2079-fa01-4358-bde4-3d07eae31f99,-0.04057365440463638,-0.9172819975876865,-0.04940489905810041,0.5141645812495034,0.43840562438646913,3.055845672314479,-0.017752591386373456,2.332451043774086,1.8010600997620076,-1.189345701899674,-0.07171754449906981,-0.04166802069179063,-0.42624758893224596,-0.9181076861235481
Tim Hardaway Jr.,Away,DAL,LAL,104,101,1,ef1d2079-fa01-4358-bde4-3d07eae31f99,0.8754124444116191,-0.1044470605350402,0.8959046731082698,-0.9901234938507615,-0.9087041428682319,-0.1749390989927691,0.5381414576499356,-0.21174200193214351,1.582242623743151,0.22398120470057742,-0.042963580926421996,0.9228623305702254,0.37355014892941873,0.7540118600729767
Richaun Holmes,Away,DAL,LAL,104,101,1,ef1d2079-fa01-4358-bde4-3d07eae31f99,-1.3863984744976843,-0.7911477514522801,-0.15954027102722185,-0.01763188428382603,4.094042268004165,-0.12899065815614283,0.15112179140773402,0.3751337225269018,-1.4718098014507177,2.323487339642904,3.1434290804450598,0.15657394147141857,0.12626334859085891,0.15138721306466638
Josh Green,Away,DAL,LAL,104,101,1,ef1d2079-fa01-4358-bde4-3d07eae31f99,1.7277410092634518,-1.1109045638210742,-0.1335848527112651,-0.5463351990251772,-0.37774888005442353,-0.7053826603541292,-0.6722836835997376,2.182111068857411,0.716115323262116,-1.189345701899674,-0.07171754449906981,0.9157054247189755,1.0459697276008966,0.07976179678880738
Dante Exum,Away,DAL,LAL,104,101,1,ef1d2079-fa01-4358-bde4-3d07eae31f99,-0.8299123949628473,-1.3300580107754179,0.02466494234188713,0.0907678411836438,-1.9565811594058693,0.009304324227896595,0.1453707047791822,-0.28227769212509807,-0.15768873620122764,-1.189345701899674,-0.07171754449906981,0.20241502176077453,-0.7488412109830267,1.3663658143429622
Jaden Hardy,Away,DAL,LAL,104,101,1,ef1d2079-fa01-4358-bde4-3d07eae31f99,-1.1610106097590036,-1.7428340239631492,0.09873478374187467,-0.3326288988822158,-1.9514615270624647,0.006115239630922915,0.14505956609563228,-1.5224029950561058,-0.22964083797960697,-1.189345701899674,-0.07171754449906981,0.21379744596840397,-1.933672056290605,1.2640870211307755
Dwight Powell,Away,DAL,LAL,104,101,1,ef1d2079-fa01-4358-bde4-3d07eae31f99,-1.8116910513644735,1.3235080239544461,-2.9339044378243035,4.078844092159154,-1.961700791749274,0.012493408824870276,0.14568184346273214,-2.4919424547494025,-0.37751472040527123,-1.189345701899674,-0.07171754449906981,-0.8486411725759556,-1.3157550284724513,0.8435187757694877
Seth Curry,Away,DAL,LAL,104,101,1,ef1d2079-fa01-4358-bde4-3d07eae31f99,-1.8116910513644735,-1.7428340239631492,0.09873478374187467,-0.3326288988822158,-2.545338878897405,0.3760490528798697,0.18115165338742384,-2.797218790709896,-0.2918593781365396,-1.189345701899674,-0.07171754449906981,-1.290461918291697,-0.4095732831914289,0.7863574076967833
Markieff Morris,Away,DAL,LAL,104,101,1,ef1d2079-fa01-4358-bde4-3d07eae31f99,-1.8116910513644735,-1.7428340239631492,0.09873478374187467,-0.3326288988822158,-2.545338878897405,0.3760490528798697,0.18115165338742384,-2.797218790709896,-0.2918593781365396,-1.189345701899674,-0.07171754449906981,-2.7331050483039485,0.6954159844458441,-0.24750831568169968
Olivier-Maxence Prosper,Away,DAL,LAL,104,101,1,ef1d2079-fa01-4358-bde4-3d07eae31f99,-1.8116910513644735,-1.7428340239631492,0.09873478374187467,-0.3326288988822158,-2.545338878897405,0.3760490528798697,0.18115165338742384,-2.797218790709896,-0.2918593781365396,-1.189345701899674,-0.07171754449906981,-2.7331050483039485,0.6954159844458441,-0.24750831568169968
Luka DonÄiÄ,Away,DAL,LAC,88,107,0,9269eb72-2327-4ac0-ba7e-bbd315a8a8d4,3.9245924384138764,3.4151134092159334,0.24560804820734325,0.5812548220846736,0.1795586389594516,1.8343519029589979,-1.089355235624903,0.22282236247672868,-0.3167078480452045,2.408840613002809,-0.9772080229479115,2.16249791541396,-0.6381093096655511,-1.6849190580047537
Grant Williams,Away,DAL,LAC,88,107,0,9269eb72-2327-4ac0-ba7e-bbd315a8a8d4,-0.6531858462757861,0.08982004646805222,-0.9917769418379104,1.5563000408961853,0.316966952750173,-0.19442905669375007,1.7551953687331785,2.5050564293521487,0.7657622142706338,-1.189345701899674,-0.07171754449906981,0.3762609231661076,-0.6941899959842855,-0.6696219981066377
Kyrie Irving,Away,DAL,LAC,88,107,0,9269eb72-2327-4ac0-ba7e-bbd315a8a8d4,3.7061716258376642,1.2284093993594931,0.2500753933993792,-0.38892462121177224,0.7618030061162986,-1.1641058597024077,-1.3377698132781497,1.061193930370872,0.17196365721410325,0.502311925584505,-0.2832242580122064,1.8374949089874815,0.525625128436777,-0.7696470872331418
Richaun Holmes,Away,DAL,LAC,88,107,0,9269eb72-2327-4ac0-ba7e-bbd315a8a8d4,-1.5560252699170227,-0.7657788785016607,-0.17266238641377568,-0.046351859195323725,2.1442801112310925,2.21440469318638,0.24040267649732397,-2.5543853416504123,-0.35999430948666705,-0.3858947396838842,0.7227892966447909,-0.01617978537154505,-1.0447904222630748,0.07483240250484743
Derrick Jones Jr.,Away,DAL,LAC,88,107,0,9269eb72-2327-4ac0-ba7e-bbd315a8a8d4,-0.568100050801638,-0.28343716850823014,1.3749429642707691,-0.23596075347774095,-0.8440326920395759,1.2832727210163177,-0.46856415051144706,-0.25880418034386926,1.2503726916324207,0.3851889250939577,0.3481433737974694,-0.06153217873047313,-1.6637803061050762,-1.819894707289308
Tim Hardaway Jr.,Away,DAL,LAC,88,107,0,9269eb72-2327-4ac0-ba7e-bbd315a8a8d4,1.8360217507009602,-0.8926447355791086,-0.36370927797192615,0.5478821748872821,-0.5071281213348385,-0.6316671901495481,-0.6171800070252097,0.16205727207776963,0.902036145171083,-1.189345701899674,-0.07171754449906981,0.9196615202147336,-1.1233973785430431,-0.41761295971729373
Dante Exum,Away,DAL,LAC,88,107,0,9269eb72-2327-4ac0-ba7e-bbd315a8a8d4,-1.2249270551208662,0.8454300767749576,0.5693551237544083,0.4206243314537287,3.3105418744996533,-1.4607949167989585,1.2907961922464446,-1.0076977622589318,-0.26908082610154815,-1.189345701899674,-0.07171754449906981,0.16172877594045248,0.03821781685751633,0.3489597574986839
Dwight Powell,Away,DAL,LAC,88,107,0,9269eb72-2327-4ac0-ba7e-bbd315a8a8d4,-1.723261426468316,-0.013970958874271019,-0.5816013844077456,-1.230121685873026,-0.6063328927388246,-0.6415449974391415,-0.48690080946169456,0.45243415306176016,-1.2026718843793662,0.9144610092817291,-0.6131629811356892,-0.5959061028437508,-0.7503063001772652,-1.3805789140352687
Josh Green,Away,DAL,LAC,88,107,0,9269eb72-2327-4ac0-ba7e-bbd315a8a8d4,-1.5617900070914978,-0.7325719738952331,-0.2595585554756793,-0.5292944367257317,-1.0299891527615723,-0.46257752388336587,-0.2451303386199952,-2.2973284926391204,0.9075253447124303,-1.189345701899674,-0.07171754449906981,-0.739248432011815,-1.9415902890482646,-0.11212542583691106
Seth Curry,Away,DAL,LAC,88,107,0,9269eb72-2327-4ac0-ba7e-bbd315a8a8d4,-0.4902467097004665,-1.3300580107754179,0.02466494234188713,0.0907678411836438,-1.9053848359718228,-0.022586521741840202,0.14225931794368293,-0.4020041878651488,1.6356078822591076,-1.189345701899674,-0.07171754449906981,0.1300160353570148,-1.4948023846196774,0.6719872235263834
Jaden Hardy,Away,DAL,LAC,88,107,0,9269eb72-2327-4ac0-ba7e-bbd315a8a8d4,-1.2004138755865714,-0.30977877618260335,-0.994089085501515,-0.06130661221797593,2.451380431561096,-1.2445241435615806,2.33980616977581,-0.18208896814392034,-0.3263121126755519,1.4520887567936522,0.6911787128684888,0.4642523739881079,0.004329494365898379,-0.03991687622624397
Olivier-Maxence Prosper,Away,DAL,LAC,88,107,0,9269eb72-2327-4ac0-ba7e-bbd315a8a8d4,-1.4397218535422476,-0.07735985433299535,3.3721461804464896,0.34230490310389294,-1.9872989534662973,0.02843883180973867,0.14723753688048177,-2.158219318885292,2.2081391084244464,-1.189345701899674,-0.07171754449906981,-0.4317733147794395,-0.8237802597708761,0.5904750937239701
Markieff Morris,Away,DAL,LAC,88,107,0,9269eb72-2327-4ac0-ba7e-bbd315a8a8d4,-1.8116910513644735,-1.7428340239631492,0.09873478374187467,-0.3326288988822158,-2.545338878897405,0.3760490528798697,0.18115165338742384,-2.797218790709896,-0.2918593781365396,-1.189345701899674,-0.07171754449906981,-2.7331050483039485,0.6954159844458441,-0.24750831568169968
Luka DonÄiÄ,Home,DAL,HOU,121,115,1,becaf697-8313-4e2f-8e6a-e5096dbcd7ad,5.66541513614263,3.1676685094790007,0.8059860463482694,-2.1866178533375074,2.1120201815592625,-1.7400918959670093,-2.0452860114879985,1.1762812306884485,-0.09389067736299618,3.9211006084953426,-1.5438255846885254,2.5521048297809084,1.5714929816299685,-0.45872159452957056
Kyrie Irving,Home,DAL,HOU,121,115,1,becaf697-8313-4e2f-8e6a-e5096dbcd7ad,3.1282405022707893,0.6183276358836679,0.5192925437029462,-1.3232855775695662,-0.3915659703791133,1.0182601014760748,0.30669467265750966,0.44268244441268034,0.09635600902984859,4.383076542986333,-1.5069268668995828,1.7548793396232834,-0.4437331946049316,-1.1577263852627633
Josh Green,Home,DAL,HOU,121,115,1,becaf697-8313-4e2f-8e6a-e5096dbcd7ad,-0.7113375544631735,0.29397419298859473,-0.9949111940644607,1.0608672075756287,2.1885789412724326,-0.03506030505158905,-0.9390581963002728,1.9051284099744006,1.0638983910657938,-1.189345701899674,-0.07171754449906981,0.5578118120820289,0.6084737063214405,0.752626432058208
Dereck Lively II,Home,DAL,HOU,121,115,1,becaf697-8313-4e2f-8e6a-e5096dbcd7ad,-0.7199050249293979,-0.090949704114156,-0.3574521999646733,0.13672449345762985,1.9704845338309527,1.988905576168185,0.3218375399048408,2.896232124467113,-2.4690848899671267,-1.189345701899674,-0.07171754449906981,0.3184984764985844,0.17650266319880248,-0.5316994195399614
Grant Williams,Home,DAL,HOU,121,115,1,becaf697-8313-4e2f-8e6a-e5096dbcd7ad,-1.1259043639074096,1.2473701290046693,-1.6548532549899575,1.1120394904537092,0.6971829753407721,-1.2583150742643594,-1.080367096909616,-2.2195523483675466,1.15363176871995,-1.189345701899674,-0.07171754449906981,0.12025847064250003,-1.2800276133802142,1.214389270091509
Derrick Jones Jr.,Home,DAL,HOU,121,115,1,becaf697-8313-4e2f-8e6a-e5096dbcd7ad,0.7888421492166565,0.05679711879071378,0.9195942727808307,0.423073173385335,1.3966962888861374,-0.6259400757675372,1.4791255111417616,3.120404054397947,0.3126486975780673,1.7086723903112642,-0.016178221563549425,0.9888908556248872,1.0826926015125102,0.14611737739701564
Tim Hardaway Jr.,Home,DAL,HOU,121,115,1,becaf697-8313-4e2f-8e6a-e5096dbcd7ad,1.681650084591865,-1.7428340239631492,0.09873478374187467,-0.3326288988822158,-1.1338833199259273,-0.04895526495994591,1.0385851555848526,0.5464998985334248,1.2226828671033163,-1.189345701899674,-0.07171754449906981,0.7781629466304703,-0.4996767985336107,0.3068987975177632
Dante Exum,Home,DAL,HOU,121,115,1,becaf697-8313-4e2f-8e6a-e5096dbcd7ad,-0.15916527742662312,1.563244665805452,0.24239736966447697,-0.09697604618802798,-1.0145116028690944,-0.054773753454956116,1.279741293364936,2.5155131580359438,0.26825220476310424,4.019836266317519,2.3187840676783784,0.8988486825826174,0.6832534563318775,-0.5780017481603047
Richaun Holmes,Home,DAL,HOU,121,115,1,becaf697-8313-4e2f-8e6a-e5096dbcd7ad,-1.5387445447557047,0.7550361730546029,-2.066271614093178,3.9437886336612906,0.4831232832744148,-1.2019004024450617,-0.9111099077263177,1.779198258793488,-2.1556642057565405,-1.189345701899674,-0.07171754449906981,-0.34167441570706647,-0.8710608811067618,0.9702521752433069
Jaden Hardy,Home,DAL,HOU,121,115,1,becaf697-8313-4e2f-8e6a-e5096dbcd7ad,-1.7477746060026107,-1.7428340239631492,0.09873478374187467,-0.3326288988822158,-1.900265203628418,-0.025775606338813883,0.141948179260133,-2.797218790709896,-0.2918593781365396,-1.189345701899674,-0.07171754449906981,-0.7843205129677298,-1.4768433796696148,1.0871747263508398
Dwight Powell,Home,DAL,HOU,121,115,1,becaf697-8313-4e2f-8e6a-e5096dbcd7ad,-1.8116910513644735,-1.7428340239631492,0.09873478374187467,-0.3326288988822158,-1.900265203628418,-0.025775606338813883,0.141948179260133,-2.797218790709896,-0.2918593781365396,-1.189345701899674,-0.07171754449906981,-1.1897905479489723,-0.519235313585723,0.49222466199267173
Seth Curry,Home,DAL,HOU,121,115,1,becaf697-8313-4e2f-8e6a-e5096dbcd7ad,-1.8116910513644735,-1.7428340239631492,0.09873478374187467,-0.3326288988822158,-2.545338878897405,0.3760490528798697,0.18115165338742384,-2.797218790709896,-0.2918593781365396,-1.189345701899674,-0.07171754449906981,-1.2900628499550617,-0.4053876266808354,0.5406898573764677
Markieff Morris,Home,DAL,HOU,121,115,1,becaf697-8313-4e2f-8e6a-e5096dbcd7ad,-1.8116910513644735,-1.7428340239631492,0.09873478374187467,-0.3326288988822158,-2.545338878897405,0.3760490528798697,0.18115165338742384,-2.797218790709896,-0.2918593781365396,-1.189345701899674,-0.07171754449906981,-2.7331050483039485,0.6954159844458441,-0.24750831568169968
Olivier-Maxence Prosper,Home,DAL,HOU,121,115,1,becaf697-8313-4e2f-8e6a-e5096dbcd7ad,-1.8116910513644735,-1.7428340239631492,0.09873478374187467,-0.3326288988822158,-2.545338878897405,0.3760490528798697,0.18115165338742384,-2.797218790709896,-0.2918593781365396,-1.189345701899674,-0.07171754449906981,-2.7331050483039485,0.6954159844458441,-0.24750831568169968
Kyrie Irving,Home,DAL,MEM,94,108,0,2ff18bd2-03b8-4185-8a04-10391b2099a3,0.5613458303427518,0.5772483978789803,-0.9812438351886585,-0.9113913775897283,0.2705715927267579,-0.94986715682974,-1.0797354741448697,-1.0884687906891486,0.0050291831641799435,2.038536322002359,-0.5259662669714776,1.095263871223826,-1.3135481924999974,0.06378625511016936
Derrick Jones Jr.,Home,DAL,MEM,94,108,0,2ff18bd2-03b8-4185-8a04-10391b2099a3,2.4100343836709395,-0.03336511846858671,0.6763705976670071,0.19004486102014018,0.36859331039242205,-0.20774266082170081,1.8072520233001406,1.2097571476075657,0.9835396770189927,-1.189345701899674,-0.07171754449906981,0.8101207375279903,-1.4361053237499264,-1.8307732232569185
Josh Green,Home,DAL,MEM,94,108,0,2ff18bd2-03b8-4185-8a04-10391b2099a3,0.3785723597483944,3.4143265699047376,1.6638148591203457,0.14489994496456005,-1.0447754657198791,-0.3851765187180398,-0.3588445727844052,0.2926721586614982,0.17717437360401675,0.5466440486926846,-0.17566984546313621,0.8932248599535071,-0.54133423041952,-0.5358427017761079
Grant Williams,Home,DAL,MEM,94,108,0,2ff18bd2-03b8-4185-8a04-10391b2099a3,2.024792300381509,1.0145978314282902,0.3280623141262668,-0.01219256276130068,2.5121785434370305,0.09889874059109645,-0.3841631622349969,0.7944397366585308,1.2790394986788727,2.661395436613694,-0.4432313000481439,0.9397238922792698,-0.9904756013123807,-1.623235126634944
Dereck Lively II,Home,DAL,MEM,94,108,0,2ff18bd2-03b8-4185-8a04-10391b2099a3,-1.0740487020613474,0.7631780208744082,0.15118873477187617,1.385633096241731,1.8913836725635687,2.0026774927315345,-0.8560660798700964,-0.6419489590232901,-1.1284874459612817,-1.189345701899674,-0.07171754449906981,0.1737860812265656,-1.0531480031501559,-0.19958228669184092
Jaden Hardy,Home,DAL,MEM,94,108,0,2ff18bd2-03b8-4185-8a04-10391b2099a3,0.0879498160769163,2.393776757529724,-0.36899774536299557,-0.9674019057216489,1.1283731810710473,-0.7968940353350151,0.8527194413056997,-0.07328370572450385,-0.12398246653828005,-0.6099734710306828,0.17915062957858183,0.6492996305377313,-0.9565731995794189,-0.617029173994262
Richaun Holmes,Home,DAL,MEM,94,108,0,2ff18bd2-03b8-4185-8a04-10391b2099a3,-1.0937503349751314,0.8512808646884099,0.6129111710905379,0.22160490405074212,3.8842174818841184,2.1765694745629367,0.7984949672424323,0.11134208164088227,-1.3978116960091511,0.46579278529064777,0.543696851159415,0.30552321387716885,0.41307695342716005,0.12843853052095527
Seth Curry,Home,DAL,MEM,94,108,0,2ff18bd2-03b8-4185-8a04-10391b2099a3,0.9700152015072585,0.8142397074879274,1.1052647086264809,-0.8553389927197899,-0.680646420966294,-0.5984185856671315,-0.4776602072260153,1.3177946655141266,0.482025001554653,-1.189345701899674,-0.07171754449906981,0.7248620233832063,-0.044432920597211774,-0.7843401641733354
Markieff Morris,Home,DAL,MEM,94,108,0,2ff18bd2-03b8-4185-8a04-10391b2099a3,0.15117568168095186,-0.7889472471188315,-0.23039829906111525,-0.46547227025573684,0.5057297138768135,-0.45283085414088026,1.8210570151846612,0.5272725816872517,1.2849531827135945,-1.189345701899674,-0.07171754449906981,0.18842572342449004,-1.135189502485152,-0.49077217534488743
Olivier-Maxence Prosper,Home,DAL,MEM,94,108,0,2ff18bd2-03b8-4185-8a04-10391b2099a3,-1.537276827557203,-0.6944376605841358,-0.39389554521539155,-1.4068158218789801,-1.9053848359718228,-0.022586521741840202,0.14225931794368293,-0.38240131187528625,1.7103359934469533,2.526538213215532,3.2979065661032254,-0.3733238086994323,0.07239826746119056,0.4331255288518048
Dexter Dennis,Home,DAL,MEM,94,108,0,2ff18bd2-03b8-4185-8a04-10391b2099a3,-1.0158969938739602,-1.7428340239631492,0.09873478374187467,-0.3326288988822158,-1.9053848359718228,-0.022586521741840202,0.14225931794368293,0.0042228872881730824,-0.6979869060486227,-0.7876202207917792,0.32553587607286055,0.939768893000619,-0.6895558928270705,0.8083761599414796
A.J. Lawson,Home,DAL,MEM,94,108,0,2ff18bd2-03b8-4185-8a04-10391b2099a3,-1.5814916400052819,-1.7428340239631492,0.09873478374187467,-0.3326288988822158,-0.2744588830317896,-0.9054721718830014,-0.5128891995037455,-1.3570365471872474,1.983571454989317,1.674850688241,3.476999011588601,-0.3333323548809783,-0.9911242022418599,1.3169531088233632
Dwight Powell,Home,DAL,MEM,94,108,0,2ff18bd2-03b8-4185-8a04-10391b2099a3,-1.8116910513644735,-1.7428340239631492,0.09873478374187467,-0.3326288988822158,-2.545338878897405,0.3760490528798697,0.18115165338742384,-2.797218790709896,-0.2918593781365396,-1.189345701899674,-0.07171754449906981,-2.7331050483039485,0.6954159844458441,-0.24750831568169968
Luka DonÄiÄ,Home,DAL,OKC,120,126,0,26a4b74e-7dad-4224-bfd5-d67c84e7b0e4,5.401417925539369,7.621853625099117,-2.2633797023407354,-2.3543959578984466,5.090673404719835,0.20155959640232873,-2.1682277167949264,1.4316295054672457,0.6971755088074177,5.136239928862921,-1.500620732607136,2.3241566831980847,0.39778582072225005,-1.7397629216076547
Dereck Lively II,Home,DAL,OKC,120,126,0,26a4b74e-7dad-4224-bfd5-d67c84e7b0e4,0.7332571330106042,0.23160085351902968,0.23129751624835648,1.2495451941287001,8.636031373144453,6.669615619211397,-0.45384009169277445,2.3307010583083674,-2.310499258185618,1.2390869220578749,0.2337632065071701,1.3852960096973144,1.2915761981716887,0.00932781787241145
Seth Curry,Home,DAL,OKC,120,126,0,26a4b74e-7dad-4224-bfd5-d67c84e7b0e4,2.3000270136374903,0.1928022658690341,0.718750957810789,-0.5332182816088084,1.1724653343351092,0.8551062418090544,1.2358727918574879,0.40876064425576286,1.2784655880847844,-1.189345701899674,-0.07171754449906981,1.2832486119511437,0.6642288882949152,0.7973450537890026
Derrick Jones Jr.,Home,DAL,OKC,120,126,0,26a4b74e-7dad-4224-bfd5-d67c84e7b0e4,4.199900222990596,1.1512389775882275,-0.09666621219913525,1.3506005512193109,0.4896782366476487,0.6741693105177843,-0.21502801520862616,2.0437717251993885,1.328370315054128,1.0216641433433271,-0.35307685624430146,1.3440287256987058,0.15014021928041463,-0.59948215627337
Grant Williams,Home,DAL,OKC,120,126,0,26a4b74e-7dad-4224-bfd5-d67c84e7b0e4,-0.5982452664051542,-0.8136978607417197,-0.1478761684613962,0.007896982304171879,-1.1996504034390743,-0.061640729435102744,0.8462342323197539,-0.8009208786492485,0.8384181862977954,1.798984140793073,0.37200031172879866,0.252479811756184,-1.1971514747610732,0.02269156037267295
A.J. Lawson,Home,DAL,OKC,120,126,0,26a4b74e-7dad-4224-bfd5-d67c84e7b0e4,1.4759638527669683,-0.6938194012564046,-0.3244955300022264,-0.962166544230569,-1.3001580030002067,1.5632214809566942,-0.20486396894552336,1.170833185497869,1.2205537519434664,0.22398120470057742,-0.042963580926421996,0.8249502039892082,0.5127627449253975,0.4236479411412196
Jaden Hardy,Home,DAL,OKC,120,126,0,26a4b74e-7dad-4224-bfd5-d67c84e7b0e4,-0.17308539064361875,0.30008966529508235,-1.0749157706504076,2.0695493673490164,-0.5768181748833331,-0.6583600166017477,-0.46885376638674103,0.08724133059149015,1.0653093088046686,0.3311843387621753,0.21712254396496583,0.07015688663370616,-2.6174093102142897,0.04206175206067283
Olivier-Maxence Prosper,Home,DAL,OKC,120,126,0,26a4b74e-7dad-4224-bfd5-d67c84e7b0e4,-1.4733603821953403,-0.9101540845495683,-0.16770374776980246,-0.32825461234524794,-1.0007432862658194,-0.096047127116269,1.1600755008154326,-1.1611465915123378,0.5890328569163406,1.7204996112486304,1.342371792483768,-0.37600761102432034,-0.8243448026791323,0.21104392576341233
Richaun Holmes,Home,DAL,OKC,120,126,0,26a4b74e-7dad-4224-bfd5-d67c84e7b0e4,-1.7674762389163947,-1.7428340239631492,0.09873478374187467,-0.3326288988822158,-0.4702144758611014,-0.787065381143937,-0.40254347249796785,-1.1585161217349549,-0.7511590559065315,0.06277348430719713,-0.43407053565031345,-0.8370488875987384,-0.9356899670515626,-0.20152178453435932
Dwight Powell,Home,DAL,OKC,120,126,0,26a4b74e-7dad-4224-bfd5-d67c84e7b0e4,-1.723261426468316,-0.4032848933622856,-1.408578667965112,2.5306657073442165,-1.8490688801943715,-0.05766645230855067,0.13883679242463373,-0.4772710519088346,-0.9418124329245923,0.9144610092817291,-0.6131629811356892,-0.43103074464257574,-1.6166022665208097,0.28490360388894687
Dexter Dennis,Home,DAL,OKC,120,126,0,26a4b74e-7dad-4224-bfd5-d67c84e7b0e4,-1.4397218535422476,-1.7428340239631492,0.09873478374187467,-0.3326288988822158,2.86026281618491,-1.5772767168181043,3.024699976577724,-1.873757278558468,2.128323903128583,-1.189345701899674,-0.07171754449906981,-0.2761298567696797,-2.8177466670106273,1.0138904084214213
Greg Brown III,Home,DAL,OKC,120,126,0,26a4b74e-7dad-4224-bfd5-d67c84e7b0e4,-1.8116910513644735,-1.7428340239631492,0.09873478374187467,-0.3326288988822158,-2.545338878897405,0.3760490528798697,0.18115165338742384,-2.797218790709896,-0.2918593781365396,-1.189345701899674,-0.07171754449906981,-2.7331050483039485,0.6954159844458441,-0.24750831568169968
Markieff Morris,Home,DAL,OKC,120,126,0,26a4b74e-7dad-4224-bfd5-d67c84e7b0e4,-1.8116910513644735,-1.7428340239631492,0.09873478374187467,-0.3326288988822158,-2.545338878897405,0.3760490528798697,0.18115165338742384,-2.797218790709896,-0.2918593781365396,-1.189345701899674,-0.07171754449906981,-2.7331050483039485,0.6954159844458441,-0.24750831568169968
Luka DonÄiÄ,Home,DAL,UTA,147,97,1,15a1d918-473c-4afb-ad01-471ec050f115,6.270104293882976,4.130560335215,-1.4613588938864943,-1.612387731280318,2.832227628265215,-1.484074870324742,-0.40908603000342536,1.8331848864848341,0.516479798185726,3.064767038883932,-1.124019502481909,2.702145000788288,2.695251101797159,1.24134515614554
Kyrie Irving,Home,DAL,UTA,147,97,1,15a1d918-473c-4afb-ad01-471ec050f115,3.5830175806291957,2.5431237633009784,2.722013473020042,-0.05851816900152918,-0.6217196372056204,-0.5545655020631983,-0.6005163683073301,2.520348419920312,0.2999770214930645,-1.189345701899674,-0.07171754449906981,1.652628043828208,2.328281927679246,0.794384196190766
Dante Exum,Home,DAL,UTA,147,97,1,15a1d918-473c-4afb-ad01-471ec050f115,0.09651728654314078,1.8832563385083165,1.7290675109600404,-1.4684205527158718,0.9026219357951686,-1.233504929792052,-1.3741697305437648,-0.3510751919259237,0.8410240720463571,-1.189345701899674,-0.07171754449906981,1.0256908966056253,2.199171299425332,2.7243909460769506
Derrick Jones Jr.,Home,DAL,UTA,147,97,1,15a1d918-473c-4afb-ad01-471ec050f115,0.02535160428598821,-0.07565162085307864,1.1219343563708963,0.24926692121978203,1.1568304569958625,2.272273115689047,-0.45646271923219517,2.8720159099864264,-0.12804313528051525,2.0865660654227307,0.9401980365134547,0.8347742443092301,2.0271117559868297,1.454434532480494
Dereck Lively II,Home,DAL,UTA,147,97,1,15a1d918-473c-4afb-ad01-471ec050f115,-0.3830420729587662,-0.2587954830733899,1.18765627118672,0.03557364978982832,1.2040905762563732,2.3124743732487265,-0.4637861215790909,1.951690924618287,-2.107246110720252,-1.189345701899674,-0.07171754449906981,0.6744531876312722,1.7831549981077708,1.448734496032252
Tim Hardaway Jr.,Home,DAL,UTA,147,97,1,15a1d918-473c-4afb-ad01-471ec050f115,2.9439895275145203,-0.9193204941507985,-0.20785450434397001,-0.7068778783505896,0.31676226153588066,-0.6950581489440298,0.18883213711508884,0.9878777565007515,1.4970306718472464,1.4918834334436835,-0.37305843702021463,1.1450645706958442,0.019743981375021293,0.6468600093753906
Olivier-Maxence Prosper,Home,DAL,UTA,147,97,1,15a1d918-473c-4afb-ad01-471ec050f115,-0.5450545884658445,-0.9446893671014178,-0.1947323889574162,-0.678157903439092,0.8931865738787598,-0.9551162675568221,-0.06761330439911994,1.645252030561731,0.6574257717438906,0.46579278529064777,0.543696851159415,0.34732119834786374,0.9653927768923706,1.1093585073881649
Seth Curry,Home,DAL,UTA,147,97,1,15a1d918-473c-4afb-ad01-471ec050f115,0.4471676506255141,0.6356452739217456,2.7504804664507647,-0.44262343877261123,-0.7015595186882203,-0.21729660724629998,0.795540301351964,2.223270433942026,0.6472338113499568,-1.189345701899674,-0.07171754449906981,0.7461927173718347,2.063081122205412,1.2047706562857157
Dwight Powell,Home,DAL,UTA,147,97,1,15a1d918-473c-4afb-ad01-471ec050f115,-1.2657980381469356,0.28295060880901596,1.1316328276580259,-0.7644681531560491,0.5025457185752975,-0.7757888357463112,0.24034741705553575,2.972551208457236,-2.4904987255343096,-1.189345701899674,-0.07171754449906981,0.12180668475979652,1.6530900165061544,0.9467560896622238
Jaden Hardy,Home,DAL,UTA,147,97,1,15a1d918-473c-4afb-ad01-471ec050f115,0.360205742927858,1.4086992577304636,-1.6145536939147342,-1.9054471750203306,1.4451427880746144,-0.6573501374651438,3.06392181103947,1.3533217605136527,0.970300637458439,-1.189345701899674,-0.07171754449906981,1.2370097224415562,0.8442486514275924,0.19286582827434723
A.J. Lawson,Home,DAL,UTA,147,97,1,15a1d918-473c-4afb-ad01-471ec050f115,-1.2657980381469356,-1.7428340239631492,0.09873478374187467,-0.3326288988822158,-0.5663412142404699,-0.10298588111018528,2.0973101820669604,2.9031702230116694,-2.4710316022914163,-1.189345701899674,-0.07171754449906981,-0.2056633353600942,0.6369187816354828,0.2950546361054637
Markieff Morris,Home,DAL,UTA,147,97,1,15a1d918-473c-4afb-ad01-471ec050f115,-0.8622159075226923,-1.7428340239631492,0.09873478374187467,-0.3326288988822158,-0.7278717334306728,-0.6284205382699618,-0.33876249427403426,0.84076768734887,1.426340872309282,-1.189345701899674,-0.07171754449906981,-0.015401531284058832,-0.47205762635388565,0.8189485192105964
Richaun Holmes,Home,DAL,UTA,147,97,1,15a1d918-473c-4afb-ad01-471ec050f115,-1.5387445447557047,-0.6575523218097901,-1.2970901172819316,2.1679492278926293,-0.8726464325882323,3.7643751081873797,-0.5994881221943362,1.945712623862848,-2.202385301539485,-1.189345701899674,-0.07171754449906981,-0.30711593511190527,-0.171514115454253,0.6272533062781849
Luka DonÄiÄ,Away,DAL,POR,125,112,1,bd26c7bc-7eca-47b3-8ed1-bd83c1aff855,5.209436247542064,3.67920437049453,-1.5651072449289882,-1.087977985865282,0.901124003703301,0.20689125732222766,-1.4649557011756922,0.4206145536759051,0.40763354794123124,3.4364373502878633,-1.3480128352645695,2.418025402403948,0.5705005259232118,0.521745486150781
Derrick Jones Jr.,Away,DAL,POR,125,112,1,bd26c7bc-7eca-47b3-8ed1-bd83c1aff855,1.4127379871629326,0.6938710998424316,1.5659177458122957,0.6535514733741107,2.9908316979822973,1.8214215079381126,1.322946880476265,0.813153098206125,0.29488498112590195,0.19738193083566966,-0.1074962284558641,1.425017386250069,1.3587726658753194,1.0352669696366439
Dante Exum,Away,DAL,POR,125,112,1,bd26c7bc-7eca-47b3-8ed1-bd83c1aff855,2.0142258035499334,1.3402453590782986,-1.2580835171554574,-1.2107166580217743,1.0725074793029872,-0.7304318609349039,0.6165536918497133,2.3214893897756137,0.577126407548237,1.4765687000063124,-0.4102135977189842,1.3586976778113833,0.45754921749737354,-0.49587626939282253
Dereck Lively II,Away,DAL,POR,125,112,1,bd26c7bc-7eca-47b3-8ed1-bd83c1aff855,-0.3830420729587662,1.441915659961454,-0.19497468866237955,1.6085212139932932,3.368500584685626,1.2000213594069975,-1.6234789177152693,1.6186621944795667,-2.013803919154363,-1.189345701899674,-0.07171754449906981,0.6727252445858823,0.5568374505402541,0.047592597718021254
Kyrie Irving,Away,DAL,POR,125,112,1,bd26c7bc-7eca-47b3-8ed1-bd83c1aff855,-0.45942769686143603,0.4274082032538268,1.3984748494004295,-0.7654794609613401,-0.6260299085006322,-0.6182964364860398,-0.4542742070398731,1.2811957006276615,-1.8228068881898571,1.765901131050914,0.12266474736343204,0.43597518369835286,-0.040613688386887795,-1.3322646518871528
Tim Hardaway Jr.,Away,DAL,POR,125,112,1,bd26c7bc-7eca-47b3-8ed1-bd83c1aff855,2.823797486188778,-0.4723875627267464,-0.44941249905678654,0.994875494549807,-0.25098899511082534,-0.7053780452742132,-0.774697250408518,2.184262552898834,0.9981369393600846,1.0490694558102016,-0.28658867394123994,1.2853254520234387,0.8883943726674781,0.7308951003590387
Seth Curry,Away,DAL,POR,125,112,1,bd26c7bc-7eca-47b3-8ed1-bd83c1aff855,0.06755760340530512,-0.6151107337179365,-0.688798222139908,0.40904775199076193,-0.5271743061487909,-0.3023151469559039,0.8759222543411568,1.4934211720058672,1.559912083882175,0.6272479088893748,0.0198836318988095,0.3971643325628788,0.6435272802441668,1.0069495947557212
Dwight Powell,Away,DAL,POR,125,112,1,bd26c7bc-7eca-47b3-8ed1-bd83c1aff855,-1.3863984744976843,4.384044928021068,4.087732767296701,1.8724891285749894,-0.3755094394403108,-0.3104625092466627,1.1322837470026723,0.5525269847208543,-1.5214428951480934,1.7204996112486304,1.342371792483768,0.12429252758459938,0.9212237408509397,-0.13394490102141157
Markieff Morris,Away,DAL,POR,125,112,1,bd26c7bc-7eca-47b3-8ed1-bd83c1aff855,-1.5387445447557047,0.597225139396134,-2.380767887298603,3.8413169119754684,-0.9131512641762035,-0.5219717469375788,-0.25298801226475287,1.6890029777142512,-2.130356945540779,-1.189345701899674,-0.07171754449906981,-0.1067025141872805,-1.5367611759917101,1.3609334526127712
A.J. Lawson,Away,DAL,POR,125,112,1,bd26c7bc-7eca-47b3-8ed1-bd83c1aff855,-1.1667753469334787,-1.5364460173692835,0.0616998630418809,-0.12093052884928601,-0.8494942888416288,-0.5576478581680258,-0.2692024715853798,-0.4584147374463711,0.6459455672447855,-1.189345701899674,-0.07171754449906981,-0.317469423669046,-1.4214461973349035,0.7025021579038939
Olivier-Maxence Prosper,Away,DAL,POR,125,112,1,bd26c7bc-7eca-47b3-8ed1-bd83c1aff855,-1.6257064524533607,-1.7428340239631492,0.09873478374187467,-0.3326288988822158,-0.5274733468393988,-0.7414057093631176,-0.36221713377725534,-2.158219318885292,2.2081391084244464,-1.189345701899674,-0.07171754449906981,-0.7655393344766686,-0.8840723230918129,0.9515268891506885
Jaden Hardy,Away,DAL,POR,125,112,1,bd26c7bc-7eca-47b3-8ed1-bd83c1aff855,-1.8116910513644735,-1.7428340239631492,0.09873478374187467,-0.3326288988822158,-2.545338878897405,0.3760490528798697,0.18115165338742384,-2.797218790709896,-0.2918593781365396,-1.189345701899674,-0.07171754449906981,-2.7331050483039485,0.6954159844458441,-0.24750831568169968
Richaun Holmes,Away,DAL,POR,125,112,1,bd26c7bc-7eca-47b3-8ed1-bd83c1aff855,-1.8116910513644735,-1.7428340239631492,0.09873478374187467,-0.3326288988822158,-2.545338878897405,0.3760490528798697,0.18115165338742384,-2.797218790709896,-0.2918593781365396,-1.189345701899674,-0.07171754449906981,-2.7331050483039485,0.6954159844458441,-0.24750831568169968
Luka DonÄiÄ,Away,DAL,MEM,120,113,1,c2c9797b-25c6-4855-b0a4-a55b00137c4f,4.685881334380181,2.918402748718761,0.3665073422113295,0.04485379680836868,2.258002711543144,1.1036286624404084,-2.2375093088033418,1.350295971820563,0.717299177998516,6.004886632012791,-1.9092812209630663,2.1500075326980856,0.46429654251038555,-0.5480403784752322
Dereck Lively II,Away,DAL,MEM,120,113,1,c2c9797b-25c6-4855-b0a4-a55b00137c4f,0.43579744686754074,1.2663139695438779,-1.9095340978087274,1.7752332415086411,6.654328111178736,-0.7760405203582962,0.6688912641625268,1.870168137453101,-2.1168376514219718,-1.189345701899674,-0.07171754449906981,1.1106247318779714,0.26917672471555326,0.07285534511937937
Dante Exum,Away,DAL,MEM,120,113,1,c2c9797b-25c6-4855-b0a4-a55b00137c4f,1.0710467060494773,3.250226293875299,0.30093687928027807,0.3858902304533715,0.51197279906663,0.7673126660334881,-0.17253748565106322,1.0792227218056116,-0.14676523714949963,1.5547544443971018,-0.22052672467789688,1.2305809469704958,0.09846701841872017,-0.17189000058083756
Seth Curry,Away,DAL,MEM,120,113,1,c2c9797b-25c6-4855-b0a4-a55b00137c4f,-0.3590699895547317,-0.011497022831966913,1.1776887474736355,-0.5361135045665941,0.0058595336648462745,-0.558285250104403,0.530629878929992,1.021502355906565,0.7752019874355862,0.6272479088893748,0.0198836318988095,0.30549892420217767,0.45177507027006963,0.4571973731179219
Derrick Jones Jr.,Away,DAL,MEM,120,113,1,c2c9797b-25c6-4855-b0a4-a55b00137c4f,-0.8496140278766312,-1.7428340239631492,0.09873478374187467,-0.3326288988822158,4.068891578956291,10.301859935247732,-3.1288608096557873,0.5436059492668104,-0.17940793703450195,0.6675498389877198,0.11766037057978233,0.6987995306051529,1.0922938100224775,-0.3882157833079659
Jaden Hardy,Away,DAL,MEM,120,113,1,c2c9797b-25c6-4855-b0a4-a55b00137c4f,2.987540329690495,1.1733361502155335,-0.09201295593343865,-0.20595227757671566,-1.9258633653454413,-0.00983018335394548,0.14350387267788264,1.6723475227129643,1.071355128837766,-1.189345701899674,-0.07171754449906981,1.3258056934276587,0.267744337367666,0.15267154600799235
Markieff Morris,Away,DAL,MEM,120,113,1,c2c9797b-25c6-4855-b0a4-a55b00137c4f,0.02334279095722633,1.9133233077647542,1.4362181041836692,1.3384148408773187,0.5536177521006822,1.213868322411771,0.15511076144373154,1.3016202753614414,1.613690873837489,-1.189345701899674,-0.07171754449906981,0.45261840880361714,0.41200867787906587,0.09743901093336603
Olivier-Maxence Prosper,Away,DAL,MEM,120,113,1,c2c9797b-25c6-4855-b0a4-a55b00137c4f,1.1179315506840513,-0.01115564959656842,-0.8600656574081795,0.034615324326811005,1.1379030352936363,0.7108486981824719,-1.399246217516192,2.355051759499236,1.3713155419641687,-1.189345701899674,-0.07171754449906981,0.46924837195391517,0.004661407100275055,-0.7752069243703831
A.J. Lawson,Away,DAL,MEM,120,113,1,c2c9797b-25c6-4855-b0a4-a55b00137c4f,-0.45794319714062154,-0.7705477338194711,-0.6315354592354359,-0.052727778621150335,-0.939763230240365,-0.0743111112752588,1.3781731723824424,-0.733074134840786,0.49304618107805254,-1.189345701899674,-0.07171754449906981,0.29607081989583117,-1.405091222640637,1.1650905518610781
Dwight Powell,Away,DAL,MEM,120,113,1,c2c9797b-25c6-4855-b0a4-a55b00137c4f,-1.4748280993938419,0.6220179091543264,-1.4408276986487425,1.0970959643175235,-0.09486289987959472,-0.4664471744823064,1.1456229360688437,0.0876662088736701,-1.3911790518354246,-1.189345701899674,-0.07171754449906981,-0.2564045341593773,-0.37053577434210083,0.7781877971293557
Richaun Holmes,Away,DAL,MEM,120,113,1,c2c9797b-25c6-4855-b0a4-a55b00137c4f,-1.8116910513644735,-1.7428340239631492,0.09873478374187467,-0.3326288988822158,-2.545338878897405,0.3760490528798697,0.18115165338742384,-2.797218790709896,-0.2918593781365396,-1.189345701899674,-0.07171754449906981,-2.7331050483039485,0.6954159844458441,-0.24750831568169968
Luka DonÄiÄ,Home,DAL,LAL,127,125,1,9afb01dc-45b4-4134-a7c9-b5a98be210b4,4.885978882143892,5.072406309821087,-2.089422941530362,-3.3798373846501932,0.783848245806371,-1.183180346507421,-1.3350779508779802,0.7425657305989081,0.11094896865469293,2.880636553245584,-1.1624371728235547,2.4666156215293324,0.6826444332370598,0.05368668430306807
Grant Williams,Home,DAL,LAL,127,125,1,9afb01dc-45b4-4134-a7c9-b5a98be210b4,2.6040416575193186,0.49709775902647885,0.39706575831519697,1.0399147352210114,-0.35076772632728687,-0.43904283293735824,0.27153666588240677,3.8969862208912325,1.0972493951426312,-1.189345701899674,-0.07171754449906981,1.1828278179448877,0.7434738251673275,-0.09853256509225522
Dante Exum,Home,DAL,LAL,127,125,1,9afb01dc-45b4-4134-a7c9-b5a98be210b4,3.862887787392398,0.6699182367010857,0.33347029630608505,-0.02618637418953052,0.7623087575894765,0.7259419510230303,0.6843052197262394,4.417465474545729,1.410544851072637,1.5837718340679103,-0.1501274728275964,1.3555130522800547,1.3863075924051587,-0.6663804924346091
Dereck Lively II,Home,DAL,LAL,127,125,1,9afb01dc-45b4-4134-a7c9-b5a98be210b4,-0.5281556888438097,1.0598036884467903,1.7753453322849666,1.632407048415306,4.159921540516258,2.794211160159544,1.1095291417661457,0.4860801591723546,-1.5441287715353174,-1.189345701899674,-0.07171754449906981,0.6911584294107082,0.26357817048521687,0.5292768765009392
Seth Curry,Home,DAL,LAL,127,125,1,9afb01dc-45b4-4134-a7c9-b5a98be210b4,-0.9261323528845551,-1.7428340239631492,0.09873478374187467,-0.3326288988822158,0.7128903826795195,1.4143632257705452,0.6043107137714304,2.443460620486993,1.769912702573378,-1.189345701899674,-0.07171754449906981,-0.26251287563976866,0.40848092124885943,0.13000532471460244
Tim Hardaway Jr.,Home,DAL,LAL,127,125,1,9afb01dc-45b4-4134-a7c9-b5a98be210b4,4.673837333386692,0.21535237515847347,0.7070868552449634,-0.5587471481968063,-0.30525238350877215,-0.46046546257376003,0.2804499246649039,1.571584592500762,0.6279190956067461,3.513011017474719,-1.162237031770721,1.711318115610004,-0.2867704951568025,-0.9175652196323886
Jaden Hardy,Home,DAL,LAL,127,125,1,9afb01dc-45b4-4134-a7c9-b5a98be210b4,-0.789041411936778,-0.46206597609539707,-0.6516588262684798,0.4887399694141998,-1.1965910093536192,-0.3700011500371446,-0.17982777270215192,-1.6456976443902835,0.45155633499510067,-1.189345701899674,-0.07171754449906981,0.1518633643539652,-1.7062020446527064,1.3203307071498134
Richaun Holmes,Home,DAL,LAL,127,125,1,9afb01dc-45b4-4134-a7c9-b5a98be210b4,-1.3224820291358215,0.8097221008929167,-1.56960857614465,1.2981965270311755,3.9009418860822307,-1.7173404796527678,1.975235745470723,-0.46046804868179747,-1.1404526163437554,1.518796073684692,1.2699110376159637,0.1129900532952925,-1.0419843699382256,0.2930386838060606
Markieff Morris,Home,DAL,LAL,127,125,1,9afb01dc-45b4-4134-a7c9-b5a98be210b4,-1.4397218535422476,0.5497445126519384,2.991182348237602,-0.35992749674592783,0.9120670443841149,-1.5292049521934417,-1.015558319567116,-1.8598810814693547,2.1244304784800043,-1.189345701899674,-0.07171754449906981,-0.4901450077634396,-1.0804008110584309,-0.27310267111095127
Olivier-Maxence Prosper,Home,DAL,LAL,127,125,1,9afb01dc-45b4-4134-a7c9-b5a98be210b4,-1.8116910513644735,-1.7428340239631492,0.09873478374187467,-0.3326288988822158,-1.8490688801943715,-0.05766645230855067,0.13883679242463373,-2.797218790709896,-0.2918593781365396,-1.189345701899674,-0.07171754449906981,-1.29147209557121,-0.6795308250440635,0.4055028632257292
A.J. Lawson,Home,DAL,LAL,127,125,1,9afb01dc-45b4-4134-a7c9-b5a98be210b4,-1.8116910513644735,-1.7428340239631492,0.09873478374187467,-0.3326288988822158,-1.8490688801943715,-0.05766645230855067,0.13883679242463373,-2.797218790709896,-0.2918593781365396,-1.189345701899674,-0.07171754449906981,-1.3521104752622122,-0.7189600143658129,0.45152500209208385
Greg Brown III,Home,DAL,LAL,127,125,1,9afb01dc-45b4-4134-a7c9-b5a98be210b4,-1.8116910513644735,-1.7428340239631492,0.09873478374187467,-0.3326288988822158,-2.545338878897405,0.3760490528798697,0.18115165338742384,-2.797218790709896,-0.2918593781365396,-1.189345701899674,-0.07171754449906981,-2.7331050483039485,0.6954159844458441,-0.24750831568169968
Dexter Dennis,Home,DAL,LAL,127,125,1,9afb01dc-45b4-4134-a7c9-b5a98be210b4,-1.8116910513644735,-1.7428340239631492,0.09873478374187467,-0.3326288988822158,-2.545338878897405,0.3760490528798697,0.18115165338742384,-2.797218790709896,-0.2918593781365396,-1.189345701899674,-0.07171754449906981,-2.7331050483039485,0.6954159844458441,-0.24750831568169968
Dwight Powell,Home,DAL,LAL,127,125,1,9afb01dc-45b4-4134-a7c9-b5a98be210b4,-1.8116910513644735,-1.7428340239631492,0.09873478374187467,-0.3326288988822158,-2.545338878897405,0.3760490528798697,0.18115165338742384,-2.797218790709896,-0.2918593781365396,-1.189345701899674,-0.07171754449906981,-2.7331050483039485,0.6954159844458441,-0.24750831568169968
Luka DonÄiÄ,Home,DAL,MIN,101,119,0,896b4434-6ad6-4881-9dc2-da8ca00e56e8,4.8226035329122885,7.397353999550635,-2.2244322399530603,-1.7158565388264404,0.8642467890474378,-0.9233637041840053,-0.36919371421208036,1.0500254002599416,-0.34328587396997134,3.365329111119829,-1.3163777663212866,2.5216829968144188,-0.17883175164741436,-1.8992304841281338
Grant Williams,Home,DAL,MIN,101,119,0,896b4434-6ad6-4881-9dc2-da8ca00e56e8,0.46848648436536644,0.28569919028524204,0.5037991768803165,0.7491842014858958,-0.568043978741723,-0.5924406833068231,-0.5794020876967422,-0.9949918122660909,1.1285016826149366,-1.189345701899674,-0.07171754449906981,0.7464952561231812,-1.5086025319904752,-0.671699182592686
Dereck Lively II,Home,DAL,MIN,101,119,0,896b4434-6ad6-4881-9dc2-da8ca00e56e8,0.27098219806871326,0.5062921312097588,0.25621887829081247,1.5594878895913846,2.3896183212429616,1.9135266529667347,1.0642866354371028,1.3518362625174158,-1.9070678697521553,0.24171405394384923,5.818409320603828e-05,0.8313909926259436,-0.6130143153822485,-1.1903837643531694
Derrick Jones Jr.,Home,DAL,MIN,101,119,0,896b4434-6ad6-4881-9dc2-da8ca00e56e8,-0.05436106651637802,0.3144331011568807,2.302640645065285,0.6822955977839462,-0.005084058449949463,-0.8484000418868549,-0.8580465262582957,-1.1325151513904597,1.5602732119168992,-1.189345701899674,-0.07171754449906981,0.24988791797157325,-1.9932639345395622,-1.4944705574561572
Dante Exum,Home,DAL,MIN,101,119,0,896b4434-6ad6-4881-9dc2-da8ca00e56e8,0.6807108914067149,1.0025583654470325,-1.5481181407647024,0.1636352002191278,0.1025078909565249,-0.9116182644935474,-0.879135602668878,3.4498927897423037,0.3408018809009057,1.1828718637367073,0.03803009847959003,0.8412244383277292,0.8235054233813066,-0.08752042249300904
Tim Hardaway Jr.,Home,DAL,MIN,101,119,0,896b4434-6ad6-4881-9dc2-da8ca00e56e8,0.9260825737920007,-0.49263725870595526,-0.6939165998613749,0.8870136106075941,-0.008532916075264298,-0.8482250045890507,-0.8470029952302126,-0.9298281699231933,0.28065463491440795,0.873965192111171,-0.29451678127960196,0.7915834671069654,-2.9737390858294184,-1.3927887114045774
Markieff Morris,Home,DAL,MIN,101,119,0,896b4434-6ad6-4881-9dc2-da8ca00e56e8,-1.5387445447557047,-0.6671221503603636,-0.22369283513926286,-0.1580406505178147,-1.1584021152340227,-0.3856017118852867,-0.18599156959232407,2.868479730288886,-2.4612980406699694,-1.189345701899674,-0.07171754449906981,-0.5660501856323308,-0.4521872423895425,-0.3025483266290408
Jaden Hardy,Home,DAL,MIN,101,119,0,896b4434-6ad6-4881-9dc2-da8ca00e56e8,-0.5892694009139233,-1.238367187901902,-0.13737429099166107,-0.8473846021160999,-0.3567481973364521,-0.7798567600167869,-0.5266983811893724,1.4857477121333602,0.7021886366432603,-1.189345701899674,-0.07171754449906981,0.016228758991275724,0.026277036714057792,-0.2134713746238864
Dwight Powell,Home,DAL,MIN,101,119,0,896b4434-6ad6-4881-9dc2-da8ca00e56e8,-1.6348318015721583,-1.5364460173692835,0.0616998630418809,-0.12093052884928601,2.780470294827256,-2.448898333511258,-1.6686169104083721,0.5218151385073269,-1.2221390076222598,1.8113026508531982,-1.0970422977569037,-0.22033878550849714,0.7557728019187119,-0.16456097667831865
Olivier-Maxence Prosper,Home,DAL,MIN,101,119,0,896b4434-6ad6-4881-9dc2-da8ca00e56e8,-1.5387445447557047,-1.7428340239631492,0.09873478374187467,-0.3326288988822158,-1.8951455712850134,-0.028964690935787563,0.14163704057658308,2.8337892375661027,-2.4515644790485225,-1.189345701899674,-0.07171754449906981,-0.24377307527087824,0.4940738288702318,-0.3016981520923096
Richaun Holmes,Home,DAL,MIN,101,119,0,896b4434-6ad6-4881-9dc2-da8ca00e56e8,-1.8116910513644735,-1.7428340239631492,0.09873478374187467,-0.3326288988822158,-1.8951455712850134,-0.028964690935787563,0.14163704057658308,-2.797218790709896,-0.2918593781365396,-1.189345701899674,-0.07171754449906981,-1.2117428816120168,-0.5757227381741712,0.18078507038286795
A.J. Lawson,Home,DAL,MIN,101,119,0,896b4434-6ad6-4881-9dc2-da8ca00e56e8,-1.5387445447557047,-1.7428340239631492,0.09873478374187467,-0.3326288988822158,-1.8951455712850134,-0.028964690935787563,0.14163704057658308,2.8337892375661027,-2.4515644790485225,-1.189345701899674,-0.07171754449906981,0.2811499941823402,0.9586658108451018,-0.7942875579660327
Greg Brown III,Home,DAL,MIN,101,119,0,896b4434-6ad6-4881-9dc2-da8ca00e56e8,-1.8116910513644735,0.3936969719212743,-0.9815637141932918,-2.6950363214224518,-1.8951455712850134,-0.028964690935787563,0.14163704057658308,-1.2847133079965407,-0.7162426648316192,-1.189345701899674,-0.07171754449906981,-0.8493876334561441,1.4162680690618052,-0.9475396305159463
Dexter Dennis,Home,DAL,MIN,101,119,0,896b4434-6ad6-4881-9dc2-da8ca00e56e8,-1.8116910513644735,-1.7428340239631492,0.09873478374187467,-0.3326288988822158,-2.545338878897405,0.3760490528798697,0.18115165338742384,-2.797218790709896,-0.2918593781365396,-1.189345701899674,-0.07171754449906981,-2.7331050483039485,0.6954159844458441,-0.24750831568169968
Luka DonÄiÄ,Away,DAL,POR,131,120,1,734a1bf4-a06a-4f36-8b78-10658e5fca59,6.061764812393896,4.035474346942718,-1.4769916095981939,-1.2400054218505712,3.5074498267388137,-1.778518489172013,-0.9590923711327334,1.3394566743761405,0.1497248865102464,2.880636553245584,-1.1624371728235547,2.219829436090925,0.2210045441777738,-1.2018555073286468
Derrick Jones Jr.,Away,DAL,POR,131,120,1,734a1bf4-a06a-4f36-8b78-10658e5fca59,1.663957265006843,1.3833580361045115,1.3799879886517297,-0.31886405458879685,-1.3300235060334213,0.005525517769156901,0.8037950918605594,1.5766421787988356,0.3882422024271047,2.136873031442321,-0.28739102458990384,1.0609703486660482,0.11158093004457667,-0.752599764164755
Grant Williams,Away,DAL,POR,131,120,1,734a1bf4-a06a-4f36-8b78-10658e5fca59,-0.9365759355742874,1.194069887623052,0.077910120220827,0.9752406600161011,0.49461467937502496,0.6627984920258853,-0.1837939005999465,-0.468320969090029,0.9193009444096883,0.6675498389877198,0.11766037057978233,0.39739318582988126,-0.3429860959648118,-0.11700236289773219
Dante Exum,Away,DAL,POR,131,120,1,734a1bf4-a06a-4f36-8b78-10658e5fca59,1.156540896548632,1.4683622618566663,-0.05600892508852079,0.5661678559753052,-0.9712721196979207,-0.4266071206066242,-0.36192630465798165,2.115517580078038,-0.45609286405181965,0.5393897012749825,-0.1932696584257114,1.0824037461933027,0.8634474210431644,0.6785562416068255
Dereck Lively II,Away,DAL,POR,131,120,1,734a1bf4-a06a-4f36-8b78-10658e5fca59,-1.7477746060026107,-1.7428340239631492,0.09873478374187467,-0.3326288988822158,0.8099855469674568,-0.8075637994652813,1.7118593445742178,-2.2699233013235887,-0.43980951478253066,-1.189345701899674,-0.07171754449906981,-0.84588130047916,-1.075248298700024,0.5210017464647863
Tim Hardaway Jr.,Away,DAL,POR,131,120,1,734a1bf4-a06a-4f36-8b78-10658e5fca59,4.733473541294894,-0.39481033874632965,0.7102976523962556,-0.07940286130554834,0.6547828196246136,-1.0982780948576996,-1.2792384941366168,0.8693831104445774,1.1338496232312478,1.9644499852269095,-0.7254906907692069,1.6984414337562193,0.44686825392350715,0.6529226938558117
Dwight Powell,Away,DAL,POR,131,120,1,734a1bf4-a06a-4f36-8b78-10658e5fca59,-1.1134519678889154,-1.3300580107754179,0.02466494234188713,0.0907678411836438,1.955330700890123,1.127798429732077,2.813181998273933,1.2502579628819446,-1.8141756981750563,1.518796073684692,1.2699110376159637,0.1765893070170196,0.28331428209286663,0.5013571779513815
Markieff Morris,Away,DAL,POR,131,120,1,734a1bf4-a06a-4f36-8b78-10658e5fca59,0.8191368484477398,1.4297550517170108,-0.027351066118129607,-0.3122706074615314,0.8613258465854966,-1.283954790785987,-1.2416776475623885,0.9904700577114479,0.7941532947245958,-1.189345701899674,-0.07171754449906981,0.8139991113310816,0.5044717830671959,0.3110697151930624
Seth Curry,Away,DAL,POR,131,120,1,734a1bf4-a06a-4f36-8b78-10658e5fca59,0.009405895217917725,-0.17174279057569725,-0.7460841509194499,0.6631344746336334,-0.5340310010280528,-0.6793816328171972,-0.48972081162267467,1.0036826832254453,1.317059387450561,0.600648635024467,-0.04464901563063259,0.5094534552575094,0.38346613444115984,1.8094959637625956
Jaden Hardy,Away,DAL,POR,131,120,1,734a1bf4-a06a-4f36-8b78-10658e5fca59,-1.2657980381469356,-1.5364460173692835,0.0616998630418809,-0.12093052884928601,1.6142987125637156,-1.8525171195316827,-1.2542315168714857,2.8337892375661027,-2.4515644790485225,-1.189345701899674,-0.07171754449906981,-0.23633415305868385,0.43845537043368765,0.22488414630561648
Olivier-Maxence Prosper,Away,DAL,POR,131,120,1,734a1bf4-a06a-4f36-8b78-10658e5fca59,-1.6257064524533607,-1.094610241181726,-0.21173294484879948,-1.0101311266145867,4.833138070640598,-2.268845442039053,2.8360807242360653,-1.2354522124592535,1.9492263692939622,-1.189345701899674,-0.07171754449906981,-0.5821574263766612,0.2240967036191051,0.23166408247517878
Greg Brown III,Away,DAL,POR,131,120,1,734a1bf4-a06a-4f36-8b78-10658e5fca59,-1.8116910513644735,-1.7428340239631492,0.09873478374187467,-0.3326288988822158,-1.915624100658632,-0.01620835254789284,0.1428815953107828,-2.797218790709896,-0.2918593781365396,-1.189345701899674,-0.07171754449906981,-1.2764963007793957,-0.47286146631915255,0.5937523839009219
A.J. Lawson,Away,DAL,POR,131,120,1,734a1bf4-a06a-4f36-8b78-10658e5fca59,-1.8116910513644735,-1.7428340239631492,0.09873478374187467,-0.3326288988822158,-1.915624100658632,-0.01620835254789284,0.1428815953107828,-2.797218790709896,-0.2918593781365396,-1.189345701899674,-0.07171754449906981,-1.2739059944262905,-0.45993044375448733,0.5824466702759595
Dexter Dennis,Away,DAL,POR,131,120,1,734a1bf4-a06a-4f36-8b78-10658e5fca59,-1.8116910513644735,-1.7428340239631492,0.09873478374187467,-0.3326288988822158,-2.545338878897405,0.3760490528798697,0.18115165338742384,-2.797218790709896,-0.2918593781365396,-1.189345701899674,-0.07171754449906981,-2.7331050483039485,0.6954159844458441,-0.24750831568169968
Luka DonÄiÄ,Away,DAL,DEN,104,130,0,aba7340f-1575-4968-a964-23548cd9e4f2,5.997157787274206,2.2422235495012264,-2.017529999200683,-1.7644160550660406,3.5551688086740483,-1.6296902757975629,-0.08981750613527095,1.743078734573909,0.6056385817202317,3.36233968406557,-1.1089582571043786,1.9635943160905454,-0.7258468600886541,-3.3860647679062645
Derrick Jones Jr.,Away,DAL,DEN,104,130,0,aba7340f-1575-4968-a964-23548cd9e4f2,0.00098790837926026,0.659640033326396,2.1334889268630484,0.4189294952846391,-1.3310882610836894,-0.2918221171442971,-0.14406510290773097,-0.536281777363459,0.37039244756080536,-1.189345701899674,-0.07171754449906981,0.4336102885188151,-1.195862973051671,-0.49755604862264646
Dwight Powell,Away,DAL,DEN,104,130,0,aba7340f-1575-4968-a964-23548cd9e4f2,-0.5920721342056724,-0.3661550954889853,-0.6146064905819818,1.329946924822453,3.35676995184397,-0.6636847048023277,3.971479018618465,0.9836407189105993,-1.739390844812274,-1.189345701899674,-0.07171754449906981,0.1293976371426092,-1.3442414295281726,-1.037917979190787
Dante Exum,Away,DAL,DEN,104,130,0,aba7340f-1575-4968-a964-23548cd9e4f2,-0.02033092536059215,0.1988800612954198,-0.9642026982258134,0.5115382377652231,-1.2628086118067714,-0.33336773555385707,-0.15363167130792157,4.320981606391244,-0.0371428018277602,-1.189345701899674,-0.07171754449906981,0.16534278858914733,-0.6838977718730573,-1.2322256147598107
Grant Williams,Away,DAL,DEN,104,130,0,aba7340f-1575-4968-a964-23548cd9e4f2,-0.12457355821956619,-1.3300580107754179,0.02466494234188713,0.0907678411836438,-0.0017677928781165064,-0.614922667574118,0.3017588818149636,0.46397877308112756,0.39311330479462325,-1.189345701899674,-0.07171754449906981,0.21091408422666197,-1.3419174198223964,-0.5713854345577926
Tim Hardaway Jr.,Away,DAL,DEN,104,130,0,aba7340f-1575-4968-a964-23548cd9e4f2,1.2901287374834223,-0.08951177462893278,-0.9303999641327233,0.7050344981000197,-0.6769656316252562,-0.607996887451548,-0.4536962694925244,-0.29022616727865463,1.3773735909746898,-1.189345701899674,-0.07171754449906981,0.7049292247225384,-1.6648372174721968,0.3247903752868858
Olivier-Maxence Prosper,Away,DAL,DEN,104,130,0,aba7340f-1575-4968-a964-23548cd9e4f2,-1.0389424562097536,-0.4965978042637692,-0.40168120727638784,-1.1290914402029808,0.6956958112305343,-0.942774768845783,0.020204067846056783,-1.0893267647306908,0.18470351706385857,-1.189345701899674,-0.07171754449906981,0.01308578968854978,-0.7339320182413843,-0.18940300558312687
Jaden Hardy,Away,DAL,DEN,104,130,0,aba7340f-1575-4968-a964-23548cd9e4f2,0.41018529255041214,0.49678192362284174,-1.0916214648517424,-1.0847054533673992,-1.1983674703670946,-0.3715656819472172,-0.1777039947931924,0.7177777634313209,0.9512452618463136,0.24171405394384923,5.818409320603828e-05,0.5684869810846858,-1.0532515000611007,-0.8816369055844004
A.J. Lawson,Away,DAL,DEN,104,130,0,aba7340f-1575-4968-a964-23548cd9e4f2,-0.5450545884658445,-0.7385328464877089,-0.6033568994803078,1.0339717145785854,-0.28136750830611074,-0.4665391397651839,0.7447722439586051,1.3538518916903506,0.7391876893640436,0.46579278529064777,0.543696851159415,0.02446846465454374,-1.0594212306259099,-0.27965227975361295
Markieff Morris,Away,DAL,DEN,104,130,0,aba7340f-1575-4968-a964-23548cd9e4f2,-1.1667753469334787,-1.5364460173692835,0.0616998630418809,-0.12093052884928601,0.4688644286470423,-1.2122452740107383,-0.9564741084506939,-0.43760044181270114,0.6401054302719175,-1.189345701899674,-0.07171754449906981,-0.4501847344169594,-1.339047592487044,-0.19159348268514748
Greg Brown III,Away,DAL,DEN,104,130,0,aba7340f-1575-4968-a964-23548cd9e4f2,-1.2215832256988568,-0.912003750557198,-0.6175088493937548,0.9260982947709825,0.3160073362103515,-0.705154290390134,1.056809969963332,1.5056985176502453,-2.0792759234581903,2.316427960189979,4.197145415904149,0.2477654372207513,-0.6951835159852866,0.5864530443628101
Seth Curry,Away,DAL,DEN,104,130,0,aba7340f-1575-4968-a964-23548cd9e4f2,-1.8116910513644735,-1.3300580107754179,0.02466494234188713,0.0907678411836438,-1.8234707184773482,-0.07361187529341906,0.1372810990068841,-2.797218790709896,-0.2918593781365396,-1.189345701899674,-0.07171754449906981,-1.0914998047707685,-0.8966808180895203,0.7841488577156462
Richaun Holmes,Away,DAL,DEN,104,130,0,aba7340f-1575-4968-a964-23548cd9e4f2,-1.2830787633082537,-1.7428340239631492,0.09873478374187467,-0.3326288988822158,4.635532015189448,-2.3741520823317037,1.9174696814783863,-1.462874228717996,-0.7822017680476168,-1.189345701899674,-0.07171754449906981,0.3250894115099236,-1.5145147559521168,1.1345433393749316
Dexter Dennis,Away,DAL,DEN,104,130,0,aba7340f-1575-4968-a964-23548cd9e4f2,-1.8116910513644735,-1.7428340239631492,0.09873478374187467,-0.3326288988822158,-2.545338878897405,0.3760490528798697,0.18115165338742384,-2.797218790709896,-0.2918593781365396,-1.189345701899674,-0.07171754449906981,-2.7331050483039485,0.6954159844458441,-0.24750831568169968
Luka DonÄiÄ,Home,DAL,LAC,111,120,0,a4fded7a-50d6-46d9-9b29-affe141bca85,3.9730777013522056,3.777232601991688,-1.5766552600890664,-1.168222387753966,2.2927413480231036,-1.6015736220491843,-1.3397023093087286,0.08542611533491828,0.2868285488913924,4.7398745199319565,-1.4947872292834314,2.2717054394710896,-0.6143001363009087,-0.5209167881253298
Dante Exum,Home,DAL,LAC,111,120,0,a4fded7a-50d6-46d9-9b29-affe141bca85,1.13496315141134,0.2982837173897804,2.0218413212219133,0.16565964895625987,1.0422371177644811,-1.06709041298357,-0.5878308411186312,0.9031762815564045,-0.1542342042071834,1.529767247736128,-0.28114830266010005,1.120485162879412,-0.511525420721723,-0.7340848643038378
Derrick Jones Jr.,Home,DAL,LAC,111,120,0,a4fded7a-50d6-46d9-9b29-affe141bca85,1.4640357703564215,-0.09180100462017898,0.8411350325275248,-0.2673690276079043,0.8131523063217619,2.530704457913584,1.3607643792241741,1.8623990803682267,0.20697896387467485,2.6264710355338727,-0.44921363407065806,1.2595090393569184,0.46552929535048615,-0.607743571028347
Grant Williams,Home,DAL,LAC,111,120,0,a4fded7a-50d6-46d9-9b29-affe141bca85,0.26467636476397755,0.7071949527475753,-0.6509193726639642,-0.20880451109924597,3.8571447664087484,0.36384424897067935,1.9587530412451453,1.6351476359627493,0.2360941409354897,-1.189345701899674,-0.07171754449906981,0.41726999805708426,-0.8885555761029924,-1.6029381652617753
Dwight Powell,Home,DAL,LAC,111,120,0,a4fded7a-50d6-46d9-9b29-affe141bca85,-1.4945297323076259,-0.9439792484837272,-0.15020759392106398,-0.289961312463251,-1.0486390982374767,-0.1016088512648279,1.025503738060332,2.4063366353823783,-2.331803667439588,1.674850688241,3.476999011588601,-0.5119184628393373,-1.357315772231367,-0.893263850255949
Tim Hardaway Jr.,Home,DAL,LAC,111,120,0,a4fded7a-50d6-46d9-9b29-affe141bca85,3.5476524233801627,2.057886114728862,2.605076598720918,0.11939326722409681,-0.3260479162803563,-0.4626332396496345,0.20880211391788697,0.45467744198785087,0.6044511950767653,0.9910346764685848,-0.42738717764184087,1.6452035689485986,-0.1105479273939185,-0.2036847048250465
Jaden Hardy,Home,DAL,LAC,111,120,0,a4fded7a-50d6-46d9-9b29-affe141bca85,2.6857836235714574,0.0765189935259174,1.206064063598923,0.1742740408381918,-0.6450951716669604,-0.6298284559203077,-0.498527109838816,1.3350112413511188,1.4525704435963178,-1.189345701899674,-0.07171754449906981,0.9700534118999241,0.0489720185913181,-0.19025753424344996
Markieff Morris,Home,DAL,LAC,111,120,0,a4fded7a-50d6-46d9-9b29-affe141bca85,-1.7477746060026107,-1.5364460173692835,0.0616998630418809,-0.12093052884928601,1.8364024206960348,-1.3582004220085346,1.6297893237682732,-2.311551892590929,-0.42812924083679454,-1.189345701899674,-0.07171754449906981,-0.8633618372416465,-1.4714659826948904,0.7347567006484167
Olivier-Maxence Prosper,Home,DAL,LAC,111,120,0,a4fded7a-50d6-46d9-9b29-affe141bca85,-1.8116910513644735,-0.2940813614066275,-0.6258085859356095,-1.916405890488514,1.2839387609107538,-1.8466587825715364,-1.1462028806988978,-1.1598275341945203,-0.7512834866688277,-1.189345701899674,-0.07171754449906981,-0.9116791047403696,0.9003116866656143,-0.26332188281639446
A.J. Lawson,Home,DAL,LAC,111,120,0,a4fded7a-50d6-46d9-9b29-affe141bca85,-1.8116910513644735,-1.7428340239631492,0.09873478374187467,-0.3326288988822158,-1.8388296155075623,-0.06404462150249803,0.13821451505753388,-2.797218790709896,-0.2918593781365396,-1.189345701899674,-0.07171754449906981,-1.3152937738651371,-0.64163653574589,0.7424064581014816
Seth Curry,Home,DAL,LAC,111,120,0,a4fded7a-50d6-46d9-9b29-affe141bca85,-1.8116910513644735,-1.7428340239631492,0.09873478374187467,-0.3326288988822158,-2.545338878897405,0.3760490528798697,0.18115165338742384,-2.797218790709896,-0.2918593781365396,-1.189345701899674,-0.07171754449906981,-2.7331050483039485,0.6954159844458441,-0.24750831568169968
Richaun Holmes,Home,DAL,LAC,111,120,0,a4fded7a-50d6-46d9-9b29-affe141bca85,-1.8116910513644735,-1.7428340239631492,0.09873478374187467,-0.3326288988822158,-2.545338878897405,0.3760490528798697,0.18115165338742384,-2.797218790709896,-0.2918593781365396,-1.189345701899674,-0.07171754449906981,-2.7331050483039485,0.6954159844458441,-0.24750831568169968
Tim Hardaway Jr.,Away,DAL,HOU,96,122,0,caa340c5-74cd-4456-b8e6-1a01cb78c33f,2.3949119554659504,-0.9451253297442405,-0.41856780379987996,-0.3617315697784657,-0.3477881891088751,-0.4397977894465214,0.24949901279719408,-0.21495190226129465,0.45474381814680914,0.9950648694784192,-0.41760950377374356,0.9950821268397925,-2.2970684893146833,-1.6305468100974583
Grant Williams,Away,DAL,HOU,96,122,0,caa340c5-74cd-4456-b8e6-1a01cb78c33f,-1.1259043639074096,0.7977218145633431,2.154724167906189,-0.12452593426485854,0.4407537015836564,0.5619391573859894,-1.2098100917031664,-2.2819952352685564,1.1711521796385542,-1.189345701899674,-0.07171754449906981,-0.17433133198612047,-2.098940337790362,-1.68053549688461
Jaden Hardy,Away,DAL,HOU,96,122,0,caa340c5-74cd-4456-b8e6-1a01cb78c33f,1.9759154249404864,0.7432206210151829,-0.7392735545465959,-0.694938196953154,-0.9385930994278635,-0.45140897705010236,-0.3932638699027192,-0.8026781729571357,1.3203735372464571,-1.189345701899674,-0.07171754449906981,0.5132811699807313,-3.011580626094149,-1.662606838700599
Derrick Jones Jr.,Away,DAL,HOU,96,122,0,caa340c5-74cd-4456-b8e6-1a01cb78c33f,-1.1807122426727874,-0.17707247787513197,-0.7992262154152425,0.9000431225231176,0.3734108267494732,-0.4838406717214629,0.9396843408691224,-0.9906362216023282,-0.27381859146777027,0.46579278529064777,0.543696851159415,-0.175639721827238,-2.022388484953841,-0.894352051052863
Markieff Morris,Away,DAL,HOU,96,122,0,caa340c5-74cd-4456-b8e6-1a01cb78c33f,-0.5099483426142506,-1.7428340239631492,0.09873478374187467,-0.3326288988822158,-0.4541486398698949,-0.7364083367998435,-0.5685216270668946,0.21572250385621067,1.9685451111363748,0.46579278529064777,0.543696851159415,-0.19953143541267013,-1.306174928161143,-0.510461242679967
Olivier-Maxence Prosper,Away,DAL,HOU,96,122,0,caa340c5-74cd-4456-b8e6-1a01cb78c33f,1.375738846565518,1.3118261185673563,-0.2106477186878649,0.7220814009124883,1.439229827775834,-0.17668494390504816,2.8578776287922034,0.6819185838286294,-0.13695848738555216,3.8468292415504317,-0.6401120763665097,1.2303126471990182,-0.35201972798913506,-0.6397500775850814
A.J. Lawson,Away,DAL,HOU,96,122,0,caa340c5-74cd-4456-b8e6-1a01cb78c33f,-0.7184373077308964,3.279160798285343,3.40704265234667,2.381595635269175,-1.0115474548479424,-0.40564590202040424,-0.393743180028047,1.3087667933460174,-1.2088507191237048,1.3174803102651798,0.3646044056740393,0.46160196643764223,0.2458306848115995,-0.1309778219277852
Richaun Holmes,Away,DAL,HOU,96,122,0,caa340c5-74cd-4456-b8e6-1a01cb78c33f,0.5069463466023801,0.3663261258983927,0.6975311897146497,0.29942389022398225,2.777220108487201,-0.7186462270347775,2.6834651439956985,0.5412931847050437,-1.5665618839692543,0.914267122209516,-0.1967400425986291,1.0690503226585852,0.678010409549216,0.35507095972724445
Seth Curry,Away,DAL,HOU,96,122,0,caa340c5-74cd-4456-b8e6-1a01cb78c33f,-1.120139626732934,1.189121262869552,2.023374182366156,1.7324173739227022,-0.8348640520652899,-0.5108310748287896,-0.45020984066457936,-2.6144649417680594,0.42314018901990236,-1.189345701899674,-0.07171754449906981,-0.08874129909886438,-2.847938738054861,-0.46214161393598907
Dexter Dennis,Away,DAL,HOU,96,122,0,caa340c5-74cd-4456-b8e6-1a01cb78c33f,1.278609050097882,1.4194513667208888,-1.4376547204079193,-3.6872416911586474,0.9827949578872891,-1.372697680292967,-1.3606715449185547,2.062327998493691,-0.5812124311485306,0.20947250986517318,-0.07816320685157226,1.1645429824233302,1.7994707129593515,-0.595612552268915
Greg Brown III,Away,DAL,HOU,96,122,0,caa340c5-74cd-4456-b8e6-1a01cb78c33f,-1.3652291243853987,-0.5556999818585883,-0.3959381582179085,-1.1185308520820565,1.7393563753113932,-1.446034810989132,-0.30531010654366103,-1.499822228603825,0.23659016068163416,2.335805849703029,1.674386470959357,-0.03525203377685101,-0.362618216499193,0.12172886338369916
Dwight Powell,Away,DAL,HOU,96,122,0,caa340c5-74cd-4456-b8e6-1a01cb78c33f,-1.6257064524533607,-1.5364460173692835,0.0616998630418809,-0.12093052884928601,1.9074651484572094,-1.9869158194443681,-1.612215771966205,-2.158219318885292,2.2081391084244464,-1.189345701899674,-0.07171754449906981,-0.8297131580758697,-0.9405134456411994,0.7672709800659474
Dante Exum,Home,DAL,SAS,144,119,1,9ac1cd0b-1fd7-4259-bdea-e6b48ff02a5e,1.4413987030456348,0.9084627325585896,-1.6132791076138386,0.2897162782830058,1.9727486387953865,0.36998794581423783,0.01062900365535061,3.332291053301488,0.35623142907106453,1.0756687296751093,-0.22205602641179778,1.2434528145332229,1.3185610098755551,0.7471240708869474
Luka DonÄiÄ,Home,DAL,SAS,144,119,1,9ac1cd0b-1fd7-4259-bdea-e6b48ff02a5e,5.7286410017466665,2.9618039087789607,-0.7765242931960453,-2.2709539402327734,4.19969136541078,-0.5576033658695189,-1.1946113546094985,1.3695294003740819,0.39835778588494064,4.204189672841662,-1.5280735458708101,2.715855258838615,2.7365986074879745,1.567486167680207
Tim Hardaway Jr.,Home,DAL,SAS,144,119,1,9ac1cd0b-1fd7-4259-bdea-e6b48ff02a5e,4.213455293190622,-0.6657236239345646,-0.31420043803269554,-0.9376249407929963,0.7761149235440301,-1.166397473397169,-1.3085953913373,1.255973615296096,0.8261825653683779,-1.189345701899674,-0.07171754449906981,1.6234276534832426,1.4330999925809293,1.786524369751503
Grant Williams,Home,DAL,SAS,144,119,1,9ac1cd0b-1fd7-4259-bdea-e6b48ff02a5e,1.6954374967036068,0.2784875061100282,-0.8935983691806599,0.11862495019215794,-0.4603703995585407,1.022769710532241,-0.6749640946429799,2.9682803874684067,1.264200968211462,-1.189345701899674,-0.07171754449906981,0.7112954101761465,0.8546426486534463,0.1570965231515793
Derrick Jones Jr.,Home,DAL,SAS,144,119,1,9ac1cd0b-1fd7-4259-bdea-e6b48ff02a5e,0.995863397134801,-1.031360921980305,-0.10500919647848958,-0.19103695443475893,0.4249528338850281,-0.45777132182999875,1.1767657187300484,2.6181715381205053,1.1441907296429494,-1.189345701899674,-0.07171754449906981,0.44875480897165637,0.3685245602476709,0.13172538014963078
A.J. Lawson,Home,DAL,SAS,144,119,1,9ac1cd0b-1fd7-4259-bdea-e6b48ff02a5e,1.692634763411858,1.3767203691412486,1.4364158651834662,0.23664765241300847,1.7198527851261507,-0.7478688292332923,1.240097546336723,2.945136802213747,0.48279288610651905,-1.189345701899674,-0.07171754449906981,1.0700167809743628,1.45891168387364,0.4240168188852972
Dwight Powell,Home,DAL,SAS,144,119,1,9ac1cd0b-1fd7-4259-bdea-e6b48ff02a5e,-0.2700992685283138,0.1821681667261407,1.0990063015794505,0.4270593066206905,1.0115790281126882,1.0762253748246937,0.9144121188531397,3.022764531125203,-2.504556521082621,2.4561335324267195,0.4673855211386621,0.7666116951408216,2.224213013447722,1.547944942340538
Jaden Hardy,Home,DAL,SAS,144,119,1,9ac1cd0b-1fd7-4259-bdea-e6b48ff02a5e,-0.22976938163250463,1.1088290598424888,3.8357930956915065,0.2687193701620495,1.1152468293832898,-1.3577095936613037,-1.426018386754983,-0.5325563000052019,1.0925803188298198,1.7216044350042503,0.1842689734613307,0.5871704731197527,0.5198438974713881,1.1898354056252265
Olivier-Maxence Prosper,Home,DAL,SAS,144,119,1,9ac1cd0b-1fd7-4259-bdea-e6b48ff02a5e,-1.497873561729635,-1.5364460173692835,0.0616998630418809,-0.12093052884928601,-0.4887108380483541,-0.7034610556562673,-0.5026163472710959,-2.584431966592303,0.5406401178882688,-1.189345701899674,-0.07171754449906981,-0.548434896591396,-1.6085292026788915,0.6591329226042081
Dexter Dennis,Home,DAL,SAS,144,119,1,9ac1cd0b-1fd7-4259-bdea-e6b48ff02a5e,-1.4397218535422476,0.3727903494572021,-2.031766496752416,3.133419524075512,1.72156759301349,2.5319137512651784,-1.5865086539009343,-2.158219318885292,2.2081391084244464,-1.189345701899674,-0.07171754449906981,-0.01680196873060898,-3.716359159599683,1.5878029307127486
Greg Brown III,Home,DAL,SAS,144,119,1,9ac1cd0b-1fd7-4259-bdea-e6b48ff02a5e,-1.7477746060026107,0.13587215327300584,-1.9551668519931966,3.3086935235625012,-0.6290031454516989,4.464206462451234,-0.7415258843581689,-2.797218790709896,-0.2918593781365396,-1.189345701899674,-0.07171754449906981,-0.4415462786262901,-3.2601246951182286,0.9306848510478568
Seth Curry,Home,DAL,SAS,144,119,1,9ac1cd0b-1fd7-4259-bdea-e6b48ff02a5e,-1.8116910513644735,-1.7428340239631492,0.09873478374187467,-0.3326288988822158,-2.545338878897405,0.3760490528798697,0.18115165338742384,-2.797218790709896,-0.2918593781365396,-1.189345701899674,-0.07171754449906981,-2.7331050483039485,0.6954159844458441,-0.24750831568169968
Richaun Holmes,Home,DAL,SAS,144,119,1,9ac1cd0b-1fd7-4259-bdea-e6b48ff02a5e,-1.8116910513644735,-1.7428340239631492,0.09873478374187467,-0.3326288988822158,-2.545338878897405,0.3760490528798697,0.18115165338742384,-2.797218790709896,-0.2918593781365396,-1.189345701899674,-0.07171754449906981,-2.7331050483039485,0.6954159844458441,-0.24750831568169968
Markieff Morris,Home,DAL,SAS,144,119,1,9ac1cd0b-1fd7-4259-bdea-e6b48ff02a5e,-1.8116910513644735,-1.7428340239631492,0.09873478374187467,-0.3326288988822158,-2.545338878897405,0.3760490528798697,0.18115165338742384,-2.797218790709896,-0.2918593781365396,-1.189345701899674,-0.07171754449906981,-2.7331050483039485,0.6954159844458441,-0.24750831568169968
Luka DonÄiÄ,Away,DAL,PHO,128,114,1,c7ca0cd4-33f8-4649-a47c-b42840ea667e,7.841814722836929,7.0043936121803245,1.0162988782771056,-2.104830554449443,1.9718866413147151,2.7891368048585172,-1.1846884391386463,2.4176691297198327,0.756994316558472,5.785567746083187,-2.0939028729044233,2.8590196129495156,2.7145435347717783,-0.9937121777158103
Tim Hardaway Jr.,Away,DAL,PHO,128,114,1,c7ca0cd4-33f8-4649-a47c-b42840ea667e,2.4822556887028897,0.7184044918933248,0.4086891674635817,0.6199283422040923,1.0819643636801541,-1.27621700796411,-1.5073033691351194,1.0180066607225984,0.874400471474481,1.5353740908883804,-0.43661819789173273,1.399722586806826,0.36370235716661625,0.5389018004265778
Derrick Jones Jr.,Away,DAL,PHO,128,114,1,c7ca0cd4-33f8-4649-a47c-b42840ea667e,3.1987286878937304,-0.14677212414197194,0.9551711806600963,0.20818369502890552,-0.23385094551321653,-0.19888949794988833,1.2386573951373225,1.1543011383771824,0.35892121051066556,0.8903507053457533,-0.3335117470503352,1.6116373458972462,0.6368813194817373,0.8755921392958957
Dante Exum,Away,DAL,PHO,128,114,1,c7ca0cd4-33f8-4649-a47c-b42840ea667e,0.055646303517071324,2.4019640339463786,-0.8632333694540067,1.064315871164145,0.0708359890863134,-0.5959976855600453,0.10001285992439514,0.5718974864036668,0.6167727547361128,-1.189345701899674,-0.07171754449906981,0.9385670718794026,0.45402566347468604,1.0445516674246156
Dereck Lively II,Away,DAL,PHO,128,114,1,c7ca0cd4-33f8-4649-a47c-b42840ea667e,0.6126566966598558,-0.3772597168643195,-0.5435097299978978,0.4981812205749746,3.2581531742573135,-1.422289329471621,0.5390567452196343,1.8387987111287871,-2.1081373500514577,2.9473478271978246,0.43234787442644856,1.2941003571091998,1.0834539246574642,0.9332192577817386
Grant Williams,Away,DAL,PHO,128,114,1,c7ca0cd4-33f8-4649-a47c-b42840ea667e,-1.1225605344854,0.5560091287993042,-1.4307486830606824,2.128340857391483,1.0975926433544843,3.7186145394866568,-1.5697144470509479,-0.45941383743454484,0.6462727094895014,0.6004012318191203,0.8702711583538645,0.26505978522674223,-0.6604356547226787,-0.0643191877050406
Jaden Hardy,Away,DAL,PHO,128,114,1,c7ca0cd4-33f8-4649-a47c-b42840ea667e,-0.6762313086115795,-1.31165504309258,-0.09946595765272769,-0.7644157857051065,-0.4157288446341165,-0.7471236273151852,-0.520090188806884,0.13910426635998302,1.5109576181320927,-1.189345701899674,-0.07171754449906981,-0.06254129607216437,-0.3166717739139539,0.6937569789317106
Dwight Powell,Away,DAL,PHO,128,114,1,c7ca0cd4-33f8-4649-a47c-b42840ea667e,-1.2657980381469356,-0.0032223042673232396,-0.6817086710806366,-1.7439880834880062,-0.7992886384222062,-0.5923505931194554,-0.2977000901402202,2.9101083215562262,-2.4729783146157054,-1.189345701899674,-0.07171754449906981,-0.2217401985739286,0.45706740867208123,-1.1257456669186034
Seth Curry,Away,DAL,PHO,128,114,1,c7ca0cd4-33f8-4649-a47c-b42840ea667e,-1.8116910513644735,-1.7428340239631492,0.09873478374187467,-0.3326288988822158,-0.36782231075492333,-0.17990410820471114,2.254436896138859,-1.2153323225509738,-0.7357097880745128,-1.189345701899674,-0.07171754449906981,-0.9130018508563386,0.12055327371100581,0.5055659993276626
A.J. Lawson,Away,DAL,PHO,128,114,1,c7ca0cd4-33f8-4649-a47c-b42840ea667e,-1.4397218535422476,-1.7428340239631492,0.09873478374187467,-0.3326288988822158,-0.43505552926698493,-0.8022885589505977,-0.4097197493716661,-2.158219318885292,2.2081391084244464,-1.189345701899674,-0.07171754449906981,-0.518180780064576,-1.840626287023616,1.4569060349965928
Olivier-Maxence Prosper,Away,DAL,PHO,128,114,1,c7ca0cd4-33f8-4649-a47c-b42840ea667e,-1.8116910513644735,-1.7428340239631492,0.09873478374187467,-0.3326288988822158,-1.900265203628418,-0.025775606338813883,0.141948179260133,-2.797218790709896,-0.2918593781365396,-1.189345701899674,-0.07171754449906981,-1.2623611948771778,-0.3702769979125168,0.5054664139990006
Richaun Holmes,Away,DAL,PHO,128,114,1,c7ca0cd4-33f8-4649-a47c-b42840ea667e,-1.8116910513644735,-1.7428340239631492,0.09873478374187467,-0.3326288988822158,-2.545338878897405,0.3760490528798697,0.18115165338742384,-2.797218790709896,-0.2918593781365396,-1.189345701899674,-0.07171754449906981,-2.7331050483039485,0.6954159844458441,-0.24750831568169968
Markieff Morris,Away,DAL,PHO,128,114,1,c7ca0cd4-33f8-4649-a47c-b42840ea667e,-1.8116910513644735,-1.7428340239631492,0.09873478374187467,-0.3326288988822158,-2.545338878897405,0.3760490528798697,0.18115165338742384,-2.797218790709896,-0.2918593781365396,-1.189345701899674,-0.07171754449906981,-2.7331050483039485,0.6954159844458441,-0.24750831568169968
Luka DonÄiÄ,Home,DAL,CLE,110,113,0,f2123255-94ec-4f54-9a3d-06c0efe0dc14,5.456385074895724,3.6067339433185297,-0.15634654623717467,-0.7176215227461901,1.9255643804903144,1.334341330325528,-2.052173903168424,0.7960898280354561,0.03251874800459346,4.04210789898507,-1.5618887557634071,2.4966054999190606,-0.22593061656183874,-1.489770181382292
Derrick Jones Jr.,Home,DAL,CLE,110,113,0,f2123255-94ec-4f54-9a3d-06c0efe0dc14,0.6410752836674309,0.718903334448416,0.19557813470753826,1.0814667267580178,1.9354473460322257,3.3342372526313833,-0.13468093657480507,-0.3044696932285809,-0.38921995212243554,1.0385909539846319,-0.3120106259982929,1.0576496652297727,-0.9127925935334781,-0.5046671734125168
Dante Exum,Home,DAL,CLE,110,113,0,f2123255-94ec-4f54-9a3d-06c0efe0dc14,0.3833839063689053,2.944716143018781,2.527402201049951,-0.6053227236687575,-0.21052565097715056,-0.7310221884495564,-0.8095316212002449,1.3482590877007543,0.023698448986022046,2.214321951836649,-0.11927491094717517,0.9267221637517508,0.5078049953285554,-0.4506261801795917
Tim Hardaway Jr.,Home,DAL,CLE,110,113,0,f2123255-94ec-4f54-9a3d-06c0efe0dc14,0.991317252724798,-1.0172671036744054,-0.11229926058213069,-0.20699249605225767,-0.07349541012266196,-0.8122590279660243,-0.8373227814071534,-0.07940178607419442,0.25733046839189416,2.6307659697389516,-0.5175416214456832,0.9589745014185969,-0.9860632732830581,-0.05614245837601003
Dereck Lively II,Home,DAL,CLE,110,113,0,f2123255-94ec-4f54-9a3d-06c0efe0dc14,-1.2657980381469356,0.18217195599100608,-1.1032087962818784,1.7146898020303427,1.4792539276388772,2.560020313002431,0.48828499874207487,2.1039938246518597,-2.246952350931,-0.5861105703000539,0.8144195694777248,0.0022929761619403383,-0.695572179777415,-0.34375134669632373
Seth Curry,Home,DAL,CLE,110,113,0,f2123255-94ec-4f54-9a3d-06c0efe0dc14,2.855410418990796,0.28981795551318484,2.3228912402472877,-0.0512284003558859,0.12160838926512914,-0.6174047262272093,0.11224179521078469,2.4956571962616394,1.3708459973478109,1.0611600348397052,-0.2572556523369481,1.0133222200406382,0.7322750684840037,-0.8931667546374497
Grant Williams,Home,DAL,CLE,110,113,0,f2123255-94ec-4f54-9a3d-06c0efe0dc14,-0.45794319714062154,0.8011483812946852,2.3938759665553695,1.1435844557171826,1.3003999515218034,-0.8478585065236244,0.6045475513280952,-0.6845074450288893,0.4794191948080271,-1.189345701899674,-0.07171754449906981,0.2827937173230444,-0.924654376676433,0.03178306887474506
Josh Green,Home,DAL,CLE,110,113,0,f2123255-94ec-4f54-9a3d-06c0efe0dc14,-1.1028589015716161,2.464085694574807,1.3767311028659008,-0.21453250525031858,-0.37202984680207085,-0.7038616993423071,-0.6531057312134528,-0.8548859928473374,0.3578655078629877,-1.189345701899674,-0.07171754449906981,0.3217941621078817,0.6345645866812889,0.7849888156000354
Dwight Powell,Home,DAL,CLE,110,113,0,f2123255-94ec-4f54-9a3d-06c0efe0dc14,-1.4945297323076259,-0.5858251891792835,-1.124724203654213,1.9549091651855857,-1.8900259389416088,-0.03215377553276124,0.14132590189303315,2.2610044797907394,-2.290814419011221,1.2720787904628958,1.5843114507943752,-0.06446173269937684,-0.5175971548746021,0.9883998427475414
Jaden Hardy,Home,DAL,CLE,110,113,0,f2123255-94ec-4f54-9a3d-06c0efe0dc14,-1.8116910513644735,-1.7428340239631492,0.09873478374187467,-0.3326288988822158,-2.545338878897405,0.3760490528798697,0.18115165338742384,-2.797218790709896,-0.2918593781365396,-1.189345701899674,-0.07171754449906981,-2.7331050483039485,0.6954159844458441,-0.24750831568169968
Richaun Holmes,Home,DAL,CLE,110,113,0,f2123255-94ec-4f54-9a3d-06c0efe0dc14,-1.8116910513644735,-1.7428340239631492,0.09873478374187467,-0.3326288988822158,-2.545338878897405,0.3760490528798697,0.18115165338742384,-2.797218790709896,-0.2918593781365396,-1.189345701899674,-0.07171754449906981,-2.7331050483039485,0.6954159844458441,-0.24750831568169968
A.J. Lawson,Home,DAL,CLE,110,113,0,f2123255-94ec-4f54-9a3d-06c0efe0dc14,-1.8116910513644735,-1.7428340239631492,0.09873478374187467,-0.3326288988822158,-2.545338878897405,0.3760490528798697,0.18115165338742384,-2.797218790709896,-0.2918593781365396,-1.189345701899674,-0.07171754449906981,-2.7331050483039485,0.6954159844458441,-0.24750831568169968
Markieff Morris,Home,DAL,CLE,110,113,0,f2123255-94ec-4f54-9a3d-06c0efe0dc14,-1.8116910513644735,-1.7428340239631492,0.09873478374187467,-0.3326288988822158,-2.545338878897405,0.3760490528798697,0.18115165338742384,-2.797218790709896,-0.2918593781365396,-1.189345701899674,-0.07171754449906981,-2.7331050483039485,0.6954159844458441,-0.24750831568169968
Olivier-Maxence Prosper,Home,DAL,CLE,110,113,0,f2123255-94ec-4f54-9a3d-06c0efe0dc14,-1.8116910513644735,-1.7428340239631492,0.09873478374187467,-0.3326288988822158,-2.545338878897405,0.3760490528798697,0.18115165338742384,-2.797218790709896,-0.2918593781365396,-1.189345701899674,-0.07171754449906981,-2.7331050483039485,0.6954159844458441,-0.24750831568169968
Jaden Hardy,Away,DAL,MIN,110,118,0,15952d70-fc9e-4ef6-ac0d-049628be0d14,2.6922389405037603,-0.2869404963604693,1.0393739998466522,-0.029842236062570283,-0.37239222296115565,1.0083241589328973,-0.7287215470104605,0.5389797800105692,0.595921927601962,-1.189345701899674,-0.07171754449906981,1.2099481323277226,-0.31775672380868125,-0.059535871553341786
Derrick Jones Jr.,Away,DAL,MIN,110,118,0,15952d70-fc9e-4ef6-ac0d-049628be0d14,0.41512954027617704,1.879359712350606,2.9483541309263437,1.7781781526989864,3.6206844921193495,0.06359646417000972,0.23665968754968758,0.6038369132645162,0.21712916947802915,4.321554251144711,-0.32633051725163553,1.0315999433601821,0.26526498474672733,-0.14642965609647318
Grant Williams,Away,DAL,MIN,110,118,0,15952d70-fc9e-4ef6-ac0d-049628be0d14,0.6101067872008336,1.644506504639944,-0.16935088940994125,0.999420719213244,-0.3557280345710105,-0.7240086943473373,-0.690942960465766,0.3779174791022769,1.0304018998902311,-1.189345701899674,-0.07171754449906981,0.35781994839944575,-2.2229059769022492,-1.9300707945757294
Dante Exum,Away,DAL,MIN,110,118,0,15952d70-fc9e-4ef6-ac0d-049628be0d14,0.36316774681058434,2.981040389005149,-2.5637875655311215,0.2418030693498395,-0.7336988756087924,-0.571844825537222,-0.4578698784255226,1.189409820305967,0.8668480939567658,-1.189345701899674,-0.07171754449906981,0.8020965036625162,-1.2958289830522447,-0.2463270089629531
Dereck Lively II,Away,DAL,MIN,110,118,0,15952d70-fc9e-4ef6-ac0d-049628be0d14,-1.3469952086701165,1.2958530391804521,-1.7080181264255847,1.7475727962262009,1.5190520248221115,-0.5654957969436702,2.890971087897944,-1.2090762214824229,-0.8824001737960585,-1.189345701899674,-0.07171754449906981,-0.20424662506954322,-2.1614233707903945,-0.16202489158598934
Tim Hardaway Jr.,Away,DAL,MIN,110,118,0,15952d70-fc9e-4ef6-ac0d-049628be0d14,4.788673032562966,1.5339151280004795,1.4703483683609166,-0.22482532072748285,-0.4184707632984387,-0.6867242918823665,-0.6740913962970778,1.9579840059405262,0.6319561058517124,2.61158532848665,-0.786141794717013,1.7952358951748941,0.9797374085319347,-0.6554852221446028
Dwight Powell,Away,DAL,MIN,110,118,0,15952d70-fc9e-4ef6-ac0d-049628be0d14,-0.04617912098813455,2.733888715264536,0.9696952864902887,-0.4841777080061665,6.806257749838343,-0.21295397647971676,2.7441799467798025,1.51623251157634,-1.9369454640362884,-1.189345701899674,-0.07171754449906981,1.0213196080531928,1.7236769674476529,0.09237949041440764
Seth Curry,Away,DAL,MIN,110,118,0,15952d70-fc9e-4ef6-ac0d-049628be0d14,0.5567666256339571,0.9347824942406983,-1.6115031425592752,0.7707709800496744,-0.8566253278388215,-0.4995078019514138,-0.4144962466980928,0.8433874436081297,0.9549469870240842,1.6643756942646004,0.04542600453434927,0.895803267500235,-0.13233927169345153,0.5760846964098607
Josh Green,Away,DAL,MIN,110,118,0,15952d70-fc9e-4ef6-ac0d-049628be0d14,-1.288843500482729,1.0904594353773431,-1.68892868616256,-1.132520886173087,-1.9053848359718228,-0.022586521741840202,0.14225931794368293,-0.4567595061545322,-0.24940200931955406,-1.189345701899674,-0.07171754449906981,-0.16478944636501217,-0.6271208747379199,-0.35963879918214087
Markieff Morris,Away,DAL,MIN,110,118,0,15952d70-fc9e-4ef6-ac0d-049628be0d14,-1.7477746060026107,-0.6575523218097901,-1.2970901172819316,2.1679492278926293,-1.9053848359718228,-0.022586521741840202,0.14225931794368293,-2.797218790709896,-0.2918593781365396,-1.189345701899674,-0.07171754449906981,-0.34722482447483627,-3.215017658721866,1.8436594209532162
Richaun Holmes,Away,DAL,MIN,110,118,0,15952d70-fc9e-4ef6-ac0d-049628be0d14,-1.8116910513644735,-1.7428340239631492,0.09873478374187467,-0.3326288988822158,-2.545338878897405,0.3760490528798697,0.18115165338742384,-2.797218790709896,-0.2918593781365396,-1.189345701899674,-0.07171754449906981,-2.7331050483039485,0.6954159844458441,-0.24750831568169968
A.J. Lawson,Away,DAL,MIN,110,118,0,15952d70-fc9e-4ef6-ac0d-049628be0d14,-1.8116910513644735,-1.7428340239631492,0.09873478374187467,-0.3326288988822158,-2.545338878897405,0.3760490528798697,0.18115165338742384,-2.797218790709896,-0.2918593781365396,-1.189345701899674,-0.07171754449906981,-2.7331050483039485,0.6954159844458441,-0.24750831568169968
Olivier-Maxence Prosper,Away,DAL,MIN,110,118,0,15952d70-fc9e-4ef6-ac0d-049628be0d14,-1.8116910513644735,-1.7428340239631492,0.09873478374187467,-0.3326288988822158,-2.545338878897405,0.3760490528798697,0.18115165338742384,-2.797218790709896,-0.2918593781365396,-1.189345701899674,-0.07171754449906981,-2.7331050483039485,0.6954159844458441,-0.24750831568169968
Brandon Williams,Away,DAL,MIN,110,118,0,15952d70-fc9e-4ef6-ac0d-049628be0d14,-1.8116910513644735,-1.7428340239631492,0.09873478374187467,-0.3326288988822158,-2.545338878897405,0.3760490528798697,0.18115165338742384,-2.797218790709896,-0.2918593781365396,-1.189345701899674,-0.07171754449906981,-2.7331050483039485,0.6954159844458441,-0.24750831568169968
Luka DonÄiÄ,Away,DAL,GSW,132,122,1,0c5ed790-acb0-42d0-b577-b9fc961dcd10,6.34327878946889,3.9456205444597305,-1.383593424546794,-1.139615470631937,1.8446372983499235,-0.1800123684334922,-1.9317815744303155,1.1544514749507706,0.4023936383249915,2.9300194211606394,-1.1930360516065606,2.5870299913905197,0.6510483312149186,-0.06110075779718755
Dereck Lively II,Away,DAL,GSW,132,122,1,0c5ed790-acb0-42d0-b577-b9fc961dcd10,-0.23069600270074586,-0.5679235334011067,-0.5689543004225476,0.4931433159241978,4.278856116862199,-2.335703635927475,-2.1303277977151147,1.1789674744615073,-1.8214379243037433,1.0585480319615914,0.15330068187925372,0.9817340894827185,0.6779212988913732,0.6060098433916608
Dante Exum,Away,DAL,GSW,132,122,1,0c5ed790-acb0-42d0-b577-b9fc961dcd10,2.1515658689317396,0.9945966115573811,0.14701791017904858,-0.7328181599381045,-1.8900259389416088,-0.03215377553276124,0.14132590189303315,2.447286618586108,0.34304015956468914,-1.189345701899674,-0.07171754449906981,1.321415010517441,1.2806100557302242,0.5195450670137151
Derrick Jones Jr.,Away,DAL,GSW,132,122,1,0c5ed790-acb0-42d0-b577-b9fc961dcd10,-0.3267664769948867,0.827715711656474,2.0146652820336386,0.7087332083569451,1.4934721540211426,0.782225258811451,0.8045129851858989,0.012057643944286895,-0.17937424550982248,0.29330052446973087,0.12521240960485125,0.5082268371046011,-0.49525379067224934,-0.37037098548656694
Jaden Hardy,Away,DAL,GSW,132,122,1,0c5ed790-acb0-42d0-b577-b9fc961dcd10,0.4506609636750904,-0.8268105305303555,-0.4660830191988076,0.7555320753379359,-0.8840822732575874,-0.4758654070782528,-0.35702169946308426,0.8088420717585875,0.5390949601426019,-1.189345701899674,-0.07171754449906981,0.5621185034408601,-0.28104178675030134,0.8931285964290567
Tim Hardaway Jr.,Away,DAL,GSW,132,122,1,0c5ed790-acb0-42d0-b577-b9fc961dcd10,1.7629799562203,0.0957771053318276,-0.5887134440625197,-1.2416695371443756,0.831435931919817,-1.1925497133087453,-1.278512091259768,0.9393834922730362,0.7775783269091328,2.106243564567579,-0.3617013459874433,1.1720611779728702,0.442114146247738,0.40485171148543203
Josh Green,Away,DAL,GSW,132,122,1,0c5ed790-acb0-42d0-b577-b9fc961dcd10,1.4884162487854626,-0.6236769219323094,-0.6392001718121244,-0.3422201953643882,-1.8746670419113949,-0.04172102932368227,0.14039248584238337,3.4003826268120183,0.5930511693984576,1.6651463058050515,-0.12177709933900006,0.8568126579734034,0.5773519867529743,-0.4882165265938697
Grant Williams,Away,DAL,GSW,132,122,1,0c5ed790-acb0-42d0-b577-b9fc961dcd10,-0.05116672072193562,-0.6843037841899352,1.516754467955706,0.13718997659567847,1.6521754743238781,-1.2836330213088518,-0.16918425158228542,5.766467997600406,0.8024978271062506,1.4520887567936522,0.6911787128684888,0.22873096080104963,0.9520399243696686,-0.6696085696035499
Dwight Powell,Away,DAL,GSW,132,122,1,0c5ed790-acb0-42d0-b577-b9fc961dcd10,-1.4748280993938419,-0.9383417211613675,-0.1531236195625204,-0.29634352911025047,0.055524294965139255,-0.13428520903508323,2.6637450256454027,0.40681874192327716,-1.480727818752735,-1.189345701899674,-0.07171754449906981,-0.40297560836216756,-0.4401644059147176,0.1386370989730699
Brandon Williams,Away,DAL,GSW,132,122,1,0c5ed790-acb0-42d0-b577-b9fc961dcd10,-1.8116910513644735,-1.7428340239631492,0.09873478374187467,-0.3326288988822158,-2.545338878897405,0.3760490528798697,0.18115165338742384,-2.797218790709896,-0.2918593781365396,-1.189345701899674,-0.07171754449906981,-2.7331050483039485,0.6954159844458441,-0.24750831568169968
Olivier-Maxence Prosper,Away,DAL,GSW,132,122,1,0c5ed790-acb0-42d0-b577-b9fc961dcd10,-1.8116910513644735,-1.7428340239631492,0.09873478374187467,-0.3326288988822158,-2.545338878897405,0.3760490528798697,0.18115165338742384,-2.797218790709896,-0.2918593781365396,-1.189345701899674,-0.07171754449906981,-2.7331050483039485,0.6954159844458441,-0.24750831568169968
Markieff Morris,Away,DAL,GSW,132,122,1,0c5ed790-acb0-42d0-b577-b9fc961dcd10,-1.8116910513644735,-1.7428340239631492,0.09873478374187467,-0.3326288988822158,-2.545338878897405,0.3760490528798697,0.18115165338742384,-2.797218790709896,-0.2918593781365396,-1.189345701899674,-0.07171754449906981,-2.7331050483039485,0.6954159844458441,-0.24750831568169968
A.J. Lawson,Away,DAL,GSW,132,122,1,0c5ed790-acb0-42d0-b577-b9fc961dcd10,-1.8116910513644735,-1.7428340239631492,0.09873478374187467,-0.3326288988822158,-2.545338878897405,0.3760490528798697,0.18115165338742384,-2.797218790709896,-0.2918593781365396,-1.189345701899674,-0.07171754449906981,-2.7331050483039485,0.6954159844458441,-0.24750831568169968
Maxi Kleber,Away,DAL,GSW,132,122,1,0c5ed790-acb0-42d0-b577-b9fc961dcd10,-1.8116910513644735,-1.7428340239631492,0.09873478374187467,-0.3326288988822158,-2.545338878897405,0.3760490528798697,0.18115165338742384,-2.797218790709896,-0.2918593781365396,-1.189345701899674,-0.07171754449906981,-2.7331050483039485,0.6954159844458441,-0.24750831568169968
Kyrie Irving,Away,DAL,GSW,132,122,1,0c5ed790-acb0-42d0-b577-b9fc961dcd10,-1.8116910513644735,-1.7428340239631492,0.09873478374187467,-0.3326288988822158,-2.545338878897405,0.3760490528798697,0.18115165338742384,-2.797218790709896,-0.2918593781365396,-1.189345701899674,-0.07171754449906981,-2.7331050483039485,0.6954159844458441,-0.24750831568169968
Richaun Holmes,Away,DAL,GSW,132,122,1,0c5ed790-acb0-42d0-b577-b9fc961dcd10,-1.8116910513644735,-1.7428340239631492,0.09873478374187467,-0.3326288988822158,-2.545338878897405,0.3760490528798697,0.18115165338742384,-2.797218790709896,-0.2918593781365396,-1.189345701899674,-0.07171754449906981,-2.7331050483039485,0.6954159844458441,-0.24750831568169968
Seth Curry,Away,DAL,GSW,132,122,1,0c5ed790-acb0-42d0-b577-b9fc961dcd10,-1.8116910513644735,-1.7428340239631492,0.09873478374187467,-0.3326288988822158,-2.545338878897405,0.3760490528798697,0.18115165338742384,-2.797218790709896,-0.2918593781365396,-1.189345701899674,-0.07171754449906981,-2.7331050483039485,0.6954159844458441,-0.24750831568169968
Greg Brown III,Away,DAL,GSW,132,122,1,0c5ed790-acb0-42d0-b577-b9fc961dcd10,-1.8116910513644735,-1.7428340239631492,0.09873478374187467,-0.3326288988822158,-2.545338878897405,0.3760490528798697,0.18115165338742384,-2.797218790709896,-0.2918593781365396,-1.189345701899674,-0.07171754449906981,-1.1994021275963807,0.04719816308244802,0.14498988050278552
Luka DonÄiÄ,Away,DAL,UTA,90,127,0,d9b85bd5-8b0c-482f-924c-79fc9311a37e,3.3982417875191455,5.105200260634018,-2.0433648520309533,-2.8432393476819158,0.811956624334903,-1.2004606452128117,-1.369665419438072,0.08336493490848003,0.9965638896122665,2.0516265244954996,-0.6744728933718047,1.6272180119283022,-0.9539384581687305,-1.673439057264525
Kyrie Irving,Away,DAL,UTA,90,127,0,d9b85bd5-8b0c-482f-924c-79fc9311a37e,1.3126428906523657,0.5985583631482927,-0.9629018251635085,-0.48238384406755636,2.8693967445564597,-0.3174038769483503,-1.562707897608315,0.8394138698173864,0.5436281352570841,-0.9319011305438545,-0.02450484840502224,0.9103882708397197,-1.0937017023859696,-1.1689026540804681
Dereck Lively II,Away,DAL,UTA,90,127,0,d9b85bd5-8b0c-482f-924c-79fc9311a37e,-0.2552091822350407,-0.026242252897261727,0.9817653153482714,-0.6410188972274655,1.9849074617318265,0.5166950911683887,0.12403968875921789,0.7707279167745,-1.6553020524765543,-1.189345701899674,-0.07171754449906981,0.50234556951794,0.018127116622609074,-0.5554985105984392
Derrick Jones Jr.,Away,DAL,UTA,90,127,0,d9b85bd5-8b0c-482f-924c-79fc9311a37e,-0.4229864349165944,0.3367040593320101,0.17635170975498418,1.7468807018973904,0.30056074679364975,0.9920421846564563,-0.01985718806347309,1.1235603141145927,1.0897923132450333,0.46579278529064777,0.543696851159415,0.11273867102952928,-1.411882930702059,-1.0998780486625925
Dante Exum,Away,DAL,UTA,90,127,0,d9b85bd5-8b0c-482f-924c-79fc9311a37e,-1.201881592785073,-0.012388713868553208,-0.7218594276548043,-2.122611349493348,-0.9793133700762773,-0.08799425389204395,1.2283910971459058,1.122402689801733,-1.778325091298061,-1.189345701899674,-0.07171754449906981,-0.20277732830469447,-0.04430462928144058,-0.4726462120368526
Tim Hardaway Jr.,Away,DAL,UTA,90,127,0,d9b85bd5-8b0c-482f-924c-79fc9311a37e,0.12305606192851042,-1.0496570883864096,-0.4034546631920935,0.4919212301923426,-0.8079619935291935,-0.5283408412975301,-0.42557914312110456,-0.5624862156147213,0.6751462521091258,-1.189345701899674,-0.07171754449906981,0.2423889030175307,-1.9992925972966713,-0.3930114081254604
Jaden Hardy,Away,DAL,UTA,90,127,0,d9b85bd5-8b0c-482f-924c-79fc9311a37e,3.0226465755420895,-0.4494931489820619,-0.8448196345716737,0.06153939369884231,-0.21697336490386446,-0.8053330525127074,-0.7242558861867161,1.0554304531384782,1.2764658772909099,-1.189345701899674,-0.07171754449906981,1.0046810370804962,-1.4874907713846865,-1.6990501625419625
Josh Green,Away,DAL,UTA,90,127,0,d9b85bd5-8b0c-482f-924c-79fc9311a37e,-1.4339571163677727,0.5990920148312392,-1.4421641950956963,2.034674587809656,-0.7767992732685217,-0.5464469768562077,-0.43780299243147247,-2.5750260358527353,0.3156198325851027,-1.189345701899674,-0.07171754449906981,-0.27536479442716755,-2.685437302034333,-0.3205134435440592
Grant Williams,Away,DAL,UTA,90,127,0,d9b85bd5-8b0c-482f-924c-79fc9311a37e,-0.45794319714062154,1.371628865805641,-0.0720338830943183,1.7198344965672718,-0.7778849716562165,3.462733202150756,-0.5860937509540995,-0.9579908394483582,0.5561392419358132,-0.8738663512022377,0.11629365529557864,0.3069449464389474,-2.087534652412516,-0.4501445403373348
Dwight Powell,Away,DAL,UTA,90,127,0,d9b85bd5-8b0c-482f-924c-79fc9311a37e,-1.201881592785073,1.4364580390673363,4.009553615873805,0.012568079203262703,1.7475467926034245,-1.0037728505103913,1.7582840624715408,1.0738359999898361,-1.7646981050280355,-1.189345701899674,-0.07171754449906981,-0.19937180614996947,-0.08658382349822066,-1.5263744756431266
Brandon Williams,Away,DAL,UTA,90,127,0,d9b85bd5-8b0c-482f-924c-79fc9311a37e,-1.201881592785073,0.23735974252739453,-1.2772516669760008,0.053223466805465566,-0.6132927926585596,-0.15773501781763513,1.776536655975858,0.7477453683956724,-1.6732026257864359,-1.189345701899674,-0.07171754449906981,0.038417785387126785,-1.1958869365833347,-0.646951491485995
Richaun Holmes,Away,DAL,UTA,90,127,0,d9b85bd5-8b0c-482f-924c-79fc9311a37e,-1.5387445447557047,-1.7428340239631492,0.09873478374187467,-0.3326288988822158,-0.7087237082707449,-0.6560015723641772,-0.3678280546969515,2.8337892375661027,-2.4515644790485225,-1.189345701899674,-0.07171754449906981,-0.8149610020757172,-0.9453064260009231,-0.6835521999660016
Olivier-Maxence Prosper,Away,DAL,UTA,90,127,0,d9b85bd5-8b0c-482f-924c-79fc9311a37e,-1.5617900070914978,-1.7428340239631492,0.09873478374187467,-0.3326288988822158,1.6590264015147969,-1.9060602253444954,-1.3847481127579297,-2.477719054797594,0.9581398651439534,-1.189345701899674,-0.07171754449906981,-0.7111591459134672,-1.9227780323179768,0.11055243285864634
Seth Curry,Away,DAL,UTA,90,127,0,d9b85bd5-8b0c-482f-924c-79fc9311a37e,-1.8116910513644735,-1.7428340239631492,0.09873478374187467,-0.3326288988822158,-2.545338878897405,0.3760490528798697,0.18115165338742384,-2.797218790709896,-0.2918593781365396,-1.189345701899674,-0.07171754449906981,-2.7331050483039485,0.6954159844458441,-0.24750831568169968
Markieff Morris,Away,DAL,UTA,90,127,0,d9b85bd5-8b0c-482f-924c-79fc9311a37e,-1.8116910513644735,-1.7428340239631492,0.09873478374187467,-0.3326288988822158,-2.545338878897405,0.3760490528798697,0.18115165338742384,-2.797218790709896,-0.2918593781365396,-1.189345701899674,-0.07171754449906981,-2.7331050483039485,0.6954159844458441,-0.24750831568169968
Luka DonÄiÄ,Home,DAL,POR,126,97,1,9da516ab-7637-4c4c-a85e-ae5300cfe112,4.807022866861189,2.596110668626237,-0.8941105969070821,-0.6266202964131256,0.7322075874662893,-1.1367548586501433,-1.3216739259084607,1.995649977655385,0.20667936396069167,5.830233110817245,-1.748849880742482,2.549541177601302,1.9392955077775578,0.5720200173760647
Kyrie Irving,Home,DAL,POR,126,97,1,9da516ab-7637-4c4c-a85e-ae5300cfe112,3.9088790712575223,1.8764495958690255,1.283254744406436,-1.3355553635213524,2.3714933880008133,-1.5725505334718286,-1.110171127199608,1.6152632062107082,0.43963143571375135,2.513084333851784,-0.803049698394124,1.987591575580347,1.8695296477220158,0.38167985074923705
Josh Green,Home,DAL,POR,126,97,1,9da516ab-7637-4c4c-a85e-ae5300cfe112,-0.5324527088197836,0.857550194309428,2.1976796122387583,0.6177726943749248,-0.12202542014274581,-0.7767469060398859,-0.8570492068987502,1.1081472429947186,-0.6636969731809041,1.2368764500684897,0.16905092831209365,0.6501122291178457,1.261854459658002,1.4018771000026329
Derrick Jones Jr.,Home,DAL,POR,126,97,1,9da516ab-7637-4c4c-a85e-ae5300cfe112,-1.1576667803369942,1.214732546081365,1.7820570795027155,1.3302759833069926,-0.9608120562014452,3.336485989393441,-0.5390910320184433,0.7295408315580293,-1.6681146810569267,0.6004012318191203,0.8702711583538645,0.49224616607873833,1.4688817497642759,1.3855734845491965
Dereck Lively II,Home,DAL,POR,126,97,1,9da516ab-7637-4c4c-a85e-ae5300cfe112,-1.7477746060026107,1.5254210614341843,2.328196677304133,-0.940526948386927,2.230617142188758,4.641495766779323,-0.9063441064038055,-1.770380206115508,-0.5799728021313644,-1.189345701899674,-0.07171754449906981,0.1411611960185152,2.154860810969601,0.8872008489911786
Tim Hardaway Jr.,Home,DAL,POR,126,97,1,9da516ab-7637-4c4c-a85e-ae5300cfe112,1.1805129799526664,-1.3300580107754179,0.02466494234188713,0.0907678411836438,-0.4595085228401936,-0.6506756332169191,-0.6374593563840358,1.3508226785954014,0.5108835548369375,1.0756687296751093,-0.22205602641179778,0.7705812708057956,0.18991439958922013,0.57945258852924
Seth Curry,Home,DAL,POR,126,97,1,9da516ab-7637-4c4c-a85e-ae5300cfe112,-1.7477746060026107,-0.9791327903633081,-0.24663625032184291,-1.084513881205506,-1.3628758070595095,-0.2636890385631972,-0.15309371754478676,-2.1519756260661254,-0.47290362429544974,-1.189345701899674,-0.07171754449906981,-0.13333173369518161,1.3968624141708075,2.182449194561252
Grant Williams,Home,DAL,POR,126,97,1,9da516ab-7637-4c4c-a85e-ae5300cfe112,-1.4748280993938419,1.402073626535687,-2.4447907207514197,2.526219636991657,-0.4624471905669539,-0.3157288511187322,0.9263276136448411,-0.19679583145315366,-1.311363846539561,-1.189345701899674,-0.07171754449906981,-0.017683275519565514,-0.6372201954365874,0.9506174184426174
Dwight Powell,Home,DAL,POR,126,97,1,9da516ab-7637-4c4c-a85e-ae5300cfe112,-1.4061001074114683,0.2236581844410143,-1.1228236163983536,0.3523842816636267,0.3656512990338834,-0.7012124687084911,0.684549732696882,1.9115453951395378,-2.193069893942116,6.196278398912413,10.631998243779346,0.09925262919397466,0.14105869321260392,0.5213644774236628
Markieff Morris,Home,DAL,POR,126,97,1,9da516ab-7637-4c4c-a85e-ae5300cfe112,-0.9842840610719424,0.893372943861835,0.8782021459256686,1.2948857049969853,0.19472221554400646,-1.0249470772687317,-0.8471610912036256,1.1162771484774066,1.6033580140764543,-1.189345701899674,-0.07171754449906981,-0.07011522677211326,-0.24924182479868293,0.27642421374798015
Jaden Hardy,Home,DAL,POR,126,97,1,9da516ab-7637-4c4c-a85e-ae5300cfe112,0.7889916328442236,-1.0579663135863868,-0.23068711151826612,-1.0516155348200833,-0.40635533013918707,2.1810012573466513,-0.7176385049805735,0.3759354940557814,0.5760698456998514,0.954569052307861,-0.09896330391765625,1.268697031978577,-0.44712798971857076,0.2929214701537632
Olivier-Maxence Prosper,Home,DAL,POR,126,97,1,9da516ab-7637-4c4c-a85e-ae5300cfe112,-1.2782672166877427,-0.9220473985220192,-0.23127171170005478,-0.76013945669966,4.2212344682425575,1.4349509259846704,1.580028570777497,-0.16584659219471035,-1.2230646339611946,2.335805849703029,1.674386470959357,0.2821893738061812,-0.05131720077597494,-0.44136455742572644
A.J. Lawson,Home,DAL,POR,126,97,1,9da516ab-7637-4c4c-a85e-ae5300cfe112,-0.9203676157100797,-0.25545603587951043,2.475524412718123,0.35696426022646366,-2.0743327033041767,0.08265326995829123,0.15252689450083054,0.5459430927172975,1.590197680023764,-1.189345701899674,-0.07171754449906981,-0.055901304003472936,-0.813209544177648,0.26222230070265384
Brandon Williams,Home,DAL,POR,126,97,1,9da516ab-7637-4c4c-a85e-ae5300cfe112,-1.7477746060026107,-0.12172341450303918,3.2729630827124465,0.3195696323834669,0.692715157050126,-0.7067738183016868,1.8153020115157394,-2.478066257660289,-0.38140814505384996,0.8231631632664679,3.656091457073977,-0.5278280928648469,-1.061964692418917,-0.15951369863914175
Jaden Hardy,Home,DAL,POR,139,103,1,15d7cf99-8b80-4a22-b71a-8539659a436e,2.5235350667539653,3.435366645377701,-1.345855515284526,-0.3274734050760386,2.27151348939382,-1.2259710606232785,-0.12157124729370163,1.6576667984908044,0.450038281131868,-1.189345701899674,-0.07171754449906981,1.392129388703114,0.7675609697109987,0.32882433467297684
Kyrie Irving,Home,DAL,POR,139,103,1,15d7cf99-8b80-4a22-b71a-8539659a436e,3.2414757831433074,1.547977544973803,1.401578454653343,-0.943121118457026,2.980305404367778,1.001409655210604,-2.5877378974962055,1.5190288896483657,0.200883622490992,0.511178350206141,-0.2617133755023924,1.731769423847215,2.0709171347294273,1.1128045907414386
Dwight Powell,Home,DAL,POR,139,103,1,15d7cf99-8b80-4a22-b71a-8539659a436e,-1.0495355225270526,0.8685305760438503,-0.12415318626163023,0.6082247055823041,3.1625157414068332,0.00833107480466611,-0.3281997055412487,0.10308111667420394,-1.3954860079233609,1.5174487376760026,1.1878943068256025,0.8334794813377765,1.794444233088049,2.1323058163971216
Josh Green,Home,DAL,POR,139,103,1,15d7cf99-8b80-4a22-b71a-8539659a436e,0.16285094025877167,0.9792820153331677,0.15455651085119076,-0.8698222009922761,0.7883869966345186,-0.590900594666949,0.9679707865800923,2.088284642764263,-2.1699210674887883,-1.189345701899674,-0.07171754449906981,0.9884654842828622,2.139187265310395,1.3296496708031664
Derrick Jones Jr.,Home,DAL,POR,139,103,1,15d7cf99-8b80-4a22-b71a-8539659a436e,0.5922812665105576,3.001008608785398,2.5129047052811466,3.2070345643125187,-0.4943536543356526,-0.6242656739651179,-0.629547299343502,3.086214114243598,0.4428291882444534,-1.189345701899674,-0.07171754449906981,0.7306272776787986,1.1113477852880742,1.0318236681666035
Tim Hardaway Jr.,Home,DAL,POR,139,103,1,15d7cf99-8b80-4a22-b71a-8539659a436e,2.5235350667539653,1.6449169422885532,-0.08058044180946594,0.24948367191640297,-0.6038794997138552,1.0458735217450166,-0.6395119856120162,1.586747102333817,0.4699189358141191,-0.9319011305438545,-0.02450484840502224,1.341615687698169,1.1430980723631308,1.2406482294404624
A.J. Lawson,Home,DAL,POR,139,103,1,15d7cf99-8b80-4a22-b71a-8539659a436e,0.5496668723662341,2.2663031856659432,1.2834581214288667,1.6317997736131686,0.58026464382391,-0.7878395073822783,-0.05187025250658951,1.118511001851697,0.2322984827469414,2.8629050871054194,0.045652393356720465,1.0189548056743079,0.9469544175241283,1.4706287372716238
Seth Curry,Home,DAL,POR,139,103,1,15d7cf99-8b80-4a22-b71a-8539659a436e,0.39250925548770305,-1.0116295763520455,-0.11521528622358701,-0.21337471269925712,-0.7135165771385412,-0.2202425933584077,0.778747887659169,0.6307254895014816,0.2516849890567636,-1.189345701899674,-0.07171754449906981,0.511120163910526,0.023230716576430513,1.2575225845513074
Olivier-Maxence Prosper,Home,DAL,POR,139,103,1,15d7cf99-8b80-4a22-b71a-8539659a436e,0.23813758937860788,0.03738504635469892,-0.5384455999676881,-0.8429123580476101,2.168078130499297,-1.5448538573799229,-0.1953119773901462,1.4999871130662208,0.9325235212604016,-1.189345701899674,-0.07171754449906981,0.3747677873310178,0.11794327154587664,0.00014840460720698447
Greg Brown III,Home,DAL,POR,139,103,1,15d7cf99-8b80-4a22-b71a-8539659a436e,-0.31632289430515437,-0.3118425614159185,-0.7945776130639864,0.5880268799976954,1.7647112406636234,6.116096166668157,-0.241438957061422,1.7629477930842627,0.29914860097637375,-1.189345701899674,-0.07171754449906981,0.34832783361523734,0.4155586363580832,0.1218604537459736
Brandon Williams,Home,DAL,POR,139,103,1,15d7cf99-8b80-4a22-b71a-8539659a436e,-0.6868243749288786,-0.19154963161213215,-1.0040190282532726,-0.24782882067255438,-1.234341865146085,2.461167222896953,-0.3491438280983483,2.8941852259896192,0.9108797666058174,1.518796073684692,1.2699110376159637,0.3349066348742278,0.46195333213237105,-0.15478090881491324
Luka DonÄiÄ,Home,DAL,MIN,115,108,1,c3517a40-1f92-4855-8f97-c620d2f00134,5.5671863648921605,3.0474637886607927,-0.8810856664437556,-0.8799885404112779,0.5343389462119348,-1.029376450363194,-1.2509434858904136,1.1198509735491442,0.5350611130745258,2.6560189517895214,-0.9899807692857433,2.2495134389386844,0.6517084731734218,-0.47899041970928924
Kyrie Irving,Home,DAL,MIN,115,108,1,c3517a40-1f92-4855-8f97-c620d2f00134,5.688590508169307,3.378121979401095,1.6074210337749182,0.0381527165618584,3.0342944812258437,1.965225970524081,1.8998840607903282,1.7638088734095565,0.6415465067739254,0.49586361676876983,-0.29886853620116205,2.283236088567371,1.3483673501992932,-0.945639900705703
Derrick Jones Jr.,Home,DAL,MIN,115,108,1,c3517a40-1f92-4855-8f97-c620d2f00134,1.0816397723667766,0.10088463019275712,0.6281755595808748,0.49115687851675394,4.566323362157051,2.9355919358312783,1.2733397370749926,0.40340498590063456,0.2907840800219566,0.19738193083566966,-0.1074962284558641,1.1136452914748947,0.2280332701031422,-0.25598570230422074
Josh Green,Home,DAL,MIN,115,108,1,c3517a40-1f92-4855-8f97-c620d2f00134,-1.079813439235823,-1.0482735039473847,-0.0962611195541204,-0.17189030449376042,0.7963587816225576,0.3442683319566443,-1.3643545749786028,1.2796847255628727,-0.9302518966789377,-1.189345701899674,-0.07171754449906981,0.26916339464066064,-0.18195436792930977,-0.2250789826357682
Dwight Powell,Home,DAL,MIN,115,108,1,c3517a40-1f92-4855-8f97-c620d2f00134,-0.732374203470205,1.0289523807031897,0.6540679097073889,-0.41117416911696975,1.7329047382248575,-0.2183783188752227,3.3628566001404603,0.9215327251800627,-1.6831001389721216,2.0865660654227307,0.9401980365134547,0.7346834716716402,1.1659277740663911,0.4958169501733565
Tim Hardaway Jr.,Home,DAL,MIN,115,108,1,c3517a40-1f92-4855-8f97-c620d2f00134,1.5294367154390986,-1.0426359766250248,-0.09917714519557683,-0.17827252114075987,-0.1324500413199173,-0.7786998699849353,-0.8290155952221239,0.21733347431614677,0.9041817112933057,1.0385909539846319,-0.3120106259982929,1.0904503921089004,0.34541729599175486,1.1055327017522938
Grant Williams,Home,DAL,MIN,115,108,1,c3517a40-1f92-4855-8f97-c620d2f00134,-0.1058251158597467,0.3935535962182658,-1.496247242665064,2.320355493276115,0.26452100436687354,2.712466387131043,-1.0886528936455244,1.5844310870787686,0.5013178820024857,1.2368764500684897,0.16905092831209365,0.38198306248210445,-0.7251842685897318,-0.39242944438094146
Seth Curry,Home,DAL,MIN,115,108,1,c3517a40-1f92-4855-8f97-c620d2f00134,-1.375805408180385,0.2783134423621197,1.264636105001789,1.5867723242863445,0.2154619365212562,-1.043731698681166,-0.8510034743010237,-2.371006143002885,1.3756396123996384,-1.189345701899674,-0.07171754449906981,-0.2617546437872961,-1.146669976867106,0.9424391025900387
Jaden Hardy,Home,DAL,MIN,115,108,1,c3517a40-1f92-4855-8f97-c620d2f00134,-1.7477746060026107,-1.7428340239631492,0.09873478374187467,-0.3326288988822158,-1.900265203628418,-0.025775606338813883,0.141948179260133,-2.797218790709896,-0.2918593781365396,-1.189345701899674,-0.07171754449906981,-0.761881502022834,-1.0722908432935003,1.3502682367746428
Greg Brown III,Home,DAL,MIN,115,108,1,c3517a40-1f92-4855-8f97-c620d2f00134,-1.8116910513644735,-1.7428340239631492,0.09873478374187467,-0.3326288988822158,-2.545338878897405,0.3760490528798697,0.18115165338742384,-2.797218790709896,-0.2918593781365396,-1.189345701899674,-0.07171754449906981,-2.7331050483039485,0.6954159844458441,-0.24750831568169968
Richaun Holmes,Home,DAL,MIN,115,108,1,c3517a40-1f92-4855-8f97-c620d2f00134,-1.8116910513644735,-1.7428340239631492,0.09873478374187467,-0.3326288988822158,-2.545338878897405,0.3760490528798697,0.18115165338742384,-2.797218790709896,-0.2918593781365396,-1.189345701899674,-0.07171754449906981,-2.7331050483039485,0.6954159844458441,-0.24750831568169968
A.J. Lawson,Home,DAL,MIN,115,108,1,c3517a40-1f92-4855-8f97-c620d2f00134,-1.8116910513644735,-1.7428340239631492,0.09873478374187467,-0.3326288988822158,-2.545338878897405,0.3760490528798697,0.18115165338742384,-2.797218790709896,-0.2918593781365396,-1.189345701899674,-0.07171754449906981,-2.7331050483039485,0.6954159844458441,-0.24750831568169968
Markieff Morris,Home,DAL,MIN,115,108,1,c3517a40-1f92-4855-8f97-c620d2f00134,-1.8116910513644735,-1.7428340239631492,0.09873478374187467,-0.3326288988822158,-2.545338878897405,0.3760490528798697,0.18115165338742384,-2.797218790709896,-0.2918593781365396,-1.189345701899674,-0.07171754449906981,-2.7331050483039485,0.6954159844458441,-0.24750831568169968
Olivier-Maxence Prosper,Home,DAL,MIN,115,108,1,c3517a40-1f92-4855-8f97-c620d2f00134,-1.8116910513644735,-1.7428340239631492,0.09873478374187467,-0.3326288988822158,-2.545338878897405,0.3760490528798697,0.18115165338742384,-2.797218790709896,-0.2918593781365396,-1.189345701899674,-0.07171754449906981,-2.7331050483039485,0.6954159844458441,-0.24750831568169968
Brandon Williams,Home,DAL,MIN,115,108,1,c3517a40-1f92-4855-8f97-c620d2f00134,-1.8116910513644735,-1.7428340239631492,0.09873478374187467,-0.3326288988822158,-2.545338878897405,0.3760490528798697,0.18115165338742384,-2.797218790709896,-0.2918593781365396,-1.189345701899674,-0.07171754449906981,-2.7331050483039485,0.6954159844458441,-0.24750831568169968
Kyrie Irving,Home,DAL,MEM,103,120,0,def9dd1e-6802-455e-8ad9-7faff117d65e,3.9470800220970963,3.975504300883853,2.678518212744937,0.5947315039670072,2.5530581204311944,0.4993076825375235,1.3955592780127228,0.6227381329546132,-0.09993572286817541,4.455341519223807,-1.610400340693551,2.273897472896225,0.14263819915968784,-0.9073213656478563
Derrick Jones Jr.,Home,DAL,MEM,103,120,0,def9dd1e-6802-455e-8ad9-7faff117d65e,-0.025009770875849113,-0.939051839779058,-0.19764841459887264,-0.6845401200860913,0.3405190585072451,0.4512953071026947,-1.0947291508688717,0.5310182677553907,-1.2506168466474699,0.5555104733143206,-0.1541589629533222,0.7478086785700897,-0.7431750765431544,-0.8260133206955614
Luka DonÄiÄ,Home,DAL,MEM,103,120,0,def9dd1e-6802-455e-8ad9-7faff117d65e,3.483851896601241,3.665511627543176,1.5375588970062302,-0.6096543437573672,0.7294372096506907,-1.1436802357244944,-1.3056320887915287,0.6009869125310529,0.10023510403004458,6.004363607036533,-1.7455190148544852,2.028147938421839,-0.6527891514470102,-1.643956239442584
Josh Green,Home,DAL,MEM,103,120,0,def9dd1e-6802-455e-8ad9-7faff117d65e,-1.497873561729635,-1.5364460173692835,0.0616998630418809,-0.12093052884928601,0.4431372537635318,0.9560306031163133,0.07845115281543939,-2.390165207344716,0.48613217280816684,-1.189345701899674,-0.07171754449906981,-0.08084497178686174,-0.687646047137784,0.6361266653243639
Dwight Powell,Home,DAL,MEM,103,120,0,def9dd1e-6802-455e-8ad9-7faff117d65e,-1.201881592785073,2.870085398784814,0.8471645276252305,1.884780945012301,0.9613918567935871,0.7521841212033556,-0.1833271074511181,0.733869171306559,-1.669309201137857,-1.189345701899674,-0.07171754449906981,0.33429686431422945,0.5259335453266504,0.5093067616181192
Tim Hardaway Jr.,Home,DAL,MEM,103,120,0,def9dd1e-6802-455e-8ad9-7faff117d65e,0.21843595646482392,0.05084767936755747,-0.8363919435801652,0.46748960374972387,-0.4272516564574705,-0.6782287925866601,-0.6174366196898504,1.8426856422909335,0.9848233059480985,0.600648635024467,-0.04464901563063259,0.22507048621688766,-1.83485710083336,-1.7421219214004193
Jaden Hardy,Home,DAL,MEM,103,120,0,def9dd1e-6802-455e-8ad9-7faff117d65e,0.5692358041747642,-0.3577717206317398,-0.7056053006354234,0.37066896144470923,-1.843949247850967,-0.06085553690552435,0.1385256537410838,1.8337716323299744,0.7531458588981218,-1.189345701899674,-0.07171754449906981,0.3130841886514227,-0.9807149116384712,-0.6486991208247475
Seth Curry,Home,DAL,MEM,103,120,0,def9dd1e-6802-455e-8ad9-7faff117d65e,-1.3527599458445918,-0.7010350480146019,-0.9455701565071705,1.591521839396941,-1.843949247850967,-0.06085553690552435,0.1385256537410838,0.06719911610269517,-0.04579090466475307,-1.189345701899674,-0.07171754449906981,-0.4651627199473123,-1.6052203146798083,0.39863609578186576
Grant Williams,Home,DAL,MEM,103,120,0,def9dd1e-6802-455e-8ad9-7faff117d65e,-1.683858160640748,-0.7010350480146019,-0.9455701565071705,1.591521839396941,-1.843949247850967,-0.06085553690552435,0.1385256537410838,-2.797218790709896,-0.2918593781365396,-1.189345701899674,-0.07171754449906981,-0.6791964926408632,-3.3579358797304466,0.45310648495363054
Markieff Morris,Home,DAL,MEM,103,120,0,def9dd1e-6802-455e-8ad9-7faff117d65e,-1.8116910513644735,-1.7428340239631492,0.09873478374187467,-0.3326288988822158,-0.534681633401187,-0.7496934600300643,-0.38017014281523814,-2.797218790709896,-0.2918593781365396,-1.189345701899674,-0.07171754449906981,-1.084111809775139,-0.5883042615757745,0.4053893239758286
A.J. Lawson,Home,DAL,MEM,103,120,0,def9dd1e-6802-455e-8ad9-7faff117d65e,-0.8622159075226923,-1.5364460173692835,0.0616998630418809,-0.12093052884928601,1.5307647539074252,-1.0936238944254248,2.116114206998702,0.9101486727944367,1.4068737490663885,-1.189345701899674,-0.07171754449906981,0.23437330846173457,-0.6563457542825588,0.07551446610808923
Brandon Williams,Home,DAL,MEM,103,120,0,def9dd1e-6802-455e-8ad9-7faff117d65e,-1.7477746060026107,-0.33918157998550597,-0.6024803808039585,-1.8653481573125184,0.362841382324494,-1.2676816480006527,-0.666637499016084,-2.443375764937506,-0.39114170667529674,-1.189345701899674,-0.07171754449906981,-0.5276089206061618,-0.7886945988905891,0.825156761005898
Richaun Holmes,Home,DAL,MEM,103,120,0,def9dd1e-6802-455e-8ad9-7faff117d65e,-1.8116910513644735,-0.3109939433737067,-0.6170605090112404,-1.8972592405475157,0.8218816627521164,-0.42317525436679665,3.983825467289005,-1.2500228152737571,-0.725976226453066,-1.189345701899674,-0.07171754449906981,-0.9375766855257204,0.7173930767994677,-0.46890346850250014
Maxi Kleber,Home,DAL,MEM,103,120,0,def9dd1e-6802-455e-8ad9-7faff117d65e,-1.8116910513644735,-1.7428340239631492,0.09873478374187467,-0.3326288988822158,-2.545338878897405,0.3760490528798697,0.18115165338742384,-2.797218790709896,-0.2918593781365396,-1.189345701899674,-0.07171754449906981,-1.1994021275963807,0.04719816308244802,0.14498988050278552
Kyrie Irving,Home,DAL,NYK,128,124,1,b9d17748-b0ab-4870-b47c-90c09b60cedf,6.387344118289403,5.156872897122395,-0.7512955620898226,-0.8763515862016553,-0.1564034444192598,-0.7665945195787237,-0.818426503262382,1.971699375670249,0.44321382940933607,3.9501179981661507,-1.473426332838225,2.531624180632706,1.1582848010883815,-0.4743275751978925
Tim Hardaway Jr.,Home,DAL,NYK,128,124,1,b9d17748-b0ab-4870-b47c-90c09b60cedf,5.236469975635288,1.9285169378208271,0.9719781372834206,0.02311017946686455,1.0588256591963296,-0.7657396843010292,0.43809779554330897,1.7534275535718358,0.9410329800475363,3.0178776287750315,-0.9798827612820398,1.998055899434048,1.0943724923938463,0.05048805485835518
Derrick Jones Jr.,Home,DAL,NYK,128,124,1,b9d17748-b0ab-4870-b47c-90c09b60cedf,0.5784938543988158,-0.5938805768748698,-0.5198147923343169,0.3750257248090387,0.5848508847279459,0.6879599363425226,-0.22874560983661146,0.16284163932835105,0.443716286082459,-0.6277063202739546,0.1361288645589538,0.8012225970849093,-0.9203422049689094,-0.20402674147054758
Josh Green,Home,DAL,NYK,128,124,1,b9d17748-b0ab-4870-b47c-90c09b60cedf,1.724938275971703,0.2273214648873082,0.7416059006437059,-0.5479776162998312,-0.9645337448372441,-0.434462303061742,-0.35490303860208045,2.031839802293338,0.005738460634503683,-0.6543055941388624,0.07159621702951169,0.8882280634051515,-0.7467890593300756,-1.4557028931702631
Dwight Powell,Home,DAL,NYK,128,124,1,b9d17748-b0ab-4870-b47c-90c09b60cedf,-1.201881592785073,0.6034270106885561,0.8535263238152316,0.3788931268437879,3.442046063143264,-0.9578226404400878,2.759581077678846,1.3236075475938764,-1.8347797487024524,-1.189345701899674,-0.07171754449906981,0.24344972760440572,0.14296625258900547,-0.00466376699285566
Grant Williams,Home,DAL,NYK,128,124,1,b9d17748-b0ab-4870-b47c-90c09b60cedf,0.7369864873705946,0.28095886936186315,-0.8886657038949463,0.09017436154432648,2.215781386708564,0.7290857547672226,1.2826703109777313,1.5144009196529804,1.3076257866347185,1.7086723903112642,-0.016178221563549425,0.6306475262777016,-0.10904036104644665,-0.5980689891637425
Jaden Hardy,Home,DAL,NYK,128,124,1,b9d17748-b0ab-4870-b47c-90c09b60cedf,-0.46130380908494384,-0.042250454776029504,-0.5421460360236505,-1.1417579159654583,1.4560489186464307,-1.5675987751353133,-1.5326446107530842,-0.6223054399211446,-0.37709225240903343,2.273899593776694,0.04504988692540384,0.739830380357645,0.26114913757219727,1.2530996348595695
Seth Curry,Home,DAL,NYK,128,124,1,b9d17748-b0ab-4870-b47c-90c09b60cedf,-1.6257064524533607,-0.6575523218097901,-1.2970901172819316,2.1679492278926293,-0.9403427436042983,-0.5160972147257843,-0.2570033507088654,-2.158219318885292,2.2081391084244464,-1.189345701899674,-0.07171754449906981,-0.5624072414752737,-0.9633839077299694,1.0939617013814844
Markieff Morris,Home,DAL,NYK,128,124,1,b9d17748-b0ab-4870-b47c-90c09b60cedf,-1.6593449811064531,-1.7428340239631492,0.09873478374187467,-0.3326288988822158,-1.8593081448811808,-0.05128828311460331,0.1394590697917336,-1.1809770502246943,-0.7448881096553777,2.526538213215532,3.2979065661032254,-0.20288498717161757,-0.36941217015317895,1.014275964507891
Richaun Holmes,Home,DAL,NYK,128,124,1,b9d17748-b0ab-4870-b47c-90c09b60cedf,-1.8116910513644735,-1.7428340239631492,0.09873478374187467,-0.3326288988822158,-2.545338878897405,0.3760490528798697,0.18115165338742384,-2.797218790709896,-0.2918593781365396,-1.189345701899674,-0.07171754449906981,-2.7331050483039485,0.6954159844458441,-0.24750831568169968
A.J. Lawson,Home,DAL,NYK,128,124,1,b9d17748-b0ab-4870-b47c-90c09b60cedf,-1.8116910513644735,-1.7428340239631492,0.09873478374187467,-0.3326288988822158,-2.545338878897405,0.3760490528798697,0.18115165338742384,-2.797218790709896,-0.2918593781365396,-1.189345701899674,-0.07171754449906981,-2.7331050483039485,0.6954159844458441,-0.24750831568169968
Brandon Williams,Home,DAL,NYK,128,124,1,b9d17748-b0ab-4870-b47c-90c09b60cedf,-1.8116910513644735,-1.7428340239631492,0.09873478374187467,-0.3326288988822158,-2.545338878897405,0.3760490528798697,0.18115165338742384,-2.797218790709896,-0.2918593781365396,-1.189345701899674,-0.07171754449906981,-2.7331050483039485,0.6954159844458441,-0.24750831568169968
Kyrie Irving,Home,DAL,NOP,108,118,0,6ac4a497-4bac-48a6-be2a-46c6f635cd9b,5.831024304904446,1.6516945006572714,-0.0722621679291422,-1.2751044761553523,0.3347482987753043,-0.9845857763811462,-1.0619056783396283,1.029685344612908,0.5857038812966393,1.9305963639442996,-0.8076231512612241,2.08625658675395,-0.33875734322024476,-1.1944723398506754
Tim Hardaway Jr.,Home,DAL,NOP,108,118,0,6ac4a497-4bac-48a6-be2a-46c6f635cd9b,3.0584266186291975,-1.1236700041815522,-0.012369978358106642,0.30246621121657363,-0.06759323356790523,-0.8192444258172038,-0.8258396387916903,1.1640459478592915,0.4452581074053344,2.5429077621245595,-0.7306949117702041,1.4510273644730847,-0.6432035254171281,-0.5695067446321652
Dwight Powell,Home,DAL,NOP,108,118,0,6ac4a497-4bac-48a6-be2a-46c6f635cd9b,-1.6593449811064531,4.545619883409022,1.38465618882515,0.9856290901251474,3.209554065917041,-0.8602125533545405,2.6568256666309056,-0.8548864186305305,-0.8363835888969774,2.526538213215532,3.2979065661032254,0.6106709679828504,0.9436815010073238,-0.2663034127262968
Josh Green,Home,DAL,NOP,108,118,0,6ac4a497-4bac-48a6-be2a-46c6f635cd9b,0.08592422022584152,1.2604117578284826,-1.7830574482451944,0.5739138709792665,1.3804864882300287,-0.9093121855766896,0.5605746744828435,0.4165688283769235,0.3575529139382817,1.1159706597734544,-0.12427928773082496,0.8535676617130284,-0.6735103642201067,-0.055370516606774944
Derrick Jones Jr.,Home,DAL,NOP,108,118,0,6ac4a497-4bac-48a6-be2a-46c6f635cd9b,2.2448070404484084,-0.08596140002571104,-0.6306757134261797,0.6394058212272438,0.20268239439839825,-0.9754439041836724,-0.9121818721491625,3.3549329851818146,0.2330345363940373,2.662742772622383,-0.36121456925778256,0.9084328924647602,-0.6180529856873376,-2.1672780693596474
Jaden Hardy,Home,DAL,NOP,108,118,0,6ac4a497-4bac-48a6-be2a-46c6f635cd9b,0.42412218828972076,-0.20215827006246453,-1.0303596103024653,0.7527638104985739,-0.7185783978692999,-0.5771067272067018,-0.41520218138311915,0.6569859347968402,1.0071925960944665,-1.189345701899674,-0.07171754449906981,0.42183856433257866,-1.5778810399331709,-0.4179762231231515
Grant Williams,Home,DAL,NOP,108,118,0,6ac4a497-4bac-48a6-be2a-46c6f635cd9b,-1.4397218535422476,1.137094900398,-1.9100363690715627,2.941956574989711,-0.2234540877808178,1.9284024771703243,0.8859006065278224,-1.9223239683703646,2.1419508893986086,-1.189345701899674,-0.07171754449906981,-0.4570417207104518,-2.378938849485021,0.07089036510180789
Seth Curry,Home,DAL,NOP,108,118,0,6ac4a497-4bac-48a6-be2a-46c6f635cd9b,-0.8622159075226923,0.03901715018810365,2.13696631069402,0.7197336117045204,-1.8849063065982041,-0.03534286012973492,0.14101476320948322,0.84076768734887,1.426340872309282,-1.189345701899674,-0.07171754449906981,-0.22459919956751417,-0.4364965796257719,0.4640576619198504
Maxi Kleber,Home,DAL,NOP,108,118,0,6ac4a497-4bac-48a6-be2a-46c6f635cd9b,-1.1667753469334787,0.7250074641384826,1.2736609738826963,0.862309482857862,0.09359760635028273,-0.5564426682969541,1.185800084210309,-0.41678614617903115,0.6342652932990493,-1.189345701899674,-0.07171754449906981,0.028873367998419892,-0.21073452698518863,0.7092444208667236
A.J. Lawson,Home,DAL,NOP,108,118,0,6ac4a497-4bac-48a6-be2a-46c6f635cd9b,-1.2446286880346502,-0.13327842714272303,-1.1164392709188733,-0.13285792665330193,-0.47063338596093607,-0.7872677278876141,-0.3904874614863585,-0.4587936801790961,-0.2487419655504796,0.7344510429509726,0.2799697567901973,0.47058920158637396,-1.0146293853933153,1.1728967033293953
Richaun Holmes,Home,DAL,NOP,108,118,0,6ac4a497-4bac-48a6-be2a-46c6f635cd9b,-1.8116910513644735,-1.7428340239631492,0.09873478374187467,-0.3326288988822158,-2.545338878897405,0.3760490528798697,0.18115165338742384,-2.797218790709896,-0.2918593781365396,-1.189345701899674,-0.07171754449906981,-2.7331050483039485,0.6954159844458441,-0.24750831568169968
Markieff Morris,Home,DAL,NOP,108,118,0,6ac4a497-4bac-48a6-be2a-46c6f635cd9b,-1.8116910513644735,-1.7428340239631492,0.09873478374187467,-0.3326288988822158,-2.545338878897405,0.3760490528798697,0.18115165338742384,-2.797218790709896,-0.2918593781365396,-1.189345701899674,-0.07171754449906981,-2.7331050483039485,0.6954159844458441,-0.24750831568169968
Brandon Williams,Home,DAL,NOP,108,118,0,6ac4a497-4bac-48a6-be2a-46c6f635cd9b,-1.8116910513644735,-1.7428340239631492,0.09873478374187467,-0.3326288988822158,-2.545338878897405,0.3760490528798697,0.18115165338742384,-2.797218790709896,-0.2918593781365396,-1.189345701899674,-0.07171754449906981,-2.7331050483039485,0.6954159844458441,-0.24750831568169968
Kyrie Irving,Home,DAL,NOP,125,120,1,17ac0ef5-35e3-406e-9f78-b9383c484030,5.2824444769781,1.7532796937696788,-1.764606288965749,-1.3698449230704814,1.6123745033735362,-0.19385892501589141,-1.8119082730234826,0.9707931256126064,0.006016419611339282,6.519032035553286,-2.40193683559616,2.5294630223442782,0.5339843844088443,-0.19678325426343637
Tim Hardaway Jr.,Home,DAL,NOP,125,120,1,17ac0ef5-35e3-406e-9f78-b9383c484030,6.971923248090958,1.0559634546400536,-0.3622458994618061,0.42320519073585794,-0.9999798991354006,-0.4140368675100291,-0.3468279271677244,1.9846476028328355,1.2102976280444158,4.852454367423206,-1.6980226210960838,2.1725232440437887,0.30150359812756933,-0.8986704051943846
Josh Green,Home,DAL,NOP,125,120,1,17ac0ef5-35e3-406e-9f78-b9383c484030,1.1482094673928214,0.6876828849087633,-0.9269974660050214,0.3857454923926944,0.29183900299739574,-0.7212114524168217,0.06750517942135016,1.7585551482238018,1.1887143052184572,1.5148075817917575,0.5253636097974429,0.9947762023579301,0.6283461733223991,0.8902314188185523
Dereck Lively II,Home,DAL,NOP,125,120,1,17ac0ef5-35e3-406e-9f78-b9383c484030,-1.177368413250778,0.6889330007159383,-1.608196126856185,2.4267818885097983,5.657673803021758,-1.3487243727941065,4.169167575269508,2.6079094070185733,-2.388150035225689,1.7204996112486304,1.342371792483768,0.24188415999353183,-0.2549300422381872,-0.15534679818376151
Maxi Kleber,Home,DAL,NOP,125,120,1,17ac0ef5-35e3-406e-9f78-b9383c484030,-1.0783457220373214,0.29652794394855636,-0.959103753071525,1.4790425947951342,2.334534442093184,1.6449649326098867,-2.0572597298895636,-0.010291735821842504,0.5203676557815538,1.4520887567936522,0.6911787128684888,-0.08224897160225227,-1.0633490377559176,-0.621196048609551
Grant Williams,Home,DAL,NOP,125,120,1,17ac0ef5-35e3-406e-9f78-b9383c484030,0.055646303517071324,3.537140288579617,2.478357143634356,-0.6770265381953265,-0.44263494769434386,-0.6682130859839337,-0.6378543429053984,0.9188024136315006,0.519437138521645,-1.189345701899674,-0.07171754449906981,0.8653887039732643,1.4060989061039757,0.5090416298470143
Dwight Powell,Home,DAL,NOP,125,120,1,17ac0ef5-35e3-406e-9f78-b9383c484030,-1.2657980381469356,0.14300767976377773,-0.4784672640851143,-0.12813749739284894,2.578120999765028,2.9781132985494105,2.1906446209144224,2.98642740554635,-2.4943921501828887,-1.189345701899674,-0.07171754449906981,-0.10796190598315661,0.7845100111238175,0.0243765072325211
Jaden Hardy,Home,DAL,NOP,125,120,1,17ac0ef5-35e3-406e-9f78-b9383c484030,-0.031315604180584725,-0.8876039752601289,-0.17936785033562808,-0.35378347893324585,1.1829290734489728,-1.146986818572182,0.20756256566038525,0.0075763527336427565,1.1262327316422176,-1.189345701899674,-0.07171754449906981,0.22072408742051974,-0.8100020567199495,0.5618167624218703
A.J. Lawson,Home,DAL,NOP,125,120,1,17ac0ef5-35e3-406e-9f78-b9383c484030,-0.8622159075226923,-1.5364460173692835,0.0616998630418809,-0.12093052884928601,-0.3045221352722666,1.8231267499815815,0.8989605657649047,1.0072820524182302,1.3796197765263376,-1.189345701899674,-0.07171754449906981,-0.2198590273444756,-0.22388629278725736,0.04225013214344202
Seth Curry,Home,DAL,NOP,125,120,1,17ac0ef5-35e3-406e-9f78-b9383c484030,-1.5617900070914978,-1.5364460173692835,0.0616998630418809,-0.12093052884928601,-1.8746670419113949,-0.04172102932368227,0.14039248584238337,-2.477719054797594,0.9581398651439534,-1.189345701899674,-0.07171754449906981,-0.6584104659811119,-1.7688722486499926,1.3031693024586037
Richaun Holmes,Home,DAL,NOP,125,120,1,17ac0ef5-35e3-406e-9f78-b9383c484030,-1.8116910513644735,-1.7428340239631492,0.09873478374187467,-0.3326288988822158,-2.545338878897405,0.3760490528798697,0.18115165338742384,-2.797218790709896,-0.2918593781365396,-1.189345701899674,-0.07171754449906981,-2.7331050483039485,0.6954159844458441,-0.24750831568169968
Markieff Morris,Home,DAL,NOP,125,120,1,17ac0ef5-35e3-406e-9f78-b9383c484030,-1.8116910513644735,-1.7428340239631492,0.09873478374187467,-0.3326288988822158,-2.545338878897405,0.3760490528798697,0.18115165338742384,-2.797218790709896,-0.2918593781365396,-1.189345701899674,-0.07171754449906981,-2.7331050483039485,0.6954159844458441,-0.24750831568169968
Olivier-Maxence Prosper,Home,DAL,NOP,125,120,1,17ac0ef5-35e3-406e-9f78-b9383c484030,-1.8116910513644735,-1.7428340239631492,0.09873478374187467,-0.3326288988822158,-2.545338878897405,0.3760490528798697,0.18115165338742384,-2.797218790709896,-0.2918593781365396,-1.189345701899674,-0.07171754449906981,-2.7331050483039485,0.6954159844458441,-0.24750831568169968
Brandon Williams,Home,DAL,NOP,125,120,1,17ac0ef5-35e3-406e-9f78-b9383c484030,-1.8116910513644735,-1.7428340239631492,0.09873478374187467,-0.3326288988822158,-2.545338878897405,0.3760490528798697,0.18115165338742384,-2.797218790709896,-0.2918593781365396,-1.189345701899674,-0.07171754449906981,-2.7331050483039485,0.6954159844458441,-0.24750831568169968
Luka DonÄiÄ,Away,DAL,LAL,110,127,0,6525ac78-a52f-4dee-9656-37831db58a18,4.247900320184483,4.705469088899276,-0.4607789837766993,-1.4244103942869195,4.702013547514458,-0.1392781039342253,-3.5519113691882165,0.8380355582803537,-0.08777420724420057,3.591315004726924,-1.2600165996038775,2.057093819722057,-0.23886523319918374,-2.1162207505539072
Kyrie Irving,Away,DAL,LAL,110,127,0,6525ac78-a52f-4dee-9656-37831db58a18,1.0946369639142288,1.2300513138541314,-1.4282517710427423,-0.7572073595824927,0.4571794144980212,-1.0583287444578005,-1.1179724259267285,-0.5327512187143916,0.22539590288039346,1.5144170872372409,-0.4874621020058386,1.0491942142334751,-1.5995723281262295,-0.6541015978229268
Tim Hardaway Jr.,Away,DAL,LAL,110,127,0,6525ac78-a52f-4dee-9656-37831db58a18,1.2629455257626323,1.341864452532513,-0.2789203557255627,1.4146249941526485,0.38956339209940716,-0.4788293436684809,1.017769258531556,-0.7768362272494699,0.07471632077483976,1.0095735643138235,-0.38240987784859337,1.1517978556397694,-1.981602787421158,0.13080231263902475
Dereck Lively II,Away,DAL,LAL,110,127,0,6525ac78-a52f-4dee-9656-37831db58a18,0.43579744686754074,1.0352029295436922,0.022255725945863013,0.7664828403107703,4.32104895826262,-1.3734927831978594,2.0880866916457035,2.008930108344235,-2.155771897907759,-1.189345701899674,-0.07171754449906981,0.7933025833787476,0.1024412923085976,-0.9291485163178798
Derrick Jones Jr.,Away,DAL,LAL,110,127,0,6525ac78-a52f-4dee-9656-37831db58a18,-0.13959634561809314,-1.3300580107754179,0.02466494234188713,0.0907678411836438,-0.7550134594119546,1.2779723215379426,0.5718204840940286,5.848654132050481,0.7794759400187798,-1.189345701899674,-0.07171754449906981,-0.09182585916826463,-1.1975614855090764,-2.086338189854651
Grant Williams,Away,DAL,LAL,110,127,0,6525ac78-a52f-4dee-9656-37831db58a18,0.419825168313747,-0.5037257173018872,-0.2833823585646858,-0.2866722466082297,-0.3299753981452828,-0.7362724437465745,-0.6626525456046127,1.1650265604326526,1.8437994404309292,1.1828718637367073,0.03803009847959003,0.3915119152554029,-0.17866121225805698,-0.12772588138958518
Maxi Kleber,Away,DAL,LAL,110,127,0,6525ac78-a52f-4dee-9656-37831db58a18,-0.22655825331574925,1.0260841227275996,-1.3566867427528833,1.0544067284878216,-0.1610609268204666,2.8552211000764,0.3326318038079773,3.4949078278609798,1.7597848286223043,-1.189345701899674,-0.07171754449906981,-0.060434153097676115,-0.6696414038456244,-1.5605329448892484
Jaden Hardy,Away,DAL,LAL,110,127,0,6525ac78-a52f-4dee-9656-37831db58a18,0.17771445706632147,-1.2186392966571198,-0.4245866409164642,0.39820575814273884,-1.8695474095679903,-0.04491011392065595,0.14008134715883344,0.5172475027789962,0.9003248472265307,-1.189345701899674,-0.07171754449906981,0.22795919604818363,-1.0857711975571342,-0.06054931932963774
Dwight Powell,Away,DAL,LAL,110,127,0,6525ac78-a52f-4dee-9656-37831db58a18,-1.7674762389163947,-0.4032848933622856,-1.408578667965112,2.5306657073442165,3.1679088556131343,-1.536850587204159,2.718674831552888,-1.3250304868043148,-0.7044379601235871,0.06277348430719713,-0.43407053565031345,-0.4491946000677866,-0.41741512295719924,1.1021676135762282
Seth Curry,Away,DAL,LAL,110,127,0,6525ac78-a52f-4dee-9656-37831db58a18,-1.5617900070914978,-1.7428340239631492,0.09873478374187467,-0.3326288988822158,-1.8695474095679903,-0.04491011392065595,0.14008134715883344,-2.477719054797594,0.9581398651439534,-1.189345701899674,-0.07171754449906981,-0.6569635447688015,-2.174444940584159,0.7947213815185267
Brandon Williams,Away,DAL,LAL,110,127,0,6525ac78-a52f-4dee-9656-37831db58a18,-0.6531858462757861,1.2335966836629326,-1.3911763145934837,-3.589533915152805,-0.2901862798547699,-0.8957296923680759,-0.4768496393727476,2.796456568223529,0.6840002966504808,-1.189345701899674,-0.07171754449906981,0.6502024275048401,1.9248146857559227,-1.0713646005199837
A.J. Lawson,Away,DAL,LAL,110,127,0,6525ac78-a52f-4dee-9656-37831db58a18,-1.5387445447557047,-1.7428340239631492,0.09873478374187467,-0.3326288988822158,-1.8695474095679903,-0.04491011392065595,0.14008134715883344,2.8337892375661027,-2.4515644790485225,-1.189345701899674,-0.07171754449906981,-0.5094131345583837,0.3617485742584084,0.46619753109877504
Richaun Holmes,Away,DAL,LAL,110,127,0,6525ac78-a52f-4dee-9656-37831db58a18,-1.8116910513644735,-1.7428340239631492,0.09873478374187467,-0.3326288988822158,-2.545338878897405,0.3760490528798697,0.18115165338742384,-2.797218790709896,-0.2918593781365396,-1.189345701899674,-0.07171754449906981,-2.7331050483039485,0.6954159844458441,-0.24750831568169968
Markieff Morris,Away,DAL,LAL,110,127,0,6525ac78-a52f-4dee-9656-37831db58a18,-1.8116910513644735,-1.7428340239631492,0.09873478374187467,-0.3326288988822158,-2.545338878897405,0.3760490528798697,0.18115165338742384,-2.797218790709896,-0.2918593781365396,-1.189345701899674,-0.07171754449906981,-2.7331050483039485,0.6954159844458441,-0.24750831568169968
Luka DonÄiÄ,Home,DAL,BOS,110,119,0,7e4715d6-3a15-4352-8977-dcb757fb49fb,4.509330838806409,5.531467534175131,-0.556293047990954,-1.7206954684729563,6.4335853756060795,-2.269193765517085,0.016304250720700967,0.31041109693123686,-0.1065411897914538,3.8139093172589167,-1.4507470344165134,2.350284618009339,-0.29378835968213246,-1.8900370240919389
Josh Green,Home,DAL,BOS,110,119,0,7e4715d6-3a15-4352-8977-dcb757fb49fb,2.009254986338445,0.6849182953125946,-1.3598683577933044,1.6969649769283424,1.2535374379521105,-1.1049787739921366,-0.6919548225946485,1.4388757545628943,1.2675637411852332,-1.189345701899674,-0.07171754449906981,1.0004621029077536,-0.7468871984671719,-0.7540472606043804
Kyrie Irving,Home,DAL,BOS,110,119,0,7e4715d6-3a15-4352-8977-dcb757fb49fb,3.2044934250682053,1.5284836868911043,1.4160891041803767,0.17295333407650457,0.6883500704014084,-1.1222976853461415,-1.3116379483358342,0.8890019495255929,0.3348357202029394,0.9950648694784192,-0.41760950377374356,1.5836865822829203,0.14235899295482837,-0.5225052138077585
Derrick Jones Jr.,Home,DAL,BOS,110,119,0,7e4715d6-3a15-4352-8977-dcb757fb49fb,-0.27545191127908497,-0.08797238706611689,-0.8652241062848703,-0.26742134191453687,-0.8975059601785814,-0.4727915274284552,-0.38725801035841356,-0.13245680054637224,0.707613900494418,-1.189345701899674,-0.07171754449906981,0.36486116709968036,-0.7193843112895629,-0.276410348624151
Dereck Lively II,Home,DAL,BOS,110,119,0,7e4715d6-3a15-4352-8977-dcb757fb49fb,-0.9928515315381669,-0.29758709376905984,-0.9308292158244766,1.104183325918828,3.9340150122656077,2.3252694324040872,1.3236433162249424,2.5909557885066192,-2.383429547698395,-1.189345701899674,-0.07171754449906981,0.12933967330868482,-0.1907857237941843,-0.7901212870241272
Tim Hardaway Jr.,Home,DAL,BOS,110,119,0,7e4715d6-3a15-4352-8977-dcb757fb49fb,2.764178060802889,-1.0229046309967653,-0.10938323494067423,-0.20061027940525816,-0.9922736235730097,-0.4173572300803559,-0.35542171412233675,2.334127347943711,0.6617344032965697,-1.189345701899674,-0.07171754449906981,1.0209428407600265,0.20706376554112596,-0.8231278792627272
Maxi Kleber,Home,DAL,BOS,110,119,0,7e4715d6-3a15-4352-8977-dcb757fb49fb,-0.3267664769948867,-0.8163369069998719,-0.4823697507576297,0.7885672867732672,0.18709861419827706,2.777391942896438,-1.071651748110072,-0.0696248538307564,-0.1564329883373505,0.5813037085772613,-0.09158185019749959,0.4631013833386355,-0.42314081400876336,0.06180967174456654
Grant Williams,Home,DAL,BOS,110,119,0,7e4715d6-3a15-4352-8977-dcb757fb49fb,-0.7948061491112534,-0.8150262386871413,-0.2618009787109137,-0.8249488863200801,-0.09044358033981624,-0.8741634398106884,-0.7488269406633262,-0.9863651439810959,1.2275305828226188,-1.189345701899674,-0.07171754449906981,-0.02801010727076944,-0.7196524298545405,0.1717842103245147
Jaden Hardy,Home,DAL,BOS,110,119,0,7e4715d6-3a15-4352-8977-dcb757fb49fb,-1.6257064524533607,-1.7428340239631492,0.09873478374187467,-0.3326288988822158,-1.9053848359718228,-0.022586521741840202,0.14225931794368293,-2.158219318885292,2.2081391084244464,-1.189345701899674,-0.07171754449906981,-0.4167857125177557,-2.340683919424522,1.613696059939385
Richaun Holmes,Home,DAL,BOS,110,119,0,7e4715d6-3a15-4352-8977-dcb757fb49fb,-1.8116910513644735,-1.7428340239631492,0.09873478374187467,-0.3326288988822158,-2.545338878897405,0.3760490528798697,0.18115165338742384,-2.797218790709896,-0.2918593781365396,-1.189345701899674,-0.07171754449906981,-2.7331050483039485,0.6954159844458441,-0.24750831568169968
A.J. Lawson,Home,DAL,BOS,110,119,0,7e4715d6-3a15-4352-8977-dcb757fb49fb,-1.8116910513644735,-1.7428340239631492,0.09873478374187467,-0.3326288988822158,-2.545338878897405,0.3760490528798697,0.18115165338742384,-2.797218790709896,-0.2918593781365396,-1.189345701899674,-0.07171754449906981,-2.7331050483039485,0.6954159844458441,-0.24750831568169968
Markieff Morris,Home,DAL,BOS,110,119,0,7e4715d6-3a15-4352-8977-dcb757fb49fb,-1.8116910513644735,-1.7428340239631492,0.09873478374187467,-0.3326288988822158,-2.545338878897405,0.3760490528798697,0.18115165338742384,-2.797218790709896,-0.2918593781365396,-1.189345701899674,-0.07171754449906981,-2.7331050483039485,0.6954159844458441,-0.24750831568169968
Dwight Powell,Home,DAL,BOS,110,119,0,7e4715d6-3a15-4352-8977-dcb757fb49fb,-1.8116910513644735,-1.7428340239631492,0.09873478374187467,-0.3326288988822158,-2.545338878897405,0.3760490528798697,0.18115165338742384,-2.797218790709896,-0.2918593781365396,-1.189345701899674,-0.07171754449906981,-2.7331050483039485,0.6954159844458441,-0.24750831568169968
Olivier-Maxence Prosper,Home,DAL,BOS,110,119,0,7e4715d6-3a15-4352-8977-dcb757fb49fb,-1.8116910513644735,-1.7428340239631492,0.09873478374187467,-0.3326288988822158,-2.545338878897405,0.3760490528798697,0.18115165338742384,-2.797218790709896,-0.2918593781365396,-1.189345701899674,-0.07171754449906981,-2.7331050483039485,0.6954159844458441,-0.24750831568169968
Brandon Williams,Home,DAL,BOS,110,119,0,7e4715d6-3a15-4352-8977-dcb757fb49fb,-1.8116910513644735,-1.7428340239631492,0.09873478374187467,-0.3326288988822158,-2.545338878897405,0.3760490528798697,0.18115165338742384,-2.797218790709896,-0.2918593781365396,-1.189345701899674,-0.07171754449906981,-2.7331050483039485,0.6954159844458441,-0.24750831568169968
Luka DonÄiÄ,Home,DAL,PHO,109,132,0,a0a01084-536c-4c16-a896-8087dd3f447b,4.936340257305729,3.747706896911474,-1.5579225987690974,-1.1155199570284016,2.820271923586965,1.0359256905438003,-1.5777369095213527,0.9604015815111892,0.4499118517949461,4.406949189264158,-1.4343851175562106,2.0644900233977346,-1.0009958713198153,-2.3312456956897467
Josh Green,Home,DAL,PHO,109,132,0,a0a01084-536c-4c16-a896-8087dd3f447b,0.668258495388221,-0.1568386163671425,-0.8078644252148468,-0.2792429232857038,0.564261511889879,-0.30501341788010716,1.8654465595546366,0.8429802698944829,1.2409944805180948,-1.189345701899674,-0.07171754449906981,0.514168120341683,-1.0003378691999718,-0.9238009173132695
Dereck Lively II,Home,DAL,PHO,109,132,0,a0a01084-536c-4c16-a896-8087dd3f447b,-0.6559885795675352,-0.23693940886806553,1.135641071939239,-0.013489181989143681,-0.12232770436107289,1.15237615786255,0.2672943152491726,1.7561543217228,-2.0332504451361517,-1.189345701899674,-0.07171754449906981,0.05752631875627616,-1.1141171088722863,-1.5800027363390439
Derrick Jones Jr.,Home,DAL,PHO,109,132,0,a0a01084-536c-4c16-a896-8087dd3f447b,-0.30706484408110274,0.6123622220451455,-1.4665901641241113,1.641589387906404,-0.5691365356878594,-0.3486855305015927,0.6021313715148032,-0.570995648167056,-0.1291854995623838,-0.8883750460376418,0.08109402937042842,0.11864396746060084,-3.3591995862136343,-1.5349581148687281
Grant Williams,Home,DAL,PHO,109,132,0,a0a01084-536c-4c16-a896-8087dd3f447b,0.29628929756599526,0.9751021824502796,-1.7644633223355728,1.6862699607405731,-0.944834306445055,-0.5203861169686476,-0.27474403900520544,1.4106515657916352,1.1696245585740326,-1.189345701899674,-0.07171754449906981,0.7531746198987318,-0.74355577662563,1.0069576245449734
Tim Hardaway Jr.,Home,DAL,PHO,109,132,0,a0a01084-536c-4c16-a896-8087dd3f447b,2.9482865474904942,0.8643673746787317,1.6612303773662958,0.09052028764582892,0.5286493822899136,-1.107035174868745,-1.1752246088440694,0.7417864495293369,1.088473129835685,0.1635283095530598,-0.18962868894788132,1.04202891094374,-1.417170849547105,-1.6535568213047462
Maxi Kleber,Home,DAL,PHO,109,132,0,a0a01084-536c-4c16-a896-8087dd3f447b,-1.3527599458445918,0.6952139050550452,-1.453860811810863,1.0705798345791004,0.18765464927211586,-0.3856370147227802,1.4124650494298756,0.5042993244097658,-0.1684337810949825,-1.189345701899674,-0.07171754449906981,-0.013474123348959553,-0.17213493590714893,0.3142418043720609
Dante Exum,Home,DAL,PHO,109,132,0,a0a01084-536c-4c16-a896-8087dd3f447b,-0.6671227420150947,-0.7868386020753421,-0.27638110691819573,-0.8568599695550776,-0.5220402608286361,-0.6993098311999719,-0.5137536270898838,2.0299422356799877,1.028869087787871,0.46579278529064777,0.543696851159415,-0.08442375403487291,-1.0377268183589354,-0.8836971935963631
Jaden Hardy,Home,DAL,PHO,109,132,0,a0a01084-536c-4c16-a896-8087dd3f447b,1.0016281343092766,-0.5641562728421281,-0.39156411975572386,-1.1089575271115573,0.38606045875208045,-1.1632766645054884,-0.9307818550957584,1.6635260985444784,1.1082576316690296,-1.189345701899674,-0.07171754449906981,0.7293438625324082,0.3333632177305506,-0.13104816463254607
Richaun Holmes,Home,DAL,PHO,109,132,0,a0a01084-536c-4c16-a896-8087dd3f447b,-1.2657980381469356,-1.7428340239631492,0.09873478374187467,-0.3326288988822158,1.7419417739571836,-0.529795651329766,4.869527884144195,2.9239845186453395,-2.4768717392642845,-1.189345701899674,-0.07171754449906981,-0.01947581578475727,0.6395085770441203,-0.5906991787512548
A.J. Lawson,Home,DAL,PHO,109,132,0,a0a01084-536c-4c16-a896-8087dd3f447b,-0.8622159075226923,-0.6605206373600174,-0.43626691924094296,-1.5015618084335471,-0.08348692642852384,-1.026789041393755,-0.581120343854235,0.94483916551722,1.3971401874449418,-1.189345701899674,-0.07171754449906981,0.2857111064065419,0.026371077650909756,-0.14106721428519145
Brandon Williams,Home,DAL,PHO,109,132,0,a0a01084-536c-4c16-a896-8087dd3f447b,-1.3527599458445918,-1.7428340239631492,0.09873478374187467,-0.3326288988822158,-1.8285903508207528,-0.07042279069644539,0.13759223769043402,0.05961348469024239,-0.04374052530689362,-0.5861105703000539,0.8144195694777248,-0.16905869435831639,-1.0568462406398904,0.8540219390489606
Olivier-Maxence Prosper,Home,DAL,PHO,109,132,0,a0a01084-536c-4c16-a896-8087dd3f447b,-1.8116910513644735,-1.7428340239631492,0.09873478374187467,-0.3326288988822158,-1.8285903508207528,-0.07042279069644539,0.13759223769043402,-2.797218790709896,-0.2918593781365396,-1.189345701899674,-0.07171754449906981,-1.1038757227856029,-0.5005935535031975,0.5789824856847278
Seth Curry,Home,DAL,PHO,109,132,0,a0a01084-536c-4c16-a896-8087dd3f447b,-1.8116910513644735,-1.7428340239631492,0.09873478374187467,-0.3326288988822158,-2.545338878897405,0.3760490528798697,0.18115165338742384,-2.797218790709896,-0.2918593781365396,-1.189345701899674,-0.07171754449906981,-2.7331050483039485,0.6954159844458441,-0.24750831568169968
Markieff Morris,Home,DAL,PHO,109,132,0,a0a01084-536c-4c16-a896-8087dd3f447b,-1.8116910513644735,-1.7428340239631492,0.09873478374187467,-0.3326288988822158,-2.545338878897405,0.3760490528798697,0.18115165338742384,-2.797218790709896,-0.2918593781365396,-1.189345701899674,-0.07171754449906981,-2.7331050483039485,0.6954159844458441,-0.24750831568169968
Luka DonÄiÄ,Away,DAL,ATL,148,143,1,32ceccc4-f7dc-4cb3-938f-5063b34c894f,10.20988687489738,2.6583030305382103,-1.0227231815849867,-0.9432170959486671,2.382389933122281,-1.821121396807483,-2.1394215234107667,2.997385521304684,0.10891895607485175,7.260244397750578,-2.898005347360126,3.0823353654785253,1.843412308271711,-0.6764350487022962
Josh Green,Away,DAL,ATL,148,143,1,32ceccc4-f7dc-4cb3-938f-5063b34c894f,2.500340120790605,1.6541538054885252,-1.6781863606253051,1.0537637451217292,-0.664852718732739,-0.2875483538038399,0.674220171137871,2.6829420563383537,0.7355343489287742,0.19738193083566966,-0.1074962284558641,1.2984933943526753,0.40018691180854,0.4099609177862177
Grant Williams,Away,DAL,ATL,148,143,1,32ceccc4-f7dc-4cb3-938f-5063b34c894f,-0.04190867049788395,0.7173118752680685,-1.0508778334293212,0.22614304566800544,0.7287806809967663,-1.2035269613918271,-1.1175372172045126,1.3418566628324802,0.3598659290545263,1.1828718637367073,0.03803009847959003,0.5894979598909234,0.1423923307235958,0.2891818119249513
Dereck Lively II,Away,DAL,ATL,148,143,1,32ceccc4-f7dc-4cb3-938f-5063b34c894f,-0.48394087639573086,1.6619609138108173,0.12210493789148538,0.5405441347759367,6.094204136886567,3.0755913433385773,-1.4562288882840115,0.5554611446179214,-1.563595894778211,0.29330052446973087,0.12521240960485125,0.8644709918523511,1.175305526974502,0.7042219802437863
Derrick Jones Jr.,Away,DAL,ATL,148,143,1,32ceccc4-f7dc-4cb3-938f-5063b34c894f,-1.5387445447557047,0.2913151870398987,-1.5539071592303,2.4861373508145186,-1.1575691607156022,-0.3890204526718106,-0.15114715522457225,2.1954841714668882,-2.272466945213902,-1.189345701899674,-0.07171754449906981,-0.3228853313150643,-0.5249959534227322,0.19000935964864804
Tim Hardaway Jr.,Away,DAL,ATL,148,143,1,32ceccc4-f7dc-4cb3-938f-5063b34c894f,1.771547426686524,0.32045439968603756,-1.0679566831796476,0.2510001349168709,0.33362524837937996,-0.7142191050624047,0.2326095953463026,0.3576584571944617,1.4497191211243372,2.0797135053081766,-0.4458492181416245,0.9525683146187618,-1.0531714134528924,-0.0007096750942046657
Dante Exum,Away,DAL,ATL,148,143,1,32ceccc4-f7dc-4cb3-938f-5063b34c894f,0.09636780291557379,0.04248270088056335,-0.8660880198784234,0.04306669301505187,-1.8029921891037297,-0.08636821368131377,0.13603654427268438,2.1259429421197025,1.2232351131083308,0.3311843387621753,0.21712254396496583,0.4946204875977125,-0.22490409632429711,0.2523063624013105
Richaun Holmes,Away,DAL,ATL,148,143,1,32ceccc4-f7dc-4cb3-938f-5063b34c894f,-1.2657980381469356,-0.9355229575001874,-0.15458163238324862,-0.29953463743375025,1.3557424378981777,0.943672908110613,0.5733391679116285,2.9239845186453395,-2.4768717392642845,-1.189345701899674,-0.07171754449906981,-0.3144663965142655,0.03964962358899937,-0.4006600642705987
Jaden Hardy,Away,DAL,ATL,148,143,1,32ceccc4-f7dc-4cb3-938f-5063b34c894f,-0.2067239192967113,-0.1566780504045733,1.6350571864326993,-0.18490668986043743,-0.7611096786178305,-0.12840211700310514,1.5840176728201802,0.5903881272334358,0.66752958442796,1.798984140793073,0.37200031172879866,0.3039214257655043,-1.117594539584308,-0.40784201830048167
Seth Curry,Away,DAL,ATL,148,143,1,32ceccc4-f7dc-4cb3-938f-5063b34c894f,-1.8116910513644735,-1.7428340239631492,0.09873478374187467,-0.3326288988822158,-2.545338878897405,0.3760490528798697,0.18115165338742384,-2.797218790709896,-0.2918593781365396,-1.189345701899674,-0.07171754449906981,-2.7331050483039485,0.6954159844458441,-0.24750831568169968
A.J. Lawson,Away,DAL,ATL,148,143,1,32ceccc4-f7dc-4cb3-938f-5063b34c894f,-1.8116910513644735,-1.7428340239631492,0.09873478374187467,-0.3326288988822158,-2.545338878897405,0.3760490528798697,0.18115165338742384,-2.797218790709896,-0.2918593781365396,-1.189345701899674,-0.07171754449906981,-2.7331050483039485,0.6954159844458441,-0.24750831568169968
Markieff Morris,Away,DAL,ATL,148,143,1,32ceccc4-f7dc-4cb3-938f-5063b34c894f,-1.8116910513644735,-1.7428340239631492,0.09873478374187467,-0.3326288988822158,-2.545338878897405,0.3760490528798697,0.18115165338742384,-2.797218790709896,-0.2918593781365396,-1.189345701899674,-0.07171754449906981,-2.7331050483039485,0.6954159844458441,-0.24750831568169968
Brandon Williams,Away,DAL,ATL,148,143,1,32ceccc4-f7dc-4cb3-938f-5063b34c894f,-1.8116910513644735,-1.7428340239631492,0.09873478374187467,-0.3326288988822158,-2.545338878897405,0.3760490528798697,0.18115165338742384,-2.797218790709896,-0.2918593781365396,-1.189345701899674,-0.07171754449906981,-2.7331050483039485,0.6954159844458441,-0.24750831568169968
Luka DonÄiÄ,Home,DAL,SAC,115,120,0,f6fcd3c3-7bfd-4bca-ad00-95bbfe6bef40,3.5325132126528596,5.699098325529898,-0.8192342891485492,-2.591013395494408,3.0146283391654936,-0.2458631196900372,-0.8914299279303414,-0.0021973054465078633,-0.09494204472471278,4.724702813336604,-1.663782812392702,2.304582237307171,0.3768801806082071,-0.6290513349740399
Grant Williams,Home,DAL,SAC,115,120,0,f6fcd3c3-7bfd-4bca-ad00-95bbfe6bef40,4.533269861911652,2.1465544172589612,2.691229591088099,0.42865725004302624,2.5545350539301404,0.2807114728466395,0.4711764649008097,2.6322131299967793,1.136212231651853,1.015215834527592,-0.3687211344332571,1.4946785701065013,0.9852546769906343,-1.2092245837597493
Josh Green,Home,DAL,SAC,115,120,0,f6fcd3c3-7bfd-4bca-ad00-95bbfe6bef40,0.9854198144450688,0.998925432154497,-1.4329047639814565,-0.14145526189177793,-0.4525609885767041,-0.6662111492555511,-0.6364319062964152,0.9786823813509158,0.9408695921798498,0.24171405394384923,5.818409320603828e-05,0.6951631170541361,-1.1065859105525697,-0.9945539633561424
Dereck Lively II,Home,DAL,SAC,115,120,0,f6fcd3c3-7bfd-4bca-ad00-95bbfe6bef40,0.06195213682180693,0.4829766351948598,0.6245243732154239,1.4908748762530837,3.1090215048131395,-1.1383955585146033,1.5241511994306516,0.901706402798041,-1.7164092726823024,0.24171405394384923,5.818409320603828e-05,0.8789581366093303,0.33977258932957444,0.7902194301155259
Jaden Hardy,Home,DAL,SAC,115,120,0,f6fcd3c3-7bfd-4bca-ad00-95bbfe6bef40,-0.24034566542749097,1.6345430320827106,-1.5871690438293864,-1.5467285032341882,1.5716206705786477,-1.0052025242197271,0.9661780512552884,-0.6200424725691742,1.3852347255708237,-1.189345701899674,-0.07171754449906981,0.31823174401417864,-0.5625946428967383,-0.02993012444909372
Tim Hardaway Jr.,Home,DAL,SAC,115,120,0,f6fcd3c3-7bfd-4bca-ad00-95bbfe6bef40,2.959420709938054,-0.6188624890297242,-0.46341594302339795,0.2237382291267151,-0.03190865997902737,-0.8439752134903579,-0.8775158633190996,0.9301509233534245,0.5697057623742511,-1.189345701899674,-0.07171754449906981,1.2132961398657334,-0.48302190929970207,-0.16828606182076133
Maxi Kleber,Home,DAL,SAC,115,120,0,f6fcd3c3-7bfd-4bca-ad00-95bbfe6bef40,-0.33936835664094767,-1.7428340239631492,0.09873478374187467,-0.3326288988822158,-0.14053446918190354,-0.4981280165819195,0.9035417153824455,0.2524914466229389,0.7622526852694211,-1.189345701899674,-0.07171754449906981,-0.08567362531954766,-1.6898833363221761,-0.6986871435115162
Seth Curry,Home,DAL,SAC,115,120,0,f6fcd3c3-7bfd-4bca-ad00-95bbfe6bef40,-0.19425474075590426,-0.9756039080844378,-0.2035694681062189,-0.6995083985531649,-0.01203486862165224,-0.5483135927022815,0.9740965738524552,1.8406730706005516,0.4293643966391356,-1.189345701899674,-0.07171754449906981,0.25484425252991605,0.5614857494763882,0.26147045282511694
Richaun Holmes,Home,DAL,SAC,115,120,0,f6fcd3c3-7bfd-4bca-ad00-95bbfe6bef40,-1.7477746060026107,1.3313287998016676,1.2039958657624148,3.3264096685080204,-1.961700791749274,0.012493408824870276,0.14568184346273214,-2.797218790709896,-0.2918593781365396,-1.189345701899674,-0.07171754449906981,-0.6597902386124801,-1.4001751339092554,1.2369651215611301
A.J. Lawson,Home,DAL,SAC,115,120,0,f6fcd3c3-7bfd-4bca-ad00-95bbfe6bef40,-1.3527599458445918,0.665973468367702,-1.6278311543835369,0.10028698917213544,-1.8951455712850134,-0.028964690935787563,0.14163704057658308,0.17820869281560203,-0.07693830185338277,-1.189345701899674,-0.07171754449906981,0.14001234796402795,-1.9151302708180922,0.4186146485018769
Markieff Morris,Home,DAL,SAC,115,120,0,f6fcd3c3-7bfd-4bca-ad00-95bbfe6bef40,-1.8116910513644735,-1.7428340239631492,0.09873478374187467,-0.3326288988822158,-2.545338878897405,0.3760490528798697,0.18115165338742384,-2.797218790709896,-0.2918593781365396,-1.189345701899674,-0.07171754449906981,-2.7331050483039485,0.6954159844458441,-0.24750831568169968
Olivier-Maxence Prosper,Home,DAL,SAC,115,120,0,f6fcd3c3-7bfd-4bca-ad00-95bbfe6bef40,-1.8116910513644735,-1.7428340239631492,0.09873478374187467,-0.3326288988822158,-2.545338878897405,0.3760490528798697,0.18115165338742384,-2.797218790709896,-0.2918593781365396,-1.189345701899674,-0.07171754449906981,-2.7331050483039485,0.6954159844458441,-0.24750831568169968
Brandon Williams,Home,DAL,SAC,115,120,0,f6fcd3c3-7bfd-4bca-ad00-95bbfe6bef40,-1.8116910513644735,-1.7428340239631492,0.09873478374187467,-0.3326288988822158,-2.545338878897405,0.3760490528798697,0.18115165338742384,-2.797218790709896,-0.2918593781365396,-1.189345701899674,-0.07171754449906981,-2.7331050483039485,0.6954159844458441,-0.24750831568169968
Luka DonÄiÄ,Home,DAL,ORL,131,129,1,e2bb36ae-89ce-455d-8725-de8fe69c7eba,4.852838097613023,6.074189975481587,-1.004014336896385,-1.9706475517990378,1.9776975243575166,-1.646940062663509,-1.8994340368325537,1.4382899507877787,0.009830964470616124,9.25315887234355,-2.96545312912744,2.621151851528048,0.6070524805531013,-0.7615865088878592
Dereck Lively II,Home,DAL,ORL,131,129,1,e2bb36ae-89ce-455d-8725-de8fe69c7eba,0.6126566966598558,1.094342150691268,0.04697891040082287,1.5497989052960892,4.080563257568317,-0.28290678420310866,0.3729779415666725,1.7694177256832204,-2.0886702268085644,2.9473478271978246,0.43234787442644856,1.4904410567236146,0.7033785565557799,0.5986538353302064
Tim Hardaway Jr.,Home,DAL,ORL,131,129,1,e2bb36ae-89ce-455d-8725-de8fe69c7eba,4.593563084533055,0.049145774919053316,0.6169943309150369,0.3215214273639799,1.7811644624405245,-1.6004262693521627,-1.7273369009593584,2.488571062559078,0.5414641168184385,4.755677748817787,-1.2142931026012158,1.9596664314921,1.0816617970272022,0.19139235237771673
Josh Green,Home,DAL,ORL,131,129,1,e2bb36ae-89ce-455d-8725-de8fe69c7eba,-0.8529578572986408,1.3122686150807528,-0.12373240055418536,2.1199748226591484,-0.9067041415436983,-0.4632238967851332,-0.3381993682032337,-1.5262397564042114,0.5943543735727894,-1.189345701899674,-0.07171754449906981,0.33926460951080206,-2.008815332476809,-0.6544101261313019
Grant Williams,Home,DAL,ORL,131,129,1,e2bb36ae-89ce-455d-8725-de8fe69c7eba,-0.9261323528845551,0.5861994678124526,-1.7645238994558932,2.6749241427753394,-0.8225686368355046,-0.511656346403475,-0.35565838225806035,1.8120936529323353,1.9470635240837095,-1.189345701899674,-0.07171754449906981,0.08920174228460795,-1.1328305550650737,-0.7256523808057448
Jaden Hardy,Home,DAL,ORL,131,129,1,e2bb36ae-89ce-455d-8725-de8fe69c7eba,2.2643759722569383,2.3570395478535207,-0.31120681982021037,-1.4724042940808761,-0.8311075292283341,1.168484341378085,-0.4221746306871646,4.31056000286765,0.521152055766082,-1.189345701899674,-0.07171754449906981,1.1081208767455057,1.7092674126600518,-0.8789508214027341
Maxi Kleber,Home,DAL,ORL,131,129,1,e2bb36ae-89ce-455d-8725-de8fe69c7eba,-1.703559793554532,-0.3672968938526226,-1.1151078225488327,1.3598319250317026,-1.2608516599841826,-0.32729550477866615,-0.12421034713543713,-2.016850314645522,-0.5105868945988011,1.674850688241,3.476999011588601,-0.02849598861926326,-0.30281904574191115,0.5472711197253731
Seth Curry,Home,DAL,ORL,131,129,1,e2bb36ae-89ce-455d-8725-de8fe69c7eba,-1.8116910513644735,-1.7428340239631492,0.09873478374187467,-0.3326288988822158,-1.8337099831641577,-0.0672337060994717,0.13790337637398395,-2.797218790709896,-0.2918593781365396,-1.189345701899674,-0.07171754449906981,-1.0112531903750936,-0.09487255165648935,0.5849278384096842
Richaun Holmes,Home,DAL,ORL,131,129,1,e2bb36ae-89ce-455d-8725-de8fe69c7eba,-1.2657980381469356,-0.4946470414207363,-0.9826050772071642,1.8032202094298708,0.5901625385656916,-1.3713224448268215,-0.5852826234687579,2.1399793831104352,-2.256893246619587,-1.189345701899674,-0.07171754449906981,0.8460253140561812,-1.2233274211067438,0.9101482264577077
Dwight Powell,Home,DAL,ORL,131,129,1,e2bb36ae-89ce-455d-8725-de8fe69c7eba,-1.8116910513644735,0.09056364465331625,-2.460428085769222,4.52760718755915,-1.8337099831641577,-0.0672337060994717,0.13790337637398395,-2.797218790709896,-0.2918593781365396,-1.189345701899674,-0.07171754449906981,0.21465463674930596,-4.168121563114255,3.131544885829622
A.J. Lawson,Home,DAL,ORL,131,129,1,e2bb36ae-89ce-455d-8725-de8fe69c7eba,-1.8116910513644735,-1.7428340239631492,0.09873478374187467,-0.3326288988822158,-2.545338878897405,0.3760490528798697,0.18115165338742384,-2.797218790709896,-0.2918593781365396,-1.189345701899674,-0.07171754449906981,-2.7331050483039485,0.6954159844458441,-0.24750831568169968
Markieff Morris,Home,DAL,ORL,131,129,1,e2bb36ae-89ce-455d-8725-de8fe69c7eba,-1.8116910513644735,-1.7428340239631492,0.09873478374187467,-0.3326288988822158,-2.545338878897405,0.3760490528798697,0.18115165338742384,-2.797218790709896,-0.2918593781365396,-1.189345701899674,-0.07171754449906981,-2.7331050483039485,0.6954159844458441,-0.24750831568169968
Olivier-Maxence Prosper,Home,DAL,ORL,131,129,1,e2bb36ae-89ce-455d-8725-de8fe69c7eba,-1.8116910513644735,-1.7428340239631492,0.09873478374187467,-0.3326288988822158,-2.545338878897405,0.3760490528798697,0.18115165338742384,-2.797218790709896,-0.2918593781365396,-1.189345701899674,-0.07171754449906981,-2.7331050483039485,0.6954159844458441,-0.24750831568169968
Brandon Williams,Home,DAL,ORL,131,129,1,e2bb36ae-89ce-455d-8725-de8fe69c7eba,-1.8116910513644735,-1.7428340239631492,0.09873478374187467,-0.3326288988822158,-2.545338878897405,0.3760490528798697,0.18115165338742384,-2.797218790709896,-0.2918593781365396,-1.189345701899674,-0.07171754449906981,-2.7331050483039485,0.6954159844458441,-0.24750831568169968
Tim Hardaway Jr.,Away,DAL,MIN,87,121,0,4f86249e-1596-410d-a33a-134e2a57b2ac,2.174352419870093,0.8383376190756614,1.767814877087034,-0.22808204600368842,-0.3207788386739156,-0.7471145524811892,-0.6920590422961357,-0.001034452934545873,0.8748042295739991,1.015215834527592,-0.3687211344332571,0.9479816161921834,-2.1849063206572983,-2.324060453313134
Jaden Hardy,Away,DAL,MIN,87,121,0,4f86249e-1596-410d-a33a-134e2a57b2ac,1.340649383236237,2.2106304088040636,-0.8686906564871993,1.4525821811955621,-0.8186722005166555,-0.5238170694062346,-0.4162988423474774,0.18259223151064194,0.038673844413709926,1.029724529362996,-0.3335215085081069,1.097907442461178,-2.1396640130834954,-1.302241234426983
Richaun Holmes,Away,DAL,MIN,87,121,0,4f86249e-1596-410d-a33a-134e2a57b2ac,-0.45942769686143603,0.1422975611460873,-0.5229920591214665,-0.5163340883686898,4.887671160101792,1.2018554884780814,0.6383318094490968,1.3297623904395584,-1.8364338744598825,1.765901131050914,0.12266474736343204,0.4600236064027597,-0.7622691455109476,-2.0791973196838125
Josh Green,Away,DAL,MIN,87,121,0,4f86249e-1596-410d-a33a-134e2a57b2ac,1.6667865677843154,-0.03988605012792354,-0.6467445773351427,0.5551781834840833,-0.7721765993261789,-0.5523164840353205,-0.4311551015110361,1.8505687952438261,0.19749079983647505,-1.189345701899674,-0.07171754449906981,0.8545484357524432,-1.1882355811544563,-1.560759633694762
Grant Williams,Away,DAL,MIN,87,121,0,4f86249e-1596-410d-a33a-134e2a57b2ac,-0.789041411936778,0.5485879047624781,0.6282846763503812,0.9154807173041938,-1.1664722670681886,-0.06573629345840055,0.8996819891740201,-1.6318214473011703,0.44766291034652195,-1.189345701899674,-0.07171754449906981,0.16770537063056726,-2.0037240926851037,-0.49718587889200766
Olivier-Maxence Prosper,Away,DAL,MIN,87,121,0,4f86249e-1596-410d-a33a-134e2a57b2ac,-1.1759006960522767,-1.5364460173692835,0.0616998630418809,-0.12093052884928601,0.9284858074254864,-1.0596615744811935,0.022099448619759734,0.6797941354101333,-0.21759575055657285,4.7152972347232,5.497134456899003,0.005109101448337089,-0.9642769796047873,-0.7217899308684284
Maxi Kleber,Away,DAL,MIN,87,121,0,4f86249e-1596-410d-a33a-134e2a57b2ac,-1.0482005064338051,0.7115534468497908,-1.7147516533184168,3.3673612451656023,0.13242977680111787,1.033092113804907,-0.9199502266302438,2.016219694460771,1.6993473554603111,-1.189345701899674,-0.07171754449906981,-0.23134586433774268,-1.4101391737057702,-0.17999084431392917
Seth Curry,Away,DAL,MIN,87,121,0,4f86249e-1596-410d-a33a-134e2a57b2ac,-0.17442040673686637,0.7858376265808952,-1.5257542925359275,-0.8458966813797638,0.46379568562599705,-0.8324218871176101,0.39072684743755576,-0.15656403927713683,-0.24535699164888458,1.6651463058050515,-0.12177709933900006,0.7644618459290136,-1.137491949104137,-0.607552610374106
A.J. Lawson,Away,DAL,MIN,87,121,0,4f86249e-1596-410d-a33a-134e2a57b2ac,-0.9947276437616747,-0.84532252034243,-0.20123804264655115,-0.401650103785742,0.4393913863451339,1.439950246421906,0.38517935680436194,-1.1166834443785367,0.19242701428494546,0.3851889250939577,0.3481433737974694,0.09320137724464342,-0.9947728345997908,0.13630393484976958
Dwight Powell,Away,DAL,MIN,87,121,0,4f86249e-1596-410d-a33a-134e2a57b2ac,-1.7674762389163947,2.706309316684494,-3.2289077124469325,2.676862726052844,-0.10154079434406235,-0.5359992143341141,0.838778987354494,-2.0888770329353323,-0.4903618198329059,0.16146387813705293,-0.6029395513123301,-0.06628997191365807,-1.8070201776924373,0.36259890743906975
Brandon Williams,Away,DAL,MIN,87,121,0,4f86249e-1596-410d-a33a-134e2a57b2ac,-1.1561990631384926,-0.09967852807517193,-0.7015362503890428,-2.080139678137426,-1.8337099831641577,-0.0672337060994717,0.13790337637398395,0.12919831446938929,-0.4135985435831426,2.1689204320343647,1.1004321341731607,0.21205998778647486,-0.4056342181622516,-0.9789700891615033
Markieff Morris,Away,DAL,MIN,87,121,0,4f86249e-1596-410d-a33a-134e2a57b2ac,-1.8116910513644735,-1.7428340239631492,0.09873478374187467,-0.3326288988822158,-2.545338878897405,0.3760490528798697,0.18115165338742384,-2.797218790709896,-0.2918593781365396,-1.189345701899674,-0.07171754449906981,-2.7331050483039485,0.6954159844458441,-0.24750831568169968
Luka DonÄiÄ,Home,DAL,MIL,117,129,0,287c7b2f-1962-46a6-9798-c9847839abc9,5.692731048968674,6.377682011947755,-3.0974573933833396,-0.08924536842192979,2.168441248628163,-1.490496207368721,-1.1278198912658368,1.1496843038300955,0.31212779984583905,4.93316391348127,-1.8078807942910493,2.352012839330474,-0.8092005892781624,-1.341584882273651
Josh Green,Home,DAL,MIL,117,129,0,287c7b2f-1962-46a6-9798-c9847839abc9,2.701729332639528,1.0736172599909999,-0.38473284716862377,0.334562223213276,2.1815793334485942,-1.7827534050486358,-2.0500173281931624,2.1043943097418167,0.9268762651723627,1.0490694558102016,-0.28658867394123994,0.9588258384769649,-1.485954103470851,-2.5503564103092002
Derrick Jones Jr.,Home,DAL,MIL,117,129,0,287c7b2f-1962-46a6-9798-c9847839abc9,-0.7126725705564211,0.6233971318273276,1.5802492295264554,0.6687777799250948,0.12459293963893707,-0.6288458347826225,0.0869198310152925,0.1448895781826262,-1.4071950782673108,1.1157767727012413,0.29214365080623517,0.6130744399184415,-0.7929652383005279,-0.9986417965736186
Maxi Kleber,Home,DAL,MIL,117,129,0,287c7b2f-1962-46a6-9798-c9847839abc9,2.6805599825272424,2.188090780711909,1.0122077006436871,1.4680674836048733,-0.4903856572905748,-0.6390462334945866,-0.6064821961706687,2.9553101395934678,0.6843709329991274,0.5393897012749825,-0.1932696584257114,0.9648189517403893,-0.391864978172782,-1.645276895779969
Grant Williams,Home,DAL,MIL,117,129,0,287c7b2f-1962-46a6-9798-c9847839abc9,-0.9750260108478909,1.719366633131085,-0.6889999747771879,2.451878494397845,1.2696545376571446,-0.839415170266129,1.017499729873849,-1.5843859783870238,0.16322764004707926,-1.189345701899674,-0.07171754449906981,0.584801039597439,-0.3999572061498928,1.714117211916631
Tim Hardaway Jr.,Home,DAL,MIL,117,129,0,287c7b2f-1962-46a6-9798-c9847839abc9,2.68444860747821,1.3887119503584147,1.3909625399518728,0.7306012025467384,-0.8388977789392662,-0.21329176431275282,0.5586169229807723,1.08967270364543,0.9595356056943155,1.0216641433433271,-0.35307685624430146,1.2294402216675377,-0.47353579596586354,-0.6654450877236522
Dwight Powell,Home,DAL,MIL,117,129,0,287c7b2f-1962-46a6-9798-c9847839abc9,-1.450314919859547,0.05542579603440679,-1.3089345254812503,0.937618363179311,4.334605842852715,-0.028157463821694522,1.2534153375388302,2.7496049031396823,-2.42788830747162,2.526538213215532,3.2979065661032254,0.023530487428118755,0.6043732261708232,-0.0958756995423345
Jaden Hardy,Home,DAL,MIL,117,129,0,287c7b2f-1962-46a6-9798-c9847839abc9,-1.0144292766754586,-1.3300580107754179,0.02466494234188713,0.0907678411836438,-0.06014227374884167,-0.9561755470900117,-0.62585215973432,-0.555396585888474,0.27397258096997645,1.3174803102651798,0.3646044056740393,-0.0863336878459354,-1.3185277708003236,0.567068275386027
Seth Curry,Home,DAL,MIL,117,129,0,287c7b2f-1962-46a6-9798-c9847839abc9,-1.8116910513644735,-1.7428340239631492,0.09873478374187467,-0.3326288988822158,-2.545338878897405,0.3760490528798697,0.18115165338742384,-2.797218790709896,-0.2918593781365396,-1.189345701899674,-0.07171754449906981,-2.7331050483039485,0.6954159844458441,-0.24750831568169968
Richaun Holmes,Home,DAL,MIL,117,129,0,287c7b2f-1962-46a6-9798-c9847839abc9,-1.8116910513644735,-1.7428340239631492,0.09873478374187467,-0.3326288988822158,-2.545338878897405,0.3760490528798697,0.18115165338742384,-2.797218790709896,-0.2918593781365396,-1.189345701899674,-0.07171754449906981,-2.7331050483039485,0.6954159844458441,-0.24750831568169968
A.J. Lawson,Home,DAL,MIL,117,129,0,287c7b2f-1962-46a6-9798-c9847839abc9,-1.8116910513644735,-1.7428340239631492,0.09873478374187467,-0.3326288988822158,-2.545338878897405,0.3760490528798697,0.18115165338742384,-2.797218790709896,-0.2918593781365396,-1.189345701899674,-0.07171754449906981,-2.7331050483039485,0.6954159844458441,-0.24750831568169968
Markieff Morris,Home,DAL,MIL,117,129,0,287c7b2f-1962-46a6-9798-c9847839abc9,-1.8116910513644735,-1.7428340239631492,0.09873478374187467,-0.3326288988822158,-2.545338878897405,0.3760490528798697,0.18115165338742384,-2.797218790709896,-0.2918593781365396,-1.189345701899674,-0.07171754449906981,-2.7331050483039485,0.6954159844458441,-0.24750831568169968
Brandon Williams,Home,DAL,MIL,117,129,0,287c7b2f-1962-46a6-9798-c9847839abc9,-1.8116910513644735,-1.7428340239631492,0.09873478374187467,-0.3326288988822158,-2.545338878897405,0.3760490528798697,0.18115165338742384,-2.797218790709896,-0.2918593781365396,-1.189345701899674,-0.07171754449906981,-2.7331050483039485,0.6954159844458441,-0.24750831568169968
Luka DonÄiÄ,Away,DAL,PHI,118,102,1,5dd6c9c3-7384-4c74-8cb1-ad44e4572921,2.972799727024789,1.651232654590858,-0.3308164553506804,0.8088059769796936,1.373473217794846,-1.3715568963876572,-1.6976448508240638,0.8970130916232131,1.1427638739082309,1.5489383179108074,-0.3641436574907232,1.6651693484790187,0.6348903415266931,1.1083558955000359
Kyrie Irving,Away,DAL,PHI,118,102,1,5dd6c9c3-7384-4c74-8cb1-ad44e4572921,2.3847272841736578,3.379834482489989,0.7213296470303311,-1.095914124097454,0.7391188832117359,0.5234289939406371,-0.3841937999435877,1.7994729094057866,0.08059111763929898,0.5135964660120417,-0.25584677118153404,1.7152834545763436,1.469906223698794,0.16054853945435144
Josh Green,Away,DAL,PHI,118,102,1,5dd6c9c3-7384-4c74-8cb1-ad44e4572921,2.267311406653941,1.3684967048506147,1.4575044006007627,-0.5539122161543196,0.8231716863345674,-0.8908180017399828,-0.34569596955464593,3.1121785513176192,1.0546018134130393,2.1691837901265023,-0.22878485826986475,1.31629732661401,1.8551748310904386,-0.07793524232559372
Maxi Kleber,Away,DAL,PHI,118,102,1,5dd6c9c3-7384-4c74-8cb1-ad44e4572921,1.0512123720304394,0.4004746106388327,-1.1162005385785705,-1.2428262756419237,0.7372101622915895,0.8945374510229854,0.8549612550913603,2.8241187337567935,0.18172948465815805,-1.189345701899674,-0.07171754449906981,0.972677512780076,1.4931357620825434,-0.0668121761308116
Derrick Jones Jr.,Away,DAL,PHI,118,102,1,5dd6c9c3-7384-4c74-8cb1-ad44e4572921,-0.41372838469254275,-1.0996295091763544,-0.13941690399417786,-0.5590996323191763,-0.6935790457670161,-0.5821991818896604,-0.4363113449457515,-0.662082490587366,0.4731540078365159,0.29330052446973087,0.12521240960485125,0.39215302332238583,-0.9475562200498732,1.1266831260089236
Grant Williams,Away,DAL,PHI,118,102,1,5dd6c9c3-7384-4c74-8cb1-ad44e4572921,0.37559357334335514,-0.018887050956830794,-0.7630555672440368,0.3925193215677278,1.8790828765566756,0.12534142659333852,-0.8581833222262988,2.740492599140895,0.9420528028759838,3.8642181608402777,1.0734287510183902,0.9055537236945581,1.0620501128598174,0.3056362880500421
Tim Hardaway Jr.,Away,DAL,PHI,118,102,1,5dd6c9c3-7384-4c74-8cb1-ad44e4572921,-0.690018720723321,-1.3300580107754179,0.02466494234188713,0.0907678411836438,-0.4375931904493056,0.9899100380343868,-0.67781032231485,-2.3978441208195185,1.2706396759640768,-1.189345701899674,-0.07171754449906981,0.19382682662783102,-1.578097262192682,1.2030581629159491
Dwight Powell,Away,DAL,PHI,118,102,1,5dd6c9c3-7384-4c74-8cb1-ad44e4572921,-1.7477746060026107,0.33641540561877753,-1.5772353643619512,2.4350796176385225,2.7068732183102306,-1.4383596858905028,0.7747882034843415,-2.200542315878022,-0.45927663802542423,-1.189345701899674,-0.07171754449906981,-0.3406369706124583,-0.399799102590203,0.8169685382947443
Jaden Hardy,Away,DAL,PHI,118,102,1,5dd6c9c3-7384-4c74-8cb1-ad44e4572921,1.8161706341596093,-1.2799848059070946,-0.32919292750050644,0.20471380545008427,-1.3265950763491827,-0.28625873681014113,-0.14597656007504775,2.1074026436751407,0.7371041088306558,1.0756687296751093,-0.22205602641179778,1.253066976893389,0.44665805400324154,-0.3309136021749918
A.J. Lawson,Away,DAL,PHI,118,102,1,5dd6c9c3-7384-4c74-8cb1-ad44e4572921,-0.9928515315381669,-1.7428340239631492,0.09873478374187467,-0.3326288988822158,-1.94634189471906,0.0029261550339492346,0.14474842741208235,2.024561345190679,-2.2247056932054594,-0.2512862931554117,1.0493636038392402,0.8123481394199847,0.1875265829092002,-0.38172103289201403
Richaun Holmes,Away,DAL,PHI,118,102,1,5dd6c9c3-7384-4c74-8cb1-ad44e4572921,-1.8116910513644735,-0.023571909223313738,-0.7409025965487044,-2.1662996028719195,-0.5774942320626677,-0.7139348551833967,-0.3610664704568934,-1.1320751400162936,-0.7590703359659852,-1.189345701899674,-0.07171754449906981,-0.7839157659662774,1.121578002276201,-0.8382047771719974
Olivier-Maxence Prosper,Away,DAL,PHI,118,102,1,5dd6c9c3-7384-4c74-8cb1-ad44e4572921,-1.683858160640748,1.076092710088147,5.95090672153161,0.9334219418349704,0.35864522845445723,-0.19107175814767047,3.831981092837924,-2.4850043562048456,-0.3794614327295606,-1.189345701899674,-0.07171754449906981,0.01672544567268156,-1.3025857478668013,0.9015402669239312
Brandon Williams,Away,DAL,PHI,118,102,1,5dd6c9c3-7384-4c74-8cb1-ad44e4572921,-1.5617900070914978,0.6247437328480686,-1.0762455453161914,-2.9002545172768603,-1.94634189471906,0.0029261550339492346,0.14474842741208235,-2.04755694503508,0.8374437010380135,-1.189345701899674,-0.07171754449906981,-0.0014066987990546441,-1.393102905819458,0.9806802622986676
Seth Curry,Away,DAL,PHI,118,102,1,5dd6c9c3-7384-4c74-8cb1-ad44e4572921,-1.8116910513644735,-1.7428340239631492,0.09873478374187467,-0.3326288988822158,-2.545338878897405,0.3760490528798697,0.18115165338742384,-2.797218790709896,-0.2918593781365396,-1.189345701899674,-0.07171754449906981,-2.7331050483039485,0.6954159844458441,-0.24750831568169968
Markieff Morris,Away,DAL,PHI,118,102,1,5dd6c9c3-7384-4c74-8cb1-ad44e4572921,-1.8116910513644735,-1.7428340239631492,0.09873478374187467,-0.3326288988822158,-2.545338878897405,0.3760490528798697,0.18115165338742384,-2.797218790709896,-0.2918593781365396,-1.189345701899674,-0.07171754449906981,-2.7331050483039485,0.6954159844458441,-0.24750831568169968
Luka DonÄiÄ,Away,DAL,BRK,119,107,1,e8134b97-92c6-4e85-ac42-8ec352c3fbe6,5.413505278540893,3.010751470552255,0.6587993184796619,-1.3604990985143293,5.914819356713536,-1.6690393643534842,-3.3613039014364476,1.0237561336615328,0.28235549167436846,2.9555543726425673,-1.044802393985279,2.4056646781904703,0.8064681302488871,-0.5212176271046104
Kyrie Irving,Away,DAL,BRK,119,107,1,e8134b97-92c6-4e85-ac42-8ec352c3fbe6,5.905792727981047,2.4466564005507383,0.552854840269386,-0.23104065042931526,-1.14113747742492,-0.3255245763236019,-0.31299154202158164,2.130302338281659,0.456329636764749,-1.189345701899674,-0.07171754449906981,2.2298548494212738,1.4175132457538333,0.09663963342377149
Josh Green,Away,DAL,BRK,119,107,1,e8134b97-92c6-4e85-ac42-8ec352c3fbe6,1.1559998004183716,-0.24383332906795527,-0.7193892938479073,-0.360326035851033,-0.8722088512678261,-0.1846143048026004,0.5917028599270705,0.953197879929203,0.5281895183521239,-1.189345701899674,-0.07171754449906981,0.8725562408727648,-0.5549839016168135,-0.400790838372723
Maxi Kleber,Away,DAL,BRK,119,107,1,e8134b97-92c6-4e85-ac42-8ec352c3fbe6,0.17771445706632147,0.9592922689554333,0.2619517486486841,0.4416233411400014,-1.0420863799930067,-0.38327817366473654,-0.3406791003816466,0.6351951780364598,0.8672307377136116,-1.189345701899674,-0.07171754449906981,0.7300058157010691,0.3841565885849124,0.6627407271668291
Derrick Jones Jr.,Away,DAL,BRK,119,107,1,e8134b97-92c6-4e85-ac42-8ec352c3fbe6,-1.410911654031979,-0.6194456801916525,1.3161840751769107,-0.39819510971707855,1.98758253892372,-1.4496790762654286,-0.5824403419567736,-0.6626082317275688,-1.0838482176686517,-1.189345701899674,-0.07171754449906981,0.09590328576986056,0.40754236415351003,0.535537218928097
Tim Hardaway Jr.,Away,DAL,BRK,119,107,1,e8134b97-92c6-4e85-ac42-8ec352c3fbe6,1.5643934776631259,-0.6065295870497862,-0.34481870726798786,-1.0046382155864908,1.7311800014280332,-1.3229626493185913,-0.5908996231899672,1.3544810393202658,1.169083372235014,1.604693410657534,-0.26844220736045943,0.8502651882726516,0.102964978511723,-0.45501578242934676
Grant Williams,Away,DAL,BRK,119,107,1,e8134b97-92c6-4e85-ac42-8ec352c3fbe6,-0.40328480200281047,0.8587046909481233,-0.11933187117533975,2.3145371005235913,0.35803423668549383,1.0311892109167409,0.1672515917667355,0.43694752316308505,0.9391739097931064,-1.189345701899674,-0.07171754449906981,0.5335961522787805,0.1250166825766521,1.1671020626708075
Dwight Powell,Away,DAL,BRK,119,107,1,e8134b97-92c6-4e85-ac42-8ec352c3fbe6,-1.4748280993938419,-1.3300580107754179,0.02466494234188713,0.0907678411836438,-0.20255153629605474,1.1135979661207331,-0.7723737549379923,0.004409026338990013,-1.3678185039439523,-1.189345701899674,-0.07171754449906981,-0.2666432894064922,-0.2735875094260261,0.4533641156760353
Jaden Hardy,Away,DAL,BRK,119,107,1,e8134b97-92c6-4e85-ac42-8ec352c3fbe6,-0.41254285222686204,-0.1943677076199061,-1.2525372592745996,0.6289257501911462,0.4339936731068897,-0.6435133904200839,1.5666170945278188,5.955859088363878,1.6373201316357382,-1.189345701899674,-0.07171754449906981,0.36468350680607386,1.9630726755315986,-0.20029030821742613
Seth Curry,Away,DAL,BRK,119,107,1,e8134b97-92c6-4e85-ac42-8ec352c3fbe6,-1.8116910513644735,-1.7428340239631492,0.09873478374187467,-0.3326288988822158,-2.545338878897405,0.3760490528798697,0.18115165338742384,-2.797218790709896,-0.2918593781365396,-1.189345701899674,-0.07171754449906981,-2.7331050483039485,0.6954159844458441,-0.24750831568169968
Richaun Holmes,Away,DAL,BRK,119,107,1,e8134b97-92c6-4e85-ac42-8ec352c3fbe6,-1.8116910513644735,-1.7428340239631492,0.09873478374187467,-0.3326288988822158,-2.545338878897405,0.3760490528798697,0.18115165338742384,-2.797218790709896,-0.2918593781365396,-1.189345701899674,-0.07171754449906981,-2.7331050483039485,0.6954159844458441,-0.24750831568169968
A.J. Lawson,Away,DAL,BRK,119,107,1,e8134b97-92c6-4e85-ac42-8ec352c3fbe6,-1.8116910513644735,-1.7428340239631492,0.09873478374187467,-0.3326288988822158,-2.545338878897405,0.3760490528798697,0.18115165338742384,-2.797218790709896,-0.2918593781365396,-1.189345701899674,-0.07171754449906981,-2.7331050483039485,0.6954159844458441,-0.24750831568169968
Markieff Morris,Away,DAL,BRK,119,107,1,e8134b97-92c6-4e85-ac42-8ec352c3fbe6,-1.8116910513644735,-1.7428340239631492,0.09873478374187467,-0.3326288988822158,-2.545338878897405,0.3760490528798697,0.18115165338742384,-2.797218790709896,-0.2918593781365396,-1.189345701899674,-0.07171754449906981,-2.7331050483039485,0.6954159844458441,-0.24750831568169968
Olivier-Maxence Prosper,Away,DAL,BRK,119,107,1,e8134b97-92c6-4e85-ac42-8ec352c3fbe6,-1.8116910513644735,-1.7428340239631492,0.09873478374187467,-0.3326288988822158,-2.545338878897405,0.3760490528798697,0.18115165338742384,-2.797218790709896,-0.2918593781365396,-1.189345701899674,-0.07171754449906981,-2.7331050483039485,0.6954159844458441,-0.24750831568169968
Brandon Williams,Away,DAL,BRK,119,107,1,e8134b97-92c6-4e85-ac42-8ec352c3fbe6,-1.8116910513644735,-1.7428340239631492,0.09873478374187467,-0.3326288988822158,-2.545338878897405,0.3760490528798697,0.18115165338742384,-2.797218790709896,-0.2918593781365396,-1.189345701899674,-0.07171754449906981,-2.7331050483039485,0.6954159844458441,-0.24750831568169968
Luka DonÄiÄ,Away,DAL,NYK,122,108,1,56f483e4-2218-4004-8d3c-35b25a158f4f,6.545853533783494,5.549206257768132,1.9287119731749767,-1.6138941875378763,1.7593541037602012,-0.17413357332637913,-1.9384028524396553,1.9101009130208546,0.7806439741979446,2.971127389860951,-1.0933037781519683,2.639053968638626,2.095547586374078,-0.18858949822012644
Kyrie Irving,Away,DAL,NYK,122,108,1,56f483e4-2218-4004-8d3c-35b25a158f4f,2.0796267486326108,1.3984728611244044,-1.4472011881895157,-0.49611415710123336,0.23081171390366717,-0.9162088669276521,-1.0186160370731443,0.4382997918696538,0.27110348679414714,-1.189345701899674,-0.07171754449906981,1.5343376402159312,-0.0351315588007446,1.0875939531649221
Josh Green,Away,DAL,NYK,122,108,1,56f483e4-2218-4004-8d3c-35b25a158f4f,1.1608113470388823,0.2653534626508773,0.8033539273375501,-0.5423940941233798,1.4268562621133443,0.32008382681192055,-0.5976876587069,1.8935488435528418,0.47591151010272353,1.6312926845224416,-0.20390955983101725,1.0075848839354677,0.5743329777619938,-0.15815856051865348
Derrick Jones Jr.,Away,DAL,NYK,122,108,1,56f483e4-2218-4004-8d3c-35b25a158f4f,0.661141959598185,-0.6403547509839453,-0.3273225534192494,-0.966344915704494,0.5833656162696015,-0.8075881196972172,-0.07854870642745988,2.6058619963413996,-0.30877337413484995,3.962603715177303,0.13267350093073135,1.1096006338368574,1.2789288550378004,0.44513841486472633
Maxi Kleber,Away,DAL,NYK,122,108,1,56f483e4-2218-4004-8d3c-35b25a158f4f,-1.3527599458445918,0.8237038269510911,0.108260634316357,0.6303375891838653,2.0754533003002678,4.796445108338878,-0.9775926615009741,0.1313164365461046,-0.06391376655600398,0.017124561299566465,1.7005566834545194,0.4924403988117978,1.0010211081299327,0.5615998213455882
Tim Hardaway Jr.,Away,DAL,NYK,122,108,1,56f483e4-2218-4004-8d3c-35b25a158f4f,3.289828344976383,-0.9052266758448989,-0.21514456844761104,-0.7228334199680883,-0.9805987596713327,-0.419895138269446,-0.3410147769791637,1.8070073223288274,1.1840330229424083,-1.189345701899674,-0.07171754449906981,1.2608066313979358,0.6040735042732819,0.4936719500831511
Dwight Powell,Away,DAL,NYK,122,108,1,56f483e4-2218-4004-8d3c-35b25a158f4f,-1.2215832256988568,0.1497088841715206,-1.0351765672860864,1.5398057267513539,2.0714166937743173,-0.8261878681526751,2.153442216646985,2.351335483700955,-2.3163105987602717,0.8688120862740984,1.5214642379691437,0.038354878438519334,-0.3186094659258206,0.3061501572742304
Jaden Hardy,Away,DAL,NYK,122,108,1,56f483e4-2218-4004-8d3c-35b25a158f4f,-0.9519805485120975,0.3394970982741483,1.1541341670189156,0.49893239356748165,-0.5744146749667511,-0.6499849357120995,-0.4694416048869816,-0.46558237484647236,-0.64211473491911,-1.189345701899674,-0.07171754449906981,0.23461840539569845,-0.7218087151591824,0.7288527682428951
Markieff Morris,Away,DAL,NYK,122,108,1,56f483e4-2218-4004-8d3c-35b25a158f4f,-0.9261323528845551,-1.7428340239631492,0.09873478374187467,-0.3326288988822158,0.5189084476145202,-1.275537240408536,-0.7646603522452871,2.193689072882952,1.8399943462477948,-1.189345701899674,-0.07171754449906981,-0.2083182985792657,-0.06328362184482939,-0.08846886357615162
Brandon Williams,Away,DAL,NYK,122,108,1,56f483e4-2218-4004-8d3c-35b25a158f4f,-1.7674762389163947,-1.7428340239631492,0.09873478374187467,-0.3326288988822158,-1.9053848359718228,-0.022586521741840202,0.14225931794368293,-1.151578023190398,-0.753105768230821,0.06277348430719713,-0.43407053565031345,0.17609188435382037,-1.1686489885880176,0.6380056207678793
A.J. Lawson,Away,DAL,NYK,122,108,1,56f483e4-2218-4004-8d3c-35b25a158f4f,-1.8116910513644735,-1.7428340239631492,0.09873478374187467,-0.3326288988822158,-1.9053848359718228,-0.022586521741840202,0.14225931794368293,-2.797218790709896,-0.2918593781365396,-1.189345701899674,-0.07171754449906981,-1.2838163600548635,-0.6459673732342323,0.49700595490637633
Olivier-Maxence Prosper,Away,DAL,NYK,122,108,1,56f483e4-2218-4004-8d3c-35b25a158f4f,-1.8116910513644735,-1.7428340239631492,0.09873478374187467,-0.3326288988822158,-1.9053848359718228,-0.022586521741840202,0.14225931794368293,-2.797218790709896,-0.2918593781365396,-1.189345701899674,-0.07171754449906981,-1.2773405941721006,-0.6136398168225692,0.46874167084397045
Kyrie Irving,Home,DAL,OKC,146,111,1,04492baf-7127-4f07-8b42-1bb5d47424a2,3.209862850341289,2.022678758208745,-0.19552768378180235,-1.4682921468625436,0.7986813291697572,-0.8718819724092154,-0.30204223139425973,1.3680957609580262,-0.15428263895973676,0.14740753751372176,-0.22873938442027045,1.8908439861174937,2.2609172223969467,1.524394833451325
Luka DonÄiÄ,Home,DAL,OKC,146,111,1,04492baf-7127-4f07-8b42-1bb5d47424a2,3.601340845441696,2.6242091431489447,-2.1067445695330966,-1.0189380055266293,1.5363357652700391,-1.4613049313736077,-1.7117007602258527,2.4239375018921363,0.5458357474081481,5.57247599756347,-0.9935814877033149,1.909585730732455,1.8388716134937775,0.1792032724081569
Josh Green,Home,DAL,OKC,146,111,1,04492baf-7127-4f07-8b42-1bb5d47424a2,-0.9274673689778026,1.4793716402524255,1.5090948343522008,1.137677785235528,-1.066353006896798,-0.36679659079296006,-0.3308901676637882,0.4841388304537265,-0.8325001126528001,1.3174803102651798,0.3646044056740393,0.6317836452029397,1.2461653743102084,1.1764916021240572
Maxi Kleber,Home,DAL,OKC,146,111,1,04492baf-7127-4f07-8b42-1bb5d47424a2,0.4731485473583104,0.0688098172087814,0.9167170029386701,-0.7165978587448606,4.899636680063753,-0.3729405554831055,0.09095767347981774,2.25924985775865,0.9316142158174463,2.3489303983651215,0.20729939624727425,0.9678680956549146,2.488399756365638,0.8006783208422774
Derrick Jones Jr.,Home,DAL,OKC,146,111,1,04492baf-7127-4f07-8b42-1bb5d47424a2,-0.3360245272189383,1.5319728606973007,-0.4347609919308661,2.46490077809012,-0.002734212627934973,-0.842951489647474,-0.8423802068999616,2.254798938572765,0.3414232473259558,0.46579278529064777,0.543696851159415,0.6946493082968743,1.2235642563751052,1.5486974761558956
Tim Hardaway Jr.,Home,DAL,OKC,146,111,1,04492baf-7127-4f07-8b42-1bb5d47424a2,0.94120500199699,0.21038682885828944,0.6908987251954595,0.6440380935814812,-1.4871354159965195,-0.19316265295558982,-0.09830117965380886,0.9772875668323612,0.9412600865006362,-1.189345701899674,-0.07171754449906981,0.9264024186818871,1.4185926578936698,1.9432725716492059
P.J. Washington,Home,DAL,OKC,146,111,1,04492baf-7127-4f07-8b42-1bb5d47424a2,0.9187006357914568,0.853145909420429,0.2846616185009781,1.2370723563450543,0.6563260826426522,-0.8242901475825566,-0.007561032777782091,1.2312292647762897,-0.1249867065395161,0.22398120470057742,-0.042963580926421996,1.1084873513870428,1.2113023087470058,1.5955435268898106
Daniel Gafford,Home,DAL,OKC,146,111,1,04492baf-7127-4f07-8b42-1bb5d47424a2,0.5756743385847537,-1.3300580107754179,0.02466494234188713,0.0907678411836438,4.801758222420586,0.41653748313830036,2.5439687486759426,1.0745465230147055,-1.746873508827569,2.6976671737022047,-0.3552322352352682,1.2167755062827335,0.7187748262156071,0.17396888953208858
Jaden Hardy,Home,DAL,OKC,146,111,1,04492baf-7127-4f07-8b42-1bb5d47424a2,0.3635495723498674,1.2883420841425348,1.38508315171315,-1.4405929443994514,-1.9924185858097019,0.03162791640671235,0.1475486755640317,3.621530615964429,0.5787869496352132,0.3851889250939577,0.3481433737974694,0.6143490270725274,1.347055305183843,-1.9178794428957482
A.J. Lawson,Home,DAL,OKC,146,111,1,04492baf-7127-4f07-8b42-1bb5d47424a2,-0.5892694009139233,-1.3300580107754179,0.02466494234188713,0.0907678411836438,0.8496325365714938,-0.7415037828402309,2.0962795479348357,1.575942993212597,0.6768813764274986,-1.189345701899674,-0.07171754449906981,0.3149644472013752,-0.382944008871988,0.19365448245401545
Dwight Powell,Home,DAL,OKC,146,111,1,04492baf-7127-4f07-8b42-1bb5d47424a2,-1.5387445447557047,-1.5364460173692835,0.0616998630418809,-0.12093052884928601,0.36886034099912257,3.24969973025681,-1.0502451243949866,2.8337892375661027,-2.4515644790485225,-1.189345701899674,-0.07171754449906981,-0.5463191626293984,0.39794984163295044,-0.28355349304504
Olivier-Maxence Prosper,Home,DAL,OKC,146,111,1,04492baf-7127-4f07-8b42-1bb5d47424a2,-1.3527599458445918,-1.7428340239631492,0.09873478374187467,-0.3326288988822158,0.3687634692564464,-1.1838631740710082,-0.7074132863759018,0.372475452063189,-0.1314462469334848,-1.189345701899674,-0.07171754449906981,-0.36130973963364815,-0.3640518601967665,0.31448024882876635
Brandon Williams,Home,DAL,OKC,146,111,1,04492baf-7127-4f07-8b42-1bb5d47424a2,-1.683858160640748,0.3270117104084206,-1.4973944109325046,0.09502339701626371,0.8547521689148985,-0.7446928674372045,2.095968409251286,-2.3184899911354857,-0.42618252851250515,-1.189345701899674,-0.07171754449906981,-0.15368352145939176,-1.036889277873115,0.8335963825135863
Markieff Morris,Home,DAL,OKC,146,111,1,04492baf-7127-4f07-8b42-1bb5d47424a2,-1.8116910513644735,-1.7428340239631492,0.09873478374187467,-0.3326288988822158,-2.545338878897405,0.3760490528798697,0.18115165338742384,-2.797218790709896,-0.2918593781365396,-1.189345701899674,-0.07171754449906981,-2.7331050483039485,0.6954159844458441,-0.24750831568169968
Kyrie Irving,Home,DAL,WAS,112,104,1,ce6d51a9-c065-446d-94da-7fb71911937f,3.1334772264386195,0.762697753892115,-1.136945353347086,-0.01731755928058967,1.6140216134689538,1.2664562239344765,-1.0901703434512124,1.0115521779262044,-0.023494681485584958,2.06452314212697,-0.6431843369938934,1.7065100980806118,0.3120036461182779,-0.3307668736359752
Luka DonÄiÄ,Home,DAL,WAS,112,104,1,ce6d51a9-c065-446d-94da-7fb71911937f,2.700527017651534,5.754511760821205,-2.4212309208416265,-1.8815228169228038,3.3373981520702887,0.6555649223524216,-2.015906048526902,1.0558492477378987,0.16647745252484514,4.430686519994361,-0.9785682744837427,2.044538345878744,1.8514491745352937,0.25815467074466797
P.J. Washington,Home,DAL,WAS,112,104,1,ce6d51a9-c065-446d-94da-7fb71911937f,0.3820656727979707,0.37689674281876234,-1.1235483151362258,0.2961263139870355,0.005729412202516778,-0.7856699816151044,-0.9929685993041121,-0.41366297561633675,0.04742038226722509,0.20947250986517318,-0.07816320685157226,1.040649713797049,0.018708085113913753,0.6587683261970545
Josh Green,Home,DAL,WAS,112,104,1,ce6d51a9-c065-446d-94da-7fb71911937f,0.5039843427196539,1.102733396866842,1.932845317464868,0.2992719878156212,0.2919297520832301,0.7159786427375942,-0.16354239361741277,1.7198176686989757,-0.15310356506966033,1.0150219474553788,0.04770180410380308,0.7452069590487975,0.5790488589288375,-0.3492333825872962
Daniel Gafford,Home,DAL,WAS,112,104,1,ce6d51a9-c065-446d-94da-7fb71911937f,0.5708627919642427,1.3426645637314534,1.466959651941438,0.22623869183237783,9.429227421019808,4.4504110111435695,1.3116482221693253,0.3198346611665147,-1.478333486687732,0.8989523887721449,-0.23389520329739874,1.1439691455333945,0.36005593978393846,-1.3329915383248816
Maxi Kleber,Home,DAL,WAS,112,104,1,ce6d51a9-c065-446d-94da-7fb71911937f,-0.40328480200281047,-0.45962815603162693,-1.029149829077314,1.430405787667951,0.9684038326681444,0.51629918337287,-0.39863104671024474,0.40196923805457013,0.9489535456516954,-0.8279221508901242,0.22775913739188774,0.47016154959994116,0.3989542421927861,1.1918031154769264
Tim Hardaway Jr.,Home,DAL,WAS,112,104,1,ce6d51a9-c065-446d-94da-7fb71911937f,0.5963193750890919,0.4304534177050084,0.7325282469348198,0.6785881006747321,-0.11202169286544757,0.7641969042982408,-0.8983161084820308,-1.2097263604161432,0.9425941519349463,-1.189345701899674,-0.07171754449906981,0.6360758078980626,-1.3625079957066446,0.4496092335431367
Jaden Hardy,Home,DAL,WAS,112,104,1,ce6d51a9-c065-446d-94da-7fb71911937f,0.6970686948984897,-1.0496570883864096,-0.4034546631920935,0.4919212301923426,-0.7371731580403078,-0.5569327996081996,-0.44858972027502864,0.9473081883651163,0.7360239147283671,-1.189345701899674,-0.07171754449906981,0.795577438543763,0.09315184859381687,0.7838041724676096
Derrick Jones Jr.,Home,DAL,WAS,112,104,1,ce6d51a9-c065-446d-94da-7fb71911937f,-1.4748280993938419,0.3137735724549073,0.8731558067648124,1.9330050041501343,-0.5034042493141911,-0.2902161743429428,0.9288167231132405,-0.1412910430967002,-1.3269375451338759,-1.189345701899674,-0.07171754449906981,-0.38013691406792843,-0.7137748341430106,-0.12092614986796546
A.J. Lawson,Home,DAL,WAS,112,104,1,ce6d51a9-c065-446d-94da-7fb71911937f,-1.8116910513644735,-1.7428340239631492,0.09873478374187467,-0.3326288988822158,-2.012897115183321,0.044384254794607066,0.1487932302982314,-2.797218790709896,-0.2918593781365396,-1.189345701899674,-0.07171754449906981,-1.2930476810203975,-0.4309617677732705,0.5625813715937998
Olivier-Maxence Prosper,Home,DAL,WAS,112,104,1,ce6d51a9-c065-446d-94da-7fb71911937f,-1.8116910513644735,-1.7428340239631492,0.09873478374187467,-0.3326288988822158,-2.012897115183321,0.044384254794607066,0.1487932302982314,-2.797218790709896,-0.2918593781365396,-1.189345701899674,-0.07171754449906981,-1.287867068314187,-0.40509972264394,0.5399699443438751
Brandon Williams,Home,DAL,WAS,112,104,1,ce6d51a9-c065-446d-94da-7fb71911937f,-1.8116910513644735,-1.7428340239631492,0.09873478374187467,-0.3326288988822158,-2.012897115183321,0.044384254794607066,0.1487932302982314,-2.797218790709896,-0.2918593781365396,-1.189345701899674,-0.07171754449906981,-1.3021137532562654,-0.4762203467495988,0.602151369281168
Markieff Morris,Home,DAL,WAS,112,104,1,ce6d51a9-c065-446d-94da-7fb71911937f,-1.8116910513644735,-1.7428340239631492,0.09873478374187467,-0.3326288988822158,-2.545338878897405,0.3760490528798697,0.18115165338742384,-2.797218790709896,-0.2918593781365396,-1.189345701899674,-0.07171754449906981,-2.7331050483039485,0.6954159844458441,-0.24750831568169968
Dwight Powell,Home,DAL,WAS,112,104,1,ce6d51a9-c065-446d-94da-7fb71911937f,-1.8116910513644735,-1.7428340239631492,0.09873478374187467,-0.3326288988822158,-2.545338878897405,0.3760490528798697,0.18115165338742384,-2.797218790709896,-0.2918593781365396,-1.189345701899674,-0.07171754449906981,-2.7331050483039485,0.6954159844458441,-0.24750831568169968
Kyrie Irving,Home,DAL,SAS,116,93,1,dd1e5a2c-d4bb-4a3c-a992-9475a9d01679,5.046772804886497,2.5216214415029494,0.9483356370977482,-1.5872768384249971,2.338665083468527,-0.06553035095873477,-1.2204073306950134,2.2225888572654764,0.018275920838381362,-1.189345701899674,-0.07171754449906981,2.095808910279743,2.3057930266323674,-0.3699750169694801
Luka DonÄiÄ,Home,DAL,SAS,116,93,1,dd1e5a2c-d4bb-4a3c-a992-9475a9d01679,3.2239324471858524,4.4956829485983105,-0.39343895490661385,-0.2820894550032491,2.1983177637214943,-0.2409977380063419,-2.1741111398734447,0.8583651846120786,-0.2779955125955595,1.9725103712465784,-0.7059353430330123,2.238939112126332,1.762471182223083,1.0237208924237464
P.J. Washington,Home,DAL,SAS,116,93,1,dd1e5a2c-d4bb-4a3c-a992-9475a9d01679,-0.5483984178878539,-0.2533956242533694,-0.7378718938787749,0.3216803803099547,1.3158941025133974,0.44351553335063604,-0.5343019031937499,-0.7282768352242733,1.13367431389896,-0.5205031862123567,0.39621498945034156,0.6978793048558098,0.652626223156119,1.5366192053880197
Daniel Gafford,Home,DAL,SAS,116,93,1,dd1e5a2c-d4bb-4a3c-a992-9475a9d01679,-0.31912562759690344,0.7401636500550821,-1.3179513433740793,1.2194524001747868,3.7265519037242734,-0.17842835896941825,-0.38210552923385394,1.0651322946632749,-1.7895037791938981,-1.189345701899674,-0.07171754449906981,0.586690997497372,0.04997296794446836,0.007355074255174106
Josh Green,Home,DAL,SAS,116,93,1,dd1e5a2c-d4bb-4a3c-a992-9475a9d01679,-0.07567990025623045,-0.6227320503991752,-0.2915458353072664,-0.5972949746696516,-0.15853420581177313,-0.44429262441503037,0.6293245628776802,4.034524373450758,0.988110395694852,-1.189345701899674,-0.07171754449906981,0.2631702566783591,1.2196681387912138,0.3113634807243529
Tim Hardaway Jr.,Home,DAL,SAS,116,93,1,dd1e5a2c-d4bb-4a3c-a992-9475a9d01679,0.360205742927858,2.330140024680314,-0.7736717612832723,0.7732373054996494,-1.1316027086482359,-0.3256283564248816,-0.3203111192800714,1.0757978187313857,1.0481691304300131,-1.189345701899674,-0.07171754449906981,0.8060782180404269,0.5388720436490098,0.6423751090542984
Jaden Hardy,Home,DAL,SAS,116,93,1,dd1e5a2c-d4bb-4a3c-a992-9475a9d01679,0.8802505605178533,-1.3793053709608982,-0.06447364995525083,-0.6878291859411126,-0.48954609817935435,1.1341828218528196,-0.6743362568371327,0.7889297268895338,-0.15382572618684767,-1.189345701899674,-0.07171754449906981,0.9251125700558573,0.25197490571776454,0.37779904153018945
Derrick Jones Jr.,Home,DAL,SAS,116,93,1,dd1e5a2c-d4bb-4a3c-a992-9475a9d01679,-1.5617900070914978,-0.9074230546084676,-0.9085352358071767,1.3798234693640112,-0.19136106574138873,-0.43258411551214043,0.6078795632695786,-2.283452295550007,0.9036319200638515,-1.189345701899674,-0.07171754449906981,-0.12555567742126644,-0.27008632751143724,1.0261980950875458
Dereck Lively II,Home,DAL,SAS,116,93,1,dd1e5a2c-d4bb-4a3c-a992-9475a9d01679,-0.7765890159182838,-1.3764866072997182,-0.06593166277597905,-0.6910202942646124,3.202288332528979,5.668061228749245,-1.2614215770723205,0.9080522426213302,-1.6792700663996134,1.2368764500684897,0.16905092831209365,0.6821481097442121,2.239334945665522,1.19291146281276
Dwight Powell,Home,DAL,SAS,116,93,1,dd1e5a2c-d4bb-4a3c-a992-9475a9d01679,-1.430613286945763,-1.0196404495779336,-0.7340345405340832,1.0258747754140334,-0.2845757948335169,-0.8062605078815739,-0.5380777314381057,-0.11893803675160974,-1.3331912135461015,0.8688120862740984,1.5214642379691437,-0.1140930115877277,-1.2275292609316804,0.25668749919654255
Olivier-Maxence Prosper,Home,DAL,SAS,116,93,1,dd1e5a2c-d4bb-4a3c-a992-9475a9d01679,-1.4748280993938419,0.8615660887517885,2.5963033889435385,2.107806236364447,1.7679028801055048,2.905082421975843,1.5170225595870603,-0.11353864891847353,-1.3347243944310332,-1.189345701899674,-0.07171754449906981,0.1613485140084151,0.03223690122973663,-0.3634000552749754
A.J. Lawson,Home,DAL,SAS,116,93,1,dd1e5a2c-d4bb-4a3c-a992-9475a9d01679,-1.7477746060026107,-1.7428340239631492,0.09873478374187467,-0.3326288988822158,0.25707019851535,-1.1125434745148692,-0.6785799912235443,-2.797218790709896,-0.2918593781365396,-1.189345701899674,-0.07171754449906981,-0.7822482137943683,-0.9035171729386575,0.6074488948124337
Brandon Williams,Home,DAL,SAS,116,93,1,dd1e5a2c-d4bb-4a3c-a992-9475a9d01679,-1.683858160640748,-1.5364460173692835,0.0616998630418809,-0.12093052884928601,-2.018016747526725,0.047573339391580746,0.14910436898178134,-2.797218790709896,-0.2918593781365396,-1.189345701899674,-0.07171754449906981,-0.6047976019701342,-1.9169186564082745,1.4166398234197928
Markieff Morris,Home,DAL,SAS,116,93,1,dd1e5a2c-d4bb-4a3c-a992-9475a9d01679,-1.8116910513644735,-1.7428340239631492,0.09873478374187467,-0.3326288988822158,-2.545338878897405,0.3760490528798697,0.18115165338742384,-2.797218790709896,-0.2918593781365396,-1.189345701899674,-0.07171754449906981,-2.7331050483039485,0.6954159844458441,-0.24750831568169968
Luka DonÄiÄ,Home,DAL,PHO,123,113,1,2f4a655c-fb75-4770-ad32-467b258b8fa9,6.320083843505531,5.68949874366565,0.712683228477882,-1.4010603940243516,2.052255368156496,-1.7048369281024947,-2.030819954940866,1.7081347642443316,0.48343368560966926,3.365329111119829,-1.3163777663212866,2.541038316897216,1.5183737590990762,-0.7754229645532722
Kyrie Irving,Home,DAL,PHO,123,113,1,2f4a655c-fb75-4770-ad32-467b258b8fa9,4.225907689209116,0.6900365431251101,0.36654094048535274,-0.22853160304785008,0.5396229548710455,-0.8039013060800768,-0.16167794935824978,2.3222444423152235,0.5400481629465633,1.003931294100055,-0.39609862126392953,1.8341117382373107,1.7349567695113959,0.5200024047723835
P.J. Washington,Home,DAL,PHO,123,113,1,2f4a655c-fb75-4770-ad32-467b258b8fa9,1.0935510722550106,0.3512903280164717,0.5904495089322876,0.7543010298611567,1.8347444037792715,0.5156094718269495,0.2756581380287562,0.8688641879263183,0.8180296585699521,1.0756687296751093,-0.22205602641179778,1.0203954541831937,0.5282036610853676,0.60487069681238
Josh Green,Home,DAL,PHO,123,113,1,2f4a655c-fb75-4770-ad32-467b258b8fa9,0.7868333358878948,3.2264860128331287,0.8550289703635583,0.7762014885927574,-0.6933557606285937,-0.2564092683338036,0.686542664695079,1.6936833594525562,1.4859350969577854,-1.189345701899674,-0.07171754449906981,0.7066310022204363,0.46889382684642256,-0.12566651862720365
Dereck Lively II,Home,DAL,PHO,123,113,1,2f4a655c-fb75-4770-ad32-467b258b8fa9,-1.1576667803369942,-1.1334546731105135,-0.1219207501454394,-0.5208063324371792,2.7357210098478637,3.4776526736627407,2.223246040795097,1.14582674423143,-1.7849174205142881,0.6004012318191203,0.8702711583538645,-0.014295922411517255,0.035736979097774554,-0.45949910192464893
Tim Hardaway Jr.,Home,DAL,PHO,123,113,1,2f4a655c-fb75-4770-ad32-467b258b8fa9,1.5117606783763895,0.9856896428822378,1.614601565211463,1.3546497913771038,0.023858896490752693,-0.8678246032874767,-0.8774417259142926,0.07024021829646357,0.7886069214014754,0.18690342901009993,-0.13291818051291707,0.9782268279312683,-1.001344871362934,0.07338435747856135
Maxi Kleber,Home,DAL,PHO,123,113,1,2f4a655c-fb75-4770-ad32-467b258b8fa9,-0.0664218500321788,-0.4602399974290108,1.1814240695636018,-0.20604090208107506,-0.8619817575791979,-0.4907388871417061,-0.39023614038514653,0.682490685459475,0.39605067380999914,-1.189345701899674,-0.07171754449906981,0.45957268822452624,-0.007074132813535934,0.19957086873840663
Derrick Jones Jr.,Home,DAL,PHO,123,113,1,2f4a655c-fb75-4770-ad32-467b258b8fa9,-0.8180010950746135,-1.387761661944438,-0.060099611493066175,-0.6782558609706134,0.15472335299035472,1.4688316641436927,0.43409382508734096,1.0767709600084463,1.3601353754445158,0.6004012318191203,0.8702711583538645,0.12052631965634232,0.4954043374464309,0.45968980413952026
Daniel Gafford,Home,DAL,PHO,123,113,1,2f4a655c-fb75-4770-ad32-467b258b8fa9,-1.5709153562102955,0.17295379427965005,-1.059622026064796,1.5647958208120194,2.362647980782219,0.8539014391060757,0.8635268021824273,-0.7799539757970749,-0.8572410477286558,5.035457058720803,6.7250967967209245,0.047261979176388205,0.3006438781699351,1.0008698532701037
Jaden Hardy,Home,DAL,PHO,123,113,1,2f4a655c-fb75-4770-ad32-467b258b8fa9,-1.7477746060026107,-1.7428340239631492,0.09873478374187467,-0.3326288988822158,-1.8900259389416088,-0.03215377553276124,0.14132590189303315,-2.797218790709896,-0.2918593781365396,-1.189345701899674,-0.07171754449906981,0.04993191425076511,-4.023084570752057,2.9227997270634924
Dwight Powell,Home,DAL,PHO,123,113,1,2f4a655c-fb75-4770-ad32-467b258b8fa9,-1.8116910513644735,-1.7428340239631492,0.09873478374187467,-0.3326288988822158,-1.8900259389416088,-0.03215377553276124,0.14132590189303315,-2.797218790709896,-0.2918593781365396,-1.189345701899674,-0.07171754449906981,-1.2939481575026424,-0.6420813095222462,0.3749453165029406
Olivier-Maxence Prosper,Home,DAL,PHO,123,113,1,2f4a655c-fb75-4770-ad32-467b258b8fa9,-1.8116910513644735,-1.7428340239631492,0.09873478374187467,-0.3326288988822158,-1.8900259389416088,-0.03215377553276124,0.14132590189303315,-2.797218790709896,-0.2918593781365396,-1.189345701899674,-0.07171754449906981,-1.2771111662074588,-0.5580296628519221,0.3014581779406853
Markieff Morris,Home,DAL,PHO,123,113,1,2f4a655c-fb75-4770-ad32-467b258b8fa9,-1.8116910513644735,-1.7428340239631492,0.09873478374187467,-0.3326288988822158,-2.545338878897405,0.3760490528798697,0.18115165338742384,-2.797218790709896,-0.2918593781365396,-1.189345701899674,-0.07171754449906981,-2.7331050483039485,0.6954159844458441,-0.24750831568169968
Luka DonÄiÄ,Away,DAL,IND,111,133,0,e9cb0f70-03c2-404e-a691-f0f06cb70bd8,4.213571211773563,2.891977537649844,-0.7554129722078864,-0.2828599039902185,2.0284657762440244,1.418036887767823,-1.0653034563280388,1.2971966562777497,0.45098923838251803,4.812561020950996,-1.4506295220681813,1.9472706522471617,-0.3649468359428298,-1.7445547249806195
Josh Green,Away,DAL,IND,111,133,0,e9cb0f70-03c2-404e-a691-f0f06cb70bd8,0.929144218481189,1.1323872382211457,1.2160861846221755,1.1768712011390152,0.8076204876915236,-0.68077428996919,0.6603713036898763,2.787380318082793,0.24096028781175932,-1.189345701899674,-0.07171754449906981,0.6691609396247614,-0.6883564020852276,-1.5794137959989396
Kyrie Irving,Away,DAL,IND,111,133,0,e9cb0f70-03c2-404e-a691-f0f06cb70bd8,3.718215626831152,-0.6794519737690506,-0.520291108495609,-0.6510427102442017,1.0629275392446162,-1.3495982550726944,-1.4370716761128248,0.9802519327241954,0.2208097208926244,2.928192830761631,-1.0470606211800069,1.5900279443560734,-1.0400993427674226,-1.4718820244962005
P.J. Washington,Away,DAL,IND,111,133,0,e9cb0f70-03c2-404e-a691-f0f06cb70bd8,-0.8529578572986408,2.51661638079756,0.25351640025662264,2.852696532802606,1.0915312542804603,-1.365472609287239,-1.4589660288132462,-1.5817445447606648,0.6099280721671043,-1.189345701899674,-0.07171754449906981,0.3821102888064281,-1.901009717228928,-0.6299197255209413
Dereck Lively II,Away,DAL,IND,111,133,0,e9cb0f70-03c2-404e-a691-f0f06cb70bd8,-1.201881592785073,2.698958823456251,6.733557353481596,1.5471440930537415,0.35713072882878677,-0.7479460000869923,0.460024935646613,0.7873675863247781,-1.684394497657458,-0.7207190168285263,0.4878452622832755,0.05611806245319657,0.7916529611598302,0.3495561546708638
Maxi Kleber,Away,DAL,IND,111,133,0,e9cb0f70-03c2-404e-a691-f0f06cb70bd8,-0.8622159075226923,-1.4300431168621368,-0.038229419182143155,-0.6303892361181173,-1.3024861679415947,-0.30897094945013426,-0.1463073101444954,0.9309629684281067,1.4010336120935205,-1.189345701899674,-0.07171754449906981,-0.06336554354671178,-0.7600690285064773,-0.5185642925355815
Tim Hardaway Jr.,Away,DAL,IND,111,133,0,e9cb0f70-03c2-404e-a691-f0f06cb70bd8,1.4375137774933648,0.32932173672576603,-1.5688003002413207,1.0716360039429442,0.3459608769754817,0.6112831480524828,-1.0448649395667753,0.39550644284884434,1.1049083747002115,-1.189345701899674,-0.07171754449906981,0.8442391581282408,-1.7496186016177753,-0.4810550459192528
Daniel Gafford,Away,DAL,IND,111,133,0,e9cb0f70-03c2-404e-a691-f0f06cb70bd8,-0.5920721342056724,-1.3300580107754179,0.02466494234188713,0.0907678411836438,2.1847754345209207,0.8598031944879928,1.7267465867740475,0.8220580790475616,-1.694128059278905,-0.5205031862123567,0.39621498945034156,0.004956839902951131,-1.7032280628668495,-1.4369200793616699
Derrick Jones Jr.,Away,DAL,IND,111,133,0,e9cb0f70-03c2-404e-a691-f0f06cb70bd8,-1.8116910513644735,0.09056364465331625,-2.460428085769222,4.52760718755915,0.4763318515059587,-0.8277918115987118,0.4400933500360384,-2.3878709765810524,-0.4067154052696116,-1.189345701899674,-0.07171754449906981,-0.5950179279083242,-0.7851673061955259,0.10096384513579122
Jaden Hardy,Away,DAL,IND,111,133,0,e9cb0f70-03c2-404e-a691-f0f06cb70bd8,-0.2524064489432917,-0.8719279119485118,-0.32691595768632764,-1.2622286841710666,-1.8490688801943715,-0.05766645230855067,0.13883679242463373,1.2486294239700346,0.3223547693055091,-1.189345701899674,-0.07171754449906981,0.590176603844987,-0.22902768607299978,-0.23418662504616974
Markieff Morris,Away,DAL,IND,111,133,0,e9cb0f70-03c2-404e-a691-f0f06cb70bd8,-1.8116910513644735,-1.7428340239631492,0.09873478374187467,-0.3326288988822158,-1.8490688801943715,-0.05766645230855067,0.13883679242463373,-2.797218790709896,-0.2918593781365396,-1.189345701899674,-0.07171754449906981,-1.167605968957397,-0.5425905016335814,0.3857098440758407
Dwight Powell,Away,DAL,IND,111,133,0,e9cb0f70-03c2-404e-a691-f0f06cb70bd8,-1.8116910513644735,0.4781680224667123,-1.0004288786383249,-2.734316884454873,-1.8490688801943715,-0.05766645230855067,0.13883679242463373,-1.1737037312836338,-0.747390062020249,-1.189345701899674,-0.07171754449906981,-0.8684255851737491,0.9509426045852539,-0.9201000796073104
Luka DonÄiÄ,Away,DAL,CLE,119,121,0,9b9b7dd4-ef11-4d44-bfce-d62f7e99fc79,6.986577293073817,4.859168094658197,1.094706256671387,-3.131046968784434,1.9607268116903618,-1.6574603483793908,-2.0039669946895433,1.9952181471066774,0.28918143140885016,2.3983621111772395,-1.0026299750049645,2.7127607840923176,2.0881605634729987,-0.8033699666031129
Kyrie Irving,Away,DAL,CLE,119,121,0,9b9b7dd4-ef11-4d44-bfce-d62f7e99fc79,4.7742216101791195,1.1440881650678039,-0.1865345193046265,0.21139593483153524,1.382305251201773,0.35304032113265943,-0.7238783819583383,1.3875711916183677,0.5701414561269177,0.49989380977860437,-0.28909086233306475,1.90061128786462,-0.6129367275597081,-0.9272626697242272
P.J. Washington,Away,DAL,CLE,119,121,0,9b9b7dd4-ef11-4d44-bfce-d62f7e99fc79,0.41555471782349634,1.2681133766140507,3.0744587120656117,0.12801838812103922,-0.5151741090434663,0.9647452005069282,-0.6479389555787542,1.5599176357402242,-0.10827734809422018,-0.8883750460376418,0.08109402937042842,1.0757883522919984,1.187245292652666,0.7669000097809942
Josh Green,Away,DAL,CLE,119,121,0,9b9b7dd4-ef11-4d44-bfce-d62f7e99fc79,0.2416309024281842,1.6954839670856885,4.736100210882729,0.41396221647543174,-1.4436697623315233,-0.22128468354319436,-0.11416991880089367,0.25760423620433465,0.766230426622234,-1.189345701899674,-0.07171754449906981,0.48438469716832144,-0.7812582631871322,-0.8568655021503497
Dereck Lively II,Away,DAL,CLE,119,121,0,9b9b7dd4-ef11-4d44-bfce-d62f7e99fc79,-0.6756902124813191,-1.5364460173692835,0.0616998630418809,-0.12093052884928601,3.0107894497395646,2.3234363223922676,-0.03893958152279398,2.271615211854043,-2.294017866797589,0.9675024801039542,1.3525952223071271,0.25734411413922015,-0.2998896192850253,-0.48115281985718034
Maxi Kleber,Away,DAL,CLE,119,121,0,9b9b7dd4-ef11-4d44-bfce-d62f7e99fc79,-0.8180010950746135,-1.0482735039473847,-0.0962611195541204,-0.17189030449376042,2.4302621400644853,0.12561703630249005,-1.0301746279847526,1.0282042701965497,1.3737623617145411,0.6004012318191203,0.8702711583538645,0.18142215811831677,-0.39174484239043433,-0.15051324203651176
Tim Hardaway Jr.,Away,DAL,CLE,119,121,0,9b9b7dd4-ef11-4d44-bfce-d62f7e99fc79,-0.9519805485120975,-1.2490239832188905,-0.06214222449558306,-0.3899708911736897,0.39311161249723653,1.037175094829091,0.02946747850557863,-0.2713156155988854,-0.696622679999212,-1.189345701899674,-0.07171754449906981,0.3642052640612649,0.12176481259854327,0.9583972103893581
Derrick Jones Jr.,Away,DAL,CLE,119,121,0,9b9b7dd4-ef11-4d44-bfce-d62f7e99fc79,-1.2446286880346502,-1.0989407420230228,-0.6107207158744306,0.7757510316893822,-1.8490688801943715,-0.05766645230855067,0.13883679242463373,-0.6728396610239628,-0.18872678502186813,0.6004012318191203,0.8702711583538645,0.042136416720084294,-1.9335724293187875,0.9344719557593867
Daniel Gafford,Away,DAL,CLE,119,121,0,9b9b7dd4-ef11-4d44-bfce-d62f7e99fc79,-1.201881592785073,-1.3300580107754179,0.02466494234188713,0.0907678411836438,0.5618293850646771,-1.3197313237740815,-0.8358601067093903,0.907321634920476,-1.717977009245091,-1.189345701899674,-0.07171754449906981,-0.16756984909545547,-1.1232457177916009,0.060258265023734034
Jaden Hardy,Away,DAL,CLE,119,121,0,9b9b7dd4-ef11-4d44-bfce-d62f7e99fc79,-1.1028589015716161,-0.6458085597263866,-0.37415696813141885,-1.0728680724026347,-1.8593081448811808,-0.05128828311460331,0.1394590697917336,-0.9658955695602442,0.3890129050516174,-1.189345701899674,-0.07171754449906981,0.26434593493624803,-2.7283353634439296,0.8286527337688632
Markieff Morris,Away,DAL,CLE,119,121,0,9b9b7dd4-ef11-4d44-bfce-d62f7e99fc79,-1.8116910513644735,-1.7428340239631492,0.09873478374187467,-0.3326288988822158,-2.545338878897405,0.3760490528798697,0.18115165338742384,-2.797218790709896,-0.2918593781365396,-1.189345701899674,-0.07171754449906981,-2.7331050483039485,0.6954159844458441,-0.24750831568169968
Dwight Powell,Away,DAL,CLE,119,121,0,9b9b7dd4-ef11-4d44-bfce-d62f7e99fc79,-1.8116910513644735,-1.7428340239631492,0.09873478374187467,-0.3326288988822158,-2.545338878897405,0.3760490528798697,0.18115165338742384,-2.797218790709896,-0.2918593781365396,-1.189345701899674,-0.07171754449906981,-2.7331050483039485,0.6954159844458441,-0.24750831568169968
Luka DonÄiÄ,Away,DAL,TOR,136,125,1,7aff5ae5-bb42-4e8b-b957-2bed190b69bb,3.5483262206156767,6.514685495571143,-1.324847118055512,-1.992060812877283,3.308135251837342,-1.933926128253893,-1.7553074477298034,0.5890755868823754,-0.2999328543145644,3.6042116223583944,-1.2287280432259662,2.2074945865208186,0.8691049717800303,0.07720161732554401
Kyrie Irving,Away,DAL,TOR,136,125,1,7aff5ae5-bb42-4e8b-b957-2bed190b69bb,3.3285703919462173,1.6416132540213837,1.3505304153705702,0.42235018399797913,-1.0881153983209204,0.9933749904728231,-0.34716394766567926,1.281808488061116,-0.18730065242028468,2.461233122130658,-0.8500982626626469,1.5712761014681746,0.06371557738145077,-0.4541548778884539
P.J. Washington,Away,DAL,TOR,136,125,1,7aff5ae5-bb42-4e8b-b957-2bed190b69bb,3.8357213581939207,-0.6960328014339684,-0.6615350310353303,0.6847538724133304,2.4370934019955053,2.9468694675962714,-0.23602488847955022,1.9120276440122004,0.8801750253031687,-1.189345701899674,-0.07171754449906981,1.2461607860719557,0.07667869176455436,-0.6385024201170175
Josh Green,Away,DAL,TOR,136,125,1,7aff5ae5-bb42-4e8b-b957-2bed190b69bb,-0.46720124736467317,-0.10181615112457573,-1.288777061194597,1.4921216190923594,1.143517831864933,-0.7783157577065626,0.5793948337919663,1.2762704301912724,1.0469531235513818,-1.189345701899674,-0.07171754449906981,0.43401799294861676,-0.24779551416776277,0.15965001191444628
Dereck Lively II,Away,DAL,TOR,136,125,1,7aff5ae5-bb42-4e8b-b957-2bed190b69bb,-0.6756902124813191,0.2947188244267099,2.442486517471526,0.01618238689353654,2.6553812719803718,6.296399829027894,-1.305013451470038,2.6556127196732753,-2.4016387987842878,0.46579278529064777,0.543696851159415,0.3512866486520333,0.7988986281128754,-0.8120217149578925
Tim Hardaway Jr.,Away,DAL,TOR,136,125,1,7aff5ae5-bb42-4e8b-b957-2bed190b69bb,2.5917219626060786,0.07111835099889863,-0.5310665336396136,-0.824752971257037,0.02780146872962992,-0.8678681741857271,-0.8561399956190483,1.2303033217866226,1.3307360017520686,1.0385909539846319,-0.3120106259982929,1.0775998705636072,0.7465105824680973,0.778417349495864
Daniel Gafford,Away,DAL,TOR,136,125,1,7aff5ae5-bb42-4e8b-b957-2bed190b69bb,-0.06588075390191851,2.0108427609253967,-0.7041100075601059,2.6432992412911003,2.7641821136027067,0.6820459258380223,2.2368702197697368,1.6887105726032936,-2.047357327278716,0.5813037085772613,-0.09158185019749959,0.808665544975349,0.36865698336428715,0.785024193684316
Dante Exum,Away,DAL,TOR,136,125,1,7aff5ae5-bb42-4e8b-b957-2bed190b69bb,-1.0039856939857263,0.3551033621603807,-0.7228506235695146,-1.535251502906352,-0.13156101007654797,-0.8418673350749958,-0.6976397366942504,2.7429295125902864,1.4953964078067856,0.8688120862740984,1.5214642379691437,-0.04970642617026306,0.5804598294264898,0.18228629315702133
Derrick Jones Jr.,Away,DAL,TOR,136,125,1,7aff5ae5-bb42-4e8b-b957-2bed190b69bb,-0.28121664845356037,-1.1729173643670325,-0.1015085706552446,-0.4761308159081829,1.792563890779255,-1.7478660630687552,-1.584591894386323,0.7866403046910612,1.1861464511581068,-1.189345701899674,-0.07171754449906981,0.20914421310097117,0.6768009732415038,1.2610560998938967
A.J. Lawson,Away,DAL,TOR,136,125,1,7aff5ae5-bb42-4e8b-b957-2bed190b69bb,-1.5387445447557047,-1.7428340239631492,0.09873478374187467,-0.3326288988822158,6.097786920912665,-1.7429237437087144,10.424287158691845,2.889294025922556,-2.4671381776428376,-1.189345701899674,-0.07171754449906981,2.5410895254531525,3.8869367635433516,-3.933734143119512
Olivier-Maxence Prosper,Away,DAL,TOR,136,125,1,7aff5ae5-bb42-4e8b-b957-2bed190b69bb,-1.6257064524533607,-1.7428340239631492,0.09873478374187467,-0.3326288988822158,-1.900265203628418,-0.025775606338813883,0.141948179260133,-2.158219318885292,2.2081391084244464,-1.189345701899674,-0.07171754449906981,0.62296767097877,-5.68848544559126,4.438146796165106
Jaden Hardy,Away,DAL,TOR,136,125,1,7aff5ae5-bb42-4e8b-b957-2bed190b69bb,-1.8116910513644735,-1.7428340239631492,0.09873478374187467,-0.3326288988822158,-2.545338878897405,0.3760490528798697,0.18115165338742384,-2.797218790709896,-0.2918593781365396,-1.189345701899674,-0.07171754449906981,-2.7331050483039485,0.6954159844458441,-0.24750831568169968
Markieff Morris,Away,DAL,TOR,136,125,1,7aff5ae5-bb42-4e8b-b957-2bed190b69bb,-1.8116910513644735,-1.7428340239631492,0.09873478374187467,-0.3326288988822158,-2.545338878897405,0.3760490528798697,0.18115165338742384,-2.797218790709896,-0.2918593781365396,-1.189345701899674,-0.07171754449906981,-2.7331050483039485,0.6954159844458441,-0.24750831568169968
Dwight Powell,Away,DAL,TOR,136,125,1,7aff5ae5-bb42-4e8b-b957-2bed190b69bb,-1.8116910513644735,-1.7428340239631492,0.09873478374187467,-0.3326288988822158,-2.545338878897405,0.3760490528798697,0.18115165338742384,-2.797218790709896,-0.2918593781365396,-1.189345701899674,-0.07171754449906981,-2.7331050483039485,0.6954159844458441,-0.24750831568169968
Kyrie Irving,Away,DAL,BOS,110,138,0,eac0addb-ddc8-4139-a949-17ed2ef5728f,2.6986942574360624,-0.5644132358565237,-0.5147336211017676,-0.31668870945428146,0.2740470296092849,-0.4601835630140795,0.8731269198890177,-0.07880874038102176,-0.1386645083369909,-1.189345701899674,-0.07171754449906981,1.4063897391201874,-1.60092222745882,-0.8494983786864375
Luka DonÄiÄ,Away,DAL,BOS,110,138,0,eac0addb-ddc8-4139-a949-17ed2ef5728f,4.990221515002866,3.129575444139737,-2.157922866925852,-2.4242578300147084,3.9554805687210193,-1.774741936331515,-0.21463359606966623,1.3846042279827508,-0.061460415963867636,3.064767038883932,-1.124019502481909,2.034153331809569,-0.327655204625768,-2.643046428919904
P.J. Washington,Away,DAL,BOS,110,138,0,eac0addb-ddc8-4139-a949-17ed2ef5728f,2.6864742033292845,-1.3300580107754179,0.02466494234188713,0.0907678411836438,2.0934167202516334,0.24347104100349842,-0.12112518661025903,0.8881604991002352,0.6915867365992969,-1.189345701899674,-0.07171754449906981,0.9454141245366101,-1.4874836052378266,-1.697165987706104
Josh Green,Away,DAL,BOS,110,138,0,eac0addb-ddc8-4139-a949-17ed2ef5728f,-1.0389424562097536,-0.7580327061358116,-0.22156121991231253,-0.4441217751416638,-0.16772771857501556,-0.5330846145669424,0.3030723285299963,-1.172583947265371,0.20806406495533084,-1.189345701899674,-0.07171754449906981,0.05065680703105629,-1.5629882996340538,-0.722093959260014
Dereck Lively II,Away,DAL,BOS,110,138,0,eac0addb-ddc8-4139-a949-17ed2ef5728f,0.1431493073449877,0.20949503193886113,2.579689286427556,-0.2354066719624862,1.1207470138552704,0.9589540079906806,0.7850121018874072,2.725209549408141,-2.421140477705038,0.29330052446973087,0.12521240960485125,0.49058066259239586,-0.0157985108615995,-1.9765648290274545
Maxi Kleber,Away,DAL,BOS,110,138,0,eac0addb-ddc8-4139-a949-17ed2ef5728f,-1.5814916400052819,-0.03195587746217083,-1.263736128038676,1.0365427212078033,-0.6397446382073739,-0.6281322691844811,-0.4442430133721831,-1.3292841530090207,1.9757846056921595,1.674850688241,3.476999011588601,-0.22701392232845177,-0.9057994146756809,-0.11879458257683896
Tim Hardaway Jr.,Away,DAL,BOS,110,138,0,eac0addb-ddc8-4139-a949-17ed2ef5728f,0.38471892246215283,-1.0092588261974018,-0.4662749134904072,0.6193427600143347,1.111565658190467,-1.4432070507433947,-1.3174158188560243,1.7926786743208498,1.0624862693824049,1.1828718637367073,0.03803009847959003,0.18561961289555706,-1.415943039934644,-1.4712514542998365
Dante Exum,Away,DAL,BOS,110,138,0,eac0addb-ddc8-4139-a949-17ed2ef5728f,-1.0725809848628458,-1.1390922004328734,-0.11900472450398308,-0.5144241157901798,-0.4057773789455557,-0.7638625526747859,-0.5197492525382782,-1.0426669221316343,-0.3641252481855704,1.2368764500684897,0.16905092831209365,0.08232668709183769,-0.8837659704611148,0.6517607113286561
Derrick Jones Jr.,Away,DAL,BOS,110,138,0,eac0addb-ddc8-4139-a949-17ed2ef5728f,-1.703559793554532,1.1990301582826621,1.6513468090260552,1.4098243334297034,-1.8746670419113949,-0.04172102932368227,0.14039248584238337,-2.058478905912862,-0.49890662065306507,1.674850688241,3.476999011588601,-0.2984082862705443,-1.162906998887279,-0.24365808411400355
Daniel Gafford,Away,DAL,BOS,110,138,0,eac0addb-ddc8-4139-a949-17ed2ef5728f,-1.8116910513644735,-1.7428340239631492,0.09873478374187467,-0.3326288988822158,1.9358131820179032,2.257095018613001,-1.6749386425909223,-2.797218790709896,-0.2918593781365396,-1.189345701899674,-0.07171754449906981,-1.0011675496467491,-0.23116565285070506,0.09064266311553731
Jaden Hardy,Away,DAL,BOS,110,138,0,eac0addb-ddc8-4139-a949-17ed2ef5728f,-1.288843500482729,-1.0316103050413432,-0.7154211330382867,0.988120248059369,-1.7927529244169202,-0.09274638287526113,0.13541426690558453,-0.8314168275605927,-0.14427954380792882,-1.189345701899674,-0.07171754449906981,0.5627960208863035,-2.6707554851379807,1.5684314308278131
Olivier-Maxence Prosper,Away,DAL,BOS,110,138,0,eac0addb-ddc8-4139-a949-17ed2ef5728f,-1.4748280993938419,0.5880935482176637,4.859892646457136,0.6833339639102837,-0.09889888625909676,-1.004585302342396,-0.5639971490200585,0.01828522342810332,-1.371711928592531,-1.189345701899674,-0.07171754449906981,0.04331751259994195,0.07760438442357864,-0.6183855610838062
Dwight Powell,Away,DAL,BOS,110,138,0,eac0addb-ddc8-4139-a949-17ed2ef5728f,-1.8116910513644735,-1.5364460173692835,0.0616998630418809,-0.12093052884928601,-0.266248331680107,5.177185297767019,-0.9038517871568896,-2.797218790709896,-0.2918593781365396,-1.189345701899674,-0.07171754449906981,-1.1289181966689237,-0.4326534323105028,0.043837280495086076
Markieff Morris,Away,DAL,BOS,110,138,0,eac0addb-ddc8-4139-a949-17ed2ef5728f,-1.8116910513644735,-1.7428340239631492,0.09873478374187467,-0.3326288988822158,-2.545338878897405,0.3760490528798697,0.18115165338742384,-2.797218790709896,-0.2918593781365396,-1.189345701899674,-0.07171754449906981,-2.7331050483039485,0.6954159844458441,-0.24750831568169968
Luka DonÄiÄ,Home,DAL,PHI,116,120,0,b33117d0-033c-40c7-884c-968b5cadf73c,5.544681998686628,5.134698048637517,-2.407557678244422,-0.8745062133931997,3.054908366597284,-1.5806743345791592,-0.679744721391561,1.2623997913026852,0.1770412848918033,2.887084862061319,-1.146792894634599,2.5301301550478725,0.892201871881321,-0.25270956364291663
Kyrie Irving,Home,DAL,PHI,116,120,0,b33117d0-033c-40c7-884c-968b5cadf73c,4.310993484683264,1.720166202863366,-0.6635761242122137,0.007090599924852769,0.23794298276376932,-0.92468772791858,-1.0253477758313931,1.5271053044967562,0.68535839565257,1.4837876203624987,-0.561772423403378,1.702172902399125,-0.30267458526021296,-1.145511515538355
P.J. Washington,Home,DAL,PHI,116,120,0,b33117d0-033c-40c7-884c-968b5cadf73c,0.8788889749388825,0.7938458039776923,0.0948416351291734,0.6781693361013457,0.22995219105125805,-0.4016738383980275,1.0005566851893268,0.24716058194221133,0.883054182299174,3.191767453604808,-0.4076007502064444,1.15628622140789,0.07218487357846516,0.2278232351489349
Josh Green,Home,DAL,PHI,116,120,0,b33117d0-033c-40c7-884c-968b5cadf73c,-0.2524064489432917,0.7417081417302739,0.29961312083826164,1.2277034619691922,1.8960839308032074,-1.102183530207581,0.8631491318631382,1.1098674530789012,0.3612890157912962,-1.189345701899674,-0.07171754449906981,0.3324719997425137,-0.5879074504788038,-0.6176927127586026
Dereck Lively II,Home,DAL,PHI,116,120,0,b33117d0-033c-40c7-884c-968b5cadf73c,-1.201881592785073,0.00032972792798505825,-0.9005957365382555,2.046612098224018,0.9029277654247905,1.3581825802944874,1.4059423070752035,0.8379406494749091,-1.6985098860021974,-1.189345701899674,-0.07171754449906981,-0.18844901441393344,-1.0021796785946624,-0.1659059500398526
Derrick Jones Jr.,Home,DAL,PHI,116,120,0,b33117d0-033c-40c7-884c-968b5cadf73c,2.448334975316976,-1.5364460173692835,0.0616998630418809,-0.12093052884928601,2.677687273173391,0.5114077802895101,1.1546428130228117,4.1135955835831055,1.0989450065618327,1.0692912749824055,0.1006169726931843,0.9954219423049758,1.275509800551682,-1.099402204430116
Maxi Kleber,Home,DAL,PHI,116,120,0,b33117d0-033c-40c7-884c-968b5cadf73c,-1.3512922286460902,-0.3086127653527414,-0.31458522798176675,-0.06220944328130087,0.6278262858368319,-1.148919066175616,-1.135525140875507,-0.8555230526891487,1.8429255248454124,1.7204996112486304,1.342371792483768,0.19599333300581262,0.3870436942312897,0.7716139883637065
Tim Hardaway Jr.,Home,DAL,PHI,116,120,0,b33117d0-033c-40c7-884c-968b5cadf73c,-0.3589205059271647,-1.3172925704149399,-0.09654993201127136,-0.758033569058107,-1.8593081448811808,-0.05128828311460331,0.1394590697917336,-1.5030836065940363,1.2820289519815724,-1.189345701899674,-0.07171754449906981,0.12736420960677072,-1.9771068454780316,0.8281581312268754
Daniel Gafford,Home,DAL,PHI,116,120,0,b33117d0-033c-40c7-884c-968b5cadf73c,-1.7477746060026107,0.9798865037075399,3.7903871110759315,1.023324658590337,1.148411157031803,-1.0800661057260634,0.39331148880853667,-2.3184899911354857,-0.42618252851250515,-1.189345701899674,-0.07171754449906981,-0.6782430163207694,-0.9047655802711193,-0.5074809652841641
Dante Exum,Home,DAL,PHI,116,120,0,b33117d0-033c-40c7-884c-968b5cadf73c,-1.7674762389163947,-0.6096728999561513,-1.3715437472651182,2.3189673373112867,-1.8593081448811808,-0.05128828311460331,0.1394590697917336,-1.6372449213093652,-0.6168359055305659,0.06277348430719713,-0.43407053565031345,-0.6336624500700143,-1.1846928813899031,0.4466324959314098
Jaden Hardy,Home,DAL,PHI,116,120,0,b33117d0-033c-40c7-884c-968b5cadf73c,-1.8116910513644735,-1.7428340239631492,0.09873478374187467,-0.3326288988822158,-2.545338878897405,0.3760490528798697,0.18115165338742384,-2.797218790709896,-0.2918593781365396,-1.189345701899674,-0.07171754449906981,-2.7331050483039485,0.6954159844458441,-0.24750831568169968
Markieff Morris,Home,DAL,PHI,116,120,0,b33117d0-033c-40c7-884c-968b5cadf73c,-1.8116910513644735,-1.7428340239631492,0.09873478374187467,-0.3326288988822158,-2.545338878897405,0.3760490528798697,0.18115165338742384,-2.797218790709896,-0.2918593781365396,-1.189345701899674,-0.07171754449906981,-2.7331050483039485,0.6954159844458441,-0.24750831568169968
Dwight Powell,Home,DAL,PHI,116,120,0,b33117d0-033c-40c7-884c-968b5cadf73c,-1.8116910513644735,-1.7428340239631492,0.09873478374187467,-0.3326288988822158,-2.545338878897405,0.3760490528798697,0.18115165338742384,-2.797218790709896,-0.2918593781365396,-1.189345701899674,-0.07171754449906981,-2.7331050483039485,0.6954159844458441,-0.24750831568169968
Olivier-Maxence Prosper,Home,DAL,PHI,116,120,0,b33117d0-033c-40c7-884c-968b5cadf73c,-1.8116910513644735,-1.7428340239631492,0.09873478374187467,-0.3326288988822158,-2.545338878897405,0.3760490528798697,0.18115165338742384,-2.797218790709896,-0.2918593781365396,-1.189345701899674,-0.07171754449906981,-2.7331050483039485,0.6954159844458441,-0.24750831568169968
Luka DonÄiÄ,Home,DAL,IND,120,137,0,a56c9f6f-20a1-4d98-abb7-315cea20c83b,6.267451044218793,4.092543976001748,-2.8645962576009385,-1.0715251433005237,2.3972057358314056,-1.8454862252850524,-2.2153381002420915,1.0203793024463939,0.21346883417309095,2.4195838560236234,-1.0298917321339809,2.2163864301124914,-1.015475198090862,-1.8687603560699564
P.J. Washington,Home,DAL,IND,120,137,0,a56c9f6f-20a1-4d98-abb7-315cea20c83b,2.701729332639528,-0.04177337733663079,0.7703660067180648,-0.7130055684067408,1.8791557903544411,0.02578446982505076,-0.9455525729521365,2.3611039558904134,0.8548479091736564,1.0490694558102016,-0.28658867394123994,1.0927357177915442,0.026904144835320148,-1.5384624668983755
Kyrie Irving,Home,DAL,IND,120,137,0,a56c9f6f-20a1-4d98-abb7-315cea20c83b,3.2641128504540946,-0.2839540110198125,-0.37223213840467284,-0.4791260091686395,1.642098133422623,-1.0325488151735078,0.21025558693355947,0.8788860514554417,0.4659932799841347,1.9813767958682142,-0.6844244605231983,1.2445520212777432,-1.3339177913501037,-1.644370901402798
Josh Green,Home,DAL,IND,120,137,0,a56c9f6f-20a1-4d98-abb7-315cea20c83b,-0.6151175965414658,0.6462400691478328,0.26282250800624263,1.84464464352927,-0.12705217467019486,1.1238932840897298,0.3375069369033742,-0.3789470834788997,-0.8359551650986554,-1.189345701899674,-0.07171754449906981,0.3562247933851117,-1.2434647023771945,-0.2009989811551803
Dereck Lively II,Home,DAL,IND,120,137,0,a56c9f6f-20a1-4d98-abb7-315cea20c83b,-1.683858160640748,-0.2882590348268706,-1.019639997907158,2.0149185794628006,-0.9424296735356678,-0.12607970729075135,1.1780369856208834,-2.5960139329177525,-0.3483140355409309,-1.189345701899674,-0.07171754449906981,-0.5017506224682208,-1.76432800634861,0.5349742134030832
Daniel Gafford,Home,DAL,IND,120,137,0,a56c9f6f-20a1-4d98-abb7-315cea20c83b,0.18736411979306644,0.2787598585131814,1.05656234547014,-0.44368234942963064,5.998244117239607,2.747035185163476,-0.2655047856757083,2.527577576351981,-2.3657593955090785,1.366441021168645,0.5427377007390443,0.7408928915765213,0.759320539502641,-1.5822835078829467
Dante Exum,Home,DAL,IND,120,137,0,a56c9f6f-20a1-4d98-abb7-315cea20c83b,-1.450314919859547,0.36887504902149937,1.335630734301537,-0.3511438776068303,-0.48377494030156193,-0.7137067953009449,-0.4951682971087762,3.1034479289120727,-2.527170636010377,2.526538213215532,3.2979065661032254,-0.19632380599371482,0.49871429454493493,0.15984921618220088
Maxi Kleber,Home,DAL,IND,120,137,0,a56c9f6f-20a1-4d98-abb7-315cea20c83b,-1.253737254631135,-1.1236700041815522,-0.012369978358106642,0.30246621121657363,-1.129095526181803,-0.4090249332837915,-0.18153647693769867,-2.158219318885292,2.2081391084244464,-1.189345701899674,-0.07171754449906981,-0.4930219527337468,-1.70652227685681,0.4850583861342092
Tim Hardaway Jr.,Home,DAL,IND,120,137,0,a56c9f6f-20a1-4d98-abb7-315cea20c83b,0.3371602805920647,-1.0883544545316348,-0.14524895527709072,-0.5718640656131752,-0.856953334761963,-0.14117761585919775,1.311476159704897,0.15721696172263863,1.3249574228956198,-1.189345701899674,-0.07171754449906981,0.3832781353170663,-1.1294778365689053,0.1918520750002757
Derrick Jones Jr.,Home,DAL,IND,120,137,0,a56c9f6f-20a1-4d98-abb7-315cea20c83b,-1.5387445447557047,0.00538353860526396,-1.5454478947630816,1.9191407361911703,-1.1104310047712223,2.121950827625635,-0.31752644244737765,2.1538555801995485,-2.260786671268166,-1.189345701899674,-0.07171754449906981,-0.5016881569584185,-0.7072024769853628,-0.4647850467689671
Jaden Hardy,Home,DAL,IND,120,137,0,a56c9f6f-20a1-4d98-abb7-315cea20c83b,-1.5954285357445905,-1.7428340239631492,0.09873478374187467,-0.3326288988822158,-1.8081118214471343,-0.0831791290843401,0.1363476829562343,-1.7512321706623504,-0.5850446057168676,1.7204996112486304,1.342371792483768,1.329660802080883,-2.3833323497058774,1.7805125876719106
A.J. Lawson,Home,DAL,IND,120,137,0,a56c9f6f-20a1-4d98-abb7-315cea20c83b,-1.5387445447557047,-1.7428340239631492,0.09873478374187467,-0.3326288988822158,-1.8081118214471343,-0.0831791290843401,0.1363476829562343,2.8337892375661027,-2.4515644790485225,-1.189345701899674,-0.07171754449906981,0.012513659166581618,0.5850896484826825,-0.4287083656800038
Dwight Powell,Home,DAL,IND,120,137,0,a56c9f6f-20a1-4d98-abb7-315cea20c83b,-1.8116910513644735,2.2591209812893194,8.59578932777276,1.5396958277129988,-2.089691600334391,0.09222052374921226,0.15346031055148032,-2.797218790709896,-0.2918593781365396,-1.189345701899674,-0.07171754449906981,-0.8837390864311117,1.1914146943646406,-0.7532892072420678
Markieff Morris,Home,DAL,IND,120,137,0,a56c9f6f-20a1-4d98-abb7-315cea20c83b,-1.8116910513644735,-1.7428340239631492,0.09873478374187467,-0.3326288988822158,-2.545338878897405,0.3760490528798697,0.18115165338742384,-2.797218790709896,-0.2918593781365396,-1.189345701899674,-0.07171754449906981,-2.7331050483039485,0.6954159844458441,-0.24750831568169968
Luka DonÄiÄ,Home,DAL,MIA,114,108,1,a69a4ec2-3a6d-4ff6-9c0c-7d67f23c5292,6.1263256940911806,4.264018890078515,-1.6288910610271103,-1.741569736136592,2.955182000562609,-2.104591474416208,-2.563720633886969,1.6853984457620086,0.8455301575095736,1.9459110973816707,-0.7704679905624544,2.385778538688664,1.4180081412071304,-0.4193716467002
Kyrie Irving,Home,DAL,MIA,114,108,1,a69a4ec2-3a6d-4ff6-9c0c-7d67f23c5292,3.3847132868048435,1.1808568702665845,-0.05397892358750436,-0.3876226488982035,0.3609243490758265,0.5476439264652194,-1.1495691572629751,0.9592645331753346,0.4126890804404135,0.9990950624882537,-0.40783182990564626,1.5639338613742384,-0.3734444210738115,-0.9360653490185792
P.J. Washington,Home,DAL,MIA,114,108,1,a69a4ec2-3a6d-4ff6-9c0c-7d67f23c5292,0.8726097111198702,-0.04774003300928003,0.7167524172296152,0.26270427239577737,3.195643392322753,0.5672106589579917,1.5873167619971587,-0.06123873132212799,0.4698320732816471,0.19738193083566966,-0.1074962284558641,0.9078160747835264,-0.7632766450631097,-0.35221801654619184
Daniel Gafford,Home,DAL,MIA,114,108,1,a69a4ec2-3a6d-4ff6-9c0c-7d67f23c5292,-0.3585288934244713,-0.2863156243922185,1.409623593977704,0.5530082930880628,3.0737134204077523,0.3287648502753092,-0.026854223480564005,2.545746139141408,-2.370841580958945,1.3562410172826225,0.7967873521017111,0.2841648794566223,-0.4840347762065391,-1.542763157399285
Derrick Jones Jr.,Home,DAL,MIA,114,108,1,a69a4ec2-3a6d-4ff6-9c0c-7d67f23c5292,-1.517575194643419,-0.35670458916287945,-0.9823923180152333,0.7770662837125747,-0.0876872761772045,-0.5047978879859544,0.9799720906132886,-1.8117973173511321,0.7714444015454645,0.8688120862740984,1.5214642379691437,-0.27513408479794504,-1.3719006686973614,0.4067453346279815
Dereck Lively II,Home,DAL,MIA,114,108,1,a69a4ec2-3a6d-4ff6-9c0c-7d67f23c5292,-1.201881592785073,-0.5819409811972347,-0.19803320454794385,0.19087537742560404,-0.5032523043468514,-0.04016129479576742,1.7448745447228526,1.1570931825245163,-1.7880586529195077,-1.189345701899674,-0.07171754449906981,0.19830587400852007,0.6883501603259793,1.3691442827659932
Maxi Kleber,Home,DAL,MIA,114,108,1,a69a4ec2-3a6d-4ff6-9c0c-7d67f23c5292,-0.8622159075226923,-1.2039237646400116,-0.08547042962723433,-0.4410286243496857,1.5071292869584272,2.3173515565339478,-1.735491682421757,0.92402486988355,1.4029803244178098,-1.189345701899674,-0.07171754449906981,0.24461772934728382,1.0546097710896039,0.9339545368137405
Tim Hardaway Jr.,Home,DAL,MIA,114,108,1,a69a4ec2-3a6d-4ff6-9c0c-7d67f23c5292,0.9926522688180456,-1.1672798370446726,-0.10442459629670103,-0.48251303255518235,-1.3318708052950414,-0.28802580389009136,-0.15585938420674392,0.13951722631624333,0.9491825132903292,1.5547544443971018,-0.22052672467789688,0.9353432447193621,-0.3390495368967418,0.8682332721949673
Josh Green,Home,DAL,MIA,114,108,1,a69a4ec2-3a6d-4ff6-9c0c-7d67f23c5292,-1.1667753469334787,-0.13687754166044955,1.2949525992382058,-0.7665610120845944,0.0505512676082236,1.5536108828833453,0.3407155861338234,-0.15313840148587743,0.5602902249760539,-1.189345701899674,-0.07171754449906981,-0.061755226158919395,-0.02846858129857746,-0.3986201541861453
Dante Exum,Home,DAL,MIA,114,108,1,a69a4ec2-3a6d-4ff6-9c0c-7d67f23c5292,0.20931060734602625,1.2863488881998997,-1.4520618922432476,-1.284476608870359,0.7399988177897521,-1.2915247229284414,-1.1387750601952746,3.1586662981882707,1.0542638517294802,3.0657620736058337,0.616552817551946,0.9187889993596232,1.8136453798504086,0.1684536625020611
Jaden Hardy,Home,DAL,MIA,114,108,1,a69a4ec2-3a6d-4ff6-9c0c-7d67f23c5292,-1.8116910513644735,-1.7428340239631492,0.09873478374187467,-0.3326288988822158,-2.545338878897405,0.3760490528798697,0.18115165338742384,-2.797218790709896,-0.2918593781365396,-1.189345701899674,-0.07171754449906981,-2.7331050483039485,0.6954159844458441,-0.24750831568169968
A.J. Lawson,Home,DAL,MIA,114,108,1,a69a4ec2-3a6d-4ff6-9c0c-7d67f23c5292,-1.8116910513644735,-1.7428340239631492,0.09873478374187467,-0.3326288988822158,-2.545338878897405,0.3760490528798697,0.18115165338742384,-2.797218790709896,-0.2918593781365396,-1.189345701899674,-0.07171754449906981,-2.7331050483039485,0.6954159844458441,-0.24750831568169968
Markieff Morris,Home,DAL,MIA,114,108,1,a69a4ec2-3a6d-4ff6-9c0c-7d67f23c5292,-1.8116910513644735,-1.7428340239631492,0.09873478374187467,-0.3326288988822158,-2.545338878897405,0.3760490528798697,0.18115165338742384,-2.797218790709896,-0.2918593781365396,-1.189345701899674,-0.07171754449906981,-2.7331050483039485,0.6954159844458441,-0.24750831568169968
Dwight Powell,Home,DAL,MIA,114,108,1,a69a4ec2-3a6d-4ff6-9c0c-7d67f23c5292,-1.8116910513644735,-1.7428340239631492,0.09873478374187467,-0.3326288988822158,-2.545338878897405,0.3760490528798697,0.18115165338742384,-2.797218790709896,-0.2918593781365396,-1.189345701899674,-0.07171754449906981,-2.7331050483039485,0.6954159844458441,-0.24750831568169968
Luka DonÄiÄ,Away,DAL,DET,142,124,1,9873a433-ba16-49f9-b4f7-0ccb5eef561f,5.6427514993461205,5.533163184064479,0.13429163131095723,-0.5892625827460786,3.0499077926576943,0.6360132896885977,-2.6569922473969285,1.3919691799020768,0.3765183613618848,4.4690441754572445,-1.5771562495420202,2.396122838232892,1.2591603416165644,-0.04478562260266979
Kyrie Irving,Away,DAL,DET,142,124,1,9873a433-ba16-49f9-b4f7-0ccb5eef561f,2.8661627558990728,2.2710052257943434,-0.809797251318848,0.08774236181482173,-0.36629383235847957,-0.3975825130754055,0.3998933839686732,1.0959912559897877,0.3651824404398749,-1.189345701899674,-0.07171754449906981,1.5622776656095887,0.4428114237609324,1.0514498650386084
P.J. Washington,Away,DAL,DET,142,124,1,9873a433-ba16-49f9-b4f7-0ccb5eef561f,-0.3787716224685156,-0.06379717322143212,2.2325293313961425,-0.2178500718451991,-1.0305415965933744,-0.38994620825126314,-0.3347671322511787,1.723745898947905,0.9214788791217202,1.3174803102651798,0.3646044056740393,0.426757263779141,0.3865281847416576,-0.0032646804174809503
Daniel Gafford,Away,DAL,DET,142,124,1,9873a433-ba16-49f9-b4f7-0ccb5eef561f,0.23157893224114523,-0.30982264958709377,-0.6249741106729608,0.6142318315669678,3.451634125754345,4.01369076339707,-2.796788947786679,2.5907399442173205,-2.383394992020538,1.7216044350042503,0.1842689734613307,0.948011159775516,1.763142943192724,0.92601729788361
Derrick Jones Jr.,Away,DAL,DET,142,124,1,9873a433-ba16-49f9-b4f7-0ccb5eef561f,0.013440304397754373,2.388525688706527,5.546514772346548,0.7313536649637039,-0.9166219017894779,1.3753857638114504,-0.4567574498716212,1.5423996779475493,-1.157098951815967,1.1449880494442628,-0.053880035880524535,0.7299766919885942,1.66894392707458,0.3265664420915677
Josh Green,Away,DAL,DET,142,124,1,9873a433-ba16-49f9-b4f7-0ccb5eef561f,-0.7751212987197822,0.8695458238294074,2.065162559735455,0.16655263139963714,-1.4747804503913768,-0.2015264974255422,-0.09854808188544378,0.1197279129095531,-0.8062076021491286,2.5761640695142822,0.7783754270327002,0.5271967056482101,0.352650689377592,0.6113726928141503
Dante Exum,Away,DAL,DET,142,124,1,9873a433-ba16-49f9-b4f7-0ccb5eef561f,-1.288843500482729,0.30154685259796193,-0.6951483799756786,-1.474620444759857,-0.5335407899550546,-0.30659582036233346,0.8501606785582845,-0.22780225418416175,-0.31364351602110285,-1.189345701899674,-0.07171754449906981,-0.07488547973892698,0.21891197289259964,0.6088546665432779
Tim Hardaway Jr.,Away,DAL,DET,142,124,1,9873a433-ba16-49f9-b4f7-0ccb5eef561f,2.5124009043064057,-0.9537639174126888,-0.2597583657083968,-1.1132338561170037,-1.3287384152616748,-0.2863735649049163,-0.12839878354939685,1.338015066018691,1.073037098990403,0.4097237675428585,-0.0006348410375373259,1.2343908870155553,0.45223167298107264,0.8765595328186496
Maxi Kleber,Away,DAL,DET,142,124,1,9873a433-ba16-49f9-b4f7-0ccb5eef561f,-1.4397218535422476,-0.4631279242060549,1.5127805798337264,0.3564667702020836,2.3280163745963685,0.2668753932913764,-0.5560792260684656,-1.825190588746571,2.1146969168585574,-1.189345701899674,-0.07171754449906981,-0.24680304851901083,0.03699981316608995,0.6749786981314712
Dwight Powell,Away,DAL,DET,142,124,1,9873a433-ba16-49f9-b4f7-0ccb5eef561f,-1.430613286945763,0.2667348658264038,-1.1469491809037244,1.6189565523253504,-0.1970210807101713,-0.4180060119705917,1.129480584825429,0.268884174141122,-1.4419260356987318,0.8690594894794451,0.6065440639846466,-0.39281083519060445,-1.1902115018431665,0.15782714937695586
Jaden Hardy,Away,DAL,DET,142,124,1,9873a433-ba16-49f9-b4f7-0ccb5eef561f,-0.9611058976308952,0.14895739024832802,-1.1428650314945075,-0.94619152605541,-0.3746132666540438,-0.8303554053678547,-0.3995997334413408,0.46233170364161746,-1.4961356349323318,2.6173412528200997,0.8584924758625534,1.894916121176804,-0.7984536165597436,-0.26200868930218096
Markieff Morris,Away,DAL,DET,142,124,1,9873a433-ba16-49f9-b4f7-0ccb5eef561f,-0.41254285222686204,-0.9074230546084676,-0.9085352358071767,1.3798234693640112,-1.900265203628418,-0.025775606338813883,0.141948179260133,5.442439796066684,1.7813768436331505,-1.189345701899674,-0.07171754449906981,1.0005227980671163,1.5336008642721648,-1.7831948710062304
A.J. Lawson,Away,DAL,DET,142,124,1,9873a433-ba16-49f9-b4f7-0ccb5eef561f,-1.5387445447557047,-1.7428340239631492,0.09873478374187467,-0.3326288988822158,-1.900265203628418,-0.025775606338813883,0.141948179260133,2.8337892375661027,-2.4515644790485225,-1.189345701899674,-0.07171754449906981,-0.498322185823944,-0.08482371456811892,-0.13096174851715017
Luka DonÄiÄ,Away,DAL,CHI,127,92,1,456426bd-7bb0-44eb-a998-4fe947f7f4be,5.330681120228234,4.043724849900261,-1.151253923358643,-2.698116517306183,3.5243957392746323,-1.7361538223319832,-0.7643330506199337,1.0712870076344747,1.0589486008295814,1.4016071100233907,-0.5920783316655938,2.4828491517443014,2.621676801327401,1.345771018597656
Kyrie Irving,Away,DAL,CHI,127,92,1,456426bd-7bb0-44eb-a998-4fe947f7f4be,1.6788473513001163,0.16382993873290427,0.7662210182948924,0.4851095599199912,-0.14456971236900856,0.8279145009917679,-0.8699834766950089,0.5853573058356816,0.42330464635005016,-1.189345701899674,-0.07171754449906981,1.1838852370715742,0.18527828612925368,0.981215722797666
P.J. Washington,Away,DAL,CHI,127,92,1,456426bd-7bb0-44eb-a998-4fe947f7f4be,-0.19425474075590426,0.2854993352431908,2.736407956701451,0.5615383106327206,0.9509722736532391,0.46451399742413063,-1.4182305433064366,1.7782301836995416,0.44688480755773985,-1.189345701899674,-0.07171754449906981,0.5259165383596761,1.3565953373996855,0.987725289213159
Daniel Gafford,Away,DAL,CHI,127,92,1,456426bd-7bb0-44eb-a998-4fe947f7f4be,0.7332571330106042,0.24838780110150907,1.1461742000660127,0.4007317455621445,3.2002018723991186,2.1338738761469047,1.0926145600238082,2.7905499874909094,-2.439459155104143,0.9811683261727688,-0.03443065638821409,1.0557242601712753,1.535172934363446,-0.23626494773460263
Derrick Jones Jr.,Away,DAL,CHI,127,92,1,456426bd-7bb0-44eb-a998-4fe947f7f4be,0.4822738964771081,-0.7981136567200618,-0.27054905563528286,-0.8440955362610786,-1.9872989534662973,0.02843883180973867,0.14723753688048177,1.2567163469617433,1.1507043539967132,-1.189345701899674,-0.07171754449906981,0.6066668893764964,0.9333849137539022,1.3293462314263007
Josh Green,Away,DAL,CHI,127,92,1,456426bd-7bb0-44eb-a998-4fe947f7f4be,-0.6531858462757861,-0.8523802849001708,-0.2873716070777992,-1.1716610690904243,-0.49694191944838834,-0.6254088740830575,-0.6016125056087829,2.803394666768086,0.6820535843261915,-1.189345701899674,-0.07171754449906981,0.4095056418257256,1.7079010429287835,1.5656849437281362
Dereck Lively II,Away,DAL,CHI,127,92,1,456426bd-7bb0-44eb-a998-4fe947f7f4be,1.2546369666938475,2.389233834944496,1.8997708422278117,-0.01901636339122095,3.235300659639661,2.028108646416263,0.0446147657376466,2.266506952177579,-2.244276298203061,-1.189345701899674,-0.07171754449906981,1.597148656291441,2.7107515091540826,0.007699236606696984
Dante Exum,Away,DAL,CHI,127,92,1,456426bd-7bb0-44eb-a998-4fe947f7f4be,-1.1667753469334787,-0.39193467253341896,-0.9966396029899633,0.37664403197006746,0.45016980071492996,-0.7348152111367049,0.3224442665458165,-0.32659086509979435,0.6089580330832878,-1.189345701899674,-0.07171754449906981,0.07033825136555333,0.07072885791657915,1.1867483672780823
Tim Hardaway Jr.,Away,DAL,CHI,127,92,1,456426bd-7bb0-44eb-a998-4fe947f7f4be,-0.8923611231262086,1.3548977007021028,2.6316511337477038,-1.0225897536415354,-1.4883092323135478,-0.18746818307428123,-0.11599260160232834,-0.15975136741739573,0.832783983584385,1.3174803102651798,0.3646044056740393,0.15713332598629495,0.04798802364034019,-0.5059978930642353
Maxi Kleber,Away,DAL,CHI,127,92,1,456426bd-7bb0-44eb-a998-4fe947f7f4be,-1.537276827557203,-1.1560047823999529,-0.11025664757961379,-0.49527746584918136,0.7229362030607082,-1.2550158097528914,-1.052141061123511,-0.42402990314262634,1.7220162673926895,2.526538213215532,3.2979065661032254,-0.20519186296754977,0.6744165891373733,1.2276151471132946
Jaden Hardy,Away,DAL,CHI,127,92,1,456426bd-7bb0-44eb-a998-4fe947f7f4be,-0.018863208162090608,-1.1887146579985957,-0.4711201596559558,0.4925920765293996,-1.9872989534662973,0.02843883180973867,0.14723753688048177,2.806144034542298,-0.10947218627205013,1.2368764500684897,0.16905092831209365,1.215425891486568,0.4600581488530641,-0.692342205174322
A.J. Lawson,Away,DAL,CHI,127,92,1,456426bd-7bb0-44eb-a998-4fe947f7f4be,-0.9947276437616747,0.8554406591464968,3.106330475041127,-0.139056983757119,-0.9624914564017982,-0.4847638151280146,-0.26655556739424685,-1.1374977400122066,0.19826715125781352,0.3851889250939577,0.3481433737974694,0.8009269633255455,-1.6092123175768929,1.3598322117372423
Dwight Powell,Away,DAL,CHI,127,92,1,456426bd-7bb0-44eb-a998-4fe947f7f4be,-1.7477746060026107,-0.8543970706537011,-0.26626401939753175,-0.8367260564636539,1.5546778545522848,-0.32035936695886225,5.3147033049054775,-1.853637388650188,-0.556612254239892,-1.189345701899674,-0.07171754449906981,-0.6486232589738099,-0.3809520808103879,0.6290827148427443
Markieff Morris,Away,DAL,CHI,127,92,1,456426bd-7bb0-44eb-a998-4fe947f7f4be,-1.5387445447557047,-1.7428340239631492,0.09873478374187467,-0.3326288988822158,-1.9872989534662973,0.02843883180973867,0.14723753688048177,2.8337892375661027,-2.4515644790485225,-1.189345701899674,-0.07171754449906981,-0.5147826663906467,0.24469996222493437,0.44360454494884966
Kyrie Irving,Home,DAL,GSW,109,99,1,d4313464-2950-44fb-b36f-bc491bb9bbaf,2.0634016462460902,2.870412329448134,-0.5193030894236684,-1.8507209368374167,1.936245635346126,-0.2727105438988659,-1.9812775626558596,0.9389823859670388,-0.332464314705564,3.010408768162255,-0.8475960742708222,1.6239411766180134,0.6494868647072644,-0.8318141707803212
P.J. Washington,Home,DAL,GSW,109,99,1,d4313464-2950-44fb-b36f-bc491bb9bbaf,0.973508514556835,0.5976122570890869,1.7324583043505433,0.5093199380567229,2.577287594220828,2.5000066963112335,-1.3227335379458327,0.5031529381151636,0.36122502221783076,-1.189345701899674,-0.07171754449906981,1.3767963150621012,1.8442650548126542,1.4908258097389893
Luka DonÄiÄ,Home,DAL,GSW,109,99,1,d4313464-2950-44fb-b36f-bc491bb9bbaf,2.104272629272159,3.413000824481853,-3.031705953591658,-1.1285667359702796,-0.3459920142004578,-0.3955462023990847,0.4391959333923628,0.11173428508391808,-0.05819916710889555,3.1647158255278276,-0.8815331905530963,2.104863200023718,0.24072387674098572,0.9894425524778667
Daniel Gafford,Home,DAL,GSW,109,99,1,d4313464-2950-44fb-b36f-bc491bb9bbaf,-0.44695851832062894,2.0302304667116085,1.1936885082201405,2.266886642520726,4.5963636311916165,8.365260232318413,-1.1753138211067116,2.3758747336253623,-2.323081465645425,-1.189345701899674,-0.07171754449906981,0.7069720966509299,1.09063919064025,-0.40295660646019943
Derrick Jones Jr.,Home,DAL,GSW,109,99,1,d4313464-2950-44fb-b36f-bc491bb9bbaf,-0.7626521201789752,-0.6330990601011158,-1.0433017789907608,1.3225323678603482,0.2753291532436047,-0.3086106694604413,1.9202998390946424,1.2136675877467877,-1.1822567903527283,0.46579278529064777,0.543696851159415,0.33886119211451937,-0.20032198672339843,0.39020844124232146
Dante Exum,Home,DAL,GSW,109,99,1,d4313464-2950-44fb-b36f-bc491bb9bbaf,-0.41387786832010964,1.6977102998810194,-0.07335366869842905,-0.8070742989711611,-0.9775151580512851,-0.41734599366066,-0.3562564548542123,3.1822355149260795,0.560603711356366,1.3172864231929666,0.7810273442110994,0.5811915655964944,0.896921717957526,-0.21502760230940163
Josh Green,Home,DAL,GSW,109,99,1,d4313464-2950-44fb-b36f-bc491bb9bbaf,0.16565367355052074,-0.3661550954889853,-0.6146064905819818,1.329946924822453,1.0722295890411542,-0.7010218899804309,1.1532496700324406,2.837904702200945,-0.3166479026855859,-1.189345701899674,-0.07171754449906981,0.3428043114209146,-0.4537238222123383,-0.7343009289279376
Dereck Lively II,Home,DAL,GSW,109,99,1,d4313464-2950-44fb-b36f-bc491bb9bbaf,-0.04617912098813455,-1.2395865437180869,-0.39201317779882006,0.3321353352720763,3.8028197256182876,1.1855801330965392,-1.3765282340926537,1.2525847668831862,-1.8629703957132928,-1.189345701899674,-0.07171754449906981,0.7667087495205237,0.7574382818854062,0.10973186708467937
Tim Hardaway Jr.,Home,DAL,GSW,109,99,1,d4313464-2950-44fb-b36f-bc491bb9bbaf,-0.031315604180584725,-0.3675563895607013,-0.8151560724227561,-0.4526035822090435,-1.9565811594058693,0.009304324227896595,0.1453707047791822,-0.14506181524660414,1.1690604027765836,-1.189345701899674,-0.07171754449906981,0.49941300309569764,-0.5211640322805619,0.9916904463036608
Maxi Kleber,Home,DAL,GSW,109,99,1,d4313464-2950-44fb-b36f-bc491bb9bbaf,-1.7477746060026107,-0.5628278948967064,-0.27763930950620647,-0.2761116584873053,-1.9565811594058693,0.009304324227896595,0.1453707047791822,-2.394809075125609,-0.40476869294532225,-1.189345701899674,-0.07171754449906981,-0.7946029057282229,-0.9694643753338006,0.6631392329302174
Jaden Hardy,Home,DAL,GSW,109,99,1,d4313464-2950-44fb-b36f-bc491bb9bbaf,-1.5617900070914978,-1.7428340239631492,0.09873478374187467,-0.3326288988822158,-1.9565811594058693,0.009304324227896595,0.1453707047791822,-2.477719054797594,0.9581398651439534,-1.189345701899674,-0.07171754449906981,0.21797232515120624,-4.098133603109554,2.8297027891377025
A.J. Lawson,Home,DAL,GSW,109,99,1,d4313464-2950-44fb-b36f-bc491bb9bbaf,-1.8116910513644735,-1.7428340239631492,0.09873478374187467,-0.3326288988822158,-1.9565811594058693,0.009304324227896595,0.1453707047791822,-2.797218790709896,-0.2918593781365396,-1.189345701899674,-0.07171754449906981,-1.2436102765101162,-0.5924924812307749,0.20168962444239724
Dwight Powell,Home,DAL,GSW,109,99,1,d4313464-2950-44fb-b36f-bc491bb9bbaf,-1.8116910513644735,-1.7428340239631492,0.09873478374187467,-0.3326288988822158,-1.9565811594058693,0.009304324227896595,0.1453707047791822,-2.797218790709896,-0.2918593781365396,-1.189345701899674,-0.07171754449906981,-1.2552666550990896,-0.6506820827717685,0.2525653357547278
Markieff Morris,Home,DAL,GSW,109,99,1,d4313464-2950-44fb-b36f-bc491bb9bbaf,-1.8116910513644735,-1.7428340239631492,0.09873478374187467,-0.3326288988822158,-2.545338878897405,0.3760490528798697,0.18115165338742384,-2.797218790709896,-0.2918593781365396,-1.189345701899674,-0.07171754449906981,-2.7331050483039485,0.6954159844458441,-0.24750831568169968
Kyrie Irving,Away,DAL,OKC,119,126,0,f2713da0-7956-461f-bfd4-41268f23835b,4.273599032184458,4.9632597723496445,-0.7045842468556958,-1.868003278624988,0.10155378314674134,-0.6151321931418874,0.09814602782309557,2.4627967690442527,0.1974233885200165,3.9628670732694404,-1.1965434915122939,1.87479137800307,0.5885430227169391,-2.165602865343477
P.J. Washington,Away,DAL,OKC,119,126,0,f2713da0-7956-461f-bfd4-41268f23835b,0.13175623349998872,0.20014669887666428,-0.9066265246559675,1.1267217542925443,0.47614164386225444,-1.0643893619608946,-1.1001032647265587,-1.5167776738207632,1.0002438389824981,2.5946735021428466,-0.013106548659591708,1.004020502238298,-1.1619214424523445,0.8034329879588986
Derrick Jones Jr.,Away,DAL,OKC,119,126,0,f2713da0-7956-461f-bfd4-41268f23835b,0.26118305171440126,0.3381086037902164,0.5098377885516996,1.5122831945326638,-1.2126790386608755,-0.041164658483074,0.8939872683132644,2.9193278613718188,0.903845109552019,-1.189345701899674,-0.07171754449906981,0.39576226009928805,-0.9541974369650285,-1.4231500481767805
Daniel Gafford,Away,DAL,OKC,119,126,0,f2713da0-7956-461f-bfd4-41268f23835b,0.6962747749355024,0.1180250634885141,-0.9633708826632497,0.896192703727951,7.92084584573108,-0.8510514429401996,2.4506447595211798,1.355120645245336,-1.878368051684438,1.5829303684044276,-0.3212416462481847,0.973851574980312,-0.1257056949662678,-1.0159027285418478
Dante Exum,Away,DAL,OKC,119,126,0,f2713da0-7956-461f-bfd4-41268f23835b,-0.24517399457031475,1.3581843388392343,-1.9617125230622254,1.6904668312381483,-1.8695474095679903,-0.04491011392065595,0.14008134715883344,-0.20323633844057112,0.6528602379921035,1.1159706597734544,-0.12427928773082496,0.5416704312795505,-1.798608493753218,0.34839253276173665
Tim Hardaway Jr.,Away,DAL,OKC,119,126,0,f2713da0-7956-461f-bfd4-41268f23835b,3.4013034322083335,1.1986792491095832,0.008768573687515047,0.2543023378417387,2.7868666321737194,-1.8113686089818286,-1.1516754217319911,2.537322923210785,0.9818746054094133,1.0385909539846319,-0.3120106259982929,1.4361236245743354,1.4796634751175068,-0.030552414231063935
Maxi Kleber,Away,DAL,OKC,119,126,0,f2713da0-7956-461f-bfd4-41268f23835b,-1.308545133396513,-0.5877452448345583,1.3404970308305557,-0.4097633360846017,-0.09874600837597254,1.1140649157321934,-0.8022004966080709,0.5405285278439697,-0.1785808741557869,0.8688120862740984,1.5214642379691437,-0.07225177563589064,-0.1211793739298796,-0.6835389353135384
Jaden Hardy,Away,DAL,OKC,119,126,0,f2713da0-7956-461f-bfd4-41268f23835b,-0.29219154031014266,2.7962800442391194,-0.557841377961395,-0.4504457440216132,-0.5468569089338483,-0.6728721856498967,-0.4808158859845124,-0.43913344242329305,-1.1853671533643162,0.5466440486926846,-0.17566984546313621,0.9539531208716541,-0.6450982538141191,0.2748347328834421
Dereck Lively II,Away,DAL,OKC,119,126,0,f2713da0-7956-461f-bfd4-41268f23835b,-1.201881592785073,-1.3300580107754179,0.02466494234188713,0.0907678411836438,-0.09902074247425663,-0.48778431714490056,1.05980865821753,1.0460836058116094,-1.7569112557308781,-1.189345701899674,-0.07171754449906981,-0.2666089718209703,-0.4228549799161669,0.09626296319943248
Josh Green,Away,DAL,OKC,119,126,0,f2713da0-7956-461f-bfd4-41268f23835b,-1.3527599458445918,-0.9074230546084676,-0.9085352358071767,1.3798234693640112,-1.8644277772245854,-0.04809919851762963,0.13977020847528351,0.06719911610269517,-0.04579090466475307,-1.189345701899674,-0.07171754449906981,0.09988306412106754,-1.4426063351692437,1.2428473146083094
A.J. Lawson,Away,DAL,OKC,119,126,0,f2713da0-7956-461f-bfd4-41268f23835b,-1.8116910513644735,-1.7428340239631492,0.09873478374187467,-0.3326288988822158,-2.545338878897405,0.3760490528798697,0.18115165338742384,-2.797218790709896,-0.2918593781365396,-1.189345701899674,-0.07171754449906981,-2.7331050483039485,0.6954159844458441,-0.24750831568169968
Markieff Morris,Away,DAL,OKC,119,126,0,f2713da0-7956-461f-bfd4-41268f23835b,-1.8116910513644735,-1.7428340239631492,0.09873478374187467,-0.3326288988822158,-2.545338878897405,0.3760490528798697,0.18115165338742384,-2.797218790709896,-0.2918593781365396,-1.189345701899674,-0.07171754449906981,-2.7331050483039485,0.6954159844458441,-0.24750831568169968
Dwight Powell,Away,DAL,OKC,119,126,0,f2713da0-7956-461f-bfd4-41268f23835b,-1.8116910513644735,-1.7428340239631492,0.09873478374187467,-0.3326288988822158,-2.545338878897405,0.3760490528798697,0.18115165338742384,-2.797218790709896,-0.2918593781365396,-1.189345701899674,-0.07171754449906981,-2.7331050483039485,0.6954159844458441,-0.24750831568169968
Luka DonÄiÄ,Home,DAL,DEN,107,105,1,9b21d25e-7b0e-4d4a-94cf-6186ff9b5078,5.641679094049011,2.24937281413157,0.8226604931133717,0.6407071974123327,2.778237454397812,-0.9850008096091944,1.0086738457799218,1.1367587763690363,0.4808372227679453,4.062258864034242,-1.5130003864229207,2.2751122404718913,0.7067069269166426,-1.2569054830079862
Kyrie Irving,Home,DAL,DEN,107,105,1,9b21d25e-7b0e-4d4a-94cf-6186ff9b5078,4.1890748147615815,4.406322948071711,1.1547065374808032,-0.8171022096094396,1.8080456608121935,0.5527233238437416,0.6622172634119915,0.7262373529080595,0.6079537341292504,0.9845863676528496,-0.4430314558307965,2.002074953686891,1.1247674388448294,-0.7026743704153275
P.J. Washington,Home,DAL,DEN,107,105,1,9b21d25e-7b0e-4d4a-94cf-6186ff9b5078,-0.26619386105503334,-0.6826362059016442,-0.3054523611083263,-0.9184782908519978,3.858349082239481,-0.4803478258932038,-1.1197770659502537,-1.130955355998031,0.19638379100959472,-1.189345701899674,-0.07171754449906981,0.7724510086295941,0.21838669767425456,0.428923822527811
Derrick Jones Jr.,Home,DAL,DEN,107,105,1,9b21d25e-7b0e-4d4a-94cf-6186ff9b5078,0.13792936569947048,-1.2039237646400116,-0.08547042962723433,-0.4410286243496857,3.017523825410943,-0.5024517016227332,3.865700661957888,-0.27325123333981777,-0.4796076982855806,0.20947250986517318,-0.07816320685157226,0.9658920025091461,1.002394542824604,1.3143468542227152
Daniel Gafford,Home,DAL,DEN,107,105,1,9b21d25e-7b0e-4d4a-94cf-6186ff9b5078,-0.5281556888438097,-0.3755529746033691,-0.2350681252479376,0.40257374745853375,2.0457839395920603,0.7336288890156177,1.17320689971693,0.6109659329743747,-1.5791695933725258,-1.189345701899674,-0.07171754449906981,0.5236085382559026,0.7061281489466014,0.8034708729193144
Dereck Lively II,Home,DAL,DEN,107,105,1,9b21d25e-7b0e-4d4a-94cf-6186ff9b5078,0.16285094025877167,0.25290779452320183,-1.2775397045894534,1.8767397968588089,3.8149574557544415,1.977260095737287,1.3519755258658765,1.4782274341564188,-1.9988568952810422,-0.28643373431357716,0.3867171771094248,0.5886643018123653,-0.9948494958984746,-1.5428908986882561
Maxi Kleber,Home,DAL,DEN,107,105,1,9b21d25e-7b0e-4d4a-94cf-6186ff9b5078,-1.253737254631135,-0.14583459162199625,-0.4436747666203548,-0.6354903170201268,0.24993938938106666,-1.0047422230725729,-0.9758992802072194,-1.7280572091227777,2.0874429443185063,-1.189345701899674,-0.07171754449906981,-0.20622870875867474,-0.8043702528089279,-0.32911505926542356
Dante Exum,Home,DAL,DEN,107,105,1,9b21d25e-7b0e-4d4a-94cf-6186ff9b5078,-0.3421710899326968,-1.1221796184657937,-0.12775280142835224,-0.5335707657311782,-0.15665956089921876,-0.8362555472361081,-0.7422829847327527,0.23692212829731243,-1.0981463642581948,-1.189345701899674,-0.07171754449906981,0.24750481418367679,-0.7823664963097937,-0.6789752391230195
Tim Hardaway Jr.,Home,DAL,DEN,107,105,1,9b21d25e-7b0e-4d4a-94cf-6186ff9b5078,-1.3315905957323062,-0.5036552094762868,-0.8240861856581038,0.6035291397519174,0.035879697314709455,-0.9483275512532753,-0.8066420910239211,-1.9274273254161844,1.2512907766951937,0.6004012318191203,0.8702711583538645,-0.11873671950875013,-0.8438683818915722,0.901037398400684
Jaden Hardy,Home,DAL,DEN,107,105,1,9b21d25e-7b0e-4d4a-94cf-6186ff9b5078,-1.723261426468316,-0.4032848933622856,-1.408578667965112,2.5306657073442165,-1.930982997688846,-0.006641098756971798,0.14381501136143257,-0.48420915045339147,-0.9398657206003029,0.9144610092817291,-0.6131629811356892,-0.29770526416611426,-0.9420150254150856,0.6639179812890448
A.J. Lawson,Home,DAL,DEN,107,105,1,9b21d25e-7b0e-4d4a-94cf-6186ff9b5078,-1.8116910513644735,-1.7428340239631492,0.09873478374187467,-0.3326288988822158,-2.545338878897405,0.3760490528798697,0.18115165338742384,-2.797218790709896,-0.2918593781365396,-1.189345701899674,-0.07171754449906981,-2.7331050483039485,0.6954159844458441,-0.24750831568169968
Markieff Morris,Home,DAL,DEN,107,105,1,9b21d25e-7b0e-4d4a-94cf-6186ff9b5078,-1.8116910513644735,-1.7428340239631492,0.09873478374187467,-0.3326288988822158,-2.545338878897405,0.3760490528798697,0.18115165338742384,-2.797218790709896,-0.2918593781365396,-1.189345701899674,-0.07171754449906981,-2.7331050483039485,0.6954159844458441,-0.24750831568169968
Dwight Powell,Home,DAL,DEN,107,105,1,9b21d25e-7b0e-4d4a-94cf-6186ff9b5078,-1.8116910513644735,-1.7428340239631492,0.09873478374187467,-0.3326288988822158,-2.545338878897405,0.3760490528798697,0.18115165338742384,-2.797218790709896,-0.2918593781365396,-1.189345701899674,-0.07171754449906981,-2.7331050483039485,0.6954159844458441,-0.24750831568169968
Olivier-Maxence Prosper,Home,DAL,DEN,107,105,1,9b21d25e-7b0e-4d4a-94cf-6186ff9b5078,-1.8116910513644735,-1.7428340239631492,0.09873478374187467,-0.3326288988822158,-2.545338878897405,0.3760490528798697,0.18115165338742384,-2.797218790709896,-0.2918593781365396,-1.189345701899674,-0.07171754449906981,-2.7331050483039485,0.6954159844458441,-0.24750831568169968
Luka DonÄiÄ,Away,DAL,SAS,113,107,1,57d0c470-b8db-4b96-9f51-bbc67eae4d08,3.4190293120921478,4.646583760038084,-1.8610464703182485,-2.8977288447161635,2.170397974718057,-1.70057128550419,-2.1645811305704092,-0.6496456791260786,0.549399254990055,1.9192426089112578,-0.8153854134671573,2.2360166927308556,-0.15259888494987886,0.19359732777378183
Kyrie Irving,Away,DAL,SAS,113,107,1,57d0c470-b8db-4b96-9f51-bbc67eae4d08,2.9467154900868326,1.4952214811611075,1.3142692942166416,0.12482388989991372,1.138995419960353,-1.0202877704056657,-0.6145206025956996,0.8433833835075348,-1.0345200697037578,0.9910346764685848,-0.42738717764184087,1.613959411135605,-0.413203814590895,-1.2777246486697282
P.J. Washington,Away,DAL,SAS,113,107,1,57d0c470-b8db-4b96-9f51-bbc67eae4d08,0.5461903418389707,-1.5364460173692835,0.0616998630418809,-0.12093052884928601,1.322179827501676,0.38641998304273223,-0.6553882707097607,0.722330994366005,1.0939285317674092,-1.189345701899674,-0.07171754449906981,0.5047300066357819,-1.1802762657421526,-1.3792654613039312
Daniel Gafford,Away,DAL,SAS,113,107,1,57d0c470-b8db-4b96-9f51-bbc67eae4d08,-0.1864811902526671,1.3447563209328353,0.2901327029894564,0.37604621633871266,2.611955357561041,-0.25770402125018305,-2.256724254333364,1.2082585793511544,-1.8296383050402583,1.7216044350042503,0.1842689734613307,0.8413675964834216,0.7914264234599845,-0.05799832117127423
Derrick Jones Jr.,Away,DAL,SAS,113,107,1,57d0c470-b8db-4b96-9f51-bbc67eae4d08,-1.2643303209484342,-0.8132524429840678,-0.771069461234077,1.2375731454469632,-1.3219187483122723,-0.2892017153389866,-0.15558282701318618,0.6153170744845594,-0.19941529586889414,1.7204996112486304,1.342371792483768,-0.1412652048437664,-0.6253992703481511,0.238797965101085
Dante Exum,Away,DAL,SAS,113,107,1,57d0c470-b8db-4b96-9f51-bbc67eae4d08,1.5397308145012643,0.03031765288812981,-1.1009367418203255,0.4433165850233388,-1.4914188500340047,-0.19084335296255456,-0.10244991752982073,3.061637211438185,1.3335760232371345,1.1159706597734544,-0.12427928773082496,1.0481020571663484,1.148397804354589,0.6892700732217362
Maxi Kleber,Away,DAL,SAS,113,107,1,57d0c470-b8db-4b96-9f51-bbc67eae4d08,-0.839170445186899,0.18950642476845547,-0.5923030721101982,-0.9587795208440262,-1.4329335392436526,-0.22498243015500258,-0.12175122577197979,5.359019197985077,0.47154466835832853,-1.189345701899674,-0.07171754449906981,0.33340637287128866,2.0424293425399624,1.424136989206975
Tim Hardaway Jr.,Away,DAL,SAS,113,107,1,57d0c470-b8db-4b96-9f51-bbc67eae4d08,-0.5253529555520606,0.39822432726375656,2.9705896260808156,-0.15723002237478095,-1.424756321380609,-0.22644839542267758,-0.13900303613311935,0.7408176655974134,0.7018889362944299,-1.189345701899674,-0.07171754449906981,0.24711023652800232,0.5072790793212005,0.18299992434936108
Dereck Lively II,Away,DAL,SAS,113,107,1,57d0c470-b8db-4b96-9f51-bbc67eae4d08,-0.23069600270074586,-0.6614846230380037,-0.2266088607807193,-0.16442286716481427,2.023747308311371,0.6978280369201537,-0.40553766840009753,1.3596458290057125,-1.8720985189724089,1.1449880494442628,-0.053880035880524535,0.5414817008189007,0.11679327247859371,-0.7605016392325373
Jaden Hardy,Away,DAL,SAS,113,107,1,57d0c470-b8db-4b96-9f51-bbc67eae4d08,-1.1379651474232102,0.16943239768234256,-0.7261226581087048,-1.5504491002456497,-1.977059688779488,0.02206066261579131,0.14661525951338192,0.01828522342810332,-1.371711928592531,-1.189345701899674,-0.07171754449906981,0.73593346992709,-0.6803889733560536,0.7207045921982946
A.J. Lawson,Away,DAL,SAS,113,107,1,57d0c470-b8db-4b96-9f51-bbc67eae4d08,-1.8116910513644735,-1.7428340239631492,0.09873478374187467,-0.3326288988822158,-2.545338878897405,0.3760490528798697,0.18115165338742384,-2.797218790709896,-0.2918593781365396,-1.189345701899674,-0.07171754449906981,-2.7331050483039485,0.6954159844458441,-0.24750831568169968
Markieff Morris,Away,DAL,SAS,113,107,1,57d0c470-b8db-4b96-9f51-bbc67eae4d08,-1.8116910513644735,-1.7428340239631492,0.09873478374187467,-0.3326288988822158,-2.545338878897405,0.3760490528798697,0.18115165338742384,-2.797218790709896,-0.2918593781365396,-1.189345701899674,-0.07171754449906981,-2.7331050483039485,0.6954159844458441,-0.24750831568169968
Dwight Powell,Away,DAL,SAS,113,107,1,57d0c470-b8db-4b96-9f51-bbc67eae4d08,-1.8116910513644735,-1.7428340239631492,0.09873478374187467,-0.3326288988822158,-2.545338878897405,0.3760490528798697,0.18115165338742384,-2.797218790709896,-0.2918593781365396,-1.189345701899674,-0.07171754449906981,-2.7331050483039485,0.6954159844458441,-0.24750831568169968
Luka DonÄiÄ,Home,DAL,UTA,113,97,1,9056fc22-793c-455b-ade0-ed1334541737,4.750355658394616,5.446761714982095,2.0444257390842133,-0.44779494497600564,2.309069982320963,-1.5658054291741283,-1.2268523575296193,1.1007199273340555,0.4199855937040055,4.42468203850743,-1.3913633525365825,2.2786151616147197,0.4689324217893997,-1.297462174370233
Kyrie Irving,Home,DAL,UTA,113,97,1,9056fc22-793c-455b-ade0-ed1334541737,2.451595946454836,2.2805310641043044,1.0214609499020808,-1.2937669513891625,0.46464654829160695,-0.7627371286308012,-0.20489240907427528,0.19501219549288554,0.3564521626552604,-1.189345701899674,-0.07171754449906981,1.885352298418642,2.104850718897551,2.259815011528337
P.J. Washington,Home,DAL,UTA,113,97,1,9056fc22-793c-455b-ade0-ed1334541737,-0.12108024516998987,1.4457814626631151,1.5462231434427287,1.4395328971406036,1.3976391271702617,1.7994043490097331,-0.7639062806585137,-0.5939735211187014,0.08649919241739606,-1.189345701899674,-0.07171754449906981,0.8703173797842265,0.1912520171260215,0.6720505038967733
Daniel Gafford,Home,DAL,UTA,113,97,1,9056fc22-793c-455b-ade0-ed1334541737,1.1585497098773938,1.6948533664425773,0.03134316472809898,-1.0406661623217297,2.0863743355692903,-0.9229633903317536,1.276444020069457,2.192110224584577,-2.218789061811822,2.2491059819773906,-0.19536687383503762,1.5780933143969322,2.5567618976063384,0.49780922317859416
Derrick Jones Jr.,Home,DAL,UTA,113,97,1,9056fc22-793c-455b-ade0-ed1334541737,-0.5430457751370827,-0.8770390392330997,-0.2297246966548931,-0.7547445032030857,0.697603800065036,0.5056873799220754,-1.2905607626559346,2.609691762705622,-2.388769764037264,3.0188728468557815,1.672168834971544,0.7477782505592747,1.7475994336819916,0.8580775052599794
Maxi Kleber,Home,DAL,UTA,113,97,1,9056fc22-793c-455b-ade0-ed1334541737,-0.18234344086767046,2.9149845129306478,3.503623562275073,1.4947487588581254,-0.6288053562623536,-0.25503032343241633,0.7774951281566527,3.2610826254188336,1.8253072445994252,0.6004012318191203,0.8702711583538645,0.4425570763542728,1.6298991665424416,0.29642564120518844
Jaden Hardy,Home,DAL,UTA,113,97,1,9056fc22-793c-455b-ade0-ed1334541737,0.02334279095722633,1.5832357003926159,-1.536061317459758,-0.4412886114070294,-0.5119486779199299,-0.31974986116289006,0.7943372839634205,1.482010837519915,1.5630763534059657,-1.189345701899674,-0.07171754449906981,0.32630928921446806,0.4076521374181925,0.2500914511982668
Tim Hardaway Jr.,Home,DAL,UTA,113,97,1,9056fc22-793c-455b-ade0-ed1334541737,-1.1898208092692724,-1.106421901687654,-0.5990873361895577,0.7521544520927169,-1.3309549367941451,-0.28514303456427503,-0.17487442482233947,-2.317969186841443,1.5831394867842,-1.189345701899674,-0.07171754449906981,-0.20347731008302627,-1.6185039878689276,0.7152779915616705
Dereck Lively II,Home,DAL,UTA,113,97,1,9056fc22-793c-455b-ade0-ed1334541737,-0.8650186408144415,-0.7575356771280264,-0.6693209010505582,0.06080518970650894,2.0183982092312154,-0.7927411896173644,2.563131201133046,0.35178124141743683,-1.5233372649486105,-0.4664985998805743,0.5272358192828451,0.08014444581733597,-1.410018299852575,-0.9674098084963272
Dante Exum,Home,DAL,UTA,113,97,1,9056fc22-793c-455b-ade0-ed1334541737,-1.7477746060026107,1.1003238661443524,-2.3346567811154517,2.7748891279191406,-0.562342642678608,-0.6648861020738267,-0.5276817298738814,-2.547447243105856,-0.3619410218109564,-1.189345701899674,-0.07171754449906981,-0.449173937596496,-1.4508861555718675,0.2632460080054033
A.J. Lawson,Home,DAL,UTA,113,97,1,9056fc22-793c-455b-ade0-ed1334541737,-1.4748280993938419,-1.7428340239631492,0.09873478374187467,-0.3326288988822158,-2.007777482839916,0.041195170197633385,0.14848209161468148,0.09460430741822679,-1.393125764159714,-1.189345701899674,-0.07171754449906981,2.3829685691401568,-1.4794366811538753,0.6937148451421462
Dwight Powell,Home,DAL,UTA,113,97,1,9056fc22-793c-455b-ade0-ed1334541737,-1.8116910513644735,-1.7428340239631492,0.09873478374187467,-0.3326288988822158,4.0268688942883,-3.3448178908379447,-1.6492695009543457,-2.797218790709896,-0.2918593781365396,-1.189345701899674,-0.07171754449906981,-1.1655103176899158,-0.011314996953776461,0.1861603039322901
Olivier-Maxence Prosper,Home,DAL,UTA,113,97,1,9056fc22-793c-455b-ade0-ed1334541737,-1.8116910513644735,-1.7428340239631492,0.09873478374187467,-0.3326288988822158,-2.007777482839916,0.041195170197633385,0.14848209161468148,-2.797218790709896,-0.2918593781365396,-1.189345701899674,-0.07171754449906981,-1.2445146614596236,-0.40571118517606625,0.5309845694936416
Markieff Morris,Home,DAL,UTA,113,97,1,9056fc22-793c-455b-ade0-ed1334541737,-1.8116910513644735,-1.7428340239631492,0.09873478374187467,-0.3326288988822158,-2.545338878897405,0.3760490528798697,0.18115165338742384,-2.797218790709896,-0.2918593781365396,-1.189345701899674,-0.07171754449906981,-2.7331050483039485,0.6954159844458441,-0.24750831568169968
Luka DonÄiÄ,Away,DAL,UTA,115,105,1,917af0ab-ff91-4592-ae9d-3685340824b2,4.0739765047891705,4.628181339148658,-1.7277206757400034,-1.6650016687948124,3.708833835808213,-0.4209456162256225,-1.211372383461224,0.4943578084732193,0.1872630370636271,3.474321164580308,-1.2561027009044547,2.3563462941429676,0.7573208116335661,0.015251952654522899
Kyrie Irving,Away,DAL,UTA,115,105,1,917af0ab-ff91-4592-ae9d-3685340824b2,4.07035049063434,0.9407185774523409,-1.2692609539198478,-0.6270941390419132,-0.6470598511065119,-0.547197318285455,-0.5622542123254655,1.1699810160139028,0.4865590060530594,1.4781453501487303,-0.5754611668187142,1.8699356384560093,0.41124386521535056,0.28487273823684245
P.J. Washington,Away,DAL,UTA,115,105,1,917af0ab-ff91-4592-ae9d-3685340824b2,1.6394440854725483,-0.36161642171937747,0.9965801398222748,0.00605864996647492,0.30259852577224455,-0.16635194976496498,1.8373037674641735,1.2888896851756209,0.37469895396476777,1.0490694558102016,-0.28658867394123994,1.1443052167699603,0.3032167524866707,0.1589113278457546
Daniel Gafford,Away,DAL,UTA,115,105,1,917af0ab-ff91-4592-ae9d-3685340824b2,-0.06588075390191851,1.782582824613489,1.801205547365795,-1.0217967487666104,6.480652682049509,5.892115980110605,-0.2682560365417244,2.0644029680457443,-2.1528126943147,0.29330052446973087,0.12521240960485125,1.021668301432656,2.18425447674843,-0.2896953465711356
Derrick Jones Jr.,Away,DAL,UTA,115,105,1,917af0ab-ff91-4592-ae9d-3685340824b2,-0.9913838143396654,-0.6399402240198914,1.6159375656897488,0.15992524731610452,-1.3731687258408865,-0.2602373980195172,-0.13621728231911212,1.261839929207394,-0.9252215447458563,1.518796073684692,1.2699110376159637,-0.0244252994295271,-0.4941779622057356,-0.25915836895047534
Tim Hardaway Jr.,Away,DAL,UTA,115,105,1,917af0ab-ff91-4592-ae9d-3685340824b2,2.140581190111747,2.1183743786521947,3.132125382519714,-0.45434401015952913,-1.0536311633926385,-0.37661013907820984,-0.3465910685121145,0.5719661758364901,1.0412489148733783,-1.189345701899674,-0.07171754449906981,1.1724942543868984,0.49628314798380513,0.23904415679513397
Dereck Lively II,Away,DAL,UTA,115,105,1,917af0ab-ff91-4592-ae9d-3685340824b2,-0.9928515315381669,-0.6399402240198914,1.6159375656897488,0.15992524731610452,3.183534861847433,-2.3521495440711666,-2.3671455888758697,2.8337892375661027,-2.4515644790485225,-1.189345701899674,-0.07171754449906981,-0.06117186121483524,0.06216155587049391,-0.4738493335890244
Dante Exum,Away,DAL,UTA,115,105,1,917af0ab-ff91-4592-ae9d-3685340824b2,-0.9261323528845551,-0.17464048756152667,-0.49849465362623796,-1.0482285114335406,-1.295067100083244,-0.30708905427540895,-0.15400226253845015,2.4850892117543326,1.7582324286276418,-1.189345701899674,-0.07171754449906981,-0.17122985043365666,0.4831737300892918,0.7730059287129772
Maxi Kleber,Away,DAL,UTA,115,105,1,917af0ab-ff91-4592-ae9d-3685340824b2,-0.9807907480223662,-1.5364460173692835,0.0616998630418809,-0.12093052884928601,0.8151431075071861,1.3607164153235298,0.14724064756394317,-0.7575790117921962,1.0003855404218385,-1.189345701899674,-0.07171754449906981,-0.16788907076821785,-0.8841266433309671,0.4598913746948722
Jaden Hardy,Away,DAL,UTA,115,105,1,917af0ab-ff91-4592-ae9d-3685340824b2,-1.5617900070914978,-1.5364460173692835,0.0616998630418809,-0.12093052884928601,0.1307546484777871,-1.127082731482326,-0.5864590625487842,-2.477719054797594,0.9581398651439534,-1.189345701899674,-0.07171754449906981,-0.2557312500431712,-2.9259845366875616,2.6734720967985433
A.J. Lawson,Away,DAL,UTA,115,105,1,917af0ab-ff91-4592-ae9d-3685340824b2,-1.8116910513644735,-1.7428340239631492,0.09873478374187467,-0.3326288988822158,-1.9207437330020367,-0.01301926795091916,0.14319273399433272,-2.797218790709896,-0.2918593781365396,-1.189345701899674,-0.07171754449906981,-1.2937849389976461,-0.5947465005604877,0.6987569532294224
Dwight Powell,Away,DAL,UTA,115,105,1,917af0ab-ff91-4592-ae9d-3685340824b2,-1.8116910513644735,-1.7428340239631492,0.09873478374187467,-0.3326288988822158,-1.9207437330020367,-0.01301926795091916,0.14319273399433272,-2.797218790709896,-0.2918593781365396,-1.189345701899674,-0.07171754449906981,-1.3054413175866195,-0.6529361021014815,0.7496326645417531
Markieff Morris,Away,DAL,UTA,115,105,1,917af0ab-ff91-4592-ae9d-3685340824b2,-1.8116910513644735,-1.7428340239631492,0.09873478374187467,-0.3326288988822158,-2.545338878897405,0.3760490528798697,0.18115165338742384,-2.797218790709896,-0.2918593781365396,-1.189345701899674,-0.07171754449906981,-2.7331050483039485,0.6954159844458441,-0.24750831568169968
Kyrie Irving,Away,DAL,SAC,132,96,1,cad360a3-b20a-415c-a1bb-5bf8a79bba02,3.8098731625663786,3.0926016852844307,0.8369551992856409,-0.8271249448586184,-0.7578388752404616,-0.4742693274947923,-0.5327838123250467,1.463274324838459,0.49552260079211174,-0.9464098253792588,-0.05970447433017251,1.9200566587449148,1.9092829596924221,1.3265306902889098
P.J. Washington,Away,DAL,SAC,132,96,1,cad360a3-b20a-415c-a1bb-5bf8a79bba02,1.8871868327891952,-0.7946766337311506,-0.2026070532428459,-0.4026373669361672,3.8381895661424106,-2.133917162047165,-1.8737208527908222,1.5952646598565365,1.2004745473666996,-0.6422150151093589,0.10092923863380351,1.2760660904417036,1.5580452660538329,1.3879023229898828
Luka DonÄiÄ,Away,DAL,SAC,132,96,1,cad360a3-b20a-415c-a1bb-5bf8a79bba02,3.8007478134475807,3.83386892685635,0.13091777167178162,0.5814338752587547,2.9758923714805694,-1.7687901177912153,-1.409568647498728,1.6642013096845196,0.4699931834990206,1.9942041988941797,-0.6335206795205478,2.0471371086824455,1.3041586118005308,0.5970170713854033
Daniel Gafford,Away,DAL,SAC,132,96,1,cad360a3-b20a-415c-a1bb-5bf8a79bba02,-0.31912562759690344,1.3953455789483828,0.35038238238036623,0.5392368364387962,0.5219439691119441,-0.4287415611915574,1.5029557291285927,1.2316466597326352,-1.8362248749768426,-1.189345701899674,-0.07171754449906981,0.7711516485656003,1.279759804457644,1.2453589766196578
Derrick Jones Jr.,Away,DAL,SAC,132,96,1,cad360a3-b20a-415c-a1bb-5bf8a79bba02,0.11177241585338393,0.006830169094487044,1.0826067660105303,-0.9701818189979073,0.036920798546870276,0.8568503892486354,-0.9228856098910191,1.7670484626182021,1.4831689996358177,1.2368764500684897,0.16905092831209365,0.7154190983740645,2.0784174469858554,1.075293270171969
Tim Hardaway Jr.,Away,DAL,SAC,132,96,1,cad360a3-b20a-415c-a1bb-5bf8a79bba02,2.7944559775116597,1.3009522186022615,0.4235910760240485,-1.4971048584481268,0.09023972432653332,0.983847726228535,0.2134009713078501,2.2080353963825745,0.6515119710396793,0.8852497325387075,-0.2671392944489296,1.555209001042193,1.9539136115639981,0.27956781895120325
Dante Exum,Away,DAL,SAC,132,96,1,cad360a3-b20a-415c-a1bb-5bf8a79bba02,-0.1626418079538865,1.1222644787242262,0.19084660526362604,0.049681116112076276,-1.0060392028921523,-0.39771908551636087,-0.3489172662098248,2.2921567781121333,1.5263772565283025,-1.189345701899674,-0.07171754449906981,0.4297336482967847,1.053804107928165,0.6553016297505572
Dereck Lively II,Away,DAL,SAC,132,96,1,cad360a3-b20a-415c-a1bb-5bf8a79bba02,-1.0740487020613474,-0.4243327282425065,1.2849812057598298,-0.17373230639014978,2.525700161085424,1.4191698180627217,-2.223384281334546,-0.46849649540937305,-1.1771552540685157,-1.189345701899674,-0.07171754449906981,0.3333952967286111,0.5772620747744055,0.5879307900460138
Maxi Kleber,Away,DAL,SAC,132,96,1,cad360a3-b20a-415c-a1bb-5bf8a79bba02,-1.8116910513644735,1.2236750922429427,-0.37721386187312317,4.929717740900147,-2.0436149092437486,0.06351876237644914,0.15066006239953098,-2.797218790709896,-0.2918593781365396,-1.189345701899674,-0.07171754449906981,-0.577062465216529,-0.1626702394235456,0.4284186551021008
A.J. Lawson,Away,DAL,SAC,132,96,1,cad360a3-b20a-415c-a1bb-5bf8a79bba02,-0.9928515315381669,-1.7428340239631492,0.09873478374187467,-0.3326288988822158,-0.7831205897860225,-0.5893251209743895,-0.28520461016436405,2.8337892375661027,-2.4515644790485225,-1.189345701899674,-0.07171754449906981,0.40290747227217566,1.0276498988243765,-0.15281469915841395
Jaden Hardy,Away,DAL,SAC,132,96,1,cad360a3-b20a-415c-a1bb-5bf8a79bba02,-0.3802393396670171,-1.106421901687654,-0.5990873361895577,0.7521544520927169,-1.9924185858097019,0.03162791640671235,0.1475486755640317,2.442523313806176,0.2887986624940726,-1.189345701899674,-0.07171754449906981,1.5870911059656114,0.28663880301992783,-0.015226041330840706
Dwight Powell,Away,DAL,SAC,132,96,1,cad360a3-b20a-415c-a1bb-5bf8a79bba02,-1.7477746060026107,-1.7428340239631492,0.09873478374187467,-0.3326288988822158,-0.48497500258190857,-0.7584995459248076,-0.3625331989888746,-2.797218790709896,-0.2918593781365396,-1.189345701899674,-0.07171754449906981,-0.6845242897319044,-0.8449859531043219,1.387154524104198
Markieff Morris,Away,DAL,SAC,132,96,1,cad360a3-b20a-415c-a1bb-5bf8a79bba02,-1.112116951795668,-0.49139481768922216,-0.5237476884846353,-1.6930283078435318,-0.20305052681433702,-0.9180629577598537,-0.43616748900571467,6.663545139908659,1.4387554745582238,-1.189345701899674,-0.07171754449906981,0.020244481844587266,2.2751098866519084,-1.8405059142461504
Josh Green,Away,DAL,SAC,132,96,1,cad360a3-b20a-415c-a1bb-5bf8a79bba02,-1.8116910513644735,-1.7428340239631492,0.09873478374187467,-0.3326288988822158,-2.545338878897405,0.3760490528798697,0.18115165338742384,-2.797218790709896,-0.2918593781365396,-1.189345701899674,-0.07171754449906981,-2.7331050483039485,0.6954159844458441,-0.24750831568169968
Luka DonÄiÄ,Away,DAL,SAC,107,103,1,8bf1eb65-b012-4ad4-9c10-904f00570bfb,2.9742506617009776,5.470998527675366,-1.0207960407196517,-1.2054846815492548,1.7680564423748473,-1.5352299349402474,-1.9285150910224713,1.352466556718345,0.9706047425845837,5.7635374900907435,-0.9432026550084202,2.140230149598494,0.86624686868162,-0.5158930373848231
Kyrie Irving,Away,DAL,SAC,107,103,1,8bf1eb65-b012-4ad4-9c10-904f00570bfb,3.255395896360303,-0.035022961069312415,-0.9320502301802859,-0.040659391399129836,-0.6581092979988319,-0.539123339208082,-0.5554730645962628,2.3244379589951745,0.08752949261303472,2.5606406113678313,-0.687673146750576,1.8392392060219296,0.8150312576058883,-0.16817982991475072
P.J. Washington,Away,DAL,SAC,107,103,1,8bf1eb65-b012-4ad4-9c10-904f00570bfb,0.8754124444116191,-0.02840013390599063,0.889760943834815,-0.29050548034295054,1.5908753502208537,1.3339556142143785,-1.8319505758703987,-0.288061085922267,1.603656459310334,0.22398120470057742,-0.042963580926421996,0.9058348385238044,-0.34117325633877554,-0.34377455048672095
Daniel Gafford,Away,DAL,SAC,107,103,1,8bf1eb65-b012-4ad4-9c10-904f00570bfb,-0.8650186408144415,0.32570703798378414,0.3616218171570868,1.5950012836024936,3.4898967118759336,3.081359969296056,-0.4266510277650262,0.1991430734371899,-1.4805095938142447,-0.4664985998805743,0.5272358192828451,0.5766498587753992,0.009684612184442077,0.284467831046131
Derrick Jones Jr.,Away,DAL,SAC,107,103,1,8bf1eb65-b012-4ad4-9c10-904f00570bfb,-0.0664218500321788,-0.6366461513020473,-0.620207366320587,0.1961397630934426,-1.4000740281644821,-0.2452765877333623,-0.1215436889352734,0.4394413921106926,0.46422016083798334,-0.8738663512022377,0.11629365529557864,0.5530686501062443,-0.33153142506410194,0.5750159091938873
Dereck Lively II,Away,DAL,SAC,107,103,1,8bf1eb65-b012-4ad4-9c10-904f00570bfb,-0.23069600270074586,-0.7361008561741035,-0.3026253376913034,-0.9142999193780729,3.79135827762595,-0.004193306960464021,0.7438420520873095,1.253639925595561,-1.8424209505926403,1.171658177432202,0.34896988894285524,0.7391855798368706,0.3790461045609439,-0.661580697557175
Dante Exum,Away,DAL,SAC,107,103,1,8bf1eb65-b012-4ad4-9c10-904f00570bfb,0.29775701476449684,-0.18458716426082464,-0.37873779209380776,-0.20261820951528967,-0.3574811319773676,-0.7117331432498025,-0.6478802769019998,1.1077345881667782,1.5664262950289203,1.1828718637367073,0.03803009847959003,0.3840161032490733,-0.40083413100688553,-0.18085370693020822
Tim Hardaway Jr.,Away,DAL,SAC,107,103,1,8bf1eb65-b012-4ad4-9c10-904f00570bfb,-0.27398419408058344,-1.3680303163161784,-0.07030570123816358,-0.7005936192351117,-0.8247591422675659,-0.5095997907833465,-0.4004350297284619,-0.6506838455037477,1.1257032247409526,1.1449880494442628,-0.053880035880524535,0.377253468888565,-0.9074635638250231,0.24459215920430832
Maxi Kleber,Away,DAL,SAC,107,103,1,8bf1eb65-b012-4ad4-9c10-904f00570bfb,-0.41254285222686204,-0.7705442794359938,-0.35452919905573005,-1.320655897144487,-0.39619947128604077,-0.35501064933634313,0.9362666431552027,6.587226055918536,1.4601693101254067,-1.189345701899674,-0.07171754449906981,0.056527092603851616,1.5486689745523232,-0.40323989589649495
Jaden Hardy,Away,DAL,SAC,107,103,1,8bf1eb65-b012-4ad4-9c10-904f00570bfb,-1.8116910513644735,-1.7428340239631492,0.09873478374187467,-0.3326288988822158,-2.545338878897405,0.3760490528798697,0.18115165338742384,-2.797218790709896,-0.2918593781365396,-1.189345701899674,-0.07171754449906981,-2.7331050483039485,0.6954159844458441,-0.24750831568169968
A.J. Lawson,Away,DAL,SAC,107,103,1,8bf1eb65-b012-4ad4-9c10-904f00570bfb,-1.8116910513644735,-1.7428340239631492,0.09873478374187467,-0.3326288988822158,-2.545338878897405,0.3760490528798697,0.18115165338742384,-2.797218790709896,-0.2918593781365396,-1.189345701899674,-0.07171754449906981,-2.7331050483039485,0.6954159844458441,-0.24750831568169968
Markieff Morris,Away,DAL,SAC,107,103,1,8bf1eb65-b012-4ad4-9c10-904f00570bfb,-1.8116910513644735,-1.7428340239631492,0.09873478374187467,-0.3326288988822158,-2.545338878897405,0.3760490528798697,0.18115165338742384,-2.797218790709896,-0.2918593781365396,-1.189345701899674,-0.07171754449906981,-2.7331050483039485,0.6954159844458441,-0.24750831568169968
Dwight Powell,Away,DAL,SAC,107,103,1,8bf1eb65-b012-4ad4-9c10-904f00570bfb,-1.8116910513644735,-1.7428340239631492,0.09873478374187467,-0.3326288988822158,-2.545338878897405,0.3760490528798697,0.18115165338742384,-2.797218790709896,-0.2918593781365396,-1.189345701899674,-0.07171754449906981,-2.7331050483039485,0.6954159844458441,-0.24750831568169968
Luka DonÄiÄ,Away,DAL,HOU,125,107,1,61f09dfc-630f-424b-a5fa-7960081b22a9,8.65089844831696,3.705960008186327,0.016728121690313246,-0.9548249521066778,3.1836550219650435,-2.146979601084198,-2.6577675140669883,2.1211106826352477,0.6985008154350392,0.9255379058927501,-0.5269398204307988,2.7798618404553532,1.7250850081533087,-0.6308030669875974
Kyrie Irving,Away,DAL,HOU,125,107,1,61f09dfc-630f-424b-a5fa-7960081b22a9,3.6892727262156297,1.9585573126192977,-0.11746859386870141,-1.0067000644462085,-0.45373160030415216,-0.36111929148915173,0.3517136939891018,1.3580790956061317,0.5552453801947062,0.9990950624882537,-0.40783182990564626,1.7050457889852102,0.9068468864194739,0.26924694288633483
P.J. Washington,Away,DAL,HOU,125,107,1,61f09dfc-630f-424b-a5fa-7960081b22a9,1.1039946549447426,0.6153961004173908,0.8880453692139743,0.38966265874076295,1.7369254224668902,0.565995640076011,0.3630051620271768,2.0573610482665527,1.1049308046386588,0.26428313479892246,0.054813157754550826,0.9050670564849241,1.2498809995229057,0.6334015989153832
Daniel Gafford,Away,DAL,HOU,125,107,1,61f09dfc-630f-424b-a5fa-7960081b22a9,-0.928935086176304,1.101118523136592,0.28738659954745915,0.4869405388668892,2.9921593979313816,7.046871617145053,-1.4241088945501017,1.3982848363188765,-1.9038513545233693,-1.189345701899674,-0.07171754449906981,0.48753419898931993,1.452575521551043,0.19035407769779733
Derrick Jones Jr.,Away,DAL,HOU,125,107,1,61f09dfc-630f-424b-a5fa-7960081b22a9,-1.097094164397141,0.6473008707431063,0.26702535055898147,1.2859421062627359,0.9225051994673911,-0.9673763368896574,-0.033654607542754386,-1.6557693979871244,-0.26150567034349126,-1.189345701899674,-0.07171754449906981,0.3288748946203489,-0.7671627129641874,0.984177104544239
Tim Hardaway Jr.,Away,DAL,HOU,125,107,1,61f09dfc-630f-424b-a5fa-7960081b22a9,0.9728179347990077,-1.2395865437180869,-0.39201317779882006,0.3321353352720763,0.5737040792789411,-1.1133467350464485,-1.1266302588133696,1.116415345474266,1.5464927129934727,-1.189345701899674,-0.07171754449906981,0.6074212842161264,0.040204702004151736,0.6156216139503753
Maxi Kleber,Away,DAL,HOU,125,107,1,61f09dfc-630f-424b-a5fa-7960081b22a9,-1.3527599458445918,0.09238942706819386,-1.6036468912184356,2.732266135066813,0.4692202783508707,-0.7680352275168533,0.24551359251507723,0.08107531319180854,-0.04968432931333174,-1.189345701899674,-0.07171754449906981,-0.12218542631147253,-0.9460428804171704,0.2566881925386668
Dante Exum,Away,DAL,HOU,125,107,1,61f09dfc-630f-424b-a5fa-7960081b22a9,0.8329242605594814,-0.9734952630409484,-0.24955227596329935,-1.0908960978525055,-1.1244878010222277,-0.03784023256255846,1.1030796595635812,5.700406329486652,0.6424049666365509,-1.189345701899674,-0.07171754449906981,0.4393258868348266,1.4836535038618144,-0.6707249584289308
Jaden Hardy,Away,DAL,HOU,125,107,1,61f09dfc-630f-424b-a5fa-7960081b22a9,0.4822738964771081,0.07097200298993683,-1.1360775554646383,1.0299938308748338,-0.67910837924354,-0.5925487016356177,-0.4361828720419215,1.0208209964468162,1.2168925730225513,-1.189345701899674,-0.07171754449906981,0.44223631883908976,-1.0600744597774012,0.24114405513467776
Dereck Lively II,Away,DAL,HOU,125,107,1,61f09dfc-630f-424b-a5fa-7960081b22a9,-1.5387445447557047,-0.5068495435097594,1.9134868588918785,0.22813105947738277,0.963327818393093,3.6909230205581545,0.18628758575001922,2.937860715734453,-2.480765163912863,-1.189345701899674,-0.07171754449906981,-0.12096434574351339,1.774787905647397,1.3820911134150653
A.J. Lawson,Away,DAL,HOU,125,107,1,61f09dfc-630f-424b-a5fa-7960081b22a9,-1.7477746060026107,-1.7428340239631492,0.09873478374187467,-0.3326288988822158,1.1371204476286563,-1.6972170002830407,-0.851639325415461,-2.797218790709896,-0.2918593781365396,-1.189345701899674,-0.07171754449906981,-0.46409526838185283,-1.9734326911875701,1.8010162289561704
Markieff Morris,Away,DAL,HOU,125,107,1,61f09dfc-630f-424b-a5fa-7960081b22a9,-1.6257064524533607,-1.7428340239631492,0.09873478374187467,-0.3326288988822158,-1.9207437330020367,-0.01301926795091916,0.14319273399433272,-2.158219318885292,2.2081391084244464,-1.189345701899674,-0.07171754449906981,-0.5094256295611934,-2.1997255860692118,1.9988662173930114
Dwight Powell,Away,DAL,HOU,125,107,1,61f09dfc-630f-424b-a5fa-7960081b22a9,-1.8116910513644735,-1.7428340239631492,0.09873478374187467,-0.3326288988822158,-1.9207437330020367,-0.01301926795091916,0.14319273399433272,-2.797218790709896,-0.2918593781365396,-1.189345701899674,-0.07171754449906981,-1.2006570899742652,-0.3799924512790818,0.62107491122345
Olivier-Maxence Prosper,Away,DAL,HOU,125,107,1,61f09dfc-630f-424b-a5fa-7960081b22a9,-1.7477746060026107,-0.13904936004173135,-0.705999291075661,-2.091916848281,5.242714071308544,-1.116472063819634,10.440937902362949,-1.8189468959274047,-0.5663458158613388,-1.189345701899674,-0.07171754449906981,-0.01597226929465748,0.26363421249951646,-0.15487222816231555
Luka DonÄiÄ,Away,DAL,GSW,100,104,0,252fbdd8-2331-437e-aeab-1aa8167da641,4.891992743752397,3.7884141949763186,-2.980106362782453,-1.8003280498216356,3.2079538986741416,-1.900214963298704,-1.848377287979512,1.3530662735442487,0.6362851082076961,1.4080554188391259,-0.5764340534766381,2.2187532272845987,1.0409627507434436,-0.31308087839053433
Kyrie Irving,Away,DAL,GSW,100,104,0,252fbdd8-2331-437e-aeab-1aa8167da641,3.8204494463613647,3.085501568260625,1.554290731084002,1.560891618329491,-1.1598162672289944,1.0371961495509672,-0.3445069998985213,1.39875136276268,0.5003757713671507,1.4902359291782339,-0.5461281452144223,1.8835576652016663,0.5958677986345575,-0.2370953679340111
P.J. Washington,Away,DAL,GSW,100,104,0,252fbdd8-2331-437e-aeab-1aa8167da641,3.253536566659108,1.3276822441850538,2.626087194793148,1.107062668863401,0.5877033986732016,0.3375960151017638,-1.3138331654992121,0.5150884243470116,0.6315001792149557,0.14740753751372176,-0.22873938442027045,1.4950739337163486,-0.5214514396000436,-0.7983178185085159
Daniel Gafford,Away,DAL,GSW,100,104,0,252fbdd8-2331-437e-aeab-1aa8167da641,-0.2552091822350407,1.555460088855382,0.19618064063722065,0.616257789425165,2.371597609634575,-1.048817898207559,0.970409281191994,0.7429755225962733,-1.647515203179397,-1.189345701899674,-0.07171754449906981,0.654235159894704,0.03640935495916408,-0.240056437886934
Derrick Jones Jr.,Away,DAL,GSW,100,104,0,252fbdd8-2331-437e-aeab-1aa8167da641,-1.4339571163677727,-0.5365052420915373,-0.7993306905866769,0.6086525350667498,1.0721316627011175,2.7251315144908936,-0.2570378795081991,-2.4501402620507147,0.2805790107478944,-1.189345701899674,-0.07171754449906981,-0.17529658854724955,-1.5699056471069723,-0.5422577965289975
Tim Hardaway Jr.,Away,DAL,GSW,100,104,0,252fbdd8-2331-437e-aeab-1aa8167da641,-0.008270141844791424,-0.7678173750647731,-0.33111199169964534,-1.2673943187954166,-0.49041005149723416,-0.6385977806827811,-0.6278333354368665,1.1898352110222485,0.6591327949747652,-1.189345701899674,-0.07171754449906981,0.36131311860320875,-0.16692848979071706,-0.4950648807099001
Dante Exum,Away,DAL,GSW,100,104,0,252fbdd8-2331-437e-aeab-1aa8167da641,-0.8622159075226923,1.3292305179162582,-1.9888207246120027,0.9161199946619158,-0.1567641885949481,-0.5042384955522363,0.3895071733167197,0.7922009975369733,1.4399678585793076,-1.189345701899674,-0.07171754449906981,0.1434432833481989,-0.22824983698292853,0.3302038430629519
Maxi Kleber,Away,DAL,GSW,100,104,0,252fbdd8-2331-437e-aeab-1aa8167da641,-1.4339571163677727,0.13573009930878438,1.305085577024774,-0.5811902031102106,1.723943220227285,4.559621251175927,-0.6110207899616757,-2.3113782911595813,0.2416447642621072,-1.189345701899674,-0.07171754449906981,0.07821816544024152,0.34176374427931344,0.23444011983780583
Dwight Powell,Away,DAL,GSW,100,104,0,252fbdd8-2331-437e-aeab-1aa8167da641,-1.8116910513644735,-1.167898096372404,-0.17382461150986617,-0.9271623102035934,1.0242468379374439,-1.0234404828371573,0.7792243015639636,-2.1311613304324553,-0.4787437612683178,-0.7889140406673348,-0.2549780901649377,-0.7606202783848542,-0.6648988538114601,-0.32451077486196184
Jaden Hardy,Away,DAL,GSW,100,104,0,252fbdd8-2331-437e-aeab-1aa8167da641,-0.6762313086115795,-1.7428340239631492,0.09873478374187467,-0.3326288988822158,-0.9992177046065769,-0.4787855028149406,-0.26325132857986966,0.014218492557962837,1.5459984399693012,-1.189345701899674,-0.07171754449906981,-0.08689291663753071,-1.1820553684073312,-0.029136438281128732
A.J. Lawson,Away,DAL,GSW,100,104,0,252fbdd8-2331-437e-aeab-1aa8167da641,-1.8116910513644735,-1.7428340239631492,0.09873478374187467,-0.3326288988822158,-2.545338878897405,0.3760490528798697,0.18115165338742384,-2.797218790709896,-0.2918593781365396,-1.189345701899674,-0.07171754449906981,-2.7331050483039485,0.6954159844458441,-0.24750831568169968
Markieff Morris,Away,DAL,GSW,100,104,0,252fbdd8-2331-437e-aeab-1aa8167da641,-1.8116910513644735,-1.7428340239631492,0.09873478374187467,-0.3326288988822158,-2.545338878897405,0.3760490528798697,0.18115165338742384,-2.797218790709896,-0.2918593781365396,-1.189345701899674,-0.07171754449906981,-2.7331050483039485,0.6954159844458441,-0.24750831568169968
Olivier-Maxence Prosper,Away,DAL,GSW,100,104,0,252fbdd8-2331-437e-aeab-1aa8167da641,-1.8116910513644735,-1.7428340239631492,0.09873478374187467,-0.3326288988822158,-2.545338878897405,0.3760490528798697,0.18115165338742384,-2.797218790709896,-0.2918593781365396,-1.189345701899674,-0.07171754449906981,-2.7331050483039485,0.6954159844458441,-0.24750831568169968
Luka DonÄiÄ,Home,DAL,ATL,109,95,1,0c4ca928-28e0-4c3b-8fda-009266fefae9,5.249483949705053,4.568002080424836,-0.522752698453268,-0.21336697439518984,3.23506328757578,-0.6130955579430389,-2.8917104446555917,0.4732251440891638,1.1288853053694914,1.4596064623034917,-0.6204384666119617,2.3322586089355855,1.3922162483349678,0.8252589465209432
P.J. Washington,Home,DAL,ATL,109,95,1,0c4ca928-28e0-4c3b-8fda-009266fefae9,2.7333422654415456,0.6889555472452302,0.28291310987933227,-0.07205809764500283,1.8258088481739714,0.20510705726492834,-1.1673059180420045,2.482501874332314,1.2893117788078974,1.0611600348397052,-0.2572556523369481,1.382385233795408,1.6886041908343727,0.044302059617848034
Kyrie Irving,Home,DAL,ATL,109,95,1,0c4ca928-28e0-4c3b-8fda-009266fefae9,3.521654744125053,0.3721664319257832,-1.3690729021934362,0.8399880638222342,0.8172560390043735,0.8835082993554578,0.3406531668109693,0.9219210727052471,0.2650618043041234,1.4781453501487303,-0.5754611668187142,1.8369204768470049,0.30302671913343326,0.14043295307757275
Derrick Jones Jr.,Home,DAL,ATL,109,95,1,0c4ca928-28e0-4c3b-8fda-009266fefae9,0.4275987188169841,-0.5579407893720257,0.8236590323372401,0.4040671305724365,0.9913978262372245,0.9620498421775566,0.3931381796423994,1.1844624035720703,0.06965007468667929,2.8629050871054194,0.045652393356720465,1.0330580153434725,1.045859355910302,0.41415588038711937
Daniel Gafford,Home,DAL,ATL,109,95,1,0c4ca928-28e0-4c3b-8fda-009266fefae9,-0.8650186408144415,0.23641871137267437,1.11165515466727,0.38996221366516937,0.6655633097256253,2.8817473029414535,-0.332782139944711,0.6785194058794967,-1.6149364112237803,-1.189345701899674,-0.07171754449906981,0.2331170272613306,0.18648112852842688,-0.0348958161436283
Dante Exum,Home,DAL,ATL,109,95,1,0c4ca928-28e0-4c3b-8fda-009266fefae9,-1.1898208092692724,-0.08122945595263013,1.0916277651261463,-0.5301288003755225,0.3890851217114654,-1.008451992909244,-1.1358171918360647,-2.0890119348710727,1.5188979800826512,-1.189345701899674,-0.07171754449906981,-0.02448524454822754,-0.6192589469152349,0.08399910333142911
Maxi Kleber,Home,DAL,ATL,109,95,1,0c4ca928-28e0-4c3b-8fda-009266fefae9,-0.3148551771066529,-0.046062575145182465,-0.8730648812709224,0.20239713415396596,1.8970499905713127,0.8393339426543855,0.23421506960651797,0.9788027165546184,0.7872209221853238,1.2368764500684897,0.16905092831209365,0.4092016691915756,0.36254645840822847,-0.09497259078623865
Tim Hardaway Jr.,Home,DAL,ATL,109,95,1,0c4ca928-28e0-4c3b-8fda-009266fefae9,0.8542430942993338,1.1086520597859317,0.39805437860248233,-0.1872270843733746,-1.0438075650181646,-0.38064169883324883,-0.3744616257949187,0.4321651759249204,1.347965080439707,-1.189345701899674,-0.07171754449906981,0.6056238624045208,-0.12319698729828872,-0.09257799144654444
Dwight Powell,Home,DAL,ATL,109,95,1,0c4ca928-28e0-4c3b-8fda-009266fefae9,-1.5387445447557047,-0.7922131957731492,-1.0876892829542193,1.7432107951526559,1.0087781831967575,-0.550912250418745,2.510297130330652,1.7270423375218331,-2.141295409107519,-0.1830912693166032,1.7921869562874535,-0.27857508226276845,-0.0712117487583499,0.6571414014294676
Jaden Hardy,Home,DAL,ATL,109,95,1,0c4ca928-28e0-4c3b-8fda-009266fefae9,-1.1028589015716161,-1.3300580107754179,0.02466494234188713,0.0907678411836438,1.396830238168972,-1.165565978024369,0.9651288379277434,-0.9450812739265742,0.38317276807874934,-1.189345701899674,-0.07171754449906981,0.08903720598957846,-1.3218987792332075,1.1430389581946137
A.J. Lawson,Home,DAL,ATL,109,95,1,0c4ca928-28e0-4c3b-8fda-009266fefae9,-1.8116910513644735,-1.7428340239631492,0.09873478374187467,-0.3326288988822158,4.043034290431192,-3.328778360964759,-1.5975341091262238,-2.797218790709896,-0.2918593781365396,-1.189345701899674,-0.07171754449906981,-1.1034019656688205,0.36414111995958387,0.10286875152263575
Olivier-Maxence Prosper,Home,DAL,ATL,109,95,1,0c4ca928-28e0-4c3b-8fda-009266fefae9,-1.8116910513644735,-1.7428340239631492,0.09873478374187467,-0.3326288988822158,-2.02313637987013,0.05076242398855443,0.14941550766533127,-2.797218790709896,-0.2918593781365396,-1.189345701899674,-0.07171754449906981,-1.2134899856757906,-0.18542733903868885,0.5833615805835355
Brandon Williams,Home,DAL,ATL,109,95,1,0c4ca928-28e0-4c3b-8fda-009266fefae9,-1.6257064524533607,-1.7428340239631492,0.09873478374187467,-0.3326288988822158,-2.02313637987013,0.05076242398855443,0.14941550766533127,-2.158219318885292,2.2081391084244464,-1.189345701899674,-0.07171754449906981,0.6324959898343385,-4.122416486034293,3.493422490042218
Alex Fudge,Home,DAL,ATL,109,95,1,0c4ca928-28e0-4c3b-8fda-009266fefae9,-1.8116910513644735,-1.7428340239631492,0.09873478374187467,-0.3326288988822158,-2.545338878897405,0.3760490528798697,0.18115165338742384,-2.797218790709896,-0.2918593781365396,-1.189345701899674,-0.07171754449906981,-2.7331050483039485,0.6954159844458441,-0.24750831568169968
Markieff Morris,Home,DAL,ATL,109,95,1,0c4ca928-28e0-4c3b-8fda-009266fefae9,-1.8116910513644735,-1.7428340239631492,0.09873478374187467,-0.3326288988822158,-2.545338878897405,0.3760490528798697,0.18115165338742384,-2.797218790709896,-0.2918593781365396,-1.189345701899674,-0.07171754449906981,-2.7331050483039485,0.6954159844458441,-0.24750831568169968
Kyrie Irving,Home,DAL,GSW,108,106,1,7aa736b0-9cb6-459c-b03b-9479f330ec7a,3.012876790087871,4.104041668317294,-0.4324927433183312,0.3864616441980712,1.9291636196695139,-0.017196554989174658,-1.1052969284794074,0.8065418621776242,0.06424578125970487,2.962852490646208,-0.9629726259143702,1.9257628459920755,0.10881327987681773,-0.4472879279939064
P.J. Washington,Home,DAL,GSW,108,106,1,7aa736b0-9cb6-459c-b03b-9479f330ec7a,4.479152562904101,4.45756236410425,3.4092060892711498,1.3653833875331356,0.9218633106592585,1.5034438085368813,-1.528937701234704,2.3001590687246396,0.5137517556456687,1.504606194802628,-0.4716980700397933,2.028283295690858,1.344941569865998,-0.6499609213973399
Derrick Jones Jr.,Home,DAL,GSW,108,106,1,7aa736b0-9cb6-459c-b03b-9479f330ec7a,1.0262907974711382,-0.6000392048112472,-0.5073127495331976,0.3435187209695406,1.0272620541149324,3.4838063477387067,0.44134116609649865,-0.02406299981904934,1.1308255958235156,0.20947250986517318,-0.07816320685157226,1.0839465669128934,0.09350256160263956,0.4666081639953817
Dante Exum,Home,DAL,GSW,108,106,1,7aa736b0-9cb6-459c-b03b-9479f330ec7a,0.29348656427424624,1.5110988801951737,-1.7675800842443359,-0.848713930153849,-1.0451163275184867,-0.3829007896232551,-0.34169158036517283,1.6774640209025404,-0.09230502535327051,-1.189345701899674,-0.07171754449906981,0.9531675344721003,0.5822706816636458,0.3293508097829708
Daniel Gafford,Home,DAL,GSW,108,106,1,7aa736b0-9cb6-459c-b03b-9479f330ec7a,-0.31912562759690344,1.3830296892209506,-1.6146572434713553,0.08709997484098667,7.087990738295028,1.6164270619902832,-0.5539422586530623,0.9826943418756862,-1.7664415771489277,-0.5583870005048011,0.304304855090227,0.9501139888168296,0.8253264067948796,0.007689594310411871
Tim Hardaway Jr.,Home,DAL,GSW,108,106,1,7aa736b0-9cb6-459c-b03b-9479f330ec7a,1.1912387473752195,0.6473544428919501,-1.1549047989580705,0.2749618863906484,-0.5364363322808077,-0.6095184468423361,-0.6019829542161783,-0.1129175599847997,0.545649785235668,2.059562540259004,-0.49473758748211094,0.9719721782909149,-1.2763936140176964,-0.3011226042666181
Jaden Hardy,Home,DAL,GSW,108,106,1,7aa736b0-9cb6-459c-b03b-9479f330ec7a,-0.5253529555520606,-0.0024886773038173106,-0.9994838183804413,-0.15119162656311722,0.18309614005564823,-1.0233060747032525,-0.8188657498144027,0.70612717287463,0.7116224979158767,-1.189345701899674,-0.07171754449906981,0.1052500078322594,-0.8996360114406018,-0.3072825936911617
Dwight Powell,Home,DAL,GSW,108,106,1,7aa736b0-9cb6-459c-b03b-9479f330ec7a,-1.6593449811064531,1.8807971467449467,4.745059809332702,0.48991612588114236,0.15611965735169606,-0.5178015911181125,1.4241391027827721,-1.0075245866107774,-0.7935559177626116,2.526538213215532,3.2979065661032254,-0.3420483188808005,0.2366546309608807,-0.797493528661291
A.J. Lawson,Home,DAL,GSW,108,106,1,7aa736b0-9cb6-459c-b03b-9479f330ec7a,-1.5617900070914978,-0.9170281305273905,-0.30358775255467635,-1.2111709509950705,-1.9514615270624647,0.006115239630922915,0.14505956609563228,-2.248761802827224,0.8938983584424047,-1.189345701899674,-0.07171754449906981,-0.4376803746790446,-1.2440499174732176,0.9430453978854177
Alex Fudge,Home,DAL,GSW,108,106,1,7aa736b0-9cb6-459c-b03b-9479f330ec7a,-1.8116910513644735,-1.7428340239631492,0.09873478374187467,-0.3326288988822158,-2.545338878897405,0.3760490528798697,0.18115165338742384,-2.797218790709896,-0.2918593781365396,-1.189345701899674,-0.07171754449906981,-2.7331050483039485,0.6954159844458441,-0.24750831568169968
Maxi Kleber,Home,DAL,GSW,108,106,1,7aa736b0-9cb6-459c-b03b-9479f330ec7a,-1.8116910513644735,-1.7428340239631492,0.09873478374187467,-0.3326288988822158,-2.545338878897405,0.3760490528798697,0.18115165338742384,-2.797218790709896,-0.2918593781365396,-1.189345701899674,-0.07171754449906981,-1.1994021275963807,0.04719816308244802,0.14498988050278552
Markieff Morris,Home,DAL,GSW,108,106,1,7aa736b0-9cb6-459c-b03b-9479f330ec7a,-1.8116910513644735,-1.7428340239631492,0.09873478374187467,-0.3326288988822158,-2.545338878897405,0.3760490528798697,0.18115165338742384,-2.797218790709896,-0.2918593781365396,-1.189345701899674,-0.07171754449906981,-2.7331050483039485,0.6954159844458441,-0.24750831568169968
Olivier-Maxence Prosper,Home,DAL,GSW,108,106,1,7aa736b0-9cb6-459c-b03b-9479f330ec7a,-1.8116910513644735,-1.7428340239631492,0.09873478374187467,-0.3326288988822158,-2.545338878897405,0.3760490528798697,0.18115165338742384,-2.797218790709896,-0.2918593781365396,-1.189345701899674,-0.07171754449906981,-2.7331050483039485,0.6954159844458441,-0.24750831568169968
Brandon Williams,Home,DAL,GSW,108,106,1,7aa736b0-9cb6-459c-b03b-9479f330ec7a,-1.8116910513644735,-1.7428340239631492,0.09873478374187467,-0.3326288988822158,-2.545338878897405,0.3760490528798697,0.18115165338742384,-2.797218790709896,-0.2918593781365396,-1.189345701899674,-0.07171754449906981,-2.7331050483039485,0.6954159844458441,-0.24750831568169968
Luka DonÄiÄ,Home,DAL,HOU,147,136,1,64944bff-e8a0-4fd8-bc4c-73ddae29c5e5,4.875767641365876,5.2737921242497885,-3.6307627358413868,-0.3103301910492181,3.1665596791950055,1.153425282481083,-0.6350244793595847,1.7244132833039107,0.30072524577230486,4.399197315025671,-1.4678161714271936,2.514398473282351,1.6050286064198016,0.48387066175815086
Kyrie Irving,Home,DAL,HOU,147,136,1,64944bff-e8a0-4fd8-bc4c-73ddae29c5e5,5.4751167347332315,0.4502607874632311,0.20337874172956208,0.04218976280918191,1.0753007933332055,-1.268432705853116,-1.469925362856084,1.6998137670951443,-0.18368764243522692,7.550047711852137,-2.605082636616403,2.6199402471097173,1.5680171745928242,0.6149755497283798
P.J. Washington,Home,DAL,HOU,147,136,1,64944bff-e8a0-4fd8-bc4c-73ddae29c5e5,1.552482177774892,-1.0207959859532758,-0.1553660427977547,-0.5919979787045988,4.971457387141357,0.43344685624028073,-1.5543535007784242,0.8821911530388614,0.6512904094916845,1.0490694558102016,-0.28658867394123994,1.396253514412567,0.6735646184042094,-0.08575525878591525
Derrick Jones Jr.,Home,DAL,HOU,147,136,1,64944bff-e8a0-4fd8-bc4c-73ddae29c5e5,0.13481787818917723,0.6292584327431336,0.5091657152874355,1.874138365108012,-0.8340857822409782,-0.5028878084461683,-0.379523502049644,3.5474504874419686,1.029249856036459,1.3174803102651798,0.3646044056740393,0.31227947803604456,-0.22696673083420837,-0.7976255449177297
Daniel Gafford,Home,DAL,HOU,147,136,1,64944bff-e8a0-4fd8-bc4c-73ddae29c5e5,-0.9928515315381669,0.5140508317035308,-1.4076304296377724,2.744411543813641,-0.5862123192534583,1.5908946533261086,-0.5647100239927365,1.9128764349235463,-2.193282987288899,-0.7207190168285263,0.4878452622832755,-0.26125945874486306,-2.166548598717846,-1.3576667191824103
Dante Exum,Home,DAL,HOU,147,136,1,64944bff-e8a0-4fd8-bc4c-73ddae29c5e5,1.122361271765279,1.1656123993329304,-1.7704921684137815,1.5300981999669894,2.529367950040205,-1.652516501536033,-1.0236121981271038,0.9778887397630349,0.5073250687833627,1.0611600348397052,-0.2572556523369481,1.4180398223719766,0.9080029606793825,1.6571231725881936
Maxi Kleber,Home,DAL,HOU,147,136,1,64944bff-e8a0-4fd8-bc4c-73ddae29c5e5,-0.4748588792849694,1.89037012127545,1.3263736611243904,0.8638391832673072,0.5470870239766659,0.5363022661580439,-1.1612733639993893,1.3725661313115602,1.7856618608708938,4.956539637700248,3.465620611202956,1.0337341740829866,2.1134038708927605,1.4593679877528256
Tim Hardaway Jr.,Home,DAL,HOU,147,136,1,64944bff-e8a0-4fd8-bc4c-73ddae29c5e5,-0.21730020309169754,-1.3300580107754179,0.02466494234188713,0.0907678411836438,-1.2377848654978283,-0.33890864304862117,-0.15338969560435603,0.18562562854097242,1.0376878790624022,-1.189345701899674,-0.07171754449906981,0.0497941982466055,-0.9819526885279292,0.13281558693643017
Jaden Hardy,Home,DAL,HOU,147,136,1,64944bff-e8a0-4fd8-bc4c-73ddae29c5e5,-1.6348318015721583,-1.7428340239631492,0.09873478374187467,-0.3326288988822158,-0.10148866242113828,-0.2073160196518276,2.7599261787911034,0.49406274432910013,-1.2143521583251022,1.8113026508531982,-1.0970422977569037,-0.3316432152688543,0.20139361627209992,-1.010894281831478
Alex Fudge,Home,DAL,HOU,147,136,1,64944bff-e8a0-4fd8-bc4c-73ddae29c5e5,-1.8116910513644735,-1.7428340239631492,0.09873478374187467,-0.3326288988822158,-2.545338878897405,0.3760490528798697,0.18115165338742384,-2.797218790709896,-0.2918593781365396,-1.189345701899674,-0.07171754449906981,-2.7331050483039485,0.6954159844458441,-0.24750831568169968
A.J. Lawson,Home,DAL,HOU,147,136,1,64944bff-e8a0-4fd8-bc4c-73ddae29c5e5,-1.8116910513644735,-1.7428340239631492,0.09873478374187467,-0.3326288988822158,-2.545338878897405,0.3760490528798697,0.18115165338742384,-2.797218790709896,-0.2918593781365396,-1.189345701899674,-0.07171754449906981,-2.7331050483039485,0.6954159844458441,-0.24750831568169968
Markieff Morris,Home,DAL,HOU,147,136,1,64944bff-e8a0-4fd8-bc4c-73ddae29c5e5,-1.8116910513644735,-1.7428340239631492,0.09873478374187467,-0.3326288988822158,-2.545338878897405,0.3760490528798697,0.18115165338742384,-2.797218790709896,-0.2918593781365396,-1.189345701899674,-0.07171754449906981,-2.7331050483039485,0.6954159844458441,-0.24750831568169968
Dwight Powell,Home,DAL,HOU,147,136,1,64944bff-e8a0-4fd8-bc4c-73ddae29c5e5,-1.8116910513644735,-1.7428340239631492,0.09873478374187467,-0.3326288988822158,-2.545338878897405,0.3760490528798697,0.18115165338742384,-2.797218790709896,-0.2918593781365396,-1.189345701899674,-0.07171754449906981,-2.7331050483039485,0.6954159844458441,-0.24750831568169968
Olivier-Maxence Prosper,Home,DAL,HOU,147,136,1,64944bff-e8a0-4fd8-bc4c-73ddae29c5e5,-1.8116910513644735,-1.7428340239631492,0.09873478374187467,-0.3326288988822158,-2.545338878897405,0.3760490528798697,0.18115165338742384,-2.797218790709896,-0.2918593781365396,-1.189345701899674,-0.07171754449906981,-2.7331050483039485,0.6954159844458441,-0.24750831568169968
Brandon Williams,Home,DAL,HOU,147,136,1,64944bff-e8a0-4fd8-bc4c-73ddae29c5e5,-1.8116910513644735,-1.7428340239631492,0.09873478374187467,-0.3326288988822158,-2.545338878897405,0.3760490528798697,0.18115165338742384,-2.797218790709896,-0.2918593781365396,-1.189345701899674,-0.07171754449906981,-2.7331050483039485,0.6954159844458441,-0.24750831568169968
Kyrie Irving,Away,DAL,CHO,130,104,1,39b58899-d943-447f-99ed-48fa03e109cd,2.163759353552794,3.374661332763069,0.4212587172108136,-0.7087337240167781,2.993892267995286,2.61570393558159,-0.8172677686886849,0.6997117975142777,0.4960607013110112,2.038536322002359,-0.5259662669714776,1.7543259527862498,1.746858758848717,1.0092082114775975
Luka DonÄiÄ,Away,DAL,CHO,130,104,1,39b58899-d943-447f-99ed-48fa03e109cd,7.236319066755815,3.1390483019900777,-2.465156424535933,-1.51305389850396,3.993624615021621,-0.5692191467916775,-1.2335312515235173,1.8421830792732294,1.0053178641125207,2.540653931513563,-0.9582288547955251,2.5191042571258024,2.075337756443935,0.34061064789864615
P.J. Washington,Away,DAL,CHO,130,104,1,39b58899-d943-447f-99ed-48fa03e109cd,-0.5876522000878549,1.8376986880024722,-0.5023349836600295,1.4851432109549116,1.6472172416698534,-0.9972651786711657,0.30338926834829594,-1.8356322970931052,1.734542703395081,0.29330052446973087,0.12521240960485125,0.6539400661980176,-0.5194788120417929,1.433215662223333
Daniel Gafford,Away,DAL,CHO,130,104,1,39b58899-d943-447f-99ed-48fa03e109cd,1.5520966528369111,-0.3806205798318579,1.1809508072648676,-0.27185796994809386,2.811938106902162,1.755441573656634,-0.2519889293007103,2.6876934536000316,-2.4106201681623753,0.9798209901640794,-0.1164473871785754,1.29302656913065,1.7337596042187604,-0.4512013951720724
Derrick Jones Jr.,Away,DAL,CHO,130,104,1,39b58899-d943-447f-99ed-48fa03e109cd,0.4506609636750904,-0.4198729260841801,-0.37164753822288416,-0.770602087289063,0.3722171766860527,1.1983793895565895,1.0915657490872364,1.1488089004418647,0.4437060562524234,-1.189345701899674,-0.07171754449906981,0.7531351594616021,1.3221730593767644,1.3327873309169782
Tim Hardaway Jr.,Away,DAL,CHO,130,104,1,39b58899-d943-447f-99ed-48fa03e109cd,1.849809162812702,-0.1439981100280496,0.830160522873324,0.14545773253607885,0.08451356229400606,-0.9010228271056624,-0.9126218168795616,2.0666827246641435,0.853244732783405,-1.189345701899674,-0.07171754449906981,0.7726991643669809,0.2673548075117588,-0.33228120446343995
Dante Exum,Away,DAL,CHO,130,104,1,39b58899-d943-447f-99ed-48fa03e109cd,-0.9168743026605034,-0.18529728287851516,-0.42326258713015996,-0.5908148004911306,0.4140629140547277,-0.7535502529157496,0.16496735046652447,-0.8852077863756466,0.6632893788088728,-1.189345701899674,-0.07171754449906981,0.17080582281723983,0.1313016213407174,1.5992209564559932
Maxi Kleber,Away,DAL,CHO,130,104,1,39b58899-d943-447f-99ed-48fa03e109cd,0.3193347599017886,-0.39640547125131614,-0.7508372284421403,0.6837601297026877,2.1228841039389117,-0.5753096610528607,3.019172690866692,3.538741096056562,0.6020726268913295,-1.189345701899674,-0.07171754449906981,0.4557505633189392,1.1189936229365294,0.4765204338854241
Jaden Hardy,Away,DAL,CHO,130,104,1,39b58899-d943-447f-99ed-48fa03e109cd,-1.4945297323076259,1.7066860991658308,-0.13836327010989244,2.1586179279892836,-0.4270010362687973,-0.33615428667044506,0.9182525022104852,1.8512887518178442,-2.1760666814964393,1.674850688241,3.476999011588601,-0.056248096270438745,0.04840635935966609,0.3876640247949232
Olivier-Maxence Prosper,Away,DAL,CHO,130,104,1,39b58899-d943-447f-99ed-48fa03e109cd,-1.112116951795668,-1.7428340239631492,0.09873478374187467,-0.3326288988822158,-0.2544783426587739,-0.9066203970336227,-0.48758695824535025,6.80924520934435,1.3978745157481474,-1.189345701899674,-0.07171754449906981,-0.2742688301419635,1.2976734920381168,-0.845278915880634
A.J. Lawson,Away,DAL,CHO,130,104,1,39b58899-d943-447f-99ed-48fa03e109cd,-1.4748280993938419,-0.7010350480146019,-0.9455701565071705,1.591521839396941,-1.9668204240926785,0.015682493421843958,0.14599298214628206,-0.25923871835416373,-1.2938434356209567,-1.189345701899674,-0.07171754449906981,0.08638969154007106,-2.0061226323758317,1.836765603671829
Markieff Morris,Away,DAL,CHO,130,104,1,39b58899-d943-447f-99ed-48fa03e109cd,-1.7477746060026107,-0.6655399053546461,-0.36395087838632145,-1.0505303141381368,-0.2595979750021785,-0.903431312436649,-0.4872758195618003,-2.2907375969572588,-0.4339693778096626,-1.189345701899674,-0.07171754449906981,-0.6770614680498183,-0.7131005167673281,0.9127595528010108
Brandon Williams,Away,DAL,CHO,130,104,1,39b58899-d943-447f-99ed-48fa03e109cd,-1.5387445447557047,-0.5590451455575403,-0.4887553807871583,-1.616441708079538,-1.9668204240926785,0.015682493421843958,0.14599298214628206,2.9101083215562262,-2.4729783146157054,-1.189345701899674,-0.07171754449906981,-0.36839188889850194,0.7114293191433181,-0.33725835511746155
Alex Fudge,Away,DAL,CHO,130,104,1,39b58899-d943-447f-99ed-48fa03e109cd,-1.8116910513644735,-1.7428340239631492,0.09873478374187467,-0.3326288988822158,-2.545338878897405,0.3760490528798697,0.18115165338742384,-2.797218790709896,-0.2918593781365396,-1.189345701899674,-0.07171754449906981,-2.7331050483039485,0.6954159844458441,-0.24750831568169968
Dwight Powell,Away,DAL,CHO,130,104,1,39b58899-d943-447f-99ed-48fa03e109cd,-1.8116910513644735,-1.7428340239631492,0.09873478374187467,-0.3326288988822158,-2.545338878897405,0.3760490528798697,0.18115165338742384,-2.797218790709896,-0.2918593781365396,-1.189345701899674,-0.07171754449906981,-2.7331050483039485,0.6954159844458441,-0.24750831568169968
Kyrie Irving,Away,DAL,MIA,111,92,1,989bf9e0-9ca8-4a67-83e8-ec8c5bc54e44,3.736698666980464,1.6673481277485864,1.3543924987496392,-0.21559128882871625,-0.6803106342913584,-0.5250050040799924,-0.5683588898116784,2.673488193653717,0.6467790419795991,-1.189345701899674,-0.07171754449906981,1.6458928952683498,1.3883229104107133,-0.2433853702259944
Luka DonÄiÄ,Away,DAL,MIA,111,92,1,989bf9e0-9ca8-4a67-83e8-ec8c5bc54e44,4.898421491198976,2.884366919896321,-2.12500966084934,-1.0605079043961818,2.180869249379137,-1.4856958239539613,-1.1196855009795692,0.7492694380555545,0.8447805863536224,3.4864117436098114,-1.226769679300163,2.2888028299184384,0.3939351046973691,-0.027457417989881463
P.J. Washington,Away,DAL,MIA,111,92,1,989bf9e0-9ca8-4a67-83e8-ec8c5bc54e44,1.2780679539676219,0.9044837748983707,1.6846343354214883,0.24766069176827032,1.316584396350937,0.36605476546920596,-0.6750731049489999,0.841800506895699,0.6465704212412133,-0.9157803585045164,0.01460584706736685,1.2279676154503631,0.6594246187498838,0.3294743607377175
Derrick Jones Jr.,Away,DAL,MIA,111,92,1,989bf9e0-9ca8-4a67-83e8-ec8c5bc54e44,0.9595716188175263,0.46231163505702716,2.633250970845429,0.7580798335186998,0.3850504998108767,2.945806280568896,1.0775532199656312,0.3224150631638254,0.16697476660661012,0.19738193083566966,-0.1074962284558641,0.9814264463419823,-0.2867900736944172,-0.1567487737818618
Daniel Gafford,Away,DAL,MIA,111,92,1,989bf9e0-9ca8-4a67-83e8-ec8c5bc54e44,-0.17401201171186,0.061817372149855575,0.9727443162326557,-1.0810719158498503,2.062059519577297,3.2994580930379134,-2.099617194064534,2.8823559273779997,-2.465191465318548,-1.189345701899674,-0.07171754449906981,0.6649709456278349,1.2033613148479867,-0.9722247003829376
Maxi Kleber,Away,DAL,MIA,111,92,1,989bf9e0-9ca8-4a67-83e8-ec8c5bc54e44,-1.450314919859547,-1.4074930075726975,-0.04989352174796877,-0.6559181027061152,0.49063797167318773,3.0211423470824394,0.05470714119789462,3.1242622245457428,-2.5330107729832454,2.526538213215532,3.2979065661032254,0.12006379312743906,1.210890279849126,0.46699537709884625
Dante Exum,Away,DAL,MIA,111,92,1,989bf9e0-9ca8-4a67-83e8-ec8c5bc54e44,-1.0482005064338051,-1.0383268272480866,-0.21601798108655065,-1.0175006064120113,0.0387206666377663,-0.5773049295914701,0.5111852703030416,2.8210391256293454,1.4735287258427456,-1.189345701899674,-0.07171754449906981,-0.03367462430659388,0.6576558466415882,0.5975012329124029
Tim Hardaway Jr.,Away,DAL,MIA,111,92,1,989bf9e0-9ca8-4a67-83e8-ec8c5bc54e44,0.1546689947305282,-0.8732391270546559,-0.5566796243166738,-0.0262560601103204,-0.5433862482143941,-0.3080530727366355,0.7993075028989037,-0.3800724580440629,1.2766830880328757,-1.189345701899674,-0.07171754449906981,0.670700826945079,-0.15464594511736063,1.8590355782534718
Josh Green,Away,DAL,MIA,111,92,1,989bf9e0-9ca8-4a67-83e8-ec8c5bc54e44,-0.6123148632497167,0.5717407859770143,1.556378610303806,-0.38624973872401985,1.0535502205004275,-1.0420103703007244,0.3183906141208691,-0.20358718437314738,1.234845067275248,-1.189345701899674,-0.07171754449906981,0.23383289591825954,0.1044947110889896,0.645091563324104
Olivier-Maxence Prosper,Away,DAL,MIA,111,92,1,989bf9e0-9ca8-4a67-83e8-ec8c5bc54e44,-1.2657980381469356,-1.7428340239631492,0.09873478374187467,-0.3326288988822158,-1.94634189471906,0.0029261550339492346,0.14474842741208235,2.8337892375661027,-2.4515644790485225,-1.189345701899674,-0.07171754449906981,1.6344557776084805,2.0455260989728856,-1.6108693641094667
Brandon Williams,Away,DAL,MIA,111,92,1,989bf9e0-9ca8-4a67-83e8-ec8c5bc54e44,-1.5387445447557047,1.247782361258791,-1.4233415988739377,-3.661942143442874,-1.94634189471906,0.0029261550339492346,0.14474842741208235,2.889294025922556,-2.4671381776428376,-1.189345701899674,-0.07171754449906981,0.47235061962109287,2.108134453539084,-1.4283790128654918
Jaden Hardy,Away,DAL,MIA,111,92,1,989bf9e0-9ca8-4a67-83e8-ec8c5bc54e44,-1.7477746060026107,1.3330212230210081,-2.232171933326066,0.416128715822791,1.3989375463086664,-1.8572133571823166,-0.9983751166307152,-2.5821377358286393,-0.3522074601895096,-1.189345701899674,-0.07171754449906981,0.5594786410698327,-3.320848265363189,3.081001790249907
A.J. Lawson,Away,DAL,MIA,111,92,1,989bf9e0-9ca8-4a67-83e8-ec8c5bc54e44,-1.8116910513644735,0.04135151427378372,-0.799312111602266,-2.2961477809849837,4.30513189979782,-3.419562143018456,-1.7990622796049094,-1.1667656327390772,-0.7493367743445384,-1.189345701899674,-0.07171754449906981,-0.785595873431186,1.6922949732126669,-0.8275772574979096
Markieff Morris,Away,DAL,MIA,111,92,1,989bf9e0-9ca8-4a67-83e8-ec8c5bc54e44,-1.8116910513644735,-1.7428340239631492,0.09873478374187467,-0.3326288988822158,-1.94634189471906,0.0029261550339492346,0.14474842741208235,-2.797218790709896,-0.2918593781365396,-1.189345701899674,-0.07171754449906981,-1.1637806009845417,-0.19563432122845822,0.823056931746593
Dwight Powell,Away,DAL,MIA,111,92,1,989bf9e0-9ca8-4a67-83e8-ec8c5bc54e44,-1.8116910513644735,-1.7428340239631492,0.09873478374187467,-0.3326288988822158,-2.545338878897405,0.3760490528798697,0.18115165338742384,-2.797218790709896,-0.2918593781365396,-1.189345701899674,-0.07171754449906981,-2.7331050483039485,0.6954159844458441,-0.24750831568169968
Tim Hardaway Jr.,Home,DAL,DET,89,107,0,542cd25c-642a-4100-9369-7382e2f40a90,-0.08612348294596274,-0.22926326995821247,-0.8897940396916592,-0.5963381498983652,-0.6654983052326426,-0.6015799839658311,-0.4529456618447276,1.038830345185849,0.44482667187632685,0.3311843387621753,0.21712254396496583,0.3650695968718012,-0.7548933146571248,-0.6030018641567302
P.J. Washington,Home,DAL,DET,89,107,0,542cd25c-642a-4100-9369-7382e2f40a90,0.20652465657659014,-0.2087280907176581,1.5515503053109867,-0.5956499828768272,-0.003930591815449705,-0.9150468338188692,-0.7685727870209346,0.9548216446855873,0.13400100770144088,-1.189345701899674,-0.07171754449906981,0.5082269212804292,-0.2550635233830812,-0.8060317399772555
Derrick Jones Jr.,Home,DAL,DET,89,107,0,542cd25c-642a-4100-9369-7382e2f40a90,-1.430613286945763,1.1604467992310532,-2.011591886024393,0.6696332305617482,-1.2600122178907636,-0.32561633320001887,-0.16797451462231258,-0.0773094454842697,-1.3448714874918375,0.8688120862740984,1.5214642379691437,0.011768547478449016,-0.5607158524183095,0.397155533335183
Daniel Gafford,Home,DAL,DET,89,107,0,542cd25c-642a-4100-9369-7382e2f40a90,-0.928935086176304,0.9687277146409289,-1.979949547999703,1.8638037524936206,0.1892187756970616,1.2322232711728527,-0.9308313678171451,0.9264941352890226,-1.7714749164716932,-1.189345701899674,-0.07171754449906981,0.3233790496343035,-1.0690250409823894,0.15428027223616025
Dante Exum,Home,DAL,DET,89,107,0,542cd25c-642a-4100-9369-7382e2f40a90,-1.7477746060026107,0.39084404156922303,-1.7897204462391978,1.0937623048958647,-0.31834852192029284,-0.8018631773571504,-0.5585101395114821,-2.478066257660289,-0.38140814505384996,-1.189345701899674,-0.07171754449906981,-0.45752443788587627,-0.502281077480046,1.0508261351100767
Olivier-Maxence Prosper,Home,DAL,DET,89,107,0,542cd25c-642a-4100-9369-7382e2f40a90,1.395307778374048,0.7255620643064699,1.8869065820291304,0.4155218727239426,1.6517327363473255,0.47166939958703447,0.3190199908298197,1.2877561785859972,0.3114094097642035,1.0490694558102016,-0.28658867394123994,0.9585332820656516,-0.3954145157515395,-1.274397253326748
Jaden Hardy,Home,DAL,DET,89,107,0,542cd25c-642a-4100-9369-7382e2f40a90,2.8465938240905424,1.5769949105214474,-0.40351015689496533,0.5862782576518405,1.5410544431011672,-1.232153039127292,-0.6270251720375717,0.7447319093867893,0.05027067257145534,2.513084333851784,-0.803049698394124,1.7182184080545733,-0.9357634530100086,-0.9768860195164132
Josh Green,Home,DAL,DET,89,107,0,542cd25c-642a-4100-9369-7382e2f40a90,-0.6439277960517343,0.09854625026819909,0.37490240902696453,1.3568472263187568,-0.40233035265641376,-0.6857993231080807,-0.6436427646601058,-0.717765817221327,0.27127349112346644,-1.189345701899674,-0.07171754449906981,0.16102275026985508,-1.7214592260493462,-0.3665668817393469
A.J. Lawson,Home,DAL,DET,89,107,0,542cd25c-642a-4100-9369-7382e2f40a90,-0.9750260108478909,0.0157001546863317,-1.265576856044685,0.4377864909908983,1.4702902784593992,-1.2294865435742086,-0.3567808880368103,-1.556633584208797,0.15544079074992187,-1.189345701899674,-0.07171754449906981,0.25217861242965045,-1.2289809010308421,0.4159074914147262
Dwight Powell,Home,DAL,DET,89,107,0,542cd25c-642a-4100-9369-7382e2f40a90,-1.201881592785073,1.095224836311676,-1.507061873520606,0.14178315177607623,4.496138302397111,-1.3315322259492262,3.0895582757615,1.0391455072670528,-1.7549645434065888,-1.189345701899674,-0.07171754449906981,-0.0690779624288412,-0.7708113616413105,-1.2321961693316907
Brandon Williams,Home,DAL,DET,89,107,0,542cd25c-642a-4100-9369-7382e2f40a90,-0.638163058877259,-1.0331985371242212,-0.42904809849881387,0.5438337053050061,-1.3488240506358677,-0.2742409050528317,-0.14090923362934746,-1.2505312113184155,-0.2009458947514207,-1.189345701899674,-0.07171754449906981,0.21034497559609652,-2.0420828408695826,0.5001424678005316
Markieff Morris,Home,DAL,DET,89,107,0,542cd25c-642a-4100-9369-7382e2f40a90,-0.7308897037493907,-1.7428340239631492,0.09873478374187467,-0.3326288988822158,0.03666867756368429,1.1478027295714581,-0.8661723863430543,-1.4056506475203892,1.0079606961798955,-1.189345701899674,-0.07171754449906981,0.006882069820919646,-1.4866883171613283,0.4442809459447775
Maxi Kleber,Home,DAL,DET,89,107,0,542cd25c-642a-4100-9369-7382e2f40a90,-0.41254285222686204,0.31855541942488086,-1.49302037247032,0.10459672198676294,1.7073336831169739,2.923495785976819,-1.7298940663741127,5.9419828912747645,1.6412135562843169,-1.189345701899674,-0.07171754449906981,0.10109793583092994,1.325570733596838,-1.4338797582600216
Alex Fudge,Home,DAL,DET,89,107,0,542cd25c-642a-4100-9369-7382e2f40a90,-1.8116910513644735,0.09056364465331625,-2.460428085769222,4.52760718755915,-0.8270285171579719,-0.5752455201380693,-0.29821876566047656,-2.797218790709896,-0.2918593781365396,-1.189345701899674,-0.07171754449906981,-0.8470139433957369,-1.1933256795498512,0.8611678931109216
Olivier-Maxence Prosper,Away,DAL,OKC,86,135,0,e972e245-50a1-4824-91df-75e2e490cbcf,1.6024617273974462,-0.17835011967201675,-0.8332074787223672,0.5939725892910257,2.0053415982631053,-0.9553364839857271,0.5938101717304805,0.28146485492894585,0.5503168294313915,1.568283244358013,-0.3172108229238563,0.8382483963795703,-2.408749243334203,-2.11932208178999
Josh Green,Away,DAL,OKC,86,135,0,e972e245-50a1-4824-91df-75e2e490cbcf,-0.5146271881295075,-0.3133573780831321,-0.7810970400218559,-0.6115299439524582,-0.3303069561111818,-0.46076239246840456,0.2260045153080729,-1.3845900518035914,0.5790456517768962,1.1159706597734544,-0.12427928773082496,0.04361064596952548,-3.416249997474431,-2.566932150483094
Jaden Hardy,Away,DAL,OKC,86,135,0,e972e245-50a1-4824-91df-75e2e490cbcf,0.7120914822970166,3.4788901595937354,0.30268180416459606,1.6737980374628465,0.029007197427857075,-0.883201720333083,-0.9152937826475672,-0.6013660867304617,0.2661980671201375,-1.189345701899674,-0.07171754449906981,0.7041170366612702,-2.583259089768446,-1.2142657212189096
Dwight Powell,Away,DAL,OKC,86,135,0,e972e245-50a1-4824-91df-75e2e490cbcf,-1.3527599458445918,0.783740151283992,0.02084002807198043,1.8859313841725631,3.0436368637577385,0.3693262947459684,1.364912777689826,0.39328974769685904,-0.1372863839063528,-1.189345701899674,-0.07171754449906981,-0.30051806457005886,-2.2600238242699993,-1.8847979187308894
Tim Hardaway Jr.,Away,DAL,OKC,86,135,0,e972e245-50a1-4824-91df-75e2e490cbcf,0.009555378845484673,1.5444744555119043,2.281813189232077,-0.6217360460575324,-1.322545787215379,-0.29601226431856237,-0.157118766421905,-1.181123891368244,1.3598266090905151,-1.189345701899674,-0.07171754449906981,-0.00997289294216587,-2.5702821763432238,-1.8004895039606692
Brandon Williams,Away,DAL,OKC,86,135,0,e972e245-50a1-4824-91df-75e2e490cbcf,2.4608372141565753,0.8728307765267057,-1.4597432447528544,-0.38685249766785673,0.6383189962681727,-0.8885681962301375,-0.29346047120381263,-0.020315364692434883,-0.14234405910307518,2.488903175792777,-0.8617157416027077,1.316209490915302,-2.3148792172781607,-1.9255087418519712
Markieff Morris,Away,DAL,OKC,86,135,0,e972e245-50a1-4824-91df-75e2e490cbcf,0.23960530657710943,0.3637849481317229,-1.3462651011815945,-0.2077631266659794,1.244262403616141,0.1322638673019522,-1.561349325417426,0.5403295490292735,1.2813581039115178,1.1449880494442628,-0.053880035880524535,0.3738180000284864,-1.1495116971269206,-1.128863095109305
A.J. Lawson,Away,DAL,OKC,86,135,0,e972e245-50a1-4824-91df-75e2e490cbcf,0.7631434372166811,-0.22821848944829648,-0.7274498785233218,-0.5369632937619283,0.9027150170302904,-1.0238072434923535,-0.294493811485889,-0.23445243826441634,-0.20256020563010768,1.0385909539846319,-0.3120106259982929,0.6826754506914339,-1.6388894276403723,-1.0251575260476904
Alex Fudge,Away,DAL,OKC,86,135,0,e972e245-50a1-4824-91df-75e2e490cbcf,0.4794711631853591,0.990404975388732,4.3607416126273275,0.6382741403386567,-0.5228610718369515,-0.044072132719720186,1.6827013119137648,1.1919840684167953,-0.07733337400044209,-1.189345701899674,-0.07171754449906981,0.3985954027764521,-0.5769473415444692,-1.7288814079212251
Dante Exum,Away,DAL,OKC,86,135,0,e972e245-50a1-4824-91df-75e2e490cbcf,-1.8116910513644735,-1.7428340239631492,0.09873478374187467,-0.3326288988822158,-2.545338878897405,0.3760490528798697,0.18115165338742384,-2.797218790709896,-0.2918593781365396,-1.189345701899674,-0.07171754449906981,-1.1994021275963807,0.04719816308244802,0.14498988050278552
Derrick Jones Jr.,Away,DAL,OKC,86,135,0,e972e245-50a1-4824-91df-75e2e490cbcf,-1.8116910513644735,-1.7428340239631492,0.09873478374187467,-0.3326288988822158,-2.545338878897405,0.3760490528798697,0.18115165338742384,-2.797218790709896,-0.2918593781365396,-1.189345701899674,-0.07171754449906981,-1.1994021275963807,0.04719816308244802,0.14498988050278552
