player,location,team,opponent,team_score,opponent_score,win,game_id,PCA1_1,PCA2_1,PCA2_2,PCA2_3,PCA2_4,PCA3_1,PCA3_2,PCA3_3,PCA4_1,PCA4_2,PCA5_1,PCA6_1,PCA6_2,PCA6_3
Nikola JokiÄ,Home,DEN,LAL,119,107,1,6f29b116-9da4-4c9c-98a8-f5c909d94293,4.553785675671721,3.2876204467879533,0.13823962001566972,-1.8401287133484114,-0.6479155054371526,4.315839366804782,-0.507802277347676,-0.24426395540348206,1.5730006681084032,-0.10475988360271342,1.1100456590040855,2.4046398593800205,1.279617407113826,-0.0861013848182291
Kentavious Caldwell-Pope,Home,DEN,LAL,119,107,1,6f29b116-9da4-4c9c-98a8-f5c909d94293,2.189472221795241,2.715053848913534,0.892656476400042,2.235633340421054,2.395112496633065,-0.4155202263313134,0.9248344392430922,0.2770613621532424,2.1881493464044905,-0.1614691457966334,1.2078046953440857,1.5598816480901312,0.468512543999255,0.3542584676524959
Aaron Gordon,Home,DEN,LAL,119,107,1,6f29b116-9da4-4c9c-98a8-f5c909d94293,1.2345874845942693,0.5638410928748516,1.719252442224702,-0.6532767286995131,-0.7347081186990703,1.7997872807475923,0.26395914587757197,0.13044685850558072,1.8908959007974555,-0.5449310291106273,-1.2041518504187765,1.2210035882597816,0.697040318948393,-0.24641865247716727
Jamal Murray,Home,DEN,LAL,119,107,1,6f29b116-9da4-4c9c-98a8-f5c909d94293,2.9719777907584617,1.207149361005713,-0.5061008660213279,-1.0620660298514262,0.7228474881507849,-0.5649721204669433,0.8889083365075772,-0.6461805565749785,2.262907880726189,0.14987661251819048,1.190750024794146,1.3235042284109686,0.2159131083387728,-0.3171904246891953
Michael Porter Jr.,Home,DEN,LAL,119,107,1,6f29b116-9da4-4c9c-98a8-f5c909d94293,2.4372908828733397,0.05157859367620824,1.70346572394594,0.12812491868974743,0.21986846847758354,3.709363729072228,-1.8327192289040557,-0.7613008522901825,0.6714621256116909,1.084254587293793,-1.2041518504187765,1.316652880276708,0.4581338898881775,0.6216960537192109
Reggie Jackson,Home,DEN,LAL,119,107,1,6f29b116-9da4-4c9c-98a8-f5c909d94293,0.9614988153694795,0.17526386765175256,-0.18881556860012202,1.236173999728669,-0.9443529573755371,-0.3619515773649678,-0.6336371263607812,-0.7627581415729715,0.7315571084905085,1.1534451339741898,-1.2041518504187765,0.918714419360538,-0.040213757304077634,0.9746862806589082
Christian Braun,Home,DEN,LAL,119,107,1,6f29b116-9da4-4c9c-98a8-f5c909d94293,-0.8564962210323795,-0.164443330173249,-0.7257166406602779,0.07657531797431312,-0.29106040479429046,0.5413475303637217,1.006577498566422,0.12273058139701565,-0.16141905112966476,-0.5598547306848559,0.6489099547793488,0.460017877030754,-0.2742263280756257,0.475954063628569
Zeke Nnaji,Home,DEN,LAL,119,107,1,6f29b116-9da4-4c9c-98a8-f5c909d94293,-1.1822989124233763,-0.01655623698272241,-0.979179055735696,0.5638831549649823,0.3610256424324982,-1.7260447845790718,-0.11077591953559233,-0.03121043387757368,-0.1374659883644391,-0.11708593820851378,1.8637535626494555,0.0023230353273534466,-1.1502526103221173,0.18443753836971485
Peyton Watson,Home,DEN,LAL,119,107,1,6f29b116-9da4-4c9c-98a8-f5c909d94293,-0.5755012995925816,-0.6289308811751827,-1.0975397204724693,1.1245181394350559,-0.13928938607304706,-1.1600815670898474,2.1227586520186326,-0.2409159465616734,0.7917700307439579,2.2181886213305604,-1.2041518504187765,-0.005103235088598098,-0.7330512244740222,0.36069874076856
Jalen Pickett,Home,DEN,LAL,119,107,1,6f29b116-9da4-4c9c-98a8-f5c909d94293,-1.5929453436187397,-1.739247182831515,0.010097677348375038,-0.1541415876248048,-0.30083794122915997,-1.7260447845790718,-0.11077591953559233,-0.03121043387757368,2.8589170879573222,-2.3723512499474855,-1.2041518504187765,2.3502211483630213,1.6250444621742026,-3.2401877392980243
Collin Gillespie,Home,DEN,LAL,119,107,1,6f29b116-9da4-4c9c-98a8-f5c909d94293,-1.8973738237025823,-1.739247182831515,0.010097677348375038,-0.1541415876248048,-0.30083794122915997,-1.7260447845790718,-0.11077591953559233,-0.03121043387757368,-2.6648560434597863,-0.23951144567566177,-1.2041518504187765,-1.2359264379781094,-0.555791149265971,0.4704265416687862
Braxton Key,Home,DEN,LAL,119,107,1,6f29b116-9da4-4c9c-98a8-f5c909d94293,-1.8973738237025823,-1.739247182831515,0.010097677348375038,-0.1541415876248048,-0.30083794122915997,-1.7260447845790718,-0.11077591953559233,-0.03121043387757368,-2.6648560434597863,-0.23951144567566177,-1.2041518504187765,-1.2259655828402962,-0.5053625565185226,0.42216204559299664
Justin Holiday,Home,DEN,LAL,119,107,1,6f29b116-9da4-4c9c-98a8-f5c909d94293,-1.8973738237025823,-1.739247182831515,0.010097677348375038,-0.1541415876248048,-0.30083794122915997,-2.33442510567548,-0.12524147112659734,0.4599210276564779,-2.6648560434597863,-0.23951144567566177,-1.2041518504187765,-2.5085461074395017,0.7279403824174387,0.07005446168843027
DeAndre Jordan,Home,DEN,LAL,119,107,1,6f29b116-9da4-4c9c-98a8-f5c909d94293,-1.8973738237025823,-1.739247182831515,0.010097677348375038,-0.1541415876248048,-0.30083794122915997,-2.33442510567548,-0.12524147112659734,0.4599210276564779,-2.6648560434597863,-0.23951144567566177,-1.2041518504187765,-2.5085461074395017,0.7279403824174387,0.07005446168843027
Julian Strawther,Home,DEN,LAL,119,107,1,6f29b116-9da4-4c9c-98a8-f5c909d94293,-1.8973738237025823,-1.739247182831515,0.010097677348375038,-0.1541415876248048,-0.30083794122915997,-2.33442510567548,-0.12524147112659734,0.4599210276564779,-2.6648560434597863,-0.23951144567566177,-1.2041518504187765,-2.5085461074395017,0.7279403824174387,0.07005446168843027
Nikola JokiÄ,Away,DEN,MEM,108,104,1,06acef51-0e73-490f-9d50-375aedd6eaec,2.266115822846107,5.041138003375225,-2.488198474716453,1.6176377003424762,-2.136648375744839,3.9216457546928005,-0.3036849553041538,-0.005887008204939263,1.063087331148374,-0.3333231114807328,3.1350624517683032,1.9344549526463988,-0.06517312653753221,0.03818839041664686
Kentavious Caldwell-Pope,Away,DEN,MEM,108,104,1,06acef51-0e73-490f-9d50-375aedd6eaec,1.2692560833479956,1.1506604811211822,3.9958263880204465,1.36140447106044,0.5945806878810368,-0.688315420024603,0.9507566437810465,-0.5418509153153026,0.25684218880119875,1.1429321297199144,-1.2041518504187765,1.047986457265615,0.31100582692982953,0.17244731795394658
Jamal Murray,Away,DEN,MEM,108,104,1,06acef51-0e73-490f-9d50-375aedd6eaec,4.168458578811719,1.6397904471455713,-1.1946132527732365,-0.25299766066233226,-0.23192713979221283,-0.9936304333421307,1.1086984810568685,-0.4006469052524402,1.090843474120029,0.7986249164216622,2.3275367634125814,1.745599019346582,0.06125739296889147,0.2779674253969655
Aaron Gordon,Away,DEN,MEM,108,104,1,06acef51-0e73-490f-9d50-375aedd6eaec,0.22380101635745808,1.913855650035848,1.9199363538541878,0.7548880512177116,1.1912178264973412,-0.3724584993774124,1.0598896193935907,0.35290893199225826,-0.09589162765070641,-0.9443507676426683,-0.8529012572568041,1.1155481544611865,0.1556830436960758,0.4383411256801206
Michael Porter Jr.,Away,DEN,MEM,108,104,1,06acef51-0e73-490f-9d50-375aedd6eaec,0.9401246040623255,0.806362850608631,-0.7561682299464144,-0.1374422259365571,1.6081281468792286,3.9385532450786,-2.066868205064978,-1.9517221146112573,1.3616339412898937,1.2139950701816382,0.6610576386559452,0.7275916076385811,0.049585320841547285,0.14454172162178316
Reggie Jackson,Away,DEN,MEM,108,104,1,06acef51-0e73-490f-9d50-375aedd6eaec,2.252031528620428,0.7774516055977895,0.09723622611999996,-2.500953336415744,-1.5291467536503995,-0.36389555247941613,1.1888719979722056,-0.7202493699109347,1.4538389956967912,0.10671634589461611,-1.2041518504187765,0.9710239784205009,-0.026483074175993215,-1.1823730085451005
Christian Braun,Away,DEN,MEM,108,104,1,06acef51-0e73-490f-9d50-375aedd6eaec,0.03668444846977713,0.39233877606168005,0.3324255099752928,0.3889199754942135,-0.30373255700007956,0.5536584932004622,-0.826931910303834,0.10719332325878468,0.2081359341524598,1.2163433295330752,-0.3035541061686101,0.4118211762651685,-0.5588365670556921,0.041821903570109384
Peyton Watson,Away,DEN,MEM,108,104,1,06acef51-0e73-490f-9d50-375aedd6eaec,0.39742886102087105,0.2539539662999215,0.09213531159659177,1.3422748668025843,1.2844549316016765,1.2223170023926822,4.724290809159971,-1.45969844314596,3.255709036668861,1.0415203911575432,0.7800997282404226,0.24861544924278842,0.06117338011311037,-0.968692704976549
Zeke Nnaji,Away,DEN,MEM,108,104,1,06acef51-0e73-490f-9d50-375aedd6eaec,-0.8598250089270529,-0.7840459544379281,-0.8351406071955605,0.7920047618647852,-0.02305696673562898,-0.00942105684461896,4.022457503518738,-0.7777787514181063,1.1410398480295547,-1.7326730560380448,0.7800997282404226,0.24431632286328325,-0.4184937995723987,-0.3983996288643947
Julian Strawther,Away,DEN,MEM,108,104,1,06acef51-0e73-490f-9d50-375aedd6eaec,-1.7517362378714265,-1.2148047941060454,-0.07776715441144258,-0.08316678709177572,1.0005639458747704,-1.775506599302357,-0.11195198064055209,0.008718953239015871,-2.6648560434597863,-0.23951144567566177,-1.2041518504187765,-0.5690811007716526,-2.024728723342097,1.2181253300247004
Justin Holiday,Away,DEN,MEM,108,104,1,06acef51-0e73-490f-9d50-375aedd6eaec,-1.8973738237025823,-1.739247182831515,0.010097677348375038,-0.1541415876248048,-0.30083794122915997,-2.33442510567548,-0.12524147112659734,0.4599210276564779,-2.6648560434597863,-0.23951144567566177,-1.2041518504187765,-2.5085461074395017,0.7279403824174387,0.07005446168843027
DeAndre Jordan,Away,DEN,MEM,108,104,1,06acef51-0e73-490f-9d50-375aedd6eaec,-1.8973738237025823,-1.739247182831515,0.010097677348375038,-0.1541415876248048,-0.30083794122915997,-2.33442510567548,-0.12524147112659734,0.4599210276564779,-2.6648560434597863,-0.23951144567566177,-1.2041518504187765,-2.5085461074395017,0.7279403824174387,0.07005446168843027
Braxton Key,Away,DEN,MEM,108,104,1,06acef51-0e73-490f-9d50-375aedd6eaec,-1.8973738237025823,-1.739247182831515,0.010097677348375038,-0.1541415876248048,-0.30083794122915997,-2.33442510567548,-0.12524147112659734,0.4599210276564779,-2.6648560434597863,-0.23951144567566177,-1.2041518504187765,-2.5085461074395017,0.7279403824174387,0.07005446168843027
Jalen Pickett,Away,DEN,MEM,108,104,1,06acef51-0e73-490f-9d50-375aedd6eaec,-1.8973738237025823,-1.739247182831515,0.010097677348375038,-0.1541415876248048,-0.30083794122915997,-2.33442510567548,-0.12524147112659734,0.4599210276564779,-2.6648560434597863,-0.23951144567566177,-1.2041518504187765,-2.5085461074395017,0.7279403824174387,0.07005446168843027
Hunter Tyson,Away,DEN,MEM,108,104,1,06acef51-0e73-490f-9d50-375aedd6eaec,-1.8973738237025823,-1.739247182831515,0.010097677348375038,-0.1541415876248048,-0.30083794122915997,-2.33442510567548,-0.12524147112659734,0.4599210276564779,-2.6648560434597863,-0.23951144567566177,-1.2041518504187765,-2.5085461074395017,0.7279403824174387,0.07005446168843027
Jamal Murray,Away,DEN,OKC,128,95,1,d2586512-1e44-4a31-8aeb-9cf9632151db,1.754143555530172,2.7093706130254387,-1.630637445067488,-0.45609518979608976,-1.4661508516004835,-0.6623428213411955,-0.3707000665881394,0.6210487425149545,2.1919568835078787,-0.18032124399733018,-1.2041518504187765,1.9431241658313658,1.0004681252011318,1.205892425005767
Nikola JokiÄ,Away,DEN,OKC,128,95,1,d2586512-1e44-4a31-8aeb-9cf9632151db,2.911063629838754,2.391436709647963,-1.6459764004777817,0.16527324130187143,0.20228595205310315,4.809763239781534,-2.2133640800094456,-1.078742105729626,2.204033346820426,-0.864141547659567,1.750616058828394,2.2481085878263247,1.3427239023990147,0.6174928384350622
Kentavious Caldwell-Pope,Away,DEN,OKC,128,95,1,d2586512-1e44-4a31-8aeb-9cf9632151db,0.0667548187710467,0.6553340186498375,0.94359019185172,1.2591103019326417,0.6638826476511592,-0.53651202899104,-0.5896996206232519,-0.6275680947746279,1.0592338129682912,1.346508804259445,1.513476867508388,1.0985929067843974,1.078391651866152,1.4350178718478266
Michael Porter Jr.,Away,DEN,OKC,128,95,1,d2586512-1e44-4a31-8aeb-9cf9632151db,3.651594196504834,0.17673245371782884,-0.5580464505915392,-0.1446345053366935,1.1433762539833994,3.3601801919864966,-1.4924407596441647,1.2617800714528948,2.127482670912202,0.5230987732529785,-1.2041518504187765,1.5481896392021268,0.703950591859513,0.16528758561487578
Aaron Gordon,Away,DEN,OKC,128,95,1,d2586512-1e44-4a31-8aeb-9cf9632151db,-0.2476392608646944,0.19775997522682737,0.3462054303014441,0.41939832798470406,-0.1693965693677867,1.200711402679943,4.009389367743493,-0.11730862534997126,0.5455116600570176,-1.0300511694561725,0.7247110058668155,1.2669185786322028,1.2852075939399688,1.1519308001392379
Reggie Jackson,Away,DEN,OKC,128,95,1,d2586512-1e44-4a31-8aeb-9cf9632151db,-0.506011294571677,3.598155628697974,0.0277224703962236,1.3292649229779099,0.7409813079882357,-1.8496993213872848,-0.11371607229799172,0.06861303391390021,2.5309673434968065,0.7691131714433376,-1.2041518504187765,0.6228869622619675,0.9093871998931451,0.5417591441156258
Peyton Watson,Away,DEN,OKC,128,95,1,d2586512-1e44-4a31-8aeb-9cf9632151db,1.6283168539098944,-0.623627522429701,0.9447326672738353,0.006953441736266837,0.20965122212171608,0.9422086550806514,0.7711946372828987,0.017791957905186184,2.166037754006041,-0.6522506162376002,-1.2041518504187765,1.2276572740036031,0.9391363286100844,-0.07918781075579126
Christian Braun,Away,DEN,OKC,128,95,1,d2586512-1e44-4a31-8aeb-9cf9632151db,0.26589633354751646,1.5093729365986752,0.9985860955507246,-1.644680837041985,0.026349788302200947,2.5077075897322922,0.19685805519415794,-0.8005609438432436,0.5689122692817241,-0.7344757922419725,3.263917447280112,1.6419904342226,1.9481316970316305,0.7601048812475412
Zeke Nnaji,Away,DEN,OKC,128,95,1,d2586512-1e44-4a31-8aeb-9cf9632151db,-1.8245550307870044,-0.8705755763753787,-0.06395826916990874,-0.39911317720114997,0.8421301322449484,0.4788153559623389,-0.7378583220537199,0.6036410661536062,-1.9084193835923675,-0.48363158240878945,-1.2041518504187765,-0.1473501067986321,0.423875953870197,1.0494435539611495
Julian Strawther,Away,DEN,OKC,128,95,1,d2586512-1e44-4a31-8aeb-9cf9632151db,0.41880307232802527,-1.0281356506640198,0.027390045832651824,-0.8368157804759295,-0.6850198017036959,-0.8048337058783459,-0.5309066998035646,-0.5390255061029958,2.712038351761596,0.7997575571989249,-1.2041518504187765,0.8454536302686191,0.6739220123042088,-0.94352816174349
Collin Gillespie,Away,DEN,OKC,128,95,1,d2586512-1e44-4a31-8aeb-9cf9632151db,-1.6624353486396442,-0.7422125188577765,2.074119018434134,1.0522456446614072,0.01590764882127172,-1.89916113611057,-0.11489213340295149,0.10854242103048976,-1.929590574296387,2.652859151962201,-1.2041518504187765,-0.5641454203913889,-0.3938586508625073,0.37255124646821336
Braxton Key,Away,DEN,OKC,128,95,1,d2586512-1e44-4a31-8aeb-9cf9632151db,-1.3580068685558015,-1.739247182831515,0.010097677348375038,-0.1541415876248048,-0.30083794122915997,0.16468893021090886,-0.9790563572419764,-1.1212609141517447,0.49784030331588086,0.12954692746643104,-1.2041518504187765,0.1702304537083908,-0.9185785224051906,0.11756368742788305
Justin Holiday,Away,DEN,OKC,128,95,1,d2586512-1e44-4a31-8aeb-9cf9632151db,-1.8973738237025823,-1.739247182831515,0.010097677348375038,-0.1541415876248048,-0.30083794122915997,-1.8002375066639997,-0.11254001119303196,0.02868364679731065,-2.6648560434597863,-0.23951144567566177,-1.2041518504187765,-1.077062827729848,-0.2955036927982264,0.22624760133262417
Hunter Tyson,Away,DEN,OKC,128,95,1,d2586512-1e44-4a31-8aeb-9cf9632151db,-1.8973738237025823,-1.4770259884687802,-0.03383473853153378,-0.11865418735829027,0.34986300232280526,0.16468893021090886,-0.9790563572419764,-1.1212609141517447,-2.6648560434597863,-0.23951144567566177,-1.2041518504187765,-1.102518346415371,-0.4243767631528165,0.3495902024151976
DeAndre Jordan,Away,DEN,OKC,128,95,1,d2586512-1e44-4a31-8aeb-9cf9632151db,-1.8973738237025823,-1.739247182831515,0.010097677348375038,-0.1541415876248048,-0.30083794122915997,-2.33442510567548,-0.12524147112659734,0.4599210276564779,-2.6648560434597863,-0.23951144567566177,-1.2041518504187765,-2.5085461074395017,0.7279403824174387,0.07005446168843027
Jamal Murray,Home,DEN,UTA,110,102,1,727b797a-028a-4ecb-8e7b-bd6a86a1dfeb,3.450075643769961,3.335044422198801,-0.9677195990714935,-2.3321550719687165,-2.41694261673855,0.06841828347332998,2.0148220928711837,-0.9691182151632538,0.5772152798881597,0.44372921984494706,0.26190012306918065,1.6498555300549163,-0.5284234560474335,-0.8869468071799995
Nikola JokiÄ,Home,DEN,UTA,110,102,1,727b797a-028a-4ecb-8e7b-bd6a86a1dfeb,3.02173873037769,2.7681819754091284,-0.38910070723236073,-2.5731700234278123,0.033096301071980756,2.9376653828352652,1.156366217326134,-1.467402634183096,2.0597264674045817,-0.8963952354480151,1.397537501353697,2.0460246101086903,1.479849920036669,-0.3719209516275476
Kentavious Caldwell-Pope,Home,DEN,UTA,110,102,1,727b797a-028a-4ecb-8e7b-bd6a86a1dfeb,0.5809227544753855,1.067009207724465,-0.7609211571862099,1.9469339202204847,1.6982423124107953,0.10608896545224773,2.0696882029002106,-0.9779469722624192,2.2010403566699077,1.319143765411771,-1.2041518504187765,0.9496245347186538,0.4442329147171231,0.7574403561187458
Aaron Gordon,Home,DEN,UTA,110,102,1,727b797a-028a-4ecb-8e7b-bd6a86a1dfeb,1.343993144575423,0.8147169026135892,-1.369302999586534,0.7371909385226414,0.10497253490772061,1.6079297889048165,-0.9324984534340952,1.2844263114013679,1.5451041942962387,-1.8946830648401427,0.7341619546932435,1.5410694988454565,0.1741527775400681,0.270016035354027
Michael Porter Jr.,Home,DEN,UTA,110,102,1,727b797a-028a-4ecb-8e7b-bd6a86a1dfeb,1.1236184975168397,0.3406633828202306,-0.7016195021989656,-0.040336676831991214,1.0310738418810952,-0.8357647601666363,1.345861066222306,-0.4633286253493257,0.8227672948535014,1.406308949342211,-1.2041518504187765,0.6786905363544627,-0.4744173437775495,0.10508361444046715
Christian Braun,Home,DEN,UTA,110,102,1,727b797a-028a-4ecb-8e7b-bd6a86a1dfeb,0.3213020443427416,-0.1144898545844487,0.2925682978689695,0.38808378195660403,-0.774667143360166,1.6404545820399368,-1.2122892540358514,-0.7191543669496884,1.104447580592295,-0.02875915627251647,-1.2041518504187765,0.9003423108381032,0.16399268470752948,0.2595229946701233
Reggie Jackson,Home,DEN,UTA,110,102,1,727b797a-028a-4ecb-8e7b-bd6a86a1dfeb,-0.5108826454305048,-0.2473973253127622,-0.7471845368593264,0.36191475211530355,0.5215147518883523,0.48978721064519704,-0.7846988639701193,0.13471871306463296,-0.4718658391377613,0.4994631174753276,-0.7531970294263879,0.5555223844812748,-0.5832816809776092,1.2282672066267977
Peyton Watson,Home,DEN,UTA,110,102,1,727b797a-028a-4ecb-8e7b-bd6a86a1dfeb,-0.9293150139479573,-1.739247182831515,0.010097677348375038,-0.1541415876248048,-0.30083794122915997,-0.16737371459543776,1.2888527660266815,-0.815857200233166,0.3104725983162761,-0.5915747571571441,0.7800997282404226,0.14119904304752162,-0.44144761047044484,-0.0046822486141697255
Zeke Nnaji,Home,DEN,UTA,110,102,1,727b797a-028a-4ecb-8e7b-bd6a86a1dfeb,-1.1856277003180498,-0.6236297437673056,2.477504381017794,1.0810908322307065,-0.42464406465637355,0.34686295375669246,-0.7271126176294591,0.5803724728739581,2.6484530549323875,-2.311028398739937,2.8013708564372846,-0.0515719735854718,0.16027959362766478,-1.160108739773946
Julian Strawther,Home,DEN,UTA,110,102,1,727b797a-028a-4ecb-8e7b-bd6a86a1dfeb,-0.8186399134090208,-1.739247182831515,0.010097677348375038,-0.1541415876248048,-0.30083794122915997,0.22003019017382994,-0.9623989321459911,-1.1366336924104767,0.41821539175088945,0.155243783964655,-1.2041518504187765,0.4529851624373494,-0.8528285967178203,0.12056078460977267
Collin Gillespie,Home,DEN,UTA,110,102,1,727b797a-028a-4ecb-8e7b-bd6a86a1dfeb,-1.8973738237025823,-1.739247182831515,0.010097677348375038,-0.1541415876248048,-0.30083794122915997,-2.33442510567548,-0.12524147112659734,0.4599210276564779,-2.6648560434597863,-0.23951144567566177,-1.2041518504187765,-2.5085461074395017,0.7279403824174387,0.07005446168843027
Justin Holiday,Home,DEN,UTA,110,102,1,727b797a-028a-4ecb-8e7b-bd6a86a1dfeb,-1.8973738237025823,-1.739247182831515,0.010097677348375038,-0.1541415876248048,-0.30083794122915997,-2.33442510567548,-0.12524147112659734,0.4599210276564779,-2.6648560434597863,-0.23951144567566177,-1.2041518504187765,-2.5085461074395017,0.7279403824174387,0.07005446168843027
DeAndre Jordan,Home,DEN,UTA,110,102,1,727b797a-028a-4ecb-8e7b-bd6a86a1dfeb,-1.8973738237025823,-1.739247182831515,0.010097677348375038,-0.1541415876248048,-0.30083794122915997,-2.33442510567548,-0.12524147112659734,0.4599210276564779,-2.6648560434597863,-0.23951144567566177,-1.2041518504187765,-2.5085461074395017,0.7279403824174387,0.07005446168843027
Jalen Pickett,Home,DEN,UTA,110,102,1,727b797a-028a-4ecb-8e7b-bd6a86a1dfeb,-1.8973738237025823,-1.739247182831515,0.010097677348375038,-0.1541415876248048,-0.30083794122915997,-2.33442510567548,-0.12524147112659734,0.4599210276564779,-2.6648560434597863,-0.23951144567566177,-1.2041518504187765,-2.5085461074395017,0.7279403824174387,0.07005446168843027
Hunter Tyson,Home,DEN,UTA,110,102,1,727b797a-028a-4ecb-8e7b-bd6a86a1dfeb,-1.8973738237025823,-1.739247182831515,0.010097677348375038,-0.1541415876248048,-0.30083794122915997,-2.33442510567548,-0.12524147112659734,0.4599210276564779,-2.6648560434597863,-0.23951144567566177,-1.2041518504187765,-2.5085461074395017,0.7279403824174387,0.07005446168843027
Jamal Murray,Away,DEN,MIN,89,110,0,92115c2a-e64b-4624-a8b0-06d1a12d4d5a,1.614035183955621,2.741757889998969,-0.40754298745465606,-0.1662185959016573,0.31102129899752834,1.483259470585472,0.38752446475584695,0.13008071748864164,-0.17695629867356719,0.04308943834422017,1.9134004334923655,1.0336745377140597,-1.5149505662917089,-1.485801564167746
Nikola JokiÄ,Away,DEN,MIN,89,110,0,92115c2a-e64b-4624-a8b0-06d1a12d4d5a,3.7862196400605512,1.6000028462442535,-1.732987239443971,0.483161010273138,-1.7520798905359118,2.948218404967511,-1.592733325630132,-0.6456361856719346,0.4215548944696809,-0.3105904732659839,1.1028528765752266,1.5460493730777842,-1.569388826722651,-2.0296562435497285
Kentavious Caldwell-Pope,Away,DEN,MIN,89,110,0,92115c2a-e64b-4624-a8b0-06d1a12d4d5a,-0.5438676021950359,-0.00835359025397129,-0.04435217967479816,1.279856750365953,0.6552675134022671,-1.3641290824810548,1.2888277239970192,-0.20557334956688503,1.9284867044293477,0.5285713793910292,0.8014306962592943,-0.19066553212841517,-1.4766861488090828,-1.4363892869912611
Michael Porter Jr.,Away,DEN,MIN,89,110,0,92115c2a-e64b-4624-a8b0-06d1a12d4d5a,0.22889526505052904,-0.9198468176005511,0.9212215251430053,-0.05072047033371859,-0.40758106390390747,1.3514201766723961,0.5889941322163069,0.4142089671509873,-1.1046894890045242,0.6197895192149973,0.5928389564561868,0.2269495682363575,-1.8206657555402337,-1.2495427845201208
Aaron Gordon,Away,DEN,MIN,89,110,0,92115c2a-e64b-4624-a8b0-06d1a12d4d5a,-1.053578388471959,1.6081276859003353,-1.9364023603550264,1.3189282545174317,1.085792859978058,0.0032512112071888303,1.2043159814109725,0.2800515224436654,0.9697318636363692,-0.6038778170681313,-1.2041518504187765,-0.25605753435664813,-1.3170338446232124,-0.7598567741300247
Christian Braun,Away,DEN,MIN,89,110,0,92115c2a-e64b-4624-a8b0-06d1a12d4d5a,-0.22626504955754023,0.445486901230753,-0.7006242212724676,-0.14511604904391992,0.9665743999254626,3.988867187625928,-0.09855389524112017,0.3178655725109021,0.22211575237960615,-0.9550920466477674,-1.2041518504187765,0.5043728397315015,-0.37300950299493085,-0.5434323652011244
Reggie Jackson,Away,DEN,MIN,89,110,0,92115c2a-e64b-4624-a8b0-06d1a12d4d5a,-1.212369282724646,1.9319562559682044,1.2113492233688774,0.08834678754690772,-1.6030015319821067,-1.3527420652169004,1.5340537105019105,-0.17653983641598966,-0.9209403422934284,-0.10744667445515593,-1.2041518504187765,0.08650158093873,-0.19855848799134582,-0.6515169748285916
Zeke Nnaji,Away,DEN,MIN,89,110,0,92115c2a-e64b-4624-a8b0-06d1a12d4d5a,0.5562405194056799,-0.9525835997433105,-0.12169957029135141,-0.04767938682526117,1.6512648894267359,2.3775208433865136,2.355164858249164,0.26985097397334407,0.7046063439353196,0.10740226115765018,-1.2041518504187765,0.44639608031832834,-0.6092246491735916,-0.7816881782644097
Julian Strawther,Away,DEN,MIN,89,110,0,92115c2a-e64b-4624-a8b0-06d1a12d4d5a,0.4337426056800757,-1.2086699633115485,1.109300966855245,0.37835406505803676,-0.32088680420616267,-0.830851202538478,3.4650569999940237,-0.3977141223457253,0.0010398010525307579,1.7601534239859717,-0.7846825750570456,0.4944224320546989,-0.11750492295227602,-0.17453857154880925
Peyton Watson,Away,DEN,MIN,89,110,0,92115c2a-e64b-4624-a8b0-06d1a12d4d5a,-1.053578388471959,0.7365443150439066,-1.8623740605291454,1.5668103822107748,-0.05538356233061617,-0.5101164259056814,-0.6038759984898397,-0.7473769314021128,0.8834715427742952,-0.576039555861722,-1.2041518504187765,-0.12402116428955616,-1.0469059273363008,-0.16398411938576285
Justin Holiday,Away,DEN,MIN,89,110,0,92115c2a-e64b-4624-a8b0-06d1a12d4d5a,-0.8104397746555198,-1.739247182831515,0.010097677348375038,-0.1541415876248048,-0.30083794122915997,-0.4924172994124037,-0.6572023448153007,-0.8079584660092486,2.382711845582175,1.9271235381384486,-1.2041518504187765,-0.11725548340349176,0.21044106099397247,-0.36930160823202246
Jalen Pickett,Away,DEN,MIN,89,110,0,92115c2a-e64b-4624-a8b0-06d1a12d4d5a,-1.3580068685558015,-1.4770259884687802,-0.03383473853153378,-0.11865418735829027,0.34986300232280526,0.9398867116565651,-1.296224531790224,-1.7187121977798099,0.4646632568304678,0.1402539510073577,-1.2041518504187765,-0.2643622529917991,-0.6490617896409174,0.15459553959984568
Braxton Key,Away,DEN,MIN,89,110,0,92115c2a-e64b-4624-a8b0-06d1a12d4d5a,-1.7517362378714265,1.3989709284446674,-0.021328344712163032,-2.6114281549498237,-0.44760407784548617,-1.7359371475237289,-0.11101113175658428,-0.023224556454255772,-2.253460667040664,-0.3722785375831522,-1.2041518504187765,-0.23447968757835902,-0.49777601139857264,0.00980205137247685
Hunter Tyson,Away,DEN,MIN,89,110,0,92115c2a-e64b-4624-a8b0-06d1a12d4d5a,-1.3580068685558015,-1.2148047941060454,-0.07776715441144258,-0.08316678709177572,1.0005639458747704,-0.1306634710296325,-0.8303787143357884,-1.0492565257267135,0.45802784753338516,0.14239535571554296,-1.2041518504187765,-0.21642583111755678,-1.0565218083273529,0.17986039159644046
DeAndre Jordan,Away,DEN,MIN,89,110,0,92115c2a-e64b-4624-a8b0-06d1a12d4d5a,-1.8973738237025823,-1.739247182831515,0.010097677348375038,-0.1541415876248048,-0.30083794122915997,-2.33442510567548,-0.12524147112659734,0.4599210276564779,-2.6648560434597863,-0.23951144567566177,-1.2041518504187765,-2.5085461074395017,0.7279403824174387,0.07005446168843027
Jamal Murray,Home,DEN,DAL,125,114,1,49d332e7-7458-49a7-a43f-514ab462c125,2.405236911912956,3.9467401533921436,-0.023207254977690862,-1.7152724354340694,0.6742692923620022,-0.9378787693551037,-0.38600319467607735,-0.45546890400113227,0.6735272467839448,0.3747963091712744,3.5745229117383195,1.4980628441214776,-0.11956980515694972,-0.1405852058393457
Kentavious Caldwell-Pope,Home,DEN,DAL,125,114,1,49d332e7-7458-49a7-a43f-514ab462c125,0.564440658159181,0.05955000589718362,0.9792843073166969,1.0392582837687392,-0.5664637572275855,0.24816186760579015,-0.8223157722582729,-1.0879823582081771,1.3992955758768424,0.7415566280010155,-1.2041518504187765,1.1509726938088864,0.6987569597034682,1.069296480691148
Nikola JokiÄ,Home,DEN,DAL,125,114,1,49d332e7-7458-49a7-a43f-514ab462c125,3.7597304159282046,3.995522967615437,-0.7532943798235602,-0.5502166771124102,-0.20939430912485793,5.684370987721905,-0.33149705525361833,2.8556598782558678,3.468608239423917,-0.503643741003013,1.9134004334923655,2.1897427666818396,1.863105044630075,-0.21542852319739392
Aaron Gordon,Home,DEN,DAL,125,114,1,49d332e7-7458-49a7-a43f-514ab462c125,2.937036069598364,3.1781549642112563,0.02966391477032999,0.769866424267871,-0.3214732990390816,2.2845916556791264,0.26915661861732676,-0.21065961881809783,0.8513246512975559,0.11341726212003922,-1.2041518504187765,2.020965782747816,1.024582610038167,1.2683563811555663
Michael Porter Jr.,Home,DEN,DAL,125,114,1,49d332e7-7458-49a7-a43f-514ab462c125,4.5682084246510355,-0.4655983893974298,-0.48208601520691335,0.08636625778236293,0.676824750941607,3.7652192714496167,1.729914598343362,1.998880798381122,1.8579702978129775,0.32103717437020923,-1.2041518504187765,1.8232717580249274,0.9873161379066789,0.6960689713564046
Reggie Jackson,Home,DEN,DAL,125,114,1,49d332e7-7458-49a7-a43f-514ab462c125,0.6110138889087771,2.7434684464862165,2.5473292581416374,2.6515273852200543,-0.6024933397527231,-1.2886874324853195,-0.31650984785316816,-0.25678903201991765,-0.15405421917402543,0.5102690587482493,0.3865304078572009,1.0637278694734396,-0.5259921058069137,0.39270316226568336
Christian Braun,Home,DEN,DAL,125,114,1,49d332e7-7458-49a7-a43f-514ab462c125,-0.7569358457102056,0.25791820532264803,0.26599524091596777,1.377518417411958,1.260035595765685,1.9439342022136064,-1.1167201049544624,0.9965072169027964,1.6287191544542363,-1.88119150771341,2.4879025856796293,0.1820562437008757,-0.4299149558571426,-0.7321799449124162
Peyton Watson,Home,DEN,DAL,125,114,1,49d332e7-7458-49a7-a43f-514ab462c125,-1.1609247011162223,-0.8006932307683637,-0.0632947485522434,-0.4689660920091025,0.7991305042745266,2.226915111326401,4.35252101306155,1.4340088703980958,-0.6242861071228608,-0.19926596418393328,0.7800997282404226,-0.2962098128518752,-1.3596579240586422,-0.978092158982198
Zeke Nnaji,Home,DEN,DAL,125,114,1,49d332e7-7458-49a7-a43f-514ab462c125,-1.2885168635348971,-0.8116556004907606,-1.1880868501469761,1.259443845173305,-0.8495594445354391,1.5205377506740885,-1.1484023096682126,-0.11129386360443742,1.9500528055116673,-2.091412039048969,-0.3163350838010118,-0.24547400485556692,-0.6159777851828508,-0.2861509139583003
Collin Gillespie,Home,DEN,DAL,125,114,1,49d332e7-7458-49a7-a43f-514ab462c125,-1.8973738237025823,-1.739247182831515,0.010097677348375038,-0.1541415876248048,-0.30083794122915997,-2.33442510567548,-0.12524147112659734,0.4599210276564779,-2.6648560434597863,-0.23951144567566177,-1.2041518504187765,-2.5085461074395017,0.7279403824174387,0.07005446168843027
Justin Holiday,Home,DEN,DAL,125,114,1,49d332e7-7458-49a7-a43f-514ab462c125,-1.8973738237025823,-1.739247182831515,0.010097677348375038,-0.1541415876248048,-0.30083794122915997,-2.33442510567548,-0.12524147112659734,0.4599210276564779,-2.6648560434597863,-0.23951144567566177,-1.2041518504187765,-2.5085461074395017,0.7279403824174387,0.07005446168843027
DeAndre Jordan,Home,DEN,DAL,125,114,1,49d332e7-7458-49a7-a43f-514ab462c125,-1.8973738237025823,-1.739247182831515,0.010097677348375038,-0.1541415876248048,-0.30083794122915997,-2.33442510567548,-0.12524147112659734,0.4599210276564779,-2.6648560434597863,-0.23951144567566177,-1.2041518504187765,-2.5085461074395017,0.7279403824174387,0.07005446168843027
Braxton Key,Home,DEN,DAL,125,114,1,49d332e7-7458-49a7-a43f-514ab462c125,-1.8973738237025823,-1.739247182831515,0.010097677348375038,-0.1541415876248048,-0.30083794122915997,-2.33442510567548,-0.12524147112659734,0.4599210276564779,-2.6648560434597863,-0.23951144567566177,-1.2041518504187765,-2.5085461074395017,0.7279403824174387,0.07005446168843027
Jalen Pickett,Home,DEN,DAL,125,114,1,49d332e7-7458-49a7-a43f-514ab462c125,-1.8973738237025823,-1.739247182831515,0.010097677348375038,-0.1541415876248048,-0.30083794122915997,-2.33442510567548,-0.12524147112659734,0.4599210276564779,-2.6648560434597863,-0.23951144567566177,-1.2041518504187765,-2.5085461074395017,0.7279403824174387,0.07005446168843027
Julian Strawther,Home,DEN,DAL,125,114,1,49d332e7-7458-49a7-a43f-514ab462c125,-1.8973738237025823,-1.739247182831515,0.010097677348375038,-0.1541415876248048,-0.30083794122915997,-2.33442510567548,-0.12524147112659734,0.4599210276564779,-2.6648560434597863,-0.23951144567566177,-1.2041518504187765,-2.5085461074395017,0.7279403824174387,0.07005446168843027
Aaron Gordon,Home,DEN,CHI,123,101,1,b68045c8-68bb-48d8-a897-73ecf0bf7938,0.8649080090562221,2.584609514292464,0.2675306044489854,0.800074741593566,-0.1112033399657001,3.969946939849371,-0.3637304314975127,0.08016762575859107,0.9390653273971251,0.03854188349087937,4.389190052095785,1.9383499629719756,1.4231018727276352,1.5073891319129824
Nikola JokiÄ,Home,DEN,CHI,123,101,1,b68045c8-68bb-48d8-a897-73ecf0bf7938,2.6870217401318617,3.7337437698963356,2.106007568992783,-1.0904317390957672,0.39998193587573244,5.503009289088869,-2.2025412140605702,0.38505488924396764,1.5336483804345455,-0.6510965707960811,5.334146775652318,2.6358997940068174,2.634253177812414,1.0443645384323577
Michael Porter Jr.,Home,DEN,CHI,123,101,1,b68045c8-68bb-48d8-a897-73ecf0bf7938,5.106426254132952,1.3642606885324329,-0.1034370652438176,0.5804471088738208,1.667544353330067,1.6819077202291226,1.7341612250065832,-0.721602378650232,2.0877258270409724,0.8175806807805254,2.4292633656310336,2.3871671565953276,1.8011700180615142,1.4136894261676232
Kentavious Caldwell-Pope,Home,DEN,CHI,123,101,1,b68045c8-68bb-48d8-a897-73ecf0bf7938,1.0309888203903839,0.18267251258179357,0.2489676422978933,0.3886447248191423,-0.14546601379341154,-1.7804527807746855,-0.11206958675104806,0.012711891950674825,1.5030887792271268,0.632021779411023,-1.2041518504187765,1.4319060791831455,1.3776147618885974,2.1052327672341478
Jamal Murray,Home,DEN,CHI,123,101,1,b68045c8-68bb-48d8-a897-73ecf0bf7938,-1.447307757787584,-1.739247182831515,0.010097677348375038,-0.1541415876248048,-0.30083794122915997,-0.1736795934599455,-0.7650444065992885,-0.904795960990752,-0.7962437897907254,-0.9591692812141945,-1.2041518504187765,-0.2999613688168415,-1.2059097637305911,0.47338818413486367
Reggie Jackson,Home,DEN,CHI,123,101,1,b68045c8-68bb-48d8-a897-73ecf0bf7938,2.238857456066775,-0.17159290616523765,-0.46761954874116496,-0.5575053039688873,-1.029484453885639,-0.9118527966042322,1.1785614628354149,-0.440449565743427,2.222801356228805,0.5290821404624616,0.3865304078572009,1.312007967464361,0.7727110538776462,0.5181234033024726
Peyton Watson,Home,DEN,CHI,123,101,1,b68045c8-68bb-48d8-a897-73ecf0bf7938,-1.2851880756402236,2.045306299296578,0.23146268187919974,2.3141382628027345,-0.17250139888405905,-0.7678469260271841,-0.5186158495709668,-0.5297472956355751,-0.6044836629359742,0.02112136546469643,-1.2041518504187765,-0.07933078873155089,-1.0288727577352146,-0.4111007331549804
Christian Braun,Home,DEN,CHI,123,101,1,b68045c8-68bb-48d8-a897-73ecf0bf7938,0.5348663080985258,0.7026974362976527,1.0728482977315956,-1.1641865014285968,-0.46201595369438037,1.1720853059595608,-1.046486863372691,-0.14627878803909314,1.201845605021614,0.059558786298956876,0.45212529458773787,0.6558784805839316,-0.1475921571976229,-0.8647836744117754
DeAndre Jordan,Home,DEN,CHI,123,101,1,b68045c8-68bb-48d8-a897-73ecf0bf7938,-1.8459292420941587,0.6174766249787492,-2.0517354312550613,1.9230315857834634,-0.11407437160919821,-0.7143494134501946,-0.2471898330896031,1.2827471767798417,-1.2072774172222795,-0.6708632659822539,0.12415086093505304,-0.6831709291621394,-1.2846866682272866,-0.29874883540735736
Collin Gillespie,Home,DEN,CHI,123,101,1,b68045c8-68bb-48d8-a897-73ecf0bf7938,-0.27107281950873885,-0.4391558249723723,-0.0028993649601394673,-1.0998115416168013,-0.18200276478894734,-1.07698754504134,-0.3893968376792762,-0.3850110879111885,1.6791241687077054,1.0861688561035998,-1.2041518504187765,0.3554324561674289,0.3887604952557701,0.7494001827229628
Julian Strawther,Home,DEN,CHI,123,101,1,b68045c8-68bb-48d8-a897-73ecf0bf7938,-0.8104397746555198,-1.1562532842768805,0.02617359136693205,-0.7087521033280167,-0.6061871504245895,-0.9507494749300368,-0.44695230086636056,-0.4635627673090956,2.5154200315238273,1.884295443974742,-1.2041518504187765,-0.48164233136996953,-0.5158948832160498,-0.8571971654669933
Zeke Nnaji,Home,DEN,CHI,123,101,1,b68045c8-68bb-48d8-a897-73ecf0bf7938,-1.8459292420941587,-1.4770259884687802,-0.03383473853153378,-0.11865418735829027,0.34986300232280526,0.6618345376286845,-1.2016035152580031,-1.4488331607907483,-1.0745692312806274,-0.7136913601459604,0.12415086093505304,-0.4282244642250117,-1.0484614615653898,0.37740074402848595
Jalen Pickett,Home,DEN,CHI,123,101,1,b68045c8-68bb-48d8-a897-73ecf0bf7938,-1.045378249718458,-1.739247182831515,0.010097677348375038,-0.1541415876248048,-0.30083794122915997,-1.7606680548853715,-0.11159916230906416,-0.0032598628959609986,6.8144516328082245,1.1628426395673603,-1.2041518504187765,0.20280939931940506,1.48762208917473,-2.1175527292572403
Hunter Tyson,Home,DEN,CHI,123,101,1,b68045c8-68bb-48d8-a897-73ecf0bf7938,-1.6624353486396442,-1.4770259884687802,-0.03383473853153378,-0.11865418735829027,0.34986300232280526,0.696905649386902,-1.2172754808782769,-1.4690173552677175,-1.929590574296387,2.652859151962201,-1.2041518504187765,-0.5453614976985757,-2.3001255438558306,1.507647198213178
Justin Holiday,Home,DEN,CHI,123,101,1,b68045c8-68bb-48d8-a897-73ecf0bf7938,-1.8973738237025823,-1.739247182831515,0.010097677348375038,-0.1541415876248048,-0.30083794122915997,-2.33442510567548,-0.12524147112659734,0.4599210276564779,-2.6648560434597863,-0.23951144567566177,-1.2041518504187765,-2.5085461074395017,0.7279403824174387,0.07005446168843027
Nikola JokiÄ,Home,DEN,NOP,134,116,1,06e4629e-0e12-4cda-b26d-758656b63578,5.222369175010534,3.335181377342124,0.20196245560344564,-2.2138342652153247,-1.4308982440922349,4.829922542132515,-0.7026283708609912,-0.5721144776350036,1.6053974671515348,-0.507965740209398,1.7756511713582377,2.5005568576966684,1.471709515288355,-0.15991356631623918
Aaron Gordon,Home,DEN,NOP,134,116,1,06e4629e-0e12-4cda-b26d-758656b63578,0.9005846544497716,1.0847186864320466,-0.9155535080524337,-0.4983282341408949,-0.7482714362453305,4.459876073020579,-0.31407800110478956,1.6038723304549696,1.033659047747522,-1.0865749532967044,0.36291624863420757,1.335648232051789,0.38229909250202676,0.26635025803735973
Kentavious Caldwell-Pope,Home,DEN,NOP,134,116,1,06e4629e-0e12-4cda-b26d-758656b63578,2.3829317148016544,2.6577305057146816,-0.23994387083066274,-0.24453707161883775,1.1271165297613042,-1.3239626353907739,-0.26379415339625334,-0.24319498677303242,1.8055082651196825,1.05045613013273,1.2510973205862401,1.5805662691307045,1.2017702256586325,1.4280154068210134
Michael Porter Jr.,Home,DEN,NOP,134,116,1,06e4629e-0e12-4cda-b26d-758656b63578,3.069995603116481,0.1413306428557192,-0.4552423521111219,-0.46403145516044114,0.41012335631412133,2.6934659041487743,-1.4545339960068169,-0.23772083780491718,1.2250851514965866,0.05590819371733359,2.3472152294317428,1.6751651621637624,0.3978772449545261,0.5912163118397086
Reggie Jackson,Home,DEN,NOP,134,116,1,06e4629e-0e12-4cda-b26d-758656b63578,0.2852111975177803,-0.3214032119683277,0.01929965381199468,-1.161238850903938,-0.1477067636234814,-1.2483461187383977,-0.2913636667759726,-0.29408545952196796,0.06968052006046407,0.7743416032825239,1.316692207316777,0.8885997275911552,0.24231392819687764,1.441238794402284
Julian Strawther,Home,DEN,NOP,134,116,1,06e4629e-0e12-4cda-b26d-758656b63578,4.288462179636899,-0.577414228695632,-0.48949990759387474,-0.0019505297670162967,-0.07058037426064549,-0.6389618463877107,-0.5324497993906349,-0.6412690744966061,2.4414189591227786,0.9866911303974819,-0.8712678255413544,1.0502701161213965,-0.4977636024755483,-1.2920666914261176
Peyton Watson,Home,DEN,NOP,134,116,1,06e4629e-0e12-4cda-b26d-758656b63578,-1.2156980706193192,-0.38586566057906724,2.037237322440855,0.4924152520047372,-0.43286170172298555,0.7518964525469984,2.5775744824697115,-1.3105196397165788,1.0898359737445014,-1.6848144850317328,-1.2041518504187765,0.39938732940493915,1.2101584671725136,0.5973343209308981
Christian Braun,Home,DEN,NOP,134,116,1,06e4629e-0e12-4cda-b26d-758656b63578,-0.9337721633753732,-1.1473555927395749,-0.02016408675201357,-0.42004788688267436,0.20038744452015425,-1.7260447845790718,-0.11077591953559233,-0.03121043387757368,-0.7651534336777986,-0.2834298536074075,3.6701924574814235,0.3914813294064816,-0.7806833219026572,0.7725679542141934
Collin Gillespie,Home,DEN,NOP,134,116,1,06e4629e-0e12-4cda-b26d-758656b63578,-0.2196282379003152,0.4352881964184776,1.9896684939104448,0.6346145723803639,1.4823323477299273,-1.2113498574863506,-0.33942976573109884,-0.307030017293666,1.7619032705774655,1.0629597369979005,0.8014306962592943,0.0498975617995812,-0.1977589666052725,-0.25817304802477853
Zeke Nnaji,Home,DEN,NOP,134,116,1,06e4629e-0e12-4cda-b26d-758656b63578,-1.8973738237025823,1.711252725184516,-3.5850008556112036,3.6819604050816737,-0.9086996993208847,1.947037711759257,2.53223042867946,1.1122705279206606,-2.0543983881281855,-0.43652067882871215,-1.2041518504187765,-0.7786658015904203,-0.731598008134626,-0.31733793397042137
Jalen Pickett,Home,DEN,NOP,134,116,1,06e4629e-0e12-4cda-b26d-758656b63578,-1.045378249718458,-1.739247182831515,0.010097677348375038,-0.1541415876248048,-0.30083794122915997,-1.7260447845790718,-0.11077591953559233,-0.03121043387757368,6.8144516328082245,1.1628426395673603,-1.2041518504187765,2.0164853605653015,4.518287885148073,-5.12512568385468
Braxton Key,Home,DEN,NOP,134,116,1,06e4629e-0e12-4cda-b26d-758656b63578,-1.8973738237025823,-1.739247182831515,0.010097677348375038,-0.1541415876248048,-0.30083794122915997,-1.7260447845790718,-0.11077591953559233,-0.03121043387757368,-2.6648560434597863,-0.23951144567566177,-1.2041518504187765,-1.1449868790812836,-0.35103582237206266,0.6669097423183978
Hunter Tyson,Home,DEN,NOP,134,116,1,06e4629e-0e12-4cda-b26d-758656b63578,-1.8973738237025823,-1.739247182831515,0.010097677348375038,-0.1541415876248048,-0.30083794122915997,-1.7260447845790718,-0.11077591953559233,-0.03121043387757368,-2.6648560434597863,-0.23951144567566177,-1.2041518504187765,-1.133919262261491,-0.29500405265267565,0.6132825244564094
Justin Holiday,Home,DEN,NOP,134,116,1,06e4629e-0e12-4cda-b26d-758656b63578,-1.8973738237025823,-1.739247182831515,0.010097677348375038,-0.1541415876248048,-0.30083794122915997,-2.33442510567548,-0.12524147112659734,0.4599210276564779,-2.6648560434597863,-0.23951144567566177,-1.2041518504187765,-2.5085461074395017,0.7279403824174387,0.07005446168843027
DeAndre Jordan,Home,DEN,NOP,134,116,1,06e4629e-0e12-4cda-b26d-758656b63578,-1.8973738237025823,-1.739247182831515,0.010097677348375038,-0.1541415876248048,-0.30083794122915997,-2.33442510567548,-0.12524147112659734,0.4599210276564779,-2.6648560434597863,-0.23951144567566177,-1.2041518504187765,-2.5085461074395017,0.7279403824174387,0.07005446168843027
Michael Porter Jr.,Home,DEN,GSW,108,105,1,10bbf762-4b29-4da1-8d65-d3f7d1dcccd6,3.415113158477742,-0.9050381290191385,-0.00732283574457497,-0.6341254428971179,0.10466142168053043,2.4457881549981773,1.5636630596710677,-0.39717563861762967,0.8289410007225555,0.5822677335889185,-1.2041518504187765,1.7010506389533073,0.6134689328165245,0.5853202118226631
Nikola JokiÄ,Home,DEN,GSW,108,105,1,10bbf762-4b29-4da1-8d65-d3f7d1dcccd6,5.156703978124917,3.4134196515986517,1.3509398986747154,0.4698410070792247,0.579746095394971,4.1225629406868745,-0.3980284560934787,-0.34555748156241217,0.9148984338132059,-0.38291646898214715,4.0370558682007385,2.4753551131167835,0.4099935136036182,-1.02138994381501
Kentavious Caldwell-Pope,Home,DEN,GSW,108,105,1,10bbf762-4b29-4da1-8d65-d3f7d1dcccd6,0.07214295400261057,0.3465712361233343,0.7479396884314443,-0.42370527453651324,1.36862186694474,-0.3990344921542342,-0.4797275746044591,0.20459116857286566,0.19413681689841308,-0.11045749214757691,2.6751896630844274,1.192376063950389,0.48496884212763525,0.915644074639625
Aaron Gordon,Home,DEN,GSW,108,105,1,10bbf762-4b29-4da1-8d65-d3f7d1dcccd6,1.1441582338297447,2.0139367637326333,1.5777434331267624,1.0975610641139155,0.41294150499510585,3.6633148682311703,-0.09471237712159467,0.9035977097169638,0.3621114700469517,-0.07353664436006169,1.820463285640666,1.691270854003331,0.511302750516586,0.48268742850087654
Reggie Jackson,Home,DEN,GSW,108,105,1,10bbf762-4b29-4da1-8d65-d3f7d1dcccd6,3.53604774510707,1.4625282313486216,-0.12836989214612934,-1.6977506399285969,2.1095629646777874,-0.9344431038720247,-0.40214145828825565,-0.4538455550043262,1.190798720081358,0.3479531885223936,0.27895479361912023,1.6808986111375754,0.48158495116418487,0.4655796254727325
Christian Braun,Home,DEN,GSW,108,105,1,10bbf762-4b29-4da1-8d65-d3f7d1dcccd6,-0.686176400131518,-0.6750087413960477,-0.005138747044759958,-0.8640579541399616,-0.036879020388774296,-0.6046090831233236,-0.5588924171080847,-0.6656306988901178,1.1126193731146254,1.344954441997697,0.9991866499204162,-0.19029741705413075,-0.6812929705216432,-0.7123445866937695
Collin Gillespie,Home,DEN,GSW,108,105,1,10bbf762-4b29-4da1-8d65-d3f7d1dcccd6,-0.8104397746555198,0.19668670743416264,-1.3993493972875826,1.1308310164813913,0.19655358547784016,-1.7359371475237289,-0.11101113175658428,-0.023224556454255772,2.104024655104705,2.0170625358822325,-1.2041518504187765,-0.42699606636929704,-1.1509097165853934,-0.3286911312162634
Peyton Watson,Home,DEN,GSW,108,105,1,10bbf762-4b29-4da1-8d65-d3f7d1dcccd6,-1.5201265507031618,-1.739247182831515,0.010097677348375038,-0.1541415876248048,-0.30083794122915997,-1.7309909660514005,-0.1108935256460883,-0.027217495165914738,0.09703052224876818,-1.3059313478115737,-1.2041518504187765,-0.6037935104006313,-1.0315647484641264,-0.31924616611051226
Julian Strawther,Home,DEN,GSW,108,105,1,10bbf762-4b29-4da1-8d65-d3f7d1dcccd6,-1.6624353486396442,-1.2148047941060454,-0.07776715441144258,-0.08316678709177572,1.0005639458747704,-0.8772547958118138,-0.4746789758738264,-0.5320750777167516,-1.929590574296387,2.652859151962201,-1.2041518504187765,-1.049486338007676,-1.753667882873632,-0.07721595245868866
Justin Holiday,Home,DEN,GSW,108,105,1,10bbf762-4b29-4da1-8d65-d3f7d1dcccd6,-0.8104397746555198,-1.4770259884687802,-0.03383473853153378,-0.11865418735829027,0.34986300232280526,0.9134772542541874,-1.237890584740151,-1.5947869353825277,2.382711845582175,1.9271235381384486,-1.2041518504187765,-0.23987648939869166,-0.04445865159246503,-0.037975648326136376
Zeke Nnaji,Home,DEN,GSW,108,105,1,10bbf762-4b29-4da1-8d65-d3f7d1dcccd6,-1.8245550307870044,-0.3548770557003247,0.04432300731569329,-1.4816529778060805,-1.0459101970275868,0.31594370228932456,-0.9968085785755678,-1.2534391090350288,-2.0942108439106812,-0.4236722505796002,-1.2041518504187765,-0.5940985059856676,-0.07605466067326311,-0.5492528501437919
DeAndre Jordan,Home,DEN,GSW,108,105,1,10bbf762-4b29-4da1-8d65-d3f7d1dcccd6,-1.8973738237025823,-1.739247182831515,0.010097677348375038,-0.1541415876248048,-0.30083794122915997,-2.33442510567548,-0.12524147112659734,0.4599210276564779,-2.6648560434597863,-0.23951144567566177,-1.2041518504187765,-2.5085461074395017,0.7279403824174387,0.07005446168843027
Braxton Key,Home,DEN,GSW,108,105,1,10bbf762-4b29-4da1-8d65-d3f7d1dcccd6,-1.8973738237025823,-1.739247182831515,0.010097677348375038,-0.1541415876248048,-0.30083794122915997,-2.33442510567548,-0.12524147112659734,0.4599210276564779,-2.6648560434597863,-0.23951144567566177,-1.2041518504187765,-2.5085461074395017,0.7279403824174387,0.07005446168843027
Jalen Pickett,Home,DEN,GSW,108,105,1,10bbf762-4b29-4da1-8d65-d3f7d1dcccd6,-1.8973738237025823,-1.739247182831515,0.010097677348375038,-0.1541415876248048,-0.30083794122915997,-2.33442510567548,-0.12524147112659734,0.4599210276564779,-2.6648560434597863,-0.23951144567566177,-1.2041518504187765,-2.5085461074395017,0.7279403824174387,0.07005446168843027
Hunter Tyson,Home,DEN,GSW,108,105,1,10bbf762-4b29-4da1-8d65-d3f7d1dcccd6,-1.8973738237025823,-1.739247182831515,0.010097677348375038,-0.1541415876248048,-0.30083794122915997,-2.33442510567548,-0.12524147112659734,0.4599210276564779,-2.6648560434597863,-0.23951144567566177,-1.2041518504187765,-2.5085461074395017,0.7279403824174387,0.07005446168843027
Aaron Gordon,Away,DEN,HOU,104,107,0,0d11a809-8b3b-4a5e-a55a-d71190dd87d3,1.084492749335698,1.1376380785685318,-0.948924905449608,-0.32442680826930387,-0.020340551808665033,2.1539522774842017,1.442171711846274,-1.1433407999369616,1.5151394796726094,-0.35544073388926833,2.4055483224412524,1.499902389797571,0.5208672795305298,0.11734820154344021
Nikola JokiÄ,Away,DEN,HOU,104,107,0,0d11a809-8b3b-4a5e-a55a-d71190dd87d3,5.1620102945472786,3.7151369743498592,-1.0063610818442723,-2.14139365860308,-0.36466297163584754,7.61935908427654,-1.3169435452934428,0.6273208811112324,1.086390324764706,-0.35173224400803926,4.484351342269097,2.753740227841991,1.3284320705007922,-0.6745539007815375
Michael Porter Jr.,Away,DEN,HOU,104,107,0,0d11a809-8b3b-4a5e-a55a-d71190dd87d3,4.811428857276677,-0.04166344354876419,-0.9207140232088713,0.7553162928119356,1.2613867355307102,2.762010176528868,-0.05506549469824608,-0.5193582158575692,1.5089557967100757,0.3535304665006095,-1.2041518504187765,1.6650360434029767,-0.06938300418579295,-0.3060939197483044
Kentavious Caldwell-Pope,Away,DEN,HOU,104,107,0,0d11a809-8b3b-4a5e-a55a-d71190dd87d3,-0.3603737087405214,0.46707795115655126,-0.08676768398542882,0.9705839945598964,1.2451190155995067,-1.7458295104683859,-0.11124634397757623,-0.015238679030937868,0.7761139346738231,0.5858571271510832,-1.2041518504187765,0.8236494367711181,-0.05961846756703009,0.6647525258938666
Reggie Jackson,Away,DEN,HOU,104,107,0,0d11a809-8b3b-4a5e-a55a-d71190dd87d3,1.9476030485365852,-0.051540534485601426,-0.5467756904092305,-0.15311042399191435,0.46918800218708556,-0.06084847926271788,-0.7248550547315458,-0.9226848537121564,1.1948441722576242,0.30443540382246354,-1.2041518504187765,0.8891375093343822,-0.5772069660427461,-0.38797312705058734
Collin Gillespie,Away,DEN,HOU,104,107,0,0d11a809-8b3b-4a5e-a55a-d71190dd87d3,-0.3685738474940225,1.5142923721364776,1.324058001105616,0.5736223793828712,0.19396709230800543,-1.3025168158394367,-0.2975462681642881,-0.248662532372728,-0.03709649896211955,-0.3426998446827799,-1.2041518504187765,0.49766742078321297,-0.36594033729989395,-0.13493405911067827
Christian Braun,Away,DEN,HOU,104,107,0,0d11a809-8b3b-4a5e-a55a-d71190dd87d3,-1.2818592877455504,-0.7258778019643987,-0.9335402746744013,0.9166972784536366,-0.06664412398716073,-0.8303595358415437,-0.2338881230591168,1.0354881102952733,-2.191056760124765,1.1724113778123042,-1.2041518504187765,-0.3542828876564002,-2.206984814052498,0.21669071963074188
Zeke Nnaji,Away,DEN,HOU,104,107,0,0d11a809-8b3b-4a5e-a55a-d71190dd87d3,-1.212369282724646,-1.739247182831515,0.010097677348375038,-0.1541415876248048,-0.30083794122915997,1.6358379008111554,-0.9301477277150452,1.6169124432909834,-0.87449247721385,-0.12243650741245327,-1.2041518504187765,-0.5127863088360252,-1.911815825348826,-0.9719114267453729
Julian Strawther,Away,DEN,HOU,104,107,0,0d11a809-8b3b-4a5e-a55a-d71190dd87d3,-1.427496873576706,-0.6201638379502419,-0.06158065362327468,-0.6494194552629797,0.6880481320176041,-1.7359371475237289,-0.11101113175658428,-0.023224556454255772,-1.7172574767897433,2.5843342013002704,-1.2041518504187765,-0.6188943175274558,-1.4900440862691973,0.42813817225728723
Peyton Watson,Away,DEN,HOU,104,107,0,0d11a809-8b3b-4a5e-a55a-d71190dd87d3,-1.7517362378714265,-0.5852226651467344,-0.061248893314441985,-0.684345912666956,0.6665483180323932,-0.9784026879341573,3.0315285593099257,-0.24643901394135478,-2.4525229459531426,-0.3080363963375923,-1.2041518504187765,-0.5482450958552612,-1.1950600270209373,-0.012001003920658827
Justin Holiday,Away,DEN,HOU,104,107,0,0d11a809-8b3b-4a5e-a55a-d71190dd87d3,-1.8973738237025823,-1.739247182831515,0.010097677348375038,-0.1541415876248048,-0.30083794122915997,-2.33442510567548,-0.12524147112659734,0.4599210276564779,-2.6648560434597863,-0.23951144567566177,-1.2041518504187765,-2.5085461074395017,0.7279403824174387,0.07005446168843027
DeAndre Jordan,Away,DEN,HOU,104,107,0,0d11a809-8b3b-4a5e-a55a-d71190dd87d3,-1.8973738237025823,-1.739247182831515,0.010097677348375038,-0.1541415876248048,-0.30083794122915997,-2.33442510567548,-0.12524147112659734,0.4599210276564779,-2.6648560434597863,-0.23951144567566177,-1.2041518504187765,-2.5085461074395017,0.7279403824174387,0.07005446168843027
Braxton Key,Away,DEN,HOU,104,107,0,0d11a809-8b3b-4a5e-a55a-d71190dd87d3,-1.8973738237025823,-1.739247182831515,0.010097677348375038,-0.1541415876248048,-0.30083794122915997,-2.33442510567548,-0.12524147112659734,0.4599210276564779,-2.6648560434597863,-0.23951144567566177,-1.2041518504187765,-2.5085461074395017,0.7279403824174387,0.07005446168843027
Jalen Pickett,Away,DEN,HOU,104,107,0,0d11a809-8b3b-4a5e-a55a-d71190dd87d3,-1.8973738237025823,-1.739247182831515,0.010097677348375038,-0.1541415876248048,-0.30083794122915997,-2.33442510567548,-0.12524147112659734,0.4599210276564779,-2.6648560434597863,-0.23951144567566177,-1.2041518504187765,-2.5085461074395017,0.7279403824174387,0.07005446168843027
Aaron Gordon,Home,DEN,LAC,111,108,1,1dcb2c43-376d-48f4-8e86-7ad0f65dc594,1.693349709503383,1.4085251319030692,-1.3021132608756047,-0.03907910648598081,-0.9136287011545087,0.45564861325640243,-0.7531580576542164,-0.1537266830314101,1.875834532722757,-0.5954811817856063,1.83195371837426,1.5138974102906484,0.0932754963417442,-0.32849720372634417
Kentavious Caldwell-Pope,Home,DEN,LAC,111,108,1,1dcb2c43-376d-48f4-8e86-7ad0f65dc594,0.19588954415387594,1.255190821830462,-0.02787283015727703,0.23064937027384494,0.9218670993950854,-1.3276623567056591,-0.24948429565924118,-0.2415537632281693,3.378265769448225,1.8189246019138148,3.6897099661553066,0.935284320996371,0.2809958517587736,-0.06350665973634391
Nikola JokiÄ,Home,DEN,LAC,111,108,1,1dcb2c43-376d-48f4-8e86-7ad0f65dc594,4.256292651757123,3.6951024542302515,-0.49833894280088314,-0.8930560766063356,-0.8243968973934086,5.391839252734186,-2.2732051151298505,-0.5727105692101352,0.4638085853972,0.06096258630795861,7.970801626731827,2.5936753237287427,0.03483308252564665,-0.7810134452093614
Michael Porter Jr.,Home,DEN,LAC,111,108,1,1dcb2c43-376d-48f4-8e86-7ad0f65dc594,1.8979239277265587,0.529458758320357,-0.25123031523978784,1.3212352747667395,1.2538539131827473,0.922738184492198,0.5101775841233773,-0.3423150501683417,0.3821698796016136,1.339269198385851,-0.5016506640948317,1.1941285347863784,-0.4684096427843096,0.4765770518787447
Reggie Jackson,Home,DEN,LAC,111,108,1,1dcb2c43-376d-48f4-8e86-7ad0f65dc594,0.8927987171276823,1.373032515492154,-0.9739669367010854,-0.34511265632484284,0.5958304685236449,-0.01935195797971942,0.7904298106865975,-0.9359665692005094,0.906743068538438,-1.3284216262940782,2.8108994413113892,1.501665172609501,0.2318633458366022,0.2943133759311001
Christian Braun,Home,DEN,LAC,111,108,1,1dcb2c43-376d-48f4-8e86-7ad0f65dc594,-0.30241263036779154,-0.5268249788044597,-0.10711657766254133,-0.4451208442105801,1.442664843164755,-1.17399636777059,-0.31464052943547044,-0.3381834172878788,1.9125595015411678,-2.0084579456846234,-1.2041518504187765,0.303412168665766,-0.25123166605593533,-0.548465795574328
Jalen Pickett,Home,DEN,LAC,111,108,1,1dcb2c43-376d-48f4-8e86-7ad0f65dc594,-0.506011294571677,1.6521154538986316,-0.7489748320871041,1.7426121111462698,-0.25894935525352014,-0.585215745541868,-0.5683996441656408,-0.6548363859282128,2.331905064584328,0.8333553126888975,-1.2041518504187765,0.11230690110092845,-0.4302331345198516,-0.5086800158744241
Zeke Nnaji,Home,DEN,LAC,111,108,1,1dcb2c43-376d-48f4-8e86-7ad0f65dc594,-1.4686819690947381,-1.4770259884687802,-0.03383473853153378,-0.11865418735829027,0.34986300232280526,0.8234261245208354,-0.8272594125453855,0.554154085357658,0.278265993901031,-1.362976842442501,1.4360485955457922,-0.16592099339342734,-0.4190214997466299,0.07005939694829315
Peyton Watson,Home,DEN,LAC,111,108,1,1dcb2c43-376d-48f4-8e86-7ad0f65dc594,-1.2885168635348971,-1.4770259884687802,-0.03383473853153378,-0.11865418735829027,0.34986300232280526,-1.7013138772174292,-0.11018788898311245,-0.05117512743586846,2.8589170879573222,-2.3723512499474855,-1.2041518504187765,-0.22982769965669028,0.042051954721454524,-0.04458033154538156
Justin Holiday,Home,DEN,LAC,111,108,1,1dcb2c43-376d-48f4-8e86-7ad0f65dc594,-1.8973738237025823,0.43648184268300155,0.04129633211122098,-2.3008164533259343,-1.5862203379171167,-1.7013138772174292,-0.11018788898311245,-0.05117512743586846,-1.1984305888045272,-0.7127618861846199,-1.2041518504187765,-0.9409425006280863,0.7822214155293598,-0.9387993132380397
Collin Gillespie,Home,DEN,LAC,111,108,1,1dcb2c43-376d-48f4-8e86-7ad0f65dc594,-1.8973738237025823,-1.739247182831515,0.010097677348375038,-0.1541415876248048,-0.30083794122915997,-2.33442510567548,-0.12524147112659734,0.4599210276564779,-2.6648560434597863,-0.23951144567566177,-1.2041518504187765,-2.5085461074395017,0.7279403824174387,0.07005446168843027
DeAndre Jordan,Home,DEN,LAC,111,108,1,1dcb2c43-376d-48f4-8e86-7ad0f65dc594,-1.8973738237025823,-1.739247182831515,0.010097677348375038,-0.1541415876248048,-0.30083794122915997,-2.33442510567548,-0.12524147112659734,0.4599210276564779,-2.6648560434597863,-0.23951144567566177,-1.2041518504187765,-2.5085461074395017,0.7279403824174387,0.07005446168843027
Braxton Key,Home,DEN,LAC,111,108,1,1dcb2c43-376d-48f4-8e86-7ad0f65dc594,-1.8973738237025823,-1.739247182831515,0.010097677348375038,-0.1541415876248048,-0.30083794122915997,-2.33442510567548,-0.12524147112659734,0.4599210276564779,-2.6648560434597863,-0.23951144567566177,-1.2041518504187765,-2.5085461074395017,0.7279403824174387,0.07005446168843027
Julian Strawther,Home,DEN,LAC,111,108,1,1dcb2c43-376d-48f4-8e86-7ad0f65dc594,-1.8973738237025823,-1.739247182831515,0.010097677348375038,-0.1541415876248048,-0.30083794122915997,-2.33442510567548,-0.12524147112659734,0.4599210276564779,-2.6648560434597863,-0.23951144567566177,-1.2041518504187765,-2.5085461074395017,0.7279403824174387,0.07005446168843027
Aaron Gordon,Away,DEN,NOP,110,115,0,0a015382-3a11-4b86-8c5c-b8298daa0406,1.3918358158828024,0.2951161018549427,0.6401479176306999,-0.1449392267654395,2.1683688323366743,1.4678414675516314,-1.1427792124872247,-0.8017772077136355,0.23544060468140227,-0.4584730706738894,-0.227802037274893,1.2144873354652992,-0.45764155844090754,0.15349511823086243
Nikola JokiÄ,Away,DEN,NOP,110,115,0,0a015382-3a11-4b86-8c5c-b8298daa0406,3.814726683265545,6.065138944429689,-0.5200805967761344,-2.841913622401357,-1.8043764746108146,5.242986053238976,-1.0214511435642326,-1.8669120274383084,0.8645448212985932,-0.09155440633358472,2.8624767404892255,2.134341668280827,0.9682995915358267,-1.0585010074552983
Kentavious Caldwell-Pope,Away,DEN,NOP,110,115,0,0a015382-3a11-4b86-8c5c-b8298daa0406,0.7265603403065413,0.8146792645404713,0.9275730303958272,-1.6577639349358575,-1.0855457217141473,-0.6592526727798705,2.2441353074962556,-0.5976765504459663,1.4959222946877737,0.8833276801487029,-1.2041518504187765,0.8687173516692864,0.5327205640248054,-0.2024016323448417
Reggie Jackson,Away,DEN,NOP,110,115,0,0a015382-3a11-4b86-8c5c-b8298daa0406,2.271842412831306,1.5522359684016458,-1.833104007947753,1.0281081032220591,-0.2162525357294143,-0.7453830252179092,-0.3501022537201986,0.4213889621001323,1.0209795870295675,0.6947631670180263,-1.2041518504187765,0.9995794476404087,-0.9590891344056309,-0.1298100191092085
Michael Porter Jr.,Away,DEN,NOP,110,115,0,0a015382-3a11-4b86-8c5c-b8298daa0406,2.71857969085163,-0.9525835997433105,-0.12169957029135141,-0.04767938682526117,1.6512648894267359,3.3115529427073707,-1.5633900738890771,0.20466483298986213,1.4438029578887102,0.12525556219717207,-0.8791392119490189,0.6999307856243142,-1.1790765588239536,-1.310506544333867
Christian Braun,Away,DEN,NOP,110,115,0,0a015382-3a11-4b86-8c5c-b8298daa0406,4.000830446539875,-0.4938383300817492,0.007121923422221471,-1.0170142096974468,-0.09498036875427918,2.4752071140806975,-1.3881105984816402,-0.2573777924557066,1.7344170928917084,-0.05571574547996094,-0.9027533711720122,1.5565605948626502,0.2741454573212961,-0.5922917479448464
Peyton Watson,Away,DEN,NOP,110,115,0,0a015382-3a11-4b86-8c5c-b8298daa0406,-1.2337434940318,0.6231197744971398,-1.6655470788790612,1.3145148109160738,0.02999910100701306,0.9705273744052462,-0.678861452892477,1.927580605504036,-0.44462633625268233,-0.026756517765707886,0.9991866499204162,0.12108978894345039,-1.3185116262742653,0.39748681374803996
Jalen Pickett,Away,DEN,NOP,110,115,0,0a015382-3a11-4b86-8c5c-b8298daa0406,-1.427496873576706,0.2694808174414699,-1.3986582299775145,1.0580675635564407,0.15176230634198426,-0.9531086115587647,-0.4422205283212474,-0.48268520628880746,-1.7902469790576516,2.607889653090309,-1.2041518504187765,-0.1585963634518223,-0.9122538434455468,1.6663207156431783
Julian Strawther,Away,DEN,NOP,110,115,0,0a015382-3a11-4b86-8c5c-b8298daa0406,-0.8881299184299253,-0.033605824895266125,1.457658863734067,0.1781833199801986,0.5551214096430559,-1.8200222325533137,-0.11301043563501587,0.04465540164394648,-0.6130262913854723,1.3580112667374433,-1.2041518504187765,-0.38863312264814753,-1.8791233583634415,-0.8538966851829732
Zeke Nnaji,Away,DEN,NOP,110,115,0,0a015382-3a11-4b86-8c5c-b8298daa0406,-1.8245550307870044,0.8051881359171303,-2.752935267258861,3.0972995421728564,-0.22037600628379442,-1.7705604178300285,-0.11183437453005611,0.004726014527356918,-2.6648560434597863,-0.23951144567566177,-1.2041518504187765,-0.3690605379791496,-3.739997220813672,1.4559481921468604
Collin Gillespie,Away,DEN,NOP,110,115,0,0a015382-3a11-4b86-8c5c-b8298daa0406,-1.8973738237025823,-1.739247182831515,0.010097677348375038,-0.1541415876248048,-0.30083794122915997,-2.33442510567548,-0.12524147112659734,0.4599210276564779,-2.6648560434597863,-0.23951144567566177,-1.2041518504187765,-2.5085461074395017,0.7279403824174387,0.07005446168843027
Justin Holiday,Away,DEN,NOP,110,115,0,0a015382-3a11-4b86-8c5c-b8298daa0406,-1.8973738237025823,-1.739247182831515,0.010097677348375038,-0.1541415876248048,-0.30083794122915997,-2.33442510567548,-0.12524147112659734,0.4599210276564779,-2.6648560434597863,-0.23951144567566177,-1.2041518504187765,-2.5085461074395017,0.7279403824174387,0.07005446168843027
DeAndre Jordan,Away,DEN,NOP,110,115,0,0a015382-3a11-4b86-8c5c-b8298daa0406,-1.8973738237025823,-1.739247182831515,0.010097677348375038,-0.1541415876248048,-0.30083794122915997,-2.33442510567548,-0.12524147112659734,0.4599210276564779,-2.6648560434597863,-0.23951144567566177,-1.2041518504187765,-2.5085461074395017,0.7279403824174387,0.07005446168843027
Braxton Key,Away,DEN,NOP,110,115,0,0a015382-3a11-4b86-8c5c-b8298daa0406,-1.8973738237025823,-1.739247182831515,0.010097677348375038,-0.1541415876248048,-0.30083794122915997,-2.33442510567548,-0.12524147112659734,0.4599210276564779,-2.6648560434597863,-0.23951144567566177,-1.2041518504187765,-2.5085461074395017,0.7279403824174387,0.07005446168843027
Aaron Gordon,Away,DEN,CLE,109,121,0,b22c11c4-249e-4e3c-91e7-e7cbdf142a8e,0.3086447561618248,1.265597201543717,0.36950008996462747,-0.5879199163111858,0.1746811892186971,1.2395708260557736,2.1058606895644387,0.3750662828619131,-0.2734769636683056,-0.5664557634901893,2.3333939470376617,0.6946293658037752,-1.556774428186059,-1.4266495615638988
Kentavious Caldwell-Pope,Away,DEN,CLE,109,121,0,b22c11c4-249e-4e3c-91e7-e7cbdf142a8e,0.623038835797566,0.12061305617023217,0.3341367673432778,0.29222002957679644,-0.10052387284701372,-0.020175999385154533,1.0757304344243785,1.101010273073421,-0.07818270008493114,0.9291155154317771,2.601723389946226,0.5692405910603869,-1.3810023364915773,-0.8471626813859753
Nikola JokiÄ,Away,DEN,CLE,109,121,0,b22c11c4-249e-4e3c-91e7-e7cbdf142a8e,1.005037144762895,4.03261138006075,-0.486332811325791,-0.6368495754288452,1.1756890568645473,3.6289531345457657,-0.3920736535179767,-1.9645791172717084,0.641198875838214,-1.5233998883633897,1.49199413824567,1.088383955277696,-1.182259069586674,-1.7625308718198247
Michael Porter Jr.,Away,DEN,CLE,109,121,0,b22c11c4-249e-4e3c-91e7-e7cbdf142a8e,4.305379241516637,0.21880728465859317,-0.03508822288519554,1.1953028020945735,0.6287188379974471,1.3624119972787867,-1.1176775343431482,-0.6993961618390054,1.6414967299390535,1.0094688168069392,1.1632001723673207,0.6466399781594367,-2.285722205787247,-2.6645272946282725
Reggie Jackson,Away,DEN,CLE,109,121,0,b22c11c4-249e-4e3c-91e7-e7cbdf142a8e,-0.290883703719617,1.456702712757103,0.49066983961897837,2.0953232100577854,0.18474591251947112,-1.7062600586897578,-0.11030549509360843,-0.04718218872420951,2.0943654253208095,0.2772015329689504,-1.2041518504187765,-0.305646956959413,-2.163641937156782,-2.0138539027413747
Christian Braun,Away,DEN,CLE,109,121,0,b22c11c4-249e-4e3c-91e7-e7cbdf142a8e,0.8408581152786443,-1.4770259884687802,-0.03383473853153378,-0.11865418735829027,0.34986300232280526,-0.6679502831346792,-0.4891945840151232,-0.6524316304859549,1.7694607490623646,0.054071612744821015,-1.2041518504187765,0.8690574867649293,-0.43914776104817893,0.2693135993397143
Julian Strawther,Away,DEN,CLE,109,121,0,b22c11c4-249e-4e3c-91e7-e7cbdf142a8e,-0.02254607046073574,-0.3170155436469861,-0.15154663400569915,-0.35724375783810114,2.1256155076945364,-0.0742199360809208,1.1287872158974694,-0.9505465742215957,0.6028041038461711,0.7112730062433907,1.4255797192894684,0.557855353193215,-0.14503065453860825,0.740089416519103
Jalen Pickett,Away,DEN,CLE,109,121,0,b22c11c4-249e-4e3c-91e7-e7cbdf142a8e,0.21726375546103005,0.6198525499169254,0.2832775904480086,0.18219204065061134,-1.2198471614031308,-0.5246577065435227,-0.5702456162823804,-0.7437522357178976,2.5276838982669476,1.3741914135586881,1.644666640969462,0.5577997374445594,0.5285417018747286,0.007439019458199882
Justin Holiday,Away,DEN,CLE,109,121,0,b22c11c4-249e-4e3c-91e7-e7cbdf142a8e,0.04155579932860477,-0.8065167595689483,-0.06335004193704888,-0.46314501577510647,0.802713806605395,-1.040435613700701,-0.35562273363556407,-0.4501091882724677,3.8409454744787404,1.6788865491100433,-1.2041518504187765,-0.02726899473439897,-0.03268867116175602,-0.07609868897511834
Zeke Nnaji,Away,DEN,CLE,109,121,0,b22c11c4-249e-4e3c-91e7-e7cbdf142a8e,-0.26081333341834745,-0.017448500328450887,-0.8637435697517857,0.3514661755870342,0.37066934908763116,1.762425614163881,-0.7885440576490754,2.5866972602449736,3.3570616315994544,-0.02028539289618763,1.644666640969462,0.5768446073767264,0.3934496237292004,0.0028053913449396393
Collin Gillespie,Away,DEN,CLE,109,121,0,b22c11c4-249e-4e3c-91e7-e7cbdf142a8e,-1.8973738237025823,-0.30892984379182464,0.03421877885612419,-1.555718695374441,-1.1275576395659523,-1.6518520624941442,-0.1090118278781527,-0.09110451455245801,-1.0988994493482882,-0.7448829568073998,-1.2041518504187765,-0.7830446602360129,0.6163553160269281,0.6591914030257362
Hunter Tyson,Away,DEN,CLE,109,121,0,b22c11c4-249e-4e3c-91e7-e7cbdf142a8e,-1.6624353486396442,-0.30892984379182464,0.03421877885612419,-1.555718695374441,-1.1275576395659523,-1.6518520624941442,-0.1090118278781527,-0.09110451455245801,-1.5381014257685126,2.5265162741792664,-1.2041518504187765,-0.11507935593631484,-0.20042341724894816,1.0142646220172982
DeAndre Jordan,Away,DEN,CLE,109,121,0,b22c11c4-249e-4e3c-91e7-e7cbdf142a8e,-1.8973738237025823,-1.739247182831515,0.010097677348375038,-0.1541415876248048,-0.30083794122915997,-2.33442510567548,-0.12524147112659734,0.4599210276564779,-2.6648560434597863,-0.23951144567566177,-1.2041518504187765,-2.5085461074395017,0.7279403824174387,0.07005446168843027
Braxton Key,Away,DEN,CLE,109,121,0,b22c11c4-249e-4e3c-91e7-e7cbdf142a8e,-1.8973738237025823,-1.739247182831515,0.010097677348375038,-0.1541415876248048,-0.30083794122915997,-2.33442510567548,-0.12524147112659734,0.4599210276564779,-2.6648560434597863,-0.23951144567566177,-1.2041518504187765,-2.5085461074395017,0.7279403824174387,0.07005446168843027
Peyton Watson,Away,DEN,CLE,109,121,0,b22c11c4-249e-4e3c-91e7-e7cbdf142a8e,-1.8973738237025823,-1.739247182831515,0.010097677348375038,-0.1541415876248048,-0.30083794122915997,-2.33442510567548,-0.12524147112659734,0.4599210276564779,-2.6648560434597863,-0.23951144567566177,-1.2041518504187765,-2.5085461074395017,0.7279403824174387,0.07005446168843027
Michael Porter Jr.,Away,DEN,DET,107,103,1,9207d684-0ed7-431e-bc6b-f42b1942bbed,3.353823292210339,1.4489734715456344,-1.7459175695340359,1.1326276973603426,0.6173937264484001,3.2371895689490224,-0.2874969258563905,-0.7759280121626085,0.5751186958912125,1.2119757483474216,-0.8843868028874619,1.3559471612915932,-0.880327422283145,0.14675776896084505
Aaron Gordon,Away,DEN,DET,107,103,1,9207d684-0ed7-431e-bc6b-f42b1942bbed,0.14652507401446446,1.9089486209317243,-0.07867774198235411,-0.5327464061784937,-0.8370837842499623,2.7398393837981456,-1.1305251622940828,2.409958613074998,-0.24250602726261464,-0.8593250453724557,1.9227913089403035,1.1337285815147389,-0.46235543569923887,-0.26413266997399093
Kentavious Caldwell-Pope,Away,DEN,DET,107,103,1,9207d684-0ed7-431e-bc6b-f42b1942bbed,2.8778055506678517,2.0044744313769347,0.3857826982176377,1.0110148020880496,0.15488118623435762,-0.034851615164601286,0.7953031184832848,0.05480483697342025,0.87607084854391,0.03175116401671182,1.1435217063481595,1.5905979711409204,-0.2841241513862855,0.0024980389540481774
Reggie Jackson,Away,DEN,DET,107,103,1,9207d684-0ed7-431e-bc6b-f42b1942bbed,2.254090875957318,1.24515532856546,0.8345152145016744,-1.5350955222790637,0.16378683122420176,-0.16244056257802864,0.7594742854368072,-0.8550325344272435,1.4382704432525122,-0.6021581208401852,1.0959038014433236,1.3750316119370432,0.2388909451222601,-0.41353947257130763
Nikola JokiÄ,Away,DEN,DET,107,103,1,9207d684-0ed7-431e-bc6b-f42b1942bbed,0.6455414086374622,1.6117909201633405,-0.5650845813050334,-1.8217116343466249,-1.2150420914560718,1.7375648243977564,0.5374962521932722,-1.9225990340964905,1.061541103705444,0.36113008299434435,-1.2041518504187765,0.7105552756598993,-0.0689582607388472,-1.1618082397053058
Christian Braun,Away,DEN,DET,107,103,1,9207d684-0ed7-431e-bc6b-f42b1942bbed,1.2383304739203547,0.8702820058259708,-0.1837895185648543,0.7453276550110456,0.338581972092447,1.29177961150728,0.3603446355838063,-0.6141720642036568,1.8591949696402976,0.39072736882961184,1.9700196273862902,1.5903995118792738,0.9970646750185574,1.300978241577554
Julian Strawther,Away,DEN,DET,107,103,1,9207d684-0ed7-431e-bc6b-f42b1942bbed,-0.7124219622975,-0.6488028617934172,-0.0048899268131354775,-0.8902527971929437,-0.05300388087768237,-0.5564739987691766,-0.5922958399947107,-0.6889128492519295,-0.5631875722096971,0.899611117484733,1.513476867508388,-0.0467903746422078,-1.3233233427735611,-0.2469777960354927
Zeke Nnaji,Away,DEN,DET,107,103,1,9207d684-0ed7-431e-bc6b-f42b1942bbed,-0.56524181350219,0.31949029529769485,0.1844080812281069,1.5128510036564236,1.2112166636720778,-0.39243589226976766,1.6726316998763169,0.8852609838549607,2.8335602689464245,0.43731691722775545,2.145421989131915,0.2547697728069438,-0.14066653087889366,-0.06115272385396184
Peyton Watson,Away,DEN,DET,107,103,1,9207d684-0ed7-431e-bc6b-f42b1942bbed,-1.4172373874863144,0.29342139163434655,-1.0940883593868882,0.3075863381984827,-0.6021540926740008,-0.08481454227607646,3.5796013983882613,-0.7879440182228191,0.5007781754378048,-1.4228950443252255,2.3006155082748316,0.15452172952592347,0.2653675166863489,0.03409758919803526
Jalen Pickett,Away,DEN,DET,107,103,1,9207d684-0ed7-431e-bc6b-f42b1942bbed,-1.5929453436187397,-0.02589345361209483,1.7726372595074569,0.09755721354565874,-0.3118701176242511,0.6694071644318387,-0.7497354962678884,1.2307445247461082,2.9385419995223137,-2.3980481064457093,-1.2041518504187765,-0.4244686996369445,0.5815240872499605,-0.6396074273265698
Collin Gillespie,Away,DEN,DET,107,103,1,9207d684-0ed7-431e-bc6b-f42b1942bbed,-1.8973738237025823,-1.739247182831515,0.010097677348375038,-0.1541415876248048,-0.30083794122915997,-2.33442510567548,-0.12524147112659734,0.4599210276564779,-2.6648560434597863,-0.23951144567566177,-1.2041518504187765,-2.5085461074395017,0.7279403824174387,0.07005446168843027
Justin Holiday,Away,DEN,DET,107,103,1,9207d684-0ed7-431e-bc6b-f42b1942bbed,-1.8973738237025823,-1.739247182831515,0.010097677348375038,-0.1541415876248048,-0.30083794122915997,-2.33442510567548,-0.12524147112659734,0.4599210276564779,-2.6648560434597863,-0.23951144567566177,-1.2041518504187765,-2.5085461074395017,0.7279403824174387,0.07005446168843027
DeAndre Jordan,Away,DEN,DET,107,103,1,9207d684-0ed7-431e-bc6b-f42b1942bbed,-1.8973738237025823,-1.739247182831515,0.010097677348375038,-0.1541415876248048,-0.30083794122915997,-2.33442510567548,-0.12524147112659734,0.4599210276564779,-2.6648560434597863,-0.23951144567566177,-1.2041518504187765,-2.5085461074395017,0.7279403824174387,0.07005446168843027
Braxton Key,Away,DEN,DET,107,103,1,9207d684-0ed7-431e-bc6b-f42b1942bbed,-1.8973738237025823,-1.739247182831515,0.010097677348375038,-0.1541415876248048,-0.30083794122915997,-2.33442510567548,-0.12524147112659734,0.4599210276564779,-2.6648560434597863,-0.23951144567566177,-1.2041518504187765,-2.5085461074395017,0.7279403824174387,0.07005446168843027
Hunter Tyson,Away,DEN,DET,107,103,1,9207d684-0ed7-431e-bc6b-f42b1942bbed,-1.8973738237025823,-1.739247182831515,0.010097677348375038,-0.1541415876248048,-0.30083794122915997,-2.33442510567548,-0.12524147112659734,0.4599210276564779,-2.6648560434597863,-0.23951144567566177,-1.2041518504187765,-2.5085461074395017,0.7279403824174387,0.07005446168843027
Aaron Gordon,Away,DEN,ORL,119,124,0,f187e742-84f5-4225-aa8e-7bce9c9e1950,1.7608011313195189,1.202344079537152,0.6831604241522455,1.2552618058842258,1.2659615597235427,3.6503976463515997,-1.2100139335141198,3.618178743101865,0.4509398494933416,-0.2669809018748514,-0.5764288349676439,1.4447451621889167,-0.41278979572472463,0.35217284696583406
Nikola JokiÄ,Away,DEN,ORL,119,124,0,f187e742-84f5-4225-aa8e-7bce9c9e1950,3.159590378886757,4.824325416111443,2.0545195926819173,-1.846764619621977,0.7107786452248352,5.301334462494388,0.8811542503473356,0.8567160678116235,2.0835036967328118,-0.8389339716864302,2.8992098770583263,1.9440600056124482,1.4202960658547197,-1.4809591228307386
Kentavious Caldwell-Pope,Away,DEN,ORL,119,124,0,f187e742-84f5-4225-aa8e-7bce9c9e1950,1.0643879785863268,0.40572756773943924,-1.1425204783713974,0.6092052269574957,0.2576754588088033,-1.2188260587873063,-0.26561707579605925,-0.33383921470089517,0.9700346957814963,1.080813266657933,1.316692207316777,0.9484141843717484,-0.3372657050484084,0.624488643741937
Reggie Jackson,Away,DEN,ORL,119,124,0,f187e742-84f5-4225-aa8e-7bce9c9e1950,2.69558109777112,1.5144963089585386,-0.3589264800473174,-1.9166335264254777,-0.9286810826390806,0.23847323253741176,-0.6767452157412872,-0.16732216992106558,0.7119421658981422,0.7256815385078095,0.561353410825529,1.0172300049441196,-0.8463700145498192,-0.7750821693139921
Michael Porter Jr.,Away,DEN,ORL,119,124,0,f187e742-84f5-4225-aa8e-7bce9c9e1950,4.841417408768744,-0.20744031088185141,0.6981961942618898,0.3713426909454951,2.3551618177907554,-0.7672885460858296,-0.4428967031675159,-0.5854287806665117,2.2472556212801855,0.6630164516376161,1.1527049904904347,1.4261588463061226,0.2966847951685759,-0.24661620036877344
Christian Braun,Away,DEN,ORL,119,124,0,f187e742-84f5-4225-aa8e-7bce9c9e1950,0.7882644080053565,1.2694140601766586,-1.752032835741662,1.373874099724159,1.373567291732682,2.2881350705111743,-1.4775212542261713,-1.1563080119374722,2.389965590212506,0.4705827182464526,2.066783412869582,0.4452190195481561,-1.3047449975295042,-1.0682379414876393
Julian Strawther,Away,DEN,ORL,119,124,0,f187e742-84f5-4225-aa8e-7bce9c9e1950,0.13957361168662458,0.336023098851092,-0.18122781756563058,-0.6842713575529291,2.5892162189697316,-0.22675619169999897,-0.47364040581893196,0.44490207490169975,0.7853387613064993,1.0401020608794138,1.4255797192894684,0.16317297427517322,-0.9625080683962719,-0.212807471269431
Zeke Nnaji,Away,DEN,ORL,119,124,0,f187e742-84f5-4225-aa8e-7bce9c9e1950,-1.4686819690947381,-0.5439793433828947,-0.0038946458866374457,-0.9950321694048725,-0.1175033228333149,-0.6370629312396627,-0.25284411776089405,1.044491969688691,0.4375158170310137,-1.414370555438949,1.4360485955457922,-0.40129376212726114,-0.7249793372597667,-0.798541715815926
Peyton Watson,Away,DEN,ORL,119,124,0,f187e742-84f5-4225-aa8e-7bce9c9e1950,-1.5929453436187397,-1.4770259884687802,-0.03383473853153378,-0.11865418735829027,0.34986300232280526,-0.5612327021460323,-0.2618246748739075,1.1395018407232123,1.610618715508499,-2.001665292586478,1.883379417427492,-0.6825047783949829,-1.149392563781753,-0.3220626226579105
Jalen Pickett,Away,DEN,ORL,119,124,0,f187e742-84f5-4225-aa8e-7bce9c9e1950,-1.1197396055981899,-0.9880989963271335,-0.8896078587944924,0.881209878187122,-0.717345067539126,-0.6354126122244161,-0.5421681120090962,-0.7249919812280674,-2.113406941587237,1.929766502552735,-1.2041518504187765,0.033938157109565055,-2.4572162653353677,1.7534256659200769
Justin Holiday,Away,DEN,ORL,119,124,0,f187e742-84f5-4225-aa8e-7bce9c9e1950,-1.8973738237025823,-1.739247182831515,0.010097677348375038,-0.1541415876248048,-0.30083794122915997,-2.33442510567548,-0.12524147112659734,0.4599210276564779,-2.6648560434597863,-0.23951144567566177,-1.2041518504187765,-1.262667379765796,-0.5412265746797165,0.45512573386249866
Collin Gillespie,Away,DEN,ORL,119,124,0,f187e742-84f5-4225-aa8e-7bce9c9e1950,-1.8973738237025823,-1.739247182831515,0.010097677348375038,-0.1541415876248048,-0.30083794122915997,-2.33442510567548,-0.12524147112659734,0.4599210276564779,-2.6648560434597863,-0.23951144567566177,-1.2041518504187765,-2.5085461074395017,0.7279403824174387,0.07005446168843027
DeAndre Jordan,Away,DEN,ORL,119,124,0,f187e742-84f5-4225-aa8e-7bce9c9e1950,-1.8973738237025823,-1.739247182831515,0.010097677348375038,-0.1541415876248048,-0.30083794122915997,-2.33442510567548,-0.12524147112659734,0.4599210276564779,-2.6648560434597863,-0.23951144567566177,-1.2041518504187765,-2.5085461074395017,0.7279403824174387,0.07005446168843027
Braxton Key,Away,DEN,ORL,119,124,0,f187e742-84f5-4225-aa8e-7bce9c9e1950,-1.8973738237025823,-1.739247182831515,0.010097677348375038,-0.1541415876248048,-0.30083794122915997,-2.33442510567548,-0.12524147112659734,0.4599210276564779,-2.6648560434597863,-0.23951144567566177,-1.2041518504187765,-2.5085461074395017,0.7279403824174387,0.07005446168843027
Hunter Tyson,Away,DEN,ORL,119,124,0,f187e742-84f5-4225-aa8e-7bce9c9e1950,-1.8973738237025823,-1.739247182831515,0.010097677348375038,-0.1541415876248048,-0.30083794122915997,-2.33442510567548,-0.12524147112659734,0.4599210276564779,-2.6648560434597863,-0.23951144567566177,-1.2041518504187765,-2.5085461074395017,0.7279403824174387,0.07005446168843027
Nikola JokiÄ,Away,DEN,HOU,86,105,0,74c69c55-5bac-4453-99cb-6fa91d9d2c5b,6.415956140732651,4.664962581254956,1.3297576116036949,-0.8925719093500661,-0.004101647283301472,6.343173706943542,-2.4206238475140784,0.578000238713517,0.7923602592025109,-0.08901665002737645,4.5351264588715825,2.3034656361301784,-0.06714386056004805,-2.4594380079765883
Kentavious Caldwell-Pope,Away,DEN,HOU,86,105,0,74c69c55-5bac-4453-99cb-6fa91d9d2c5b,2.2694446107407806,2.596593306916586,1.419435795714007,0.9712399338756692,1.6996856998676193,0.5999398659877283,-0.6618785924252644,1.2771492061437306,0.755970453615869,-0.1304538953914819,2.971364252461917,1.3070623184951966,-0.34156006142686723,-1.0911073715847874
Aaron Gordon,Away,DEN,HOU,86,105,0,74c69c55-5bac-4453-99cb-6fa91d9d2c5b,-0.2721804169093593,-0.42438863539974836,-0.4742080684425565,-0.13286835949114767,-0.11110395689552456,1.4427199394348444,-0.9490479541780202,0.8077613831036602,-2.1015518868144825,0.6258910078240818,1.308142216930307,0.8132871784991864,-1.5271012920244917,-0.10376706394783772
Michael Porter Jr.,Away,DEN,HOU,86,105,0,74c69c55-5bac-4453-99cb-6fa91d9d2c5b,2.579599680809822,-0.19351516424272944,0.3128641121200021,0.41220610195145624,0.056614753035305145,1.9224566960890233,1.5511724203138095,-1.160105470605015,0.7114331552225831,0.7220927149977855,-1.2041518504187765,0.9939709827950999,-0.5490723169787098,-0.9386953442050623
Reggie Jackson,Away,DEN,HOU,86,105,0,74c69c55-5bac-4453-99cb-6fa91d9d2c5b,-0.8317932218305518,2.3868636249397013,-2.925911183650328,2.0252289001308985,-2.213687978583346,0.8517396447258428,0.8590867172350857,0.5621134071523537,-1.6421101698763267,0.27542967723006606,-1.2041518504187765,0.039084356497918686,-2.8325441698901304,-1.244686946428985
Christian Braun,Away,DEN,HOU,86,105,0,74c69c55-5bac-4453-99cb-6fa91d9d2c5b,-0.4957310443491637,-1.4770259884687802,-0.03383473853153378,-0.11865418735829027,0.34986300232280526,-0.3404145729545125,-0.6514872501788856,-0.8307004265689522,-0.6648283926478398,-0.9989680939515261,0.6190769111484016,0.4902667633659576,-0.7436265203997571,0.04889636829788545
Justin Holiday,Away,DEN,HOU,86,105,0,74c69c55-5bac-4453-99cb-6fa91d9d2c5b,-0.8104397746555198,-0.6569960745739407,1.155936197423267,0.53444942283598,0.9386608841611637,-1.8002375066639997,-0.11254001119303196,0.02868364679731065,2.4424305292559185,1.9078508957647806,-1.2041518504187765,-0.09449906903748206,0.46025225775736317,0.5302416740761325
Julian Strawther,Away,DEN,HOU,86,105,0,74c69c55-5bac-4453-99cb-6fa91d9d2c5b,-1.8973738237025823,-1.4770259884687802,-0.03383473853153378,-0.11865418735829027,0.34986300232280526,-1.7557218734130429,-0.11148155619856819,-0.007252801607619963,-2.6648560434597863,-0.23951144567566177,-1.2041518504187765,-1.4210637241730106,-1.5539166246577198,-0.5243834694139976
Peyton Watson,Away,DEN,HOU,86,105,0,74c69c55-5bac-4453-99cb-6fa91d9d2c5b,-1.5167977628084883,-1.4770259884687802,-0.03383473853153378,-0.11865418735829027,0.34986300232280526,0.5350860895375534,3.511191567116303,1.3698386028362692,-2.300575274880887,0.6851026785904106,-1.2041518504187765,-0.5641022173787861,-2.3963177837889367,-0.6591953084728076
Zeke Nnaji,Away,DEN,HOU,86,105,0,74c69c55-5bac-4453-99cb-6fa91d9d2c5b,-1.8245550307870044,-0.40641747159183833,-1.8736045335829006,2.1281350440756372,-1.1532166400544437,-1.7557218734130429,-0.11148155619856819,-0.007252801607619963,-2.6648560434597863,-0.23951144567566177,-1.2041518504187765,-0.31163632086020554,-1.977902169677619,1.2832670522544942
Collin Gillespie,Away,DEN,HOU,86,105,0,74c69c55-5bac-4453-99cb-6fa91d9d2c5b,-1.8973738237025823,0.56305173630032,-3.5135989915635815,4.206343653889829,-1.8796692609133065,-1.7557218734130429,-0.11148155619856819,-0.007252801607619963,-2.6648560434597863,-0.23951144567566177,-1.2041518504187765,-0.8724605248405104,-2.1121690716442045,0.7064604992195753
DeAndre Jordan,Away,DEN,HOU,86,105,0,74c69c55-5bac-4453-99cb-6fa91d9d2c5b,-1.8973738237025823,-1.739247182831515,0.010097677348375038,-0.1541415876248048,-0.30083794122915997,-2.33442510567548,-0.12524147112659734,0.4599210276564779,-2.6648560434597863,-0.23951144567566177,-1.2041518504187765,-2.5085461074395017,0.7279403824174387,0.07005446168843027
Braxton Key,Away,DEN,HOU,86,105,0,74c69c55-5bac-4453-99cb-6fa91d9d2c5b,-1.8973738237025823,-1.739247182831515,0.010097677348375038,-0.1541415876248048,-0.30083794122915997,-2.33442510567548,-0.12524147112659734,0.4599210276564779,-2.6648560434597863,-0.23951144567566177,-1.2041518504187765,-2.5085461074395017,0.7279403824174387,0.07005446168843027
Jalen Pickett,Away,DEN,HOU,86,105,0,74c69c55-5bac-4453-99cb-6fa91d9d2c5b,-1.8973738237025823,-1.739247182831515,0.010097677348375038,-0.1541415876248048,-0.30083794122915997,-2.33442510567548,-0.12524147112659734,0.4599210276564779,-2.6648560434597863,-0.23951144567566177,-1.2041518504187765,-2.5085461074395017,0.7279403824174387,0.07005446168843027
Hunter Tyson,Away,DEN,HOU,86,105,0,74c69c55-5bac-4453-99cb-6fa91d9d2c5b,-1.8973738237025823,-1.739247182831515,0.010097677348375038,-0.1541415876248048,-0.30083794122915997,-2.33442510567548,-0.12524147112659734,0.4599210276564779,-2.6648560434597863,-0.23951144567566177,-1.2041518504187765,-2.5085461074395017,0.7279403824174387,0.07005446168843027
Nikola JokiÄ,Home,DEN,SAS,132,120,1,68f592d0-5547-4612-8287-461404485bbb,4.408958760751794,4.50698527202188,-0.8738433707025405,-0.7642012974660078,-0.4123986853317975,3.897578580767969,-1.4658225797370006,2.316305886680569,0.6769845971609857,-1.5205315880534591,2.7601487171895878,2.7075771989328126,0.5230229734688001,0.21987112294974123
Michael Porter Jr.,Home,DEN,SAS,132,120,1,68f592d0-5547-4612-8287-461404485bbb,4.233056468841673,0.20200917787392764,-1.1965178630129565,0.5959862858002488,-1.1353623507609039,1.7846738927945969,0.23466134566064697,-0.7992457867106011,2.024632790317563,0.7999382290755024,3.1350624517683032,1.7672682044395407,0.7354125834398219,0.6286106785841539
Kentavious Caldwell-Pope,Home,DEN,SAS,132,120,1,68f592d0-5547-4612-8287-461404485bbb,1.3955580410767656,2.7332481346585733,-0.7971230380642794,0.5169279152695834,0.2900319212639369,-1.3242266912225802,-0.2656225592714195,-0.23993041423136321,2.757747066985802,0.3802661273256322,2.7683344022417895,1.0552006483367444,0.3374074611223093,0.06508572767265686
Reggie Jackson,Home,DEN,SAS,132,120,1,68f592d0-5547-4612-8287-461404485bbb,2.249116942157166,3.790904281044501,-1.113312912683559,0.6868413982339645,1.3531608886644086,1.849766991364586,-1.1286253716142678,0.3893267881365752,3.047012113936213,0.25563446597267175,1.897548605104797,1.4945541041369916,0.8838856109549785,0.5349742977316926
Justin Holiday,Home,DEN,SAS,132,120,1,68f592d0-5547-4612-8287-461404485bbb,-0.03613434444580073,0.09698144556421855,0.8255524132781185,-0.44373361172579534,0.703874071377755,-0.854963385811777,-0.44362432910616917,-0.4909055024355832,1.0425595570739603,1.3453598148180634,-1.2041518504187765,0.6784253112735826,0.657133449153167,1.130302360229984
Christian Braun,Home,DEN,SAS,132,120,1,68f592d0-5547-4612-8287-461404485bbb,-0.985216744983797,-0.3359620339697892,0.019161420349981098,-1.1466861603189478,-0.1387485077963102,0.4252884425842657,-0.7478628600201112,0.06107346156977558,-0.6372504833975938,-0.3262881720380798,2.4947787212305856,0.3415850284091149,-0.4010493369398807,0.07885469562126957
Peyton Watson,Home,DEN,SAS,132,120,1,68f592d0-5547-4612-8287-461404485bbb,-0.673002327577865,0.278716642695007,0.21145155499786866,0.5438365876507216,-0.22542763905472052,1.4114924286763484,2.400512391485157,-0.3106509502140554,-0.4518692491030741,-0.028130942823566173,-1.2041518504187765,0.4489346914998474,-0.0877704203788944,0.3746485166202606
Julian Strawther,Home,DEN,SAS,132,120,1,68f592d0-5547-4612-8287-461404485bbb,1.0309888203903839,2.8295547431753136,2.2435637985672168,0.7333908175670238,1.4004378102567472,-1.269958929923231,-0.32335304691184863,-0.2597024966998766,1.5827136907921182,0.606324922912799,-1.2041518504187765,0.7913122863323108,0.49348638252876426,-0.08965735904249882
DeAndre Jordan,Home,DEN,SAS,132,120,1,68f592d0-5547-4612-8287-461404485bbb,-0.9840883834510545,0.23890888391430964,-0.9671028398126371,0.5025166194448321,1.0203011146047567,2.8690262301008813,-1.6741174065062732,-0.6755131718237843,1.8048680957838223,-2.0532185398257217,0.8033495821291481,0.18561767719208402,-0.3946535373997991,0.14422068084162956
Jay Huff,Home,DEN,SAS,132,120,1,68f592d0-5547-4612-8287-461404485bbb,-1.5929453436187397,-1.739247182831515,0.010097677348375038,-0.1541415876248048,-0.30083794122915997,-1.7309909660514005,-0.1108935256460883,-0.027217495165914738,2.8589170879573222,-2.3723512499474855,-1.2041518504187765,0.21555801047439652,0.08662367811481855,-1.357548121230792
Collin Gillespie,Home,DEN,SAS,132,120,1,68f592d0-5547-4612-8287-461404485bbb,-1.8973738237025823,-1.739247182831515,0.010097677348375038,-0.1541415876248048,-0.30083794122915997,-1.7309909660514005,-0.1108935256460883,-0.027217495165914738,-2.6648560434597863,-0.23951144567566177,-1.2041518504187765,-1.2937769147704745,-0.7449358850288156,0.1303381382960274
Braxton Key,Home,DEN,SAS,132,120,1,68f592d0-5547-4612-8287-461404485bbb,-1.6624353486396442,0.270511271866341,0.03972047064426583,-2.1349157806570473,-1.4840962214873652,2.234745583000362,-1.9187199441206244,-2.427486515213424,-1.4717473327976864,2.5051022270974133,-1.2041518504187765,-0.019075466105206888,-1.1012498399361856,-0.2206511025566372
Jalen Pickett,Home,DEN,SAS,132,120,1,68f592d0-5547-4612-8287-461404485bbb,-1.8973738237025823,0.8252729306630548,-3.55753140744349,4.241831054156344,-1.2289683173613413,-1.7309909660514005,-0.1108935256460883,-0.027217495165914738,-2.6648560434597863,-0.23951144567566177,-1.2041518504187765,-0.4850221342184759,-3.460187345122378,2.037054769433076
Hunter Tyson,Home,DEN,SAS,132,120,1,68f592d0-5547-4612-8287-461404485bbb,-1.8973738237025823,-1.739247182831515,0.010097677348375038,-0.1541415876248048,-0.30083794122915997,2.593437768350383,-2.0869678239510017,-2.648670399881501,-2.6648560434597863,-0.23951144567566177,-1.2041518504187765,-1.1436568223635553,-0.16036531463795767,-0.03742259777860096
Zeke Nnaji,Home,DEN,SAS,132,120,1,68f592d0-5547-4612-8287-461404485bbb,-1.8973738237025823,-1.2148047941060454,-0.07776715441144258,-0.08316678709177572,1.0005639458747704,-1.7408833289960575,-0.11112873786708026,-0.01923161774259681,-2.6648560434597863,-0.23951144567566177,-1.2041518504187765,-1.5726771414219933,-2.2052973351471166,1.7885559462933374
Reggie Jackson,Away,DEN,LAC,113,104,1,66f7e02a-9b4f-4f19-9c15-34e29f4ac5c5,4.868038676282421,4.792982040266793,0.8527693864565533,-2.148039114458755,-0.28881588683335696,0.20945409822807312,-0.7015108158579567,-0.15321731775328773,2.9692907044314314,-0.4473843216616359,1.1480906933077968,2.5014239701421133,2.384342864959019,0.3809874725666132
Kentavious Caldwell-Pope,Away,DEN,LAC,113,104,1,66f7e02a-9b4f-4f19-9c15-34e29f4ac5c5,0.2877055104182045,-0.22883411376930207,0.7447976104890948,-0.20236341952585626,0.8635268215561026,-0.2866483526833345,-0.41381973563602414,0.9963427036747851,-0.8374011099030946,-0.6719043144807683,3.612567946042031,1.5781542256834291,0.19695275558567968,1.3073631463636755
Justin Holiday,Away,DEN,LAC,113,104,1,66f7e02a-9b4f-4f19-9c15-34e29f4ac5c5,1.2625985075586486,1.1608915238655533,-0.8609235644608159,1.7740791661831186,0.17078462749250548,0.7188222787313918,-0.8849355596171785,-0.38540380788406225,1.9546856859592914,0.4425073733717169,-1.2041518504187765,0.99145820652651,0.002700800204162504,0.29800348721010544
DeAndre Jordan,Away,DEN,LAC,113,104,1,66f7e02a-9b4f-4f19-9c15-34e29f4ac5c5,1.0137333037570104,2.4171730631394373,0.7506269522756039,0.21814825132960497,0.7241276963267195,4.123643216474019,-0.48188531949932517,-0.3253205292206063,1.161515638932084,-1.7333576877356738,4.604128539249143,1.8371074228281246,1.3073272465595127,0.39318948615278826
Michael Porter Jr.,Away,DEN,LAC,113,104,1,66f7e02a-9b4f-4f19-9c15-34e29f4ac5c5,1.6498321442420896,0.9454245310262877,-0.6462452803925691,-0.2652905157055985,2.3468237996117036,2.892258147716211,-1.421101380814748,0.4790049920252175,-0.15731185637330428,1.0277123610216494,-1.2041518504187765,0.9967251254024876,-0.5951738320231912,0.5588056970687385
Peyton Watson,Away,DEN,LAC,113,104,1,66f7e02a-9b4f-4f19-9c15-34e29f4ac5c5,-0.4612035246204784,0.17227514814023265,1.2884184063511892,1.0781273243470824,-0.6829035244323396,-0.06525710679959014,0.8307901056584843,-0.9006142346187928,0.2626845640231436,-1.3885856350733499,-0.3652132996953149,0.6220038735222867,-0.0748691460383558,-0.09367562062173831
Julian Strawther,Away,DEN,LAC,113,104,1,66f7e02a-9b4f-4f19-9c15-34e29f4ac5c5,1.346946227122401,-0.530919988036198,-0.6275912023730845,0.20754545086135204,-0.11010258042757916,0.15103059954088607,0.9150779752259038,-1.0293635411216417,1.3149403511559412,1.297401841333366,-1.2041518504187765,0.7983729471244175,0.2680543259972935,0.380056894085229
Christian Braun,Away,DEN,LAC,113,104,1,66f7e02a-9b4f-4f19-9c15-34e29f4ac5c5,-1.4439789698929106,0.1844489516994641,-0.13624482737441831,-0.8303592062653685,1.8704325311312655,-0.17973783662001466,-0.5005475359713383,0.6953336342761158,-2.1293629834235572,0.3700867541999814,-1.2041518504187765,-0.6925738857292579,-2.4539275605107713,-0.5439398230628661
Zeke Nnaji,Away,DEN,LAC,113,104,1,66f7e02a-9b4f-4f19-9c15-34e29f4ac5c5,-0.5171052556563178,-0.6788787717537229,-0.613393920882599,0.49082236734140067,0.745329301395472,6.405041690944703,5.170658167533838,6.984662813576243,-0.38448023110152546,-1.105594474003228,1.8068495945522476,0.8456248077857865,-1.745638877162464,-1.1198020640115398
Jay Huff,Away,DEN,LAC,113,104,1,66f7e02a-9b4f-4f19-9c15-34e29f4ac5c5,-1.8973738237025823,-1.739247182831515,0.010097677348375038,-0.1541415876248048,-0.30083794122915997,-2.33442510567548,-0.12524147112659734,0.4599210276564779,-2.6648560434597863,-0.23951144567566177,-1.2041518504187765,-1.2615606180838166,-0.5356233977077778,0.44976301207629976
Collin Gillespie,Away,DEN,LAC,113,104,1,66f7e02a-9b4f-4f19-9c15-34e29f4ac5c5,-1.8973738237025823,-1.739247182831515,0.010097677348375038,-0.1541415876248048,-0.30083794122915997,-2.33442510567548,-0.12524147112659734,0.4599210276564779,-2.6648560434597863,-0.23951144567566177,-1.2041518504187765,-2.5085461074395017,0.7279403824174387,0.07005446168843027
Braxton Key,Away,DEN,LAC,113,104,1,66f7e02a-9b4f-4f19-9c15-34e29f4ac5c5,-1.8973738237025823,-1.739247182831515,0.010097677348375038,-0.1541415876248048,-0.30083794122915997,-2.33442510567548,-0.12524147112659734,0.4599210276564779,-2.6648560434597863,-0.23951144567566177,-1.2041518504187765,-2.5085461074395017,0.7279403824174387,0.07005446168843027
Jalen Pickett,Away,DEN,LAC,113,104,1,66f7e02a-9b4f-4f19-9c15-34e29f4ac5c5,-1.8973738237025823,-1.739247182831515,0.010097677348375038,-0.1541415876248048,-0.30083794122915997,-2.33442510567548,-0.12524147112659734,0.4599210276564779,-2.6648560434597863,-0.23951144567566177,-1.2041518504187765,-2.5085461074395017,0.7279403824174387,0.07005446168843027
Michael Porter Jr.,Home,DEN,HOU,134,124,1,1d06b3e1-ddeb-4ee3-83be-4a8c3b6b3c73,6.583264864360352,0.7320437756178403,0.8191028211007827,-1.050337921383804,0.4261364124492097,3.0710280297893715,-1.584596770523342,-0.6074966566431714,2.896285778259013,0.9173824346934392,0.3928008790102984,2.222296812318555,2.171547511613764,0.7009634747561014
Nikola JokiÄ,Home,DEN,HOU,134,124,1,1d06b3e1-ddeb-4ee3-83be-4a8c3b6b3c73,3.335298335019182,3.810857575989196,0.9705206980643581,-3.8324339500801825,-0.9376854518463733,3.8888493046342747,-1.3368571257547988,3.1314779770072225,1.9866641487997017,-0.8141099289387604,4.203908849289035,2.6565237511124713,2.7793760723357304,0.3594197978941349
Kentavious Caldwell-Pope,Home,DEN,HOU,134,124,1,1d06b3e1-ddeb-4ee3-83be-4a8c3b6b3c73,0.7232315524118678,-1.1934652029845039,0.03636075990370931,-0.6434180001106503,-0.5299146613825267,-1.1966083772676754,-0.27516385837086615,-0.3446596781093695,2.8937084573467384,0.4008517153653595,-1.2041518504187765,1.0541797900088632,1.0319801566084725,1.5373309003419553
Justin Holiday,Home,DEN,HOU,134,124,1,1d06b3e1-ddeb-4ee3-83be-4a8c3b6b3c73,1.5057371213750879,0.9498877385020728,1.7873349579849107,-0.33167659040385056,0.5671024148533073,-0.022866146431912742,-0.582735456826647,0.16858780302102086,2.720828343178761,1.0566472561797096,-1.2041518504187765,1.256490151293734,1.876456882681844,1.4203009291548063
Jamal Murray,Home,DEN,HOU,134,124,1,1d06b3e1-ddeb-4ee3-83be-4a8c3b6b3c73,2.7590506262683325,0.7370117006665552,0.004007936034054268,-1.865334141185099,0.11983545954777274,1.5482918196585773,-1.3469041363297094,-1.9133122775206801,0.7089165038260996,0.9871849245103447,3.0028497980925746,1.6180612351047197,0.27344437192716353,0.7198316480112029
Reggie Jackson,Home,DEN,HOU,134,124,1,1d06b3e1-ddeb-4ee3-83be-4a8c3b6b3c73,2.4174799986624618,-0.2903310438846078,-0.09433062003990826,-0.6533773239910274,1.3505221226559996,-0.15867404044503752,1.1983185780536307,-0.8831179930658084,0.7886482056622236,0.5334854473618577,-1.2041518504187765,0.9345084498864542,-0.9494874025800895,0.0865175111148004
Christian Braun,Home,DEN,HOU,134,124,1,1d06b3e1-ddeb-4ee3-83be-4a8c3b6b3c73,0.3513724146440112,0.2711051055104277,-1.2137103625560723,0.8253348400002997,0.28245790816165217,0.36576664232151834,-0.695767243172191,0.17098241133911868,1.5813672231908482,-0.09006876307851988,1.3639205257627638,0.6308759203179212,-0.8078469304016453,0.139440913936724
Zeke Nnaji,Home,DEN,HOU,134,124,1,1d06b3e1-ddeb-4ee3-83be-4a8c3b6b3c73,-0.9885455328784702,-1.2148047941060454,-0.07776715441144258,-0.08316678709177572,1.0005639458747704,1.129142506838674,1.3643935464830055,1.2533668161963756,0.5627241801511698,-1.4487980178524595,2.7571582681527333,-0.25365901543767444,-1.6493777146314546,-1.029671197982195
Julian Strawther,Home,DEN,HOU,134,124,1,1d06b3e1-ddeb-4ee3-83be-4a8c3b6b3c73,-1.2818592877455504,-1.0920320691340215,-0.019638799596361816,-0.4753481111056368,0.16634607237690377,-0.9124764852428049,-0.40852860132085983,-0.5280113801951877,-2.137973485748104,1.1552801401468216,-1.2041518504187765,-0.29728149479101923,-1.6767090485394642,0.9623883299635347
DeAndre Jordan,Home,DEN,HOU,134,124,1,1d06b3e1-ddeb-4ee3-83be-4a8c3b6b3c73,-1.5929453436187397,-1.739247182831515,0.010097677348375038,-0.1541415876248048,-0.30083794122915997,0.1512753978746645,-0.34000489532635264,2.067595459334411,1.6305249433997469,-2.008089506711034,1.883379417427492,-0.6388167931744929,-1.4895678909650112,-0.43285010212677094
Braxton Key,Home,DEN,HOU,134,124,1,1d06b3e1-ddeb-4ee3-83be-4a8c3b6b3c73,-1.8459292420941587,-0.38156155546270304,-0.012893006650097669,-1.185519411653154,-0.27081681198904983,0.6668422075533034,-1.1523937182562654,-1.5545984570745375,-0.8688715430710663,-0.7800749060997056,0.12415086093505304,-0.6793223324472674,-0.7823600756349789,-0.8040582434897837
Collin Gillespie,Home,DEN,HOU,134,124,1,1d06b3e1-ddeb-4ee3-83be-4a8c3b6b3c73,-1.6624353486396442,-0.40641747159183833,-1.8736045335829006,2.1281350440756372,-1.1532166400544437,-1.641959699549487,-0.10877661565716074,-0.09909039197577592,-1.929590574296387,2.652859151962201,-1.2041518504187765,-0.42498706495005945,-3.5140110596711884,1.4019230952582935
Jalen Pickett,Home,DEN,HOU,134,124,1,1d06b3e1-ddeb-4ee3-83be-4a8c3b6b3c73,-1.6624353486396442,-1.739247182831515,0.010097677348375038,-0.1541415876248048,-0.30083794122915997,-1.641959699549487,-0.10877661565716074,-0.09909039197577592,-1.929590574296387,2.652859151962201,-1.2041518504187765,-0.9037720365019053,-2.3538838384855287,0.6557986719763387
Hunter Tyson,Home,DEN,HOU,134,124,1,1d06b3e1-ddeb-4ee3-83be-4a8c3b6b3c73,-1.8973738237025823,-1.4770259884687802,-0.03383473853153378,-0.11865418735829027,0.34986300232280526,-1.6469058810218156,-0.10889422176765672,-0.09509745326411699,-2.6648560434597863,-0.23951144567566177,-1.2041518504187765,-1.442322138880631,-1.4963281737845588,0.19926122514912128
Peyton Watson,Home,DEN,HOU,134,124,1,1d06b3e1-ddeb-4ee3-83be-4a8c3b6b3c73,-1.8973738237025823,-1.739247182831515,0.010097677348375038,-0.1541415876248048,-0.30083794122915997,-2.33442510567548,-0.12524147112659734,0.4599210276564779,-2.6648560434597863,-0.23951144567566177,-1.2041518504187765,-2.5085461074395017,0.7279403824174387,0.07005446168843027
Michael Porter Jr.,Away,DEN,PHO,119,111,1,4122c07c-28ef-44ec-8b21-3ad1b32f738b,1.9234168337074935,1.447072262444875,0.7997664727461679,0.4736222852240287,-0.3449388803861306,3.0126377496951178,-0.30615076393588175,-1.5876687650617902,0.3860789060520853,-0.6135001240058822,1.750616058828394,1.7293966714118354,0.07525331684789326,0.3345493940292609
Nikola JokiÄ,Away,DEN,PHO,119,111,1,4122c07c-28ef-44ec-8b21-3ad1b32f738b,2.1385444245595537,5.48784216863714,-0.28979087315485164,-2.4376303034735547,-0.02584546967279926,1.3467095017638526,1.7715535899388237,-0.6652199217964755,0.3448879812863301,-0.8626492750492004,2.055271627300185,2.047995274800212,0.3665035485969262,-0.3906675490314759
Kentavious Caldwell-Pope,Away,DEN,PHO,119,111,1,4122c07c-28ef-44ec-8b21-3ad1b32f738b,2.3495325566057113,1.788752405313469,2.4574812850705197,-0.43021232505853857,0.5488173107306886,-1.3427446514273258,-0.2703856344336247,-0.23075117436775205,2.3030531260483396,0.6546309798809241,-1.2041518504187765,1.1666258920020145,0.6264619930235173,-0.1665578381566299
Reggie Jackson,Away,DEN,PHO,119,111,1,4122c07c-28ef-44ec-8b21-3ad1b32f738b,2.6127759411715217,0.7438427561384672,-0.56786324611178,-0.5881903284066268,0.8983175761711377,-0.7926010785855482,-0.4605762255663797,-0.5494045942995572,2.8637567537303603,0.09399414547007094,0.36291624863420757,1.074310764843809,-0.11268274373691346,-0.43247037603088995
Justin Holiday,Away,DEN,PHO,119,111,1,4122c07c-28ef-44ec-8b21-3ad1b32f738b,2.0417752886271954,0.5091655907040576,0.8735668946420694,-0.7995211629808994,0.497352033589663,-0.5355770697863637,-0.4068696734376279,0.5071751045854653,3.366449047546109,0.5040111288559879,-1.2041518504187765,0.9213267377161363,0.878360763353179,-0.19229393139068118
Peyton Watson,Away,DEN,PHO,119,111,1,4122c07c-28ef-44ec-8b21-3ad1b32f738b,0.008673425505397953,-0.4281412110178408,-0.20956440205116902,0.023295413707767915,2.9526667765306662,-0.23037593747347748,-0.6810973319378293,-0.8720688274910784,-0.09419262217647706,-0.5298244940810857,-1.2041518504187765,0.650173854302669,-0.7774712023037833,0.9510732944312948
Christian Braun,Away,DEN,PHO,119,111,1,4122c07c-28ef-44ec-8b21-3ad1b32f738b,-0.5340223175360563,0.6705048840913227,0.2994548421505897,-0.07506652765795294,-1.1749365195577606,0.6100508345909451,-0.8432765417773642,-0.05798301910585407,0.9969402435853446,-1.6548348191171383,-1.2041518504187765,0.6304554303823068,0.26119686916143753,0.0004882667752597869
Julian Strawther,Away,DEN,PHO,119,111,1,4122c07c-28ef-44ec-8b21-3ad1b32f738b,2.137733753648325,-1.2148047941060454,-0.07776715441144258,-0.08316678709177572,1.0005639458747704,0.5389488347146416,0.8937150968841715,-1.2742379437520233,1.4519438851625568,1.6871425481652291,-1.2041518504187765,0.6777068688798986,-0.4731181441138753,-0.1818096952941682
DeAndre Jordan,Away,DEN,PHO,119,111,1,4122c07c-28ef-44ec-8b21-3ad1b32f738b,-1.5929453436187397,0.638439432159679,-2.4708562204861844,2.7398476612848155,-0.09542615549606993,-0.2418728504149155,-0.7194697286562304,-0.9060159012327091,1.3669310821763696,-1.9118858290854903,0.3396137835043578,-0.16692094927313572,-1.015600958544416,0.87532086097814
Collin Gillespie,Away,DEN,PHO,119,111,1,4122c07c-28ef-44ec-8b21-3ad1b32f738b,-1.8973738237025823,-1.739247182831515,0.010097677348375038,-0.1541415876248048,-0.30083794122915997,-2.33442510567548,-0.12524147112659734,0.4599210276564779,-2.6648560434597863,-0.23951144567566177,-1.2041518504187765,-2.5085461074395017,0.7279403824174387,0.07005446168843027
Braxton Key,Away,DEN,PHO,119,111,1,4122c07c-28ef-44ec-8b21-3ad1b32f738b,-1.8973738237025823,-1.739247182831515,0.010097677348375038,-0.1541415876248048,-0.30083794122915997,-2.33442510567548,-0.12524147112659734,0.4599210276564779,-2.6648560434597863,-0.23951144567566177,-1.2041518504187765,-2.5085461074395017,0.7279403824174387,0.07005446168843027
Zeke Nnaji,Away,DEN,PHO,119,111,1,4122c07c-28ef-44ec-8b21-3ad1b32f738b,-1.8973738237025823,-1.739247182831515,0.010097677348375038,-0.1541415876248048,-0.30083794122915997,-2.33442510567548,-0.12524147112659734,0.4599210276564779,-2.6648560434597863,-0.23951144567566177,-1.2041518504187765,-2.5085461074395017,0.7279403824174387,0.07005446168843027
Nikola JokiÄ,Away,DEN,SAC,117,123,0,e7cd361f-cdef-4ca1-bbd3-01ce2a3935f9,4.285311721361326,3.8812244763762274,1.6224473979397656,-2.8934406830497834,0.1562713337658743,3.8841650346770993,-0.5386416979493323,-1.1510199190095933,1.2093157264772385,-0.7308633705709144,5.685376015978488,2.3785925783337802,1.4309403005013777,-0.7083323880263996
Kentavious Caldwell-Pope,Away,DEN,SAC,117,123,0,e7cd361f-cdef-4ca1-bbd3-01ce2a3935f9,0.44069406800791555,3.0463966262888573,1.3549718612668016,2.3278690555083896,-0.47703991874052065,0.10925415287601159,-0.7769587402946335,-0.9890359986954623,-0.6636104045244605,-0.2184588457995776,0.34323778261504645,1.411265514686342,-0.1982433902918268,0.9040895105167148
Reggie Jackson,Away,DEN,SAC,117,123,0,e7cd361f-cdef-4ca1-bbd3-01ce2a3935f9,3.2414645496822065,2.6990831512187485,-0.03473702760323712,-0.9186174013104665,0.36356383142228693,-1.3390117221651026,-0.25254069750685554,-0.2374819458217077,0.9462564644644352,0.009805560141918367,-1.2041518504187765,1.0238531421423178,-1.2475799944262749,-1.269427229883069
Aaron Gordon,Away,DEN,SAC,117,123,0,e7cd361f-cdef-4ca1-bbd3-01ce2a3935f9,1.7739544397410503,-0.1325778904275746,-0.47079208379696114,-0.37813473560167643,-0.23806346294181518,2.2533204778035887,0.376628793735824,1.7761953109939213,1.4470546002818794,-0.5132346544877312,-1.2041518504187765,0.7720406253808193,-0.8093858796564518,-1.1186941697961705
Michael Porter Jr.,Away,DEN,SAC,117,123,0,e7cd361f-cdef-4ca1-bbd3-01ce2a3935f9,1.5621556367836635,-0.41858524725885865,-0.5038385554558196,-0.08381845204650015,-0.11701349940924716,2.202749189303538,1.2945788733890808,-2.136762821435141,0.7508325066058422,0.11799020485361446,-1.2041518504187765,0.7905584577394366,-0.7264012197513205,-0.5137943229476463
Christian Braun,Away,DEN,SAC,117,123,0,e7cd361f-cdef-4ca1-bbd3-01ce2a3935f9,0.6985493173421622,0.3783526898002232,0.4678152592041308,0.19753933913724156,-0.28890946411813323,0.31941093491428624,0.9222840965240613,-1.1237381189723563,0.972660775695265,-0.1441827139421582,-1.2041518504187765,0.8215725509679028,-0.28961126861397046,-0.43751410239597166
Peyton Watson,Away,DEN,SAC,117,123,0,e7cd361f-cdef-4ca1-bbd3-01ce2a3935f9,-1.4900561804018924,-0.295829717749803,1.0524445818215793,0.10327501149933355,0.7917663781097908,-0.19071952540079576,3.337758215720329,-0.7520766461492694,3.1120284013576835,-2.4496370307916684,3.6125132428855706,-0.03497797295402846,0.7842899051997281,0.11536574360962586
Julian Strawther,Away,DEN,SAC,117,123,0,e7cd361f-cdef-4ca1-bbd3-01ce2a3935f9,-1.0716238118844397,-0.9052005273555674,0.039097782451578814,-0.9315612736934543,-0.707288126760516,-1.063789788759252,-0.3735415947054991,-0.4119349131093345,-0.04643325571920677,0.8900429535570755,0.9991866499204162,-0.2824348207686948,-0.9719469886956473,-0.35672744066783485
Justin Holiday,Away,DEN,SAC,117,123,0,e7cd361f-cdef-4ca1-bbd3-01ce2a3935f9,-1.8245550307870044,-1.2148047941060454,-0.07776715441144258,-0.08316678709177572,1.0005639458747704,0.28962542974606476,-0.9225726405755647,-1.1919885860340316,-2.6648560434597863,-0.23951144567566177,-1.2041518504187765,-0.7405896078895469,-1.054984277248232,0.4890097357241584
DeAndre Jordan,Away,DEN,SAC,117,123,0,e7cd361f-cdef-4ca1-bbd3-01ce2a3935f9,-0.9972416918725857,-1.1296415006793885,-0.650168667929313,0.5777914211542502,-0.611282984893732,1.9961791853441941,-1.0296995962036142,1.6821455285673386,-0.8932983612119462,-0.930734480279753,-0.3035541061686101,0.13322356345414643,-2.750777069027408,-0.48337550041799515
Collin Gillespie,Away,DEN,SAC,117,123,0,e7cd361f-cdef-4ca1-bbd3-01ce2a3935f9,-1.8973738237025823,-1.739247182831515,0.010097677348375038,-0.1541415876248048,-0.30083794122915997,-2.33442510567548,-0.12524147112659734,0.4599210276564779,-2.6648560434597863,-0.23951144567566177,-1.2041518504187765,-2.5085461074395017,0.7279403824174387,0.07005446168843027
Braxton Key,Away,DEN,SAC,117,123,0,e7cd361f-cdef-4ca1-bbd3-01ce2a3935f9,-1.8973738237025823,-1.739247182831515,0.010097677348375038,-0.1541415876248048,-0.30083794122915997,-2.33442510567548,-0.12524147112659734,0.4599210276564779,-2.6648560434597863,-0.23951144567566177,-1.2041518504187765,-2.5085461074395017,0.7279403824174387,0.07005446168843027
Zeke Nnaji,Away,DEN,SAC,117,123,0,e7cd361f-cdef-4ca1-bbd3-01ce2a3935f9,-1.8973738237025823,-1.739247182831515,0.010097677348375038,-0.1541415876248048,-0.30083794122915997,-2.33442510567548,-0.12524147112659734,0.4599210276564779,-2.6648560434597863,-0.23951144567566177,-1.2041518504187765,-2.5085461074395017,0.7279403824174387,0.07005446168843027
Nikola JokiÄ,Away,DEN,LAC,102,111,0,9e90ca02-1a80-4e76-865b-6a041388c8d0,4.525936495864505,3.8680450794398826,-0.460057397370565,-1.1310595924935904,-0.8709202609325473,4.85273840978329,-1.9083567395648484,0.9370233087395997,-0.3007937377078717,0.05456605198628174,1.0713673309445688,2.405030858357735,-0.6097901559273081,-0.37594768661953676
Kentavious Caldwell-Pope,Away,DEN,LAC,102,111,0,9e90ca02-1a80-4e76-865b-6a041388c8d0,-0.5026825066770036,-0.19242997460359693,0.8356662867292484,-0.4801273844845522,0.07617823566798058,-1.3338014848609676,-0.25059468552119346,-0.24473945707503586,0.39771202530966754,1.5872577365487757,-1.2041518504187765,0.5004673259171641,-0.17918018476485909,0.3047537949724498
Michael Porter Jr.,Away,DEN,LAC,102,111,0,9e90ca02-1a80-4e76-865b-6a041388c8d0,2.6588323875483817,-0.10029610425414578,-1.2211804435049052,1.156252700606401,0.4581307415983837,2.7531906516496365,0.06764337283570258,0.3455671261116892,4.11339083964876,0.5512970887692568,-1.2041518504187765,1.0262732227660516,0.5015501980894425,-0.2869048253101464
Aaron Gordon,Away,DEN,LAC,102,111,0,9e90ca02-1a80-4e76-865b-6a041388c8d0,-0.3155659387893227,0.3336899657397641,1.6429419738142732,0.12968794436466352,0.8614679775481503,1.055198675807925,-0.8875567044664173,0.3837495861301682,-0.07163009601243839,-1.2318900985858805,-1.2041518504187765,0.8544576395225478,0.10885536194223323,0.3588631315722632
Jamal Murray,Away,DEN,LAC,102,111,0,9e90ca02-1a80-4e76-865b-6a041388c8d0,3.6866385006062554,2.4250048764651893,0.37105759897296625,-1.213069721835382,1.1400352487621652,-1.3430524014186391,1.2516434465831712,-0.22846899179775643,1.3071749376597204,-0.026638585632503126,0.5469225357448109,1.5648593141885776,0.28723442603051796,-0.7572717161435188
Reggie Jackson,Away,DEN,LAC,102,111,0,9e90ca02-1a80-4e76-865b-6a041388c8d0,1.7164075627997324,1.2697548972398778,0.07832831182660659,0.24507357938771587,-0.703540943910499,-1.2265827298807908,-0.30985269557278944,-0.3123479253886541,1.399017771968031,0.7999559039566575,1.9700196273862902,0.8790655212879296,-0.8514319437063568,-1.458570391833009
Peyton Watson,Away,DEN,LAC,102,111,0,9e90ca02-1a80-4e76-865b-6a041388c8d0,-1.2517889174442807,0.9402582236358422,0.19157442013415021,0.4289986271625606,-0.6265917913561141,0.3838462679463014,1.012292855146455,-1.1689864298366381,-1.3251481393230051,1.4333495290535831,1.8637535626494555,-0.26581826434553785,-1.1394621905774356,-1.2316314357375069
Christian Braun,Away,DEN,LAC,102,111,0,9e90ca02-1a80-4e76-865b-6a041388c8d0,-0.37190263538869595,-0.9525835997433105,-0.12169957029135141,-0.04767938682526117,1.6512648894267359,1.7838288794039756,0.6854610480435416,-0.6416105891219805,1.1462712141239628,-1.1803745481443566,-1.2041518504187765,-0.15363774223613066,-1.2145306930320408,-1.5075549222051357
Julian Strawther,Away,DEN,LAC,102,111,0,9e90ca02-1a80-4e76-865b-6a041388c8d0,-1.427496873576706,1.1818288899019906,-1.4722994761097574,0.7694379022251255,1.267855612334579,-1.0797945231219859,-0.3681698567404175,-0.41189990339554394,-1.6907158396014128,2.575768582467529,-1.2041518504187765,-0.5834874689798162,-1.7227225366625105,0.17690607601532743
DeAndre Jordan,Away,DEN,LAC,102,111,0,9e90ca02-1a80-4e76-865b-6a041388c8d0,-0.9972416918725857,-1.739247182831515,0.010097677348375038,-0.1541415876248048,-0.30083794122915997,3.2281274800257798,1.1554926567810004,2.286530870910289,-0.6436293759578251,-1.0084215895024573,-1.2041518504187765,0.13896881660650542,-1.2415627654117392,-0.518645469361393
Collin Gillespie,Away,DEN,LAC,102,111,0,9e90ca02-1a80-4e76-865b-6a041388c8d0,-1.8973738237025823,-1.739247182831515,0.010097677348375038,-0.1541415876248048,-0.30083794122915997,-2.33442510567548,-0.12524147112659734,0.4599210276564779,-2.6648560434597863,-0.23951144567566177,-1.2041518504187765,-2.5085461074395017,0.7279403824174387,0.07005446168843027
Justin Holiday,Away,DEN,LAC,102,111,0,9e90ca02-1a80-4e76-865b-6a041388c8d0,-1.8973738237025823,-1.739247182831515,0.010097677348375038,-0.1541415876248048,-0.30083794122915997,-2.33442510567548,-0.12524147112659734,0.4599210276564779,-2.6648560434597863,-0.23951144567566177,-1.2041518504187765,-2.5085461074395017,0.7279403824174387,0.07005446168843027
Braxton Key,Away,DEN,LAC,102,111,0,9e90ca02-1a80-4e76-865b-6a041388c8d0,-1.8973738237025823,-1.739247182831515,0.010097677348375038,-0.1541415876248048,-0.30083794122915997,-2.33442510567548,-0.12524147112659734,0.4599210276564779,-2.6648560434597863,-0.23951144567566177,-1.2041518504187765,-2.5085461074395017,0.7279403824174387,0.07005446168843027
Zeke Nnaji,Away,DEN,LAC,102,111,0,9e90ca02-1a80-4e76-865b-6a041388c8d0,-1.8973738237025823,-1.739247182831515,0.010097677348375038,-0.1541415876248048,-0.30083794122915997,-2.33442510567548,-0.12524147112659734,0.4599210276564779,-2.6648560434597863,-0.23951144567566177,-1.2041518504187765,-2.5085461074395017,0.7279403824174387,0.07005446168843027
Michael Porter Jr.,Home,DEN,HOU,106,114,0,510d45fc-54a0-4325-a409-25c3cb469504,3.00983409838182,0.04364984674574577,-1.065033535511171,0.9381986504755843,1.1974589048951303,2.220208529904337,1.6472252609891962,-1.2153286636328529,2.3264576605870393,0.30864472468138754,0.5823437745793009,1.553214121039455,0.6900885907316223,0.38327517472770034
Nikola JokiÄ,Home,DEN,HOU,106,114,0,510d45fc-54a0-4325-a409-25c3cb469504,2.995867079098162,2.4779936667530036,-1.180791593567735,-0.4662131090253446,1.6998959167238539,6.708304444460013,0.9229263308282488,2.1400981235324914,0.15281895364161135,-0.21206598731909995,2.569098292082302,2.239164558970757,-0.44649367659995587,-0.218907925241723
Jamal Murray,Home,DEN,HOU,106,114,0,510d45fc-54a0-4325-a409-25c3cb469504,3.8261737911045177,0.20248440881508886,-0.44476651143797524,-0.5434430835102807,0.3732740952342871,0.30402041510608385,-0.8436383700319501,-1.1276662499731376,0.9494231321503354,0.7758520653986256,2.920200240812098,1.583329076559151,-0.0439903975413989,-0.15081237612711745
Kentavious Caldwell-Pope,Home,DEN,HOU,106,114,0,510d45fc-54a0-4325-a409-25c3cb469504,1.05773040279698,-1.4770259884687802,-0.03383473853153378,-0.11865418735829027,0.34986300232280526,-1.2508101870576538,1.5930054916060739,-0.2500057182844743,3.8153066726902396,0.04658077688455741,1.4255797192894684,0.13718909824333547,-0.6351984837506923,-1.8048484326334444
Aaron Gordon,Home,DEN,HOU,106,114,0,510d45fc-54a0-4325-a409-25c3cb469504,-0.925986226053284,0.14392559719525516,-0.6363850702744245,-0.34370028253750806,-0.42145235136090753,1.325723681345839,-1.103285453984448,-0.5646888661812641,-1.1024775555564423,0.4386476913444123,1.7829483128926065,0.11080670511346778,-1.480359263428801,-0.5798468387508728
Peyton Watson,Home,DEN,HOU,106,114,0,510d45fc-54a0-4325-a409-25c3cb469504,0.10377665140015611,0.2611400535601471,-0.6067209971753079,-0.1375884712652302,1.087541303214383,0.2607907181191801,-0.7022808122699835,-0.041650033497252034,0.27496470469794304,-0.9870039779178448,3.263917447280112,0.9610804550355125,-0.1328991320646319,0.1048662126644703
Reggie Jackson,Home,DEN,HOU,106,114,0,510d45fc-54a0-4325-a409-25c3cb469504,-0.10023621423514124,0.7835999310712316,0.004450283112497863,-1.9119027510570672,0.0911690409008251,-0.14795178945784868,-0.5463213699931154,0.20214641003649045,-0.4181258347518189,0.518746671891869,1.316692207316777,0.6640500093296932,-0.17650809823047106,0.2722119186801649
Christian Braun,Home,DEN,HOU,106,114,0,510d45fc-54a0-4325-a409-25c3cb469504,-1.0502496005772857,1.345230728256433,1.3431735022511775,1.7218771726975781,0.9210575056677619,-1.1928115917544797,-0.3533868051366231,-0.320650056973506,-0.903009207429644,0.669181092658943,-1.2041518504187765,-0.16561637560663903,-1.2336966786059766,-0.42940138694796215
DeAndre Jordan,Home,DEN,HOU,106,114,0,510d45fc-54a0-4325-a409-25c3cb469504,-1.5201265507031618,1.3617677869256901,-0.11577923569794019,1.1976536213151752,-0.19191214210795252,1.1527065907431988,-1.0433333800063527,-0.0474584769586592,0.09703052224876818,-1.3059313478115737,-1.2041518504187765,-0.1835109991878609,-0.19680088566569545,-0.3857001720445289
Justin Holiday,Home,DEN,HOU,106,114,0,510d45fc-54a0-4325-a409-25c3cb469504,-1.5929453436187397,-0.7694440188699148,1.9396189561062944,0.9671250874164933,0.057761847557875785,-1.8051836881363281,-0.11265761730352794,0.032676585508969604,2.8589170879573222,-2.3723512499474855,-1.2041518504187765,-0.7885053270794284,-0.4259416545084347,-1.3990339932125273
Julian Strawther,Home,DEN,HOU,106,114,0,510d45fc-54a0-4325-a409-25c3cb469504,-1.8973738237025823,-1.4770259884687802,-0.03383473853153378,-0.11865418735829027,0.34986300232280526,-1.7112062401620862,-0.1104231012041044,-0.04318925001255055,-2.6648560434597863,-0.23951144567566177,-1.2041518504187765,-1.487186627611433,-1.5643751722959198,-0.5173178580379211
Zeke Nnaji,Home,DEN,HOU,106,114,0,510d45fc-54a0-4325-a409-25c3cb469504,-1.8973738237025823,-1.739247182831515,0.010097677348375038,-0.1541415876248048,-0.30083794122915997,-2.33442510567548,-0.12524147112659734,0.4599210276564779,-2.6648560434597863,-0.23951144567566177,-1.2041518504187765,-2.5085461074395017,0.7279403824174387,0.07005446168843027
Jalen Pickett,Home,DEN,HOU,106,114,0,510d45fc-54a0-4325-a409-25c3cb469504,-1.8973738237025823,-1.739247182831515,0.010097677348375038,-0.1541415876248048,-0.30083794122915997,-2.33442510567548,-0.12524147112659734,0.4599210276564779,-2.6648560434597863,-0.23951144567566177,-1.2041518504187765,-2.5085461074395017,0.7279403824174387,0.07005446168843027
Hunter Tyson,Home,DEN,HOU,106,114,0,510d45fc-54a0-4325-a409-25c3cb469504,-1.8973738237025823,-1.739247182831515,0.010097677348375038,-0.1541415876248048,-0.30083794122915997,-2.33442510567548,-0.12524147112659734,0.4599210276564779,-2.6648560434597863,-0.23951144567566177,-1.2041518504187765,-2.5085461074395017,0.7279403824174387,0.07005446168843027
Nikola JokiÄ,Away,DEN,ATL,129,122,1,7fd4723a-7d32-4703-89d8-7b7bcf2d4354,1.9899922522651363,3.4381406717322704,1.9830175426448278,-0.7981260719071299,0.5946989224669414,2.6191109960841406,1.5435100556591397,-0.2354748544593057,2.79134701317159,-0.36863838822934164,3.821217134345586,1.6607239250517853,1.1890214574371045,-0.5944899745338186
Kentavious Caldwell-Pope,Away,DEN,ATL,129,122,1,7fd4723a-7d32-4703-89d8-7b7bcf2d4354,-0.5959445250955876,0.3892499479818884,-1.1096929425193809,0.5647305166442138,0.2704128600605463,-0.007901897627066098,0.8698809467909663,-0.9417979883224209,-0.763891943125117,0.14808805990115945,4.971672646262953,0.9839988846282733,-0.21456336119944674,1.2226540938607449
Jamal Murray,Away,DEN,ATL,129,122,1,7fd4723a-7d32-4703-89d8-7b7bcf2d4354,4.378056955407174,3.105878753457328,-1.495414431305001,1.3892998825219023,-1.3930462028639168,3.1897481649648354,1.4672999726814966,-1.463396151824683,3.10185465073405,-0.02268234475265509,0.561353410825529,1.9962171388690648,1.1654398314097276,-0.08492670483413996
Aaron Gordon,Away,DEN,ATL,129,122,1,7fd4723a-7d32-4703-89d8-7b7bcf2d4354,0.6578602420647441,0.0916828097414463,-1.0142116192228865,0.6329146900599266,0.40870980238055243,5.261571443234738,-1.5727448116728084,4.340821797739657,1.2933880898925796,-1.759449693154158,2.6745882420032423,1.2314526269580235,0.27979807802408746,0.3687774827760277
Michael Porter Jr.,Away,DEN,ATL,129,122,1,7fd4723a-7d32-4703-89d8-7b7bcf2d4354,-0.1648341042650962,0.41417236040926225,-0.5815338978913002,-0.2867966288822427,1.0477931339737887,1.9574894109148866,-1.1252905903014385,0.40200329030559656,-1.5562233674808623,0.5124408595528255,0.36291624863420757,0.9663462621192417,-0.7390483278600876,1.739598690215519
Julian Strawther,Away,DEN,ATL,129,122,1,7fd4723a-7d32-4703-89d8-7b7bcf2d4354,5.216605334431275,2.5131547398289418,3.477689232487309,2.1054756070909955,-0.08354809017346614,-1.3393292914713721,-0.26780378347807343,-0.22468702555471715,1.965890773031092,1.1513178767375647,-1.2041518504187765,1.2797803895974607,-0.01298266810417468,-1.2010636374507013
Peyton Watson,Away,DEN,ATL,129,122,1,7fd4723a-7d32-4703-89d8-7b7bcf2d4354,-1.4686819690947381,-1.2148047941060454,-0.07776715441144258,-0.08316678709177572,1.0005639458747704,0.1013492271255662,1.3135190388111897,0.40682065804134426,0.3247138589806092,-1.3779666753997983,1.4360485955457922,-0.28635322363901483,-0.8677789723517336,-0.26200770017445596
Reggie Jackson,Away,DEN,ATL,129,122,1,7fd4723a-7d32-4703-89d8-7b7bcf2d4354,1.236352945392667,1.0649115414939907,-0.4341528846810624,-1.6907918145939909,-1.6309768897497867,-1.1472803462305485,-0.3075744975060359,-0.36076319591265565,1.1131684325818034,0.2634413383343773,0.6046460360676834,0.6828259700730819,-0.6503405118564117,-0.6974080214213308
Zeke Nnaji,Away,DEN,ATL,129,122,1,7fd4723a-7d32-4703-89d8-7b7bcf2d4354,-1.3065622869473779,0.4124136611374638,-1.305190518388282,0.9568224361195378,0.8867767351967392,2.6326714415277617,3.5470961680392508,-0.28407687494383954,0.7209287605355973,0.06545590755569952,1.1294051299119792,-0.14878961587440656,-0.36232127433666167,-0.1309823332781524
Christian Braun,Away,DEN,ATL,129,122,1,7fd4723a-7d32-4703-89d8-7b7bcf2d4354,-1.1128089074024718,-0.7046050055587182,-0.0623824077029536,-0.5650138498700371,0.7400060158151969,-0.1987983775889366,-0.7102650940462156,-0.9024523657088539,1.4466372678631654,-1.7926764715185426,1.8637535626494555,-0.05459326809122662,-0.36138996471302604,-0.3482831224806248
Justin Holiday,Away,DEN,ATL,129,122,1,7fd4723a-7d32-4703-89d8-7b7bcf2d4354,-1.8973738237025823,-1.739247182831515,0.010097677348375038,-0.1541415876248048,-0.30083794122915997,-2.33442510567548,-0.12524147112659734,0.4599210276564779,-2.6648560434597863,-0.23951144567566177,-1.2041518504187765,-2.5085461074395017,0.7279403824174387,0.07005446168843027
DeAndre Jordan,Away,DEN,ATL,129,122,1,7fd4723a-7d32-4703-89d8-7b7bcf2d4354,-1.8973738237025823,-1.739247182831515,0.010097677348375038,-0.1541415876248048,-0.30083794122915997,-2.33442510567548,-0.12524147112659734,0.4599210276564779,-2.6648560434597863,-0.23951144567566177,-1.2041518504187765,-2.5085461074395017,0.7279403824174387,0.07005446168843027
Jalen Pickett,Away,DEN,ATL,129,122,1,7fd4723a-7d32-4703-89d8-7b7bcf2d4354,-1.8973738237025823,-1.739247182831515,0.010097677348375038,-0.1541415876248048,-0.30083794122915997,-2.33442510567548,-0.12524147112659734,0.4599210276564779,-2.6648560434597863,-0.23951144567566177,-1.2041518504187765,-2.5085461074395017,0.7279403824174387,0.07005446168843027
Hunter Tyson,Away,DEN,ATL,129,122,1,7fd4723a-7d32-4703-89d8-7b7bcf2d4354,-1.8973738237025823,-1.739247182831515,0.010097677348375038,-0.1541415876248048,-0.30083794122915997,-2.33442510567548,-0.12524147112659734,0.4599210276564779,-2.6648560434597863,-0.23951144567566177,-1.2041518504187765,-2.5085461074395017,0.7279403824174387,0.07005446168843027
Aaron Gordon,Away,DEN,CHI,114,106,1,0a291870-838b-403b-99bc-09e53df57220,1.200059964865584,0.3845258098947594,0.04708330444947874,-1.8105948598246748,-0.4753242978757311,2.1645985306226616,-0.8842005922709812,2.8690386917328525,1.0176432074771387,-0.2904400557298602,0.32618311206510686,1.3349613201654607,0.387241136447845,0.17369109584280457
Reggie Jackson,Away,DEN,CHI,114,106,1,0a291870-838b-403b-99bc-09e53df57220,4.6792977266213835,2.2868790289695515,-0.9180665325619711,-1.0387802913428976,0.9580443978028872,-0.8864918051379889,-0.41722126690597017,-0.48815865441245077,2.2040295927768883,0.5919567969899633,1.1527049904904347,1.78313932279059,0.653711005333417,0.11158591541028885
Michael Porter Jr.,Away,DEN,CHI,114,106,1,0a291870-838b-403b-99bc-09e53df57220,2.8795710114662487,-0.994103893970056,0.8299934419016163,0.2648804901459515,0.4030589871348597,1.1756769878013487,-1.1848327423718987,-1.6030964372933751,0.5065735819668145,0.5868229334563243,1.7732349671946794,1.369062350934117,-0.490791265992768,0.203326302726055
Nikola JokiÄ,Away,DEN,CHI,114,106,1,0a291870-838b-403b-99bc-09e53df57220,-1.0700604847881636,1.065878679563155,0.05355263047171567,-2.4916607792022116,-0.8945706705873424,4.233341688030161,-1.850899755199069,0.8288278340515672,0.009131859902840626,-1.2425456969573645,-1.2041518504187765,0.39957820016564444,0.5967263888078178,-0.30596008057323276
Kentavious Caldwell-Pope,Away,DEN,CHI,114,106,1,0a291870-838b-403b-99bc-09e53df57220,-1.1428792777037415,-1.2148047941060454,-0.07776715441144258,-0.08316678709177572,1.0005639458747704,-1.0398039866286715,-0.39044155629822114,-0.4313118627215113,0.13020756873418127,-1.3166383713525003,-1.2041518504187765,0.16320123374698386,-0.2834620898523704,1.1667967932397072
DeAndre Jordan,Away,DEN,CHI,114,106,1,0a291870-838b-403b-99bc-09e53df57220,-0.8856563696616229,1.8267346074709878,-0.3683182646608304,1.0527711207268482,2.1551745840264718,4.684356286122176,1.7263658722843447,1.0711166991681869,0.22572010436123835,-1.3449879523257944,6.3924128389414125,0.5853432867725963,-0.7722815009323812,-0.5554152185687349
Julian Strawther,Away,DEN,CHI,114,106,1,0a291870-838b-403b-99bc-09e53df57220,1.5745947851038642,1.1231842379113346,0.03290468868590454,0.292750443024779,-0.5989858100673692,1.1520652986422801,-1.2250294185153863,-1.6279431498661976,1.3202637460637876,0.7275800967592608,4.389190052095785,1.4879864302489503,0.5046245711230294,0.3239287166325506
Christian Braun,Away,DEN,CHI,114,106,1,0a291870-838b-403b-99bc-09e53df57220,1.039684979384499,0.8890660054436083,-1.652014787375028,0.9747288924860623,-0.7788098399222949,-0.07024764506391126,1.3222220733444834,0.28203497707836617,2.471427788102019,0.7886716979674135,2.3202963225273576,0.47418548436350016,-0.9933599114009587,-1.449622054209119
Peyton Watson,Away,DEN,CHI,114,106,1,0a291870-838b-403b-99bc-09e53df57220,-1.125962215824003,-0.03149242667932833,0.2843004418417309,0.7563496792173098,-0.09004391455025047,-0.5808485228642923,1.5066361733131803,0.5735100611795604,-1.2907169625716495,-0.7329364433906288,1.4255797192894684,0.5895460933510565,-0.35950367441707953,0.835722273448225
Justin Holiday,Away,DEN,CHI,114,106,1,0a291870-838b-403b-99bc-09e53df57220,0.34598427941244736,-0.2408310490796389,-0.09386062626906198,-0.7028564719799938,1.3200640528436176,-1.0158676910205313,-0.2150317398724339,0.7568998922010716,3.8596715201362612,0.8519689173423174,-1.2041518504187765,0.29223290990703454,0.30170004456267496,0.008476237487046892
Zeke Nnaji,Away,DEN,CHI,114,106,1,0a291870-838b-403b-99bc-09e53df57220,-1.8973738237025823,-1.739247182831515,0.010097677348375038,-0.1541415876248048,-0.30083794122915997,-2.33442510567548,-0.12524147112659734,0.4599210276564779,-2.6648560434597863,-0.23951144567566177,-1.2041518504187765,-2.5085461074395017,0.7279403824174387,0.07005446168843027
Jalen Pickett,Away,DEN,CHI,114,106,1,0a291870-838b-403b-99bc-09e53df57220,-1.8973738237025823,-1.739247182831515,0.010097677348375038,-0.1541415876248048,-0.30083794122915997,-2.33442510567548,-0.12524147112659734,0.4599210276564779,-2.6648560434597863,-0.23951144567566177,-1.2041518504187765,-2.5085461074395017,0.7279403824174387,0.07005446168843027
Hunter Tyson,Away,DEN,CHI,114,106,1,0a291870-838b-403b-99bc-09e53df57220,-1.8973738237025823,-1.739247182831515,0.010097677348375038,-0.1541415876248048,-0.30083794122915997,-2.33442510567548,-0.12524147112659734,0.4599210276564779,-2.6648560434597863,-0.23951144567566177,-1.2041518504187765,-2.5085461074395017,0.7279403824174387,0.07005446168843027
Nikola JokiÄ,Home,DEN,BRK,124,101,1,49f49360-e4bb-45d4-acea-0b155a7f2666,1.6680143690094273,2.7751841691731474,0.4794149837660202,-2.0354108512253535,-0.4839344362002921,3.907339994893732,-2.044968512741538,-1.9778579423272398,1.4479098132349337,-1.2718777294557602,6.692331512830844,2.0370484271702454,2.0254853570023124,0.14084189469167124
Justin Holiday,Home,DEN,BRK,124,101,1,49f49360-e4bb-45d4-acea-0b155a7f2666,-0.41825296830404873,1.9246609575450344,2.724825730987396,1.7668586434586933,0.6311578319262441,-1.442908289821233,-0.26172776587529695,-0.14886505901420896,-1.033032818962611,1.782384506103777,-1.2041518504187765,0.9085852033969456,0.6700352322282482,1.685112818473353
Aaron Gordon,Home,DEN,BRK,124,101,1,49f49360-e4bb-45d4-acea-0b155a7f2666,0.36121769930299086,0.4879980382883398,-0.10962594140371504,0.7853033426539847,-1.0737739232783803,-0.10212309590598892,0.8470979102486471,-0.8671083800754605,0.9957367179466476,-1.305542093194405,0.6190769111484016,1.1886236955950251,0.7219967591067552,0.8668814798896171
Michael Porter Jr.,Home,DEN,BRK,124,101,1,49f49360-e4bb-45d4-acea-0b155a7f2666,0.516820884686045,-0.9339134665007874,0.9378681527795689,-0.02261717197611623,-0.40206293175337754,1.2846319867893061,-0.9539625095424267,0.6217895855446341,0.6575369504430357,0.5400281382936207,1.316692207316777,0.816004831394298,0.318210310114326,0.7058539736671715
Jamal Murray,Home,DEN,BRK,124,101,1,49f49360-e4bb-45d4-acea-0b155a7f2666,2.235549432304223,1.0016122851746934,2.760229518962648,0.5389389133212105,0.7537713861190973,-0.9913736219162332,1.1973355218705615,-0.3763651752064351,1.0131451913415652,0.06580619909724436,-1.2041518504187765,1.387867669960469,0.49307239884848186,-0.036970674420352664
Peyton Watson,Home,DEN,BRK,124,101,1,49f49360-e4bb-45d4-acea-0b155a7f2666,2.1364643130905416,1.7704638533381774,0.35211311780933136,-0.6595764817569068,0.6601516836796334,2.3086018581168846,0.40008971729299747,1.1714876550381488,2.426520809940591,0.09824874989277588,1.2270935749043974,1.1933190615555755,0.9671759601351037,-0.5770200671430512
Christian Braun,Home,DEN,BRK,124,101,1,49f49360-e4bb-45d4-acea-0b155a7f2666,0.6805038939296815,-0.576975889855274,-0.4919042746558454,-0.16214728550967344,-0.8342013791759825,0.980238240048394,2.172125214604735,-0.32343927257139843,0.4857408938181515,0.09147916254592516,0.6046460360676834,0.9222934726248858,-0.022123274619779934,0.406024401252425
Reggie Jackson,Home,DEN,BRK,124,101,1,49f49360-e4bb-45d4-acea-0b155a7f2666,1.4979719481851206,1.8140979390831398,1.3145281816010503,0.10577009068031347,0.9213612887694149,-1.8150760510809851,-0.11289282952451989,0.04066246293228752,0.3770514191091081,0.45956020787508656,1.190750024794146,1.205444453679548,-0.21700588566054935,0.5503291140968737
Julian Strawther,Home,DEN,BRK,124,101,1,49f49360-e4bb-45d4-acea-0b155a7f2666,1.3420748762635735,-1.3950179651008483,0.02390656258990888,-0.47008797773417904,-0.4592717548589821,0.0959356058491606,-0.821412638091171,-1.0048962385080693,0.07201469667257092,1.0388855461220214,-1.2041518504187765,0.7553920222001819,-0.678972995649602,0.6822042700340898
DeAndre Jordan,Home,DEN,BRK,124,101,1,49f49360-e4bb-45d4-acea-0b155a7f2666,-1.5201265507031618,-0.2057777983023497,-1.4137112163771708,1.5049881689307258,0.390820422416347,1.8107359320657908,1.1407470929871273,1.336678463530913,0.07712429435752033,-1.2995071336870176,-1.2041518504187765,-0.3436694480674397,-0.8935776169926217,0.2943094056707435
Zeke Nnaji,Home,DEN,BRK,124,101,1,49f49360-e4bb-45d4-acea-0b155a7f2666,-0.7409497696346153,-0.5300615398776097,-0.014302987962636501,-1.037081967686255,-0.17944260255190378,2.8125900214111987,-0.6744972602200745,5.7159901062835,5.343213323114837,0.04452127742966427,-1.2041518504187765,0.1342317000025078,1.4260743018863118,-1.2608214107956275
Jalen Pickett,Home,DEN,BRK,124,101,1,49f49360-e4bb-45d4-acea-0b155a7f2666,-1.045378249718458,0.9140112043309369,0.04583038966526738,-2.77814470451361,-1.8800511290483315,-1.7656142363577,-0.11171676841956013,0.0007330758156979651,6.67510803756949,1.2078121384392522,-1.2041518504187765,0.5140879777661558,2.821775133754381,-2.459280185628906
Hunter Tyson,Home,DEN,BRK,124,101,1,49f49360-e4bb-45d4-acea-0b155a7f2666,-1.8973738237025823,-1.739247182831515,0.010097677348375038,-0.1541415876248048,-0.30083794122915997,1.5996256151412973,-1.6813388600745707,-2.038379547723382,-2.6648560434597863,-0.23951144567566177,-1.2041518504187765,-1.0674528558780607,-0.05265781911749372,0.38219110034957204
Nikola JokiÄ,Home,DEN,OKC,117,118,0,20dd8173-503d-40cc-829f-7ca48f0404c3,2.1175844146838116,4.760571782475895,0.4601054077426078,-1.237598226632962,-0.24412070524826227,1.3882263965135313,-0.7648489984468089,2.0096656291398487,1.4008839708232532,-0.49986691425956115,4.350841395565437,1.4982071512884134,-0.054450593398449605,-1.753000454745435
Aaron Gordon,Home,DEN,OKC,117,118,0,20dd8173-503d-40cc-829f-7ca48f0404c3,0.2975300309450621,1.1882678174127095,1.6658973202037315,-0.6541590085991924,0.49889738142681356,3.15714147845316,-1.139300533316741,3.199870996022766,0.6411653124799096,-1.47383788608872,4.033744567352525,0.9538841531081023,-0.07024113167977256,-1.290127510485608
Michael Porter Jr.,Home,DEN,OKC,117,118,0,20dd8173-503d-40cc-829f-7ca48f0404c3,4.104989050314506,-1.2731229434474278,-0.4074494881481724,0.2702165469017497,-0.5037679970066203,2.957289879616342,-1.8220804474582686,-2.6231705986826026,1.1385110795801663,0.5925578897549152,-1.2041518504187765,1.4049202136487355,-0.2863901586563612,-0.24692998738615593
Jamal Murray,Home,DEN,OKC,117,118,0,20dd8173-503d-40cc-829f-7ca48f0404c3,1.437259920967534,1.3891524991863349,-0.5448434334771077,-1.0050049085714932,1.3708315619903426,-0.5901120570014307,-0.3811628221599563,0.3905771909958432,0.2273704610091971,0.1456022039966048,3.0395829346616754,1.0595541320780888,-0.764145569933372,-0.32422148092784586
Justin Holiday,Home,DEN,OKC,117,118,0,20dd8173-503d-40cc-829f-7ca48f0404c3,0.11437459224418263,-0.366611142072523,-0.8626259622366874,0.316259474659328,-0.9930047179937828,-1.2203633315137876,-0.28859028556675936,-0.32345775312976954,2.286301367666588,1.4472796049476477,-1.2041518504187765,0.08812996119023807,-0.6320992240387341,-0.6733941089097603
Christian Braun,Home,DEN,OKC,117,118,0,20dd8173-503d-40cc-829f-7ca48f0404c3,1.673244938754012,0.40227556206315623,0.28706525678771466,0.6137677922224777,1.2877365713083346,-0.7663661064447623,-0.46916977990698105,-0.5746612015198852,1.4269982001696366,0.49415528514336643,1.2510973205862401,0.8826193620338255,-0.1790524769503962,-0.23294319732023405
Reggie Jackson,Home,DEN,OKC,117,118,0,20dd8173-503d-40cc-829f-7ca48f0404c3,0.5595693073003534,0.8966879689967765,-0.6662538412877242,-0.3922818585994266,1.5595656812993295,0.047092721684494986,-0.6134848183855465,0.14598127846901346,-0.08569082428860814,0.48696926684165304,-1.2041518504187765,0.7447186907958907,-0.7346316785614733,0.6394530593638476
Peyton Watson,Home,DEN,OKC,117,118,0,20dd8173-503d-40cc-829f-7ca48f0404c3,0.9898037248723518,0.1310520723238935,-0.7845510355138617,0.6471615747764848,2.679997269150755,0.9326605764338144,-0.9511450139525577,-0.1805542533777724,2.485105271524656,0.30042101580349007,0.45212529458773787,0.8238213464917642,-0.19664042134440055,-0.12293523057387855
Julian Strawther,Home,DEN,OKC,117,118,0,20dd8173-503d-40cc-829f-7ca48f0404c3,-1.354678080661128,-1.3455179702958793,0.02437655636075516,-0.5195671257231453,-0.4897298246713641,-1.0523398475609884,-0.3690532872815365,-0.43474305192000706,-2.001913333803651,1.634023220535974,-1.2041518504187765,-0.06909391503408042,-0.34712603948179177,1.1162446995395185
DeAndre Jordan,Home,DEN,OKC,117,118,0,20dd8173-503d-40cc-829f-7ca48f0404c3,-1.5201265507031618,-0.6640027022910551,-0.015574735813161697,-0.9031972143043457,-0.09702664894192889,7.50939403556106,-2.7522970517909036,2.390346025242715,0.5017904893708078,-1.4365570350108787,-1.2041518504187765,-0.03458327843850641,0.5630908836712447,-0.2877491604048134
Collin Gillespie,Home,DEN,OKC,117,118,0,20dd8173-503d-40cc-829f-7ca48f0404c3,-1.8973738237025823,-1.739247182831515,0.010097677348375038,-0.1541415876248048,-0.30083794122915997,-2.33442510567548,-0.12524147112659734,0.4599210276564779,-2.6648560434597863,-0.23951144567566177,-1.2041518504187765,-2.5085461074395017,0.7279403824174387,0.07005446168843027
Braxton Key,Home,DEN,OKC,117,118,0,20dd8173-503d-40cc-829f-7ca48f0404c3,-1.8973738237025823,-1.739247182831515,0.010097677348375038,-0.1541415876248048,-0.30083794122915997,-2.33442510567548,-0.12524147112659734,0.4599210276564779,-2.6648560434597863,-0.23951144567566177,-1.2041518504187765,-2.5085461074395017,0.7279403824174387,0.07005446168843027
Zeke Nnaji,Home,DEN,OKC,117,118,0,20dd8173-503d-40cc-829f-7ca48f0404c3,-1.8973738237025823,-1.739247182831515,0.010097677348375038,-0.1541415876248048,-0.30083794122915997,-2.33442510567548,-0.12524147112659734,0.4599210276564779,-2.6648560434597863,-0.23951144567566177,-1.2041518504187765,-2.5085461074395017,0.7279403824174387,0.07005446168843027
Nikola JokiÄ,Home,DEN,DAL,130,104,1,aba7340f-1575-4968-a964-23548cd9e4f2,-0.35498557350895754,2.8117532178655438,0.7018531628352398,0.11951665208575256,-0.2646318476990013,2.23254136658962,-1.4263120379472962,-0.9361063518949423,-0.15380472790030802,-0.7848448301423797,1.316692207316777,1.2701252308082935,0.7910910284007734,0.8577161860714446
Kentavious Caldwell-Pope,Home,DEN,DAL,130,104,1,aba7340f-1575-4968-a964-23548cd9e4f2,0.17566445851158594,-1.1527005013804117,0.036747813597347426,-0.6841655337486225,-0.554997777698606,-0.18844936310412036,-0.5223102966874327,0.34228564609947554,2.292220128001454,-0.20853751321554692,-1.2041518504187765,0.8775593640498431,0.9488273119080758,1.0298649880053312
Jamal Murray,Home,DEN,DAL,130,104,1,aba7340f-1575-4968-a964-23548cd9e4f2,3.2681243132796003,0.6460154448531782,0.05024116540955642,0.5916044929402977,-0.34728080695601443,0.40861619165323504,0.7714051903947848,-1.126003623224141,2.418983795435855,0.45833082972537287,1.176319149713428,1.9032533550480366,1.0755123834721172,0.4923540848805957
Aaron Gordon,Home,DEN,DAL,130,104,1,aba7340f-1575-4968-a964-23548cd9e4f2,1.893739900705514,0.6736873634826234,0.9656520253479428,-1.2053488050875083,-0.3688292035775655,0.7263628130689866,-0.8696061034478162,-0.0862909003884016,3.237811175206221,-0.27705356802792686,3.4472941126056593,1.5735113765252169,1.8915887158366858,-0.047706644055572095
Michael Porter Jr.,Home,DEN,DAL,130,104,1,aba7340f-1575-4968-a964-23548cd9e4f2,0.6372594510747588,-0.050317489289429224,-1.1637432559998926,0.8368348295174908,-0.33129585276362705,0.666733942699611,-0.6579939128715431,1.2620571128173512,0.9673646666598089,0.7289354334624851,-1.2041518504187765,0.9699810449478673,-0.03640218531464194,1.1881037882095913
Peyton Watson,Home,DEN,DAL,130,104,1,aba7340f-1575-4968-a964-23548cd9e4f2,0.5216922355448727,-0.07009459558426305,0.9375089677092234,-0.5181558006457974,-0.017920204174670794,2.076078939659241,0.34033222513059663,-0.7551275032383081,2.6435347194432968,0.817740994475882,1.9207984589935223,0.7745180918977969,0.9073814272741071,-0.18173674584362218
Julian Strawther,Home,DEN,DAL,130,104,1,aba7340f-1575-4968-a964-23548cd9e4f2,1.4082360933898044,-0.284729660398394,0.975271120229141,-0.28962126436649904,0.05136058714612116,-0.3511838370436005,-0.6476722163595506,-0.7507704661707734,1.4545640244601035,0.3318864572683796,-1.2041518504187765,0.998860190902068,0.30955977971450716,0.2896572048583839
Zeke Nnaji,Home,DEN,DAL,130,104,1,aba7340f-1575-4968-a964-23548cd9e4f2,0.3732426461917797,1.0694019870088336,0.31173318509221176,0.3977220625813624,1.7246438193557325,1.2295576737062475,0.9904668370751406,1.1868229639218884,1.2426850269016863,-0.9306961557792658,2.6751896630844274,1.1366083894487031,0.4362475166617301,0.2271137449110012
Christian Braun,Home,DEN,DAL,130,104,1,aba7340f-1575-4968-a964-23548cd9e4f2,-0.8778704323395337,0.30319723458948517,-0.9139626294490358,0.5530173327384001,1.800588471349097,0.1830649680539661,-0.845529249324458,-1.0443867798009248,0.39461460770124374,-0.6151549803743989,1.8174475554792302,0.7342827918401889,0.3785266430253704,1.7210128272245384
Reggie Jackson,Home,DEN,DAL,130,104,1,aba7340f-1575-4968-a964-23548cd9e4f2,1.9841899156021607,0.6192590876625104,-0.018191082738079883,-1.8039068318979625,0.0855394583823068,-1.241495093299365,-0.3049200794325996,-0.28639796171212695,2.310861091245959,-0.778652860970486,0.5823437745793009,1.5537521490595458,1.0210448659133662,0.02574461316140843
Collin Gillespie,Home,DEN,DAL,130,104,1,aba7340f-1575-4968-a964-23548cd9e4f2,-1.8245550307870044,-1.4770259884687802,-0.03383473853153378,-0.11865418735829027,0.34986300232280526,0.21433844876013514,-0.32878451580888374,2.565636765700011,-2.1074816625048465,-0.4193894411632295,-1.2041518504187765,-0.8526941650755673,-1.418432940379788,0.2890097994407637
Justin Holiday,Home,DEN,DAL,130,104,1,aba7340f-1575-4968-a964-23548cd9e4f2,-1.7517362378714265,-1.4770259884687802,-0.03383473853153378,-0.11865418735829027,0.34986300232280526,0.3983058334421764,3.4847431082844382,-0.930697808887502,-2.6648560434597863,-0.23951144567566177,-1.2041518504187765,-0.46117888418044706,-1.689155798049847,0.31917843134160717
DeAndre Jordan,Home,DEN,DAL,130,104,1,aba7340f-1575-4968-a964-23548cd9e4f2,-1.8973738237025823,-1.739247182831515,0.010097677348375038,-0.1541415876248048,-0.30083794122915997,-2.33442510567548,-0.12524147112659734,0.4599210276564779,-2.6648560434597863,-0.23951144567566177,-1.2041518504187765,-2.5085461074395017,0.7279403824174387,0.07005446168843027
Nikola JokiÄ,Away,DEN,TOR,113,104,1,6a0adc52-a47a-421e-a658-7f4325526eb4,4.858214155755563,1.3344744089334317,-0.7353131632584583,-0.8648092676060292,-0.0722306340393636,5.75890120072903,0.494492728409542,0.5894520928733887,1.666981610036657,-0.1730866969095499,1.0040709600205717,2.3725689302097823,1.0920776719221148,0.1332942449691008
Michael Porter Jr.,Away,DEN,TOR,113,104,1,6a0adc52-a47a-421e-a658-7f4325526eb4,2.113051518578619,-0.4575493804251467,0.8393887232811653,-0.22921491576151212,0.18279734415443702,0.933881933427434,-0.9642259277689772,-0.4845085323789954,0.6482284226447688,0.7138165831794488,-1.2041518504187765,1.2330987066636552,0.10842601747394666,0.7466551558556026
Jamal Murray,Away,DEN,TOR,113,104,1,6a0adc52-a47a-421e-a658-7f4325526eb4,3.6948594034918787,1.888712187247267,0.08932316751243949,-0.5239410396769615,-0.0615978855513766,1.2809784666259432,1.791649905511043,-0.6507837658726697,0.4432834431508895,0.07951922175386718,-1.2041518504187765,2.0325993040870034,0.19657657872230677,0.521890300628368
Kentavious Caldwell-Pope,Away,DEN,TOR,113,104,1,6a0adc52-a47a-421e-a658-7f4325526eb4,0.6504127594962898,0.5561172517593794,1.6723745590734698,-0.05046523705818169,0.7748433891899249,-0.18043017751170895,2.1900639520299188,-0.8533032003746344,3.830063796639183,0.3689067869281894,-1.2041518504187765,0.9606273994958536,1.2885612642641866,0.5445454403942347
Aaron Gordon,Away,DEN,TOR,113,104,1,6a0adc52-a47a-421e-a658-7f4325526eb4,0.30977311769456717,-0.35069554849348106,-0.5790571269837091,-0.011505160931031438,-0.16476352929222873,1.0051118409353283,-0.7162348440103746,1.552248796864309,1.1183671664449777,-1.3466301110284475,-1.2041518504187765,1.1075570387131233,0.45675112943330104,1.0067051531986666
Peyton Watson,Away,DEN,TOR,113,104,1,6a0adc52-a47a-421e-a658-7f4325526eb4,0.24515446353249032,-0.5653509602167974,1.0459671210209507,0.032956864148978145,0.15496910791861793,1.1503237384650595,0.778546805972032,-0.2667304483060704,3.6215716755169387,-0.4023474513453616,-1.2041518504187765,0.30045144980825544,0.1946572646230939,-1.2536608515290046
Christian Braun,Away,DEN,TOR,113,104,1,6a0adc52-a47a-421e-a658-7f4325526eb4,-0.6648021888243639,-0.5172997634499232,1.1369463840307152,-0.2564492532777098,-0.6395460826312411,0.20441540019417212,-0.6862109940660204,0.2541365700396225,0.48045759841531105,1.049595876236971,-1.2041518504187765,-0.1291322452597099,-0.5907108788739821,-0.5199595874441522
Reggie Jackson,Away,DEN,TOR,113,104,1,6a0adc52-a47a-421e-a658-7f4325526eb4,-0.1550095837382384,0.5988220027967237,-0.5918398303235187,-0.8251181047714506,-0.6456426690943767,-0.3360399008501855,-0.4587414618756322,0.5582139633180258,0.18802121531260188,0.033221518483322575,0.4993536130337244,0.43720799219138073,-1.0844773013242093,-0.2552418457358895
Julian Strawther,Away,DEN,TOR,113,104,1,6a0adc52-a47a-421e-a658-7f4325526eb4,0.2682941356380419,0.7387141368297963,2.3515555033516766,0.31462243937064077,0.4804848292918975,-1.1616839516158286,-0.37529743346278016,-0.34036925518017164,1.3514475455140085,0.7924869699321269,-1.2041518504187765,0.4144170308487303,0.12434614052950095,-0.5164215141002355
Zeke Nnaji,Away,DEN,TOR,113,104,1,6a0adc52-a47a-421e-a658-7f4325526eb4,-1.6789174449558486,0.9658702515865268,-0.16932106318930093,2.0320539879833026,-0.7524096283709748,2.395247491791439,3.863296526013058,1.7138265572074773,-2.4392521273589773,-0.31231920575396294,0.13461973719137688,0.1366402977285729,-1.8033634677685924,0.21894541857406746
Collin Gillespie,Away,DEN,TOR,113,104,1,6a0adc52-a47a-421e-a658-7f4325526eb4,-1.8973738237025823,-1.739247182831515,0.010097677348375038,-0.1541415876248048,-0.30083794122915997,-2.33442510567548,-0.12524147112659734,0.4599210276564779,-2.6648560434597863,-0.23951144567566177,-1.2041518504187765,-2.5085461074395017,0.7279403824174387,0.07005446168843027
Justin Holiday,Away,DEN,TOR,113,104,1,6a0adc52-a47a-421e-a658-7f4325526eb4,-1.8973738237025823,-1.739247182831515,0.010097677348375038,-0.1541415876248048,-0.30083794122915997,-2.33442510567548,-0.12524147112659734,0.4599210276564779,-2.6648560434597863,-0.23951144567566177,-1.2041518504187765,-2.5085461074395017,0.7279403824174387,0.07005446168843027
DeAndre Jordan,Away,DEN,TOR,113,104,1,6a0adc52-a47a-421e-a658-7f4325526eb4,-1.8973738237025823,-1.739247182831515,0.010097677348375038,-0.1541415876248048,-0.30083794122915997,-2.33442510567548,-0.12524147112659734,0.4599210276564779,-2.6648560434597863,-0.23951144567566177,-1.2041518504187765,-2.5085461074395017,0.7279403824174387,0.07005446168843027
Jamal Murray,Away,DEN,BRK,122,117,1,206e70fb-48f1-4ecd-beca-d324a220cca7,4.857065030090699,1.4474036107347772,-0.2537701749802891,-2.2568689478881465,-1.6947701739094314,1.274892356856861,1.8798200011603328,-0.5992831280145395,2.0996353426060304,0.10696033603505674,3.775221912297959,2.4079758541597474,1.5407103005013194,0.05475809836882653
Nikola JokiÄ,Away,DEN,BRK,122,117,1,206e70fb-48f1-4ecd-beca-d324a220cca7,3.4722189977241005,2.923378918398654,2.419510909758038,-0.9129416677364792,1.521864880796999,3.8242551759316767,1.0719901121866902,-0.8995675838985697,2.9423809141565047,-0.29197853360181475,2.920200240812098,2.4895969500051462,2.7141148543014966,0.5196572866142953
Michael Porter Jr.,Away,DEN,BRK,122,117,1,206e70fb-48f1-4ecd-beca-d324a220cca7,2.187412874458351,-0.09962265091247284,-0.5364471555009938,-0.2891853149751127,-0.26353826544530123,0.2782415364834732,0.6456727517192827,-1.100522202483711,2.243244968956921,0.5235155787891297,-1.2041518504187765,1.3259037876095376,0.7336788461975432,0.6106373929708023
Aaron Gordon,Away,DEN,BRK,122,117,1,206e70fb-48f1-4ecd-beca-d324a220cca7,0.10914402249959802,0.10846039836137479,0.2974507992097106,0.3268922300579386,-0.09146797129720492,0.7936105445273879,-0.7384215117737817,0.7432710206509568,2.0889508466859086,-2.0605031941032856,6.150980868419056,1.460735898055721,1.2162931076870243,0.9081396983882909
Kentavious Caldwell-Pope,Away,DEN,BRK,122,117,1,206e70fb-48f1-4ecd-beca-d324a220cca7,-0.5191646029932082,1.7454532457528358,0.9457367877525475,0.5392728275046405,0.9658118912120559,0.5934291169778322,-0.8121933928124555,-0.1758551542577575,-0.3435936610625307,0.8171956994648438,-1.2041518504187765,0.9195778702717795,0.42525037880089067,1.2690684289057481
Peyton Watson,Away,DEN,BRK,122,117,1,206e70fb-48f1-4ecd-beca-d324a220cca7,0.10284566559600804,-1.2148047941060454,-0.07776715441144258,-0.08316678709177572,1.0005639458747704,-0.1491954665937628,-0.6992104926862247,-0.9040384876309193,2.7600581619859312,-0.1995015049585762,-0.7099044041842335,-0.10649974302911838,-1.1097347204108456,-1.125820994729603
Christian Braun,Away,DEN,BRK,122,117,1,206e70fb-48f1-4ecd-beca-d324a220cca7,-1.413908599591641,-1.118237948736652,-0.019887619827986352,-0.4491532680526546,0.18247093286581187,-1.6765829698557866,-0.10959985843063257,-0.07113982099416323,-1.5773622153206632,0.4694391541507226,1.8637535626494555,-0.41245280685571795,-1.6488482706102139,-0.3135800144354362
Reggie Jackson,Away,DEN,BRK,122,117,1,206e70fb-48f1-4ecd-beca-d324a220cca7,0.7863076436097904,1.1345268187088577,-0.5980276271902384,-0.7519113241068062,1.4184169254174317,-0.527819925315093,-0.5667490321686179,-0.7049017392642989,-0.6180838659628314,0.1970073704422516,-1.2041518504187765,0.7738557402310906,-3.095421337857881,-0.11024980278961596
Julian Strawther,Away,DEN,BRK,122,117,1,206e70fb-48f1-4ecd-beca-d324a220cca7,-1.046920812682612,-0.7898627696852811,-0.8253006404476764,0.7795355102059001,-0.01869825101047578,0.8783018374754084,-0.843452023704141,0.4847645227695806,-2.10425939461426,1.4573656281597196,-1.2041518504187765,-0.13607011937032562,-2.9242906213901394,0.7919084484459518
Zeke Nnaji,Away,DEN,BRK,122,117,1,206e70fb-48f1-4ecd-beca-d324a220cca7,-1.5201265507031618,-1.2148047941060454,-0.07776715441144258,-0.08316678709177572,1.0005639458747704,1.8273806005191529,-1.1413825593043587,0.7144564381690525,0.2695511639729163,-1.3616078702243923,-1.2041518504187765,-0.5946480575148503,-1.3861186268663463,-0.2423422351303251
DeAndre Jordan,Away,DEN,BRK,122,117,1,206e70fb-48f1-4ecd-beca-d324a220cca7,-1.5929453436187397,-1.739247182831515,0.010097677348375038,-0.1541415876248048,-0.30083794122915997,-1.6765829698557866,-0.10959985843063257,-0.07113982099416323,2.8589170879573222,-2.3723512499474855,-1.2041518504187765,-0.8033626282566875,-0.8173581963012291,-0.6427491774967994
Justin Holiday,Away,DEN,BRK,122,117,1,206e70fb-48f1-4ecd-beca-d324a220cca7,-1.8973738237025823,-1.739247182831515,0.010097677348375038,-0.1541415876248048,-0.30083794122915997,-2.33442510567548,-0.12524147112659734,0.4599210276564779,-2.6648560434597863,-0.23951144567566177,-1.2041518504187765,-2.5085461074395017,0.7279403824174387,0.07005446168843027
Braxton Key,Away,DEN,BRK,122,117,1,206e70fb-48f1-4ecd-beca-d324a220cca7,-1.8973738237025823,-1.739247182831515,0.010097677348375038,-0.1541415876248048,-0.30083794122915997,-2.33442510567548,-0.12524147112659734,0.4599210276564779,-2.6648560434597863,-0.23951144567566177,-1.2041518504187765,-2.5085461074395017,0.7279403824174387,0.07005446168843027
Jalen Pickett,Away,DEN,BRK,122,117,1,206e70fb-48f1-4ecd-beca-d324a220cca7,-1.8973738237025823,-1.739247182831515,0.010097677348375038,-0.1541415876248048,-0.30083794122915997,-2.33442510567548,-0.12524147112659734,0.4599210276564779,-2.6648560434597863,-0.23951144567566177,-1.2041518504187765,-2.5085461074395017,0.7279403824174387,0.07005446168843027
Hunter Tyson,Away,DEN,BRK,122,117,1,206e70fb-48f1-4ecd-beca-d324a220cca7,-1.8973738237025823,-1.739247182831515,0.010097677348375038,-0.1541415876248048,-0.30083794122915997,-2.33442510567548,-0.12524147112659734,0.4599210276564779,-2.6648560434597863,-0.23951144567566177,-1.2041518504187765,-2.5085461074395017,0.7279403824174387,0.07005446168843027
Nikola JokiÄ,Away,DEN,CHO,102,95,1,4f78eb47-8d06-466f-a235-8a61e7fca0c5,1.4020953019731934,4.474176425174603,-0.6012775468262815,-0.7762840339936038,1.8376948809313467,2.7576568893887115,-0.10517417641997348,-0.4805040596644631,0.6924564247040564,-1.0730744749693901,1.176319149713428,1.7105204257494353,0.6358035557219748,0.39445748505233885
Jamal Murray,Away,DEN,CHO,102,95,1,4f78eb47-8d06-466f-a235-8a61e7fca0c5,3.185562818646367,2.0065982011645116,2.1235108002320517,-0.08580387398379241,-0.3717436429583224,3.2374201183578872,-1.6914024838220645,-0.6801727831889601,0.6667724328658676,0.076116135778474,1.1264670357982198,1.7616113974254766,0.346098410478084,-0.12654345949328513
Aaron Gordon,Away,DEN,CHO,102,95,1,4f78eb47-8d06-466f-a235-8a61e7fca0c5,0.2674596606437926,0.29152932663385966,-0.09374363045715531,0.9329141426653842,-0.17048723434182322,-0.20686510924362778,1.0274640119994314,1.1713870825481887,0.03030370654057035,-1.2634832214842253,2.6155528439457587,1.3942773395965131,0.11143066879135835,0.9177266063104335
Kentavious Caldwell-Pope,Away,DEN,CHO,102,95,1,4f78eb47-8d06-466f-a235-8a61e7fca0c5,-0.7376209817399418,0.04768248307346596,1.669868355056383,0.10393424126152087,0.2285403669963003,0.8817223444130889,4.7742136269158335,-1.3816261928006623,1.1187173975748397,1.3419553848382877,-1.2041518504187765,0.6787705559798408,0.8669731510538233,0.49809089150769237
Michael Porter Jr.,Away,DEN,CHO,102,95,1,4f78eb47-8d06-466f-a235-8a61e7fca0c5,4.25060587201354,0.0886326753631738,0.332655055431295,0.44552481360431184,0.6866820860353093,1.1800906704684768,1.8977539085425297,-0.5419606418686128,2.2608455811511137,0.7933600159069224,0.3117522369843887,1.6733123922170925,1.10634482770236,0.3055863463670445
Christian Braun,Away,DEN,CHO,102,95,1,4f78eb47-8d06-466f-a235-8a61e7fca0c5,0.718774402984452,-0.48335221809378176,-0.6139459595535873,0.13561955775987608,-0.13833233160395875,3.2653820351572325,2.0698876449817827,-0.02364126520228944,1.628123800998861,0.6738947826300584,2.066783412869582,0.5500662812874891,-0.3910003111563395,-1.2960285114440477
Peyton Watson,Away,DEN,CHO,102,95,1,4f78eb47-8d06-466f-a235-8a61e7fca0c5,-1.3580068685558015,0.31799154621458214,-0.34813294245226134,2.016203682302339,0.3812351091234954,0.24347208414862256,1.0241952891808497,-1.0473854336826873,0.2125177035413283,0.22162732991840023,-1.2041518504187765,-0.24662052132448736,-0.6988308437421461,0.04291599274827788
Julian Strawther,Away,DEN,CHO,102,95,1,4f78eb47-8d06-466f-a235-8a61e7fca0c5,1.3387460883689,-0.18196039078266898,0.5822777957214328,0.5020932960881925,-0.8252519799049962,-0.998954390919395,-0.22714036827453632,0.9902890940763251,0.7828388173885801,0.7341037659083604,-1.2041518504187765,0.801013184812279,-0.8163457153565735,-0.5489100586321051
Reggie Jackson,Away,DEN,CHO,102,95,1,4f78eb47-8d06-466f-a235-8a61e7fca0c5,-0.5240359538520358,2.384914363304629,-0.014746903139023593,0.0634713246704112,0.25932147479958584,-0.1159385858140452,-0.7905589831838756,-0.9099278999022301,-1.6688573112617566,0.44236152713331933,-1.2041518504187765,0.7155292132964728,-1.8952290614569869,0.9388650159869227
Zeke Nnaji,Away,DEN,CHO,102,95,1,4f78eb47-8d06-466f-a235-8a61e7fca0c5,-1.8245550307870044,1.8019773759861273,-2.8257747593114253,2.7242642754485984,0.8437594159112077,1.2749810897883849,3.920778989295106,1.9185523876794206,-2.3264501693085724,-0.34872308579311356,-1.2041518504187765,-0.4855079234608725,-1.4439753384716947,0.13533944591053504
Collin Gillespie,Away,DEN,CHO,102,95,1,4f78eb47-8d06-466f-a235-8a61e7fca0c5,-1.8973738237025823,-1.739247182831515,0.010097677348375038,-0.1541415876248048,-0.30083794122915997,-2.33442510567548,-0.12524147112659734,0.4599210276564779,-2.6648560434597863,-0.23951144567566177,-1.2041518504187765,-2.5085461074395017,0.7279403824174387,0.07005446168843027
Justin Holiday,Away,DEN,CHO,102,95,1,4f78eb47-8d06-466f-a235-8a61e7fca0c5,-1.8973738237025823,-1.739247182831515,0.010097677348375038,-0.1541415876248048,-0.30083794122915997,-2.33442510567548,-0.12524147112659734,0.4599210276564779,-2.6648560434597863,-0.23951144567566177,-1.2041518504187765,-2.5085461074395017,0.7279403824174387,0.07005446168843027
Jay Huff,Away,DEN,CHO,102,95,1,4f78eb47-8d06-466f-a235-8a61e7fca0c5,-1.8973738237025823,-1.739247182831515,0.010097677348375038,-0.1541415876248048,-0.30083794122915997,-2.33442510567548,-0.12524147112659734,0.4599210276564779,-2.6648560434597863,-0.23951144567566177,-1.2041518504187765,-2.5085461074395017,0.7279403824174387,0.07005446168843027
DeAndre Jordan,Away,DEN,CHO,102,95,1,4f78eb47-8d06-466f-a235-8a61e7fca0c5,-1.8973738237025823,-1.739247182831515,0.010097677348375038,-0.1541415876248048,-0.30083794122915997,-2.33442510567548,-0.12524147112659734,0.4599210276564779,-2.6648560434597863,-0.23951144567566177,-1.2041518504187765,-2.5085461074395017,0.7279403824174387,0.07005446168843027
Hunter Tyson,Away,DEN,CHO,102,95,1,4f78eb47-8d06-466f-a235-8a61e7fca0c5,-1.8973738237025823,-1.739247182831515,0.010097677348375038,-0.1541415876248048,-0.30083794122915997,-2.33442510567548,-0.12524147112659734,0.4599210276564779,-2.6648560434597863,-0.23951144567566177,-1.2041518504187765,-2.5085461074395017,0.7279403824174387,0.07005446168843027
Michael Porter Jr.,Home,DEN,GSW,120,114,1,99b59001-e800-4736-81e9-0dd3d3f4f10c,3.970962209940727,-1.196855587544544,-0.020634080522859848,-0.37056873889370806,0.23084551433253628,3.6256167107746187,3.840275673169999,-2.8588912693467377,1.1124705975115206,0.7143633048622158,-1.2041518504187765,2.0168589336756724,1.348001337313108,1.2529392613623762
Nikola JokiÄ,Home,DEN,GSW,120,114,1,99b59001-e800-4736-81e9-0dd3d3f4f10c,1.153132273203758,2.277464394988791,-1.1338483913416622,-0.8486512582011131,-0.46235194131777013,4.5375103650445725,-1.8652559889963696,0.5064954237381256,0.2404254178159879,-0.7490778460957636,11.200748552499926,2.2934648262622055,1.3149837241347266,0.830586428577126
Kentavious Caldwell-Pope,Home,DEN,GSW,120,114,1,99b59001-e800-4736-81e9-0dd3d3f4f10c,3.439795393547448,0.8769975271391728,1.6254630835123103,-0.7108308378567998,-0.10593652509499743,0.03942605407446224,-0.6305762647006059,0.017801611158376186,1.6662117676618295,1.105721333893794,-1.2041518504187765,1.5735370365429004,1.1147547710367414,0.502588252285579
Jamal Murray,Home,DEN,GSW,120,114,1,99b59001-e800-4736-81e9-0dd3d3f4f10c,3.9536248744981517,2.1666615069155055,0.7533100239939815,0.575796894208192,1.5892863450485513,0.543241642110442,-0.8141194714558191,-0.19736444990776605,1.7737320521953026,-0.008208755062394523,2.8992098770583263,2.1948171473102747,1.1925867447755627,0.703740034098327
Aaron Gordon,Home,DEN,GSW,120,114,1,99b59001-e800-4736-81e9-0dd3d3f4f10c,1.5374526375818358,1.2203347523572223,-0.16992533993851502,0.42356018866767514,0.17656485613175635,3.3653310969672656,-1.4263777288369612,1.4658612631919918,1.7629985303303888,-0.2545331787307808,0.8220591029121631,1.4365969099600653,0.7640425321915578,0.4701962659375473
Peyton Watson,Home,DEN,GSW,120,114,1,99b59001-e800-4736-81e9-0dd3d3f4f10c,-0.3603737087405214,0.42524063923543354,-1.4893123715740348,1.1832055008000777,0.16578882135366588,-1.7210986031067432,-0.11065831342509636,-0.035203372589232645,0.6765827952175838,0.6179781977738632,-1.2041518504187765,0.018439256039511208,-1.4169185708486376,-0.4926709650769856
Reggie Jackson,Home,DEN,GSW,120,114,1,99b59001-e800-4736-81e9-0dd3d3f4f10c,-1.6488470746545791,2.3248915837029798,-2.8711156197766874,1.975472156857807,-1.5897380216235686,-1.7210986031067432,-0.11065831342509636,-0.035203372589232645,-1.8336150336402386,-0.48392042662741525,2.3006155082748316,-0.1324915707608723,-2.1850524966529155,-0.3091308616747647
Christian Braun,Home,DEN,GSW,120,114,1,99b59001-e800-4736-81e9-0dd3d3f4f10c,-0.047745089903177725,0.32339033284217583,-0.906929524936821,0.30836904669460213,0.9729957111728721,-1.7210986031067432,-0.11065831342509636,-0.035203372589232645,2.145188689564097,1.2424136135366064,-0.08446718448861668,-0.20263653996058056,-2.01393511850212,-1.6058839186354523
Julian Strawther,Home,DEN,GSW,120,114,1,99b59001-e800-4736-81e9-0dd3d3f4f10c,-1.5929453436187397,-1.739247182831515,0.010097677348375038,-0.1541415876248048,-0.30083794122915997,-1.7210986031067432,-0.11065831342509636,-0.035203372589232645,1.9043992352400616,-2.085339610448502,0.3396137835043578,-0.5891813372403463,-0.552119797321236,-0.253120851036589
Zeke Nnaji,Home,DEN,GSW,120,114,1,99b59001-e800-4736-81e9-0dd3d3f4f10c,-1.8973738237025823,-0.7388085813562592,2.090931526225114,1.0628857143170214,0.010675873979196233,-1.8249684140256421,-0.11312804174551185,0.048648340355605425,-2.6648560434597863,-0.23951144567566177,-1.2041518504187765,-1.198886899108683,-0.585147165494386,-0.9299880539341485
Justin Holiday,Home,DEN,GSW,120,114,1,99b59001-e800-4736-81e9-0dd3d3f4f10c,-1.8973738237025823,-1.739247182831515,0.010097677348375038,-0.1541415876248048,-0.30083794122915997,-2.33442510567548,-0.12524147112659734,0.4599210276564779,-2.6648560434597863,-0.23951144567566177,-1.2041518504187765,-2.5085461074395017,0.7279403824174387,0.07005446168843027
DeAndre Jordan,Home,DEN,GSW,120,114,1,99b59001-e800-4736-81e9-0dd3d3f4f10c,-1.8973738237025823,-1.739247182831515,0.010097677348375038,-0.1541415876248048,-0.30083794122915997,-2.33442510567548,-0.12524147112659734,0.4599210276564779,-2.6648560434597863,-0.23951144567566177,-1.2041518504187765,-2.5085461074395017,0.7279403824174387,0.07005446168843027
Braxton Key,Home,DEN,GSW,120,114,1,99b59001-e800-4736-81e9-0dd3d3f4f10c,-1.8973738237025823,-1.739247182831515,0.010097677348375038,-0.1541415876248048,-0.30083794122915997,-2.33442510567548,-0.12524147112659734,0.4599210276564779,-2.6648560434597863,-0.23951144567566177,-1.2041518504187765,-2.5085461074395017,0.7279403824174387,0.07005446168843027
Jalen Pickett,Home,DEN,GSW,120,114,1,99b59001-e800-4736-81e9-0dd3d3f4f10c,-1.8973738237025823,-1.739247182831515,0.010097677348375038,-0.1541415876248048,-0.30083794122915997,-2.33442510567548,-0.12524147112659734,0.4599210276564779,-2.6648560434597863,-0.23951144567566177,-1.2041518504187765,-2.5085461074395017,0.7279403824174387,0.07005446168843027
Hunter Tyson,Home,DEN,GSW,120,114,1,99b59001-e800-4736-81e9-0dd3d3f4f10c,-1.8973738237025823,-1.739247182831515,0.010097677348375038,-0.1541415876248048,-0.30083794122915997,-2.33442510567548,-0.12524147112659734,0.4599210276564779,-2.6648560434597863,-0.23951144567566177,-1.2041518504187765,-2.5085461074395017,0.7279403824174387,0.07005446168843027
Nikola JokiÄ,Home,DEN,MEM,142,105,1,b587d90f-422b-4e4c-be8f-e8fa5330d8fc,2.1532402959452392,2.9083502719212624,-1.2747510238213007,-1.324448848569478,-1.572733934307756,4.703005117576418,0.657464742234432,-3.3660902772561982,4.081357743982189,-0.8507933325110533,1.862127366270307,1.9998364540790556,2.456210535970075,0.34517731773344706
Jamal Murray,Home,DEN,MEM,142,105,1,b587d90f-422b-4e4c-be8f-e8fa5330d8fc,3.6268911973030065,2.530647106631993,1.43987126104117,-1.3620484522036962,-1.6812201336283874,0.04620079573272201,-0.469474096841464,1.4514753123804862,3.333914854614626,0.23031548834613286,0.5823437745793009,1.7030942663389732,2.132242021283329,-0.1498858466294649
Kentavious Caldwell-Pope,Home,DEN,MEM,142,105,1,b587d90f-422b-4e4c-be8f-e8fa5330d8fc,1.5703557755371647,-0.34808771173070596,-0.03791636015379622,-0.8651052847510112,0.6273866214150555,0.08283508962695812,1.2032377490706763,1.4643929442299148,1.521007590848604,0.46086045365198874,-1.2041518504187765,1.3623747665360357,1.3451227877452547,1.788323612571912
Peyton Watson,Home,DEN,MEM,142,105,1,b587d90f-422b-4e4c-be8f-e8fa5330d8fc,3.880512195044081,-0.8584498986144619,-0.006880488666131431,-0.6806940527690862,0.07599500303358263,0.5162245971460406,-0.9594934281450893,-1.2135894850465807,1.5485001712819435,1.1557510432548972,2.3944435478777293,1.89242135784029,1.2722426778235238,1.6645656655772407
Michael Porter Jr.,Home,DEN,MEM,142,105,1,b587d90f-422b-4e4c-be8f-e8fa5330d8fc,0.4916218652436031,0.25887201089780504,-1.4291123051828822,1.399560961854335,1.0361864230644626,0.49932897649868657,0.7955422752863703,-1.1748363909145303,1.6382023914880948,0.8646277847715024,-1.2041518504187765,1.104476301373881,0.9672125099431335,2.3254826493367915
Julian Strawther,Home,DEN,MEM,142,105,1,b587d90f-422b-4e4c-be8f-e8fa5330d8fc,2.2751712007259792,0.39429764253843974,-0.6155964625985425,-0.04013175008570107,1.82051529754631,-0.017906052327667565,0.932381139626158,-0.9020841231747175,0.568789555723026,0.9219194791093891,-1.2041518504187765,1.0221712427505258,-0.7145989540563753,0.824922281409263
Christian Braun,Home,DEN,MEM,142,105,1,b587d90f-422b-4e4c-be8f-e8fa5330d8fc,0.42419120755958906,-0.06379244662393084,0.9945314548281953,-0.7939155999797377,-0.780472031055168,-0.42627224203236397,-0.6164458912294993,-0.7064091385051762,1.2982373577228985,-0.09123099692144652,1.5272291386103003,0.9944270794098996,0.5878870442164739,0.6569103946871728
Justin Holiday,Home,DEN,MEM,142,105,1,b587d90f-422b-4e4c-be8f-e8fa5330d8fc,0.41880307232802527,0.15170030505124668,1.9998376607463804,0.592399723387611,0.8510532096892841,-0.7888716608638351,-0.5080762832447036,-0.5117481996685753,2.712038351761596,0.7997575571989249,-1.2041518504187765,0.23436339948241766,0.18654529097586348,-0.3835803560707101
Reggie Jackson,Home,DEN,MEM,142,105,1,b587d90f-422b-4e4c-be8f-e8fa5330d8fc,-0.042356954671613864,3.0903116861627207,-0.5079115274958007,-0.06841980082710686,-1.552914040488459,-0.38546447710205306,-0.43302558700374666,0.790273998021815,1.525351193278879,0.34392548818233454,1.3639205257627638,1.2148458738352066,0.45194027284815463,0.7835810245662138
DeAndre Jordan,Home,DEN,MEM,142,105,1,b587d90f-422b-4e4c-be8f-e8fa5330d8fc,-1.2156980706193192,-0.14765458827028563,-0.09297593211217485,-0.7959936917239304,1.2627312155497221,7.086253552091511,2.6161025289214015,4.635931397331665,1.4017002107073842,-1.7854605063164435,-1.2041518504187765,0.1646821624174372,0.84491890642971,0.06281219607289559
Braxton Key,Home,DEN,MEM,142,105,1,b587d90f-422b-4e4c-be8f-e8fa5330d8fc,-1.5201265507031618,-1.1591650486771727,0.026145944674529367,-0.7058415652110186,-0.6043954992591553,0.7390831008072439,-0.6871031231786185,1.45884689403145,0.42880098710289904,-1.4130015832208402,-1.2041518504187765,-0.11383431196982792,0.16699347690972938,0.5211098329662562
Zeke Nnaji,Home,DEN,MEM,142,105,1,b587d90f-422b-4e4c-be8f-e8fa5330d8fc,-1.2156980706193192,-0.36670968681244775,-1.141472136352378,1.1600055397015703,0.5114115574789182,2.3575531264945866,-1.2890841615914206,1.1468418758749706,0.8177841925641139,-1.5970168919961343,-1.2041518504187765,0.4205974862581455,-1.2619002540511353,0.7460502619014299
Jalen Pickett,Home,DEN,MEM,142,105,1,b587d90f-422b-4e4c-be8f-e8fa5330d8fc,-0.8104397746555198,-0.3112005896959402,0.04473770770173409,-1.525311049561051,-1.0727849645091003,-0.6294246336127953,-0.5958318478088813,-0.6494768262131626,2.6547636267625627,1.8393259451028499,-1.2041518504187765,-3.821331527150659e-05,0.5510240431648179,-0.5884353508265698
Jamal Murray,Home,DEN,OKC,93,119,0,54817867-74f7-4a68-92fb-f6000f9191fb,1.4795123233412282,3.190316434618592,0.06169714016189527,-1.8149658962326123,-1.4097067802265693,-0.14415200216344262,0.7596803118908579,-0.8876472708084885,-0.4617450923331221,0.4824287350420726,-0.8843868028874619,0.826238317775197,-1.6651419742157063,-1.5844889498904613
Peyton Watson,Home,DEN,OKC,93,119,0,54817867-74f7-4a68-92fb-f6000f9191fb,1.7757199005394475,0.9422331460569286,0.2119902339543517,0.256426290518988,1.839722298830376,-0.11959700539876675,2.290618520278806,-0.8894022864866032,0.7537541904395438,0.3232365439680189,0.34323778261504645,0.9187335671973992,-0.6811933141792782,-0.7609760449831235
Nikola JokiÄ,Home,DEN,OKC,93,119,0,54817867-74f7-4a68-92fb-f6000f9191fb,1.4628683838678607,5.161780084654983,-2.2068015155872245,1.0599456240593632,-1.616266929827574,3.262807866148291,-0.17727413310520843,-0.737467186087453,3.223683295549956,-0.5109372350120123,-1.2041518504187765,0.9058832318663704,-1.0164606725691465,-2.1370306639509073
Michael Porter Jr.,Home,DEN,OKC,93,119,0,54817867-74f7-4a68-92fb-f6000f9191fb,2.073631883858984,-1.159002650340744,-0.020274673521624414,-0.40840573441468236,0.20755404918189121,1.2414768805211978,0.3288152474247404,-1.6485500226608956,0.42150491048676597,1.154564154252824,1.2078046953440857,0.7338412363316786,-0.9837184940277373,-0.8559798126880188
Kentavious Caldwell-Pope,Home,DEN,OKC,93,119,0,54817867-74f7-4a68-92fb-f6000f9191fb,0.41880307232802527,0.8657144747103055,0.03425932664442109,0.5832890378634821,1.043776639862442,-1.7161524216344148,-0.11054070731460038,-0.03919631130089159,2.271772670527714,0.9373737739838526,-0.7099044041842335,0.05929918898725077,-1.1616993982671469,-1.2657344160130952
Christian Braun,Home,DEN,OKC,93,119,0,54817867-74f7-4a68-92fb-f6000f9191fb,-1.1488997542274333,-0.37673745943857084,-0.8339263904622203,0.43738381641096197,-0.22134377347557244,0.04391710508119954,-0.8012626070127632,-1.0569649998789004,-1.0645446660768556,1.3603822347324863,3.7680004760151733,0.016713673814501135,-1.0905166371704544,-0.172059921534855
Justin Holiday,Home,DEN,OKC,93,119,0,54817867-74f7-4a68-92fb-f6000f9191fb,-1.354678080661128,-0.6488028617934172,-0.0048899268131354775,-0.8902527971929437,-0.05300388087768237,-1.0958463197490769,-0.35079534425563236,-0.4026589200028637,-1.9421946501299072,1.614750578162306,-1.2041518504187765,-0.713345515167999,-1.948418996113204,-0.874597056881206
Reggie Jackson,Home,DEN,OKC,93,119,0,54817867-74f7-4a68-92fb-f6000f9191fb,1.1071364012006353,0.3195098110313653,1.1722124213868863,-1.0507259773871376,-1.1042090668960907,-0.5124126581802438,-0.6001796312222568,-0.732291300115072,0.28354477862353006,0.9302565086700602,-1.2041518504187765,0.9182902267156633,-0.2288674229193877,-0.4410646869825459
DeAndre Jordan,Home,DEN,OKC,93,119,0,54817867-74f7-4a68-92fb-f6000f9191fb,-0.9112695905354766,0.15754280435773999,0.326656978246425,0.9112932806324452,-1.0813003934257481,4.431962076337594,-1.8794155892668047,1.2376359858424166,1.3386302098643106,-1.7941718000076377,-1.2041518504187765,0.26863274375154006,0.16746872788785583,-0.7738613204976323
Julian Strawther,Home,DEN,OKC,93,119,0,54817867-74f7-4a68-92fb-f6000f9191fb,0.49544667337889087,0.6319272063242446,-1.6892200027132844,1.6244110698387269,0.9029958188894532,-0.9737890203519144,-0.4097005359757403,-0.4822462044514588,0.6622205842665151,0.7428552266574249,2.1943541400047266,0.9160088460821483,-2.496519319738318,-0.7872105936690547
Braxton Key,Home,DEN,OKC,93,119,0,54817867-74f7-4a68-92fb-f6000f9191fb,-1.4686819690947381,-1.739247182831515,0.010097677348375038,-0.1541415876248048,-0.30083794122915997,-1.6963676957451008,-0.11007028287261647,-0.05516806614752742,0.39310848173639334,-1.3935778195123438,1.1294051299119792,0.37042549719969753,-0.7702409274904234,-0.9356793688392956
Zeke Nnaji,Home,DEN,OKC,93,119,0,54817867-74f7-4a68-92fb-f6000f9191fb,-1.8245550307870044,-1.739247182831515,0.010097677348375038,-0.1541415876248048,-0.30083794122915997,-1.6963676957451008,-0.11007028287261647,-0.05516806614752742,-2.6648560434597863,-0.23951144567566177,-1.2041518504187765,-0.7581502792336584,-1.6453733855634742,0.3935905419769018
Jalen Pickett,Home,DEN,OKC,93,119,0,54817867-74f7-4a68-92fb-f6000f9191fb,-1.8245550307870044,-1.4770259884687802,-0.03383473853153378,-0.11865418735829027,0.34986300232280526,-1.6963676957451008,-0.11007028287261647,-0.05516806614752742,-2.6648560434597863,-0.23951144567566177,-1.2041518504187765,-0.8300897885623104,-2.00957988873949,0.7421674580798266
Michael Porter Jr.,Home,DEN,CHO,111,93,1,275d50d6-658c-4b08-b0a7-a96498f31bc9,4.621418467057857,-0.6841431177557804,-0.4377388989409637,0.007220785760878083,-0.000750960091871776,1.711277035552971,-1.2489177628625812,-0.7865213937981503,1.32159145469593,0.9406944271803952,1.1435217063481595,2.330119190140507,1.5032758927504588,2.1031827463640997
Kentavious Caldwell-Pope,Home,DEN,CHO,111,93,1,275d50d6-658c-4b08-b0a7-a96498f31bc9,-0.4594380638220811,0.7063436220579122,0.7954565293321462,-0.727103139685653,1.194349550134464,-0.5603972553828,-0.5713677534541817,-0.6269274665666622,-0.128047225771791,0.393797531390885,0.692543184286603,1.186958056225039,1.1895990031136112,2.2391059391072137
Nikola JokiÄ,Home,DEN,CHO,111,93,1,275d50d6-658c-4b08-b0a7-a96498f31bc9,0.0534604313244748,2.9164827984441257,-0.7873891063960685,0.28736780379488536,-0.6556287874014455,3.2877791540288426,-0.44476943231788213,-2.677542559914111,1.8373872409152352,-1.991433987038741,0.6610576386559452,1.604071681927885,1.7547306728068106,1.3668422128323294
Jamal Murray,Home,DEN,CHO,111,93,1,275d50d6-658c-4b08-b0a7-a96498f31bc9,4.58397636086591,2.8574076305462333,1.0422662964821592,-0.7661306700323618,-1.081646667034738,-0.14599275157039485,0.8272121043262674,-0.8346338753626477,1.596666554351984,0.9194311762373018,3.690027360884512,2.5517598330379827,1.8259225807523518,0.664617753610734
Aaron Gordon,Home,DEN,CHO,111,93,1,275d50d6-658c-4b08-b0a7-a96498f31bc9,-0.007829434942928577,-1.2461132758282387,0.924363381154465,0.2613132988462798,-0.2633372809433321,-0.26827677479033424,1.0748436507228678,0.40718179260191034,3.336672364053405,-0.1971947682613866,0.6489099547793488,1.1741951108304478,1.7578576902473864,1.7940260624569646
Christian Braun,Home,DEN,CHO,111,93,1,275d50d6-658c-4b08-b0a7-a96498f31bc9,0.209063616707529,0.28362105393693654,0.28736129383582626,0.39875984361030237,-0.22246888830759481,1.0700299950674206,2.2443110711544008,-0.27968445937492215,1.2589737936199064,0.43679275076903157,1.4894731218265453,0.3709800760579572,-0.7647457724366022,-1.1547512833096811
Zeke Nnaji,Home,DEN,CHO,111,93,1,275d50d6-658c-4b08-b0a7-a96498f31bc9,-0.9774308076617076,0.41068181723397207,-1.4894506050360485,1.197758191385068,0.17474707718083712,1.2265119761654693,4.17390563858843,-0.22215680724836556,-1.2129119551343435,0.47373759485963596,-1.2041518504187765,0.08968822469228864,-1.5210837953634786,-0.16550984742740532
Peyton Watson,Home,DEN,CHO,111,93,1,275d50d6-658c-4b08-b0a7-a96498f31bc9,0.6537415473909634,-0.319165107159199,0.9515418883832966,0.042345131682645934,0.8249486783276782,0.6478725206026184,0.7539598545497224,-1.2653193873434982,1.8129294307018549,1.0594354594864686,-1.2041518504187765,0.2580527304349554,-0.31639731242287694,-0.7618468516625776
Reggie Jackson,Home,DEN,CHO,111,93,1,275d50d6-658c-4b08-b0a7-a96498f31bc9,1.6019894729347104,1.3322931181984412,1.0491842261930069,-1.4818762961312208,-0.04050318066377026,0.3367448113060545,-0.9548430522841722,-1.1451328596304313,1.7322587278766295,0.09913709514359335,0.36291624863420757,1.17091349919946,-0.12977036375404216,-1.028687182867731
Julian Strawther,Home,DEN,CHO,111,93,1,275d50d6-658c-4b08-b0a7-a96498f31bc9,-1.3580068685558015,-0.0014756701221417966,-1.354808754174814,1.0313117776409204,-0.49356368371367826,-1.1486402845470245,-0.3743087761614031,-0.3390264112487854,0.3120488429975676,0.18950625929562026,-1.2041518504187765,-0.57881875634593,-1.677944996803711,-0.5588692528135187
Braxton Key,Home,DEN,CHO,111,93,1,275d50d6-658c-4b08-b0a7-a96498f31bc9,-1.8245550307870044,-0.9023155881749926,2.622426668043442,1.3359603340633206,-0.791746539992959,-0.44843034969597373,-0.7650532361655995,-0.7489158112073975,-2.6648560434597863,-0.23951144567566177,-1.2041518504187765,-0.6520795498132538,-0.8521970039941908,-0.32252968844408614
Jalen Pickett,Home,DEN,CHO,111,93,1,275d50d6-658c-4b08-b0a7-a96498f31bc9,-1.6624353486396442,-1.739247182831515,0.010097677348375038,-0.1541415876248048,-0.30083794122915997,-1.7952913251916711,-0.112422405082536,0.024690708085651696,-1.929590574296387,2.652859151962201,-1.2041518504187765,-0.8358019890218112,-1.782324381336015,0.567682128064922
Justin Holiday,Home,DEN,CHO,111,93,1,275d50d6-658c-4b08-b0a7-a96498f31bc9,-1.8973738237025823,-1.739247182831515,0.010097677348375038,-0.1541415876248048,-0.30083794122915997,-2.33442510567548,-0.12524147112659734,0.4599210276564779,-2.6648560434597863,-0.23951144567566177,-1.2041518504187765,-2.5085461074395017,0.7279403824174387,0.07005446168843027
DeAndre Jordan,Home,DEN,CHO,111,93,1,275d50d6-658c-4b08-b0a7-a96498f31bc9,-1.8973738237025823,-1.739247182831515,0.010097677348375038,-0.1541415876248048,-0.30083794122915997,-2.33442510567548,-0.12524147112659734,0.4599210276564779,-2.6648560434597863,-0.23951144567566177,-1.2041518504187765,-2.5085461074395017,0.7279403824174387,0.07005446168843027
Nikola JokiÄ,Away,DEN,GSW,130,127,1,970f3cd6-3fed-4f34-b9c4-02c3984cf457,3.682454473585211,4.326529494144781,0.12202207781824909,-0.38312278283705353,-0.807028412688434,2.9439980257901004,-0.10083059495677042,-0.5200720203479201,3.2631188669571682,-0.4124983239131499,3.690027360884512,2.057100424035303,0.916684743073487,-1.0600414207562734
Aaron Gordon,Away,DEN,GSW,130,127,1,970f3cd6-3fed-4f34-b9c4-02c3984cf457,3.61629325645898,-0.6399051702561114,-0.0512276049320811,-0.6015485807476014,0.7535707140670613,3.7762276669249513,0.07389929063824809,2.3326712783951975,2.146837542108747,-0.46121998983538437,3.655918019784633,1.7830931327763389,0.42533364118661343,-0.2981464781583107
Kentavious Caldwell-Pope,Away,DEN,GSW,130,127,1,970f3cd6-3fed-4f34-b9c4-02c3984cf457,-0.06414536741017991,0.36042543345309735,0.28459813760948394,-0.05844093126651358,-0.9538639881898284,0.2858866098132915,0.808226288419402,-0.06755966204032955,0.3936488475900225,-0.6192425784412585,-1.2041518504187765,0.9261140164625984,-0.05179128201879522,0.2657822310955945
Jamal Murray,Away,DEN,GSW,130,127,1,970f3cd6-3fed-4f34-b9c4-02c3984cf457,2.8903265177972544,1.9967767176651576,1.6248305153421447,-0.8109080821733544,1.6726098820217585,-0.7312617867392069,-0.4526869508634734,-0.5999349439059468,1.1051272639476128,-0.17615079449284024,4.921732691088794,1.7988531865181974,0.3464374985833134,0.10092028539606065
Michael Porter Jr.,Away,DEN,GSW,130,127,1,970f3cd6-3fed-4f34-b9c4-02c3984cf457,0.8158612295383239,-0.9525835997433105,-0.12169957029135141,-0.04767938682526117,1.6512648894267359,0.2669301198465055,-0.8174535858515587,-1.1622709310748531,1.9013588808668092,1.3878715341469177,-1.2041518504187765,0.5934141755728177,-0.16532424793032008,0.5724110190393753
Peyton Watson,Away,DEN,GSW,130,127,1,970f3cd6-3fed-4f34-b9c4-02c3984cf457,1.8970686886001877,-1.4770259884687802,-0.03383473853153378,-0.11865418735829027,0.34986300232280526,1.672334186447828,-1.192562286790377,-0.5071763080013556,2.1508020306605253,0.07574961125027455,3.3593969643867396,1.3001417485897397,0.2105269205266218,-0.0989535024556319
Christian Braun,Away,DEN,GSW,130,127,1,970f3cd6-3fed-4f34-b9c4-02c3984cf457,-1.0502496005772857,0.6515121539059829,0.04105895817163374,1.183943285061282,1.0791370156979085,-1.1785553977323784,1.6512516360472613,-0.2995139678830053,-0.8698321609442309,0.6584740691180163,-1.2041518504187765,-0.06510819878398236,-1.1776396629407844,0.12341704643267219
Reggie Jackson,Away,DEN,GSW,130,127,1,970f3cd6-3fed-4f34-b9c4-02c3984cf457,-1.2288513790408504,-0.013519073629578658,-0.6607241943968444,-0.355934759765783,-1.1420806306284983,-1.612282610715516,-0.10807097899418489,-0.12304802424572965,-1.5592486339136484,-0.6547984629349715,-1.2041518504187765,0.08181625797252723,-1.8107112991257144,0.39356248145677386
Julian Strawther,Away,DEN,GSW,130,127,1,970f3cd6-3fed-4f34-b9c4-02c3984cf457,-1.6624353486396442,-0.6424893812292122,1.5447219414142057,0.19161412484011203,-0.6943225936632818,-0.2985866023711485,-0.2895491503760797,1.5872719332581173,-1.1731539144289684,2.4087390152290733,-1.2041518504187765,-0.6935791641397806,-0.45366862875207015,-0.5224395581610071
Zeke Nnaji,Away,DEN,GSW,130,127,1,970f3cd6-3fed-4f34-b9c4-02c3984cf457,-1.5929453436187397,-1.0077532998619738,0.027583572679470883,-0.8571895472949157,-0.6975613598617355,3.010079241220432,-1.5446966037928784,0.5107992885648903,2.9252711809281484,-2.393765297029339,-1.2041518504187765,-0.5030849007278354,0.32297056683990205,-0.9447635135792549
Collin Gillespie,Away,DEN,GSW,130,127,1,970f3cd6-3fed-4f34-b9c4-02c3984cf457,-1.8973738237025823,-1.739247182831515,0.010097677348375038,-0.1541415876248048,-0.30083794122915997,-2.33442510567548,-0.12524147112659734,0.4599210276564779,-2.6648560434597863,-0.23951144567566177,-1.2041518504187765,-2.5085461074395017,0.7279403824174387,0.07005446168843027
Justin Holiday,Away,DEN,GSW,130,127,1,970f3cd6-3fed-4f34-b9c4-02c3984cf457,-1.8973738237025823,-1.739247182831515,0.010097677348375038,-0.1541415876248048,-0.30083794122915997,-2.33442510567548,-0.12524147112659734,0.4599210276564779,-2.6648560434597863,-0.23951144567566177,-1.2041518504187765,-2.5085461074395017,0.7279403824174387,0.07005446168843027
Jay Huff,Away,DEN,GSW,130,127,1,970f3cd6-3fed-4f34-b9c4-02c3984cf457,-1.8973738237025823,-1.739247182831515,0.010097677348375038,-0.1541415876248048,-0.30083794122915997,-2.33442510567548,-0.12524147112659734,0.4599210276564779,-2.6648560434597863,-0.23951144567566177,-1.2041518504187765,-2.5085461074395017,0.7279403824174387,0.07005446168843027
DeAndre Jordan,Away,DEN,GSW,130,127,1,970f3cd6-3fed-4f34-b9c4-02c3984cf457,-1.8973738237025823,-1.739247182831515,0.010097677348375038,-0.1541415876248048,-0.30083794122915997,-2.33442510567548,-0.12524147112659734,0.4599210276564779,-2.6648560434597863,-0.23951144567566177,-1.2041518504187765,-2.5085461074395017,0.7279403824174387,0.07005446168843027
Braxton Key,Away,DEN,GSW,130,127,1,970f3cd6-3fed-4f34-b9c4-02c3984cf457,-1.8973738237025823,-1.739247182831515,0.010097677348375038,-0.1541415876248048,-0.30083794122915997,-2.33442510567548,-0.12524147112659734,0.4599210276564779,-2.6648560434597863,-0.23951144567566177,-1.2041518504187765,-2.5085461074395017,0.7279403824174387,0.07005446168843027
Nikola JokiÄ,Home,DEN,ORL,120,122,0,da254a8b-34b0-486e-97ab-caf7a73363de,2.81356260185347,3.661016809619324,1.5982214850052034,-0.33311422005440605,0.5005784440366652,-0.11890268329875364,-0.6984041841139375,-0.886651652064366,1.1727816353675014,-1.550701968626196,1.7220709555448606,1.6304454253373688,0.13869318316265344,-1.3116528491390245
Aaron Gordon,Home,DEN,ORL,120,122,0,da254a8b-34b0-486e-97ab-caf7a73363de,1.4683768339923435,0.6249277673383173,-0.662237359156852,-0.13282518627486534,1.7273033990027147,2.2063937723810656,-1.13287906212621,0.9169317003874735,2.34606582492465,0.31853678875319397,2.8385754588295846,0.8925026717105987,-0.21699468517161508,-0.6420034591490672
Jamal Murray,Home,DEN,ORL,120,122,0,da254a8b-34b0-486e-97ab-caf7a73363de,2.9375528539711,3.40422642678494,-0.2874597214368822,-0.9408733120724558,0.07445381373769806,1.4637333130068562,-1.1354185250085735,-0.6952557341753909,-0.1568847657101621,-0.36705100209171454,1.1028528765752266,1.6309807226969224,-1.0297605542737587,-0.5309685166217019
Michael Porter Jr.,Home,DEN,ORL,120,122,0,da254a8b-34b0-486e-97ab-caf7a73363de,3.7210842015257386,0.041380334113133764,1.6128458679374111,0.3796940405954612,0.9910921938767976,-0.41722849972718556,-0.59522303674072,-0.739133742616671,2.5588842281915833,0.2925029916365198,-1.2041518504187765,1.287969915633925,0.702327546341855,-0.37881132156537073
Kentavious Caldwell-Pope,Home,DEN,ORL,120,122,0,da254a8b-34b0-486e-97ab-caf7a73363de,-0.6823515919962304,1.295649067815644,-1.0134907448294062,1.8044838390101456,-0.6918744824122878,0.29067845498887246,0.9864741798042149,0.031512729456738,-0.11097016882252222,1.2146139583422062,3.331138530389797,0.6447363356282587,-0.29131131641830116,0.20717460220287928
Reggie Jackson,Home,DEN,ORL,120,122,0,da254a8b-34b0-486e-97ab-caf7a73363de,1.3305459496153988,-0.016283139858775216,-0.44305611817007756,-0.7554114352921711,-1.1232298847888005,0.3635385468219684,-0.6986774649261004,0.2910602006009493,0.4064267828064826,0.25809044188554353,-1.2041518504187765,1.0141358398077356,-0.6380310766269148,-0.09518547631438432
Christian Braun,Home,DEN,ORL,120,122,0,da254a8b-34b0-486e-97ab-caf7a73363de,-0.2196282379003152,-1.0462671488006627,-0.7912081913156517,0.7565173615982707,-0.6737579102875942,1.0399007446880923,-0.9631614938527379,-0.04411847201604682,1.4199849495635712,1.1691118714220117,0.7800997282404226,0.14076968216784336,-0.5323442174713012,-0.17130022456188576
Peyton Watson,Home,DEN,ORL,120,122,0,da254a8b-34b0-486e-97ab-caf7a73363de,-0.673002327577865,-0.6903624053805757,-0.1656319861712602,-0.012191986558746625,2.301965832978701,-0.6580438849381516,-0.24954955008249827,1.1932440346230375,-0.47841088629140466,-0.019565323990824855,-1.2041518504187765,-0.309259857143015,-2.267578168718733,-0.4636016186490298
Zeke Nnaji,Home,DEN,ORL,120,122,0,da254a8b-34b0-486e-97ab-caf7a73363de,-1.541500762010316,1.6063363549815577,-1.0412884007939227,3.196675413872584,1.2190373164793218,0.16512802441751726,-0.5846835992658164,0.9015043291010747,1.7873606542354448,-2.040419654431042,2.7479463301565312,-0.07957831132450917,-0.7065188533331597,0.5211979468624334
Justin Holiday,Home,DEN,ORL,120,122,0,da254a8b-34b0-486e-97ab-caf7a73363de,-1.6624353486396442,-1.0221497235270063,-0.018975278978696483,-0.5452010259135893,0.12334644440648211,-0.8542652523238892,-0.4600204262554056,-0.5482484589340045,-1.5513722443626778,2.530799083595637,-1.2041518504187765,-0.541194277034744,-0.3190693457657653,0.6776269288227943
Braxton Key,Home,DEN,ORL,120,122,0,da254a8b-34b0-486e-97ab-caf7a73363de,-0.7376209817399418,-0.7222379902969008,-0.016127669661216135,-0.8449864519643854,-0.06119362563324419,0.8055625346012772,-1.1988852667419443,-1.554227413317434,1.0589987139010961,1.3612280272119557,-1.2041518504187765,0.2517071113598492,0.1491054296699078,0.04855146297285779
Collin Gillespie,Home,DEN,ORL,120,122,0,da254a8b-34b0-486e-97ab-caf7a73363de,-1.8973738237025823,-1.739247182831515,0.010097677348375038,-0.1541415876248048,-0.30083794122915997,-2.33442510567548,-0.12524147112659734,0.4599210276564779,-2.6648560434597863,-0.23951144567566177,-1.2041518504187765,-2.5085461074395017,0.7279403824174387,0.07005446168843027
Jay Huff,Home,DEN,ORL,120,122,0,da254a8b-34b0-486e-97ab-caf7a73363de,-1.8973738237025823,-1.739247182831515,0.010097677348375038,-0.1541415876248048,-0.30083794122915997,-2.33442510567548,-0.12524147112659734,0.4599210276564779,-2.6648560434597863,-0.23951144567566177,-1.2041518504187765,-2.5085461074395017,0.7279403824174387,0.07005446168843027
DeAndre Jordan,Home,DEN,ORL,120,122,0,da254a8b-34b0-486e-97ab-caf7a73363de,-1.8973738237025823,-1.739247182831515,0.010097677348375038,-0.1541415876248048,-0.30083794122915997,-2.33442510567548,-0.12524147112659734,0.4599210276564779,-2.6648560434597863,-0.23951144567566177,-1.2041518504187765,-2.5085461074395017,0.7279403824174387,0.07005446168843027
Kentavious Caldwell-Pope,Home,DEN,DET,131,114,1,c3c0f8bb-de60-47b1-9268-868560d250e8,2.5038663014309823,1.2225314713222588,0.1155607096302877,2.0903173448884904,0.46214290997514096,0.22497773830339385,0.5423324229109443,-1.0525581886453583,2.105603001646466,0.7214460784801562,1.897548605104797,1.4854932350904961,0.39385461073392214,0.7284019231920276
Jamal Murray,Home,DEN,DET,131,114,1,c3c0f8bb-de60-47b1-9268-868560d250e8,5.854780008715182,1.6458231392597278,0.3752742205902846,-0.5959525072267126,1.5197612527983357,1.3948462766045338,0.5370312519386131,0.7929598512854312,1.6067982645641834,-0.16082635010846857,3.4984902916313443,2.4599574804543423,0.3992032160528541,-0.05634236497483883
Michael Porter Jr.,Home,DEN,DET,131,114,1,c3c0f8bb-de60-47b1-9268-868560d250e8,1.9480990687771993,-0.3593637061620416,-0.48018746573402205,-0.18567682550884937,-0.151634441853079,-1.2627036137561276,-0.2760568988374247,-0.27942981479143986,1.3544576257757988,-0.10237382226358825,1.83195371837426,1.7942970162907435,1.1580393101331723,2.0676422621558253
Nikola JokiÄ,Home,DEN,DET,131,114,1,c3c0f8bb-de60-47b1-9268-868560d250e8,-1.2156980706193192,5.585836822445196,-1.7510678610779395,-2.2631756912013805,-0.6144933440289573,3.5920426361785616,5.735687827679931,-2.800950625541844,1.1495546574182447,-1.7040871274054008,-1.2041518504187765,0.9531354635060595,2.0865224797417485,-0.161897997654615
Aaron Gordon,Home,DEN,DET,131,114,1,c3c0f8bb-de60-47b1-9268-868560d250e8,-0.8083804273186292,-0.8940918368920876,1.0053670041751135,-0.006251736406641361,-0.4391148916105877,-0.8541125192073584,-0.22350657524609543,1.0488928589565263,1.7458979728917352,-1.9207951091012307,1.644666640969462,0.46628374394517696,0.48591137833720865,0.5337401962881747
Peyton Watson,Home,DEN,DET,131,114,1,c3c0f8bb-de60-47b1-9268-868560d250e8,1.4338493142636581,-0.9217742357983933,0.9547636006477571,-0.020708716671496017,-0.41266966009175576,1.9230456303214836,0.31723921688130785,-0.5461095683611641,1.231441717291431,0.44681694245386505,3.1904511741419106,1.1273220674163966,0.12784980915183075,0.15719064305598673
Reggie Jackson,Home,DEN,DET,131,114,1,c3c0f8bb-de60-47b1-9268-868560d250e8,0.42086241966491555,3.8197868292035633,0.26568051908029616,-1.7631356727083722,1.2190470937017914,0.4917757699921503,-0.5307282109866266,1.7945950076202357,3.0122813876869223,-0.23783194764949267,1.3639205257627638,1.1002622803634399,1.1729482186430247,0.18971158408085917
Christian Braun,Home,DEN,DET,131,114,1,c3c0f8bb-de60-47b1-9268-868560d250e8,-0.6248865338641149,-1.4066650227020174,0.023795975820297983,-0.458445825266187,-0.4521051501972452,0.25325942749708596,0.812983805831998,-1.0748298681682438,0.8161880288354505,-0.9474513069861475,0.6489099547793488,0.42989920582070185,-0.027469268625810533,0.45689226014176215
DeAndre Jordan,Home,DEN,DET,131,114,1,c3c0f8bb-de60-47b1-9268-868560d250e8,-0.8297546386257835,1.7041739193312713,-2.12746530567289,1.8524439441091245,1.8918580151946307,2.3169908166535986,0.018955960191219208,-2.17895783691377,2.0113836436960155,-2.108111724068965,3.6897099661553066,0.6480198618492936,-0.2721859067004601,0.6888653844221241
Justin Holiday,Home,DEN,DET,131,114,1,c3c0f8bb-de60-47b1-9268-868560d250e8,-1.8973738237025823,-1.739247182831515,0.010097677348375038,-0.1541415876248048,-0.30083794122915997,-1.7062600586897578,-0.11030549509360843,-0.04718218872420951,-2.6648560434597863,-0.23951144567566177,-1.2041518504187765,-1.1478985599570226,-0.6809349885406583,0.20525105772671337
Braxton Key,Home,DEN,DET,131,114,1,c3c0f8bb-de60-47b1-9268-868560d250e8,-1.794484660485735,-1.739247182831515,0.010097677348375038,-0.1541415876248048,-0.30083794122915997,0.8459588682457209,-1.256318865551611,-1.5310349469371163,0.5422592180868621,-1.1964368934490006,0.9887177736640923,-0.3401563854205655,-0.10542780827379826,-1.1600573331517845
Collin Gillespie,Home,DEN,DET,131,114,1,c3c0f8bb-de60-47b1-9268-868560d250e8,-1.8973738237025823,0.8252729306630548,-3.55753140744349,4.241831054156344,-1.2289683173613413,-1.7161524216344148,-0.11054070731460038,-0.03919631130089159,-2.6648560434597863,-0.23951144567566177,-1.2041518504187765,-0.7502811772252664,-2.7449667528111763,1.3089741246886961
Jay Huff,Home,DEN,DET,131,114,1,c3c0f8bb-de60-47b1-9268-868560d250e8,-1.6624353486396442,-1.4770259884687802,-0.03383473853153378,-0.11865418735829027,0.34986300232280526,-1.7161524216344148,-0.11054070731460038,-0.03919631130089159,-1.929590574296387,2.652859151962201,-1.2041518504187765,-0.756921747317142,-2.7785858146428084,1.3411504554058893
Zeke Nnaji,Home,DEN,DET,131,114,1,c3c0f8bb-de60-47b1-9268-868560d250e8,-1.6624353486396442,-1.739247182831515,0.010097677348375038,-0.1541415876248048,-0.30083794122915997,-1.7062600586897578,-0.11030549509360843,-0.04718218872420951,-1.929590574296387,2.652859151962201,-1.2041518504187765,-0.6739146211686974,-2.358347541747406,0.9389463214409758
Jamal Murray,Away,DEN,UTA,111,124,0,cd0091f4-24ee-4622-93f7-f09371b59104,1.986390341964092,3.3146512997625943,-0.8174796008079773,0.13922625573971553,0.042914309417002645,-0.4344068000317099,2.5735168678915183,-0.7152065580045966,0.3192727812495581,0.03346018076601238,2.369517490920125,0.7918311987349673,-2.304956211555643,-2.08225505778987
Nikola JokiÄ,Away,DEN,UTA,111,124,0,cd0091f4-24ee-4622-93f7-f09371b59104,1.6728857198682552,4.4075457072013,-1.6243732424876558,0.8231232082376643,-0.46415132651915764,3.6451792745211247,-1.9798777350218675,-1.9873959770831193,3.3929761764513184,-0.5266591323050912,7.1291934584562195,1.0792355221384444,-1.1113250061745383,-2.4448618627687706
Aaron Gordon,Away,DEN,UTA,111,124,0,cd0091f4-24ee-4622-93f7-f09371b59104,0.7927215574327723,2.3547262910792996,-0.5542298198951301,0.5809923222405765,1.122472957398102,1.1046515262429835,-0.86925649661311,0.597834565518383,3.723523473598676,0.09366778232673262,-1.2041518504187765,0.1578447101835435,-1.1163176218805904,-1.8734031915020581
Kentavious Caldwell-Pope,Away,DEN,UTA,111,124,0,cd0091f4-24ee-4622-93f7-f09371b59104,1.3688164586701694,1.5882968172177323,2.8457494858816377,1.7360366294928686,0.8042789671158861,-0.8537702685822662,1.1989073234494692,-0.48588174271532775,1.1970257940121483,0.7651522848272596,1.2799590707476765,0.3638760759465907,-1.2055350592918794,-1.9080972833845473
Michael Porter Jr.,Away,DEN,UTA,111,124,0,cd0091f4-24ee-4622-93f7-f09371b59104,0.09302114506915045,-0.3133212314494289,-0.6356649137166401,0.22059656664793856,0.5709135301067549,0.6432296660392253,-0.8362449240522086,-0.1803425162188512,-0.5123817182233628,0.5778947311145355,-1.2041518504187765,0.0830754868082011,-2.2214290758056316,-0.719070820313494
Reggie Jackson,Away,DEN,UTA,111,124,0,cd0091f4-24ee-4622-93f7-f09371b59104,0.10950324138535501,-0.45355224863740484,-0.04945821661830689,-0.7878230202354747,0.6389050394792704,-1.6765829698557866,-0.10959985843063257,-0.07113982099416323,0.025045982464425357,0.9936828935609652,-1.2041518504187765,0.34808478342795696,-0.7027986005695988,0.6474652121416283
Peyton Watson,Away,DEN,UTA,111,124,0,cd0091f4-24ee-4622-93f7-f09371b59104,0.11283202928002849,-1.4770259884687802,-0.03383473853153378,-0.11865418735829027,0.34986300232280526,-0.1753213962349972,-0.4927449525025877,0.5216452822813998,-0.9314602411400901,1.4455719096732003,-1.2041518504187765,-0.002285618730000616,-2.1565021965643654,-0.06214166941942572
Christian Braun,Away,DEN,UTA,111,124,0,cd0091f4-24ee-4622-93f7-f09371b59104,-0.43319250165609924,0.23238545669226063,0.14670393195652667,1.0217397200889367,-0.2902044370382958,0.2547554694654881,-0.9040368638025947,-1.2092770343654846,1.3902868211767223,0.6684256594501736,-1.2041518504187765,0.009493713005565488,-0.6130117555528084,-0.4385152273572265
Justin Holiday,Away,DEN,UTA,111,124,0,cd0091f4-24ee-4622-93f7-f09371b59104,-0.5755012995925816,-0.14970805042690583,1.1712932974393533,0.05551289817471657,0.6798946052670243,-1.7210986031067432,-0.11065831342509636,-0.035203372589232645,1.0638218119243452,2.130391028294962,-1.2041518504187765,0.10902752800523483,0.3344691088235228,0.7993500438017092
DeAndre Jordan,Away,DEN,UTA,111,124,0,cd0091f4-24ee-4622-93f7-f09371b59104,-1.2929740129623128,-1.739247182831515,0.010097677348375038,-0.1541415876248048,-0.30083794122915997,5.447642949445384,1.245440418019284,0.9801306199613162,-0.13644098904588203,-1.1589055531239634,3.19402021377811,0.37249322967288634,-0.6034333995588668,-0.7062984252454465
Collin Gillespie,Away,DEN,UTA,111,124,0,cd0091f4-24ee-4622-93f7-f09371b59104,-0.5137972318937662,-0.3817239537991318,0.033527611546056116,-1.4829552424494905,-1.0827663604300963,-0.23837712972608424,-0.7426227213707434,-0.9802084602388491,3.1730409127713743,0.3298205820127517,3.19402021377811,1.3457368890204597,1.3770444232968664,-0.74372502624257
Zeke Nnaji,Away,DEN,UTA,111,124,0,cd0091f4-24ee-4622-93f7-f09371b59104,-0.8696702935860326,0.5072043783919382,1.9326390258191226,0.030792938436700844,0.13450908575350332,-1.7705604178300285,-0.11183437453005611,0.004726014527356918,3.0606494904607606,0.9643634684091358,2.3006155082748316,0.6414587141241642,1.4723736832364827,-0.4629416632302113
Jay Huff,Away,DEN,UTA,111,124,0,cd0091f4-24ee-4622-93f7-f09371b59104,-1.3580068685558015,0.5430242727325163,-1.3496388226955047,0.48704114976229057,-0.8286024516498806,-1.6765829698557866,-0.10959985843063257,-0.07113982099416323,0.3120488429975676,0.18950625929562026,-1.2041518504187765,0.32738661878607345,-0.3480758229105237,1.2559709765348142
Braxton Key,Away,DEN,UTA,111,124,0,cd0091f4-24ee-4622-93f7-f09371b59104,-1.5929453436187397,-0.01723801033353139,2.02050385757894,-0.04018186209632824,-1.1668928013504272,0.02370174508373554,-0.34854530116826027,2.1421231124036315,2.9650836367106446,-2.4066137252784507,-1.2041518504187765,-0.05839241404421375,1.5901156510638537,-0.20360918736264827
Jamal Murray,Home,DEN,NOP,125,113,1,60db62a4-774b-4f2f-b11a-995ee9a4d9c6,3.066170794981194,2.448766587478034,-0.8681714000676982,-1.3589334118063052,0.20417086675435667,-0.9260815624437425,-0.39944200122220846,-0.4517743449029502,1.723933057091031,0.1872913781782783,0.561353410825529,1.804761891684814,0.9979718212133244,0.8263025513424251
Michael Porter Jr.,Home,DEN,NOP,125,113,1,60db62a4-774b-4f2f-b11a-995ee9a4d9c6,2.513711586089962,0.034742489965716376,0.2922743979957255,0.5280115030600527,0.7211598498249139,2.9170244518336226,-0.17444520245256467,-1.4124522986210986,2.089481391812326,-0.042697766886471186,1.1614986881738605,1.5344021783551436,0.9753903702687678,0.4175421145450238
Nikola JokiÄ,Home,DEN,NOP,125,113,1,60db62a4-774b-4f2f-b11a-995ee9a4d9c6,2.8037173171944905,4.3661763965912765,-0.7810160672606993,-2.953044508089621,0.10822445340419047,3.475929872885165,-0.07507142440372884,0.46033602827300324,1.9237087954767016,-0.7585703354771277,2.3275367634125814,2.040977759441771,1.5458069119440183,-0.6339368517063082
Kentavious Caldwell-Pope,Home,DEN,NOP,125,113,1,60db62a4-774b-4f2f-b11a-995ee9a4d9c6,1.813494389353604,0.02827092553239258,1.7434268830423076,-0.13208010724682498,-0.5213267230719301,-0.9303158466323468,-0.41422640985128384,-0.44327960222831686,1.664175040331896,1.1270524945876057,-1.2041518504187765,1.015999289290641,0.6988579878755824,0.17787720128016274
Aaron Gordon,Home,DEN,NOP,125,113,1,60db62a4-774b-4f2f-b11a-995ee9a4d9c6,0.9734034473653496,0.3291697113055011,-0.9684322455938208,0.362720271264209,0.31855457613093463,1.0799895925244651,-0.7009018885601127,1.781215205261101,0.6205119924359409,-0.98265861787185,0.4898813113714931,1.3193812990109433,-0.014568058864368315,0.6317191649314662
Reggie Jackson,Home,DEN,NOP,125,113,1,60db62a4-774b-4f2f-b11a-995ee9a4d9c6,1.5703557755371647,0.5540842026232276,-0.6083697331643041,1.8691371425057013,-0.32603568212742395,-0.8171685058542049,-0.4607677558200417,-0.5139681518787206,1.122883033023647,0.5893447361431086,-1.2041518504187765,0.9744181616192323,-0.4694533958887076,0.35696297068740207
Christian Braun,Home,DEN,NOP,125,113,1,60db62a4-774b-4f2f-b11a-995ee9a4d9c6,-0.2891182429212196,0.6140122523503336,-2.058566190244507,2.1126322392453885,0.06922881488105441,2.001706170906449,-1.337497757576803,-0.5336817862794792,0.20459060105579757,2.2994874505818297,0.7800997282404226,0.5092669368723436,-0.7393957755742872,1.0630406695571166
Peyton Watson,Home,DEN,NOP,125,113,1,60db62a4-774b-4f2f-b11a-995ee9a4d9c6,0.7265603403065413,-0.9430448314472967,1.082181058766316,0.42448153498016555,0.32458236450372696,0.8776560331837766,1.21927650525734,0.26424538584773194,1.3632141087461211,0.9261557743124095,-1.2041518504187765,0.6997967047430818,0.5081748872164709,0.13502845672556912
DeAndre Jordan,Home,DEN,NOP,125,113,1,60db62a4-774b-4f2f-b11a-995ee9a4d9c6,-1.1856277003180498,-1.0774732471325599,-0.019500566134348234,-0.4899008016906269,0.15738781654973258,3.5847842184798764,0.2705481589772253,-1.1654370544368575,3.0488673895376994,-2.4307657167965213,2.3006155082748316,0.1324654751494601,0.9320154094051943,-0.37610738511616376
Collin Gillespie,Home,DEN,NOP,125,113,1,60db62a4-774b-4f2f-b11a-995ee9a4d9c6,-1.5929453436187397,-1.4770259884687802,-0.03383473853153378,-0.11865418735829027,0.34986300232280526,-1.7408833289960575,-0.11112873786708026,-0.01923161774259681,2.8589170879573222,-2.3723512499474855,-1.2041518504187765,-0.14179055274939065,-0.5477178777634534,-0.8964869742713839
Justin Holiday,Home,DEN,NOP,125,113,1,60db62a4-774b-4f2f-b11a-995ee9a4d9c6,-1.8973738237025823,0.56305173630032,-3.5135989915635815,4.206343653889829,-1.8796692609133065,-1.7260447845790718,-0.11077591953559233,-0.03121043387757368,-2.6648560434597863,-0.23951144567566177,-1.2041518504187765,-0.5136624778944224,-2.4303853403348565,0.9053875458914279
Jay Huff,Home,DEN,NOP,125,113,1,60db62a4-774b-4f2f-b11a-995ee9a4d9c6,-1.8973738237025823,-1.4770259884687802,-0.03383473853153378,-0.11865418735829027,0.34986300232280526,1.3177557955468442,-1.4887928006409452,-1.8615562513385784,-2.6648560434597863,-0.23951144567566177,-1.2041518504187765,-1.3457984310307542,-0.959924349520186,0.07557414437217166
Zeke Nnaji,Home,DEN,NOP,125,113,1,60db62a4-774b-4f2f-b11a-995ee9a4d9c6,-1.8245550307870044,-1.739247182831515,0.010097677348375038,-0.1541415876248048,-0.30083794122915997,-1.7260447845790718,-0.11077591953559233,-0.03121043387757368,-2.6648560434597863,-0.23951144567566177,-1.2041518504187765,-0.5125557162124432,-2.424782163362918,0.9000248241052289
Braxton Key,Home,DEN,NOP,125,113,1,60db62a4-774b-4f2f-b11a-995ee9a4d9c6,-1.8973738237025823,0.56305173630032,-3.5135989915635815,4.206343653889829,-1.8796692609133065,-1.7260447845790718,-0.11077591953559233,-0.03121043387757368,-2.6648560434597863,-0.23951144567566177,-1.2041518504187765,1.3509143478598973,-6.587683600724572,3.7459687722310067
Kentavious Caldwell-Pope,Home,DEN,IND,117,109,1,a064e5ca-786d-4f36-8057-545e5252621a,0.5003180242377185,0.6503969536426031,0.7664226269239799,1.2309337066598949,0.6886407294108672,-0.9997932351294148,-0.38554650660961226,-0.3892034356325147,3.6538648223641848,0.9207247564604741,2.4879025856796293,1.0944850131056267,0.8084926167258096,0.46317483258858994
Aaron Gordon,Home,DEN,IND,117,109,1,a064e5ca-786d-4f36-8057-545e5252621a,0.922869087428952,0.043166909468899284,-0.8611661849946419,0.06935508027747973,-1.0756675233291844,2.410886629770983,-1.434620082444041,-0.9850063418747794,1.3032863588685089,-1.4495407945316292,4.272431153715429,1.7700761055748937,0.855957206804924,0.8998892469388893
Michael Porter Jr.,Home,DEN,IND,117,109,1,a064e5ca-786d-4f36-8057-545e5252621a,5.7608436404368835,0.8640871621855247,0.37826141266289165,-0.5567775488457661,-0.37960220581564924,2.0640914812607454,1.2658555580547608,-1.9836342137328922,2.7826594148090695,1.1465559036800927,-1.2041518504187765,1.8462867838438166,1.388301468595212,-0.15378617706632727
Jamal Murray,Home,DEN,IND,117,109,1,a064e5ca-786d-4f36-8057-545e5252621a,3.0978863111879416,4.045663840778373,-1.0830813609364502,0.07288106618303052,-0.20168388411750962,-1.3652734510431201,-0.2506644832142802,-0.207460164738719,1.160022392491318,-0.5839417449084063,1.1625215683885148,1.710976688303849,-0.9580824700593764,-0.5682050387638274
Nikola JokiÄ,Home,DEN,IND,117,109,1,a064e5ca-786d-4f36-8057-545e5252621a,1.88003131182753,6.022893366717551,-1.14430732661744,0.9219576071194738,-0.8506942587696863,4.365465050150503,-0.41682357399779785,0.5121854401416307,2.0346738345858415,-2.0808961927892304,0.32618311206510686,2.0169141632184138,0.8592257479950596,-0.2884590557573379
Reggie Jackson,Home,DEN,IND,117,109,1,a064e5ca-786d-4f36-8057-545e5252621a,-0.8297546386257835,2.126232356698658,-1.0490505296084645,1.3749931864317713,-1.1235731849102524,-1.7656142363577,-0.11171676841956013,0.0007330758156979651,2.2929368866367827,-2.1934765754062204,3.19402021377811,0.6675206832602477,0.07002071377710617,0.03135014003262232
Christian Braun,Home,DEN,IND,117,109,1,a064e5ca-786d-4f36-8057-545e5252621a,-1.139550489809068,-1.4770259884687802,-0.03383473853153378,-0.11865418735829027,0.34986300232280526,-0.5290302378556022,-0.5889292413416822,-0.6635767799680897,-1.48711259528533,-0.06576514011486337,-0.2156569579496906,-0.01230512840149739,-1.7455187399448377,0.4959689126929207
Peyton Watson,Home,DEN,IND,117,109,1,a064e5ca-786d-4f36-8057-545e5252621a,-1.6789174449558486,-0.40498669271575766,1.0615662581704182,0.5380166141356517,1.6050571522393555,0.12291424997447056,-0.868625120280147,-1.0047841401053315,-2.6648560434597863,-0.23951144567566177,-1.2041518504187765,-0.2833065599803115,-1.0080406572966032,0.5292155644284411
DeAndre Jordan,Home,DEN,IND,117,109,1,a064e5ca-786d-4f36-8057-545e5252621a,-1.8973738237025823,2.552467386852827,-3.9170157874000604,4.003571837372921,0.29544252846357283,0.18373491155808402,-0.9247496065152969,-1.0710081128675013,-2.44588753665606,-0.31017780104577763,-1.2041518504187765,-0.5503299634339219,-1.4598187389294468,0.4952889229919637
Justin Holiday,Home,DEN,IND,117,109,1,a064e5ca-786d-4f36-8057-545e5252621a,-1.8973738237025823,-1.739247182831515,0.010097677348375038,-0.1541415876248048,-0.30083794122915997,-1.7408833289960575,-0.11112873786708026,-0.01923161774259681,-2.6648560434597863,-0.23951144567566177,-1.2041518504187765,-1.1994640079374685,-0.2770419244108537,0.20278483965913097
Collin Gillespie,Home,DEN,IND,117,109,1,a064e5ca-786d-4f36-8057-545e5252621a,-1.8973738237025823,-1.739247182831515,0.010097677348375038,-0.1541415876248048,-0.30083794122915997,-2.33442510567548,-0.12524147112659734,0.4599210276564779,-2.6648560434597863,-0.23951144567566177,-1.2041518504187765,-2.5085461074395017,0.7279403824174387,0.07005446168843027
Jay Huff,Home,DEN,IND,117,109,1,a064e5ca-786d-4f36-8057-545e5252621a,-1.8973738237025823,-1.739247182831515,0.010097677348375038,-0.1541415876248048,-0.30083794122915997,-2.33442510567548,-0.12524147112659734,0.4599210276564779,-2.6648560434597863,-0.23951144567566177,-1.2041518504187765,-2.5085461074395017,0.7279403824174387,0.07005446168843027
Braxton Key,Home,DEN,IND,117,109,1,a064e5ca-786d-4f36-8057-545e5252621a,-1.8973738237025823,-1.739247182831515,0.010097677348375038,-0.1541415876248048,-0.30083794122915997,-2.33442510567548,-0.12524147112659734,0.4599210276564779,-2.6648560434597863,-0.23951144567566177,-1.2041518504187765,-2.5085461074395017,0.7279403824174387,0.07005446168843027
Zeke Nnaji,Home,DEN,IND,117,109,1,a064e5ca-786d-4f36-8057-545e5252621a,-1.8973738237025823,-1.739247182831515,0.010097677348375038,-0.1541415876248048,-0.30083794122915997,-2.33442510567548,-0.12524147112659734,0.4599210276564779,-2.6648560434597863,-0.23951144567566177,-1.2041518504187765,-2.5085461074395017,0.7279403824174387,0.07005446168843027
Aaron Gordon,Away,DEN,PHI,121,126,0,3dd29341-f906-44e5-9dd6-202bd45d4ef2,0.789909553910835,1.6121219929889796,-1.0645411443163695,0.011094879673992322,2.0728141698401306,1.3699698233498603,-0.8374637106523348,1.121578765705224,0.8072508199282729,-1.3013310261505295,1.8558884527639343,1.2528705170493648,-0.39235004332464574,-0.07470817970720992
Jamal Murray,Away,DEN,PHI,121,126,0,3dd29341-f906-44e5-9dd6-202bd45d4ef2,1.8636902945363663,1.872411200366745,-0.6941512346388946,-1.7023282330119578,-1.8216235837385322,0.17038989133120824,0.8787214572646505,-0.12432067975716515,0.6720578956445411,-0.3342166474400711,1.1527049904904347,1.3516542862494763,-0.4750475060591159,-0.7510111508634921
Nikola JokiÄ,Away,DEN,PHI,121,126,0,3dd29341-f906-44e5-9dd6-202bd45d4ef2,2.585281702579879,2.1291741748616735,-0.7517979995194978,0.9941554931082942,0.6252408546351081,8.5674628908466,-0.9613030123481023,4.9067977032878245,0.5723512362601061,-1.1622224428533043,1.7076400804641423,1.8874406377339805,-0.18934380312605933,-0.4488778358360881
Michael Porter Jr.,Away,DEN,PHI,121,126,0,3dd29341-f906-44e5-9dd6-202bd45d4ef2,3.410635244918204,0.014861058541662288,0.24831657315579372,0.7929667097494756,1.4931066000031505,0.528537585171716,-0.9148977975779687,-1.3042252810623167,1.9628881482207805,1.0135835367361363,2.5657007300305503,0.9033178702380411,-0.8482378690540071,-1.2646799256360655
Kentavious Caldwell-Pope,Away,DEN,PHI,121,126,0,3dd29341-f906-44e5-9dd6-202bd45d4ef2,2.164496100187043,-0.17494583526036583,0.7956498342480756,-0.21410128231398376,0.8209567295483626,0.5589265712894113,-0.9288589634335723,-1.3236811093692962,0.7246602530589173,0.6906624597679313,0.5744723881716365,0.9497751960903087,-0.5786133430598984,-0.30447649278065286
Reggie Jackson,Away,DEN,PHI,121,126,0,3dd29341-f906-44e5-9dd6-202bd45d4ef2,0.5945110284604505,0.09907251949817998,0.4096235344359262,0.4125497100599018,-0.9416055850855507,-0.5085994587063257,-0.5621826741514101,-0.7533175931570096,2.084924353740103,0.7245842791279814,1.4255797192894684,0.6588919400981861,0.32103844789786967,-0.2654160569330584
Christian Braun,Away,DEN,PHI,121,126,0,3dd29341-f906-44e5-9dd6-202bd45d4ef2,0.5731368171532963,-0.9525835997433105,-0.12169957029135141,-0.04767938682526117,1.6512648894267359,1.312289354556488,0.9079288163091702,-1.7373849244865072,2.986597928847368,0.7159623422690385,2.2911179254880185,0.4855881945345251,0.41400011755958843,-0.4365618927316113
Peyton Watson,Away,DEN,PHI,121,126,0,3dd29341-f906-44e5-9dd6-202bd45d4ef2,-0.5619130256075165,-0.800377008945045,0.04009306337807679,-1.0363406459053832,-0.7717875687161486,-0.5607045904824194,-0.25816786312357526,1.1329726956398738,0.8596027976141676,0.936653876416498,1.644666640969462,0.04945324233156748,-0.5332908768453871,-1.0653686754565777
DeAndre Jordan,Away,DEN,PHI,121,126,0,3dd29341-f906-44e5-9dd6-202bd45d4ef2,-1.2885168635348971,-0.9525835997433105,-0.12169957029135141,-0.04767938682526117,1.6512648894267359,-0.7412011214270383,-0.48680625237890374,-0.6487042790349321,2.8589170879573222,-2.3723512499474855,-1.2041518504187765,-0.48862135029399784,-0.5995996600532085,-0.3496730522925148
Collin Gillespie,Away,DEN,PHI,121,126,0,3dd29341-f906-44e5-9dd6-202bd45d4ef2,-1.8973738237025823,-1.739247182831515,0.010097677348375038,-0.1541415876248048,-0.30083794122915997,-2.33442510567548,-0.12524147112659734,0.4599210276564779,-2.6648560434597863,-0.23951144567566177,-1.2041518504187765,-2.5085461074395017,0.7279403824174387,0.07005446168843027
Justin Holiday,Away,DEN,PHI,121,126,0,3dd29341-f906-44e5-9dd6-202bd45d4ef2,-1.8973738237025823,-1.739247182831515,0.010097677348375038,-0.1541415876248048,-0.30083794122915997,-2.33442510567548,-0.12524147112659734,0.4599210276564779,-2.6648560434597863,-0.23951144567566177,-1.2041518504187765,-2.5085461074395017,0.7279403824174387,0.07005446168843027
Jay Huff,Away,DEN,PHI,121,126,0,3dd29341-f906-44e5-9dd6-202bd45d4ef2,-1.8973738237025823,-1.739247182831515,0.010097677348375038,-0.1541415876248048,-0.30083794122915997,-2.33442510567548,-0.12524147112659734,0.4599210276564779,-2.6648560434597863,-0.23951144567566177,-1.2041518504187765,-2.5085461074395017,0.7279403824174387,0.07005446168843027
Braxton Key,Away,DEN,PHI,121,126,0,3dd29341-f906-44e5-9dd6-202bd45d4ef2,-1.8973738237025823,-1.739247182831515,0.010097677348375038,-0.1541415876248048,-0.30083794122915997,-2.33442510567548,-0.12524147112659734,0.4599210276564779,-2.6648560434597863,-0.23951144567566177,-1.2041518504187765,-2.5085461074395017,0.7279403824174387,0.07005446168843027
Zeke Nnaji,Away,DEN,PHI,121,126,0,3dd29341-f906-44e5-9dd6-202bd45d4ef2,-1.8973738237025823,-1.739247182831515,0.010097677348375038,-0.1541415876248048,-0.30083794122915997,-2.33442510567548,-0.12524147112659734,0.4599210276564779,-2.6648560434597863,-0.23951144567566177,-1.2041518504187765,-2.5085461074395017,0.7279403824174387,0.07005446168843027
Jalen Pickett,Away,DEN,PHI,121,126,0,3dd29341-f906-44e5-9dd6-202bd45d4ef2,-1.8973738237025823,-1.739247182831515,0.010097677348375038,-0.1541415876248048,-0.30083794122915997,-2.33442510567548,-0.12524147112659734,0.4599210276564779,-2.6648560434597863,-0.23951144567566177,-1.2041518504187765,-2.5085461074395017,0.7279403824174387,0.07005446168843027
Aaron Gordon,Away,DEN,BOS,102,100,1,61397cab-d6f0-49cb-a8b6-57e904d4651e,-0.8712128565501868,0.38204896226080426,-0.7203716533653834,0.0012838809050722856,1.0566455092735794,2.7829506187418507,0.0294216125581827,-0.42371175479807677,-1.6725679656871733,1.0144998791199393,1.4894731218265453,1.0050589957602385,-0.3851113545346284,0.25516697417816386
Nikola JokiÄ,Away,DEN,BOS,102,100,1,61397cab-d6f0-49cb-a8b6-57e904d4651e,4.572327119324815,3.1003626135448044,-1.359109449297583,-1.2941587149923435,-1.6330903356258513,3.2744315916738893,-1.6229403538835612,-0.6117171473502042,1.809799072154741,-0.5164907753364363,2.258006183478212,2.41084177713231,0.6638439403093888,-1.4418506998409484
Michael Porter Jr.,Away,DEN,BOS,102,100,1,61397cab-d6f0-49cb-a8b6-57e904d4651e,1.0528590519381524,-0.4185965158067723,-0.6540463478465465,0.5221533503882868,1.3974831501891551,2.2673251300376385,-1.0119226001342259,1.9447671526202066,1.3391750428551166,0.07706024773273577,1.270386200146552,1.2688205675961755,0.14142656432805953,0.26141966047502585
Jamal Murray,Away,DEN,BOS,102,100,1,61397cab-d6f0-49cb-a8b6-57e904d4651e,5.500035308555658,1.1657973493312974,-0.43787241419146233,-1.1951382270528956,0.7011528877297242,1.3359363070325674,-1.1940494762500238,-1.6231372088168132,2.318663889263522,-0.35032253648719125,1.0211256305705114,1.9087258439808072,0.16134951049689888,-1.883754979347975
Kentavious Caldwell-Pope,Away,DEN,BOS,102,100,1,61397cab-d6f0-49cb-a8b6-57e904d4651e,-0.12543523367758316,-1.2143261739462976,-0.02079996067727617,-0.35310551019171993,0.2415954213251417,0.44007141481846107,-0.7455614135151508,-0.14148449699674695,0.4442395659616458,0.75612160804742,-1.2041518504187765,0.7320953362080693,-0.2376539049842597,0.021120888989825497
Reggie Jackson,Away,DEN,BOS,102,100,1,61397cab-d6f0-49cb-a8b6-57e904d4651e,-0.8186399134090208,0.32742228058161654,-1.5418810737000752,1.0003675338312024,-1.3569584722445172,-0.4173859141598218,-0.405258387194501,0.6435623554870927,0.38503834526547637,0.1659508075055816,-1.2041518504187765,0.5870821497628208,0.08400368593976945,0.8227445246783756
Peyton Watson,Away,DEN,BOS,102,100,1,61397cab-d6f0-49cb-a8b6-57e904d4651e,1.1882371516789165,-1.2148047941060454,-0.07776715441144258,-0.08316678709177572,1.0005639458747704,0.24089997392271129,3.1865705045849846,-0.9820114314282239,0.1830630328232944,0.6961429901164289,-1.2041518504187765,1.0909915072303127,-0.26734776681769584,0.44949387910041194
Christian Braun,Away,DEN,BOS,102,100,1,61397cab-d6f0-49cb-a8b6-57e904d4651e,-1.427496873576706,-1.739247182831515,0.010097677348375038,-0.1541415876248048,-0.30083794122915997,-1.7062600586897578,-0.11030549509360843,-0.04718218872420951,-1.929590574296387,2.652859151962201,-1.2041518504187765,-0.4613038468974572,-2.1165830483579375,0.5454148199269762
Justin Holiday,Away,DEN,BOS,102,100,1,61397cab-d6f0-49cb-a8b6-57e904d4651e,-1.8973738237025823,-1.739247182831515,0.010097677348375038,-0.1541415876248048,-0.30083794122915997,-1.7062600586897578,-0.11030549509360843,-0.04718218872420951,-2.6648560434597863,-0.23951144567566177,-1.2041518504187765,-1.124019637055182,-0.3189940336058644,0.11674134660556401
Collin Gillespie,Away,DEN,BOS,102,100,1,61397cab-d6f0-49cb-a8b6-57e904d4651e,-1.8973738237025823,-1.739247182831515,0.010097677348375038,-0.1541415876248048,-0.30083794122915997,-2.33442510567548,-0.12524147112659734,0.4599210276564779,-2.6648560434597863,-0.23951144567566177,-1.2041518504187765,-2.5085461074395017,0.7279403824174387,0.07005446168843027
Jay Huff,Away,DEN,BOS,102,100,1,61397cab-d6f0-49cb-a8b6-57e904d4651e,-1.8973738237025823,-1.739247182831515,0.010097677348375038,-0.1541415876248048,-0.30083794122915997,-2.33442510567548,-0.12524147112659734,0.4599210276564779,-2.6648560434597863,-0.23951144567566177,-1.2041518504187765,-2.5085461074395017,0.7279403824174387,0.07005446168843027
DeAndre Jordan,Away,DEN,BOS,102,100,1,61397cab-d6f0-49cb-a8b6-57e904d4651e,-1.8973738237025823,-1.739247182831515,0.010097677348375038,-0.1541415876248048,-0.30083794122915997,-2.33442510567548,-0.12524147112659734,0.4599210276564779,-2.6648560434597863,-0.23951144567566177,-1.2041518504187765,-2.5085461074395017,0.7279403824174387,0.07005446168843027
Braxton Key,Away,DEN,BOS,102,100,1,61397cab-d6f0-49cb-a8b6-57e904d4651e,-1.8973738237025823,-1.739247182831515,0.010097677348375038,-0.1541415876248048,-0.30083794122915997,-2.33442510567548,-0.12524147112659734,0.4599210276564779,-2.6648560434597863,-0.23951144567566177,-1.2041518504187765,-2.5085461074395017,0.7279403824174387,0.07005446168843027
Zeke Nnaji,Away,DEN,BOS,102,100,1,61397cab-d6f0-49cb-a8b6-57e904d4651e,-1.8973738237025823,-1.739247182831515,0.010097677348375038,-0.1541415876248048,-0.30083794122915997,-2.33442510567548,-0.12524147112659734,0.4599210276564779,-2.6648560434597863,-0.23951144567566177,-1.2041518504187765,-2.5085461074395017,0.7279403824174387,0.07005446168843027
Hunter Tyson,Away,DEN,BOS,102,100,1,61397cab-d6f0-49cb-a8b6-57e904d4651e,-1.8973738237025823,-1.739247182831515,0.010097677348375038,-0.1541415876248048,-0.30083794122915997,-2.33442510567548,-0.12524147112659734,0.4599210276564779,-2.6648560434597863,-0.23951144567566177,-1.2041518504187765,-2.5085461074395017,0.7279403824174387,0.07005446168843027
Jamal Murray,Away,DEN,WAS,113,104,1,4b3ce241-ad23-4a2b-96fc-4737d0135074,3.9549150791880567,1.1261589999363613,-0.36085043848023185,-1.415122636711357,0.02102391678187696,0.3157175443832906,-0.7248051991806644,-0.1366576992827755,0.2105921612398907,0.4341304648973939,1.1028528765752266,1.7746402105447194,-0.5167221077256284,0.32038485868988203
Nikola JokiÄ,Away,DEN,WAS,113,104,1,4b3ce241-ad23-4a2b-96fc-4737d0135074,3.65048232143403,2.4053396998185157,1.6419539198477981,-1.8424750495056381,-0.0773092393438788,4.376886917979601,0.9404412161342037,0.7005056209325937,1.7227285451332037,-1.914486339204788,7.357181533009818,2.631327208805281,2.4083321725397413,-0.4848149338285765
Kentavious Caldwell-Pope,Away,DEN,WAS,113,104,1,4b3ce241-ad23-4a2b-96fc-4737d0135074,0.9319244653088243,2.070094035593352,1.3633043267808869,1.3485419436372186,0.3703700338662955,-0.6465912755263258,-0.522649309728849,-0.5773180942200438,0.6443115180730311,0.6089970177080343,0.41539215801863716,1.2052139265452815,0.24367133621158402,0.7082250364124179
Michael Porter Jr.,Away,DEN,WAS,113,104,1,4b3ce241-ad23-4a2b-96fc-4737d0135074,3.266146784751913,1.1687583161059283,0.2742378672299524,1.9850757856075965,0.4943934584255994,0.9329063805776822,1.7468838758970509,-1.4224642603375808,1.5901427637369325,0.46173029089435186,-1.2041518504187765,1.5873691467483042,0.5407589232579794,0.6021678073772163
Aaron Gordon,Away,DEN,WAS,113,104,1,4b3ce241-ad23-4a2b-96fc-4737d0135074,-0.08841340104847369,-0.18089250671587723,0.40709358017845754,0.1966343329308643,-0.7202774146765526,4.070179392844224,2.4997854103725747,0.057355562039850566,-0.29538045464713547,-1.1428975437792073,2.686079386475,1.341548619207171,0.41798287668112033,0.6644667178109209
Christian Braun,Away,DEN,WAS,113,104,1,4b3ce241-ad23-4a2b-96fc-4737d0135074,-1.447307757787584,0.5548522990086971,-1.1580632486732467,0.5927055409193168,0.8631613854255816,2.0831220361497262,0.48135063008356277,0.48491934819744187,-0.6369939666607425,-1.0105629942106427,-1.2041518504187765,-0.20074909249188364,-1.007312781282453,-0.44286106111266005
Reggie Jackson,Away,DEN,WAS,113,104,1,4b3ce241-ad23-4a2b-96fc-4737d0135074,-0.6648021888243639,-0.48219127248058014,0.007232510191832314,-1.028656362165439,-0.10214697341601608,-1.2686589562913246,-0.2954909029682886,-0.27158455959199373,0.4539159612269806,1.0581614950697122,-1.2041518504187765,0.14079728609744743,-0.20734220962625072,0.617710264356416
Peyton Watson,Away,DEN,WAS,113,104,1,4b3ce241-ad23-4a2b-96fc-4737d0135074,-1.5201265507031618,0.7522780544482571,-1.9237598017841697,1.288751756571858,-1.6487806647750192,1.6827367729594582,5.026620823192587,-1.6930994684836524,-0.28441211670615063,-1.189017194152354,-0.3163350838010118,0.035275814745052154,-0.28412432818531486,-0.4131360426405403
DeAndre Jordan,Away,DEN,WAS,113,104,1,4b3ce241-ad23-4a2b-96fc-4737d0135074,-1.541500762010316,-0.4408538548441039,-1.4156986453207212,1.5276906097390093,-0.2802211945196665,3.31221590726478,-1.3357482355697212,2.6820790168239026,2.019599979633336,-2.1153688192175286,2.7479463301565312,-0.18727817209350245,-0.9206229358369791,-0.17051237042268802
Zeke Nnaji,Away,DEN,WAS,113,104,1,4b3ce241-ad23-4a2b-96fc-4737d0135074,-1.5201265507031618,3.467986307952707,-0.017283276419987125,1.7473253572443241,-0.7941399062930218,0.019069401985752372,-0.3355343837294792,2.463027466718913,-0.035677663692884165,-1.263103253647867,-1.2041518504187765,0.4465767913762696,-1.205271525074719,-0.2886226293744244
Justin Holiday,Away,DEN,WAS,113,104,1,4b3ce241-ad23-4a2b-96fc-4737d0135074,-1.8973738237025823,-1.739247182831515,0.010097677348375038,-0.1541415876248048,-0.30083794122915997,-2.33442510567548,-0.12524147112659734,0.4599210276564779,-2.6648560434597863,-0.23951144567566177,-1.2041518504187765,-2.5085461074395017,0.7279403824174387,0.07005446168843027
Jay Huff,Away,DEN,WAS,113,104,1,4b3ce241-ad23-4a2b-96fc-4737d0135074,-1.8973738237025823,-1.739247182831515,0.010097677348375038,-0.1541415876248048,-0.30083794122915997,-2.33442510567548,-0.12524147112659734,0.4599210276564779,-2.6648560434597863,-0.23951144567566177,-1.2041518504187765,-2.5085461074395017,0.7279403824174387,0.07005446168843027
Jalen Pickett,Away,DEN,WAS,113,104,1,4b3ce241-ad23-4a2b-96fc-4737d0135074,-1.8973738237025823,-1.739247182831515,0.010097677348375038,-0.1541415876248048,-0.30083794122915997,-2.33442510567548,-0.12524147112659734,0.4599210276564779,-2.6648560434597863,-0.23951144567566177,-1.2041518504187765,-2.5085461074395017,0.7279403824174387,0.07005446168843027
Hunter Tyson,Away,DEN,WAS,113,104,1,4b3ce241-ad23-4a2b-96fc-4737d0135074,-1.8973738237025823,-1.739247182831515,0.010097677348375038,-0.1541415876248048,-0.30083794122915997,-2.33442510567548,-0.12524147112659734,0.4599210276564779,-2.6648560434597863,-0.23951144567566177,-1.2041518504187765,-2.5085461074395017,0.7279403824174387,0.07005446168843027
Nikola JokiÄ,Away,DEN,IND,114,109,1,a55cbae2-853d-4ec6-87b0-280bc7dbeeb6,4.404819301945891,2.561785224029939,-0.388407302189913,-2.4193762080468524,0.10775917739696202,4.318181797887103,-0.6975930183493905,-1.3589355368841871,2.5858802365100955,-0.2839920137703158,1.1264670357982198,2.060397607542237,1.3482086326901246,-0.7755835226266035
Jamal Murray,Away,DEN,IND,114,109,1,a55cbae2-853d-4ec6-87b0-280bc7dbeeb6,5.322070629357749,1.871992862047874,-1.002864637600604,-0.9519226773599287,-1.0704888677120286,1.9243305694445403,-1.1886493903285171,-0.05742430814055525,0.9959199719748572,0.14491678776388403,3.3777382515467083,2.5866870358358414,0.703184844091967,0.6004173811558138
Kentavious Caldwell-Pope,Away,DEN,IND,114,109,1,a55cbae2-853d-4ec6-87b0-280bc7dbeeb6,1.9810022067325281,0.02649468903636818,0.22863663966002554,0.817905213067246,1.4843891685528443,0.7397542466487073,-0.7595362576784709,0.6362644589334013,0.8858279449286474,0.5870374193897183,1.2078046953440857,1.2783545076936533,-0.0846746210877638,0.5253335429158353
Aaron Gordon,Away,DEN,IND,114,109,1,a55cbae2-853d-4ec6-87b0-280bc7dbeeb6,-0.5219973706472674,-0.6753249632193665,-0.10852655897508016,-0.29668340024368095,1.5340390526019012,-0.566263961186982,2.283296139687988,-0.6571541496071673,1.1879813056214,-1.0593954387000672,2.2911179254880185,0.7177484418958304,0.11662065717329628,0.3085543879986798
Michael Porter Jr.,Away,DEN,IND,114,109,1,a55cbae2-853d-4ec6-87b0-280bc7dbeeb6,0.41726050936387116,-1.1997673519448362,-0.02066172721526253,-0.36765820077671,0.2326371654979705,0.4128629016444932,0.5372131935337463,-1.2030539927466817,-0.46805203112649335,1.0453122322951018,-1.2041518504187765,0.8258183521753777,-0.28558429322808276,0.8346764407905131
Reggie Jackson,Away,DEN,IND,114,109,1,a55cbae2-853d-4ec6-87b0-280bc7dbeeb6,1.3272171617207253,1.7542680474534305,0.7755408244266162,1.2208420408046592,0.9233354698972251,-0.39502023336852743,0.9311728125056268,-0.7425171018940838,1.0113324991334003,-0.0659824467840731,-1.2041518504187765,0.6563367313417814,-1.1879100879404494,-1.3383016031464274
Peyton Watson,Away,DEN,IND,114,109,1,a55cbae2-853d-4ec6-87b0-280bc7dbeeb6,-0.3303033384392518,0.33088756673338954,-0.4437737606345306,1.9889346413864541,-0.32390634255859524,0.23566889838042435,2.618687524965825,-1.0539626066918646,1.522309721872917,0.6321426764788857,1.644666640969462,0.34729046859767454,-0.39013283049774367,-0.4830967718211542
Christian Braun,Away,DEN,IND,114,109,1,a55cbae2-853d-4ec6-87b0-280bc7dbeeb6,-1.1230683934928634,-1.1950542133054793,1.1765509980191646,0.42091434368049374,-0.34181390357446473,2.1183637259383388,1.031222875710605,2.5958282428799366,0.02594874299539283,0.8629716720009933,-1.2041518504187765,-0.11984719178518231,-0.14069455277552403,-0.27293093457972245
DeAndre Jordan,Away,DEN,IND,114,109,1,a55cbae2-853d-4ec6-87b0-280bc7dbeeb6,-1.5929453436187397,0.3170083060644965,-1.4443845479541548,1.0958836378122523,0.1188800747998963,1.8510436495225329,1.3835290910812574,1.8958675390066844,1.577441669023086,-1.9909582690455518,1.883379417427492,-0.2365375084389029,-0.5796511158728296,-0.06641841808963425
Justin Holiday,Away,DEN,IND,114,109,1,a55cbae2-853d-4ec6-87b0-280bc7dbeeb6,-1.8973738237025823,-1.739247182831515,0.010097677348375038,-0.1541415876248048,-0.30083794122915997,-2.33442510567548,-0.12524147112659734,0.4599210276564779,-2.6648560434597863,-0.23951144567566177,-1.2041518504187765,-2.5085461074395017,0.7279403824174387,0.07005446168843027
Jay Huff,Away,DEN,IND,114,109,1,a55cbae2-853d-4ec6-87b0-280bc7dbeeb6,-1.8973738237025823,-1.739247182831515,0.010097677348375038,-0.1541415876248048,-0.30083794122915997,-2.33442510567548,-0.12524147112659734,0.4599210276564779,-2.6648560434597863,-0.23951144567566177,-1.2041518504187765,-2.5085461074395017,0.7279403824174387,0.07005446168843027
Zeke Nnaji,Away,DEN,IND,114,109,1,a55cbae2-853d-4ec6-87b0-280bc7dbeeb6,-1.8973738237025823,-1.739247182831515,0.010097677348375038,-0.1541415876248048,-0.30083794122915997,-2.33442510567548,-0.12524147112659734,0.4599210276564779,-2.6648560434597863,-0.23951144567566177,-1.2041518504187765,-2.5085461074395017,0.7279403824174387,0.07005446168843027
Jalen Pickett,Away,DEN,IND,114,109,1,a55cbae2-853d-4ec6-87b0-280bc7dbeeb6,-1.8973738237025823,-1.739247182831515,0.010097677348375038,-0.1541415876248048,-0.30083794122915997,-2.33442510567548,-0.12524147112659734,0.4599210276564779,-2.6648560434597863,-0.23951144567566177,-1.2041518504187765,-2.5085461074395017,0.7279403824174387,0.07005446168843027
Hunter Tyson,Away,DEN,IND,114,109,1,a55cbae2-853d-4ec6-87b0-280bc7dbeeb6,-1.8973738237025823,-1.739247182831515,0.010097677348375038,-0.1541415876248048,-0.30083794122915997,-2.33442510567548,-0.12524147112659734,0.4599210276564779,-2.6648560434597863,-0.23951144567566177,-1.2041518504187765,-2.5085461074395017,0.7279403824174387,0.07005446168843027
Jamal Murray,Away,DEN,NYK,84,122,0,9bb9daa2-0853-4ba2-9453-e087d7a56e6c,0.5731575812854183,2.2949566923713522,-1.31219655583991,-0.7957271670890698,-1.3554302612408198,-0.7537167673534126,-0.43825123411580663,-0.5906150818184639,-0.1954811129602983,0.27197003753535826,1.1916723360699075,0.3626174589159162,-2.3924841356668107,-2.1017974135080233
Aaron Gordon,Away,DEN,NYK,84,122,0,9bb9daa2-0853-4ba2-9453-e087d7a56e6c,0.25387138665872766,0.49785806123009935,0.31137506917401647,0.2206800957163741,0.4765238056526585,0.7416556528411492,-0.8670066194300216,-0.3646955667715735,0.326325673302777,-1.0634588589435254,1.2510973205862401,0.22319855547061654,-1.853499222905905,-2.354377619123335
Nikola JokiÄ,Away,DEN,NYK,84,122,0,9bb9daa2-0853-4ba2-9453-e087d7a56e6c,3.8358779967384558,3.433148603236608,-2.5630706845416564,0.6497285650620439,-1.8968477561155426,4.167241313848307,-1.7109335134036545,1.006598317631295,2.215534971372091,-0.45252247172192694,1.7230662064015685,1.6055155105543482,-1.0408481793743118,-3.120101786359492
Kentavious Caldwell-Pope,Away,DEN,NYK,84,122,0,9bb9daa2-0853-4ba2-9453-e087d7a56e6c,-0.12543523367758316,-0.04973370857590007,-0.8783781541043302,0.7862436977343625,1.9682743054466454,-1.6370135180771586,-0.10865900954666477,-0.10308333068743489,0.22527105915791945,0.8267879634175359,-1.2041518504187765,-0.241067133097689,-2.1479317550286123,-1.067581791925132
Michael Porter Jr.,Away,DEN,NYK,84,122,0,9bb9daa2-0853-4ba2-9453-e087d7a56e6c,-1.0914346960953176,0.11492605989791352,-1.5852592131766163,1.6176150119851518,0.296858259767716,2.0842061766885456,-1.0327663275338235,1.458549984127918,0.12317501203311226,-1.3100382644658999,0.8014306962592943,-0.4540694889076715,-2.377030104638158,-1.8793700251459597
Reggie Jackson,Away,DEN,NYK,84,122,0,9bb9daa2-0853-4ba2-9453-e087d7a56e6c,-0.9939129039779122,-0.1588230257117072,-0.03611932514761933,-1.054290262355883,0.5109292956618301,-0.9404621469455828,-0.21326593444400363,0.6709508308202402,-1.548190853054214,-0.2024214594777082,-1.2041518504187765,-0.08446019757364333,-1.7728167866624243,-0.7527509262224794
Peyton Watson,Away,DEN,NYK,84,122,0,9bb9daa2-0853-4ba2-9453-e087d7a56e6c,0.07992889132469976,1.0207508746972889,-1.1261404507364103,0.022578791967305407,-0.06738191320640276,1.465070929255718,2.580729472310008,-0.5701005064202433,-0.16010068602522798,0.3869595201726698,0.45212529458773787,0.4720507636368249,-1.1105518738157543,-1.0650704206279182
Christian Braun,Away,DEN,NYK,84,122,0,9bb9daa2-0853-4ba2-9453-e087d7a56e6c,-1.1094801195077986,-0.7840459544379281,-0.8351406071955605,0.7920047618647852,-0.02305696673562898,0.5462167895716414,-0.7604640340404781,0.156765136629422,-0.6696980933747768,-0.17753035584495672,1.644666640969462,-0.06726665374613522,-1.4161162008448154,-0.44952653702581397
Justin Holiday,Away,DEN,NYK,84,122,0,9bb9daa2-0853-4ba2-9453-e087d7a56e6c,-0.8186399134090208,-0.6399763870663543,1.2399987363781668,0.5876497711140514,0.912502009950786,-0.9537669953680256,-0.41411904570661623,-0.4967173579771032,0.49784030331588086,0.12954692746643104,-1.2041518504187765,-0.13295012515085844,-0.6891377961765407,-0.5468987747859235
DeAndre Jordan,Away,DEN,NYK,84,122,0,9bb9daa2-0853-4ba2-9453-e087d7a56e6c,-1.7517362378714265,-1.739247182831515,0.010097677348375038,-0.1541415876248048,-0.30083794122915997,2.7403643317543915,-1.357730930146045,0.9414152902417058,-2.333085578605655,-0.34658168108492826,-1.2041518504187765,-0.6275843604857423,-1.1495435865058787,-0.19218287287776473
Jalen Pickett,Away,DEN,NYK,84,122,0,9bb9daa2-0853-4ba2-9453-e087d7a56e6c,-1.1230683934928634,0.014917023136795717,0.04783413725083897,-1.8512913186648292,-1.2734498950377346,-1.63206733660483,-0.10854140343616879,-0.10707626939909384,-0.12003026154042475,0.9100825755810705,-1.2041518504187765,-0.019271231354731137,-0.39544235580788506,-0.28007052440143804
Hunter Tyson,Away,DEN,NYK,84,122,0,9bb9daa2-0853-4ba2-9453-e087d7a56e6c,-1.1925583985137675,0.025270384539982788,-1.8332458108172685,1.9520487442655634,-0.4831512502971267,-0.5838354111770837,-0.5662723438921452,-0.7469751566395049,-1.929590574296387,2.652859151962201,-1.2041518504187765,0.14054345839993515,-2.7352057073648965,1.6392933804380272
Jay Huff,Away,DEN,NYK,84,122,0,9bb9daa2-0853-4ba2-9453-e087d7a56e6c,-0.8104397746555198,-1.2148047941060454,-0.07776715441144258,-0.08316678709177572,1.0005639458747704,-1.6370135180771586,-0.10865900954666477,-0.10308333068743489,2.415888892067588,1.9164165145975218,-1.2041518504187765,-0.2202646489290081,-0.4039734950294673,-0.4873078425160209
Zeke Nnaji,Away,DEN,NYK,84,122,0,9bb9daa2-0853-4ba2-9453-e087d7a56e6c,-1.5896165557240662,-1.739247182831515,0.010097677348375038,-0.1541415876248048,-0.30083794122915997,-0.2969797509528582,-0.7011085479357378,-0.9332053136914915,-2.297223308878087,1.2066738531432695,-1.2041518504187765,-0.4438305086888189,-1.5358152433610845,0.5959619582961456
Jamal Murray,Home,DEN,PHI,111,105,1,03cb6054-cf0a-4262-8873-156129ae8eb6,5.03311144097676,2.097799789599757,0.03554911984093119,-0.8842170996029385,-0.9488883538132654,-0.16362717720529182,0.7089561276207,-0.8795122607209618,2.116774754105591,1.1128744268119253,0.6475767042089348,1.9120389551977173,1.0369459319888188,0.11218609449690632
Nikola JokiÄ,Home,DEN,PHI,111,105,1,03cb6054-cf0a-4262-8873-156129ae8eb6,1.7971698585243785,3.4801401728950014,0.5079674353464204,-0.21657893935061695,0.2768320967212738,5.669674987225508,-2.216146178755902,0.6740326915865307,0.37655733231517524,-1.1945735668800153,7.3780350168711015,2.0377280803152824,0.11709112826620088,-0.6816763412388535
Michael Porter Jr.,Home,DEN,PHI,111,105,1,03cb6054-cf0a-4262-8873-156129ae8eb6,4.826286571819525,-0.11553892931294715,-0.45832657644788455,-0.25369153645388864,0.5155830483752011,2.1353572676633314,-1.1566848542193904,0.748552265430814,0.9941759849438623,0.9633193492209985,-1.2041518504187765,1.9695838552042428,0.6468825228080783,1.0653973617018342
Kentavious Caldwell-Pope,Home,DEN,PHI,111,105,1,03cb6054-cf0a-4262-8873-156129ae8eb6,-0.15946673316565416,-0.36894868269249953,-0.0950770807347817,-0.5747927948320809,1.398896704122724,-1.3081213811210262,-0.26956239166015283,-0.25870174534936474,-0.42517549589645176,0.13476366057151348,2.6751896630844274,0.9196548230008293,-0.3138537665752406,0.8634682386813235
Aaron Gordon,Home,DEN,PHI,111,105,1,03cb6054-cf0a-4262-8873-156129ae8eb6,1.5378668390132477,0.1924343401930314,0.33152029904498176,0.22652353198847233,-0.14497640605915313,0.3676652149404373,-0.6320863207797944,0.8480864490585065,2.8997241335439607,-0.027996403281560372,3.079838476906591,1.1819645181380412,0.5764541447021168,-0.21389171029850285
Peyton Watson,Home,DEN,PHI,111,105,1,03cb6054-cf0a-4262-8873-156129ae8eb6,-0.052120420521391,0.20266818604781978,1.0072195544969857,-0.7346334144361641,-0.19830425726661985,0.27392712869782465,0.8496552266115905,-1.1279505168741342,0.25254513464779305,0.01397910037662028,2.7427060402362122,0.5831047491511843,-0.5284610574347031,-0.847767911354667
Reggie Jackson,Home,DEN,PHI,111,105,1,03cb6054-cf0a-4262-8873-156129ae8eb6,-0.1949252386984876,-1.739247182831515,0.010097677348375038,-0.1541415876248048,-0.30083794122915997,0.0009590500838493909,-0.7980679668042563,-1.0358508128613242,-0.5636125732346303,1.5271346384279567,-1.2041518504187765,-0.20439051438071115,-1.874426470629194,-0.4510154408844349
Christian Braun,Home,DEN,PHI,111,105,1,03cb6054-cf0a-4262-8873-156129ae8eb6,-1.4867273925072189,-0.43608166223565104,-0.049292336463890515,-0.8052862489374628,0.6281551324866649,-1.7408833289960575,-0.11112873786708026,-0.01923161774259681,-1.0678577412335821,0.8337805897003961,2.3006155082748316,-0.17383788308656012,-0.5429622042312734,0.2886312177208806
DeAndre Jordan,Home,DEN,PHI,111,105,1,03cb6054-cf0a-4262-8873-156129ae8eb6,-1.5929453436187397,-1.2148047941060454,-0.07776715441144258,-0.08316678709177572,1.0005639458747704,4.2493044184432485,0.6896009798456503,1.891478647038668,2.951812818116479,-2.40233091586208,-1.2041518504187765,-0.3927471656192063,0.1965383269837887,0.18912192326579122
Justin Holiday,Home,DEN,PHI,111,105,1,03cb6054-cf0a-4262-8873-156129ae8eb6,-1.8973738237025823,-1.739247182831515,0.010097677348375038,-0.1541415876248048,-0.30083794122915997,-2.33442510567548,-0.12524147112659734,0.4599210276564779,-2.6648560434597863,-0.23951144567566177,-1.2041518504187765,-2.5085461074395017,0.7279403824174387,0.07005446168843027
Jay Huff,Home,DEN,PHI,111,105,1,03cb6054-cf0a-4262-8873-156129ae8eb6,-1.8973738237025823,-1.739247182831515,0.010097677348375038,-0.1541415876248048,-0.30083794122915997,-2.33442510567548,-0.12524147112659734,0.4599210276564779,-2.6648560434597863,-0.23951144567566177,-1.2041518504187765,-2.5085461074395017,0.7279403824174387,0.07005446168843027
Zeke Nnaji,Home,DEN,PHI,111,105,1,03cb6054-cf0a-4262-8873-156129ae8eb6,-1.8973738237025823,-1.739247182831515,0.010097677348375038,-0.1541415876248048,-0.30083794122915997,-2.33442510567548,-0.12524147112659734,0.4599210276564779,-2.6648560434597863,-0.23951144567566177,-1.2041518504187765,-2.5085461074395017,0.7279403824174387,0.07005446168843027
Jalen Pickett,Home,DEN,PHI,111,105,1,03cb6054-cf0a-4262-8873-156129ae8eb6,-1.8973738237025823,-1.739247182831515,0.010097677348375038,-0.1541415876248048,-0.30083794122915997,-2.33442510567548,-0.12524147112659734,0.4599210276564779,-2.6648560434597863,-0.23951144567566177,-1.2041518504187765,-2.5085461074395017,0.7279403824174387,0.07005446168843027
Hunter Tyson,Home,DEN,PHI,111,105,1,03cb6054-cf0a-4262-8873-156129ae8eb6,-1.8973738237025823,-1.739247182831515,0.010097677348375038,-0.1541415876248048,-0.30083794122915997,-2.33442510567548,-0.12524147112659734,0.4599210276564779,-2.6648560434597863,-0.23951144567566177,-1.2041518504187765,-2.5085461074395017,0.7279403824174387,0.07005446168843027
Nikola JokiÄ,Home,DEN,MIL,113,107,1,9bc3986d-73a3-4065-9030-f304006a9004,3.8031367019402897,4.539048750299265,1.4245639613422973,-1.087190996877238,-1.3492133925101764,5.231259258495363,0.5337704960553705,-2.7311485799562853,0.16949981538685707,-0.26671237393449043,2.2810189216200203,2.4466864770449614,0.7839653986104861,-0.43372659459068474
Michael Porter Jr.,Home,DEN,MIL,113,107,1,9bc3986d-73a3-4065-9030-f304006a9004,1.3835538583200988,-0.7215354169009779,-0.541234164731449,0.3993811885095761,0.777293216713262,1.7464662651412504,-1.1187948957475944,0.060113696666025854,0.404232745937444,-0.1652134121371201,-1.2041518504187765,1.1283386141571001,-0.6679032745336643,0.058588272132917854
Jamal Murray,Home,DEN,MIL,113,107,1,9bc3986d-73a3-4065-9030-f304006a9004,3.502806152398106,1.8942599092558274,0.9266984892897459,-0.15245350113859563,-0.5578896833927357,-0.7885199552854775,-0.34468356422320306,0.4677378157915544,0.8430302057021265,-1.2888021172038444,5.308095059429963,2.0319064487781966,-0.04263188853182454,-1.2486922823350437
Kentavious Caldwell-Pope,Home,DEN,MIL,113,107,1,9bc3986d-73a3-4065-9030-f304006a9004,0.5052919580378705,-0.4434827315249102,0.8227420956446017,-0.2573182141191146,0.1772792120039071,-1.366229098631525,-0.2565462011385964,-0.21313819597625305,0.8388237876032038,-0.519254281332415,1.2799590707476765,0.7785540988962167,-0.34905431182710794,-0.38960572687882783
Aaron Gordon,Home,DEN,MIL,113,107,1,9bc3986d-73a3-4065-9030-f304006a9004,-0.13322117099967237,1.5652123975288643,-1.386466388508556,0.7685866748277974,2.7869685949701704,1.8846281802317986,0.6741619025912764,0.35059880013054545,0.6021397421507231,0.46070358915445847,2.3202963225273576,0.4068234505292048,-1.109479892558941,-0.5684487595826828
Peyton Watson,Home,DEN,MIL,113,107,1,9bc3986d-73a3-4065-9030-f304006a9004,-0.9112695905354766,0.19747150741930866,0.8366646514799536,-0.21855075351333453,1.3881659615960549,0.12711675946227505,-0.8298885863212764,-1.0341457844400563,1.5111508515884586,-1.8498483224204563,-1.2041518504187765,0.5515337292011359,0.9193200013544918,0.7326095448831539
Reggie Jackson,Home,DEN,MIL,113,107,1,9bc3986d-73a3-4065-9030-f304006a9004,0.11976272747574647,1.0802836780777265,-0.0961175661927448,-1.6414030850945844,1.4793386950172083,-0.48027710203319335,-0.4160796025505633,0.589951660964497,1.1505068298255128,0.0996932821920805,1.3639205257627638,0.9002727455045753,0.7883214995561499,0.7360213493135183
Christian Braun,Home,DEN,MIL,113,107,1,9bc3986d-73a3-4065-9030-f304006a9004,-1.8245550307870044,-0.8560167543739173,-0.06382003570789516,-0.41366586778614006,0.8331718764177771,2.2044011434758173,-1.2363671016386786,0.6846864831736997,-1.8752423371069544,-0.49433860594971607,-1.2041518504187765,-0.1434311067039685,0.31552994803283513,0.9055523385855826
DeAndre Jordan,Home,DEN,MIL,113,107,1,9bc3986d-73a3-4065-9030-f304006a9004,-1.1642534890108955,-1.2148047941060454,-0.07776715441144258,-0.08316678709177572,1.0005639458747704,0.8005463670006707,2.4624866738474656,-1.2660316974088273,1.1782458339540482,-1.709222136433246,0.9103182082319856,0.026489430705260105,-0.21906137786345678,-0.564254135901493
Justin Holiday,Home,DEN,MIL,113,107,1,9bc3986d-73a3-4065-9030-f304006a9004,-1.8973738237025823,-1.739247182831515,0.010097677348375038,-0.1541415876248048,-0.30083794122915997,-2.33442510567548,-0.12524147112659734,0.4599210276564779,-2.6648560434597863,-0.23951144567566177,-1.2041518504187765,-2.5085461074395017,0.7279403824174387,0.07005446168843027
Jay Huff,Home,DEN,MIL,113,107,1,9bc3986d-73a3-4065-9030-f304006a9004,-1.8973738237025823,-1.739247182831515,0.010097677348375038,-0.1541415876248048,-0.30083794122915997,-2.33442510567548,-0.12524147112659734,0.4599210276564779,-2.6648560434597863,-0.23951144567566177,-1.2041518504187765,-2.5085461074395017,0.7279403824174387,0.07005446168843027
Zeke Nnaji,Home,DEN,MIL,113,107,1,9bc3986d-73a3-4065-9030-f304006a9004,-1.8973738237025823,-1.739247182831515,0.010097677348375038,-0.1541415876248048,-0.30083794122915997,-2.33442510567548,-0.12524147112659734,0.4599210276564779,-2.6648560434597863,-0.23951144567566177,-1.2041518504187765,-2.5085461074395017,0.7279403824174387,0.07005446168843027
Jalen Pickett,Home,DEN,MIL,113,107,1,9bc3986d-73a3-4065-9030-f304006a9004,-1.8973738237025823,-1.739247182831515,0.010097677348375038,-0.1541415876248048,-0.30083794122915997,-2.33442510567548,-0.12524147112659734,0.4599210276564779,-2.6648560434597863,-0.23951144567566177,-1.2041518504187765,-2.5085461074395017,0.7279403824174387,0.07005446168843027
Hunter Tyson,Home,DEN,MIL,113,107,1,9bc3986d-73a3-4065-9030-f304006a9004,-1.8973738237025823,-1.739247182831515,0.010097677348375038,-0.1541415876248048,-0.30083794122915997,-2.33442510567548,-0.12524147112659734,0.4599210276564779,-2.6648560434597863,-0.23951144567566177,-1.2041518504187765,-2.5085461074395017,0.7279403824174387,0.07005446168843027
Aaron Gordon,Away,DEN,OKC,100,105,0,443e6756-b292-46f2-a17a-0015aa304ae1,1.8122457129279426,1.759470122616966,0.4010025206411569,-1.1710440161465632,-0.008625863802939084,5.150807351216592,3.315728458766689,-0.12417518093884447,0.4504024646564733,-0.2678385543260754,1.156522690208349,1.7865472146696126,0.5295805644662789,-0.15813932488718152
Michael Porter Jr.,Away,DEN,OKC,100,105,0,443e6756-b292-46f2-a17a-0015aa304ae1,3.3456231534568373,0.35675532736230575,0.6575133592697343,-0.19250991944978557,2.127304034185914,1.3573639512782965,-1.0934149631208536,-0.7532295787523224,0.5072758457123097,0.8199873912259876,-1.2041518504187765,0.9405730345713109,-1.409042380825573,-1.238478832187005
Jamal Murray,Away,DEN,OKC,100,105,0,443e6756-b292-46f2-a17a-0015aa304ae1,1.8718904332898678,0.2059509411574342,-0.06853753125542021,-1.0931745884879067,1.151903472315015,0.2803089707203457,2.0246360655377584,-0.2110655187452364,1.1665392946074862,0.13837213222940833,1.176319149713428,1.2974657016830367,-0.10984254454544606,-0.20139379387106796
Kentavious Caldwell-Pope,Away,DEN,OKC,100,105,0,443e6756-b292-46f2-a17a-0015aa304ae1,2.243951704759846,2.1404865804391493,-0.7521572797072599,1.0849373981198862,1.3168239587395811,0.6817656225746913,-0.8580125507865958,-0.3913973417888547,0.7492512100952758,1.9324260293190245,1.2510973205862401,1.4247441630914404,0.2431435290142504,1.0296047202290908
Peyton Watson,Away,DEN,OKC,100,105,0,443e6756-b292-46f2-a17a-0015aa304ae1,0.6624584705172007,1.7451069285178058,0.8494342971030927,1.6178947338901202,1.6622883556191772,0.977899239595312,0.898256976100192,0.8626630771486846,-0.03164178980072581,0.47392562724303006,1.2510973205862401,1.2785884226645117,0.05237864570714223,0.9124656415532645
Reggie Jackson,Away,DEN,OKC,100,105,0,443e6756-b292-46f2-a17a-0015aa304ae1,1.5975323235072947,0.2694147087024218,-0.5035021983088498,-0.500643492843948,0.3274136380635914,0.2625400209124876,0.650316103920841,-1.0910228437938367,1.2006656231466044,0.24854265314287624,2.456102741404434,0.8351652359705852,-0.9789438698911084,-1.212377811517512
Christian Braun,Away,DEN,OKC,100,105,0,443e6756-b292-46f2-a17a-0015aa304ae1,0.958170027474806,-1.2052660258100314,1.126113474646225,0.388994134713651,-0.32611857904823827,1.127615105549263,-1.0482063037782716,-0.2957728716794476,2.081297394238085,0.6447998749295085,-1.2041518504187765,0.23410607956408364,-0.4304533479718073,-1.6792482204188313
Justin Holiday,Away,DEN,OKC,100,105,0,443e6756-b292-46f2-a17a-0015aa304ae1,-0.506011294571677,-0.3709473177005848,1.2296913360802175,0.6444173106917943,1.5527394038186004,-0.5689340280823713,1.7798589531819282,-0.5773580911076989,2.730029622409285,0.7048710301977776,-1.2041518504187765,-0.2185192107683377,-0.1540449724202763,-1.1128439815305442
Zeke Nnaji,Away,DEN,OKC,100,105,0,443e6756-b292-46f2-a17a-0015aa304ae1,-1.3744889648720062,-0.05261920700070352,-0.9166073131913598,0.27186008112348603,-0.4275345193110515,1.297047607641506,-0.7358477060129361,2.1790735521386124,-1.1312983467726085,-0.8219737050318803,-1.2041518504187765,-0.07067248876757487,-2.004323268049784,-0.3540126405460057
Collin Gillespie,Away,DEN,OKC,100,105,0,443e6756-b292-46f2-a17a-0015aa304ae1,-1.8973738237025823,-1.739247182831515,0.010097677348375038,-0.1541415876248048,-0.30083794122915997,-2.33442510567548,-0.12524147112659734,0.4599210276564779,-2.6648560434597863,-0.23951144567566177,-1.2041518504187765,-2.5085461074395017,0.7279403824174387,0.07005446168843027
Jay Huff,Away,DEN,OKC,100,105,0,443e6756-b292-46f2-a17a-0015aa304ae1,-1.8973738237025823,-1.739247182831515,0.010097677348375038,-0.1541415876248048,-0.30083794122915997,-2.33442510567548,-0.12524147112659734,0.4599210276564779,-2.6648560434597863,-0.23951144567566177,-1.2041518504187765,-2.5085461074395017,0.7279403824174387,0.07005446168843027
DeAndre Jordan,Away,DEN,OKC,100,105,0,443e6756-b292-46f2-a17a-0015aa304ae1,-1.8973738237025823,-1.739247182831515,0.010097677348375038,-0.1541415876248048,-0.30083794122915997,-2.33442510567548,-0.12524147112659734,0.4599210276564779,-2.6648560434597863,-0.23951144567566177,-1.2041518504187765,-2.5085461074395017,0.7279403824174387,0.07005446168843027
Braxton Key,Away,DEN,OKC,100,105,0,443e6756-b292-46f2-a17a-0015aa304ae1,-1.8973738237025823,-1.739247182831515,0.010097677348375038,-0.1541415876248048,-0.30083794122915997,-2.33442510567548,-0.12524147112659734,0.4599210276564779,-2.6648560434597863,-0.23951144567566177,-1.2041518504187765,-2.5085461074395017,0.7279403824174387,0.07005446168843027
Nikola JokiÄ,Home,DEN,POR,120,108,1,5ffa38e8-acfd-469e-b4a4-7bc3cf6dd80c,2.568778842131552,4.6894664108357915,-0.7282776361587281,-1.1350761426392555,-0.4773008822945212,8.935738077733879,-0.18157307214728713,1.148299974602179,2.596382338537378,-0.34938227258462745,2.3472152294317428,2.353987525900269,2.032265975832029,0.030149720152085877
Michael Porter Jr.,Home,DEN,POR,120,108,1,5ffa38e8-acfd-469e-b4a4-7bc3cf6dd80c,3.0576767696891993,-0.9774544623033806,-0.4402792617325684,0.08813398890912133,-0.6359595537192004,-0.10059526545135129,-0.6820348347308465,-0.9020966671116293,0.6787594950492815,1.2907409144405684,-1.2041518504187765,1.301144821759175,-0.23600813357013067,0.7856338877637835
Kentavious Caldwell-Pope,Home,DEN,POR,120,108,1,5ffa38e8-acfd-469e-b4a4-7bc3cf6dd80c,0.6814141156017076,-0.4126251486968839,-0.09549178112082256,-0.5311347230771106,1.4257714716042376,-0.8994156862733141,1.1060440629834325,-0.47501213945296883,1.7325452519294482,-0.2205318019173256,4.712935846735903,1.4910415458870592,1.1574548282141177,1.3933523243026598
Jamal Murray,Home,DEN,POR,120,108,1,5ffa38e8-acfd-469e-b4a4-7bc3cf6dd80c,4.378006730835047,2.1880572612386393,-0.6749068136510532,-1.836039441545321,-1.1988586267223913,3.632929073372433,1.5378607937199469,1.280560296840211,-0.02231239951664302,1.3921553912867397,-1.2041518504187765,1.8570493399968613,-0.0907153030241446,0.46077536994614426
Aaron Gordon,Home,DEN,POR,120,108,1,5ffa38e8-acfd-469e-b4a4-7bc3cf6dd80c,1.0811639614410242,2.414449881252461,-1.5670630128344163,0.09809037070242158,0.8929057586501171,0.5322054298834324,-0.6317262334159983,0.9951844727481501,3.032017205213809,-0.36868629245722334,1.9408412303469513,1.562103755943111,1.2103396153764683,0.8955604619685286
Reggie Jackson,Home,DEN,POR,120,108,1,5ffa38e8-acfd-469e-b4a4-7bc3cf6dd80c,0.890739369790792,0.024780529843135814,-0.08079820172240164,-0.9402183329304216,1.21000482068052,-1.6864753328004436,-0.10983507065162453,-0.06315394357084533,1.4632316235512433,-0.17545224176298024,1.270386200146552,0.47921315172142775,-0.9585142701166129,-0.7591565838984682
Peyton Watson,Home,DEN,POR,120,108,1,5ffa38e8-acfd-469e-b4a4-7bc3cf6dd80c,1.1699688304321927,-0.6903624053805757,-0.1656319861712602,-0.012191986558746625,2.301965832978701,1.460590524024854,0.6816181185969887,-0.4698373980235109,3.3726298899496823,-0.02854035615130495,-1.2041518504187765,0.5800936739592905,0.10527986052751646,-0.5410784430957128
Justin Holiday,Home,DEN,POR,120,108,1,5ffa38e8-acfd-469e-b4a4-7bc3cf6dd80c,-1.5896165557240662,-0.7255365779481291,1.392911730832137,0.14824318404554812,-0.614986899106786,-1.7408833289960575,-0.11112873786708026,-0.01923161774259681,-2.011900709103534,1.1145934506913002,-1.2041518504187765,-0.38383990506419247,-0.5254663790528488,0.39495307715248706
Christian Braun,Home,DEN,POR,120,108,1,5ffa38e8-acfd-469e-b4a4-7bc3cf6dd80c,-1.3580068685558015,-0.4679989926650845,-1.369778800497262,1.4695007686642114,-0.2598805211356182,0.5725800676789176,-0.6642319685971437,1.0835857726010918,0.33859048018589805,0.18094064046287894,-1.2041518504187765,-0.3996785945068408,-1.5397442830517039,0.09011475971364621
DeAndre Jordan,Home,DEN,POR,120,108,1,5ffa38e8-acfd-469e-b4a4-7bc3cf6dd80c,-1.5929453436187397,-1.4770259884687802,-0.03383473853153378,-0.11865418735829027,0.34986300232280526,0.40605071837117795,-0.3587109457616576,2.594228060343444,2.9252711809281484,-2.393765297029339,-1.2041518504187765,-0.7891476694193548,-0.8606443682596535,-0.7841631445740936
Collin Gillespie,Home,DEN,POR,120,108,1,5ffa38e8-acfd-469e-b4a4-7bc3cf6dd80c,-1.5929453436187397,-1.739247182831515,0.010097677348375038,-0.1541415876248048,-0.30083794122915997,-1.6864753328004436,-0.10983507065162453,-0.06315394357084533,2.8589170879573222,-2.3723512499474855,-1.2041518504187765,2.3148057208639656,1.9723146134498897,-3.2435652976971245
Jay Huff,Home,DEN,POR,120,108,1,5ffa38e8-acfd-469e-b4a4-7bc3cf6dd80c,-1.8973738237025823,1.2149335377687625,13.07980651403298,7.954083659855394,-4.045910491763928,-2.517433820151635,-0.12959289721494846,0.6076597599878593,-2.6648560434597863,-0.23951144567566177,-1.2041518504187765,-0.3356571044735176,3.8629374596345087,-3.4973268807160274
Braxton Key,Home,DEN,POR,120,108,1,5ffa38e8-acfd-469e-b4a4-7bc3cf6dd80c,-1.8973738237025823,-1.739247182831515,0.010097677348375038,-0.1541415876248048,-0.30083794122915997,-1.6864753328004436,-0.10983507065162453,-0.06315394357084533,-2.6648560434597863,-0.23951144567566177,-1.2041518504187765,-1.180116267823694,-0.41228656995471974,0.5944298421536912
Zeke Nnaji,Home,DEN,POR,120,108,1,5ffa38e8-acfd-469e-b4a4-7bc3cf6dd80c,-1.8973738237025823,-1.739247182831515,0.010097677348375038,-0.1541415876248048,-0.30083794122915997,-2.33442510567548,-0.12524147112659734,0.4599210276564779,-2.6648560434597863,-0.23951144567566177,-1.2041518504187765,-2.5085461074395017,0.7279403824174387,0.07005446168843027
Julian Strawther,Home,DEN,POR,120,108,1,5ffa38e8-acfd-469e-b4a4-7bc3cf6dd80c,-1.8973738237025823,-1.739247182831515,0.010097677348375038,-0.1541415876248048,-0.30083794122915997,-2.33442510567548,-0.12524147112659734,0.4599210276564779,-2.6648560434597863,-0.23951144567566177,-1.2041518504187765,-2.5085461074395017,0.7279403824174387,0.07005446168843027
Jamal Murray,Home,DEN,POR,112,103,1,336c847d-7e39-400b-b44d-0277092e8b73,3.686556681797053,2.718887819583086,0.4755820610020044,-1.9730436716657647,-0.44955431813332525,1.4887636396728,1.9511416280124056,0.27364736224878305,1.8129974086713074,0.41205005726672556,0.28813807776139544,1.9839186741098436,1.3668507881312295,0.1500368014476374
Nikola JokiÄ,Home,DEN,POR,112,103,1,336c847d-7e39-400b-b44d-0277092e8b73,3.415903065256849,2.6749363995361373,1.0129937976896393,-0.7130410494404583,-0.9537021464941114,1.7051573524846193,-1.2332901781177357,-0.851733514357733,1.3711363984195197,-0.7366434520577141,2.346613808350557,1.8470547976948644,-0.09506319093695015,-1.4212748220470879
Kentavious Caldwell-Pope,Home,DEN,POR,112,103,1,336c847d-7e39-400b-b44d-0277092e8b73,1.1886513531103284,-0.7189340668947355,0.3583915880173101,0.8098658967485992,-0.5066554704967617,-0.4478547849394556,-0.5763729367122565,-0.721178515630683,0.7603615629863361,0.9474438326065956,1.9408412303469513,0.7311518626376522,-0.9731429718946916,-0.17359366339139312
Aaron Gordon,Home,DEN,POR,112,103,1,336c847d-7e39-400b-b44d-0277092e8b73,-0.020486723123845457,-0.35147809629074583,-0.09491120058036538,-0.592256023534069,1.3881467971301187,1.9744090023895493,-1.0373271875393888,1.2054133456064378,0.7039851721855447,-1.102697850177727,2.6751896630844274,0.718231931990198,-0.52422564305423,-0.1696072151528449
Michael Porter Jr.,Home,DEN,POR,112,103,1,336c847d-7e39-400b-b44d-0277092e8b73,1.6037549337331076,1.0441715217731402,-1.432202474353191,0.4638705942310543,-0.8045026465189129,2.6669985967962275,3.875006759796531,1.236465731930544,0.9185402410010002,0.8978734113542916,1.2510973205862401,1.0756683515230543,-0.5265735439499711,-0.47965005891092843
Peyton Watson,Home,DEN,POR,112,103,1,336c847d-7e39-400b-b44d-0277092e8b73,0.9548412395801326,0.4431232259644704,1.0449348093225326,1.2035722044387431,-0.02648257742511067,1.8941589387399507,0.542959917129047,1.2624117432030182,3.5798041474250644,0.12141449744293098,-1.2041518504187765,1.0541369594135777,1.1706859937479588,0.4164941190971345
Christian Braun,Home,DEN,POR,112,103,1,336c847d-7e39-400b-b44d-0277092e8b73,-1.2715998016551588,-0.6624783587774281,0.9509858707110348,-0.26580010916054,-0.5157054662473438,0.06272272980479845,-0.47363457439776907,1.2192225226852533,-0.6278015350023024,-0.9758030584971351,1.8174475554792302,0.8189843998631046,0.6744019335521181,1.4620318845138518
Reggie Jackson,Home,DEN,POR,112,103,1,336c847d-7e39-400b-b44d-0277092e8b73,0.6323881002159312,-0.3511945155624141,0.9512377747668666,0.07436105096962423,0.8446568411474548,0.27589008039947904,-0.8817277461119499,-1.1363128475134283,-0.2921331075011352,0.4498145329904584,-1.2041518504187765,0.8570712708200716,-0.8704621712399102,0.9679236227969504
DeAndre Jordan,Home,DEN,POR,112,103,1,336c847d-7e39-400b-b44d-0277092e8b73,-1.2885168635348971,-1.4770259884687802,-0.03383473853153378,-0.11865418735829027,0.34986300232280526,-0.7576775143093254,-0.5115641860574399,-0.6076076799246186,2.8589170879573222,-2.3723512499474855,-1.2041518504187765,-0.14960933840196808,0.07770972466155031,0.22409940929735597
Collin Gillespie,Home,DEN,POR,112,103,1,336c847d-7e39-400b-b44d-0277092e8b73,-1.8973738237025823,-1.739247182831515,0.010097677348375038,-0.1541415876248048,-0.30083794122915997,-2.33442510567548,-0.12524147112659734,0.4599210276564779,-2.6648560434597863,-0.23951144567566177,-1.2041518504187765,-2.5085461074395017,0.7279403824174387,0.07005446168843027
Justin Holiday,Home,DEN,POR,112,103,1,336c847d-7e39-400b-b44d-0277092e8b73,-1.8973738237025823,-1.739247182831515,0.010097677348375038,-0.1541415876248048,-0.30083794122915997,-2.33442510567548,-0.12524147112659734,0.4599210276564779,-2.6648560434597863,-0.23951144567566177,-1.2041518504187765,-2.5085461074395017,0.7279403824174387,0.07005446168843027
Jay Huff,Home,DEN,POR,112,103,1,336c847d-7e39-400b-b44d-0277092e8b73,-1.8973738237025823,-1.739247182831515,0.010097677348375038,-0.1541415876248048,-0.30083794122915997,-2.33442510567548,-0.12524147112659734,0.4599210276564779,-2.6648560434597863,-0.23951144567566177,-1.2041518504187765,-2.5085461074395017,0.7279403824174387,0.07005446168843027
Braxton Key,Home,DEN,POR,112,103,1,336c847d-7e39-400b-b44d-0277092e8b73,-1.8973738237025823,-1.739247182831515,0.010097677348375038,-0.1541415876248048,-0.30083794122915997,-2.33442510567548,-0.12524147112659734,0.4599210276564779,-2.6648560434597863,-0.23951144567566177,-1.2041518504187765,-2.5085461074395017,0.7279403824174387,0.07005446168843027
Zeke Nnaji,Home,DEN,POR,112,103,1,336c847d-7e39-400b-b44d-0277092e8b73,-1.8973738237025823,-1.739247182831515,0.010097677348375038,-0.1541415876248048,-0.30083794122915997,-2.33442510567548,-0.12524147112659734,0.4599210276564779,-2.6648560434597863,-0.23951144567566177,-1.2041518504187765,-2.5085461074395017,0.7279403824174387,0.07005446168843027
Michael Porter Jr.,Away,DEN,LAL,114,106,1,7935790f-96ff-48df-b2dc-b16aa7ca7a62,4.83478059711152,-0.465106342131219,-0.4053283012073679,-0.2201531211033437,-0.08059294681945234,1.8665533711644604,0.08211744373299225,-0.9780788826256754,1.7462889240358415,0.17984474918676654,0.5390511493371464,1.788319522839901,0.36512619907444394,-0.1887247058226922
Nikola JokiÄ,Away,DEN,LAL,114,106,1,7935790f-96ff-48df-b2dc-b16aa7ca7a62,3.5928804619470576,3.8678495949028022,-2.130044762885838,-0.1903665046323305,-1.1166859808965586,4.970582782117508,1.964789689554856,-0.6985908004383533,0.7653718785352467,-0.014761499289144919,2.2816203427012054,2.231053907940104,0.4848871434815232,-0.0019632285437185732
Jamal Murray,Away,DEN,LAL,114,106,1,7935790f-96ff-48df-b2dc-b16aa7ca7a62,6.088726443296892,4.261942022496798,0.6303618140482588,-1.2318545830588712,-0.8006908823839065,0.9551835595669776,-1.0871826319759188,-1.4412979240624815,1.3619072807777939,0.33463378624383244,-1.2041518504187765,2.4786512061603028,1.186970658173902,0.21588815353638155
Aaron Gordon,Away,DEN,LAL,114,106,1,7935790f-96ff-48df-b2dc-b16aa7ca7a62,0.21890890136650853,0.8729795184391997,1.1247290072389278,0.5039891491524223,-0.15762849622334987,0.2196715078521451,0.5842298502194373,-1.0574424800609294,0.9432348579842623,-0.8407928351421972,0.45212529458773787,1.2902498355989191,1.0806985751343754,0.9692820461356814
Justin Holiday,Away,DEN,LAL,114,106,1,7935790f-96ff-48df-b2dc-b16aa7ca7a62,-1.5929453436187397,0.14045626387176102,-0.24004733969077938,-0.21932658061411753,3.468225371603454,-1.0226331054778917,-0.2151519166394158,0.7999753019716509,2.951812818116479,-2.40233091586208,-1.2041518504187765,0.04813885671066659,0.1937615411773528,1.1818866698412542
Reggie Jackson,Away,DEN,LAL,114,106,1,7935790f-96ff-48df-b2dc-b16aa7ca7a62,0.4139317214691976,-0.5928383196916872,0.006181935880528916,-0.9180559137195139,-0.034064229129515115,0.7120813315303358,-0.5721022231284127,1.9940728004368942,0.590037969082032,0.5570687031582063,-1.2041518504187765,0.2642784993064307,-0.9567339189332563,-0.7420971119198619
Peyton Watson,Away,DEN,LAL,114,106,1,7935790f-96ff-48df-b2dc-b16aa7ca7a62,-0.12543523367758316,0.021105877350610005,-0.7637802460183319,0.17651333672652145,0.40733762837696613,0.3057683859025195,-0.7200297901995457,0.015909586854328344,0.3646146543966544,0.781818464545644,-1.2041518504187765,0.29701281696654225,-0.7177307248824909,-0.03569806175694425
Christian Braun,Away,DEN,LAL,114,106,1,7935790f-96ff-48df-b2dc-b16aa7ca7a62,-0.8997406638873022,-1.3338709126947101,0.024487143130366058,-0.5312092781911374,-0.4968964293331011,-0.30670073657471336,1.6729159195626018,0.881790111351636,1.5256466981421446,0.9780682842668915,-1.2041518504187765,-0.354663128272769,-0.587392679788077,-0.8981562859039107
DeAndre Jordan,Away,DEN,LAL,114,106,1,7935790f-96ff-48df-b2dc-b16aa7ca7a62,-0.765632004704321,-0.6929579479575491,-0.0622718209333427,-0.5766560023380292,0.7328394111534599,5.202783590867669,-1.8079902013845373,3.303818923990129,0.342540666240825,-1.3851633220144308,-1.2041518504187765,0.3800932326276129,-0.373221938529443,-0.26933273130233726
Collin Gillespie,Away,DEN,LAL,114,106,1,7935790f-96ff-48df-b2dc-b16aa7ca7a62,-1.8973738237025823,-1.739247182831515,0.010097677348375038,-0.1541415876248048,-0.30083794122915997,-2.33442510567548,-0.12524147112659734,0.4599210276564779,-2.6648560434597863,-0.23951144567566177,-1.2041518504187765,-2.5085461074395017,0.7279403824174387,0.07005446168843027
Jay Huff,Away,DEN,LAL,114,106,1,7935790f-96ff-48df-b2dc-b16aa7ca7a62,-1.8973738237025823,-1.739247182831515,0.010097677348375038,-0.1541415876248048,-0.30083794122915997,-2.33442510567548,-0.12524147112659734,0.4599210276564779,-2.6648560434597863,-0.23951144567566177,-1.2041518504187765,-2.5085461074395017,0.7279403824174387,0.07005446168843027
Zeke Nnaji,Away,DEN,LAL,114,106,1,7935790f-96ff-48df-b2dc-b16aa7ca7a62,-1.8973738237025823,-1.739247182831515,0.010097677348375038,-0.1541415876248048,-0.30083794122915997,-2.33442510567548,-0.12524147112659734,0.4599210276564779,-2.6648560434597863,-0.23951144567566177,-1.2041518504187765,-2.5085461074395017,0.7279403824174387,0.07005446168843027
Julian Strawther,Away,DEN,LAL,114,106,1,7935790f-96ff-48df-b2dc-b16aa7ca7a62,-1.8973738237025823,-1.739247182831515,0.010097677348375038,-0.1541415876248048,-0.30083794122915997,-2.33442510567548,-0.12524147112659734,0.4599210276564779,-2.6648560434597863,-0.23951144567566177,-1.2041518504187765,-2.5085461074395017,0.7279403824174387,0.07005446168843027
Justin Holiday,Away,DEN,SAC,106,135,0,517dcc2f-c231-4f7c-a62f-f406be4739ac,2.1925071231514224,0.5418431307365936,1.0496558996495426,0.6049430441308616,0.019127502439780515,-0.3858932569007874,-0.5888323992984252,-0.7966499576781901,0.6732866458015545,1.9537796278669466,0.3865304078572009,0.5859906634961036,-1.332617962017669,-1.0313670198831404
Nikola JokiÄ,Away,DEN,SAC,106,135,0,517dcc2f-c231-4f7c-a62f-f406be4739ac,2.1783782607106006,3.2474929652512428,2.136915275055909,-0.9320279394173512,-0.2232781987152748,2.434585471256621,-1.3946359846625855,-0.2939315314636451,1.789380513435378,-0.04596444139956092,2.40433730867343,1.3943004483210553,-0.13600497654947102,-1.532252349529362
Aaron Gordon,Away,DEN,SAC,106,135,0,517dcc2f-c231-4f7c-a62f-f406be4739ac,0.7072454763362775,-0.017715470981223665,-0.9679383067916429,0.2788155966302315,-1.0991167526130465,0.5947732175926883,0.9868256484510495,0.8700121955215214,1.6345946292157145,-0.24568572371249459,2.602332982632863,0.18189776364896926,-2.018960765035697,-2.250258048258201
Jamal Murray,Away,DEN,SAC,106,135,0,517dcc2f-c231-4f7c-a62f-f406be4739ac,1.4416352515857473,2.8988469374705277,-1.7088347838241993,1.9843888025483682,-1.3393192123604087,-1.1612529041505262,-0.30772753268370334,-0.3725492449442367,0.6512054011206642,0.778647164974515,1.2270935749043974,0.5815408433066114,-2.400981371635571,-1.1990447232145756
Peyton Watson,Away,DEN,SAC,106,135,0,517dcc2f-c231-4f7c-a62f-f406be4739ac,-0.9807595955563811,2.3499319671806305,-1.7577088140374195,2.946214096575506,0.26477131601219234,1.6146730381428158,4.418392308663317,-0.524674721611281,-0.00447571023493458,-0.49075829595013876,-1.2041518504187765,0.12891376548718697,-1.3060049176615478,-0.5157219487794653
Christian Braun,Away,DEN,SAC,106,135,0,517dcc2f-c231-4f7c-a62f-f406be4739ac,0.5270803707764365,-0.07923142799864565,-0.6567756406468331,0.24154173696204462,1.2407430661779155,0.5787273493897156,0.9709462030459058,0.8651154600359059,1.39080605919451,-0.11409378334280647,2.6751896630844274,0.4083679112203579,-1.145406015380919,-1.0396718730125476
Julian Strawther,Away,DEN,SAC,106,135,0,517dcc2f-c231-4f7c-a62f-f406be4739ac,0.576051403616558,0.9195515527613414,-0.1840699824984146,0.8460209339321269,-0.5431736795820857,0.07572694609674697,-0.8046498379161882,-1.1114800122984365,0.2835978092871215,0.9658970763098778,-1.2041518504187765,0.12049251081326467,-1.861811567551303,-1.1328157393658227
Zeke Nnaji,Away,DEN,SAC,106,135,0,517dcc2f-c231-4f7c-a62f-f406be4739ac,-0.5186685827525939,-0.007411276896508145,-0.034681697142677756,-1.20563824443978,0.41776343505924984,-0.40474255020763916,-0.6105878550625055,-0.8365205580089842,-0.11852552058441265,-0.12759775039992943,2.3202963225273576,0.12907727010641035,-1.1552392339329864,-0.8282639440366094
Reggie Jackson,Away,DEN,SAC,106,135,0,517dcc2f-c231-4f7c-a62f-f406be4739ac,-0.7355616344030514,2.929235828361188,-0.7919852675662582,0.6836342337288224,-0.817989176826478,-1.010527676982261,-0.38524348576120343,-0.47224184517499823,0.6390030692596111,-1.5103583724158571,1.513476867508388,0.3475442241019509,-1.1103820985951542,-0.7545090131047362
Collin Gillespie,Away,DEN,SAC,106,135,0,517dcc2f-c231-4f7c-a62f-f406be4739ac,-1.3065622869473779,-0.8183262155065464,-0.01704001051050595,-0.7489386941034506,-0.0020691371739144024,-0.6138865224613839,-0.5557682066330533,-0.744755048415745,0.6193570912944002,0.09177407520917169,1.4360485955457922,-0.2711012094759055,-0.767904192377395,0.06569908193009068
DeAndre Jordan,Away,DEN,SAC,106,135,0,517dcc2f-c231-4f7c-a62f-f406be4739ac,-1.447307757787584,-1.739247182831515,0.010097677348375038,-0.1541415876248048,-0.30083794122915997,5.706082025289749,-2.366704780981919,1.0256949409416416,-0.6038169201753294,-1.0212700177515692,-1.2041518504187765,-0.2830272771675759,-1.4351813877610644,-0.5175398968406152
Jay Huff,Away,DEN,SAC,106,135,0,517dcc2f-c231-4f7c-a62f-f406be4739ac,-1.045378249718458,-1.739247182831515,0.010097677348375038,-0.1541415876248048,-0.30083794122915997,2.2023492067490156,-1.8414070873375556,-2.6104421491472403,6.8144516328082245,1.1628426395673603,-1.2041518504187765,-0.32819381408290305,0.784931665369713,-1.202319354532954
Michael Porter Jr.,Away,DEN,SAC,106,135,0,517dcc2f-c231-4f7c-a62f-f406be4739ac,-1.8973738237025823,-1.739247182831515,0.010097677348375038,-0.1541415876248048,-0.30083794122915997,-2.33442510567548,-0.12524147112659734,0.4599210276564779,-2.6648560434597863,-0.23951144567566177,-1.2041518504187765,-1.157525019977766,-0.008924762345540009,-0.05433283582639161
Nikola JokiÄ,Away,DEN,MIL,95,112,0,7873572e-edba-40b6-b9ee-78397557c2a7,4.566959748225374,4.172546218316798,-1.6594019211117383,-1.7292405065489702,-2.25269864289735,3.6570837534351623,-1.705526277503888,-0.12401017683799138,0.9105567383103924,-0.29544338553395627,0.319334605872097,1.858589003319342,-0.9243447135619037,-2.2937227818283428
Michael Porter Jr.,Away,DEN,MIL,95,112,0,7873572e-edba-40b6-b9ee-78397557c2a7,1.8206479853835653,1.5087732207055153,-0.12337399609704067,0.14695093010473953,0.05062186368082941,1.2386720936071955,-0.8323326683836054,1.2235084533118643,0.3242534780407238,1.397800860240547,1.862127366270307,0.6355875150241463,-1.2827643719288109,-1.3745015234944669
Aaron Gordon,Away,DEN,MIL,95,112,0,7873572e-edba-40b6-b9ee-78397557c2a7,1.712664573473647,0.5041622429139668,0.2979531370686087,0.19424145637313933,0.4760418810747148,2.19336554211195,1.8378114030736472,-1.1465965700613392,1.5128788455617135,0.1836221287059418,-1.2041518504187765,0.9728662322520126,0.2250217733967009,-0.5540164017497856
Jamal Murray,Away,DEN,MIL,95,112,0,7873572e-edba-40b6-b9ee-78397557c2a7,-0.42986371376142574,-0.4579897892221641,-1.4153946585177646,1.442729780961413,-0.9682209962932713,-0.661607063832134,-0.5251279229898119,-0.6426557874090043,-0.43487871957924706,1.4011856090189887,-1.2041518504187765,-0.284004646027812,-2.3137481360707266,-0.601403388214516
Kentavious Caldwell-Pope,Away,DEN,MIL,95,112,0,7873572e-edba-40b6-b9ee-78397557c2a7,-1.4653531812000646,-0.5732593857222464,0.04224950538548912,-1.263362619031229,-0.911536359620019,-0.15063207306024087,-0.7666386606947188,-0.9783545336951974,-1.8109956761041295,0.5370707752547139,0.9103182082319856,-0.11060077550978974,-0.6973077944114989,0.349655561725835
Christian Braun,Away,DEN,MIL,95,112,0,7873572e-edba-40b6-b9ee-78397557c2a7,-0.2837301076896557,-0.21492123009342384,1.8180142843646576,0.7903032644728506,1.0546381670781244,0.5600263453404839,-0.9988931090577047,-1.301558207129925,-0.40988597851956776,0.28306222295980876,2.1943541400047266,0.3319917769425132,-0.8821537914301123,-0.5172654272605441
Reggie Jackson,Away,DEN,MIL,95,112,0,7873572e-edba-40b6-b9ee-78397557c2a7,0.01687356425889906,-0.5959124824284082,0.05257490738427996,-1.2125812063988526,-0.8442221264051274,-1.2500404203477586,-0.2892959222297352,-0.2995001208598158,0.9011259824128632,0.17529398240078098,-1.2041518504187765,0.34717842340264593,-0.3520718692884307,-0.1605992396521043
Peyton Watson,Away,DEN,MIL,95,112,0,7873572e-edba-40b6-b9ee-78397557c2a7,-0.6215577459694414,-0.8385461679721636,-0.06365415555347878,-0.4311290964881282,0.8224219694251717,0.401816220273387,-0.7668392067999811,-0.10165454417491794,-0.3171906520929048,-0.06781431133278466,0.692543184286603,0.022548709058135188,-1.1161103106179795,-0.4635119079754644
Justin Holiday,Away,DEN,MIL,95,112,0,7873572e-edba-40b6-b9ee-78397557c2a7,0.19880413061713753,-0.8094285239692406,-0.06337768862945156,-0.4602344776581084,0.8045054577708294,-0.7048494801884158,-0.5050415740887416,-0.6138362280335302,0.4234694501306715,1.588810778548228,-1.2041518504187765,-0.1031463280304841,-1.2811242947404702,-0.5841153573122129
Collin Gillespie,Away,DEN,MIL,95,112,0,7873572e-edba-40b6-b9ee-78397557c2a7,0.27649427439154295,1.8244502022921263,0.30446192078575757,2.936435770311947,-1.6867061132747954,-1.1839016331354595,-0.3657506508879732,-0.3295487917716973,1.9381394226776398,2.0705976535868658,-1.2041518504187765,0.3061390751275088,-0.591609593500288,-0.9663707155986339
Zeke Nnaji,Away,DEN,MIL,95,112,0,7873572e-edba-40b6-b9ee-78397557c2a7,-1.3016701719564283,-0.8443306439032953,1.569743784704735,0.7330435549929792,0.17286089408353714,1.6370016485068062,-0.5884778108192924,4.024825603376463,-1.3411329103726377,-0.7367457619001424,-1.2041518504187765,0.35286091752449766,-0.8909079048763133,0.5233615221900141
Julian Strawther,Away,DEN,MIL,95,112,0,7873572e-edba-40b6-b9ee-78397557c2a7,-1.0896692352969202,-0.23840647968863327,0.045428875011802164,-1.5980745024860015,-1.1175762436449563,-1.7210986031067432,-0.11065831342509636,-0.035203372589232645,-1.033856873012015,2.3815191051096942,1.8637535626494555,0.29263703007430003,-0.5340181523326897,0.21545489137167853
Braxton Key,Away,DEN,MIL,95,112,0,7873572e-edba-40b6-b9ee-78397557c2a7,-1.5929453436187397,-1.4770259884687802,-0.03383473853153378,-0.11865418735829027,0.34986300232280526,0.8979189184911192,-0.8074005114336226,1.0231945125314073,2.0238366025875485,-2.123884895195838,0.3396137835043578,-0.38531044341521214,-0.17152173152593225,0.09227369639734982
DeAndre Jordan,Away,DEN,MIL,95,112,0,7873572e-edba-40b6-b9ee-78397557c2a7,-1.8459292420941587,-1.4770259884687802,-0.03383473853153378,-0.11865418735829027,0.34986300232280526,-0.3061666678238972,-0.7414480172910646,-0.9203932582587674,-1.0745692312806274,-0.7136913601459604,0.12415086093505304,-0.9233157827697849,-1.243235369532502,-0.3951782201886972
Jay Huff,Away,DEN,MIL,95,112,0,7873572e-edba-40b6-b9ee-78397557c2a7,-1.8973738237025823,-1.739247182831515,0.010097677348375038,-0.1541415876248048,-0.30083794122915997,-2.33442510567548,-0.12524147112659734,0.4599210276564779,-2.6648560434597863,-0.23951144567566177,-1.2041518504187765,-2.5085461074395017,0.7279403824174387,0.07005446168843027
Nikola JokiÄ,Home,DEN,SAC,98,102,0,593c13a3-0bcb-4e04-bf93-e9b4b0850754,1.8572556165812628,1.6820302000264675,-0.0587826209437461,-2.1584826141070006,1.2692016266120087,0.4809489976483759,0.4807966842085246,-1.2040960051618161,-0.1830069123117089,-0.056079076697576204,1.753556501175518,1.3646592936689614,-0.47213793320265857,-0.603343225241137
Michael Porter Jr.,Home,DEN,SAC,98,102,0,593c13a3-0bcb-4e04-bf93-e9b4b0850754,3.4846031634986465,-0.6312594519440032,-0.3901693248762378,-0.2968172955521494,-0.7927446190136015,-0.056971785873329725,-0.6137640092049323,-0.0019787108727932737,1.0713613527338708,0.3864984732697296,-1.2041518504187765,1.1053534814726607,-0.9218775093256644,-1.2210876918772096
Justin Holiday,Home,DEN,SAC,98,102,0,593c13a3-0bcb-4e04-bf93-e9b4b0850754,0.8327782914180621,0.6600431182431145,0.14329929617033307,0.40359837289103284,1.1969101572465284,-0.03239944805477987,-0.6296720439316933,-0.0011495375734709363,0.40208449329017254,1.3087025175222802,1.316692207316777,0.8680945832196703,-0.299193773214631,0.10351435347048858
Aaron Gordon,Home,DEN,SAC,98,102,0,593c13a3-0bcb-4e04-bf93-e9b4b0850754,2.1690289962922353,0.7506960684297911,-1.5209259443196577,0.7671694466783013,-1.3818186645456771,4.803212583454224,-2.140952154980381,-0.7148172035404604,1.2784326506038795,-0.4584930122751107,4.779528332556513,1.711609569306208,-0.01935603648875876,-0.6126934071722302
Reggie Jackson,Home,DEN,SAC,98,102,0,593c13a3-0bcb-4e04-bf93-e9b4b0850754,0.6010482893568786,2.7331018300870094,0.47890289755728876,-2.207527053506465,-1.330760336941025,0.7157352365707889,-0.7747910907495302,0.6607309564546704,0.08043201590040179,-1.0462838362197469,-1.2041518504187765,1.1318507146884642,0.08515931960139494,-0.5022659594140826
Christian Braun,Home,DEN,SAC,98,102,0,593c13a3-0bcb-4e04-bf93-e9b4b0850754,-0.41627543977636083,0.23823620902340079,0.8370517051735917,-0.25929828715130687,1.3630828452799755,0.436471173995715,1.0573866719692093,1.0405237649759262,-0.1791102269967472,0.7690621563509972,1.7463160602902938,0.554374791871643,-0.1313036801137699,0.12462621257774796
Collin Gillespie,Home,DEN,SAC,98,102,0,593c13a3-0bcb-4e04-bf93-e9b4b0850754,-0.591983395908786,2.0335981348948917,0.5039841682214704,2.198122509237522,1.435048987751172,-0.22353781445465729,-0.7455286538259673,-0.863732581588374,-0.3352761009066814,1.0145664927136333,-1.2041518504187765,0.1273819572744673,-1.1676129991242812,-0.13216120554120206
Peyton Watson,Home,DEN,SAC,98,102,0,593c13a3-0bcb-4e04-bf93-e9b4b0850754,-0.8269218709717243,1.1377048338075486,-0.5266266525542874,1.8343766889511268,0.0184721022108276,1.239958794366624,0.9661248849589791,-0.26587162321446683,0.5244830033790538,1.0657178071910163,-1.2041518504187765,0.1328859552204377,-0.7254489630218697,-0.29335619915594785
Zeke Nnaji,Home,DEN,SAC,98,102,0,593c13a3-0bcb-4e04-bf93-e9b4b0850754,-0.9371009512700466,-0.8267025995851831,-0.7629808510444105,0.7005635830329608,0.008906948582160963,1.7716512469533807,4.880693580349207,2.1851760321120386,0.567132268408631,-1.4443090914070786,3.331138530389797,0.8697098404824585,0.04416070962869658,-0.9334857669288362
Jay Huff,Home,DEN,SAC,98,102,0,593c13a3-0bcb-4e04-bf93-e9b4b0850754,-1.8973738237025823,-1.739247182831515,0.010097677348375038,-0.1541415876248048,-0.30083794122915997,-2.33442510567548,-0.12524147112659734,0.4599210276564779,-2.6648560434597863,-0.23951144567566177,-1.2041518504187765,-2.5085461074395017,0.7279403824174387,0.07005446168843027
DeAndre Jordan,Home,DEN,SAC,98,102,0,593c13a3-0bcb-4e04-bf93-e9b4b0850754,-1.8973738237025823,-1.739247182831515,0.010097677348375038,-0.1541415876248048,-0.30083794122915997,-2.33442510567548,-0.12524147112659734,0.4599210276564779,-2.6648560434597863,-0.23951144567566177,-1.2041518504187765,-2.5085461074395017,0.7279403824174387,0.07005446168843027
Braxton Key,Home,DEN,SAC,98,102,0,593c13a3-0bcb-4e04-bf93-e9b4b0850754,-1.8973738237025823,-1.739247182831515,0.010097677348375038,-0.1541415876248048,-0.30083794122915997,-2.33442510567548,-0.12524147112659734,0.4599210276564779,-2.6648560434597863,-0.23951144567566177,-1.2041518504187765,-2.5085461074395017,0.7279403824174387,0.07005446168843027
Jalen Pickett,Home,DEN,SAC,98,102,0,593c13a3-0bcb-4e04-bf93-e9b4b0850754,-1.8973738237025823,-1.739247182831515,0.010097677348375038,-0.1541415876248048,-0.30083794122915997,-2.33442510567548,-0.12524147112659734,0.4599210276564779,-2.6648560434597863,-0.23951144567566177,-1.2041518504187765,-2.5085461074395017,0.7279403824174387,0.07005446168843027
Nikola JokiÄ,Home,DEN,WAS,130,110,1,c752ca7d-eb99-408b-a91f-7351eb19c7b2,1.1983555587442674,5.170427851560234,-0.5504804883409291,-1.9036717057636898,-0.7190872127251896,5.883041403061955,-2.561774393470242,-1.8146798428320317,2.552434362338829,-2.2758478224238163,0.3865304078572009,1.7671673876102094,2.2694554048770827,0.3823607801815089
Jamal Murray,Home,DEN,WAS,130,110,1,c752ca7d-eb99-408b-a91f-7351eb19c7b2,1.9113918868187048,2.593262067132929,2.0839747839336007,-0.5811785073870378,-0.5652670706129975,0.43075972063998824,1.9448753213891576,-1.1257193923425792,0.4941202962453611,-0.8934172332237952,-1.2041518504187765,1.6699357788656344,0.9448404084317987,0.6000164456736966
Michael Porter Jr.,Home,DEN,WAS,130,110,1,c752ca7d-eb99-408b-a91f-7351eb19c7b2,3.360835809215259,0.269049193309724,-0.8865431094643976,0.27045199324149155,0.36204381183561474,3.6898898714984845,-1.375574471639238,2.5202622908280823,1.4305770202996422,0.08619319693696988,1.1527049904904347,1.4953046491848725,0.20545295475438044,0.4835889483812973
Aaron Gordon,Home,DEN,WAS,130,110,1,c752ca7d-eb99-408b-a91f-7351eb19c7b2,1.0762926105821968,2.5595639698855126,-0.5314078347129738,0.5834045502361681,1.1018264171749037,-0.9210318655629977,-0.43780002952470176,-0.4304408129803143,0.7293654653736041,-1.0126328309466952,1.83195371837426,1.600599141004634,0.5519942051138017,1.2953469120779835
Kentavious Caldwell-Pope,Home,DEN,WAS,130,110,1,c752ca7d-eb99-408b-a91f-7351eb19c7b2,-0.9741020197670341,-1.4154003159028943,0.023713035743089823,-0.4497142109151929,-0.4467301967009425,-0.7505689747697756,-0.5028427836405144,-0.5368991943788222,-2.197692169421847,1.1745527825204896,-1.2041518504187765,0.3796870158478604,-0.46173651168861424,2.2479584617717108
Christian Braun,Home,DEN,WAS,130,110,1,c752ca7d-eb99-408b-a91f-7351eb19c7b2,0.6043563131194302,0.6166454263023515,1.1686667446754235,1.0614150203749642,0.6876118835692288,3.603413369777488,-1.4418275486924674,2.117495180195782,1.7084096541619627,-0.2704699320653128,0.6538685281978356,0.8997722245620468,0.4632370134368337,0.39419740035000367
Peyton Watson,Home,DEN,WAS,130,110,1,c752ca7d-eb99-408b-a91f-7351eb19c7b2,-0.08510537728592217,1.4564801692852671,-1.2520171980553432,2.33044649194472,-0.7630035643677184,2.5942308272228134,5.094787775622597,0.2872061618181656,2.2413101899678485,0.2341782274557327,3.3305371093086116,0.8152856505299303,0.055622167040070794,-0.06130550329700006
Reggie Jackson,Home,DEN,WAS,130,110,1,c752ca7d-eb99-408b-a91f-7351eb19c7b2,1.8004228997412755,1.5374599806389517,0.05045776292650688,-0.18643184442214356,-0.7343549490928492,-1.3569183608249442,-0.27340248076398843,-0.20506458059091123,0.06738504486461641,0.5550613265321873,-1.2041518504187765,1.5116213198758903,0.20716921275204866,1.7771302997589178
Zeke Nnaji,Home,DEN,WAS,130,110,1,c752ca7d-eb99-408b-a91f-7351eb19c7b2,-0.44472142830427386,-1.3833709074996792,0.02401714935951978,-0.48173013020217115,-0.46643835952071905,1.520951155181722,6.037435269460333,-1.5943633369302173,1.9211217833978285,-1.3737333836901042,-1.2041518504187765,0.11302565863931885,0.15490855692190464,-0.8759313329021124
Justin Holiday,Home,DEN,WAS,130,110,1,c752ca7d-eb99-408b-a91f-7351eb19c7b2,0.41880307232802527,0.03751464326777382,2.1692590493749004,0.19564912526170036,-0.6619593113905868,-0.8426819631915652,1.4450335469121829,-0.4268835879634601,2.745215398247009,0.7890505336579983,-1.2041518504187765,0.036150162230181214,0.11940448246951106,-1.5265534324746066
Jay Huff,Home,DEN,WAS,130,110,1,c752ca7d-eb99-408b-a91f-7351eb19c7b2,-1.3580068685558015,-1.2148047941060454,-0.07776715441144258,-0.08316678709177572,1.0005639458747704,0.6305997800199239,-1.1606753833098078,-1.3440920809022467,0.5044757126129635,0.12740552275824568,-1.2041518504187765,-0.39950758279825416,-1.370710708484606,0.2715958810215216
Julian Strawther,Home,DEN,WAS,130,110,1,c752ca7d-eb99-408b-a91f-7351eb19c7b2,-1.6624353486396442,-1.739247182831515,0.010097677348375038,-0.1541415876248048,-0.30083794122915997,-1.7705604178300285,-0.11183437453005611,0.004726014527356918,-1.929590574296387,2.652859151962201,-1.2041518504187765,-0.8334222430185738,-1.4208640079143808,0.6710393498491577
Jalen Pickett,Home,DEN,WAS,130,110,1,c752ca7d-eb99-408b-a91f-7351eb19c7b2,-1.8973738237025823,-0.3555180741965013,0.033776431777680596,-1.5091500855024726,-1.0988912209190045,-1.7705604178300285,-0.11183437453005611,0.004726014527356918,-1.2515138631811882,-0.6956306485191371,-1.2041518504187765,-1.1132523548183377,-0.010364151652302634,-0.441038167416652
DeAndre Jordan,Home,DEN,WAS,130,110,1,c752ca7d-eb99-408b-a91f-7351eb19c7b2,-1.8973738237025823,-1.739247182831515,0.010097677348375038,-0.1541415876248048,-0.30083794122915997,-2.33442510567548,-0.12524147112659734,0.4599210276564779,-2.6648560434597863,-0.23951144567566177,-1.2041518504187765,-2.5085461074395017,0.7279403824174387,0.07005446168843027
Braxton Key,Home,DEN,WAS,130,110,1,c752ca7d-eb99-408b-a91f-7351eb19c7b2,-1.8973738237025823,-1.739247182831515,0.010097677348375038,-0.1541415876248048,-0.30083794122915997,-2.33442510567548,-0.12524147112659734,0.4599210276564779,-2.6648560434597863,-0.23951144567566177,-1.2041518504187765,-2.5085461074395017,0.7279403824174387,0.07005446168843027
Nikola JokiÄ,Away,DEN,POR,127,112,1,806ef970-8bdd-453d-be54-ec7e0da2a615,3.197446686510115,5.183005387636709,0.8679212780169042,-2.119424658650552,0.3225137590012192,5.028342268918615,-0.8111498610556837,-0.4307309941282677,1.9943121685397251,-0.8936029606281363,2.40433730867343,2.4282728075645594,2.229514245883223,0.29231513159226225
Michael Porter Jr.,Away,DEN,POR,127,112,1,806ef970-8bdd-453d-be54-ec7e0da2a615,6.345514385775476,-0.18174015732192303,0.7218424860305264,0.0481079092473442,1.5869486801055013,4.196640424834884,-0.3553867308129131,1.0579727397617278,2.2865865043524516,0.2633550161334547,1.6915806607709107,2.194057813940482,1.1270586193009766,0.37688524227156817
Kentavious Caldwell-Pope,Away,DEN,POR,127,112,1,806ef970-8bdd-453d-be54-ec7e0da2a615,0.00752429984053381,1.1769757812350266,-0.3508590897749381,0.6362474067518499,-0.5741388223991918,0.086185175109048,-0.6225325570038361,0.0949488106616342,1.1122911272855296,0.8404320411845926,3.3305371093086116,1.283145463376561,0.8659755382856484,1.583547840486742
Aaron Gordon,Away,DEN,POR,127,112,1,806ef970-8bdd-453d-be54-ec7e0da2a615,-0.44472142830427386,3.228467456181641,-0.019659448237657254,0.897171689053659,-1.2723160597578813,-0.5457690197157051,0.8722872691031772,-0.6460928186129546,1.405896188827521,-1.2157064407696263,-0.2156569579496906,1.2910952449279427,1.3502044133669364,1.3279784690847674
Reggie Jackson,Away,DEN,POR,127,112,1,806ef970-8bdd-453d-be54-ec7e0da2a615,0.9532986766159784,0.5421265700478064,-1.0281899649065298,0.09979620033798355,-0.5805094442268098,-1.7062600586897578,-0.11030549509360843,-0.04718218872420951,0.34756238053866845,0.5438208486714502,-1.2041518504187765,0.7247393994481931,-1.3300497336165176,0.4729016847548338
Collin Gillespie,Away,DEN,POR,127,112,1,806ef970-8bdd-453d-be54-ec7e0da2a615,2.5695314983165987,0.3381934389528338,0.9519260801836171,-0.8981340293291279,-0.21577034344404605,-0.8436140203523339,-0.4405679272585547,-0.49497731984204474,3.8852338472234744,0.4111267014956302,-0.8266633025645893,1.4063321298701166,1.8652298983368665,0.7393209774295844
Christian Braun,Away,DEN,POR,127,112,1,806ef970-8bdd-453d-be54-ec7e0da2a615,-0.925986226053284,0.9938963775455704,-1.3003206958940916,0.20657940879323725,-0.8277213394119552,-0.7482395345478753,-0.4743843562443159,-0.5570743735749555,-0.9720668093708524,0.3997917510194522,0.6489099547793488,0.5048499442966453,-0.725787802129901,0.993329478042582
Peyton Watson,Away,DEN,POR,127,112,1,806ef970-8bdd-453d-be54-ec7e0da2a615,-0.07731943996383296,-0.5702982204698012,-0.7970733001764352,0.7235817316405901,0.6639666078592794,1.080160511610997,0.7045674479550054,-0.04275584796040257,1.7540792711968507,0.19883231915060778,0.6489099547793488,0.3151658094481301,-0.6559223396610518,0.01814050038195972
Zeke Nnaji,Away,DEN,POR,127,112,1,806ef970-8bdd-453d-be54-ec7e0da2a615,-0.9112695905354766,-0.37645462467785046,1.3330238546257327,0.08286383302950968,-0.014595366841206402,1.2078275339273044,-0.6685884303931016,2.4832433954280435,1.6040465817476153,-1.8798279883350508,-1.2041518504187765,0.09952850106879767,-0.04422542172636216,-0.695809934089524
Justin Holiday,Away,DEN,POR,127,112,1,806ef970-8bdd-453d-be54-ec7e0da2a615,-1.6624353486396442,-1.4770259884687802,-0.03383473853153378,-0.11865418735829027,0.34986300232280526,-1.7062600586897578,-0.11030549509360843,-0.04718218872420951,-1.929590574296387,2.652859151962201,-1.2041518504187765,-0.9606083385901435,-1.6487240805927221,0.44452048373107167
Julian Strawther,Away,DEN,POR,127,112,1,806ef970-8bdd-453d-be54-ec7e0da2a615,-1.5929453436187397,-1.739247182831515,0.010097677348375038,-0.1541415876248048,-0.30083794122915997,-0.39056671075570426,5.664642375428194,-0.31226144423425956,2.8589170879573222,-2.3723512499474855,-1.2041518504187765,-0.06109862184230178,0.7711809822329041,-2.1922383639922267
Jalen Pickett,Away,DEN,POR,127,112,1,806ef970-8bdd-453d-be54-ec7e0da2a615,-1.6109907670312205,-1.4770259884687802,-0.03383473853153378,-0.11865418735829027,0.34986300232280526,-1.7161524216344148,-0.11054070731460038,-0.03919631130089159,-1.1423909802378402,2.4170955569645867,2.7479463301565312,-0.024261003571669132,-3.2151929703621933,1.1990113610313258
Jay Huff,Away,DEN,POR,127,112,1,806ef970-8bdd-453d-be54-ec7e0da2a615,-1.6624353486396442,-1.739247182831515,0.010097677348375038,-0.1541415876248048,-0.30083794122915997,-1.7062600586897578,-0.11030549509360843,-0.04718218872420951,-1.929590574296387,2.652859151962201,-1.2041518504187765,-0.7019136357082941,-2.473058484519603,0.9127775502169042
Braxton Key,Away,DEN,POR,127,112,1,806ef970-8bdd-453d-be54-ec7e0da2a615,-1.8973738237025823,-1.739247182831515,0.010097677348375038,-0.1541415876248048,-0.30083794122915997,1.806232216219846,4.670342120889572,-1.588778717644825,-2.6648560434597863,-0.23951144567566177,-1.2041518504187765,-1.0945055461038748,0.27545594803129225,-1.2365001565975284
DeAndre Jordan,Away,DEN,POR,127,112,1,806ef970-8bdd-453d-be54-ec7e0da2a615,-1.8973738237025823,-1.739247182831515,0.010097677348375038,-0.1541415876248048,-0.30083794122915997,-2.33442510567548,-0.12524147112659734,0.4599210276564779,-2.6648560434597863,-0.23951144567566177,-1.2041518504187765,-2.5085461074395017,0.7279403824174387,0.07005446168843027
Nikola JokiÄ,Away,DEN,GSW,119,103,1,0c2750b3-eeb1-454f-b6a1-e41999ed2988,4.810594382282427,6.795882939501366,2.5907673272111866,-2.500901639676485,-0.6405697209986693,5.201037854421843,-0.8682011209743511,-1.7549477157776134,1.2915130935236139,-0.37517214118046516,2.2383277174590512,2.7582998853989564,2.2833109594229697,-0.42620317627132687
Jamal Murray,Away,DEN,GSW,119,103,1,0c2750b3-eeb1-454f-b6a1-e41999ed2988,3.627822183107155,1.7165911244165097,-1.6371825325764415,0.7165189747007314,0.5136357229864316,0.4026209014912722,0.7569182248376106,-0.17781591243868713,1.8087273699660438,0.08967833192226923,3.541725468373051,2.1253593679731653,0.8062293361769726,0.8732583716948208
Kentavious Caldwell-Pope,Away,DEN,GSW,119,103,1,0c2750b3-eeb1-454f-b6a1-e41999ed2988,1.3868618820826502,-0.1725397969027759,0.8190749524774902,-0.5140517590761505,0.06707680118658217,-0.7759038241414657,-0.3459198130958099,0.4568734834020681,1.934402128227126,0.2978830509586918,0.6190769111484016,1.375406956158708,1.1724745896080504,1.0570782422475187
Aaron Gordon,Away,DEN,GSW,119,103,1,0c2750b3-eeb1-454f-b6a1-e41999ed2988,1.0927747068984015,2.3367774885806156,1.418629149447729,1.5406470089411979,1.7714660766444525,1.4550170803844569,0.5444315441978239,0.3178584453221255,1.3253803365764296,-0.8336951511253184,2.1587253098645736,1.6902903006677474,1.2608937139486436,1.0393312700361756
Michael Porter Jr.,Away,DEN,GSW,119,103,1,0c2750b3-eeb1-454f-b6a1-e41999ed2988,1.0595166277274992,-0.717337430547337,0.8263815921193104,0.002325868954919474,0.28927327398666636,1.1007253061683397,-1.1599272569910553,-1.5384981869025756,-0.11569851450108651,0.8286204958113085,1.2274831613632469,1.0763931765874561,-0.10846051058720586,0.7257551205234002
Christian Braun,Away,DEN,GSW,119,103,1,0c2750b3-eeb1-454f-b6a1-e41999ed2988,0.01687356425889906,-0.9668723939579177,0.964493504229456,0.3500010473908656,0.3612047883982556,0.748744118948778,1.3043208423221466,1.2713842873172474,0.9210322103041111,0.16886976827622496,-1.2041518504187765,0.3747362954234251,-0.2980320486339125,-0.273891124976529
Reggie Jackson,Away,DEN,GSW,119,103,1,0c2750b3-eeb1-454f-b6a1-e41999ed2988,-0.8104397746555198,1.0886524290926374,-1.4731841702666446,0.8625751219690622,1.3251884496284747,-1.7557218734130429,-0.11148155619856819,-0.007252801607619963,2.1836495666696965,1.9913656793840084,-1.2041518504187765,-0.24861497285645334,-0.7152147125058582,0.17736160325942543
Zeke Nnaji,Away,DEN,GSW,119,103,1,0c2750b3-eeb1-454f-b6a1-e41999ed2988,-1.2415294313538892,-0.7482814715631025,-0.06279710808899444,-0.5213557781150668,0.7668807832967104,1.8897849155858104,1.9395875782814516,3.360710050768096,0.2322682161517397,-1.2706792449155884,3.7680004760151733,0.1537003581128869,-0.1932708935400296,-0.5691554595912618
Peyton Watson,Away,DEN,GSW,119,103,1,0c2750b3-eeb1-454f-b6a1-e41999ed2988,-0.5026825066770036,-0.3000520454932317,-0.8200046807186959,0.33635254213950583,-0.2674900363062944,-1.0373977877355864,-0.4071761033630379,-0.4213953974206891,-0.0201007412815071,1.7174216468356285,-0.08446718448861668,-0.05034897884991864,-1.8627260137993384,-0.28899215229061637
Jay Huff,Away,DEN,GSW,119,103,1,0c2750b3-eeb1-454f-b6a1-e41999ed2988,-1.794484660485735,-1.739247182831515,0.010097677348375038,-0.1541415876248048,-0.30083794122915997,6.807378884381441,-2.334042911655897,4.1368757417278434,0.4891759437102011,-1.179305655783518,0.9887177736640923,0.455173896447627,1.563339105462098,-1.9165063034687189
Justin Holiday,Away,DEN,GSW,119,103,1,0c2750b3-eeb1-454f-b6a1-e41999ed2988,-1.6624353486396442,-1.739247182831515,0.010097677348375038,-0.1541415876248048,-0.30083794122915997,-1.7507756919407145,-0.1113639500880722,-0.011245740319278906,-1.929590574296387,2.652859151962201,-1.2041518504187765,-0.15585977183239358,-2.3493409487703767,1.7450150840458556
Braxton Key,Away,DEN,GSW,119,103,1,0c2750b3-eeb1-454f-b6a1-e41999ed2988,-1.8245550307870044,-1.739247182831515,0.010097677348375038,-0.1541415876248048,-0.30083794122915997,1.8227596016937317,-1.7607049117188893,-2.2328237863709672,-2.6648560434597863,-0.23951144567566177,-1.2041518504187765,-0.09609464100551349,-2.046769392285687,1.4554281075911182
Jalen Pickett,Away,DEN,GSW,119,103,1,0c2750b3-eeb1-454f-b6a1-e41999ed2988,-1.8973738237025823,-1.739247182831515,0.010097677348375038,-0.1541415876248048,-0.30083794122915997,-1.7507756919407145,-0.1113639500880722,-0.011245740319278906,-2.6648560434597863,-0.23951144567566177,-1.2041518504187765,-1.1375302495956097,-0.38150364589812463,0.5666457692628742
Julian Strawther,Away,DEN,GSW,119,103,1,0c2750b3-eeb1-454f-b6a1-e41999ed2988,-1.8973738237025823,-1.739247182831515,0.010097677348375038,-0.1541415876248048,-0.30083794122915997,-1.7507756919407145,-0.1113639500880722,-0.011245740319278906,-2.6648560434597863,-0.23951144567566177,-1.2041518504187765,-1.1176085393199828,-0.280646460403228,0.47011677711129507
DeAndre Jordan,Away,DEN,GSW,119,103,1,0c2750b3-eeb1-454f-b6a1-e41999ed2988,-1.8973738237025823,-1.739247182831515,0.010097677348375038,-0.1541415876248048,-0.30083794122915997,-2.33442510567548,-0.12524147112659734,0.4599210276564779,-2.6648560434597863,-0.23951144567566177,-1.2041518504187765,-2.5085461074395017,0.7279403824174387,0.07005446168843027
Jamal Murray,Home,DEN,SAC,117,96,1,d3080edf-0aa6-488b-b7eb-ba0184332308,5.15723373647572,2.9892612532424,-1.0999771764412396,0.4558763103640961,-2.1088740206092016,-0.6256671164284953,-0.5346207816314605,-0.5765808687828327,3.6370139693152144,0.04800357516436051,0.561353410825529,1.8983417922204866,0.8880345501638696,-0.6778660815868931
Nikola JokiÄ,Home,DEN,SAC,117,96,1,d3080edf-0aa6-488b-b7eb-ba0184332308,0.12182207481263695,4.577612922383587,1.528417670979475,-0.6460895316410568,0.05681932712496535,4.313489944139883,-0.7172857973909184,-1.9874869705023732,0.7335732286059238,-1.5244391277524878,2.601723389946226,2.1386710023227224,2.826877234708008,1.661647136198423
Kentavious Caldwell-Pope,Home,DEN,SAC,117,96,1,d3080edf-0aa6-488b-b7eb-ba0184332308,2.734979968358633,1.6983936906579917,2.5233617104300716,0.013771372269848339,1.2846166592696653,-0.7345236725104928,-0.3592688168205985,0.6735625642606962,2.692132123870348,0.8061817713234809,-1.2041518504187765,1.8983540580072729,2.810055459447108,1.8592452996589879
Michael Porter Jr.,Home,DEN,SAC,117,96,1,d3080edf-0aa6-488b-b7eb-ba0184332308,1.9081834138169502,0.8530103372162964,-1.5017652317726173,1.1085483339080344,0.8341075412287102,0.8278220837312683,0.54433060811177,-1.3338501254220758,0.9395125464050028,0.6981006753981874,1.2274831613632469,1.9749077378096866,1.2960231948800112,2.5981955869674334
Aaron Gordon,Home,DEN,SAC,117,96,1,d3080edf-0aa6-488b-b7eb-ba0184332308,0.622897756772525,0.32612812355248494,0.09295098879757804,-2.0498199282810505,-1.251440823008093,1.1836642295786761,-1.0342572419782268,-0.22999618876509037,2.341162320976852,-1.7705537944689624,2.101209400847364,1.9042008748073853,3.0416668463096648,1.827811548225926
Peyton Watson,Home,DEN,SAC,117,96,1,d3080edf-0aa6-488b-b7eb-ba0184332308,-0.6035123225569607,0.343791798666029,-1.3713433573690368,1.0452166333614479,0.22526001471724091,-0.02862321245350679,1.2036122327677188,0.5845857773039403,0.10701789754865138,-0.7865015779668999,-1.2041518504187765,-0.024383266914243012,-1.877353021793486,-1.0507757889768026
Christian Braun,Home,DEN,SAC,117,96,1,d3080edf-0aa6-488b-b7eb-ba0184332308,0.5065613985956536,-0.7046511995951829,0.9205610883495472,0.38548844765738016,1.0119057319502207,-0.35425193128645666,-0.6681811812851955,-0.7303319170749537,-0.28153817595750374,1.5296193942560112,-1.2041518504187765,0.07283398626189792,-1.7392055677960874,-0.5323966546220974
Reggie Jackson,Home,DEN,SAC,117,96,1,d3080edf-0aa6-488b-b7eb-ba0184332308,-0.2875549158249435,0.30159250009816513,-0.6471917760793378,-0.6427757687051769,-1.282597932603978,-1.279106187636826,-0.3061002669876387,-0.2523043632226767,0.44203316847203394,0.5056374109196352,-1.2041518504187765,0.6597561507605719,0.1273873300813042,0.976241129008816
Zeke Nnaji,Home,DEN,SAC,117,96,1,d3080edf-0aa6-488b-b7eb-ba0184332308,-1.4439789698929106,-0.6672078870784927,1.1054986740503272,0.5025292138691372,0.9543562086873901,0.8971229368618708,5.280350154955405,-1.2162718404497297,-2.4810396761689364,0.4835812037338038,-1.2041518504187765,-0.5498463721160413,-1.8972790775009536,-1.0468542298482255
Justin Holiday,Home,DEN,SAC,117,96,1,d3080edf-0aa6-488b-b7eb-ba0184332308,-1.3580068685558015,-0.16900752999419738,-0.07533052499166412,2.062269647981067,-0.9777163012432657,-1.1902419127684087,-0.36972485190262194,-0.29526184281014206,0.18597606635299782,0.23019294875114155,-1.2041518504187765,-0.5483423961111095,-1.3689447774277,-0.8446776694832071
Jay Huff,Home,DEN,SAC,117,96,1,d3080edf-0aa6-488b-b7eb-ba0184332308,-1.045378249718458,-1.739247182831515,0.010097677348375038,-0.1541415876248048,-0.30083794122915997,1.4345318877866964,-1.5383792460502332,-1.8098908987225963,6.8144516328082245,1.1628426395673603,-1.2041518504187765,-0.15738315115530765,1.1247543330191918,-1.5936422827219965
Hunter Tyson,Home,DEN,SAC,117,96,1,d3080edf-0aa6-488b-b7eb-ba0184332308,-0.7376209817399418,-1.739247182831515,0.010097677348375038,-0.1541415876248048,-0.30083794122915997,2.719309255273189,-1.1141323414415292,3.058478386395249,1.0125508488215178,1.376217860169253,-1.2041518504187765,0.7609789933479385,-0.7283852197065726,-0.4808222189934379
Jalen Pickett,Home,DEN,SAC,117,96,1,d3080edf-0aa6-488b-b7eb-ba0184332308,-1.6624353486396442,1.1377834757321093,-1.941246447463753,1.207918611355751,-0.42591163696107814,-1.7952913251916711,-0.112422405082536,0.024690708085651696,-1.7106220674926607,2.5821927965920852,-1.2041518504187765,-0.22778754373076132,-2.482935624416358,1.5288301238384299
Julian Strawther,Home,DEN,SAC,117,96,1,d3080edf-0aa6-488b-b7eb-ba0184332308,-1.5896165557240662,-0.00028281736084195515,0.0371493282508127,-1.8642357357762314,-1.3174726631019813,-1.785398962247014,-0.11218719286154404,0.01670483066233378,-2.0583485741831127,1.1295832836485975,-1.2041518504187765,0.7880232474198628,-2.7736856961290317,1.7673029734873285
DeAndre Jordan,Home,DEN,SAC,117,96,1,d3080edf-0aa6-488b-b7eb-ba0184332308,-1.8973738237025823,-1.739247182831515,0.010097677348375038,-0.1541415876248048,-0.30083794122915997,-2.33442510567548,-0.12524147112659734,0.4599210276564779,-2.6648560434597863,-0.23951144567566177,-1.2041518504187765,-2.5085461074395017,0.7279403824174387,0.07005446168843027
Michael Porter Jr.,Home,DEN,MIA,103,97,1,59bf8edd-a513-47bb-9b56-006247f1c365,5.8226502910770215,1.6237795195808165,0.8167582073441961,0.38785462437855067,0.3151577672972134,3.5871533063935312,0.9784823257764032,-0.988465070646335,1.3769768873395953,0.2960453486675966,1.1028528765752266,2.0196582447501115,0.32532299237291845,-0.9513895217376299
Nikola JokiÄ,Home,DEN,MIA,103,97,1,59bf8edd-a513-47bb-9b56-006247f1c365,1.379592729133297,3.662929413103011,-0.8572276177852419,0.03998937630543977,0.7023919753572114,3.612121512849749,0.9741814221560233,-1.0069291628836383,-0.005759456554511042,-0.6042470084161823,3.5745229117383195,1.960757807653725,0.5370915255278774,0.40497599687811503
Aaron Gordon,Home,DEN,MIA,103,97,1,59bf8edd-a513-47bb-9b56-006247f1c365,0.15189244511390637,3.060566282149429,0.49850084304705566,2.1048792794685163,-0.06478159956774378,2.4683535833207455,-0.004470056321209439,-0.37191992448700034,0.9207789623247941,-1.6068181172639835,4.033687118852078,1.2359600471272736,-0.007558351810992353,-0.698842726189622
Kentavious Caldwell-Pope,Home,DEN,MIA,103,97,1,59bf8edd-a513-47bb-9b56-006247f1c365,3.1062067648343614,0.9034073828686209,0.20832319134475227,0.3013302413765887,1.8633525099047377,-0.4177290963529624,0.9717796761231824,0.26224332636945313,1.8666095684173032,1.2519770274041109,2.4967715711773666,1.4409513385087915,0.7247440975265567,0.1522418382460043
Jamal Murray,Home,DEN,MIA,103,97,1,59bf8edd-a513-47bb-9b56-006247f1c365,0.2600121780753384,0.6796432519764151,-0.7005648998011503,-0.7512070008149755,-0.7565440595608001,-1.1347306309812122,-0.37312033570620545,-0.361448432483957,1.0236152699260712,1.1214508536250976,-1.2041518504187765,0.64170456637178,0.03987347403085265,0.2680481729907394
Reggie Jackson,Home,DEN,MIA,103,97,1,59bf8edd-a513-47bb-9b56-006247f1c365,0.33624157769479224,1.2335432233211387,0.1392248107911234,0.40671844785466044,2.4613127489327247,-0.9297941861788404,-0.4360070527167071,-0.44948437326522356,-0.6002789136704583,0.5539734836126105,-1.2041518504187765,0.6703869454197376,-1.0096960376581268,0.26606438467203253
Christian Braun,Home,DEN,MIA,103,97,1,59bf8edd-a513-47bb-9b56-006247f1c365,-1.5201265507031618,-0.06908314349885832,0.8907140246351994,0.07592407664454028,1.4862563502180217,-0.09587607916653426,1.2212785434504305,0.38211296089500424,0.060629166742145524,-1.3003702389779912,-0.3163350838010118,-0.018966092134911308,0.029510987840454292,0.07074836334511557
Peyton Watson,Home,DEN,MIA,103,97,1,59bf8edd-a513-47bb-9b56-006247f1c365,-1.4439789698929106,-0.18849270744139768,0.19928803041442827,1.4704730704477065,-0.0971565366483144,-1.8150760510809851,-0.11289282952451989,0.04066246293228752,-2.4810396761689364,0.4835812037338038,-1.2041518504187765,0.12641628423209952,-0.8461582027934499,1.1744187778229602
Justin Holiday,Home,DEN,MIA,103,97,1,59bf8edd-a513-47bb-9b56-006247f1c365,0.27649427439154295,-0.5562674194802404,-0.014551808194260982,-1.0108871246332727,-0.16331774206299562,0.15116564698938673,-0.9395976808198127,-1.1512370362478663,2.4291597106617533,1.912133705181151,-1.2041518504187765,0.3460720436136346,0.29210982179032047,-1.1794712966838168
Zeke Nnaji,Home,DEN,MIA,103,97,1,59bf8edd-a513-47bb-9b56-006247f1c365,-1.7731104491785807,-0.7030750492068388,-1.3717662294408124,1.4922032094724946,-0.9309221380716317,0.7735548675801491,3.3619395768212446,1.8107727768992614,-1.917468905183735,-0.46242661242416405,2.7479463301565312,-0.028858731684888794,-1.1678596628755067,0.21103298611817156
Jay Huff,Home,DEN,MIA,103,97,1,59bf8edd-a513-47bb-9b56-006247f1c365,-1.8973738237025823,-1.739247182831515,0.010097677348375038,-0.1541415876248048,-0.30083794122915997,-2.33442510567548,-0.12524147112659734,0.4599210276564779,-2.6648560434597863,-0.23951144567566177,-1.2041518504187765,-2.5085461074395017,0.7279403824174387,0.07005446168843027
DeAndre Jordan,Home,DEN,MIA,103,97,1,59bf8edd-a513-47bb-9b56-006247f1c365,-1.8973738237025823,-1.739247182831515,0.010097677348375038,-0.1541415876248048,-0.30083794122915997,-2.33442510567548,-0.12524147112659734,0.4599210276564779,-2.6648560434597863,-0.23951144567566177,-1.2041518504187765,-2.5085461074395017,0.7279403824174387,0.07005446168843027
Jalen Pickett,Home,DEN,MIA,103,97,1,59bf8edd-a513-47bb-9b56-006247f1c365,-1.8973738237025823,-1.739247182831515,0.010097677348375038,-0.1541415876248048,-0.30083794122915997,-2.33442510567548,-0.12524147112659734,0.4599210276564779,-2.6648560434597863,-0.23951144567566177,-1.2041518504187765,-2.5085461074395017,0.7279403824174387,0.07005446168843027
Julian Strawther,Home,DEN,MIA,103,97,1,59bf8edd-a513-47bb-9b56-006247f1c365,-1.8973738237025823,-1.739247182831515,0.010097677348375038,-0.1541415876248048,-0.30083794122915997,-2.33442510567548,-0.12524147112659734,0.4599210276564779,-2.6648560434597863,-0.23951144567566177,-1.2041518504187765,-2.5085461074395017,0.7279403824174387,0.07005446168843027
Hunter Tyson,Home,DEN,MIA,103,97,1,59bf8edd-a513-47bb-9b56-006247f1c365,-1.8973738237025823,-1.739247182831515,0.010097677348375038,-0.1541415876248048,-0.30083794122915997,-2.33442510567548,-0.12524147112659734,0.4599210276564779,-2.6648560434597863,-0.23951144567566177,-1.2041518504187765,-2.5085461074395017,0.7279403824174387,0.07005446168843027
Nikola JokiÄ,Away,DEN,LAL,124,114,1,e0eb406c-a356-4a5c-83cf-d02b2fc1af44,4.92778597958567,1.7147508708788588,-1.0142528191230404,-0.7764632911491544,-0.9745151181728645,3.036785871318013,-0.1694553441991891,-0.5573091895885852,1.36648044877294,-0.8102462463544075,1.0936695924329514,2.553115481425573,0.8679777010167502,0.38896470699414737
Jamal Murray,Away,DEN,LAL,124,114,1,e0eb406c-a356-4a5c-83cf-d02b2fc1af44,3.5726553763047675,2.9561599580379156,0.12161067159154626,-1.5289449311198757,-0.4405658948247252,0.6667565572933093,-0.9583288177659538,-1.3020902660845362,0.5872985535714702,-0.4495184986575911,0.23828596384618733,2.030075775514692,-0.20399097091881413,0.18803988732770802
Michael Porter Jr.,Away,DEN,LAL,124,114,1,e0eb406c-a356-4a5c-83cf-d02b2fc1af44,3.884746446637253,0.3065956700347246,0.33327482136812026,-0.14056719284670346,-0.9124075038516615,2.6692211251160516,-0.2829244762696219,-2.37029192045041,5.183963499984853,0.09591499042611229,-1.2041518504187765,1.3397719110803694,1.148111100950542,-0.9198518980553094
Aaron Gordon,Away,DEN,LAL,124,114,1,e0eb406c-a356-4a5c-83cf-d02b2fc1af44,2.2059750822435675,1.037041433448112,0.38683219178103195,-0.4405429071928509,0.3213105033000641,3.134295161018545,-1.1812196187932866,2.6713373569864043,0.9055227461644796,-0.37345570158885955,0.5561058198870861,1.6314430279914416,0.2846902657874662,0.43879536327542945
Christian Braun,Away,DEN,LAL,124,114,1,e0eb406c-a356-4a5c-83cf-d02b2fc1af44,-1.2851880756402236,1.0792372664929564,-0.8757939298952536,1.8772251354384246,-0.6871256896684779,1.7965544517239163,2.016572800419279,-0.6251786522458397,-0.5248587513709829,-0.004575491033527547,-1.2041518504187765,0.47924727341783285,0.22102539036989907,0.6998912255246774
Justin Holiday,Away,DEN,LAL,124,114,1,e0eb406c-a356-4a5c-83cf-d02b2fc1af44,1.7373468085433525,-0.4653138803650509,0.9130578380367007,-0.4768714167378501,-0.5742363505755302,-0.842795096119683,-0.4283653695850306,-0.509536211329713,3.4138509252340015,0.7829156729083446,-1.2041518504187765,0.8960987415487778,0.722828401640532,0.08151062881112947
Peyton Watson,Away,DEN,LAL,124,114,1,e0eb406c-a356-4a5c-83cf-d02b2fc1af44,-0.6248865338641149,-1.739247182831515,0.010097677348375038,-0.1541415876248048,-0.30083794122915997,1.2564850266363476,4.935235180299947,0.12224571391960944,0.8626358939150288,-0.9624411399434448,0.6489099547793488,0.2528335852273417,-0.3220534587130595,-0.5560479067881577
Reggie Jackson,Away,DEN,LAL,124,114,1,e0eb406c-a356-4a5c-83cf-d02b2fc1af44,-1.8245550307870044,-0.67792050579634,-0.005166393737162696,-0.8611474160229635,-0.03508736922334001,-0.9209921158843705,-0.426094644059307,-0.5018159211670314,-1.9747734765631937,-0.4622175353269361,-1.2041518504187765,-0.5320462885503037,-0.4211776793321485,0.6466571942505741
Zeke Nnaji,Away,DEN,LAL,124,114,1,e0eb406c-a356-4a5c-83cf-d02b2fc1af44,-1.7517362378714265,-0.4679989926650845,-1.369778800497262,1.4695007686642114,-0.2598805211356182,1.0385000505196582,-0.45033282477713477,3.3329093317161234,-2.2999085321202424,-0.35728870462585494,-1.2041518504187765,-0.40932454553779074,-1.8374094765105011,0.9172770595585363
Jay Huff,Away,DEN,LAL,124,114,1,e0eb406c-a356-4a5c-83cf-d02b2fc1af44,-1.8973738237025823,-1.739247182831515,0.010097677348375038,-0.1541415876248048,-0.30083794122915997,-2.33442510567548,-0.12524147112659734,0.4599210276564779,-2.6648560434597863,-0.23951144567566177,-1.2041518504187765,-2.5085461074395017,0.7279403824174387,0.07005446168843027
DeAndre Jordan,Away,DEN,LAL,124,114,1,e0eb406c-a356-4a5c-83cf-d02b2fc1af44,-1.8973738237025823,-1.739247182831515,0.010097677348375038,-0.1541415876248048,-0.30083794122915997,-2.33442510567548,-0.12524147112659734,0.4599210276564779,-2.6648560434597863,-0.23951144567566177,-1.2041518504187765,-2.5085461074395017,0.7279403824174387,0.07005446168843027
Jalen Pickett,Away,DEN,LAL,124,114,1,e0eb406c-a356-4a5c-83cf-d02b2fc1af44,-1.8973738237025823,-1.739247182831515,0.010097677348375038,-0.1541415876248048,-0.30083794122915997,-2.33442510567548,-0.12524147112659734,0.4599210276564779,-2.6648560434597863,-0.23951144567566177,-1.2041518504187765,-2.5085461074395017,0.7279403824174387,0.07005446168843027
Julian Strawther,Away,DEN,LAL,124,114,1,e0eb406c-a356-4a5c-83cf-d02b2fc1af44,-1.8973738237025823,-1.739247182831515,0.010097677348375038,-0.1541415876248048,-0.30083794122915997,-2.33442510567548,-0.12524147112659734,0.4599210276564779,-2.6648560434597863,-0.23951144567566177,-1.2041518504187765,-2.5085461074395017,0.7279403824174387,0.07005446168843027
Hunter Tyson,Away,DEN,LAL,124,114,1,e0eb406c-a356-4a5c-83cf-d02b2fc1af44,-1.8973738237025823,-1.739247182831515,0.010097677348375038,-0.1541415876248048,-0.30083794122915997,-2.33442510567548,-0.12524147112659734,0.4599210276564779,-2.6648560434597863,-0.23951144567566177,-1.2041518504187765,-2.5085461074395017,0.7279403824174387,0.07005446168843027
Nikola JokiÄ,Home,DEN,PHO,107,117,0,0600f230-1294-4fcf-b558-68fd26ce1fb8,4.200092276209264,3.2007193418768884,-2.53454596186623,1.1323266485903452,-0.8306128403674966,4.53451507458598,-1.981521468928081,-0.6874064431612598,1.1672632702585923,0.5291007220112628,3.1761351960620887,1.7271930300323228,-1.183672164786873,-1.2963312021892899
Jamal Murray,Home,DEN,PHO,107,117,0,0600f230-1294-4fcf-b558-68fd26ce1fb8,4.548914324812894,2.7874199117867167,-0.16122289635284515,-1.2939625056621245,-1.9738112022189644,1.3682524772850022,-0.8782876520395495,1.0146710306898157,0.8122889343707053,-0.23138183980642718,1.0936695924329514,2.1533240013930754,-0.06383992421700552,-0.7333019514389331
Michael Porter Jr.,Home,DEN,PHO,107,117,0,0600f230-1294-4fcf-b558-68fd26ce1fb8,4.753467778903947,0.43733759302281255,-0.1405358185194478,1.117072777791862,1.3282452935024782,0.8465345588092463,-1.0240284715029195,-1.38236868962838,1.016007110915863,1.0585499580550535,-1.2041518504187765,1.4080312744545365,-0.8080439775849021,-0.5964097704586246
Kentavious Caldwell-Pope,Home,DEN,PHO,107,117,0,0600f230-1294-4fcf-b558-68fd26ce1fb8,1.1086789641647894,1.2083517319581665,0.8590574580109499,0.6521141100142637,0.4528343478905457,0.8390235533296568,1.7807928516764464,-1.383153215647117,3.381705339286618,0.7941587788827917,-1.2041518504187765,0.4680987091571122,-0.7075567741469514,-1.8806281672001866
Aaron Gordon,Home,DEN,PHO,107,117,0,0600f230-1294-4fcf-b558-68fd26ce1fb8,0.3974496251529931,0.1897839625906322,-0.5669278554082244,-0.305250040991088,0.3714744850883241,-0.35821814999807877,-0.48208830646024686,0.19908875716104188,-0.14651057788394792,0.3275159380061039,-0.8410941776453075,0.3403026772256237,-1.9967135339973068,-1.3595162059486607
Peyton Watson,Home,DEN,PHO,107,117,0,0600f230-1294-4fcf-b558-68fd26ce1fb8,-0.04100569530462829,0.6974872047276641,0.9424757273501525,-0.9315931713783236,0.36892586429530677,1.17316304897948,2.38516092124935,-0.39500646907742293,-0.5987679262775754,0.9622024667017451,-1.2041518504187765,0.5886248944312507,-0.1203690250091223,-0.18979487768354153
Christian Braun,Home,DEN,PHO,107,117,0,0600f230-1294-4fcf-b558-68fd26ce1fb8,-0.9326438018426308,-0.28081999685417425,0.9686861564831091,0.018058743934283996,0.7982170895003917,1.4308051867876457,2.6152711955224635,-0.39162081441281943,2.6390918306048894,-2.308144785808641,0.9991866499204162,0.5030705734338532,1.234439610608533,0.11482632496844516
Reggie Jackson,Home,DEN,PHO,107,117,0,0600f230-1294-4fcf-b558-68fd26ce1fb8,-0.35704492084584794,-1.4770259884687802,-0.03383473853153378,-0.11865418735829027,0.34986300232280526,-0.6083355611754407,-0.5512998994190983,-0.659224301482594,-0.6134390447533061,1.1554774896282272,-1.2041518504187765,-0.01665866469943431,-1.5072317513528801,0.045132666714621
Zeke Nnaji,Home,DEN,PHO,107,117,0,0600f230-1294-4fcf-b558-68fd26ce1fb8,-1.4867273925072189,-1.4770259884687802,-0.03383473853153378,-0.11865418735829027,0.34986300232280526,1.092542998158884,-0.9526739941167275,0.42901150321055925,-1.1806596992839866,0.8701844697395468,2.3006155082748316,-0.11522772936207024,-0.6027519574383785,0.5323434489977527
Justin Holiday,Home,DEN,PHO,107,117,0,0600f230-1294-4fcf-b558-68fd26ce1fb8,-1.8973738237025823,-1.739247182831515,0.010097677348375038,-0.1541415876248048,-0.30083794122915997,-2.33442510567548,-0.12524147112659734,0.4599210276564779,-2.6648560434597863,-0.23951144567566177,-1.2041518504187765,-2.5085461074395017,0.7279403824174387,0.07005446168843027
Jay Huff,Home,DEN,PHO,107,117,0,0600f230-1294-4fcf-b558-68fd26ce1fb8,-1.8973738237025823,-1.739247182831515,0.010097677348375038,-0.1541415876248048,-0.30083794122915997,-2.33442510567548,-0.12524147112659734,0.4599210276564779,-2.6648560434597863,-0.23951144567566177,-1.2041518504187765,-2.5085461074395017,0.7279403824174387,0.07005446168843027
DeAndre Jordan,Home,DEN,PHO,107,117,0,0600f230-1294-4fcf-b558-68fd26ce1fb8,-1.8973738237025823,-1.739247182831515,0.010097677348375038,-0.1541415876248048,-0.30083794122915997,-2.33442510567548,-0.12524147112659734,0.4599210276564779,-2.6648560434597863,-0.23951144567566177,-1.2041518504187765,-2.5085461074395017,0.7279403824174387,0.07005446168843027
Jalen Pickett,Home,DEN,PHO,107,117,0,0600f230-1294-4fcf-b558-68fd26ce1fb8,-1.8973738237025823,-1.739247182831515,0.010097677348375038,-0.1541415876248048,-0.30083794122915997,-2.33442510567548,-0.12524147112659734,0.4599210276564779,-2.6648560434597863,-0.23951144567566177,-1.2041518504187765,-2.5085461074395017,0.7279403824174387,0.07005446168843027
Julian Strawther,Home,DEN,PHO,107,117,0,0600f230-1294-4fcf-b558-68fd26ce1fb8,-1.8973738237025823,-1.739247182831515,0.010097677348375038,-0.1541415876248048,-0.30083794122915997,-2.33442510567548,-0.12524147112659734,0.4599210276564779,-2.6648560434597863,-0.23951144567566177,-1.2041518504187765,-2.5085461074395017,0.7279403824174387,0.07005446168843027
Hunter Tyson,Home,DEN,PHO,107,117,0,0600f230-1294-4fcf-b558-68fd26ce1fb8,-1.8973738237025823,-1.739247182831515,0.010097677348375038,-0.1541415876248048,-0.30083794122915997,-2.33442510567548,-0.12524147112659734,0.4599210276564779,-2.6648560434597863,-0.23951144567566177,-1.2041518504187765,-2.5085461074395017,0.7279403824174387,0.07005446168843027
Nikola JokiÄ,Home,DEN,BOS,115,109,1,bac2b8b8-c8c6-4d22-a721-1efab1ca9124,2.548335616628546,2.5546159951830734,1.6878545237733742,-2.2329582167249207,-0.8148096781945356,3.513174779526322,-1.5042512345414774,1.0258876201914404,0.9432573424702536,-1.5994760933314218,5.800868070529203,2.2157868195155244,1.3882290392305436,-0.849617394564604
Jamal Murray,Home,DEN,BOS,115,109,1,bac2b8b8-c8c6-4d22-a721-1efab1ca9124,2.2743367257317297,4.1100725352939715,-0.24392548371504422,0.5209844325312039,-0.6904708363828407,0.4860837342491606,-0.9087843618423511,-1.1748510869957198,0.184416860932995,-0.1865374663404807,2.310482092862642,1.8819382317898603,-0.3393126270158753,0.07172481661078242
Aaron Gordon,Home,DEN,BOS,115,109,1,bac2b8b8-c8c6-4d22-a721-1efab1ca9124,1.372024931671924,-0.4531888179867597,0.7489071007346498,0.007801515559211395,0.9450628137264798,2.3894727952537553,-1.2128455905409556,0.8045168682572513,0.44611359967392417,-1.0139003808318356,-1.2041518504187765,1.0413556193987858,-0.6560891663837707,-0.6693890762961535
Kentavious Caldwell-Pope,Home,DEN,BOS,115,109,1,bac2b8b8-c8c6-4d22-a721-1efab1ca9124,0.6756117789387319,1.8587728581475518,1.1984293596863398,2.0223534733955604,1.193725493345715,-0.6216230690701086,-0.526950213349229,-0.595782186457347,1.4381222610801463,0.4417401365611873,1.3639205257627638,0.8075103642096351,-0.30366910146677006,-0.4406263225702111
Michael Porter Jr.,Home,DEN,BOS,115,109,1,bac2b8b8-c8c6-4d22-a721-1efab1ca9124,0.7183602015530401,-0.4043684756557548,-0.1523760347777808,-0.2699276143281605,2.1793650426575635,-0.9231204951498131,-0.4058023964886671,-0.4531521985481271,0.660174674804184,0.3342178941551422,-1.2041518504187765,0.5663164413381843,-0.7643202436946644,-0.14802656432638162
Peyton Watson,Home,DEN,BOS,115,109,1,bac2b8b8-c8c6-4d22-a721-1efab1ca9124,0.9499698887213051,-0.5279901961142227,1.0295416669236088,-0.018430739144608434,0.13511776644461407,1.3181297121293574,2.762104620870261,-1.5713552731061857,1.2402902977982606,0.10766667764232817,-1.2041518504187765,1.0733960622793095,0.9146922849840154,-0.07966458378035143
Christian Braun,Home,DEN,BOS,115,109,1,bac2b8b8-c8c6-4d22-a721-1efab1ca9124,-0.8992446436466879,-0.3111920148464015,-0.15149134062089373,-0.36306483407209716,2.122032205363668,1.7739581981816577,-1.2697230757250095,-0.507384876193521,1.5401590440604438,-0.7832940356432466,3.19402021377811,0.3837727730443037,0.39460411035477533,0.4314429325315115
Justin Holiday,Home,DEN,BOS,115,109,1,bac2b8b8-c8c6-4d22-a721-1efab1ca9124,-1.3580068685558015,-1.0541791319302216,-0.019279392595126437,-0.5131851066266111,0.1430546072262587,-1.1822285641052868,2.046861217754489,-0.2347990277718498,0.5641943962867071,0.1081328803845778,-1.2041518504187765,-0.14352501760632594,0.20369290428015716,0.3715662575095847
Reggie Jackson,Home,DEN,BOS,115,109,1,bac2b8b8-c8c6-4d22-a721-1efab1ca9124,-0.7623032168096475,-0.7101123125359842,0.040950110842561185,-1.126567327532322,-0.8273287548446099,-0.4418799929879571,2.0141158614611037,-0.6284817318034595,-0.8750744988902216,-0.4697288286245172,-1.2041518504187765,0.628812312635109,-0.7089046378459951,0.15647284920229104
Zeke Nnaji,Home,DEN,BOS,115,109,1,bac2b8b8-c8c6-4d22-a721-1efab1ca9124,-1.4900561804018924,-0.8477345814048125,1.552931276913755,0.7224034853373651,0.17809266892561262,-0.1131721282664675,-0.8202325988014172,-0.9401186710166096,3.1252992199518483,-2.453919840208039,3.6125132428855706,-0.15397077950775276,0.5720387216019969,-0.6041594530289295
Jay Huff,Home,DEN,BOS,115,109,1,bac2b8b8-c8c6-4d22-a721-1efab1ca9124,-1.8973738237025823,-1.739247182831515,0.010097677348375038,-0.1541415876248048,-0.30083794122915997,-2.33442510567548,-0.12524147112659734,0.4599210276564779,-2.6648560434597863,-0.23951144567566177,-1.2041518504187765,-2.5085461074395017,0.7279403824174387,0.07005446168843027
DeAndre Jordan,Home,DEN,BOS,115,109,1,bac2b8b8-c8c6-4d22-a721-1efab1ca9124,-1.8973738237025823,-1.739247182831515,0.010097677348375038,-0.1541415876248048,-0.30083794122915997,-2.33442510567548,-0.12524147112659734,0.4599210276564779,-2.6648560434597863,-0.23951144567566177,-1.2041518504187765,-2.5085461074395017,0.7279403824174387,0.07005446168843027
Jalen Pickett,Home,DEN,BOS,115,109,1,bac2b8b8-c8c6-4d22-a721-1efab1ca9124,-1.8973738237025823,-1.739247182831515,0.010097677348375038,-0.1541415876248048,-0.30083794122915997,-2.33442510567548,-0.12524147112659734,0.4599210276564779,-2.6648560434597863,-0.23951144567566177,-1.2041518504187765,-2.5085461074395017,0.7279403824174387,0.07005446168843027
Julian Strawther,Home,DEN,BOS,115,109,1,bac2b8b8-c8c6-4d22-a721-1efab1ca9124,-1.8973738237025823,-1.739247182831515,0.010097677348375038,-0.1541415876248048,-0.30083794122915997,-2.33442510567548,-0.12524147112659734,0.4599210276564779,-2.6648560434597863,-0.23951144567566177,-1.2041518504187765,-2.5085461074395017,0.7279403824174387,0.07005446168843027
Hunter Tyson,Home,DEN,BOS,115,109,1,bac2b8b8-c8c6-4d22-a721-1efab1ca9124,-1.8973738237025823,-1.739247182831515,0.010097677348375038,-0.1541415876248048,-0.30083794122915997,-2.33442510567548,-0.12524147112659734,0.4599210276564779,-2.6648560434597863,-0.23951144567566177,-1.2041518504187765,-2.5085461074395017,0.7279403824174387,0.07005446168843027
Jamal Murray,Home,DEN,UTA,142,121,1,8c0cafa9-8031-4bd7-8a6e-54180643e9ad,6.6717312785978855,2.0269187517178717,1.2319464530569937,-0.6953368434268129,0.19256155029323527,-0.20585310617736802,-0.504695588646081,0.3363490503430036,2.466341082754816,0.3311857796704213,3.102668922923887,2.2251386632888663,0.5502049406619549,0.09587434964244886
Nikola JokiÄ,Home,DEN,UTA,142,121,1,8c0cafa9-8031-4bd7-8a6e-54180643e9ad,2.004294686351532,2.6912157751186263,-0.3798559460354139,-0.496160360296277,-1.181983495596192,2.251063845308345,1.5785367370567998,0.37155407573184496,2.009907882639383,-2.047110509451559,1.176319149713428,1.6607671106735997,0.50116025151085,-0.37419568688358523
Kentavious Caldwell-Pope,Home,DEN,UTA,142,121,1,8c0cafa9-8031-4bd7-8a6e-54180643e9ad,1.9722852836062907,0.37160742383599626,0.18755919800933923,0.48334497023799505,0.5534663325710508,-0.5212281155768277,2.297457389313798,-0.6776848478987939,2.535198693135747,1.0447071257928229,-1.2041518504187765,0.7955546598213714,-0.09617166379090493,-0.14131571576624033
Michael Porter Jr.,Home,DEN,UTA,142,121,1,8c0cafa9-8031-4bd7-8a6e-54180643e9ad,2.8690886275416143,0.6697681653905835,0.017770899383907808,0.6733224352413317,-0.36893120692755316,1.1495846062426576,0.6293353805900803,-0.014432268497979643,2.049679141824765,0.216972142428081,-1.2041518504187765,1.5480278592596908,0.2080478053544075,0.5367132257118286
Aaron Gordon,Home,DEN,UTA,142,121,1,8c0cafa9-8031-4bd7-8a6e-54180643e9ad,-0.9326438018426308,4.484199626225343,-0.3846159497982867,1.4693321588065174,0.32339135327295815,-0.6349084081496218,-0.5392493164819855,-0.6167319741790465,2.477326548593814,-2.248034332644623,0.9103182082319856,0.9161473757130896,1.1806017860311029,0.9459332371925541
Peyton Watson,Home,DEN,UTA,142,121,1,8c0cafa9-8031-4bd7-8a6e-54180643e9ad,0.1416329590235149,-0.44701818045307895,0.29805922755759445,0.8661353831132557,0.13678094684661488,1.1005499066166464,0.33958160427229367,-1.5340854240766992,0.5238415746505822,-0.6533539324373955,2.6751896630844274,0.7429609707508796,-0.7774094648795485,0.23137721061046876
Justin Holiday,Home,DEN,UTA,142,121,1,8c0cafa9-8031-4bd7-8a6e-54180643e9ad,-1.045378249718458,0.4317550587956125,0.05807222706593486,-1.829666362000251,-0.4510096926312611,-0.30659246478051433,0.8948389540322632,-0.7892559046176065,6.449504121468681,1.2806198985175534,-1.2041518504187765,0.41345389902528756,1.2560283548186202,0.6925270325521224
Christian Braun,Home,DEN,UTA,142,121,1,8c0cafa9-8031-4bd7-8a6e-54180643e9ad,1.2674698584174764,0.20742684507848352,-0.23941146576551678,-0.286268957305072,3.427017394798467,1.2372432974734953,0.5519677608932078,-1.6167869393546772,5.6852359319925085,0.25276743595826906,-1.2041518504187765,0.6122204381133178,1.06622029472743,0.1520082719152026
Zeke Nnaji,Home,DEN,UTA,142,121,1,8c0cafa9-8031-4bd7-8a6e-54180643e9ad,-1.7731104491785807,-0.5321698874452967,-0.05020467731318039,-0.7092384910765281,0.6872796209459947,1.0750781136089338,3.019102542331766,0.6087301106604333,-1.3866361614171256,-0.6337389890789905,2.7479463301565312,0.032987637624780644,0.5638438796614115,0.9675248204577869
Reggie Jackson,Home,DEN,UTA,142,121,1,8c0cafa9-8031-4bd7-8a6e-54180643e9ad,0.657070335285637,-0.13059038681805696,-0.6130050768348287,-0.3767523101395415,-1.1187431275368382,-0.7676907585199283,-0.49451118928705057,-0.5764446812808608,0.5254571217817448,1.5317020077272394,-1.2041518504187765,1.0930963521306656,-1.324334282106349,1.2296080697675835
Jalen Pickett,Home,DEN,UTA,142,121,1,8c0cafa9-8031-4bd7-8a6e-54180643e9ad,-1.8973738237025823,2.20883964096164,-3.4874320348180308,2.5893867254823393,-2.838971145492232,-1.6864753328004436,-0.10983507065162453,-0.06315394357084533,-2.240189848446499,-0.3765613469995229,-1.2041518504187765,0.032057257166901956,-1.4189003217081486,0.8546934036923394
Julian Strawther,Home,DEN,UTA,142,121,1,8c0cafa9-8031-4bd7-8a6e-54180643e9ad,-1.8973738237025823,0.16876191619253944,-0.007667781785983193,-1.7356111157657799,-0.6094388822561203,-1.6963676957451008,-0.11007028287261647,-0.05516806614752742,-1.1055348586453708,-0.7427415520992144,-1.2041518504187765,-1.012698636469132,0.2295558937635976,-0.018000769277308013
Hunter Tyson,Home,DEN,UTA,142,121,1,8c0cafa9-8031-4bd7-8a6e-54180643e9ad,-1.045378249718458,-1.4770259884687802,-0.03383473853153378,-0.11865418735829027,0.34986300232280526,2.8098717711416272,-2.1583509896251623,-2.695233533867706,6.8144516328082245,1.1628426395673603,-1.2041518504187765,0.8884515734146189,1.8647482331232352,-2.40035024592457
Jay Huff,Home,DEN,UTA,142,121,1,8c0cafa9-8031-4bd7-8a6e-54180643e9ad,-1.5929453436187397,-1.739247182831515,0.010097677348375038,-0.1541415876248048,-0.30083794122915997,2.8197641340862845,-2.1581157774041704,-2.703219411291024,2.8589170879573222,-2.3723512499474855,-1.2041518504187765,0.5796650641424049,0.30146185795233815,-0.9041508675750924
DeAndre Jordan,Home,DEN,UTA,142,121,1,8c0cafa9-8031-4bd7-8a6e-54180643e9ad,-1.8973738237025823,-1.739247182831515,0.010097677348375038,-0.1541415876248048,-0.30083794122915997,-2.33442510567548,-0.12524147112659734,0.4599210276564779,-2.6648560434597863,-0.23951144567566177,-1.2041518504187765,-2.5085461074395017,0.7279403824174387,0.07005446168843027
Jamal Murray,Home,DEN,TOR,125,119,1,abd43c54-18b8-4d39-b743-9022f99e0831,3.880391880151161,2.088131580655023,-0.2690840654505343,-2.503126269068945,-1.1173633183422305,1.1493609977768646,1.6871199433568593,-0.6411072662848748,1.4170445069448887,-0.22464347545141808,1.33194261462316,2.0749287789260347,0.9120217744703094,0.46361564201304034
Nikola JokiÄ,Home,DEN,TOR,125,119,1,abd43c54-18b8-4d39-b743-9022f99e0831,4.418924360303694,5.993117941314771,4.097975820811183,-0.27564945129089113,0.37690054945538837,6.767764370305951,0.2604291667204318,1.1948451547469097,1.125607376304238,-0.7440793096979794,3.352812194589104,2.6297116551885256,1.479847595145583,-0.6058162958472636
Michael Porter Jr.,Home,DEN,TOR,125,119,1,abd43c54-18b8-4d39-b743-9022f99e0831,2.7700242724600543,0.07852651296001484,0.7918168109265478,-0.4533715985690317,0.721504225723643,2.5937897290928165,0.13650442635011192,0.6955357100881429,1.570413119370148,0.08542652519287477,0.3117522369843887,1.1066729180415853,-0.2535114694882768,-0.5238329553831943
Kentavious Caldwell-Pope,Home,DEN,TOR,125,119,1,abd43c54-18b8-4d39-b743-9022f99e0831,-0.35704492084584794,1.7226839119964896,-0.43344386867918866,0.3481646010876974,-0.8117450898896903,-0.877100797119713,-0.4139255263872845,-0.49438056061509095,-0.460824630920406,1.1062251813399644,-1.2041518504187765,0.7108658753167495,-0.39527615854003134,0.7546371581842041
Aaron Gordon,Home,DEN,TOR,125,119,1,abd43c54-18b8-4d39-b743-9022f99e0831,1.4234487491482257,-0.6599567392077137,-0.5529532113856522,0.19635346020284186,-0.024727876070478653,-0.8370567471519355,-0.42276254584903633,-0.5233228676663797,2.995070584105152,-0.8652477222833523,1.270386200146552,0.840223061375477,-0.291813793965352,-0.267006700731962
Christian Braun,Home,DEN,TOR,125,119,1,abd43c54-18b8-4d39-b743-9022f99e0831,-0.12543523367758316,0.06769410775528664,-0.7633378989398885,0.12994472685455308,0.37867120973001833,-0.1874239248309236,1.0817350994029025,-0.861060073922971,0.29826056142582824,0.8032325116274973,-1.2041518504187765,0.49730472306501705,-0.262332635662948,0.9948528535239151
Peyton Watson,Home,DEN,TOR,125,119,1,abd43c54-18b8-4d39-b743-9022f99e0831,-0.3637024966351948,-0.5218247600751933,-0.8790730230754693,0.8274921621312997,0.6276439768163362,1.828744566016665,0.4715248351775663,-1.998591986799053,2.6264577587802496,0.20140647012928478,-0.08446718448861668,0.32890206726040255,-0.23958265630260903,0.42228659240743216
Reggie Jackson,Home,DEN,TOR,125,119,1,abd43c54-18b8-4d39-b743-9022f99e0831,0.8804798837004006,-1.2148047941060454,-0.07776715441144258,-0.08316678709177572,1.0005639458747704,-0.7770860623045532,-0.23625212447948857,1.0111224199033366,0.7091235752496934,0.5876681905873284,-1.2041518504187765,0.3855953280603843,-1.5726221040464636,-0.1367598750034042
Zeke Nnaji,Home,DEN,TOR,125,119,1,abd43c54-18b8-4d39-b743-9022f99e0831,-1.5201265507031618,-1.739247182831515,0.010097677348375038,-0.1541415876248048,-0.30083794122915997,-1.0874024393980983,2.312913859065728,-0.2701835290270388,0.11030134084293342,-1.3102141572279444,-1.2041518504187765,-0.545293325201652,-0.876220447999322,-0.10202037848652291
Justin Holiday,Home,DEN,TOR,125,119,1,abd43c54-18b8-4d39-b743-9022f99e0831,-1.8973738237025823,0.56305173630032,-3.5135989915635815,4.206343653889829,-1.8796692609133065,-1.6914215142727722,-0.10995267676212049,-0.059161004859186385,-2.6648560434597863,-0.23951144567566177,-1.2041518504187765,-0.8091184232627313,-1.1761054974731302,0.6847493776928322
Collin Gillespie,Home,DEN,TOR,125,119,1,abd43c54-18b8-4d39-b743-9022f99e0831,-1.8973738237025823,-1.739247182831515,0.010097677348375038,-0.1541415876248048,-0.30083794122915997,-2.33442510567548,-0.12524147112659734,0.4599210276564779,-2.6648560434597863,-0.23951144567566177,-1.2041518504187765,-2.5085461074395017,0.7279403824174387,0.07005446168843027
Jay Huff,Home,DEN,TOR,125,119,1,abd43c54-18b8-4d39-b743-9022f99e0831,-1.8973738237025823,-1.739247182831515,0.010097677348375038,-0.1541415876248048,-0.30083794122915997,-2.33442510567548,-0.12524147112659734,0.4599210276564779,-2.6648560434597863,-0.23951144567566177,-1.2041518504187765,-2.5085461074395017,0.7279403824174387,0.07005446168843027
DeAndre Jordan,Home,DEN,TOR,125,119,1,abd43c54-18b8-4d39-b743-9022f99e0831,-1.8973738237025823,-1.739247182831515,0.010097677348375038,-0.1541415876248048,-0.30083794122915997,-2.33442510567548,-0.12524147112659734,0.4599210276564779,-2.6648560434597863,-0.23951144567566177,-1.2041518504187765,-2.5085461074395017,0.7279403824174387,0.07005446168843027
Julian Strawther,Home,DEN,TOR,125,119,1,abd43c54-18b8-4d39-b743-9022f99e0831,-1.8973738237025823,-1.739247182831515,0.010097677348375038,-0.1541415876248048,-0.30083794122915997,-2.33442510567548,-0.12524147112659734,0.4599210276564779,-2.6648560434597863,-0.23951144567566177,-1.2041518504187765,-2.5085461074395017,0.7279403824174387,0.07005446168843027
Nikola JokiÄ,Away,DEN,MIA,100,88,1,83189e67-a66d-4311-b9fe-5f862dd98301,-0.053885881319788456,2.697763588295941,-1.0834211923735058,0.8127735237577199,-1.2294083685109984,4.2968447879456795,-1.9414453213255818,-0.305400754325644,0.7271370856027799,-1.5517490402586962,1.3254859050002028,1.5420111765811322,0.6041065679960562,0.279110225614397
Michael Porter Jr.,Away,DEN,MIA,100,88,1,83189e67-a66d-4311-b9fe-5f862dd98301,4.841417408768744,-1.267306128200075,-0.4172894548960565,0.2826857985606348,-0.5081267127317735,1.5024044986658884,-1.0508574155557062,0.2990256528432007,2.1278182539326984,0.7015617363849521,1.1527049904904347,1.8665564997613768,0.8230756607525685,-0.16975597130201406
Aaron Gordon,Away,DEN,MIA,100,88,1,83189e67-a66d-4311-b9fe-5f862dd98301,1.4815509065459966,1.0041451527451128,-0.5788298926776587,-0.6117303290383842,1.5527976651476747,1.9193251922711723,-1.2035228310848793,0.07506228381276502,1.1253182364200562,-0.10304331508518715,2.3333939470376617,1.7344236958196657,0.9107970420518535,0.7829192187773919
Jamal Murray,Away,DEN,MIA,100,88,1,83189e67-a66d-4311-b9fe-5f862dd98301,2.450879156858405,0.5295343885646264,0.9139427541244777,-1.103384260672442,-0.2707179254413642,-0.9683812336318318,-0.4243488436283328,-0.41662800619707846,0.5342204422532781,0.8074283813104313,1.176319149713428,1.500150022054411,0.3179971140170589,0.12632412128436166
Kentavious Caldwell-Pope,Away,DEN,MIA,100,88,1,83189e67-a66d-4311-b9fe-5f862dd98301,0.8804798837004006,-0.05041301025633532,1.9502817477061203,0.10098629149368524,-0.5670714709620915,-1.3744603679141592,-0.291003952569607,-0.1946481093059949,0.7091235752496934,0.5876681905873284,-1.2041518504187765,0.8316367183455583,0.12095256027393014,-0.3412517028188613
Peyton Watson,Away,DEN,MIA,100,88,1,83189e67-a66d-4311-b9fe-5f862dd98301,-0.3685738474940225,-1.0391416897690124,0.03782603460105362,-0.7976765203115453,-0.6248721731505412,0.09803242444131188,0.8536454434763682,-0.9892979012864083,-0.0039194524767064655,-0.35340686822370654,-1.2041518504187765,0.574577890047149,-0.049866845239988335,-0.11150980803562555
Christian Braun,Away,DEN,MIA,100,88,1,83189e67-a66d-4311-b9fe-5f862dd98301,-0.43652128955077274,0.274681898084461,-1.1712639066819206,0.8446200924547347,0.9821788734158505,-0.7484897360626623,-0.520370331302967,-0.5579262268030835,4.457547962508187,-0.20170057127419855,-1.2041518504187765,0.35792957525882263,0.4559700580649439,0.19589715734094532
Reggie Jackson,Away,DEN,MIA,100,88,1,83189e67-a66d-4311-b9fe-5f862dd98301,0.2320011551109592,0.4337167009746571,-1.089235768726891,0.27144064243492416,-0.5710764419685843,-1.2516312065487032,-0.3257038120964872,-0.2795883115633688,1.1950309455621138,0.33854764494676864,-1.2041518504187765,1.096667965136573,-0.4170474655778709,0.5348761131232426
Justin Holiday,Away,DEN,MIA,100,88,1,83189e67-a66d-4311-b9fe-5f862dd98301,-0.8153111255143474,-0.28466991342045217,-0.047854708458949,-0.9566342310213599,0.5349892718840846,0.7640739900325252,1.1007805627981415,-1.3504523561221644,-0.9596923125483419,1.0179492390562428,-1.2041518504187765,0.18507780623560288,-0.7617681679907419,0.06058076336240763
Zeke Nnaji,Away,DEN,MIA,100,88,1,83189e67-a66d-4311-b9fe-5f862dd98301,-1.8973738237025823,-1.4770259884687802,-0.03383473853153378,-0.11865418735829027,0.34986300232280526,-1.8002375066639997,-0.11254001119303196,0.02868364679731065,-2.6648560434597863,-0.23951144567566177,-1.2041518504187765,-1.1014673699707211,-0.6077991792865819,0.26676747598925454
Jay Huff,Away,DEN,MIA,100,88,1,83189e67-a66d-4311-b9fe-5f862dd98301,-1.8973738237025823,-1.739247182831515,0.010097677348375038,-0.1541415876248048,-0.30083794122915997,-2.33442510567548,-0.12524147112659734,0.4599210276564779,-2.6648560434597863,-0.23951144567566177,-1.2041518504187765,-2.5085461074395017,0.7279403824174387,0.07005446168843027
DeAndre Jordan,Away,DEN,MIA,100,88,1,83189e67-a66d-4311-b9fe-5f862dd98301,-1.8973738237025823,-1.739247182831515,0.010097677348375038,-0.1541415876248048,-0.30083794122915997,-2.33442510567548,-0.12524147112659734,0.4599210276564779,-2.6648560434597863,-0.23951144567566177,-1.2041518504187765,-2.5085461074395017,0.7279403824174387,0.07005446168843027
Julian Strawther,Away,DEN,MIA,100,88,1,83189e67-a66d-4311-b9fe-5f862dd98301,-1.8973738237025823,-1.739247182831515,0.010097677348375038,-0.1541415876248048,-0.30083794122915997,-2.33442510567548,-0.12524147112659734,0.4599210276564779,-2.6648560434597863,-0.23951144567566177,-1.2041518504187765,-2.5085461074395017,0.7279403824174387,0.07005446168843027
Jamal Murray,Away,DEN,SAS,117,106,1,750feb3c-a741-41c3-81b4-03cbbb57e3e2,1.4699609252207413,4.735422790609379,1.9998469957096916,0.7361004383023061,1.0768851797862136,2.6587546226958763,-1.461447105204657,-0.2766209298758496,0.39312054919835243,-0.14764074048760029,1.1527049904904347,1.7192578803434255,0.07657763217562807,0.4175041470083755
Nikola JokiÄ,Away,DEN,SAS,117,106,1,750feb3c-a741-41c3-81b4-03cbbb57e3e2,3.5746939595095357,1.4765960966057008,-1.110159808820877,-0.46060466847830434,-0.9404425693918033,2.214954022441188,1.7159785671993357,-1.0290189285965643,1.7060629084008294,-0.8483343486641215,2.296051217781924,2.0677335246390496,0.4966319732445429,-0.467627034603838
Kentavious Caldwell-Pope,Away,DEN,SAS,117,106,1,750feb3c-a741-41c3-81b4-03cbbb57e3e2,-0.9079408026408032,2.637882732042801,1.1679847948152837,1.994342169828502,0.7584667994521697,-1.7952913251916711,-0.112422405082536,0.024690708085651696,-0.3414707435456758,-0.503466224315892,-1.2041518504187765,0.5447798484729115,-0.29341558989843664,0.48453853143919845
Aaron Gordon,Away,DEN,SAS,117,106,1,750feb3c-a741-41c3-81b4-03cbbb57e3e2,-0.9326438018426308,1.6120544093574338,-0.9004727481469013,-0.8952144681415605,-0.3208295645312993,-0.10987177915781463,-0.5562402053336106,0.2900173197053631,2.4997482353661544,-2.263175286936749,0.9991866499204162,0.4259437519575398,0.2999186419114442,-0.13920642330477043
Michael Porter Jr.,Away,DEN,SAS,117,106,1,750feb3c-a741-41c3-81b4-03cbbb57e3e2,1.5489815642300104,-0.6532373395338489,0.927671339251231,0.022508215133634765,0.23100785745269967,1.5878041559010494,-1.3788560983327445,-1.8253770871724997,1.7707941455506133,0.5386560640086274,0.6190769111484016,0.8374488387986166,0.20032419098885604,-0.0388756216511411
Christian Braun,Away,DEN,SAS,117,106,1,750feb3c-a741-41c3-81b4-03cbbb57e3e2,1.0791046141041343,1.842862980484102,2.1655027601087085,0.6705507498912552,-0.3914570675133607,0.31662413830594044,-0.7416625392002735,0.09965580696684366,2.7667884029373986,0.19834447691652424,0.4993536130337244,0.9799507497492834,0.9654186177254928,-0.32472299533496163
Peyton Watson,Away,DEN,SAS,117,106,1,750feb3c-a741-41c3-81b4-03cbbb57e3e2,0.5480403806521787,0.47871866948722125,-0.6444804889169321,-0.06966637180000013,1.766231173565863,-0.03855408316505975,-0.5795213524205851,0.31105681370431965,0.011385050548701776,-0.40937370003983603,-0.8529012572568041,1.00135938251124,-0.6848018423996233,1.0439282230731166
Justin Holiday,Away,DEN,SAS,117,106,1,750feb3c-a741-41c3-81b4-03cbbb57e3e2,2.0451040765218687,0.47792548907187676,1.8960142848358599,0.19615176945494084,0.7256585176231221,-1.2904287963590375,-0.3024393287872272,-0.2529977196788758,2.124853295978485,0.9390465628221276,-1.2041518504187765,0.8877074382787957,0.5270751855891137,-0.11201133900935374
Zeke Nnaji,Away,DEN,SAS,117,106,1,750feb3c-a741-41c3-81b4-03cbbb57e3e2,-1.2885168635348971,-0.747802851403355,-0.005829914354827977,-0.791294501215011,0.007912258747081659,2.365090041880462,4.84668896440287,-0.564087900621536,2.918635771631066,-2.3916238923211535,-1.2041518504187765,0.04832723582361491,0.8499132735944971,-0.20429565216513232
Reggie Jackson,Away,DEN,SAS,117,106,1,750feb3c-a741-41c3-81b4-03cbbb57e3e2,0.08969235717447692,0.3730090130467646,-0.5979275766522154,-0.63972715001525,-0.559552393929357,-1.1045992494852173,-0.36347245282121965,-0.3779640622956989,0.46042380424473495,0.22285598630416412,-1.2041518504187765,0.7225233574873776,-0.9831819684227545,0.41160704745506677
Jay Huff,Away,DEN,SAS,117,106,1,750feb3c-a741-41c3-81b4-03cbbb57e3e2,-1.8973738237025823,-1.739247182831515,0.010097677348375038,-0.1541415876248048,-0.30083794122915997,-1.7309909660514005,-0.1108935256460883,-0.027217495165914738,-2.6648560434597863,-0.23951144567566177,-1.2041518504187765,-1.295056893178463,-0.7161052594930382,0.36251140654247777
Julian Strawther,Away,DEN,SAS,117,106,1,750feb3c-a741-41c3-81b4-03cbbb57e3e2,-1.8973738237025823,-1.739247182831515,0.010097677348375038,-0.1541415876248048,-0.30083794122915997,-1.7309909660514005,-0.1108935256460883,-0.027217495165914738,-2.6648560434597863,-0.23951144567566177,-1.2041518504187765,-1.2839892763586702,-0.6600734897736512,0.30888418868048934
DeAndre Jordan,Away,DEN,SAS,117,106,1,750feb3c-a741-41c3-81b4-03cbbb57e3e2,-1.8973738237025823,-1.739247182831515,0.010097677348375038,-0.1541415876248048,-0.30083794122915997,-2.33442510567548,-0.12524147112659734,0.4599210276564779,-2.6648560434597863,-0.23951144567566177,-1.2041518504187765,-2.5085461074395017,0.7279403824174387,0.07005446168843027
Nikola JokiÄ,Away,DEN,DAL,105,107,0,9b21d25e-7b0e-4d4a-94cf-6186ff9b5078,1.187402676684667,2.855653026378059,0.4722652161731853,-0.05108370841500702,-0.9637521239531724,2.850563167578251,-1.3887787134126481,0.3908604682429131,-0.2669649425086247,-0.7490127184040452,2.4292633656310336,1.9452751923056009,0.25576119682671755,0.39048285979453845
Michael Porter Jr.,Away,DEN,DAL,105,107,0,9b21d25e-7b0e-4d4a-94cf-6186ff9b5078,3.645573719981143,1.1003170622013227,1.1386837794648799,0.2865827303446367,0.5369602249043748,1.95301654002733,1.5272938697880103,-0.07279983547050305,1.692356257446174,1.1016144172394675,2.4233052980391654,1.6128930562132637,0.6556392130922899,-0.36127838499541376
Jamal Murray,Away,DEN,DAL,105,107,0,9b21d25e-7b0e-4d4a-94cf-6186ff9b5078,3.121875150288439,1.8677177191887004,0.44849608975670335,-1.3200543023815212,-0.07603084041779297,0.1154657663916624,0.6104827539169899,-0.9961084116563595,0.45331903993920536,0.0766196166878188,4.024189536065265,1.8932949075499639,-0.2670477858757359,-0.5800944888165097
Aaron Gordon,Away,DEN,DAL,105,107,0,9b21d25e-7b0e-4d4a-94cf-6186ff9b5078,0.017369584499513365,0.24671564276152627,-0.0681504775617821,-1.133922122125879,1.1268203559989356,1.669809515110128,0.07413203491898114,-1.8103693919773691,0.9417482176946051,-0.7044047541121019,2.1943541400047266,1.154443372066473,0.6884939262593164,0.5872183799974835
Kentavious Caldwell-Pope,Away,DEN,DAL,105,107,0,9b21d25e-7b0e-4d4a-94cf-6186ff9b5078,1.1931085025377441,-0.596228704251727,-0.05081290454604025,-0.6452066525025717,0.7266959465855478,0.19091270450278847,2.0637380443080886,-1.046090300260308,1.5281952986709688,0.8525776831092466,-1.2041518504187765,0.933235282837474,0.3852996558372496,0.22827078313809612
Christian Braun,Away,DEN,DAL,105,107,0,9b21d25e-7b0e-4d4a-94cf-6186ff9b5078,-0.007829434942928577,-0.13289254192978145,-0.7823797207780143,0.3144981217872791,0.4481999569355617,-1.234035685985025,-0.29466766019481677,-0.2995351305736064,3.1110684479525963,-0.12438700818308533,0.6489099547793488,0.18475518415198136,-0.8556691586625328,-1.089633207041383
Peyton Watson,Away,DEN,DAL,105,107,0,9b21d25e-7b0e-4d4a-94cf-6186ff9b5078,-0.8269218709717243,-0.3818321744136745,2.3326969183920054,1.0527378145635353,0.25744752794804476,-0.6714697303699633,-0.5585533351521155,-0.5953722918098412,0.5842016870527974,1.0464451648173483,-1.2041518504187765,-0.2954834127390521,-1.1146897202062633,-1.1467232590168817
Reggie Jackson,Away,DEN,DAL,105,107,0,9b21d25e-7b0e-4d4a-94cf-6186ff9b5078,0.6372594510747588,0.31122094214445006,-0.6090547327306852,-0.606102957254684,-0.5749087433466558,-1.7112062401620862,-0.1104231012041044,-0.04318925001255055,0.9275522108773132,0.7417838617115972,-1.2041518504187765,0.9377377501273524,-0.8010478156843777,-0.16476013905664733
Zeke Nnaji,Away,DEN,DAL,105,107,0,9b21d25e-7b0e-4d4a-94cf-6186ff9b5078,-1.2885168635348971,-1.4770259884687802,-0.03383473853153378,-0.11865418735829027,0.34986300232280526,-0.5797714176836325,-0.25475997376216003,1.342869273627429,2.912000362333983,-2.3894824876129683,-1.2041518504187765,-0.5735895984674797,-0.8091093750136917,-1.1011381644313307
Justin Holiday,Away,DEN,DAL,105,107,0,9b21d25e-7b0e-4d4a-94cf-6186ff9b5078,-1.8245550307870044,-1.4770259884687802,-0.03383473853153378,-0.11865418735829027,0.34986300232280526,-1.7112062401620862,-0.1104231012041044,-0.04318925001255055,-2.6648560434597863,-0.23951144567566177,-1.2041518504187765,-0.9184414888769763,-1.4649369788782722,0.1558501254882624
Jay Huff,Away,DEN,DAL,105,107,0,9b21d25e-7b0e-4d4a-94cf-6186ff9b5078,-1.8973738237025823,-1.739247182831515,0.010097677348375038,-0.1541415876248048,-0.30083794122915997,-2.33442510567548,-0.12524147112659734,0.4599210276564779,-2.6648560434597863,-0.23951144567566177,-1.2041518504187765,-2.5085461074395017,0.7279403824174387,0.07005446168843027
DeAndre Jordan,Away,DEN,DAL,105,107,0,9b21d25e-7b0e-4d4a-94cf-6186ff9b5078,-1.8973738237025823,-1.739247182831515,0.010097677348375038,-0.1541415876248048,-0.30083794122915997,-2.33442510567548,-0.12524147112659734,0.4599210276564779,-2.6648560434597863,-0.23951144567566177,-1.2041518504187765,-2.5085461074395017,0.7279403824174387,0.07005446168843027
Julian Strawther,Away,DEN,DAL,105,107,0,9b21d25e-7b0e-4d4a-94cf-6186ff9b5078,-1.8973738237025823,-1.739247182831515,0.010097677348375038,-0.1541415876248048,-0.30083794122915997,-2.33442510567548,-0.12524147112659734,0.4599210276564779,-2.6648560434597863,-0.23951144567566177,-1.2041518504187765,-2.5085461074395017,0.7279403824174387,0.07005446168843027
Nikola JokiÄ,Away,DEN,MIN,115,112,1,84c8e36e-1e9a-4cd4-b52e-439ed6f70838,4.957774531077737,0.9878006382760987,-1.1831938442707044,0.43516052354320073,0.828710426732979,4.638751349493487,-2.2481537287335915,-2.406758087143369,2.074093747469843,-0.19473415073952752,2.4540632574972685,2.248588353658933,0.44070881905848147,-0.21856102937261093
Kentavious Caldwell-Pope,Away,DEN,MIN,115,112,1,84c8e36e-1e9a-4cd4-b52e-439ed6f70838,0.705186128999387,0.3508687036031465,0.9059425779627467,1.1005112865439173,0.06399443448718335,-0.3988807569876388,0.9662602893951682,0.2545998867623679,1.8764486990797504,1.0411359137921377,0.692543184286603,1.0731333617218777,0.6082637861191489,0.2428449299620178
Aaron Gordon,Away,DEN,MIN,115,112,1,84c8e36e-1e9a-4cd4-b52e-439ed6f70838,0.1946408677282147,1.038968730670829,-1.792200523019801,1.1971395454281009,-0.7650770895511682,4.324634842236253,-1.3581459908246083,4.054370315986132,0.2775105899391324,-1.359089908564902,2.6745882420032423,0.8581473343280622,-1.3361727105399612,-1.1319349255885223
Jamal Murray,Away,DEN,MIN,115,112,1,84c8e36e-1e9a-4cd4-b52e-439ed6f70838,1.9747795965067152,4.22292068501414,0.8444969335911778,-1.3978746338045782,-0.07011960948149103,0.09294413835630204,-0.6478498348526097,0.05219777493748658,1.2712339262830852,0.10685305417441007,2.3944435478777293,1.175038998542362,-0.49610153699225645,-1.604067342330917
Michael Porter Jr.,Away,DEN,MIN,115,112,1,84c8e36e-1e9a-4cd4-b52e-439ed6f70838,4.161801003022371,0.4880254068169927,-1.2839934033467562,0.8527708210012156,0.26041057548778435,0.1467189668196735,-0.6532743645706751,0.02606811332487214,2.109674887616182,0.4158607881103764,2.4555013203232487,1.7587711317088375,0.31241951155933995,0.0019014359116303007
Justin Holiday,Away,DEN,MIN,115,112,1,84c8e36e-1e9a-4cd4-b52e-439ed6f70838,0.04155579932860477,0.1936628650600886,-0.07919469356304375,-1.109029543716307,1.1060890530853342,-0.6399913129777046,-0.5330460828432735,-0.6329759581925899,3.9471120232320622,1.644624073779078,-1.2041518504187765,0.27237325186632017,0.9255818712318228,0.196388625756291
Christian Braun,Away,DEN,MIN,115,112,1,84c8e36e-1e9a-4cd4-b52e-439ed6f70838,-0.5026825066770036,-0.7258778019643987,-0.9335402746744013,0.9166972784536366,-0.06664412398716073,0.46336041540819706,-0.9582632947882315,-1.2463341810670823,0.0858477883467845,1.6879037578334863,-1.2041518504187765,-0.07726731934394115,-1.0482646084241762,-0.13785088326883396
Reggie Jackson,Away,DEN,MIN,115,112,1,84c8e36e-1e9a-4cd4-b52e-439ed6f70838,-1.1230683934928634,2.833289538564061,-0.6659558624143745,0.3628461659786912,-1.58115340645312,-0.07117920225840767,-0.7689520077465162,-0.9446881210326009,-0.1399364894316726,0.9165067897056266,-1.2041518504187765,0.6063017028850757,0.8661044235977569,1.0151368153034843
Peyton Watson,Away,DEN,MIN,115,112,1,84c8e36e-1e9a-4cd4-b52e-439ed6f70838,-1.212369282724646,0.029762766471256887,-1.0128576996587457,0.9566568037391262,1.9087051905362187,-0.023966557545327807,-0.7760823538936771,-0.9787378505410392,-1.2071585834627614,-0.016795692755226806,-0.6443095174536966,-0.09845630701323635,-1.535454530532947,0.39957724180260323
Jay Huff,Away,DEN,MIN,115,112,1,84c8e36e-1e9a-4cd4-b52e-439ed6f70838,-1.8973738237025823,-1.739247182831515,0.010097677348375038,-0.1541415876248048,-0.30083794122915997,-2.33442510567548,-0.12524147112659734,0.4599210276564779,-2.6648560434597863,-0.23951144567566177,-1.2041518504187765,-2.5085461074395017,0.7279403824174387,0.07005446168843027
DeAndre Jordan,Away,DEN,MIN,115,112,1,84c8e36e-1e9a-4cd4-b52e-439ed6f70838,-1.8973738237025823,-1.739247182831515,0.010097677348375038,-0.1541415876248048,-0.30083794122915997,-2.33442510567548,-0.12524147112659734,0.4599210276564779,-2.6648560434597863,-0.23951144567566177,-1.2041518504187765,-2.5085461074395017,0.7279403824174387,0.07005446168843027
Braxton Key,Away,DEN,MIN,115,112,1,84c8e36e-1e9a-4cd4-b52e-439ed6f70838,-1.8973738237025823,-1.739247182831515,0.010097677348375038,-0.1541415876248048,-0.30083794122915997,-2.33442510567548,-0.12524147112659734,0.4599210276564779,-2.6648560434597863,-0.23951144567566177,-1.2041518504187765,-2.5085461074395017,0.7279403824174387,0.07005446168843027
Jalen Pickett,Away,DEN,MIN,115,112,1,84c8e36e-1e9a-4cd4-b52e-439ed6f70838,-1.8973738237025823,-1.739247182831515,0.010097677348375038,-0.1541415876248048,-0.30083794122915997,-2.33442510567548,-0.12524147112659734,0.4599210276564779,-2.6648560434597863,-0.23951144567566177,-1.2041518504187765,-2.5085461074395017,0.7279403824174387,0.07005446168843027
Julian Strawther,Away,DEN,MIN,115,112,1,84c8e36e-1e9a-4cd4-b52e-439ed6f70838,-1.8973738237025823,-1.739247182831515,0.010097677348375038,-0.1541415876248048,-0.30083794122915997,-2.33442510567548,-0.12524147112659734,0.4599210276564779,-2.6648560434597863,-0.23951144567566177,-1.2041518504187765,-2.5085461074395017,0.7279403824174387,0.07005446168843027
Hunter Tyson,Away,DEN,MIN,115,112,1,84c8e36e-1e9a-4cd4-b52e-439ed6f70838,-1.8973738237025823,-1.739247182831515,0.010097677348375038,-0.1541415876248048,-0.30083794122915997,-2.33442510567548,-0.12524147112659734,0.4599210276564779,-2.6648560434597863,-0.23951144567566177,-1.2041518504187765,-2.5085461074395017,0.7279403824174387,0.07005446168843027
Nikola JokiÄ,Home,DEN,NYK,113,100,1,735ed47f-18af-4211-9e68-f42c2d27f848,3.027561831172788,2.5563363944279134,0.5601105141689652,-2.223902398452957,-1.0969963956233622,4.371256836813856,-2.0712040464126504,-1.2781426534731373,0.5055413412194613,-1.3072531756654804,3.514233064446673,2.9277256613014653,2.1112460274564113,1.0652666160728868
Kentavious Caldwell-Pope,Home,DEN,NYK,113,100,1,735ed47f-18af-4211-9e68-f42c2d27f848,0.5114327494544813,1.2372281881624974,-0.10479642431123873,0.5546319778615396,1.6900347041487502,1.0414173804318811,3.3664728614742114,-1.4821747691849443,1.5083076248717142,2.0761251893779327,-1.2041518504187765,1.3780230730021052,1.4989145411396387,1.5082142695212128
Michael Porter Jr.,Home,DEN,NYK,113,100,1,735ed47f-18af-4211-9e68-f42c2d27f848,4.510602287493879,-1.0050849338373402,-0.4612218707759653,0.31817319882714934,0.14257423082019174,1.8099500332646699,-1.274822571124049,-0.896024834707701,2.9793306688048307,-0.3480093528123919,1.1527049904904347,2.2213050662204377,1.8230826155586157,0.9330542631407608
Aaron Gordon,Home,DEN,NYK,113,100,1,735ed47f-18af-4211-9e68-f42c2d27f848,-0.08395625162105798,1.1647455640132,0.9012548763865773,-1.6960420704066712,-0.4920344368018506,0.5800948609371832,-0.5580532241934058,1.9183081281698513,0.5752968285628698,-1.4816769349624621,-0.8266633025645893,1.53364055863901,1.5119237155544205,1.1010123537640188
Jamal Murray,Home,DEN,NYK,113,100,1,735ed47f-18af-4211-9e68-f42c2d27f848,2.558954321604695,2.4027654543626724,0.21342743099097672,1.0198743611401127,-0.7634823496322478,1.237530080371432,-0.942449623662262,0.5256124904044368,0.7002752347721485,-0.35092034965909397,2.2816203427012054,2.154991633162495,-0.09241499569430238,0.3429151015113389
Christian Braun,Home,DEN,NYK,113,100,1,735ed47f-18af-4211-9e68-f42c2d27f848,-1.3065622869473779,-1.0600026607308062,-0.019334685979931914,-0.507364030392615,0.14663790955712716,0.4269691150121305,-0.9976202223579302,-1.2757883101129601,0.6259925005914828,0.08963267050098633,1.4360485955457922,-0.5129348777469336,-1.2033810749031695,-0.9775064053859708
Reggie Jackson,Home,DEN,NYK,113,100,1,735ed47f-18af-4211-9e68-f42c2d27f848,-1.1822989124233763,0.9926749026705101,-0.8915529553541625,-0.6581075412234929,-0.9118921375745409,-1.1824502033253643,2.1975976312883123,-0.21109641694656642,-0.018028621016951987,-0.15563122295584975,1.8637535626494555,0.4152831941597613,0.23151673926121363,0.19434306591977898
Peyton Watson,Home,DEN,NYK,113,100,1,735ed47f-18af-4211-9e68-f42c2d27f848,-1.020179230276016,-0.7161831098854771,-0.9499402192542081,0.9374793645517786,-0.07390865019574937,-0.6720245261850869,-0.2571026702316311,1.2794256539778999,0.12138349693030147,0.8446830319861617,1.8637535626494555,-0.2348496782994033,-1.7357931544679859,-0.5441670842346596
Justin Holiday,Home,DEN,NYK,113,100,1,735ed47f-18af-4211-9e68-f42c2d27f848,-1.427496873576706,-1.2148047941060454,-0.07776715441144258,-0.08316678709177572,1.0005639458747704,-0.8399880275178544,-0.4954792143380312,-0.5486085820765506,-1.929590574296387,2.652859151962201,-1.2041518504187765,-0.7768241675226594,-1.931647253357671,0.2426661108842835
DeAndre Jordan,Home,DEN,NYK,113,100,1,735ed47f-18af-4211-9e68-f42c2d27f848,-1.5929453436187397,-1.4770259884687802,-0.03383473853153378,-0.11865418735829027,0.34986300232280526,-0.7562269630046454,-0.5341804510465729,-0.6033692458613304,2.8589170879573222,-2.3723512499474855,-1.2041518504187765,-0.9571255737196744,-1.1850560278289246,-1.0153082283549861
Braxton Key,Home,DEN,NYK,113,100,1,735ed47f-18af-4211-9e68-f42c2d27f848,-1.8973738237025823,-1.739247182831515,0.010097677348375038,-0.1541415876248048,-0.30083794122915997,-2.33442510567548,-0.12524147112659734,0.4599210276564779,-2.6648560434597863,-0.23951144567566177,-1.2041518504187765,-2.5085461074395017,0.7279403824174387,0.07005446168843027
Jalen Pickett,Home,DEN,NYK,113,100,1,735ed47f-18af-4211-9e68-f42c2d27f848,-1.8973738237025823,-1.739247182831515,0.010097677348375038,-0.1541415876248048,-0.30083794122915997,-2.33442510567548,-0.12524147112659734,0.4599210276564779,-2.6648560434597863,-0.23951144567566177,-1.2041518504187765,-2.5085461074395017,0.7279403824174387,0.07005446168843027
Julian Strawther,Home,DEN,NYK,113,100,1,735ed47f-18af-4211-9e68-f42c2d27f848,-1.8973738237025823,-1.739247182831515,0.010097677348375038,-0.1541415876248048,-0.30083794122915997,-2.33442510567548,-0.12524147112659734,0.4599210276564779,-2.6648560434597863,-0.23951144567566177,-1.2041518504187765,-2.5085461074395017,0.7279403824174387,0.07005446168843027
Hunter Tyson,Home,DEN,NYK,113,100,1,735ed47f-18af-4211-9e68-f42c2d27f848,-1.8973738237025823,-1.739247182831515,0.010097677348375038,-0.1541415876248048,-0.30083794122915997,-2.33442510567548,-0.12524147112659734,0.4599210276564779,-2.6648560434597863,-0.23951144567566177,-1.2041518504187765,-2.5085461074395017,0.7279403824174387,0.07005446168843027
Aaron Gordon,Away,DEN,POR,114,111,1,981607f1-769f-47a7-8c00-bc2c2bb8b64e,2.117605178815934,0.15008391815774158,-0.29505635951049736,-1.0970251998391034,-1.108972833386299,5.4140902269546425,2.313876082957373,3.430066893300155,-0.11377503187008234,-0.8942354054237333,3.7227460029135298,1.5661539806037479,-0.7051957303838251,-0.8302086299285389
Michael Porter Jr.,Away,DEN,POR,114,111,1,981607f1-769f-47a7-8c00-bc2c2bb8b64e,1.3819905312238225,0.6209804562776748,-0.9650162609482255,0.1174538951536804,0.19159507008464402,2.3452772434517337,-1.2275150355019784,0.5690605222790466,0.43723627081939237,0.24869739486854384,0.34323778261504645,0.9505706697318274,-0.8649509254156377,-0.005119105178853617
Kentavious Caldwell-Pope,Away,DEN,POR,114,111,1,981607f1-769f-47a7-8c00-bc2c2bb8b64e,1.5358074916763576,1.4393934529172954,0.3096818976362263,1.7576049865586196,1.0860424099516237,0.14955615552600465,1.9790242228325892,-1.0397367453860764,3.0989100757687975,1.2793288006149501,1.4255797192894684,0.674883860855366,-0.28434224632165217,-0.648965158236141
Reggie Jackson,Away,DEN,POR,114,111,1,981607f1-769f-47a7-8c00-bc2c2bb8b64e,2.0432022946719575,2.7880761131639997,0.491896173575313,0.41093605988342724,-0.2411721012438827,-1.7557218734130429,-0.11148155619856819,-0.007252801607619963,1.368813557558732,-0.28814249428372896,5.661580138246985,1.1474866410804778,-0.8286497163950336,-1.2446806134768655
DeAndre Jordan,Away,DEN,POR,114,111,1,981607f1-769f-47a7-8c00-bc2c2bb8b64e,-0.3068697797952073,1.8299856341304832,-0.20437863286052665,0.5508223704772716,0.5693818570112303,3.1173000277435445,0.05966031049378612,-0.30997339836332793,0.6835425113565717,-1.5138895148032663,2.066783412869582,0.9530570730368823,0.4669602484070044,0.2910265942404685
Christian Braun,Away,DEN,POR,114,111,1,981607f1-769f-47a7-8c00-bc2c2bb8b64e,1.7908715016207888,2.4082090981573656,1.9979344119414726,-0.16892359838522292,0.2570345771442117,2.429021738687683,0.21987935451869609,1.437450866930745,0.7632198234804066,-0.3379345997359454,1.2215569664459982,1.4634474341016352,0.2865305035849282,-0.13590306646495823
Collin Gillespie,Away,DEN,POR,114,111,1,981607f1-769f-47a7-8c00-bc2c2bb8b64e,1.2280709878299634,0.4771373671348072,-1.1031515390769648,0.6305441735403039,0.9799455840891399,-0.17872491742455635,-0.7104869982925561,-0.9080231504440662,0.8041976076563173,0.5772062883571945,0.3865304078572009,1.1084461012471658,-0.3998154767906103,1.3443735299752677
Peyton Watson,Away,DEN,POR,114,111,1,981607f1-769f-47a7-8c00-bc2c2bb8b64e,-1.0152871152850664,-0.8065167595689483,-0.06335004193704888,-0.46314501577510647,0.802713806605395,2.6088491959345355,2.490327305754891,0.4081242195136103,-1.1806221721325847,-0.24980056219674218,0.692543184286603,0.3005837800604796,-0.5272810383815247,0.6791112410345763
Justin Holiday,Away,DEN,POR,114,111,1,981607f1-769f-47a7-8c00-bc2c2bb8b64e,-1.5201265507031618,-1.739247182831515,0.010097677348375038,-0.1541415876248048,-0.30083794122915997,-1.1131713332708424,-0.35456563566638116,-0.38630104758072703,0.17665543381375964,-1.3316282043097976,-1.2041518504187765,-0.2619626281728807,-0.32583609086686915,0.9117422912935135
Jay Huff,Away,DEN,POR,114,111,1,981607f1-769f-47a7-8c00-bc2c2bb8b64e,-1.8973738237025823,-1.739247182831515,0.010097677348375038,-0.1541415876248048,-0.30083794122915997,-2.33442510567548,-0.12524147112659734,0.4599210276564779,-2.6648560434597863,-0.23951144567566177,-1.2041518504187765,-2.5085461074395017,0.7279403824174387,0.07005446168843027
Braxton Key,Away,DEN,POR,114,111,1,981607f1-769f-47a7-8c00-bc2c2bb8b64e,-1.8973738237025823,-1.739247182831515,0.010097677348375038,-0.1541415876248048,-0.30083794122915997,-2.33442510567548,-0.12524147112659734,0.4599210276564779,-2.6648560434597863,-0.23951144567566177,-1.2041518504187765,-2.5085461074395017,0.7279403824174387,0.07005446168843027
Julian Strawther,Away,DEN,POR,114,111,1,981607f1-769f-47a7-8c00-bc2c2bb8b64e,-1.8973738237025823,-1.739247182831515,0.010097677348375038,-0.1541415876248048,-0.30083794122915997,-2.33442510567548,-0.12524147112659734,0.4599210276564779,-2.6648560434597863,-0.23951144567566177,-1.2041518504187765,-2.5085461074395017,0.7279403824174387,0.07005446168843027
Hunter Tyson,Away,DEN,POR,114,111,1,981607f1-769f-47a7-8c00-bc2c2bb8b64e,-1.8973738237025823,-1.739247182831515,0.010097677348375038,-0.1541415876248048,-0.30083794122915997,-2.33442510567548,-0.12524147112659734,0.4599210276564779,-2.6648560434597863,-0.23951144567566177,-1.2041518504187765,-2.5085461074395017,0.7279403824174387,0.07005446168843027
Nikola JokiÄ,Home,DEN,MEM,128,103,1,f3a0ec58-68f4-4b7d-a71d-935d918f46b7,2.9794252733269158,5.016259054931313,0.987186895393052,0.30345888152288697,0.6273527066656226,4.227915116517623,-0.006783907437928619,2.2970181101964133,1.6388716455145291,-0.6757169808583827,3.625744371888586,2.24840410492234,1.0406989476947492,-0.2018857299851472
Kentavious Caldwell-Pope,Home,DEN,MEM,128,103,1,f3a0ec58-68f4-4b7d-a71d-935d918f46b7,0.04694393456016862,0.7651445771308815,-0.3351167715675454,1.0965560634052507,-0.4421118855035014,-0.9128070474904698,-0.42877973270944664,-0.4486065256041407,1.349733245005892,0.1589870650414717,1.4255797192894684,0.9321433386384946,0.42499128741003217,1.1593718271397897
Reggie Jackson,Home,DEN,MEM,128,103,1,f3a0ec58-68f4-4b7d-a71d-935d918f46b7,1.19891083920072,2.535638212149585,0.01928017824664724,-0.9211809985377476,-1.1985754202223085,-1.0437089526886247,-0.21196809998755348,0.8485003827938689,1.677892288545683,0.35038753255189076,3.263917447280112,1.5473090615331522,1.2646386266545273,0.9101152055421791
Christian Braun,Home,DEN,MEM,128,103,1,f3a0ec58-68f4-4b7d-a71d-935d918f46b7,1.393378378846956,0.07169282854502451,-0.5917831943833997,-0.19096834077805164,0.38972284034370763,1.4273455229707723,-0.7691542928750021,2.1514342258469483,2.6297927151203973,-0.7840346552237053,-1.2041518504187765,0.9592330100891769,0.3279182099120876,-0.23307202781893147
Michael Porter Jr.,Home,DEN,MEM,128,103,1,f3a0ec58-68f4-4b7d-a71d-935d918f46b7,1.3436174392277276,0.026255369054988712,0.34840819394827727,0.4169768212211503,-0.8837313030905627,0.3601512547846,-0.7367952521407027,0.15297699325513595,2.589815100746199,0.8952105816827802,-1.2041518504187765,0.6810659080086792,0.4044732393411957,-0.1554518663681447
Julian Strawther,Home,DEN,MEM,128,103,1,f3a0ec58-68f4-4b7d-a71d-935d918f46b7,2.0703030959643107,0.3917502277547494,-1.0676798882342495,0.6488554226983482,1.035343867387588,-0.5339915355919111,-0.3895119827079544,0.6350194142536019,1.1026901967999976,0.8538402753246876,1.2274831613632469,1.219963073725764,-0.26484203274637513,1.1003846536462216
Justin Holiday,Home,DEN,MEM,128,103,1,f3a0ec58-68f4-4b7d-a71d-935d918f46b7,1.2707986463121497,0.1919180064055785,1.9229406660779693,0.17039806635179813,0.09273090707127206,-0.11196763163141932,-0.5671007464435691,0.4228592294204808,3.470198698074601,0.8818805220083354,-1.2041518504187765,0.9947917565948068,1.8388616737147692,0.7858762756331048
Peyton Watson,Home,DEN,MEM,128,103,1,f3a0ec58-68f4-4b7d-a71d-935d918f46b7,-0.05055709342511498,1.279199901948365,0.2370410421602636,0.45143097807199023,2.41413598531508,4.3555989019911525,3.52650608461558,-0.5452515796347078,0.16083872997840507,-0.9552594642463698,1.2799590707476765,1.3018943174017499,0.9615814294326281,1.3783615915669127
Collin Gillespie,Home,DEN,MEM,128,103,1,f3a0ec58-68f4-4b7d-a71d-935d918f46b7,-0.5837014383460826,2.5487914866473376,-0.38278029758868753,-0.1036706355412673,-1.304275768471915,0.11091087362190057,-0.8273806595088912,-0.9966381319178437,0.17160395092341021,0.5828156593691369,-1.2041518504187765,0.4732599437082974,-0.12068868742410625,0.376397417781816
DeAndre Jordan,Home,DEN,MEM,128,103,1,f3a0ec58-68f4-4b7d-a71d-935d918f46b7,-1.7517362378714265,-1.1007673623348984,-0.019721739673569976,-0.46661649675464273,0.17172102587320645,3.268614485831436,2.911404197460176,-0.8690523868124712,-2.147294118287342,-0.40654101291411754,-1.2041518504187765,0.04328298776156992,0.5803439121827708,1.2093095189034224
Hunter Tyson,Home,DEN,MEM,128,103,1,f3a0ec58-68f4-4b7d-a71d-935d918f46b7,-0.43319250165609924,0.2358948957356912,-0.05345252605687438,-1.5051176616603983,0.1613026893799385,-1.7557218734130429,-0.11148155619856819,-0.007252801607619963,1.6756094209512749,0.5763452569982044,-1.2041518504187765,0.8662108670672365,-0.7351176910185357,-0.6505358926152086
Jalen Pickett,Home,DEN,MEM,128,103,1,f3a0ec58-68f4-4b7d-a71d-935d918f46b7,-1.8245550307870044,-0.36684033512481273,-0.05917539138423787,-0.9026362714418075,0.5321744806248255,-0.39427350691195395,-0.7147130655937989,-0.7902223125868403,-2.153929527584425,-0.4043996082059322,-1.2041518504187765,-0.7827483375804393,-1.4287355322182962,0.7911794383385021
Braxton Key,Home,DEN,MEM,128,103,1,f3a0ec58-68f4-4b7d-a71d-935d918f46b7,-1.045378249718458,-0.2681651421877326,0.03460583254976231,-1.5964662290124132,-1.1526407558820315,1.7005639646519115,-1.659812072614866,-2.015594602616005,6.628660172489911,1.2228019713965494,-1.2041518504187765,-0.04387316393224973,1.8023162009145912,-2.514484405563833
Jay Huff,Home,DEN,MEM,128,103,1,f3a0ec58-68f4-4b7d-a71d-935d918f46b7,-1.6624353486396442,-1.739247182831515,0.010097677348375038,-0.1541415876248048,-0.30083794122915997,-0.251243892871241,6.365135361407451,-0.315936505110647,-1.929590574296387,2.652859151962201,-1.2041518504187765,-0.6216027619254242,-1.12254217843741,0.2848563668319636
Nikola JokiÄ,Home,DEN,PHO,97,104,0,41b0ab33-12a0-4f11-bf4c-f7f72177da20,2.7025936147760405,3.0799551879457594,1.2240903349649666,-1.572098141109516,-0.2991585157256944,2.0052951485570043,-0.03161521743434039,-2.0256672249843866,1.203637058043047,-0.3741135661594343,1.750616058828394,1.7605041938988188,0.5882118999131236,-0.829360348807951
Aaron Gordon,Home,DEN,PHO,97,104,0,41b0ab33-12a0-4f11-bf4c-f7f72177da20,1.7694972903136346,0.33599963385675174,-0.9155930159372037,0.2583806002291807,0.3185095948477732,1.0225799647669815,-0.8651639712561366,0.34705864533258257,0.8872238250958784,-0.3423305372540966,1.7847253999282733,1.546290029494557,-0.10765740995348634,0.30511537719593956
Kentavious Caldwell-Pope,Home,DEN,PHO,97,104,0,41b0ab33-12a0-4f11-bf4c-f7f72177da20,2.0451040765218687,3.0773275880283317,0.47334522903408016,0.2965829263640643,1.1682978156374215,1.3783549714609915,0.49324989123088603,0.1741438372578543,2.0651346123047416,0.9583192051957956,-1.2041518504187765,1.3894323471857044,0.8969236143990655,0.20991853664911378
Michael Porter Jr.,Home,DEN,PHO,97,104,0,41b0ab33-12a0-4f11-bf4c-f7f72177da20,2.897616434878729,0.15544154743259003,0.8858471994306005,1.4510039667811732,-0.595074308317896,1.7305819139397964,-1.2644152497476593,-0.9316060850285924,0.6752933216958414,0.37412699959165374,1.1527049904904347,1.5898586006431972,-0.22015956343939772,0.019696082586163288
Reggie Jackson,Home,DEN,PHO,97,104,0,41b0ab33-12a0-4f11-bf4c-f7f72177da20,1.8004228997412755,0.7421547446857097,0.38030789206163085,-0.09898301043572827,0.38399735793702516,-1.1102698240134552,-0.20651989343041374,0.651806795307239,0.034207998379203346,0.565768350073114,-1.2041518504187765,0.850638702350002,-1.4502008272008151,-0.6858245508571045
Peyton Watson,Home,DEN,PHO,97,104,0,41b0ab33-12a0-4f11-bf4c-f7f72177da20,-0.9293150139479573,-1.2148047941060454,-0.07776715441144258,-0.08316678709177572,1.0005639458747704,1.3162886684114905,1.0500488964857264,0.8158695196852122,0.42990996566376327,-0.6301200419044801,0.7800997282404226,-0.24669165845894406,-1.4024042315450704,-1.0869130396114048
Collin Gillespie,Home,DEN,PHO,97,104,0,41b0ab33-12a0-4f11-bf4c-f7f72177da20,0.9220791806498447,0.34878985337071705,1.1260682701147597,-0.7823955277607809,-0.3101760301093863,-1.170513640023154,-0.34278156756735234,-0.3457660419699623,0.8437383290444123,1.7730487937088952,1.3639205257627638,0.8039928429577411,0.26535516927272945,-0.09222661339537998
Christian Braun,Home,DEN,PHO,97,104,0,41b0ab33-12a0-4f11-bf4c-f7f72177da20,-1.5167977628084883,-1.739247182831515,0.010097677348375038,-0.1541415876248048,-0.30083794122915997,0.9171921143854008,1.3475640524773576,0.0006403855915646188,-2.2408565912071436,0.6658300362167426,-1.2041518504187765,-0.6999733787976722,-1.9600731375788087,-0.8938962087679156
Justin Holiday,Home,DEN,PHO,97,104,0,41b0ab33-12a0-4f11-bf4c-f7f72177da20,-1.427496873576706,-1.1337833382781681,1.479176138256804,0.6124355974815506,-0.435985850731824,-1.7705604178300285,-0.11183437453005611,0.004726014527356918,-1.929590574296387,2.652859151962201,-1.2041518504187765,-0.6713939004683895,-1.3873414662093615,-0.2698751576347473
Julian Strawther,Home,DEN,PHO,97,104,0,41b0ab33-12a0-4f11-bf4c-f7f72177da20,-1.1230683934928634,-1.739247182831515,0.010097677348375038,-0.1541415876248048,-0.30083794122915997,-1.7112062401620862,-0.1104231012041044,-0.04318925001255055,-0.3389987683441511,0.9807489309511865,-1.2041518504187765,0.41703936390796914,-2.1953159813881373,-0.009476843428052679
Jay Huff,Home,DEN,PHO,97,104,0,41b0ab33-12a0-4f11-bf4c-f7f72177da20,-1.8973738237025823,-1.739247182831515,0.010097677348375038,-0.1541415876248048,-0.30083794122915997,-2.33442510567548,-0.12524147112659734,0.4599210276564779,-2.6648560434597863,-0.23951144567566177,-1.2041518504187765,-2.5085461074395017,0.7279403824174387,0.07005446168843027
DeAndre Jordan,Home,DEN,PHO,97,104,0,41b0ab33-12a0-4f11-bf4c-f7f72177da20,-1.8973738237025823,-1.739247182831515,0.010097677348375038,-0.1541415876248048,-0.30083794122915997,-2.33442510567548,-0.12524147112659734,0.4599210276564779,-2.6648560434597863,-0.23951144567566177,-1.2041518504187765,-2.5085461074395017,0.7279403824174387,0.07005446168843027
Braxton Key,Home,DEN,PHO,97,104,0,41b0ab33-12a0-4f11-bf4c-f7f72177da20,-1.8973738237025823,-1.739247182831515,0.010097677348375038,-0.1541415876248048,-0.30083794122915997,-2.33442510567548,-0.12524147112659734,0.4599210276564779,-2.6648560434597863,-0.23951144567566177,-1.2041518504187765,-2.5085461074395017,0.7279403824174387,0.07005446168843027
Jalen Pickett,Home,DEN,PHO,97,104,0,41b0ab33-12a0-4f11-bf4c-f7f72177da20,-1.8973738237025823,-1.739247182831515,0.010097677348375038,-0.1541415876248048,-0.30083794122915997,-2.33442510567548,-0.12524147112659734,0.4599210276564779,-2.6648560434597863,-0.23951144567566177,-1.2041518504187765,-2.5085461074395017,0.7279403824174387,0.07005446168843027
Hunter Tyson,Home,DEN,PHO,97,104,0,41b0ab33-12a0-4f11-bf4c-f7f72177da20,-1.8973738237025823,-1.739247182831515,0.010097677348375038,-0.1541415876248048,-0.30083794122915997,-2.33442510567548,-0.12524147112659734,0.4599210276564779,-2.6648560434597863,-0.23951144567566177,-1.2041518504187765,-2.5085461074395017,0.7279403824174387,0.07005446168843027
Nikola JokiÄ,Home,DEN,MIN,98,111,0,ce968efc-e587-4358-a13a-f57384f87a27,3.398788627648516,3.159231658606377,0.2531300666540857,0.3279316311809447,-0.3447557485513445,2.850835011748965,-0.13122847700423645,-1.5649964938070215,0.15488732017220094,-0.9131889033415447,6.248960067165575,2.1147042680643526,-0.5768365903695347,-1.633713221622927
Reggie Jackson,Home,DEN,MIN,98,111,0,ce968efc-e587-4358-a13a-f57384f87a27,1.8057292161636365,5.130989023543061,0.25408720779138144,-0.6354073428093319,1.849019430921543,0.23661648750894562,-0.587356558931091,0.8034362449751231,0.03107217157068458,0.49988365687097913,1.1632001723673207,1.348635475996361,-0.5055332982602548,-0.3485685484078888
Michael Porter Jr.,Home,DEN,MIN,98,111,0,ce968efc-e587-4358-a13a-f57384f87a27,1.673244938754012,0.4809910186965272,0.806178630016136,-0.8275287510183664,0.5272373887851363,0.9033805795908347,-0.9433055125377905,-0.5110504377897759,1.559706386111289,0.45132719097965984,1.2510973205862401,0.8472353043385498,-0.21502125182711096,-1.0446233531932982
Aaron Gordon,Home,DEN,MIN,98,111,0,ce968efc-e587-4358-a13a-f57384f87a27,1.438306463691074,2.615948794804744,-1.9745744470038809,0.7161627550570151,0.8012470159006075,1.5115073687875251,-1.1663116539820895,-0.8019774612496808,1.5110287220126055,0.43190367085617787,1.453762865472099,0.9599178540427119,-0.655111162593044,-0.5610370883014544
Kentavious Caldwell-Pope,Home,DEN,MIN,98,111,0,ce968efc-e587-4358-a13a-f57384f87a27,-1.354678080661128,-0.8526263698138773,-0.006825195281326009,-0.6865151290030823,0.07241170070271412,-0.14512984662005482,-0.5524398559320169,0.15953599653621445,-1.8625697385649154,1.589053721664082,-0.5354220054810053,-0.24360937337507912,-1.5050127096795913,-0.6705497491028266
Christian Braun,Home,DEN,MIN,98,111,0,ce968efc-e587-4358-a13a-f57384f87a27,0.32017368280999947,0.24284663804173867,-0.18211251172251766,-0.5911341378089925,2.6465490562636274,1.396355326377109,-0.6897666340431431,2.6007809944747033,-0.29036623004554113,0.41617779839254937,1.9700196273862902,0.6089854027851569,-1.0652577074157419,-0.2740994200670431
Justin Holiday,Home,DEN,MIN,98,111,0,ce968efc-e587-4358-a13a-f57384f87a27,-0.03613434444580073,-0.6774196995830445,1.055061150677387,0.4706090049022943,0.9700515332136167,-1.127508522761447,-0.35797898229556285,-0.3760862026664279,0.8368618688643993,1.4117433607718088,-1.2041518504187765,0.034471927571712246,-0.5466719180073204,-0.2527110122926428
Peyton Watson,Home,DEN,MIN,98,111,0,ce968efc-e587-4358-a13a-f57384f87a27,-1.5896165557240662,-1.2174003366830186,0.02559301082647493,-0.6476308028710582,-0.5685624759504706,0.5988999229675617,-1.064091816041268,-1.4265118493029145,-2.104796439262691,1.144573116605895,-1.2041518504187765,-0.777544396110113,-1.4287570496280415,-0.701068858206321
DeAndre Jordan,Home,DEN,MIN,98,111,0,ce968efc-e587-4358-a13a-f57384f87a27,-0.17814925584378996,-0.8848707520587126,-0.6645811835655697,0.5758710664441093,0.052494105833692746,4.828472732999648,-1.9278928970928066,1.772708479370753,1.2415282398437304,-1.748509497866229,0.6610576386559452,0.9198220605842486,-0.2703233683866352,-1.4869518207376247
Collin Gillespie,Home,DEN,MIN,98,111,0,ce968efc-e587-4358-a13a-f57384f87a27,-1.6624353486396442,-1.4770259884687802,-0.03383473853153378,-0.11865418735829027,0.34986300232280526,-1.7112062401620862,-0.1104231012041044,-0.04318925001255055,-1.929590574296387,2.652859151962201,-1.2041518504187765,-0.972617827031205,-1.8470596773392234,0.43186671483844735
Hunter Tyson,Home,DEN,MIN,98,111,0,ce968efc-e587-4358-a13a-f57384f87a27,-1.5929453436187397,-1.739247182831515,0.010097677348375038,-0.1541415876248048,-0.30083794122915997,-1.7062600586897578,-0.11030549509360843,-0.04718218872420951,2.8589170879573222,-2.3723512499474855,-1.2041518504187765,2.218375707150833,2.4499629273020287,-3.6017935577202445
Jay Huff,Home,DEN,MIN,98,111,0,ce968efc-e587-4358-a13a-f57384f87a27,-1.8973738237025823,-1.739247182831515,0.010097677348375038,-0.1541415876248048,-0.30083794122915997,-1.7062600586897578,-0.11030549509360843,-0.04718218872420951,-2.6648560434597863,-0.23951144567566177,-1.2041518504187765,-1.1776113095448022,-0.4065789764093131,0.5890304990859896
Braxton Key,Home,DEN,MIN,98,111,0,ce968efc-e587-4358-a13a-f57384f87a27,-1.8973738237025823,-1.739247182831515,0.010097677348375038,-0.1541415876248048,-0.30083794122915997,-1.7062600586897578,-0.11030549509360843,-0.04718218872420951,-2.6648560434597863,-0.23951144567566177,-1.2041518504187765,-1.1753977861808436,-0.3953726224654357,0.5783050555135919
Jalen Pickett,Home,DEN,MIN,98,111,0,ce968efc-e587-4358-a13a-f57384f87a27,-1.8973738237025823,1.3391288067736113,0.04986680675606482,-3.2030832695953206,-2.1416321992017298,-1.7062600586897578,-0.11030549509360843,-0.04718218872420951,-1.1851597702103622,-0.7170446956009905,-1.2041518504187765,-0.6795685526541345,2.114850660963102,-1.8241943047034903
Julian Strawther,Home,DEN,MIN,98,111,0,ce968efc-e587-4358-a13a-f57384f87a27,-1.8245550307870044,-1.739247182831515,0.010097677348375038,-0.1541415876248048,-0.30083794122915997,-1.7062600586897578,-0.11030549509360843,-0.04718218872420951,-2.6648560434597863,-0.23951144567566177,-1.2041518504187765,0.9234645392350971,-4.10575412986625,2.6725909321324033
Kentavious Caldwell-Pope,Home,DEN,CLE,130,101,1,4e88b23a-9c1f-4d17-8657-9e7305314ebd,4.32673268869167,1.108804328215362,0.22471396306415056,-0.09230529375453869,1.0319491518419162,-0.597473786846542,-0.5434536746431331,-0.5996873872069821,3.778198449656055,1.3716355919848564,1.2510973205862401,2.0148285441053124,2.5199365678277825,1.7746079702603976
Nikola JokiÄ,Home,DEN,CLE,130,101,1,4e88b23a-9c1f-4d17-8657-9e7305314ebd,2.8250915285016447,5.121601169958731,-0.20702074452961253,-2.6545507897682223,-1.42511067902818,6.470359454861923,-2.5140563292831803,0.0720105908636452,1.6717994450045452,-0.6893680658645369,1.8674840127809897,2.820122439319522,2.796887897318446,1.3903685016787886
Michael Porter Jr.,Home,DEN,CLE,130,101,1,4e88b23a-9c1f-4d17-8657-9e7305314ebd,3.0875450062883476,-0.5350828176216849,-0.8853290141044354,0.7508441677929606,-0.06326163544070398,0.8394918632934583,-1.073692819186713,-1.3748063128689183,1.3216656803746218,0.26436545787630755,-1.2041518504187765,1.7205219151191753,0.23740999750129305,1.3928887938972536
Aaron Gordon,Home,DEN,CLE,130,101,1,4e88b23a-9c1f-4d17-8657-9e7305314ebd,0.23043782801468315,2.026282950857725,-0.3420625402794388,0.34729916007530937,0.5783676288510974,2.5163292755402145,-1.2129268582365582,1.360743707910896,0.8766830408729676,0.3598166664173695,0.4993536130337244,1.1983653292241068,0.8044155176897002,1.1753145772919655
Reggie Jackson,Home,DEN,CLE,130,101,1,4e88b23a-9c1f-4d17-8657-9e7305314ebd,3.061196861181042,0.03351582304401272,-0.08071526164519348,-0.9489499472814157,1.2046298671842173,-0.03073081595677576,-0.5834293412615256,0.43114767213345884,3.3641132223102486,0.8248796633270585,1.2510973205862401,0.8853532780672015,0.24208421960621007,-0.9252976391195739
Christian Braun,Home,DEN,CLE,130,101,1,4e88b23a-9c1f-4d17-8657-9e7305314ebd,0.8688691382430235,1.167699398868588,-0.827298548878856,1.795359305494347,0.16032107780835445,1.4975947485776933,0.4005755725353253,-0.4985748572234727,1.4786802570657172,0.5201483850495111,-1.2041518504187765,1.4526644831407372,1.1190066011589042,1.8695593376691175
Peyton Watson,Home,DEN,CLE,130,101,1,4e88b23a-9c1f-4d17-8657-9e7305314ebd,-0.5553965288432104,0.9320621126067913,-0.3285043559200607,1.1907058990812207,-0.57117797269423,0.9664427304631783,2.6859712441712182,0.09668454576916946,1.4543151453524905,-1.8514212662776373,0.6489099547793488,0.6318620235092389,0.19966679393917278,-0.2794370260313676
Justin Holiday,Home,DEN,CLE,130,101,1,4e88b23a-9c1f-4d17-8657-9e7305314ebd,0.1789932464062594,-0.36114458863735976,0.3107871367836907,1.0736212217306638,0.05366555521711908,-0.5179931742353133,1.439213841262832,0.8738314580386325,0.6866237297300751,0.4206034264308171,-1.2041518504187765,0.4292224807615288,-0.623838858336991,-0.027452994704439185
DeAndre Jordan,Home,DEN,CLE,130,101,1,4e88b23a-9c1f-4d17-8657-9e7305314ebd,-1.8973738237025823,2.1135548325846,-3.5242184183254617,3.0103674218360026,-1.914916084700438,-0.5862089739937449,-0.6226355367579776,-0.6735312117259762,-2.0344921602369377,-0.44294489295326817,-1.2041518504187765,-0.7490534253877346,-0.5427411924419023,-0.7727006535046684
Hunter Tyson,Home,DEN,CLE,130,101,1,4e88b23a-9c1f-4d17-8657-9e7305314ebd,-1.045378249718458,-1.4770259884687802,-0.03383473853153378,-0.11865418735829027,0.34986300232280526,-1.7903451437193425,-0.11230479897204002,0.020697769373992744,6.8144516328082245,1.1628426395673603,-1.2041518504187765,-0.14593360209334255,0.8798884695489859,-0.7034833950326816
Jay Huff,Home,DEN,CLE,130,101,1,4e88b23a-9c1f-4d17-8657-9e7305314ebd,-1.8973738237025823,-0.5155027178761483,-0.014164754500622864,-1.051634658271245,-0.18840085837907494,-1.7903451437193425,-0.11230479897204002,0.020697769373992744,-1.0590869935657923,-0.7577313850565117,-1.2041518504187765,-0.8876187567897803,0.35063087489569256,0.13085690157819443
Julian Strawther,Home,DEN,CLE,130,101,1,4e88b23a-9c1f-4d17-8657-9e7305314ebd,-1.5896165557240662,-0.7777239122388832,0.02976766137928595,-1.0871220585377597,-0.8391018019310401,0.051093747980848855,-0.9160198028794729,-1.0583387410059846,-1.9654528440239554,1.099603617734003,-1.2041518504187765,0.005574048807262504,-1.5531316071552104,1.2999321082990758
Jalen Pickett,Home,DEN,CLE,130,101,1,4e88b23a-9c1f-4d17-8657-9e7305314ebd,-0.7409497696346153,2.065714655748955,-1.2887589843727274,-1.332606116224011,-2.5775855596130324,-1.785398962247014,-0.11218719286154404,0.01670483066233378,4.613318300435748,0.2800757953300508,-1.2041518504187765,1.4748973650222805,1.1240596756091663,-1.8961410879124965
Collin Gillespie,Home,DEN,CLE,130,101,1,4e88b23a-9c1f-4d17-8657-9e7305314ebd,-1.5929453436187397,-0.7491384006067144,3.3789895186375403,1.8147634685659626,-1.027176407886357,0.16253682439901357,-1.051275853522842,-1.0897304118628666,2.8589170879573222,-2.3723512499474855,-1.2041518504187765,0.045897555309157935,1.4672239107957556,-1.454519934322105
Nikola JokiÄ,Home,DEN,SAS,110,105,1,4d37ff77-a20f-4681-bf35-089ba4e2762c,6.217190331303876,3.0244684602072196,-0.5138155589845258,-0.43881039846885067,-0.5611803785405145,5.358533439031908,0.5589106942752465,-0.24736364138813918,0.8782887407011513,-0.7166688754899062,2.818895097727115,2.752535668561726,0.3967547534468833,-0.8547987855253792
Michael Porter Jr.,Home,DEN,SAS,110,105,1,4d37ff77-a20f-4681-bf35-089ba4e2762c,2.9819641544424815,0.29455055491258736,0.3949401624566173,-0.0784702519933415,-0.13696741390887932,4.749603869755419,-0.7982861574450525,-1.6300456670087733,0.38563741445657396,0.8531827872248926,1.0801610286279946,1.2698884654487692,-0.545805304934582,-0.44048810094736107
Aaron Gordon,Home,DEN,SAS,110,105,1,4d37ff77-a20f-4681-bf35-089ba4e2762c,2.63464617271929,0.7514553331589138,0.745544293114858,-0.8143235728754582,1.1760035025174402,1.5688263449222333,0.3615667978736862,0.07405470352075412,2.7743284591928914,-0.3911286880754903,1.83195371837426,1.4485856515562843,1.146812459548404,-0.10531332986657718
Kentavious Caldwell-Pope,Home,DEN,SAS,110,105,1,4d37ff77-a20f-4681-bf35-089ba4e2762c,0.16427661088845225,-0.19873212356392922,0.7786437996102765,-0.20436758515061187,0.8387300625484777,-1.4054148277992577,1.1936325143629753,-0.18694661962254336,-0.8146785701065775,1.4104270104637948,0.45212529458773787,0.7099446407937801,-0.5540675098728157,0.6224204907747721
Reggie Jackson,Home,DEN,SAS,110,105,1,4d37ff77-a20f-4681-bf35-089ba4e2762c,0.8475156910679914,0.723865036272413,-0.9607409911057662,0.008518105722123264,0.12854853337072927,-1.3647750600676054,1.3076550749249352,-0.20211140587476725,-0.24216993556765115,0.13931245497368874,-1.2041518504187765,1.1356255986916521,-0.6548467979845664,1.0183237561903808
Christian Braun,Home,DEN,SAS,110,105,1,4d37ff77-a20f-4681-bf35-089ba4e2762c,-0.32697455054457836,0.5540491636078886,0.05923338814684921,-1.9519089629141677,-0.5262590415794991,-0.9769736229445823,-0.3967219119057648,-0.42052419166587773,0.299494510073743,1.1727781948788027,1.513476867508388,0.36833690232547983,-0.22480285848603107,-0.29360683364997475
Justin Holiday,Home,DEN,SAS,110,105,1,4d37ff77-a20f-4681-bf35-089ba4e2762c,-0.2875549158249435,-0.9159507069978088,0.9548188940325626,-0.026529792905492042,-0.4162529624226243,0.5467930486409865,2.482373670268393,-0.12496978944761446,0.4619393963632818,0.49921319679507925,-1.2041518504187765,0.5448784485626706,0.3935683881122381,0.4880254843161186
Peyton Watson,Home,DEN,SAS,110,105,1,4d37ff77-a20f-4681-bf35-089ba4e2762c,0.10617445349068154,0.4172682341267902,-0.8064409140477156,0.07811598361112702,0.9756226183189567,2.2766384281000693,2.1986718353642796,0.14405047990263406,1.1888191159449282,0.4572337011715477,-1.2041518504187765,0.3843227696172837,-0.18927524427154652,-0.2343140531274715
DeAndre Jordan,Home,DEN,SAS,110,105,1,4d37ff77-a20f-4681-bf35-089ba4e2762c,-1.8973738237025823,-1.4770259884687802,-0.03383473853153378,-0.11865418735829027,0.34986300232280526,0.22170864969338233,-0.9754340459344019,-1.174633075018271,-2.6648560434597863,-0.23951144567566177,-1.2041518504187765,-1.1996279086756167,-0.9766110361586029,0.09841434426011826
Collin Gillespie,Home,DEN,SAS,110,105,1,4d37ff77-a20f-4681-bf35-089ba4e2762c,-1.8973738237025823,-1.739247182831515,0.010097677348375038,-0.1541415876248048,-0.30083794122915997,-2.33442510567548,-0.12524147112659734,0.4599210276564779,-2.6648560434597863,-0.23951144567566177,-1.2041518504187765,-2.5085461074395017,0.7279403824174387,0.07005446168843027
Jay Huff,Home,DEN,SAS,110,105,1,4d37ff77-a20f-4681-bf35-089ba4e2762c,-1.8973738237025823,-1.739247182831515,0.010097677348375038,-0.1541415876248048,-0.30083794122915997,-2.33442510567548,-0.12524147112659734,0.4599210276564779,-2.6648560434597863,-0.23951144567566177,-1.2041518504187765,-2.5085461074395017,0.7279403824174387,0.07005446168843027
Jalen Pickett,Home,DEN,SAS,110,105,1,4d37ff77-a20f-4681-bf35-089ba4e2762c,-1.8973738237025823,-1.739247182831515,0.010097677348375038,-0.1541415876248048,-0.30083794122915997,-2.33442510567548,-0.12524147112659734,0.4599210276564779,-2.6648560434597863,-0.23951144567566177,-1.2041518504187765,-2.5085461074395017,0.7279403824174387,0.07005446168843027
Julian Strawther,Home,DEN,SAS,110,105,1,4d37ff77-a20f-4681-bf35-089ba4e2762c,-1.8973738237025823,-1.739247182831515,0.010097677348375038,-0.1541415876248048,-0.30083794122915997,-2.33442510567548,-0.12524147112659734,0.4599210276564779,-2.6648560434597863,-0.23951144567566177,-1.2041518504187765,-2.5085461074395017,0.7279403824174387,0.07005446168843027
Hunter Tyson,Home,DEN,SAS,110,105,1,4d37ff77-a20f-4681-bf35-089ba4e2762c,-1.8973738237025823,-1.739247182831515,0.010097677348375038,-0.1541415876248048,-0.30083794122915997,-2.33442510567548,-0.12524147112659734,0.4599210276564779,-2.6648560434597863,-0.23951144567566177,-1.2041518504187765,-2.5085461074395017,0.7279403824174387,0.07005446168843027
Nikola JokiÄ,Away,DEN,LAC,100,102,0,d5424b0a-641d-40dc-b7cb-5bd1d740207e,5.8033354271067585,4.385583342435641,-1.676123555162143,-1.60050311545696,-1.4644634224321669,4.500550192212911,-2.1973224151471706,-2.36346047117831,1.4711851353131595,-0.11754193187205904,2.900232757272981,2.665267665461725,1.0787787954581527,-0.3722330118779246
Michael Porter Jr.,Away,DEN,LAC,100,102,0,d5424b0a-641d-40dc-b7cb-5bd1d740207e,3.1951142167668536,0.5278934302188821,-0.9676798455054966,0.542207998939186,1.7750557578912125,2.055166678446146,0.04333983947834006,-1.0789143320175074,0.00441610936265421,0.8539647938344583,-1.2041518504187765,1.3808782565210094,-0.9584170992887084,-0.08207950041027942
Kentavious Caldwell-Pope,Away,DEN,LAC,100,102,0,d5424b0a-641d-40dc-b7cb-5bd1d740207e,3.115556029252727,1.1719259195269778,0.20104643612771447,0.008599343534430865,1.7588185414000563,0.015949672833004636,0.6403926627310382,-0.922318041456384,1.4391018724059068,0.9021100764264481,-0.8712678255413544,1.4843926136577548,0.481391995151521,0.2734827375291511
Aaron Gordon,Away,DEN,LAC,100,102,0,d5424b0a-641d-40dc-b7cb-5bd1d740207e,0.7246585584566302,2.3615438970593563,0.2907859937024696,-1.1350061336500916,1.2431893609694142,1.572296312400271,1.7738211697557464,0.1272533707772915,0.4810191675782721,-0.8000038756391105,6.809504372094164,1.4627423595050097,0.21072326511198752,-0.6282110240436604
Reggie Jackson,Away,DEN,LAC,100,102,0,d5424b0a-641d-40dc-b7cb-5bd1d740207e,-0.1846657526080961,0.8030849825782036,-1.2170193407197498,0.19243095510953087,-0.756152157683584,-0.8757305160267279,-0.4566938115204951,-0.47584660496382075,0.5209727947915679,0.48648566561382994,1.4255797192894684,0.19825791195444897,-1.4305736055179692,-0.9633667350851561
Christian Braun,Away,DEN,LAC,100,102,0,d5424b0a-641d-40dc-b7cb-5bd1d740207e,0.48675051438477546,0.14791668546580475,0.7756954704456358,-0.5367751211495965,0.6819447214298627,1.6395299006397086,-1.1002365693974765,0.12781396894009292,0.16780030642378863,0.5319895467403416,-1.2041518504187765,0.9894366013400173,0.2502710668720981,0.36698156316472036
Peyton Watson,Away,DEN,LAC,100,102,0,d5424b0a-641d-40dc-b7cb-5bd1d740207e,-1.4867273925072189,-0.3511981794861734,-1.1677120476800689,1.1932568774585972,0.49978831554517644,-0.8023631693845571,-0.49256973215233507,-0.5208574201046051,-1.4593468897614565,0.9601234674833307,2.3006155082748316,-0.2992991318700055,-1.3009263244209197,-0.2062209863122018
Justin Holiday,Away,DEN,LAC,100,102,0,d5424b0a-641d-40dc-b7cb-5bd1d740207e,-1.6624353486396442,-0.40641747159183833,-1.8736045335829006,2.1281350440756372,-1.1532166400544437,-0.2235421873707915,-0.7617280338302064,-0.8818389240576956,-1.929590574296387,2.652859151962201,-1.2041518504187765,-0.6021693391612108,-1.3237216026812637,0.29655162421299563
DeAndre Jordan,Away,DEN,LAC,100,102,0,d5424b0a-641d-40dc-b7cb-5bd1d740207e,-1.8973738237025823,-1.739247182831515,0.010097677348375038,-0.1541415876248048,-0.30083794122915997,-1.7952913251916711,-0.112422405082536,0.024690708085651696,-2.6648560434597863,-0.23951144567566177,-1.2041518504187765,-1.2971569644944112,-0.9865416351014759,-0.41664801821530284
Julian Strawther,Away,DEN,LAC,100,102,0,d5424b0a-641d-40dc-b7cb-5bd1d740207e,-1.8973738237025823,-1.739247182831515,0.010097677348375038,-0.1541415876248048,-0.30083794122915997,0.7103813158178156,-1.2437494012128187,-1.50332217877733,-2.6648560434597863,-0.23951144567566177,-1.2041518504187765,-1.0555691796644697,-0.060712934755800904,0.2604762401492531
Collin Gillespie,Away,DEN,LAC,100,102,0,d5424b0a-641d-40dc-b7cb-5bd1d740207e,-1.8973738237025823,-1.739247182831515,0.010097677348375038,-0.1541415876248048,-0.30083794122915997,-2.33442510567548,-0.12524147112659734,0.4599210276564779,-2.6648560434597863,-0.23951144567566177,-1.2041518504187765,-2.5085461074395017,0.7279403824174387,0.07005446168843027
Jay Huff,Away,DEN,LAC,100,102,0,d5424b0a-641d-40dc-b7cb-5bd1d740207e,-1.8973738237025823,-1.739247182831515,0.010097677348375038,-0.1541415876248048,-0.30083794122915997,-2.33442510567548,-0.12524147112659734,0.4599210276564779,-2.6648560434597863,-0.23951144567566177,-1.2041518504187765,-2.5085461074395017,0.7279403824174387,0.07005446168843027
Zeke Nnaji,Away,DEN,LAC,100,102,0,d5424b0a-641d-40dc-b7cb-5bd1d740207e,-1.8973738237025823,-1.739247182831515,0.010097677348375038,-0.1541415876248048,-0.30083794122915997,-2.33442510567548,-0.12524147112659734,0.4599210276564779,-2.6648560434597863,-0.23951144567566177,-1.2041518504187765,-2.5085461074395017,0.7279403824174387,0.07005446168843027
Jalen Pickett,Away,DEN,LAC,100,102,0,d5424b0a-641d-40dc-b7cb-5bd1d740207e,-1.8973738237025823,-1.739247182831515,0.010097677348375038,-0.1541415876248048,-0.30083794122915997,-2.33442510567548,-0.12524147112659734,0.4599210276564779,-2.6648560434597863,-0.23951144567566177,-1.2041518504187765,-2.5085461074395017,0.7279403824174387,0.07005446168843027
Hunter Tyson,Away,DEN,LAC,100,102,0,d5424b0a-641d-40dc-b7cb-5bd1d740207e,-1.8973738237025823,-1.739247182831515,0.010097677348375038,-0.1541415876248048,-0.30083794122915997,-2.33442510567548,-0.12524147112659734,0.4599210276564779,-2.6648560434597863,-0.23951144567566177,-1.2041518504187765,-2.5085461074395017,0.7279403824174387,0.07005446168843027
Nikola JokiÄ,Home,DEN,ATL,142,110,1,88114885-edf3-4f0f-ae0b-4e7a82824370,1.953405385199561,4.307062321289333,0.12689009106606872,-0.4020656815347364,-1.571191138129077,4.165479801949176,-2.107037511197804,-1.918494584108251,1.3866293587268563,0.11168867234056751,3.178355077010458,1.9981407979911063,1.1206123394429228,0.6795394783915849
Kentavious Caldwell-Pope,Home,DEN,ATL,142,110,1,88114885-edf3-4f0f-ae0b-4e7a82824370,4.8327004856425075,1.0521774092683618,0.6900169626357056,1.4034778860860486,0.5210110386941701,-0.9489343825759128,-0.42042139058983724,-0.4153640409604948,3.461546962311304,0.9804531998334372,-1.2041518504187765,1.6759041476177707,1.4755340656198703,0.7519413440461769
Michael Porter Jr.,Home,DEN,ATL,142,110,1,88114885-edf3-4f0f-ae0b-4e7a82824370,3.5393557688696218,0.9209077232594904,0.2789085048094389,0.3339130265454213,1.8402950134472849,-0.14529092830581256,-0.5400618452734809,0.43892773750997627,2.309492359723709,0.8719044869481911,1.2078046953440857,1.43655889404158,0.6732842752399093,0.6677692348528618
Christian Braun,Home,DEN,ATL,142,110,1,88114885-edf3-4f0f-ae0b-4e7a82824370,-0.6681309767190374,-0.34584871585065424,-1.0843114157713927,0.8696930497826402,-0.2600985252287502,-0.10881435662697499,-0.5425393263542693,0.42439077445683804,2.9113550068757807,0.41379168970468255,-1.2041518504187765,0.4891249088290132,0.4748447094351381,1.0433035281953917
Jamal Murray,Home,DEN,ATL,142,110,1,88114885-edf3-4f0f-ae0b-4e7a82824370,1.8155537366904944,2.029331686342114,-1.3450495006519494,-0.5217846503528801,-1.2469218558662916,0.1525270033243933,1.0652680305746491,-0.9787671202095107,1.6031188794068956,0.15704284832927767,1.2274831613632469,1.534820411927316,0.348552169084214,0.6632770801893044
Peyton Watson,Home,DEN,ATL,142,110,1,88114885-edf3-4f0f-ae0b-4e7a82824370,0.28839890638741295,0.10814988300564009,0.7686958063135629,-0.18543704109384307,1.455675991265647,3.1759387809323236,6.615899226900896,-1.256852615348854,1.5851621092572266,-1.4837635284159105,0.45212529458773787,1.1373652683250897,1.2009925042021894,0.5576048263656884
Reggie Jackson,Home,DEN,ATL,142,110,1,88114885-edf3-4f0f-ae0b-4e7a82824370,2.851043204129133,0.4918440274455726,-0.5445140322740326,-0.43147551427608766,1.0028589520079196,1.1269448839090634,-0.8186321517555494,1.1187071422024597,1.7081702457134733,0.4321719145318964,0.32618311206510686,1.363563555178181,0.04514734498682681,0.6689384965236275
Justin Holiday,Home,DEN,ATL,142,110,1,88114885-edf3-4f0f-ae0b-4e7a82824370,0.11104580434950916,1.883152500143845,-0.14728367049177368,-0.011700874081800377,-0.2117756404781577,-1.775506599302357,-0.11195198064055209,0.008718953239015871,5.452535795962818,0.5412874769912112,-1.2041518504187765,0.7014016568950557,1.414330788287917,0.6570346036307404
Zeke Nnaji,Home,DEN,ATL,142,110,1,88114885-edf3-4f0f-ae0b-4e7a82824370,-0.6681309767190374,-0.29533754464857803,1.0692294429201563,0.11682561927194575,0.7883262544331495,1.196351590431826,-1.2896590347152213,-1.5956853320308613,3.1369589229765897,0.34098392962638124,-1.2041518504187765,0.07222277796978892,0.4827791408705137,0.043824008130749624
Julian Strawther,Home,DEN,ATL,142,110,1,88114885-edf3-4f0f-ae0b-4e7a82824370,-0.39979334346015627,1.2777172799911798,-1.4766292709734297,0.4178362864785761,-0.25330084388258156,0.8602844075202853,-1.1558997805320794,-1.43463512086535,0.5180762619223019,1.5578305203475307,1.644666640969462,0.5743614436657628,-0.5621706472304356,0.772943591235823
Hunter Tyson,Home,DEN,ATL,142,110,1,88114885-edf3-4f0f-ae0b-4e7a82824370,-1.3580068685558015,-1.739247182831515,0.010097677348375038,-0.1541415876248048,-0.30083794122915997,-1.7557218734130429,-0.11148155619856819,-0.007252801607619963,0.4314862103450547,0.15096097454828433,-1.2041518504187765,0.12213596477193503,-0.7985902979618803,1.0117527154495642
Jay Huff,Home,DEN,ATL,142,110,1,88114885-edf3-4f0f-ae0b-4e7a82824370,-1.2885168635348971,-1.739247182831515,0.010097677348375038,-0.1541415876248048,-0.30083794122915997,-0.2994137524214246,6.32630459844666,-0.282931005378293,2.8589170879573222,-2.3723512499474855,-1.2041518504187765,0.6384061739665371,1.0679435040197487,-0.861418057495475
Jalen Pickett,Home,DEN,ATL,142,110,1,88114885-edf3-4f0f-ae0b-4e7a82824370,-0.8104397746555198,1.7565880969100012,3.0379176066822406,-0.9566112278976252,-2.390078122475952,1.657962566247361,-1.6890146317500347,-1.9242392996975004,2.6481282174654797,1.8414673498110352,-1.2041518504187765,0.9018154542776012,2.401499623341159,-2.1377458426108
DeAndre Jordan,Home,DEN,ATL,142,110,1,88114885-edf3-4f0f-ae0b-4e7a82824370,-1.8973738237025823,-1.739247182831515,0.010097677348375038,-0.1541415876248048,-0.30083794122915997,-2.33442510567548,-0.12524147112659734,0.4599210276564779,-2.6648560434597863,-0.23951144567566177,-1.2041518504187765,-2.5085461074395017,0.7279403824174387,0.07005446168843027
Nikola JokiÄ,Away,DEN,UTA,111,95,1,538bd3dc-7dc7-4e1f-abc3-0fd6966b55bd,3.5363416316455627,4.557924752253933,0.6554950023679065,0.8706280838369983,-0.6698699449707801,4.794602946725143,-0.48098749148402087,1.326499704050812,2.0981006130072575,-0.04125413378365958,1.1199075471251663,2.5615157127469086,1.4798890200569683,0.7112831487804151
Kentavious Caldwell-Pope,Away,DEN,UTA,111,95,1,538bd3dc-7dc7-4e1f-abc3-0fd6966b55bd,-0.5142114333251782,0.8669082803383025,-0.8602522534031872,-0.16879004787073434,0.7994670794706421,-0.30837120284925573,0.9919830139488676,0.2567625967383822,0.9899618881354171,-0.37725692214090817,-1.2041518504187765,0.8655753487953761,0.5708373700932595,1.5613996657405618
Michael Porter Jr.,Away,DEN,UTA,111,95,1,538bd3dc-7dc7-4e1f-abc3-0fd6966b55bd,2.113051518578619,-0.9906999564685387,0.8468059496925963,0.2755205598015658,0.3978272122927842,0.9869927364418505,0.5204856561974188,-0.447541010918992,0.5686035110797774,0.7395134396776728,-1.2041518504187765,1.2812893441818882,0.15809344683078,1.2802521821316326
Christian Braun,Away,DEN,UTA,111,95,1,538bd3dc-7dc7-4e1f-abc3-0fd6966b55bd,1.2707986463121497,0.9576251325590223,1.7940305085005537,-0.6509987511726256,-0.18692069216270038,-0.7191873734711215,-0.3744427126871321,0.49139239485699304,3.4834695166687664,0.8775977125919648,-1.2041518504187765,0.9989079928127659,1.4321124114153505,0.5968490708480706
Jamal Murray,Away,DEN,UTA,111,95,1,538bd3dc-7dc7-4e1f-abc3-0fd6966b55bd,5.372584225162024,2.3744551353096726,3.2238221951674095,0.5568275223250384,-0.3440043970918574,0.6261045567150777,5.187982755181902,-1.2233549963317558,1.5952290251976096,0.4189169287566603,1.1336598182270787,2.5677102485586203,2.111533847289011,-0.13077099300713724
Peyton Watson,Away,DEN,UTA,111,95,1,538bd3dc-7dc7-4e1f-abc3-0fd6966b55bd,-0.7108586352012238,0.19991027995668004,-0.5956274271826916,-0.4263743827427218,-0.40018645942988623,2.828229122987354,1.153799610201853,-2.4943599026690553,-0.7531994543537902,-0.5069299125809605,0.4993536130337244,0.7218990181410804,-0.4033071987659035,0.43480129332072626
Reggie Jackson,Away,DEN,UTA,111,95,1,538bd3dc-7dc7-4e1f-abc3-0fd6966b55bd,1.3338747375100724,0.3590544099146275,1.0090868007646028,-1.1884465192480584,-0.9872804261517145,0.9460957955036338,0.7940020721110398,0.8068675029544666,-0.0390932848328991,0.5268946538954444,-1.2041518504187765,0.9381341592313596,-0.6055480122662515,-0.0673968720793783
Justin Holiday,Away,DEN,UTA,111,95,1,538bd3dc-7dc7-4e1f-abc3-0fd6966b55bd,0.34931306730712086,-1.4770259884687802,-0.03383473853153378,-0.11865418735829027,0.34986300232280526,-1.2135187572848611,-0.32758415283914183,-0.31544588127349676,1.5541289718851867,1.597954801401348,-1.2041518504187765,-0.04759838106831899,-1.0064083347670636,-0.035547861299641374
Zeke Nnaji,Away,DEN,UTA,111,95,1,538bd3dc-7dc7-4e1f-abc3-0fd6966b55bd,-0.9840883834510545,-1.739247182831515,0.010097677348375038,-0.1541415876248048,-0.30083794122915997,1.4550985882575957,1.4416675596210196,1.6463142529624812,2.0039303746963006,-2.117460681071282,0.8033495821291481,-0.034733935094143235,-0.5959722949771148,-0.5391957297182186
Jay Huff,Away,DEN,UTA,111,95,1,538bd3dc-7dc7-4e1f-abc3-0fd6966b55bd,-1.8973738237025823,-0.405340712953468,5.077052805526517,2.8894105037830036,-1.555585666935984,3.9722102455192276,8.131239123792785,5.025773012411805,-1.1652535423191142,-0.7234689097255466,-1.2041518504187765,-0.7006027315393298,2.038865838660445,-2.271921667256005
Jalen Pickett,Away,DEN,UTA,111,95,1,538bd3dc-7dc7-4e1f-abc3-0fd6966b55bd,-1.8973738237025823,0.011364240240327174,0.0372599150204236,-1.8758778882442235,-1.3246392677637182,-1.7557218734130429,-0.11148155619856819,-0.007252801607619963,-1.1387119051307837,-0.7320345285582879,-1.2041518504187765,-1.094609890323947,0.04413483665026782,-0.36279271136921637
Julian Strawther,Away,DEN,UTA,111,95,1,538bd3dc-7dc7-4e1f-abc3-0fd6966b55bd,-1.8245550307870044,-0.40641747159183833,-1.8736045335829006,2.1281350440756372,-1.1532166400544437,1.390393415042693,-1.5760942264220377,-2.0020133841034187,-2.6648560434597863,-0.23951144567566177,-1.2041518504187765,0.41243859471549393,-4.204767253570814,2.4966524362675395
Hunter Tyson,Away,DEN,UTA,111,95,1,538bd3dc-7dc7-4e1f-abc3-0fd6966b55bd,-1.6624353486396442,-1.739247182831515,0.010097677348375038,-0.1541415876248048,-0.30083794122915997,-1.7557218734130429,-0.11148155619856819,-0.007252801607619963,-1.929590574296387,2.652859151962201,-1.2041518504187765,-0.4323934865675157,-2.542578308645216,1.5093544098105665
DeAndre Jordan,Away,DEN,UTA,111,95,1,538bd3dc-7dc7-4e1f-abc3-0fd6966b55bd,-1.8973738237025823,-1.739247182831515,0.010097677348375038,-0.1541415876248048,-0.30083794122915997,-2.33442510567548,-0.12524147112659734,0.4599210276564779,-2.6648560434597863,-0.23951144567566177,-1.2041518504187765,-2.5085461074395017,0.7279403824174387,0.07005446168843027
Nikola JokiÄ,Home,DEN,MIN,116,107,1,eb06875f-7596-4ae6-99b7-b36734486f05,4.72000328836074,3.9994831721985187,1.5810867122542014,-0.16771251164907752,1.8606618014551097,3.012457076785178,-1.5661523474470598,-0.5240851865805436,3.0826312401109273,-0.4330785238071401,5.02680493325931,2.355000181583724,1.1116778087127248,-1.1050199844978454
Michael Porter Jr.,Home,DEN,MIN,116,107,1,eb06875f-7596-4ae6-99b7-b36734486f05,2.2656198026054923,-0.19515624831827344,-0.5019617132818802,-0.09487874038679092,0.5611947221885032,2.128659898524345,-1.1038372307673965,0.9576731377496039,1.3383256484011243,0.011673097446232851,1.176319149713428,1.4698359563642194,0.08474206676394971,0.34211023536581137
Aaron Gordon,Home,DEN,MIN,116,107,1,eb06875f-7596-4ae6-99b7-b36734486f05,-0.5487389530538634,2.4253441344753455,-0.12328471117500214,-0.8037518698946376,-1.8961017267587101,0.7660434333629047,-0.8820117594181085,-0.21966842128206537,-0.528619124915937,-0.13186620186608217,0.4993536130337244,1.003479214290635,0.3741099780198564,0.3918730917552959
Jamal Murray,Home,DEN,MIN,116,107,1,eb06875f-7596-4ae6-99b7-b36734486f05,3.416655721441896,2.3897065762037917,-1.6976327617545321,-0.11361248352793872,-1.3795858300044097,0.6012025379647745,-0.6519494228617649,1.057070409026705,2.3030870961668928,0.4893837884939927,-1.2041518504187765,1.5646086688025749,0.37488025756764776,-0.1860775433037959
Kentavious Caldwell-Pope,Home,DEN,MIN,116,107,1,eb06875f-7596-4ae6-99b7-b36734486f05,0.8804798837004006,-0.38689788925400087,-0.15221015462336449,-0.2873908430301486,2.1686151356649583,0.3374366230173859,0.9535555195825642,0.06605377067988866,0.7688422589234369,0.5683955482136605,-1.2041518504187765,0.5549378200401794,-0.6744334749790922,-0.03198690619210775
Christian Braun,Home,DEN,MIN,116,107,1,eb06875f-7596-4ae6-99b7-b36734486f05,-0.29908384247311814,-0.09749979523096379,0.24623855061263067,0.7113081030221736,-0.034540854021278065,1.2058536954839076,0.6023592933117092,-0.41443090951556943,0.48170425383765075,-1.0096652147478382,-0.7846825750570456,0.8424757079921029,0.2174681488927687,0.5924941802665082
Peyton Watson,Home,DEN,MIN,116,107,1,eb06875f-7596-4ae6-99b7-b36734486f05,-1.4686819690947381,0.00487679920083744,-0.024024534835054217,-1.18978328921138,0.46357785428893067,3.1378371413748094,8.885955847230584,-1.1862607818960789,0.5038699100018399,-1.4357846025208023,1.4360485955457922,0.32000275706369796,0.925296069797003,-0.5303965220591311
Reggie Jackson,Home,DEN,MIN,116,107,1,eb06875f-7596-4ae6-99b7-b36734486f05,0.42751999545426256,1.1957209732703913,-1.6471837772005091,1.252510901164043,1.4272268641293864,-0.6528179864790595,-0.5202035597497808,-0.6283774009867559,0.12966322983448708,0.3363575647930076,1.2799590707476765,0.9006277767673236,-1.3905981376052812,0.9519693167021066
Justin Holiday,Home,DEN,MIN,116,107,1,eb06875f-7596-4ae6-99b7-b36734486f05,-1.045378249718458,-0.8375227689002607,1.6033688002866948,0.7543236943042078,0.1623973443993861,-0.8353594153517955,-0.5106246941987531,-0.539806600521219,6.8144516328082245,1.1628426395673603,-1.2041518504187765,-0.19618588755695102,1.1069045181550825,-0.07369861486511589
Zeke Nnaji,Home,DEN,MIN,116,107,1,eb06875f-7596-4ae6-99b7-b36734486f05,-1.6624353486396442,-1.739247182831515,0.010097677348375038,-0.1541415876248048,-0.30083794122915997,2.0392847893440935,-1.81618608644312,-2.3418616597534574,-1.929590574296387,2.652859151962201,-1.2041518504187765,-0.23952235752389717,-2.4444659337903487,1.1828582003581152
Jay Huff,Home,DEN,MIN,116,107,1,eb06875f-7596-4ae6-99b7-b36734486f05,-1.8973738237025823,-1.4770259884687802,-0.03383473853153378,-0.11865418735829027,0.34986300232280526,-1.785398962247014,-0.11218719286154404,0.01670483066233378,-2.6648560434597863,-0.23951144567566177,-1.2041518504187765,-1.639024596989747,-2.493897349301156,2.1943851973176867
Julian Strawther,Home,DEN,MIN,116,107,1,eb06875f-7596-4ae6-99b7-b36734486f05,-1.8973738237025823,-1.739247182831515,0.010097677348375038,-0.1541415876248048,-0.30083794122915997,-1.7062600586897578,-0.11030549509360843,-0.04718218872420951,-2.6648560434597863,-0.23951144567566177,-0.7404160517939863,1.2827496682029886,-6.2366128139064285,3.8929632428602217
Hunter Tyson,Home,DEN,MIN,116,107,1,eb06875f-7596-4ae6-99b7-b36734486f05,-1.8973738237025823,1.9263564755858766,16.593620642347798,10.177858217878779,-5.139351433757711,-2.7795814381850463,-0.13582602107123518,0.8192855117057839,-2.6648560434597863,-0.23951144567566177,-1.2041518504187765,-0.0685297702611751,5.457010773879858,-5.415317017298473
Jalen Pickett,Home,DEN,MIN,116,107,1,eb06875f-7596-4ae6-99b7-b36734486f05,-1.8973738237025823,-1.739247182831515,0.010097677348375038,-0.1541415876248048,-0.30083794122915997,-1.7062600586897578,-0.11030549509360843,-0.04718218872420951,-2.6648560434597863,-0.23951144567566177,-1.2041518504187765,-1.2728044362101207,-0.5840493344578036,0.3659900384759029
DeAndre Jordan,Home,DEN,MIN,116,107,1,eb06875f-7596-4ae6-99b7-b36734486f05,-1.8973738237025823,-1.739247182831515,0.010097677348375038,-0.1541415876248048,-0.30083794122915997,-2.33442510567548,-0.12524147112659734,0.4599210276564779,-2.6648560434597863,-0.23951144567566177,-1.2041518504187765,-2.5085461074395017,0.7279403824174387,0.07005446168843027
Nikola JokiÄ,Away,DEN,SAS,120,121,0,06c5009e-7a24-4105-b696-1d7fae5c4a83,1.9977781895872255,5.082071406308692,0.22460773494189892,-0.7846369494139743,1.1795945582104979,1.8086436637171492,0.2895818003223933,-0.04977988839513447,2.0703863613420177,-0.7083467142077262,1.8070276614166558,1.485771540127527,0.2808603425368942,-0.9068264182159137
Michael Porter Jr.,Away,DEN,SAS,120,121,0,06c5009e-7a24-4105-b696-1d7fae5c4a83,1.6305172802718257,-0.7331690473956839,-0.5215542312356809,0.3744426851918058,0.7860106481635684,-0.349418656102247,-0.6151178553881282,-0.8033897444129816,0.08462553225173168,0.19900842597573506,1.7847253999282733,0.9040350272958091,-1.5371438217590183,-0.09336456003107381
Jamal Murray,Away,DEN,SAS,120,121,0,06c5009e-7a24-4105-b696-1d7fae5c4a83,7.051893138060567,0.8475124985703542,0.5069608814604002,-0.6907725555582642,-0.4251749731958231,0.5370764610100033,-0.9559594093965886,-1.2907987478681962,1.5375771495321562,0.29138445203535135,1.0897338992291192,2.0894915297561463,-0.2539284056809892,-1.3929909763640427
Aaron Gordon,Away,DEN,SAS,120,121,0,06c5009e-7a24-4105-b696-1d7fae5c4a83,0.47676415070075506,0.16734241133098102,0.8831831276299502,-0.783525249633692,-0.0980940811422953,0.47795283314700016,-0.6467190658398048,0.878678363118977,4.5386718672243695,-0.7569118806340525,-1.2041518504187765,0.6072800940262265,0.45257538389749263,-0.5497866042186095
Kentavious Caldwell-Pope,Away,DEN,SAS,120,121,0,06c5009e-7a24-4105-b696-1d7fae5c4a83,0.03668444846977713,-0.981978216209139,0.8870712224053936,-0.01670038542198479,-0.36307614207650596,-1.2604073814815653,-0.27975326610500756,-0.29451544607848074,0.33481621435033876,1.1791724698435977,-1.2041518504187765,0.22086089718228832,-0.9417795926292507,-0.2635536046498806
Christian Braun,Away,DEN,SAS,120,121,0,06c5009e-7a24-4105-b696-1d7fae5c4a83,1.0096146090832296,0.3217257646092086,-0.6514334598359437,-0.2786782605566945,0.2835327161715046,0.7004310432556105,2.5389433092965774,-1.3202644520295272,1.9466889159443568,0.6871414207535466,0.4993536130337244,0.8829911430520061,0.5192875242577514,0.2092285171603809
Peyton Watson,Away,DEN,SAS,120,121,0,06c5009e-7a24-4105-b696-1d7fae5c4a83,-0.4578747367258049,-0.12606853209560548,0.31277456572724094,1.0509187809223808,0.7247071721531324,3.0997055509304654,0.31811626753678385,-0.08768352362989612,-0.4683558890475324,-0.6884870711137894,-1.2041518504187765,0.46400231044874324,-1.0073195151650525,0.13242237678277857
Reggie Jackson,Away,DEN,SAS,120,121,0,06c5009e-7a24-4105-b696-1d7fae5c4a83,-0.22293626166286673,1.1824192658383463,1.9741248720766726,-0.409641878030961,0.38951226350638285,-1.1907729641016176,-0.3334741236636166,-0.3327954897653095,-0.5202128975860462,-0.3534668885777396,-1.2041518504187765,0.639216773215545,-0.46034897536306457,0.2593960633079736
Justin Holiday,Away,DEN,SAS,120,121,0,06c5009e-7a24-4105-b696-1d7fae5c4a83,1.050799704601262,-0.15316681507695815,1.0939816023849018,-0.322830687106126,-0.051552929869474205,-1.0946330675389715,-0.36852267507190545,-0.3999210872605671,1.3334797297186907,1.559377357306436,-1.2041518504187765,0.5388385405479003,-0.02216636704674501,-0.1487360697461216
Zeke Nnaji,Away,DEN,SAS,120,121,0,06c5009e-7a24-4105-b696-1d7fae5c4a83,-1.8245550307870044,-0.48314851280007526,-0.10670187727650053,-0.4887789159655504,1.4157900756832416,-0.8186189666377021,-0.48403835464505074,-0.5841677721732016,-2.2999085321202424,-0.35728870462585494,-1.2041518504187765,-0.6885153707844579,-0.8148868775170426,0.612718923176325
Collin Gillespie,Away,DEN,SAS,120,121,0,06c5009e-7a24-4105-b696-1d7fae5c4a83,-1.8973738237025823,-1.739247182831515,0.010097677348375038,-0.1541415876248048,-0.30083794122915997,-2.33442510567548,-0.12524147112659734,0.4599210276564779,-2.6648560434597863,-0.23951144567566177,-1.2041518504187765,-2.5085461074395017,0.7279403824174387,0.07005446168843027
DeAndre Jordan,Away,DEN,SAS,120,121,0,06c5009e-7a24-4105-b696-1d7fae5c4a83,-1.8973738237025823,-1.739247182831515,0.010097677348375038,-0.1541415876248048,-0.30083794122915997,-2.33442510567548,-0.12524147112659734,0.4599210276564779,-2.6648560434597863,-0.23951144567566177,-1.2041518504187765,-2.5085461074395017,0.7279403824174387,0.07005446168843027
Braxton Key,Away,DEN,SAS,120,121,0,06c5009e-7a24-4105-b696-1d7fae5c4a83,-1.8973738237025823,-1.739247182831515,0.010097677348375038,-0.1541415876248048,-0.30083794122915997,-2.33442510567548,-0.12524147112659734,0.4599210276564779,-2.6648560434597863,-0.23951144567566177,-1.2041518504187765,-2.5085461074395017,0.7279403824174387,0.07005446168843027
Julian Strawther,Away,DEN,SAS,120,121,0,06c5009e-7a24-4105-b696-1d7fae5c4a83,-1.8973738237025823,-1.739247182831515,0.010097677348375038,-0.1541415876248048,-0.30083794122915997,-2.33442510567548,-0.12524147112659734,0.4599210276564779,-2.6648560434597863,-0.23951144567566177,-1.2041518504187765,-2.5085461074395017,0.7279403824174387,0.07005446168843027
Hunter Tyson,Away,DEN,SAS,120,121,0,06c5009e-7a24-4105-b696-1d7fae5c4a83,-1.8973738237025823,-1.739247182831515,0.010097677348375038,-0.1541415876248048,-0.30083794122915997,-2.33442510567548,-0.12524147112659734,0.4599210276564779,-2.6648560434597863,-0.23951144567566177,-1.2041518504187765,-2.5085461074395017,0.7279403824174387,0.07005446168843027
Nikola JokiÄ,Away,DEN,MEM,126,111,1,b5733506-5cbb-4463-9702-d603314069e3,0.576345290155051,3.8557629021138067,1.5859644685687866,1.8771760447803088,-0.9192608635731427,4.974719968092863,-2.0254660420111623,0.5884526319249235,0.7538617278239658,-1.565875498486718,0.36291624863420757,1.6634737418460384,1.1427209942247938,0.8355065990121441
Aaron Gordon,Away,DEN,MEM,126,111,1,b5733506-5cbb-4463-9702-d603314069e3,-0.011790564129729992,0.8588127325747326,-0.5658817565616804,-0.868965026048833,0.06448342988014881,1.4639648102306186,0.6563874909437291,1.6136623181640355,1.5367869395649083,-1.298085905720869,5.400359583254029,1.4253956870620705,1.6917195158986156,1.2047653890036665
Kentavious Caldwell-Pope,Away,DEN,MEM,126,111,1,b5733506-5cbb-4463-9702-d603314069e3,0.40727414567985065,0.6749404947524162,-1.2578168357162276,0.39365594382896857,-0.6804211599816165,0.35412818313464933,0.6601828865926651,-1.1198820586587095,2.6403070913325517,-0.3832217931989387,-0.7531970294263879,1.1325519022001749,1.2718470527186956,1.4105675688772592
Jamal Murray,Away,DEN,MEM,126,111,1,b5733506-5cbb-4463-9702-d603314069e3,3.240315424017343,0.8515354589331348,-0.8365981575854173,-0.5104496344392758,-0.7034860027742965,1.7430129891925017,0.47452644650002584,0.43858074977499395,1.5888419761054804,0.49095572833096085,2.3944435478777293,2.025327870790116,1.5430608969505246,1.2563039784392236
Michael Porter Jr.,Away,DEN,MEM,126,111,1,b5733506-5cbb-4463-9702-d603314069e3,2.2023524078104018,0.5688647782360376,-0.8918118698792229,-0.34265998895799227,-1.349399522111069,1.1992892151165613,1.912571203770816,-1.560002710178752,0.7907890724313161,1.0024903061927422,-1.2041518504187765,1.6483981041910112,1.247614626278215,1.7029690965687552
Christian Braun,Away,DEN,MEM,126,111,1,b5733506-5cbb-4463-9702-d603314069e3,2.5125832245572197,1.88397535219043,1.3547977286635833,-0.33661130956069,0.13170100153842576,3.7246612063994364,-1.382668036434356,2.762122209260248,1.0687127630843771,0.30217463205841005,3.1350624517683032,1.1641716821557242,-0.39918936011455636,-1.2998857483601955
Reggie Jackson,Away,DEN,MEM,126,111,1,b5733506-5cbb-4463-9702-d603314069e3,1.3507710352576887,0.7155568133639801,-1.113436090635672,0.4630247667652471,0.8847991315500973,-1.7458295104683859,-0.11124634397757623,-0.015238679030937868,0.7483823026218847,1.189794125522281,1.9408412303469513,0.4020241452526044,-1.6930113907953477,-0.5168731598902653
Peyton Watson,Away,DEN,MEM,126,111,1,b5733506-5cbb-4463-9702-d603314069e3,0.3179732564480682,0.5211014936177879,0.20329970153026597,0.7869957260241038,1.194555620217339,-0.5681475193593362,-0.3900924592683737,0.608709935027142,2.7467948970871765,-0.15483393663689896,-1.2041518504187765,0.2759747897160541,-0.6437051610192142,-0.7360507646587673
Justin Holiday,Away,DEN,MEM,126,111,1,b5733506-5cbb-4463-9702-d603314069e3,-0.10562434946670503,0.7238608340146583,0.21417779111388782,0.3294569557969132,-0.46474139417014937,-1.286221268907665,-0.2943722602061777,-0.25672728849084847,-0.00826149115131657,2.2991793270704144,-1.2041518504187765,-0.014910901910160928,-1.0402968392591971,-0.27839463351521304
Zeke Nnaji,Away,DEN,MEM,126,111,1,b5733506-5cbb-4463-9702-d603314069e3,-0.8384507976198989,-0.432218192727896,0.9270661958425783,0.4528960568907375,1.6469113509759596,0.5531907764415034,-0.8094456319296227,0.13266056001861354,0.7423035655496356,-1.5491949941533507,-1.2041518504187765,-0.032694302599762304,-0.6917824459916362,-0.20029766512343886
Braxton Key,Away,DEN,MEM,126,111,1,b5733506-5cbb-4463-9702-d603314069e3,-1.794484660485735,-1.739247182831515,0.010097677348375038,-0.1541415876248048,-0.30083794122915997,4.567809082857253,-2.952196519487191,-3.447021045603441,0.5422592180868621,-1.1964368934490006,0.9887177736640923,0.4118547036441091,1.1941312639864838,-2.271513067155673
Julian Strawther,Away,DEN,MEM,126,111,1,b5733506-5cbb-4463-9702-d603314069e3,-1.8973738237025823,0.56305173630032,-3.5135989915635815,4.206343653889829,-1.8796692609133065,-1.7408833289960575,-0.11112873786708026,-0.01923161774259681,-2.6648560434597863,-0.23951144567566177,-1.2041518504187765,-0.24705589674033984,-3.0377355410688063,1.6876928152557025
Hunter Tyson,Away,DEN,MEM,126,111,1,b5733506-5cbb-4463-9702-d603314069e3,-1.8973738237025823,-1.739247182831515,0.010097677348375038,-0.1541415876248048,-0.30083794122915997,-1.7408833289960575,-0.11112873786708026,-0.01923161774259681,-2.6648560434597863,-0.23951144567566177,-1.2041518504187763,-1.26517359513827,-0.6400083039787968,0.16031909826767346
DeAndre Jordan,Away,DEN,MEM,126,111,1,b5733506-5cbb-4463-9702-d603314069e3,-1.8973738237025823,-1.739247182831515,0.010097677348375038,-0.1541415876248048,-0.30083794122915997,-2.33442510567548,-0.12524147112659734,0.4599210276564779,-2.6648560434597863,-0.23951144567566177,-1.2041518504187763,-2.5085461074395017,0.7279403824174387,0.07005446168843027
Jalen Pickett,Away,DEN,MEM,126,111,1,b5733506-5cbb-4463-9702-d603314069e3,-1.8973738237025823,-1.739247182831515,0.010097677348375038,-0.1541415876248048,-0.30083794122915997,-2.33442510567548,-0.12524147112659734,0.4599210276564779,-2.6648560434597863,-0.23951144567566177,-1.2041518504187763,-2.5085461074395017,0.7279403824174387,0.07005446168843027
