player,location,team,opponent,team_score,opponent_score,win,game_id,PCA1_1,PCA2_1,PCA2_2,PCA2_3,PCA3_1,PCA3_2,PCA3_3,PCA4_1,PCA5_1,PCA6_1,PCA6_2,PCA6_3
Desmond Bane,Home,MEM,NOP,104,111,0,e76f1da9-93f4-4b52-8433-de77db1067a2,5.466393756148672,1.8181988911964841,0.33574395012616287,-1.3263930500714647,0.5499152574841571,0.5070118404087902,-1.2537342295325784,1.7769010702834085,1.9395463956453296,1.5992986342908742,2.1059777753497824,-0.30966539004972454
Jaren Jackson Jr.,Home,MEM,NOP,104,111,0,e76f1da9-93f4-4b52-8433-de77db1067a2,-0.09412129102199313,1.3341204788739904,-1.3591938492444533,1.6605848246399317,2.2504131383243355,5.338759809401921,0.03775127230409701,-0.6674903423935105,2.2501477534970005,0.9306733298678825,-0.0681160182395845,0.37002669322759246
Xavier Tillman Sr.,Home,MEM,NOP,104,111,0,e76f1da9-93f4-4b52-8433-de77db1067a2,1.872898154651448,1.3610117193884665,2.0984131191309663,-1.7845586751610725,4.478184921285528,-0.766154458012875,0.3948484383021219,0.7187338153750443,0.9197781013372249,1.033156415264769,1.4392008461104224,-0.24696840038846682
Marcus Smart,Home,MEM,NOP,104,111,0,e76f1da9-93f4-4b52-8433-de77db1067a2,1.808736273186162,3.0289736005354064,0.3196628043127109,1.5815235233650597,-2.200910614188111,-0.08526294204327091,0.11627258094448042,1.4679634281696723,1.977325017246805,1.1319623967763486,0.385801138378932,0.5892707658254914
Ziaire Williams,Home,MEM,NOP,104,111,0,e76f1da9-93f4-4b52-8433-de77db1067a2,0.10669722590707519,-1.1036135231982622,-0.2347039572805482,1.096164268560441,-0.0997017024873253,-0.6606715673000546,-1.1981301256644985,1.5663574994017062,-1.294335089101455,0.5000550989882728,-0.5726324104992279,-0.14508921873963526
David Roddy,Home,MEM,NOP,104,111,0,e76f1da9-93f4-4b52-8433-de77db1067a2,0.10669722590707519,-0.4013548715072693,-0.7697010186899306,0.32528468007191425,0.5943344645514176,-0.9251683378288436,-0.5289131003992213,1.6852862361701502,-1.294335089101455,0.384849010834529,0.06596996566631207,-0.008027198251335039
Derrick Rose,Home,MEM,NOP,104,111,0,e76f1da9-93f4-4b52-8433-de77db1067a2,0.6251523917907701,-0.7170415663352646,-1.0566779447737393,-1.788821726752024,-0.6122907039924779,-0.6567673990572163,0.5782752621959916,0.28036310174785317,-1.294335089101455,0.8532466880403484,-0.4864051816670898,-0.3014366724507543
Luke Kennard,Home,MEM,NOP,104,111,0,e76f1da9-93f4-4b52-8433-de77db1067a2,-0.9243711386331206,-0.6110672111552097,-0.8920259172662022,-0.19965931729588887,-0.5395046184053829,-0.6900797555788203,0.5980817242140875,-1.3090556076774238,2.0037966538272265,0.42542507166806154,-1.7004025299522845,0.06600123526704188
Jake LaRavia,Home,MEM,NOP,104,111,0,e76f1da9-93f4-4b52-8433-de77db1067a2,-1.4010881051908899,-0.03653378063573673,1.2312140445661017,-0.17745684126901018,-0.7341572668474513,-0.5437807138285314,-0.8577867672867128,-0.21595580064088488,-1.294335089101455,-0.27841268760801485,-1.1636616271971834,-0.07493355506802092
Jacob Gilyard,Home,MEM,NOP,104,111,0,e76f1da9-93f4-4b52-8433-de77db1067a2,-2.1427162386052157,-2.1861779682267315,0.09390305601223872,-0.10712587838681549,-2.8446350476971265,-0.005482786812602857,0.3914237377814586,-2.968820835375137,-1.294335089101455,-3.40313661484919,0.2223130528545835,-0.8484238575049496
GG Jackson II,Home,MEM,NOP,104,111,0,e76f1da9-93f4-4b52-8433-de77db1067a2,-2.1427162386052157,-2.1861779682267315,0.09390305601223872,-0.10712587838681549,-2.8446350476971265,-0.005482786812602857,0.3914237377814586,-2.968820835375137,-1.294335089101455,-3.40313661484919,0.2223130528545835,-0.8484238575049496
John Konchar,Home,MEM,NOP,104,111,0,e76f1da9-93f4-4b52-8433-de77db1067a2,-2.1427162386052157,-2.1861779682267315,0.09390305601223872,-0.10712587838681549,-2.8446350476971265,-0.005482786812602857,0.3914237377814586,-2.968820835375137,-1.294335089101455,-3.40313661484919,0.2223130528545835,-0.8484238575049496
Kenneth Lofton Jr.,Home,MEM,NOP,104,111,0,e76f1da9-93f4-4b52-8433-de77db1067a2,-2.1427162386052157,-2.1861779682267315,0.09390305601223872,-0.10712587838681549,-2.8446350476971265,-0.005482786812602857,0.3914237377814586,-2.968820835375137,-1.294335089101455,-3.40313661484919,0.2223130528545835,-0.8484238575049496
Ja Morant,Home,MEM,NOP,104,111,0,e76f1da9-93f4-4b52-8433-de77db1067a2,-2.1427162386052157,-2.1861779682267315,0.09390305601223872,-0.10712587838681549,-2.8446350476971265,-0.005482786812602857,0.3914237377814586,-2.968820835375137,-1.294335089101455,-1.5918283392636232,0.02229693936097143,0.3230890355771433
Vince Williams Jr.,Home,MEM,NOP,104,111,0,e76f1da9-93f4-4b52-8433-de77db1067a2,-2.1427162386052157,-2.1861779682267315,0.09390305601223872,-0.10712587838681549,-2.8446350476971265,-0.005482786812602857,0.3914237377814586,-2.968820835375137,-1.294335089101455,-3.40313661484919,0.2223130528545835,-0.8484238575049496
Xavier Tillman Sr.,Home,MEM,DEN,104,108,0,06acef51-0e73-490f-9d50-375aedd6eaec,0.6014138453634091,3.777042281258537,1.4619577990603707,2.380054503621116,2.6772339517421933,1.227781546102715,-0.14893737659031722,1.2393565537454323,1.184072415940571,1.070427246878787,0.15496469997519335,-0.272783732568533
Desmond Bane,Home,MEM,DEN,104,108,0,06acef51-0e73-490f-9d50-375aedd6eaec,2.1197831265765417,1.5419534180564767,0.9695050546591966,-0.04158760822264322,-0.5936251610627586,-0.588169117176778,0.1777395598215058,-0.3008834959697405,3.0362326898781813,1.4892003794040731,-0.59008123179639,0.002106890301866098
Ziaire Williams,Home,MEM,DEN,104,108,0,06acef51-0e73-490f-9d50-375aedd6eaec,-0.005499576825191449,0.7862643478699478,-1.5089389196569873,1.0777868371007953,2.606724786280131,-1.5248177166771397,-0.7143322680059128,-0.39958376885371927,2.7779338769352186,0.9711257249125045,-0.1256895874038577,0.5846991804767081
Marcus Smart,Home,MEM,DEN,104,108,0,06acef51-0e73-490f-9d50-375aedd6eaec,2.6805947043919196,4.299274752349892,3.5182422669557574,-1.4070269524767214,-1.1391996163543856,-0.45147810905743285,0.5181642997782778,2.0699616944781716,1.5139404096264912,1.0916049004304906,1.2264910473787924,-1.1921498556566457
Jaren Jackson Jr.,Home,MEM,DEN,104,108,0,06acef51-0e73-490f-9d50-375aedd6eaec,2.0210677211479458,-0.32094425653110903,-0.6388253253246324,-0.13762789269317893,4.036821551198605,2.5284638167388978,-0.43620897377034945,3.2488287327350505,0.1399178358973755,0.8076032609437725,1.43538527630083,-0.7436906232055
John Konchar,Home,MEM,DEN,104,108,0,06acef51-0e73-490f-9d50-375aedd6eaec,-1.612920446925001,-0.7302264598070822,0.6452315151911209,-0.8114831798825347,1.6669341547271743,1.755675807555321,-1.5724796685693387,0.8600057623756825,-1.294335089101455,-0.09822312047812527,0.6609024898302689,0.20080394119001124
Derrick Rose,Home,MEM,DEN,104,108,0,06acef51-0e73-490f-9d50-375aedd6eaec,1.5439635694052007,1.7327372140817738,-0.3915338456971576,0.10165179898653695,0.43753410641467666,-1.0076319965463207,0.9747553279890108,1.2237370605759448,0.9436735278836023,1.2106665116864277,0.4179718972600275,0.152526805577459
Jake LaRavia,Home,MEM,DEN,104,108,0,06acef51-0e73-490f-9d50-375aedd6eaec,-0.7586317939279332,-0.4007578825713935,-0.6173718632288585,2.158662782553362,1.7668323347083377,-1.5731798111725177,2.0672895654233936,2.660522743245955,0.8209374924691294,-0.15855548877978823,0.3906599835021459,0.8937367635786755
David Roddy,Home,MEM,DEN,104,108,0,06acef51-0e73-490f-9d50-375aedd6eaec,-1.577789737851921,1.688917667558434,0.19335443124137114,1.2549450266105886,-0.7876595134977323,-0.5238374064336435,-0.8111782508398955,-2.4126481908620208,-1.294335089101455,0.09449464470851188,-1.6663552533639323,0.742801708465504
Jacob Gilyard,Home,MEM,DEN,104,108,0,06acef51-0e73-490f-9d50-375aedd6eaec,-2.1427162386052157,-2.1861779682267315,0.09390305601223872,-0.10712587838681549,-2.8446350476971265,-0.005482786812602857,0.3914237377814586,-2.968820835375137,-1.294335089101455,-3.40313661484919,0.2223130528545835,-0.8484238575049496
GG Jackson II,Home,MEM,DEN,104,108,0,06acef51-0e73-490f-9d50-375aedd6eaec,-2.1427162386052157,-2.1861779682267315,0.09390305601223872,-0.10712587838681549,-2.8446350476971265,-0.005482786812602857,0.3914237377814586,-2.968820835375137,-1.294335089101455,-3.40313661484919,0.2223130528545835,-0.8484238575049496
Kenneth Lofton Jr.,Home,MEM,DEN,104,108,0,06acef51-0e73-490f-9d50-375aedd6eaec,-2.1427162386052157,-2.1861779682267315,0.09390305601223872,-0.10712587838681549,-2.8446350476971265,-0.005482786812602857,0.3914237377814586,-2.968820835375137,-1.294335089101455,-3.40313661484919,0.2223130528545835,-0.8484238575049496
Ja Morant,Home,MEM,DEN,104,108,0,06acef51-0e73-490f-9d50-375aedd6eaec,-2.1427162386052157,-2.1861779682267315,0.09390305601223872,-0.10712587838681549,-2.8446350476971265,-0.005482786812602857,0.3914237377814586,-2.968820835375137,-1.294335089101455,-1.5918283392636232,0.02229693936097143,0.3230890355771433
Vince Williams Jr.,Home,MEM,DEN,104,108,0,06acef51-0e73-490f-9d50-375aedd6eaec,-2.1427162386052157,-2.1861779682267315,0.09390305601223872,-0.10712587838681549,-2.8446350476971265,-0.005482786812602857,0.3914237377814586,-2.968820835375137,-1.294335089101455,-3.40313661484919,0.2223130528545835,-0.8484238575049496
Desmond Bane,Away,MEM,WAS,106,113,0,0cb02924-e107-4dd8-9cdc-f1b599a8d37d,4.629614497166796,3.181638915650584,-1.240162315274295,0.7823895887905814,-0.6612380180649696,0.8679778657102828,0.6300065227909681,1.4945173672014125,0.8865900089117008,1.8856939902229788,-0.10804908260259619,-0.7038548980205126
Ziaire Williams,Away,MEM,WAS,106,113,0,0cb02924-e107-4dd8-9cdc-f1b599a8d37d,3.3927794854127624,-0.9333068971763852,-0.41113489753974136,0.4846471219119245,2.4825088506983723,-1.3211192530161484,-2.6706599436444054,1.4207384109877799,-1.294335089101455,0.9896852666134676,0.12519826781631344,0.2464364730037348
Marcus Smart,Away,MEM,WAS,106,113,0,0cb02924-e107-4dd8-9cdc-f1b599a8d37d,0.45973100073276063,2.5617355846535665,0.1522836040425983,-0.7509818620459441,0.5332417861197392,2.1023956258364405,-0.8136939196788773,1.2213386482628459,-1.294335089101455,0.8331389036845974,-0.4265859865423394,-0.9892149400363486
Jaren Jackson Jr.,Away,MEM,WAS,106,113,0,0cb02924-e107-4dd8-9cdc-f1b599a8d37d,1.2614826243399546,0.40934308882245973,0.36064435085753405,0.2836797063138141,0.6492911364901762,0.6417818986510623,-1.22715992362145,0.8732045134985538,3.231378673340263,0.8961549057441134,0.5536255207334471,0.685211753854547
Xavier Tillman Sr.,Away,MEM,WAS,106,113,0,0cb02924-e107-4dd8-9cdc-f1b599a8d37d,0.06022589103747538,0.4146806910197003,-1.1160544764040665,0.2363545342483883,1.7952104955700128,-1.2951724018950206,-1.0116771592748497,1.98468351001208,-1.294335089101455,0.5038870373984184,-0.7884776804598979,-0.69460177131667
David Roddy,Away,MEM,WAS,106,113,0,0cb02924-e107-4dd8-9cdc-f1b599a8d37d,1.3030485184296847,-0.1684435805463105,-0.8292741289611211,0.3240460832526501,1.5224912347154986,0.5708232932586232,-1.735793009072795,3.1129538113801587,0.46633330493218056,0.4075597795493147,0.8354034218090985,-0.1828165495560386
John Konchar,Away,MEM,WAS,106,113,0,0cb02924-e107-4dd8-9cdc-f1b599a8d37d,-0.5998605826276691,0.4645748851875218,1.9272176973255628,0.21621113876082002,4.38737132813047,1.3005461601353858,0.9704440324896457,1.8057956172434695,-1.294335089101455,-0.07364109008369356,0.8937554384013343,-0.15952904364811496
Derrick Rose,Away,MEM,WAS,106,113,0,0cb02924-e107-4dd8-9cdc-f1b599a8d37d,-0.21120583984553043,2.4621785463346226,-0.9364428006109975,-0.6931931976254856,-0.8039344423238924,1.360734674311296,1.206684523672061,0.5758450922183357,-1.294335089101455,0.45776475655014415,0.7085482074225544,1.1074273586155055
Jake LaRavia,Away,MEM,WAS,106,113,0,0cb02924-e107-4dd8-9cdc-f1b599a8d37d,0.03569682676816204,-1.7257905240353877,-0.2650718448895058,-0.6306338905617828,-1.4735164030407228,-0.2950194767626597,-0.3258167437889179,-0.539776371809498,-1.294335089101455,0.6147160042103609,-1.6831531609552493,0.45507101089216323
Kenneth Lofton Jr.,Away,MEM,WAS,106,113,0,0cb02924-e107-4dd8-9cdc-f1b599a8d37d,-2.072085329962679,0.7757413683896651,-1.3916691947107889,1.7186242010667392,-2.1371181027592896,-0.09316908355261638,0.08900534918586098,-2.72303477938702,-1.294335089101455,-0.5122954056529991,-1.959095560648206,2.095902745379149
Jacob Gilyard,Away,MEM,WAS,106,113,0,0cb02924-e107-4dd8-9cdc-f1b599a8d37d,-2.1427162386052157,-2.1861779682267315,0.09390305601223872,-0.10712587838681549,-2.8446350476971265,-0.005482786812602857,0.3914237377814586,-2.968820835375137,-1.294335089101455,-3.40313661484919,0.2223130528545835,-0.8484238575049496
GG Jackson II,Away,MEM,WAS,106,113,0,0cb02924-e107-4dd8-9cdc-f1b599a8d37d,-2.1427162386052157,-2.1861779682267315,0.09390305601223872,-0.10712587838681549,-2.8446350476971265,-0.005482786812602857,0.3914237377814586,-2.968820835375137,-1.294335089101455,-3.40313661484919,0.2223130528545835,-0.8484238575049496
Ja Morant,Away,MEM,WAS,106,113,0,0cb02924-e107-4dd8-9cdc-f1b599a8d37d,-2.1427162386052157,-2.1861779682267315,0.09390305601223872,-0.10712587838681549,-2.8446350476971265,-0.005482786812602857,0.3914237377814586,-2.968820835375137,-1.294335089101455,-1.5918283392636232,0.02229693936097143,0.3230890355771433
Vince Williams Jr.,Away,MEM,WAS,106,113,0,0cb02924-e107-4dd8-9cdc-f1b599a8d37d,-2.1427162386052157,-2.1861779682267315,0.09390305601223872,-0.10712587838681549,-2.8446350476971265,-0.005482786812602857,0.3914237377814586,-2.968820835375137,-1.294335089101455,-3.40313661484919,0.2223130528545835,-0.8484238575049496
Desmond Bane,Home,MEM,DAL,110,125,0,55586816-b5c9-4663-ba0e-4b60f0d54767,4.199781045479902,2.067259963785597,1.8391854655152975,-0.18284065532920113,0.8760488970801664,-0.9997835009302918,0.14993389477503355,2.7235573022154687,1.4396576320414045,1.3798837748107409,1.4570896263361983,-0.6174573613570914
Marcus Smart,Home,MEM,DAL,110,125,0,55586816-b5c9-4663-ba0e-4b60f0d54767,4.406329608593468,6.400408476961825,-0.35755196967181135,0.16930151421029818,0.34840683664560174,-0.8128997350760251,-0.4739037326006733,1.999725266071124,-1.294335089101455,1.5065420203505937,0.8156147975258834,-0.21554861713309179
Jaren Jackson Jr.,Home,MEM,DAL,110,125,0,55586816-b5c9-4663-ba0e-4b60f0d54767,3.988051777444189,0.22495822582156724,-1.174327858831228,-0.573816405943093,3.382088730579284,1.5015884283731715,-0.5691478920162287,1.6551314099685905,3.776538251817188,2.039656142506822,-0.2773791947883959,-2.3237545278555953
Ziaire Williams,Home,MEM,DAL,110,125,0,55586816-b5c9-4663-ba0e-4b60f0d54767,0.4132596658631609,1.1550050286631917,-0.12473351201420016,1.4963748234569167,1.4285471722732153,-1.1065215195739047,-1.1225585454183038,0.9105873044387757,-1.294335089101455,1.0260672167390887,-1.5053559372944818,-1.026088498282203
Xavier Tillman Sr.,Home,MEM,DAL,110,125,0,55586816-b5c9-4663-ba0e-4b60f0d54767,0.29412127175886943,-0.60367313348898,2.048171306370078,-0.8518706038542582,2.1966835110862073,0.3242797347365114,-0.08177526964410006,-1.2644088655502579,-0.39306128343275176,0.8510895713856854,-0.30118021843739623,1.2254799216257537
David Roddy,Home,MEM,DAL,110,125,0,55586816-b5c9-4663-ba0e-4b60f0d54767,-0.3940762407252329,-1.11691970538496,-0.43797660067156646,-0.45777235043877945,1.092986511219111,0.6998641214975765,-0.4479260455862057,0.44351381134408174,0.2673601108113879,0.4596586148235011,-0.027406325537261595,0.19310106723012593
John Konchar,Home,MEM,DAL,110,125,0,55586816-b5c9-4663-ba0e-4b60f0d54767,-1.129656374307884,-1.3985211377376445,-0.22869030554681838,-0.1601941494231457,0.552733211237367,-0.9581454883082349,-0.35017055534602803,2.954277673814105,-1.294335089101455,-0.42557829630825783,-0.27357306371505424,0.19633649597387598
Derrick Rose,Home,MEM,DAL,110,125,0,55586816-b5c9-4663-ba0e-4b60f0d54767,-1.6659300405096489,-1.9785562404191421,0.07526567664321031,0.07250808626234946,-1.336605650737368,-0.3321105647593653,-0.4313814679555073,-2.429995426803853,0.5992410350666286,0.1248461098196165,-2.7934482493217248,0.3538875755218966
Jake LaRavia,Home,MEM,DAL,110,125,0,55586816-b5c9-4663-ba0e-4b60f0d54767,-1.9308838968711048,-1.5633127848039634,0.03799091790515348,0.4317760155606794,-2.090723548992874,-0.09891900465032219,0.06917463517959227,-2.1894760093005465,-1.294335089101455,-0.8061662311327223,-2.5569324253148378,1.232688015653677
Jacob Gilyard,Home,MEM,DAL,110,125,0,55586816-b5c9-4663-ba0e-4b60f0d54767,-2.072085329962679,-2.1861779682267315,0.09390305601223872,-0.10712587838681549,-2.084924229772072,-0.09963774478753541,0.0666957959288087,-2.968820835375137,-1.294335089101455,1.9218417711281435,-5.1490553875021385,4.832401573640073
GG Jackson II,Home,MEM,DAL,110,125,0,55586816-b5c9-4663-ba0e-4b60f0d54767,-2.1427162386052157,-2.1861779682267315,0.09390305601223872,-0.10712587838681549,-2.084924229772072,-0.09963774478753541,0.0666957959288087,-2.968820835375137,-1.294335089101455,-1.567864014586262,-0.9208999970528007,1.0452050944805669
Kenneth Lofton Jr.,Home,MEM,DAL,110,125,0,55586816-b5c9-4663-ba0e-4b60f0d54767,-2.1427162386052157,-2.1861779682267315,0.09390305601223872,-0.10712587838681549,-2.084924229772072,-0.09963774478753541,0.0666957959288087,-2.968820835375137,-1.294335089101455,-1.5675821100796241,-0.8703903276372164,1.0065043394709186
Vince Williams Jr.,Home,MEM,DAL,110,125,0,55586816-b5c9-4663-ba0e-4b60f0d54767,-2.1427162386052157,-2.1861779682267315,0.09390305601223872,-0.10712587838681549,-2.084924229772072,-0.09963774478753541,0.0666957959288087,-2.968820835375137,-1.294335089101455,-1.56809893500846,-0.9629913882324541,1.0774557236552738
Ja Morant,Home,MEM,DAL,110,125,0,55586816-b5c9-4663-ba0e-4b60f0d54767,-2.1427162386052157,-2.1861779682267315,0.09390305601223872,-0.10712587838681549,-2.8446350476971265,-0.005482786812602857,0.3914237377814586,-2.968820835375137,-1.294335089101455,-1.5918283392636232,0.02229693936097143,0.3230890355771433
Marcus Smart,Away,MEM,UTA,109,133,0,abd16e8d-21c2-48ba-8ea9-523c6de71cd7,1.0601488537112125,5.574911763572344,1.6349978347937295,-0.016114106527075782,-1.0934381964906223,-0.3854636209198543,-0.5838797118094946,0.30304294445860913,0.9954469520674198,1.3810957315811159,-1.8140957176441388,-1.5799848304327648
Desmond Bane,Away,MEM,UTA,109,133,0,abd16e8d-21c2-48ba-8ea9-523c6de71cd7,4.152449961230553,-0.43824493018808525,0.801757668372813,0.8521636140241579,-0.3707004650908515,-0.6427154678679015,0.059324622904691426,0.8717211216280765,1.4170311797439608,1.7340068409854288,-1.3476912215377292,-1.4951245554179924
Jaren Jackson Jr.,Away,MEM,UTA,109,133,0,abd16e8d-21c2-48ba-8ea9-523c6de71cd7,2.1908350625646533,0.1265821703376241,-0.956597417885767,0.5255940280863798,3.0776609663886023,-0.06094679628511163,0.4862245157847996,0.06649193897720125,4.099770078936743,1.7654289363608104,-1.5278817795294724,-1.3448646372400739
Ziaire Williams,Away,MEM,UTA,109,133,0,abd16e8d-21c2-48ba-8ea9-523c6de71cd7,0.20135809259125215,-1.0495787723046697,-0.25914240856112786,1.1846332154478099,1.6841984371268128,2.7016617999567374,-0.15515604716888345,1.9239783150682213,1.2848471180179897,0.21728718446280998,-0.5615847462712383,-0.6227757679508588
Xavier Tillman Sr.,Away,MEM,UTA,109,133,0,abd16e8d-21c2-48ba-8ea9-523c6de71cd7,-1.9308235126776065,1.050081157468262,0.8733525322122199,2.5136639780854586,1.2907472776090065,-1.4333856910786045,2.439722647375059,-2.6992490320333316,-1.294335089101455,-0.11624407592666806,-1.970814042733432,1.0827712032558008
David Roddy,Away,MEM,UTA,109,133,0,abd16e8d-21c2-48ba-8ea9-523c6de71cd7,0.1773281345496116,-0.9397538501082112,-0.5151663898377168,0.395645403532103,0.247361337750324,0.9320366342957808,0.15730866835712112,1.1674921580317366,-1.294335089101455,0.5467530227889086,-1.1450659012867461,-0.7933902666564981
Luke Kennard,Away,MEM,UTA,109,133,0,abd16e8d-21c2-48ba-8ea9-523c6de71cd7,0.21196858473931812,0.40188354015441635,1.687284726999293,-1.8631381549168908,-1.5073739709986627,-0.2747226927737803,-0.32169100282033564,-0.9573193024991303,-1.294335089101455,0.5571616020356106,-1.7360363807858434,-0.569956088335425
Jacob Gilyard,Away,MEM,UTA,109,133,0,abd16e8d-21c2-48ba-8ea9-523c6de71cd7,-1.129656374307884,0.9562025020588143,-0.4735496791769234,-3.0371850022166416,-0.22471087886824515,-0.6499282667164306,-1.1627465521003473,3.1445636526436145,-1.294335089101455,-0.5361085656289348,0.574866584352962,0.4089857293723006
Kenneth Lofton Jr.,Away,MEM,UTA,109,133,0,abd16e8d-21c2-48ba-8ea9-523c6de71cd7,-0.01652224897453359,1.8334218324982774,1.6341708982803038,-0.09729825167653466,1.2661472105938834,-1.2531102201994548,0.42463568458602285,2.1443253570962506,3.387609527616893,0.4644203128268102,0.7421648268024597,0.5702029635277017
John Konchar,Away,MEM,UTA,109,133,0,abd16e8d-21c2-48ba-8ea9-523c6de71cd7,-0.35246765713060324,-1.0095375075720545,-0.6830762886239128,-1.035473125225818,2.935676360576352,-1.8450747365972566,0.7911931017531022,1.7154032297951005,-1.294335089101455,0.03875890773709854,-0.11621943696477492,-0.4720712673905677
Vince Williams Jr.,Away,MEM,UTA,109,133,0,abd16e8d-21c2-48ba-8ea9-523c6de71cd7,-0.01660032785663077,1.3048043234599334,0.08131516449767344,-0.7245353734554494,1.104734575581702,5.58385579220479,-0.4509986721841267,1.6391461526912678,5.208167056032817,0.19442739551053564,2.134221281032149,-0.008074737937555112
Jake LaRavia,Away,MEM,UTA,109,133,0,abd16e8d-21c2-48ba-8ea9-523c6de71cd7,-1.083124655244786,-2.1861779682267315,0.09390305601223872,-0.10712587838681549,-2.0617269528888644,-0.10251270533638833,0.056780438925674345,0.5825053765826476,-1.294335089101455,-0.3071503219990132,-0.35613819773633837,1.1250768525716357
Ja Morant,Away,MEM,UTA,109,133,0,abd16e8d-21c2-48ba-8ea9-523c6de71cd7,-2.1427162386052157,-2.1861779682267315,0.09390305601223872,-0.10712587838681549,-2.8446350476971265,-0.005482786812602857,0.3914237377814586,-2.968820835375137,-1.294335089101455,-1.5918283392636232,0.02229693936097143,0.3230890355771433
Desmond Bane,Away,MEM,POR,113,115,0,bffcf949-4f5c-485c-bc8c-dce2bf395ce6,5.4182557611832936,4.397496549151884,1.618808428533931,-0.8544520216863288,2.341118703700254,2.2479928780373286,-0.6866768803177097,1.2418153942016046,1.8930830662495959,1.9238678282445012,2.3229722383114857,0.13820820799239508
Marcus Smart,Away,MEM,POR,113,115,0,bffcf949-4f5c-485c-bc8c-dce2bf395ce6,0.4001919957773641,2.3763302432768123,-0.8833484502337465,1.6207848198992314,-0.7050682206149551,-0.5395171535229957,0.2718806080599549,-0.5772922386353535,-1.294335089101455,1.5515006690348756,-1.8715331311425683,-0.4615907318734088
Jaren Jackson Jr.,Away,MEM,POR,113,115,0,bffcf949-4f5c-485c-bc8c-dce2bf395ce6,4.777775216318994,1.3366710286140293,-0.41914976625437056,0.7612893242584154,3.6928417433033363,2.021782051701838,-0.32528114535254615,2.689152484659896,1.72244046741878,1.5704155635749797,1.8644431341230887,-0.5217727064272164
David Roddy,Away,MEM,POR,113,115,0,bffcf949-4f5c-485c-bc8c-dce2bf395ce6,1.3895825451851322,-1.3556910569963738,0.01935353853612505,0.6114099802098444,-0.580244320368045,-0.5917941767939833,0.28459734000510417,0.864220565467223,-1.294335089101455,1.1274593385667995,-0.8322180448712817,-0.5063998063846811
Ziaire Williams,Away,MEM,POR,113,115,0,bffcf949-4f5c-485c-bc8c-dce2bf395ce6,0.24838007053772354,1.8978145929284425,-0.158110358784157,1.0359859333524897,1.2311684330656016,0.41470641553136656,-1.5994654631772773,2.6738056612873793,1.0857185634648452,0.8711474908721797,-0.44449221363418795,-1.1815200420661933
Luke Kennard,Away,MEM,POR,113,115,0,bffcf949-4f5c-485c-bc8c-dce2bf395ce6,-0.24676642360848533,-1.0032097759868295,-0.6618896510443963,-0.9851911408056522,2.076541346804797,-1.353881240392129,-1.218604764705079,0.1589707563515916,-1.294335089101455,0.41794712810485674,-0.7689006872348664,-0.23964886418820133
Xavier Tillman Sr.,Away,MEM,POR,113,115,0,bffcf949-4f5c-485c-bc8c-dce2bf395ce6,-0.5532684793710727,1.90641537168586,-0.39522359588301337,-0.5515048556907537,2.5683610671888983,1.5272666049161159,-0.7339750497275731,-0.23822619380310883,-1.294335089101455,0.5796147013938918,-0.23279396020751922,-0.7313988245588874
Jacob Gilyard,Away,MEM,POR,113,115,0,bffcf949-4f5c-485c-bc8c-dce2bf395ce6,-2.1427162386052157,2.2036227197249696,-2.3245280678490228,3.0655782288893514,-2.166114698863299,-0.08957538286655026,0.1013995454397789,-2.1997483376058686,-1.294335089101455,-1.1240108915433829,0.5708897046789149,2.0298564205531013
John Konchar,Away,MEM,POR,113,115,0,bffcf949-4f5c-485c-bc8c-dce2bf395ce6,-1.7541218800165754,-2.1861779682267315,0.09390305601223872,-0.10712587838681549,-0.6912725874331147,1.8760760203716118,-0.2697096687796149,0.1849043810941226,-1.294335089101455,-0.8836245256019696,0.7788635501702256,1.4149919561885873
Vince Williams Jr.,Away,MEM,POR,113,115,0,bffcf949-4f5c-485c-bc8c-dce2bf395ce6,-1.7190515551369938,-0.23496680664916614,-0.8743455548259428,1.2449617772692725,-0.4484132439891973,-0.6568668930645541,-0.9912174493769278,-2.030904360275955,-1.294335089101455,-0.6924122235841174,-0.3761940805709194,2.5894048810664714
Bismack Biyombo,Away,MEM,POR,113,115,0,bffcf949-4f5c-485c-bc8c-dce2bf395ce6,-2.1427162386052157,-2.1861779682267315,0.09390305601223872,-0.10712587838681549,-2.8446350476971265,-0.005482786812602857,0.3914237377814586,-2.968820835375137,-1.294335089101455,-1.5957280182721127,-0.6764201542212759,0.8584494798772782
Jake LaRavia,Away,MEM,POR,113,115,0,bffcf949-4f5c-485c-bc8c-dce2bf395ce6,-2.1427162386052157,-2.1861779682267315,0.09390305601223872,-0.10712587838681549,-2.8446350476971265,-0.005482786812602857,0.3914237377814586,-2.968820835375137,-1.294335089101455,-3.40313661484919,0.2223130528545835,-0.8484238575049496
Kenneth Lofton Jr.,Away,MEM,POR,113,115,0,bffcf949-4f5c-485c-bc8c-dce2bf395ce6,-2.1427162386052157,-2.1861779682267315,0.09390305601223872,-0.10712587838681549,-2.8446350476971265,-0.005482786812602857,0.3914237377814586,-2.968820835375137,-1.294335089101455,-3.40313661484919,0.2223130528545835,-0.8484238575049496
Jaren Jackson Jr.,Away,MEM,POR,112,100,1,b0943a81-7f9c-4b30-90e8-5e8ad6db99ec,2.96841096492691,0.12593954481743427,0.20906429773808136,0.18293706579141514,1.7350567084946786,0.032039241557553305,1.214564695424539,1.562286271304299,2.1342011620099948,1.3198170164726484,1.708634181167776,0.5793252588036767
Desmond Bane,Away,MEM,POR,112,100,1,b0943a81-7f9c-4b30-90e8-5e8ad6db99ec,5.32970327852429,2.413656511118275,-0.8144828939812114,0.0429330283952008,1.3500622337402572,-1.0177807671437045,-1.988771228393044,1.0542034519525323,0.34951121959433584,1.8730766887793826,1.2020397949034045,0.6955005989153671
Marcus Smart,Away,MEM,POR,112,100,1,b0943a81-7f9c-4b30-90e8-5e8ad6db99ec,0.8724245489008393,2.931872102262338,0.33168913113659443,0.3216481593464848,-1.2932380335180595,-0.3344488846696607,-0.430459963121756,1.2339520598242406,-1.294335089101455,0.5208543033602243,0.8500859370661132,1.0472852065554064
Ziaire Williams,Away,MEM,POR,112,100,1,b0943a81-7f9c-4b30-90e8-5e8ad6db99ec,-0.6880008852853967,-0.012703256858751124,-0.8115574378558016,1.7845215640469247,1.8103898860859886,0.27590540755087634,-0.7466311701837147,1.5927709669137027,0.5992410350666286,0.533132512243346,-1.0648955115152154,-0.8893555517207671
Bismack Biyombo,Away,MEM,POR,112,100,1,b0943a81-7f9c-4b30-90e8-5e8ad6db99ec,-0.870810901971601,1.424220952270203,-1.538234072117628,0.9522595813257834,5.559328066415188,2.0935206932317536,2.640530623411947,0.5448202966023161,1.195903030317585,0.08362858943500098,1.8412099801088646,1.2595945702714872
Luke Kennard,Away,MEM,POR,112,100,1,b0943a81-7f9c-4b30-90e8-5e8ad6db99ec,1.9981449327809127,-0.3568590730529916,0.4574595723754758,-0.25100016516415413,0.08191871142237271,-0.6931695286852444,-1.242704305558606,2.9289868307140687,0.4477479731738871,0.11327053676261362,2.805387776594353,2.0012605342570398
Santi Aldama,Away,MEM,POR,112,100,1,b0943a81-7f9c-4b30-90e8-5e8ad6db99ec,-0.0700044067539559,0.1391308775989573,-1.290749162205297,0.11197902625247617,0.8151711592010155,-1.0525899961446894,-0.32082432846053405,0.4623109696523322,-1.294335089101455,0.5312730670577513,-0.2916065856632741,0.2273053005791314
David Roddy,Away,MEM,POR,112,100,1,b0943a81-7f9c-4b30-90e8-5e8ad6db99ec,-1.1536951796938242,-1.0314574108034187,1.8289756901098497,-0.2187393137882552,-0.8581510311601827,-0.5131217987847398,-0.7306486209838388,-0.24557163525792547,-1.294335089101455,-0.20797900552806242,0.025279089479400378,1.0646389659921713
Jacob Gilyard,Away,MEM,POR,112,100,1,b0943a81-7f9c-4b30-90e8-5e8ad6db99ec,-2.1427162386052157,1.9707221157677328,-2.000822613624862,3.7436168933624465,-1.497668439237366,2.2614577677092016,0.26431904497717534,-2.3345342392767714,-1.294335089101455,-0.7843086387082011,-0.615563544507011,0.21235866495906247
Kenneth Lofton Jr.,Away,MEM,POR,112,100,1,b0943a81-7f9c-4b30-90e8-5e8ad6db99ec,-0.81169292436178,-0.46447085119811093,-1.2681428005539408,-2.107992412358067,0.16709615744005538,1.9463574396267453,-0.7449492355270838,3.0352062206298713,-0.6465417864914018,-0.4095694509461885,2.0677774369248945,-0.6364109729138521
Jake LaRavia,Away,MEM,POR,112,100,1,b0943a81-7f9c-4b30-90e8-5e8ad6db99ec,-2.1427162386052157,-2.1861779682267315,0.09390305601223872,-0.10712587838681549,-2.8446350476971265,-0.005482786812602857,0.3914237377814586,-2.968820835375137,-1.294335089101455,-3.40313661484919,0.2223130528545835,-0.8484238575049496
Xavier Tillman Sr.,Away,MEM,POR,112,100,1,b0943a81-7f9c-4b30-90e8-5e8ad6db99ec,-2.1427162386052157,-2.1861779682267315,0.09390305601223872,-0.10712587838681549,-2.8446350476971265,-0.005482786812602857,0.3914237377814586,-2.968820835375137,-1.294335089101455,-3.40313661484919,0.2223130528545835,-0.8484238575049496
Vince Williams Jr.,Away,MEM,POR,112,100,1,b0943a81-7f9c-4b30-90e8-5e8ad6db99ec,-2.1427162386052157,-2.1861779682267315,0.09390305601223872,-0.10712587838681549,-2.8446350476971265,-0.005482786812602857,0.3914237377814586,-2.968820835375137,-1.294335089101455,-3.40313661484919,0.2223130528545835,-0.8484238575049496
Desmond Bane,Home,MEM,MIA,102,108,0,5ee96084-c59a-44c5-8778-0705c97ccae2,2.0557508608425517,0.46185743775019694,0.1316412311899593,-0.28258438449051715,1.110839161137714,1.7560611370357406,-1.282264281507709,0.010721757605284956,2.6271270426810087,1.5638062533199018,-0.6947032099107809,-1.2076189562649684
Jaren Jackson Jr.,Home,MEM,MIA,102,108,0,5ee96084-c59a-44c5-8778-0705c97ccae2,3.5928587759470023,0.06240104373510985,-0.7776877180878126,0.42256776724936623,0.5369572931580944,0.4772368222828225,0.8572949731850026,1.4054219471473917,4.395808789087476,1.5662488628049418,0.9152957549147474,-0.7705173645870559
Marcus Smart,Home,MEM,MIA,102,108,0,5ee96084-c59a-44c5-8778-0705c97ccae2,0.4182343381808282,3.676992285334896,-0.2632188464468132,-0.7953533194284753,-0.09658896854272504,-0.6675166884693968,-1.228834404401993,-0.7054053143558272,1.5073613405894737,1.4471792652625586,-1.1000550520741332,-0.7564513144529509
Bismack Biyombo,Home,MEM,MIA,102,108,0,5ee96084-c59a-44c5-8778-0705c97ccae2,-0.8178013083869531,0.05643396090631356,0.7562045581053632,1.4581647610427098,3.8560090638122406,-2.160868111630535,2.8357500451327047,2.9515200352862454,0.5992410350666286,0.48589335159529634,-0.548355447851818,-1.184265163457004
Ziaire Williams,Home,MEM,MIA,102,108,0,5ee96084-c59a-44c5-8778-0705c97ccae2,-0.5536983540609477,0.29611720975844824,2.4193702021680172,0.5282114734591544,-0.8093459207348004,-0.5785458873892654,0.5061867768779125,-1.7700148802935527,-1.294335089101455,0.5788708974646283,-1.5878018128321247,0.4606263130149728
Luke Kennard,Home,MEM,MIA,102,108,0,5ee96084-c59a-44c5-8778-0705c97ccae2,1.3205490651005767,1.5230058004430054,-0.3872125603460251,0.7282789410298456,-1.0439670760057103,-0.410728243857189,-0.6268700677910032,2.744760457578552,1.1335094165575998,0.42192832075782305,1.2130671764846612,0.38898989337576895
Santi Aldama,Home,MEM,MIA,102,108,0,5ee96084-c59a-44c5-8778-0705c97ccae2,1.3317102003255143,0.4789028800508355,2.152994668496655,0.7626447371359281,3.0717020691074537,-0.1376292461993423,-0.5640016394861326,0.47466033013455033,-0.6930433774233123,0.8208457549755489,0.7570664792896493,0.8121357178300154
Jacob Gilyard,Home,MEM,MIA,102,108,0,5ee96084-c59a-44c5-8778-0705c97ccae2,-0.3284288517446632,0.09853701226065745,-1.5578427250509221,-2.319177523171245,-2.1429174219800915,-0.09245034341540316,0.09148418843664456,4.566819915547997,-1.294335089101455,-0.6329971927401297,1.7058360131686354,0.32976434727183573
David Roddy,Home,MEM,MIA,102,108,0,5ee96084-c59a-44c5-8778-0705c97ccae2,-1.6479996191488817,0.9430843029794941,1.0321661913867235,2.356690661257714,0.6146851225209564,-1.1965748658319524,1.6796299554811365,0.4613847191846691,2.081361336230567,-0.3445820441755713,0.5451247660797285,1.279353385225216
Kenneth Lofton Jr.,Home,MEM,MIA,102,108,0,5ee96084-c59a-44c5-8778-0705c97ccae2,-1.683490971374039,-1.1066771816785035,-0.6282306185071769,-0.970997110326957,-2.1429174219800915,-0.09245034341540316,0.09148418843664456,-0.6882073049252595,-1.294335089101455,-0.38027350825526796,-0.2901572232126534,0.9476516118596862
GG Jackson II,Home,MEM,MIA,102,108,0,5ee96084-c59a-44c5-8778-0705c97ccae2,-2.1427162386052157,-2.1861779682267315,0.09390305601223872,-0.10712587838681549,-2.8446350476971265,-0.005482786812602857,0.3914237377814586,-2.968820835375137,-1.294335089101455,-3.40313661484919,0.2223130528545835,-0.8484238575049496
Jake LaRavia,Home,MEM,MIA,102,108,0,5ee96084-c59a-44c5-8778-0705c97ccae2,-2.1427162386052157,-2.1861779682267315,0.09390305601223872,-0.10712587838681549,-2.8446350476971265,-0.005482786812602857,0.3914237377814586,-2.968820835375137,-1.294335089101455,-3.40313661484919,0.2223130528545835,-0.8484238575049496
Vince Williams Jr.,Home,MEM,MIA,102,108,0,5ee96084-c59a-44c5-8778-0705c97ccae2,-2.1427162386052157,-2.1861779682267315,0.09390305601223872,-0.10712587838681549,-2.8446350476971265,-0.005482786812602857,0.3914237377814586,-2.968820835375137,-1.294335089101455,-3.40313661484919,0.2223130528545835,-0.8484238575049496
Desmond Bane,Home,MEM,UTA,121,127,0,56652acc-fd87-4b5b-b0d7-1fce65976f0d,7.633784149372707,2.8151233009224548,-1.430590595937886,-1.2348816103705076,0.7969232147515719,2.077476539394876,-1.0211336629278511,1.9258631533855317,0.7215633021710967,1.9659326312794128,1.826583435929033,-0.687393493158718
Jacob Gilyard,Home,MEM,UTA,121,127,0,56652acc-fd87-4b5b-b0d7-1fce65976f0d,2.439319010264326,2.3052482232172045,-1.1764878165432218,-1.1458981626682399,0.2598553071738746,-0.8743140858584157,0.725369233560377,2.4746670010942133,-1.294335089101455,0.9388578409482007,0.035465341027706675,-1.0886512780608004
Bismack Biyombo,Home,MEM,UTA,121,127,0,56652acc-fd87-4b5b-b0d7-1fce65976f0d,0.06556120650721997,-0.7471867175919656,1.0720442269522445,0.4194021780216563,6.86247997782384,-3.1545743478554664,4.0911455282650335,0.7690461724781822,2.925819874510725,0.8488495199606474,0.018997109411738173,-0.20005521973660234
Marcus Smart,Home,MEM,UTA,121,127,0,56652acc-fd87-4b5b-b0d7-1fce65976f0d,-0.09411244367769367,0.2974066026918365,-0.7682869473204695,0.9516395884852092,-0.9266995461600684,1.3945951839025652,-0.234142476130917,-0.18611031457738014,1.0485478999482583,0.31446191767979365,-0.13226837636526906,1.804776721256773
Jaren Jackson Jr.,Home,MEM,UTA,121,127,0,56652acc-fd87-4b5b-b0d7-1fce65976f0d,0.7892162290558796,0.003782416050480017,-0.9632125159479193,0.5836259963340611,0.7229567425909313,-1.0778461643164996,0.8062491022270539,0.5648403431768113,-1.294335089101455,1.0407995227083082,-0.8030004573337776,-0.2164697221106548
John Konchar,Home,MEM,UTA,121,127,0,56652acc-fd87-4b5b-b0d7-1fce65976f0d,0.02466530727452055,-0.03988026414780669,2.1590810177080675,-1.3202987508068058,-1.4404974100933297,-0.2990690711389315,-0.3688687137993671,1.3328087430788504,-1.294335089101455,0.11303393858330461,0.0980726756257341,-0.5295382547194428
Luke Kennard,Home,MEM,UTA,121,127,0,56652acc-fd87-4b5b-b0d7-1fce65976f0d,2.5099499189068624,-1.5976292459338692,-0.2171809550243136,-0.3505866765084695,-0.819241192855525,1.5437312575640048,-0.2736140366207897,2.091831276002876,-1.294335089101455,0.7170745641023644,-0.07199305948580853,-1.0625368373269908
David Roddy,Home,MEM,UTA,121,127,0,56652acc-fd87-4b5b-b0d7-1fce65976f0d,0.28302936807172957,-0.8276324146307767,-0.42430809811227904,1.4597581021431485,0.22820322425107836,-0.8909889518911406,-0.020238357096086908,0.06714221095002278,-1.294335089101455,0.6187244195705357,-1.3833539166918585,0.833807096618919
Santi Aldama,Home,MEM,UTA,121,127,0,56652acc-fd87-4b5b-b0d7-1fce65976f0d,-0.8998332270195079,-1.9785562404191421,0.07526567664321031,0.07250808626234946,-0.2213513298150208,-0.6981711821485257,-1.213296253368153,3.475720726017641,0.8209374924691294,-0.3892923114096275,0.2769634105587283,0.4629729481584741
Kenneth Lofton Jr.,Home,MEM,UTA,121,127,0,56652acc-fd87-4b5b-b0d7-1fce65976f0d,-1.8602529882285683,-0.33403038609730795,-0.5075012299676053,2.1958752808382416,0.7120930319226277,1.994509816610932,-1.1448170892773961,-2.579148422337842,-1.294335089101455,-0.698564039741683,-0.7398680279135779,2.3467147352666875
Vince Williams Jr.,Home,MEM,UTA,121,127,0,56652acc-fd87-4b5b-b0d7-1fce65976f0d,-2.1427162386052157,-2.1861779682267315,0.09390305601223872,-0.10712587838681549,-2.8446350476971265,-0.005482786812602857,0.3914237377814586,-2.968820835375137,-1.294335089101455,-3.40313661484919,0.2223130528545835,-0.8484238575049496
Marcus Smart,Away,MEM,LAC,105,101,1,d15831a9-967e-4ce1-ae6b-087b06037f09,2.168359843576095,3.0213372432617596,-2.650562969753035,0.6768334242420908,-0.7432712385733884,-0.47637226835628416,-0.7852632502391556,1.3595140096074512,2.1027926231276735,0.947529254596894,1.410436592416087,1.3868291510998607
Bismack Biyombo,Away,MEM,LAC,105,101,1,d15831a9-967e-4ce1-ae6b-087b06037f09,-0.32308468893061926,0.5858650934872432,0.07774096734758382,-0.06308653700339294,4.920835385842193,0.44998948046411286,0.5481804794556828,1.9482822277381304,2.927741565675347,0.33945891163494657,2.4471336605544556,1.0103881323745
Desmond Bane,Away,MEM,LAC,105,101,1,d15831a9-967e-4ce1-ae6b-087b06037f09,4.817399186170667,2.497212405041475,-2.361853487787452,-0.050632859178693417,0.29157515199774253,0.5418549275860501,-0.03782145521068834,0.7556794668855237,2.024016695157255,1.761006369485501,1.528439747321736,0.8040992570745294
Jaren Jackson Jr.,Away,MEM,LAC,105,101,1,d15831a9-967e-4ce1-ae6b-087b06037f09,0.40071609682133735,1.0011785109488482,0.28324136775812075,1.5561444609247637,0.3159635276031315,0.6805234682765501,-1.1037046210355097,-1.1121534006316354,3.0986263036381665,1.3510801409819884,-0.7195624035231605,0.733535442382782
Jacob Gilyard,Away,MEM,LAC,105,101,1,d15831a9-967e-4ce1-ae6b-087b06037f09,0.3070681734576696,1.597957111998737,2.8420288498100073,-1.4287751091267944,0.7847906978760281,-1.0423963729245176,-0.5427284263103395,1.3575925969826732,-1.294335089101455,0.012777728184913378,1.093447535438011,-0.06126334708355316
Luke Kennard,Away,MEM,LAC,105,101,1,d15831a9-967e-4ce1-ae6b-087b06037f09,1.3270873238156249,-0.5232389213570098,0.6859545687080157,-1.0016078170046192,-1.6452031155227862,-0.2497980414888637,-0.2432123969259321,5.701580665494877,0.5658975822087529,0.045605765921364234,1.4643213818572591,-0.8509537610277795
Santi Aldama,Away,MEM,LAC,105,101,1,d15831a9-967e-4ce1-ae6b-087b06037f09,0.3185295676411861,0.06798904625765032,-1.1024762560650851,0.5856050044385551,0.14203641362449457,0.9479413029286438,-0.9684840507231652,1.064970228995761,-1.294335089101455,0.4729109310189351,0.19136342722493976,-0.0361745589004303
David Roddy,Away,MEM,LAC,105,101,1,d15831a9-967e-4ce1-ae6b-087b06037f09,-0.5177682798016161,-1.2522799044194939,1.371789173772554,-0.15401783692146181,2.5738854609549713,-0.0858460820867485,2.8505483904826523,0.9113459043631481,-1.294335089101455,0.19448251528574761,0.4897817743777383,-0.560874525117837
Ziaire Williams,Away,MEM,LAC,105,101,1,d15831a9-967e-4ce1-ae6b-087b06037f09,-1.4365883047603465,-1.3564100236118686,-0.41914177234248345,-0.655412612199634,-0.8811665903270801,-0.6815867008322171,1.6387352347264104,-2.106811830026159,-1.294335089101455,-0.08191330834042665,-1.773035240315153,1.1056019005128352
John Konchar,Away,MEM,LAC,105,101,1,d15831a9-967e-4ce1-ae6b-087b06037f09,-1.9308838968711048,-0.09046194394339725,-0.6929249187914172,2.7549570226986067,1.194869222580421,-1.3022026178281527,-2.266979498398019,-2.1894760093005465,-1.294335089101455,-0.28550634011645726,-2.930567288922023,1.231145496571639
Kenneth Lofton Jr.,Away,MEM,LAC,105,101,1,d15831a9-967e-4ce1-ae6b-087b06037f09,-2.1427162386052157,-2.1861779682267315,0.09390305601223872,-0.10712587838681549,-2.8446350476971265,-0.005482786812602857,0.3914237377814586,-2.968820835375137,-1.294335089101455,-3.40313661484919,0.2223130528545835,-0.8484238575049496
Vince Williams Jr.,Away,MEM,LAC,105,101,1,d15831a9-967e-4ce1-ae6b-087b06037f09,-2.1427162386052157,-2.1861779682267315,0.09390305601223872,-0.10712587838681549,-2.8446350476971265,-0.005482786812602857,0.3914237377814586,-2.968820835375137,-1.294335089101455,-3.40313661484919,0.2223130528545835,-0.8484238575049496
Desmond Bane,Away,MEM,LAL,107,134,0,a3437a7e-c2c3-4911-b57d-b8d6e3f9a796,1.490772823240058,0.8770320282143106,-1.752399349780656,-0.6538185275819531,-1.4332924413552712,-0.2732944126464125,-0.3534074004271517,1.700303888342492,1.6055395447209375,1.092339492065621,-1.4231024160670582,-1.4129736503268207
Bismack Biyombo,Away,MEM,LAL,107,134,0,a3437a7e-c2c3-4911-b57d-b8d6e3f9a796,-1.7895616953925335,-0.18717421345985988,-1.0082431087585324,-1.074121286629178,4.287353395351762,1.1647958135237386,3.6706124462666896,-2.2156055025083274,-1.294335089101455,0.28049323906266643,-1.8472956105602882,-0.800074997554921
Jaren Jackson Jr.,Away,MEM,LAL,107,134,0,a3437a7e-c2c3-4911-b57d-b8d6e3f9a796,1.2607098011866011,-0.514398465768996,-0.7437023506206989,-0.04914515666695319,-0.13183857297021345,0.9977149787877315,1.6045567431319376,-0.643679414139664,-1.294335089101455,1.2973718390175661,-2.111610306914366,0.2037408927597043
Jacob Gilyard,Away,MEM,LAL,107,134,0,a3437a7e-c2c3-4911-b57d-b8d6e3f9a796,0.6846310125526683,0.8603663593855817,2.0003195999283507,0.38428532301315643,-0.03187506100083243,-0.7778401857022643,-0.11764187369225668,3.462913401636375,-1.294335089101455,0.19116441111304405,-0.4331630875375744,-0.8654361333109988
Marcus Smart,Away,MEM,LAL,107,134,0,a3437a7e-c2c3-4911-b57d-b8d6e3f9a796,-1.0590254656653477,-0.2804669658142745,1.8847883488769348,-1.2799982638384,0.01645141397455107,2.6009970760718857,-0.6393079382076264,1.2218085887616366,-1.294335089101455,-0.3382019072713083,0.3776939787989502,-0.7093666478696521
David Roddy,Away,MEM,LAL,107,134,0,a3437a7e-c2c3-4911-b57d-b8d6e3f9a796,2.5149245912245295,0.4843859746683818,1.4149412840443332,-1.2548527327955492,0.4916047282068222,2.1401185169384522,0.16683154902439454,0.48051408549725966,1.4396576320414045,1.2232892193428027,-0.010441151294175966,-0.3515658539013155
Ziaire Williams,Away,MEM,LAL,107,134,0,a3437a7e-c2c3-4911-b57d-b8d6e3f9a796,1.649243775581743,-0.40691613563750084,1.0019126453490679,0.774583845795289,-0.979249736475391,1.2519146793564326,-0.24431541212694124,-0.37653281447201403,-1.294335089101455,1.2228855826193554,-1.9910524528569584,0.19714640015656887
Santi Aldama,Away,MEM,LAL,107,134,0,a3437a7e-c2c3-4911-b57d-b8d6e3f9a796,3.4577230373757013,0.9729573883824225,-1.8780625617851747,-0.5755494995204633,1.942565369390468,2.092086327393537,-1.7884690170452615,2.0270262853385352,1.6042903955263856,1.4565685470358218,0.5853112896944344,-1.3577674339362416
Xavier Tillman Sr.,Away,MEM,LAL,107,134,0,a3437a7e-c2c3-4911-b57d-b8d6e3f9a796,1.2854875875652945,0.25866126331873807,0.3843002278663552,-0.2738007539661862,-0.7047050473378572,-0.5641079576214979,0.33078780524553747,4.78439352251409,-1.294335089101455,0.2565316357386885,0.8923282810519044,-0.7430882997008991
John Konchar,Away,MEM,LAL,107,134,0,a3437a7e-c2c3-4911-b57d-b8d6e3f9a796,-0.2577979431021268,1.2902870514994778,-0.4696540341282211,-2.974494769823703,0.15098576492474616,-0.8462430721397708,-0.1638399035119194,3.105179594791687,-1.294335089101455,-0.28839693721139864,1.1865524424831264,-0.5134709260742953
Luke Kennard,Away,MEM,LAL,107,134,0,a3437a7e-c2c3-4911-b57d-b8d6e3f9a796,-1.36595739611781,-2.1861779682267315,0.09390305601223872,-0.10712587838681549,2.827423714606862,-1.9734578245456735,-0.7892778033927463,-2.3822852029619392,-1.294335089101455,0.573425936366405,-3.1720943506767485,2.303968543523669
Kenneth Lofton Jr.,Away,MEM,LAL,107,134,0,a3437a7e-c2c3-4911-b57d-b8d6e3f9a796,-1.8602529882285683,-2.1861779682267315,0.09390305601223872,-0.10712587838681549,-2.009533079901647,-0.10898136657130736,0.03447088566862206,-2.579148422337842,-1.294335089101455,-0.45722594751913664,-2.5736897226048905,1.8169834786653996
Vince Williams Jr.,Away,MEM,LAL,107,134,0,a3437a7e-c2c3-4911-b57d-b8d6e3f9a796,-1.9308838968711048,-2.1861779682267315,0.09390305601223872,-0.10712587838681549,-0.1662465013428309,-0.76227665207469,-1.3764668183968285,-2.1894760093005465,-1.294335089101455,-0.8671595422744105,-2.020269916609429,1.3285792554734317
Desmond Bane,Away,MEM,SAS,120,108,1,97ac25dc-5d4f-4e41-b47a-93cdf0db09dc,3.1402321516243723,1.7205489574237507,-0.35418714973745635,0.17504517378306383,0.6992613553455415,-1.070931782927053,1.64522162199212,2.145124073168528,3.6410151877436157,1.2207805310673905,1.3942669176772766,-0.059486369308862266
Bismack Biyombo,Away,MEM,SAS,120,108,1,97ac25dc-5d4f-4e41-b47a-93cdf0db09dc,0.2242897283025848,0.6009044953539457,-1.2756489594789269,-0.16798651488161276,2.4318198273839973,-1.4148406999429284,-1.5602497187909143,1.8168295971733028,-0.9412520472300555,0.49358567626025546,1.1928089348804023,0.2574230592489175
Jaren Jackson Jr.,Away,MEM,SAS,120,108,1,97ac25dc-5d4f-4e41-b47a-93cdf0db09dc,3.39863890192648,-0.03948801368365036,0.846213795401555,1.1276034082193187,1.457814461087638,0.3358418787334832,1.9427536756261279,0.6110613632413531,5.742356436323072,1.7251269953713821,1.127129700653457,1.043487665511207
John Konchar,Away,MEM,SAS,120,108,1,97ac25dc-5d4f-4e41-b47a-93cdf0db09dc,-0.38802824089355814,0.4378623078134602,0.43314258158350355,0.27092737308243237,0.008496369452919102,1.0877464792255054,-0.8194757012054438,0.9908106608421428,-1.294335089101455,0.16894679848866873,-0.1939879765298828,-0.3105386157419746
Jacob Gilyard,Away,MEM,SAS,120,108,1,97ac25dc-5d4f-4e41-b47a-93cdf0db09dc,-1.129656374307884,-1.0688708621671608,-0.3494960983826856,-0.13476624635892281,-2.1371181027592896,-0.09316908355261638,0.08900534918586098,2.938420508911646,-1.294335089101455,-0.4259738159622677,-1.3038301149559004,-0.35323812977843727
Santi Aldama,Away,MEM,SAS,120,108,1,97ac25dc-5d4f-4e41-b47a-93cdf0db09dc,1.8022672460089117,1.1859103876345967,-0.2468571753557173,0.5907613363165373,3.2325094428936376,-0.21774422900318283,-0.6677522097917519,0.7223359505970365,0.8450230059940463,0.9271902621064066,1.6188852425353413,1.6105795937219236
David Roddy,Away,MEM,SAS,120,108,1,97ac25dc-5d4f-4e41-b47a-93cdf0db09dc,-1.36595739611781,0.4193090784794991,1.8918858084696426,0.2271935596270456,0.30423955743241016,-0.9542073935845387,1.0707585838149694,-2.2316421363885772,-0.351869787288925,-0.08726129378450215,0.44183375445334466,2.055472765107346
Ziaire Williams,Away,MEM,SAS,120,108,1,97ac25dc-5d4f-4e41-b47a-93cdf0db09dc,0.8908186871120811,1.0631214266651396,-0.3421947193096982,-1.4968222689308246,1.8016307656271906,-1.302974076999792,-1.0781001708729592,2.3990823708333457,4.411652837820238,0.21962600467609555,3.322545531416968,1.2941614978435585
Derrick Rose,Away,MEM,SAS,120,108,1,97ac25dc-5d4f-4e41-b47a-93cdf0db09dc,-0.5288086466395571,-1.4642492053558218,-0.328853406953184,-0.5191374880082898,-1.412446644114207,-0.3217215799744208,-0.3737647782719937,3.8710224641757516,1.5751610393555757,-0.19423852270366565,0.9952061773558714,0.3130701819619198
Kenneth Lofton Jr.,Away,MEM,SAS,120,108,1,97ac25dc-5d4f-4e41-b47a-93cdf0db09dc,-1.5422895382824644,0.4788530874322877,-1.221447853192512,0.6346794402782238,-1.3255167178662965,-0.35709840190320447,-0.43694066907237156,-0.5158998848059461,-1.294335089101455,-0.20318468702795414,-1.223569055842942,0.6402864070989887
Jake LaRavia,Away,MEM,SAS,120,108,1,97ac25dc-5d4f-4e41-b47a-93cdf0db09dc,-2.1427162386052157,-2.1861779682267315,0.09390305601223872,-0.10712587838681549,-2.8446350476971265,-0.005482786812602857,0.3914237377814586,-2.968820835375137,-1.294335089101455,-1.5918283392636232,0.02229693936097143,0.3230890355771433
Vince Williams Jr.,Away,MEM,SAS,120,108,1,97ac25dc-5d4f-4e41-b47a-93cdf0db09dc,-2.1427162386052157,-2.1861779682267315,0.09390305601223872,-0.10712587838681549,-2.8446350476971265,-0.005482786812602857,0.3914237377814586,-2.968820835375137,-1.294335089101455,-3.40313661484919,0.2223130528545835,-0.8484238575049496
Santi Aldama,Home,MEM,BOS,100,102,0,bb20929e-0860-4115-b8c2-45ffc967c874,6.655373582609382,1.8759566332042772,0.3328962421803299,-1.905922682503837,3.85886478404049,-1.9104791056136998,0.20427017274252668,1.2007889578639643,-1.294335089101455,1.8097474964063665,1.8505718091225545,-0.3590889993809634
Desmond Bane,Home,MEM,BOS,100,102,0,bb20929e-0860-4115-b8c2-45ffc967c874,6.909295919477197,2.5202146509379215,-1.4594391173406922,-2.1934713211430434,-0.9926419953641361,-0.5179310270470882,1.3430941481684981,1.3851936833592005,0.34951121959433584,1.9509829100672513,1.7145479186943815,-0.5939453445268218
Jaren Jackson Jr.,Home,MEM,BOS,100,102,0,bb20929e-0860-4115-b8c2-45ffc967c874,1.0255510930264051,0.7627532992131091,0.3859555905167365,1.343804880492525,2.4066842426182062,0.0018771993383904669,-0.38501138209299485,0.8242444515794134,3.3840875633184364,1.1620115464982577,0.2807393826342573,0.15142188154034675
John Konchar,Home,MEM,BOS,100,102,0,bb20929e-0860-4115-b8c2-45ffc967c874,-1.683490971374039,0.9369679428560509,0.042470434541980594,0.32043533206852853,1.2698170089838616,0.4395002360987455,0.5780078926073031,-0.585135733059275,-1.294335089101455,0.194224694403353,-0.6757943574045804,-0.7235878706205653
Bismack Biyombo,Home,MEM,BOS,100,102,0,bb20929e-0860-4115-b8c2-45ffc967c874,-1.7541218800165754,-1.1480693291887845,0.0007161591670966305,0.7910439448590094,0.12299657919881918,1.4161755595965564,0.7093275673560767,0.3751903599236324,-1.294335089101455,-0.6109964516653746,-0.7277387903731752,0.9345748693585646
Ziaire Williams,Home,MEM,BOS,100,102,0,bb20929e-0860-4115-b8c2-45ffc967c874,-0.058972887260314334,-0.2756052667083431,-1.089398133240835,-1.4043751253845655,2.096292334678591,-1.4528605887753134,-0.2858152257028752,-0.6818041021327302,-1.294335089101455,0.6601058330936821,-0.5115273839127807,0.2530885018133043
David Roddy,Home,MEM,BOS,100,102,0,bb20929e-0860-4115-b8c2-45ffc967c874,-1.7190515551369938,-2.1861779682267315,0.09390305601223872,-0.10712587838681549,-0.8928234792906538,-0.4646516859829541,-0.7319111702562447,-2.1894760093005465,-1.294335089101455,-0.3800609457762446,-0.9661935527000141,0.7251532776631286
Vince Williams Jr.,Home,MEM,BOS,100,102,0,bb20929e-0860-4115-b8c2-45ffc967c874,-0.2577979431021268,-1.7709345126115528,0.056628297274181894,0.2521420509115144,-1.003865068308824,3.805896578991112,0.3675281484271389,2.764250549388816,-1.294335089101455,-0.403341021497437,1.0390475467021016,0.6088686836275558
Jacob Gilyard,Home,MEM,BOS,100,102,0,bb20929e-0860-4115-b8c2-45ffc967c874,-1.129656374307884,3.4390567578462474,1.0776344737592534,-1.410719823555275,-0.598341291767492,-0.6889966485287415,0.5984447307484678,2.7798488598870543,-1.294335089101455,-0.40275946661533646,1.0552792032883764,-0.6553662797316323
Kenneth Lofton Jr.,Home,MEM,BOS,100,102,0,bb20929e-0860-4115-b8c2-45ffc967c874,-1.0475729188261305,-0.3037190185278057,-0.9167763038737948,0.9782772721881153,-0.5370639702423191,-0.6047397375646651,-1.0015985426528573,-0.08774183972343018,1.2848471180179897,0.37205083005955464,-0.4130816140458869,0.9823233689643509
GG Jackson II,Home,MEM,BOS,100,102,0,bb20929e-0860-4115-b8c2-45ffc967c874,-2.1427162386052157,-2.1861779682267315,0.09390305601223872,-0.10712587838681549,-2.8446350476971265,-0.005482786812602857,0.3914237377814586,-2.968820835375137,-1.294335089101455,-3.40313661484919,0.2223130528545835,-0.8484238575049496
Jake LaRavia,Home,MEM,BOS,100,102,0,bb20929e-0860-4115-b8c2-45ffc967c874,-2.1427162386052157,-2.1861779682267315,0.09390305601223872,-0.10712587838681549,-2.8446350476971265,-0.005482786812602857,0.3914237377814586,-2.968820835375137,-1.294335089101455,-3.40313661484919,0.2223130528545835,-0.8484238575049496
Jaren Jackson Jr.,Away,MEM,HOU,91,111,0,77b9ea28-a4f3-41e0-9fbc-85cc62191ff3,2.114216538283941,0.07440124158814984,0.6471456546256663,1.324279068926464,1.5597183005834796,0.24151990595802253,-0.882025745292956,-0.39776504661444534,5.017830195674858,2.257529461250241,-1.083728375892434,-1.0614361292685548
Bismack Biyombo,Away,MEM,HOU,91,111,0,77b9ea28-a4f3-41e0-9fbc-85cc62191ff3,-1.3124663909940883,-0.026388327372439055,0.2577408603239685,-0.08862968570199013,1.0893901321478088,1.93113247627656,-1.2046341576017605,0.15541561853064245,0.5992410350666286,0.4699031709378942,-0.2379856325374114,-0.6776177677907231
Desmond Bane,Away,MEM,HOU,91,111,0,77b9ea28-a4f3-41e0-9fbc-85cc62191ff3,2.197733964431779,2.3992469824879703,-0.8970413902768065,-0.9969278817422381,1.6865470604515944,-1.2340293338505197,-1.2042103275904168,1.7252007157090277,5.1253780516153515,1.5476890519295132,0.7176013796633178,-1.8283542296793036
Jacob Gilyard,Away,MEM,HOU,91,111,0,77b9ea28-a4f3-41e0-9fbc-85cc62191ff3,-0.31739733225102174,-0.22214265976741393,-1.2893536384985318,-1.913938338075932,-1.4655693415030226,-0.35195920977349393,0.8175304288763175,0.5837241338985518,-1.294335089101455,0.34380801139287304,-0.9287122889559173,-0.6152149155969495
Santi Aldama,Away,MEM,HOU,91,111,0,77b9ea28-a4f3-41e0-9fbc-85cc62191ff3,-0.37004628268359235,-1.1480693291887845,0.0007161591670966305,0.7910439448590094,-0.5380298860196795,1.1702632832297621,-0.5126409962141938,1.3859417424240803,2.0037966538272265,0.1716729145427805,-0.2609647644945968,0.12834806279205369
John Konchar,Away,MEM,HOU,91,111,0,77b9ea28-a4f3-41e0-9fbc-85cc62191ff3,-1.1541250543836992,-0.8298375278712998,-0.5231422492748155,-0.37855163519376267,4.844214677129297,0.6819215536040637,1.7823037205219552,-1.9653543068583812,-1.294335089101455,0.41893828285894413,-0.9095002120498205,-0.2776541198617907
David Roddy,Away,MEM,HOU,91,111,0,77b9ea28-a4f3-41e0-9fbc-85cc62191ff3,-1.0124333624087511,-0.4554457036446837,-0.8230265606681861,0.9192092691788757,1.3144740266178663,-1.0867078742436442,-2.1190361269582554,-1.1173163616531596,-1.294335089101455,0.46927254768806836,-0.9990315314209047,0.6192666268633917
Ziaire Williams,Away,MEM,HOU,91,111,0,77b9ea28-a4f3-41e0-9fbc-85cc62191ff3,1.1022388488449157,-1.7709345126115528,0.056628297274181894,0.2521420509115144,-0.9467618504952892,-0.44021682986807653,-0.677202999412839,1.1753099760755195,1.6055395447209375,1.1223286696835133,-1.3065871234920736,-1.8189914724411365
Derrick Rose,Away,MEM,HOU,91,111,0,77b9ea28-a4f3-41e0-9fbc-85cc62191ff3,-0.8467809439299604,0.3552775986537305,-1.3983522409299933,0.5329684241150353,-1.467710847625877,-0.295366496164879,-0.348836870821268,1.552143012559269,3.430316320148636,0.18751989282697168,-0.12135666900100653,0.19884932473312836
Kenneth Lofton Jr.,Away,MEM,HOU,91,111,0,77b9ea28-a4f3-41e0-9fbc-85cc62191ff3,-1.4185974992060812,1.0389499616320086,-2.5533665535836496,-4.06612613545705,-0.7497358831650536,5.047878210493566,0.41168337338112626,-0.7553006026353264,0.632273767059801,1.0260657683496006,2.0083557649771855,-0.44651197580151003
GG Jackson II,Away,MEM,HOU,91,111,0,77b9ea28-a4f3-41e0-9fbc-85cc62191ff3,-1.789622079586032,-2.1861779682267315,0.09390305601223872,-0.10712587838681549,3.292522938446967,-2.268466038993244,-0.014734799522647793,-2.519013029462789,-1.294335089101455,0.2059028345369122,-1.6214928680408947,2.2100273399062447
Vince Williams Jr.,Away,MEM,HOU,91,111,0,77b9ea28-a4f3-41e0-9fbc-85cc62191ff3,-1.9308838968711048,-2.1861779682267315,0.09390305601223872,-0.10712587838681549,-0.41470008555470755,-0.7087651332024099,-1.1270875224138042,-2.1894760093005465,-1.294335089101455,-0.899318372688078,-1.0584341680974831,1.605865865641063
Santi Aldama,Home,MEM,PHO,89,110,0,a3522ab4-8715-4787-ad6b-85f5f804730a,3.934097055469992,-1.7709345126115528,0.056628297274181894,0.2521420509115144,0.5338056722779947,-0.8845977810120442,-0.4734073369946915,1.0028480284649928,-1.294335089101455,1.8074833628049543,-0.7295648846723837,-1.1407429579137356
Desmond Bane,Home,MEM,PHO,89,110,0,a3522ab4-8715-4787-ad6b-85f5f804730a,0.1528594544737966,3.748468933281008,-1.9193597222726269,-1.4162938791510646,0.4364272157438215,-0.8005927027340595,-1.5096803137996184,-0.8846140382891228,-1.294335089101455,1.2798603264950081,-0.7875811004839498,-0.15042218489090944
Bismack Biyombo,Home,MEM,PHO,89,110,0,a3522ab4-8715-4787-ad6b-85f5f804730a,-1.047564071481831,-0.4441599220856788,-0.5614685717736997,1.0922810710830553,0.654777776155683,0.604561295629584,-0.09127636293891338,0.7236778679537114,-1.294335089101455,0.4404940615511621,-0.5613421664189917,-0.29003943939738247
Jaren Jackson Jr.,Home,MEM,PHO,89,110,0,a3522ab4-8715-4787-ad6b-85f5f804730a,1.0251389130251292,1.6664525606846388,-0.024313674110466265,1.4181178214222188,2.2897905514079806,-1.6421292200738402,2.0866454757643944,0.2711394139213481,1.0035291931457202,1.5302460137095046,-0.8839516296013964,-0.24916989100077716
Jacob Gilyard,Home,MEM,PHO,89,110,0,a3522ab4-8715-4787-ad6b-85f5f804730a,-0.33496711045971134,1.462917987914542,-1.9639657065792913,-0.01951807852733532,-2.1081215066552796,-0.09676278423868252,0.07661115293194304,1.0755908549049358,0.5658975822087529,0.34331372314117026,-0.3009283434792966,0.4287164207319078
David Roddy,Home,MEM,PHO,89,110,0,a3522ab4-8715-4787-ad6b-85f5f804730a,1.0846779179805257,0.26021328164650276,1.9984610191719454,0.7688067001101623,0.5535345709158704,0.7528961752813861,-1.219555808619536,1.8759891541016223,1.021583657697834,1.090197297322232,-0.06578633526417502,-1.313699252801216
Derrick Rose,Home,MEM,PHO,89,110,0,a3522ab4-8715-4787-ad6b-85f5f804730a,0.9548863422232691,-0.3078604276072886,0.7793534524229652,-0.2112494344866151,-0.858048765675916,-0.47548477750887386,-0.7327412434890358,4.08895440214388,-1.294335089101455,0.7782863926044775,0.9127683976884478,-1.4323482232061584
John Konchar,Home,MEM,PHO,89,110,0,a3522ab4-8715-4787-ad6b-85f5f804730a,-1.8071918577947217,-1.5777641335073516,-0.23381302233286874,-0.37568998885950655,0.03428326891593469,-0.7569110482607563,-1.3188292956625285,-1.8729481889824755,1.2630028835771099,-0.30744048278126773,-0.7014129178458732,0.5547940350228203
Vince Williams Jr.,Home,MEM,PHO,89,110,0,a3522ab4-8715-4787-ad6b-85f5f804730a,-1.129656374307884,-0.8669248807671478,-0.36338145852069825,0.05204009324768139,2.0569609989984836,-1.433659573689655,-2.685215695313757,2.827420354594432,-1.294335089101455,-0.48152937639549287,-0.4635378991328572,-0.00253792149086958
Kenneth Lofton Jr.,Home,MEM,PHO,89,110,0,a3522ab4-8715-4787-ad6b-85f5f804730a,-1.8247527886591117,-1.9785562404191421,0.07526567664321031,0.07250808626234946,-2.119720145096884,-0.09532530396425606,0.08156883143351022,3.3703439273683014,-1.294335089101455,0.1360762715286663,0.845067786340001,-0.558893845198656
Shaquille Harrison,Home,MEM,PHO,89,110,0,a3522ab4-8715-4787-ad6b-85f5f804730a,-2.1427162386052157,-2.1861779682267315,0.09390305601223872,-0.10712587838681549,-2.1081215066552796,-0.09676278423868252,0.07661115293194304,-2.968820835375137,-1.294335089101455,-1.4527379209366118,-0.9320884266492995,0.5566944012857669
GG Jackson II,Home,MEM,PHO,89,110,0,a3522ab4-8715-4787-ad6b-85f5f804730a,-1.9308838968711048,4.651742308336979,9.815082764911049,0.8704188677561445,-2.5198731713322178,-0.0457322344965435,0.2526087397375777,-2.1894760093005465,-1.294335089101455,1.6932541494913955,-2.109408849627741,1.9501032441500392
Jaylen Nowell,Home,MEM,PHO,89,110,0,a3522ab4-8715-4787-ad6b-85f5f804730a,-2.1427162386052157,-2.1861779682267315,0.09390305601223872,-0.10712587838681549,-2.1081215066552796,-0.09676278423868252,0.07661115293194304,-2.968820835375137,-1.294335089101455,-1.4528788731899307,-0.9573432613570916,0.576044778790591
Ziaire Williams,Home,MEM,PHO,89,110,0,a3522ab4-8715-4787-ad6b-85f5f804730a,-1.9308838968711048,0.4683424464239712,-1.9469159551140507,-2.9613311610163247,-2.119720145096884,-0.09532530396425606,0.08156883143351022,-1.7851183042878382,-1.294335089101455,0.12207501436565578,-1.6635791279673442,1.3632436536138757
Jaren Jackson Jr.,Home,MEM,MIN,97,119,0,3c874949-b40d-4985-981f-c65828573e68,1.7912695686758702,0.9093971455116472,-0.09961218369067883,0.21355133046468475,1.1397204119812216,3.1771851059040266,-0.9535133981185221,0.38372521731733245,4.605557533216787,1.4920392922928507,0.08772515042506679,-0.6830658973399845
Desmond Bane,Home,MEM,MIN,97,119,0,3c874949-b40d-4985-981f-c65828573e68,2.521041822594002,2.0925068110004195,-1.982516310790935,1.4484604292597463,-0.9449593998316834,-0.47743874803356096,0.3817039127471701,0.24625727458774155,-1.294335089101455,1.6381807055114697,-1.517162981636555,-0.4241158469741435
Bismack Biyombo,Home,MEM,MIN,97,119,0,3c874949-b40d-4985-981f-c65828573e68,-1.1177916474673908,0.31653259839780856,0.09926326544219376,-0.42141117419509055,0.8812762026910926,-1.072683826555469,0.3513025376004103,1.3015070073070854,7.358651698808551,0.6919652377087714,-0.38039618543662557,-1.2839503298405153
Santi Aldama,Home,MEM,MIN,97,119,0,3c874949-b40d-4985-981f-c65828573e68,1.7842764404546465,-0.8700465841046217,-0.7563237938083075,-0.4837230230183943,2.2868464264435993,-1.5035479086200885,-0.4597066150100435,0.3399262708218296,0.11203983825993528,1.2993703761514193,-0.6883630536291091,-0.7977405930675957
Jacob Gilyard,Home,MEM,MIN,97,119,0,3c874949-b40d-4985-981f-c65828573e68,-1.7190515551369938,-1.7484935096656937,-0.24606376796544277,-0.601944390732026,-2.096522868213676,-0.09820026451310897,0.07165347443037587,-1.9674757006661183,-1.294335089101455,-0.2168705050418959,-2.3326540359086647,-0.44975810483960826
David Roddy,Home,MEM,MIN,97,119,0,3c874949-b40d-4985-981f-c65828573e68,0.9254856793346861,-0.43429928904236703,-0.7722814181812161,0.1396257074257162,0.4201913135269031,-0.9523826529071268,0.7222334443917535,1.4173526912701417,0.4477479731738871,0.6126700274841744,0.0410705396186906,-0.2068953604751303
Derrick Rose,Home,MEM,MIN,97,119,0,3c874949-b40d-4985-981f-c65828573e68,0.33004249867390156,1.5547903695203038,-0.41943265800290785,-1.7256714412914822,-0.5528880347907631,-0.7321963021304275,1.7886822461965912,0.04985666051080561,0.9755340966121053,0.938341920190391,0.4398797649303024,-0.14213611230789203
Ziaire Williams,Home,MEM,MIN,97,119,0,3c874949-b40d-4985-981f-c65828573e68,0.5724519045090006,0.5225650067522607,-0.905420544312845,1.5954952811579062,-0.6074544689844735,-0.5590898528887246,-0.9469519858383921,1.7281898317634645,0.2673601108113879,0.7296405776722984,-0.6762166076227563,-0.06655879071159727
Jaylen Nowell,Home,MEM,MIN,97,119,0,3c874949-b40d-4985-981f-c65828573e68,-1.2243260883363605,-0.27103848940946285,-1.2749001318454298,-1.9104275103153041,2.4833321291468726,-1.6766107253725555,-1.390835794975514,0.6413838085033462,-1.294335089101455,-0.39278360870826984,0.7996985846340863,0.43829463894044335
Vince Williams Jr.,Home,MEM,MIN,97,119,0,3c874949-b40d-4985-981f-c65828573e68,-1.7190515551369938,-0.25535618473359106,1.7193255311180555,-0.9697476939139167,1.2786007744873884,-1.3722230413972498,-0.19880256096677182,-1.7613325569341494,-1.294335089101455,-0.5035615030935641,-1.014703591629111,-0.18560571466914158
Shaquille Harrison,Home,MEM,MIN,97,119,0,3c874949-b40d-4985-981f-c65828573e68,-1.7541218800165754,-2.1861779682267315,0.09390305601223872,-0.10712587838681549,4.1924942761940756,7.645664047259126,-2.2918297608830214,0.1769757986428931,-1.294335089101455,0.49699730731463493,2.0663272195036555,-1.3182283991986408
Kenneth Lofton Jr.,Home,MEM,MIN,97,119,0,3c874949-b40d-4985-981f-c65828573e68,-1.8247527886591117,-2.1861779682267315,0.09390305601223872,-0.10712587838681549,-2.096522868213676,-0.09820026451310897,0.07165347443037587,3.3703439273683014,-1.294335089101455,-0.46577325216820176,0.9872390375245806,-0.6405389652661578
John Konchar,Home,MEM,MIN,97,119,0,3c874949-b40d-4985-981f-c65828573e68,-2.1427162386052157,-2.1861779682267315,0.09390305601223872,-0.10712587838681549,-2.096522868213676,-0.09820026451310897,0.07165347443037587,-2.968820835375137,-1.294335089101455,-1.4385204632269155,-0.9426557266474888,0.6882277945914662
Desmond Bane,Home,MEM,UTA,105,91,1,b7493cdd-8165-48aa-ae6d-fcf396e1a775,3.3687406800268227,4.186326021024612,0.4762685289921863,-1.750732007335972,1.0596951189794304,-1.0252739312864845,-0.7530848871672854,1.0107779423425758,-1.294335089101455,1.28981889872688,1.2361447476225509,0.3132362757153179
Jaren Jackson Jr.,Home,MEM,UTA,105,91,1,b7493cdd-8165-48aa-ae6d-fcf396e1a775,1.8137801770416266,-0.3928905390254021,0.6767202031830184,0.21409167540687746,3.381172001094655,6.42664497170765,2.0472754594016864,0.11165341211493991,1.9408347320911161,1.2704658661646469,1.6003248654348903,1.052717318388331
Bismack Biyombo,Home,MEM,UTA,105,91,1,b7493cdd-8165-48aa-ae6d-fcf396e1a775,-1.1888258887669039,3.0340377028006302,-0.7734902564492335,3.78078343228384,1.8720965864736305,3.1523606235364023,-1.2813619740812638,2.3237710438059977,-1.294335089101455,0.34761200811641657,0.4374958158772011,0.6959422266711883
Derrick Rose,Home,MEM,UTA,105,91,1,b7493cdd-8165-48aa-ae6d-fcf396e1a775,0.7891558448623813,2.015443199231262,-2.6514582311290025,-2.650026448808753,-0.20586886734131124,-0.6397348863717154,-1.0897773142653915,1.4088492764287093,-1.294335089101455,0.3747385484566685,2.021392278126646,1.4128141637410965
David Roddy,Home,MEM,UTA,105,91,1,b7493cdd-8165-48aa-ae6d-fcf396e1a775,3.34667764103954,-1.392845391330068,-0.23344232477783414,-0.16736652438058486,1.0960218621651792,-1.0982751147454857,-0.6134941727345781,3.5080803620429446,-1.294335089101455,0.6135849373123262,1.378472548667666,-0.5753677135455533
Santi Aldama,Home,MEM,UTA,105,91,1,b7493cdd-8165-48aa-ae6d-fcf396e1a775,0.4952827371514161,-0.38748252627300156,0.771585992614587,0.14236408182118215,0.7006624127336635,0.5197036922303838,1.2840308723490796,0.8774001579316427,1.184072415940571,0.5640195905510665,0.6450048649505957,0.8672325531239653
Ziaire Williams,Home,MEM,UTA,105,91,1,b7493cdd-8165-48aa-ae6d-fcf396e1a775,1.3561184962078308,0.39232230749313907,2.0129861639171502,0.9282681689472573,2.298399453016693,-1.5324524107849178,-0.07178469918151356,3.901355701363701,-1.294335089101455,0.3847573956537826,1.7599626680943927,0.11185339683120316
Vince Williams Jr.,Home,MEM,UTA,105,91,1,b7493cdd-8165-48aa-ae6d-fcf396e1a775,-0.917824032573773,1.6776680441763023,0.10124166702368738,1.7371258706809063,2.8588023102074542,-1.7775727896100102,-0.0824508873594018,1.0880207936408677,-1.294335089101455,-0.1818400437188023,0.2292919998772023,0.9866646959534713
Jaylen Nowell,Home,MEM,UTA,105,91,1,b7493cdd-8165-48aa-ae6d-fcf396e1a775,-1.2953264874752737,-1.8194403397603998,-0.1866635275777458,-0.5122897037640365,-0.7682361998426374,-0.6132066222858105,0.7455572328764069,-2.3571481137034134,-1.294335089101455,-0.04378780814223418,-1.1355795323469577,1.8115029441768742
Jacob Gilyard,Home,MEM,UTA,105,91,1,b7493cdd-8165-48aa-ae6d-fcf396e1a775,-2.1427162386052157,-2.1861779682267315,0.09390305601223872,-0.10712587838681549,-2.8446350476971265,-0.005482786812602857,0.3914237377814586,-2.968820835375137,-1.294335089101455,-3.40313661484919,0.2223130528545835,-0.8484238575049496
Shaquille Harrison,Home,MEM,UTA,105,91,1,b7493cdd-8165-48aa-ae6d-fcf396e1a775,-2.1427162386052157,-2.1861779682267315,0.09390305601223872,-0.10712587838681549,-2.8446350476971265,-0.005482786812602857,0.3914237377814586,-2.968820835375137,-1.294335089101455,-3.40313661484919,0.2223130528545835,-0.8484238575049496
John Konchar,Home,MEM,UTA,105,91,1,b7493cdd-8165-48aa-ae6d-fcf396e1a775,-2.1427162386052157,-2.1861779682267315,0.09390305601223872,-0.10712587838681549,-2.8446350476971265,-0.005482786812602857,0.3914237377814586,-2.968820835375137,-1.294335089101455,-3.40313661484919,0.2223130528545835,-0.8484238575049496
Kenneth Lofton Jr.,Home,MEM,UTA,105,91,1,b7493cdd-8165-48aa-ae6d-fcf396e1a775,-2.1427162386052157,-2.1861779682267315,0.09390305601223872,-0.10712587838681549,-2.8446350476971265,-0.005482786812602857,0.3914237377814586,-2.968820835375137,-1.294335089101455,-3.40313661484919,0.2223130528545835,-0.8484238575049496
Desmond Bane,Away,MEM,DAL,108,94,1,2ff18bd2-03b8-4185-8a04-10391b2099a3,4.418263566971759,2.2416886331352384,-0.9028655338309717,0.055851545754830284,0.7248358056338577,1.7300130048456575,1.1671336337760199,2.066589753431866,2.090392880008303,1.573907712002861,2.2405794249833546,0.4894273430508234
David Roddy,Away,MEM,DAL,108,94,1,2ff18bd2-03b8-4185-8a04-10391b2099a3,-0.48264641807283565,0.504949797944555,0.2826453680562683,-0.35768080111510103,1.5147842371761906,0.3628987619811862,-0.5242626319856195,-0.864467229577933,1.0485478999482583,0.35673517527742626,0.5144965168072273,1.5733052475868141
Bismack Biyombo,Away,MEM,DAL,108,94,1,2ff18bd2-03b8-4185-8a04-10391b2099a3,-1.4361584300704715,1.3252415568345604,-1.7389265557947566,1.1229095980258132,2.0551644186005404,1.8448210973803096,-0.43405092424301434,1.0659446495647344,-1.294335089101455,-0.1857545376022333,1.0562897730106302,0.8269630848448389
Derrick Rose,Away,MEM,DAL,108,94,1,2ff18bd2-03b8-4185-8a04-10391b2099a3,-0.6238993880136091,0.9826434107870871,0.24343253496405667,-0.203538196184531,-1.1109010058472206,-0.40557209686496476,-0.5581047577778067,0.05444500910167224,-1.294335089101455,-0.10349343595584795,0.8920145185455939,2.384435217303296
Jaren Jackson Jr.,Away,MEM,DAL,108,94,1,2ff18bd2-03b8-4185-8a04-10391b2099a3,-0.6593995875830656,0.41355371579683153,-1.0009630197567485,0.511777125421965,2.0285470462304804,2.9019056718344984,0.23582795583171184,-0.9332036858867148,-1.294335089101455,0.5603888858171567,-1.0044075340890553,1.336374058133915
Santi Aldama,Away,MEM,DAL,108,94,1,2ff18bd2-03b8-4185-8a04-10391b2099a3,1.307911269704655,0.13062770825733366,0.1757037137127679,-0.47509000419810443,4.498757389796386,-0.8498878873156136,1.8083117916583065,2.468415768901136,1.019342378613797,0.48639375541866603,2.2857019217917873,0.7967184305589666
Vince Williams Jr.,Away,MEM,DAL,108,94,1,2ff18bd2-03b8-4185-8a04-10391b2099a3,1.850353704125091,0.30173128114209746,-1.047490258455216,0.1831473502986905,3.546114942985381,1.2106213148119025,-0.22427222435118666,3.1394369440756904,-1.294335089101455,0.31559041954409384,1.9460105455857508,0.32806054494304787
Jaylen Nowell,Away,MEM,DAL,108,94,1,2ff18bd2-03b8-4185-8a04-10391b2099a3,2.4091718208532127,-0.20835469052491082,0.7560029779865673,0.20125341227450214,-0.017310194035908957,-0.7729926913233456,-0.005162814766723458,1.7871754758623173,0.39464702529304857,0.966989274198603,0.6737214050894695,0.14003775038645647
Xavier Tillman Sr.,Away,MEM,DAL,108,94,1,2ff18bd2-03b8-4185-8a04-10391b2099a3,-0.8006614048681384,-0.01380727175824868,2.180056080335189,-1.338958265846137,-0.23573829292294826,2.686066459938332,-0.29939627855264567,-0.2588919796318162,-1.294335089101455,-0.10086432779925031,1.0022522247071823,0.7686540068747895
Ziaire Williams,Away,MEM,DAL,108,94,1,2ff18bd2-03b8-4185-8a04-10391b2099a3,-1.2708578073994585,1.7591544541330797,0.9558818188859186,1.8614209068047627,-2.2589038063961304,-0.07807554067113866,0.1410609734523163,2.5063171249315803,-1.294335089101455,-0.05440414971071413,-0.7181464677348434,0.03941915252058687
Jacob Gilyard,Away,MEM,DAL,108,94,1,2ff18bd2-03b8-4185-8a04-10391b2099a3,-2.1427162386052157,-2.1861779682267315,0.09390305601223872,-0.10712587838681549,-2.189311975746507,-0.08670042231769735,0.11131490244291325,-2.968820835375137,-1.294335089101455,-1.4373689382365427,-1.3481187700861732,0.8751162801319436
Shaquille Harrison,Away,MEM,DAL,108,94,1,2ff18bd2-03b8-4185-8a04-10391b2099a3,-2.1427162386052157,-2.1861779682267315,0.09390305601223872,-0.10712587838681549,0.7714642962862249,-1.2181584631363818,-1.8997915311740967,-2.968820835375137,-1.294335089101455,-1.4343149727479667,-0.8009306847506785,0.4558581008607538
John Konchar,Away,MEM,DAL,108,94,1,2ff18bd2-03b8-4185-8a04-10391b2099a3,-2.1427162386052157,-1.9785562404191421,0.07526567664321031,0.07250808626234946,-2.200910614188111,-0.08526294204327091,0.11627258094448042,-2.968820835375137,-1.294335089101455,-1.4401879833029207,-1.8532154642420147,1.2621238302284263
Kenneth Lofton Jr.,Away,MEM,DAL,108,94,1,2ff18bd2-03b8-4185-8a04-10391b2099a3,-2.0014544213201426,-2.1861779682267315,0.09390305601223872,-0.10712587838681549,3.7291191050523715,-2.348548592018376,-3.9072332993448358,-2.968820835375137,-1.294335089101455,0.8341261993335409,-3.712855104158802,3.0430678364848305
Jaren Jackson Jr.,Away,MEM,PHO,109,116,0,72d4d66b-7fcf-4677-b9b1-209d02ac07e2,4.423538498248005,1.6568863976006027,-0.28247639539594044,1.3657271573681156,2.627156519506858,-0.13359711409846564,-1.3955605051955011,1.970083884611053,4.651452091778868,2.0369758256056394,1.0109605556621544,-1.043551633819447
Jaylen Nowell,Away,MEM,PHO,109,116,0,72d4d66b-7fcf-4677-b9b1-209d02ac07e2,0.1177802822499156,0.5841269925600459,0.33501662450423103,0.5532226395444536,-1.6638795158161959,-0.22186931498196244,-0.1984802649645043,-0.8740156135170365,0.9755340966121053,1.016258328743808,-0.9414427114608325,0.30430387397973385
David Roddy,Away,MEM,PHO,109,116,0,72d4d66b-7fcf-4677-b9b1-209d02ac07e2,0.2014273241290499,-0.15338028060615258,0.6011633832518501,0.5448845005726529,1.2025645429689094,-1.1647652557231853,0.36299363292478526,1.6597263436518714,-1.294335089101455,0.5664040090555724,-0.2723318242221169,-0.6247758095125275
Desmond Bane,Away,MEM,PHO,109,116,0,72d4d66b-7fcf-4677-b9b1-209d02ac07e2,3.6169756602150396,2.9672699607199533,0.27000981763994175,-0.7836397286609437,-0.09391948499464021,0.6539790474203966,0.33474002817829257,2.181313127525258,2.028490483345734,1.4406561369579343,1.5246064855799402,-0.9792051968557959
Bismack Biyombo,Away,MEM,PHO,109,116,0,72d4d66b-7fcf-4677-b9b1-209d02ac07e2,-1.542229154088966,0.4883570731656179,-0.9258829203164893,1.9961556948682273,3.0976954825771097,3.5963401899719036,1.2297372526050367,-1.5741305636067764,-1.294335089101455,0.16346988346441582,-0.7973590491781573,0.7052893765967329
Santi Aldama,Away,MEM,PHO,109,116,0,72d4d66b-7fcf-4677-b9b1-209d02ac07e2,0.49486170980584054,1.5889587586987481,2.696930008385005,0.5565459553926839,1.6846215981294714,0.2198794492820433,-1.914210502933575,-0.1263205981767701,-1.294335089101455,0.7190724577609466,-0.21850052112291668,-0.015595810374138668
Vince Williams Jr.,Away,MEM,PHO,109,116,0,72d4d66b-7fcf-4677-b9b1-209d02ac07e2,-0.016591480512331322,0.3756208558284374,-0.8025686146258312,1.0879291962949822,0.3944949230670556,-0.7916819913000614,-1.457235676337286,2.5427745406555537,3.4416957254456997,0.3705541395436166,0.4797532307104858,0.2910691375815239
John Konchar,Away,MEM,PHO,109,116,0,72d4d66b-7fcf-4677-b9b1-209d02ac07e2,-0.9063714857345558,-0.09973120364737863,0.8333534548651594,1.367771657980247,1.1555443569172632,0.42569410096147053,1.3123833956622994,0.13155578510132454,1.2848471180179897,0.25394874211949614,-0.044593792767244234,0.24781106488091786
Xavier Tillman Sr.,Away,MEM,PHO,109,116,0,72d4d66b-7fcf-4677-b9b1-209d02ac07e2,-1.3304571965483534,-1.3162266629624682,-0.28907339084466516,1.0686548900897441,-1.5202899322598242,1.9487418440821713,0.22280387309269659,-1.057785891261819,-1.294335089101455,-0.11968965772812369,-0.800306751884929,1.0832545931455875
Jacob Gilyard,Away,MEM,PHO,109,116,0,72d4d66b-7fcf-4677-b9b1-209d02ac07e2,-2.1427162386052157,-2.1861779682267315,0.09390305601223872,-0.10712587838681549,-2.8446350476971265,-0.005482786812602857,0.3914237377814586,-2.968820835375137,-1.294335089101455,-3.40313661484919,0.2223130528545835,-0.8484238575049496
Shaquille Harrison,Away,MEM,PHO,109,116,0,72d4d66b-7fcf-4677-b9b1-209d02ac07e2,-2.1427162386052157,-2.1861779682267315,0.09390305601223872,-0.10712587838681549,-2.8446350476971265,-0.005482786812602857,0.3914237377814586,-2.968820835375137,-1.294335089101455,-3.40313661484919,0.2223130528545835,-0.8484238575049496
Kenneth Lofton Jr.,Away,MEM,PHO,109,116,0,72d4d66b-7fcf-4677-b9b1-209d02ac07e2,-2.1427162386052157,-2.1861779682267315,0.09390305601223872,-0.10712587838681549,-2.8446350476971265,-0.005482786812602857,0.3914237377814586,-2.968820835375137,-1.294335089101455,-3.40313661484919,0.2223130528545835,-0.8484238575049496
Desmond Bane,Away,MEM,DET,116,102,1,04440073-8e55-4eb5-b512-531e59f0856d,7.615450149952888,2.9865723371280053,-1.7418115400491523,-1.9875941275664324,1.4726419484055289,1.4803777577207031,-0.4241204093752554,2.1840716378494522,3.3210819767615636,2.4332156007370545,2.3138340107256234,-1.2227946739048996
Jaren Jackson Jr.,Away,MEM,DET,116,102,1,04440073-8e55-4eb5-b512-531e59f0856d,3.380683485749413,-1.5633127848039634,0.03799091790515348,0.4317760155606794,0.8015933867981944,3.0485468035728847,-0.7291127766085582,1.16067836615354,0.7786468211429981,1.1467773682334546,1.3198592597454624,1.3726199150133742
Bismack Biyombo,Away,MEM,DET,116,102,1,04440073-8e55-4eb5-b512-531e59f0856d,-1.683490971374039,1.214564501886819,-1.6462621807899493,1.2627709096958768,4.401333596591179,-0.6024333930150304,-1.178701870475727,-0.6485643926691116,-1.294335089101455,0.05050423260151747,-0.004852421281660976,0.2653199824661789
David Roddy,Away,MEM,DET,116,102,1,04440073-8e55-4eb5-b512-531e59f0856d,-1.0059643352315009,1.929284041343142,1.3762868593605901,2.072167900588754,1.3598057303161823,-1.2083743822965278,-0.8022604869149604,0.9034829585386365,0.8209374924691294,0.2109653541696417,-0.5275996645513085,0.21455463563143345
Derrick Rose,Away,MEM,DET,116,102,1,04440073-8e55-4eb5-b512-531e59f0856d,-1.0124333624087511,3.288073916015628,1.2905843521383658,1.9368555285279012,-1.5913009115442542,-0.28690247827402793,-0.29037593100708325,-1.164887856360537,-1.294335089101455,0.8316092234618743,-1.4159090116433544,1.9322729948608608
Santi Aldama,Away,MEM,DET,116,102,1,04440073-8e55-4eb5-b512-531e59f0856d,0.0006265018885805161,0.024587645906774716,0.2543475872472523,-0.614824044104331,0.27404681627718075,0.4816850707742279,2.548639818412025,0.2959812519135032,-1.294335089101455,0.2433973399602175,0.9607124533347083,1.452683563183573
Jaylen Nowell,Away,MEM,DET,116,102,1,04440073-8e55-4eb5-b512-531e59f0856d,0.18872914453962988,-0.1743977979777341,0.20605307872517886,-1.7964581532659023,-1.1612605875208422,-0.3801760507041263,-0.5292038690491719,2.0596747677133846,-1.294335089101455,0.16974544366974142,1.2245202821001497,0.47949823995482815
Vince Williams Jr.,Away,MEM,DET,116,102,1,04440073-8e55-4eb5-b512-531e59f0856d,-1.129656374307884,-1.2031317197265599,1.0307117382741278,-0.6570051918330837,-0.05784798045681096,-0.6952931608096199,-1.2149442018207555,2.8670632668505798,-1.294335089101455,-0.5532126817072625,1.1073368939729813,1.60691591322181
John Konchar,Away,MEM,DET,116,102,1,04440073-8e55-4eb5-b512-531e59f0856d,-0.09860570445628708,-0.06648539009282832,2.0957468059142537,-1.3152554080366197,2.394438559818498,0.10975452344923076,-1.0552180372527222,4.465142668658341,0.5992410350666286,-0.4456255715854111,2.850681764340788,0.9446237795790754
Xavier Tillman Sr.,Away,MEM,DET,116,102,1,04440073-8e55-4eb5-b512-531e59f0856d,-1.6128600627315024,-1.4675440624906577,-0.481288719900723,-0.9569769511252646,-0.6076253595221575,-0.8285322996170261,2.0396963278023916,-1.1223864237987018,-1.294335089101455,0.10119421800936439,-1.0489001449901456,1.2290731045584262
Jacob Gilyard,Away,MEM,DET,116,102,1,04440073-8e55-4eb5-b512-531e59f0856d,-2.1427162386052157,-2.1861779682267315,0.09390305601223872,-0.10712587838681549,-2.195111294967309,-0.08598168218048413,0.11379374169369684,-2.968820835375137,-1.294335089101455,-1.5826231193470022,-1.0846692065995658,1.1709539823973254
Kenneth Lofton Jr.,Away,MEM,DET,116,102,1,04440073-8e55-4eb5-b512-531e59f0856d,-2.1427162386052157,-2.1861779682267315,0.09390305601223872,-0.10712587838681549,6.174257920318412,-3.5367111405966583,-4.420077321561977,-2.968820835375137,-1.294335089101455,-1.571252970912611,0.9525541264956608,-0.38997646965848903
Ziaire Williams,Away,MEM,DET,116,102,1,04440073-8e55-4eb5-b512-531e59f0856d,-2.1427162386052157,-2.1861779682267315,0.09390305601223872,-0.10712587838681549,-2.195111294967309,-0.08598168218048413,0.11379374169369684,-2.968820835375137,-1.294335089101455,-1.5813075649826924,-0.8489574159935068,0.9903504590189669
Desmond Bane,Home,MEM,MIN,103,127,0,3e0d5e1f-b78f-4af7-bef4-34d42ee03d77,2.474939978220779,1.126585836329993,-1.0833538093260018,2.647134443479371,-0.6262275826857884,0.865533671063165,-0.4925743177400771,1.6297845970860034,-1.294335089101455,1.6103543642825149,-1.7848995672387078,-1.0019670255365998
Jaren Jackson Jr.,Home,MEM,MIN,103,127,0,3e0d5e1f-b78f-4af7-bef4-34d42ee03d77,2.380682444193579,0.847192565425794,0.43951241096116966,1.24861542112474,-0.3984098665122211,0.8662045173032948,0.49565963279193204,1.989501762216066,2.0403990093676883,1.5569316033365008,-0.6407736759651708,-1.319381976029053
David Roddy,Home,MEM,MIN,103,127,0,3e0d5e1f-b78f-4af7-bef4-34d42ee03d77,1.0250873761759303,-2.1861779682267315,0.09390305601223872,-0.10712587838681549,-0.26166496869078465,-0.6139346873417335,-1.09762775634822,1.2562652855029743,-1.294335089101455,0.8171107035720004,-0.6361410884113388,-0.3940165509636239
Derrick Rose,Home,MEM,MIN,103,127,0,3e0d5e1f-b78f-4af7-bef4-34d42ee03d77,-0.9063111015410575,1.3398600990776337,-2.262785986508886,-2.1197315284891958,-1.3717703457944006,-0.2956363903616877,-0.3791663132607654,-0.5301607815784503,1.1335094165575998,0.5349885026954213,-0.7348513914971062,0.04355090074157594
Bismack Biyombo,Home,MEM,MIN,103,127,0,3e0d5e1f-b78f-4af7-bef4-34d42ee03d77,-1.7541218800165754,-0.5654583359879456,-0.5892998209540016,-0.2706414201189893,-0.01959025059450831,-0.7102114957891285,-1.28245956109846,0.454476184435928,-1.294335089101455,-0.24241150326431385,-1.1292134835446088,-0.2623774351829831
Santi Aldama,Home,MEM,MIN,103,127,0,3e0d5e1f-b78f-4af7-bef4-34d42ee03d77,-0.10509242632213635,0.2388967696015785,-1.6223898825897443,-2.3799919908732945,4.919685873361896,-0.7635952021065934,0.9036953860551963,0.3193172818201312,2.6877785436677364,0.7823506223259132,0.2222626338209668,-1.0445512201791618
Jaylen Nowell,Home,MEM,MIN,103,127,0,3e0d5e1f-b78f-4af7-bef4-34d42ee03d77,0.271997848578088,0.19306202728640223,-0.9382668258938717,0.5992100375477755,-1.992135122239241,-0.11113758698294703,0.027034367916271316,2.015634450268723,-1.294335089101455,0.28468995438011796,-0.5988812360639092,0.16692416010182742
Vince Williams Jr.,Home,MEM,MIN,103,127,0,3e0d5e1f-b78f-4af7-bef4-34d42ee03d77,-0.5822996517632788,-0.8280296611625858,-0.5733438243232574,0.520939300889593,-0.43774139276070734,-0.6795485413306076,0.47084311882730595,-0.09781778112511035,0.4664886653645323,0.30668841401434366,-1.3702202198519857,0.5356422086331287
Xavier Tillman Sr.,Home,MEM,MIN,103,127,0,3e0d5e1f-b78f-4af7-bef4-34d42ee03d77,0.33652037319545136,1.3829155903860064,6.20621179892433,-0.9673533253309354,-0.4751042903030127,-0.7858630621672156,1.9558137376554416,2.0150471071976095,0.44843420081241847,0.68770378043794,0.9335715509604176,-1.2980841220702528
John Konchar,Home,MEM,MIN,103,127,0,3e0d5e1f-b78f-4af7-bef4-34d42ee03d77,-0.6353607821971257,-1.1345079078242537,1.6156219824857785,-0.18853595791708497,0.6693097512234468,1.05631136945469,-1.2750940495976042,-0.2690937092553153,-1.294335089101455,0.1212045336228112,-1.1619544868179963,-0.2846868695110519
Kenneth Lofton Jr.,Home,MEM,MIN,103,127,0,3e0d5e1f-b78f-4af7-bef4-34d42ee03d77,-0.952903204797654,2.6983575517788605,2.028337123958526,-4.114419998953874,-2.1545160604216953,-0.09101286314097672,0.09644186693821173,1.7400875076351272,1.6392959451225866,0.7758132527859574,3.793315949880832,-2.236137821249326
Ziaire Williams,Home,MEM,MIN,103,127,0,3e0d5e1f-b78f-4af7-bef4-34d42ee03d77,-1.4361584300704715,-2.1861779682267315,0.09390305601223872,-0.10712587838681549,-1.992135122239241,-0.11113758698294703,0.027034367916271316,1.169016221430719,-1.294335089101455,0.27046554351053315,0.3654617034210758,0.3145219819959018
Jacob Gilyard,Home,MEM,MIN,103,127,0,3e0d5e1f-b78f-4af7-bef4-34d42ee03d77,-1.9308838968711048,-0.1245780519211706,-1.5792026112254185,-2.5957892691820215,-1.992135122239241,-0.11113758698294703,0.027034367916271316,-1.475903588689885,-1.294335089101455,-0.8381224921194352,-0.6114640334468336,0.8911189189289314
Jaren Jackson Jr.,Home,MEM,DAL,113,120,0,c2c9797b-25c6-4855-b0a4-a55b00137c4f,7.345264051820087,1.031647795955637,1.0801624479926035,0.2084664306155897,0.48493178311130736,1.866080804946926,-0.8519693404076404,1.9322693156632733,2.3425061043123425,2.142882123601878,1.2627245317587237,-0.6382338752819015
Desmond Bane,Home,MEM,DAL,113,120,0,c2c9797b-25c6-4855-b0a4-a55b00137c4f,4.446744096287094,3.9406511564613886,-1.8849214716711244,-0.05402063890228625,-0.5572524888907281,-0.5720257313367105,0.1422542840158041,1.6591221748009437,1.4064109901677933,1.6908914268709843,0.7857322099206048,0.06127737038702185
David Roddy,Home,MEM,DAL,113,120,0,c2c9797b-25c6-4855-b0a4-a55b00137c4f,0.3360904985055763,-0.11410619060804512,0.4480528785811296,-0.13282281728283118,1.3574879675770017,-1.2114672198340826,0.20658950644008572,0.2656813344022697,0.23018944729480095,0.5641677583194702,-0.017187125476920383,0.5809538416954576
Santi Aldama,Home,MEM,DAL,113,120,0,c2c9797b-25c6-4855-b0a4-a55b00137c4f,0.16586674036609506,1.5754701536174736,1.5152147187703362,-0.5623517191273515,-0.34771789600236713,1.2603489516365693,-0.6101891309060251,1.144008581405128,-1.294335089101455,0.12641747269223336,0.5303435389081711,-0.08661729320124943
Derrick Rose,Home,MEM,DAL,113,120,0,c2c9797b-25c6-4855-b0a4-a55b00137c4f,-0.28184559583236624,0.8976797208008973,-1.7420855760693643,-0.3306337509461768,0.008430584352555176,-0.7451618645599104,-1.3003522765903988,0.27627205952156986,1.1335094165575998,0.6424809990995858,-1.087919819194084,0.11674367833477746
Vince Williams Jr.,Home,MEM,DAL,113,120,0,c2c9797b-25c6-4855-b0a4-a55b00137c4f,0.09565685906913421,-0.4303789630440633,-0.5698863586968025,1.0983790381587213,3.408784572786604,-1.9013506013138737,0.2537164708593598,4.259856779488121,1.4175994877200857,0.1054092526537082,0.47184582783055523,0.034681805211033166
John Konchar,Home,MEM,DAL,113,120,0,c2c9797b-25c6-4855-b0a4-a55b00137c4f,0.09523583172355865,1.0079160215862109,0.08859268414709048,1.1479736392618618,2.0635840122576643,0.22950449452500404,0.31745364613131544,1.6924266131250254,-1.294335089101455,0.2216732988107294,0.1604488013494815,0.0437178286000515
Ziaire Williams,Home,MEM,DAL,113,120,0,c2c9797b-25c6-4855-b0a4-a55b00137c4f,-0.5292296739851327,-0.4863638482518383,1.2546417695235605,-0.5073066930918502,0.24467472434849596,-0.93495874445959,0.14430502333336254,1.1062389699835902,-1.294335089101455,-0.09193078402652503,-0.1632782211063165,0.06502812340102289
Bismack Biyombo,Home,MEM,DAL,113,120,0,c2c9797b-25c6-4855-b0a4-a55b00137c4f,-1.8247527886591117,0.9885037099908047,-1.4139315964162071,3.024243052327362,0.5674529788595029,1.5703164785833779,0.869548944800757,2.4347711981232116,-1.294335089101455,-0.31383969340400564,-0.937450709356869,-0.10459625455050137
Jaylen Nowell,Home,MEM,DAL,113,120,0,c2c9797b-25c6-4855-b0a4-a55b00137c4f,-1.8602529882285683,0.27320749807552996,-1.4285239417543683,0.21906292736037777,-2.090723548992874,-0.09891900465032219,0.06917463517959227,-2.2382193769349703,-1.294335089101455,-0.40519948621117474,-1.2115988535324536,1.5175096254871314
Xavier Tillman Sr.,Home,MEM,DAL,113,120,0,c2c9797b-25c6-4855-b0a4-a55b00137c4f,-2.072085329962679,-0.767991152230048,2.8229443043317755,-0.5364457624199127,-2.1835126565257053,-0.08741916245491059,0.10883606319212967,-2.968820835375137,1.7721681279446146,-0.5169990688918743,-1.46975259091869,0.4390906621428428
Jacob Gilyard,Home,MEM,DAL,113,120,0,c2c9797b-25c6-4855-b0a4-a55b00137c4f,-2.1427162386052157,-2.1861779682267315,0.09390305601223872,-0.10712587838681549,-2.8446350476971265,-0.005482786812602857,0.3914237377814586,-2.968820835375137,-1.294335089101455,-3.40313661484919,0.2223130528545835,-0.8484238575049496
Jake LaRavia,Home,MEM,DAL,113,120,0,c2c9797b-25c6-4855-b0a4-a55b00137c4f,-2.1427162386052157,-2.1861779682267315,0.09390305601223872,-0.10712587838681549,-2.8446350476971265,-0.005482786812602857,0.3914237377814586,-2.968820835375137,-1.294335089101455,-3.40313661484919,0.2223130528545835,-0.8484238575049496
Kenneth Lofton Jr.,Home,MEM,DAL,113,120,0,c2c9797b-25c6-4855-b0a4-a55b00137c4f,-2.1427162386052157,-2.1861779682267315,0.09390305601223872,-0.10712587838681549,-2.8446350476971265,-0.005482786812602857,0.3914237377814586,-2.968820835375137,-1.294335089101455,-3.40313661484919,0.2223130528545835,-0.8484238575049496
Jaren Jackson Jr.,Away,MEM,HOU,104,117,0,8ec4bcaa-50f7-4b6d-8e17-3d1dc7c806d2,6.001885506450709,2.911712897054168,2.6994179501230064,0.3012365597153761,1.328934093741782,0.210778780391926,-0.7304866286818382,2.0704842417856577,5.790056870777359,2.184425777857022,1.9419392273618823,-1.0109354752555284
David Roddy,Away,MEM,HOU,104,117,0,8ec4bcaa-50f7-4b6d-8e17-3d1dc7c806d2,1.3137105474269497,0.44293458793371737,-0.12393765481480828,-0.9903485835549274,0.7758208946756097,-0.9366626929465961,-0.6466573360925688,-0.36872696316196096,0.12531507523014487,1.0210945880284132,0.013843510178652102,0.6032970055601187
Derrick Rose,Away,MEM,HOU,104,117,0,8ec4bcaa-50f7-4b6d-8e17-3d1dc7c806d2,1.696557165142494,1.4045517197016488,-1.9329774816688172,-1.3491433312777736,0.3071853281289174,0.5910968270581779,0.00914564380568279,1.155366403291904,2.0403990093676883,1.336053030310387,-0.15709740075803358,-1.1055566444557288
Vince Williams Jr.,Away,MEM,HOU,104,117,0,8ec4bcaa-50f7-4b6d-8e17-3d1dc7c806d2,0.16627892036737119,0.047210126415625504,0.8294171444955565,0.3863938765661768,1.438200731354058,-1.1452118172162087,-1.00125539243055,1.9995300049695859,3.2851642073271696,0.3802268751157331,0.06469599131161799,-0.0069616992337109395
Bismack Biyombo,Away,MEM,HOU,104,117,0,8ec4bcaa-50f7-4b6d-8e17-3d1dc7c806d2,-1.7010607495827286,0.69109889288279,-0.9248329842978265,2.2995203693424324,1.163409084959397,-1.0967746826104587,-0.7642481730592968,-0.39103063362631524,4.360914639505501,0.18737555936074518,-0.9116013947052081,0.869340540273076
Ziaire Williams,Away,MEM,HOU,104,117,0,8ec4bcaa-50f7-4b6d-8e17-3d1dc7c806d2,-0.3239444383103693,-0.11877951390333209,-1.00892574164058,-0.19297710851146435,-0.10951593579349578,-0.6564224684888126,-1.1617443499023556,-1.067216013496869,1.7051038219975099,0.5922101826100804,-0.8279284607521629,0.600356747658069
Santi Aldama,Away,MEM,HOU,104,117,0,8ec4bcaa-50f7-4b6d-8e17-3d1dc7c806d2,-0.49372947441567605,0.042756649350151194,-0.7796220399947126,1.177614237022167,2.160128578316094,2.580964551448536,-1.7029792807628714,3.0023451222233004,-1.294335089101455,0.06050989991067985,-0.11760685956405767,-0.8334083148072396
Jake LaRavia,Away,MEM,HOU,104,117,0,8ec4bcaa-50f7-4b6d-8e17-3d1dc7c806d2,-0.8006614048681384,0.1528748185023191,-1.0598140138398082,0.20799101165415512,-2.1371181027592896,-0.09316908355261638,0.08900534918586098,-0.46503512336378516,-1.294335089101455,0.4080320301085814,-1.7888412574681525,0.12492995961022886
Jacob Gilyard,Away,MEM,HOU,104,117,0,8ec4bcaa-50f7-4b6d-8e17-3d1dc7c806d2,-1.341488716041995,-0.5978508917761584,-1.1564703486250703,-1.9394416008582465,-2.1371181027592896,-0.09316908355261638,0.08900534918586098,7.495459090635309,-1.294335089101455,-0.8303982776100952,0.473493948328516,0.1175423902305807
Jaylen Nowell,Away,MEM,HOU,104,117,0,8ec4bcaa-50f7-4b6d-8e17-3d1dc7c806d2,-1.6484206464944575,-0.314479489464376,-0.894102472402439,0.6949200862719932,-2.1371181027592896,-0.09316908355261638,0.08900534918586098,-2.337997682066171,-1.294335089101455,-0.019351213964675658,-2.2652461805199566,1.6216740251789086
John Konchar,Away,MEM,HOU,104,117,0,8ec4bcaa-50f7-4b6d-8e17-3d1dc7c806d2,-1.9308838968711048,-0.08554025916128828,2.1068280471381384,-1.3977272744903069,-2.2183085718505167,-0.08310672163163123,0.1237090986968312,-1.8089040516415271,-1.294335089101455,-0.7192593171915921,-0.7634648779022504,-0.6433137839507143
Kenneth Lofton Jr.,Away,MEM,HOU,104,117,0,8ec4bcaa-50f7-4b6d-8e17-3d1dc7c806d2,-2.1427162386052157,-2.1861779682267315,0.09390305601223872,-0.10712587838681549,-2.8446350476971265,-0.005482786812602857,0.3914237377814586,-2.968820835375137,-1.294335089101455,-3.40313661484919,0.2223130528545835,-0.8484238575049496
Xavier Tillman Sr.,Away,MEM,HOU,104,117,0,8ec4bcaa-50f7-4b6d-8e17-3d1dc7c806d2,-2.1427162386052157,-2.1861779682267315,0.09390305601223872,-0.10712587838681549,-2.8446350476971265,-0.005482786812602857,0.3914237377814586,-2.968820835375137,-1.294335089101455,-3.40313661484919,0.2223130528545835,-0.8484238575049496
Desmond Bane,Home,MEM,HOU,96,103,0,3728a34f-439d-475b-a7f6-e4acde051aff,5.512504447866194,2.4778313544368205,0.4862584329616272,0.8893225975537766,4.1985322125374305,-2.078484399241769,1.9817421060539795,1.0415329040947778,0.7388211102323693,1.8721747773250048,1.366333202417598,-0.23583453949157854
Bismack Biyombo,Home,MEM,HOU,96,103,0,3728a34f-439d-475b-a7f6-e4acde051aff,-0.2703753543045503,-0.3090775728188601,-0.6840704781214867,1.2498845472278681,2.4397747335049513,-0.06556548617051118,-1.3543483550845823,0.36434673666816264,-0.9412520472300555,0.6240294385965214,0.4919681528897974,0.5452985572523
Jaren Jackson Jr.,Home,MEM,HOU,96,103,0,3728a34f-439d-475b-a7f6-e4acde051aff,2.7672318048457645,0.0007846472064199595,-0.7323400288555125,0.453406082842669,0.8918343920733388,4.333791664770451,0.5863065007168126,-0.2129744949984811,3.0137084518495874,1.8226027933259792,0.2251064605916913,-0.3246395539392058
Vince Williams Jr.,Home,MEM,HOU,96,103,0,3728a34f-439d-475b-a7f6-e4acde051aff,1.2850577128754197,1.5994295007427337,-0.3847340568895125,1.021616280692557,2.506306226319671,1.3189504013633186,-1.024031444998739,2.080391854910054,-1.294335089101455,0.7194640930147564,0.5015790702111096,-0.8165125080603922
Derrick Rose,Home,MEM,HOU,96,103,0,3728a34f-439d-475b-a7f6-e4acde051aff,-1.0590254656653477,-0.797154001218984,-1.0160883323500507,-1.7458628367254807,-1.2492982154352514,-0.3938719110298947,-0.5048598646547028,1.3565944904325393,-1.294335089101455,-0.6227501682261105,1.2555276449697303,0.8523071671676195
David Roddy,Home,MEM,HOU,96,103,0,3728a34f-439d-475b-a7f6-e4acde051aff,0.6009839706735342,-1.0771894805319246,-0.47124073528867677,-0.5079789751408537,0.8203970357038084,0.43706309793857173,-0.28536901853878555,0.2238352783633616,1.019342378613797,0.6122571454265199,0.083545289049189,-0.11388183660921142
Santi Aldama,Home,MEM,HOU,96,103,0,3728a34f-439d-475b-a7f6-e4acde051aff,0.7136533376005751,-0.4069854839262387,-0.4640267019783938,1.8278729261302153,0.1383199454910137,-0.8634171590801246,0.9293475333419662,1.670155786356068,0.2673601108113879,0.7268364261748254,-0.6771699496777438,-0.5138637295336386
Jacob Gilyard,Home,MEM,HOU,96,103,0,3728a34f-439d-475b-a7f6-e4acde051aff,-1.6484206464944575,1.88155572673814,-0.13934325815947143,0.725190479223757,-1.5765433960459905,-0.27403554556602844,-0.2827524611807824,-2.195283197944039,-1.294335089101455,-0.11041447814233564,-1.1062440143953776,0.7841248516026642
Ziaire Williams,Home,MEM,HOU,96,103,0,3728a34f-439d-475b-a7f6-e4acde051aff,-2.072085329962679,1.3694307044760778,-1.706378228083731,2.601148289556543,0.6682059415369048,-1.05502776796003,-0.17126766812953687,-2.612034625069806,-1.294335089101455,-0.25188661207076424,-1.411396819807374,-0.1349165658548387
Jake LaRavia,Home,MEM,HOU,96,103,0,3728a34f-439d-475b-a7f6-e4acde051aff,-1.612920446925001,0.47871031929482577,-1.0062900006292803,1.6691056718977408,-2.160315379642497,-0.0902941230037635,0.09892070618899532,0.4160051451068265,-1.294335089101455,-0.38686243938353926,-1.3976953110638368,0.7570874303315017
John Konchar,Home,MEM,HOU,96,103,0,3728a34f-439d-475b-a7f6-e4acde051aff,-2.1427162386052157,-2.1861779682267315,0.09390305601223872,-0.10712587838681549,-2.8446350476971265,-0.005482786812602857,0.3914237377814586,-2.968820835375137,-1.294335089101455,-3.40313661484919,0.2223130528545835,-0.8484238575049496
Kenneth Lofton Jr.,Home,MEM,HOU,96,103,0,3728a34f-439d-475b-a7f6-e4acde051aff,-2.1427162386052157,-2.1861779682267315,0.09390305601223872,-0.10712587838681549,-2.8446350476971265,-0.005482786812602857,0.3914237377814586,-2.968820835375137,-1.294335089101455,-3.40313661484919,0.2223130528545835,-0.8484238575049496
Xavier Tillman Sr.,Home,MEM,HOU,96,103,0,3728a34f-439d-475b-a7f6-e4acde051aff,-2.1427162386052157,-2.1861779682267315,0.09390305601223872,-0.10712587838681549,-2.8446350476971265,-0.005482786812602857,0.3914237377814586,-2.968820835375137,-1.294335089101455,-3.40313661484919,0.2223130528545835,-0.8484238575049496
Jacob Gilyard,Away,MEM,OKC,97,116,0,2e74728f-5dba-4f62-bb5e-bd5c18a99491,1.6977512610434986,2.974264918376156,-1.5822135236217825,-0.7057649517570406,-1.7182851891712159,-0.207943514331217,-0.1724595412802168,2.1059423419791052,-1.294335089101455,0.7936853415559062,0.36851670898661615,-0.22665504809658515
Desmond Bane,Away,MEM,OKC,97,116,0,2e74728f-5dba-4f62-bb5e-bd5c18a99491,3.022236316571886,2.5557501345097244,-2.639708657329084,0.14706362845918314,-1.24644760605596,1.1106774427856902,-0.10572975699530658,1.2857834285698186,0.12531507523014487,1.5413827334979626,-0.6338564456552488,-1.1924223184672726
Jaren Jackson Jr.,Away,MEM,OKC,97,116,0,2e74728f-5dba-4f62-bb5e-bd5c18a99491,0.2128106394304693,0.6471561394087184,0.3652521554717112,1.1346745793313724,0.40027054744984236,-0.8043268706375734,-1.493252454388948,0.9943180876117946,2.5860504360945384,0.7830905338458847,-0.7800794987244334,-0.7962610357155242
Xavier Tillman Sr.,Away,MEM,OKC,97,116,0,2e74728f-5dba-4f62-bb5e-bd5c18a99491,-1.1540646701902009,0.07450900363363128,0.3955061866535855,-0.19368197218008068,2.416859332470791,0.1639197536199741,-2.3733685660840993,-2.5497092063774924,-1.294335089101455,0.5872331429868453,-1.486689937374366,-0.28045045058397083
Vince Williams Jr.,Away,MEM,OKC,97,116,0,2e74728f-5dba-4f62-bb5e-bd5c18a99491,-0.10556499051691082,-0.4753345760523646,-0.5790521029342108,0.8024968457367129,0.8321070141209724,-1.0817560333623168,0.6134757298427342,0.043938414243754616,-1.294335089101455,0.6605498994223087,-2.056564718376593,-1.2134642937516835
David Roddy,Away,MEM,OKC,97,116,0,2e74728f-5dba-4f62-bb5e-bd5c18a99491,-0.37004628268359235,1.0090566869570083,0.16638129907692792,1.6645894996349249,0.0019196410006858508,-0.7081488971264182,-1.2591345608956328,1.0291555321187498,2.0037966538272265,0.3585391901100779,0.06884909988263983,0.28442264850598387
Ziaire Williams,Away,MEM,OKC,97,116,0,2e74728f-5dba-4f62-bb5e-bd5c18a99491,2.1266908757879666,3.179266297200232,-3.0220120753788398,-0.7152713021834561,1.6989646080794538,-1.1901069944536504,-2.3196484097337744,1.4954757378253485,2.667749410082479,1.122345779323955,1.4468736616942142,0.23748736261305003
Santi Aldama,Away,MEM,OKC,97,116,0,2e74728f-5dba-4f62-bb5e-bd5c18a99491,0.8899766324209302,-0.9749915982106628,-0.51998712791941,0.1815340790722725,3.335439475018244,-1.841873161695008,-0.8011265349796238,0.0013658950388089441,1.6586990420498635,1.0646984510807023,-1.3425531967332645,-1.0388822860026097
John Konchar,Away,MEM,OKC,97,116,0,2e74728f-5dba-4f62-bb5e-bd5c18a99491,-0.8117017717060795,2.3575587394929736,1.4330245566448705,0.7284008184362357,-0.8045983135425073,-0.5942973841831987,0.6295573933009116,1.3684422389774715,1.6392959451225866,0.2810580248628487,-0.752810857716908,-1.461721800809022
GG Jackson II,Away,MEM,OKC,97,116,0,2e74728f-5dba-4f62-bb5e-bd5c18a99491,0.13079641548651347,-1.7709345126115528,0.056628297274181894,0.2521420509115144,-1.544682540970823,2.0109248591897297,0.24282723662178032,2.120221837493282,-1.294335089101455,-0.1089302561344259,1.3546645947916849,0.5757783662723448
Jake LaRavia,Away,MEM,OKC,97,116,0,2e74728f-5dba-4f62-bb5e-bd5c18a99491,-0.705991690839662,-2.1861779682267315,0.09390305601223872,-0.10712587838681549,0.5270143543353714,-1.1539415337797887,1.8144252050506915,0.46168665676907494,-1.294335089101455,-0.4692133275533384,0.4999789411547368,1.1752345007938512
Bismack Biyombo,Away,MEM,OKC,97,116,0,2e74728f-5dba-4f62-bb5e-bd5c18a99491,-2.1427162386052157,-2.1861779682267315,0.09390305601223872,-0.10712587838681549,-2.8446350476971265,-0.005482786812602857,0.3914237377814586,-2.968820835375137,-1.294335089101455,-3.40313661484919,0.2223130528545835,-0.8484238575049496
Desmond Bane,Away,MEM,NOP,115,113,1,5fe016d6-4b65-42d6-ab98-8296fada4a16,3.5810544333000074,1.0790774812232593,-1.6545867692855214,0.5888731356569021,-1.4683349546441544,-0.33483774860226134,0.7566290786974021,0.9517706319318536,0.8932276273968057,1.4715087392170227,0.5301916148992152,0.7588955452910139
Ja Morant,Away,MEM,NOP,115,113,1,5fe016d6-4b65-42d6-ab98-8296fada4a16,3.757034534254809,4.305562922182043,-0.8988261141480925,-1.138486831832123,1.5863076987671165,-0.019588853084155287,1.3597503165184917,0.6434953608159946,5.2660193983359225,2.029323809191315,2.2220269266566275,0.43981318909484934
Vince Williams Jr.,Away,MEM,NOP,115,113,1,5fe016d6-4b65-42d6-ab98-8296fada4a16,0.7552619211952047,-0.36104221406779957,-0.9134402617484434,0.031694003488615466,1.8335671737314618,0.05200823387403959,-0.937052864284287,2.7855122803564223,-1.294335089101455,0.6023604193638099,0.27122642827587695,-0.820114112890038
Jaren Jackson Jr.,Away,MEM,NOP,115,113,1,5fe016d6-4b65-42d6-ab98-8296fada4a16,1.3969274692141338,-0.40469580951430184,-0.3897979664812195,1.671324892607379,2.3479588369945215,2.698120031490683,-0.4952411109646198,1.9167228329522885,7.344315401215977,1.2267771720860712,0.9011695823206415,-0.4048835833272002
Bismack Biyombo,Away,MEM,NOP,115,113,1,5fe016d6-4b65-42d6-ab98-8296fada4a16,-0.8002315301782635,-0.05624248251447979,0.9918614127905497,1.235057098489269,-0.4934110180506849,0.9854246120024555,-0.5656022270697995,1.8408677539290375,-1.294335089101455,-0.01590412700646273,0.562240485615878,0.35724099419959304
John Konchar,Away,MEM,NOP,115,113,1,5fe016d6-4b65-42d6-ab98-8296fada4a16,-1.7190515551369938,-0.33403038609730795,-0.5075012299676053,2.1958752808382416,2.906699954115354,-1.662305567331403,-1.7357305951583812,-1.9833328655685776,-1.294335089101455,-0.184923372917115,-1.017538277774163,0.4042270284776995
Xavier Tillman Sr.,Away,MEM,NOP,115,113,1,5fe016d6-4b65-42d6-ab98-8296fada4a16,-0.5642999988647143,0.3858762499167378,0.7765960266974378,0.777500915472774,2.0328009294854557,-1.52490025833972,0.3130049668308648,2.7541416887661496,-1.294335089101455,-0.04836315900737084,0.7603745286787436,0.2179886851300455
Ziaire Williams,Away,MEM,NOP,115,113,1,5fe016d6-4b65-42d6-ab98-8296fada4a16,-0.8712923135106749,-1.197762274129307,-0.26738732560073714,1.1023150923747504,-0.5612437829786997,-0.6638726489619694,0.618850477874467,0.04238054781822207,-1.294335089101455,-0.03292334912464255,-0.5569472454967932,0.9941165338607088
Santi Aldama,Away,MEM,NOP,115,113,1,5fe016d6-4b65-42d6-ab98-8296fada4a16,-0.15166683489013386,-1.1197864082498488,1.6461010835749317,-0.19285072304153786,0.9293203052813142,0.6233250521970063,1.8536927034631623,4.717466329264576,-1.294335089101455,-0.2006538933535025,1.2058201422498604,-1.1292592831301544
David Roddy,Away,MEM,NOP,115,113,1,5fe016d6-4b65-42d6-ab98-8296fada4a16,-1.8602529882285683,0.7648115475085449,-1.8136349484266996,-0.34389314708050495,-0.7518230600543426,-0.7115127023939857,1.6624782910934588,-2.0082904858493125,-1.294335089101455,-0.5346127377727338,0.24154620673802857,1.1362199304398763
Jacob Gilyard,Away,MEM,NOP,115,113,1,5fe016d6-4b65-42d6-ab98-8296fada4a16,-2.1427162386052157,-2.1861779682267315,0.09390305601223872,-0.10712587838681549,-2.8446350476971265,-0.005482786812602857,0.3914237377814586,-2.968820835375137,-1.294335089101455,-3.40313661484919,0.2223130528545835,-0.8484238575049496
Derrick Rose,Away,MEM,NOP,115,113,1,5fe016d6-4b65-42d6-ab98-8296fada4a16,-2.1427162386052157,-2.1861779682267315,0.09390305601223872,-0.10712587838681549,-2.8446350476971265,-0.005482786812602857,0.3914237377814586,-2.968820835375137,-1.294335089101455,-3.40313661484919,0.2223130528545835,-0.8484238575049496
Desmond Bane,Home,MEM,IND,116,103,1,ef8db566-2ab3-40fe-9af5-c2979c5b14d5,6.031320256901966,1.7588279345321933,-1.0057266938611167,-1.7472723564656716,0.6479089921082233,-0.8487419272291179,-1.586097161495649,1.232935114393088,1.8930830662495959,2.0905107568864647,0.6563545344433638,-0.7646811871471666
Vince Williams Jr.,Home,MEM,IND,116,103,1,ef8db566-2ab3-40fe-9af5-c2979c5b14d5,-1.1186248548142426,2.306987946798077,1.852118385157778,0.6185135640174877,0.30301206296917366,0.7099158303861295,0.12871613996870093,-1.0272378434497262,-1.294335089101455,0.2262317873732218,1.0508264756723413,1.3116101475911555
Ja Morant,Home,MEM,IND,116,103,1,ef8db566-2ab3-40fe-9af5-c2979c5b14d5,1.7496786797698392,1.2348045938149186,-2.182810498347957,-1.7884928055510063,0.22416397392408616,-0.7360829237856371,-1.3318544150623082,0.858097542161029,2.6271270426810087,1.1009287999169166,1.537691662649677,1.2029628116207398
Jaren Jackson Jr.,Home,MEM,IND,116,103,1,ef8db566-2ab3-40fe-9af5-c2979c5b14d5,1.9503675809676115,2.916273129183514,-0.6098001702219439,3.7954271475940735,2.05437450105149,-1.3959722920695024,-0.11495023832846506,3.001823009396118,1.6055395447209375,1.3230715960123973,-0.08260175365063735,-0.42559365698389556
Bismack Biyombo,Home,MEM,IND,116,103,1,ef8db566-2ab3-40fe-9af5-c2979c5b14d5,-1.6128600627315024,-1.3758181521073385,-0.2476983824708814,-0.18888364925290238,0.744362192594906,1.2754885783803471,0.5351714712264617,-1.2076302771391987,-0.7567262533441417,-0.22205504977805474,-0.4226143837360852,0.7409236817094564
Santi Aldama,Home,MEM,IND,116,103,1,ef8db566-2ab3-40fe-9af5-c2979c5b14d5,1.3205579124448763,0.46853734113139894,0.2060374726860608,0.45825606505486344,-0.5515972590069106,-0.5575915877992921,-0.889317791180545,3.501102531690403,-1.294335089101455,-0.025149475598046415,2.617512621822881,1.4156695994933526
John Konchar,Home,MEM,IND,116,103,1,ef8db566-2ab3-40fe-9af5-c2979c5b14d5,-0.11659651001055227,-0.8883801491569502,1.0935985997980773,-0.5555954748199633,2.758887895914506,2.4793965837727097,-0.4805009103683092,2.8987775966554983,-1.294335089101455,-0.37518435144703133,1.873441629958613,0.3182504751156998
Xavier Tillman Sr.,Home,MEM,IND,116,103,1,ef8db566-2ab3-40fe-9af5-c2979c5b14d5,-1.3830972996366246,-0.24059099978008455,-0.8533353204824295,0.506171725158772,2.1201383781860774,0.41520810963480564,2.457016782633705,0.9312514770409126,1.8312033138139923,-0.1774613277324952,0.9263903506533185,0.9501359121861366
Ziaire Williams,Home,MEM,IND,116,103,1,ef8db566-2ab3-40fe-9af5-c2979c5b14d5,1.6210119683757884,1.0537779566388306,0.2698995188665494,0.2794904209821588,-0.3508816957339803,3.8267193413535248,0.00034723969487964655,3.0405906028924896,0.23018944729480095,0.6201861837032988,2.073566379183349,-0.29427209532588416
Jacob Gilyard,Home,MEM,IND,116,103,1,ef8db566-2ab3-40fe-9af5-c2979c5b14d5,-2.1427162386052157,-2.1861779682267315,0.09390305601223872,-0.10712587838681549,-2.8446350476971265,-0.005482786812602857,0.3914237377814586,-2.968820835375137,-1.294335089101455,-3.40313661484919,0.2223130528545835,-0.8484238575049496
David Roddy,Home,MEM,IND,116,103,1,ef8db566-2ab3-40fe-9af5-c2979c5b14d5,-2.1427162386052157,-2.1861779682267315,0.09390305601223872,-0.10712587838681549,-2.8446350476971265,-0.005482786812602857,0.3914237377814586,-2.968820835375137,-1.294335089101455,-3.40313661484919,0.2223130528545835,-0.8484238575049496
Derrick Rose,Home,MEM,IND,116,103,1,ef8db566-2ab3-40fe-9af5-c2979c5b14d5,-2.1427162386052157,-2.1861779682267315,0.09390305601223872,-0.10712587838681549,-2.8446350476971265,-0.005482786812602857,0.3914237377814586,-2.968820835375137,-1.294335089101455,-3.40313661484919,0.2223130528545835,-0.8484238575049496
Desmond Bane,Away,MEM,ATL,125,119,1,71974fb0-b3b9-44cc-9dcb-61a175022b15,6.843879557917408,1.0787990005035348,-0.659815437243526,-1.394660096471048,0.9656815802396904,0.42023206495129994,-1.4412094141957992,1.9104838031275324,2.8862225121148124,1.9197754372978981,1.3742942395402102,-1.0941901770612388
Ja Morant,Away,MEM,ATL,125,119,1,71974fb0-b3b9-44cc-9dcb-61a175022b15,3.904440124942253,3.325348837365885,-2.076229956806055,-2.494767961721549,0.9741512726566938,0.41678803162974015,-1.4457515900059223,1.3134391630871514,0.35349379068539877,1.7261674921073198,1.36459110922513,-0.22800808724646085
Vince Williams Jr.,Away,MEM,ATL,125,119,1,71974fb0-b3b9-44cc-9dcb-61a175022b15,-0.17619589915944722,0.8237525738262648,1.5459155765890735,0.8692623498717379,3.183759386167891,-1.630334618435867,-1.0153732986482518,0.5738311297539556,-1.294335089101455,0.23190197276724514,0.7359504691283141,1.4235162485568045
Bismack Biyombo,Away,MEM,ATL,125,119,1,71974fb0-b3b9-44cc-9dcb-61a175022b15,-0.870810901971601,0.3706454684391374,0.23635425832060775,-0.1510652482935239,4.436035685162193,-2.3968261663611536,4.039764814214829,0.34322101650030457,2.143037130859709,0.38889370977817833,0.47535528426963963,0.5561667020078606
Jaren Jackson Jr.,Away,MEM,ATL,125,119,1,71974fb0-b3b9-44cc-9dcb-61a175022b15,1.32590207525892,-0.09710979255356572,-0.4536464807193203,2.0146264089981765,-0.6636443354940379,-0.6660661234566877,1.6963628738473928,2.94592702061956,1.6586990420498635,0.7401974209344253,0.3738822551941792,0.22385629497911963
Santi Aldama,Away,MEM,ATL,125,119,1,71974fb0-b3b9-44cc-9dcb-61a175022b15,-0.19370529317463853,-0.6468781950119898,-0.8605212150740533,-0.2842295689703223,0.33702659164830984,0.7211612633598765,-1.0508124116524187,0.1634218908344679,0.3151509639041425,0.30806028491445153,0.09860852397097633,0.7217273660951528
Ziaire Williams,Away,MEM,ATL,125,119,1,71974fb0-b3b9-44cc-9dcb-61a175022b15,-0.01694327632010914,0.00654389099439832,-0.9586588421598797,0.09065629302056842,-0.3052751998101302,-0.6892096903299288,0.23668875248160615,0.5438919099591641,0.44843420081241847,0.32352190333054454,0.03656058766960546,1.1813254083545626
Xavier Tillman Sr.,Away,MEM,ATL,125,119,1,71974fb0-b3b9-44cc-9dcb-61a175022b15,-0.9063022541967581,-1.342129635631843,1.634259361854807,-0.36816992256625,1.386273278998442,2.666942215731677,2.0017661857507334,-0.04951887438721716,-1.294335089101455,0.01939752382103286,0.5245291904614608,0.5696218290636894
John Konchar,Away,MEM,ATL,125,119,1,71974fb0-b3b9-44cc-9dcb-61a175022b15,-0.81169292436178,-1.1145388161122194,-0.5951639328501211,-0.9027841885131934,2.9477704153780833,2.669899049595656,-0.3316166583886343,3.385223000063807,-1.294335089101455,-0.5394811036855586,1.5578730292728595,-0.4182722450911901
Jacob Gilyard,Away,MEM,ATL,125,119,1,71974fb0-b3b9-44cc-9dcb-61a175022b15,-2.1427162386052157,-2.1861779682267315,0.09390305601223872,-0.10712587838681549,-2.8446350476971265,-0.005482786812602857,0.3914237377814586,-2.968820835375137,-1.294335089101455,-3.40313661484919,0.2223130528545835,-0.8484238575049496
GG Jackson II,Away,MEM,ATL,125,119,1,71974fb0-b3b9-44cc-9dcb-61a175022b15,-2.1427162386052157,-2.1861779682267315,0.09390305601223872,-0.10712587838681549,-2.8446350476971265,-0.005482786812602857,0.3914237377814586,-2.968820835375137,-1.294335089101455,-3.40313661484919,0.2223130528545835,-0.8484238575049496
Jake LaRavia,Away,MEM,ATL,125,119,1,71974fb0-b3b9-44cc-9dcb-61a175022b15,-2.1427162386052157,-2.1861779682267315,0.09390305601223872,-0.10712587838681549,-2.8446350476971265,-0.005482786812602857,0.3914237377814586,-2.968820835375137,-1.294335089101455,-3.40313661484919,0.2223130528545835,-0.8484238575049496
David Roddy,Away,MEM,ATL,125,119,1,71974fb0-b3b9-44cc-9dcb-61a175022b15,-2.1427162386052157,-2.1861779682267315,0.09390305601223872,-0.10712587838681549,-2.8446350476971265,-0.005482786812602857,0.3914237377814586,-2.968820835375137,-1.294335089101455,-3.40313661484919,0.2223130528545835,-0.8484238575049496
Desmond Bane,Away,MEM,NOP,116,115,1,2fbe8250-4eab-4093-bb66-614f33de4dda,5.536534405907835,1.6041966530539058,-1.9392539067948602,-1.2579029537978856,0.5416315148806707,0.36112814798576953,-0.19432118801023585,1.2968181284762594,1.9395463956453296,1.6538304115196432,1.1791511000386379,-0.0048005845910135325
Ja Morant,Away,MEM,NOP,116,115,1,2fbe8250-4eab-4093-bb66-614f33de4dda,4.169255518228113,3.767882934929656,-1.9512159632802304,-0.1565857991890109,0.30519750700888,1.7248487203975744,-0.7633962473222865,0.7414056881358184,3.135817255066664,2.1261922750758457,1.0137182608468116,0.20164841092711736
Jaren Jackson Jr.,Away,MEM,NOP,116,115,1,2fbe8250-4eab-4093-bb66-614f33de4dda,0.772040936159867,1.158283157854552,0.11159796333037622,1.8692499907033011,2.7753658990099477,-0.22591857686094807,-1.5145697797174766,0.5230202197074652,5.226269852588945,1.1961942987467171,0.6753224053170703,0.697973858886098
Marcus Smart,Away,MEM,NOP,116,115,1,2fbe8250-4eab-4093-bb66-614f33de4dda,1.5258431481196395,4.394792580248685,3.9813363337324024,0.2507995459167764,-1.3934093641425902,1.04897907082678,-0.05197012342711174,1.0785350950424872,1.6055395447209375,0.7325679061991415,1.445065878349945,0.4975545336443424
Bismack Biyombo,Away,MEM,NOP,116,115,1,2fbe8250-4eab-4093-bb66-614f33de4dda,-0.8002315301782635,-0.963412569695948,-0.28259713159343036,0.1739704675241472,2.391737360415471,1.587213882246387,-1.971571075572169,2.094582392368384,-1.294335089101455,0.08632843460531954,0.28030321209039166,-0.32130575859461763
Xavier Tillman Sr.,Away,MEM,NOP,116,115,1,2fbe8250-4eab-4093-bb66-614f33de4dda,-1.5422895382824644,-1.3406089018659237,1.188914567237636,-0.12812924617474444,4.4118203328018195,4.898377529889404,1.4164161332599452,-0.22254233411045188,-1.294335089101455,-0.07712261089805927,0.7453052307376675,-0.09337019581066251
Vince Williams Jr.,Away,MEM,NOP,116,115,1,2fbe8250-4eab-4093-bb66-614f33de4dda,-0.5468082995381217,0.8548506775929878,-0.1390843619236392,0.2819310614620451,3.4986111970436764,2.4409950297760723,0.12016695117144396,0.7609790556987874,2.4552132602624406,0.30012806039295353,0.8132768266585713,-0.08037900126790981
David Roddy,Away,MEM,NOP,116,115,1,2fbe8250-4eab-4093-bb66-614f33de4dda,0.483830190312199,-1.6718709331634112,-0.31021602758415556,-0.6987714526574548,0.7287649550880049,-1.0828941742234728,-0.08580851801737574,1.558859134187667,-1.294335089101455,0.13428956829495495,0.6178191269431341,0.1321168634326717
Ziaire Williams,Away,MEM,NOP,116,115,1,2fbe8250-4eab-4093-bb66-614f33de4dda,-1.6129292942693005,1.3081234749773814,0.7262417423492773,1.5545358895709527,-0.8116389325846128,1.7390548067762015,-0.24574804979688303,-1.2463688015576833,2.081361336230567,0.02389213459327282,-0.7959867321764372,0.22216528352012932
Santi Aldama,Away,MEM,NOP,116,115,1,2fbe8250-4eab-4093-bb66-614f33de4dda,-1.7190515551369938,-1.7709345126115528,0.056628297274181894,0.2521420509115144,0.4485994527382702,1.7318982796385893,-0.9765607409039258,-2.1894760093005465,-1.294335089101455,-0.5394761857717146,-1.5577408173446088,0.6132412092155982
Jacob Gilyard,Away,MEM,NOP,116,115,1,2fbe8250-4eab-4093-bb66-614f33de4dda,-2.1427162386052157,-2.1861779682267315,0.09390305601223872,-0.10712587838681549,-2.8446350476971265,-0.005482786812602857,0.3914237377814586,-2.968820835375137,-1.294335089101455,-3.40313661484919,0.2223130528545835,-0.8484238575049496
John Konchar,Away,MEM,NOP,116,115,1,2fbe8250-4eab-4093-bb66-614f33de4dda,-2.1427162386052157,-2.1861779682267315,0.09390305601223872,-0.10712587838681549,-2.8446350476971265,-0.005482786812602857,0.3914237377814586,-2.968820835375137,-1.294335089101455,-3.40313661484919,0.2223130528545835,-0.8484238575049496
Vince Williams Jr.,Away,MEM,DEN,105,142,0,b587d90f-422b-4e4c-be8f-e8fa5330d8fc,-0.38797670404435924,-0.9178115971887352,-0.44948595119407114,-0.26737982335345567,4.1905463751732555,-2.062710038071475,0.3396493231512523,-0.30213356943726616,1.1335094165575998,0.7643019395770004,-2.0122446156673712,-0.9048536906992712
Jaren Jackson Jr.,Away,MEM,DEN,105,142,0,b587d90f-422b-4e4c-be8f-e8fa5330d8fc,1.078260427652474,0.04553519319436303,1.7719093917412454,-1.1434089944907333,0.24659522739350725,-0.8046251044231901,-0.3204672535422773,0.1630128150622604,1.4821383903460754,1.2421646113536982,-0.7214019151469789,-0.28379777247329324
Desmond Bane,Away,MEM,DEN,105,142,0,b587d90f-422b-4e4c-be8f-e8fa5330d8fc,2.8397957903820585,1.0358304573822112,0.053998059242498134,0.30068534320603324,-1.4265971781877453,-0.27107011102330636,-0.3385476096702335,2.8803363510956475,0.9582762885508328,1.4599886538038551,-0.7763782797465106,-2.214316432751971
Marcus Smart,Away,MEM,DEN,105,142,0,b587d90f-422b-4e4c-be8f-e8fa5330d8fc,2.020628999113771,2.3135994193516938,-0.988406512614579,-1.0205244570974463,-0.12054823890219007,-0.7217944246446928,0.0017230852308690431,0.9471128935229634,1.5073613405894737,1.4319896270203918,-0.16842633268749962,-0.13289144662584446
Bismack Biyombo,Away,MEM,DEN,105,142,0,b587d90f-422b-4e4c-be8f-e8fa5330d8fc,-1.6128600627315024,0.367986785104936,-0.9314117668397128,2.074630380106453,1.6182205160848389,0.41142493558857113,-0.6945065275751552,-1.3681724797868187,-1.294335089101455,0.5041977066500977,-2.914401495189798,-0.8235785361586189
David Roddy,Away,MEM,DEN,105,142,0,b587d90f-422b-4e4c-be8f-e8fa5330d8fc,0.5663346731395281,-1.4697299505167973,-0.45297405347468295,-0.8959364042689401,-1.9573392069144293,-0.11545002780622639,0.01216133241156978,1.6734103301990388,3.093165876929133,0.9051059681921058,-0.6145959505243265,-0.42688348057845
John Konchar,Away,MEM,DEN,105,142,0,b587d90f-422b-4e4c-be8f-e8fa5330d8fc,0.5834230398091439,1.0998596454289313,1.324098577692873,-0.9002962604055984,2.691766362083996,-0.11371588788592651,0.8305989839281308,0.9888394274110922,0.4477479731738871,1.0159700053346603,-1.3625885113701524,-2.2120420597027337
Ziaire Williams,Away,MEM,DEN,105,142,0,b587d90f-422b-4e4c-be8f-e8fa5330d8fc,-0.21121468718982989,-0.33290323274297445,0.7425311931280917,0.19879448941619884,-0.299908189721367,0.8962617996493285,0.48867460130587714,-0.049454534694699556,1.0857185634648452,0.7177778171604142,-1.4657811603983315,-0.4007240956003088
Xavier Tillman Sr.,Away,MEM,DEN,105,142,0,b587d90f-422b-4e4c-be8f-e8fa5330d8fc,-0.19370529317463853,1.2653949156367155,-0.3433553391157667,-0.5603418746761601,0.2748314155736135,0.8693851287967554,-1.0460573246156342,0.05242173651725388,0.3151509639041425,0.739932256969287,-1.2205053099584353,-0.8190790890560353
Jacob Gilyard,Away,MEM,DEN,105,142,0,b587d90f-422b-4e4c-be8f-e8fa5330d8fc,-0.3284288517446632,-1.6009241030687051,-0.3696162679718526,-0.7884261396254444,-1.336703936907147,2.0245889172891904,0.16032769461087076,4.392391101620946,-1.294335089101455,-0.23243902079814463,-0.10059121184422141,-1.242140624429122
Santi Aldama,Away,MEM,DEN,105,142,0,b587d90f-422b-4e4c-be8f-e8fa5330d8fc,-2.1427162386052157,-2.1861779682267315,0.09390305601223872,-0.10712587838681549,-2.8446350476971265,-0.005482786812602857,0.3914237377814586,-2.968820835375137,-1.294335089101455,-3.40313661484919,0.2223130528545835,-0.8484238575049496
Ja Morant,Away,MEM,DEN,105,142,0,b587d90f-422b-4e4c-be8f-e8fa5330d8fc,-2.1427162386052157,-2.1861779682267315,0.09390305601223872,-0.10712587838681549,-2.8446350476971265,-0.005482786812602857,0.3914237377814586,-2.968820835375137,-1.294335089101455,-3.40313661484919,0.2223130528545835,-0.8484238575049496
Ja Morant,Away,MEM,LAC,106,117,0,9fd84c70-640e-4024-a583-25c227575b6b,2.184314498538204,3.161859518477808,-2.9591210657697773,-1.435572864752071,0.6756159231313023,-0.8377458195502331,-1.6358162579045015,-0.08840530861819018,2.5488031445567714,1.9888222166073906,-1.1189208064598752,-0.9522781688369681
Jaren Jackson Jr.,Away,MEM,LAC,106,117,0,9fd84c70-640e-4024-a583-25c227575b6b,3.358250956265753,1.7761573523975493,0.7611384047174304,-0.4656926277412915,-0.4417686982176414,2.1838307933929433,-0.2767782997921995,1.7335170155399289,0.9104854354580781,1.4940771354573232,0.3278005047100923,-1.1236133540073856
Desmond Bane,Away,MEM,LAC,106,117,0,9fd84c70-640e-4024-a583-25c227575b6b,1.8618062509643083,2.2350044812519676,0.32508392325994717,-0.4504308749871728,1.1176311480865542,-0.961544140845333,-1.9136948308833694,2.2810424728139798,0.9954469520674198,1.075379133576829,0.48095596365494725,-0.5455223192359802
Marcus Smart,Away,MEM,LAC,106,117,0,9fd84c70-640e-4024-a583-25c227575b6b,3.711155115360143,1.291376137308552,2.2712378409245724,-0.36768195919607716,-1.1888739823816399,-0.3593123463397975,-0.5086170084367392,1.9339766891858012,2.0403990093676883,1.2812539688013291,0.7648124573339886,-0.8146498809136795
Bismack Biyombo,Away,MEM,LAC,106,117,0,9fd84c70-640e-4024-a583-25c227575b6b,-1.7541218800165754,0.5216979785401469,1.9540237661984579,1.4504351187513433,0.033965506019981065,-0.8487859427773424,-1.409601281164722,-0.14809608185751938,-1.294335089101455,-0.2683241453895338,-0.6899901553410007,0.5058511504997502
Santi Aldama,Away,MEM,LAC,106,117,0,9fd84c70-640e-4024-a583-25c227575b6b,0.6960924067361849,-0.8667414306375719,0.9898722245406296,-0.61151731918801,0.8940905484465264,-1.053218268059236,-0.5801253887917069,3.3425548124658384,-1.294335089101455,0.1604299880511919,1.0911224185123407,-0.2786213024471331
Vince Williams Jr.,Away,MEM,LAC,106,117,0,9fd84c70-640e-4024-a583-25c227575b6b,-0.45860761268689565,0.9128361664024354,-1.640560603317323,-0.7577933804834631,-1.0571355956930024,1.3397236889719946,-0.17162005152189616,-0.25209522659619893,1.243280115100335,0.32308354623946783,-0.11214694149233831,0.4182733232945388
David Roddy,Away,MEM,LAC,106,117,0,9fd84c70-640e-4024-a583-25c227575b6b,-1.436167277414771,-0.7771260304284908,-0.5712382734198225,0.7936298487079863,-0.9565698476074155,-0.4355960103218405,-0.6613585114322628,-0.2724321252063483,1.907041963610816,-0.13088416390944518,0.044341996729189925,1.241919918579769
Xavier Tillman Sr.,Away,MEM,LAC,106,117,0,9fd84c70-640e-4024-a583-25c227575b6b,-1.4010277209973916,0.017365015357545237,1.144256918236315,1.2134832728670046,1.4375002926852776,0.6882113793382248,1.2486388199856802,-1.4182615983918583,-1.294335089101455,0.24703552828839132,-1.6280911886036598,-0.03357739777431041
Ziaire Williams,Away,MEM,LAC,106,117,0,9fd84c70-640e-4024-a583-25c227575b6b,-1.6484206464944575,-1.1832997581807858,-0.5640783588884641,-0.8741700484015283,0.6238272739300325,-1.0588998540854635,-1.8178941843230212,-2.2904261873587934,-1.294335089101455,-0.09951655848606573,-1.8393812458245569,1.5553919105414746
Jacob Gilyard,Away,MEM,LAC,106,117,0,9fd84c70-640e-4024-a583-25c227575b6b,-2.1427162386052157,-2.1861779682267315,0.09390305601223872,-0.10712587838681549,-2.8446350476971265,-0.005482786812602857,0.3914237377814586,-2.968820835375137,-1.294335089101455,-3.40313661484919,0.2223130528545835,-0.8484238575049496
John Konchar,Away,MEM,LAC,106,117,0,9fd84c70-640e-4024-a583-25c227575b6b,-2.1427162386052157,-2.1861779682267315,0.09390305601223872,-0.10712587838681549,-2.8446350476971265,-0.005482786812602857,0.3914237377814586,-2.968820835375137,-1.294335089101455,-3.40313661484919,0.2223130528545835,-0.8484238575049496
Desmond Bane,Home,MEM,SAC,92,123,0,8cc83878-1912-4c1e-a839-a9ee02192ed3,2.450831941297041,1.4135880345002094,-2.0563562153088117,-1.1058927949372963,1.1836641443512665,-0.9673123060840415,-1.9554670325863064,1.2036192564467945,0.8636083377523397,1.5495048021436288,-0.5827332128305783,-1.2912897065493385
Ja Morant,Home,MEM,SAC,92,123,0,8cc83878-1912-4c1e-a839-a9ee02192ed3,1.3145437547738015,-0.4262075477557208,-0.8345969578664025,-0.8303358977943383,-0.6179354298736224,-0.5000997368782645,-0.852332357103299,0.9000040495428919,3.9695874467122585,1.2197213448193442,-0.11164953488209893,-0.5268840821279793
Marcus Smart,Home,MEM,SAC,92,123,0,8cc83878-1912-4c1e-a839-a9ee02192ed3,0.40060417577864027,1.8372606687141866,2.264439044939498,-0.044424154057444605,-1.6656701571456733,-0.22505265425377202,-0.20936707444351343,-0.2509558493400748,2.632605572701326,1.364417205146626,-0.8678198807793869,-0.6835047322850398
Jaren Jackson Jr.,Home,MEM,SAC,92,123,0,8cc83878-1912-4c1e-a839-a9ee02192ed3,1.5022857542727734,-0.4905188608934956,0.8140489941374054,-0.2600936417429055,-0.5916466207558881,-0.5163404692991,-0.8789090305720173,0.6872022046239344,2.6988133223201407,1.3802388096617166,-0.27078086094046094,-0.8672083852762402
Bismack Biyombo,Home,MEM,SAC,92,123,0,8cc83878-1912-4c1e-a839-a9ee02192ed3,-2.1427162386052157,-1.9785562404191421,0.07526567664321031,0.07250808626234946,1.8160464882061509,0.34894204435174103,-2.044900028566808,-2.968820835375137,-1.294335089101455,-0.35421747188846275,-1.0980383074185252,-0.5745771647309897
Luke Kennard,Home,MEM,SAC,92,123,0,8cc83878-1912-4c1e-a839-a9ee02192ed3,2.8168818493593246,0.10151420383717645,-1.21673088730629,-0.5061251867599327,-0.2862529295752192,-0.6314041954549666,-1.0991542264584284,3.683078304168576,-1.294335089101455,0.6855244333732564,1.2074077352626527,-1.2787220998684052
Vince Williams Jr.,Home,MEM,SAC,92,123,0,8cc83878-1912-4c1e-a839-a9ee02192ed3,-1.2953868716687718,-1.5295202890429513,-0.2742051857965027,-0.4366551759977394,1.7625341393385734,-1.2553254741875395,-2.443029412254613,-2.086404437434562,-1.294335089101455,0.0437647585259421,-1.9185480965980288,-0.10401704238931898
Santi Aldama,Home,MEM,SAC,92,123,0,8cc83878-1912-4c1e-a839-a9ee02192ed3,-0.17619589915944722,-1.575383244234611,-0.39100035451142345,-0.8207018269339206,-0.6355613573358034,-0.5529248311773332,-0.8966778717952057,0.2783871089232195,-0.4408138749893295,0.47565520799925776,-0.9847638076111463,-0.3439336466495102
Derrick Rose,Home,MEM,SAC,92,123,0,8cc83878-1912-4c1e-a839-a9ee02192ed3,-1.683490971374039,0.6796231182857586,-1.82863984677218,-0.8867624631203449,-2.1023221874344777,-0.09748152437589575,0.07413231368115945,-0.7833502943400144,-1.294335089101455,0.04007674130485575,-1.5407232100245485,-0.3503406176907729
David Roddy,Home,MEM,SAC,92,123,0,8cc83878-1912-4c1e-a839-a9ee02192ed3,-1.5422983856267638,-0.6919232512469492,-0.7800864141884724,0.3771961782644812,-2.1023221874344777,-0.09748152437589575,0.07413231368115945,-1.6558613902768857,1.6392959451225866,0.22358893996527487,-1.751946092990489,0.23127831637925364
Xavier Tillman Sr.,Home,MEM,SAC,92,123,0,8cc83878-1912-4c1e-a839-a9ee02192ed3,-1.3304571965483534,-2.1861779682267315,0.09390305601223872,-0.10712587838681549,0.19559745691625913,-1.0094415890805515,0.774232125755458,-0.8912856597859978,-1.294335089101455,0.13786453087386266,-1.3981390991663805,0.47597817513685065
John Konchar,Home,MEM,SAC,92,123,0,8cc83878-1912-4c1e-a839-a9ee02192ed3,-2.1427162386052157,-2.1861779682267315,0.09390305601223872,-0.10712587838681549,-2.1023221874344777,-0.09748152437589575,0.07413231368115945,-2.968820835375137,-1.294335089101455,-1.2720872473462252,-1.0718632276485383,0.4128506810809479
Ziaire Williams,Home,MEM,SAC,92,123,0,8cc83878-1912-4c1e-a839-a9ee02192ed3,-2.0014544213201426,-0.956895569520076,-0.45158909186052,1.6569733868907468,-0.5252409649661358,-0.6567984070533139,-1.0361491319492198,-2.968820835375137,-1.294335089101455,0.2450099277707391,-2.777060729738564,1.9573105703879323
Ja Morant,Home,MEM,SAS,106,98,1,ed2925f0-e08f-4b22-90c4-00e796b5554f,3.422626170463222,4.132854928235405,-2.225831174538022,-1.4973235175115163,0.11446416602533711,-0.7080998992606424,-1.2939024349466068,1.5520873506974164,5.321833122292658,1.6879455751307624,1.2214107638229472,-0.4978780705545331
Desmond Bane,Home,MEM,SAS,106,98,1,ed2925f0-e08f-4b22-90c4-00e796b5554f,3.310001040257678,0.17169402283078014,-1.103939754218491,0.7702819361420311,-0.7918913116596654,-0.4666113935615691,-0.7444292407789129,1.8925082224667953,-1.294335089101455,1.322177455397452,0.9023492835817059,0.20543446539147053
Jaren Jackson Jr.,Home,MEM,SAS,106,98,1,ed2925f0-e08f-4b22-90c4-00e796b5554f,0.6541658694943775,1.3004210402098781,2.751070977623424,0.2361989355893777,2.8673710771193384,3.9867674034305614,-0.522946876140698,-0.6164060901063255,1.5073613405894737,1.0929116318803853,0.49079621240145604,0.3767167433599128
Marcus Smart,Home,MEM,SAS,106,98,1,ed2925f0-e08f-4b22-90c4-00e796b5554f,-0.6769782131360548,1.084112396099088,-1.42177844653215,1.3825021350726838,-1.057913907318228,-0.475936638965304,0.5464252370055624,-1.12266356280459,1.8857055942404481,0.6771755227862865,-0.6485526730673551,1.2044870902093394
Bismack Biyombo,Home,MEM,SAS,106,98,1,ed2925f0-e08f-4b22-90c4-00e796b5554f,-1.365527521427935,1.1795013730202848,0.19211185977177894,2.096661262063159,3.4574455809584,2.5797172284430143,0.053650036979769805,0.09768997413059734,-1.294335089101455,0.07083724033033921,0.8255327917064166,0.7540980803073563
Santi Aldama,Home,MEM,SAS,106,98,1,ed2925f0-e08f-4b22-90c4-00e796b5554f,0.24831968634422527,-1.9785562404191421,0.07526567664321031,0.07250808626234946,4.193913227427571,-0.5418103768847565,-1.1238479776212769,3.747876081870338,1.195903030317585,0.09024042844139658,1.9037221399105817,0.4354025494130726
Vince Williams Jr.,Home,MEM,SAS,106,98,1,ed2925f0-e08f-4b22-90c4-00e796b5554f,0.4131992816696625,0.9824811170538017,-1.195353728663506,1.5898646048705896,0.8499593015221946,-1.060383192569856,-0.46691478921744245,1.9378344429122147,-1.294335089101455,0.06534926502660396,0.9438160432629343,1.3444466677424793
Luke Kennard,Home,MEM,SAS,106,98,1,ed2925f0-e08f-4b22-90c4-00e796b5554f,1.2674790873224304,-0.5345037134307217,-0.8991199150401499,-1.1354864241986886,0.9433834525756092,-1.0997960008444407,-0.4896751473562151,2.4497489328655133,1.7767901016366419,0.05163811224620108,2.1760160040847056,0.7874404545271516
Derrick Rose,Home,MEM,SAS,106,98,1,ed2925f0-e08f-4b22-90c4-00e796b5554f,-1.2243260883363605,-0.575799891323501,-1.2014170823596655,-2.0255854600656082,-2.2241078910713186,-0.082387981494418,0.1261879379476148,0.5462408190885913,-1.294335089101455,-0.11165228662654818,0.35677332147978935,0.354271467454264
John Konchar,Home,MEM,SAS,106,98,1,ed2925f0-e08f-4b22-90c4-00e796b5554f,-2.1427162386052157,-2.1861779682267315,0.09390305601223872,-0.10712587838681549,-2.2241078910713186,-0.082387981494418,0.1261879379476148,-2.968820835375137,-1.294335089101455,-1.5114631468322077,-0.7045200244183324,0.3834922393015799
David Roddy,Home,MEM,SAS,106,98,1,ed2925f0-e08f-4b22-90c4-00e796b5554f,-2.1427162386052157,-2.1861779682267315,0.09390305601223872,-0.10712587838681549,-2.2241078910713186,-0.082387981494418,0.1261879379476148,-2.968820835375137,-1.294335089101455,-1.511416162747768,-0.6961017461824017,0.3770421134666385
Xavier Tillman Sr.,Home,MEM,SAS,106,98,1,ed2925f0-e08f-4b22-90c4-00e796b5554f,-2.1427162386052157,-2.1861779682267315,0.09390305601223872,-0.10712587838681549,-2.2241078910713186,-0.082387981494418,0.1261879379476148,-2.968820835375137,-1.294335089101455,-1.5112282264100096,-0.662428633238679,0.351241610126873
Ziaire Williams,Home,MEM,SAS,106,98,1,ed2925f0-e08f-4b22-90c4-00e796b5554f,-2.1427162386052157,-2.1861779682267315,0.09390305601223872,-0.10712587838681549,-2.2241078910713186,-0.082387981494418,0.1261879379476148,-2.968820835375137,-1.294335089101455,-1.511698067254406,-0.7466114155979858,0.41574286847628683
Desmond Bane,Home,MEM,TOR,111,116,0,34be11c0-35bf-45bc-9869-65bacd2ad787,2.9920891271607726,1.2036107078342329,-1.9115458609367106,-2.1565238756169394,-0.03325789285981203,-0.7655611088916793,0.7686971734259849,1.4079936465373935,0.9011927695789315,1.1896752960749983,1.2423547490973954,0.1491460251941585
Jaren Jackson Jr.,Home,MEM,TOR,111,116,0,34be11c0-35bf-45bc-9869-65bacd2ad787,3.6761967115232586,-0.06756284300422302,0.49603819509602126,1.3241815258664735,1.3094431788492136,4.002756186150064,0.23766240371046107,1.1717887318648106,3.0096822159377616,1.4611326076476994,1.1457360833920143,0.2737887478694221
Ja Morant,Home,MEM,TOR,111,116,0,34be11c0-35bf-45bc-9869-65bacd2ad787,3.7406676992914227,2.5943095155046323,-1.6293823016823417,-2.5140769778248018,1.8027174744376724,-1.2095731581562497,-1.3256778686517836,2.00865088271771,2.571371047406128,1.5936455378499161,1.2030330073745985,-1.2553981275812787
Marcus Smart,Home,MEM,TOR,111,116,0,34be11c0-35bf-45bc-9869-65bacd2ad787,-0.12961264324715022,1.400175154622662,-0.08618123626990995,1.568955935236947,0.28974338699047336,-0.7489139587696605,-1.4196061889511018,-1.1182243479282892,0.9777753756961425,0.7117420578113965,-0.21993575110886598,1.994370431432399
Xavier Tillman Sr.,Home,MEM,TOR,111,116,0,34be11c0-35bf-45bc-9869-65bacd2ad787,-1.4361584300704715,-0.8525405135016056,-0.5041341723507524,-0.3498621353640061,0.9804541103444845,-1.1331523278829077,0.5387144381402499,1.5099452668335904,-1.294335089101455,0.03211354924372351,-0.8238181961664919,-0.8654670504512554
Santi Aldama,Home,MEM,TOR,111,116,0,34be11c0-35bf-45bc-9869-65bacd2ad787,0.0777264377083673,1.142990495349456,0.13804203604603485,0.008645520962888294,2.7132887523303855,-1.5851343860911733,-1.753827431622739,1.187799143162182,0.3775445776641278,0.1873410685317785,0.5227239387505848,0.29559218910908935
Luke Kennard,Home,MEM,TOR,111,116,0,34be11c0-35bf-45bc-9869-65bacd2ad787,-0.9774234217226678,-1.9785562404191421,0.07526567664321031,0.07250808626234946,-1.49445822957201,-0.28385760997552334,-0.32390803122044537,-1.053726274613088,-1.294335089101455,0.1536277609632328,-2.191829380973705,-0.013169278057518172
Ziaire Williams,Home,MEM,TOR,111,116,0,34be11c0-35bf-45bc-9869-65bacd2ad787,2.792843043973385,-1.2081154056962788,1.4632264770400134,-0.1669621322948205,2.011986186567865,-1.5112437923426463,0.18251939323493543,2.6631339446910944,-1.294335089101455,0.7516498380590565,1.778124207860303,-0.9318923864875576
John Konchar,Home,MEM,TOR,111,116,0,34be11c0-35bf-45bc-9869-65bacd2ad787,-2.0014544213201426,2.1867970418104834,3.876776852151662,0.16819536293351853,0.6506343488565772,1.8644205733908656,-1.1581305368606676,-2.8102491863505454,-1.294335089101455,-0.420690182458691,0.5374086340902301,0.29886552150104995
David Roddy,Home,MEM,TOR,111,116,0,34be11c0-35bf-45bc-9869-65bacd2ad787,-1.7190515551369938,-2.1861779682267315,0.09390305601223872,-0.10712587838681549,-2.125519464317686,-0.09460656382704284,0.0840476706842938,-2.1894760093005465,-1.294335089101455,-0.4886646815730367,-2.0499964402702413,0.7566035251727867
Bismack Biyombo,Home,MEM,TOR,111,116,0,34be11c0-35bf-45bc-9869-65bacd2ad787,-2.1427162386052157,-2.1861779682267315,0.09390305601223872,-0.10712587838681549,-2.8446350476971265,-0.005482786812602857,0.3914237377814586,-2.968820835375137,-1.294335089101455,-3.40313661484919,0.2223130528545835,-0.8484238575049496
Derrick Rose,Home,MEM,TOR,111,116,0,34be11c0-35bf-45bc-9869-65bacd2ad787,-2.1427162386052157,-2.1861779682267315,0.09390305601223872,-0.10712587838681549,-2.8446350476971265,-0.005482786812602857,0.3914237377814586,-2.968820835375137,-1.294335089101455,-3.40313661484919,0.2223130528545835,-0.8484238575049496
Marcus Smart,Away,MEM,LAL,127,113,1,402085c4-9122-4678-8e7f-d49d699c5b63,6.085875742195396,1.6699498921140534,-0.6951606652191666,-0.011310509079751946,-1.067167218825202,-0.4540011800952125,0.5525353288808543,3.0194179657821274,1.459570487496719,1.2351402445077277,1.943329893816756,0.6211095680855213
Desmond Bane,Away,MEM,LAL,127,113,1,402085c4-9122-4678-8e7f-d49d699c5b63,3.823884866480682,4.170984291537731,-2.5188694174429687,-2.573759920716678,0.1711203001022042,-0.7114077701592693,-1.283598064747595,2.7784418737554035,1.5073613405894737,1.1191726745895891,2.1256640673492906,0.22708271387235873
Ja Morant,Away,MEM,LAL,127,113,1,402085c4-9122-4678-8e7f-d49d699c5b63,3.016179469395912,2.1021506348014136,-0.9536627843855753,-1.0776661526316071,1.9428239356831394,-0.05240656404506416,0.3125525446028754,1.1975401994300023,2.028490483345734,1.182687326150459,1.5562922856318127,1.199954638575291
Bismack Biyombo,Away,MEM,LAL,127,113,1,402085c4-9122-4678-8e7f-d49d699c5b63,-1.1888258887669039,0.2732725158999648,-0.9376189684884372,2.277435887019244,3.0444563338407447,-1.6023393988873615,-1.7775910579322465,2.7122715839162472,-1.294335089101455,-0.06470206530074919,1.3027112516680435,1.4807584786032737
Jaren Jackson Jr.,Away,MEM,LAL,127,113,1,402085c4-9122-4678-8e7f-d49d699c5b63,4.336540754642082,0.6425955686150846,-0.8935098464363547,1.9633194059106336,3.6347935545345122,2.5139037901298966,-2.3549414954112318,3.959011891503807,2.0403990093676883,1.2414526118381146,1.732858035086579,-0.6592732366096228
Luke Kennard,Away,MEM,LAL,127,113,1,402085c4-9122-4678-8e7f-d49d699c5b63,-1.4365883047603465,-0.08092518767919145,0.34181651686238884,-1.8431352912392038,-0.10264502331489471,-0.8106125861347314,0.39645356890053995,-1.6865969601109918,-1.294335089101455,-0.19418851393499895,-0.29115377383626734,0.6158545712317117
Ziaire Williams,Away,MEM,LAL,127,113,1,402085c4-9122-4678-8e7f-d49d699c5b63,1.7026140123184685,0.44964915591095816,0.6010458086810195,0.7928624161257172,-1.5698406501204496,-0.2687367789590991,-0.26464350766903616,1.628691095882604,0.42119749923346783,0.7194637157356819,0.7335817150302835,1.2407891159946425
Xavier Tillman Sr.,Away,MEM,LAL,127,113,1,402085c4-9122-4678-8e7f-d49d699c5b63,-2.0190241995288325,2.1263107944154465,2.7809845048443043,1.1373992807183981,2.2946059650389206,-1.7086592253020516,-0.46093842700453025,-1.9099145960666934,2.590526580598072,-0.5787674635280599,0.4127212626163253,0.8464983578606161
Santi Aldama,Away,MEM,LAL,127,113,1,402085c4-9122-4678-8e7f-d49d699c5b63,-2.1427162386052157,1.9983631964386375,0.9138059866469298,4.255758653791551,-2.2125092526297148,-0.08382546176884445,0.1212302594460476,-2.968820835375137,-1.294335089101455,-0.8663597699493462,-0.5835060408007244,0.4459755333815406
David Roddy,Away,MEM,LAL,127,113,1,402085c4-9122-4678-8e7f-d49d699c5b63,-1.8602529882285683,-1.9785562404191421,0.07526567664321031,0.07250808626234946,0.3549440618853425,-0.9652706230589758,-1.5184237520834378,-2.579148422337842,-1.294335089101455,-0.5931277123945815,-1.6865248365940182,1.7356250792202625
John Konchar,Away,MEM,LAL,127,113,1,402085c4-9122-4678-8e7f-d49d699c5b63,-2.1427162386052157,-2.1861779682267315,0.09390305601223872,-0.10712587838681549,-2.8446350476971265,-0.005482786812602857,0.3914237377814586,-2.968820835375137,-1.294335089101455,-3.40313661484919,0.2223130528545835,-0.8484238575049496
Derrick Rose,Away,MEM,LAL,127,113,1,402085c4-9122-4678-8e7f-d49d699c5b63,-2.1427162386052157,-2.1861779682267315,0.09390305601223872,-0.10712587838681549,-2.8446350476971265,-0.005482786812602857,0.3914237377814586,-2.968820835375137,-1.294335089101455,-1.5918283392636232,0.02229693936097143,0.3230890355771433
Marcus Smart,Away,MEM,PHO,121,115,1,68920b27-be99-4a70-b680-0d8e28e5b53c,4.858947385571799,4.5328756484003545,0.17010394852221855,-0.6652673291838612,0.3639281726753287,-0.7393647801589198,-1.407195419872948,1.2575145954782478,1.4941059286736458,1.435620792797141,1.5091127411891432,0.6172150876288389
Desmond Bane,Away,MEM,PHO,121,115,1,68920b27-be99-4a70-b680-0d8e28e5b53c,2.7626177756801744,1.9526967041737306,-0.76525534664064,0.15960237669795266,0.6230607398244206,0.24725196567878763,0.6875243022407439,1.8966777937074517,2.5880979882612207,1.3804696381722743,0.12807411102863592,-1.2378155617634454
Jaren Jackson Jr.,Away,MEM,PHO,121,115,1,68920b27-be99-4a70-b680-0d8e28e5b53c,4.305542663195519,1.873238904331838,-2.007860484696778,-0.6037045192610745,2.8663269514232264,-0.25597408324728504,-1.581363830983163,1.7512432847754282,1.393194302645671,0.9665505567303502,2.9944887783602145,1.353215188408632
Luke Kennard,Away,MEM,PHO,121,115,1,68920b27-be99-4a70-b680-0d8e28e5b53c,0.4022281463695193,-0.6763973736201339,-0.7803194342647558,-0.9561770502627097,-0.5899071121685439,-0.5319756406652233,-0.8669759098404097,4.106717784365774,-1.294335089101455,-0.1526387761625166,0.8251643265002235,0.008184587190754088
Xavier Tillman Sr.,Away,MEM,PHO,121,115,1,68920b27-be99-4a70-b680-0d8e28e5b53c,-1.789622079586032,-1.9785562404191421,0.07526567664321031,0.07250808626234946,5.398283397646773,-3.7970533934633215,9.572291920903227,-2.1939411489623764,-1.294335089101455,0.5562342733878308,-3.1092063226472626,2.1470671761667055
Vince Williams Jr.,Away,MEM,PHO,121,115,1,68920b27-be99-4a70-b680-0d8e28e5b53c,1.9214571769624016,-1.4723058410361387,-0.16691405554361352,-0.0669532749764366,2.976980968569984,0.6830961407216257,1.5093633286611372,2.749438867956645,2.143945857735323,0.4267128820206579,2.5573948883704314,1.3091081667888504
Ziaire Williams,Away,MEM,PHO,121,115,1,68920b27-be99-4a70-b680-0d8e28e5b53c,0.6009928180178336,1.4653486601099526,1.2174856265180325,-0.1924212403960034,0.030160727213380003,-0.8276478885620698,0.9542319099189216,0.5251348495611018,-0.955854807897286,0.43342557428762424,0.5594966806444599,0.638374905367073
Bismack Biyombo,Away,MEM,PHO,121,115,1,68920b27-be99-4a70-b680-0d8e28e5b53c,-1.9483932908862962,0.8349190227676471,-1.2157780224706296,2.146347124436946,2.0731164906639,2.663261611056345,-0.35861324285220236,-2.262620602019771,1.2630028835771099,0.06679828785941413,-0.4193498927000033,0.07670413629399876
Santi Aldama,Away,MEM,PHO,121,115,1,68920b27-be99-4a70-b680-0d8e28e5b53c,0.5654837711040775,1.4560204167478408,0.3470728318002484,1.7601911973749682,3.0064474011100866,-0.1461274103006926,0.20877610579042988,-0.7319927720270165,0.9419322358765766,1.316766245889043,-1.4601399154127825,1.1539796827768152
John Konchar,Away,MEM,PHO,121,115,1,68920b27-be99-4a70-b680-0d8e28e5b53c,-1.9308838968711048,-2.1861779682267315,0.09390305601223872,-0.10712587838681549,-0.19230496681290563,-0.8153622546652536,-1.23810146438716,-2.1894760093005465,-1.294335089101455,-0.707298846778217,-1.6654909893815697,1.0976599373170202
David Roddy,Away,MEM,PHO,121,115,1,68920b27-be99-4a70-b680-0d8e28e5b53c,-2.1427162386052157,-2.1861779682267315,0.09390305601223872,-0.10712587838681549,-2.8446350476971265,-0.005482786812602857,0.3914237377814586,-2.968820835375137,-1.294335089101455,-3.40313661484919,0.2223130528545835,-0.8484238575049496
Derrick Rose,Away,MEM,PHO,121,115,1,68920b27-be99-4a70-b680-0d8e28e5b53c,-2.1427162386052157,-2.1861779682267315,0.09390305601223872,-0.10712587838681549,-2.8446350476971265,-0.005482786812602857,0.3914237377814586,-2.968820835375137,-1.294335089101455,-1.5918283392636232,0.02229693936097143,0.3230890355771433
Desmond Bane,Away,MEM,DAL,120,103,1,def9dd1e-6802-455e-8ad9-7faff117d65e,4.86440346942854,0.4892699628252807,-1.2364117532601049,-0.03562665052354223,2.1775367488526336,-1.351261314926971,-0.5144324855055388,0.7239621957001787,3.9956172922093156,1.7455346307557529,1.618113905911985,1.4559929460925944
Vince Williams Jr.,Away,MEM,DAL,120,103,1,def9dd1e-6802-455e-8ad9-7faff117d65e,0.30712855765116787,4.332174299070303,1.2106558884467329,0.29446982890298656,1.0891532918041413,-1.1387195781763815,0.3475423946428624,0.39693910398052845,-1.294335089101455,0.5767250783656345,0.3506667213259009,0.16968941735243834
Luke Kennard,Away,MEM,DAL,120,103,1,def9dd1e-6802-455e-8ad9-7faff117d65e,1.2324176097871484,1.6508982826229257,-0.34532913118395564,-0.0851157223597542,0.7869299968185621,-1.0258276587839246,-0.47168853271396666,3.7779601948171906,0.4902287314785579,0.4134698747189603,1.1335315645374582,-0.7833815434583895
Marcus Smart,Away,MEM,DAL,120,103,1,def9dd1e-6802-455e-8ad9-7faff117d65e,3.7642943246760865,0.24548372989537046,2.175939812115713,-0.5562598439038776,0.11645547935137908,-0.7674638884033539,-1.3461464750632717,2.274247511532293,0.3840268357168809,0.9058621173648624,2.8428835284811154,0.4056682797372343
Bismack Biyombo,Away,MEM,DAL,120,103,1,def9dd1e-6802-455e-8ad9-7faff117d65e,-1.7541218800165754,1.7401468446957251,-1.9822953025885572,1.3823587710479588,-0.7054710395315743,-0.622329218238876,0.6455313211340853,0.19283296354535223,-1.294335089101455,-0.3287326216660317,0.2888000147753618,0.5489631342404458
Xavier Tillman Sr.,Away,MEM,DAL,120,103,1,def9dd1e-6802-455e-8ad9-7faff117d65e,0.2242808809582853,0.6940330549818919,-1.160152987691806,1.5271713467828438,5.2872887899925445,0.31790956018990485,3.217039310590785,1.215556022697343,1.184072415940571,0.47370598951469167,1.7121255454593356,1.2785185248627426
Ziaire Williams,Away,MEM,DAL,120,103,1,def9dd1e-6802-455e-8ad9-7faff117d65e,1.3670896315079741,-0.7113883519208144,0.9890885789619365,0.5966772576160652,0.07423555850111224,-0.7981182058990308,-0.09852550636793198,2.639804821793529,-1.294335089101455,0.24632955049807992,1.470886205160215,0.8042811973764854
David Roddy,Away,MEM,DAL,120,103,1,def9dd1e-6802-455e-8ad9-7faff117d65e,-0.06959222675267976,0.39452145982572673,-1.208748591580109,0.5635247543145898,0.8624634903623271,-1.1042820864008516,0.6738736263942822,1.4106612970391863,2.4187432630186625,0.3064470384942249,1.0547612532278636,1.0174333494284744
John Konchar,Away,MEM,DAL,120,103,1,def9dd1e-6802-455e-8ad9-7faff117d65e,-1.2949658443231964,-1.2193451234057835,-0.6361242428288443,-1.1540665430186583,2.5417585762840127,-0.12078115149420417,1.2265556120478556,0.7322284785627371,1.6392959451225866,-0.3996134917125404,1.7988634296355386,1.2244443533382123
GG Jackson II,Away,MEM,DAL,120,103,1,def9dd1e-6802-455e-8ad9-7faff117d65e,-1.8602529882285683,-2.1861779682267315,0.09390305601223872,-0.10712587838681549,-2.171914018084101,-0.08885664272933703,0.1038783846905625,-2.579148422337842,-1.294335089101455,0.6382287152882674,-4.1464186469270805,3.471579851913428
Jake LaRavia,Away,MEM,DAL,120,103,1,def9dd1e-6802-455e-8ad9-7faff117d65e,-2.072085329962679,-2.1861779682267315,0.09390305601223872,-0.10712587838681549,1.1518167558490675,-1.343108030118695,-2.212284171778462,-2.968820835375137,-1.294335089101455,-0.4070214956983173,-2.2055757908870146,1.8199017005921836
Santi Aldama,Away,MEM,DAL,120,103,1,def9dd1e-6802-455e-8ad9-7faff117d65e,-2.1427162386052157,-2.1861779682267315,0.09390305601223872,-0.10712587838681549,-2.8446350476971265,-0.005482786812602857,0.3914237377814586,-2.968820835375137,-1.294335089101455,-1.5918283392636232,0.02229693936097143,0.3230890355771433
Xavier Tillman Sr.,Home,MEM,LAC,119,128,0,5bf42a78-26ba-495d-a4eb-d8e1e03953f9,1.32590207525892,0.36262906314593907,0.18611484523653923,0.2793932139466468,3.763886508026353,0.78293118963439,1.366596311904711,2.7623409241083476,2.3077879991665573,0.9771029166275813,0.8583345048089749,-0.7988329059184794
Jaren Jackson Jr.,Home,MEM,LAC,119,128,0,5bf42a78-26ba-495d-a4eb-d8e1e03953f9,2.6500603297958305,-0.5644405716628447,0.7434851561389848,-0.037411638210248684,1.6551610133938637,0.13348105701810178,0.23431130972711323,-0.018745832587726222,4.3214674620543025,1.8673704345677085,-0.9162796994824406,-0.43163871703599993
Luke Kennard,Home,MEM,LAC,119,128,0,5bf42a78-26ba-495d-a4eb-d8e1e03953f9,1.0732253711413084,0.8697823912966695,-1.7280226895798247,-1.0479236854053189,1.691726301667843,-1.2006861779409135,-1.2170919112053094,3.0195739900039964,-1.294335089101455,0.5726535103071877,-0.21698326916770108,-1.0402707861319531
Vince Williams Jr.,Home,MEM,LAC,119,128,0,5bf42a78-26ba-495d-a4eb-d8e1e03953f9,0.16586674036609506,-0.05774663287491576,0.6682300707512796,0.6079760699192066,-0.19710321588001553,-0.7630877646545124,1.155646666624666,1.1677943287588168,-1.294335089101455,0.3363931480756048,-0.7376519122811256,-0.021911375228024495
Desmond Bane,Home,MEM,LAC,119,128,0,5bf42a78-26ba-495d-a4eb-d8e1e03953f9,1.5679846801025419,0.24561706381648724,0.4647115727908988,-1.0023404311516224,-1.4855000332945478,-0.2702719371303106,-0.3138057221433609,1.093209421270963,3.4544463192605472,0.9027926302591306,0.10045923273345571,-0.29286536183299827
David Roddy,Home,MEM,LAC,119,128,0,5bf42a78-26ba-495d-a4eb-d8e1e03953f9,2.0977466296221574,1.6633304805234574,-0.389284324337778,-0.1562697832680392,1.2677515606535947,-1.1038825781528032,-0.9264996233501991,2.7084816305473938,-1.294335089101455,0.7860887776507891,0.6999425732804461,-0.6774545063671117
Jacob Gilyard,Home,MEM,LAC,119,128,0,5bf42a78-26ba-495d-a4eb-d8e1e03953f9,-1.7190515551369938,2.122193975534827,-2.662486928408251,-1.325807126946026,-1.4186085068731857,-0.2884693855278154,-0.3544851076127363,-1.293546192311605,-1.294335089101455,-0.3419931786575608,-0.46115370142432793,0.7260514977238821
Jake LaRavia,Home,MEM,LAC,119,128,0,5bf42a78-26ba-495d-a4eb-d8e1e03953f9,1.0491865657553687,-0.9265202180467008,-0.3134852565950328,0.12735003030079262,1.171770336438492,0.47185700561358723,1.0215759890177205,1.779381541965884,-1.294335089101455,0.33082171707658187,0.7167353772838431,0.5629572868089807
Ziaire Williams,Home,MEM,LAC,119,128,0,5bf42a78-26ba-495d-a4eb-d8e1e03953f9,1.6737124556575582,-0.32954927618292684,-0.8797454183175988,-0.14166010344686109,0.15530876455622555,-0.9240746574941423,1.3459339116948614,1.4509323210851104,-1.294335089101455,0.7114021220752527,0.5218534948453007,0.6544581269501658
GG Jackson II,Home,MEM,LAC,119,128,0,5bf42a78-26ba-495d-a4eb-d8e1e03953f9,-1.294905460129698,-1.3762751360383862,-0.4025097050339283,-0.630309299848597,3.442070978013784,-2.3151916365937946,2.6808478170488517,-0.8232469844190176,1.376032484802431,0.16823127045488,-0.007439802992049412,1.5589070545494355
John Konchar,Home,MEM,LAC,119,128,0,5bf42a78-26ba-495d-a4eb-d8e1e03953f9,-1.9308838968711048,-1.2542465882754918,-0.5046781185007672,-0.7845153614335388,-0.7115492567382247,-0.5664007905298714,-0.8788928747892363,-1.6503324026169355,-1.294335089101455,-0.7767732112862675,-1.6019154754825184,0.25122492631826165
Santi Aldama,Home,MEM,LAC,119,128,0,5bf42a78-26ba-495d-a4eb-d8e1e03953f9,-2.1427162386052157,-2.1861779682267315,0.09390305601223872,-0.10712587838681549,-2.8446350476971265,-0.005482786812602857,0.3914237377814586,-2.968820835375137,-1.294335089101455,-1.5918283392636232,0.02229693936097143,0.3230890355771433
Xavier Tillman Sr.,Home,MEM,NYK,94,106,0,f3926919-6f76-4cd6-9962-d69cb1c459b3,0.6831455050373848,4.811009869812168,4.45950896665575,-1.1882424695400688,0.49614257424258135,0.5987068376896295,-1.2114490087312708,-0.3295020684098413,-1.294335089101455,1.301816532884023,0.2726741266233408,-0.4710011274952569
Vince Williams Jr.,Home,MEM,NYK,94,106,0,f3926919-6f76-4cd6-9962-d69cb1c459b3,1.66098773403524,3.6447818158390137,-0.6299892901363598,-1.0833224753944886,2.356567339824172,-0.04384435681132098,0.6406648605942444,0.5370135497128137,3.5101789376265753,1.4926314283679003,0.6162995423179142,-0.44746499997518974
David Roddy,Home,MEM,NYK,94,106,0,f3926919-6f76-4cd6-9962-d69cb1c459b3,1.4377809243440092,1.2276732070085583,1.387906541701454,1.0807289472970454,-0.15575883397838133,-0.6874334735304116,-0.139402132445243,1.3506884370385401,-1.294335089101455,1.2913152280239268,-1.0854946532694476,-1.0678943204311642
Luke Kennard,Home,MEM,NYK,94,106,0,f3926919-6f76-4cd6-9962-d69cb1c459b3,2.0732175653528437,-1.0857031001432893,-0.46411270644215313,-0.4972204127046948,-0.6879559023195851,-0.48390884152789304,-0.8112374689424798,1.1242738024295378,-1.294335089101455,0.8872599887874573,-0.04110781766383673,0.3620854820617249
Jacob Gilyard,Home,MEM,NYK,94,106,0,f3926919-6f76-4cd6-9962-d69cb1c459b3,0.10626735121720021,2.15994733382781,0.47120804204510613,-2.2408322467904287,-1.0676098698192185,-0.4502876427282808,0.4532080085616301,0.014218819216860867,-1.294335089101455,0.6718975355518941,-0.7858455717464342,-0.480843843537427
GG Jackson II,Home,MEM,NYK,94,106,0,f3926919-6f76-4cd6-9962-d69cb1c459b3,2.321040365539784,-0.7430551043127029,-0.6831159854178037,0.522410564083613,2.192274376072674,1.818908534236255,0.3898821000710107,2.116088014383642,-1.294335089101455,1.0351153672189317,1.2283574003743831,-0.15789290582161233
John Konchar,Home,MEM,NYK,94,106,0,f3926919-6f76-4cd6-9962-d69cb1c459b3,-1.4365883047603465,-0.844747783989199,1.142676753898844,-0.582155942462467,0.8228871029425334,2.7379928168732808,0.3766386971464792,-2.130597577379848,-1.294335089101455,-0.03457219707805222,-0.9842973357890951,0.03219231921218696
Ziaire Williams,Home,MEM,NYK,94,106,0,f3926919-6f76-4cd6-9962-d69cb1c459b3,0.08917013720328495,0.5221941087493044,0.35761517446782126,0.021601466749834524,0.4282184354176459,-0.9375371204156705,-0.26842355077291297,0.1512570424450944,2.943874339062839,0.9464612362700591,-0.4318824092620281,-0.231375220948053
Jake LaRavia,Home,MEM,NYK,94,106,0,f3926919-6f76-4cd6-9962-d69cb1c459b3,-2.036593977737522,-2.1861779682267315,0.09390305601223872,-0.10712587838681549,-2.125519464317686,-0.09460656382704284,0.0840476706842938,0.7251567537211963,0.7538376392096046,0.10712837967781341,2.5882838981182354,-1.6445470686569486
Santi Aldama,Home,MEM,NYK,94,106,0,f3926919-6f76-4cd6-9962-d69cb1c459b3,-2.1427162386052157,-2.1861779682267315,0.09390305601223872,-0.10712587838681549,-2.8446350476971265,-0.005482786812602857,0.3914237377814586,-2.968820835375137,-1.294335089101455,-1.5918283392636232,0.02229693936097143,0.3230890355771433
Desmond Bane,Home,MEM,NYK,94,106,0,f3926919-6f76-4cd6-9962-d69cb1c459b3,-2.1427162386052157,-2.1861779682267315,0.09390305601223872,-0.10712587838681549,-2.8446350476971265,-0.005482786812602857,0.3914237377814586,-2.968820835375137,-1.294335089101455,-1.5918283392636232,0.02229693936097143,0.3230890355771433
Jaren Jackson Jr.,Home,MEM,NYK,94,106,0,f3926919-6f76-4cd6-9962-d69cb1c459b3,-2.1427162386052157,-2.1861779682267315,0.09390305601223872,-0.10712587838681549,-2.8446350476971265,-0.005482786812602857,0.3914237377814586,-2.968820835375137,-1.294335089101455,-1.5918283392636232,0.02229693936097143,0.3230890355771433
Vince Williams Jr.,Home,MEM,GSW,116,107,1,275650ce-e711-4dbc-b498-704f4c2823aa,2.469165695314785,2.1664483556219776,0.3579350003689555,-0.007556464176906567,1.8010132130391827,-0.0788610665033188,0.8997523187403076,2.4119136943281183,5.226269852588945,1.1945747018717696,1.245544953721466,-0.23369304580119665
Jaren Jackson Jr.,Home,MEM,GSW,116,107,1,275650ce-e711-4dbc-b498-704f4c2823aa,3.6336679943553802,2.600223600353489,2.674347738379248,-2.1283596889195846,0.621620099261736,0.44835355242741165,-1.3322449046562963,-0.062986355186179,3.615138619607661,1.7101764605922465,-0.04921434921107217,-0.5173401947197046
Luke Kennard,Home,MEM,GSW,116,107,1,275650ce-e711-4dbc-b498-704f4c2823aa,0.9254679846460873,0.8842403489347321,-0.40436969487871394,-1.3265402369497594,-1.0605533931640168,-0.4586170322148995,0.4573074126232296,0.5984388347805638,2.852275203968392,0.4654134615316997,1.0799505053658538,1.4752528668088665
Xavier Tillman Sr.,Home,MEM,GSW,116,107,1,275650ce-e711-4dbc-b498-704f4c2823aa,-1.1891953792632808,-0.5393618203512053,0.3995253543662706,-1.422112859905691,0.7680455803252781,1.771193959314435,0.005856426539792262,-1.304972298040535,-1.294335089101455,0.019806977973643947,0.8270250109595102,1.3596838695209006
Ziaire Williams,Home,MEM,GSW,116,107,1,275650ce-e711-4dbc-b498-704f4c2823aa,-0.370467310029168,-0.3923348006156851,1.1057397891422673,0.8166656594641238,-0.044130149229153814,-0.8840199029717377,1.360625011189902,-0.4916389276140604,0.9470725315980313,0.503237861062445,-1.8209399492412095,0.25581683541107875
GG Jackson II,Home,MEM,GSW,116,107,1,275650ce-e711-4dbc-b498-704f4c2823aa,3.1352486319624053,1.1188162470917038,1.4470666063858975,0.7799649510634094,1.8478027043480079,1.503395934184233,-0.653906857921611,3.692977440242834,3.873920430610319,0.4668159490512261,3.047809481703421,1.002248049591654
David Roddy,Home,MEM,GSW,116,107,1,275650ce-e711-4dbc-b498-704f4c2823aa,1.1904483830404413,0.06723515921547593,-1.1611311891528586,0.1398143819586966,2.4591176344933445,-1.6728488650036655,0.9072877117738948,0.987866560226164,-1.294335089101455,0.6758259628656496,0.5360105735166384,1.2500421269366884
Jacob Gilyard,Home,MEM,GSW,116,107,1,275650ce-e711-4dbc-b498-704f4c2823aa,0.9320239380497342,0.8648118005008947,1.5565260642871712,-2.362403492854593,-0.4668060653445445,1.0976497540654342,-0.6025469934702916,3.1277058544135254,-1.294335089101455,-0.08699895344982461,2.269415553907125,0.0734403004578394
Santi Aldama,Home,MEM,GSW,116,107,1,275650ce-e711-4dbc-b498-704f4c2823aa,0.14217973078793286,-0.6155070496270867,-0.6335283375455261,0.41222641190758913,3.4408757079705747,3.6188133543069463,-2.2646066237064044,1.6260616039109013,2.744025756040033,0.4795110680380413,0.43138171502857814,-0.5665850950975831
John Konchar,Home,MEM,GSW,116,107,1,275650ce-e711-4dbc-b498-704f4c2823aa,-2.1427162386052157,-2.1861779682267315,0.09390305601223872,-0.10712587838681549,-2.8446350476971265,-0.005482786812602857,0.3914237377814586,-2.968820835375137,-1.294335089101455,-3.40313661484919,0.2223130528545835,-0.8484238575049496
Jake LaRavia,Home,MEM,GSW,116,107,1,275650ce-e711-4dbc-b498-704f4c2823aa,-2.1427162386052157,-2.1861779682267315,0.09390305601223872,-0.10712587838681549,-2.8446350476971265,-0.005482786812602857,0.3914237377814586,-2.968820835375137,-1.294335089101455,-3.40313661484919,0.2223130528545835,-0.8484238575049496
Derrick Rose,Home,MEM,GSW,116,107,1,275650ce-e711-4dbc-b498-704f4c2823aa,-2.1427162386052157,-2.1861779682267315,0.09390305601223872,-0.10712587838681549,-2.8446350476971265,-0.005482786812602857,0.3914237377814586,-2.968820835375137,-1.294335089101455,-3.40313661484919,0.2223130528545835,-0.8484238575049496
Xavier Tillman Sr.,Away,MEM,MIN,103,118,0,ab728776-3b5e-4bbb-ba3c-b20bf27bad9f,0.1532893291636717,1.5560585066991754,-0.7709130459024781,-0.8596042903373188,1.0881767959285769,0.2217434279220693,0.5512239225803762,0.16041146188468708,-1.294335089101455,0.9552670069707349,0.39110703885525216,-0.10688811805761389
Vince Williams Jr.,Away,MEM,MIN,103,118,0,ab728776-3b5e-4bbb-ba3c-b20bf27bad9f,0.6605833598224289,2.9219581178682823,1.4821112623855712,-0.38520420432727287,2.1602251315285463,-0.07023086226703705,-0.09433645773847778,1.244626130822771,1.0857185634648452,0.8879095513688302,0.326670695826056,-0.817735653669441
Luke Kennard,Away,MEM,MIN,103,118,0,ab728776-3b5e-4bbb-ba3c-b20bf27bad9f,2.728741546701597,-0.08964200796584912,0.3889259910807819,-0.1466761375681003,-1.0073730365934062,-0.40878288042483557,-0.6276071310618676,3.9212935221289325,0.4477479731738871,0.5801457577950265,1.3974077727784846,-0.14017740334647158
Jaren Jackson Jr.,Away,MEM,MIN,103,118,0,ab728776-3b5e-4bbb-ba3c-b20bf27bad9f,5.224362688154249,0.7237315975054434,-1.01760679721942,1.4375582510171714,0.21692328796740548,0.6554876449148238,0.188049361251839,2.1642932559450934,1.450297646671954,2.284982106294935,0.8232137012294696,-1.17397754725929
John Konchar,Away,MEM,MIN,103,118,0,ab728776-3b5e-4bbb-ba3c-b20bf27bad9f,-1.0235252660958911,1.2148615990654206,0.1372315181817944,1.4312246691000758,-0.33440071088103807,-0.6134652887099544,-1.073964508157029,5.525256439729938,-1.294335089101455,-0.3264418609162188,1.1832670496163036,1.1869561099718742
Santi Aldama,Away,MEM,MIN,103,118,0,ab728776-3b5e-4bbb-ba3c-b20bf27bad9f,1.5259727638509355,0.29632819057488896,0.8067347694324624,1.4887073962075053,1.4140841012442964,0.4265500015035214,-1.8245762723887446,0.3465387631015465,0.23470288559204344,1.2287844254775988,-0.5407478579710805,0.7400330873880462
David Roddy,Away,MEM,MIN,103,118,0,ab728776-3b5e-4bbb-ba3c-b20bf27bad9f,-0.36998589849009406,-1.4098726305527975,-0.21918626708478686,-0.14584939950826742,0.592721297385194,-0.9773300560308489,-0.3507012780304751,0.5142963384758962,1.8857055942404481,0.5857759544824703,-0.9855821002374241,-0.4004037189882094
Jacob Gilyard,Away,MEM,MIN,103,118,0,ab728776-3b5e-4bbb-ba3c-b20bf27bad9f,-1.6484206464944575,-0.8220428748754295,-0.9687655889999477,-1.6561327900393996,-1.190825248688759,-0.3898068154679068,-0.5420433855665535,-1.9812114717608402,-1.294335089101455,-0.3327961755788037,-1.316176973110101,0.5506387700248039
Ziaire Williams,Away,MEM,MIN,103,118,0,ab728776-3b5e-4bbb-ba3c-b20bf27bad9f,-1.259826287905817,2.4673268900242116,2.328292411888607,0.12453589908954162,-1.2368136089328796,-0.40084630302548335,-0.5433089769761853,-1.3416784576892358,-1.294335089101455,0.7706136915029168,-2.2992196150325936,-0.9206859273671266
GG Jackson II,Away,MEM,MIN,103,118,0,ab728776-3b5e-4bbb-ba3c-b20bf27bad9f,-1.5953595160606107,-0.8874745196238912,-0.3324577624028669,1.4500400561099163,1.4348723975773086,-1.5555222246160096,2.1251282991282214,-1.8581793432750109,0.8209374924691294,0.40823956136129647,-3.3781550479366502,-0.009189793981609021
Jake LaRavia,Away,MEM,MIN,103,118,0,ab728776-3b5e-4bbb-ba3c-b20bf27bad9f,-2.1427162386052157,-2.1861779682267315,0.09390305601223872,-0.10712587838681549,-2.8446350476971265,-0.005482786812602857,0.3914237377814586,-2.968820835375137,-1.294335089101455,-1.5918283392636232,0.02229693936097143,0.3230890355771433
Derrick Rose,Away,MEM,MIN,103,118,0,ab728776-3b5e-4bbb-ba3c-b20bf27bad9f,-2.1427162386052157,-2.1861779682267315,0.09390305601223872,-0.10712587838681549,-2.8446350476971265,-0.005482786812602857,0.3914237377814586,-2.968820835375137,-1.294335089101455,-1.5918283392636232,0.02229693936097143,0.3230890355771433
Jaren Jackson Jr.,Away,MEM,CHI,96,125,0,bcb7a1c3-8153-4f9f-adf1-1e3a277026b5,2.915323292460165,1.9042251659865976,-0.8095552333206637,-1.0160315586612696,1.0217131447006138,-1.009939407841943,-0.7386380885907479,0.8163709257225235,4.591713062555396,1.8383957597664513,0.414938521215325,-0.34482983265937067
Vince Williams Jr.,Away,MEM,CHI,96,125,0,bcb7a1c3-8153-4f9f-adf1-1e3a277026b5,1.6560822932553703,0.7476420614826387,0.09816504644346022,0.5234645710349843,0.4832591406285621,-0.8081314283029258,-1.5138202316660812,2.1640711069728464,0.23018944729480095,0.87190223828156,-0.024952218706681746,-0.13202143604734698
Luke Kennard,Away,MEM,CHI,96,125,0,bcb7a1c3-8153-4f9f-adf1-1e3a277026b5,2.0862852354386408,1.7648549947718013,-2.3924199606167824,-0.7386454335187971,-1.024281243831383,-0.3868942095975942,-0.5817356778859147,2.521325186040324,-0.9412520472300555,1.0869593416881622,-0.5440841124335578,-0.9664516901061496
Santi Aldama,Away,MEM,CHI,96,125,0,bcb7a1c3-8153-4f9f-adf1-1e3a277026b5,-0.10556499051691082,0.8228592096716503,-0.14974337077527694,0.040204645054230756,2.9566557664838977,1.3530528694142878,-2.3497335426403545,-0.043275992719770666,-1.294335089101455,0.9260626097884445,-1.6058710894259882,-1.4282590011289158
John Konchar,Away,MEM,CHI,96,125,0,bcb7a1c3-8153-4f9f-adf1-1e3a277026b5,-1.3304571965483534,1.5532688851797334,-2.256948460142979,-0.45781495341867107,1.4567956693137778,1.81345922282102,-1.4122033308981834,-0.7882140879200135,-1.294335089101455,0.3522496157894589,-0.46575426696792094,-0.3551475864484802
David Roddy,Away,MEM,CHI,96,125,0,bcb7a1c3-8153-4f9f-adf1-1e3a277026b5,0.9189562679639375,0.10209960594693075,-1.0532243781923445,-0.13982278130040998,-1.0505850184651468,-0.37680240714440516,-0.5616573299268525,0.6778014197139504,-1.294335089101455,1.1889500480676238,-1.692245364049195,-0.9722216171815068
Ziaire Williams,Away,MEM,CHI,96,125,0,bcb7a1c3-8153-4f9f-adf1-1e3a277026b5,-0.09412129102199313,0.8487513481777652,2.037144712027499,0.18399424567624464,-1.3425220733879133,-0.40356709597941015,0.9300364888130982,-0.6357760125885922,2.2501477534970005,1.2483187068782564,-2.5297858142286125,-1.1308530063321802
GG Jackson II,Away,MEM,CHI,96,125,0,bcb7a1c3-8153-4f9f-adf1-1e3a277026b5,-0.25738576310085065,-1.7709345126115528,0.056628297274181894,0.2521420509115144,-1.402571302179947,-0.2986722146662484,-0.36036680145911804,4.192850546273314,4.34718316494394,0.3137677886299202,-0.8562585784079392,-1.0101326849948118
Jacob Gilyard,Away,MEM,CHI,96,125,0,bcb7a1c3-8153-4f9f-adf1-1e3a277026b5,-0.917824032573773,0.1720719690776101,0.8331788715977677,0.45792618608467656,-1.376741065890612,-0.31964479331856366,-0.38859130879573195,0.9373777270675059,-1.294335089101455,-0.010353318168920291,-1.3110742418367503,-0.18164007751293335
Scotty Pippen Jr.,Away,MEM,CHI,96,125,0,bcb7a1c3-8153-4f9f-adf1-1e3a277026b5,-1.7010607495827286,0.30665194261832524,-1.526694350882093,-0.21065796937411987,-0.06888434491740186,-1.0501975232235994,2.448629585645985,0.437483055318767,0.9641546913150416,0.4157815122134215,-0.4687407992266709,0.33771836651227816
Jake LaRavia,Away,MEM,CHI,96,125,0,bcb7a1c3-8153-4f9f-adf1-1e3a277026b5,-2.1427162386052157,-2.1861779682267315,0.09390305601223872,-0.10712587838681549,-2.8446350476971265,-0.005482786812602857,0.3914237377814586,-2.968820835375137,-1.294335089101455,-1.5918283392636232,0.02229693936097143,0.3230890355771433
Xavier Tillman Sr.,Away,MEM,CHI,96,125,0,bcb7a1c3-8153-4f9f-adf1-1e3a277026b5,-2.1427162386052157,-2.1861779682267315,0.09390305601223872,-0.10712587838681549,-2.8446350476971265,-0.005482786812602857,0.3914237377814586,-2.968820835375137,-1.294335089101455,-1.5918283392636232,0.02229693936097143,0.3230890355771433
Vince Williams Jr.,Away,MEM,TOR,108,100,1,be24a698-af12-457e-84d0-7cba174c9fd9,1.7206048178727336,0.7759458067214582,1.4526071642866765,0.7440525507528056,3.23664155759017,-0.39930232589131825,-0.01798326755232386,2.321107117643707,0.9419322358765766,0.8330675535034884,1.1660350909147756,0.17421304690581232
Luke Kennard,Away,MEM,TOR,108,100,1,be24a698-af12-457e-84d0-7cba174c9fd9,4.405899733903593,1.538494443128466,-2.1262719561244015,-0.7439126049862235,-0.7271903838960314,-0.4708310518406072,-0.7954404180929637,1.2069940057198414,-1.0142658505662085,1.1885291689822397,0.9981055882736279,0.9933275461574456
Jaren Jackson Jr.,Away,MEM,TOR,108,100,1,be24a698-af12-457e-84d0-7cba174c9fd9,3.8223478221162,5.853066275986989,4.404564037517197,-0.6989451502065455,0.3856671772995644,0.37679802527409845,1.8383982381316928,1.3272047393713648,0.1311560372244084,1.7465013889627605,1.5912646278811353,-0.621999833364415
John Konchar,Away,MEM,TOR,108,100,1,be24a698-af12-457e-84d0-7cba174c9fd9,-0.8357317297477201,0.19183937750779315,-1.2040229312467035,-0.23723307081747616,2.9229164768647298,5.4531069160737395,2.9558267083169327,0.4382493732345877,-0.8669107201968816,0.28710917562367216,0.7290073493275794,-0.15393862500843045
Santi Aldama,Away,MEM,TOR,108,100,1,be24a698-af12-457e-84d0-7cba174c9fd9,0.4422216067175693,0.555757123847326,0.00316870403417297,-1.20197440598434,0.1992739258164857,-0.841095046100358,-0.25662490385158737,0.9932455574563388,0.4477479731738871,0.2558788876537831,1.376308576761387,0.9076983707635952
David Roddy,Away,MEM,TOR,108,100,1,be24a698-af12-457e-84d0-7cba174c9fd9,-0.3058151696805085,-0.7244706354405401,-0.7042914043250503,-0.08460569450053376,3.6113572237081475,-2.1492564110125745,3.3843586519089004,-0.6168500628641933,-1.294335089101455,0.7805783343892783,-0.7427570404086344,0.45813016671549345
GG Jackson II,Away,MEM,TOR,108,100,1,be24a698-af12-457e-84d0-7cba174c9fd9,-0.28189713268156513,-1.0784425041863464,1.140339070640751,-0.7431303920723007,1.2189608528837605,0.5613986913962435,-1.6995927626124279,2.2947860980199817,-1.294335089101455,-0.20069317457668095,1.0057267692834393,0.37480022650817924
Xavier Tillman Sr.,Away,MEM,TOR,108,100,1,be24a698-af12-457e-84d0-7cba174c9fd9,-1.3303968123548553,0.6314447909884041,0.7169545081736146,-0.004628153827857649,0.7049757876636276,-1.061857290625961,-0.3828571251397406,-1.5691294408398198,-1.294335089101455,-0.03375042573912088,-0.37531132089149494,1.7585329075415541
Ziaire Williams,Away,MEM,TOR,108,100,1,be24a698-af12-457e-84d0-7cba174c9fd9,-1.0410435074553819,0.8306885355011262,-1.3100061476165987,1.4149585759389893,-0.5184154628686791,-0.6945228260841444,0.5539135751702868,1.9329149519648494,2.5348061326356115,0.027957581464093367,-0.18654155266538805,0.7522263498173417
Jacob Gilyard,Away,MEM,TOR,108,100,1,be24a698-af12-457e-84d0-7cba174c9fd9,-0.81169292436178,-1.2256728549910088,-0.6573108804083607,-1.2043485274388241,-1.373207172907687,-0.3371303931755418,-0.43389356743947083,3.3376515053564297,-1.294335089101455,-0.5405595689819601,0.5117895392320052,0.3868141386189793
Jake LaRavia,Away,MEM,TOR,108,100,1,be24a698-af12-457e-84d0-7cba174c9fd9,-2.1427162386052157,-2.1861779682267315,0.09390305601223872,-0.10712587838681549,-2.8446350476971265,-0.005482786812602857,0.3914237377814586,-2.968820835375137,-1.294335089101455,-1.5918283392636232,0.02229693936097143,0.3230890355771433
Derrick Rose,Away,MEM,TOR,108,100,1,be24a698-af12-457e-84d0-7cba174c9fd9,-2.1427162386052157,-2.1861779682267315,0.09390305601223872,-0.10712587838681549,-2.8446350476971265,-0.005482786812602857,0.3914237377814586,-2.968820835375137,-1.294335089101455,-1.5918283392636232,0.02229693936097143,0.3230890355771433
Jaren Jackson Jr.,Away,MEM,MIA,105,96,1,b04042c2-6b99-4a7a-a760-9339b93ee5ce,2.1199127423078377,1.7167995908931482,-0.548918027806096,1.0655225000981838,0.9198374394268723,0.4700265899765818,-1.4198788607135397,-0.7276996875685156,1.9541491563125601,1.7314000508991396,0.05063695957242478,1.926735777609502
Vince Williams Jr.,Away,MEM,MIA,105,96,1,b04042c2-6b99-4a7a-a760-9339b93ee5ce,3.3120194961612337,1.0468056468715432,-0.2607346028530171,-0.737594520715344,0.13273561936042252,-0.7165364728634322,-1.2937478109557399,4.659353229782526,2.191736710828078,0.6785086322118288,2.6091076995959988,-0.3042648979277727
David Roddy,Away,MEM,MIA,105,96,1,b04042c2-6b99-4a7a-a760-9339b93ee5ce,0.8724849330943376,2.378376601828128,0.4903716042159349,0.2100816970327645,-0.051809321288538476,0.647647002884634,1.4160299106026915,0.6970697296426687,-1.294335089101455,1.0679769518139755,-0.1646522473778402,-0.5154027820448792
John Konchar,Away,MEM,MIA,105,96,1,b04042c2-6b99-4a7a-a760-9339b93ee5ce,0.3540297672106427,1.2287867612489836,0.01907558931536653,1.2083957340642133,3.5584770090603537,-0.38975146762160007,0.40916676564242943,2.4284579987471324,-1.294335089101455,0.6188991203618822,0.3416359393989231,-0.585725305847983
Jacob Gilyard,Away,MEM,MIA,105,96,1,b04042c2-6b99-4a7a-a760-9339b93ee5ce,-0.04596560136801587,2.768426743799256,-1.322557008029289,-1.1987979192349387,-2.2357065295129224,-0.08095050121999155,0.13114561644918196,1.7675146437486864,-1.294335089101455,0.25245192163527214,0.24584533232988462,-0.1322722866984684
GG Jackson II,Away,MEM,MIA,105,96,1,b04042c2-6b99-4a7a-a760-9339b93ee5ce,2.104267193648606,-0.22518006898458295,-0.8036137551165125,0.23115368902091288,-0.1354272358570235,-0.6665662604097229,-1.1454701823324551,2.859530593722933,1.7171100847187857,0.3418829597186742,2.2543282222679166,1.236831105172706
Scotty Pippen Jr.,Away,MEM,MIA,105,96,1,b04042c2-6b99-4a7a-a760-9339b93ee5ce,0.28387142276288074,1.6276574018717223,-2.316932116841979,-1.261943183912588,0.9898218951210478,-0.9926049397908627,-1.8395710482012044,3.4072133843389505,2.4187432630186625,0.3759269701979046,1.8040387057508445,0.5868515953094514
Xavier Tillman Sr.,Away,MEM,MIA,105,96,1,b04042c2-6b99-4a7a-a760-9339b93ee5ce,-0.9704641356620441,0.6861860909100256,0.662616039842843,1.1255132339837752,2.0383308739246893,4.404816851476589,0.3547405058731714,5.077036514231483,1.2630028835771099,-0.30866986745931224,1.493328120688235,-0.24500092497335646
Ziaire Williams,Away,MEM,MIA,105,96,1,b04042c2-6b99-4a7a-a760-9339b93ee5ce,-1.0128632370986261,-0.13987001623653786,0.9337526127373922,0.14754565472602724,1.7616183259353038,-1.3906896447040387,-0.8183990529741841,-2.4364339382157096,-1.294335089101455,0.3210800899674437,-1.0959944845095904,2.0984874522713253
Santi Aldama,Away,MEM,MIA,105,96,1,b04042c2-6b99-4a7a-a760-9339b93ee5ce,-2.1427162386052157,-2.1861779682267315,0.09390305601223872,-0.10712587838681549,-2.8446350476971265,-0.005482786812602857,0.3914237377814586,-2.968820835375137,-1.294335089101455,-1.5918283392636232,0.02229693936097143,0.3230890355771433
Jake LaRavia,Away,MEM,MIA,105,96,1,b04042c2-6b99-4a7a-a760-9339b93ee5ce,-2.1427162386052157,-2.1861779682267315,0.09390305601223872,-0.10712587838681549,-2.8446350476971265,-0.005482786812602857,0.3914237377814586,-2.968820835375137,-1.294335089101455,-1.5918283392636232,0.02229693936097143,0.3230890355771433
Derrick Rose,Away,MEM,MIA,105,96,1,b04042c2-6b99-4a7a-a760-9339b93ee5ce,-2.1427162386052157,-2.1861779682267315,0.09390305601223872,-0.10712587838681549,-2.8446350476971265,-0.005482786812602857,0.3914237377814586,-2.968820835375137,-1.294335089101455,-1.5918283392636232,0.02229693936097143,0.3230890355771433
Vince Williams Jr.,Home,MEM,ORL,107,106,1,173d0282-bda7-416f-8ab1-09105beeb6b3,1.496881207265231,0.3782100045048693,-1.100639157420072,0.02721631288326604,1.025380533192111,1.8530544881015476,-1.1429215318863657,1.1940599752116103,1.184072415940571,0.78603676002944,0.40324793297385325,0.3654513490468872
Jaren Jackson Jr.,Home,MEM,ORL,107,106,1,173d0282-bda7-416f-8ab1-09105beeb6b3,4.39878725390221,0.9538895245444887,0.004344301162923431,0.7268937604327176,2.511627932121603,-0.14265555267591662,0.8405681754227006,0.32104441251105387,1.3042502149452664,2.2274216250214893,0.5275673211916743,0.8781816811291338
Luke Kennard,Home,MEM,ORL,107,106,1,173d0282-bda7-416f-8ab1-09105beeb6b3,2.9932139915239793,2.1940944897678807,-0.9769193766861486,-0.44515319467960457,0.38333240917980616,-0.7947360597456247,-1.460377652232307,2.1717605650220335,-1.294335089101455,1.0089253783428085,0.2607090755172354,-0.7100014830712014
Santi Aldama,Home,MEM,ORL,107,106,1,173d0282-bda7-416f-8ab1-09105beeb6b3,1.3670896315079741,0.5319890131421467,-1.4976923688163837,-0.8752764179137746,1.804459320844584,-1.3416822849703853,0.02977497073435768,2.711162063854595,-1.294335089101455,0.5825528498377394,0.8603486721940717,-0.46831545180438366
John Konchar,Home,MEM,ORL,107,106,1,173d0282-bda7-416f-8ab1-09105beeb6b3,-0.42309856577313965,1.7006318860118832,2.757038709183279,-0.08518400985986749,-0.603255274507076,2.616532595719637,1.1500366776393547,2.1675119622521106,-1.294335089101455,0.010894427201796222,1.3602372092902137,0.349287874303816
Ziaire Williams,Home,MEM,ORL,107,106,1,173d0282-bda7-416f-8ab1-09105beeb6b3,2.1683171540711954,3.03999212188103,0.26420827055139634,0.050392333264332914,-0.14520654850106096,-0.6523503251770234,-1.1404194938689616,2.9657744522072806,-1.294335089101455,0.8140345069667217,1.0677319477141358,-0.47131786507123846
David Roddy,Home,MEM,ORL,107,106,1,173d0282-bda7-416f-8ab1-09105beeb6b3,-1.4185974992060812,0.2089894942325409,-1.2074225311280584,-0.03503007639366896,5.191005212686629,-2.634940326491866,0.16752882978379638,-0.6989427554744099,0.5992410350666286,-0.0757886750907223,0.10535000270148737,0.8641987500243085
Jacob Gilyard,Home,MEM,ORL,107,106,1,173d0282-bda7-416f-8ab1-09105beeb6b3,-1.507219213402883,-0.358034475081356,1.1629274022924994,-1.39518267808528,-1.406233648613095,-0.33615526378309313,-0.3940907601838497,-1.8326897989952156,-1.294335089101455,-0.4104655797534486,-0.9332354426492614,0.7536252265153399
Xavier Tillman Sr.,Home,MEM,ORL,107,106,1,173d0282-bda7-416f-8ab1-09105beeb6b3,-0.9593722319749044,-0.7943926838470193,1.8712965129191275,-0.04773487938799601,0.728102495537922,3.967409860040139,-0.6119479390624195,-0.9120309879235002,0.3151509639041425,0.495599037670489,-0.6794858805957041,0.5773654082656616
GG Jackson II,Home,MEM,ORL,107,106,1,173d0282-bda7-416f-8ab1-09105beeb6b3,-1.4537282082791612,-1.2112215062876206,-0.3855069401703385,-0.3968825230186382,-2.1429174219800915,-0.09245034341540316,0.09148418843664456,3.5348736052210934,0.9641546913150416,-0.6411721323734662,0.46116693118964885,0.5512575500306183
Jake LaRavia,Home,MEM,ORL,107,106,1,173d0282-bda7-416f-8ab1-09105beeb6b3,-2.1427162386052157,-2.1861779682267315,0.09390305601223872,-0.10712587838681549,-2.8446350476971265,-0.005482786812602857,0.3914237377814586,-2.968820835375137,-1.294335089101455,-1.5918283392636232,0.02229693936097143,0.3230890355771433
Derrick Rose,Home,MEM,ORL,107,106,1,173d0282-bda7-416f-8ab1-09105beeb6b3,-2.1427162386052157,-2.1861779682267315,0.09390305601223872,-0.10712587838681549,-2.8446350476971265,-0.005482786812602857,0.3914237377814586,-2.968820835375137,-1.294335089101455,-1.5918283392636232,0.02229693936097143,0.3230890355771433
Vince Williams Jr.,Away,MEM,IND,110,116,0,8e43e0b9-edb6-4b50-abfb-41f3338284a5,1.897366834727263,-1.2306296347830905,-0.2140635502987365,0.06964643992809337,2.1872227886579343,-1.4825373566849447,1.5198910944851862,2.7635516107429856,1.0367172855712443,0.9763713435985952,0.6797414495246056,-0.19920912661963772
David Roddy,Away,MEM,IND,110,116,0,8e43e0b9-edb6-4b50-abfb-41f3338284a5,1.790805851825395,-0.40261994120047606,0.8528448694530156,0.05654402474333698,0.8535342230316938,0.40564372094822637,-0.34776525543287273,0.884812411368529,0.9582762885508328,0.8267116963679572,0.4980020244511613,0.5798063605701687
Jaren Jackson Jr.,Away,MEM,IND,110,116,0,8e43e0b9-edb6-4b50-abfb-41f3338284a5,1.7966137314899138,3.231978944255476,0.35696164942204284,0.6933688280121626,0.7235281014050149,0.5200305477570099,-1.3298952353158864,0.20757870446915522,5.883073948207294,1.6236097412210504,1.1874161291139111,0.942471855111704
John Konchar,Away,MEM,IND,110,116,0,8e43e0b9-edb6-4b50-abfb-41f3338284a5,-0.17576602446957218,0.8096217489334919,-1.5809900041264242,0.4390026361186459,2.5263919030785944,1.3386069175867237,0.11634931076251703,3.2450589359712887,-1.294335089101455,0.4112501723844153,0.5887820215548756,-0.6729787351151043
Santi Aldama,Away,MEM,IND,110,116,0,8e43e0b9-edb6-4b50-abfb-41f3338284a5,1.013686366185912,-1.2826195664463835,-0.41241897675021133,0.16746485029373295,1.1690756669586637,-1.0737870722314053,-0.8161066175729261,0.6956047620014689,-1.294335089101455,0.7065336819426287,-0.19571841361220021,0.49685709670093786
GG Jackson II,Away,MEM,IND,110,116,0,8e43e0b9-edb6-4b50-abfb-41f3338284a5,1.4381327201517868,-1.172447248040353,0.9622164833368486,-0.7100694263681443,0.48182266336928686,0.5507505296945405,-0.05954710824165437,2.941583186858641,2.3763016919652262,0.6413429885331274,1.2687928879340535,-0.5184461547531014
Scotty Pippen Jr.,Away,MEM,IND,110,116,0,8e43e0b9-edb6-4b50-abfb-41f3338284a5,-0.8647025179464278,2.004287532413266,-2.079381718335454,0.9284866917465716,0.047487060630255734,-0.8326245916573087,0.15080519524981703,-0.07002069549538618,0.4664886653645323,0.23264268719392076,-0.41798938185703083,1.9455095205953272
Xavier Tillman Sr.,Away,MEM,IND,110,116,0,8e43e0b9-edb6-4b50-abfb-41f3338284a5,-1.7716401213760662,-0.5379776994754905,1.25505079343601,-0.45637149074404276,2.0413789887415352,2.120211616311558,2.717494724118446,-1.79098585929825,3.908871996412305,0.24821217504686574,-1.0256232276204085,-0.8791134337191295
Ziaire Williams,Away,MEM,IND,110,116,0,8e43e0b9-edb6-4b50-abfb-41f3338284a5,-0.8006614048681384,0.896168970393612,-1.7173800736399252,-0.010798013772995677,0.1550994475898734,-0.8029895384919558,-1.3969247269485712,-0.4333207935588669,-1.294335089101455,0.6860513334795032,-1.9464989755733633,-0.20414161686771232
Jacob Gilyard,Away,MEM,IND,110,116,0,8e43e0b9-edb6-4b50-abfb-41f3338284a5,-1.341488716041995,-0.2980836717509867,-0.6742875394223887,2.5753230580494413,-2.07912491055127,-0.10035648492474865,0.06421695667802511,6.171385821279971,-1.294335089101455,-0.2965781080469618,-0.859176595056997,-0.2363930698333598
Jake LaRavia,Away,MEM,IND,110,116,0,8e43e0b9-edb6-4b50-abfb-41f3338284a5,-2.1427162386052157,-2.1861779682267315,0.09390305601223872,-0.10712587838681549,-2.8446350476971265,-0.005482786812602857,0.3914237377814586,-2.968820835375137,-1.294335089101455,-1.5918283392636232,0.02229693936097143,0.3230890355771433
Derrick Rose,Away,MEM,IND,110,116,0,8e43e0b9-edb6-4b50-abfb-41f3338284a5,-2.1427162386052157,-2.1861779682267315,0.09390305601223872,-0.10712587838681549,-2.8446350476971265,-0.005482786812602857,0.3914237377814586,-2.968820835375137,-1.294335089101455,-1.5918283392636232,0.02229693936097143,0.3230890355771433
Xavier Tillman Sr.,Home,MEM,SAC,94,103,0,4ad02924-8623-4956-938c-f4bc80cd6231,-0.19980482985551218,1.4629050038538265,2.2542016121215513,-1.1018806548503386,0.37751900459156834,-0.8906064500201792,0.4939273161089579,1.209503981367279,-1.294335089101455,0.76126236610846,0.24649120043157857,-0.7941649929898565
David Roddy,Home,MEM,SAC,94,103,0,4ad02924-8623-4956-938c-f4bc80cd6231,-0.0410513132438469,1.1422056896176045,-0.254632649063044,1.2720633308317337,2.9035664673389427,-1.5771726911196406,-1.0263383379421516,-0.37298839399163464,1.9003281799620604,1.3595045226717448,-1.3749886287671813,-0.8327772846923297
Santi Aldama,Home,MEM,SAC,94,103,0,4ad02924-8623-4956-938c-f4bc80cd6231,2.975764981702286,1.1508096234593213,1.1465149945390563,0.18754292360256117,1.4334337558998629,-1.1848661820436912,-0.11339300772825583,1.383251663747958,0.39464702529304857,1.23209643716664,0.3777747096831452,-0.5483360154030794
Jaren Jackson Jr.,Home,MEM,SAC,94,103,0,4ad02924-8623-4956-938c-f4bc80cd6231,1.7080524014866107,0.9361349876943413,-1.1606361651601478,1.2901256280755118,-0.6696931783064852,-0.4981226243633352,-0.8381224582428352,-0.28837038028877315,5.487715855738423,1.9024430212967858,-0.47688232428256067,0.35638846531613394
Scotty Pippen Jr.,Home,MEM,SAC,94,103,0,4ad02924-8623-4956-938c-f4bc80cd6231,0.625504187598548,3.6873071212431765,1.2228781178726007,-0.3460255052319393,-0.6764725552139246,0.9226215899346357,0.580955107706505,1.108662768613319,2.9498837362893355,1.1421866351208865,-0.14685437202744575,-1.023495265243041
GG Jackson II,Home,MEM,SAC,94,103,0,4ad02924-8623-4956-938c-f4bc80cd6231,2.3267100275307833,0.2052808056084082,0.1940242527423582,-0.03569574862557438,0.9933138045949653,-1.0253547813237334,-0.8237260034850343,0.34705464142712616,0.39464702529304857,1.0899249108936986,0.16815681856325457,0.3829337978439274
Matthew Hurt,Home,MEM,SAC,94,103,0,4ad02924-8623-4956-938c-f4bc80cd6231,0.23691867635420702,-1.5408717818581044,-0.2647011473344712,-0.42231042608286107,-0.8873903588896044,-0.5306463371254097,0.49641688303205406,2.480207301554574,1.195903030317585,0.1500156762073683,0.7437225495930397,0.10502294337578066
Jacob Gilyard,Home,MEM,SAC,94,103,0,4ad02924-8623-4956-938c-f4bc80cd6231,-1.0590254656653477,1.360404690990066,-0.3408211758774802,-3.0499367673448528,-0.817965729828776,-0.5094718038364376,-0.7982755419326071,1.4675946447497532,-1.294335089101455,-0.46692779886453323,0.8325294706810537,0.25055849537896935
Jake LaRavia,Home,MEM,SAC,94,103,0,4ad02924-8623-4956-938c-f4bc80cd6231,-2.1427162386052157,-2.1861779682267315,0.09390305601223872,-0.10712587838681549,-2.8446350476971265,-0.005482786812602857,0.3914237377814586,-2.968820835375137,-1.294335089101455,-3.40313661484919,0.2223130528545835,-0.8484238575049496
Derrick Rose,Home,MEM,SAC,94,103,0,4ad02924-8623-4956-938c-f4bc80cd6231,-2.1427162386052157,-2.1861779682267315,0.09390305601223872,-0.10712587838681549,-2.8446350476971265,-0.005482786812602857,0.3914237377814586,-2.968820835375137,-1.294335089101455,-3.40313661484919,0.2223130528545835,-0.8484238575049496
Vince Williams Jr.,Home,MEM,SAC,94,103,0,4ad02924-8623-4956-938c-f4bc80cd6231,-2.1427162386052157,-2.1861779682267315,0.09390305601223872,-0.10712587838681549,-2.8446350476971265,-0.005482786812602857,0.3914237377814586,-2.968820835375137,-1.294335089101455,-3.40313661484919,0.2223130528545835,-0.8484238575049496
Ziaire Williams,Home,MEM,SAC,94,103,0,4ad02924-8623-4956-938c-f4bc80cd6231,-2.1427162386052157,-2.1861779682267315,0.09390305601223872,-0.10712587838681549,-2.8446350476971265,-0.005482786812602857,0.3914237377814586,-2.968820835375137,-1.294335089101455,-3.40313661484919,0.2223130528545835,-0.8484238575049496
Santi Aldama,Home,MEM,CLE,101,108,0,ce3f4e10-7a59-42b3-b82e-ae304641c5d7,2.792843043973385,-0.6788696629333274,-0.8711802239256912,-0.5259559853781365,2.834323269622239,1.1892606025851933,-1.260509431061638,2.5997052850812583,-1.294335089101455,1.1591078173838,0.24649714966848316,-1.3709719525603963
Jaren Jackson Jr.,Home,MEM,CLE,101,108,0,ce3f4e10-7a59-42b3-b82e-ae304641c5d7,3.6456373421108688,3.1651771947017813,-1.2523824242527124,0.6072520305644181,1.3470957009567395,3.093158960267363,-1.0168514475733663,0.6150963427645443,1.358678686523126,2.1678686169935277,-0.10796529275043759,-0.663579970063138
John Konchar,Home,MEM,CLE,101,108,0,ce3f4e10-7a59-42b3-b82e-ae304641c5d7,-0.8708712861650995,-0.1659092664756809,0.7443628363852386,1.2828455615179977,1.5084722806171036,1.7380857049093676,-1.4477327901504182,1.919371315898002,1.4175994877200857,0.44799857169502894,-0.2946854929439587,-0.3899939768453011
Vince Williams Jr.,Home,MEM,CLE,101,108,0,ce3f4e10-7a59-42b3-b82e-ae304641c5d7,1.1666921419244816,0.569706248317094,0.17209381407342644,0.4910657178881638,1.4530386643761468,0.22239718028201858,0.4140356584805531,1.3873805934286976,3.3641310430423585,1.0949615521821638,0.009921523896762192,-0.76605033264375
Scotty Pippen Jr.,Home,MEM,CLE,101,108,0,ce3f4e10-7a59-42b3-b82e-ae304641c5d7,0.8724245489008393,3.3391012103707727,2.0459963381216886,-0.6719468528867636,0.6425033314894736,0.6947571208242341,0.016470322506266174,1.2577378071779293,-1.294335089101455,0.6085079561254982,0.7951647293623283,-0.3611682768624032
GG Jackson II,Home,MEM,CLE,101,108,0,ce3f4e10-7a59-42b3-b82e-ae304641c5d7,1.2189716018606755,-0.5939950511341754,-0.6760199943349994,0.05927772756028311,1.5152489224718746,1.743384013811957,0.8290212666189917,-0.5323459928999292,1.5073613405894737,1.0343613878606899,-0.2069902761941107,0.93074406850708
Jacob Gilyard,Home,MEM,CLE,101,108,0,ce3f4e10-7a59-42b3-b82e-ae304641c5d7,-0.11659651001055227,0.998695450491222,-0.396737650013187,-2.6631683360708855,-1.6112869320646983,-0.24820184985598692,-0.2451352863922849,2.9622062562653344,-1.294335089101455,-0.15462825001947678,0.6798092281646803,-0.013294692871842383
David Roddy,Home,MEM,CLE,101,108,0,ce3f4e10-7a59-42b3-b82e-ae304641c5d7,-0.7654099274080619,0.26201011368169963,0.5098159479837747,-1.39361615779519,0.32512621268804115,-0.8363810431165543,-1.4808729666590728,-2.1745622394615807,-1.294335089101455,0.7282751695866172,-1.2317418081590696,1.7556252395122454
Trey Jemison,Home,MEM,CLE,101,108,0,ce3f4e10-7a59-42b3-b82e-ae304641c5d7,-1.4537282082791612,-0.8532786821446393,1.7493801085625154,-0.03047581889018444,0.82040466450663,1.1137990039482948,0.4111356366836697,3.5348736052210934,0.9641546913150416,-0.6171519632985297,0.8442001136594085,0.2417786448382087
Tosan Evbuomwan,Home,MEM,CLE,101,108,0,ce3f4e10-7a59-42b3-b82e-ae304641c5d7,-2.1427162386052157,-2.1861779682267315,0.09390305601223872,-0.10712587838681549,-2.8446350476971265,-0.005482786812602857,0.3914237377814586,-2.968820835375137,-1.294335089101455,-3.40313661484919,0.2223130528545835,-0.8484238575049496
Matthew Hurt,Home,MEM,CLE,101,108,0,ce3f4e10-7a59-42b3-b82e-ae304641c5d7,-2.1427162386052157,-2.1861779682267315,0.09390305601223872,-0.10712587838681549,-2.8446350476971265,-0.005482786812602857,0.3914237377814586,-2.968820835375137,-1.294335089101455,-3.40313661484919,0.2223130528545835,-0.8484238575049496
Xavier Tillman Sr.,Home,MEM,CLE,101,108,0,ce3f4e10-7a59-42b3-b82e-ae304641c5d7,-2.1427162386052157,-2.1861779682267315,0.09390305601223872,-0.10712587838681549,-2.8446350476971265,-0.005482786812602857,0.3914237377814586,-2.968820835375137,-1.294335089101455,-3.40313661484919,0.2223130528545835,-0.8484238575049496
Jacob Gilyard,Home,MEM,GSW,101,121,0,6f69ff9d-ed9e-4433-8499-1fdd4365902a,2.763811871581179,1.7665694738101272,0.5888166021168926,-1.3128476864548202,-0.6053260593047942,0.7923507698324356,0.509816800426576,3.2327663376275755,0.4477479731738871,0.8588379177072996,0.4096611675807402,-1.5011492942087705
Vince Williams Jr.,Home,MEM,GSW,101,121,0,6f69ff9d-ed9e-4433-8499-1fdd4365902a,1.343041978777735,2.2089756441891,-1.9257327985595836,1.3366017573524247,1.5672193645981853,0.2149390533780938,-0.8578758321906884,0.800209145990757,1.2398288740729804,1.3923731762657892,-0.9448067594311218,-0.3721439802865981
Jaren Jackson Jr.,Home,MEM,GSW,101,121,0,6f69ff9d-ed9e-4433-8499-1fdd4365902a,3.7516815240964654,1.0820580970233966,1.237681199917209,-0.08887941108812122,1.2995920192411157,1.7532312292363788,-1.4054360616814954,0.556232271615988,4.827315923626866,1.9926181972197456,0.46133074303802135,-0.5959729291943693
John Konchar,Home,MEM,GSW,101,121,0,6f69ff9d-ed9e-4433-8499-1fdd4365902a,-0.6353003980036273,1.8291521284746168,-0.6717099650846012,-0.24516187473504722,4.988043330597966,-2.368194256016955,-0.0064968839458522274,-0.6455710058060451,-1.294335089101455,0.4765968747805509,-0.2187934550984648,0.2248416904121076
Santi Aldama,Home,MEM,GSW,101,121,0,6f69ff9d-ed9e-4433-8499-1fdd4365902a,-0.48312782961190953,0.4604993875810194,2.0505259705047743,-1.0686164458700633,1.1504617160847261,-1.1467654785277692,-0.8065624586563309,-1.3937020591955251,-1.294335089101455,0.2920030056380806,-0.7867396368696474,0.6855040010401715
David Roddy,Home,MEM,GSW,101,121,0,6f69ff9d-ed9e-4433-8499-1fdd4365902a,0.9724384257433598,1.0737879402556891,-1.6384304601925326,-0.11591669591526048,-0.9739241552857025,-0.41769574425609096,-0.6582174676873387,1.6933547270787321,1.6586990420498635,1.0842618197967528,-0.612567778046464,-1.0220742419049647
Luke Kennard,Home,MEM,GSW,101,121,0,6f69ff9d-ed9e-4433-8499-1fdd4365902a,-0.1871670344595904,-0.3082039909882899,-0.9592010216336396,0.09474713029073141,-0.6014672455644771,-0.6343425351685225,0.47395685055343645,1.7591692447492586,-1.294335089101455,0.2008292189754471,-0.8899303575497597,-0.3663321612143818
Tosan Evbuomwan,Home,MEM,GSW,101,121,0,6f69ff9d-ed9e-4433-8499-1fdd4365902a,-1.129656374307884,-1.5266824158391632,-0.2765811954120106,-0.440241363476459,-1.2534400020772323,-0.44590797912804536,0.9949552832937898,2.882920431753039,-1.294335089101455,-0.3363038533133378,-0.8937349969154168,-0.5591751603511077
GG Jackson II,Home,MEM,GSW,101,121,0,6f69ff9d-ed9e-4433-8499-1fdd4365902a,-1.5953595160606107,-0.6602496620742309,-0.6514111973960122,0.7791737665942602,-1.3441881285296329,-0.3315006989101384,-0.4365402754289048,-1.985036662494684,0.8209374924691294,-0.03231336948587819,-1.8252796871160977,0.8386106790009714
Derrick Rose,Home,MEM,GSW,101,121,0,6f69ff9d-ed9e-4433-8499-1fdd4365902a,0.5483527149295624,0.5639482176819289,-1.9475083019942143,-2.907312269681256,-1.329475509579458,-0.3370805561050779,-0.44841178213157196,1.6522919655523851,0.4477479731738871,0.624466081700572,0.5036416502499671,-0.7145688148350313
Matthew Hurt,Home,MEM,GSW,101,121,0,6f69ff9d-ed9e-4433-8499-1fdd4365902a,-1.9308838968711048,-2.1861779682267315,0.09390305601223872,-0.10712587838681549,-2.096522868213676,-0.09820026451310897,0.07165347443037587,-2.1894760093005465,-1.294335089101455,-0.15378232786734441,-2.82729872277872,2.0850944537640013
Trey Jemison,Home,MEM,GSW,101,121,0,6f69ff9d-ed9e-4433-8499-1fdd4365902a,-2.1427162386052157,-2.1861779682267315,0.09390305601223872,-0.10712587838681549,-2.8446350476971265,-0.005482786812602857,0.3914237377814586,-2.968820835375137,-1.294335089101455,-3.40313661484919,0.2223130528545835,-0.8484238575049496
Jacob Gilyard,Away,MEM,BOS,91,131,0,09ae23b3-cf91-42b4-b421-a32f012d9f52,1.8148535045556347,2.9711911045522545,-0.10653021821128394,-0.3464098518272214,-1.1656093606762983,-0.3345171220342419,-0.48928990064642147,1.8776625989858764,-1.294335089101455,1.3764601159488836,-1.4541247408496851,-2.303757264309265
GG Jackson II,Away,MEM,BOS,91,131,0,09ae23b3-cf91-42b4-b421-a32f012d9f52,3.627225509211028,1.038302382101215,1.1148099504350157,0.9386604682401555,1.2919538195191311,-1.085621689338622,-0.10684033965473788,-0.09144893145022624,-1.294335089101455,2.3236969625300374,-2.2758815545457107,-2.0325922503888525
David Roddy,Away,MEM,BOS,91,131,0,09ae23b3-cf91-42b4-b421-a32f012d9f52,1.283502973822338,-0.4449611601817476,-0.7714038211298175,1.033585339404705,1.7878209020372986,-1.1744229536344803,-1.3323087607098136,-0.28814201786812355,0.8290927216297946,1.8848640558291565,-2.719878787285603,-2.1109689587475318
Luke Kennard,Away,MEM,BOS,91,131,0,09ae23b3-cf91-42b4-b421-a32f012d9f52,1.1438562797838452,0.95898142129459,-1.324775122949223,1.6234272640956051,-0.9881545065694632,-0.39545790162937294,-0.6111601883158974,2.0632876809159475,-1.294335089101455,0.8710644264395919,-1.4277200607229272,-1.1678014212722123
Trey Jemison,Away,MEM,BOS,91,131,0,09ae23b3-cf91-42b4-b421-a32f012d9f52,-1.188774351917705,0.33868589428276147,-0.7907947108899646,2.800175116765827,1.8330028825988218,2.0743643197394634,0.6969313819773724,-0.29911088209695536,1.2848471180179897,0.7043064625371142,-2.00088099636071,-0.9976355425358233
Matthew Hurt,Away,MEM,BOS,91,131,0,09ae23b3-cf91-42b4-b421-a32f012d9f52,0.27649110935668153,-1.2933248279508787,-0.4454753270731247,-0.6768543773538598,0.677562579733539,0.47817608340045237,1.774068672845314,-0.4989437576687415,0.42119749923346783,0.8839534916873724,-1.0820675300316822,-0.7171415371898159
Tosan Evbuomwan,Away,MEM,BOS,91,131,0,09ae23b3-cf91-42b4-b421-a32f012d9f52,-0.6353003980036273,-0.10840194633943169,-0.9884913522767101,0.013361729141402356,4.606851555521636,-2.3219807626699818,3.099916308681868,-0.5821423461962085,-1.294335089101455,0.7370723488980724,-1.462353945311129,-1.3283440657947412
Scotty Pippen Jr.,Away,MEM,BOS,91,131,0,09ae23b3-cf91-42b4-b421-a32f012d9f52,1.3500528016875573,2.3667567361943895,-0.7014271005166275,0.29391856539196587,1.050006105897936,-1.0159930715520735,-0.8209662700482773,2.4705157697020166,2.852806071174572,1.1659816643704708,0.233026774098703,-1.0226679170859831
Santi Aldama,Away,MEM,BOS,91,131,0,09ae23b3-cf91-42b4-b421-a32f012d9f52,-2.1427162386052157,-2.1861779682267315,0.09390305601223872,-0.10712587838681549,-2.8446350476971265,-0.005482786812602857,0.3914237377814586,-2.968820835375137,-1.294335089101455,-1.5918283392636232,0.02229693936097143,0.3230890355771433
John Konchar,Away,MEM,BOS,91,131,0,09ae23b3-cf91-42b4-b421-a32f012d9f52,-2.1427162386052157,-2.1861779682267315,0.09390305601223872,-0.10712587838681549,-2.8446350476971265,-0.005482786812602857,0.3914237377814586,-2.968820835375137,-1.294335089101455,-1.5918283392636232,0.02229693936097143,0.3230890355771433
Derrick Rose,Away,MEM,BOS,91,131,0,09ae23b3-cf91-42b4-b421-a32f012d9f52,-2.1427162386052157,-2.1861779682267315,0.09390305601223872,-0.10712587838681549,-2.8446350476971265,-0.005482786812602857,0.3914237377814586,-2.968820835375137,-1.294335089101455,-1.5918283392636232,0.02229693936097143,0.3230890355771433
Vince Williams Jr.,Away,MEM,BOS,91,131,0,09ae23b3-cf91-42b4-b421-a32f012d9f52,-2.1427162386052157,-2.1861779682267315,0.09390305601223872,-0.10712587838681549,-2.8446350476971265,-0.005482786812602857,0.3914237377814586,-2.968820835375137,-1.294335089101455,-1.5918283392636232,0.02229693936097143,0.3230890355771433
Vince Williams Jr.,Away,MEM,NYK,113,123,0,030f3c8b-b1f7-4cb8-8fa5-4568bc8898d1,2.4864440619091948,2.5961029639823643,-0.9049729860871122,0.6814775577586955,-0.3905761966638048,-0.6369445849175964,0.14419738451785113,0.9021327146981517,1.9726953008196193,1.679094406765014,-0.5892211892340935,0.2598540370812144
Trey Jemison,Away,MEM,NYK,113,123,0,030f3c8b-b1f7-4cb8-8fa5-4568bc8898d1,0.04758809564155369,0.07856951772820281,-0.7412996165408886,0.7783407389278346,2.635793652303727,0.89322021014175,3.6771804282459293,0.9377495941369098,-1.294335089101455,0.9779903253961627,-0.990668805031753,-0.787150759378704
John Konchar,Away,MEM,NYK,113,123,0,030f3c8b-b1f7-4cb8-8fa5-4568bc8898d1,-0.5998605826276691,-0.3123026171109893,-1.1873826739917472,-1.7417259793793003,0.4563140144583272,-0.9170603318997244,-0.22399374346702214,2.1784389924512593,-1.294335089101455,0.22012724679436935,-0.42146395393487573,-1.039896132180929
Jacob Gilyard,Away,MEM,NYK,113,123,0,030f3c8b-b1f7-4cb8-8fa5-4568bc8898d1,1.4858585351158893,2.0837747116238203,-2.099270760439747,1.5795756354763708,0.20491747196322277,0.749077893104969,-1.0063780055549691,3.7501759230713505,-1.294335089101455,0.6842214835633436,-0.24624350032544748,-0.5792542091042744
Santi Aldama,Away,MEM,NYK,113,123,0,030f3c8b-b1f7-4cb8-8fa5-4568bc8898d1,0.8613930294071978,1.0474232366186385,-1.9462425922038253,-0.527382881985618,0.4897251874323422,-0.8635911856393571,-1.5745329238898147,3.6061164156634855,-1.294335089101455,0.773081584208527,-0.7777392831222899,-2.4253685360568173
Luke Kennard,Away,MEM,NYK,113,123,0,030f3c8b-b1f7-4cb8-8fa5-4568bc8898d1,1.1969174102176918,0.1682003710742941,0.20282069492735746,-1.7445264833091227,-0.25414858915668304,-0.6395119937965397,-1.09792096313188,2.433705488882299,0.2673601108113879,0.42577672358669305,0.6474213846004385,-0.1656182700546754
David Roddy,Away,MEM,NYK,113,123,0,030f3c8b-b1f7-4cb8-8fa5-4568bc8898d1,1.8504140883185893,0.567787964741664,-1.5101932586962221,0.2935730337463382,0.011590046198446793,-0.8082054959701592,0.14388016425803002,1.9294944227967505,-0.6412699532394948,0.9897474531505985,0.3059705343380873,0.5780215659751775
GG Jackson II,Away,MEM,NYK,113,123,0,030f3c8b-b1f7-4cb8-8fa5-4568bc8898d1,1.8328354627656003,-0.2957462948244078,0.8535172465828658,-0.010458658819601035,2.1245194389199415,1.877780012130088,-1.8374469084236076,1.878467439520041,2.050338820582958,0.7010501242281949,1.784945677009903,0.9342160483433236
Tosan Evbuomwan,Away,MEM,NYK,113,123,0,030f3c8b-b1f7-4cb8-8fa5-4568bc8898d1,-1.083124655244786,-1.2252158710599608,-0.5024995578453139,-0.7629228768431298,-1.3878661659877871,-0.307326536845011,-0.37548747091661316,0.7886485203146164,-1.294335089101455,-0.3507823665017237,0.4268379802711467,1.3077996141213506
Derrick Rose,Away,MEM,NYK,113,123,0,030f3c8b-b1f7-4cb8-8fa5-4568bc8898d1,-0.7761411879431246,1.9437490333789487,0.25816989714231703,0.8764729598801962,0.7324155003694632,-1.0334275219239029,-1.8165522703604065,2.2307080157373025,1.4175994877200857,0.5644175216874106,-0.007559026725621919,0.45989332317665377
Matthew Hurt,Away,MEM,NYK,113,123,0,030f3c8b-b1f7-4cb8-8fa5-4568bc8898d1,-2.1427162386052157,-2.1861779682267315,0.09390305601223872,-0.10712587838681549,-2.8446350476971265,-0.005482786812602857,0.3914237377814586,-2.968820835375137,-1.294335089101455,-3.40313661484919,0.2223130528545835,-0.8484238575049496
Vince Williams Jr.,Home,MEM,CHI,110,118,0,74ff0325-af8c-4da8-8f99-a0a975ba502a,1.2434491292807899,2.929511730196311,1.0761780058104915,-2.158350371344884,3.3539651603912906,-1.5795582168844668,-3.3888808094559084,1.7561605880919884,0.4331452125066565,1.0155081930291865,0.5806980313950793,-1.141277600655164
Santi Aldama,Home,MEM,CHI,110,118,0,74ff0325-af8c-4da8-8f99-a0a975ba502a,2.415280204878386,-0.14946273695408505,-0.8349079967104938,0.7772801201849184,0.538243864797481,-0.869086913045618,-0.5724687195873356,1.3802563760730708,-1.294335089101455,1.1738305770405693,-0.31700948514268773,-0.043333974534654145
Jaren Jackson Jr.,Home,MEM,CHI,110,118,0,74ff0325-af8c-4da8-8f99-a0a975ba502a,5.018208855755437,2.2001860971041007,-1.8443081987033352,1.1783792040982903,-0.5130764885259328,0.7942732036097742,0.49524285661645007,1.371562489624612,0.9875993716389977,2.1131063644115,-0.0832807891813576,-0.2919692584807137
John Konchar,Home,MEM,CHI,110,118,0,74ff0325-af8c-4da8-8f99-a0a975ba502a,-0.8712923135106749,-1.460954348220986,-0.17641809400564504,-0.08129802489131494,0.08006898086262194,0.6622812251280107,0.14732483137402086,0.20888077929404308,-1.294335089101455,0.08306489572519524,0.10309384723552484,1.040655601937452
Scotty Pippen Jr.,Home,MEM,CHI,110,118,0,74ff0325-af8c-4da8-8f99-a0a975ba502a,1.6385817465844783,1.9230027276590809,-0.6483926972819457,-1.172870664594843,-0.4516259940766584,0.8449440058697631,0.5199922676572292,2.7606609584226804,-0.955854807897286,0.7148595111328658,0.8460395415642474,-0.4333493763452472
GG Jackson II,Home,MEM,CHI,110,118,0,74ff0325-af8c-4da8-8f99-a0a975ba502a,4.259002096788121,-0.8065119040005019,0.8806155897290409,-0.3170686544698714,3.077103614411534,-1.7804355545397892,1.0510019528304606,1.9031045223480243,2.571371047406128,1.6413955501956332,0.3595419353367065,-1.3414130695109145
Jacob Gilyard,Home,MEM,CHI,110,118,0,74ff0325-af8c-4da8-8f99-a0a975ba502a,0.6250316234037735,1.016968040103563,-0.026404419570907032,-1.058353215473805,-2.1023221874344777,-0.09748152437589575,0.07413231368115945,1.547595730207453,-1.294335089101455,0.3332283327049569,0.0745069885494507,0.04139667903240043
Trey Jemison,Home,MEM,CHI,110,118,0,74ff0325-af8c-4da8-8f99-a0a975ba502a,-1.86019260403507,0.3912916064910228,3.221982554577873,0.072062831353164,-0.47924840960089726,-0.7105882931773423,0.5387049547768682,-2.786463438996857,-1.294335089101455,-0.2205431036776126,-1.4338126605802914,1.1490110699219984
Tosan Evbuomwan,Home,MEM,CHI,110,118,0,74ff0325-af8c-4da8-8f99-a0a975ba502a,-1.8602529882285683,-1.9785562404191421,0.07526567664321031,0.07250808626234946,-1.2162471409099578,2.9364986754157933,0.25919432149860483,-2.579148422337842,-1.294335089101455,-0.5886693064038295,-1.4002301408118498,1.2559579646742811
Luke Kennard,Home,MEM,CHI,110,118,0,74ff0325-af8c-4da8-8f99-a0a975ba502a,-2.1427162386052157,-2.1861779682267315,0.09390305601223872,-0.10712587838681549,-2.8446350476971265,-0.005482786812602857,0.3914237377814586,-2.968820835375137,-1.294335089101455,-1.5918283392636232,0.02229693936097143,0.3230890355771433
Derrick Rose,Home,MEM,CHI,110,118,0,74ff0325-af8c-4da8-8f99-a0a975ba502a,-2.1427162386052157,-2.1861779682267315,0.09390305601223872,-0.10712587838681549,-2.8446350476971265,-0.005482786812602857,0.3914237377814586,-2.968820835375137,-1.294335089101455,-1.5918283392636232,0.02229693936097143,0.3230890355771433
Ziaire Williams,Home,MEM,CHI,110,118,0,74ff0325-af8c-4da8-8f99-a0a975ba502a,-2.1427162386052157,-2.1861779682267315,0.09390305601223872,-0.10712587838681549,-2.8446350476971265,-0.005482786812602857,0.3914237377814586,-2.968820835375137,-1.294335089101455,-1.5918283392636232,0.02229693936097143,0.3230890355771433
Vince Williams Jr.,Away,MEM,CHO,106,115,0,07d62087-be77-40ce-85a5-9dec214f86c6,1.7908146991696947,3.498136688473518,-0.38427708487870776,-0.7907620884747855,-1.0773723073292953,-0.3860713343718237,-0.6005552051729588,1.0860453395669811,-1.294335089101455,1.2734547849361209,-0.31286240619333383,-0.41133513600261534
John Konchar,Away,MEM,CHO,106,115,0,07d62087-be77-40ce-85a5-9dec214f86c6,-0.16473450497593062,1.8456723532214692,3.4546437033772857,-0.3590415594160134,3.9569242304799697,-0.663442283194277,0.671563084109032,0.6040160100917673,-1.294335089101455,0.6810941056931165,0.13377537278416904,-0.19491931594508155
Jaren Jackson Jr.,Away,MEM,CHO,106,115,0,07d62087-be77-40ce-85a5-9dec214f86c6,5.430911251267814,2.436412325481963,-0.640947169570799,1.512129461684534,0.38825616226227244,1.9238799459581786,0.21765133456622113,1.6679750737396328,-1.294335089101455,1.8731611323569608,0.7381613304035448,0.2957708367502634
Santi Aldama,Away,MEM,CHO,106,115,0,07d62087-be77-40ce-85a5-9dec214f86c6,1.4132518600746957,0.1740686779689519,1.4767558604049529,-1.3190001204799542,1.2934753345480727,-1.1216416865485432,-1.0923093317890793,0.07603264690773451,-0.6930433774233123,1.0280253697355715,-0.34263464525705,0.3685819285658682
Jacob Gilyard,Away,MEM,CHO,106,115,0,07d62087-be77-40ce-85a5-9dec214f86c6,0.3070681734576696,0.6946224148178857,-0.02140654577052848,-0.9948009584447567,-0.03301195452559042,-0.7296607032194625,-1.348966244168003,1.1831637830556225,-1.294335089101455,0.1891075999130601,-0.23375357315046516,0.3710796382305617
GG Jackson II,Away,MEM,CHO,106,115,0,07d62087-be77-40ce-85a5-9dec214f86c6,2.1087781491157984,0.5745191826681089,1.6196027124375763,-0.56625077279538,-1.0301275023418575,1.0742678588389323,0.9420066410695658,1.20815021998333,-0.994352995110894,1.0610813794800642,0.19476191083786057,-0.11616906127825963
Luke Kennard,Away,MEM,CHO,106,115,0,07d62087-be77-40ce-85a5-9dec214f86c6,0.6430135816137393,0.01627204453401839,-1.2403059984226839,-0.6689890504772137,-2.1023221874344777,-0.09748152437589575,0.07413231368115945,1.7737654497791921,1.7767901016366419,0.5251857072393254,-0.36489662810430323,-0.007827358606333825
Derrick Rose,Away,MEM,CHO,106,115,0,07d62087-be77-40ce-85a5-9dec214f86c6,0.30755843234104296,0.15548947758302292,-1.7342355831135945,-2.774872563963726,1.2454269623018157,-1.1552020709938102,-2.2695207527256125,2.9956974583101306,-1.294335089101455,0.30693391728893177,0.5232819514102598,-0.9085559728902104
Trey Jemison,Away,MEM,CHO,106,115,0,07d62087-be77-40ce-85a5-9dec214f86c6,-2.089655108171369,-1.1514311677614666,-0.5642758078485187,-0.8561637512898389,1.2487551414496414,0.8081750577995468,1.6221632130980495,-0.5985455990458187,-0.06452081344385274,-0.6002541687339654,-0.6951663617086711,-0.48257794502634854
Lamar Stevens,Away,MEM,CHO,106,115,0,07d62087-be77-40ce-85a5-9dec214f86c6,-2.1427162386052157,-2.1861779682267315,0.09390305601223872,-0.10712587838681549,-2.8446350476971265,-0.005482786812602857,0.3914237377814586,-2.968820835375137,-1.294335089101455,-3.40313661484919,0.2223130528545835,-0.8484238575049496
Yuta Watanabe,Away,MEM,CHO,106,115,0,07d62087-be77-40ce-85a5-9dec214f86c6,-2.1427162386052157,-2.1861779682267315,0.09390305601223872,-0.10712587838681549,-2.8446350476971265,-0.005482786812602857,0.3914237377814586,-2.968820835375137,-1.294335089101455,-3.40313661484919,0.2223130528545835,-0.8484238575049496
Ziaire Williams,Away,MEM,CHO,106,115,0,07d62087-be77-40ce-85a5-9dec214f86c6,-2.1427162386052157,-2.1861779682267315,0.09390305601223872,-0.10712587838681549,-2.8446350476971265,-0.005482786812602857,0.3914237377814586,-2.968820835375137,-1.294335089101455,-1.5918283392636232,0.02229693936097143,0.3230890355771433
Vince Williams Jr.,Home,MEM,NOP,87,96,0,93a98685-1298-48c5-89aa-e0c1ab03a1eb,0.618914392034301,3.8437696907871644,-2.0250584884887015,-0.5742150158895725,-0.8275519933351713,-0.4502413903144873,-0.7101077337262067,1.3275399253316933,1.7051038219975099,1.0777454904539319,0.4980993715643016,-0.4322402849524867
Jaren Jackson Jr.,Home,MEM,NOP,87,96,0,93a98685-1298-48c5-89aa-e0c1ab03a1eb,3.203912621550584,1.6426739354969686,-0.48775319389876354,0.7525127386693795,0.5837015578351213,-0.8298235862971425,-1.5647732376123515,0.6020228536207342,1.9873372487380843,2.1417707874190914,-0.8268004986220618,-1.267934943218162
Santi Aldama,Home,MEM,NOP,87,96,0,93a98685-1298-48c5-89aa-e0c1ab03a1eb,0.8013637655684278,0.13377279674969747,-1.474673667771374,-1.256061472084422,0.27124186050650356,0.8279141624670646,-1.0066985023505504,0.06496329864931084,-1.294335089101455,0.8137331056751309,-0.4090560611299296,-0.7301084743104993
Scotty Pippen Jr.,Home,MEM,NOP,87,96,0,93a98685-1298-48c5-89aa-e0c1ab03a1eb,0.23649764900863146,0.6995461964773689,-1.697680795175927,-2.0781030612344775,0.29391655158300267,0.7828541969493125,1.5452389442437608,0.8583541145185933,-1.294335089101455,0.3514227022313683,0.15688082177817028,-0.437172962128423
John Konchar,Home,MEM,NOP,87,96,0,93a98685-1298-48c5-89aa-e0c1ab03a1eb,-1.612920446925001,1.9582139350106333,1.9811886083916004,0.20003755363122253,0.42339935328946476,1.418940372068505,-1.0255297912460273,0.4715052222654335,-1.294335089101455,-0.22849231779784485,0.12562531013527647,-0.9353253728324148
Luke Kennard,Home,MEM,NOP,87,96,0,93a98685-1298-48c5-89aa-e0c1ab03a1eb,2.1919864689607587,-0.5014208493346395,-0.6865458432418289,0.988242566600401,-0.6652683310069099,-0.5103341589461587,-0.8217543485609111,1.5156786443194574,-1.294335089101455,0.79862433542061,0.03970821285758724,0.19741346508945637
Lamar Stevens,Home,MEM,NOP,87,96,0,93a98685-1298-48c5-89aa-e0c1ab03a1eb,-0.05854301257043935,-0.4529150221857926,-0.4432540183899011,1.7526743212759517,2.618625512372066,1.855692900944542,-0.798187454684045,0.09633863222576068,-1.294335089101455,0.7809363397063945,-0.1734731014797489,0.3766467713958102
Yuta Watanabe,Home,MEM,NOP,87,96,0,93a98685-1298-48c5-89aa-e0c1ab03a1eb,1.271990042789623,0.3558458671113173,1.9599024373056673,-0.19698838935794077,-1.1706474255946435,-0.3861957098455263,-0.52795736097484,0.4043456449619846,-1.294335089101455,0.8664119776962945,0.22013830721351854,0.2255584478335563
Trey Jemison,Home,MEM,NOP,87,96,0,93a98685-1298-48c5-89aa-e0c1ab03a1eb,-1.1181949801243676,1.5094045209177103,0.4295565536041899,1.8512299567188668,2.695257830701743,4.794144569209162,-1.4825460465439844,1.2781234598037488,-1.294335089101455,-0.13647919720909593,1.377778433061627,0.8876045257860261
Derrick Rose,Home,MEM,NOP,87,96,0,93a98685-1298-48c5-89aa-e0c1ab03a1eb,-2.1427162386052157,-2.1861779682267315,0.09390305601223872,-0.10712587838681549,-2.8446350476971265,-0.005482786812602857,0.3914237377814586,-2.968820835375137,-1.294335089101455,-1.5918283392636232,0.02229693936097143,0.3230890355771433
Ziaire Williams,Home,MEM,NOP,87,96,0,93a98685-1298-48c5-89aa-e0c1ab03a1eb,-2.1427162386052157,-2.1861779682267315,0.09390305601223872,-0.10712587838681549,-2.8446350476971265,-0.005482786812602857,0.3914237377814586,-2.968820835375137,-1.294335089101455,-3.40313661484919,0.2223130528545835,-0.8484238575049496
Vince Williams Jr.,Home,MEM,HOU,121,113,1,f0b0091c-a955-47a1-89d2-179fbcd98b9f,-0.37618120874166383,2.9603629420020625,1.1154097936289513,-1.4741151579391363,1.8345933614669325,0.04547108234594375,-0.898049947570484,-0.12993989733151967,7.257304943867366,0.9676582769537099,0.5089018842405985,-0.437468055282653
Luke Kennard,Home,MEM,HOU,121,113,1,f0b0091c-a955-47a1-89d2-179fbcd98b9f,2.069127637231227,0.6452187639090154,0.13903406933209375,0.6229318783535682,-1.2209533813981903,-0.3365756645490965,-0.4525218824260147,3.9339079022351964,3.526744571696567,0.7959649410334824,0.510721056279588,-0.42545993414192446
Jaren Jackson Jr.,Home,MEM,HOU,121,113,1,f0b0091c-a955-47a1-89d2-179fbcd98b9f,2.362640101790115,1.9364113984467222,-1.7063310620217258,1.7559990004456763,-0.7903817035537495,0.8940294740986304,-0.3799744016147007,2.0363855625836993,0.15717564395864803,0.951769873138453,0.6660250092357781,1.141430318013741
Santi Aldama,Home,MEM,HOU,121,113,1,f0b0091c-a955-47a1-89d2-179fbcd98b9f,0.14175870344235736,0.6492470439320663,0.15325686419931175,-1.4541246937521983,1.3021527836724984,0.2539884310487362,0.9935212209933759,0.48457727469947764,1.3526679254622334,0.1617658251317417,0.9870234153159957,1.0748771764227485
John Konchar,Home,MEM,HOU,121,113,1,f0b0091c-a955-47a1-89d2-179fbcd98b9f,-0.15166683489013386,1.5523448256476038,0.05087198817008681,1.3417988044955387,0.3404806002860139,2.3333674665742232,-0.6600213699323356,4.043536820910062,-1.294335089101455,0.16593081031083487,0.2616879612446098,-0.7622155520862859
GG Jackson II,Home,MEM,HOU,121,113,1,f0b0091c-a955-47a1-89d2-179fbcd98b9f,2.680663935929717,-1.2819282011471185,-0.1540570680546353,0.8042167438321237,4.17017319451442,2.20834891159027,1.0724007428809965,1.872608070877022,0.11203983825993528,1.115780209862265,0.9791047065242288,0.06905564229010923
Jordan Goodwin,Home,MEM,HOU,121,113,1,f0b0091c-a955-47a1-89d2-179fbcd98b9f,0.08918783189188387,-0.16785278570583093,0.4148920235800627,-1.392426892466962,-0.03451981938038011,0.6735022910569866,0.4139077854666775,1.33103198820585,0.7253760741955306,0.29389571814611093,1.0622622482041415,0.8918810689786288
Ziaire Williams,Home,MEM,HOU,121,113,1,f0b0091c-a955-47a1-89d2-179fbcd98b9f,-0.8888017075258663,-0.5164989078385056,0.7659208478103849,-0.9815478474237685,-1.111292233853486,-0.3826337582420361,-0.5305101268522505,-0.27444904678849213,0.5220893002070611,-0.10550135484986878,0.494814642163733,1.5377902952882114
Lamar Stevens,Home,MEM,HOU,121,113,1,f0b0091c-a955-47a1-89d2-179fbcd98b9f,0.16023092053569638,-1.5578990210808337,-0.2504450896414239,-0.40079330121054363,3.231441055467772,1.3995688768020462,-1.0519209067425535,2.322976470312573,3.1249484290638696,0.5316390991118213,0.970020842904608,0.01678948986399012
Derrick Rose,Home,MEM,HOU,121,113,1,f0b0091c-a955-47a1-89d2-179fbcd98b9f,-0.7296094688800265,-0.5576636829920752,-1.0349231606791338,-1.5482225749646263,0.23685299211493427,-0.7974964114492592,-1.3620630253702806,0.6222295804704059,1.243280115100335,0.03581276477417159,0.611190068623073,1.2616815369257204
Jake LaRavia,Home,MEM,HOU,121,113,1,f0b0091c-a955-47a1-89d2-179fbcd98b9f,-2.1427162386052157,-2.1861779682267315,0.09390305601223872,-0.10712587838681549,-2.8446350476971265,-0.005482786812602857,0.3914237377814586,-2.968820835375137,-1.294335089101455,-1.5918283392636232,0.02229693936097143,0.3230890355771433
Yuta Watanabe,Home,MEM,HOU,121,113,1,f0b0091c-a955-47a1-89d2-179fbcd98b9f,-2.1427162386052157,-2.1861779682267315,0.09390305601223872,-0.10712587838681549,-2.8446350476971265,-0.005482786812602857,0.3914237377814586,-2.968820835375137,-1.294335089101455,-3.40313661484919,0.2223130528545835,-0.8484238575049496
Ziaire Williams,Home,MEM,MIL,113,110,1,a24039f2-0485-4f53-84d2-e8c9d3d17b7e,3.6234446873922903,1.972370397600437,1.7359393986170644,-0.7425165434606285,-0.32487320297569844,-0.5839524061660659,-1.0148380357722504,3.129552454480047,2.913428623672882,1.2896726038548159,1.4567258806515184,-0.8756830114978044
Vince Williams Jr.,Home,MEM,MIL,113,110,1,a24039f2-0485-4f53-84d2-e8c9d3d17b7e,0.8601989335061939,3.256398645920275,-0.0038236600897774407,-0.7461383619303085,3.7126340290502475,-1.7463149723957165,-2.3768198213611784,1.3943331123759535,2.143945857735323,0.832795365456526,1.6775605972766459,0.42289177911009385
Santi Aldama,Home,MEM,MIL,113,110,1,a24039f2-0485-4f53-84d2-e8c9d3d17b7e,-0.6349309075072506,0.9874715122805962,-1.877259259169277,-0.992550801434188,-0.2629025875913563,0.8660085974389409,-0.6942680218514287,3.8037222458729563,-1.294335089101455,0.20657111719184731,1.1052682849417756,0.016662369454236173
Jordan Goodwin,Home,MEM,MIL,113,110,1,a24039f2-0485-4f53-84d2-e8c9d3d17b7e,0.7071843104233249,1.318240962665467,1.1134893353860955,-0.17173023622941008,1.7290831364901884,-1.3261897332189672,0.06849820650420034,0.5297277493040851,-1.294335089101455,1.0088545186151847,-0.3272105558556194,-0.25135210915737194
Trey Jemison,Home,MEM,MIL,113,110,1,a24039f2-0485-4f53-84d2-e8c9d3d17b7e,-0.2703238174553514,0.4061768866003113,-0.9782882786576769,1.0453446586012378,2.4625597158896024,-0.0180906746379503,2.919264246476011,-0.3915287711844878,0.9954469520674198,1.039932070870283,-1.1994908350939573,0.2146745268457369
GG Jackson II,Home,MEM,MIL,113,110,1,a24039f2-0485-4f53-84d2-e8c9d3d17b7e,5.048785919856424,-0.19355640201912758,-0.5500759657762547,1.928755989925244,-1.2047757740845324,1.1819983747191252,-0.1116676262755322,2.448657433553573,0.18425698510524688,1.258907974756767,1.4616589017361523,0.9428928801475334
Lamar Stevens,Home,MEM,MIL,113,110,1,a24039f2-0485-4f53-84d2-e8c9d3d17b7e,0.5308521682586703,0.5455487839780004,0.26570248099836674,1.3075155719742877,0.394472474793011,-0.8009053862515311,-1.46698316460177,2.00613399831326,-0.278894245488949,0.8143106524093559,0.2240684959019543,0.9438496783374826
Jacob Gilyard,Home,MEM,MIL,113,110,1,a24039f2-0485-4f53-84d2-e8c9d3d17b7e,-1.789622079586032,1.6759148345921846,-0.3199755877637726,-1.209349552647562,-1.4699812634938274,-0.3098023323708087,-0.3473285518962622,-2.154298236706228,-1.294335089101455,-0.3805952191650945,-0.045791119490238494,1.2030861902629078
Yuta Watanabe,Home,MEM,MIL,113,110,1,a24039f2-0485-4f53-84d2-e8c9d3d17b7e,-1.8602529882285683,-1.7144390312202347,-0.2745758833515373,-0.6449786404766611,-1.2876217875489437,-0.37170214961464326,-0.46522585828782903,-2.3016480365448064,-1.294335089101455,-0.6267888225470383,-0.9140698114989493,0.8485234590428585
Luke Kennard,Home,MEM,MIL,113,110,1,a24039f2-0485-4f53-84d2-e8c9d3d17b7e,-2.1427162386052157,-2.1861779682267315,0.09390305601223872,-0.10712587838681549,-2.8446350476971265,-0.005482786812602857,0.3914237377814586,-2.968820835375137,-1.294335089101455,-3.40313661484919,0.2223130528545835,-0.8484238575049496
Jake LaRavia,Home,MEM,MIL,113,110,1,a24039f2-0485-4f53-84d2-e8c9d3d17b7e,-2.1427162386052157,-2.1861779682267315,0.09390305601223872,-0.10712587838681549,-2.8446350476971265,-0.005482786812602857,0.3914237377814586,-2.968820835375137,-1.294335089101455,-3.40313661484919,0.2223130528545835,-0.8484238575049496
Derrick Rose,Home,MEM,MIL,113,110,1,a24039f2-0485-4f53-84d2-e8c9d3d17b7e,-2.1427162386052157,-2.1861779682267315,0.09390305601223872,-0.10712587838681549,-2.8446350476971265,-0.005482786812602857,0.3914237377814586,-2.968820835375137,-1.294335089101455,-3.40313661484919,0.2223130528545835,-0.8484238575049496
Vince Williams Jr.,Home,MEM,LAC,95,101,0,9df954a6-d978-4da2-9ef9-c47d701b7f34,-0.10513511582703575,3.3213144799133483,-2.8742689933804995,0.6908271703394666,0.7757169254086939,-0.9280437341923623,-0.7366616361220462,2.2238001230579223,-1.294335089101455,0.878430829573727,-0.3209038364001722,-0.7109082347373686
Jaren Jackson Jr.,Home,MEM,LAC,95,101,0,9df954a6-d978-4da2-9ef9-c47d701b7f34,4.281555394658778,3.489134811614224,2.5055003039232617,-1.8203837678367056,-0.1692442265262158,-0.7017621256201705,-0.13394903344950487,0.7529007589804838,2.570927509841474,2.1190627064999705,1.3892163307594187,-1.0416918892912455
Ziaire Williams,Home,MEM,LAC,95,101,0,9df954a6-d978-4da2-9ef9-c47d701b7f34,0.5834230398091439,0.04810291552713429,2.010858221274607,-0.3352144124248141,0.03654570287627687,-0.821140183257866,0.8210066183716316,0.9368167982208385,0.23018944729480095,0.7222580627336,-0.2859118921649577,-0.5935725000800695
Luke Kennard,Home,MEM,LAC,95,101,0,9df954a6-d978-4da2-9ef9-c47d701b7f34,0.35359989252076773,0.046662405151212644,0.46162543197535677,-0.14420392512373986,-1.1037197319471772,-0.39172357757274445,-0.5761813832064699,0.5053282814130668,-1.294335089101455,0.6797319249493478,-1.2406632508291648,-0.7163161746749148
Santi Aldama,Home,MEM,LAC,95,101,0,9df954a6-d978-4da2-9ef9-c47d701b7f34,0.21239845942919316,-1.608980738749022,-0.20767691656228207,-0.33624192659359114,1.7298600846570058,0.32889520435496,-0.8211930653495448,0.5637289545908191,-1.294335089101455,0.4311171316981339,-0.4598169668364746,-0.32732875990164606
GG Jackson II,Home,MEM,LAC,95,101,0,9df954a6-d978-4da2-9ef9-c47d701b7f34,0.6364841702429905,-0.6202964294887973,-0.49928707537144906,0.6721793891853297,-0.9143815563500555,-0.5141628234798096,0.4768500218335554,0.8333511156302482,1.184072415940571,0.5836959884206643,0.06956714116065145,0.8128398937178953
John Konchar,Home,MEM,LAC,95,101,0,9df954a6-d978-4da2-9ef9-c47d701b7f34,-0.6349397548515501,0.4499501791923472,1.8610643189846292,-1.8524362932306788,0.861244480048053,0.5765227509047799,1.0448659884639444,2.325260709076588,1.4175994877200857,-0.2645322658186893,2.191548368177043,0.08798030051505769
Jake LaRavia,Home,MEM,LAC,95,101,0,9df954a6-d978-4da2-9ef9-c47d701b7f34,-0.8536709984527864,1.1634728327523767,2.196457890369714,-0.6462360437268049,0.8531114990338456,-1.2726569497400309,2.368144673705732,-1.4950908143540698,0.46633330493218056,0.4507159481843952,-0.2436935687304405,0.8372912211165986
Lamar Stevens,Home,MEM,LAC,95,101,0,9df954a6-d978-4da2-9ef9-c47d701b7f34,-0.5177078956081178,-0.36894677978559287,1.2419436736211225,-0.6271080351810631,4.292228428408772,-0.2999149202801974,0.7347939353485857,-0.00200289765344296,-1.294335089101455,0.4621670376019041,0.6683499136085381,-0.10632220719193068
Derrick Rose,Home,MEM,LAC,95,101,0,9df954a6-d978-4da2-9ef9-c47d701b7f34,-1.2948966127853987,1.0208041927056999,-1.5808331484431821,1.4607316529337662,-1.4182397271409646,-0.3206311191022136,-0.39182722680277665,-0.6075837442048124,-1.294335089101455,0.2046140474799406,-0.6969455720644886,2.0534519982751624
Jacob Gilyard,Home,MEM,LAC,95,101,0,9df954a6-d978-4da2-9ef9-c47d701b7f34,-2.1427162386052157,-2.1861779682267315,0.09390305601223872,-0.10712587838681549,-2.8446350476971265,-0.005482786812602857,0.3914237377814586,-2.968820835375137,-1.294335089101455,-3.40313661484919,0.2223130528545835,-0.8484238575049496
Jordan Goodwin,Home,MEM,LAC,95,101,0,9df954a6-d978-4da2-9ef9-c47d701b7f34,-2.1427162386052157,-2.1861779682267315,0.09390305601223872,-0.10712587838681549,-2.8446350476971265,-0.005482786812602857,0.3914237377814586,-2.968820835375137,-1.294335089101455,-3.40313661484919,0.2223130528545835,-0.8484238575049496
Yuta Watanabe,Home,MEM,LAC,95,101,0,9df954a6-d978-4da2-9ef9-c47d701b7f34,-2.1427162386052157,-2.1861779682267315,0.09390305601223872,-0.10712587838681549,-2.8446350476971265,-0.005482786812602857,0.3914237377814586,-2.968820835375137,-1.294335089101455,-3.40313661484919,0.2223130528545835,-0.8484238575049496
Jaren Jackson Jr.,Home,MEM,BRK,86,111,0,92df422e-cd09-42d0-8f69-3d4f45797576,0.3545965577595155,1.079758143673567,1.4852484832518429,0.7649414545466339,0.4720030106962136,0.6282973416381298,0.0029681104023892776,-0.2676712538266296,6.172651504529153,1.8125542054671442,-1.0047880423896698,-0.7522321151948886
Ziaire Williams,Home,MEM,BRK,86,111,0,92df422e-cd09-42d0-8f69-3d4f45797576,0.08222854583126019,-0.2064477290309682,0.8454710286315703,1.1180051835659266,-1.027891210958427,-0.40285600382767683,-0.5927154973268504,-0.9438841859115845,-1.294335089101455,1.1213852582067025,-2.054157417666457,0.10542193255074123
Vince Williams Jr.,Home,MEM,BRK,86,111,0,92df422e-cd09-42d0-8f69-3d4f45797576,-0.6173699766428604,2.9128619779431406,-2.6065451535370747,1.0713370757789922,-0.45031725734700234,-0.5660148126136231,-0.9475643572751161,0.8433907110956049,0.4664886653645323,0.6660496180610775,-0.7839818635373005,0.2060289381420578
Luke Kennard,Home,MEM,BRK,86,111,0,92df422e-cd09-42d0-8f69-3d4f45797576,-0.0631231995754294,-1.2670014039938988,1.3413100726834013,-0.14970307179700892,-1.0105082188120509,-0.41116115420696286,-0.6066503405888571,4.693862699832981,4.327154031358682,0.35209027126929787,-0.3194060513448371,-1.4624630467080844
Santi Aldama,Home,MEM,BRK,86,111,0,92df422e-cd09-42d0-8f69-3d4f45797576,-0.42309856577313965,0.9604393871840843,0.4442953937492399,1.2640000326543692,1.3083230264443801,-1.2931619389328315,0.7469701896292046,2.0089403132275194,-1.294335089101455,0.2717084801747574,-0.04346673911783292,-0.0017386741581226933
Jake LaRavia,Home,MEM,BRK,86,111,0,92df422e-cd09-42d0-8f69-3d4f45797576,0.3716510822685312,-0.27074335584427245,0.5869418863241688,-0.8929690242841127,1.6805116422506636,1.806458174233531,0.8506384546978032,0.6332413611604361,0.2009839259603398,0.9564831142294831,-0.45468195942020034,-1.2926669422771466
Lamar Stevens,Home,MEM,BRK,86,111,0,92df422e-cd09-42d0-8f69-3d4f45797576,0.9548863422232691,-0.2796747733325435,-1.2079682439543278,-0.9084273658028976,2.094334309481848,0.23871608413865492,0.43652347066711644,4.160311644204946,-1.294335089101455,0.7533034245411916,1.0516723098167873,-1.6848932287531768
GG Jackson II,Home,MEM,BRK,86,111,0,92df422e-cd09-42d0-8f69-3d4f45797576,0.08227123533615965,-1.9785562404191421,0.07526567664321031,0.07250808626234946,0.7257637470851486,-0.9092715062053044,-1.6862104030313432,-1.680235946027656,2.0696045307021493,1.4464259256466105,-2.814538085166839,-0.1302912930458941
Yuta Watanabe,Home,MEM,BRK,86,111,0,92df422e-cd09-42d0-8f69-3d4f45797576,-1.5422895382824644,-1.549385401469469,-0.25757311848794756,-0.4115518636467024,0.24360437765466736,-0.7787846227020552,-1.392581284183922,-0.4762569725497982,-1.294335089101455,-0.14838876487343008,-0.753072948030577,0.20732597776129297
Derrick Rose,Home,MEM,BRK,86,111,0,92df422e-cd09-42d0-8f69-3d4f45797576,-0.976993547032793,1.9719701489850963,-2.6604751968592097,-1.1034794190243793,-0.6774712017385247,-0.5347907247918656,-0.8344857460683891,1.6791028100543652,-1.294335089101455,0.19811437886387828,-0.16831861851339305,-0.13560182728072917
Matthew Hurt,Home,MEM,BRK,86,111,0,92df422e-cd09-42d0-8f69-3d4f45797576,-2.1427162386052157,-1.9785562404191421,0.07526567664321031,0.07250808626234946,1.4485257426023443,-1.6083520933222761,1.4692936363651323,-1.2245326961046312,-1.294335089101455,-1.3483063564233515,-0.6441706435393398,0.705238563915862
John Konchar,Home,MEM,BRK,86,111,0,92df422e-cd09-42d0-8f69-3d4f45797576,-2.1427162386052157,-2.1861779682267315,0.09390305601223872,-0.10712587838681549,-2.8446350476971265,-0.005482786812602857,0.3914237377814586,-2.968820835375137,-1.294335089101455,-1.5918283392636232,0.02229693936097143,0.3230890355771433
Jaren Jackson Jr.,Away,MEM,MIN,101,110,0,eda28703-9bc5-46a5-898c-9280b72c2180,5.065143907475511,1.8021480724984809,2.3750555713855515,0.7287523070771634,4.766782966116031,-0.7454065476759262,0.008898454286155074,1.318384440183679,4.235178421747939,1.9653971055795403,1.0986094546081726,-1.1422916274859065
Ziaire Williams,Away,MEM,MIN,101,110,0,eda28703-9bc5-46a5-898c-9280b72c2180,1.9675678686799245,-0.6114306973342306,-0.6583016754875154,0.10482375690186467,2.0566014788081537,-1.3856901501206327,0.4443409740830819,1.0724633183973118,0.9436735278836023,1.1038371374837903,0.12919771367691507,-0.2610193212465263
Santi Aldama,Away,MEM,MIN,101,110,0,eda28703-9bc5-46a5-898c-9280b72c2180,0.7778152190658613,0.7593393835570251,1.4164254634526792,0.6958860595943621,1.1716268543546973,1.8352789929503042,-0.28196388202760003,0.26652395396993933,-1.294335089101455,0.8994658281229971,0.46315159469976247,0.5922711973697999
Jordan Goodwin,Away,MEM,MIN,101,110,0,eda28703-9bc5-46a5-898c-9280b72c2180,-0.45854722849339735,3.1883083578506177,-0.20757313345614806,-1.5087538414922959,2.2190231582336413,-1.471414002164342,0.46571048869064074,-0.5526887002066019,1.0857185634648452,0.5962081882568815,0.618453719503172,0.07962984411070337
Vince Williams Jr.,Away,MEM,MIN,101,110,0,eda28703-9bc5-46a5-898c-9280b72c2180,1.060269622098209,2.5283192037611335,-1.046371774341493,-0.4288595410799537,1.5657379676091094,0.29870116894782245,0.2305132314242282,-0.3333958293914814,0.9303982909133927,1.1761498923172822,0.09761213714432966,0.3198395433206887
GG Jackson II,Away,MEM,MIN,101,110,0,eda28703-9bc5-46a5-898c-9280b72c2180,0.943416100695453,-0.7735976637371839,-0.44874654939285874,1.5482270490305174,-0.277575374794143,-0.7448228003598804,1.138814464351525,3.0986972978186618,1.1335094165575998,0.6519707985111831,-0.2616734451325773,-0.8472137522828862
Jake LaRavia,Away,MEM,MIN,101,110,0,eda28703-9bc5-46a5-898c-9280b72c2180,-0.5998694299719685,-1.1599447873728312,-0.5571477790019951,-0.8454051888536801,1.2465125068636929,-1.1799651181923143,-0.7972597840974668,1.0249173923838995,1.4175994877200857,0.1275608408693433,-0.8563971877722284,-1.0421473023191825
Lamar Stevens,Away,MEM,MIN,101,110,0,eda28703-9bc5-46a5-898c-9280b72c2180,-1.0830642710512877,-0.4321170639712607,-0.31261070154015513,1.714688214706568,-0.1954938247444306,2.3173182834503816,1.542754498953846,-0.7166283679953942,-1.294335089101455,0.4556834659965482,-1.7182749867978282,1.6461116835816598
Yuta Watanabe,Away,MEM,MIN,101,110,0,eda28703-9bc5-46a5-898c-9280b72c2180,-1.9308838968711048,-0.5696671609848769,-1.0513577790276343,-1.591332184427353,-0.9188966508957936,-0.5048093520089935,-0.7619670208735443,-1.475903588689885,-1.294335089101455,-0.9422916981117965,-0.33786596074184744,0.5140168257305272
Derrick Rose,Away,MEM,MIN,101,110,0,eda28703-9bc5-46a5-898c-9280b72c2180,-1.7541218800165754,0.10795886707816339,-1.3166540408654432,0.3696074417485085,-2.125519464317686,-0.09460656382704284,0.0840476706842938,0.026332732069531194,-1.294335089101455,-0.1043139517684238,-1.058369047112683,0.704231135002798
Matthew Hurt,Away,MEM,MIN,101,110,0,eda28703-9bc5-46a5-898c-9280b72c2180,-2.1427162386052157,-2.1861779682267315,0.09390305601223872,-0.10712587838681549,-2.8446350476971265,-0.005482786812602857,0.3914237377814586,-2.968820835375137,-1.294335089101455,-3.40313661484919,0.2223130528545835,-0.8484238575049496
John Konchar,Away,MEM,MIN,101,110,0,eda28703-9bc5-46a5-898c-9280b72c2180,-2.1427162386052157,-2.1861779682267315,0.09390305601223872,-0.10712587838681549,-2.8446350476971265,-0.005482786812602857,0.3914237377814586,-2.968820835375137,-1.294335089101455,-1.5918283392636232,0.02229693936097143,0.3230890355771433
Jordan Goodwin,Home,MEM,POR,92,122,0,e6c6ee75-d25c-4b74-b418-3582430bc387,0.8659466743792895,1.3707015371656146,1.0456361081326966,0.6284670442057173,1.2213376103265858,4.016703220365741,1.589431746363859,-0.21829439201831816,0.1399178358973755,1.6348606709819973,-1.7909812502416589,-1.9847394413829011
Trey Jemison,Home,MEM,POR,92,122,0,e6c6ee75-d25c-4b74-b418-3582430bc387,-1.3830972996366246,0.07091168702353828,-0.64280037832935,1.6232261869461055,1.443101081085481,-1.2387403142174858,0.26864122803562945,1.1105719041345605,0.8209374924691294,0.3692989149883046,-1.1078441629865763,-0.2686089091540794
Vince Williams Jr.,Home,MEM,POR,92,122,0,e6c6ee75-d25c-4b74-b418-3582430bc387,-0.8001799933290646,2.126010587772886,-2.2090386437777463,0.8242335422272413,-0.1790682871945119,2.1299805845000352,-0.42440869129915426,-0.31004931165707394,1.6341034120882063,1.0902908203974109,-1.3411221411802383,-0.7261313101318081
Santi Aldama,Home,MEM,POR,92,122,0,e6c6ee75-d25c-4b74-b418-3582430bc387,-0.12960379590285076,0.47361776473133227,-1.1043864772324767,2.1039877747434272,3.2507193127746716,-0.4431647015792843,0.8388711618337696,-0.7711906410247287,-1.294335089101455,1.4604980725255317,-3.267727224017521,-1.5895631045153311
Ziaire Williams,Home,MEM,POR,92,122,0,e6c6ee75-d25c-4b74-b418-3582430bc387,0.31858995183468447,0.03466361875897972,0.4080645898566258,-0.3000818564610474,0.7618755188310384,-0.9239841282047295,-1.7221332389709814,0.4992436809387448,-1.294335089101455,0.7241466863817768,-0.5580781088345799,-0.22016696761538376
Jake LaRavia,Home,MEM,POR,92,122,0,e6c6ee75-d25c-4b74-b418-3582430bc387,2.733655834825766,1.189395586846969,-0.05183522543350615,0.6778979990368179,-0.9489649215411061,-0.42698248121959775,-0.6464522156943814,1.9325561148412254,2.1492951397746416,1.3323666563914554,0.3750758240638774,-0.5903928637586007
GG Jackson II,Home,MEM,POR,92,122,0,e6c6ee75-d25c-4b74-b418-3582430bc387,0.5724519045090006,-0.8222289395414174,-0.426751943240337,1.4686049968318855,-1.443144088451516,-0.2844176387542863,-0.3332674384391489,1.7519755791171532,0.2673601108113879,0.5869550254570858,-0.3402068044308565,0.503557163869369
Lamar Stevens,Home,MEM,POR,92,122,0,e6c6ee75-d25c-4b74-b418-3582430bc387,1.1316910485826976,0.5545674405125162,0.31806991566219384,-0.6238968790988968,-1.2627831901669153,-0.43618359261533546,0.9919063173606952,2.5364300079318665,2.1027926231276735,1.2628576119662829,0.13902864289511843,-1.5188819179025161
Yuta Watanabe,Home,MEM,POR,92,122,0,e6c6ee75-d25c-4b74-b418-3582430bc387,-2.072085329962679,1.0942732490012113,0.6295524123613029,2.8599855185364764,-1.3794189218448283,-0.31999396511804024,-0.38977713499122046,-2.968820835375137,1.7721681279446146,0.044634498154147995,-2.476189058104417,-0.17809205019373245
Matthew Hurt,Home,MEM,POR,92,122,0,e6c6ee75-d25c-4b74-b418-3582430bc387,-1.2708578073994585,-2.1861779682267315,0.09390305601223872,-0.10712587838681549,0.035725063286276476,2.277045594481357,-0.6309961535271174,3.0930322263225687,-1.294335089101455,-0.6546883274064819,0.960293281102003,-0.05538426762484516
Luke Kennard,Home,MEM,POR,92,122,0,e6c6ee75-d25c-4b74-b418-3582430bc387,-2.1427162386052157,-2.1861779682267315,0.09390305601223872,-0.10712587838681549,-2.8446350476971265,-0.005482786812602857,0.3914237377814586,-2.968820835375137,-1.294335089101455,-3.40313661484919,0.2223130528545835,-0.8484238575049496
John Konchar,Home,MEM,POR,92,122,0,e6c6ee75-d25c-4b74-b418-3582430bc387,-2.1427162386052157,-2.1861779682267315,0.09390305601223872,-0.10712587838681549,-2.8446350476971265,-0.005482786812602857,0.3914237377814586,-2.968820835375137,-1.294335089101455,-3.40313661484919,0.2223130528545835,-0.8484238575049496
Vince Williams Jr.,Home,MEM,POR,100,107,0,079483fd-2873-4de5-a952-ca95ce2d9860,3.093288252559998,2.4426411478429393,0.6048491054608813,1.4384345353699548,2.701682202304592,2.4852961640886706,-0.8513146074599117,1.8567840362118666,1.5073613405894737,1.576083567895559,0.16051744840419266,-1.1180113930407023
Santi Aldama,Home,MEM,POR,100,107,0,079483fd-2873-4de5-a952-ca95ce2d9860,3.735323536477379,1.026779131915242,-1.4777869112923427,0.6711933397318709,2.1554019234680566,-0.04330083788763176,-0.11730054464525674,1.862941180523217,0.8450230059940463,1.6212268147118771,-0.3505069791431948,-1.3468732821681497
Ziaire Williams,Home,MEM,POR,100,107,0,079483fd-2873-4de5-a952-ca95ce2d9860,0.10667953121847629,0.29298106228917586,0.3701112079894643,1.886068020821181,0.6425520336358201,-0.8521430150769004,-1.6122592644230203,0.28844940891097337,2.4187432630186625,0.708495940346763,-0.02486308171419241,0.9505984242735389
Jordan Goodwin,Home,MEM,POR,100,107,0,079483fd-2873-4de5-a952-ca95ce2d9860,-0.9418628379597129,4.971020062349094,0.2098034519208288,-1.5078966268207925,0.9614917673751944,0.3444734288935656,0.7921129647012117,-0.5316179526022091,-0.4408138749893295,0.7695844084298419,-0.22220517280759308,-0.887056535622424
Lamar Stevens,Home,MEM,POR,100,107,0,079483fd-2873-4de5-a952-ca95ce2d9860,0.0006868860820788638,0.4268456663917546,2.8058920988263463,0.40123568711145613,0.2633908096695986,1.1271237938609329,-0.9962311667521788,-0.25428850501806555,-1.294335089101455,0.7648190704458585,-0.08696276241081571,1.2737794108598643
GG Jackson II,Home,MEM,POR,100,107,0,079483fd-2873-4de5-a952-ca95ce2d9860,1.3786364047012898,1.2267566225218414,1.1573683403041666,0.9771203712889883,1.029925390435767,-1.1146981325033742,0.37550003210279925,-0.21061871452406147,4.543163919456802,1.6716355393944302,-0.3910941493938348,0.2621575585829989
Luke Kennard,Home,MEM,POR,100,107,0,079483fd-2873-4de5-a952-ca95ce2d9860,-1.0235341134401905,1.6394541314359883,-0.7251995609675101,-0.8586113604479979,-1.1844428988880202,-0.3711521601876271,-0.5127901865363816,3.0369482171476734,2.081361336230567,0.05811233720500078,0.07082294100128933,-0.06038191777907461
Matthew Hurt,Home,MEM,POR,100,107,0,079483fd-2873-4de5-a952-ca95ce2d9860,-0.42309856577313965,1.3730597152384352,2.068698394649027,0.2927127930712058,-1.1157737067752151,1.4502637488304084,-0.13522381301212044,2.0406546430324375,-1.294335089101455,-0.10363367585099316,1.0840742568279682,0.48149956708312713
John Konchar,Home,MEM,POR,100,107,0,079483fd-2873-4de5-a952-ca95ce2d9860,-0.6353607821971257,0.6650583357020199,2.1958908212213486,-0.13860347651470167,1.7131426800037413,2.304478413444697,1.5048087529115994,-0.16602213738933083,-1.294335089101455,0.030605006654979155,0.39642876461035703,0.01599772450155352
Jake LaRavia,Home,MEM,POR,100,107,0,079483fd-2873-4de5-a952-ca95ce2d9860,-1.3300538638913768,-1.2896213506484147,-0.22584195842375157,0.9519178826662235,-0.7096491231732389,-0.554724832039695,-0.8444201864068233,-1.0501825993745582,6.234257563913591,0.32497726328561005,-0.8174150708493189,1.0281618587778418
Jaren Jackson Jr.,Home,MEM,POR,100,107,0,079483fd-2873-4de5-a952-ca95ce2d9860,-2.1427162386052157,-2.1861779682267315,0.09390305601223872,-0.10712587838681549,-2.8446350476971265,-0.005482786812602857,0.3914237377814586,-2.968820835375137,-1.294335089101455,-1.5918283392636232,0.02229693936097143,0.3230890355771433
Yuta Watanabe,Home,MEM,POR,100,107,0,079483fd-2873-4de5-a952-ca95ce2d9860,-2.1427162386052157,-2.1861779682267315,0.09390305601223872,-0.10712587838681549,-2.8446350476971265,-0.005482786812602857,0.3914237377814586,-2.968820835375137,-1.294335089101455,-3.40313661484919,0.2223130528545835,-0.8484238575049496
Vince Williams Jr.,Away,MEM,BRK,106,102,1,a7ba7c71-b2d5-44a2-a4a9-3b9b4423a613,0.6365445544364889,2.6219621502738115,0.2844161769770701,-0.7954147916218413,0.3622166928688032,-0.8483670252274758,-0.28025740232066165,0.5059539419816178,0.9954469520674198,0.9810893843562355,0.2449875847696597,-0.22821567623182293
Santi Aldama,Away,MEM,BRK,106,102,1,a7ba7c71-b2d5-44a2-a4a9-3b9b4423a613,1.4022203405810543,0.4359651538130496,-1.405440167981551,-0.12337528846567086,0.4761752303672388,-0.8848550358827438,-0.3076206181484008,1.2549334407630957,-1.294335089101455,0.9119567927938901,0.0027450556732180904,-0.2887219461451753
John Konchar,Away,MEM,BRK,106,102,1,a7ba7c71-b2d5-44a2-a4a9-3b9b4423a613,-0.7406498357179675,1.8160452152501911,-0.45505884790714035,0.7351085808702755,2.15614969998458,-1.4359528142609956,-0.11078713531911506,3.6952636411573536,3.430316320148636,0.07739364219902672,1.8447280715217647,0.8382448606877994
Luke Kennard,Away,MEM,BRK,106,102,1,a7ba7c71-b2d5-44a2-a4a9-3b9b4423a613,4.09525621317019,3.1021075030818746,-3.1608873107748767,-0.5788171857986432,-1.099249988099513,-0.385488322252629,-0.540318296995578,4.004287440491655,1.5696964049013715,1.085303528772798,2.2660311776529842,-0.8172852167306239
Trey Jemison,Away,MEM,BRK,106,102,1,a7ba7c71-b2d5-44a2-a4a9-3b9b4423a613,-0.4822680802321595,-0.22449533616367134,-0.33124808090918356,1.894322179355733,3.0165968153307996,0.49593218105755976,-1.0190245122309163,2.0532316240800625,-1.294335089101455,0.01175387887777253,0.7067253441642384,0.7830079563258089
Jake LaRavia,Away,MEM,BRK,106,102,1,a7ba7c71-b2d5-44a2-a4a9-3b9b4423a613,0.5773573452888703,2.4286406649720402,0.9349338262376384,0.6504680369587671,3.6573383382496045,-2.0437380057812877,1.5184069276866727,-0.1240146258744245,3.5792101698716654,1.108544457623235,0.5479133527037744,0.8696487113796028
Lamar Stevens,Away,MEM,BRK,106,102,1,a7ba7c71-b2d5-44a2-a4a9-3b9b4423a613,0.6655153426351968,-1.3616287860883973,-0.25957843054842084,-0.2068145866465003,2.0882038521817172,0.44216698677501104,0.6607190569846426,0.5202295044934645,0.2824937386847981,0.7344962018980837,0.3908072411229969,0.5876364182791344
GG Jackson II,Away,MEM,BRK,106,102,1,a7ba7c71-b2d5-44a2-a4a9-3b9b4423a613,0.0006176545442810824,-0.5043948581975363,-0.6830157465748421,0.9998383889022086,-0.3033255865376494,1.2185363417241681,0.7709146688110354,-0.3019175347511253,1.0485478999482583,0.7445346460836911,-0.9837872456509189,0.5041942543312677
Matthew Hurt,Away,MEM,BRK,106,102,1,a7ba7c71-b2d5-44a2-a4a9-3b9b4423a613,0.035636442574663744,-0.34789418804980393,1.1227777420271017,0.8610088151277236,1.4325443963944562,-1.4415678705032153,2.268005439808976,0.22156625656977308,-1.294335089101455,0.21175227356873905,-0.22655439839006652,0.8773838351248139
Yuta Watanabe,Away,MEM,BRK,106,102,1,a7ba7c71-b2d5-44a2-a4a9-3b9b4423a613,-2.1427162386052157,-2.1861779682267315,0.09390305601223872,-0.10712587838681549,-2.8446350476971265,-0.005482786812602857,0.3914237377814586,-2.968820835375137,-1.294335089101455,-1.5918283392636232,0.02229693936097143,0.3230890355771433
Ziaire Williams,Away,MEM,BRK,106,102,1,a7ba7c71-b2d5-44a2-a4a9-3b9b4423a613,-2.1427162386052157,-2.1861779682267315,0.09390305601223872,-0.10712587838681549,-2.8446350476971265,-0.005482786812602857,0.3914237377814586,-2.968820835375137,-1.294335089101455,-1.5918283392636232,0.02229693936097143,0.3230890355771433
Jaren Jackson Jr.,Away,MEM,PHI,115,109,1,340ab548-ea11-436a-826a-c0bb98b5d2c0,4.193406244656751,0.20855145405334738,-0.7549875014292583,1.5446934688482967,5.161505317690984,5.07041849256891,0.5526212682116769,0.6219258182728546,4.188715092352206,1.842589541473346,1.3632113022003338,0.7971425062909685
Vince Williams Jr.,Away,MEM,PHI,115,109,1,340ab548-ea11-436a-826a-c0bb98b5d2c0,1.2438701566263655,3.7339817590996374,-0.7147684962113658,-1.1968189991989273,1.3468480002306071,0.15909245009634188,-0.6774350695275708,2.9375943748715927,1.6493478267226294,0.8938827350995773,1.4157454057260388,-0.6551541767942834
Santi Aldama,Away,MEM,PHI,115,109,1,340ab548-ea11-436a-826a-c0bb98b5d2c0,2.521402465746079,1.093761980566689,-0.7404228606916478,-2.0486095493522387,0.8174966580246315,2.75244214145957,0.25887313657986966,1.742212393757391,0.9582762885508328,0.8893509697689608,1.6548016879511902,-0.3213683070517545
Luke Kennard,Away,MEM,PHI,115,109,1,340ab548-ea11-436a-826a-c0bb98b5d2c0,1.7797743323317534,-0.7310993314618769,-0.6914607757336823,-0.021365875781478433,-1.1968838554062735,-0.34843372253792865,-0.47863654822232576,2.168996666590197,1.019342378613797,0.6177240769981919,0.37443516650278286,0.1726722643636348
John Konchar,Away,MEM,PHI,115,109,1,340ab548-ea11-436a-826a-c0bb98b5d2c0,-0.917824032573773,0.7027053375340848,-0.9867737753040334,2.6187728789239757,0.7087201597049617,1.7558426950548789,0.16149547600850125,0.9611634744211945,-1.294335089101455,-0.006674149104803508,0.06010560954646944,0.9506973970015454
Jake LaRavia,Away,MEM,PHI,115,109,1,340ab548-ea11-436a-826a-c0bb98b5d2c0,2.0561895828767263,-0.16383728902765152,-0.5635171139805736,1.9774139107132969,5.6487494789721096,1.3129409732206463,1.6796049041950751,1.2690744914059806,1.4821383903460754,1.088404165837073,0.9910753075363179,0.7532261201541618
GG Jackson II,Away,MEM,PHI,115,109,1,340ab548-ea11-436a-826a-c0bb98b5d2c0,0.011597637188723748,-1.8109267201490349,-0.19379155642426943,-0.5230482662001953,1.401098284385905,-1.264795439148256,0.4764085740900848,-0.45539868488038254,-1.294335089101455,0.3188212623752697,-0.2550121331825877,1.2920690924825406
Lamar Stevens,Away,MEM,PHI,115,109,1,340ab548-ea11-436a-826a-c0bb98b5d2c0,-1.012072719256674,-0.7407647500682851,-0.5388602782224099,1.7622798980301437,1.7870797824924178,-1.3795004897819558,-0.8092814411207578,1.62146353751337,1.4175994877200857,0.06506302851741563,0.11828061645549102,0.5088237560550937
Matthew Hurt,Away,MEM,PHI,115,109,1,340ab548-ea11-436a-826a-c0bb98b5d2c0,-1.8602529882285683,-2.1861779682267315,0.09390305601223872,-0.10712587838681549,-0.5773279559996298,-0.8239926039983879,2.02958490085343,-2.2699337067398884,-1.294335089101455,-0.5678745131079835,-1.6436304345833868,1.3302192406217863
Yuta Watanabe,Away,MEM,PHI,115,109,1,340ab548-ea11-436a-826a-c0bb98b5d2c0,-2.1427162386052157,-2.1861779682267315,0.09390305601223872,-0.10712587838681549,-2.8446350476971265,-0.005482786812602857,0.3914237377814586,-2.968820835375137,-1.294335089101455,-1.5918283392636232,0.02229693936097143,0.3230890355771433
Ziaire Williams,Away,MEM,PHI,115,109,1,340ab548-ea11-436a-826a-c0bb98b5d2c0,-2.1427162386052157,-2.1861779682267315,0.09390305601223872,-0.10712587838681549,-2.8446350476971265,-0.005482786812602857,0.3914237377814586,-2.968820835375137,-1.294335089101455,-1.5918283392636232,0.02229693936097143,0.3230890355771433
Vince Williams Jr.,Home,MEM,ATL,92,99,0,e29814a5-02de-4e0f-83bf-b00c991c1eee,1.3030396710853853,3.709825836105162,-2.842349583430074,1.7916176377041018,0.586503060702417,0.5085854831061496,-1.233930005021876,2.067344704674218,1.7914514117519598,1.2981339622182,-0.2858900992635052,-0.17497335922416327
Jaren Jackson Jr.,Home,MEM,ATL,92,99,0,e29814a5-02de-4e0f-83bf-b00c991c1eee,1.725639874383899,2.5534804868280885,1.9151671376703476,-0.35068619800718803,3.1357421178447704,1.044431595482686,-0.34739584063594464,-0.04890516260696456,2.8622620635639153,1.9990076539840878,-0.21107185629264266,-0.870885900949706
Santi Aldama,Home,MEM,ATL,92,99,0,e29814a5-02de-4e0f-83bf-b00c991c1eee,0.7491535371700317,-0.9133304907963785,0.930882762820282,0.4831776386925957,1.6974288471653607,3.0361153610614293,-0.10779949453109298,3.111976797037166,0.3151509639041425,0.8097641765754295,-0.038859591454228896,-1.2848821440904947
John Konchar,Home,MEM,ATL,92,99,0,e29814a5-02de-4e0f-83bf-b00c991c1eee,-0.7410620157192436,0.697570079237574,-1.4647742137436564,0.8906900501388023,1.1923028855394864,0.3088437826480191,0.7283697054336616,1.6871257348792463,-1.294335089101455,0.4061569322512711,-0.5119690264276825,-0.3271990776097914
Jordan Goodwin,Home,MEM,ATL,92,99,0,e29814a5-02de-4e0f-83bf-b00c991c1eee,-0.3173369480575234,-0.1195222404999896,-1.2200786620937683,-1.6016154367141424,-1.6537180384445604,1.3933991534450156,0.1870641246114423,-0.1318700644098582,-1.294335089101455,0.5168534059412462,-0.863592450578237,-0.12963006282398415
Lamar Stevens,Home,MEM,ATL,92,99,0,e29814a5-02de-4e0f-83bf-b00c991c1eee,0.6720874435108449,-1.1035441749095245,1.2312353900469135,0.04287518822551475,1.4272496379183355,1.805746300918559,-0.2206021436025664,-0.01663768621962185,3.231378673340263,0.9584379476415784,0.247277685582296,0.696921431988417
Jake LaRavia,Home,MEM,ATL,92,99,0,e29814a5-02de-4e0f-83bf-b00c991c1eee,1.296492565026038,1.5389690578990638,2.8218320275060105,-1.7676584781310876,0.17317328702534582,0.6253379906684943,1.4576157319893843,0.9880579258193283,3.3641310430423585,0.7988700793292446,1.4143921046711665,-0.3297331228083784
Trey Jemison,Home,MEM,ATL,92,99,0,e29814a5-02de-4e0f-83bf-b00c991c1eee,-1.3830972996366246,-0.013983187880192762,1.2688567456180073,1.180366481681576,-0.816624932005712,-0.5052431015634555,-0.761996953030271,0.9123573428538212,0.8209374924691294,-0.2094762008907335,0.03385832054934333,1.2835359862082691
Wenyen Gabriel,Home,MEM,ATL,92,99,0,e29814a5-02de-4e0f-83bf-b00c991c1eee,-1.683490971374039,1.3349561434215809,0.6204730027707684,-0.2648297543061259,1.4336563485671479,-1.4800409081256227,1.4698923091927196,-0.8805102053369132,0.0025790398156720373,-0.15028114524612482,0.011712541181303732,1.2132012841714597
GG Jackson II,Home,MEM,ATL,92,99,0,e29814a5-02de-4e0f-83bf-b00c991c1eee,-2.1427162386052157,-2.1861779682267315,0.09390305601223872,-0.10712587838681549,-2.8446350476971265,-0.005482786812602857,0.3914237377814586,-2.968820835375137,-1.294335089101455,-1.5918283392636232,0.02229693936097143,0.3230890355771433
Luke Kennard,Home,MEM,ATL,92,99,0,e29814a5-02de-4e0f-83bf-b00c991c1eee,-2.1427162386052157,-2.1861779682267315,0.09390305601223872,-0.10712587838681549,-2.8446350476971265,-0.005482786812602857,0.3914237377814586,-2.968820835375137,-1.294335089101455,-1.5918283392636232,0.02229693936097143,0.3230890355771433
Ziaire Williams,Home,MEM,ATL,92,99,0,e29814a5-02de-4e0f-83bf-b00c991c1eee,-2.1427162386052157,-2.1861779682267315,0.09390305601223872,-0.10712587838681549,-2.8446350476971265,-0.005482786812602857,0.3914237377814586,-2.968820835375137,-1.294335089101455,-1.5918283392636232,0.02229693936097143,0.3230890355771433
GG Jackson II,Away,MEM,OKC,93,124,0,d829fa9a-606a-4796-a8cd-0f31ea05995b,4.482226601167951,0.03092245580899226,-1.0352356006327876,-0.36338111229850234,1.549908420600979,0.14389991346565809,1.1851663868245417,1.7421035787639445,3.6430166172451015,2.05408322210217,-0.4327598407066286,-2.2315634260051684
Jaren Jackson Jr.,Away,MEM,OKC,93,124,0,d829fa9a-606a-4796-a8cd-0f31ea05995b,1.5504237492381516,1.1443040424820359,-1.389372464694963,1.7441529330316534,-0.4063801788691381,0.9441451366919535,0.5414336171676648,1.3992658358874532,3.36539354473486,1.7068475283509188,-1.9872496735279828,-1.7771442350015956
Santi Aldama,Away,MEM,OKC,93,124,0,d829fa9a-606a-4796-a8cd-0f31ea05995b,-0.8533103553007091,-1.0689378436050068,-0.762052752450762,-1.3441344793907959,2.2521560486697028,1.8467507230554596,-0.7095687032262057,0.43696849055941683,2.1897085208582485,0.6850962526158895,-1.225732836336241,-1.8770034136070222
Jake LaRavia,Away,MEM,OKC,93,124,0,d829fa9a-606a-4796-a8cd-0f31ea05995b,0.8904065071108052,2.290675340944331,0.8933225236773688,-1.0784649538613733,-1.5318871043029487,-0.26144755104878165,-0.2907258453822642,1.5292391882303504,1.7171100847187857,1.1024056980620767,-0.882411571077736,-1.9272853621303145
Luke Kennard,Away,MEM,OKC,93,124,0,d829fa9a-606a-4796-a8cd-0f31ea05995b,-0.28232700737144006,0.6445758216259451,0.17338160268385838,0.48382837348028457,-0.9008034212832282,-0.4414752022457927,-0.6889340590225194,-0.5214336904080483,-1.294335089101455,0.7435052649616267,-2.5451599716550093,-0.9507315888157959
Lamar Stevens,Away,MEM,OKC,93,124,0,d829fa9a-606a-4796-a8cd-0f31ea05995b,0.3186503360281827,0.39617172386260013,0.5101168729094891,1.809468086156723,-0.3912636194904921,-0.6305528737251854,0.10455217536029025,0.033942474339073304,-1.294335089101455,1.091244425325876,-1.2674356839423417,0.5983975349395044
DeJon Jarreau,Away,MEM,OKC,93,124,0,d829fa9a-606a-4796-a8cd-0f31ea05995b,-0.140574931202994,3.0009545937329998,1.5743548339869318,-1.2275377546509516,3.2163853241037326,-1.5906258713646446,-3.2826667250190265,0.28564030037364807,-1.294335089101455,0.7726109004945337,-0.03102474050103835,-0.5084948444199383
Wenyen Gabriel,Away,MEM,OKC,93,124,0,d829fa9a-606a-4796-a8cd-0f31ea05995b,-0.7651612052986818,0.07006619853469578,0.8318229913925368,1.4854773598082538,0.9870395365613969,-1.0037777543225412,-1.9086744916180576,0.4981963773638501,0.11936286361733978,0.39637665629884156,-0.8337977057615508,0.48493247903915154
Trey Jemison,Away,MEM,OKC,93,124,0,d829fa9a-606a-4796-a8cd-0f31ea05995b,-1.683490971374039,-0.3540147130708104,-0.9897110035378435,0.3611554197559778,0.7019927580312177,-1.075501401862769,0.9263785890284217,-0.6644215575715707,-1.294335089101455,-0.15840819225785452,-0.41810176418319556,0.5887029537610923
John Konchar,Away,MEM,OKC,93,124,0,d829fa9a-606a-4796-a8cd-0f31ea05995b,-2.1427162386052157,-2.1861779682267315,0.09390305601223872,-0.10712587838681549,-2.8446350476971265,-0.005482786812602857,0.3914237377814586,-2.968820835375137,-1.294335089101455,-1.5918283392636232,0.02229693936097143,0.3230890355771433
Vince Williams Jr.,Away,MEM,OKC,93,124,0,d829fa9a-606a-4796-a8cd-0f31ea05995b,-2.1427162386052157,-2.1861779682267315,0.09390305601223872,-0.10712587838681549,-2.8446350476971265,-0.005482786812602857,0.3914237377814586,-2.968820835375137,-1.294335089101455,-1.5918283392636232,0.02229693936097143,0.3230890355771433
Ziaire Williams,Away,MEM,OKC,93,124,0,d829fa9a-606a-4796-a8cd-0f31ea05995b,-2.1427162386052157,-2.1861779682267315,0.09390305601223872,-0.10712587838681549,-2.8446350476971265,-0.005482786812602857,0.3914237377814586,-2.968820835375137,-1.294335089101455,-1.5918283392636232,0.02229693936097143,0.3230890355771433
John Konchar,Home,MEM,WAS,109,97,1,7ba360d6-877d-46e5-bbcf-7334db99b736,-0.7765622152887002,0.13593683052698227,-1.1986257046246354,0.7900490586018875,4.0857632482371535,0.9241992362686293,0.2969867572780467,-0.12195107030894965,-1.294335089101455,0.44550111812243837,-0.11717623335511074,-0.1492989939179848
Jordan Goodwin,Home,MEM,WAS,109,97,1,7ba360d6-877d-46e5-bbcf-7334db99b736,0.5479832244331856,2.0059684155402615,-0.9439191680265218,-1.070332238715609,4.690478298561359,-0.71936988995373,-0.4284849335884165,-0.27499674912807,0.15717564395864803,0.8275188498811674,0.54753264830594,0.2907548826488728
Trey Jemison,Home,MEM,WAS,109,97,1,7ba360d6-877d-46e5-bbcf-7334db99b736,1.6022657889546938,0.1140296149416086,-0.6139244800143556,2.2720575063160413,2.4381476861846254,1.2808836760179376,3.6500241463058063,2.1833003564398488,0.9582762885508328,0.8608877824031184,1.3563472811186563,0.31744239347539843
Santi Aldama,Home,MEM,WAS,109,97,1,7ba360d6-877d-46e5-bbcf-7334db99b736,0.8418474847998512,0.5246810579845175,1.7719340934470442,0.24962739743388077,-0.16351541562622054,-0.6592860764933495,-1.1568199316339687,-0.2921659818899273,0.12531507523014487,0.6580975651894372,0.6142039928194419,1.7522509456724864
Luke Kennard,Home,MEM,WAS,109,97,1,7ba360d6-877d-46e5-bbcf-7334db99b736,1.7442829801065964,2.792117099206936,-1.3836168370153248,-1.7915944254049874,0.1422281840294719,-0.8364223091604059,-0.1174068253408188,1.7397677782403225,-1.294335089101455,0.5420711788516918,1.501995631330233,0.19646255478117483
GG Jackson II,Home,MEM,WAS,109,97,1,7ba360d6-877d-46e5-bbcf-7334db99b736,2.2614232817022906,-0.4550874320649232,-0.772286566131096,0.9758433759117912,-0.6600414065053822,1.09359548719423,-0.45317959128218566,0.5892076520201455,2.1899571572848755,1.2300665392649388,0.45281249993845696,0.977710795477912
Jake LaRavia,Home,MEM,WAS,109,97,1,7ba360d6-877d-46e5-bbcf-7334db99b736,0.7605883893206499,-0.013368083647332512,2.2495683132017805,-0.5852283728567981,0.38137433268843096,-1.0084961713275304,1.0804819726798642,1.5330846564420801,4.053875057517135,0.523326076426984,1.3486381494855963,-0.1759599952666059
DeJon Jarreau,Home,MEM,WAS,109,97,1,7ba360d6-877d-46e5-bbcf-7334db99b736,-0.5883476515949536,3.5540045159221547,0.4285413731619675,-0.9748121250684639,0.9954575179480585,-1.130773594372034,-0.5341404094409656,-0.11955564929709037,1.0857185634648452,0.10566412866661698,1.970362489363583,1.5854122790725949
Wenyen Gabriel,Home,MEM,WAS,109,97,1,7ba360d6-877d-46e5-bbcf-7334db99b736,-0.35246765713060324,-0.4362925337849718,-0.5260362118352784,1.9401864862093674,2.9208016644243098,0.24366467228099803,0.4832835601940033,1.3506884370385401,-1.294335089101455,0.08931527484450015,0.1878128312199478,0.9554347284241376
Lamar Stevens,Home,MEM,WAS,109,97,1,7ba360d6-877d-46e5-bbcf-7334db99b736,-2.1427162386052157,-2.1861779682267315,0.09390305601223872,-0.10712587838681549,-2.8446350476971265,-0.005482786812602857,0.3914237377814586,-2.968820835375137,-1.294335089101455,-1.5918283392636232,0.02229693936097143,0.3230890355771433
Vince Williams Jr.,Home,MEM,WAS,109,97,1,7ba360d6-877d-46e5-bbcf-7334db99b736,-2.1427162386052157,-2.1861779682267315,0.09390305601223872,-0.10712587838681549,-2.8446350476971265,-0.005482786812602857,0.3914237377814586,-2.968820835375137,-1.294335089101455,-1.5918283392636232,0.02229693936097143,0.3230890355771433
Ziaire Williams,Home,MEM,WAS,109,97,1,7ba360d6-877d-46e5-bbcf-7334db99b736,-2.1427162386052157,-2.1861779682267315,0.09390305601223872,-0.10712587838681549,-2.8446350476971265,-0.005482786812602857,0.3914237377814586,-2.968820835375137,-1.294335089101455,-1.5918283392636232,0.02229693936097143,0.3230890355771433
GG Jackson II,Home,MEM,CHO,98,110,0,b21b0b57-ac86-4244-bbae-b3eb7717db16,4.995707094733978,-0.20166161465316654,-0.5464101980841678,1.9154856478921387,0.16625917897745005,-0.8951012025912878,1.7179855051203532,2.0919249212975157,1.9726953008196193,1.655394571855541,-0.28337670268402915,-0.7584117470180262
John Konchar,Home,MEM,CHO,98,110,0,b21b0b57-ac86-4244-bbae-b3eb7717db16,1.3911888210874126,3.0941374715895194,1.4290187361001017,0.3163763182409767,2.4880270776469953,-1.4279487547187693,-1.7682249215930994,2.847754693807647,-1.294335089101455,0.6636844053378872,1.1411410772890063,-0.07834398504565554
Trey Jemison,Home,MEM,CHO,98,110,0,b21b0b57-ac86-4244-bbae-b3eb7717db16,0.012448539224174377,1.0848123044111961,0.12755196104532646,1.840626637198245,2.392192838848227,1.2919231977758527,3.414964485893085,1.6446001605240432,1.0857185634648452,0.7585379110731064,0.22937715781328444,0.018990294863314914
Luke Kennard,Home,MEM,CHO,98,110,0,b21b0b57-ac86-4244-bbae-b3eb7717db16,2.810403974837775,0.6452461856558295,-0.09672673527230748,-0.4564071975956553,0.20063592534962368,-0.8303456931247357,-0.23438927722116193,1.8491183017648742,0.40261216747517437,0.9668718691305886,0.6614513773814427,-0.11630771180061425
Scotty Pippen Jr.,Home,MEM,CHO,98,110,0,b21b0b57-ac86-4244-bbae-b3eb7717db16,-0.2528748076336584,4.891689808874162,-1.1576006746375154,-2.224895273653132,0.623763385444714,0.643291421925983,-0.1160972709918829,0.5330033321521761,0.2673601108113879,0.5859103239066648,0.9023296229827257,0.27471559540831986
Jake LaRavia,Home,MEM,CHO,98,110,0,b21b0b57-ac86-4244-bbae-b3eb7717db16,0.4594218944298823,0.649613165474287,3.1417474318711407,0.25970087977771616,0.8285247781624391,-1.129677701431282,1.5528365266314703,-1.0910169190005048,-1.294335089101455,1.16954071865171,-1.976337815558114,-0.36565858160346887
Jordan Goodwin,Home,MEM,CHO,98,110,0,b21b0b57-ac86-4244-bbae-b3eb7717db16,1.2610189074894798,1.7577455828272794,1.940052170463706,0.8257345839356655,0.342772911965694,1.1024181963223705,-1.0749248196625247,1.125144724146983,-1.294335089101455,1.0023952278393429,-0.3612428908984569,-0.40021148253374306
DeJon Jarreau,Home,MEM,CHO,98,110,0,b21b0b57-ac86-4244-bbae-b3eb7717db16,-1.6834998187183383,0.3657215360952227,-1.5861460207258078,-0.7845024856863883,1.4756337751996282,-1.2047249993463434,-2.2998034042449187,-1.583162099234157,1.6392959451225866,0.06146553455024424,-1.0660981021276084,-0.3688741954775871
Wenyen Gabriel,Home,MEM,CHO,98,110,0,b21b0b57-ac86-4244-bbae-b3eb7717db16,-1.7189911709434955,1.013714849798282,-1.23482845934776,2.718648875194303,3.186224987860963,0.23269759768186418,0.21624433883951807,-2.57577006757575,-1.294335089101455,0.292926567750282,-2.303248783214698,1.003272604795343
Lamar Stevens,Home,MEM,CHO,98,110,0,b21b0b57-ac86-4244-bbae-b3eb7717db16,-2.1427162386052157,-2.1861779682267315,0.09390305601223872,-0.10712587838681549,-2.8446350476971265,-0.005482786812602857,0.3914237377814586,-2.968820835375137,-1.294335089101455,-1.5918283392636232,0.02229693936097143,0.3230890355771433
Vince Williams Jr.,Home,MEM,CHO,98,110,0,b21b0b57-ac86-4244-bbae-b3eb7717db16,-2.1427162386052157,-2.1861779682267315,0.09390305601223872,-0.10712587838681549,-2.8446350476971265,-0.005482786812602857,0.3914237377814586,-2.968820835375137,-1.294335089101455,-1.5918283392636232,0.02229693936097143,0.3230890355771433
Ziaire Williams,Home,MEM,CHO,98,110,0,b21b0b57-ac86-4244-bbae-b3eb7717db16,-2.1427162386052157,-2.1861779682267315,0.09390305601223872,-0.10712587838681549,-2.8446350476971265,-0.005482786812602857,0.3914237377814586,-2.968820835375137,-1.294335089101455,-1.5918283392636232,0.02229693936097143,0.3230890355771433
Santi Aldama,Home,MEM,OKC,112,118,0,65dc456a-0cdb-4e96-9e91-339bc7c28645,2.2565089935781217,0.4689666872290688,0.07414844042361514,-0.9129009698981948,1.2323759238520104,0.2555669208561994,-0.6530137168001561,1.777789595619319,0.2824937386847981,1.083707151366461,0.42979140329760646,-0.3946823919097561
Jaren Jackson Jr.,Home,MEM,OKC,112,118,0,65dc456a-0cdb-4e96-9e91-339bc7c28645,2.062667457398276,4.570965482471884,-0.7667243376103766,0.4989180535558967,1.1836992447321386,0.3365567559627252,-1.6410091287128612,2.699611011955831,0.9954469520674198,1.1822044269632093,1.0052538875238823,-0.2912971340529102
GG Jackson II,Home,MEM,OKC,112,118,0,65dc456a-0cdb-4e96-9e91-339bc7c28645,2.2679438457287397,-0.6932296115962624,-0.8949360423242233,-1.3186312166084815,0.38833525681014036,0.5111752031820368,-0.08611821306507984,0.8759116191043448,3.842145171798246,1.397993282404324,-0.15833147432876454,-0.7520766831674189
Desmond Bane,Home,MEM,OKC,112,118,0,65dc456a-0cdb-4e96-9e91-339bc7c28645,3.6406449751046033,2.4829922481930655,-2.45875179014423,-0.6663173398956573,-0.022543356120048482,0.672347479021549,0.21730855451955708,1.261676270102956,2.1607516359504144,1.371186786447204,1.287671768363532,0.9512124179872099
Luke Kennard,Home,MEM,OKC,112,118,0,65dc456a-0cdb-4e96-9e91-339bc7c28645,1.10829569602089,3.1054330041306684,-1.6771428043722036,-1.6391587874388647,-0.5341344496503123,-0.5374831118541816,-0.9150927452122329,2.070567953039605,-1.294335089101455,0.6157487623247406,0.24654624552670934,-0.5109842409724829
John Konchar,Home,MEM,OKC,112,118,0,65dc456a-0cdb-4e96-9e91-339bc7c28645,-0.31697630490544615,1.128420324858801,-0.14604922142707613,0.2657278193020848,-0.6932159460814511,-0.6593287517178558,1.6581875117670708,2.1618089470423194,1.376032484802431,0.5453797724722422,-0.341484524706125,-0.7840065198678838
Jake LaRavia,Home,MEM,OKC,112,118,0,65dc456a-0cdb-4e96-9e91-339bc7c28645,1.0846690706362263,-0.02563807909136074,2.303940914551715,0.30379962426672724,0.36557403903970387,-0.9016091385391654,-0.25041974216387747,1.5356786716546853,2.2501477534970005,0.6104770504205379,0.8260576630886289,0.3665662505069663
Wenyen Gabriel,Home,MEM,OKC,112,118,0,65dc456a-0cdb-4e96-9e91-339bc7c28645,-1.4716586296399279,-1.7709345126115528,0.056628297274181894,0.2521420509115144,1.238714529564772,-1.2593532148088777,-0.4370314953746827,-1.0464789540484978,-1.294335089101455,-0.07688896236097788,-1.7592857025654853,0.29039924419956525
DeJon Jarreau,Home,MEM,OKC,112,118,0,65dc456a-0cdb-4e96-9e91-339bc7c28645,-1.612920446925001,-0.7492738417124867,-0.4702264712295484,1.8366073515399117,4.583601228529207,-2.4803531874452673,-4.5974604732613455,0.24157633117977595,-1.294335089101455,0.02219693562097538,-1.19531037219913,1.4673965796620119
Lamar Stevens,Home,MEM,OKC,112,118,0,65dc456a-0cdb-4e96-9e91-339bc7c28645,-2.1427162386052157,-2.1861779682267315,0.09390305601223872,-0.10712587838681549,-2.8446350476971265,-0.005482786812602857,0.3914237377814586,-2.968820835375137,-1.294335089101455,-1.5918283392636232,0.02229693936097143,0.3230890355771433
Vince Williams Jr.,Home,MEM,OKC,112,118,0,65dc456a-0cdb-4e96-9e91-339bc7c28645,-2.1427162386052157,-2.1861779682267315,0.09390305601223872,-0.10712587838681549,-2.8446350476971265,-0.005482786812602857,0.3914237377814586,-2.968820835375137,-1.294335089101455,-1.5918283392636232,0.02229693936097143,0.3230890355771433
Ziaire Williams,Home,MEM,OKC,112,118,0,65dc456a-0cdb-4e96-9e91-339bc7c28645,-2.1427162386052157,-2.1861779682267315,0.09390305601223872,-0.10712587838681549,-2.8446350476971265,-0.005482786812602857,0.3914237377814586,-2.968820835375137,-1.294335089101455,-1.5918283392636232,0.02229693936097143,0.3230890355771433
GG Jackson II,Away,MEM,SAC,111,121,0,1ba453aa-7c87-4091-ae79-5f89b11af0bf,3.3581301878787566,0.8922685335695227,2.4482841393719905,0.863118025312098,0.9470241690471279,-0.9328435321356354,-0.8786310609671156,2.661325220587096,0.9582762885508328,1.3292737291712555,0.6269920223713655,-0.6714776782876886
Jaren Jackson Jr.,Away,MEM,SAC,111,121,0,1ba453aa-7c87-4091-ae79-5f89b11af0bf,3.356738906717571,2.62130046319881,-0.7494576018229818,0.9751438433995594,0.3521847327600523,4.312278476456286,0.7901326597536487,-0.30440889957888073,3.9956172922093156,2.258468683806186,0.07817482341820452,0.30823072071890806
Santi Aldama,Away,MEM,SAC,111,121,0,1ba453aa-7c87-4091-ae79-5f89b11af0bf,1.5083426014487478,1.0701402044266928,1.104363373584312,0.38769489553613923,2.3300381178262666,-0.025881303365833816,-1.3860129727923776,1.2103061861932696,0.9419322358765766,1.0821058101688505,0.3432145100397008,-0.2000315837462172
Desmond Bane,Away,MEM,SAC,111,121,0,1ba453aa-7c87-4091-ae79-5f89b11af0bf,3.0276231688908295,1.7972123434157345,1.8296882453397516,-1.3197329218524898,0.08063652909945683,-0.6755052553364704,-1.2767800429587126,0.7044258388338653,4.033393894085695,1.8422082649856777,-0.09967329148526931,-1.5048405767461563
John Konchar,Away,MEM,SAC,111,121,0,1ba453aa-7c87-4091-ae79-5f89b11af0bf,-0.8357405770920194,2.872827219417867,3.103366239886768,-0.14735595837840526,3.643875342339576,0.8135664378108859,1.0799773478265056,-0.07526079899323002,1.195903030317585,0.40230827976650735,1.203556912079385,0.4571597397376645
Jake LaRavia,Away,MEM,SAC,111,121,0,1ba453aa-7c87-4091-ae79-5f89b11af0bf,1.402271877430253,0.4835634255882362,-1.3404380844634063,-0.6620696936766649,1.71951396300936,-1.2446271310707901,0.5113127736274136,0.374332646948809,1.0035291931457202,1.4646826025485686,-1.0044728725263978,-1.0242662633535087
DeJon Jarreau,Away,MEM,SAC,111,121,0,1ba453aa-7c87-4091-ae79-5f89b11af0bf,0.27205823277158636,-0.3361113891363693,-1.0044826420296444,-0.3872683308097235,-0.05201015619033807,-0.7998162757245587,0.11855204082073982,1.0439196991532953,-0.5509983418420693,0.5930029340686532,-0.27502547872028654,0.12267260090751597
Trey Jemison,Away,MEM,SAC,111,121,0,1ba453aa-7c87-4091-ae79-5f89b11af0bf,-2.072085329962679,-0.765023428115218,-0.7326017929945436,-0.9024595978000076,2.1820100602448735,-1.8206373443578878,3.589202191271828,-1.747819137885783,-1.294335089101455,-0.6775045232427626,-0.6811514218057501,-0.11518283862304322
Luke Kennard,Away,MEM,SAC,111,121,0,1ba453aa-7c87-4091-ae79-5f89b11af0bf,-2.1427162386052157,-2.1861779682267315,0.09390305601223872,-0.10712587838681549,-2.8446350476971265,-0.005482786812602857,0.3914237377814586,-2.968820835375137,-1.294335089101455,-1.5918283392636232,0.02229693936097143,0.3230890355771433
Lamar Stevens,Away,MEM,SAC,111,121,0,1ba453aa-7c87-4091-ae79-5f89b11af0bf,-2.1427162386052157,-2.1861779682267315,0.09390305601223872,-0.10712587838681549,-2.8446350476971265,-0.005482786812602857,0.3914237377814586,-2.968820835375137,-1.294335089101455,-1.5918283392636232,0.02229693936097143,0.3230890355771433
Vince Williams Jr.,Away,MEM,SAC,111,121,0,1ba453aa-7c87-4091-ae79-5f89b11af0bf,-2.1427162386052157,-2.1861779682267315,0.09390305601223872,-0.10712587838681549,-2.8446350476971265,-0.005482786812602857,0.3914237377814586,-2.968820835375137,-1.294335089101455,-1.5918283392636232,0.02229693936097143,0.3230890355771433
Ziaire Williams,Away,MEM,SAC,111,121,0,1ba453aa-7c87-4091-ae79-5f89b11af0bf,-2.1427162386052157,-2.1861779682267315,0.09390305601223872,-0.10712587838681549,-2.8446350476971265,-0.005482786812602857,0.3914237377814586,-2.968820835375137,-1.294335089101455,-1.5918283392636232,0.02229693936097143,0.3230890355771433
GG Jackson II,Away,MEM,GSW,116,137,0,77fbff93-af38-476e-a758-8e00d70df1e9,6.6095543025061385,-0.30724143937285625,-0.9073017789503965,-0.37805045292656664,0.4995740447121429,-0.8302145305529953,-0.5155760010154868,2.8753234160125674,3.098669968458929,1.6204415424559353,1.0382246383340457,-1.2515388956641553
Santi Aldama,Away,MEM,GSW,116,137,0,77fbff93-af38-476e-a758-8e00d70df1e9,5.260609414246236,1.2608171378214101,0.8085938448825608,-0.939761467969738,3.0041917867782684,-0.34368004906032784,0.26766138846150817,2.2062449912697404,1.422399823980132,1.7866671661620728,0.03165278345159215,-2.347568443461061
John Konchar,Away,MEM,GSW,116,137,0,77fbff93-af38-476e-a758-8e00d70df1e9,-1.7190515551369938,1.7364007059425,-0.5463861998698759,0.4478389114762133,1.615454383144585,-1.2023064057778348,-0.18095154391047027,-1.3649034343726707,-1.294335089101455,0.46166810713151396,-1.5098551447846265,-0.9814379376860507
Jaren Jackson Jr.,Away,MEM,GSW,116,137,0,77fbff93-af38-476e-a758-8e00d70df1e9,3.515785382160114,1.3276859170896902,-0.1807780362124097,0.060107238451523055,0.09298977860228609,-0.7386416161603481,-0.23566939366755527,1.4885839075196259,0.06159393777313871,1.9941457894262058,-1.1346322673688287,-1.9053159987730772
Desmond Bane,Away,MEM,GSW,116,137,0,77fbff93-af38-476e-a758-8e00d70df1e9,1.225088833230148,0.3990937778012951,-1.3964118614454974,-0.24137099504844517,-1.0108870515491992,1.0885717144562375,-0.22462712851227695,-0.6636404328929673,-1.294335089101455,1.18303206937175,-2.314719933412944,0.06924292174693138
Jake LaRavia,Away,MEM,GSW,116,137,0,77fbff93-af38-476e-a758-8e00d70df1e9,1.0491688710667697,-0.7241394985348307,-0.8343181571290439,-0.47658662054171125,1.340967474195693,0.06921384642344341,2.4306621240709605,0.7933141698574055,2.3019603649320524,0.8878263213712044,-0.2702322505005905,-0.08187582111243005
Trey Jemison,Away,MEM,GSW,116,137,0,77fbff93-af38-476e-a758-8e00d70df1e9,-1.2948966127853987,-0.3162606266686069,-0.797261670224069,0.5469313433225845,0.32073582975572534,-0.830262572952995,-0.2816743276485839,-0.32215477596054787,-1.294335089101455,0.0186945297467962,-0.37840921447197545,1.1862556623068847
DeJon Jarreau,Away,MEM,GSW,116,137,0,77fbff93-af38-476e-a758-8e00d70df1e9,-1.3303968123548553,0.042888517293588876,-1.3295725533671856,-1.7485737636235537,4.538488243301406,-2.324499891839719,0.9147500785231413,-1.1489145709246524,-1.294335089101455,0.18304792561214667,-0.9354790414911454,-0.22386927674279092
MÃ£ozinha Pereira,Away,MEM,GSW,116,137,0,77fbff93-af38-476e-a758-8e00d70df1e9,-1.612920446925001,-1.9785562404191421,0.07526567664321031,0.07250808626234946,-1.974737164576835,-0.1132938073945867,0.01959785016392055,0.6221482888387954,-1.294335089101455,-0.633566850714779,-0.8845132991466813,1.6287513045079007
Lamar Stevens,Away,MEM,GSW,116,137,0,77fbff93-af38-476e-a758-8e00d70df1e9,-2.1427162386052157,-2.1861779682267315,0.09390305601223872,-0.10712587838681549,-2.8446350476971265,-0.005482786812602857,0.3914237377814586,-2.968820835375137,-1.294335089101455,-1.5918283392636232,0.02229693936097143,0.3230890355771433
Vince Williams Jr.,Away,MEM,GSW,116,137,0,77fbff93-af38-476e-a758-8e00d70df1e9,-2.1427162386052157,-2.1861779682267315,0.09390305601223872,-0.10712587838681549,-2.8446350476971265,-0.005482786812602857,0.3914237377814586,-2.968820835375137,-1.294335089101455,-1.5918283392636232,0.02229693936097143,0.3230890355771433
Ziaire Williams,Away,MEM,GSW,116,137,0,77fbff93-af38-476e-a758-8e00d70df1e9,-2.1427162386052157,-2.1861779682267315,0.09390305601223872,-0.10712587838681549,-2.8446350476971265,-0.005482786812602857,0.3914237377814586,-2.968820835375137,-1.294335089101455,-1.5918283392636232,0.02229693936097143,0.3230890355771433
GG Jackson II,Away,MEM,SAS,99,97,1,0f10f6ee-e2a2-4f95-87bb-6db32f3fc563,2.143900010844579,0.8209757446297864,-1.3158790798750564,0.8528886774475202,1.612476462962593,-1.2490165351751632,0.7462674336377613,0.11446815698460884,0.9265328187185046,1.6127125063952912,-1.0059912583840316,-0.5861248125582679
Jaren Jackson Jr.,Away,MEM,SAS,99,97,1,0f10f6ee-e2a2-4f95-87bb-6db32f3fc563,3.8754001052057467,1.7272886850588745,-0.33726028757772186,1.3081110096924782,1.8018197165581544,1.3380209755138326,0.3152298861070265,1.0365142741779854,2.054549740188737,1.7309143474364552,1.341321745178222,0.42844593551569593
Santi Aldama,Away,MEM,SAS,99,97,1,0f10f6ee-e2a2-4f95-87bb-6db32f3fc563,1.7797743323317534,-1.1370468004959244,-0.7050285216785729,-1.2580659799015261,3.981519483595091,-0.43040650822970566,-2.261387491759848,2.2324253262000338,1.019342378613797,0.7908787634416647,0.8385185709546725,-0.9651356534614728
John Konchar,Away,MEM,SAS,99,97,1,0f10f6ee-e2a2-4f95-87bb-6db32f3fc563,0.09523583172355865,0.05571111933486586,0.2554673445494651,0.19753527900328224,-0.051843139710278346,-0.6502539811875945,-1.1753884968917658,1.700355195576255,-1.294335089101455,0.12149421952112786,1.2385805894420856,1.0369267676922258
Jordan Goodwin,Away,MEM,SAS,99,97,1,0f10f6ee-e2a2-4f95-87bb-6db32f3fc563,-1.1186248548142426,2.34524221208471,-1.0320796289842213,0.15399291020066344,0.19423402008327803,-0.7508045897790061,-1.353044662590232,-1.1144522504132517,-1.294335089101455,0.4185842300837442,-0.6681162493817052,-0.17300507686144587
Jake LaRavia,Away,MEM,SAS,99,97,1,0f10f6ee-e2a2-4f95-87bb-6db32f3fc563,0.35448463671681824,-0.018152357311957263,0.6360172438127477,0.45408541538688624,0.4107662649510449,-0.9323522722815397,0.6911879005969881,1.0563287165166675,5.047016060249918,0.37923714031124345,1.9771690565656739,1.5675712448179142
Scotty Pippen Jr.,Away,MEM,SAS,99,97,1,0f10f6ee-e2a2-4f95-87bb-6db32f3fc563,1.1557298539686378,3.41407531881914,3.486032327367745,0.04552306428301672,-0.6616207788187339,-0.6065256803227554,0.321524261680868,2.8834806134189708,3.093165876929133,0.7882385902598519,2.279279509988663,0.167107313988418
MÃ£ozinha Pereira,Away,MEM,SAS,99,97,1,0f10f6ee-e2a2-4f95-87bb-6db32f3fc563,-1.789622079586032,-0.07058372702838836,1.2934658117840374,1.191158117280085,-0.3104771003575067,-0.6787044136287624,-1.0936910774407163,-2.7092990082922985,-1.294335089101455,-0.2782371480071396,-1.0947746020166196,1.0232662745097776
DeJon Jarreau,Away,MEM,SAS,99,97,1,0f10f6ee-e2a2-4f95-87bb-6db32f3fc563,-1.8071314736012234,0.2021282228844442,1.5063403636140644,1.1749764334066752,-0.25764546746128014,1.6045947179067859,-0.6017900243857873,-2.6644745455786483,0.5992410350666286,0.23093036470557865,-1.796906092844521,0.6403836012931984
Lamar Stevens,Away,MEM,SAS,99,97,1,0f10f6ee-e2a2-4f95-87bb-6db32f3fc563,-2.1427162386052157,-2.1861779682267315,0.09390305601223872,-0.10712587838681549,-2.8446350476971265,-0.005482786812602857,0.3914237377814586,-2.968820835375137,-1.294335089101455,-3.40313661484919,0.2223130528545835,-0.8484238575049496
Vince Williams Jr.,Away,MEM,SAS,99,97,1,0f10f6ee-e2a2-4f95-87bb-6db32f3fc563,-2.1427162386052157,-2.1861779682267315,0.09390305601223872,-0.10712587838681549,-2.8446350476971265,-0.005482786812602857,0.3914237377814586,-2.968820835375137,-1.294335089101455,-1.5918283392636232,0.02229693936097143,0.3230890355771433
Ziaire Williams,Away,MEM,SAS,99,97,1,0f10f6ee-e2a2-4f95-87bb-6db32f3fc563,-2.1427162386052157,-2.1861779682267315,0.09390305601223872,-0.10712587838681549,-2.8446350476971265,-0.005482786812602857,0.3914237377814586,-2.968820835375137,-1.294335089101455,-1.5918283392636232,0.02229693936097143,0.3230890355771433
Desmond Bane,Away,MEM,DEN,103,128,0,f3a0ec58-68f4-4b7d-a71d-935d918f46b7,1.9145067382460779,1.323184001970838,-0.3013030174737697,0.5648181141209191,-0.43148803839462235,-0.6033192135625038,0.06383636000024408,0.861474929457861,0.39464702529304857,1.4168168465887085,-1.5944887503529845,-1.1440921328400842
Santi Aldama,Away,MEM,DEN,103,128,0,f3a0ec58-68f4-4b7d-a71d-935d918f46b7,-0.5998605826276691,0.484291621848671,0.04305571083498793,0.0014394353157056441,4.294433092534945,3.490384906291244,-0.5059402498495581,1.813724199694699,-1.294335089101455,0.46696848976332345,-0.5064100670762615,-1.3562353573775423
GG Jackson II,Away,MEM,DEN,103,128,0,f3a0ec58-68f4-4b7d-a71d-935d918f46b7,2.267540513071763,-0.3549321981879788,0.41944253518922225,-0.5277511964935153,-0.3954424483934259,-0.6183167687190119,0.05229240505309753,0.7512130855894391,0.38933693050496476,1.2300272936940342,-0.934382250151234,-0.9039013694374778
Jaren Jackson Jr.,Away,MEM,DEN,103,128,0,f3a0ec58-68f4-4b7d-a71d-935d918f46b7,1.5545652142089674,2.2777407056198764,0.7637385697761517,-1.3366984748731425,2.1032942170032145,4.384131323192686,2.2232689356918,-0.6471006738836111,0.8893621552019176,1.6490248091969404,-1.0951698304983652,-1.3157951847351923
Scotty Pippen Jr.,Away,MEM,DEN,103,128,0,f3a0ec58-68f4-4b7d-a71d-935d918f46b7,1.8152656845569108,2.462027103238465,-2.2097287222021578,1.600672458135276,-0.8119383906367073,-0.513097785407831,0.3860074628495069,2.3574867910052193,2.2501477534970005,1.1660496659916604,-0.9488346582998296,-0.8686886199340274
Lamar Stevens,Away,MEM,DEN,103,128,0,f3a0ec58-68f4-4b7d-a71d-935d918f46b7,0.5602174417700555,-0.3944703600756113,0.663752434343546,-1.1357539090087105,-0.1879058209099664,-0.7114032874624909,0.03750547407752082,1.4434102377921771,3.9503282091494993,0.7497645125456864,0.9006011689497228,-0.804824916899837
Jake LaRavia,Away,MEM,DEN,103,128,0,f3a0ec58-68f4-4b7d-a71d-935d918f46b7,-0.2182343574439517,-0.3315801656612223,0.7662915453654195,-0.7732243829448469,-0.8789382129010989,-0.4428016558349753,-0.7080883916367673,-1.4279499680162266,0.6510347471623567,0.7453887687449566,-2.34002704844664,0.03298081490465481
Trey Jemison,Away,MEM,DEN,103,128,0,f3a0ec58-68f4-4b7d-a71d-935d918f46b7,-0.9414418106141375,0.4939611314975964,0.4751582754308987,1.103522312632009,1.7317987734391536,0.1788782319225223,1.684234516513788,0.9155866576407594,1.2848471180179897,0.22253963252660985,-0.09237830524318964,0.13841190988983798
DeJon Jarreau,Away,MEM,DEN,103,128,0,f3a0ec58-68f4-4b7d-a71d-935d918f46b7,-0.31739733225102174,-0.11669187158630112,-1.141945081250628,-0.4573535331335736,0.6910022243057531,-1.057614081195456,0.8103373034979663,0.2962782440721434,-0.013389506084756362,0.3029263802660646,-0.774773638730519,0.3059019681817243
MÃ£ozinha Pereira,Away,MEM,DEN,103,128,0,f3a0ec58-68f4-4b7d-a71d-935d918f46b7,-0.7410620157192436,-0.5618901581883778,3.249651719579918,-0.5968524741622533,5.353505287750233,-3.2447597538323674,3.4128204824350177,1.7760556818473905,-0.7567262533441417,0.20911987555799488,2.0347658674767493,-0.6075723648546657
Vince Williams Jr.,Away,MEM,DEN,103,128,0,f3a0ec58-68f4-4b7d-a71d-935d918f46b7,-2.1427162386052157,-2.1861779682267315,0.09390305601223872,-0.10712587838681549,-2.8446350476971265,-0.005482786812602857,0.3914237377814586,-2.968820835375137,-1.294335089101455,-3.40313661484919,0.2223130528545835,-0.8484238575049496
Ziaire Williams,Away,MEM,DEN,103,128,0,f3a0ec58-68f4-4b7d-a71d-935d918f46b7,-2.1427162386052157,-2.1861779682267315,0.09390305601223872,-0.10712587838681549,-2.8446350476971265,-0.005482786812602857,0.3914237377814586,-2.968820835375137,-1.294335089101455,-3.40313661484919,0.2223130528545835,-0.8484238575049496
Desmond Bane,Home,MEM,LAL,124,136,0,a98e904f-2996-4fa8-b8bf-6363ea5d7540,3.9940997772758644,5.807579314447306,-3.2401482022103463,-2.377204290266269,-0.07598100108152599,-0.6365499852606775,-1.224736085079074,1.8209979012124733,3.0362326898781813,1.6141813982193058,0.6781473867700426,-0.8875773364142568
Jaren Jackson Jr.,Home,MEM,LAL,124,136,0,a98e904f-2996-4fa8-b8bf-6363ea5d7540,1.3014849320323039,1.9642767437818665,2.1372316853152262,-0.20041831210276245,3.324048358885149,-0.40311281813846545,0.9661914736271557,0.002760984936641227,2.6271270426810087,1.6392426825944608,-1.4162480901428598,-1.6450957606955874
GG Jackson II,Home,MEM,LAL,124,136,0,a98e904f-2996-4fa8-b8bf-6363ea5d7540,0.8724157015565399,0.05500345209139938,-0.6624928416669212,2.3357131456071407,0.2436879379309926,-0.7554047641403231,-1.4725435838079586,0.6257345802498868,1.0485478999482583,0.9752305796769255,-1.899791478287164,-0.3160618984256777
Santi Aldama,Home,MEM,LAL,124,136,0,a98e904f-2996-4fa8-b8bf-6363ea5d7540,0.3070681734576696,-0.8230070096677676,0.9372307965887805,-0.2819353573284089,-0.24190442791086883,-0.6872879343877661,-0.03191702436552696,1.2862353549216072,-1.294335089101455,0.38023553999106174,-1.0595446770515504,-0.6613889970723236
Scotty Pippen Jr.,Home,MEM,LAL,124,136,0,a98e904f-2996-4fa8-b8bf-6363ea5d7540,0.7842842462431115,1.725274546259681,1.3234097362519266,0.8061545743599391,-0.4352548978292302,1.0401863854181637,-0.6294183380304441,1.2760577576218057,0.23018944729480095,1.0021564388580608,-1.6640959034793374,-1.4813577330509882
Jake LaRavia,Home,MEM,LAL,124,136,0,a98e904f-2996-4fa8-b8bf-6363ea5d7540,4.737360728625369,2.027056554569096,-0.7227668150425429,0.7796320457227875,1.489568058828184,-1.3223506532122757,1.9178035528268416,3.40724249616282,-0.994352995110894,0.9860843327411375,1.771802826046221,0.011395872046362063
Brandon Clarke,Home,MEM,LAL,124,136,0,a98e904f-2996-4fa8-b8bf-6363ea5d7540,-0.7651008211051836,-0.9059395219351435,1.0654955083244324,-0.5476945222167909,1.4848594078626909,-1.3808451836858358,1.484801282722862,0.006891017860546171,-0.8987712889253847,-0.13674433279736067,0.7608579501473962,1.7157966734274122
Lamar Stevens,Home,MEM,LAL,124,136,0,a98e904f-2996-4fa8-b8bf-6363ea5d7540,0.6300151430657402,-0.6985797768120009,0.7631741406398425,-1.1934574993814095,0.6631938152960889,-0.9245484913831479,-1.8127836150285532,-0.10932424687801283,0.40261216747517437,0.7335199697964564,-0.14943270011123885,0.6514616382148843
DeJon Jarreau,Home,MEM,LAL,124,136,0,a98e904f-2996-4fa8-b8bf-6363ea5d7540,-0.8708624388207998,-1.2287057294413977,-0.5260622050403381,-0.8167910487420151,-0.1356350902322847,2.2670028269932994,-0.5894465605891813,3.409986839624449,-1.294335089101455,-0.3971962752436038,1.9443028433373153,-0.02796695927789808
MÃ£ozinha Pereira,Home,MEM,LAL,124,136,0,a98e904f-2996-4fa8-b8bf-6363ea5d7540,-1.5067893387130078,-2.1861779682267315,0.09390305601223872,-0.10712587838681549,3.802017268467022,-3.047361343148285,6.6483753839751785,3.409986839624449,-1.294335089101455,1.658926189220407,5.419200630854495,-3.0672680469659688
Vince Williams Jr.,Home,MEM,LAL,124,136,0,a98e904f-2996-4fa8-b8bf-6363ea5d7540,-2.1427162386052157,-2.1861779682267315,0.09390305601223872,-0.10712587838681549,-2.8446350476971265,-0.005482786812602857,0.3914237377814586,-2.968820835375137,-1.294335089101455,-1.5918283392636232,0.02229693936097143,0.3230890355771433
Ziaire Williams,Home,MEM,LAL,124,136,0,a98e904f-2996-4fa8-b8bf-6363ea5d7540,-2.1427162386052157,-2.1861779682267315,0.09390305601223872,-0.10712587838681549,-2.8446350476971265,-0.005482786812602857,0.3914237377814586,-2.968820835375137,-1.294335089101455,-1.5918283392636232,0.02229693936097143,0.3230890355771433
GG Jackson II,Away,MEM,ORL,88,118,0,ac69136f-b6fc-42da-9b93-925b7941102a,0.4312327767288272,1.0892377997239342,-0.3230895657215535,0.36694045500446687,-0.5345568552526077,-0.5295453774153749,-0.9242852158423831,0.6096710919249985,3.1249484290638696,1.2465834231984352,-1.636516807913861,-1.500807001676738
Luke Kennard,Away,MEM,ORL,88,118,0,ac69136f-b6fc-42da-9b93-925b7941102a,1.031186912856804,1.9190905138983314,-2.2180315181316614,0.4399352596565076,1.0321650469774732,0.8196182089467173,-1.4834723742611953,0.33492355672183655,0.4331452125066565,1.2553405380801208,-1.7553803018173928,-1.0277833180323468
Jake LaRavia,Away,MEM,ORL,88,118,0,ac69136f-b6fc-42da-9b93-925b7941102a,0.8724245489008393,0.2201527840010609,0.4154932138262362,0.8137803044171847,-0.9144618307789563,-0.49361772552527716,0.4203836606049565,1.1625948177631744,-1.294335089101455,0.9477376024158697,-1.4774195786007944,-1.1449527142418847
Jaren Jackson Jr.,Away,MEM,ORL,88,118,0,ac69136f-b6fc-42da-9b93-925b7941102a,-0.7299789593764032,1.0976450378711244,0.22441963866930212,1.710523895107761,0.783971637376101,0.9633480513021294,-0.1649111926772635,-1.7036098192176474,1.0485478999482583,1.2808961279884687,-3.3788528014649115,-1.1371411526375768
Scotty Pippen Jr.,Away,MEM,ORL,88,118,0,ac69136f-b6fc-42da-9b93-925b7941102a,0.5659136457939525,1.710044729086158,-0.10829064544722365,0.9188350311234591,0.3367642747656596,1.3842414312903872,-0.9982434906022489,0.47748137949155084,1.019342378613797,1.0502664634425671,-0.8690126810506478,-0.27330513903196735
MÃ£ozinha Pereira,Away,MEM,ORL,88,118,0,ac69136f-b6fc-42da-9b93-925b7941102a,-0.9945117883922837,0.9797906877428085,1.7003438924132985,0.6623727318603829,4.073431933966614,3.4090425849261634,1.8197468172076867,0.17009937102728473,2.1897085208582485,0.5398556349665852,-0.43647585222956503,-0.7450216948424655
Jordan Goodwin,Away,MEM,ORL,88,118,0,ac69136f-b6fc-42da-9b93-925b7941102a,2.616201795505852,2.076191121675553,0.8916947036157061,-0.39861097066847584,4.469348247933517,-2.2831846760620182,1.477312195166625,1.3848464609639077,-1.294335089101455,1.2854511457602789,0.19236513233545716,-1.2220195523454636
Lamar Stevens,Away,MEM,ORL,88,118,0,ac69136f-b6fc-42da-9b93-925b7941102a,0.35366027671426603,-0.3167835164624013,0.6843184730582181,-1.2053486263958493,0.4775792669550672,-0.9298719978852691,-0.3510460237527831,-0.04050772189592362,-1.294335089101455,0.6750929299796951,-0.9335371723681519,-0.5354876038742887
Brandon Clarke,Away,MEM,ORL,88,118,0,ac69136f-b6fc-42da-9b93-925b7941102a,0.17121975052443855,0.8341962337359972,-0.05485629268220226,-2.1452583730348347,1.0777573704529906,1.259140420268916,-1.4720982410698085,1.360890184785519,0.23018944729480095,0.5439565158955593,0.9211327381637494,-0.9531066247513033
Zavier Simpson,Away,MEM,ORL,88,118,0,ac69136f-b6fc-42da-9b93-925b7941102a,-2.072085329962679,3.6551577325702747,-0.5610483580739709,-1.0244435936952914,-0.9746678566087187,-0.6143331430927401,1.4204640582510095,-2.271105579666935,-1.294335089101455,-0.8790143852747281,1.0530141035983138,1.0921565440186605
Vince Williams Jr.,Away,MEM,ORL,88,118,0,ac69136f-b6fc-42da-9b93-925b7941102a,-2.1427162386052157,-2.1861779682267315,0.09390305601223872,-0.10712587838681549,-2.8446350476971265,-0.005482786812602857,0.3914237377814586,-2.968820835375137,-1.294335089101455,-1.5918283392636232,0.02229693936097143,0.3230890355771433
Ziaire Williams,Away,MEM,ORL,88,118,0,ac69136f-b6fc-42da-9b93-925b7941102a,-2.1427162386052157,-2.1861779682267315,0.09390305601223872,-0.10712587838681549,-2.8446350476971265,-0.005482786812602857,0.3914237377814586,-2.968820835375137,-1.294335089101455,-1.5918283392636232,0.02229693936097143,0.3230890355771433
Luke Kennard,Away,MEM,DET,110,108,1,b2a71186-81fc-4598-b51b-84b5add3d275,3.8409732331502977,2.4085208476521958,-1.42661085263199,-1.3822626400301177,-0.6759061738075971,-0.48368894055466277,-0.8177964763309793,2.1549033915630744,-1.294335089101455,1.1198488356153982,0.8539904051637209,-0.18336783086304204
Jaren Jackson Jr.,Away,MEM,DET,110,108,1,b2a71186-81fc-4598-b51b-84b5add3d275,4.4415808406514685,2.4204052304749752,1.822201924604999,-0.2869940172583101,2.2986038816160277,1.3330778828464263,0.06914892425988783,2.0276525681035835,6.34499986937332,2.3013611451387814,1.1775188501498042,-1.881907423538747
GG Jackson II,Away,MEM,DET,110,108,1,b2a71186-81fc-4598-b51b-84b5add3d275,0.4952827371514161,-0.46574277136215536,-0.9302054890018068,-1.1641005643103535,0.3699315630181431,0.6684809942165021,-1.124440008197525,1.152860441548551,1.0485478999482583,0.7569272835731359,-0.5412512537205821,-0.7725169041774452
Santi Aldama,Away,MEM,DET,110,108,1,b2a71186-81fc-4598-b51b-84b5add3d275,-1.4010881051908899,-1.0743516073281363,-0.47361674490418465,-0.5115651626195732,1.0317295786341982,3.9579827092741007,-0.718536771542545,-0.04945556916506382,-1.294335089101455,-0.2878491354150086,0.13007043268478738,0.636794984025658
Scotty Pippen Jr.,Away,MEM,DET,110,108,1,b2a71186-81fc-4598-b51b-84b5add3d275,-1.507219213402883,2.5583743291187764,2.836582064434751,-0.23168600991166963,-2.206709933408913,-0.08454420190605769,0.11875142019526402,-1.8406183814464452,-1.294335089101455,-0.14273048219337256,-0.8525433969626969,0.5445877914944824
Jake LaRavia,Away,MEM,DET,110,108,1,b2a71186-81fc-4598-b51b-84b5add3d275,0.8373969135261572,0.8572227367801221,-1.1707126410386095,1.5435007235237772,0.4226459730906704,-0.9671108734099629,0.8671957867248242,0.47180823215719725,2.143945857735323,0.84356285285902,-0.20986306908866997,1.5680306512790019
Jordan Goodwin,Away,MEM,DET,110,108,1,b2a71186-81fc-4598-b51b-84b5add3d275,-0.6593995875830656,0.6127898438018111,-1.5539016900998444,-0.8911698717426741,6.026991767837528,-2.808207662993021,0.9518958412176103,-0.6953462123498276,-1.294335089101455,0.1808913444916904,0.4864675187528867,1.315946448436996
Brandon Clarke,Away,MEM,DET,110,108,1,b2a71186-81fc-4598-b51b-84b5add3d275,0.9194465268473108,-0.5217420889176416,1.0899927218330339,0.6616276379713972,3.517317698200019,1.2013244570032902,3.4656115588157497,2.3512674685222317,-1.294335089101455,0.5548955209309726,1.2949759549441635,0.7598454700186144
Lamar Stevens,Away,MEM,DET,110,108,1,b2a71186-81fc-4598-b51b-84b5add3d275,-0.5002073489372258,0.7480269979087024,3.6022979932784147,-0.8275562012469543,0.165484359586043,0.815924105740185,0.24832683084078902,-0.25257646436024317,0.44843420081241847,0.20081651730380137,0.6990399378356185,1.1646184838343754
MÃ£ozinha Pereira,Away,MEM,DET,110,108,1,b2a71186-81fc-4598-b51b-84b5add3d275,-2.1427162386052157,-2.1861779682267315,0.09390305601223872,-0.10712587838681549,-2.8446350476971265,-0.005482786812602857,0.3914237377814586,-2.968820835375137,-1.294335089101455,-3.40313661484919,0.2223130528545835,-0.8484238575049496
Zavier Simpson,Away,MEM,DET,110,108,1,b2a71186-81fc-4598-b51b-84b5add3d275,-2.1427162386052157,-2.1861779682267315,0.09390305601223872,-0.10712587838681549,-2.8446350476971265,-0.005482786812602857,0.3914237377814586,-2.968820835375137,-1.294335089101455,-3.40313661484919,0.2223130528545835,-0.8484238575049496
Ziaire Williams,Away,MEM,DET,110,108,1,b2a71186-81fc-4598-b51b-84b5add3d275,-2.1427162386052157,-2.1861779682267315,0.09390305601223872,-0.10712587838681549,-2.8446350476971265,-0.005482786812602857,0.3914237377814586,-2.968820835375137,-1.294335089101455,-1.5918283392636232,0.02229693936097143,0.3230890355771433
GG Jackson II,Away,MEM,MIL,111,101,1,0e3cf374-956a-4815-aa74-46a94d18c1ab,1.7732449209610048,-0.44890822248415085,-0.604441121583825,1.144433255011398,3.0277478608626374,-1.4259207949812929,-2.976607868342858,1.3793105085864608,0.41057730965730016,0.7260027425014226,1.4092998345426437,1.7255705108002164
Jaren Jackson Jr.,Away,MEM,MIL,111,101,1,0e3cf374-956a-4815-aa74-46a94d18c1ab,5.094183927212017,1.295208502145873,2.110702191120955,-1.7156925354196673,-0.5303499588748288,0.8031382235763271,-0.5530724919751359,1.4182000034392086,2.43596363030999,1.6297333002605268,2.959151300570613,0.680129533863106
Luke Kennard,Away,MEM,MIL,111,101,1,0e3cf374-956a-4815-aa74-46a94d18c1ab,-0.988394557022811,0.6041152647591629,-1.515238562184411,0.625062945718459,-0.6924443547493825,-0.4912592590529904,-0.7854766918086722,0.2926205230228965,-1.294335089101455,0.3920235432407061,-1.2471400849565388,-0.25948186128511025
Scotty Pippen Jr.,Away,MEM,MIL,111,101,1,0e3cf374-956a-4815-aa74-46a94d18c1ab,-0.7651008211051836,0.40902870459328683,-1.338644847598471,0.3853426449990271,-0.5329044369628431,1.263396608011904,-0.4717420572838764,-0.16800145534420824,-1.294335089101455,0.4942550921072348,-0.8196569033220306,0.376888877279802
Trey Jemison,Away,MEM,MIL,111,101,1,0e3cf374-956a-4815-aa74-46a94d18c1ab,-0.8532411237629113,-2.1861779682267315,0.09390305601223872,-0.10712587838681549,1.5492819431007936,2.321701099455374,1.4589951689877054,-0.042772624109804695,0.3151509639041425,0.5821104766107126,-1.2265385552534298,-0.9415263572842278
Jordan Goodwin,Away,MEM,MIL,111,101,1,0e3cf374-956a-4815-aa74-46a94d18c1ab,0.3830520922585495,0.861369588547782,-1.892332876365435,-1.7423590669764193,4.24138913286318,-2.115183803878754,0.7407430552711414,1.1366693710232312,0.2009839259603398,0.442144399832968,2.1363516499146913,0.8148450883485436
Jake LaRavia,Away,MEM,MIL,111,101,1,0e3cf374-956a-4815-aa74-46a94d18c1ab,-0.31698515224974555,1.0548346593988314,1.5944132749909639,0.21239291073387437,-0.8274854385526133,1.0505880946223016,-0.35109682807914955,1.451526420722257,2.722746189636463,0.02993632781006973,1.754786186594763,1.431318970280733
Lamar Stevens,Away,MEM,MIL,111,101,1,0e3cf374-956a-4815-aa74-46a94d18c1ab,0.03618708565153538,-1.4268998697755269,-0.2049302093917396,-0.12433227463594992,3.847271316492612,-0.5566680796690423,2.9697420100097527,1.4950401945588505,-1.294335089101455,0.3474084874647054,0.7809733976991373,0.9908707444477478
Brandon Clarke,Away,MEM,MIL,111,101,1,0e3cf374-956a-4815-aa74-46a94d18c1ab,0.43612207003669573,-0.6938815967739109,-0.9208746991347554,-1.3760855759860864,3.1207075419626076,1.7767951171906178,0.39640643946559556,1.4685645859204457,-0.6173745266931174,0.5217606678926323,1.8729142742526943,-0.16796141264728368
Santi Aldama,Away,MEM,MIL,111,101,1,0e3cf374-956a-4815-aa74-46a94d18c1ab,-2.1427162386052157,-2.1861779682267315,0.09390305601223872,-0.10712587838681549,-2.8446350476971265,-0.005482786812602857,0.3914237377814586,-2.968820835375137,-1.294335089101455,-3.40313661484919,0.2223130528545835,-0.8484238575049496
MÃ£ozinha Pereira,Away,MEM,MIL,111,101,1,0e3cf374-956a-4815-aa74-46a94d18c1ab,-2.1427162386052157,-2.1861779682267315,0.09390305601223872,-0.10712587838681549,-2.8446350476971265,-0.005482786812602857,0.3914237377814586,-2.968820835375137,-1.294335089101455,-3.40313661484919,0.2223130528545835,-0.8484238575049496
Zavier Simpson,Away,MEM,MIL,111,101,1,0e3cf374-956a-4815-aa74-46a94d18c1ab,-2.1427162386052157,-2.1861779682267315,0.09390305601223872,-0.10712587838681549,-2.8446350476971265,-0.005482786812602857,0.3914237377814586,-2.968820835375137,-1.294335089101455,-3.40313661484919,0.2223130528545835,-0.8484238575049496
Jake LaRavia,Home,MEM,DET,108,90,1,d108e86e-bdca-44b8-ac31-f8543704d2de,1.5369350518067793,0.881592688758889,-0.10508148098740257,1.0841152429862846,0.6903051807353814,0.471171144639897,-0.24074187889148477,-0.31759293545835243,1.4727871750188413,0.9661595131943479,0.7424816811339959,2.051213967060222
Trey Jemison,Home,MEM,DET,108,90,1,d108e86e-bdca-44b8-ac31-f8543704d2de,0.38347311960412517,1.672417892282274,-0.04481527173100756,2.451464844754898,6.591129574147421,1.3255320038852927,4.61628793492128,1.8214661967214902,1.6493478267226294,0.8739568279020702,0.716495811901923,-0.3316909485466599
Scotty Pippen Jr.,Home,MEM,DET,108,90,1,d108e86e-bdca-44b8-ac31-f8543704d2de,1.5438516483625035,5.987516884893377,1.5685360544782925,-0.11780576924254792,-0.05493657059233241,0.6728366572957521,1.4281144937559223,2.5873567123432566,-1.294335089101455,0.8805478061864753,1.3887208399352047,-0.7011091194920017
Jordan Goodwin,Home,MEM,DET,108,90,1,d108e86e-bdca-44b8-ac31-f8543704d2de,0.6610647713615028,2.1574838478051195,-0.7897295718273407,-0.6549449536099177,0.9784604665655661,-1.0503982165060446,-0.6919989808407762,2.2250474399596194,2.2501477534970005,0.4638568519535313,1.7925064180040946,0.7048717389054123
GG Jackson II,Home,MEM,DET,108,90,1,d108e86e-bdca-44b8-ac31-f8543704d2de,2.0622464300527006,0.4890889063678672,-1.4655196468328764,-0.30807118542894363,-0.6496834629480261,-0.5248971135810776,-0.849825164056755,1.7411884662456267,-0.9784227107466424,0.6182007158996596,1.3093964271996201,0.8593762372933049
Zavier Simpson,Home,MEM,DET,108,90,1,d108e86e-bdca-44b8-ac31-f8543704d2de,-0.6948997871525222,1.7929084818632568,0.7935155710925115,0.7175146140802835,-0.8914673327825094,0.9793079557653868,-0.34494458507931036,-1.8018014236552997,-1.294335089101455,0.4459903414610728,0.35214729003748496,2.0240359882683903
MÃ£ozinha Pereira,Home,MEM,DET,108,90,1,d108e86e-bdca-44b8-ac31-f8543704d2de,1.4557024983604763,-1.3553304014403287,1.1584354661484828,-0.12381448105029157,3.101688746023507,-0.285280777500673,0.56593141345004,2.5694354543640863,1.6055395447209375,0.19147890787464025,2.682189560934304,1.4828905539194182
Lamar Stevens,Home,MEM,DET,108,90,1,d108e86e-bdca-44b8-ac31-f8543704d2de,1.1953715185089098,0.32011491004050147,3.2061080054768403,-0.9288525167601808,1.8194678733866052,-1.2197551310276764,-2.383350432746564,0.08539169382939572,0.10141964868376757,0.7948968226456347,1.2039030614811388,1.0833874842632736
Santi Aldama,Home,MEM,DET,108,90,1,d108e86e-bdca-44b8-ac31-f8543704d2de,-2.1427162386052157,-2.1861779682267315,0.09390305601223872,-0.10712587838681549,-2.8446350476971265,-0.005482786812602857,0.3914237377814586,-2.968820835375137,-1.294335089101455,-1.5918283392636232,0.02229693936097143,0.3230890355771433
Brandon Clarke,Home,MEM,DET,108,90,1,d108e86e-bdca-44b8-ac31-f8543704d2de,-2.1427162386052157,-2.1861779682267315,0.09390305601223872,-0.10712587838681549,-2.8446350476971265,-0.005482786812602857,0.3914237377814586,-2.968820835375137,-1.294335089101455,-1.5918283392636232,0.02229693936097143,0.3230890355771433
Luke Kennard,Home,MEM,DET,108,90,1,d108e86e-bdca-44b8-ac31-f8543704d2de,-2.1427162386052157,-2.1861779682267315,0.09390305601223872,-0.10712587838681549,-2.8446350476971265,-0.005482786812602857,0.3914237377814586,-2.968820835375137,-1.294335089101455,-1.5918283392636232,0.02229693936097143,0.3230890355771433
Ziaire Williams,Home,MEM,DET,108,90,1,d108e86e-bdca-44b8-ac31-f8543704d2de,-2.1427162386052157,-2.1861779682267315,0.09390305601223872,-0.10712587838681549,-2.8446350476971265,-0.005482786812602857,0.3914237377814586,-2.968820835375137,-1.294335089101455,-1.5918283392636232,0.02229693936097143,0.3230890355771433
MÃ£ozinha Pereira,Home,MEM,PHI,96,116,0,5b69f27d-fdf4-4d5c-8ac9-8b1c58c5c797,1.0316167875466788,0.9701179491271228,0.11716831591818667,1.8002352828256973,3.1782884752258447,-1.516177539487514,-3.21504113674429,1.8062083549389791,0.23018944729480095,1.0481026365546655,-0.44923137057265944,-0.5911487782470408
Trey Jemison,Home,MEM,PHI,96,116,0,5b69f27d-fdf4-4d5c-8ac9-8b1c58c5c797,-1.1712045737090155,0.7111791103816544,-1.2256917108775498,1.8472611162300363,1.8513239695466837,-1.4227704437865496,1.7886005345653753,-0.6687567755422337,0.5220893002070611,0.859745984070568,-1.497293042035206,-0.5543455172162384
Jordan Goodwin,Home,MEM,PHI,96,116,0,5b69f27d-fdf4-4d5c-8ac9-8b1c58c5c797,1.131270021237122,0.4814575967795654,0.036910526898614196,-1.3278228536013326,0.15899638106576044,-0.8518488322832243,0.7988487149982534,1.0813157848754886,0.9582762885508328,0.8143147616580084,0.767631081152582,-0.0004031909391947686
Scotty Pippen Jr.,Home,MEM,PHI,96,116,0,5b69f27d-fdf4-4d5c-8ac9-8b1c58c5c797,2.6745467045602442,3.9240856568252322,-0.11993211475283884,0.14213174171143167,-0.8719026403935822,-0.5746645669295537,1.470693608505694,1.8049643692982487,1.9926081562749336,1.5934494998142184,0.29604825742192703,-1.1571362243772805
GG Jackson II,Home,MEM,PHI,96,116,0,5b69f27d-fdf4-4d5c-8ac9-8b1c58c5c797,2.014090740398723,1.5798233608082715,0.8724939613382151,-0.26803462702531516,1.2727108524645976,-1.1811642961124489,0.16571400806316922,0.26365954770457667,2.1899571572848755,1.5248423426136235,-0.06211536015829385,-0.37374196536259396
Zavier Simpson,Home,MEM,PHI,96,116,0,5b69f27d-fdf4-4d5c-8ac9-8b1c58c5c797,1.4443618725639567,1.8772191167069323,0.7677168881297752,-0.5175133015237022,1.093997627062456,2.151530232477708,1.04606019057305,1.2191788273449746,1.569754954349459,1.2070314478319257,0.0018001117056441977,-1.3695717459335206
Timmy Allen,Home,MEM,PHI,96,116,0,5b69f27d-fdf4-4d5c-8ac9-8b1c58c5c797,-1.0479939461717063,-1.054982247394029,-0.2566985634330699,1.175786320759073,-0.9931040249556008,-0.41294565388360854,-0.6346281461227744,-1.51575075748895,-1.294335089101455,0.5003516529683596,-2.1733549897956848,-0.15866625931431164
Brandon Clarke,Home,MEM,PHI,96,116,0,5b69f27d-fdf4-4d5c-8ac9-8b1c58c5c797,-0.6238390038201108,0.6074199515840342,0.23159080132257726,0.31581298345184905,2.928318485344877,-1.78296591588002,0.5458241786225752,-0.7722572844650715,-0.5881690053586562,0.9406204264087856,-1.6488794007981624,-0.7248104719029544
Santi Aldama,Home,MEM,PHI,96,116,0,5b69f27d-fdf4-4d5c-8ac9-8b1c58c5c797,-2.1427162386052157,-2.1861779682267315,0.09390305601223872,-0.10712587838681549,-2.8446350476971265,-0.005482786812602857,0.3914237377814586,-2.968820835375137,-1.294335089101455,-1.5918283392636232,0.02229693936097143,0.3230890355771433
Luke Kennard,Home,MEM,PHI,96,116,0,5b69f27d-fdf4-4d5c-8ac9-8b1c58c5c797,-2.1427162386052157,-2.1861779682267315,0.09390305601223872,-0.10712587838681549,-2.8446350476971265,-0.005482786812602857,0.3914237377814586,-2.968820835375137,-1.294335089101455,-1.5918283392636232,0.02229693936097143,0.3230890355771433
Lamar Stevens,Home,MEM,PHI,96,116,0,5b69f27d-fdf4-4d5c-8ac9-8b1c58c5c797,-2.1427162386052157,-2.1861779682267315,0.09390305601223872,-0.10712587838681549,-2.8446350476971265,-0.005482786812602857,0.3914237377814586,-2.968820835375137,-1.294335089101455,-1.5918283392636232,0.02229693936097143,0.3230890355771433
Ziaire Williams,Home,MEM,PHI,96,116,0,5b69f27d-fdf4-4d5c-8ac9-8b1c58c5c797,-2.1427162386052157,-2.1861779682267315,0.09390305601223872,-0.10712587838681549,-2.8446350476971265,-0.005482786812602857,0.3914237377814586,-2.968820835375137,-1.294335089101455,-1.5918283392636232,0.02229693936097143,0.3230890355771433
Jordan Goodwin,Home,MEM,SAS,87,102,0,04d74b6b-b2c5-41f5-8f81-bac5937898fc,0.4358129637338173,0.13075318045639892,-1.3554355372665228,-1.1002337475068256,7.398112928833919,-3.030563760356661,1.6987565985923971,-0.5290543658987319,-1.294335089101455,1.1529837703994887,-0.17202137786113492,-0.27955048068570837
Scotty Pippen Jr.,Home,MEM,SAS,87,102,0,04d74b6b-b2c5-41f5-8f81-bac5937898fc,0.930451504308054,3.8009429453498687,2.546465312964459,-0.882569314704696,1.770912208460173,0.19517858400112162,-0.030809698787758518,-0.5853714897419734,3.230094814464005,1.3645528320626892,0.5019778444071693,-0.21903284850285215
Trey Jemison,Home,MEM,SAS,87,102,0,04d74b6b-b2c5-41f5-8f81-bac5937898fc,0.4362339910793929,0.3022473259174949,0.37968560496569265,-0.002248110375334225,3.199390040614639,-0.3244125841102712,2.137146599719342,-0.019450536033819844,0.9436735278836023,1.0095329245800397,0.09237344900725164,-0.07612245645399522
GG Jackson II,Home,MEM,SAS,87,102,0,04d74b6b-b2c5-41f5-8f81-bac5937898fc,1.9141372477497007,-1.2507567298940552,-0.4811154713057429,-0.7306471895346535,0.4335046411872091,0.7098073100846851,-0.10992643393427687,-0.33515068416441535,0.09212698280462084,1.3187559226017382,-1.0412429767186009,-0.40497875464690225
Brandon Clarke,Home,MEM,SAS,87,102,0,04d74b6b-b2c5-41f5-8f81-bac5937898fc,0.5773838873217686,-1.3111659027171139,1.249872769415942,-0.13675877642365022,-1.224708614833823,1.2419366916653174,-0.10661124036317347,0.8026978573001995,-1.294335089101455,0.8378479864342125,-0.4670325406776283,-0.7888033525030014
Timmy Allen,Home,MEM,SAS,87,102,0,04d74b6b-b2c5-41f5-8f81-bac5937898fc,-0.3414361376369617,0.5532890477992103,1.6839601907543982,-0.5019081182018902,-0.163222667233318,-0.689699927085836,-0.1760265768768861,-0.4445426427448799,-1.294335089101455,0.666370726790876,-0.9146496784297571,-0.25468295594232754
Zavier Simpson,Home,MEM,SAS,87,102,0,04d74b6b-b2c5-41f5-8f81-bac5937898fc,1.6847439751512,1.1868475590847323,-0.5524994423821799,-1.132605889943367,-0.7120491231495172,-0.4839769227393595,-0.8186607419470472,0.2546021732101965,-1.294335089101455,1.192940942243881,-0.5624310294386441,-0.30931671809327876
Jack White,Home,MEM,SAS,87,102,0,04d74b6b-b2c5-41f5-8f81-bac5937898fc,0.23649764900863146,-1.2964444031427087,1.2803518705050951,-0.14107354154810314,-0.6688808583968938,1.1264039877218215,-0.45606187948049515,0.6680681356890836,-1.294335089101455,0.4009838894824077,-0.9039859730354659,-0.5097196261115663
Santi Aldama,Home,MEM,SAS,87,102,0,04d74b6b-b2c5-41f5-8f81-bac5937898fc,-2.1427162386052157,-2.1861779682267315,0.09390305601223872,-0.10712587838681549,-2.8446350476971265,-0.005482786812602857,0.3914237377814586,-2.968820835375137,-1.294335089101455,-1.5918283392636232,0.02229693936097143,0.3230890355771433
Luke Kennard,Home,MEM,SAS,87,102,0,04d74b6b-b2c5-41f5-8f81-bac5937898fc,-2.1427162386052157,-2.1861779682267315,0.09390305601223872,-0.10712587838681549,-2.8446350476971265,-0.005482786812602857,0.3914237377814586,-2.968820835375137,-1.294335089101455,-1.5918283392636232,0.02229693936097143,0.3230890355771433
Lamar Stevens,Home,MEM,SAS,87,102,0,04d74b6b-b2c5-41f5-8f81-bac5937898fc,-2.1427162386052157,-2.1861779682267315,0.09390305601223872,-0.10712587838681549,-2.8446350476971265,-0.005482786812602857,0.3914237377814586,-2.968820835375137,-1.294335089101455,-1.5918283392636232,0.02229693936097143,0.3230890355771433
Ziaire Williams,Home,MEM,SAS,87,102,0,04d74b6b-b2c5-41f5-8f81-bac5937898fc,-2.1427162386052157,-2.1861779682267315,0.09390305601223872,-0.10712587838681549,-2.8446350476971265,-0.005482786812602857,0.3914237377814586,-2.968820835375137,-1.294335089101455,-1.5918283392636232,0.02229693936097143,0.3230890355771433
Jake LaRavia,Away,MEM,CLE,98,110,0,1247407e-2d10-4402-83a4-8d6528da8502,6.10392693194316,1.7179155912314796,0.8527677660576095,1.6462315391207507,1.498072570855207,0.26906922659178417,-0.7804694571831354,2.7576749918855676,2.0072501041933988,2.0324657659401466,0.31922867134574073,-1.691074194063358
Lamar Stevens,Away,MEM,CLE,98,110,0,1247407e-2d10-4402-83a4-8d6528da8502,1.4733149660740656,0.2899028406598773,0.12977726902069536,-0.4367520729552445,2.4863761109636116,4.151618290114087,0.6750031061913688,0.6745425402213427,3.180932772853466,1.0755922867053829,1.1496072774146917,0.4597583721933839
Trey Jemison,Away,MEM,CLE,98,110,0,1247407e-2d10-4402-83a4-8d6528da8502,-1.1536347955003257,0.44565066863753616,0.0669843696673666,-0.12412468322025874,3.916481826124952,3.869117955049429,-0.14730175803366446,-0.951262285988791,-1.294335089101455,0.8826029836837924,-0.9371871807384344,-1.0003727810247713
Scotty Pippen Jr.,Away,MEM,CLE,98,110,0,1247407e-2d10-4402-83a4-8d6528da8502,2.0031284524428794,3.1868409937228033,-0.12116755733790051,-0.7126510624233844,-0.010091503327016596,-0.78303038300659,0.849962977364523,1.2690744914059806,0.9303982909133927,1.2485167801044774,0.7374178995566641,0.43494176355139375
GG Jackson II,Away,MEM,CLE,98,110,0,1247407e-2d10-4402-83a4-8d6528da8502,3.486367024582932,0.5824999735854173,1.4007147235850663,-0.43674429854311697,-0.8017697574842045,0.9811738854419575,-0.3679446966262638,0.3053976659379891,2.9472886021777764,1.9230418666178486,-0.5439527985088449,-0.6308850570675867
Zavier Simpson,Away,MEM,CLE,98,110,0,1247407e-2d10-4402-83a4-8d6528da8502,-1.1536951796938242,1.8731310643194992,-0.29279014210446386,-0.1145278053978081,2.321980969949829,-1.4319243714020258,-1.460742901350099,-0.11078573358702272,-1.294335089101455,0.23494938761756132,-0.715499814408665,0.08954388361224534
Timmy Allen,Away,MEM,CLE,98,110,0,1247407e-2d10-4402-83a4-8d6528da8502,-1.7541218800165754,-0.4687086643746984,-0.38640015956570783,0.4328251474183287,0.5217696657867598,-0.8962947038515156,-1.5992929626018901,0.35140461256994365,-1.294335089101455,-0.3325422033018075,-1.6518218876483501,0.024268146701471927
Jack White,Away,MEM,CLE,98,110,0,1247407e-2d10-4402-83a4-8d6528da8502,-1.789622079586032,0.19637135537430747,0.9412482421737819,0.47008520306235496,1.0644834898983468,-1.2904465481769394,1.2832170808231493,-2.344584215535738,-1.294335089101455,-0.18255909173656432,-1.0307066095268316,0.5984434362950027
Santi Aldama,Away,MEM,CLE,98,110,0,1247407e-2d10-4402-83a4-8d6528da8502,-2.1427162386052157,-2.1861779682267315,0.09390305601223872,-0.10712587838681549,-2.8446350476971265,-0.005482786812602857,0.3914237377814586,-2.968820835375137,-1.294335089101455,-1.5918283392636232,0.02229693936097143,0.3230890355771433
Brandon Clarke,Away,MEM,CLE,98,110,0,1247407e-2d10-4402-83a4-8d6528da8502,-2.1427162386052157,-2.1861779682267315,0.09390305601223872,-0.10712587838681549,-2.8446350476971265,-0.005482786812602857,0.3914237377814586,-2.968820835375137,-1.294335089101455,-1.5918283392636232,0.02229693936097143,0.3230890355771433
Luke Kennard,Away,MEM,CLE,98,110,0,1247407e-2d10-4402-83a4-8d6528da8502,-2.1427162386052157,-2.1861779682267315,0.09390305601223872,-0.10712587838681549,-2.8446350476971265,-0.005482786812602857,0.3914237377814586,-2.968820835375137,-1.294335089101455,-1.5918283392636232,0.02229693936097143,0.3230890355771433
Ziaire Williams,Away,MEM,CLE,98,110,0,1247407e-2d10-4402-83a4-8d6528da8502,-2.1427162386052157,-2.1861779682267315,0.09390305601223872,-0.10712587838681549,-2.8446350476971265,-0.005482786812602857,0.3914237377814586,-2.968820835375137,-1.294335089101455,-1.5918283392636232,0.02229693936097143,0.3230890355771433
Jake LaRavia,Home,MEM,LAL,120,123,0,fa80c41d-2da2-4c8f-912e-341b73966f45,2.963882314771119,1.1572236562266536,-0.4974344275749944,-1.0136664858052589,-0.20894387811157583,0.6737555544533759,0.2080588857370461,2.5474739558986266,5.9579258545347376,1.1898106320954474,1.8801988604525395,0.1223670487605398
GG Jackson II,Home,MEM,LAL,120,123,0,fa80c41d-2da2-4c8f-912e-341b73966f45,6.679842262685197,1.5145500130347764,2.298795397169833,0.6635674286846394,-1.6482572339672381,-0.22105994469776527,-0.2103052666862081,2.1123682159015664,-0.7673847044564862,1.4635115640618992,1.5995881761250994,0.6573340743431714
Jordan Goodwin,Home,MEM,LAL,120,123,0,fa80c41d-2da2-4c8f-912e-341b73966f45,4.117491557393668,2.715848761033443,2.9457421130906756,-0.1858906521683069,7.046078137423395,-3.048061207451805,2.5156248156788727,0.6541541580557113,2.4757893412206187,1.7890429219728101,0.43491726325608027,-0.27668986518753363
Trey Jemison,Home,MEM,LAL,120,123,0,fa80c41d-2da2-4c8f-912e-341b73966f45,-1.1181949801243676,-0.07049629611693185,-0.40089766705883567,2.146458677984734,1.0585148685855916,0.37383060491953474,0.5447529056462589,1.6269810876578499,-1.294335089101455,0.20899621776465377,0.23396582441502042,1.168893225361927
Scotty Pippen Jr.,Home,MEM,LAL,120,123,0,fa80c41d-2da2-4c8f-912e-341b73966f45,4.446813327824891,5.155099838116279,1.8514146698452931,-0.9033347628581286,0.6210893292555657,-0.9336027590343761,-0.550592777245216,1.6172712182655626,0.056283842985054844,1.5628381993175728,1.8686277174702954,0.29531336159611815
Timmy Allen,Home,MEM,LAL,120,123,0,fa80c41d-2da2-4c8f-912e-341b73966f45,-1.4716586296399279,-0.3777055687415566,-0.5827839394625931,1.2669443332769705,1.6461232779510488,-1.3706786160120397,1.2132519958528913,-0.8879073050239064,-1.294335089101455,0.3404991672191926,-1.6352506881630953,-0.4789081950482545
Jack White,Home,MEM,LAL,120,123,0,fa80c41d-2da2-4c8f-912e-341b73966f45,-1.7190515551369938,1.2347735487313094,2.7747233676214775,1.4682646370834904,1.1821857693472182,-1.2531444540822498,-0.4517618892407176,-1.9991900304710368,-1.294335089101455,-0.3173967747489102,-1.197297910510285,0.07530320277529683
Zavier Simpson,Home,MEM,LAL,120,123,0,fa80c41d-2da2-4c8f-912e-341b73966f45,-1.4716586296399279,-0.13674832910400259,-1.0684287450963248,0.13672145577202213,-1.1769998443633232,-0.3925525051905133,-0.5442139089857,-1.0306217891460385,-1.294335089101455,0.20278241202915173,-2.506789207272023,-0.21546792096598283
Santi Aldama,Home,MEM,LAL,120,123,0,fa80c41d-2da2-4c8f-912e-341b73966f45,-2.1427162386052157,-2.1861779682267315,0.09390305601223872,-0.10712587838681549,-2.8446350476971265,-0.005482786812602857,0.3914237377814586,-2.968820835375137,-1.294335089101455,-1.5918283392636232,0.02229693936097143,0.3230890355771433
Brandon Clarke,Home,MEM,LAL,120,123,0,fa80c41d-2da2-4c8f-912e-341b73966f45,-2.1427162386052157,-2.1861779682267315,0.09390305601223872,-0.10712587838681549,-2.8446350476971265,-0.005482786812602857,0.3914237377814586,-2.968820835375137,-1.294335089101455,-1.5918283392636232,0.02229693936097143,0.3230890355771433
Luke Kennard,Home,MEM,LAL,120,123,0,fa80c41d-2da2-4c8f-912e-341b73966f45,-2.1427162386052157,-2.1861779682267315,0.09390305601223872,-0.10712587838681549,-2.8446350476971265,-0.005482786812602857,0.3914237377814586,-2.968820835375137,-1.294335089101455,-1.5918283392636232,0.02229693936097143,0.3230890355771433
Ziaire Williams,Home,MEM,LAL,120,123,0,fa80c41d-2da2-4c8f-912e-341b73966f45,-2.1427162386052157,-2.1861779682267315,0.09390305601223872,-0.10712587838681549,-2.8446350476971265,-0.005482786812602857,0.3914237377814586,-2.968820835375137,-1.294335089101455,-1.5918283392636232,0.02229693936097143,0.3230890355771433
GG Jackson II,Home,MEM,DEN,111,126,0,b5733506-5cbb-4463-9702-d603314069e3,8.126885645582462,0.6112953608422625,1.2012355492830187,0.5769091873375405,4.083425921079061,-0.7472750813763046,2.013605013184534,1.1162487541696018,2.867680845177282,2.6523879504697345,0.44960255052837844,-1.3475403123642438
Jake LaRavia,Home,MEM,DEN,111,126,0,b5733506-5cbb-4463-9702-d603314069e3,5.071209601995784,1.3825757722553202,-1.6118242750724887,0.987463311403871,0.37323113330511426,-0.8427378552974404,0.4258258793397983,1.846501621071071,1.393194302645671,1.9145777515758986,-0.43434696218588925,-1.5091848970186
Trey Jemison,Home,MEM,DEN,111,126,0,b5733506-5cbb-4463-9702-d603314069e3,-0.9769331628392947,1.9643185266212642,0.7641920250544022,1.0478642211854046,3.562326186067,-0.43765901058819506,-0.24975191423603638,0.2166187108990409,-1.294335089101455,0.8236373690895861,-0.6004681510269485,-0.7788269450573846
Jordan Goodwin,Home,MEM,DEN,111,126,0,b5733506-5cbb-4463-9702-d603314069e3,0.04720975780087747,1.1117589586602241,2.19990316555095,-0.811351412740474,1.7583485677253115,-1.2259677629217154,-0.39071675862308786,-1.0437547544009995,1.0035291931457202,1.3242185993689275,-1.3464309653748154,-1.0024190043625911
Scotty Pippen Jr.,Home,MEM,DEN,111,126,0,b5733506-5cbb-4463-9702-d603314069e3,0.8422169752962281,2.9585153755387577,-2.623681582972113,-0.23740713642940986,-0.2357005345400853,-0.748241235718309,1.1377883211729067,1.2645583494081545,0.42119749923346783,0.7780646632736382,0.2873004681987915,0.1593273318609655
Timmy Allen,Home,MEM,DEN,111,126,0,b5733506-5cbb-4463-9702-d603314069e3,-1.9483932908862962,0.10468317417643001,2.1775097844134192,-0.3352711131747611,-1.586736384970338,-0.24610466666186978,-0.25985463005621634,-2.2309062722148525,1.2630028835771099,-0.11866340175790005,-0.6440803397148597,0.10584604541317996
Zavier Simpson,Home,MEM,DEN,111,126,0,b5733506-5cbb-4463-9702-d603314069e3,-0.4471373711590797,-0.903884213854241,-0.7450499875871721,-1.1107077025608372,-1.514481663882528,-0.26052930647659817,-0.294913200379787,0.4567512982804971,-1.294335089101455,0.23571038187223486,-0.24316105942201877,0.24817459332345737
Jack White,Home,MEM,DEN,111,126,0,b5733506-5cbb-4463-9702-d603314069e3,-1.577789737851921,-2.1861779682267315,0.09390305601223872,-0.10712587838681549,-0.04553479829411564,-0.8875883323264318,0.6595736506230195,-2.4205767733132504,-1.294335089101455,-0.28240975830628917,-1.649423779562661,1.7341634094648877
Santi Aldama,Home,MEM,DEN,111,126,0,b5733506-5cbb-4463-9702-d603314069e3,-2.1427162386052157,-2.1861779682267315,0.09390305601223872,-0.10712587838681549,-2.8446350476971265,-0.005482786812602857,0.3914237377814586,-2.968820835375137,-1.294335089101455,-1.5918283392636232,0.02229693936097143,0.3230890355771433
Brandon Clarke,Home,MEM,DEN,111,126,0,b5733506-5cbb-4463-9702-d603314069e3,-2.1427162386052157,-2.1861779682267315,0.09390305601223872,-0.10712587838681549,-2.8446350476971265,-0.005482786812602857,0.3914237377814586,-2.968820835375137,-1.294335089101455,-1.5918283392636232,0.02229693936097143,0.3230890355771433
Luke Kennard,Home,MEM,DEN,111,126,0,b5733506-5cbb-4463-9702-d603314069e3,-2.1427162386052157,-2.1861779682267315,0.09390305601223872,-0.10712587838681549,-2.8446350476971265,-0.005482786812602857,0.3914237377814586,-2.968820835375137,-1.294335089101455,-1.5918283392636232,0.02229693936097143,0.3230890355771433
Ziaire Williams,Home,MEM,DEN,111,126,0,b5733506-5cbb-4463-9702-d603314069e3,-2.142716238605215,-2.1861779682267315,0.09390305601223872,-0.10712587838681549,-2.8446350476971265,-0.005482786812602857,0.3914237377814586,-2.968820835375137,-1.2943350891014547,-1.5918283392636232,0.02229693936097143,0.3230890355771433
