player,location,team,opponent,team_score,opponent_score,win,game_id,PCA1_1,PCA2_1,PCA2_2,PCA2_3,PCA3_1,PCA3_2,PCA3_3,PCA4_1,PCA4_2,PCA5_1,PCA6_1,PCA6_2,PCA6_3
Shai Gilgeous-Alexander,Away,OKC,CHI,124,104,1,5e8282c4-5960-455e-b59f-f79bf6e8b416,4.21961823646064,2.666792805650672,-0.5922019262193129,-2.601625563482008,1.1256581953017546,1.9481627476584575,-0.35470615892206375,1.734603761404375,-0.7128699159870787,2.4848552145032508,2.4146511040430165,1.794609212063634,-0.13577135900237972
Luguentz Dort,Away,OKC,CHI,124,104,1,5e8282c4-5960-455e-b59f-f79bf6e8b416,0.9476967344137784,1.232808564608313,0.519564341362921,1.4336583574411395,1.753534611711735,0.9604405920524677,-1.4668478839021244,0.38732880849725604,0.7577554395745324,-1.1513642878859804,1.1679056427398735,0.45337509217917604,0.5498336904867035
Jalen Williams,Away,OKC,CHI,124,104,1,5e8282c4-5960-455e-b59f-f79bf6e8b416,2.0743713735265277,1.9904433502340226,-0.5826425905300827,-0.3155814045748129,-0.6151846865568941,-0.050010317491046015,-0.786683950911953,0.8375770004239622,0.3561869234177058,2.201848111134384,1.3854821529223729,0.015611738492184973,0.23692847516304735
Josh Giddey,Away,OKC,CHI,124,104,1,5e8282c4-5960-455e-b59f-f79bf6e8b416,2.037179469988228,1.7223562930923442,-2.0521348047779733,-0.5209709640159841,1.1421535735683017,-0.7165902108519673,-0.5909428061395997,0.9720869823648429,-0.5540000060849226,-1.1513642878859804,1.7901519915840765,0.5896290083419787,1.0569305968440506
Chet Holmgren,Away,OKC,CHI,124,104,1,5e8282c4-5960-455e-b59f-f79bf6e8b416,0.7969169328882073,1.0740563734453956,0.1222593009779511,-0.14418651219434858,0.061308148450036855,-0.1189650108348774,-1.246855736218109,1.6057941061242595,-0.059966364372613816,0.6845741856967739,1.0370099659057324,0.6968374465731094,0.5462550722468429
Isaiah Joe,Away,OKC,CHI,124,104,1,5e8282c4-5960-455e-b59f-f79bf6e8b416,1.9169572442324996,1.0528059512664074,-0.17560212261668345,0.7961967925791846,1.0735691098717404,-0.9648829141358326,-0.42700971437918633,1.5449980389622946,0.8918351621243495,1.904146420297391,1.2931013017076365,0.6484573466916198,0.5476539243998524
Cason Wallace,Away,OKC,CHI,124,104,1,5e8282c4-5960-455e-b59f-f79bf6e8b416,1.2110175067466626,-0.18906349118621676,-0.8651686651299683,0.2927956725341349,-0.3259403005906714,1.1832917996630243,-0.05320527038872665,4.764795690638468,-0.24242556030226414,-1.1513642878859804,0.6682651856184811,1.160776374979324,-0.3605588358216148
Ousmane Dieng,Away,OKC,CHI,124,104,1,5e8282c4-5960-455e-b59f-f79bf6e8b416,1.0892703454939636,-1.0959320661700878,-0.6700796479217809,0.8544421332560197,-0.3096454993920288,-1.1681927485704633,0.8056549303966274,2.5410149442128502,1.4470671776949404,-1.1513642878859804,0.4004746232090712,0.09954114585531254,-0.2621533014403674
Aaron Wiggins,Away,OKC,CHI,124,104,1,5e8282c4-5960-455e-b59f-f79bf6e8b416,-1.4404536685694713,-0.7565137076644012,-0.9438212713528563,1.1445029400173394,0.842623157010051,-1.5801759472209445,0.3266897160502933,-0.8918983086007795,-0.03965088327328609,-1.1513642878859804,-0.36429155386929585,-1.6581287997489391,0.6625992045888207
Olivier Sarr,Away,OKC,CHI,124,104,1,5e8282c4-5960-455e-b59f-f79bf6e8b416,-1.678498749040347,-0.397893226328574,-1.2608296119691127,1.4930716841374727,1.7426383548251416,-1.741874985467562,-0.2852575014886575,2.243122145974487,-2.0315979047355275,3.880250640566708,-0.18551234787836252,-0.14750069885247746,0.6169991782840879
Lindy Waters III,Away,OKC,CHI,124,104,1,5e8282c4-5960-455e-b59f-f79bf6e8b416,-1.8450772814964933,-1.9143611920854473,0.1880757281398747,-0.07361958999396344,-2.0837005421963917,-0.0318087312446001,0.11118657655138026,-2.277930435878009,2.442860753237396,-1.1513642878859804,-0.7929746769629912,-1.939087810303269,1.559232936087541
Tre Mann,Away,OKC,CHI,124,104,1,5e8282c4-5960-455e-b59f-f79bf6e8b416,-2.1095831395633122,0.08680443360467516,-0.5831054231733407,-2.1738751546906285,-2.0837005421963917,-0.0318087312446001,0.11118657655138026,-1.3261582447820888,-0.7479140563791591,-1.1513642878859804,-1.1168064433399254,0.8050096901343863,-0.6834099357287576
Aleksej Pokusevski,Away,OKC,CHI,124,104,1,5e8282c4-5960-455e-b59f-f79bf6e8b416,-1.8450772814964933,-1.9143611920854473,0.1880757281398747,-0.07361958999396344,4.453390557876285,-1.9126588329560346,-5.239611319715916,-2.277930435878009,2.442860753237396,-1.1513642878859804,-0.45444130212737627,-2.0293558132625082,1.5606388180407822
DÄvis BertÄns,Away,OKC,CHI,124,104,1,5e8282c4-5960-455e-b59f-f79bf6e8b416,-2.1095831395633122,-1.9143611920854473,0.1880757281398747,-0.07361958999396344,-2.687155186588638,0.2828307119199974,0.16252777235186924,-2.9227544248450275,-0.48669151735735827,-1.1513642878859804,-2.8289409963040137,0.739979545152948,-0.06542450471270202
Vasilije MiciÄ,Away,OKC,CHI,124,104,1,5e8282c4-5960-455e-b59f-f79bf6e8b416,-2.1095831395633122,-1.9143611920854473,0.1880757281398747,-0.07361958999396344,-2.687155186588638,0.2828307119199974,0.16252777235186924,-2.9227544248450275,-0.48669151735735827,-1.1513642878859804,-2.8289409963040137,0.739979545152948,-0.06542450471270202
Luguentz Dort,Away,OKC,CLE,108,105,1,bde10b23-9736-43ca-bf39-40732ccbc83f,3.2261835459473094,0.9417947249291859,0.19694375297215133,-0.1304466036363632,1.6509858443926497,-0.5348851565738056,1.796974227747556,2.3018870448995945,-0.5904626874745,2.359066271968458,1.4151995571051719,-0.13138504225202924,-1.4708088679779405
Shai Gilgeous-Alexander,Away,OKC,CLE,108,105,1,bde10b23-9736-43ca-bf39-40732ccbc83f,4.877634944465822,5.265814050616009,1.7272442880119232,2.0331879390052854,3.638799239186155,0.5248493873696217,-1.5257055863238,1.5066064128270664,-0.9692503905446971,0.9321540670318579,2.561638760275691,0.45030694227343393,-0.9425941115695146
Jalen Williams,Away,OKC,CLE,108,105,1,bde10b23-9736-43ca-bf39-40732ccbc83f,1.695445264102842,1.5428857851368853,-1.1296828472384197,1.5305946759177185,0.25046539870527745,-0.012078876703699231,-1.3154365210825345,-0.1774155888684719,-0.07484831344026184,2.0822685309286024,1.4868888861810885,-0.7367053957550879,0.4484086563682915
Chet Holmgren,Away,OKC,CLE,108,105,1,bde10b23-9736-43ca-bf39-40732ccbc83f,1.871813315259737,0.6023125411721506,0.21859389904550827,0.08714521290037404,7.757286072136936,7.040397677955224,0.8783193731588087,1.9069516786305334,-0.027553372142122914,1.8182944139958042,1.2881430801135458,1.060073576085398,-0.8736367454050412
Josh Giddey,Away,OKC,CLE,108,105,1,bde10b23-9736-43ca-bf39-40732ccbc83f,-1.0442327974002041,1.8585992651528545,-2.3531754358225925,-0.11901529546675751,0.965276488509232,-0.09430207828428383,-1.7956102879283296,-2.0055480880627017,-0.3442225699780396,-1.1513642878859804,0.3839073352290148,-1.732987713161162,-0.574226699443149
Isaiah Joe,Away,OKC,CLE,108,105,1,bde10b23-9736-43ca-bf39-40732ccbc83f,0.8512670523063558,-0.40621937509127065,-0.6998489287918299,-0.25622473248508854,-0.41848223252133393,-0.10490839812356813,-0.9800869574961708,-1.0083860479883855,1.2393178261782862,-0.8054629646875526,0.8487242792915429,-0.5509276797666688,1.409177572294165
Cason Wallace,Away,OKC,CLE,108,105,1,bde10b23-9736-43ca-bf39-40732ccbc83f,-0.38392787980544596,-1.9143611920854473,0.1880757281398747,-0.07361958999396344,-0.6677868957022121,-0.7949757112022672,0.5718095032878858,3.1203919824046857,-0.842301674342284,1.580643328917059,0.22961453931710196,0.34899207056136283,-0.332845388737921
Aaron Wiggins,Away,OKC,CLE,108,105,1,bde10b23-9736-43ca-bf39-40732ccbc83f,-2.1095831395633122,0.3631229082214682,-3.421973382068376,3.852080608758144,-1.383576715742949,1.8779586262336159,1.0519606705190772,-2.6126716956592504,-0.537424820390518,-1.1513642878859804,-0.6587775654853658,-0.15312485844012141,0.21797507819731346
Ousmane Dieng,Away,OKC,CLE,108,105,1,bde10b23-9736-43ca-bf39-40732ccbc83f,-1.5805714234296744,-0.15341785145411443,-0.25313139571143267,-1.3248255797324389,-1.321970922606879,-0.11746994036071413,-0.45562534064106514,-1.92166517255818,2.384571426348234,-1.1513642878859804,-0.7095152225608079,-1.0284464355201275,0.20688251972359872
Vasilije MiciÄ,Away,OKC,CLE,108,105,1,bde10b23-9736-43ca-bf39-40732ccbc83f,-1.2196358832554328,0.7341401368266172,-2.9009501878979473,2.2513714055750484,-2.1149137134580593,-0.015534277287810566,0.11384215564450899,4.873977880767671,0.9271290579238272,-1.1513642878859804,0.010878746886308431,-0.29697469109099905,0.2144298356858435
Lindy Waters III,Away,OKC,CLE,108,105,1,bde10b23-9736-43ca-bf39-40732ccbc83f,-2.1095831395633122,-1.9143611920854473,0.1880757281398747,-0.07361958999396344,-2.1149137134580593,-0.015534277287810566,0.11384215564450899,-2.9227544248450275,-0.48669151735735827,-1.1513642878859804,-1.3943910358425773,-0.24927892362276452,0.6632092903332129
DÄvis BertÄns,Away,OKC,CLE,108,105,1,bde10b23-9736-43ca-bf39-40732ccbc83f,-2.1095831395633122,-1.9143611920854473,0.1880757281398747,-0.07361958999396344,-2.687155186588638,0.2828307119199974,0.16252777235186924,-2.9227544248450275,-0.48669151735735827,-1.1513642878859804,-2.8289409963040137,0.739979545152948,-0.06542450471270202
Tre Mann,Away,OKC,CLE,108,105,1,bde10b23-9736-43ca-bf39-40732ccbc83f,-2.1095831395633122,-1.9143611920854473,0.1880757281398747,-0.07361958999396344,-2.687155186588638,0.2828307119199974,0.16252777235186924,-2.9227544248450275,-0.48669151735735827,-1.1513642878859804,-2.8289409963040137,0.739979545152948,-0.06542450471270202
Aleksej Pokusevski,Away,OKC,CLE,108,105,1,bde10b23-9736-43ca-bf39-40732ccbc83f,-2.1095831395633122,-1.9143611920854473,0.1880757281398747,-0.07361958999396344,-2.687155186588638,0.2828307119199974,0.16252777235186924,-2.9227544248450275,-0.48669151735735827,-1.1513642878859804,-2.8289409963040137,0.739979545152948,-0.06542450471270202
Olivier Sarr,Away,OKC,CLE,108,105,1,bde10b23-9736-43ca-bf39-40732ccbc83f,-2.1095831395633122,-1.9143611920854473,0.1880757281398747,-0.07361958999396344,-2.687155186588638,0.2828307119199974,0.16252777235186924,-2.9227544248450275,-0.48669151735735827,-1.1513642878859804,-2.8289409963040137,0.739979545152948,-0.06542450471270202
Shai Gilgeous-Alexander,Home,OKC,DEN,95,128,0,d2586512-1e44-4a31-8aeb-9cf9632151db,0.5501983401735296,1.7883511586326288,0.26794451690896226,-2.2428752634782936,0.536606360268177,-0.793594118542315,-0.3464432516353307,-1.732786329036044,-0.015018001993579366,1.5208785350224494,0.7571146243451545,-2.5594799151649874,-1.2355715605539825
Jalen Williams,Home,OKC,DEN,95,128,0,d2586512-1e44-4a31-8aeb-9cf9632151db,0.31854017504512244,0.6073840596589111,-0.5673490713755197,-2.2050414138529564,0.260960852802266,0.8293800484319449,-0.6116709673645893,0.8796387600978011,-1.2370276827312423,0.5694272435258033,0.3269967732242506,-1.2813648502322257,-2.08585404974359
Chet Holmgren,Home,OKC,DEN,95,128,0,d2586512-1e44-4a31-8aeb-9cf9632151db,1.8960565752313348,-1.006141304456231,-0.3813539479455034,0.38389975435276663,0.8259346313324246,-1.4603147446034213,0.7791450569026973,1.0276607926015648,-0.4340822862286639,2.154322893360291,0.671579455873333,-1.7869503517375478,-1.980658955842975
Josh Giddey,Home,OKC,DEN,95,128,0,d2586512-1e44-4a31-8aeb-9cf9632151db,0.6549616847617188,1.1090074103163223,-0.22786708430171213,0.19768878117965447,-0.4914105317296346,-0.8416598992762702,0.4468675755084972,-0.39659322592445406,-0.44380450734627414,-1.1513642878859804,0.7115859206100593,-2.1572994646153236,-1.017819209529937
Luguentz Dort,Home,OKC,DEN,95,128,0,d2586512-1e44-4a31-8aeb-9cf9632151db,0.6477038541428747,-0.6997352035534239,1.305060033732071,0.30738942022384963,-0.6628687775019029,0.36914993760541287,1.4900516432527442,0.6832535512411279,0.8582004111877914,1.886646505402422,0.14601965763436536,-1.3304987645174464,-1.577540602476998
Cason Wallace,Home,OKC,DEN,95,128,0,d2586512-1e44-4a31-8aeb-9cf9632151db,-0.5688770058690961,-0.5028584210188283,1.1431331145546846,-0.07568490910233631,0.64691273851938,0.24648484871606874,0.5266782649691953,4.532116004877956,-0.9970244599103094,-1.1513642878859804,-0.16468342926890575,-0.3430334175339344,-1.455959264689898
Ousmane Dieng,Home,OKC,DEN,95,128,0,d2586512-1e44-4a31-8aeb-9cf9632151db,-0.004198321694128957,-1.458647020555566,0.027450311169549244,-0.521650692698273,1.6255000516620157,-0.45195414676746354,-2.4649539580611894,-0.991513398054725,0.9170032679750986,0.5908902451012,0.13590399407819023,-1.7313820355482474,-0.20771115565474862
Isaiah Joe,Home,OKC,DEN,95,128,0,d2586512-1e44-4a31-8aeb-9cf9632151db,0.057749478105899144,3.1895009563564116,4.479554136717805,2.3448891638954463,-0.5381597688960968,-0.2055455524160011,-1.0266702107457109,-0.46325889069603465,0.7396934518241588,-1.1513642878859804,0.3951946024956125,-0.7058836920502886,-0.48519237472077603
Aleksej Pokusevski,Home,OKC,DEN,95,128,0,d2586512-1e44-4a31-8aeb-9cf9632151db,-1.7922248055815948,-0.25482412539204535,-2.070380067472917,2.595735582796591,-0.5367613184949518,1.2007434850835772,0.14900664790806556,-1.7620871728231637,2.33795851739047,3.0901088865285806,-0.5826477732098799,-1.9623633488829644,0.05923058171408462
Vasilije MiciÄ,Home,OKC,DEN,95,128,0,d2586512-1e44-4a31-8aeb-9cf9632151db,-1.2551919847365058,1.1721657526640852,-2.282809298721597,0.5384300492456257,-1.9536456619394418,-0.09961895606455647,0.10012166366334384,-0.7227096304198473,0.9463755989613643,-1.1513642878859804,-0.353180436102538,-1.8780620066110445,0.18924838724278364
Aaron Wiggins,Home,OKC,DEN,95,128,0,d2586512-1e44-4a31-8aeb-9cf9632151db,-1.141465928195258,-1.9143611920854473,0.1880757281398747,-0.07361958999396344,-1.9536456619394418,-0.09961895606455647,0.10012166366334384,0.8259944662079587,-0.551000265748418,1.046524522242593,-0.2585256295412669,-1.0134116306089425,-0.41390090330365936
Tre Mann,Home,OKC,DEN,95,128,0,d2586512-1e44-4a31-8aeb-9cf9632151db,0.47848437973281144,1.1947929540928557,-1.5026599685753974,-2.0163608666920694,3.1594709616175236,-2.1539984342396212,-1.563422670183358,1.8721328139426423,-0.7025106155196738,0.6184855328409958,1.6878997340084254,0.7561066681860686,-1.9775919128725716
Keyontae Johnson,Home,OKC,DEN,95,128,0,d2586512-1e44-4a31-8aeb-9cf9632151db,-2.0303389653294586,-1.9143611920854473,0.1880757281398747,-0.07361958999396344,-1.9536456619394418,-0.09961895606455647,0.10012166366334384,-2.9227544248450275,-0.48669151735735827,-1.1513642878859804,-1.0230104309201977,-1.3646509835029217,0.8554926761582762
Olivier Sarr,Home,OKC,DEN,95,128,0,d2586512-1e44-4a31-8aeb-9cf9632151db,-2.1095831395633122,-1.9143611920854473,0.1880757281398747,-0.07361958999396344,-1.9536456619394418,-0.09961895606455647,0.10012166366334384,-2.9227544248450275,-0.48669151735735827,-1.1513642878859804,-1.3471792115268375,-0.8399809130878484,0.4875987824175221
DÄvis BertÄns,Home,OKC,DEN,95,128,0,d2586512-1e44-4a31-8aeb-9cf9632151db,-2.1095831395633122,-1.9143611920854473,0.1880757281398747,-0.07361958999396344,-2.687155186588638,0.2828307119199974,0.16252777235186924,-2.9227544248450275,-0.48669151735735827,-1.1513642878859804,-2.8289409963040137,0.739979545152948,-0.06542450471270202
Shai Gilgeous-Alexander,Home,OKC,DET,124,112,1,f8d24b4b-76c3-47c6-af19-a251b7db3e4d,3.831284245382509,3.945654049690824,0.23205588496691565,1.584675956821244,2.5566745398394057,-0.7108897511845651,-1.4552797192871365,0.4169134986587208,-0.8423171476543028,4.31749732226131,2.7422899387787396,0.29160471681073646,0.8236772272963572
Jalen Williams,Home,OKC,DET,124,112,1,f8d24b4b-76c3-47c6-af19-a251b7db3e4d,2.0097135524955947,2.2214894160115772,-0.6805202953788804,-0.8093953557977919,1.8324194827775266,0.8601672611983249,-1.5382800336543399,0.9211303111802994,-0.7315656400818973,1.0333367887444425,1.652307245922087,0.5524578682486709,0.35839940274303766
Josh Giddey,Home,OKC,DET,124,112,1,f8d24b4b-76c3-47c6-af19-a251b7db3e4d,2.061110172190511,0.5860760191343621,0.2608419153450372,-0.38474767869374504,2.757362274573157,-1.127797399961814,1.8328011351929696,-0.013275674608810155,-0.9747547891422695,1.5860333070947548,1.8452622258111646,-0.05477487414225285,0.4631557812397506
Luguentz Dort,Home,OKC,DET,124,112,1,f8d24b4b-76c3-47c6-af19-a251b7db3e4d,0.30388474256521414,-0.3305852109010987,2.160325592364005,0.7103162701620667,-0.5934766555676451,0.9753476431281176,-0.05412763882705842,0.3548982654854341,0.5064804726899049,-1.1513642878859804,0.6972896203589437,0.38778385744102206,0.6279895185377691
Chet Holmgren,Home,OKC,DET,124,112,1,f8d24b4b-76c3-47c6-af19-a251b7db3e4d,1.8204166955648207,3.318461321171302,-0.24518868557816462,1.6821385071441053,1.9190081258265435,4.191423062997751,0.788931862838779,3.958452692644572,1.1468094478195114,1.4273361748070825,1.0343494068030015,1.2831630865806816,-0.5801667378716914
Cason Wallace,Home,OKC,DET,124,112,1,f8d24b4b-76c3-47c6-af19-a251b7db3e4d,-1.4139928909735282,0.0027029619770317505,-1.2253273257730573,0.4563323252353098,0.24764811699628086,-0.19181498258842125,-1.3633887138324772,0.5221625202010092,0.10486435644547518,2.347179099466942,-0.07118223799800709,-0.610455693176129,-0.10468130032970777
Olivier Sarr,Home,OKC,DET,124,112,1,f8d24b4b-76c3-47c6-af19-a251b7db3e4d,-2.0038781877335152,-1.0906846208451917,0.025853065161325163,-0.5463264316437961,4.92168831913076,2.2527188506904765,-0.2920980617986112,-1.1583292979701592,-0.8191559079860435,0.6314112293209467,0.045607981813024716,0.6210626680105357,0.2305495774207858
Isaiah Joe,Home,OKC,DET,124,112,1,f8d24b4b-76c3-47c6-af19-a251b7db3e4d,1.168514519727817,-1.1288499910217575,-0.5959081327471849,0.7541428120694826,-2.0576895661450014,-0.04537077620859137,0.10897359397377297,1.8140986533993717,1.135273697804703,-1.1513642878859804,0.3362625842924557,-0.3792434612677188,0.1266453264994467
Ousmane Dieng,Home,OKC,DET,124,112,1,f8d24b4b-76c3-47c6-af19-a251b7db3e4d,0.32107025043878323,-0.3771649840456872,-1.0304291099673877,0.07597069562423585,-1.1111889375839548,-0.9431746080738099,1.1427384238108405,4.344433551488894,-0.46094548366158655,-0.5755022335225878,0.24748677665723506,0.24648036708252813,-0.8829734344296702
DÄvis BertÄns,Home,OKC,DET,124,112,1,f8d24b4b-76c3-47c6-af19-a251b7db3e4d,-0.796572597443919,-1.6887839903584527,0.1708439280209437,-0.13042726900275117,-1.2980120189770286,-0.14443796220233862,-0.4130158075371735,2.470491981118251,1.4812941071306598,3.528566125920271,-0.022154687802273105,0.2970614984283508,0.4428785609486346
Tre Mann,Home,OKC,DET,124,112,1,f8d24b4b-76c3-47c6-af19-a251b7db3e4d,-2.1095831395633122,-1.9143611920854473,0.1880757281398747,-0.07361958999396344,-2.0524873709347236,-0.04808318520138962,0.10853099745825151,-2.9227544248450275,-0.48669151735735827,-1.1513642878859804,-1.6200539602850277,-1.0337168985769358,-0.026437051692837714
Aleksej Pokusevski,Home,OKC,DET,124,112,1,f8d24b4b-76c3-47c6-af19-a251b7db3e4d,-1.5805714234296744,-0.6426725508857095,-1.2003310946650005,1.4913714257874469,-2.0680939565655576,-0.03994595822299486,0.10985878700481588,-2.277930435878009,2.442860753237396,-1.1513642878859804,0.5329717764964995,-8.7441512951521,5.9953737698955845
Vasilije MiciÄ,Home,OKC,DET,124,112,1,f8d24b4b-76c3-47c6-af19-a251b7db3e4d,-2.1095831395633122,-1.9143611920854473,0.1880757281398747,-0.07361958999396344,-2.687155186588638,0.2828307119199974,0.16252777235186924,-2.9227544248450275,-0.48669151735735827,-1.1513642878859804,-2.8289409963040137,0.739979545152948,-0.06542450471270202
Aaron Wiggins,Home,OKC,DET,124,112,1,f8d24b4b-76c3-47c6-af19-a251b7db3e4d,-2.1095831395633122,-1.9143611920854473,0.1880757281398747,-0.07361958999396344,-2.687155186588638,0.2828307119199974,0.16252777235186924,-2.9227544248450275,-0.48669151735735827,-1.1513642878859804,-2.8289409963040137,0.739979545152948,-0.06542450471270202
Shai Gilgeous-Alexander,Home,OKC,NOP,106,110,0,7379862c-b207-45da-9d9a-dc85bb322592,2.5821007836126975,3.9806683021489415,0.8351470048753006,-0.9003172988476174,0.0540076732800294,0.04266228262271177,-1.1259191611546786,-0.4208264674781886,-0.41903730791989674,1.9925182576482094,1.945236503742386,-0.09994283606910663,-0.47143371373570286
Jalen Williams,Home,OKC,NOP,106,110,0,7379862c-b207-45da-9d9a-dc85bb322592,1.1298723065914407,0.2021548174916585,-0.6980058284493295,-0.6737641166973719,1.6252120996016726,-0.4846808662791659,-0.9237078566209759,-0.26485553413946344,-0.49920041059563225,4.43062437319381,1.3068490439218685,-0.8580711829830204,-0.8255573914019466
Chet Holmgren,Home,OKC,NOP,106,110,0,7379862c-b207-45da-9d9a-dc85bb322592,2.3802369201615257,2.827736628978713,-1.7826197646091824,1.5230112545250396,4.212601075713837,0.323869568815734,1.1137499615765603,0.6834666340984035,-0.3139548891485344,1.0333367887444425,1.5763390560885304,-0.351109717832832,-0.6765377466864738
Josh Giddey,Home,OKC,NOP,106,110,0,7379862c-b207-45da-9d9a-dc85bb322592,1.8611930558776368,1.3271999973848634,-0.4073432380627956,-0.1837562529288935,2.4684320008638743,0.9991617930407906,-1.8396485486189902,-0.22054520290488122,-0.3337128681801619,1.0057415010046467,1.3166553655651476,-0.7285058565670872,-0.8971036061147502
Luguentz Dort,Home,OKC,NOP,106,110,0,7379862c-b207-45da-9d9a-dc85bb322592,1.433020377794636,0.17416849513269878,0.35053024422899054,0.9041161875179657,-0.9138586020263246,-0.6230405045095051,0.6006865257769646,1.246615910516102,1.313510672049848,-1.1513642878859804,0.535225788611383,-0.46801476530987707,-0.540844995360391
Cason Wallace,Home,OKC,NOP,106,110,0,7379862c-b207-45da-9d9a-dc85bb322592,-1.5992545748064937,-0.5659372910026199,-0.0376846176642935,-0.7386191449943409,-0.9643404634298002,-0.09319475668402274,-0.6001573961153714,0.3844806622537077,-1.3901358742759118,2.347179099466942,-0.3231474390844357,-0.6083485552506603,-0.2797043963632676
Isaiah Joe,Home,OKC,NOP,106,110,0,7379862c-b207-45da-9d9a-dc85bb322592,1.151398091131236,-1.3690556319085954,-0.007944224154676296,-0.6174318209297139,-1.4479366210513267,-0.09057485339838262,-0.2995810055314556,0.5042174018884286,1.8801948112451456,1.886646505402422,0.5315451026725583,-0.38415500792340196,-0.649109452237336
Aaron Wiggins,Home,OKC,NOP,106,110,0,7379862c-b207-45da-9d9a-dc85bb322592,-0.4378545748940229,1.6232899954352185,-1.8208028266083374,-0.06985206107041952,0.45326429935323265,-0.2526501101145947,-1.5773045863635908,1.3743043871235392,-1.1424043591232707,1.4273361748070825,0.8608051399454301,0.5833867059253343,0.7508599916055082
Ousmane Dieng,Home,OKC,NOP,106,110,0,7379862c-b207-45da-9d9a-dc85bb322592,-0.990686126669687,-1.317860552681755,-0.028169672911376592,-0.6721638942048229,-0.6843394392002071,-0.18837444849127843,-0.8360720782502002,-1.0034399323434198,1.3018820639580972,-1.1513642878859804,-0.43456908299884417,-1.3560578086992627,-0.47335287409413346
Olivier Sarr,Home,OKC,NOP,106,110,0,7379862c-b207-45da-9d9a-dc85bb322592,-2.1095831395633122,0.046594242223288417,-3.2444493204400504,4.335664406105412,5.0217767421452475,2.340998820782215,1.2579593237613922,-2.546696646896319,-0.5482191401848072,-1.1513642878859804,-0.8034886456899653,-0.19871628308009376,-0.44547981864525743
Lindy Waters III,Home,OKC,NOP,106,110,0,7379862c-b207-45da-9d9a-dc85bb322592,-2.1095831395633122,-1.9143611920854473,0.1880757281398747,-0.07361958999396344,-2.0680939565655576,-0.03994595822299486,0.10985878700481588,-2.9227544248450275,-0.48669151735735827,-1.1513642878859804,-1.4059872441694568,-0.2820748590382079,0.5658232337519361
DÄvis BertÄns,Home,OKC,NOP,106,110,0,7379862c-b207-45da-9d9a-dc85bb322592,-2.1095831395633122,-1.9143611920854473,0.1880757281398747,-0.07361958999396344,-2.687155186588638,0.2828307119199974,0.16252777235186924,-2.9227544248450275,-0.48669151735735827,-1.1513642878859804,-2.8289409963040137,0.739979545152948,-0.06542450471270202
Tre Mann,Home,OKC,NOP,106,110,0,7379862c-b207-45da-9d9a-dc85bb322592,-2.1095831395633122,-1.9143611920854473,0.1880757281398747,-0.07361958999396344,-2.687155186588638,0.2828307119199974,0.16252777235186924,-2.9227544248450275,-0.48669151735735827,-1.1513642878859804,-2.8289409963040137,0.739979545152948,-0.06542450471270202
Vasilije MiciÄ,Home,OKC,NOP,106,110,0,7379862c-b207-45da-9d9a-dc85bb322592,-2.1095831395633122,-1.9143611920854473,0.1880757281398747,-0.07361958999396344,-2.687155186588638,0.2828307119199974,0.16252777235186924,-2.9227544248450275,-0.48669151735735827,-1.1513642878859804,-2.8289409963040137,0.739979545152948,-0.06542450471270202
Aleksej Pokusevski,Home,OKC,NOP,106,110,0,7379862c-b207-45da-9d9a-dc85bb322592,-2.1095831395633122,-1.9143611920854473,0.1880757281398747,-0.07361958999396344,-2.687155186588638,0.2828307119199974,0.16252777235186924,-2.9227544248450275,-0.48669151735735827,-1.1513642878859804,-2.8289409963040137,0.739979545152948,-0.06542450471270202
Cason Wallace,Home,OKC,GSW,139,141,0,5a672d1a-6173-42da-a0ed-79701a51c3d3,0.9094996909787884,-0.8948435352326708,-0.5364163444497453,0.24957197870664227,-0.6938128742091233,-0.7359221062793753,0.5485572730476128,1.2195185758958642,-0.7730774648263526,-1.1513642878859804,1.0280848901440034,-0.2751324114201441,0.0309558565509231
Jalen Williams,Home,OKC,GSW,139,141,0,5a672d1a-6173-42da-a0ed-79701a51c3d3,0.9161340187472459,5.176658531785084,-2.7655446722525037,0.5062850566294248,-0.18035673473682046,-0.750929738619892,0.2257323312168492,0.48616658008754376,-1.5053022190188947,1.3497192976033743,1.434694022094896,-0.8387689151770837,-0.0912274119055027
Chet Holmgren,Home,OKC,GSW,139,141,0,5a672d1a-6173-42da-a0ed-79701a51c3d3,1.8785167223051822,2.166305370386967,-0.6170041092891261,-0.33535718497055383,3.521722446485168,-1.1690605681986508,1.3125053777986437,3.156786377610187,-0.9525249718576168,4.666115693825548,1.3095343434894002,0.49311965263653795,-1.297179614059571
Josh Giddey,Home,OKC,GSW,139,141,0,5a672d1a-6173-42da-a0ed-79701a51c3d3,1.7096515929477025,2.4574953424093757,-3.102532663195922,1.3800329715415378,0.8229710928307589,-0.23656136953159465,-1.6715496773071816,0.03941298242949382,-0.737262213150835,1.0180060733334448,1.5163882305682526,-1.0552329915141003,0.6106136107092497
Luguentz Dort,Home,OKC,GSW,139,141,0,5a672d1a-6173-42da-a0ed-79701a51c3d3,4.708233616639522,-0.5632163822151595,-0.39727466938971645,0.24520956603855693,1.3033844648476167,-1.5575460502444307,0.6896811247664768,3.429100021160489,-0.14412168376621862,3.0128003430639505,1.2527531241419945,-0.0189012646462922,-1.3492091389822978
Isaiah Joe,Home,OKC,GSW,139,141,0,5a672d1a-6173-42da-a0ed-79701a51c3d3,1.6789121637616238,-1.0641938849115473,-0.574529868284579,0.3196594017351391,-1.9536456619394418,-0.09961895606455647,0.10012166366334384,2.8216339065548635,0.8537078661137681,3.594653557413207,0.6834730809843781,-0.0912896295718084,-0.747901574822321
Aaron Wiggins,Home,OKC,GSW,139,141,0,5a672d1a-6173-42da-a0ed-79701a51c3d3,0.03937888449839523,-0.88312630760574,1.400645370680266,0.40132339855912713,-0.4878581223628593,-0.26416774187039976,-0.9448774797992802,0.8427109944301057,0.1947566556890039,-1.1513642878859804,0.07933780058433397,-0.5728417550752354,-0.2689180717878148
Jaylin Williams,Home,OKC,GSW,139,141,0,5a672d1a-6173-42da-a0ed-79701a51c3d3,-0.5596017361467219,0.18664091229367508,-1.06247580395205,-0.5234393914230977,2.017195762385377,-0.6281695312820258,-2.711249228060838,-0.0053169990582622876,0.570623988014267,1.4273361748070825,0.24083016611028615,-0.5384129652621485,-0.1994327989200039
Vasilije MiciÄ,Home,OKC,GSW,139,141,0,5a672d1a-6173-42da-a0ed-79701a51c3d3,-0.4712622380277387,-0.1648565456366098,-0.3729727597074273,-1.642137551520701,-1.0352619559279093,-0.24599260417718566,-0.5703942240144263,0.6961475909520922,0.05186683855730464,-1.1513642878859804,-0.011324674323934619,-0.5696215275126024,-0.09516870888816084
Ousmane Dieng,Home,OKC,GSW,139,141,0,5a672d1a-6173-42da-a0ed-79701a51c3d3,-0.6906241671217951,-0.30079730390197906,-1.248219855253741,0.32776079959370674,-0.29039358847731206,-0.4895328727097716,-1.2208817667790248,0.5053845934992346,1.8723277524067032,-1.1513642878859804,0.281033063321379,-1.1940724835743428,0.2773077854817352
DÄvis BertÄns,Home,OKC,GSW,139,141,0,5a672d1a-6173-42da-a0ed-79701a51c3d3,-2.1095831395633122,-1.9143611920854473,0.1880757281398747,-0.07361958999396344,-2.687155186588638,0.2828307119199974,0.16252777235186924,-2.9227544248450275,-0.48669151735735827,-1.1513642878859804,-2.8289409963040137,0.739979545152948,-0.06542450471270202
Tre Mann,Home,OKC,GSW,139,141,0,5a672d1a-6173-42da-a0ed-79701a51c3d3,-2.1095831395633122,-1.9143611920854473,0.1880757281398747,-0.07361958999396344,-2.687155186588638,0.2828307119199974,0.16252777235186924,-2.9227544248450275,-0.48669151735735827,-1.1513642878859804,-2.8289409963040137,0.739979545152948,-0.06542450471270202
Aleksej Pokusevski,Home,OKC,GSW,139,141,0,5a672d1a-6173-42da-a0ed-79701a51c3d3,-2.1095831395633122,-1.9143611920854473,0.1880757281398747,-0.07361958999396344,-2.687155186588638,0.2828307119199974,0.16252777235186924,-2.9227544248450275,-0.48669151735735827,-1.1513642878859804,-2.8289409963040137,0.739979545152948,-0.06542450471270202
Olivier Sarr,Home,OKC,GSW,139,141,0,5a672d1a-6173-42da-a0ed-79701a51c3d3,-2.1095831395633122,-1.9143611920854473,0.1880757281398747,-0.07361958999396344,-2.687155186588638,0.2828307119199974,0.16252777235186924,-2.9227544248450275,-0.48669151735735827,-1.1513642878859804,-2.8289409963040137,0.739979545152948,-0.06542450471270202
Lindy Waters III,Home,OKC,GSW,139,141,0,5a672d1a-6173-42da-a0ed-79701a51c3d3,-2.1095831395633122,-1.9143611920854473,0.1880757281398747,-0.07361958999396344,-2.687155186588638,0.2828307119199974,0.16252777235186924,-2.9227544248450275,-0.48669151735735827,-1.1513642878859804,-2.8289409963040137,0.739979545152948,-0.06542450471270202
Shai Gilgeous-Alexander,Home,OKC,ATL,126,117,1,b199da22-295b-42ab-9ff5-f3a4901eb61e,4.881800821916708,2.6804984504228018,-0.6469219486596447,-1.0381633837051447,1.6564978039083147,-0.48515814396371804,-0.9653045903076967,1.1930524195595218,-0.3145190453610236,2.5215034786433708,2.191768666411788,0.7042067893819852,0.19462280570334514
Jalen Williams,Home,OKC,ATL,126,117,1,b199da22-295b-42ab-9ff5-f3a4901eb61e,2.733151355624316,0.7684778816492308,-1.1492268674680162,0.10446002710189992,-0.3004628755697508,0.9120081663371987,-0.21244838344447856,1.4306948215219772,-0.30488584271710367,1.5830983402646686,1.3653166066837363,-0.18683703399462795,-0.12200388332187424
Chet Holmgren,Home,OKC,ATL,126,117,1,b199da22-295b-42ab-9ff5-f3a4901eb61e,1.289434874232826,0.788437879816825,0.20925909710235557,-0.2694449175564176,5.25048017920398,1.2925804400209688,1.2515603202890866,-0.187458208565377,-0.36098538996929475,3.6548996084342917,1.4296223868221245,-0.2191793503210402,-0.22390464494783235
Luguentz Dort,Home,OKC,ATL,126,117,1,b199da22-295b-42ab-9ff5-f3a4901eb61e,2.108853255833922,0.2569803012629156,-1.261159185019339,0.054665259554084834,3.398194014841106,0.8379354062825275,0.6022995354819186,1.6509240256115065,0.01254619834011292,2.8251970966273987,1.3619163687709674,0.6405828094622638,-0.4130528617532968
Josh Giddey,Home,OKC,ATL,126,117,1,b199da22-295b-42ab-9ff5-f3a4901eb61e,-0.09486781668595753,1.9531799346215897,-2.3698343008738467,0.5316002376579513,2.031831364232901,-1.8653402310178702,1.2384267445589687,-1.176302292389948,-0.9864223653878823,-1.1513642878859804,1.145152600243638,-1.0574151369561593,1.1005501199078407
Cason Wallace,Home,OKC,ATL,126,117,1,b199da22-295b-42ab-9ff5-f3a4901eb61e,-0.33992724928335016,3.135147632022435,3.007664535214136,1.074824139733016,-1.123115346995905,-0.030277668276376908,-0.5016398594650255,0.17208799804677238,0.17709485437023276,-1.1513642878859804,0.5636456861830671,0.42849579359796997,-0.38297135977145724
Isaiah Joe,Home,OKC,ATL,126,117,1,b199da22-295b-42ab-9ff5-f3a4901eb61e,2.5082293179354807,-0.4240316342224887,-0.2705814253766321,-1.3650564305654613,-0.42516981193781606,-0.1214357770376273,-0.9138329530777571,2.0534380307803954,1.5613999439359991,-1.1513642878859804,0.6954562726488208,0.7128801713421142,-0.37620883193408694
Jaylin Williams,Home,OKC,ATL,126,117,1,b199da22-295b-42ab-9ff5-f3a4901eb61e,-1.0093692780465062,0.7704623097191178,1.2466971368764919,-0.645375299024401,-0.1411038077785862,1.361996634844845,-0.04943001778045578,0.39064969279554346,-0.6262923382122425,1.580643328917059,0.188936289101016,0.3560274258348283,-0.4198916586493078
Ousmane Dieng,Home,OKC,ATL,126,117,1,b199da22-295b-42ab-9ff5-f3a4901eb61e,-0.7966416767209071,-1.2762471212260362,-0.7548336811679194,1.0491613788962961,-0.1159433646805776,-1.30991388704911,0.8177807019894086,-0.166718433786616,0.5974380767960722,-1.1513642878859804,-0.1367383461282022,-1.4508770903740906,0.31310014795821106
Aaron Wiggins,Home,OKC,ATL,126,117,1,b199da22-295b-42ab-9ff5-f3a4901eb61e,-0.8942564445622646,-1.9143611920854473,0.1880757281398747,-0.07361958999396344,-0.6410052510222298,-1.5280291446257313,1.6475444462486961,4.9601659326810585,-0.5712450441645132,-1.1513642878859804,-0.14471873423250695,1.0202496381540007,-0.7430712615106152
DÄvis BertÄns,Home,OKC,ATL,126,117,1,b199da22-295b-42ab-9ff5-f3a4901eb61e,-2.1095831395633122,-1.9143611920854473,0.1880757281398747,-0.07361958999396344,-2.687155186588638,0.2828307119199974,0.16252777235186924,-2.9227544248450275,-0.48669151735735827,-1.1513642878859804,-2.8289409963040137,0.739979545152948,-0.06542450471270202
Tre Mann,Home,OKC,ATL,126,117,1,b199da22-295b-42ab-9ff5-f3a4901eb61e,-2.1095831395633122,-1.9143611920854473,0.1880757281398747,-0.07361958999396344,-2.687155186588638,0.2828307119199974,0.16252777235186924,-2.9227544248450275,-0.48669151735735827,-1.1513642878859804,-2.8289409963040137,0.739979545152948,-0.06542450471270202
Vasilije MiciÄ,Home,OKC,ATL,126,117,1,b199da22-295b-42ab-9ff5-f3a4901eb61e,-2.1095831395633122,-1.9143611920854473,0.1880757281398747,-0.07361958999396344,-2.687155186588638,0.2828307119199974,0.16252777235186924,-2.9227544248450275,-0.48669151735735827,-1.1513642878859804,-2.8289409963040137,0.739979545152948,-0.06542450471270202
Aleksej Pokusevski,Home,OKC,ATL,126,117,1,b199da22-295b-42ab-9ff5-f3a4901eb61e,-2.1095831395633122,-1.9143611920854473,0.1880757281398747,-0.07361958999396344,-2.687155186588638,0.2828307119199974,0.16252777235186924,-2.9227544248450275,-0.48669151735735827,-1.1513642878859804,-2.8289409963040137,0.739979545152948,-0.06542450471270202
Lindy Waters III,Home,OKC,ATL,126,117,1,b199da22-295b-42ab-9ff5-f3a4901eb61e,-2.1095831395633122,-1.9143611920854473,0.1880757281398747,-0.07361958999396344,-2.687155186588638,0.2828307119199974,0.16252777235186924,-2.9227544248450275,-0.48669151735735827,-1.1513642878859804,-2.8289409963040137,0.739979545152948,-0.06542450471270202
Shai Gilgeous-Alexander,Home,OKC,CLE,128,120,1,cbd93d90-8120-4efa-a88b-ab4c4a2edf3e,4.709876872897645,3.41403002242076,-0.20023969269085706,-0.40987929700836057,2.199934284665889,-0.19072657712828292,0.4444139735317636,1.6861327023688792,-1.2390948419655488,5.973805328527693,2.66208320411562,1.0139926493540565,-0.6890214011638449
Luguentz Dort,Home,OKC,CLE,128,120,1,cbd93d90-8120-4efa-a88b-ab4c4a2edf3e,1.670509422003869,2.3081623507732227,-0.030939533824043512,1.313772310627126,1.4161358576869945,2.3260021261583574,1.2834325377505815,0.8194261705983787,0.576586472076267,3.084140734226985,1.1526618561709678,-0.4325172550850206,-1.007634564486329
Jalen Williams,Home,OKC,CLE,128,120,1,cbd93d90-8120-4efa-a88b-ab4c4a2edf3e,0.6895126463461013,0.5242546755203363,0.23559895133233816,0.1036686389669408,0.22769275088801397,-0.6731033210332422,-0.14554805858448194,1.506319258106325,-0.8529687338083152,2.2570386866139756,0.9535975949071354,-0.5801856714177535,-0.4359671804979253
Chet Holmgren,Home,OKC,CLE,128,120,1,cbd93d90-8120-4efa-a88b-ab4c4a2edf3e,0.970373271605138,1.331018152269449,-0.3558092106855402,0.6586725884047577,3.682841343520529,1.2148444483203993,2.500010425769848,2.2269287755186005,-1.1030405080438805,-1.1513642878859804,1.0454756553166535,0.15063418500809214,-0.41931147297501414
Josh Giddey,Home,OKC,CLE,128,120,1,cbd93d90-8120-4efa-a88b-ab4c4a2edf3e,0.11716720251226656,2.1943329237685085,0.8781231627848002,-0.7391145720382215,1.506812917187563,0.2876008729457573,-0.06935796183406907,-0.6376468165335077,-0.5610805274580235,-1.1513642878859804,0.9394583465733429,-0.08700716881085975,-0.29574176168904526
Cason Wallace,Home,OKC,CLE,128,120,1,cbd93d90-8120-4efa-a88b-ab4c4a2edf3e,1.0959046732624207,0.5600653971357773,-1.4120029743328708,0.4045556250113318,-0.03917482530502302,-0.8199890694894187,0.13239042171318557,2.4403150791759054,-0.30233161296805444,1.252566019121709,0.8294883178627533,0.2168232752837743,-0.009706731771089895
Isaiah Joe,Home,OKC,CLE,128,120,1,cbd93d90-8120-4efa-a88b-ab4c4a2edf3e,0.8075789795535756,-0.4768068294795259,-0.5919748967230308,0.5084952841532168,0.012218183569924974,-0.25529278096229946,-1.3028789511917473,0.09207721856037913,1.5417839456123694,-1.1513642878859804,0.39528879265797556,-0.7760362113121118,1.221825099731215
Jaylin Williams,Home,OKC,CLE,128,120,1,cbd93d90-8120-4efa-a88b-ab4c4a2edf3e,-0.32968862694755363,-0.19151814743172013,-1.2347946949028625,1.3777560677698715,1.1168460078421536,-1.574206155205775,-0.08866163077339194,5.3621932416133635,0.8472510914460863,-1.1513642878859804,-0.16895415954747783,0.15331847898738094,-0.27604405205345145
DÄvis BertÄns,Home,OKC,CLE,128,120,1,cbd93d90-8120-4efa-a88b-ab4c4a2edf3e,-1.1575081376181604,0.20225729273092224,1.728283832787868,0.04006305642185156,-2.0837005421963917,-0.0318087312446001,0.11118657655138026,-1.1822211110610015,2.2368416804545808,2.7620303553703884,0.00597388764932742,-0.5947635318778528,0.7001776776992924
Ousmane Dieng,Home,OKC,CLE,128,120,1,cbd93d90-8120-4efa-a88b-ab4c4a2edf3e,-1.4139928909735282,0.10972084007709283,1.819648842210767,0.06427435795329539,3.622797857538194,-3.1695505335715346,0.41395017512774734,0.8718302786445453,0.04765446153574196,2.347179099466942,0.13601383165934247,1.1880412196255028,-0.1991188319645945
Aaron Wiggins,Home,OKC,CLE,128,120,1,cbd93d90-8120-4efa-a88b-ab4c4a2edf3e,-1.501327249195821,-1.9143611920854473,0.1880757281398747,-0.07361958999396344,-2.0264763948833338,-0.0616452301653809,0.10631801488064423,-2.4926568242040257,1.4673198471293427,-1.1513642878859804,-0.4925154537977847,-1.4870808993737623,1.579216486009615
Tre Mann,Home,OKC,CLE,128,120,1,cbd93d90-8120-4efa-a88b-ab4c4a2edf3e,-2.1095831395633122,-1.9143611920854473,0.1880757281398747,-0.07361958999396344,-2.687155186588638,0.2828307119199974,0.16252777235186924,-2.9227544248450275,-0.48669151735735827,-1.1513642878859804,-2.8289409963040137,0.739979545152948,-0.06542450471270202
Vasilije MiciÄ,Home,OKC,CLE,128,120,1,cbd93d90-8120-4efa-a88b-ab4c4a2edf3e,-2.1095831395633122,-1.9143611920854473,0.1880757281398747,-0.07361958999396344,-2.687155186588638,0.2828307119199974,0.16252777235186924,-2.9227544248450275,-0.48669151735735827,-1.1513642878859804,-2.8289409963040137,0.739979545152948,-0.06542450471270202
Aleksej Pokusevski,Home,OKC,CLE,128,120,1,cbd93d90-8120-4efa-a88b-ab4c4a2edf3e,-2.1095831395633122,-1.9143611920854473,0.1880757281398747,-0.07361958999396344,-2.687155186588638,0.2828307119199974,0.16252777235186924,-2.9227544248450275,-0.48669151735735827,-1.1513642878859804,-2.8289409963040137,0.739979545152948,-0.06542450471270202
Shai Gilgeous-Alexander,Away,OKC,SAC,98,105,0,8a9b8b0b-b02c-462c-915a-58525cb06cf8,3.9522006659538564,2.328022594810424,0.3257172189461536,-0.5076129936464996,2.037785350742279,2.0788445994981606,-0.8369972053911051,0.22853821980960448,-1.151401914507106,2.429519186177385,2.319882337448323,0.05555457824154439,-1.4534044701365825
Jalen Williams,Away,OKC,SAC,98,105,0,8a9b8b0b-b02c-462c-915a-58525cb06cf8,1.138136889795219,1.0085938176128981,-0.6593996758042313,1.1044318684611525,0.3774336030030736,-0.060653782943185734,-1.4063114844388156,-0.44215819348960883,-0.5442637670349866,1.0333367887444425,0.9894629350101581,-1.699941422426662,-1.0178299794051597
Chet Holmgren,Away,OKC,SAC,98,105,0,8a9b8b0b-b02c-462c-915a-58525cb06cf8,0.7335132768681971,1.3323178521796704,-1.0447964255201163,1.9624886074845065,2.148803411562281,0.45535005571115056,-0.445754880891263,-0.531358958340489,-0.4114535818408274,1.011758424359963,0.9310333989405939,-1.757175096898178,-0.8170136060863836
Josh Giddey,Away,OKC,SAC,98,105,0,8a9b8b0b-b02c-462c-915a-58525cb06cf8,0.3977843492789759,2.204127925836878,-2.700377611452186,0.17088378484569228,0.2597268992063463,-0.7300676524946553,-0.09338598598530225,0.28861483733955456,-1.1272418707665408,0.5525634565737059,0.6854972071417627,-1.5519896756347398,-1.6792598629352966
Luguentz Dort,Away,OKC,SAC,98,105,0,8a9b8b0b-b02c-462c-915a-58525cb06cf8,0.19901053141676886,2.90125241926698,1.4865413053673273,1.9009330503570616,2.048156052195398,-0.15829548484958397,0.9647322455222574,1.2675247751818015,0.6153449831329789,1.4273361748070825,0.4022422309481491,-0.40061365047536457,-1.5610022448169238
Cason Wallace,Away,OKC,SAC,98,105,0,8a9b8b0b-b02c-462c-915a-58525cb06cf8,0.868452560179925,-0.8861451906557254,-0.10742782731171911,-0.9101838187017635,0.33546269353250263,0.5150546237625762,0.8543982292494593,0.9479810278253262,0.8963666609999232,-1.1513642878859804,0.5384006498397221,0.20314919492625105,-0.31191052264281705
Isaiah Joe,Away,OKC,SAC,98,105,0,8a9b8b0b-b02c-462c-915a-58525cb06cf8,1.9620320939282738,-0.6499335563632931,0.7056622045562888,1.1258719088544467,-1.5198518863835548,-0.05634574543369009,-0.2734971096373357,0.4508232002541851,1.5618226487605165,-1.1513642878859804,0.9609726613281767,0.3354143133580884,0.7718341204668249
Lindy Waters III,Away,OKC,SAC,98,105,0,8a9b8b0b-b02c-462c-915a-58525cb06cf8,-1.5805714234296744,-0.8669470359456601,-0.11501237059548179,-0.9307083461799294,-2.078498346986114,-0.03452114023739834,0.1107439800358588,-1.967847706692232,2.392127450204236,-1.1513642878859804,-0.3046248993815436,-0.46703183530222514,0.4816992290399388
Jaylin Williams,Away,OKC,SAC,98,105,0,8a9b8b0b-b02c-462c-915a-58525cb06cf8,-1.527718947514776,0.39500117241288085,1.0466230829324612,-0.5454729972226223,0.3601548467452845,-0.20501140916563457,-1.5388947119828729,-1.6106734899513582,2.3202770107569033,1.557037345428815,-0.08520053842657614,-0.011421784607354851,0.43121103276752154
Ousmane Dieng,Away,OKC,SAC,98,105,0,8a9b8b0b-b02c-462c-915a-58525cb06cf8,-1.8450772814964933,-0.9642956528876597,-0.09596509492205822,-0.8658017564013833,-1.0406873378501542,-0.21662963206161953,-0.6774809480836174,-1.967847706692232,2.392127450204236,-1.1513642878859804,-0.8591031274635702,-0.6064022327982416,0.4171950598207998
DÄvis BertÄns,Away,OKC,SAC,98,105,0,8a9b8b0b-b02c-462c-915a-58525cb06cf8,-2.1095831395633122,-1.9143611920854473,0.1880757281398747,-0.07361958999396344,-2.687155186588638,0.2828307119199974,0.16252777235186924,-2.9227544248450275,-0.48669151735735827,-1.1513642878859804,-2.8289409963040137,0.739979545152948,-0.06542450471270202
Tre Mann,Away,OKC,SAC,98,105,0,8a9b8b0b-b02c-462c-915a-58525cb06cf8,-2.1095831395633122,-1.9143611920854473,0.1880757281398747,-0.07361958999396344,-2.687155186588638,0.2828307119199974,0.16252777235186924,-2.9227544248450275,-0.48669151735735827,-1.1513642878859804,-2.8289409963040137,0.739979545152948,-0.06542450471270202
Vasilije MiciÄ,Away,OKC,SAC,98,105,0,8a9b8b0b-b02c-462c-915a-58525cb06cf8,-2.1095831395633122,-1.9143611920854473,0.1880757281398747,-0.07361958999396344,-2.687155186588638,0.2828307119199974,0.16252777235186924,-2.9227544248450275,-0.48669151735735827,-1.1513642878859804,-2.8289409963040137,0.739979545152948,-0.06542450471270202
Aleksej Pokusevski,Away,OKC,SAC,98,105,0,8a9b8b0b-b02c-462c-915a-58525cb06cf8,-2.1095831395633122,-1.9143611920854473,0.1880757281398747,-0.07361958999396344,-2.687155186588638,0.2828307119199974,0.16252777235186924,-2.9227544248450275,-0.48669151735735827,-1.1513642878859804,-2.8289409963040137,0.739979545152948,-0.06542450471270202
Aaron Wiggins,Away,OKC,SAC,98,105,0,8a9b8b0b-b02c-462c-915a-58525cb06cf8,-2.1095831395633122,-1.9143611920854473,0.1880757281398747,-0.07361958999396344,-2.687155186588638,0.2828307119199974,0.16252777235186924,-2.9227544248450275,-0.48669151735735827,-1.1513642878859804,-2.8289409963040137,0.739979545152948,-0.06542450471270202
Jalen Williams,Away,OKC,PHO,111,99,1,56165f27-cbcb-4e2a-bf65-926acc8105c4,4.061891549397297,1.0275786845796304,1.2994736763627412,0.58379162146352,-1.6160780631211678,-0.026056025592678687,-0.18223355450142817,2.1774283503704015,-0.7419901882895271,3.3412943570961824,2.3985120525080754,1.4225533244978006,0.6822816339997005
Shai Gilgeous-Alexander,Away,OKC,PHO,111,99,1,56165f27-cbcb-4e2a-bf65-926acc8105c4,4.888435149685165,1.3488228859772078,0.050608214822284926,-0.9253515559556302,1.7299702914571478,0.9171737843631971,-1.5070161313162698,1.1986725749521072,-0.7262252938917659,3.497024881127392,2.4876968753928796,0.5354193381694401,-0.6202994572779947
Chet Holmgren,Away,OKC,PHO,111,99,1,56165f27-cbcb-4e2a-bf65-926acc8105c4,2.427285808989318,0.15326861823859775,-0.33546911621356146,-1.5743651695788319,1.8249414159272943,1.9287701183307675,-0.8066418446126442,1.6374195830142466,0.4219625987759158,2.8251970966273987,1.8640388964461343,1.9503498220003403,0.8985019080612169
Luguentz Dort,Away,OKC,PHO,111,99,1,56165f27-cbcb-4e2a-bf65-926acc8105c4,0.5061302430626896,0.8528010165917884,1.8730729427288066,0.11212063843597633,1.7694704994210584,-0.20612664240641274,0.8034185532636807,-0.6341635353297275,0.4415641169525876,1.7508392661874144,1.1544370991321717,-0.25007626008261596,0.509140756743167
Josh Giddey,Away,OKC,PHO,111,99,1,56165f27-cbcb-4e2a-bf65-926acc8105c4,0.2572849573724695,4.964955379343131,-1.1941750679424465,-0.5267233348284968,2.4590766023859834,0.23126297001652701,2.3531554414929263,-0.5102243568758271,-0.9192216321772638,-1.1513642878859804,1.8288825877752477,0.901720038008391,0.527741236066557
Cason Wallace,Away,OKC,PHO,111,99,1,56165f27-cbcb-4e2a-bf65-926acc8105c4,-2.0303389653294586,-0.8011135700846468,-0.016660545903481164,-0.6715492022464702,-2.0628917613552797,-0.042658367215793115,0.10941619048929442,-2.5664891615251983,-0.5449808442465205,-1.1513642878859804,-0.5894354534138436,-0.7250182151861486,0.6554297235980524
Isaiah Joe,Away,OKC,PHO,111,99,1,56165f27-cbcb-4e2a-bf65-926acc8105c4,-0.8758858509547606,-0.3539022808330497,1.3693450912114196,0.011748706819272895,-0.8449463479153779,1.3036453740041005,0.3119388797062339,0.621424164205345,0.9120894550024184,-1.1513642878859804,-0.408358869405182,-0.7978025535068849,-1.2352628919426853
Jaylin Williams,Away,OKC,PHO,111,99,1,56165f27-cbcb-4e2a-bf65-926acc8105c4,-0.6906241671217951,-1.2076681111183905,-0.9093576711149943,1.258118298034915,2.040989574041395,0.24725252613545037,0.2828601594959781,0.48559207887035516,1.87556604834499,-1.1513642878859804,-0.3055816741820734,-1.1640611404420358,-0.6724722754329473
Aaron Wiggins,Away,OKC,PHO,111,99,1,56165f27-cbcb-4e2a-bf65-926acc8105c4,-1.5464711781685834,-0.12689025905549467,1.5963931025320341,0.04314266425582559,-0.497421047787257,-0.22814935653171983,-1.0595527724266403,-1.4738629143160975,-0.8974410029468262,-1.1513642878859804,0.0726574044775928,-0.24186940189999565,1.006475874690707
Ousmane Dieng,Away,OKC,PHO,111,99,1,56165f27-cbcb-4e2a-bf65-926acc8105c4,-1.8450772814964933,-1.9143611920854473,0.1880757281398747,-0.07361958999396344,-2.0628917613552797,-0.042658367215793115,0.10941619048929442,-2.277930435878009,2.442860753237396,-1.1513642878859804,-1.0287374804642064,-1.3598772469528189,0.5928614883570397
DÄvis BertÄns,Away,OKC,PHO,111,99,1,56165f27-cbcb-4e2a-bf65-926acc8105c4,-2.1095831395633122,-1.9143611920854473,0.1880757281398747,-0.07361958999396344,-2.0628917613552797,-0.042658367215793115,0.10941619048929442,-2.9227544248450275,-0.48669151735735827,-1.1513642878859804,-1.5081908091157548,-0.856169115000449,0.17339717219803472
Tre Mann,Away,OKC,PHO,111,99,1,56165f27-cbcb-4e2a-bf65-926acc8105c4,-2.1095831395633122,-1.9143611920854473,0.1880757281398747,-0.07361958999396344,-2.687155186588638,0.2828307119199974,0.16252777235186924,-2.9227544248450275,-0.48669151735735827,-1.1513642878859804,-2.8289409963040137,0.739979545152948,-0.06542450471270202
Vasilije MiciÄ,Away,OKC,PHO,111,99,1,56165f27-cbcb-4e2a-bf65-926acc8105c4,-2.1095831395633122,-1.9143611920854473,0.1880757281398747,-0.07361958999396344,-2.687155186588638,0.2828307119199974,0.16252777235186924,-2.9227544248450275,-0.48669151735735827,-1.1513642878859804,-2.8289409963040137,0.739979545152948,-0.06542450471270202
Aleksej Pokusevski,Away,OKC,PHO,111,99,1,56165f27-cbcb-4e2a-bf65-926acc8105c4,-2.1095831395633122,-1.9143611920854473,0.1880757281398747,-0.07361958999396344,-2.687155186588638,0.2828307119199974,0.16252777235186924,-2.9227544248450275,-0.48669151735735827,-1.1513642878859804,-2.8289409963040137,0.739979545152948,-0.06542450471270202
Chet Holmgren,Home,OKC,SAS,123,87,1,d84e81e7-670e-45a7-af33-28e73be46afb,0.8325839009295365,1.7608510104211763,0.5486115488964809,0.8660186827420275,1.8206634717730488,0.9240654705611264,-1.6185856858803604,-0.3836190669897023,0.4785234278163578,1.1207218665871292,1.5681298362677156,1.126816424452231,2.0683868800087755
Shai Gilgeous-Alexander,Home,OKC,SAS,123,87,1,d84e81e7-670e-45a7-af33-28e73be46afb,3.1099964932893887,5.943378463466245,5.1497409068314735,1.6468069566551953,1.1058673378440071,-0.6953599077549835,-0.664249439914598,1.1943544038218956,-0.7419841747861925,3.5598491728861066,2.4915039615732826,2.3566559623745356,0.18175963395462758
Josh Giddey,Home,OKC,SAS,123,87,1,d84e81e7-670e-45a7-af33-28e73be46afb,1.066982899549805,2.2176131883971313,-2.3232058930560484,-1.1448217540624055,2.875978970118295,1.2461207439026971,-0.0715726134515938,0.6972318129350664,-0.9720069299555734,2.3067979235736615,1.817312475112188,1.3307580646742918,0.5924981559527065
Luguentz Dort,Home,OKC,SAS,123,87,1,d84e81e7-670e-45a7-af33-28e73be46afb,-0.15390390404602142,-0.7700453663445549,1.174470805683298,0.24551225467969998,0.22496292619723457,0.2892424352997528,0.83038645162247,0.025749318077356816,0.4428510015290055,0.534478627515271,0.7819677269577597,0.7343939915734492,1.602535251567958
Jalen Williams,Home,OKC,SAS,123,87,1,d84e81e7-670e-45a7-af33-28e73be46afb,0.7693819361185855,1.3718205224092441,-2.016710788584126,0.5227538123488494,-1.03857612120598,-0.051162570238142,-0.6060772962621667,0.7209960477542138,-0.32736604115933693,-1.1513642878859804,1.2118107643890283,0.3604941853954072,1.9478205817227787
Cason Wallace,Home,OKC,SAS,123,87,1,d84e81e7-670e-45a7-af33-28e73be46afb,-0.16425339294207417,1.5678588332006183,1.0835552121432748,0.6087581250544344,1.9771646126494828,1.344690021973261,0.6418525820988779,2.9502268883290474,-0.9940036221600657,-1.1513642878859804,0.6429654780946232,1.1908762359789884,-0.5200508503858683
Vasilije MiciÄ,Home,OKC,SAS,123,87,1,d84e81e7-670e-45a7-af33-28e73be46afb,0.11976635718291542,1.761428947138145,-0.681222363980219,0.4568082872614539,-1.5833160608237105,-0.019973758932572402,-0.28613067279971677,1.7282717570624868,0.9295743431233249,2.1644827704207126,0.7668058384782945,0.6632063118773668,0.9285410907428171
Jaylin Williams,Home,OKC,SAS,123,87,1,d84e81e7-670e-45a7-af33-28e73be46afb,-0.18838578635341588,0.8912995538921126,2.231735965996269,0.0504288595575799,0.30711337624482465,-0.17638881570402126,-1.5571405906162659,-1.0834909005887094,0.9405234715755447,-1.1513642878859804,0.340448235930975,-0.4016507076961162,0.6616400963304342
Kenrich Williams,Home,OKC,SAS,123,87,1,d84e81e7-670e-45a7-af33-28e73be46afb,0.36475832319156365,0.3338323174686657,-0.9452934618892077,-0.46416867085469293,-2.1773400559813956,0.01701463062576849,0.11915331383076648,1.0072493602741743,-0.09551830734072353,-1.1513642878859804,0.7171769929836,0.09973713862310297,1.060634845822249
Isaiah Joe,Home,OKC,SAS,123,87,1,d84e81e7-670e-45a7-af33-28e73be46afb,0.33944084404628716,0.6282455114190231,2.7828074878029034,0.5740877476579043,-0.7631118310782736,-0.12848999068216874,-0.9032152713670376,2.2030120756770954,0.329499930185289,-1.1513642878859804,0.5269601963350977,1.2912073587956172,-0.023450143672002408
Tre Mann,Home,OKC,SAS,123,87,1,d84e81e7-670e-45a7-af33-28e73be46afb,-0.36524472842862665,1.3471997754338214,0.6191496109117247,0.42850357791079374,-0.23708239234192577,-0.3077440504813362,-1.3418854873153105,1.0334430564364236,0.9167272339046718,-1.1513642878859804,0.5729700730840507,0.5039452533516193,0.025769715536026677
Lindy Waters III,Home,OKC,SAS,123,87,1,d84e81e7-670e-45a7-af33-28e73be46afb,-0.06518276888073471,-1.9143611920854473,0.1880757281398747,-0.07361958999396344,-2.1773400559813956,0.01701463062576849,0.11915331383076648,3.166056146226209,1.3217146461076044,-1.1513642878859804,0.38712702462856924,0.8146369641551967,-1.3203929552712224
Aaron Wiggins,Home,OKC,SAS,123,87,1,d84e81e7-670e-45a7-af33-28e73be46afb,-1.2196358832554328,0.7442794098309298,2.605634825732326,0.1608354191062839,-2.2761817649766773,0.06855040148893532,0.12756264762567415,6.120906302387074,0.7231164138117597,-1.1513642878859804,-0.3311756368805033,1.5924635138388683,-1.8097727800930603
Aleksej Pokusevski,Home,OKC,SAS,123,87,1,d84e81e7-670e-45a7-af33-28e73be46afb,-1.8450772814964933,-0.9914919226106482,-0.1571069087353409,-1.0210808613336433,-0.6175232935782505,-0.3478616262993238,-1.0960244581409728,-1.8886776481767142,2.379174266451089,-1.1513642878859804,-0.7524378839476122,-0.4163285679788342,0.5033129875132589
DÄvis BertÄns,Home,OKC,SAS,123,87,1,d84e81e7-670e-45a7-af33-28e73be46afb,-2.1095831395633122,-1.9143611920854473,0.1880757281398747,-0.07361958999396344,-2.687155186588638,0.2828307119199974,0.16252777235186924,-2.9227544248450275,-0.48669151735735827,-1.1513642878859804,-2.8289409963040137,0.739979545152948,-0.06542450471270202
Shai Gilgeous-Alexander,Away,OKC,GSW,128,109,1,c816c2d2-d7f0-4390-a228-5d5162b18916,3.9417785775135794,4.316154435449522,1.261658333718478,-0.6239331619148444,-0.4169770506142417,0.3631205397548337,1.1221089307127878,0.05376729528628271,-0.0023910651409105527,4.375754040823102,2.384635615583328,0.10715688947522203,0.4485586853769269
Jalen Williams,Away,OKC,GSW,128,109,1,c816c2d2-d7f0-4390-a228-5d5162b18916,1.8175049831248564,2.783814636008271,0.3924394177391123,-0.07383120200790036,-0.6016988980701446,-0.05594289505830999,-0.793198174293496,0.915514918805012,-0.4703410757988483,1.05020057569654,1.379652127783937,-0.06647595357179766,0.1967499255119845
Chet Holmgren,Away,OKC,GSW,128,109,1,c816c2d2-d7f0-4390-a228-5d5162b18916,0.06445288515134454,1.1270209302953016,-2.3274624503582633,1.5360402206846664,4.213124378683134,1.292210984441988,-0.8542616895503347,0.4885068376187923,-0.5839886507745675,3.1532744064227485,0.940504572119896,-0.6459942792200045,-0.2166014924308508
Josh Giddey,Away,OKC,GSW,128,109,1,c816c2d2-d7f0-4390-a228-5d5162b18916,2.6626208682292885,1.423987813277245,0.5264145860406543,1.9223601516372915,1.5369109532488534,-1.4667559858863277,0.5283542290948781,1.7426582304466232,-0.5959010996568915,-1.1513642878859804,1.2941551030261798,-0.5687538690675964,-0.6143081729668369
Luguentz Dort,Away,OKC,GSW,128,109,1,c816c2d2-d7f0-4390-a228-5d5162b18916,-0.2860005541947732,-0.16313140959796354,0.35966507535032793,1.2427570900473006,-1.0042311406747133,-0.08123083501145513,-0.5596258337493488,0.27662876879569487,0.6580959392936416,-1.1513642878859804,0.17137925025175102,-0.8113567578826294,0.12349831486229336
Cason Wallace,Away,OKC,GSW,128,109,1,c816c2d2-d7f0-4390-a228-5d5162b18916,0.5588027731403435,0.4880667181701597,0.6831945359340663,-1.1272044916811528,-0.7649528757383559,-0.7504139692736895,0.642424088805304,2.229333418829185,-0.46165879207227556,-1.1513642878859804,1.0301861308684714,1.4746511168146992,0.905602975089469
Isaiah Joe,Away,OKC,GSW,128,109,1,c816c2d2-d7f0-4390-a228-5d5162b18916,4.22575260642164,-0.9956225680715496,1.191702605802229,0.3023199336884877,0.5475917914309829,-0.1296233745608726,-1.5212568007456526,5.836218009071722,0.778790641810298,1.2861782302168212,1.3977515922395507,2.559082144765699,-0.22355285103643613
Vasilije MiciÄ,Away,OKC,GSW,128,109,1,c816c2d2-d7f0-4390-a228-5d5162b18916,-0.42643086682429154,1.411621589471207,-0.7743662885165499,-2.8021528219821548,-0.930168258407095,-0.10989850956942414,-0.6064991822308194,0.01955454371032082,0.829475644832231,1.4273361748070825,0.5961878827030225,0.6214547179769335,1.2459329411793756
Kenrich Williams,Away,OKC,GSW,128,109,1,c816c2d2-d7f0-4390-a228-5d5162b18916,-1.1334448234838068,0.11031477297511608,-0.33791137984413205,-1.5676114076550893,1.6425254780867666,-1.95114035649874,0.9433232390218044,2.63530144172414,-2.090829908455788,-1.1513642878859804,0.2919277392855062,1.2469534913564178,0.5554428610423261
Aaron Wiggins,Away,OKC,GSW,128,109,1,c816c2d2-d7f0-4390-a228-5d5162b18916,-1.141465928195258,-1.3146608602300776,-0.02943376345867041,-0.6755846487845173,-0.48411976946044005,-0.25962629695339867,-0.9909236356529836,0.9117620295997694,-0.5650328814809941,1.046524522242593,-0.018448969082559413,-0.1404164755345384,0.1859755815832576
Jaylin Williams,Away,OKC,GSW,128,109,1,c816c2d2-d7f0-4390-a228-5d5162b18916,-1.5196978428033248,-0.4507438982771478,-0.3707382112279876,-1.5991883853019826,2.8850132769603567,-1.225465047626043,-3.7918756349901352,0.26445306631487625,0.16198280665822776,-1.1513642878859804,0.10287074185870382,0.18707508137490003,-0.3318727488877863
DÄvis BertÄns,Away,OKC,GSW,128,109,1,c816c2d2-d7f0-4390-a228-5d5162b18916,-2.1095831395633122,-1.9143611920854473,0.1880757281398747,-0.07361958999396344,-2.687155186588638,0.2828307119199974,0.16252777235186924,-2.9227544248450275,-0.48669151735735827,-1.1513642878859804,-2.8289409963040137,0.739979545152948,-0.06542450471270202
Tre Mann,Away,OKC,GSW,128,109,1,c816c2d2-d7f0-4390-a228-5d5162b18916,-2.1095831395633122,-1.9143611920854473,0.1880757281398747,-0.07361958999396344,-2.687155186588638,0.2828307119199974,0.16252777235186924,-2.9227544248450275,-0.48669151735735827,-1.1513642878859804,-2.8289409963040137,0.739979545152948,-0.06542450471270202
Aleksej Pokusevski,Away,OKC,GSW,128,109,1,c816c2d2-d7f0-4390-a228-5d5162b18916,-2.1095831395633122,-1.9143611920854473,0.1880757281398747,-0.07361958999396344,-2.687155186588638,0.2828307119199974,0.16252777235186924,-2.9227544248450275,-0.48669151735735827,-1.1513642878859804,-2.8289409963040137,0.739979545152948,-0.06542450471270202
Jalen Williams,Away,OKC,GSW,130,123,1,9499db89-8a39-4176-8497-12e1ef25ee5b,1.8150439870081838,0.4812549053896035,0.20557848340694987,-0.20279333960096455,0.712438130280839,-0.02667662855337568,-1.5246579263682902,0.132541799652681,-0.9615173455209385,3.0484144098933745,1.7779210504092384,-0.19772953728434028,0.015572499825487219
Shai Gilgeous-Alexander,Away,OKC,GSW,130,123,1,9499db89-8a39-4176-8497-12e1ef25ee5b,6.039034944378292,2.8304229816364384,-0.12728150086217097,-0.22158768506941506,2.2272502159814103,1.4272837397344957,0.11254725551892744,1.4253361499106396,-1.0452730884966994,0.9198894947030597,2.785072422687541,0.6503540399874549,-0.8105745828225055
Chet Holmgren,Away,OKC,GSW,130,123,1,9499db89-8a39-4176-8497-12e1ef25ee5b,5.081717938229582,3.1635254905368937,-0.4122589731227766,0.5909329514675469,4.410243130172664,-0.2075702890592597,2.2303604295427344,1.3481437981223983,-0.7809992406940341,2.9912084863133233,2.605224464564605,0.8238516589247243,-0.6381447364673309
Luguentz Dort,Away,OKC,GSW,130,123,1,9499db89-8a39-4176-8497-12e1ef25ee5b,-0.2676299605872693,-0.7981547643508639,-0.07030373389701812,-0.8198990507836955,1.3991864886132042,-0.8097703684495842,-0.7763442391123483,-0.753425644972007,1.1596151622536084,-1.1513642878859804,0.0450276773004696,-1.3863919740399,-0.651357805765219
Josh Giddey,Away,OKC,GSW,130,123,1,9499db89-8a39-4176-8497-12e1ef25ee5b,0.5229341138899551,0.042782606516075974,0.9871934926528366,-0.4629104498958793,2.3646198448110596,0.9898374155950395,1.954194612583136,0.44429352105927705,-0.5116032772326183,1.1207218665871292,0.9597756176934117,0.17191846281783468,-0.24856755683616813
Cason Wallace,Away,OKC,GSW,130,123,1,9499db89-8a39-4176-8497-12e1ef25ee5b,-1.2023395088216076,-0.5853763324305793,-0.08247917182677407,-0.8630237114737059,-1.5092747204544372,-0.07513507530719822,-0.2215890540401129,-0.23971954853294242,0.8594130294225983,0.9097691256499514,0.2074354844039775,-0.3839234265007274,0.3655805099865026
Isaiah Joe,Away,OKC,GSW,130,123,1,9499db89-8a39-4176-8497-12e1ef25ee5b,1.0878144892739814,0.28032759552901537,0.8177395189544044,-0.7599263500434912,0.5759649318060905,1.0551422640577144,-0.6747971109845445,0.883486453605702,0.12259207145539835,-1.1513642878859804,1.0908976570380366,0.9541670313541117,0.6887290028501032
Kenrich Williams,Away,OKC,GSW,130,123,1,9499db89-8a39-4176-8497-12e1ef25ee5b,-1.633736457113888,-0.37453525559367523,1.132649823055637,-0.05592840214790163,0.4904332104466475,-0.8675262374450208,-0.15704672432981664,-2.1188112222596036,0.3825026835512705,1.046524522242593,0.09841100386449697,-0.2923442680211622,0.7303567722884764
Vasilije MiciÄ,Away,OKC,GSW,130,123,1,9499db89-8a39-4176-8497-12e1ef25ee5b,-1.7842037008701437,-1.2346685489381395,-0.06103602714101461,-0.7611035132768753,-2.0316785900936116,-0.058932821172582646,0.10676061139616569,2.52974136370345,-2.073558996784925,-1.1513642878859804,-0.7378953528431252,-0.12045931361536781,-0.15194770102042002
Aaron Wiggins,Away,OKC,GSW,130,123,1,9499db89-8a39-4176-8497-12e1ef25ee5b,-2.1095831395633122,0.9029040234925605,-3.8163118116890273,3.9508923992107396,0.4135183757925021,-0.5472898546937349,-1.7778381280997984,-2.757816802937699,-0.5136773168430816,-1.1513642878859804,-0.5656841719496142,-1.1211355203741373,1.046037430280034
Jaylin Williams,Away,OKC,GSW,130,123,1,9499db89-8a39-4176-8497-12e1ef25ee5b,-1.7842037008701437,-1.9143611920854473,0.1880757281398747,-0.07361958999396344,0.5763620781382143,-0.6012517300357305,-1.9187760457084526,2.5033513441982773,-2.0692412688672093,-1.1513642878859804,-0.8791912550170659,-0.4781288534347569,-0.8228633051746816
DÄvis BertÄns,Away,OKC,GSW,130,123,1,9499db89-8a39-4176-8497-12e1ef25ee5b,-2.1095831395633122,-1.9143611920854473,0.1880757281398747,-0.07361958999396344,-2.687155186588638,0.2828307119199974,0.16252777235186924,-2.9227544248450275,-0.48669151735735827,-1.1513642878859804,-2.8289409963040137,0.739979545152948,-0.06542450471270202
Tre Mann,Away,OKC,GSW,130,123,1,9499db89-8a39-4176-8497-12e1ef25ee5b,-2.1095831395633122,-1.9143611920854473,0.1880757281398747,-0.07361958999396344,-2.687155186588638,0.2828307119199974,0.16252777235186924,-2.9227544248450275,-0.48669151735735827,-1.1513642878859804,-2.8289409963040137,0.739979545152948,-0.06542450471270202
Aleksej Pokusevski,Away,OKC,GSW,130,123,1,9499db89-8a39-4176-8497-12e1ef25ee5b,-2.1095831395633122,-1.9143611920854473,0.1880757281398747,-0.07361958999396344,-2.687155186588638,0.2828307119199974,0.16252777235186924,-2.9227544248450275,-0.48669151735735827,-1.1513642878859804,-2.8289409963040137,0.739979545152948,-0.06542450471270202
Josh Giddey,Away,OKC,POR,134,91,1,606f15a7-a707-424e-ba62-35ce328a0986,-0.8957123007822466,2.8918639867007125,-1.8641620470965348,1.4134610707912443,0.2511685610796932,-0.17935053354745478,-1.431525109452148,-0.255884074457427,-1.2704103692562814,-1.1513642878859804,0.9132492642247876,-0.036945258845084226,0.9569465221470779
Luguentz Dort,Away,OKC,POR,134,91,1,606f15a7-a707-424e-ba62-35ce328a0986,0.7705252345692523,-1.3130621301205092,0.041820774732962446,-0.4929395072147028,-2.1253181038786155,-0.01010945930221406,0.11472734867555191,2.6598540759463276,-0.09378377625805065,1.3246203815533981,1.0660562365986022,1.5943170995432345,1.4509075813098073
Shai Gilgeous-Alexander,Away,OKC,POR,134,91,1,606f15a7-a707-424e-ba62-35ce328a0986,2.316478919088932,2.402992863225659,-0.8181487945621081,0.03355719771917307,-0.35394887701903915,-0.13102505432123757,-1.0444019986838342,2.687079788511728,-1.2994654006571444,3.7131563269960832,2.450060437542059,1.650986012690122,0.9494461694484441
Cason Wallace,Away,OKC,POR,134,91,1,606f15a7-a707-424e-ba62-35ce328a0986,-1.7049595266362902,-0.09071613497644383,-0.005533543106256769,2.0551789061404526,-1.5289285829665336,-0.04945941957779692,-0.2892558507763146,-0.43401670611734167,-1.2412657058117003,-1.1513642878859804,0.2695581453942304,0.6014561175545288,1.4703108740091253
Chet Holmgren,Away,OKC,POR,134,91,1,606f15a7-a707-424e-ba62-35ce328a0986,1.0775340796549169,-1.6887839903584527,0.1708439280209437,-0.13042726900275117,2.745939316869937,2.2383779229002645,-1.1265319000145608,4.579718477929335,-1.0045044720708267,1.3246203815533981,0.8805905041568008,1.4875170459888123,-0.5659259578177132
Tre Mann,Away,OKC,POR,134,91,1,606f15a7-a707-424e-ba62-35ce328a0986,0.11862305873224865,0.5271315726296641,-1.9736175802284257,1.300198701368742,1.4361799095120318,-1.825618020349986,0.9788026493899423,0.34235341810599246,0.11205751751071152,-1.1513642878859804,0.9506618278534086,-0.04352176751932073,1.5839471907902194
Jaylin Williams,Away,OKC,POR,134,91,1,606f15a7-a707-424e-ba62-35ce328a0986,-0.7896947911831346,1.4409576714823207,0.14112489451078766,0.0763821657740492,3.65299222546799,-3.364213531113249,1.813701438389872,0.6466039709105669,-0.8805350095683281,-1.1513642878859804,0.8148566953562272,1.306977183810057,1.2718568984940344
Aaron Wiggins,Away,OKC,POR,134,91,1,606f15a7-a707-424e-ba62-35ce328a0986,0.902621884718004,2.394915722781638,2.839682362046677,2.5802430493810427,2.090846824139275,-2.4151705270735975,1.1521499949893066,1.879876172666509,-0.11405945024975123,1.886646505402422,1.3532055411449884,1.0498795012735642,-0.15606151745407026
Lindy Waters III,Away,OKC,POR,134,91,1,606f15a7-a707-424e-ba62-35ce328a0986,2.2437234598686615,-1.4458482507488557,0.022393948980374088,-0.5353337110170503,0.030290368823020535,-0.2673237960557134,-1.347790329741901,2.687639202708758,1.4330333437790308,-1.1513642878859804,0.7254500821059283,0.7687590942510634,-0.40555512998082366
Isaiah Joe,Away,OKC,POR,134,91,1,606f15a7-a707-424e-ba62-35ce328a0986,2.6046590000429033,0.11989465075317096,0.6914298587716023,0.9136885802635619,-1.4018111945722762,-0.09034670365248466,-0.40804952388310634,4.4540977773326365,1.0534739979121845,-1.1513642878859804,1.3466101340448775,2.7036116772527805,-0.39694940787367067
DÄvis BertÄns,Away,OKC,POR,134,91,1,606f15a7-a707-424e-ba62-35ce328a0986,-0.1616124509881572,-0.8557469962485186,-0.19132327097628957,-1.127036506068521,0.42535224210640593,1.5662045033458019,-0.25646705791659213,-0.25377333368249066,2.0425655360260784,-1.1513642878859804,0.3998768832224607,-0.007934965902207504,0.9967425038386977
Olivier Sarr,Away,OKC,POR,134,91,1,606f15a7-a707-424e-ba62-35ce328a0986,0.09330557958697216,-1.0120523851774688,0.11914852766415074,-0.3008503060291143,0.2625055379143091,-1.746924360553032,1.109068135588998,1.3684961071675732,0.6049914652689599,-1.1513642878859804,0.3201987940155228,-0.4547776154453328,1.2697793283479015
Aleksej Pokusevski,Away,OKC,POR,134,91,1,606f15a7-a707-424e-ba62-35ce328a0986,-0.8150122703284111,0.9915902728106478,-0.8104340065350879,-2.8393139071780666,2.140255518027811,-3.7815846448691444,3.0784391739150263,3.0498710227154344,-0.523018774237533,-1.1513642878859804,0.4653202368749918,2.067325494500175,-1.019132678693393
Kenrich Williams,Away,OKC,POR,134,91,1,606f15a7-a707-424e-ba62-35ce328a0986,-1.1403917090215794,0.5342751389386574,-0.577289960825836,-2.2052169083242483,-1.0034926522368264,-0.23064575116559438,-0.722939072523652,2.6231708261081157,0.1585022087629635,-1.1513642878859804,0.033347234190172166,1.3253159503082537,-0.028754649998828683
Vasilije MiciÄ,Away,OKC,POR,134,91,1,606f15a7-a707-424e-ba62-35ce328a0986,-2.0303389653294586,0.4301693539172531,-2.7808615859050394,2.576343090646009,-2.1253181038786155,-0.01010945930221406,0.11472734867555191,-2.7314267834325268,-0.5179950447607973,-1.1513642878859804,-0.3261012912096942,-1.9784910781087472,1.8432784714364394
Shai Gilgeous-Alexander,Home,OKC,CHI,116,102,1,9ba4d85e-ab08-4b89-8eb7-7c2fe5ec9ede,3.937127355766282,4.676124050723142,-1.4405835187302407,-3.502648401947278,1.9129814522268864,2.5247013342151265,1.1678647641448745,1.2548080319923247,-0.9685982336880196,8.617686232699814,2.9953874684965274,1.9571516480371147,-0.796623392889059
Chet Holmgren,Home,OKC,CHI,116,102,1,9ba4d85e-ab08-4b89-8eb7-7c2fe5ec9ede,0.9713839581237338,1.0504654568856255,-0.14501135710965976,0.49116158031050583,7.539753561431422,1.2713384825806946,3.5494291795451542,0.0861445483161287,-0.4752464235594447,5.104004113849145,1.9032703137663716,0.7493293101912313,0.7676405394911016
Josh Giddey,Home,OKC,CHI,116,102,1,9ba4d85e-ab08-4b89-8eb7-7c2fe5ec9ede,0.8930758445095826,1.3449347858169716,0.8855775060502985,1.0878829840087973,1.3126958674560105,-0.7656138686852969,-0.7542141203957,-0.47485612041353326,-0.26779973950045494,0.2600588216584129,1.2123263040740282,-0.952270714829485,0.47709182877982426
Luguentz Dort,Home,OKC,CHI,116,102,1,9ba4d85e-ab08-4b89-8eb7-7c2fe5ec9ede,-0.6469360943690147,1.2418386954382281,-1.5880236846402742,0.4997255673722349,0.028626126198661426,2.2972787949567763,0.5799441584285768,-1.5165636090850871,1.191592059645251,-1.1513642878859804,0.5695368222211754,-0.7574546021333259,1.2380817734994016
Cason Wallace,Home,OKC,CHI,116,102,1,9ba4d85e-ab08-4b89-8eb7-7c2fe5ec9ede,-0.6297505864954456,-0.9820909093913959,-0.9265894712339253,1.2013106190261273,0.4474991692073293,0.44712251749343657,0.8385878462095975,2.063014716033412,0.44430658704993303,-1.1513642878859804,0.06498308441383092,-0.41820381252768646,-0.309964467872597
Isaiah Joe,Home,OKC,CHI,116,102,1,9ba4d85e-ab08-4b89-8eb7-7c2fe5ec9ede,3.432345898781439,-1.9143611920854473,0.1880757281398747,-0.07361958999396344,-1.004127329552614,1.1205291913884958,0.343573683170132,3.1642161544499556,0.6732930241507188,1.7394716374568446,1.270190204313,1.2328613465199878,-0.3565730533378389
Kenrich Williams,Home,OKC,CHI,116,102,1,9ba4d85e-ab08-4b89-8eb7-7c2fe5ec9ede,1.290261680980516,-1.0093322339290394,-0.13064692470618872,-0.962840286243194,1.0950611913247554,-0.9155378740590157,-0.5363985417854065,3.660301584699352,-0.23190694634845568,-0.25566312652285583,0.8428744271621398,1.1699773926996624,-0.30764162370478054
Jaylin Williams,Home,OKC,CHI,116,102,1,9ba4d85e-ab08-4b89-8eb7-7c2fe5ec9ede,-1.7658331072626399,-1.2376295869044633,0.13638032778308173,-0.24404262702032659,1.1828028949455907,-1.2882617427014034,-0.34642603863808297,-2.290259701175741,0.9273513149068591,-1.1513642878859804,-0.6609236003895528,-1.287703604313356,0.6514517595396913
Vasilije MiciÄ,Home,OKC,CHI,116,102,1,9ba4d85e-ab08-4b89-8eb7-7c2fe5ec9ede,-0.990686126669687,0.5141674341233546,-1.9433971948058355,0.6401193944439778,-2.0316785900936116,-0.058932821172582646,0.10676061139616569,-1.056219971353765,1.3105175197935288,-1.1513642878859804,0.021348186776213536,-1.9955788263803111,1.1093885381046193
Aaron Wiggins,Home,OKC,CHI,116,102,1,9ba4d85e-ab08-4b89-8eb7-7c2fe5ec9ede,-1.3531193103471786,-0.25622900765841206,-1.214330060926578,0.5096315024287572,1.478568207696628,-0.584710187904935,-2.4572967372558345,2.2344380478290544,-2.028481260461788,2.347179099466942,0.09597562858194446,0.13971462196172338,-0.20362410617566742
Lindy Waters III,Home,OKC,CHI,116,102,1,9ba4d85e-ab08-4b89-8eb7-7c2fe5ec9ede,-2.1095831395633122,-0.7995103755099973,-0.23295234157296693,-1.2263261361153022,3.2403794280250833,1.131590064383452,3.2131186626109973,-1.425120817926486,-0.7317225766877251,-1.1513642878859804,-0.7044996623271539,1.7647659127815083,-0.7173716703040489
DÄvis BertÄns,Home,OKC,CHI,116,102,1,9ba4d85e-ab08-4b89-8eb7-7c2fe5ec9ede,-2.1095831395633122,-1.9143611920854473,0.1880757281398747,-0.07361958999396344,-2.687155186588638,0.2828307119199974,0.16252777235186924,-2.9227544248450275,-0.48669151735735827,-1.1513642878859804,-2.8289409963040137,0.739979545152948,-0.06542450471270202
Ousmane Dieng,Home,OKC,CHI,116,102,1,9ba4d85e-ab08-4b89-8eb7-7c2fe5ec9ede,-2.1095831395633122,-1.9143611920854473,0.1880757281398747,-0.07361958999396344,-2.687155186588638,0.2828307119199974,0.16252777235186924,-2.9227544248450275,-0.48669151735735827,-1.1513642878859804,-2.8289409963040137,0.739979545152948,-0.06542450471270202
Tre Mann,Home,OKC,CHI,116,102,1,9ba4d85e-ab08-4b89-8eb7-7c2fe5ec9ede,-2.1095831395633122,-1.9143611920854473,0.1880757281398747,-0.07361958999396344,-2.687155186588638,0.2828307119199974,0.16252777235186924,-2.9227544248450275,-0.48669151735735827,-1.1513642878859804,-2.8289409963040137,0.739979545152948,-0.06542450471270202
Aleksej Pokusevski,Home,OKC,CHI,116,102,1,9ba4d85e-ab08-4b89-8eb7-7c2fe5ec9ede,-2.1095831395633122,-1.9143611920854473,0.1880757281398747,-0.07361958999396344,-2.687155186588638,0.2828307119199974,0.16252777235186924,-2.9227544248450275,-0.48669151735735827,-1.1513642878859804,-2.8289409963040137,0.739979545152948,-0.06542450471270202
Shai Gilgeous-Alexander,Home,OKC,PHI,123,127,0,0be229f2-48cc-44a1-a234-0e78a4f530cc,3.29425142453742,2.1682132284169824,0.8826435819152667,-0.7254315005576109,1.5078883687118392,-1.6930928336697328,1.2643434562087186,0.8034556135721561,-0.9425539543426884,4.862659659158237,2.1052701556791344,0.11932297250837261,-0.9383334722191727
Chet Holmgren,Home,OKC,PHI,123,127,0,0be229f2-48cc-44a1-a234-0e78a4f530cc,6.7944171002198495,0.017954004186918584,-0.6140628031481451,-0.5837505867588194,2.7595541369414054,2.7060050144027166,0.8558288267999699,1.7775289620860575,0.0766644518755317,0.9597493547716537,2.057143680734869,0.8191257378864362,-1.1096861187558138
Josh Giddey,Home,OKC,PHI,123,127,0,0be229f2-48cc-44a1-a234-0e78a4f530cc,0.11685464474295118,2.4530746092582407,-1.4591006031356877,-2.6096762012496377,2.5482126185577814,-2.096090598636167,0.953102297382385,-0.6718300447209773,-0.8386596044852003,1.070130505730837,0.7127571898410815,-1.2512711159204102,-1.1702183262176116
Luguentz Dort,Home,OKC,PHI,123,127,0,0be229f2-48cc-44a1-a234-0e78a4f530cc,-0.2860005541947732,-0.6612366251419333,-0.6674574905723449,0.6906771146451758,-0.613632909062787,-0.7736363934550625,0.5033911320364047,0.27103564334008906,0.662094352186778,-0.6521558105775761,-0.11316534383643069,-1.7590895161026772,-0.5392106855296313
Cason Wallace,Home,OKC,PHI,123,127,0,0be229f2-48cc-44a1-a234-0e78a4f530cc,-1.9510947910956054,-1.2202710490218611,0.005162148861443095,-0.592141390025838,-0.9538994382240544,-1.0253314843883132,1.110032295063387,-2.4741240932570947,-0.5600928919585255,-1.1513642878859804,-0.9422721957226639,-1.808317058385984,-0.4920858791747743
Jaylin Williams,Home,OKC,PHI,123,127,0,0be229f2-48cc-44a1-a234-0e78a4f530cc,1.026940908647632,0.8121621443337312,-0.5044776994717616,-2.055258669234069,1.5733276174654833,-0.8466703742780756,-0.9435162820719307,0.3848316961253543,0.5797880030167953,-1.1513642878859804,0.5877861101124463,-0.32907767423572515,-0.394219213283529
Isaiah Joe,Home,OKC,PHI,123,127,0,0be229f2-48cc-44a1-a234-0e78a4f530cc,3.451139916718515,-0.48618586642857614,-0.12166597879288081,-0.9690671034442297,-0.27767418244749975,-0.1760542478343799,-0.9931384109598241,0.12198728666493593,1.5037850999837625,1.0333367887444425,1.0534715061354059,-0.7389580658078484,0.3540872981541729
Aaron Wiggins,Home,OKC,PHI,123,127,0,0be229f2-48cc-44a1-a234-0e78a4f530cc,-0.25953977659883,-1.2842648980554114,0.030443959807318434,-0.5237262984319516,0.333705893447086,-1.5920664296534666,1.3681768528845457,1.2621435864099582,0.8806194543047566,2.1644827704207126,0.17511262699936758,-0.31785281943873894,-0.1456171906601341
Kenrich Williams,Home,OKC,PHI,123,127,0,0be229f2-48cc-44a1-a234-0e78a4f530cc,0.6384285844205004,0.2506795447293403,1.0634268271679777,-0.5481257312785853,-0.7044185635643967,-0.18430790251155135,-0.7770411928808465,3.1975002777762693,0.032845371580098356,0.6371944207689554,0.3273207055608504,0.4357701001927971,-1.194028517725903
DÄvis BertÄns,Home,OKC,PHI,123,127,0,0be229f2-48cc-44a1-a234-0e78a4f530cc,-0.7701808991249639,-0.8475079945177008,-0.07021781643300114,-0.8063037797005643,-1.0132393392822105,-0.24521161375326436,-0.6081144849007131,0.8886187138022472,0.8622836429371459,2.1615620801847877,0.20418130794742717,0.11133185842239297,0.6922227286757421
Ousmane Dieng,Home,OKC,PHI,123,127,0,0be229f2-48cc-44a1-a234-0e78a4f530cc,-1.7658331072626399,-0.40939101535577516,-0.2957773188584905,-1.4198762510762164,-0.6230701622706722,-1.4365860204760748,1.4579347153531361,-2.0263595061240154,0.8841740357297019,-1.1513642878859804,-0.4342181298607039,-0.2843205075928068,1.0597253528005008
Tre Mann,Home,OKC,PHI,123,127,0,0be229f2-48cc-44a1-a234-0e78a4f530cc,-2.1095831395633122,-1.9143611920854473,0.1880757281398747,-0.07361958999396344,-2.687155186588638,0.2828307119199974,0.16252777235186924,-2.9227544248450275,-0.48669151735735827,-1.1513642878859804,-2.8289409963040137,0.739979545152948,-0.06542450471270202
Vasilije MiciÄ,Home,OKC,PHI,123,127,0,0be229f2-48cc-44a1-a234-0e78a4f530cc,-2.1095831395633122,-1.9143611920854473,0.1880757281398747,-0.07361958999396344,-2.687155186588638,0.2828307119199974,0.16252777235186924,-2.9227544248450275,-0.48669151735735827,-1.1513642878859804,-2.8289409963040137,0.739979545152948,-0.06542450471270202
Aleksej Pokusevski,Home,OKC,PHI,123,127,0,0be229f2-48cc-44a1-a234-0e78a4f530cc,-2.1095831395633122,-1.9143611920854473,0.1880757281398747,-0.07361958999396344,-2.687155186588638,0.2828307119199974,0.16252777235186924,-2.9227544248450275,-0.48669151735735827,-1.1513642878859804,-2.8289409963040137,0.739979545152948,-0.06542450471270202
Olivier Sarr,Home,OKC,PHI,123,127,0,0be229f2-48cc-44a1-a234-0e78a4f530cc,-2.1095831395633122,-1.9143611920854473,0.1880757281398747,-0.07361958999396344,-2.687155186588638,0.2828307119199974,0.16252777235186924,-2.9227544248450275,-0.48669151735735827,-1.1513642878859804,-2.8289409963040137,0.739979545152948,-0.06542450471270202
Jalen Williams,Away,OKC,MIN,103,106,0,ef56e673-5432-4b3a-83a8-be9a26c68ac1,0.048029038682138675,0.4611044920576569,-0.766651187741558,-0.6815677382833512,-0.07600829742539009,1.0020373986197018,-0.36010162259846207,-1.1050215989038343,-0.026562344743215085,3.576841815013434,0.7235616474190881,-1.8091595461068932,-1.0057111105517391
Shai Gilgeous-Alexander,Away,OKC,MIN,103,106,0,ef56e673-5432-4b3a-83a8-be9a26c68ac1,3.335923670874914,3.468426842347893,0.934228668720295,0.5051743707769395,1.011771630346873,1.5831077389672252,0.8356401181244377,0.39344387446911966,-1.3077660471927108,2.8920411127011985,2.445736333544218,0.6912714565862383,-1.1076491888579028
Chet Holmgren,Away,OKC,MIN,103,106,0,ef56e673-5432-4b3a-83a8-be9a26c68ac1,3.6249762797935046,1.367243508268329,0.3198782239149734,-1.9140685700131377,2.81800143829496,-0.06689617611601767,0.018464733221012716,-0.15518227303050708,0.21137974322143058,0.17727295843902552,1.6265294208981174,-0.4344787092755235,-0.9795676566679588
Josh Giddey,Away,OKC,MIN,103,106,0,ef56e673-5432-4b3a-83a8-be9a26c68ac1,-0.20012205219246257,-0.33949866509014637,-1.1382440523152557,0.7777375842093917,1.7474523078296655,-1.8346939117328998,1.158875737855144,-0.1267608535781867,-0.9130798263538233,1.3979469998708298,0.6014769917403099,-1.3145544154904014,-0.7233594635150394
Luguentz Dort,Away,OKC,MIN,103,106,0,ef56e673-5432-4b3a-83a8-be9a26c68ac1,-0.7173975024870537,0.18849798587918967,-0.8705581827800737,0.25785766984952874,-0.31945601336611956,-0.13089980613232008,-1.0636396514462783,-0.6067912237742422,0.4039980441804295,-1.1513642878859804,0.035720040119392,-1.35944964663937,-0.024211351789890603
Isaiah Joe,Away,OKC,MIN,103,106,0,ef56e673-5432-4b3a-83a8-be9a26c68ac1,0.5948513782279763,1.9289421499946038,2.914200669728122,-0.03780005389852304,-1.5463254998642635,-0.03470377503962228,-0.28948872016933375,0.6576168163014708,0.8647073747907879,1.252566019121709,0.8821156631737888,0.9499061186478152,-0.005908059221577646
Cason Wallace,Away,OKC,MIN,103,106,0,ef56e673-5432-4b3a-83a8-be9a26c68ac1,0.6923552795090774,-1.066517411658056,1.4962307076284607,0.49525737689440463,-2.0993071278272257,-0.023671504266205328,0.11251436609794463,3.8731391422010355,0.530143594008229,0.7905015748789318,0.4205118071908144,1.060498127198531,-0.712781977435498
Aaron Wiggins,Away,OKC,MIN,103,106,0,ef56e673-5432-4b3a-83a8-be9a26c68ac1,0.07493498597946824,-0.9275003058096386,-0.038615552750656944,-0.7207849152082063,0.2499458776408226,-0.9546013929127403,-0.052800711505041904,3.5904444806676468,-0.17344874232819243,-1.1513642878859804,-0.06324032197007617,-0.029501365312071474,-1.20341851607558
Kenrich Williams,Away,OKC,MIN,103,106,0,ef56e673-5432-4b3a-83a8-be9a26c68ac1,-1.2551919847365058,-1.0120523851774688,0.11914852766415074,-0.3008503060291143,-0.40828277021482157,-0.9304715424668872,0.467194067406215,-0.5511745036362257,0.9183103674962121,-1.1513642878859804,-0.38168099357449753,-0.9041318486540566,0.6384653852197488
Jaylin Williams,Away,OKC,MIN,103,106,0,ef56e673-5432-4b3a-83a8-be9a26c68ac1,-0.4528916444202348,0.7630420856429998,-1.285095233414339,-1.1509542471133136,2.6584213311125615,-1.566424563976323,-1.6192476132255023,-0.828273626209676,0.6995094241655484,-1.1513642878859804,0.70015112113254,-0.2189479740185364,0.7200986461144105
Ousmane Dieng,Away,OKC,MIN,103,106,0,ef56e673-5432-4b3a-83a8-be9a26c68ac1,-2.0303389653294586,-1.9143611920854473,0.1880757281398747,-0.07361958999396344,2.6406451225082246,-1.3208742540996377,-4.094302885685509,-2.9227544248450275,-0.48669151735735827,-1.1513642878859804,-0.2863104592627064,-2.4565363065334864,1.6303362931131706
DÄvis BertÄns,Away,OKC,MIN,103,106,0,ef56e673-5432-4b3a-83a8-be9a26c68ac1,-2.1095831395633122,-1.9143611920854473,0.1880757281398747,-0.07361958999396344,-2.687155186588638,0.2828307119199974,0.16252777235186924,-2.9227544248450275,-0.48669151735735827,-1.1513642878859804,-2.8289409963040137,0.739979545152948,-0.06542450471270202
Tre Mann,Away,OKC,MIN,103,106,0,ef56e673-5432-4b3a-83a8-be9a26c68ac1,-2.1095831395633122,-1.9143611920854473,0.1880757281398747,-0.07361958999396344,-2.687155186588638,0.2828307119199974,0.16252777235186924,-2.9227544248450275,-0.48669151735735827,-1.1513642878859804,-2.8289409963040137,0.739979545152948,-0.06542450471270202
Vasilije MiciÄ,Away,OKC,MIN,103,106,0,ef56e673-5432-4b3a-83a8-be9a26c68ac1,-2.1095831395633122,-1.9143611920854473,0.1880757281398747,-0.07361958999396344,-2.687155186588638,0.2828307119199974,0.16252777235186924,-2.9227544248450275,-0.48669151735735827,-1.1513642878859804,-2.8289409963040137,0.739979545152948,-0.06542450471270202
Olivier Sarr,Away,OKC,MIN,103,106,0,ef56e673-5432-4b3a-83a8-be9a26c68ac1,-2.1095831395633122,-1.9143611920854473,0.1880757281398747,-0.07361958999396344,-2.687155186588638,0.2828307119199974,0.16252777235186924,-2.9227544248450275,-0.48669151735735827,-1.1513642878859804,-2.8289409963040137,0.739979545152948,-0.06542450471270202
Shai Gilgeous-Alexander,Home,OKC,LAL,133,110,1,2a46bd6e-89fa-47ca-95d0-848b1967ce84,3.6731775339611055,1.9368811130745442,0.2263445063737019,-2.1425942512947267,-0.1386078752038471,-0.05106547704196242,-1.0624025174976013,1.2886732981616846,-0.8338131714865316,4.985305382446219,2.213419132297138,1.0907676460429176,0.004520258135873632
Jalen Williams,Home,OKC,LAL,133,110,1,2a46bd6e-89fa-47ca-95d0-848b1967ce84,2.221436013924503,1.2100409650155233,-0.6947285840370424,-2.5866452834614124,0.9914687641412205,0.9967675242222354,-0.9688516250025109,1.2638821976673469,-0.568282680335817,2.1994829156966778,1.304377005984437,0.1516940682418875,-0.8620278255930802
Chet Holmgren,Home,OKC,LAL,133,110,1,2a46bd6e-89fa-47ca-95d0-848b1967ce84,2.591890302313446,1.334296617069559,0.9471556149851542,1.2844698338834364,0.72438622651402,-0.6999789175344461,-0.43308350945246527,0.5242517629800809,-0.14329217830323218,0.5019720957174135,1.6323404327319386,0.20697330774853676,1.0568539383619548
Luguentz Dort,Home,OKC,LAL,133,110,1,2a46bd6e-89fa-47ca-95d0-848b1967ce84,1.519211437566262,0.8820442706145609,1.7480318103169026,-0.3390525794109347,2.6864062287162653,-0.8031462745660639,1.6557321050270566,1.4919322065518381,0.24371854730918976,-1.1513642878859804,1.058158504924271,1.0016948915876225,-0.11668908692908526
Josh Giddey,Home,OKC,LAL,133,110,1,2a46bd6e-89fa-47ca-95d0-848b1967ce84,1.704160563629912,1.505269974930807,-0.9882583724426673,2.1839786157338064,3.1329126973530883,-1.7235369338261806,-0.5001763901879799,0.8967777331691558,0.2081859660510462,1.1207218665871292,1.2642795597501513,-0.452140107305155,0.47113023846578567
Cason Wallace,Home,OKC,LAL,133,110,1,2a46bd6e-89fa-47ca-95d0-848b1967ce84,0.9293261408062745,-0.7778165744225664,-0.6693026496542192,0.31640608296762823,0.20265352030644018,1.1349573439881369,-0.4016660619000258,1.547353485378728,0.30706747700517206,-1.1513642878859804,0.9022674848911793,0.8882924409103723,1.0715716533187285
Isaiah Joe,Home,OKC,LAL,133,110,1,2a46bd6e-89fa-47ca-95d0-848b1967ce84,1.379093682706059,-1.1508896070074133,1.339523633969933,0.42100477824142507,2.5874296917572064,3.80197087535487,0.0660644113965566,1.1258081247045275,0.9016151861926669,-1.1513642878859804,1.0298700778253995,1.4562440266923025,0.5736198543300233
Kenrich Williams,Home,OKC,LAL,133,110,1,2a46bd6e-89fa-47ca-95d0-848b1967ce84,-1.5544922828800347,1.4426667993817266,2.136880669144987,-0.2881005329604431,-0.8699818489537944,-0.11134609054825231,-0.7217417957249801,-2.2270726981957645,0.15038738583586145,0.7905015748789318,0.20507070199786195,-0.04276615726064358,0.896848453889545
Aaron Wiggins,Home,OKC,LAL,133,110,1,2a46bd6e-89fa-47ca-95d0-848b1967ce84,-0.8414039686473661,-0.4717861342797571,-0.19924096972098243,-1.168816017912516,2.3807247049762754,-2.368729469367884,0.6745755144989088,4.473214841897166,-0.4755407177478363,1.557037345428815,0.011615141626398129,0.8837311997106316,-0.44218157563725924
Lindy Waters III,Home,OKC,LAL,133,110,1,2a46bd6e-89fa-47ca-95d0-848b1967ce84,-0.1007388703618077,-0.7307203361477417,-0.04447053794394403,-0.7468058029997452,-1.2758670380261738,-0.1437354324314729,-0.45267889175164144,0.5113035440714313,1.1922088307433212,-1.1513642878859804,0.2336765944825451,-0.15810036832359603,1.28165962951575
Jaylin Williams,Home,OKC,LAL,133,110,1,2a46bd6e-89fa-47ca-95d0-848b1967ce84,-0.955130025188614,-1.2314688564864622,-0.062300117688308315,-0.7645242678565696,0.13127419011366823,-0.44982705282229285,-1.5451670564717674,2.060035535656689,1.5603205119565702,-1.1513642878859804,-0.39922260404317633,0.10114682853835921,-0.7988381087415293
Tre Mann,Home,OKC,LAL,133,110,1,2a46bd6e-89fa-47ca-95d0-848b1967ce84,-2.1095831395633122,0.5329195277795242,-0.7399385685017849,-2.6116439936558553,0.17669332478083247,-0.6191244254465776,-1.712922975280773,-1.4185233130501929,-0.7328020086671541,-1.1513642878859804,-0.920750573050337,1.3032554798981137,-0.7759761202634919
Aleksej Pokusevski,Home,OKC,LAL,133,110,1,2a46bd6e-89fa-47ca-95d0-848b1967ce84,-2.0303389653294586,-1.6887839903584527,0.1708439280209437,-0.13042726900275117,-2.0680939565655576,-0.03994595822299486,0.10985878700481588,-2.9227544248450275,-0.48669151735735827,-1.1513642878859804,-0.889846188530378,-1.927977572958542,1.952962096975299
DÄvis BertÄns,Home,OKC,LAL,133,110,1,2a46bd6e-89fa-47ca-95d0-848b1967ce84,-2.1095831395633122,-1.9143611920854473,0.1880757281398747,-0.07361958999396344,-2.687155186588638,0.2828307119199974,0.16252777235186924,-2.9227544248450275,-0.48669151735735827,-1.1513642878859804,-2.8289409963040137,0.739979545152948,-0.06542450471270202
Vasilije MiciÄ,Home,OKC,LAL,133,110,1,2a46bd6e-89fa-47ca-95d0-848b1967ce84,-2.1095831395633122,-1.9143611920854473,0.1880757281398747,-0.07361958999396344,-2.687155186588638,0.2828307119199974,0.16252777235186924,-2.9227544248450275,-0.48669151735735827,-1.1513642878859804,-2.8289409963040137,0.739979545152948,-0.06542450471270202
Shai Gilgeous-Alexander,Away,OKC,DAL,126,120,1,26a4b74e-7dad-4224-bfd5-d67c84e7b0e4,1.870357459039755,5.718070782105751,2.3978460297837576,-0.1553613983023579,-0.03643151080235276,0.6131263750298634,0.7805184706246656,1.0408675114545813,-0.49085028340799797,1.609796684406236,1.6586928511463612,0.718928667925529,-0.4631179959060262
Luguentz Dort,Away,OKC,DAL,126,120,1,26a4b74e-7dad-4224-bfd5-d67c84e7b0e4,1.4488608960084792,0.8779415864431531,-1.2525923923717783,-0.14081655283722652,0.599180479732963,-0.6209987086315434,-0.3736351708439082,-0.48394209706990193,0.36577990051641013,0.2600588216584129,0.7556758581565839,-1.7487924887625879,-0.41801667748046334
Chet Holmgren,Away,OKC,DAL,126,120,1,26a4b74e-7dad-4224-bfd5-d67c84e7b0e4,0.3817421398560736,1.3613966576860634,-0.36421547295365203,0.35680811301204235,6.122998800888038,3.2862157582771867,2.266339021231899,-0.286116162698974,-0.2907123746804187,1.7508392661874144,1.0844324317178289,-0.046579980310872626,-0.1402315621535787
Jalen Williams,Away,OKC,DAL,126,120,1,26a4b74e-7dad-4224-bfd5-d67c84e7b0e4,3.7812053233535985,1.7567855359981002,-0.05329177359372083,-1.2110592803831157,0.8739854006527812,-1.2200595599067328,0.6193466768713164,1.0285511135116594,-0.42729882530404356,0.9750800701826513,1.5154655094943084,-0.19555352430305628,-0.8757836263233312
Josh Giddey,Away,OKC,DAL,126,120,1,26a4b74e-7dad-4224-bfd5-d67c84e7b0e4,1.7753145538753263,-0.28785697411612354,-1.064347197267821,0.5136453174965955,0.3610648436845344,-1.6683860857048642,1.4602242297735417,-0.2035061160864126,0.3847929566054025,-1.1513642878859804,1.045811330601397,-1.4337368299245903,0.7427907576122245
Isaiah Joe,Away,OKC,DAL,126,120,1,26a4b74e-7dad-4224-bfd5-d67c84e7b0e4,0.5430731214867566,-0.9725368868510184,-0.07329738253478742,-0.8178234450500169,1.9239085368510318,-0.7941650694052114,-1.16712875999942,0.7743511542055908,1.3493187645956957,-1.1513642878859804,0.4945059580542815,0.3171859286919053,0.4860174804547005
Cason Wallace,Away,OKC,DAL,126,120,1,26a4b74e-7dad-4224-bfd5-d67c84e7b0e4,2.4264550683079666,-1.2376295869044633,0.13638032778308173,-0.24404262702032659,1.9115413960813028,-1.583002579945697,0.2209441477088559,0.9181528879246088,0.4148626044292773,0.2799887516927098,0.8618312701366388,-0.45557536869650717,-0.19143036039381203
Jaylin Williams,Away,OKC,DAL,126,120,1,26a4b74e-7dad-4224-bfd5-d67c84e7b0e4,1.899660869798674,-1.1507952742562042,-0.5464604559641209,0.6872765979451246,0.27635519408958337,-1.0398540003383976,0.10205925249389568,3.304688624877811,0.846154916732446,1.3246203815533981,1.010443035251109,1.6677593683592975,0.047581384806727856
Kenrich Williams,Away,OKC,DAL,126,120,1,26a4b74e-7dad-4224-bfd5-d67c84e7b0e4,-0.7357680960945576,-0.5044517221838755,-1.5079127440655637,1.8351323971320184,3.4924118598526395,-3.3545295604898704,1.6446426997649417,1.4655189645794588,-0.3942282220251415,-1.1513642878859804,-0.14042180014357714,-1.462793469287049,-0.7054013515058938
DÄvis BertÄns,Away,OKC,DAL,126,120,1,26a4b74e-7dad-4224-bfd5-d67c84e7b0e4,0.8773734848497158,0.4407163354104013,1.547596450390526,-0.16756140720313814,-1.2744352934025804,-0.14002781016032398,-0.4665385268098752,5.86127471987327,0.7786993618721737,5.539655664180494,1.1150834465469814,3.135005474423526,-1.199259848277009
Aaron Wiggins,Away,OKC,DAL,126,120,1,26a4b74e-7dad-4224-bfd5-d67c84e7b0e4,-2.0303389653294586,-1.9143611920854473,0.1880757281398747,-0.07361958999396344,-2.0108698092524997,-0.06978245714377566,0.10499022533407985,-2.9227544248450275,-0.48669151735735827,-1.1513642878859804,-0.9102972924563965,-0.8893335225361958,0.6553869163360614
Tre Mann,Away,OKC,DAL,126,120,1,26a4b74e-7dad-4224-bfd5-d67c84e7b0e4,-2.1095831395633122,-1.9143611920854473,0.1880757281398747,-0.07361958999396344,-2.687155186588638,0.2828307119199974,0.16252777235186924,-2.9227544248450275,-0.48669151735735827,-1.1513642878859804,-2.8289409963040137,0.739979545152948,-0.06542450471270202
Vasilije MiciÄ,Away,OKC,DAL,126,120,1,26a4b74e-7dad-4224-bfd5-d67c84e7b0e4,-2.1095831395633122,-1.9143611920854473,0.1880757281398747,-0.07361958999396344,-2.687155186588638,0.2828307119199974,0.16252777235186924,-2.9227544248450275,-0.48669151735735827,-1.1513642878859804,-2.8289409963040137,0.739979545152948,-0.06542450471270202
Aleksej Pokusevski,Away,OKC,DAL,126,120,1,26a4b74e-7dad-4224-bfd5-d67c84e7b0e4,-2.1095831395633122,-1.9143611920854473,0.1880757281398747,-0.07361958999396344,-2.687155186588638,0.2828307119199974,0.16252777235186924,-2.9227544248450275,-0.48669151735735827,-1.1513642878859804,-2.8289409963040137,0.739979545152948,-0.06542450471270202
Olivier Sarr,Away,OKC,DAL,126,120,1,26a4b74e-7dad-4224-bfd5-d67c84e7b0e4,-2.1095831395633122,-1.9143611920854473,0.1880757281398747,-0.07361958999396344,-2.687155186588638,0.2828307119199974,0.16252777235186924,-2.9227544248450275,-0.48669151735735827,-1.1513642878859804,-2.8289409963040137,0.739979545152948,-0.06542450471270202
Shai Gilgeous-Alexander,Away,OKC,HOU,101,110,0,2435b9aa-77d9-4f42-9d52-f2abcb2a1384,2.886537766021433,5.971292167235792,3.5626781081681607,0.37216232648032826,-0.19242935522259247,0.9725065891509,-0.36449692786870314,0.9968047672747574,-1.6318404719016804,3.787947154364124,2.0738338762803257,0.38522804840387925,-2.052517137379795
Jalen Williams,Away,OKC,HOU,101,110,0,2435b9aa-77d9-4f42-9d52-f2abcb2a1384,0.495086559351018,1.161975892890384,-0.3329209549082256,0.23404271373773275,0.5845038204209101,-0.11632753145348869,-1.5911454391741386,-0.64195920481039,-0.8989645060805509,1.5830983402646686,1.086620374147772,-1.3217788326413333,-0.3499065263376507
Chet Holmgren,Away,OKC,HOU,101,110,0,2435b9aa-77d9-4f42-9d52-f2abcb2a1384,-0.16306830720813933,0.4983528670338398,0.2762426169572224,0.20825113597034667,3.899393088626891,6.149177728636851,2.634283358166902,-1.3619235413273505,0.45126166696957887,-1.1513642878859804,0.33154931878155763,-1.5763319705476015,-1.189577800573608
Josh Giddey,Away,OKC,HOU,101,110,0,2435b9aa-77d9-4f42-9d52-f2abcb2a1384,1.1854292571153389,1.8967084217589134,0.34095704189237036,-2.158714167795461,0.48660717669119297,-0.779123621525491,-0.33412660437528663,-0.1763770193809898,0.40941487640045005,-1.1513642878859804,0.5980221717575652,-1.0070234566462892,-1.0904653425448474
Luguentz Dort,Away,OKC,HOU,101,110,0,2435b9aa-77d9-4f42-9d52-f2abcb2a1384,-0.9461673132355554,-1.1480521138518982,-0.5526414155620039,0.6956348747106694,0.6701350229718218,-1.8894964261300418,1.434775748010202,-1.6842973042845368,1.1088973425164121,2.8702673030538817,-0.31057814562289304,-3.1613729758310263,-1.0293818638155041
Cason Wallace,Away,OKC,HOU,101,110,0,2435b9aa-77d9-4f42-9d52-f2abcb2a1384,-0.4712622380277387,0.16275529022756918,2.2042155289554066,0.6338272114709811,0.18173998050253673,1.0355755806486795,-0.526315616376342,0.445442405652953,0.09288525377560393,-1.1513642878859804,0.4974667595525347,0.36754549135451625,0.6984564889708512
Tre Mann,Away,OKC,HOU,101,110,0,2435b9aa-77d9-4f42-9d52-f2abcb2a1384,1.008570315040128,1.7173975234283936,1.0197058406358153,-0.09467240235916229,-0.27576806574321644,-0.14151767625098083,-1.1167300616919178,1.1238329597112788,0.21259495871289869,-1.1513642878859804,0.8879129760424491,0.5051457122787323,-0.14211337685895298
Aaron Wiggins,Away,OKC,HOU,101,110,0,2435b9aa-77d9-4f42-9d52-f2abcb2a1384,-0.6495079570459434,-0.37572377391884565,1.4706531528814224,0.33720977297687144,-1.3228274727429716,-0.11692071578932518,-0.44202557734379816,2.4121162027784466,-2.0508453676272835,2.6706821908472738,0.22136131040266227,-0.13212195546758193,-0.9226645824011085
Kenrich Williams,Away,OKC,HOU,101,110,0,2435b9aa-77d9-4f42-9d52-f2abcb2a1384,0.5247025278792526,-1.1050821207614705,-0.04034511084113254,-0.7152885548948335,0.7469163943610949,2.854906094360063,0.4789154540789615,1.832688925916812,0.9369299498067464,-0.15294733326917154,0.38073806460512694,0.29640396367733746,-0.8099568544569876
Isaiah Joe,Away,OKC,HOU,101,110,0,2435b9aa-77d9-4f42-9d52-f2abcb2a1384,-0.3468741348211227,-1.0959320661700878,-0.6700796479217809,0.8544421332560197,-1.2137541488356953,-0.16051679275017683,-0.5041133527980145,-0.7190627170156787,1.5324662845927277,-1.1513642878859804,0.07895725644304513,-1.3354381200848784,1.1602210704959504
Jaylin Williams,Away,OKC,HOU,101,110,0,2435b9aa-77d9-4f42-9d52-f2abcb2a1384,-1.3163781231321707,-1.6887839903584527,0.1708439280209437,-0.13042726900275117,-2.042082980514168,-0.053508003186986126,0.1076458044272086,-2.0447019604076244,0.8713731225058089,1.580643328917059,-0.06427138108968919,-1.3304948413164557,1.4546780032186133
DÄvis BertÄns,Away,OKC,HOU,101,110,0,2435b9aa-77d9-4f42-9d52-f2abcb2a1384,-2.1095831395633122,-1.9143611920854473,0.1880757281398747,-0.07361958999396344,-2.687155186588638,0.2828307119199974,0.16252777235186924,-2.9227544248450275,-0.48669151735735827,-1.1513642878859804,-2.8289409963040137,0.739979545152948,-0.06542450471270202
Vasilije MiciÄ,Away,OKC,HOU,101,110,0,2435b9aa-77d9-4f42-9d52-f2abcb2a1384,-2.1095831395633122,-1.9143611920854473,0.1880757281398747,-0.07361958999396344,-2.687155186588638,0.2828307119199974,0.16252777235186924,-2.9227544248450275,-0.48669151735735827,-1.1513642878859804,-2.8289409963040137,0.739979545152948,-0.06542450471270202
Aleksej Pokusevski,Away,OKC,HOU,101,110,0,2435b9aa-77d9-4f42-9d52-f2abcb2a1384,-2.1095831395633122,-1.9143611920854473,0.1880757281398747,-0.07361958999396344,-2.687155186588638,0.2828307119199974,0.16252777235186924,-2.9227544248450275,-0.48669151735735827,-1.1513642878859804,-2.8289409963040137,0.739979545152948,-0.06542450471270202
Olivier Sarr,Away,OKC,HOU,101,110,0,2435b9aa-77d9-4f42-9d52-f2abcb2a1384,-2.1095831395633122,-1.9143611920854473,0.1880757281398747,-0.07361958999396344,-2.687155186588638,0.2828307119199974,0.16252777235186924,-2.9227544248450275,-0.48669151735735827,-1.1513642878859804,-2.8289409963040137,0.739979545152948,-0.06542450471270202
Shai Gilgeous-Alexander,Home,OKC,GSW,138,136,1,6f3a9c26-4207-4a79-9303-3a4fff0f777d,4.938375913160099,3.5567665936068393,3.6494806002080984,-0.18944379971874883,1.2171304482979357,-0.618297043951857,2.0414372022969873,0.08456360239531323,-1.0260751388607419,4.133569828332993,2.8424615802705233,0.5619559074154131,-0.249459163009795
Jalen Williams,Home,OKC,GSW,138,136,1,6f3a9c26-4207-4a79-9303-3a4fff0f777d,2.755827892815675,1.6426114649084491,1.932477694904723,0.6928980885059246,0.6910269801182619,0.9331875291394962,-0.8057374416436928,2.7464379231251805,-1.355565463644122,1.5469407512211455,1.4727033565400243,-0.2643391571645397,-1.632604339162021
Luguentz Dort,Home,OKC,GSW,138,136,1,6f3a9c26-4207-4a79-9303-3a4fff0f777d,0.5667603451967119,-0.24782817839164117,-0.5330454071299453,0.01494509833253741,1.555374872636797,-1.20431971238029,3.0291683671846137,0.29795901997830004,-0.3264769293979213,4.666115693825548,1.345975293026569,-0.1464656490342582,0.08356213775224686
Chet Holmgren,Home,OKC,GSW,138,136,1,6f3a9c26-4207-4a79-9303-3a4fff0f777d,1.8613312144316132,0.6260644798688926,-1.4647472528541354,0.9292498240505196,3.10785943883103,1.846772801833837,1.5166964513083232,0.7510299794941655,-0.33655176410514387,4.325773811701399,1.3654595123221287,-0.7176148681436642,-0.5553368501488136
Josh Giddey,Home,OKC,GSW,138,136,1,6f3a9c26-4207-4a79-9303-3a4fff0f777d,1.3167642458597275,2.5706397332170794,2.176073905138646,0.3162876339294011,3.0848209906405915,-0.888136056568369,-1.8997965955611833,-0.31176309574961325,0.43611912153649357,-1.1513642878859804,0.7425519159008308,-0.9975889380846595,-1.0046260306815038
Cason Wallace,Home,OKC,GSW,138,136,1,6f3a9c26-4207-4a79-9303-3a4fff0f777d,0.07386076680578965,-0.644460577499317,0.4621192311649029,1.264431403643884,-0.9557534637313626,1.0997466720714049,0.32378785614402417,2.340044982741823,-0.49114977755018724,0.6371944207689554,0.4591150691274641,0.015007167112319919,-0.38909296021576967
Isaiah Joe,Home,OKC,GSW,138,136,1,6f3a9c26-4207-4a79-9303-3a4fff0f777d,-0.832128698924992,0.8347958698311699,3.2674243344718144,0.8966584724104649,-1.492558349805033,-0.07388779029133107,-0.2616510175226664,-0.3822010559093525,1.183281630886958,2.378762470095447,0.8344916405709157,1.4849132805071776,1.72453158762938
Aaron Wiggins,Home,OKC,GSW,138,136,1,6f3a9c26-4207-4a79-9303-3a4fff0f777d,0.021008290890891314,0.9779984654181755,1.3496515295461815,1.345390014063436,-0.08308316585137092,-0.8197416822177301,0.19012790355685705,2.4839346157444124,-0.518546007239758,-1.1513642878859804,0.015432732409071018,-0.7990683908245167,-1.6223143913240385
Kenrich Williams,Home,OKC,GSW,138,136,1,6f3a9c26-4207-4a79-9303-3a4fff0f777d,-0.990686126669687,-1.6887839903584527,0.1708439280209437,-0.13042726900275117,-0.10237822092490746,-0.3810697743919071,-1.3101915721038768,-1.0364274567248855,1.307279223855242,-1.1513642878859804,-0.21579767537835026,-1.3961311467341786,1.1809056035192056
Jaylin Williams,Home,OKC,GSW,138,136,1,6f3a9c26-4207-4a79-9303-3a4fff0f777d,-1.5805714234296744,-0.8682497526127042,-1.1830992945460694,1.5481791047962348,-0.7799357076399634,-0.31605808527839135,-0.8419886217240298,-2.277930435878009,2.442860753237396,-1.1513642878859804,-0.6083106166575107,-2.6056579634107075,1.549204018835276
DÄvis BertÄns,Home,OKC,GSW,138,136,1,6f3a9c26-4207-4a79-9303-3a4fff0f777d,-2.1095831395633122,-1.9143611920854473,0.1880757281398747,-0.07361958999396344,-1.98485883320111,-0.08334450210776694,0.10277724275647257,-2.9227544248450275,-0.48669151735735827,-1.1513642878859804,-1.4744220373249461,-0.4169460484241657,0.7006151221990746
Ousmane Dieng,Home,OKC,GSW,138,136,1,6f3a9c26-4207-4a79-9303-3a4fff0f777d,-2.1095831395633122,-1.9143611920854473,0.1880757281398747,-0.07361958999396344,-2.687155186588638,0.2828307119199974,0.16252777235186924,-2.9227544248450275,-0.48669151735735827,-1.1513642878859804,-2.8289409963040137,0.739979545152948,-0.06542450471270202
Tre Mann,Home,OKC,GSW,138,136,1,6f3a9c26-4207-4a79-9303-3a4fff0f777d,-2.1095831395633122,-1.9143611920854473,0.1880757281398747,-0.07361958999396344,-2.687155186588638,0.2828307119199974,0.16252777235186924,-2.9227544248450275,-0.48669151735735827,-1.1513642878859804,-2.8289409963040137,0.739979545152948,-0.06542450471270202
Vasilije MiciÄ,Home,OKC,GSW,138,136,1,6f3a9c26-4207-4a79-9303-3a4fff0f777d,-2.1095831395633122,-1.9143611920854473,0.1880757281398747,-0.07361958999396344,-2.687155186588638,0.2828307119199974,0.16252777235186924,-2.9227544248450275,-0.48669151735735827,-1.1513642878859804,-2.8289409963040137,0.739979545152948,-0.06542450471270202
Aleksej Pokusevski,Home,OKC,GSW,138,136,1,6f3a9c26-4207-4a79-9303-3a4fff0f777d,-2.1095831395633122,-1.9143611920854473,0.1880757281398747,-0.07361958999396344,-2.687155186588638,0.2828307119199974,0.16252777235186924,-2.9227544248450275,-0.48669151735735827,-1.1513642878859804,-2.8289409963040137,0.739979545152948,-0.06542450471270202
Shai Gilgeous-Alexander,Home,OKC,UTA,134,120,1,4fd379c7-8e6b-420f-84a9-4cb86b22351a,2.693567535246332,3.459479230997966,1.6001232028050445,-1.1112115326028613,0.32565537229395464,-0.7478275363133602,-0.16210641735126147,1.1254361468990348,-1.464937016519451,3.01468683598918,2.5525876989740937,2.6100925590496056,1.227403923421861
Cason Wallace,Home,OKC,UTA,134,120,1,4fd379c7-8e6b-420f-84a9-4cb86b22351a,1.008570315040128,0.3640959533485776,0.8773325925637128,-0.5473501850158051,0.606137502518293,2.1128889672810542,0.0661092378319247,1.2227955328556759,0.19640347902146474,-1.1513642878859804,0.8749850807063101,0.7874742727311366,0.8887877060510638
Chet Holmgren,Home,OKC,UTA,134,120,1,4fd379c7-8e6b-420f-84a9-4cb86b22351a,1.5005282861894427,1.359110445251156,-0.7966309449305086,1.3632359928184477,3.957363772093733,0.6459760511058384,0.5752984121084875,1.9785272558396836,-0.4813088793509373,1.154449440491324,1.4922002836559878,1.273768036031649,1.2248837449563508
Josh Giddey,Home,OKC,UTA,134,120,1,4fd379c7-8e6b-420f-84a9-4cb86b22351a,1.3071764183680377,3.331070719345658,-1.4510038350877088,-0.7741673894925992,4.790489298156011,-0.6101550803286346,-0.772277811427582,0.9008964572683197,-0.3345467464282075,-1.1513642878859804,1.4685521590658046,0.9548090706924319,0.6160070822270959
Jalen Williams,Home,OKC,UTA,134,120,1,4fd379c7-8e6b-420f-84a9-4cb86b22351a,1.2012279880459138,0.39411252869771507,-1.3382730345542697,-0.04113192360904213,0.02688424810076753,-0.8856408747205312,0.16165436589239277,1.5886719580059743,-0.567661030011014,1.6888802766005524,1.2561652379523007,0.3008263035197301,1.102556730739789
Ousmane Dieng,Home,OKC,UTA,134,120,1,4fd379c7-8e6b-420f-84a9-4cb86b22351a,1.959460231251345,0.10366415409724816,-0.8482179100275828,-0.4931311636749411,-0.3426924658164047,-0.14331142295135563,-0.9899695157357904,3.5157262475159987,-0.11581770010457315,2.0129944997154743,0.746738613255351,0.09102018574356277,-0.7912812627073879
Vasilije MiciÄ,Home,OKC,UTA,134,120,1,4fd379c7-8e6b-420f-84a9-4cb86b22351a,-0.9114419524358336,0.9740129418156991,0.7554721154776424,-1.517820749157371,-1.345565961700467,-0.11955551734882099,-0.3973754989283944,-1.087776109460033,0.8951611358289326,-1.1513642878859804,0.10866005958964543,-0.21326654985022597,0.8255889723250185
Isaiah Joe,Home,OKC,UTA,134,120,1,4fd379c7-8e6b-420f-84a9-4cb86b22351a,1.697526235861455,-1.2170713565701836,0.0038980583141493886,-0.5955621446055324,-1.4488555921787158,1.443943889965387,0.8403922692304722,0.9176390275246794,1.4334285306523387,-1.1513642878859804,0.8545693841621499,0.591559893514404,1.2510329110149558
Tre Mann,Home,OKC,UTA,134,120,1,4fd379c7-8e6b-420f-84a9-4cb86b22351a,-0.9565858814085961,-0.9032727892947628,-0.6131399328661159,0.697335133060695,-0.4345503813537421,-0.26645361482146745,-1.0419322150633232,-1.0781091492848223,-0.5130033764388681,-1.1513642878859804,-0.4710893948670582,-3.204507652305524,-0.18411892050562392
Jaylin Williams,Home,OKC,UTA,134,120,1,4fd379c7-8e6b-420f-84a9-4cb86b22351a,-0.7885514927324678,0.486703503819762,0.6018314442966367,1.4722664306247115,-1.1129965158891562,-0.18993122495561454,-0.6195926957826251,4.400256850189244,-0.47693921761356023,2.347179099466942,0.22368753055228366,0.8528355441168678,-0.5771631770487718
DÄvis BertÄns,Home,OKC,UTA,134,120,1,4fd379c7-8e6b-420f-84a9-4cb86b22351a,-0.955130025188614,-1.0794845811480505,-0.05045783521948263,-0.7426545915323879,-1.24437619218929,2.0561214690573157,1.1564331481662748,2.0402430210278095,1.563558807894857,-1.1513642878859804,-0.806470933314642,-0.9529463545518805,-1.4732243728878525
Aleksej Pokusevski,Home,OKC,UTA,134,120,1,4fd379c7-8e6b-420f-84a9-4cb86b22351a,-1.5805714234296744,-1.9143611920854473,0.1880757281398747,-0.07361958999396344,-0.9597909204487978,-0.24990052241129546,-0.7118391659329066,-2.277930435878009,2.442860753237396,-1.1513642878859804,-1.1517561047752323,-2.408097663122435,-0.15962061708261086
Lindy Waters III,Home,OKC,UTA,134,120,1,4fd379c7-8e6b-420f-84a9-4cb86b22351a,-0.42611830905497616,-0.8379089171626681,-0.07401008807488248,-0.8165660434396472,-2.042082980514168,-0.053508003186986126,0.1076458044272086,-0.036374896471435825,1.9897168808232648,-1.1513642878859804,-0.5268244670709721,-2.210416623526705,-0.21782503032377626
Kenrich Williams,Home,OKC,UTA,134,120,1,4fd379c7-8e6b-420f-84a9-4cb86b22351a,-1.7842037008701437,0.23198773519697927,2.2379049390875383,0.215158744102585,0.48909346205762994,-0.5489516585269925,-1.9164987709064907,2.582521402713795,-2.0821944526203566,-1.1513642878859804,-0.5594779941780376,0.7175641244347619,-0.7687201302456617
Aaron Wiggins,Home,OKC,UTA,134,120,1,4fd379c7-8e6b-420f-84a9-4cb86b22351a,-0.9819033605538726,-1.9143611920854473,0.1880757281398747,-0.07361958999396344,0.629256704053309,-3.085818819966199,2.9332302432103496,0.37949022224665124,-0.04284749530426483,-1.1513642878859804,0.9777266872270879,-1.6967445174235247,1.1864471187256072
Shai Gilgeous-Alexander,Away,OKC,SAC,123,128,0,28fe0a5f-2a6b-4d04-a527-6b9ee1b7e5be,5.381022170306772,4.089914182811168,-0.4641588301226976,-1.333983629394662,1.1980250790533957,-1.0475240417858673,0.20510265214579326,0.4801098593257779,-0.7444736209239109,7.90370180098234,2.662446914996859,0.4243277898832431,-1.0851106350963955
Luguentz Dort,Away,OKC,SAC,123,128,0,28fe0a5f-2a6b-4d04-a527-6b9ee1b7e5be,2.030683300773747,1.3423700617302856,2.1900907252364,1.4706564138146785,1.230578205538371,0.9763581247425707,1.8246503581721274,2.2962426862738172,0.3449567016135561,2.5674200855606215,1.0409785404330514,0.5457319978890774,-0.7692521767780965
Chet Holmgren,Away,OKC,SAC,123,128,0,28fe0a5f-2a6b-4d04-a527-6b9ee1b7e5be,0.7943868574945465,-0.19617656711742926,-0.5483539868360563,-0.051566006287810794,5.506556768598801,1.9599540553380388,-0.024778698427863323,0.05260547303739612,-0.8173436631197181,1.070130505730837,0.7071464662569691,-1.0213386922609626,-1.0077438962682925
Josh Giddey,Away,OKC,SAC,123,128,0,28fe0a5f-2a6b-4d04-a527-6b9ee1b7e5be,2.2833147344475435,3.557604753743855,-0.5309765059202382,1.0830244775841837,3.546994422734971,-1.8088455252577795,3.1033682628969066,1.2926339451639677,-0.6559072768516176,-1.1513642878859804,1.5198717418869707,0.5565010667248198,0.020133095928324074
Jalen Williams,Away,OKC,SAC,123,128,0,28fe0a5f-2a6b-4d04-a527-6b9ee1b7e5be,0.2860050398760261,0.8814728261816468,0.21036454157574958,-0.257634740786143,0.9235238687615323,-0.10284072872631964,1.3417775453041534,-1.7230057460957133,0.08337525783033907,0.5081043818818126,0.8524549658427856,-1.1969298054802742,0.6437659750020179
Cason Wallace,Away,OKC,SAC,123,128,0,28fe0a5f-2a6b-4d04-a527-6b9ee1b7e5be,-0.8758858509547606,0.36764801250099133,-0.4201631828822439,-1.803555726418351,-2.0108698092524997,-0.06978245714377566,0.10499022533407985,0.8589343397518978,0.873229903742977,-1.1513642878859804,-0.6054240740302416,-1.3344495949362472,-1.3866060066884964
Isaiah Joe,Away,OKC,SAC,123,128,0,28fe0a5f-2a6b-4d04-a527-6b9ee1b7e5be,0.29586363785376296,-1.6887839903584527,0.1708439280209437,-0.13042726900275117,-1.2837246209116058,-0.14394603917926796,-0.41894842689607625,-0.19290012712353377,1.1051418768932535,0.6184855328409958,-0.003178638527110535,-1.3350957023642984,0.02193741178759432
Jaylin Williams,Away,OKC,SAC,123,128,0,28fe0a5f-2a6b-4d04-a527-6b9ee1b7e5be,-0.6906241671217951,-0.09606427404181354,-0.3282641230089637,-1.5313282561244674,2.5778099363412577,-1.253947101017223,-1.669153649639887,0.8880398763242364,1.8097206975998255,-1.1513642878859804,-0.07626691125139305,0.5154858538596949,0.13020812396641157
Kenrich Williams,Away,OKC,SAC,123,128,0,28fe0a5f-2a6b-4d04-a527-6b9ee1b7e5be,-1.096703636268799,-1.1242802754715358,-0.03276056755736986,-0.6947640274166674,-2.0108698092524997,-0.06978245714377566,0.10499022533407985,-1.4476535779236963,0.34703080098999456,-1.1513642878859804,-0.32809909904680795,-1.61935242536819,0.49363968878725506
Ousmane Dieng,Away,OKC,SAC,123,128,0,28fe0a5f-2a6b-4d04-a527-6b9ee1b7e5be,0.1993230891860842,-1.2762471212260362,-0.7548336811679194,1.0491613788962961,-2.0108698092524997,-0.06978245714377566,0.10499022533407985,1.7367577967183248,1.6132126789485877,-1.1513642878859804,-0.021381843508937737,-0.4808106607105017,-0.28510619706896884
Aaron Wiggins,Away,OKC,SAC,123,128,0,28fe0a5f-2a6b-4d04-a527-6b9ee1b7e5be,-1.0542006492499534,-1.2762471212260362,-0.7548336811679194,1.0491613788962961,-0.6301758257492516,-1.4421815518865477,1.4575433771086106,0.896119716638312,-1.6325854157714474,-1.1513642878859804,0.247916514423828,-0.6446511110635949,-0.44463115505181633
DÄvis BertÄns,Away,OKC,SAC,123,128,0,28fe0a5f-2a6b-4d04-a527-6b9ee1b7e5be,-1.8450772814964933,0.30607125778337396,-2.0532406916755725,1.2746886613216823,3.1022444719706503,-2.671410949901701,-0.8718516617374674,-1.9348601823107663,2.3867302903070917,-1.1513642878859804,-0.6431413362233859,-1.4109868321897012,0.6825589133158498
Tre Mann,Away,OKC,SAC,123,128,0,28fe0a5f-2a6b-4d04-a527-6b9ee1b7e5be,-2.1095831395633122,-1.9143611920854473,0.1880757281398747,-0.07361958999396344,-2.687155186588638,0.2828307119199974,0.16252777235186924,-2.9227544248450275,-0.48669151735735827,-1.1513642878859804,-2.8289409963040137,0.739979545152948,-0.06542450471270202
Vasilije MiciÄ,Away,OKC,SAC,123,128,0,28fe0a5f-2a6b-4d04-a527-6b9ee1b7e5be,-2.1095831395633122,-1.9143611920854473,0.1880757281398747,-0.07361958999396344,-2.687155186588638,0.2828307119199974,0.16252777235186924,-2.9227544248450275,-0.48669151735735827,-1.1513642878859804,-2.8289409963040137,0.739979545152948,-0.06542450471270202
Olivier Sarr,Away,OKC,SAC,123,128,0,28fe0a5f-2a6b-4d04-a527-6b9ee1b7e5be,-2.1095831395633122,-1.9143611920854473,0.1880757281398747,-0.07361958999396344,-2.687155186588638,0.2828307119199974,0.16252777235186924,-2.9227544248450275,-0.48669151735735827,-1.1513642878859804,-2.8289409963040137,0.739979545152948,-0.06542450471270202
Shai Gilgeous-Alexander,Away,OKC,DEN,118,117,1,20dd8173-503d-40cc-829f-7ca48f0404c3,2.431008424317811,3.1029010216078934,0.14480960817671912,-1.074196300544496,0.8315938850036483,-0.07002063377671079,-1.612505433731305,-0.14014359242616004,-0.9573466443594743,3.5522154566069837,2.1054752529704683,-0.11954933696294628,-0.48566697927555036
Jalen Williams,Away,OKC,DEN,118,117,1,20dd8173-503d-40cc-829f-7ca48f0404c3,2.4737548898289843,0.9350171906610472,-0.22339324023680712,0.08909009227129999,-1.5140325917545365,-0.07817801669056869,-0.198214741975017,0.1328022396969703,-1.2189172221056794,0.9674147124771525,1.9939472347618796,-0.04250673706535446,0.391100869945238
Chet Holmgren,Away,OKC,DEN,118,117,1,20dd8173-503d-40cc-829f-7ca48f0404c3,1.6499213107720196,-0.43912579536500224,-0.5038701672310059,-0.02134992518181351,7.065401515497828,7.046578239244647,1.5041815498117335,0.5739883574686417,-0.30018566007177905,2.4173229905302493,1.606231900078315,0.6736914489686194,-0.12083616658912211
Luguentz Dort,Away,OKC,DEN,118,117,1,20dd8173-503d-40cc-829f-7ca48f0404c3,0.9818660589518574,-0.2670080496049365,-0.1363695978172243,-1.0190332732936291,0.6442157040093573,-1.4638296447703338,1.050113230512501,1.5326260492226185,-0.1674106757464075,1.904146420297391,0.8736644952065288,0.16568145915967117,-0.1174696125246672
Josh Giddey,Away,OKC,DEN,118,117,1,20dd8173-503d-40cc-829f-7ca48f0404c3,-1.1150742298763028,0.6394006459921378,-1.4339939749207404,-0.8421649147320776,-0.5994461561209936,-0.22589771635710487,-0.8561717817731702,0.004284495928724641,-0.5542137812990268,-1.1513642878859804,-0.03564724142165361,-0.5648474352791957,-0.749758889490461
Isaiah Joe,Away,OKC,DEN,118,117,1,20dd8173-503d-40cc-829f-7ca48f0404c3,0.7085774347692242,0.8116472576468403,-0.6960409731324358,1.8766101238299264,-0.49556872770316684,0.9298810652533415,-0.07769739485881658,1.001586096583532,0.29864624102559223,2.0129944997154743,1.1520749266752097,0.29361969262146953,0.5963889766774747
Jaylin Williams,Away,OKC,DEN,118,117,1,20dd8173-503d-40cc-829f-7ca48f0404c3,0.9304694392569413,-0.6139326777777825,-0.018723259454886905,-0.6873078262989261,0.5903121714155254,-0.9254746725861629,-0.16524907746712156,4.1326447312591235,1.1346641491701346,1.580643328917059,0.18284132238294126,0.05913383316308841,-1.2410443233785318
Cason Wallace,Away,OKC,DEN,118,117,1,20dd8173-503d-40cc-829f-7ca48f0404c3,-1.7049595266362902,-0.6797087846816252,-1.3100597342826452,1.201425490636739,-0.45463049377853143,-0.956774076340258,0.6247847094109322,-0.24268906470484078,-1.2725692332151393,-1.1513642878859804,-0.3798119571385993,-0.9151069116886815,-0.38956504797180863
Kenrich Williams,Away,OKC,DEN,118,117,1,20dd8173-503d-40cc-829f-7ca48f0404c3,-1.3612094943356179,-1.0120523851774688,0.11914852766415074,-0.3008503060291143,2.8372069778103186,-3.4777297952503097,2.481209557996942,-1.07514674152779,-0.20391248655757896,-1.1513642878859804,-0.4367100529536827,-1.6050066563595806,0.24239929763462092
Aaron Wiggins,Away,OKC,DEN,118,117,1,20dd8173-503d-40cc-829f-7ca48f0404c3,-1.3531193103471786,-1.1274799679232133,-0.03149647701007616,-0.6913432728369732,-0.10331007099153469,-1.2616055252403653,0.7147233732101769,2.6698733696644013,-2.099723771104097,2.347179099466942,-0.2205031246641041,0.14499657653482984,-0.9067933795859152
Ousmane Dieng,Away,OKC,DEN,118,117,1,20dd8173-503d-40cc-829f-7ca48f0404c3,-1.7393723296666965,-1.9143611920854473,0.1880757281398747,-0.07361958999396344,-0.4804084630963902,-0.4181074131631904,-1.0937327646132209,-0.7712235586752125,2.155337179024661,3.880250640566708,-0.42417499094182526,-0.8057462150528648,-0.009655255038535983
DÄvis BertÄns,Away,OKC,DEN,118,117,1,20dd8173-503d-40cc-829f-7ca48f0404c3,-2.1095831395633122,-1.9143611920854473,0.1880757281398747,-0.07361958999396344,-2.687155186588638,0.2828307119199974,0.16252777235186924,-2.9227544248450275,-0.48669151735735827,-1.1513642878859804,-2.8289409963040137,0.739979545152948,-0.06542450471270202
Tre Mann,Away,OKC,DEN,118,117,1,20dd8173-503d-40cc-829f-7ca48f0404c3,-2.1095831395633122,-1.9143611920854473,0.1880757281398747,-0.07361958999396344,-2.687155186588638,0.2828307119199974,0.16252777235186924,-2.9227544248450275,-0.48669151735735827,-1.1513642878859804,-2.8289409963040137,0.739979545152948,-0.06542450471270202
Vasilije MiciÄ,Away,OKC,DEN,118,117,1,20dd8173-503d-40cc-829f-7ca48f0404c3,-2.1095831395633122,-1.9143611920854473,0.1880757281398747,-0.07361958999396344,-2.687155186588638,0.2828307119199974,0.16252777235186924,-2.9227544248450275,-0.48669151735735827,-1.1513642878859804,-2.8289409963040137,0.739979545152948,-0.06542450471270202
Olivier Sarr,Away,OKC,DEN,118,117,1,20dd8173-503d-40cc-829f-7ca48f0404c3,-2.1095831395633122,-1.9143611920854473,0.1880757281398747,-0.07361958999396344,-2.687155186588638,0.2828307119199974,0.16252777235186924,-2.9227544248450275,-0.48669151735735827,-1.1513642878859804,-2.8289409963040137,0.739979545152948,-0.06542450471270202
Shai Gilgeous-Alexander,Home,OKC,MEM,116,97,1,2e74728f-5dba-4f62-bb5e-bd5c18a99491,2.9080674844948904,4.418746561694333,2.345216909370142,0.2635045046910037,2.337202302874855,-0.05316034585998728,-2.7030766350723177,0.49472144231947257,-0.72424295026876,6.6821555786234725,2.831463801480708,1.9914356907936615,1.0459089716359786
Jalen Williams,Home,OKC,MEM,116,97,1,2e74728f-5dba-4f62-bb5e-bd5c18a99491,0.4356688349446505,1.6021642335223183,1.4390139030687248,-1.0854071674728036,0.4156026560309039,1.386374018442675,-0.44820983854047425,0.05792754705056237,-0.0699369228050703,1.8182944139958042,1.1237292492478248,0.6469321747164042,0.5485790227864332
Chet Holmgren,Home,OKC,MEM,116,97,1,2e74728f-5dba-4f62-bb5e-bd5c18a99491,2.2752936297360917,0.9550562481920668,-0.17301740688378964,0.4926719297056291,5.681855430269394,9.276291052549464,5.477018963490071,0.8166074753743768,-0.380845259513844,0.5081043818818126,1.6696409859096117,0.9193467595083112,0.08262792072423458
Josh Giddey,Home,OKC,MEM,116,97,1,2e74728f-5dba-4f62-bb5e-bd5c18a99491,1.2706151769902743,0.9243353175257529,0.08455846517868015,-0.7181904034084959,4.982797243499818,-2.0846593959336186,-0.6713603524199973,0.28800319033161353,-0.35496788486581804,2.154322893360291,1.5635578356280657,0.9949011871686706,0.43236943457963783
Luguentz Dort,Home,OKC,MEM,116,97,1,2e74728f-5dba-4f62-bb5e-bd5c18a99491,1.679155642253951,-0.6125726021535679,-0.1436209856400566,-1.018302816405966,-0.3406536666492802,1.5990347275806143,0.1979371458090627,2.1226320087256645,1.0713930238566873,-1.1513642878859804,0.9738511992148303,1.6276489077854002,1.0695492849814547
Isaiah Joe,Home,OKC,MEM,116,97,1,2e74728f-5dba-4f62-bb5e-bd5c18a99491,-0.2860005541947732,0.3330405659521904,0.8833946615480136,-0.8635905531706846,0.4236905267448696,-0.8067545753212407,-0.2176059307116332,0.5999065077340584,0.6052037723016241,-1.1513642878859804,0.3656361977749253,0.5707833151283168,0.4625905823918662
Ousmane Dieng,Home,OKC,MEM,116,97,1,2e74728f-5dba-4f62-bb5e-bd5c18a99491,-0.850568371809484,-0.8477488812355951,-0.12259691387924435,-0.9512328736580953,-0.7267890829307538,-0.752642540676439,0.5649017361974303,-0.3162498899809834,0.022964826832021817,-1.1513642878859804,-0.20532555017096327,-1.1619887553800767,-0.4824560760279633
Cason Wallace,Home,OKC,MEM,116,97,1,2e74728f-5dba-4f62-bb5e-bd5c18a99491,0.22464056833136073,-0.16942626118683166,-0.9361203248972423,-0.1932307120345512,-0.8655910705691637,-0.10806776720571525,-0.739287637805533,0.7526213537604464,0.6818481932627871,-1.1513642878859804,0.5161614111655134,0.15049147637340615,0.9261533502313285
Kenrich Williams,Home,OKC,MEM,116,97,1,2e74728f-5dba-4f62-bb5e-bd5c18a99491,-0.06518276888073471,0.24266640721486957,-1.4241002762556085,-0.17491462915006592,0.5170889878410877,-0.24802402877864455,-1.693708979529249,3.060496068205519,1.3389855577784673,-1.1513642878859804,0.6160845323865319,1.9213543161985158,1.1944899590344662
Aaron Wiggins,Home,OKC,MEM,116,97,1,2e74728f-5dba-4f62-bb5e-bd5c18a99491,-1.5464711781685834,0.24985989730559813,0.5898337754193194,1.1787635036689943,-0.39164193398992614,-1.0435029515689276,0.6351792973218461,-1.4738629143160975,-0.8974410029468262,-1.1513642878859804,-0.23499494974815688,-1.4051952519568562,-0.09718425851572
Jaylin Williams,Home,OKC,MEM,116,97,1,2e74728f-5dba-4f62-bb5e-bd5c18a99491,-1.4404536685694713,0.9421057846792799,0.09830520097010265,2.8747126188339465,0.7663186451021956,-1.400608283193315,0.02682423029155882,-1.0040558914977629,-0.0213005396229943,-1.1513642878859804,-0.0583924427201748,-1.5745700357553167,1.038833293267396
Vasilije MiciÄ,Home,OKC,MEM,116,97,1,2e74728f-5dba-4f62-bb5e-bd5c18a99491,-1.8450772814964933,-0.8647730605801625,-1.6819776208503694,2.30290289372801,-0.8008481881868005,3.6302066632144907,1.9561698529931024,-2.277930435878009,2.442860753237396,-1.1513642878859804,-0.8863630210523517,-1.6824561367967343,0.06264947419762197
Olivier Sarr,Home,OKC,MEM,116,97,1,2e74728f-5dba-4f62-bb5e-bd5c18a99491,-0.6044331073501691,-1.2376295869044633,0.13638032778308173,-0.24404262702032659,1.422844349294265,-1.8295078812185737,-0.07076667605895436,0.6040336419203489,-0.2665593239842251,-1.1513642878859804,0.1340930132455577,-1.632574342607599,-0.47280120588120356
Tre Mann,Home,OKC,MEM,116,97,1,2e74728f-5dba-4f62-bb5e-bd5c18a99491,-2.1095831395633122,1.2859921776962673,-3.7671560189435915,2.9046193374184637,-2.1357224942991713,-0.004684641316617549,0.11561254170659482,-2.4345390639993356,-0.5665694838350991,-1.1513642878859804,-1.1267018568832183,-1.2968554190614083,-0.4599498636929095
DÄvis BertÄns,Home,OKC,MEM,116,97,1,2e74728f-5dba-4f62-bb5e-bd5c18a99491,-2.1095831395633122,-1.9143611920854473,0.1880757281398747,-0.07361958999396344,-2.687155186588638,0.2828307119199974,0.16252777235186924,-2.9227544248450275,-0.48669151735735827,-1.1513642878859804,-2.8289409963040137,0.739979545152948,-0.06542450471270202
Shai Gilgeous-Alexander,Home,OKC,LAC,134,115,1,deb167d7-bbf9-45b3-8a30-09301b9428c3,4.492705169434214,2.4345136211249985,2.986150390426665,0.579963058866087,3.397347897012109,0.71476155077021,0.7954838954006923,0.1584727942402855,-0.5071266030880927,3.9216446215486873,2.587157963041422,0.05302276343627596,0.04745843049483282
Luguentz Dort,Home,OKC,LAC,134,115,1,deb167d7-bbf9-45b3-8a30-09301b9428c3,3.1656225230902746,-0.1331027400702697,-0.2942195956960489,-1.4525631535558523,0.22821068695789506,0.32532573444462654,0.7710887139221182,2.1956722278572025,-0.08057094969623727,1.070130505730837,1.6078177139034293,1.2443602525547375,0.6758384748700722
Chet Holmgren,Home,OKC,LAC,134,115,1,deb167d7-bbf9-45b3-8a30-09301b9428c3,2.4502749039499934,1.2223534147001536,-1.215600327691993,-1.86922049982043,1.1783347991464974,-0.1889509417380065,-1.9000373016670615,2.847487708183953,-0.9072182978523486,1.6474873449908587,1.6799758964120501,1.6058619168371924,-0.019182656802211186
Jalen Williams,Home,OKC,LAC,134,115,1,deb167d7-bbf9-45b3-8a30-09301b9428c3,1.1740055490456074,2.706212712614321,0.20657471778613645,-0.2801130404785476,0.3345346874223653,-0.7887260647593726,-0.0787263869265104,0.8183645804324882,-0.5165602704484182,-1.1513642878859804,1.5796727565362303,1.0979236413759406,1.3306076923390848
Josh Giddey,Home,OKC,LAC,134,115,1,deb167d7-bbf9-45b3-8a30-09301b9428c3,0.9648822422873475,2.5508625226768116,-3.6780889803432792,1.5114992053270506,0.5738488050670111,-1.3128307705233293,0.21062343910949283,3.4288693515306674,0.11510280521800541,-1.1513642878859804,1.0480709995686512,-0.04647501449324314,-0.2919211666052413
Aaron Wiggins,Home,OKC,LAC,134,115,1,deb167d7-bbf9-45b3-8a30-09301b9428c3,-0.09303032341967193,0.3340457947541792,0.3248164643115525,0.6815245047834739,1.935080132344739,-0.27982274598528767,-2.4443163825780183,0.8256923887787054,-0.23973869169965328,0.534478627515271,0.9060972187462919,0.5092493641960597,1.753739704430974
Isaiah Joe,Home,OKC,LAC,134,115,1,deb167d7-bbf9-45b3-8a30-09301b9428c3,1.9436615003207698,-1.463206788631458,0.1536121279020127,-0.18723494801153887,-0.1429924890082224,0.33915379228753617,1.1807978295189314,1.576109734026213,1.238848107651894,-1.1513642878859804,0.2568645274958907,-1.1795626846440288,-0.8665290034137757
Cason Wallace,Home,OKC,LAC,134,115,1,deb167d7-bbf9-45b3-8a30-09301b9428c3,-1.1759478105026524,0.2700759384250087,-1.1637258357967875,-0.11778314796019107,-1.4945844348972175,1.2504774033552184,0.7434760654460584,-1.0656833564407773,0.5533025166179748,-1.1513642878859804,-0.15088968126273616,-1.2944251890252252,0.12317962631926158
Kenrich Williams,Home,OKC,LAC,134,115,1,deb167d7-bbf9-45b3-8a30-09301b9428c3,-0.8942564445622646,1.1040917275393214,2.22188781417165,-0.21261547636965283,-0.7417310841288665,-0.1639009966813884,-0.7985576843889849,4.933775913175886,-0.5669273162467975,-1.1513642878859804,-0.08969350463523366,0.6642348129088008,-0.9013837637026518
Ousmane Dieng,Home,OKC,LAC,134,115,1,deb167d7-bbf9-45b3-8a30-09301b9428c3,-0.7885514927324678,-1.9143611920854473,0.1880757281398747,-0.07361958999396344,-0.873062172792243,-0.28860070007295535,-0.7610812193785916,4.947849754921574,-0.5665320719061613,2.347179099466942,0.3286616697488549,1.3336489160577614,0.02297595831927029
Jaylin Williams,Home,OKC,LAC,134,115,1,deb167d7-bbf9-45b3-8a30-09301b9428c3,-1.7842037008701437,-1.0906823886126513,-0.1179201017692341,-0.9150374693631195,0.7943274441720397,-0.6851700299412843,-2.0744960812627906,2.575923897837502,-2.0811150206409277,-1.1513642878859804,-0.5137753786174548,0.5912531027025048,-0.15819613958281753
Tre Mann,Home,OKC,LAC,134,115,1,deb167d7-bbf9-45b3-8a30-09301b9428c3,-2.1095831395633122,-0.21396665685301142,-0.46428091172772645,-1.8523242241993623,-2.0264763948833338,-0.0616452301653809,0.10631801488064423,-1.3987307984213133,-0.7360403046054409,-1.1513642878859804,-1.1669331092266169,0.536740926023891,-0.3177221294326399
DÄvis BertÄns,Home,OKC,LAC,134,115,1,deb167d7-bbf9-45b3-8a30-09301b9428c3,-2.1095831395633122,-1.9143611920854473,0.1880757281398747,-0.07361958999396344,-2.687155186588638,0.2828307119199974,0.16252777235186924,-2.9227544248450275,-0.48669151735735827,-1.1513642878859804,-2.8289409963040137,0.739979545152948,-0.06542450471270202
Vasilije MiciÄ,Home,OKC,LAC,134,115,1,deb167d7-bbf9-45b3-8a30-09301b9428c3,-2.1095831395633122,-1.9143611920854473,0.1880757281398747,-0.07361958999396344,-2.687155186588638,0.2828307119199974,0.16252777235186924,-2.9227544248450275,-0.48669151735735827,-1.1513642878859804,-2.8289409963040137,0.739979545152948,-0.06542450471270202
Olivier Sarr,Home,OKC,LAC,134,115,1,deb167d7-bbf9-45b3-8a30-09301b9428c3,-2.1095831395633122,-1.9143611920854473,0.1880757281398747,-0.07361958999396344,-2.687155186588638,0.2828307119199974,0.16252777235186924,-2.9227544248450275,-0.48669151735735827,-1.1513642878859804,-2.8289409963040137,0.739979545152948,-0.06542450471270202
Shai Gilgeous-Alexander,Home,OKC,LAL,120,129,0,4c596812-e899-46b6-939f-892655d86134,4.289454529040048,3.9375602307073096,0.6247316920129385,-0.06025804247462373,0.6106454038551309,-0.598573792007148,-0.43251512838531564,0.8424555342887103,-0.7028571170003123,4.5268256388986154,2.0909166112415076,-0.31905645387329945,-1.467773260546068
Jalen Williams,Home,OKC,LAL,120,129,0,4c596812-e899-46b6-939f-892655d86134,3.841386321852573,0.2560910730627668,-0.7065711498532036,-0.7596541456254259,1.0896482226074449,-0.14899539362745762,-1.8197100749704809,1.5677063305000096,-0.6232538066586879,2.004081882332514,1.633489551925244,-0.035089308133753036,-0.5568190151244029
Chet Holmgren,Home,OKC,LAL,120,129,0,4c596812-e899-46b6-939f-892655d86134,2.882475300929905,-1.0659327308626805,1.061113377753456,0.24044276814433801,5.070888860662948,0.6216338035770858,2.3300562954997797,0.0965261792745477,-0.2126392735856892,1.1366223533905069,1.335845186478517,-1.1176722406877928,-0.7161023760561028
Luguentz Dort,Home,OKC,LAL,120,129,0,4c596812-e899-46b6-939f-892655d86134,1.2122025924805975,-0.4859831309819705,-1.0584820945443285,1.1472748223246012,1.3178293911567587,0.277704710337796,-0.07458119171276507,0.07315748716055187,0.9398214956539255,-1.1513642878859804,0.29370554531036713,-2.0687685963303726,-1.0429004293558748
Cason Wallace,Home,OKC,LAL,120,129,0,4c596812-e899-46b6-939f-892655d86134,-0.02149469612795427,0.6733111807768626,0.7135701207288841,-1.1134839097263074,-0.04862215286675973,-0.786371045604246,0.09023429181311168,0.18816144390692172,0.8900947534226146,-1.1513642878859804,0.17669132766412243,-0.614237873676916,-0.5557428036212256
Kenrich Williams,Home,OKC,LAL,120,129,0,4c596812-e899-46b6-939f-892655d86134,1.2293881003541665,1.1846833867367783,0.5626293722534943,-1.5936093888578131,-0.13536673778830577,0.3644209278230329,1.0366841996907217,3.0662508586282846,0.3729136937991783,-1.1513642878859804,0.5555382519161197,0.9198541132750117,-1.1717113062613262
Isaiah Joe,Home,OKC,LAL,120,129,0,4c596812-e899-46b6-939f-892655d86134,0.9913848071665589,-0.3486451785178829,-1.093852737721367,0.6971883517662563,2.38910683721098,1.421752790191464,0.3414657391691048,-0.6995109267273727,0.6774241046962707,-1.1513642878859804,0.3402275114950513,-2.534837560037298,-0.855887964680013
Ousmane Dieng,Home,OKC,LAL,120,129,0,4c596812-e899-46b6-939f-892655d86134,-0.6297505864954456,-1.463206788631458,0.1536121279020127,-0.18723494801153887,-1.9692522475702758,-0.09148172908616171,0.1014494532099082,2.3335124159614304,0.40004987589334695,-1.1513642878859804,-0.08563699485238367,0.2166468199649533,0.793495008459629
DÄvis BertÄns,Home,OKC,LAL,120,129,0,4c596812-e899-46b6-939f-892655d86134,-0.955130025188614,-1.3498574771985303,-0.015528767438438867,-0.6379563484078797,-1.020213552240245,-0.23820536225459416,-0.6139596697647444,2.086425555161861,1.5560027840388546,-1.1513642878859804,-0.34566027227020485,0.2218521238187371,0.21546766903842698
Aaron Wiggins,Home,OKC,LAL,120,129,0,4c596812-e899-46b6-939f-892655d86134,-2.0303389653294586,-0.11468718349594931,-1.9588993681717215,1.5401623696918234,-0.3791961117331441,-1.7337095874656774,1.694131245173334,-2.5335016371437327,-0.5503780041436651,-1.1513642878859804,-0.7521826334987638,-1.5709209558700326,0.45308967023362157
Jaylin Williams,Home,OKC,LAL,120,129,0,4c596812-e899-46b6-939f-892655d86134,-1.8450772814964933,-0.9067011887574644,-0.11871872477334604,-0.9273753388358811,0.9108618363083573,-0.6910744194181645,-2.2140507762152026,-1.8886776481767142,2.379174266451089,-1.1513642878859804,-0.8779007261050688,-0.713974444967969,0.5234072632108739
Olivier Sarr,Home,OKC,LAL,120,129,0,4c596812-e899-46b6-939f-892655d86134,-2.1095831395633122,-0.4171482436508043,-0.3121245785092925,-1.4507507895291112,3.066360566591378,-3.6089882720386703,0.7210102255614679,-1.425120817926486,-0.7317225766877251,-1.1513642878859804,-1.1445082355062788,0.4689162558778744,-0.5269960721224478
Tre Mann,Home,OKC,LAL,120,129,0,4c596812-e899-46b6-939f-892655d86134,-2.1095831395633122,-1.9143611920854473,0.1880757281398747,-0.07361958999396344,-2.687155186588638,0.2828307119199974,0.16252777235186924,-2.9227544248450275,-0.48669151735735827,-1.1513642878859804,-2.8289409963040137,0.739979545152948,-0.06542450471270202
Vasilije MiciÄ,Home,OKC,LAL,120,129,0,4c596812-e899-46b6-939f-892655d86134,-2.1095831395633122,-1.9143611920854473,0.1880757281398747,-0.07361958999396344,-2.687155186588638,0.2828307119199974,0.16252777235186924,-2.9227544248450275,-0.48669151735735827,-1.1513642878859804,-2.8289409963040137,0.739979545152948,-0.06542450471270202
Lindy Waters III,Home,OKC,LAL,120,129,0,4c596812-e899-46b6-939f-892655d86134,-2.1095831395633122,-1.9143611920854473,0.1880757281398747,-0.07361958999396344,-2.687155186588638,0.2828307119199974,0.16252777235186924,-2.9227544248450275,-0.48669151735735827,-1.1513642878859804,-2.8289409963040137,0.739979545152948,-0.06542450471270202
Shai Gilgeous-Alexander,Home,OKC,MIN,129,106,1,2343c766-62d5-4925-b747-81b06468fff4,3.7148497802986,4.577686681339535,-0.4994286691368656,-1.2751827100851871,1.7216166340958883,0.8674028373305759,-1.525329599191817,1.2050486246550411,-1.1971031990335577,3.067862063368312,2.6407073066828395,1.124765727501013,0.13872842714800782
Luguentz Dort,Home,OKC,MIN,129,106,1,2343c766-62d5-4925-b747-81b06468fff4,3.387514527577992,1.2197957337498746,0.7830956130875241,1.7416424674600506,1.0490321588672924,1.997732542296087,-0.2969040718528624,3.2471547333579407,0.300365151051463,0.36430768645319694,1.5602888690749688,1.1231548602204215,0.1400288402616461
Chet Holmgren,Home,OKC,MIN,129,106,1,2343c766-62d5-4925-b747-81b06468fff4,3.19201422140923,1.2198606615316423,-1.0173919373109297,-1.4369917865571211,0.8155156113898927,0.9276376491325112,-0.9105679930316375,1.679203973889903,-0.0714563455108567,0.2600588216584129,1.7426017123105064,0.9392852864287332,0.5346748057472572
Jalen Williams,Home,OKC,MIN,129,106,1,2343c766-62d5-4925-b747-81b06468fff4,3.2724016940937504,0.3306049997862444,-0.7971758421426186,-0.7038246339749148,-0.45212667648677135,2.2883079693419117,0.8422554742131521,2.345797311058512,0.11397224616027059,1.6474873449908587,1.5171449992375654,0.8198563587602579,-0.060487191914219536
Josh Giddey,Home,OKC,MIN,129,106,1,2343c766-62d5-4925-b747-81b06468fff4,-0.0941045425933505,2.2338943814181342,-1.9762169457459762,-1.1890772729479901,-0.7857861246672377,-0.153047744603561,-0.7396388041588022,0.5404557576358575,-0.5869381681735539,1.252566019121709,1.2360998328702337,0.8160491389610516,1.288869677599708
Cason Wallace,Home,OKC,MIN,129,106,1,2343c766-62d5-4925-b747-81b06468fff4,-0.1007388703618077,0.4711860275341524,1.374430461289108,1.4910997485082078,-1.196386920707903,-0.8575092224977281,1.074273295906449,0.43873099043220687,1.2040825825170394,-1.1513642878859804,0.4219556412067575,-0.17725116559074747,0.16515226425302662
Kenrich Williams,Home,OKC,MIN,129,106,1,2343c766-62d5-4925-b747-81b06468fff4,0.014061405353118724,-0.2222826100835208,1.2015257751809787,-0.32896898234063376,0.33464290841442923,-0.35943491804847405,-1.6106702407044615,2.051462865787147,0.872379716456231,-1.1513642878859804,0.33483530325032307,0.8913690628096277,-0.038500713719861974
Isaiah Joe,Home,OKC,MIN,129,106,1,2343c766-62d5-4925-b747-81b06468fff4,0.2601966698124337,-0.354998475909798,-0.1734936912319253,-1.109318041211697,-0.13052695651856916,-1.2521730344901632,0.7138997259385894,3.3750017836665074,0.48213943847591295,-1.1513642878859804,0.3191945346821917,0.8065069326693803,0.1655316542110567
Vasilije MiciÄ,Home,OKC,MIN,129,106,1,2343c766-62d5-4925-b747-81b06468fff4,-0.5676919201351612,2.6951619984069133,1.5418873492330163,0.12251726901240233,-2.1357224942991713,-0.004684641316617549,0.11561254170659482,-1.558270139303477,0.9237251865734112,-1.1513642878859804,0.4796474279799908,-1.2213530022944974,1.3370161213158047
Aaron Wiggins,Home,OKC,MIN,129,106,1,2343c766-62d5-4925-b747-81b06468fff4,-0.955130025188614,-1.2394692037319264,0.012746692145205773,-0.5716168625476721,2.757682691569365,-1.8342800256874054,-1.2007333384267809,2.132608089295913,1.548446760182852,-1.1513642878859804,-0.22295241104131389,0.2825773566880905,0.24143982791490923
Jaylin Williams,Home,OKC,MIN,129,106,1,2343c766-62d5-4925-b747-81b06468fff4,-2.1095831395633122,-1.0170894622240683,-0.1469941843569908,-0.9937148246960887,1.4466669625199378,3.3194781430531854,0.39015590345810874,-1.3591457691635547,-0.7425168964820145,-1.1513642878859804,-0.9115395620326336,1.097856758037298,-0.8680130207759956
Tre Mann,Home,OKC,MIN,129,106,1,2343c766-62d5-4925-b747-81b06468fff4,-2.1095831395633122,-1.9143611920854473,0.1880757281398747,-0.07361958999396344,-2.0628917613552797,-0.042658367215793115,0.10941619048929442,-2.9227544248450275,-0.48669151735735827,-1.1513642878859804,-1.4842383225558036,-0.6328521797450157,0.3672674769397303
DÄvis BertÄns,Home,OKC,MIN,129,106,1,2343c766-62d5-4925-b747-81b06468fff4,-2.1095831395633122,-1.9143611920854473,0.1880757281398747,-0.07361958999396344,-2.687155186588638,0.2828307119199974,0.16252777235186924,-2.9227544248450275,-0.48669151735735827,-1.1513642878859804,-2.8289409963040137,0.739979545152948,-0.06542450471270202
Ousmane Dieng,Home,OKC,MIN,129,106,1,2343c766-62d5-4925-b747-81b06468fff4,-2.1095831395633122,-1.9143611920854473,0.1880757281398747,-0.07361958999396344,-2.687155186588638,0.2828307119199974,0.16252777235186924,-2.9227544248450275,-0.48669151735735827,-1.1513642878859804,-2.8289409963040137,0.739979545152948,-0.06542450471270202
Olivier Sarr,Home,OKC,MIN,129,106,1,2343c766-62d5-4925-b747-81b06468fff4,-2.1095831395633122,-1.9143611920854473,0.1880757281398747,-0.07361958999396344,-2.687155186588638,0.2828307119199974,0.16252777235186924,-2.9227544248450275,-0.48669151735735827,-1.1513642878859804,-2.8289409963040137,0.739979545152948,-0.06542450471270202
Shai Gilgeous-Alexander,Home,OKC,NYK,129,120,1,dd9a73e3-ec57-4adb-872c-363332b6636a,5.0205317998339165,2.441857388403421,0.5905371637609328,-1.4922411590567617,2.791897409537013,1.2580722583047697,-0.222888313361887,1.134099160154227,-0.7285074648969468,3.96916983932278,2.7144633813450865,1.1875194537606084,-0.586193413484508
Jalen Williams,Home,OKC,NYK,129,120,1,dd9a73e3-ec57-4adb-872c-363332b6636a,5.524427728031338,0.71363017817023,0.6636354497099989,-0.9640924954527181,-1.5815951733982505,1.0116707525196351,0.6190546115014759,3.132972671537229,-0.7193094122479052,2.7506451095358906,1.8871234139195774,0.585825887132476,-1.6437565006528336
Chet Holmgren,Home,OKC,NYK,129,120,1,dd9a73e3-ec57-4adb-872c-363332b6636a,2.4939629767027736,-0.6587283721012678,-0.0010259917927741393,-0.6394172621832056,2.9601457165193468,3.5268587019427744,1.4949899094381707,1.25444788999946,-0.6511773901571037,1.576069110502041,1.4713139846704604,0.15075884920018737,-0.3974289978022039
Josh Giddey,Home,OKC,NYK,129,120,1,dd9a73e3-ec57-4adb-872c-363332b6636a,-1.0013481733350549,0.08699547134790885,-1.5957080015725829,1.0440482551818935,2.4556021387210607,1.9380272956827358,-1.155736773038993,0.8270147779716718,-1.618735277535692,0.7905015748789318,0.7915025621904357,0.3149633188563922,0.5193685558271797
Luguentz Dort,Home,OKC,NYK,129,120,1,dd9a73e3-ec57-4adb-872c-363332b6636a,0.21623782657360602,-0.34700036089687447,-0.10476733413488011,-0.9335144088012709,-0.7821563519048489,-0.15706474016054486,-0.7195518198479398,-0.827001773496786,0.46021514127533847,-1.1513642878859804,0.7708946881243214,-0.3859814061737757,1.3885151956964072
Cason Wallace,Home,OKC,NYK,129,120,1,dd9a73e3-ec57-4adb-872c-363332b6636a,-0.7713241975756306,-0.39350247106017555,0.5033040818633641,1.2240163140872113,-1.3535275953719152,-0.12201223849746834,-0.3664293331846174,-0.9710683671162971,-0.026697699520138948,-1.1513642878859804,0.3614031508708508,-0.7064460645233356,0.8939194717665906
Kenrich Williams,Home,OKC,NYK,129,120,1,dd9a73e3-ec57-4adb-872c-363332b6636a,-1.2196358832554328,0.1902199301223006,2.322391012425206,0.49419605988632725,-1.3622555125585656,-0.113036719546834,-0.3832894218681702,6.147296321892247,0.7187986858940439,-1.1513642878859804,-0.13041742091878855,0.5043313553358371,-0.389928852896018
Isaiah Joe,Home,OKC,NYK,129,120,1,dd9a73e3-ec57-4adb-872c-363332b6636a,0.6039467021131061,-1.6887839903584527,0.1708439280209437,-0.13042726900275117,-0.3736245081765448,-0.2870995187174315,-1.0833926877078248,1.4193847476643693,0.6655063309629077,-1.1513642878859804,0.3131537207841871,-0.20895419767491555,0.13755543920488042
Aaron Wiggins,Home,OKC,NYK,129,120,1,dd9a73e3-ec57-4adb-872c-363332b6636a,-0.36524472842862665,0.03376304085275004,-0.2551941092628384,-1.3405842037848947,-1.3052081216890867,1.770233055173841,1.0142757005019147,1.2445632124778039,0.8821854105629462,-1.1513642878859804,0.15180138190350126,0.24431702981909206,0.32518716745789017
Jaylin Williams,Home,OKC,NYK,129,120,1,dd9a73e3-ec57-4adb-872c-363332b6636a,-1.8450772814964933,-1.6887839903584527,0.1708439280209437,-0.13042726900275117,0.9808421156312421,-0.7200604059147433,-2.2826940605747494,-2.277930435878009,2.442860753237396,-1.1513642878859804,-1.1107428231169294,-1.5079405562180257,0.22580790904911752
Tre Mann,Home,OKC,NYK,129,120,1,dd9a73e3-ec57-4adb-872c-363332b6636a,-1.501327249195821,-1.205871316873042,-0.07241284206665838,-0.7918903044941241,-2.0160720044627776,-0.0670700481509774,0.10543282184960132,-2.3343167071729907,1.4414134796230484,-1.1513642878859804,-0.448442203911737,-2.2853879554397296,1.1132219022035303
DÄvis BertÄns,Home,OKC,NYK,129,120,1,dd9a73e3-ec57-4adb-872c-363332b6636a,-1.1403917090215794,-1.9143611920854473,0.1880757281398747,-0.07361958999396344,4.998741796701812,-8.362864661690852,7.2151864032814235,2.2669055627882866,0.21679153565212564,-1.1513642878859804,2.9572441845977355,2.0402370147484246,-2.5589008807075366
Vasilije MiciÄ,Home,OKC,NYK,129,120,1,dd9a73e3-ec57-4adb-872c-363332b6636a,-2.1095831395633122,-1.9143611920854473,0.1880757281398747,-0.07361958999396344,-2.687155186588638,0.2828307119199974,0.16252777235186924,-2.9227544248450275,-0.48669151735735827,-1.1513642878859804,-2.8289409963040137,0.739979545152948,-0.06542450471270202
Aleksej Pokusevski,Home,OKC,NYK,129,120,1,dd9a73e3-ec57-4adb-872c-363332b6636a,-2.1095831395633122,-1.9143611920854473,0.1880757281398747,-0.07361958999396344,-2.687155186588638,0.2828307119199974,0.16252777235186924,-2.9227544248450275,-0.48669151735735827,-1.1513642878859804,-2.8289409963040137,0.739979545152948,-0.06542450471270202
Shai Gilgeous-Alexander,Away,OKC,DEN,119,93,1,54817867-74f7-4a68-92fb-f6000f9191fb,4.764116125755538,1.5921877432853502,1.1005127269373542,-0.1548901816268212,0.2524860619109122,1.04242854745196,-0.5880494282063101,2.1314688020369927,-1.0794894131760133,4.899453376144631,2.7191045598090255,2.0098218104700423,-0.11933676453302973
Luguentz Dort,Away,OKC,DEN,119,93,1,54817867-74f7-4a68-92fb-f6000f9191fb,-0.5860625137426652,1.5479719922502975,2.013784720152354,1.492745963621905,0.4678876174719794,0.4868204707784228,0.44861295923949823,-0.7314326634329423,0.4409488900806063,-1.1513642878859804,1.1373940387564825,1.0346574619384086,1.4668395265282548
Jalen Williams,Away,OKC,DEN,119,93,1,54817867-74f7-4a68-92fb-f6000f9191fb,1.4051728232556986,4.193872428668082,-0.6326764821136559,-0.4798306281504608,2.0650998026953142,0.42904959082894556,-0.5056065549064587,0.4976023125568929,0.3458252677915458,0.3305801125490021,1.5698099442262452,1.0121036236754646,0.5017587172324349
Chet Holmgren,Away,OKC,DEN,119,93,1,54817867-74f7-4a68-92fb-f6000f9191fb,3.579028902133111,0.3438225773254667,-1.236849499893554,-0.1680228426983696,2.5947266343705677,0.3404016488602041,2.5221845572620962,2.445336715755821,-0.548564860380915,1.0333367887444425,1.7408796208519315,1.0222078464054822,-0.5519299661302282
Josh Giddey,Away,OKC,DEN,119,93,1,54817867-74f7-4a68-92fb-f6000f9191fb,0.3449318733640775,2.182921822907655,-0.9916897831460352,0.5022437544439464,3.080348972665064,-1.6985168513316202,-0.4982401516214531,0.3116238720858464,-1.1292335254712174,-1.1513642878859804,1.409946673132426,0.679394904052873,0.7507884095482534
Cason Wallace,Away,OKC,DEN,119,93,1,54817867-74f7-4a68-92fb-f6000f9191fb,-0.850568371809484,-0.8445491887839176,-0.12386100442653805,-0.9546536282377895,0.39241077480975534,1.2630301962734385,-0.505104392269457,-0.3492374143624491,0.02836198672916646,-1.1513642878859804,0.011202839453752826,-0.5000588577428506,-0.19194711851432672
Jaylin Williams,Away,OKC,DEN,119,93,1,54817867-74f7-4a68-92fb-f6000f9191fb,-1.5805714234296744,1.2142285301768665,0.8568175888074123,-1.2607372109575907,3.779881191338728,0.9638038466249618,-2.8026774232760125,-1.644569967753868,2.3392352832122185,-1.1513642878859804,0.07449321130413296,1.0941401756880198,0.4859501599854463
Kenrich Williams,Away,OKC,DEN,119,93,1,54817867-74f7-4a68-92fb-f6000f9191fb,0.057749478105899144,-0.573176910529388,1.5401206442198625,0.418768318203319,-0.4837845164920808,-0.9800862776460612,0.6470694903138382,-0.3313087931701719,0.7181048122355802,-1.1513642878859804,0.16077779548643722,-1.191086422569119,0.11980294982142914
Vasilije MiciÄ,Away,OKC,DEN,119,93,1,54817867-74f7-4a68-92fb-f6000f9191fb,-0.990686126669687,-0.5261809059582749,-0.17775143041698838,-1.1106631900577126,-0.7546281315912242,1.5829946842006044,0.4144499580356142,-0.8714898348175569,1.2802934243695188,-1.1513642878859804,-0.1109227919849909,-0.49883083461985683,0.6229348590560102
Isaiah Joe,Away,OKC,DEN,119,93,1,54817867-74f7-4a68-92fb-f6000f9191fb,0.16376698770501122,-1.4106516337804031,0.008488952960142656,-0.5729620113936879,-1.3793442540163985,-0.09532106360473198,-0.4228380692198188,0.0707388971303145,1.3923409459072025,-1.1513642878859804,0.4117198926379941,-0.08662046162966505,1.0453402217463936
Aaron Wiggins,Away,OKC,DEN,119,93,1,54817867-74f7-4a68-92fb-f6000f9191fb,-0.4103886574013892,-0.8703548644430931,-0.6873114480407119,0.797634454247232,2.492944840608672,-2.47161091710416,0.6870599934685193,1.9177857735307309,-0.6861291276935267,-1.1513642878859804,0.6149603455014191,0.419662536982724,0.9585274660595429
Lindy Waters III,Away,OKC,DEN,119,93,1,54817867-74f7-4a68-92fb-f6000f9191fb,-0.955130025188614,-1.9143611920854473,0.1880757281398747,-0.07361958999396344,0.34836371720625153,-0.661088146339553,-1.9196555859128317,1.89509791374936,1.5873063114422934,-1.1513642878859804,0.7362643063397626,0.8278616606925372,-0.7622472621792001
Olivier Sarr,Away,OKC,DEN,119,93,1,54817867-74f7-4a68-92fb-f6000f9191fb,-2.0038781877335152,-1.9143611920854473,0.1880757281398747,-0.07361958999396344,0.34836371720625153,-0.661088146339553,-1.9196555859128317,0.19705052657453484,-1.0846955158901352,0.8141075583671759,-0.24906354582654588,0.8771923466919778,-0.5718022243837401
DÄvis BertÄns,Away,OKC,DEN,119,93,1,54817867-74f7-4a68-92fb-f6000f9191fb,-2.1095831395633122,-1.9143611920854473,0.1880757281398747,-0.07361958999396344,-2.687155186588638,0.2828307119199974,0.16252777235186924,-2.9227544248450275,-0.48669151735735827,-1.1513642878859804,-2.8289409963040137,0.739979545152948,-0.06542450471270202
Tre Mann,Away,OKC,DEN,119,93,1,54817867-74f7-4a68-92fb-f6000f9191fb,-2.1095831395633122,-1.9143611920854473,0.1880757281398747,-0.07361958999396344,-2.687155186588638,0.2828307119199974,0.16252777235186924,-2.9227544248450275,-0.48669151735735827,-1.1513642878859804,-2.8289409963040137,0.739979545152948,-0.06542450471270202
Shai Gilgeous-Alexander,Home,OKC,BRK,124,108,1,74ea0514-a5bc-44aa-9898-cb4af443c7ec,2.0275281098414557,0.9547272473917664,-0.9936806253197675,-1.5790547811145235,-0.2196802964929705,-0.03324829167493927,-0.9741497034754724,0.830867502937468,-0.8284239364284043,4.637909274351162,1.846944901518718,0.12939604469999982,0.14159764998690882
Chet Holmgren,Home,OKC,BRK,124,108,1,74ea0514-a5bc-44aa-9898-cb4af443c7ec,2.522884750415389,1.181200635210557,-1.8547504007918953,0.5345970634208328,3.5358547324709706,1.978279969584478,-1.7226552587474733,2.1453169357948214,-0.053470482289199844,0.3305801125490021,1.6224781192116042,1.00681338084026,0.3575221329282096
Luguentz Dort,Home,OKC,BRK,124,108,1,74ea0514-a5bc-44aa-9898-cb4af443c7ec,2.849338408282236,0.0639181163095217,-0.2476954834430928,-1.33365494738986,0.3206727815876957,0.9912427616445962,-0.5515655267043355,2.879063663663041,-0.0988064086749059,-1.1513642878859804,1.3300551886414878,1.3066191286301467,0.06021109814598062
Jalen Williams,Home,OKC,BRK,124,108,1,74ea0514-a5bc-44aa-9898-cb4af443c7ec,1.7635782880362794,1.4558765401387321,-1.9254916871459722,-0.3655758776958575,-0.1374406403675429,1.002815829384364,-0.2683723286765162,0.42178328232520573,-0.5983792046430393,1.06986969007548,1.6123972352209395,-0.3946398460681132,0.42176749284287396
Josh Giddey,Home,OKC,BRK,124,108,1,74ea0514-a5bc-44aa-9898-cb4af443c7ec,4.126723769643569,1.6040131813255007,-1.5342719496079573,-1.1077524919928359,1.233605199388751,-0.7897985143730546,-0.5774040159697695,1.1502229792164513,0.20827723079518295,-1.1513642878859804,1.6207002598298859,-0.06485833837927443,-0.23055191583981097
Cason Wallace,Home,OKC,BRK,124,108,1,74ea0514-a5bc-44aa-9898-cb4af443c7ec,0.7888958281767562,-0.4043539383091752,-0.029634606837349153,-0.7270117324092423,0.33621164697296513,0.3337030414946951,0.9220397788113741,1.1500287350902065,0.46593210763397486,1.252566019121709,0.6970298454157358,0.195410585830596,0.4294517223939939
Kenrich Williams,Home,OKC,BRK,124,108,1,74ea0514-a5bc-44aa-9898-cb4af443c7ec,-1.1759478105026524,-1.0925242376726547,-0.09778057047655081,-0.8739006671711417,0.3322828873000565,-0.22054442802109606,-1.44379308753547,-1.0392933369356048,0.5489847887002591,-1.1513642878859804,0.06065223791305131,-0.11384177110414015,0.6148225983511412
Isaiah Joe,Home,OKC,BRK,124,108,1,74ea0514-a5bc-44aa-9898-cb4af443c7ec,-0.27683615103265535,-0.3988400466181011,-1.7458796885840593,2.156926052605491,-1.4396530277748552,-0.09379502197284835,-0.3056526323974773,4.557856345201706,1.0008189639260103,1.557037345428815,0.2442962639176966,0.15176584474787558,0.35761079090987524
Vasilije MiciÄ,Home,OKC,BRK,124,108,1,74ea0514-a5bc-44aa-9898-cb4af443c7ec,-1.7842037008701437,1.993186383752523,0.9376965641851313,-1.635067899658646,0.43826190633394524,-1.3217307643530827,0.39634938244032025,2.681483975858192,-2.098385932311791,-1.1513642878859804,-0.3383904388086282,0.8769048989226369,-0.22562634949096613
Aaron Wiggins,Home,OKC,BRK,124,108,1,74ea0514-a5bc-44aa-9898-cb4af443c7ec,-2.1095831395633122,0.18481507092512253,-3.552030969840613,4.679425377449983,2.330119836656293,-1.7637964013954872,-0.702169792887911,-2.645659220040716,-0.5320276604933734,-1.1513642878859804,-0.538045566817074,-0.6569752933163939,0.7490236208216776
Jaylin Williams,Home,OKC,BRK,124,108,1,74ea0514-a5bc-44aa-9898-cb4af443c7ec,-1.387601192654573,-0.01902853625111808,-0.4499963656283302,-1.8372083097989231,2.7553811543887057,0.22197085763013139,1.7576209550388542,-0.34293317795094336,-0.13740777260634127,0.9097691256499514,0.2801818128282993,0.16783318823586627,-0.7551925206970599
Lindy Waters III,Home,OKC,BRK,124,108,1,74ea0514-a5bc-44aa-9898-cb4af443c7ec,-1.2196358832554328,-1.9143611920854473,0.1880757281398747,-0.07361958999396344,-2.0680939565655576,-0.03994595822299486,0.10985878700481588,6.292441429170696,0.6950511823466076,-1.1513642878859804,0.6738652817156278,2.672302635185553,-2.813858282933794
DÄvis BertÄns,Home,OKC,BRK,124,108,1,74ea0514-a5bc-44aa-9898-cb4af443c7ec,-2.1095831395633122,-1.9143611920854473,0.1880757281398747,-0.07361958999396344,-2.687155186588638,0.2828307119199974,0.16252777235186924,-2.9227544248450275,-0.48669151735735827,-1.1513642878859804,-2.8289409963040137,0.739979545152948,-0.06542450471270202
Tre Mann,Home,OKC,BRK,124,108,1,74ea0514-a5bc-44aa-9898-cb4af443c7ec,-2.1095831395633122,-1.9143611920854473,0.1880757281398747,-0.07361958999396344,-2.687155186588638,0.2828307119199974,0.16252777235186924,-2.9227544248450275,-0.48669151735735827,-1.1513642878859804,-2.8289409963040137,0.739979545152948,-0.06542450471270202
Aleksej Pokusevski,Home,OKC,BRK,124,108,1,74ea0514-a5bc-44aa-9898-cb4af443c7ec,-2.1095831395633122,-1.9143611920854473,0.1880757281398747,-0.07361958999396344,-2.687155186588638,0.2828307119199974,0.16252777235186924,-2.9227544248450275,-0.48669151735735827,-1.1513642878859804,-2.8289409963040137,0.739979545152948,-0.06542450471270202
Luguentz Dort,Home,OKC,BOS,127,123,1,b0ffd0b3-c410-494c-a9b5-9f3490b3d023,1.6605142781603996,-0.5522886278445515,0.9178146613245456,-0.11257522685226191,4.1483335100085945,0.09421480718068555,4.180264902022587,-0.5184743566008535,0.4935485152698398,-1.1513642878859804,1.316327911035673,-0.33191161234484357,0.5140566837504617
Shai Gilgeous-Alexander,Home,OKC,BOS,127,123,1,b0ffd0b3-c410-494c-a9b5-9f3490b3d023,5.4081715960964285,2.268048165706897,0.16739771819407662,-2.312286831433427,0.8999651148403642,-0.0956620567296593,-1.6511648923845303,1.7245251928030116,-0.7597265453419266,2.7685683738858358,2.1626773241916135,0.22620992031480533,-0.7902559387102374
Chet Holmgren,Home,OKC,BOS,127,123,1,b0ffd0b3-c410-494c-a9b5-9f3490b3d023,1.9513700472629056,1.0536887310361018,-1.1922930514363725,-1.5929298725316405,1.2958161243573325,4.000861754227149,1.1388009041063174,1.8093655726405637,0.26860644580623333,0.36430768645319694,1.1865043605467864,0.6392633452757451,-0.7593151021832341
Jalen Williams,Home,OKC,BOS,127,123,1,b0ffd0b3-c410-494c-a9b5-9f3490b3d023,1.3152666023564772,3.312001620355965,0.16398355936170833,3.4547799341592964,-0.6254233241918886,2.022232832100318,0.7918576831892955,2.105467855647324,-0.7005446310977909,1.154449440491324,1.223557972486733,-0.33259074068708394,-0.1918522931779216
Josh Giddey,Home,OKC,BOS,127,123,1,b0ffd0b3-c410-494c-a9b5-9f3490b3d023,3.941531165087591,1.6563032137817786,-2.067342227172901,-0.7024544474836524,2.5729425515091386,-0.8905513966624693,-1.512062153738058,1.7263550395442888,0.08895366725419343,1.5570361240659725,1.8313051152320274,0.7337926506249584,-0.19231027679036933
Cason Wallace,Home,OKC,BOS,127,123,1,b0ffd0b3-c410-494c-a9b5-9f3490b3d023,-0.6297505864954456,0.8244446373806968,0.9597228964856389,-0.9106004058544687,-1.0923430165023433,-0.9117574023536932,1.0654213655960199,2.524840057373931,0.36874634848990806,-1.1513642878859804,-0.4074328370296609,-0.6887704604616887,-1.4612433920686418
Kenrich Williams,Home,OKC,BOS,127,123,1,b0ffd0b3-c410-494c-a9b5-9f3490b3d023,-1.4404536685694713,-0.08462557985931808,-0.20842275901296906,-1.2140162843362052,1.9125256946735767,-3.1809435309979657,2.8549290632622433,-0.4036829477550874,-0.11952884975102682,-1.1513642878859804,-0.38592069992743516,-0.753718194582992,0.2683873109636582
Aaron Wiggins,Home,OKC,BOS,127,123,1,b0ffd0b3-c410-494c-a9b5-9f3490b3d023,-1.3347487167396745,-0.23626989821540126,1.5445854671959394,0.07785221110291644,-1.2372085101049872,-0.16500540544524708,-0.45253345685349394,-0.27366377464283503,-0.15483062528874594,1.8366662762807198,-0.05936030250602958,-0.23393408913525443,0.391910833126118
Isaiah Joe,Home,OKC,BOS,127,123,1,b0ffd0b3-c410-494c-a9b5-9f3490b3d023,0.5855761085056022,-1.0959320661700878,-0.6700796479217809,0.8544421332560197,0.4010661166156221,-0.39623620347820354,-1.6017228845643996,2.93856547104222,0.070199874793052,-1.1513642878859804,0.2942325345448346,-0.24149438274024074,-0.7025048397447812
Vasilije MiciÄ,Home,OKC,BOS,127,123,1,b0ffd0b3-c410-494c-a9b5-9f3490b3d023,-0.3468741348211227,1.2089262405742842,-0.804998094266748,-2.8481432748354876,-1.1003253726072595,-0.21869128705810773,-0.5365223199280942,-0.26383488055145227,1.4579854780121317,-1.1513642878859804,0.1502656184911418,-0.608156270284477,0.6716729466735396
Jaylin Williams,Home,OKC,BOS,127,123,1,b0ffd0b3-c410-494c-a9b5-9f3490b3d023,-0.36524472842862665,-1.1770740848079442,-0.0837896569923024,-0.822677095711373,1.0101832355602693,1.7913778130044276,-0.37935052176311895,1.2115756880963382,0.8875825704600908,-1.1513642878859804,0.36063106388418376,0.5077306923277836,-0.3067097959245972
DÄvis BertÄns,Home,OKC,BOS,127,123,1,b0ffd0b3-c410-494c-a9b5-9f3490b3d023,-2.1095831395633122,-1.9143611920854473,0.1880757281398747,-0.07361958999396344,-2.687155186588638,0.2828307119199974,0.16252777235186924,-2.9227544248450275,-0.48669151735735827,-1.1513642878859804,-2.8289409963040137,0.739979545152948,-0.06542450471270202
Tre Mann,Home,OKC,BOS,127,123,1,b0ffd0b3-c410-494c-a9b5-9f3490b3d023,-2.1095831395633122,-1.9143611920854473,0.1880757281398747,-0.07361958999396344,-2.687155186588638,0.2828307119199974,0.16252777235186924,-2.9227544248450275,-0.48669151735735827,-1.1513642878859804,-2.8289409963040137,0.739979545152948,-0.06542450471270202
Aleksej Pokusevski,Home,OKC,BOS,127,123,1,b0ffd0b3-c410-494c-a9b5-9f3490b3d023,-2.1095831395633122,-1.9143611920854473,0.1880757281398747,-0.07361958999396344,-2.687155186588638,0.2828307119199974,0.16252777235186924,-2.9227544248450275,-0.48669151735735827,-1.1513642878859804,-2.8289409963040137,0.739979545152948,-0.06542450471270202
Shai Gilgeous-Alexander,Away,OKC,ATL,138,141,0,1d391e05-b73b-4847-9528-0b3022aa6112,4.289834553398108,1.9913522353267732,-1.58371077143324,-1.8483954974905334,4.658333780996657,-0.7255443459042834,-2.819080040316553,0.8593269212916422,-0.7781828696810797,4.598691434822678,2.208867653360903,-0.5540643292200559,-0.2604740172991326
Jalen Williams,Away,OKC,ATL,138,141,0,1d391e05-b73b-4847-9528-0b3022aa6112,1.726837100821272,4.294689699478253,1.9454484938782117,0.3991385924730973,-0.31212256408878364,-0.6440332511330387,0.19832895405949882,2.364977759338644,-1.2068120388323649,1.3497192976033743,1.4261831554020874,0.17644753756117157,-0.5624675643592109
Luguentz Dort,Away,OKC,ATL,138,141,0,1d391e05-b73b-4847-9528-0b3022aa6112,0.815044048003384,-0.04167173459583642,-0.20598049538239846,-1.2207700462599478,0.7978218213320891,-1.9426737789533264,2.0121476098492854,1.6059818863998856,0.02276047061756323,3.787354892703462,0.9649055411931511,0.4341463889803499,0.3801502408157467
Chet Holmgren,Away,OKC,ATL,138,141,0,1d391e05-b73b-4847-9528-0b3022aa6112,1.519211437566262,0.5517779240511929,-2.204244439229821,1.9557313023411016,-0.22456926511745504,-0.2015599085859546,-1.0103226636286984,1.0433018749639051,0.31711992191035693,-1.1513642878859804,0.7361213518980808,-1.1287844489884686,0.25543994978532975
Josh Giddey,Away,OKC,ATL,138,141,0,1d391e05-b73b-4847-9528-0b3022aa6112,0.5507816684288923,1.4920488129140599,-0.5270967763459515,0.34642570374534354,0.2535218102942366,-1.5304454120981033,1.36337939445908,1.049085942170133,0.12582323990963865,0.4624242650835819,0.6312558649523797,-0.34624908895184725,-0.11464333484852762
Aaron Wiggins,Away,OKC,ATL,138,141,0,1d391e05-b73b-4847-9528-0b3022aa6112,0.48650548444426256,-0.14439828579078845,0.9892562062042424,-0.44715182584342344,0.5763574836678123,0.2962545715094514,0.7179872232308698,3.3191919924397792,-1.2632464473026301,-1.1513642878859804,0.3458288954499017,0.045095017179628744,-1.3912032680818494
Lindy Waters III,Away,OKC,ATL,138,141,0,1d391e05-b73b-4847-9528-0b3022aa6112,1.3537762035607828,-0.5179518517017867,-0.7459553577959784,0.32456063110966044,-0.06113205476510199,-0.2535895121393205,-1.1562475754382884,1.8291228649864286,1.5981006312365829,-1.1513642878859804,0.38013212049538686,-0.1695103848944941,0.3177238077185396
Cason Wallace,Away,OKC,ATL,138,141,0,1d391e05-b73b-4847-9528-0b3022aa6112,2.374745890843735,0.10484002584946486,0.9943499800531845,-0.5018463354824642,-1.3294646409560484,-0.14673414593824044,-0.32103550096893757,1.8862307082482497,0.8548753811621909,1.154449440491324,0.3676360977723585,-0.9059590459672442,-1.7297297708705164
Isaiah Joe,Away,OKC,ATL,138,141,0,1d391e05-b73b-4847-9528-0b3022aa6112,0.8145258650913481,0.7572179023160523,-0.05967573592038953,1.3246302361804918,-1.067722189827391,-0.8970892457547741,1.0141391504687098,0.5680704463471754,0.5664466298273587,-1.1513642878859804,0.4560855620663505,-1.1905354532770573,0.1596163630875691
Jaylin Williams,Away,OKC,ATL,138,141,0,1d391e05-b73b-4847-9528-0b3022aa6112,-0.955130025188614,1.5623934272716566,2.4904610643187626,0.030586625570854623,0.17350777698688793,-0.3128838179223887,-1.4280144104139871,2.1524006039247925,1.5452084642445654,-1.1513642878859804,-0.5395064491836631,-0.3997902712812895,-1.1510893204155928
DÄvis BertÄns,Away,OKC,ATL,138,141,0,1d391e05-b73b-4847-9528-0b3022aa6112,-2.1095831395633122,-1.9143611920854473,0.1880757281398747,-0.07361958999396344,-2.687155186588638,0.2828307119199974,0.16252777235186924,-2.9227544248450275,-0.48669151735735827,-1.1513642878859804,-2.8289409963040137,0.739979545152948,-0.06542450471270202
Tre Mann,Away,OKC,ATL,138,141,0,1d391e05-b73b-4847-9528-0b3022aa6112,-2.1095831395633122,-1.9143611920854473,0.1880757281398747,-0.07361958999396344,-2.687155186588638,0.2828307119199974,0.16252777235186924,-2.9227544248450275,-0.48669151735735827,-1.1513642878859804,-2.8289409963040137,0.739979545152948,-0.06542450471270202
Vasilije MiciÄ,Away,OKC,ATL,138,141,0,1d391e05-b73b-4847-9528-0b3022aa6112,-2.1095831395633122,-1.9143611920854473,0.1880757281398747,-0.07361958999396344,-2.687155186588638,0.2828307119199974,0.16252777235186924,-2.9227544248450275,-0.48669151735735827,-1.1513642878859804,-2.8289409963040137,0.739979545152948,-0.06542450471270202
Olivier Sarr,Away,OKC,ATL,138,141,0,1d391e05-b73b-4847-9528-0b3022aa6112,-2.1095831395633122,-1.9143611920854473,0.1880757281398747,-0.07361958999396344,-2.687155186588638,0.2828307119199974,0.16252777235186924,-2.9227544248450275,-0.48669151735735827,-1.1513642878859804,-2.8289409963040137,0.739979545152948,-0.06542450471270202
Kenrich Williams,Away,OKC,ATL,138,141,0,1d391e05-b73b-4847-9528-0b3022aa6112,-2.1095831395633122,-1.9143611920854473,0.1880757281398747,-0.07361958999396344,-2.687155186588638,0.2828307119199974,0.16252777235186924,-2.9227544248450275,-0.48669151735735827,-1.1513642878859804,-2.8289409963040137,0.739979545152948,-0.06542450471270202
Shai Gilgeous-Alexander,Away,OKC,BRK,115,124,0,1f7a8797-9003-48c9-9e14-246e814a5bfe,4.31698952580967,2.131021498354301,-1.4798950188334619,-1.4834683825140231,2.5267409709848043,-0.6695093953608757,-1.4530531835563336,1.1436219381909056,-0.599295784225403,5.927270708594115,1.955476343488103,-0.8957311647591935,-1.442160642457934
Jalen Williams,Away,OKC,BRK,115,124,0,1f7a8797-9003-48c9-9e14-246e814a5bfe,2.336548847408745,1.7836244384796403,-2.0029516705918646,-0.14402150663013402,0.8361214224564657,0.9019566535651604,-0.8562418573479961,1.9715403098086737,-0.49159592960491133,1.0470190698052577,1.4028962154040259,-0.059788538693272934,-0.36297124972045236
Chet Holmgren,Away,OKC,BRK,115,124,0,1f7a8797-9003-48c9-9e14-246e814a5bfe,1.8420608008657697,0.8355202024972443,0.1804640007917706,-0.29719817356135414,1.989923497268972,-0.8267214167128387,1.929154927047822,0.1929382741733001,-0.5565655971485406,0.22786431929531778,1.2816280164126335,-0.7792988822154528,-0.48572090309749116
Luguentz Dort,Away,OKC,BRK,115,124,0,1f7a8797-9003-48c9-9e14-246e814a5bfe,1.4399672633324085,2.5590751584302884,1.9966372217767032,0.658275487752866,0.5058468726213413,-1.3740690181236532,1.0609997979432502,1.7702452702632547,0.357800273779354,-1.1513642878859804,0.6961950885662231,-0.1255834130609694,-1.1176070885806655
Josh Giddey,Away,OKC,BRK,115,124,0,1f7a8797-9003-48c9-9e14-246e814a5bfe,0.17810986241560425,2.3915910504795677,-0.6046037419057657,-0.46143481205610176,2.9385535820517363,0.8866276415749581,-2.17800386688386,0.25293715555589236,-1.0593760427816146,1.8182944139958042,0.8868759712711444,-0.5869707173740499,-0.9975340157792595
Cason Wallace,Away,OKC,BRK,115,124,0,1f7a8797-9003-48c9-9e14-246e814a5bfe,0.6831908763469595,-0.9674985029550971,1.2439382970217383,0.32707079990614757,-0.629102872207711,-0.821593916988251,0.6081918445097745,0.9418350870971848,0.5049284140417467,-1.1513642878859804,0.2660047632998606,-0.7214037739339091,-0.48178734895025377
Isaiah Joe,Away,OKC,BRK,115,124,0,1f7a8797-9003-48c9-9e14-246e814a5bfe,-0.5321358186540882,-0.707411436125434,-0.8041591633989372,0.4782468767252909,-0.8441290603987374,1.148435906962733,0.3286159701881478,-0.6634472777345173,0.9508583860481754,-1.1513642878859804,0.1454927569507324,-0.8040670640352882,0.6571599028609296
Vasilije MiciÄ,Away,OKC,BRK,115,124,0,1f7a8797-9003-48c9-9e14-246e814a5bfe,-0.868938965416988,0.8220088302634752,1.125106137687072,-1.1321513951138484,-1.3511887138323577,1.6270461456895233,0.9406440134307564,1.3937984625710165,-0.9552483790736341,-1.1513642878859804,0.20449000141550538,0.8098956022766358,-0.9331131487952471
Kenrich Williams,Away,OKC,BRK,115,124,0,1f7a8797-9003-48c9-9e14-246e814a5bfe,-2.0303389653294586,2.1739704912491846,-1.695441627689391,4.029439213449393,-1.2203965949417324,-0.17160266390028958,-0.4685623572418991,-2.8237918517006304,-0.5028829970487922,-1.1513642878859804,-0.6017690969030224,-2.2171830529131826,0.168454666184266
Aaron Wiggins,Away,OKC,BRK,115,124,0,1f7a8797-9003-48c9-9e14-246e814a5bfe,-1.5196978428033248,-0.05582611556167964,-0.36357274086917224,-1.613514113272777,-1.9744544427805537,-0.08876932009336345,0.10189204972542966,0.3238306102015145,0.15226791884336738,-1.1513642878859804,-0.5665286085677576,-0.6460562849588274,-0.0022467539279724144
Lindy Waters III,Away,OKC,BRK,115,124,0,1f7a8797-9003-48c9-9e14-246e814a5bfe,-1.8450772814964933,-1.6887839903584527,0.1708439280209437,-0.13042726900275117,-1.9744544427805537,-0.08876932009336345,0.10189204972542966,-2.277930435878009,2.442860753237396,-1.1513642878859804,-1.046583472485352,-2.1084374714242142,1.502667986204853
Jaylin Williams,Away,OKC,BRK,115,124,0,1f7a8797-9003-48c9-9e14-246e814a5bfe,-1.8450772814964933,-1.6887839903584527,0.1708439280209437,-0.13042726900275117,-1.9744544427805537,-0.08876932009336345,0.10189204972542966,-2.277930435878009,2.442860753237396,-1.1513642878859804,-0.9331774897966034,-3.1820178034473923,2.0111796253447074
DÄvis BertÄns,Away,OKC,BRK,115,124,0,1f7a8797-9003-48c9-9e14-246e814a5bfe,-1.8450772814964933,-1.9143611920854473,0.1880757281398747,-0.07361958999396344,-1.9744544427805537,-0.08876932009336345,0.10189204972542966,-2.277930435878009,2.442860753237396,-1.1513642878859804,0.3842699839899916,-4.909359890515844,3.8080094071824444
Tre Mann,Away,OKC,BRK,115,124,0,1f7a8797-9003-48c9-9e14-246e814a5bfe,-2.1095831395633122,-1.9143611920854473,0.1880757281398747,-0.07361958999396344,-2.687155186588638,0.2828307119199974,0.16252777235186924,-2.9227544248450275,-0.48669151735735827,-1.1513642878859804,-2.8289409963040137,0.739979545152948,-0.06542450471270202
Aleksej Pokusevski,Away,OKC,BRK,115,124,0,1f7a8797-9003-48c9-9e14-246e814a5bfe,-2.1095831395633122,-1.9143611920854473,0.1880757281398747,-0.07361958999396344,-2.687155186588638,0.2828307119199974,0.16252777235186924,-2.9227544248450275,-0.48669151735735827,-1.1513642878859804,-2.8289409963040137,0.739979545152948,-0.06542450471270202
Shai Gilgeous-Alexander,Away,OKC,WAS,136,128,1,d236a6ca-1083-458f-bfbd-3ef35f3b94c6,3.6822728578462356,3.923888121320491,0.8269878612277303,0.5798773519086236,1.6175511872103079,0.2693125218268709,-0.22595231310244202,1.7658906242292047,-0.9029808564382479,4.362695631242168,1.9545828036526542,-0.06286375377250239,-0.4908815067474511
Jalen Williams,Away,OKC,WAS,136,128,1,d236a6ca-1083-458f-bfbd-3ef35f3b94c6,1.8060812750551252,4.99016928958226,-1.1524663667272257,-0.4687979983728716,1.7959194899375648,-0.757205975222158,-1.036712847685676,2.183136740377977,-1.160587535794402,1.05020057569654,1.9253264431119606,1.107102982705184,0.9568875351050402
Chet Holmgren,Away,OKC,WAS,136,128,1,d236a6ca-1083-458f-bfbd-3ef35f3b94c6,4.415118542629402,0.47459570679802354,-0.4430027301975487,-1.8787245799359802,1.2012292905800044,1.2450141558478176,0.8576007113037777,2.98833249165928,-0.5994736651837764,3.0859141828934873,1.591091481081228,0.580569341067843,-1.181609292918259
Luguentz Dort,Away,OKC,WAS,136,128,1,d236a6ca-1083-458f-bfbd-3ef35f3b94c6,-0.5067492602318235,0.3495910503304786,-1.3426413795174867,0.9215404195574073,0.154306252285309,0.895035926334768,-0.45762582117602474,-0.15330198417136603,0.5942194681707333,2.364067882627321,0.40183851823604816,-1.1961535106065389,0.502335659039667
Josh Giddey,Away,OKC,WAS,136,128,1,d236a6ca-1083-458f-bfbd-3ef35f3b94c6,0.6817350201269774,3.408561135393736,0.5370839189293308,-1.6058382800414082,1.6238482500197615,-0.9223851645099941,-0.8806533395207172,0.052688595193341986,-0.26539946254250496,-1.1513642878859804,1.358913172830446,0.9864232038656272,1.238000071478446
Cason Wallace,Away,OKC,WAS,136,128,1,d236a6ca-1083-458f-bfbd-3ef35f3b94c6,0.057749478105899144,0.938759269117053,1.324701326427636,0.9228164716887834,0.8082100258953292,2.5428699559829644,2.2187785002083698,-0.30491877366499937,0.7137870843178645,-1.1513642878859804,0.3614228120973971,-0.6716870601100566,-0.4221468315868971
Aaron Wiggins,Away,OKC,WAS,136,128,1,d236a6ca-1083-458f-bfbd-3ef35f3b94c6,0.565749658678116,-0.45145507008729496,0.5760815898197376,1.0779084527296652,1.5290977364085236,-1.7325898004413438,0.690994751270697,2.5216086823478885,-1.111845240732507,-1.1513642878859804,0.5020734863759269,-0.5088109598634782,-0.3300143106015974
Isaiah Joe,Away,OKC,WAS,136,128,1,d236a6ca-1083-458f-bfbd-3ef35f3b94c6,2.9737265114888523,-0.24738870332003265,-0.82526629170394,-0.5486334927368572,0.7669220266058544,-1.0229838390525952,-0.22489781197162706,2.159802621937507,0.6001687801391958,-1.1513642878859804,0.7405359819815307,-0.3225530494005154,-0.9189005619256213
Kenrich Williams,Away,OKC,WAS,136,128,1,d236a6ca-1083-458f-bfbd-3ef35f3b94c6,-1.4404536685694713,0.8370475752841675,0.04520307650920149,0.9396592822062843,0.6175183013125374,-1.9550173687650487,1.6665079682440522,-0.6477906281779333,-0.07958986651215645,-1.1513642878859804,-0.12322900975251533,-0.5571004294098663,0.5269971663277592
Tre Mann,Away,OKC,WAS,136,128,1,d236a6ca-1083-458f-bfbd-3ef35f3b94c6,-2.1095831395633122,-1.9143611920854473,0.1880757281398747,-0.07361958999396344,-2.687155186588638,0.2828307119199974,0.16252777235186924,-2.9227544248450275,-0.48669151735735827,-1.1513642878859804,-2.8289409963040137,0.739979545152948,-0.06542450471270202
Vasilije MiciÄ,Away,OKC,WAS,136,128,1,d236a6ca-1083-458f-bfbd-3ef35f3b94c6,-2.1095831395633122,-1.9143611920854473,0.1880757281398747,-0.07361958999396344,-2.687155186588638,0.2828307119199974,0.16252777235186924,-2.9227544248450275,-0.48669151735735827,-1.1513642878859804,-2.8289409963040137,0.739979545152948,-0.06542450471270202
Aleksej Pokusevski,Away,OKC,WAS,136,128,1,d236a6ca-1083-458f-bfbd-3ef35f3b94c6,-2.1095831395633122,-1.9143611920854473,0.1880757281398747,-0.07361958999396344,-2.687155186588638,0.2828307119199974,0.16252777235186924,-2.9227544248450275,-0.48669151735735827,-1.1513642878859804,-2.8289409963040137,0.739979545152948,-0.06542450471270202
Lindy Waters III,Away,OKC,WAS,136,128,1,d236a6ca-1083-458f-bfbd-3ef35f3b94c6,-2.1095831395633122,-1.9143611920854473,0.1880757281398747,-0.07361958999396344,-2.687155186588638,0.2828307119199974,0.16252777235186924,-2.9227544248450275,-0.48669151735735827,-1.1513642878859804,-2.8289409963040137,0.739979545152948,-0.06542450471270202
Jaylin Williams,Away,OKC,WAS,136,128,1,d236a6ca-1083-458f-bfbd-3ef35f3b94c6,-2.1095831395633122,-1.9143611920854473,0.1880757281398747,-0.07361958999396344,-2.687155186588638,0.2828307119199974,0.16252777235186924,-2.9227544248450275,-0.48669151735735827,-1.1513642878859804,-2.8289409963040137,0.739979545152948,-0.06542450471270202
Jalen Williams,Away,OKC,MIA,128,120,1,5b9c4483-8cbb-4093-b2bd-3019245288f6,2.088957726729448,3.4186947940614663,-0.7372403707155454,-2.890685568694848,2.671222187301801,-0.7469994899360352,-1.5299338836445298,0.8366433506922742,-0.7335658908897441,1.0180060733334448,1.8102151797520583,0.8070579874991476,0.08757408130082373
Shai Gilgeous-Alexander,Away,OKC,MIA,128,120,1,5b9c4483-8cbb-4093-b2bd-3019245288f6,3.841386321852573,3.321987188290815,-1.260668791096114,-0.9787854422802423,-0.6216349132201803,0.9444654894905942,-0.0140023826137914,1.4533366069063012,-0.6032311233282989,2.0599734054565992,1.8051369765329164,-0.32003952393704044,-0.993152480429019
Chet Holmgren,Away,OKC,MIA,128,120,1,5b9c4483-8cbb-4093-b2bd-3019245288f6,2.951751623314009,0.5300979419954504,-1.0912565312584919,0.09591825959248555,3.8010080787278153,2.8909653718581456,-1.1991226863722984,1.146159323677096,-0.5267933157059161,0.9351048473049747,1.5884962794901507,-0.20055026160279243,-0.2736584784428331
Luguentz Dort,Away,OKC,MIA,128,120,1,5b9c4483-8cbb-4093-b2bd-3019245288f6,1.5188988797969465,-1.2376295869044633,0.13638032778308173,-0.24404262702032659,-0.9238058669748413,-0.11651245780281651,-0.5909398807258833,0.9683860153559899,-0.06176655282288094,1.2446398457608532,0.7394343126499349,-1.0264855225514462,-0.09695429122192449
Josh Giddey,Away,OKC,MIA,128,120,1,5b9c4483-8cbb-4093-b2bd-3019245288f6,-0.11942202173862701,0.6656692055664224,-0.38051337673320706,1.315591848024749,2.2871456060030217,-0.40154392359243724,-2.734233670357477,1.496043918521531,-0.2229708806139962,1.4273361748070825,0.6801622034808035,0.23676264581892362,0.15579230822647935
Isaiah Joe,Away,OKC,MIA,128,120,1,5b9c4483-8cbb-4093-b2bd-3019245288f6,1.679155642253951,-1.15353843466051,-0.5402794963662378,0.6789183211795798,-0.5607239863011925,-0.8976383863909886,0.6517218440388612,1.9379018721894565,1.1016171192806972,-1.1513642878859804,0.40858695017767865,-0.6271474919569683,-0.45920039965427917
Cason Wallace,Away,OKC,MIA,128,120,1,5b9c4483-8cbb-4093-b2bd-3019245288f6,0.5247025278792526,-0.46903546459172923,-0.8264473257070433,0.40775617939772596,-0.42966800709329833,-1.0145915141125916,0.6915435861069671,2.021003429067251,0.896869479662185,-1.1513642878859804,0.4363409668279644,0.18714680125804095,0.52342365328776
Kenrich Williams,Away,OKC,MIA,128,120,1,5b9c4483-8cbb-4093-b2bd-3019245288f6,-0.30437114780227714,0.11740557011534258,-1.7866499669414084,1.064292962326073,2.4063245442731613,-1.3826572639606076,-1.136266105071154,2.190069187415207,-0.13554747206969123,-1.1513642878859804,0.42546426301792495,0.2477299387254862,0.10150425239052917
Vasilije MiciÄ,Away,OKC,MIA,128,120,1,5b9c4483-8cbb-4093-b2bd-3019245288f6,-1.4588242621769751,1.419022588811152,0.7782430798857476,-1.6995851792952494,-1.327349121704924,-0.1302112363505687,-0.40128814795270407,2.6023139173426744,-2.0854327485586435,-1.1513642878859804,0.14559862461280576,1.5347775338608545,0.364311258624898
Jaylin Williams,Away,OKC,MIA,128,120,1,5b9c4483-8cbb-4093-b2bd-3019245288f6,-0.955130025188614,0.446041593683361,-0.5230199847562208,-2.0717197324805237,-0.3685348700244485,-0.3021486999828441,-1.0653708193527742,2.1985831380588445,1.5376524403885627,-1.1513642878859804,-0.19653674081233344,0.7319670497499432,-0.5165319904732667
Aaron Wiggins,Away,OKC,MIA,128,120,1,5b9c4483-8cbb-4093-b2bd-3019245288f6,-1.5464711781685834,-1.6887839903584527,0.1708439280209437,-0.13042726900275117,-2.0316785900936116,-0.058932821172582646,0.10676061139616569,-1.5662279825842014,-0.8823289552348211,-1.1513642878859804,-0.35642403198252987,-2.4452750974244553,0.9631299165081416
Tre Mann,Away,OKC,MIA,128,120,1,5b9c4483-8cbb-4093-b2bd-3019245288f6,-2.1095831395633122,-1.9143611920854473,0.1880757281398747,-0.07361958999396344,-2.687155186588638,0.2828307119199974,0.16252777235186924,-2.9227544248450275,-0.48669151735735827,-1.1513642878859804,-2.8289409963040137,0.739979545152948,-0.06542450471270202
Aleksej Pokusevski,Away,OKC,MIA,128,120,1,5b9c4483-8cbb-4093-b2bd-3019245288f6,-2.1095831395633122,-1.9143611920854473,0.1880757281398747,-0.07361958999396344,-2.687155186588638,0.2828307119199974,0.16252777235186924,-2.9227544248450275,-0.48669151735735827,-1.1513642878859804,-2.8289409963040137,0.739979545152948,-0.06542450471270202
Lindy Waters III,Away,OKC,MIA,128,120,1,5b9c4483-8cbb-4093-b2bd-3019245288f6,-2.1095831395633122,-1.9143611920854473,0.1880757281398747,-0.07361958999396344,-2.687155186588638,0.2828307119199974,0.16252777235186924,-2.9227544248450275,-0.48669151735735827,-1.1513642878859804,-2.8289409963040137,0.739979545152948,-0.06542450471270202
Josh Giddey,Home,OKC,POR,139,77,1,0c1c57c1-2a56-4ec0-ac9c-7826a6204661,-0.324128518352775,3.0468151828916503,-2.069224486324273,-3.4582278057912594,4.487555933996624,3.4908170887413394,-1.3310653251031157,2.5132042864058657,-2.073011646673891,2.148801738930482,1.899326218308812,4.599998492182122,1.1300213167459112
Shai Gilgeous-Alexander,Home,OKC,POR,139,77,1,0c1c57c1-2a56-4ec0-ac9c-7826a6204661,3.1444783755967833,1.2618852398263658,-1.4547261566304217,-1.0445461605643156,1.2652092218476139,0.44074936139340526,0.3199734408812246,1.8074081506935227,-1.0343556175364015,4.120342225194031,2.919489280189587,3.022070773122402,1.5970245348785217
Chet Holmgren,Home,OKC,POR,139,77,1,0c1c57c1-2a56-4ec0-ac9c-7826a6204661,2.0708996908912596,0.6309474313162518,0.8059145710423963,-1.0251340389400487,0.23435156309250774,-0.8076133458237579,0.042243032333663416,1.4149630301620897,-0.8392208834036367,-0.530082932379714,2.1137788346416317,2.5823734761947765,2.165088547425862
Jalen Williams,Home,OKC,POR,139,77,1,0c1c57c1-2a56-4ec0-ac9c-7826a6204661,1.5683487523535649,0.45378475477419844,-1.0573782450156457,-1.3155371002241303,3.708236121953541,0.10421729162533955,2.908563884097295,3.2704783068003627,-1.4110366541749666,1.0884120014149514,2.191538463518803,3.608611534828693,1.0297774174584866
Luguentz Dort,Home,OKC,POR,139,77,1,0c1c57c1-2a56-4ec0-ac9c-7826a6204661,1.353463645791467,0.22163405232156388,0.5230606970647855,0.7027655263910131,-0.017047907105351576,1.296285866681329,-0.29593369470179676,1.4370140943733092,0.8856758669524559,1.252566019121709,1.5923161411984497,2.647099950789093,2.751962575903481
Ousmane Dieng,Home,OKC,POR,139,77,1,0c1c57c1-2a56-4ec0-ac9c-7826a6204661,1.0522583877929086,0.8084886950147309,0.27980330351121874,-0.12529898777780055,0.8628148139985359,-0.05116454478980317,-1.7907662969018932,-0.19941197557659926,0.27294041882062686,-1.1513642878859804,0.9366387172424633,-0.2962419205459093,0.9154241432126217
Tre Mann,Home,OKC,POR,139,77,1,0c1c57c1-2a56-4ec0-ac9c-7826a6204661,1.1501439261203132,0.32216464092850283,-1.2245604450357006,-0.689312342089549,2.129028926301024,-1.0319550634573211,-1.073991766884546,3.6890434310941056,0.5756237610747544,-1.1513642878859804,0.722548988171629,1.5863477686667382,-0.21662222291808186
Jaylin Williams,Home,OKC,POR,139,77,1,0c1c57c1-2a56-4ec0-ac9c-7826a6204661,0.3578114376537911,0.33624619954957846,-0.1645670390620773,1.688251568293018,0.0519814453637856,-0.09319420467407061,-1.3441679115194711,0.39710899841137837,0.9487901423030021,-1.1513642878859804,0.6293835017603346,0.09656810335775579,1.0668863236723984
Keyontae Johnson,Home,OKC,POR,139,77,1,0c1c57c1-2a56-4ec0-ac9c-7826a6204661,-1.0358300556424493,0.20812526840424506,-1.630819224469626,0.8863223800802588,-0.1731233079880495,-0.8837725022583066,0.3955258096829918,-0.6233473194343017,-0.533800963842348,-1.1513642878859804,0.4321269665165943,-0.19783702932594896,1.3626785197445133
Cason Wallace,Home,OKC,POR,139,77,1,0c1c57c1-2a56-4ec0-ac9c-7826a6204661,-0.8057370006060369,-1.1501187018028503,-0.07502694062526288,-0.812327084736644,1.5884331322963972,-1.0130349087836041,-0.7232302867912525,-0.8405862521332996,0.8439262874126572,1.4273361748070825,0.4374378609657287,0.323904640235086,1.4312757932260394
Lindy Waters III,Home,OKC,POR,139,77,1,0c1c57c1-2a56-4ec0-ac9c-7826a6204661,0.27856726341993765,-0.11411048917341918,-1.0191404739028946,-0.11687667290587431,-0.15535220068834563,1.6077733648041916,0.02921380474943791,1.0545373630318662,1.1939496543344346,-1.1513642878859804,0.2994347126170379,-0.1728947602236131,-0.24907062484163484
Kenrich Williams,Home,OKC,POR,139,77,1,0c1c57c1-2a56-4ec0-ac9c-7826a6204661,-1.1759478105026524,-1.9143611920854473,0.1880757281398747,-0.07361958999396344,-2.213755422453341,0.03600149357535627,0.12225148943941667,-1.2240234734718127,0.5792088841242691,-1.1513642878859804,-0.1612577518347879,-0.9867520372246029,1.5791316411295713
Vasilije MiciÄ,Home,OKC,POR,139,77,1,0c1c57c1-2a56-4ec0-ac9c-7826a6204661,-2.0038781877335152,-0.8653460736035511,-0.18753099933440825,-1.116774242329438,-1.4004566809433936,-0.08111911296433376,-0.4506693444754575,0.1244779729353104,-1.072821764116417,0.8141075583671759,-0.5232546282274673,0.6302619367002571,0.30099116320101493
Aaron Wiggins,Home,OKC,POR,139,77,1,0c1c57c1-2a56-4ec0-ac9c-7826a6204661,-1.9510947910956054,-0.5602842395619126,2.436473149579627,0.9407729688122819,-2.2969905458177893,0.07940003746012833,0.12933303368775997,-2.9227544248450275,-0.48669151735735827,-1.1513642878859804,-0.5159191093660894,-0.6736871649353294,1.1608342810247627
Isaiah Joe,Home,OKC,POR,139,77,1,0c1c57c1-2a56-4ec0-ac9c-7826a6204661,-2.1095831395633122,0.07587597201342616,2.23623286975978,0.327238061072698,-1.3267661694842037,-0.09082384656433373,-0.5771533037911303,-1.4317183228027792,-0.7306431447082962,-1.1513642878859804,-0.7183372810876824,1.11914135730214,0.20064105423978515
Shai Gilgeous-Alexander,Home,OKC,ORL,112,100,1,816e1f73-01b7-4603-b0b3-623dec731eec,3.9974827534805955,2.9989401318014943,1.9039891923049819,-1.6006406551049026,1.5035982305928262,0.0020900848218893516,0.7658101774030691,1.0438418761504096,-0.9865873884178423,5.565937100487467,2.5951740468408384,1.9410322721973903,-0.9388914077840939
Jalen Williams,Home,OKC,ORL,112,100,1,816e1f73-01b7-4603-b0b3-623dec731eec,1.869214160589088,-0.11600831887091126,-1.049111556575695,0.22795461243913318,1.2114936079798568,-1.0959218473402736,0.26227872131385654,0.13709170443845517,-0.5881268304740978,0.49583980955301454,1.6094876699886087,-0.09209851066467176,0.7779012812937167
Luguentz Dort,Home,OKC,ORL,112,100,1,816e1f73-01b7-4603-b0b3-623dec731eec,1.2995369507028902,1.0210174561820688,0.15617216132857634,0.09854889686196003,-0.010799661554054759,0.5023130474673326,0.6913615709030376,1.2569585882540522,0.5246956061714994,1.1973754436421173,0.8631749914052105,-0.16614593290026114,-0.5091888753249127
Chet Holmgren,Home,OKC,ORL,112,100,1,816e1f73-01b7-4603-b0b3-623dec731eec,2.0283967038724136,0.7052288352371843,-0.26967183482743556,0.3923370636875431,3.146985280007763,1.0063581627268687,0.6564286757414213,0.3847590819391724,-0.2133642623157879,-1.1513642878859804,1.4160390154925486,0.13156524556636634,-0.24916590691059645
Josh Giddey,Home,OKC,ORL,112,100,1,816e1f73-01b7-4603-b0b3-623dec731eec,1.2900599897714569,0.43560837619180315,0.6722457768918371,-1.098530869833651,2.272497315824519,-0.689832286242333,-1.5135579105641384,-0.14807606617030025,0.16644417473036868,1.64812347293373,1.401920686133353,0.6500891796898414,0.6133800346739998
Cason Wallace,Home,OKC,ORL,112,100,1,816e1f73-01b7-4603-b0b3-623dec731eec,-0.9194630571472847,-1.2376295869044633,0.13638032778308173,-0.24404262702032659,0.09611754003085572,-1.4210146763960374,1.3201113365853971,-1.9867892278576125,1.781663817993365,0.6371944207689554,0.04444718158730137,-1.1088878792845447,1.1945820530359352
Kenrich Williams,Home,OKC,ORL,112,100,1,816e1f73-01b7-4603-b0b3-623dec731eec,-0.955130025188614,-0.8093525718154649,-0.1377660004467695,-0.9922819286144271,1.2156901767605937,-0.31162704224379467,-2.184089604169935,2.112815574667034,1.5516850561211388,-1.1513642878859804,-0.13010828022248097,0.5388800054453431,0.114772975033677
Isaiah Joe,Home,OKC,ORL,112,100,1,816e1f73-01b7-4603-b0b3-623dec731eec,0.6292641812583826,-0.665831306733929,-0.6778636449080826,0.11764720784134788,-0.773302842033837,-0.13730050289367016,-0.8113223992936732,0.5799806791455676,0.20590072002573417,-1.1513642878859804,0.5849565967865257,-0.5633936608013967,0.11607568520088091
Vasilije MiciÄ,Home,OKC,ORL,112,100,1,816e1f73-01b7-4603-b0b3-623dec731eec,-0.22512697356842368,0.6060749660580358,0.7634620486535368,0.9330365224429553,-0.5098153647745758,-0.21050769191628596,-1.087045600541117,1.398713461935751,-0.20203605693778762,-1.1513642878859804,0.42853747175224105,0.031098709319091,-0.44788465055774707
Ousmane Dieng,Home,OKC,ORL,112,100,1,816e1f73-01b7-4603-b0b3-623dec731eec,-1.5805714234296744,-1.0938269543396988,-1.1658674944271386,1.6049867838050225,0.0908598336896554,-1.3668844709980235,0.5938908410564233,-2.1063953090943874,2.414795521772244,-1.1513642878859804,-0.4453526554619524,-1.3674125072061063,1.3408544205278168
Aaron Wiggins,Home,OKC,ORL,112,100,1,816e1f73-01b7-4603-b0b3-623dec731eec,-1.9510947910956054,2.451240447959879,4.463718454418021,1.0694280932576186,-0.9401593414873173,-1.2712859932214924,1.481047456143583,-2.5203066273911463,-0.552536868102523,-1.1513642878859804,-0.5424797868262415,-0.5814247160835067,0.06871014411196792
DÄvis BertÄns,Home,OKC,ORL,112,100,1,816e1f73-01b7-4603-b0b3-623dec731eec,-2.1095831395633122,-1.9143611920854473,0.1880757281398747,-0.07361958999396344,-2.687155186588638,0.2828307119199974,0.16252777235186924,-2.9227544248450275,-0.48669151735735827,-1.1513642878859804,-2.8289409963040137,0.739979545152948,-0.06542450471270202
Keyontae Johnson,Home,OKC,ORL,112,100,1,816e1f73-01b7-4603-b0b3-623dec731eec,-2.1095831395633122,-1.9143611920854473,0.1880757281398747,-0.07361958999396344,-2.687155186588638,0.2828307119199974,0.16252777235186924,-2.9227544248450275,-0.48669151735735827,-1.1513642878859804,-2.8289409963040137,0.739979545152948,-0.06542450471270202
Tre Mann,Home,OKC,ORL,112,100,1,816e1f73-01b7-4603-b0b3-623dec731eec,-2.1095831395633122,-1.9143611920854473,0.1880757281398747,-0.07361958999396344,-2.687155186588638,0.2828307119199974,0.16252777235186924,-2.9227544248450275,-0.48669151735735827,-1.1513642878859804,-2.8289409963040137,0.739979545152948,-0.06542450471270202
Jaylin Williams,Home,OKC,ORL,112,100,1,816e1f73-01b7-4603-b0b3-623dec731eec,-2.1095831395633122,-1.9143611920854473,0.1880757281398747,-0.07361958999396344,-2.687155186588638,0.2828307119199974,0.16252777235186924,-2.9227544248450275,-0.48669151735735827,-1.1513642878859804,-2.8289409963040137,0.739979545152948,-0.06542450471270202
Jalen Williams,Away,OKC,LAL,105,112,0,83f50b90-901f-4960-b0a1-03b5a0e742f2,3.436381071879248,2.8713974773435647,1.6230029043262486,-0.6861217098561172,-0.21031314366410642,-1.0987648130211256,1.1301552929530336,1.1670032738163494,-0.6695050422099071,1.477952531871656,1.8094832916847132,0.3931741371788031,-1.0923067707028444
Shai Gilgeous-Alexander,Away,OKC,LAL,105,112,0,83f50b90-901f-4960-b0a1-03b5a0e742f2,3.3664121673677685,2.8626265609522874,-1.0899798992719967,-0.6281239277174896,-0.07306698438545918,0.8734414990377679,-0.4449259430826746,0.3245924550890524,-0.32736837602586144,2.4618591413867543,1.5835595940282527,-1.1229929718456708,-1.4083421632113498
Chet Holmgren,Away,OKC,LAL,105,112,0,83f50b90-901f-4960-b0a1-03b5a0e742f2,0.708508355492236,2.721684412646301,-1.1871287792661966,0.5790773026718441,3.7650594429400175,2.270743688244659,-0.2691518517404721,0.22980959800186126,0.1330683727793595,-1.1513642878859804,0.7356974476059595,-0.9193438358818836,-0.8487229985193978
Luguentz Dort,Away,OKC,LAL,105,112,0,83f50b90-901f-4960-b0a1-03b5a0e742f2,2.2081673583875885,0.0657097096143462,0.36440689395133835,0.5767992991818873,2.4723666958055066,-2.399086869020494,1.8444431912494748,1.190349042044889,1.3637074411708012,-1.1513642878859804,0.7396714487817504,-0.34613527499926955,-0.5643453196017197
Josh Giddey,Away,OKC,LAL,105,112,0,83f50b90-901f-4960-b0a1-03b5a0e742f2,0.8072664217842601,-0.468827328545974,-0.2528841577145194,-1.317165866449741,1.9626045207786929,-0.3858006258938674,0.9017349508154664,0.2151902514276255,0.8669848068840348,1.1973754436421173,0.45268114931659154,-0.5328844171107486,-0.801336131446819
Isaiah Joe,Away,OKC,LAL,105,112,0,83f50b90-901f-4960-b0a1-03b5a0e742f2,0.28669923469164516,0.764550288193692,1.7458259625702566,1.1246282288375595,2.888427135226471,-1.706255375796022,-0.608065765345905,-1.338481294759172,0.9361795510472319,-1.1513642878859804,0.6848767303579999,-0.9558706867273095,0.7849938974881092
Cason Wallace,Away,OKC,LAL,105,112,0,83f50b90-901f-4960-b0a1-03b5a0e742f2,-0.02149469612795427,0.63075667444023,1.6259424776593965,1.4042850276999521,-1.6032431189885936,1.1901189789103304,0.698440053274413,-0.08233625602109686,0.9343514645792007,-1.1513642878859804,0.16696459706480107,-0.7580651906989603,-0.6595270022829276
Kenrich Williams,Away,OKC,LAL,105,112,0,83f50b90-901f-4960-b0a1-03b5a0e742f2,-0.2860005541947732,-0.8409402099310613,1.4789989075095298,0.4384496978856169,-0.590724817802112,-0.1936397855115047,-0.9625211794331139,0.44816389557931635,0.6300307078284895,-1.1513642878859804,0.07735488419361893,-0.2887083786553138,0.2567047638048616
Vasilije MiciÄ,Away,OKC,LAL,105,112,0,83f50b90-901f-4960-b0a1-03b5a0e742f2,-0.17120027847984676,-0.9530978454230589,-0.02850282837230685,-0.6934188785706518,-1.255887987529849,-0.1462697610134228,-0.4668254009387896,2.3196856017986316,0.20815607981669423,-1.1513642878859804,-0.016491328840728438,-0.04700807893349075,0.21015608445511144
Ousmane Dieng,Away,OKC,LAL,105,112,0,83f50b90-901f-4960-b0a1-03b5a0e742f2,-0.1007388703618077,-0.8703548644430931,-0.6873114480407119,0.797634454247232,0.7588503202332691,-1.2444036247869634,-0.22254515824665283,0.3859509514218618,1.2127180383524707,-1.1513642878859804,-0.026447407233033644,-1.3991888760852114,0.09961041275210364
Jaylin Williams,Away,OKC,LAL,105,112,0,83f50b90-901f-4960-b0a1-03b5a0e742f2,-0.6906241671217951,-1.9143611920854473,0.1880757281398747,-0.07361958999396344,-0.3931287082345105,-1.7403151464931823,1.7044510643693014,0.6967122349117355,1.8410242250032645,-1.1513642878859804,-0.12225122547194402,-0.80196973074806,-0.34434389146186317
DÄvis BertÄns,Away,OKC,LAL,105,112,0,83f50b90-901f-4960-b0a1-03b5a0e742f2,-2.1095831395633122,-1.9143611920854473,0.1880757281398747,-0.07361958999396344,-2.687155186588638,0.2828307119199974,0.16252777235186924,-2.9227544248450275,-0.48669151735735827,-1.1513642878859804,-2.8289409963040137,0.739979545152948,-0.06542450471270202
Tre Mann,Away,OKC,LAL,105,112,0,83f50b90-901f-4960-b0a1-03b5a0e742f2,-2.1095831395633122,-1.9143611920854473,0.1880757281398747,-0.07361958999396344,-2.687155186588638,0.2828307119199974,0.16252777235186924,-2.9227544248450275,-0.48669151735735827,-1.1513642878859804,-2.8289409963040137,0.739979545152948,-0.06542450471270202
Olivier Sarr,Away,OKC,LAL,105,112,0,83f50b90-901f-4960-b0a1-03b5a0e742f2,-2.1095831395633122,-1.9143611920854473,0.1880757281398747,-0.07361958999396344,-2.687155186588638,0.2828307119199974,0.16252777235186924,-2.9227544248450275,-0.48669151735735827,-1.1513642878859804,-2.8289409963040137,0.739979545152948,-0.06542450471270202
Aaron Wiggins,Away,OKC,LAL,105,112,0,83f50b90-901f-4960-b0a1-03b5a0e742f2,-2.1095831395633122,-1.9143611920854473,0.1880757281398747,-0.07361958999396344,-2.687155186588638,0.2828307119199974,0.16252777235186924,-2.9227544248450275,-0.48669151735735827,-1.1513642878859804,-2.8289409963040137,0.739979545152948,-0.06542450471270202
Shai Gilgeous-Alexander,Away,OKC,LAC,117,128,0,7889c453-dd45-4036-a41d-ff3cd820b0a2,1.5608876178374176,1.2116009924617281,-1.2808938028419838,-0.6446611122603609,0.25514021246848145,1.4368076456941867,1.5771908662058882,-0.4106458486355668,-0.5962860935410533,3.7055226107169603,1.179234688662239,-2.292265055410351,-1.2113136926952643
Chet Holmgren,Away,OKC,LAC,117,128,0,7889c453-dd45-4036-a41d-ff3cd820b0a2,-0.24293759698062348,1.0745049050640392,-0.9752584698344777,-1.24772073643516,1.1978180600761017,0.8890911992090827,-1.055340844530453,-1.241738826370885,-0.30261161512546914,2.5706301446402255,0.6864744455049384,-1.9572813839190961,-0.7382058953320889
Luguentz Dort,Away,OKC,LAC,117,128,0,7889c453-dd45-4036-a41d-ff3cd820b0a2,3.6439992809333597,0.27137325449290334,-1.6060181955901711,1.244593372679943,-1.388908358306247,-0.1356666710059837,-0.23869859142622332,2.2828063135537624,0.8975726822035603,1.1207218665871292,0.8461891611693747,-1.3410164854413864,-1.424999452060873
Jalen Williams,Away,OKC,LAC,117,128,0,7889c453-dd45-4036-a41d-ff3cd820b0a2,2.9341426911108686,3.5986855240344866,-2.746548914665985,-0.8994526108430182,-0.32646878076683017,-0.17056851219383073,-0.9155723411045146,2.050660272893283,-0.8815946038562917,1.5570361240659725,1.5059782037158786,-0.6608583705449255,-0.8803207598103224
Josh Giddey,Away,OKC,LAC,117,128,0,7889c453-dd45-4036-a41d-ff3cd820b0a2,0.5232466716592705,-0.09150450596592141,-0.45442593974142714,-1.8657440008112014,1.0556159748858933,-1.164690117053283,-0.3577972497422919,0.5011544893321227,-0.21371574118855372,-1.1513642878859804,0.607662071246632,-0.4518311454815357,-0.38325552344088176
Isaiah Joe,Away,OKC,LAC,117,128,0,7889c453-dd45-4036-a41d-ff3cd820b0a2,2.683903174276757,1.2607051003724754,1.9468417737136399,-0.4423756357924075,2.4177729909119425,-2.4744879135403264,1.492319210665496,3.849871897861438,0.8089789989280596,-1.1513642878859804,0.523697965290693,0.4900615221795417,-2.4598675173635187
Aaron Wiggins,Away,OKC,LAC,117,128,0,7889c453-dd45-4036-a41d-ff3cd820b0a2,-0.4896328316352426,-0.09623134171658149,1.1834004516354515,-0.43631995952110497,0.9863942922709225,-0.4352105502668585,-1.96440376548202,3.026568058005372,-0.823328051264901,-1.1513642878859804,0.20913452738395225,0.6321554989265332,-0.4287276273564524
Kenrich Williams,Away,OKC,LAC,117,128,0,7889c453-dd45-4036-a41d-ff3cd820b0a2,-0.42611830905497616,0.27461271267132886,0.4302279535455068,1.1447919394486152,3.6828655930852694,-0.767466412325108,0.8459377815155896,-0.0033873720899701377,1.98431972092612,-1.1513642878859804,0.10051228084061979,-0.34696694530719613,0.047471587163709694
Cason Wallace,Away,OKC,LAC,117,128,0,7889c453-dd45-4036-a41d-ff3cd820b0a2,-0.5505064122615921,-0.2765195661899184,1.433793632020452,0.011246705769125162,0.7914034345543755,-0.4379334751086792,3.111671831646229,1.3745381450104182,0.1715765434945994,-1.1513642878859804,0.04194571887476462,0.16220817512106162,-0.6168698633327436
Vasilije MiciÄ,Away,OKC,LAC,117,128,0,7889c453-dd45-4036-a41d-ff3cd820b0a2,-0.8160864895020896,-0.5741740605008969,-0.3025632391381411,-1.4280629090816208,-0.9781333531287021,-0.2679845596270567,-0.5992958487793106,1.5023628830678295,-0.9759399818001765,0.7825241877386707,0.3284774647352813,0.4580058184643601,0.23315934216360024
Ousmane Dieng,Away,OKC,LAC,117,128,0,7889c453-dd45-4036-a41d-ff3cd820b0a2,-1.8450772814964933,-0.8647730605801625,-1.6819776208503694,2.30290289372801,0.057393663854522,-0.6021956013868437,-1.5117176773485028,-2.277930435878009,2.442860753237396,-1.1513642878859804,-0.5753186269317782,-2.479542332695628,1.9564898686781758
Olivier Sarr,Away,OKC,LAC,117,128,0,7889c453-dd45-4036-a41d-ff3cd820b0a2,-2.1095831395633122,-1.9143611920854473,0.1880757281398747,-0.07361958999396344,-1.917230295467496,-0.11860581901414426,0.09702348805469363,-2.9227544248450275,-0.48669151735735827,-1.1513642878859804,-1.4826745465424627,-0.5731127072532652,0.5745671954324483
DÄvis BertÄns,Away,OKC,LAC,117,128,0,7889c453-dd45-4036-a41d-ff3cd820b0a2,-2.1095831395633122,-1.9143611920854473,0.1880757281398747,-0.07361958999396344,-2.687155186588638,0.2828307119199974,0.16252777235186924,-2.9227544248450275,-0.48669151735735827,-1.1513642878859804,-2.8289409963040137,0.739979545152948,-0.06542450471270202
Tre Mann,Away,OKC,LAC,117,128,0,7889c453-dd45-4036-a41d-ff3cd820b0a2,-2.1095831395633122,-1.9143611920854473,0.1880757281398747,-0.07361958999396344,-2.687155186588638,0.2828307119199974,0.16252777235186924,-2.9227544248450275,-0.48669151735735827,-1.1513642878859804,-2.8289409963040137,0.739979545152948,-0.06542450471270202
Jaylin Williams,Away,OKC,LAC,117,128,0,7889c453-dd45-4036-a41d-ff3cd820b0a2,-2.1095831395633122,-1.9143611920854473,0.1880757281398747,-0.07361958999396344,-2.687155186588638,0.2828307119199974,0.16252777235186924,-2.9227544248450275,-0.48669151735735827,-1.1513642878859804,-2.8289409963040137,0.739979545152948,-0.06542450471270202
Jalen Williams,Away,OKC,UTA,134,129,1,7a1f9e77-5c6f-45e9-a1b3-142f6333f272,4.203708638969808,4.182669984072431,-0.11930440080627801,-1.163201122589837,0.3009976149326285,1.820971051232182,0.09723174837789082,2.871663997155143,-0.5820811018483664,0.24319503470631543,1.9097904958352176,1.37436126958526,-0.04657170152676464
Shai Gilgeous-Alexander,Away,OKC,UTA,134,129,1,7a1f9e77-5c6f-45e9-a1b3-142f6333f272,2.02621041217545,3.2157973374221345,-1.4391946147608017,-0.020435890209229726,1.6946995855506324,0.2162303573075582,-0.22849109249773908,0.37676174018680325,-1.2055998373206964,8.195311497890259,1.9165242662209299,-0.6295858893212336,-0.5055552209170056
Cason Wallace,Away,OKC,UTA,134,129,1,7a1f9e77-5c6f-45e9-a1b3-142f6333f272,2.3654706211213608,0.24819370175203234,0.2054645580498375,0.6249720807925568,0.9676382119824956,-0.3828831136898809,1.5117631681335313,3.9239462316145777,0.25922080295114275,-1.1513642878859804,0.7878723190447507,0.1765012671687084,-0.9090917352105282
Chet Holmgren,Away,OKC,UTA,134,129,1,7a1f9e77-5c6f-45e9-a1b3-142f6333f272,2.558170081410415,1.7091045595760492,-1.8588237174503222,-0.3183997155361139,2.3530925473147377,3.854862544713765,0.3823231972845891,0.00686354053099803,0.04117422718157812,0.21559974696651965,1.4390628840576176,-0.7975250656576529,0.1478004029925399
Josh Giddey,Away,OKC,UTA,134,129,1,7a1f9e77-5c6f-45e9-a1b3-142f6333f272,2.5915777445441304,2.3670703383265583,-0.6304676579140487,-0.8597166351512011,3.6060863513086754,-0.9371928067956015,-2.1189611485841087,0.4953538885446336,-0.3678819891971184,1.5171762639973785,1.6563835125133821,0.05098557618706773,0.4070262741535979
Aaron Wiggins,Away,OKC,UTA,134,129,1,7a1f9e77-5c6f-45e9-a1b3-142f6333f272,-1.3347487167396745,0.5385895558315739,-0.4682845411434241,-1.9471396715298666,-0.28537795621212886,0.9983662404600637,-0.13870605627512123,-0.10212864785921352,-0.1828958567538981,1.8366662762807198,0.1525314176826315,0.08119285628675993,0.14540860940099246
Kenrich Williams,Away,OKC,UTA,134,129,1,7a1f9e77-5c6f-45e9-a1b3-142f6333f272,0.36475832319156365,0.7827254079756055,0.35356749332808984,0.26464061348344003,1.0927085765425464,-1.2428468944619053,-0.29040825721752006,1.0798219139133987,-0.10739205911444172,-1.1513642878859804,0.35782226871926504,-0.5844352805327107,-0.4536133362550058
Isaiah Joe,Away,OKC,UTA,134,129,1,7a1f9e77-5c6f-45e9-a1b3-142f6333f272,0.1993230891860842,-1.1530775075366333,-0.021383752631725948,-0.6639772361994186,0.10783254269414376,-1.4480390283269229,0.7797845626646354,2.0468405259041025,1.562479375915428,-1.1513642878859804,-0.24104825298806526,-0.583958622724594,-0.9186790849757729
Jaylin Williams,Away,OKC,UTA,134,129,1,7a1f9e77-5c6f-45e9-a1b3-142f6333f272,-1.8450772814964933,1.647681750242491,1.57893272374256,3.6488027303167487,0.8111766420499588,0.24886619374608518,1.6874473416090137,-1.9876402213211113,2.395365746142523,-1.1513642878859804,-0.5031281069519362,-0.32064562778968264,0.3277023859484082
Vasilije MiciÄ,Away,OKC,UTA,134,129,1,7a1f9e77-5c6f-45e9-a1b3-142f6333f272,-1.3531193103471786,-0.30422439443357485,-1.1953687027171713,0.5609428211241719,-1.9952632236216659,-0.07791968412217043,0.10366243578751548,2.2410355527053474,-2.029560692441217,2.347179099466942,0.11301916935406148,0.017518685530391973,0.5435039269349523
Lindy Waters III,Away,OKC,UTA,134,129,1,7a1f9e77-5c6f-45e9-a1b3-142f6333f272,-1.8450772814964933,-0.4779424002326771,-0.28810685811071096,-1.3857564525149193,-1.9952632236216659,-0.07791968412217043,0.10366243578751548,-1.8490926189189556,2.3726976745745154,-1.1513642878859804,-0.8751507691520137,-1.4777152320174896,0.9302456305475896
DÄvis BertÄns,Away,OKC,UTA,134,129,1,7a1f9e77-5c6f-45e9-a1b3-142f6333f272,-2.1095831395633122,-1.9143611920854473,0.1880757281398747,-0.07361958999396344,-2.687155186588638,0.2828307119199974,0.16252777235186924,-2.9227544248450275,-0.48669151735735827,-1.1513642878859804,-2.8289409963040137,0.739979545152948,-0.06542450471270202
Tre Mann,Away,OKC,UTA,134,129,1,7a1f9e77-5c6f-45e9-a1b3-142f6333f272,-2.1095831395633122,-1.9143611920854473,0.1880757281398747,-0.07361958999396344,-2.687155186588638,0.2828307119199974,0.16252777235186924,-2.9227544248450275,-0.48669151735735827,-1.1513642878859804,-2.8289409963040137,0.739979545152948,-0.06542450471270202
Aleksej Pokusevski,Away,OKC,UTA,134,129,1,7a1f9e77-5c6f-45e9-a1b3-142f6333f272,-2.1095831395633122,-1.9143611920854473,0.1880757281398747,-0.07361958999396344,-2.687155186588638,0.2828307119199974,0.16252777235186924,-2.9227544248450275,-0.48669151735735827,-1.1513642878859804,-2.8289409963040137,0.739979545152948,-0.06542450471270202
Olivier Sarr,Away,OKC,UTA,134,129,1,7a1f9e77-5c6f-45e9-a1b3-142f6333f272,-2.1095831395633122,-1.9143611920854473,0.1880757281398747,-0.07361958999396344,-2.687155186588638,0.2828307119199974,0.16252777235186924,-2.9227544248450275,-0.48669151735735827,-1.1513642878859804,-2.8289409963040137,0.739979545152948,-0.06542450471270202
Shai Gilgeous-Alexander,Away,OKC,MIN,102,97,1,7caede8b-c720-4f92-ad5f-e9d56d43b1ce,3.4792005506010697,2.6726753259250557,0.20042884853733658,-0.9664459247761079,-0.9635791178156433,-0.526386058514944,0.46399920059039856,0.6076591600972782,-0.9084198874571567,5.973805328527693,2.7871891094705052,0.9838471643819581,-0.18082174773556572
Jalen Williams,Away,OKC,MIN,102,97,1,7caede8b-c720-4f92-ad5f-e9d56d43b1ce,1.5869667583870575,2.02972593109868,2.4163643571345603,-0.2976090219118147,0.877016084896134,-1.5727590294901272,1.48292678883889,-0.6380778105115353,-0.7636711863799382,4.313637341926976,2.2132995413032948,0.614219224467608,0.6591222558285605
Luguentz Dort,Away,OKC,MIN,102,97,1,7caede8b-c720-4f92-ad5f-e9d56d43b1ce,2.559625937630397,1.1160463264106975,1.269251517280952,0.6738758792676958,0.786083522811488,-1.108327237555887,0.4849582932954868,0.693895496520835,0.5629225794189852,0.2799887516927098,1.4529198623185906,0.3636251509516863,0.29971447210609353
Chet Holmgren,Away,OKC,MIN,102,97,1,7caede8b-c720-4f92-ad5f-e9d56d43b1ce,0.5758556690818417,0.3923030896108043,0.7711690636939861,-0.6597330850955699,1.6167202239942198,1.7433025659431391,0.5925304125297249,1.2366795573270668,-0.5673302094339511,3.6233162378057866,1.2359614915592865,0.616750287905138,-0.24450086256318865
Josh Giddey,Away,OKC,MIN,102,97,1,7caede8b-c720-4f92-ad5f-e9d56d43b1ce,-0.18946000552709444,0.9996579590134125,0.0023700246868964864,-0.585007176566649,2.7261680781889495,-0.8462066285633841,-1.8924077002009088,-1.0374578385216375,0.5462178311775215,0.40723368960399037,0.7226834480193514,-0.44597519245831846,-0.06648966177042703
Isaiah Joe,Away,OKC,MIN,102,97,1,7caede8b-c720-4f92-ad5f-e9d56d43b1ce,-0.7701808991249639,1.9295363287964535,0.4754819478097587,-1.9663965107723569,0.9592658781054486,-0.2120371983945243,-2.001697641307808,1.1244967727901831,0.8186807476929299,1.8366662762807198,0.45011817004404536,0.9945733371641674,0.19517469707241403
Cason Wallace,Away,OKC,MIN,102,97,1,7caede8b-c720-4f92-ad5f-e9d56d43b1ce,-2.0303389653294586,0.5748454488834803,-0.14710778550209944,2.8819188336871018,0.5464429422645021,-1.1365027277353967,-0.16402381739276314,-2.6852442492984747,-0.5255510686167998,-1.1513642878859804,-0.8917510491413874,-1.6338194221949076,-0.6454233538239659
Aaron Wiggins,Away,OKC,MIN,102,97,1,7caede8b-c720-4f92-ad5f-e9d56d43b1ce,-0.8942564445622646,-1.0938269543396988,-1.1658674944271386,1.6049867838050225,-2.0941049326169474,-0.026383913259003588,0.11207176958242317,4.122282813391831,-0.43415718277703924,-1.1513642878859804,-0.5136353793237093,-0.9366155291909023,-1.1968427466333242
Jaylin Williams,Away,OKC,MIN,102,97,1,7caede8b-c720-4f92-ad5f-e9d56d43b1ce,-0.6297505864954456,-0.9820909093913959,-0.9265894712339253,1.2013106190261273,0.4488310854662888,4.189694810539199,1.6017237106170843,1.931064618507549,0.46589522663851163,-1.1513642878859804,0.11336011727610232,0.2422389040691163,-0.299784960623314
Kenrich Williams,Away,OKC,MIN,102,97,1,7caede8b-c720-4f92-ad5f-e9d56d43b1ce,-1.5805714234296744,0.30302077665388993,0.7257661339668722,2.401691033187691,0.8516918215112368,-0.46581719699722945,-2.223294790548173,-2.277930435878009,2.442860753237396,-1.1513642878859804,-0.4337652201104832,-1.204549439291305,0.6839955421989036
Vasilije MiciÄ,Away,OKC,MIN,102,97,1,7caede8b-c720-4f92-ad5f-e9d56d43b1ce,-1.9510947910956054,-1.9143611920854473,0.1880757281398747,-0.07361958999396344,-2.0941049326169474,-0.026383913259003588,0.11207176958242317,-2.9227544248450275,-0.48669151735735827,-1.1513642878859804,-0.927416795670331,-2.040427386797113,0.3734768992255598
DÄvis BertÄns,Away,OKC,MIN,102,97,1,7caede8b-c720-4f92-ad5f-e9d56d43b1ce,-2.1095831395633122,-1.9143611920854473,0.1880757281398747,-0.07361958999396344,-2.687155186588638,0.2828307119199974,0.16252777235186924,-2.9227544248450275,-0.48669151735735827,-1.1513642878859804,-2.8289409963040137,0.739979545152948,-0.06542450471270202
Tre Mann,Away,OKC,MIN,102,97,1,7caede8b-c720-4f92-ad5f-e9d56d43b1ce,-2.1095831395633122,-1.9143611920854473,0.1880757281398747,-0.07361958999396344,-2.687155186588638,0.2828307119199974,0.16252777235186924,-2.9227544248450275,-0.48669151735735827,-1.1513642878859804,-2.8289409963040137,0.739979545152948,-0.06542450471270202
Olivier Sarr,Away,OKC,MIN,102,97,1,7caede8b-c720-4f92-ad5f-e9d56d43b1ce,-2.1095831395633122,-1.9143611920854473,0.1880757281398747,-0.07361958999396344,-2.687155186588638,0.2828307119199974,0.16252777235186924,-2.9227544248450275,-0.48669151735735827,-1.1513642878859804,-2.8289409963040137,0.739979545152948,-0.06542450471270202
Lindy Waters III,Away,OKC,MIN,102,97,1,7caede8b-c720-4f92-ad5f-e9d56d43b1ce,-2.1095831395633122,-1.9143611920854473,0.1880757281398747,-0.07361958999396344,-2.687155186588638,0.2828307119199974,0.16252777235186924,-2.9227544248450275,-0.48669151735735827,-1.1513642878859804,-2.8289409963040137,0.739979545152948,-0.06542450471270202
Shai Gilgeous-Alexander,Home,OKC,POR,111,109,1,398ea9bc-a6a5-4ec3-bd3b-5ade7ce7e728,3.4964969250348954,6.614862192255487,2.0815859657594356,-0.5996132347927675,1.1677842827901523,-1.1038624748290793,0.3290958246724287,-0.23248427703989463,-0.8454388987665226,6.966356907162655,3.0122606095464235,1.1389733163174003,0.029332389085140957
Chet Holmgren,Home,OKC,POR,111,109,1,398ea9bc-a6a5-4ec3-bd3b-5ade7ce7e728,-0.419483981286519,-0.182246704044172,-0.8377336943608994,-0.30407571416022117,5.862668508796796,5.779264604387672,1.1434708725744043,0.08381826423540195,-0.31647328860001817,1.6539699472344909,0.9787001371602718,0.45930855936130993,-0.04668805170861559
Jalen Williams,Home,OKC,POR,111,109,1,398ea9bc-a6a5-4ec3-bd3b-5ade7ce7e728,2.6256089105282334,0.32048785196704355,1.7518926648659838,-0.07185703201634457,0.8249540725702407,2.108263075324911,-0.09231272468938634,0.1560281103378042,-0.7127087727861955,-1.1513642878859804,1.7165062919362417,0.12855765679666964,0.061291311025106675
Josh Giddey,Home,OKC,POR,111,109,1,398ea9bc-a6a5-4ec3-bd3b-5ade7ce7e728,-0.8428598248673483,-0.34564028527265994,-0.22966506032004982,-1.2645093989083107,1.1385312998614276,-1.4166234794152677,0.6113861941558796,-0.006724375503201212,-1.311869668784279,0.534478627515271,0.3142689571524101,-0.5305088610545821,-0.28093912380805913
Luguentz Dort,Home,OKC,POR,111,109,1,398ea9bc-a6a5-4ec3-bd3b-5ade7ce7e728,0.21661946361990955,0.8688242553497688,-1.922556742513235,1.4713761557087823,-0.14748656364683393,-0.7665080879386094,0.17458311146702227,-0.07620279134821956,1.4149178199165138,0.534478627515271,0.752987630936341,-0.39983253298550564,1.6778639509914224
Isaiah Joe,Home,OKC,POR,111,109,1,398ea9bc-a6a5-4ec3-bd3b-5ade7ce7e728,0.021008290890891314,-0.5869750625401478,-0.1537337100184068,-1.0456688530435205,-1.4447511721991169,-0.08883649857919776,-0.3024257367701677,2.6752622571569136,-0.549849534643197,-1.1513642878859804,0.22900194885793038,0.20148970216809411,-0.21403090940352743
Aaron Wiggins,Home,OKC,POR,111,109,1,398ea9bc-a6a5-4ec3-bd3b-5ade7ce7e728,0.565749658678116,-0.7215861540366613,-0.5314763794189189,0.5067950258031911,0.3651626961007461,-1.6912754214815369,1.4862666138846126,2.508413672595302,-1.1096863767736493,-1.1513642878859804,0.5641557256954263,-0.3367245222086928,-0.45978542107498493
Jaylin Williams,Home,OKC,POR,111,109,1,398ea9bc-a6a5-4ec3-bd3b-5ade7ce7e728,-0.22512697356842368,-0.2963078167028544,1.3465914613601317,-0.049824875615224834,-0.03676707073685208,1.433459668829718,-0.09657039146047877,1.4370907299174722,-0.2039213282205565,-0.6521558105775761,0.23018080761505724,0.21577070258798114,-0.5786986497428405
Kenrich Williams,Home,OKC,POR,111,109,1,398ea9bc-a6a5-4ec3-bd3b-5ade7ce7e728,-0.4712622380277387,-0.3892932921203336,0.8120142053442636,1.554379377806155,1.177031797674679,-1.2401048910192043,-0.46141098583566353,0.42564989102407363,0.09612354971389071,-1.1513642878859804,-0.209701064954478,-1.5715126654740728,-1.2456685252743986
Cason Wallace,Home,OKC,POR,111,109,1,398ea9bc-a6a5-4ec3-bd3b-5ade7ce7e728,-0.955130025188614,-0.5009750301513337,-2.0067910703698635,2.589856186063793,1.1371603593413786,-0.45848009171773096,-2.1933990531461407,1.4266750675325472,1.6639459819817475,-1.1513642878859804,-0.3251083567681446,-1.0758799518980402,0.15209885041130936
Vasilije MiciÄ,Home,OKC,POR,111,109,1,398ea9bc-a6a5-4ec3-bd3b-5ade7ce7e728,-1.9774864894145603,-1.0746248315095581,-1.2091342116123198,1.663494721163836,-2.0576895661450014,-0.04537077620859137,0.10897359397377297,-2.334338608150958,-0.6034675049780024,3.0901088865285806,-0.6547645748817125,-2.233810148466741,0.733409930436482
Keyontae Johnson,Home,OKC,POR,111,109,1,398ea9bc-a6a5-4ec3-bd3b-5ade7ce7e728,-2.1095831395633122,-0.7275184114635234,-0.18950779542179713,-1.1189375952987628,-0.11207979416861559,-2.16212693055083,2.14342861765202,-1.51748588619459,-0.7166105289757202,-1.1513642878859804,-1.2295673471088355,-0.11769491190119358,-0.40189418627694495
DÄvis BertÄns,Home,OKC,POR,111,109,1,398ea9bc-a6a5-4ec3-bd3b-5ade7ce7e728,-1.8450772814964933,-1.9143611920854473,0.1880757281398747,-0.07361958999396344,0.02873254931530587,5.822094275967357,3.103025592138992,-2.277930435878009,2.442860753237396,-1.1513642878859804,-0.629983500435075,-0.792934623183622,0.16766897298435982
Tre Mann,Home,OKC,POR,111,109,1,398ea9bc-a6a5-4ec3-bd3b-5ade7ce7e728,-2.1095831395633122,-1.9143611920854473,0.1880757281398747,-0.07361958999396344,-2.687155186588638,0.2828307119199974,0.16252777235186924,-2.9227544248450275,-0.48669151735735827,-1.1513642878859804,-2.8289409963040137,0.739979545152948,-0.06542450471270202
Aleksej Pokusevski,Home,OKC,POR,111,109,1,398ea9bc-a6a5-4ec3-bd3b-5ade7ce7e728,-2.1095831395633122,-1.9143611920854473,0.1880757281398747,-0.07361958999396344,-2.687155186588638,0.2828307119199974,0.16252777235186924,-2.9227544248450275,-0.48669151735735827,-1.1513642878859804,-2.8289409963040137,0.739979545152948,-0.06542450471270202
Chet Holmgren,Away,OKC,SAS,140,114,1,1a0b91aa-55ba-4efe-ba2f-cef4b63e159d,2.1960494555022385,2.0433300204627916,-0.8666627937126765,0.5008876792443304,4.80016627090297,0.6147440242838739,2.9535939279521632,1.0442564030750967,-0.37551345655409246,0.3810260205590202,1.4973680575328436,0.21536935841759172,0.4334892551400186
Shai Gilgeous-Alexander,Away,OKC,SAS,140,114,1,1a0b91aa-55ba-4efe-ba2f-cef4b63e159d,3.057662200286526,5.131878195375375,-0.9313893846099347,-0.8437446686652266,1.945608792206397,-0.2611371289035296,0.7894391477614982,2.171409396949443,-0.9359881774197006,6.189077350281455,2.440866921328655,1.6721691062478645,0.12802658776095824
Jalen Williams,Away,OKC,SAS,140,114,1,1a0b91aa-55ba-4efe-ba2f-cef4b63e159d,1.6237730909453918,2.3532702544076125,1.2846604330306186,-1.5983072963195912,0.5655809153605448,-0.11994085651298525,-1.5637813310783208,0.7094742388166522,-0.08518650483471271,-1.1513642878859804,1.1720774321238412,0.5162415500074746,0.5152122539543752
Luguentz Dort,Away,OKC,SAS,140,114,1,1a0b91aa-55ba-4efe-ba2f-cef4b63e159d,-0.4616744105360492,0.8043771438384693,1.3210438087124674,1.2584701280860242,0.28211654319812324,0.3840101046729688,0.7202404231792658,-1.310560253772165,1.661706256872546,-1.1513642878859804,0.49050570626571166,-0.23730406298713913,1.2098117633934422
Josh Giddey,Away,OKC,SAS,140,114,1,1a0b91aa-55ba-4efe-ba2f-cef4b63e159d,0.9531877637315689,0.7241196783373163,-1.405909397429189,-0.4507442322702639,3.8290982376156153,-3.7180216258515286,3.122160951174476,-0.10464059813882816,-0.5676569547414729,-1.1513642878859804,0.97871776339513,-0.971530454687633,0.3346415866595254
Cason Wallace,Away,OKC,SAS,140,114,1,1a0b91aa-55ba-4efe-ba2f-cef4b63e159d,1.0430521973475224,1.1609254639508209,0.6963757322697204,-1.2386691166929131,-0.07548862509539075,-0.817049579109916,0.16501020779762302,2.7520688421341823,-0.35225915907730226,0.6184855328409958,0.8111746368709314,1.1006588923143488,0.27246687226866717
Aaron Wiggins,Away,OKC,SAS,140,114,1,1a0b91aa-55ba-4efe-ba2f-cef4b63e159d,3.606114795267685,-1.213871664118506,0.002633967766855572,-0.5989828991852266,0.4432935931339309,1.0894396781268316,-0.5837288656158095,3.339480287433012,-0.17243422042141407,-1.1513642878859804,1.1867761813168975,1.2833947511005839,-0.9658116578888181
Vasilije MiciÄ,Away,OKC,SAS,140,114,1,1a0b91aa-55ba-4efe-ba2f-cef4b63e159d,-1.5196978428033248,2.19888578210566,-1.649654098380193,2.6737445146481504,-1.316324403486422,-0.125937699729681,-0.43313622160701215,-0.0852146921286599,0.21919270156796097,-1.1513642878859804,0.08752075970276103,-0.33843309998043875,1.2044191758067253
Isaiah Joe,Away,OKC,SAS,140,114,1,1a0b91aa-55ba-4efe-ba2f-cef4b63e159d,1.0892703454939636,-1.9143611920854473,0.1880757281398747,-0.07361958999396344,-0.3618958117225688,0.5560168022703581,1.9892976584689248,2.8840851977800934,1.390936714764636,-1.1513642878859804,0.5875866301104953,1.4781911663529024,0.44575212358282057
Jaylin Williams,Away,OKC,SAS,140,114,1,1a0b91aa-55ba-4efe-ba2f-cef4b63e159d,-0.2504444527137002,-0.7565137076644012,-0.9438212713528563,1.1445029400173394,1.7190437935817058,-1.5505538800091443,-0.6294660536190315,3.1894308497409307,0.4456416984121419,-1.1513642878859804,0.26132290783849416,0.7381661846950849,1.159594561745222
Kenrich Williams,Away,OKC,SAS,140,114,1,1a0b91aa-55ba-4efe-ba2f-cef4b63e159d,-0.30437114780227714,-0.6159476889994421,1.8968844372656033,0.6364566276268957,1.635755828611649,0.369298906729624,0.9145552413205015,2.5859194799927954,-0.2003133908354269,-1.1513642878859804,0.5928936146622952,1.9031527615016506,0.609072050396111
DÄvis BertÄns,Away,OKC,SAS,140,114,1,1a0b91aa-55ba-4efe-ba2f-cef4b63e159d,-1.2196358832554328,0.7383870495846712,2.8613489408602324,0.38640680342561323,-2.1513290799300053,0.0034525856617772153,0.1169403312531592,6.127503807263367,0.7220369818323308,-1.1513642878859804,-0.36901270633565625,1.5567361267299193,-2.0244033358157307
Aleksej Pokusevski,Away,OKC,SAS,140,114,1,1a0b91aa-55ba-4efe-ba2f-cef4b63e159d,-1.5196978428033248,-1.9143611920854473,0.1880757281398747,-0.07361958999396344,-0.4297109764519819,-0.417874794090905,-1.1882026403995185,0.1786855029230655,0.17601542239080384,-1.1513642878859804,-0.5408083799482388,-1.210189351841116,0.36081149626249187
Keyontae Johnson,Away,OKC,SAS,140,114,1,1a0b91aa-55ba-4efe-ba2f-cef4b63e159d,-1.9510947910956054,-0.289346305576968,-1.4642787810524847,0.7840934319140321,-2.0472851757244457,-0.050795594194187874,0.10808840094273006,-2.7314267834325268,-0.5179950447607973,-1.1513642878859804,-0.429320926486224,-2.747890077199787,1.636667939448644
Shai Gilgeous-Alexander,Away,OKC,NOP,107,83,1,18cf5f95-1e8e-4b39-ad33-fa976bc38700,5.0587288432689075,2.957401071964783,-0.34790533273622853,0.5522255217184774,0.257236912396554,1.0955941446550697,-0.5920248702145127,0.750455040685973,-0.12135090205776473,4.027426557884571,2.754859959598042,0.8765783307284326,-0.3037045223507881
Jalen Williams,Away,OKC,NOP,107,83,1,18cf5f95-1e8e-4b39-ad33-fa976bc38700,1.8431350200394483,1.7905228746040203,-1.2759037114300738,-2.1530991480879575,-0.14714147498359081,-0.02896082816258301,-1.1378843247939627,0.46447733452324935,-0.42111150940244035,-1.1513642878859804,1.751675779379594,1.0702322935549218,1.0478406660139026
Chet Holmgren,Away,OKC,NOP,107,83,1,18cf5f95-1e8e-4b39-ad33-fa976bc38700,3.2437233988734615,-1.0378086657462282,1.1133490689729653,0.26519363436199794,5.8438133611574035,0.8883188006893147,-0.7500061408584116,1.0126585703116746,-0.253407856802575,-1.1513642878859804,1.8498253471979365,1.2781070315236898,0.3414719260975701
Luguentz Dort,Away,OKC,NOP,107,83,1,18cf5f95-1e8e-4b39-ad33-fa976bc38700,-0.7264928263721835,-1.2376295869044633,0.13638032778308173,-0.24404262702032659,-0.5914977997143795,1.1838027355207623,0.009348334581314642,-1.3317945729887775,0.6449494369450177,1.3246203815533981,0.5201937777937642,-0.31392021020268285,0.8842195823924683
Josh Giddey,Away,OKC,NOP,107,83,1,18cf5f95-1e8e-4b39-ad33-fa976bc38700,-1.1150742298763028,1.7710260242934024,-0.45251401613654574,-0.7176121307921828,1.1963494972007127,1.1446598667112073,-1.1194909637592938,0.06366203981536281,-0.5639286691138871,-1.1513642878859804,0.6475568727859174,1.2009413754779057,0.09831631618142038
Cason Wallace,Away,OKC,NOP,107,83,1,18cf5f95-1e8e-4b39-ad33-fa976bc38700,1.5984556118001154,1.8003551040219843,4.592420469855685,1.3945051772850519,-0.845443916040707,-0.7286076219541138,0.638217304319963,0.9994590161413089,0.19470061805007624,-1.1513642878859804,1.378794589059118,1.7251619489564005,0.130925190798232
Aaron Wiggins,Away,OKC,NOP,107,83,1,18cf5f95-1e8e-4b39-ad33-fa976bc38700,0.15417916021332168,-0.6242194323818185,-0.8370255176285751,0.38930725765323865,-0.8655459372587184,-0.10262625944176894,-0.7699906466678312,2.3319408843533096,-0.16018086145935775,-1.1513642878859804,0.5520802364391726,0.6231990061600216,0.38752714894967494
Vasilije MiciÄ,Away,OKC,NOP,107,83,1,18cf5f95-1e8e-4b39-ad33-fa976bc38700,-1.652107050721392,-0.12663863853580778,-2.007836135203939,1.9465511825396422,-0.843060683183701,-0.10992519444792413,-0.7895063144445129,-0.23238164578673073,-1.283120167300906,1.1657920730136122,0.1645223876331133,-0.05669647694424843,1.1855627161108016
Jaylin Williams,Away,OKC,NOP,107,83,1,18cf5f95-1e8e-4b39-ad33-fa976bc38700,-1.7658331072626399,-0.11746273899950647,1.3794952272495369,-0.029262784500990586,2.3649568437416697,-1.3165927951732674,-1.2877738764594846,-2.191297128031344,0.9111598352154251,-1.1513642878859804,-0.3934674386673577,-0.2439733163950008,0.08588029639684533
Kenrich Williams,Away,OKC,NOP,107,83,1,18cf5f95-1e8e-4b39-ad33-fa976bc38700,-0.5435595267238196,-0.36116922700388115,0.8642498965637729,1.5791302440238149,1.1349050351071046,-1.2788504914226761,-0.3596713164851625,1.3293773272653466,-1.1311996091251337,-1.1513642878859804,0.4791851912138708,0.3132068756052312,-0.5819061112723076
Isaiah Joe,Away,OKC,NOP,107,83,1,18cf5f95-1e8e-4b39-ad33-fa976bc38700,-1.3956222973660242,-0.2949871467638443,0.7729295098137504,1.7503129356779952,-1.1447255026691088,-1.0175785934815025,1.282496245667647,-1.769451032149439,1.32910724331109,1.8366662762807198,0.13521002519938904,-0.4790523722700584,0.9375915558687266
Keyontae Johnson,Away,OKC,NOP,107,83,1,18cf5f95-1e8e-4b39-ad33-fa976bc38700,-2.1095831395633122,-1.9143611920854473,0.1880757281398747,-0.07361958999396344,-2.1877444464019513,0.022439448611364998,0.12003850686180939,-2.9227544248450275,-0.48669151735735827,-1.1513642878859804,-1.3840804375639886,-0.3267576921539357,0.08109534259520987
Lindy Waters III,Away,OKC,NOP,107,83,1,18cf5f95-1e8e-4b39-ad33-fa976bc38700,-2.1095831395633122,-1.9143611920854473,0.1880757281398747,-0.07361958999396344,-2.1877444464019513,0.022439448611364998,0.12003850686180939,-2.9227544248450275,-0.48669151735735827,-1.1513642878859804,-1.4278489804251902,-0.5112134918318932,0.2476084947395363
DÄvis BertÄns,Away,OKC,NOP,107,83,1,18cf5f95-1e8e-4b39-ad33-fa976bc38700,-2.1095831395633122,-1.9143611920854473,0.1880757281398747,-0.07361958999396344,-2.687155186588638,0.2828307119199974,0.16252777235186924,-2.9227544248450275,-0.48669151735735827,-1.1513642878859804,-2.8289409963040137,0.739979545152948,-0.06542450471270202
Aleksej Pokusevski,Away,OKC,NOP,107,83,1,18cf5f95-1e8e-4b39-ad33-fa976bc38700,-2.1095831395633122,-1.9143611920854473,0.1880757281398747,-0.07361958999396344,-2.687155186588638,0.2828307119199974,0.16252777235186924,-2.9227544248450275,-0.48669151735735827,-1.1513642878859804,-2.8289409963040137,0.739979545152948,-0.06542450471270202
Shai Gilgeous-Alexander,Away,OKC,DET,104,120,0,cffa75e8-a98b-4a81-9e49-4bd24bdd8275,3.451036504359156,2.4344833577912905,-0.851895806128502,-0.1947367560534469,1.1251911644724986,-1.7972992577903526,1.6206147668625381,1.9280382477588953,-1.1695999120136877,1.9925182576482094,2.0454689100698102,-0.27544278011782564,-1.440448300610914
Jalen Williams,Away,OKC,DET,104,120,0,cffa75e8-a98b-4a81-9e49-4bd24bdd8275,2.5475080347450465,-0.30084459094917465,-0.2473623279821626,-1.3123999630240313,-1.4649428536214884,-0.09710672487208508,-0.22493038653024172,1.0137875936852976,-0.638669992076168,1.0146791145958884,0.995936783687426,-1.624027782973183,-1.6996360023706194
Josh Giddey,Away,OKC,DET,104,120,0,cffa75e8-a98b-4a81-9e49-4bd24bdd8275,0.2045015607345593,0.8596434069721444,-1.5679940385128395,-0.6166171829367153,3.5351483258147165,-0.35727210379899743,-0.2706261040412738,0.01315989281824432,-1.0148551206199654,1.1207218665871292,0.7053656631013805,-1.1400336857104587,-1.5267681471163115
Chet Holmgren,Away,OKC,DET,104,120,0,cffa75e8-a98b-4a81-9e49-4bd24bdd8275,1.0522583877929086,-1.0491164229880545,-0.5193197113193895,0.16804876185318726,5.3466151797424715,0.060277821609446315,-2.6030484048795897,-0.25310976379392797,0.28295935341742706,-0.8192606085574505,0.42067974783343554,-2.012297498745915,-1.334361708312655
Luguentz Dort,Away,OKC,DET,104,120,0,cffa75e8-a98b-4a81-9e49-4bd24bdd8275,0.46382894725290313,-0.8619077266665198,0.007357174495100467,-0.6065548652322782,-0.9802094027217249,0.9475639377514686,0.24145596548166323,1.216193358904404,1.7329426050867913,-1.1513642878859804,0.15047347234015687,-0.4341088312117825,-0.057299454695292094
Cason Wallace,Away,OKC,DET,104,120,0,cffa75e8-a98b-4a81-9e49-4bd24bdd8275,-1.1150742298763028,0.21261777728404324,2.3135423785941494,0.470250777828467,0.480936051624729,-0.8180325766345551,-0.23620118549530175,0.09664956419682849,-0.5693258290110318,-1.1513642878859804,-0.2381297919787029,-0.9867186841898582,-1.144406986590714
Aaron Wiggins,Away,OKC,DET,104,120,0,cffa75e8-a98b-4a81-9e49-4bd24bdd8275,0.1978672329661021,1.0797105153710767,1.2149029263445956,2.224123482794111,-1.243726555343751,-0.736455020513767,0.9196715174039278,-0.08007286692296826,0.05586057644709609,-1.1513642878859804,0.3133452806505713,-1.7028424263778525,-0.40802154236951665
Jaylin Williams,Away,OKC,DET,104,120,0,cffa75e8-a98b-4a81-9e49-4bd24bdd8275,-0.990686126669687,1.0032263057547224,0.2970218843919969,0.644179496475012,0.7971609765580883,0.27495541791556655,0.7022724767829733,-0.9374648835804883,1.291087744163808,-1.1513642878859804,0.09002229013469565,-0.4203520339662284,0.5030831171511907
Kenrich Williams,Away,OKC,DET,104,120,0,cffa75e8-a98b-4a81-9e49-4bd24bdd8275,-1.1759478105026524,-0.7425059820234778,1.661823826777812,0.5250777296474264,-1.3116384852880738,-0.13610234892811124,-0.3998316383874803,-1.2108284637192264,0.5770500201654112,-1.1513642878859804,-0.2522671067312893,-1.022303034262257,0.5895454646895468
Keyontae Johnson,Away,OKC,DET,104,120,0,cffa75e8-a98b-4a81-9e49-4bd24bdd8275,-0.8150122703284111,-1.6887839903584527,0.1708439280209437,-0.13042726900275117,-0.25077339520657294,-1.082445966809151,0.5722095945013229,2.7859708276637094,-0.4798414950603758,-1.1513642878859804,-0.13869577684983084,0.10922234090901933,0.12071486425778284
Isaiah Joe,Away,OKC,DET,104,120,0,cffa75e8-a98b-4a81-9e49-4bd24bdd8275,-0.9298125460433374,-1.0506699194990414,-0.7720654812868504,0.9923536998875085,-1.18007990730578,-0.18699736089511806,-0.4814350816183782,-0.02583714824202167,0.20947781375310062,-1.1513642878859804,-0.17571816695238437,-1.613014522244444,0.4494898278117465
Lindy Waters III,Away,OKC,DET,104,120,0,cffa75e8-a98b-4a81-9e49-4bd24bdd8275,-1.5196978428033248,-1.6887839903584527,0.1708439280209437,-0.13042726900275117,0.40781798910664513,1.3048286154783992,-0.3893647051740351,0.1391004736653067,0.1824920142673774,-1.1513642878859804,-0.533938691952645,-0.49375035798812783,0.23170661966244532
Olivier Sarr,Away,OKC,DET,104,120,0,cffa75e8-a98b-4a81-9e49-4bd24bdd8275,-2.0303389653294586,-1.6887839903584527,0.1708439280209437,-0.13042726900275117,-0.3541046586318038,-1.7972187292998054,1.7821735866138626,-2.4873191030096806,-0.5579340279996676,-1.1513642878859804,-0.9948491877540903,-1.3419602432339783,1.2119276846501186
Vasilije MiciÄ,Away,OKC,DET,104,120,0,cffa75e8-a98b-4a81-9e49-4bd24bdd8275,-2.1095831395633122,-1.9143611920854473,0.1880757281398747,-0.07361958999396344,-2.687155186588638,0.2828307119199974,0.16252777235186924,-2.9227544248450275,-0.48669151735735827,-1.1513642878859804,-2.8289409963040137,0.739979545152948,-0.06542450471270202
Shai Gilgeous-Alexander,Home,OKC,MIN,101,107,0,de2d59c9-9319-406f-8e1e-2556a06343e3,3.8853490990250625,4.457075078737956,-0.8650611414459966,-0.6744830013124126,1.7190322598733083,-1.1074812961331297,-0.035436065781233386,1.5005468382234866,-0.8297555860826344,7.692250955502457,2.6815358138206036,0.7620772955064905,-1.1249824168661493
Jalen Williams,Home,OKC,MIN,101,107,0,de2d59c9-9319-406f-8e1e-2556a06343e3,4.020706260044456,0.8452530437314395,-1.247849026137167,-0.4313609085560447,-0.9942121566887655,-0.08409569598397705,-0.5499554343558797,0.8885144735798742,0.03697303855293258,-0.5852735078593055,1.5445000148032235,-0.9130491474053669,-0.5500309974562743
Chet Holmgren,Home,OKC,MIN,101,107,0,de2d59c9-9319-406f-8e1e-2556a06343e3,-0.5335916748740703,-0.22409012338020284,-1.2668957143149038,0.5769147588746053,3.1281276182028526,2.3509508605970515,0.2870061391364629,-1.5116719717543214,-0.19801950512302754,-1.1513642878859804,0.5590272106565819,-1.6919902239863223,-0.7987919763551702
Luguentz Dort,Home,OKC,MIN,101,107,0,de2d59c9-9319-406f-8e1e-2556a06343e3,-0.3375988650987485,-1.0810855434901592,0.022060793519443823,-0.5565886953828791,-0.2794966113986613,-0.15847435409365174,-1.0541622642958233,-1.9550473618039903,1.9462310266455305,1.252566019121709,0.314086840146116,-1.394098213999458,0.7057804508476259
Josh Giddey,Home,OKC,MIN,101,107,0,de2d59c9-9319-406f-8e1e-2556a06343e3,2.3482851132477918,-0.0798507450201639,-0.8287861646157942,-0.605141699613909,1.3320452540798586,0.2979596600351817,0.22800311897934428,1.2112177664215686,0.7745503755206863,-0.8054629646875526,0.7596324453469042,-0.9114222327012388,-1.9404297105973272
Cason Wallace,Home,OKC,MIN,101,107,0,de2d59c9-9319-406f-8e1e-2556a06343e3,-1.2196358832554328,0.33453189907789604,-0.23024545377789332,-1.2934240965568373,-0.20937927314594837,1.1024342885150646,-0.17911555231324963,6.1011137877581945,0.7263547097500463,-1.1513642878859804,-0.5454734782924591,-0.6293308172235886,-0.9822287305454568
Aaron Wiggins,Home,OKC,MIN,101,107,0,de2d59c9-9319-406f-8e1e-2556a06343e3,-0.5688770058690961,0.31447756185965114,0.1286815584348399,1.2474018835070584,0.7528692402196857,-0.9559029175154296,-0.37828618435822076,4.096680683042609,-0.9257819492680001,-1.1513642878859804,0.02813208278630039,-0.06850750357443294,-1.082639096383151
Kenrich Williams,Home,OKC,MIN,101,107,0,de2d59c9-9319-406f-8e1e-2556a06343e3,0.9476967344137784,-0.8268781773728351,1.5051167531192844,0.4508251309944468,-1.1641217220167888,-0.8560245997162879,1.034871716285316,0.49948639139423934,0.7394050959242406,-1.1513642878859804,0.417306290244142,-0.8470235682242101,-0.6262713213877277
Isaiah Joe,Home,OKC,MIN,101,107,0,de2d59c9-9319-406f-8e1e-2556a06343e3,-0.8942564445622646,-0.8682497526127042,-1.1830992945460694,1.5481791047962348,1.2610759861612388,-1.8837768387561016,0.9584198809295461,4.359792988938383,-0.47301673403648076,-1.1513642878859804,0.21993143299687604,0.9130238327325981,0.8631018326648731
Jaylin Williams,Home,OKC,MIN,101,107,0,de2d59c9-9319-406f-8e1e-2556a06343e3,-1.4404536685694713,-0.010512812469933734,1.212882513003673,-0.47314267573794283,1.2436091770721143,2.567776012909785,-0.057666299036146625,-0.8209101585203504,-0.04802793229583988,-0.4482572956113071,0.15493667295474559,0.6417578715464037,-0.036850421294836955
Vasilije MiciÄ,Home,OKC,MIN,101,107,0,de2d59c9-9319-406f-8e1e-2556a06343e3,-1.8450772814964933,-0.8647730605801625,-1.6819776208503694,2.30290289372801,-0.08130339632220175,-0.520839168161493,-1.510001431592262,-2.277930435878009,2.442860753237396,-1.1513642878859804,-0.49750258987036805,-2.517637332790288,1.8443003067181678
DÄvis BertÄns,Home,OKC,MIN,101,107,0,de2d59c9-9319-406f-8e1e-2556a06343e3,-2.1095831395633122,-1.9143611920854473,0.1880757281398747,-0.07361958999396344,-2.687155186588638,0.2828307119199974,0.16252777235186924,-2.9227544248450275,-0.48669151735735827,-1.1513642878859804,-2.8289409963040137,0.739979545152948,-0.06542450471270202
Tre Mann,Home,OKC,MIN,101,107,0,de2d59c9-9319-406f-8e1e-2556a06343e3,-2.1095831395633122,-1.9143611920854473,0.1880757281398747,-0.07361958999396344,-2.687155186588638,0.2828307119199974,0.16252777235186924,-2.9227544248450275,-0.48669151735735827,-1.1513642878859804,-2.8289409963040137,0.739979545152948,-0.06542450471270202
Olivier Sarr,Home,OKC,MIN,101,107,0,de2d59c9-9319-406f-8e1e-2556a06343e3,-2.1095831395633122,-1.9143611920854473,0.1880757281398747,-0.07361958999396344,-2.687155186588638,0.2828307119199974,0.16252777235186924,-2.9227544248450275,-0.48669151735735827,-1.1513642878859804,-2.8289409963040137,0.739979545152948,-0.06542450471270202
Lindy Waters III,Home,OKC,MIN,101,107,0,de2d59c9-9319-406f-8e1e-2556a06343e3,-2.1095831395633122,-1.9143611920854473,0.1880757281398747,-0.07361958999396344,-2.687155186588638,0.2828307119199974,0.16252777235186924,-2.9227544248450275,-0.48669151735735827,-1.1513642878859804,-2.8289409963040137,0.739979545152948,-0.06542450471270202
Luguentz Dort,Home,OKC,DEN,105,100,1,443e6756-b292-46f2-a17a-0015aa304ae1,0.9913848071665589,-0.0327052241684883,0.35923976802654844,0.48687702341719874,1.142344368837846,0.004367514995691139,-1.8243118340647562,-0.7216411294805631,0.6819698677004413,-0.8192606085574505,1.037268730693093,-0.7942475384694397,0.34009365159130694
Shai Gilgeous-Alexander,Home,OKC,DEN,105,100,1,443e6756-b292-46f2-a17a-0015aa304ae1,4.043768368215781,2.3933553764050557,-0.49407898104202047,-0.9515137712689116,2.194686758116795,1.421228993153135,0.026247392964769776,0.9479217550555104,-0.7607675960016893,5.973805328527693,2.3977830672407623,0.1707242813638025,-1.3018293082211585
Chet Holmgren,Home,OKC,DEN,105,100,1,443e6756-b292-46f2-a17a-0015aa304ae1,2.575355589283984,0.14521647947408303,-1.250661990902624,-0.09488582952587447,7.305735903799091,2.3111160900310463,3.621319962084246,1.5084154592186503,-0.3538773139788562,0.2600588216584129,1.757435171845325,1.2125918213245588,-0.2292410334796667
Josh Giddey,Home,OKC,DEN,105,100,1,443e6756-b292-46f2-a17a-0015aa304ae1,-0.16369342274677004,0.9487723113916293,-1.5547821820355268,-0.8191679770783858,3.7339655057770034,-0.8214509571292887,0.8857248271012053,-1.307848672114294,-0.33507652937586857,2.201848111134384,1.0396029714877948,-0.8402066019927341,-0.1918073353200434
Kenrich Williams,Home,OKC,DEN,105,100,1,443e6756-b292-46f2-a17a-0015aa304ae1,-2.0303389653294586,-1.463206788631458,0.1536121279020127,-0.18723494801153887,1.71733296368335,-2.3752765300000402,1.8819280523551167,-2.104663820184679,-0.6205410828065455,-1.1513642878859804,-0.44457422020989557,-0.25550296737127287,0.7310088718934389
Aaron Wiggins,Home,OKC,DEN,105,100,1,443e6756-b292-46f2-a17a-0015aa304ae1,1.0694438956664776,-0.5997738323468578,-0.14867734782923175,-1.0319858347247433,0.24525147616088408,-0.6939874159145322,-0.1445190634876596,2.045661636376649,-0.3350357533669797,-1.1513642878859804,0.5679814753544595,-0.04145388466292635,-0.7547679841983503
Cason Wallace,Home,OKC,DEN,105,100,1,443e6756-b292-46f2-a17a-0015aa304ae1,-0.12751220572706634,-0.794714185181292,-0.019188726998068686,-0.6783907114058588,-0.7010537732874945,-0.7499070167724972,0.5425866872618406,-0.27787859178668217,0.31288753726209756,-1.1513642878859804,0.20369464720567695,-0.9409807664283976,0.37541302868921206
Jaylin Williams,Home,OKC,DEN,105,100,1,443e6756-b292-46f2-a17a-0015aa304ae1,0.10025246512474476,-0.09263364234657126,-0.9664584980322928,-0.2753288219472147,0.47023105605387344,0.4553705624616709,0.7707114797215192,1.718606823485317,-0.502011585288626,-1.1513642878859804,0.3548901888233466,-0.12032507125530544,-0.9821375432255887
Vasilije MiciÄ,Home,OKC,DEN,105,100,1,443e6756-b292-46f2-a17a-0015aa304ae1,0.6025599251701121,1.8734913661665833,-1.9914686980062626,-1.6497011209360848,-0.8054078894950685,-0.13833356505510797,-0.7478424064985881,0.7229152097190847,-0.16429171317185207,2.1180091318563736,1.4334190913954052,0.545654630267702,0.6309351357143715
Ousmane Dieng,Home,OKC,DEN,105,100,1,443e6756-b292-46f2-a17a-0015aa304ae1,-2.1095831395633122,-0.17898295950370624,-3.227217520321119,4.3924720851142,-2.0732961517758355,-0.037233549230196596,0.11030138352033735,-2.9227544248450275,-0.48669151735735827,-1.1513642878859804,-0.8793031604168383,-0.8487649256851376,1.0036364219950074
Lindy Waters III,Home,OKC,DEN,105,100,1,443e6756-b292-46f2-a17a-0015aa304ae1,-2.1095831395633122,-1.9143611920854473,0.1880757281398747,-0.07361958999396344,-0.6625755620770103,-0.33405611394314416,-1.0168358688453731,-2.9227544248450275,-0.48669151735735827,-1.1513642878859804,-1.3754829404427222,-0.739457617614373,0.15880797186350296
DÄvis BertÄns,Home,OKC,DEN,105,100,1,443e6756-b292-46f2-a17a-0015aa304ae1,-2.1095831395633122,-1.9143611920854473,0.1880757281398747,-0.07361958999396344,-2.0732961517758355,-0.037233549230196596,0.11030138352033735,-2.9227544248450275,-0.48669151735735827,-1.1513642878859804,-1.5339553116854792,-0.5913358248734325,0.6078249043709538
Keyontae Johnson,Home,OKC,DEN,105,100,1,443e6756-b292-46f2-a17a-0015aa304ae1,-2.1095831395633122,-1.9143611920854473,0.1880757281398747,-0.07361958999396344,-2.687155186588638,0.2828307119199974,0.16252777235186924,-2.9227544248450275,-0.48669151735735827,-1.1513642878859804,-2.8289409963040137,0.739979545152948,-0.06542450471270202
Tre Mann,Home,OKC,DEN,105,100,1,443e6756-b292-46f2-a17a-0015aa304ae1,-2.1095831395633122,-1.9143611920854473,0.1880757281398747,-0.07361958999396344,-2.687155186588638,0.2828307119199974,0.16252777235186924,-2.9227544248450275,-0.48669151735735827,-1.1513642878859804,-2.8289409963040137,0.739979545152948,-0.06542450471270202
Olivier Sarr,Home,OKC,DEN,105,100,1,443e6756-b292-46f2-a17a-0015aa304ae1,-2.1095831395633122,-1.9143611920854473,0.1880757281398747,-0.07361958999396344,-2.687155186588638,0.2828307119199974,0.16252777235186924,-2.9227544248450275,-0.48669151735735827,-1.1513642878859804,-2.8289409963040137,0.739979545152948,-0.06542450471270202
Shai Gilgeous-Alexander,Home,OKC,CHO,126,106,1,bcd1aaa1-32f7-42e3-bb24-a1e1d170fb09,2.7739550079308524,6.664668238908689,2.199232446438739,-0.3095459176433296,0.6605225805749344,2.9787729924078925,0.5947406343637781,2.4401425959298657,-1.261347539205116,4.483808282989049,2.9295379881293506,2.832268468875499,0.8115490392047551
Cason Wallace,Home,OKC,CHO,126,106,1,bcd1aaa1-32f7-42e3-bb24-a1e1d170fb09,1.1754614052655896,-0.07505607478063064,0.3477637564851847,0.7388910219197842,-0.9799470490606341,-0.08505752970562798,-0.598829606568807,2.2269630391580413,0.09652256943892568,-1.1513642878859804,1.0460104114381843,0.9780498713911835,1.3270494685238965
Chet Holmgren,Home,OKC,CHO,126,106,1,bcd1aaa1-32f7-42e3-bb24-a1e1d170fb09,2.242336682925668,0.7027800116525941,0.21290858598346765,-0.2127594028797651,2.289485429464309,1.9643495782540763,-1.0347384728662261,1.739923883228573,0.5726692285600435,1.8182944139958042,1.348194530924961,0.8891549690483863,0.19325556646501035
Luguentz Dort,Home,OKC,CHO,126,106,1,bcd1aaa1-32f7-42e3-bb24-a1e1d170fb09,0.2601966698124337,-0.8107126474396793,-0.012868274261599822,-0.6612869385073873,-0.0014731465920792776,0.21071047689675604,1.3370722740782508,3.3420142592850417,0.4875365983730576,-1.1513642878859804,0.4234217179642921,0.9571389672659382,0.7609611109663341
Josh Giddey,Home,OKC,CHO,126,106,1,bcd1aaa1-32f7-42e3-bb24-a1e1d170fb09,-0.2609956328188121,1.5508070014637416,-0.44962811064326286,0.10727101250369696,2.209613523444486,0.8472575962574532,-1.803156229464453,-0.5043268098318558,-0.389933383038649,1.1973754436421173,1.1576121094927925,0.12955093873466986,1.2887348018131985
Ousmane Dieng,Home,OKC,CHO,126,106,1,bcd1aaa1-32f7-42e3-bb24-a1e1d170fb09,-0.0585484411122775,0.8199368987753884,-1.2213716628319,-0.9769668544407802,-0.8390219125746042,-0.13755428107069276,-0.6992629641793866,3.094493163614395,-1.020305234006996,1.4273361748070825,0.4237289987234544,-0.12635112923682867,-0.4924837881915398
Aaron Wiggins,Home,OKC,CHO,126,106,1,bcd1aaa1-32f7-42e3-bb24-a1e1d170fb09,0.8949133377758682,1.312006270017411,0.06080060807873131,-0.49027179701952905,-0.8425476345509767,-0.13129117111285668,-0.7165656493784608,1.474266913727202,1.11754364148625,1.3950263096349045,0.9730308700593342,0.794916783997376,0.8950098005833884
Jaylin Williams,Home,OKC,CHO,126,106,1,bcd1aaa1-32f7-42e3-bb24-a1e1d170fb09,-0.25953977659883,-1.6887839903584527,0.1708439280209437,-0.13042726900275117,3.969060883332969,-0.17938581347115143,-1.2127153569689684,1.4362197831732408,0.8437364542662085,1.580643328917059,0.7447664093697285,1.424384746350694,1.9507560884379387
Lindy Waters III,Home,OKC,CHO,126,106,1,bcd1aaa1-32f7-42e3-bb24-a1e1d170fb09,0.46382894725290313,-0.13559966731692338,-1.5144369766545824,1.2146270724952672,1.2455599426151618,-0.3720502106118369,-2.0898333156035704,0.8995131248423338,1.7847553400993799,-1.1513642878859804,-0.11433708991926654,-1.9926196598292591,-0.6820946412969061
Vasilije MiciÄ,Home,OKC,CHO,126,106,1,bcd1aaa1-32f7-42e3-bb24-a1e1d170fb09,-1.5196978428033248,1.8996303254525726,-3.3134923407998595,1.4205007959469134,-2.0889027374066695,-0.02909632225180184,0.1116291730669017,-0.006044633613142264,0.20623951781481384,-1.1513642878859804,0.02456875369967456,-0.9162510777488168,1.0698922452249284
Kenrich Williams,Home,OKC,CHO,126,106,1,bcd1aaa1-32f7-42e3-bb24-a1e1d170fb09,0.33944084404628716,-1.463206788631458,0.1536121279020127,-0.18723494801153887,1.2776542765074321,1.2403739697890688,-0.9674024791018822,2.1238420171615777,0.34245311393843614,-1.1513642878859804,0.23381479622793444,-0.33951185541239837,-0.5925952184433612
Keyontae Johnson,Home,OKC,CHO,126,106,1,bcd1aaa1-32f7-42e3-bb24-a1e1d170fb09,-2.0303389653294586,-0.6391958588531679,-1.6992094209693003,2.246095214719222,-2.0889027374066695,-0.02909632225180184,0.1116291730669017,-2.9227544248450275,-0.48669151735735827,-1.1513642878859804,-1.0381253404531974,-2.273294322436654,0.20289417438507718
Olivier Sarr,Home,OKC,CHO,126,106,1,bcd1aaa1-32f7-42e3-bb24-a1e1d170fb09,-1.4668453668884265,-0.7455410660471778,-0.9685451097443883,1.1779360470795188,3.7141479716512933,-0.4396239041598837,0.5912881262674886,0.0937101413106525,0.18829968674779768,1.557037345428815,-0.25726163623856546,-1.967291374156845,0.15370427467977138
Aleksej Pokusevski,Home,OKC,CHO,126,106,1,bcd1aaa1-32f7-42e3-bb24-a1e1d170fb09,-1.087539233106681,-0.5321601744454602,2.488708840799136,0.9655238350299418,-0.9711696959565883,-0.23753569312812187,-0.7643288255527698,2.0558720369606096,0.2556358186689276,1.557037345428815,-0.1735996802052958,-0.4809334193080896,-0.866213144580861
DÄvis BertÄns,Home,OKC,CHO,126,106,1,bcd1aaa1-32f7-42e3-bb24-a1e1d170fb09,-2.1095831395633122,-1.9143611920854473,0.1880757281398747,-0.07361958999396344,-2.687155186588638,0.2828307119199974,0.16252777235186924,-2.9227544248450275,-0.48669151735735827,-1.1513642878859804,-2.8289409963040137,0.739979545152948,-0.06542450471270202
Shai Gilgeous-Alexander,Home,OKC,TOR,135,127,1,8dc069e2-f5c7-40c2-9a0d-9bb0d961138d,3.2962633170190445,5.458335320147889,-0.5910658763458725,-2.6440760083525054,3.534155710136736,2.1499541826899584,-0.2705465443745557,1.0633344502045385,-0.4587492347567614,1.4987794055041812,2.2279599328573543,0.6101955956780852,-0.6880278290865471
Chet Holmgren,Home,OKC,TOR,135,127,1,8dc069e2-f5c7-40c2-9a0d-9bb0d961138d,4.822626576002667,1.6965771399446044,0.5222673385597127,0.39763660019636576,1.237812209098449,1.7960736262061405,-0.5460586061533942,1.188891594643017,0.40824913765238935,-1.1513642878859804,1.9946885121508382,0.48881293403360543,-0.10868372083896974
Josh Giddey,Home,OKC,TOR,135,127,1,8dc069e2-f5c7-40c2-9a0d-9bb0d961138d,3.375889128299202,1.1103339910344436,-1.4534019028614145,-0.9320885849377346,2.115448184583177,0.7404405051082145,1.1056433949152462,1.3692463279763973,-0.26602234586213674,2.0531401716477067,2.1552884810083097,1.0008565644409144,0.31223086899683333
Luguentz Dort,Home,OKC,TOR,135,127,1,8dc069e2-f5c7-40c2-9a0d-9bb0d961138d,5.537661637373635,1.2732450423949593,-0.34435588206255124,-0.06992851281369675,1.8017275148137268,-1.1372799461708236,-0.08948238867329941,0.8206583837765004,0.6812767880775679,0.4805090941420168,1.9651770710787548,-0.15403716354463165,0.06352026127160834
Cason Wallace,Home,OKC,TOR,135,127,1,8dc069e2-f5c7-40c2-9a0d-9bb0d961138d,1.3182201020797095,-0.7901544171053998,-0.14535054373053213,-1.012806456092593,-0.7606713143783688,1.1861458895160617,0.23508692697919967,0.6041438351053188,1.4336567324824914,-1.1513642878859804,0.29105490300469933,-1.0920548485954278,-0.7786341611231461
Aaron Wiggins,Home,OKC,TOR,135,127,1,8dc069e2-f5c7-40c2-9a0d-9bb0d961138d,4.761752995376319,-0.541529442456659,-0.5673854291531242,-0.2865761395398971,1.9125373371961798,-2.4050335377811383,2.288621868761215,0.9762941443315665,0.6475658765238994,-1.1513642878859804,1.563878954834872,-0.35439527223326894,-0.13767913594548933
Kenrich Williams,Home,OKC,TOR,135,127,1,8dc069e2-f5c7-40c2-9a0d-9bb0d961138d,-0.5505064122615921,-0.6077751049755411,1.1212355964702256,-0.01833766540733249,0.7225381844002005,-1.443916660263795,0.8699719237142749,1.3745381450104182,0.1715765434945994,-1.1513642878859804,0.5312390694887625,0.6508086194219252,0.9559562133265617
Jaylin Williams,Home,OKC,TOR,135,127,1,8dc069e2-f5c7-40c2-9a0d-9bb0d961138d,-0.3468741348211227,-0.7357596454268821,-0.1668400830345262,-1.0709592839473963,2.6728587703667133,-3.097258731327021,1.9345391944600836,-0.250639870798866,1.4558266140532738,-1.1513642878859804,-0.09175241492360325,-1.0464849927655988,-0.19525010686743002
Vasilije MiciÄ,Home,OKC,TOR,135,127,1,8dc069e2-f5c7-40c2-9a0d-9bb0d961138d,-0.6113799928879416,0.5017964409860933,-0.6694072502453846,-2.460867550442367,-1.1741350199923999,-0.18008987593448764,-0.5147833820853459,0.19811949940275506,1.2270895454072492,-1.1513642878859804,-0.015902586853023683,-0.22676678782445142,0.11378052657442833
Ousmane Dieng,Home,OKC,TOR,135,127,1,8dc069e2-f5c7-40c2-9a0d-9bb0d961138d,-1.2551919847365058,-1.2076681111183905,-0.9093576711149943,1.258118298034915,-0.8519916507964874,-0.2794259416067354,-0.8092347800617598,-0.8018796889353649,0.9593287827145114,-1.1513642878859804,-0.27598343333568165,-2.0290824237152707,1.096570852222495
Lindy Waters III,Home,OKC,TOR,135,127,1,8dc069e2-f5c7-40c2-9a0d-9bb0d961138d,-1.2196358832554328,-1.463206788631458,0.1536121279020127,-0.18723494801153887,-2.021274199673056,-0.06435763915817916,0.10587541836512278,6.292441429170696,0.6950511823466076,-1.1513642878859804,-0.6869589395669716,-0.08334867652540594,-0.43354133289586083
DÄvis BertÄns,Home,OKC,TOR,135,127,1,8dc069e2-f5c7-40c2-9a0d-9bb0d961138d,-2.1095831395633122,-1.9143611920854473,0.1880757281398747,-0.07361958999396344,-2.687155186588638,0.2828307119199974,0.16252777235186924,-2.9227544248450275,-0.48669151735735827,-1.1513642878859804,-2.8289409963040137,0.739979545152948,-0.06542450471270202
Keyontae Johnson,Home,OKC,TOR,135,127,1,8dc069e2-f5c7-40c2-9a0d-9bb0d961138d,-2.1095831395633122,-1.9143611920854473,0.1880757281398747,-0.07361958999396344,-2.687155186588638,0.2828307119199974,0.16252777235186924,-2.9227544248450275,-0.48669151735735827,-1.1513642878859804,-2.8289409963040137,0.739979545152948,-0.06542450471270202
Aleksej Pokusevski,Home,OKC,TOR,135,127,1,8dc069e2-f5c7-40c2-9a0d-9bb0d961138d,-2.1095831395633122,-1.9143611920854473,0.1880757281398747,-0.07361958999396344,-2.687155186588638,0.2828307119199974,0.16252777235186924,-2.9227544248450275,-0.48669151735735827,-1.1513642878859804,-2.8289409963040137,0.739979545152948,-0.06542450471270202
Olivier Sarr,Home,OKC,TOR,135,127,1,8dc069e2-f5c7-40c2-9a0d-9bb0d961138d,-2.1095831395633122,-1.9143611920854473,0.1880757281398747,-0.07361958999396344,-2.687155186588638,0.2828307119199974,0.16252777235186924,-2.9227544248450275,-0.48669151735735827,-1.1513642878859804,-2.8289409963040137,0.739979545152948,-0.06542450471270202
Shai Gilgeous-Alexander,Away,OKC,UTA,117,124,0,2f2a0605-aff3-436d-9114-963844afead2,3.8670838253559094,2.2615693640537478,-0.673460256034617,-1.261950105229894,0.65697540620345,0.31630740608986485,0.32423004008748846,0.984279508952195,-0.7918914105692204,1.9572576122029148,1.9647642748873653,-0.5697648244309209,-0.8304887686270285
Jalen Williams,Away,OKC,UTA,117,124,0,2f2a0605-aff3-436d-9114-963844afead2,4.186210573326925,1.3320912646987326,-0.4577425505011376,-0.4406177723103996,0.7552744800505989,-0.6814905800075729,-0.47510174547795175,1.2609771101751324,-0.35148258235248003,1.477952531871656,1.6664370461388147,-0.5232685412007916,-0.9225942423253395
Chet Holmgren,Away,OKC,UTA,117,124,0,2f2a0605-aff3-436d-9114-963844afead2,3.6241728311058736,2.273471396100438,2.0648971572061563,0.4260469063666752,4.616809655284871,2.2054483940444056,2.5743212122479235,2.032109411207874,-0.06382855183624306,1.1035972639796747,1.3698596090768713,0.2749420583043515,-1.629397225795449
Luguentz Dort,Away,OKC,UTA,117,124,0,2f2a0605-aff3-436d-9114-963844afead2,1.053401686243575,0.20182569197956393,0.930567801776785,-0.2835002649287727,-0.9996517065607822,0.9376737147870616,0.24952392066494045,0.631852048416742,0.7149734871174396,1.2033923669974338,0.3917026726178534,-1.4286512227580384,-0.8448626487597853
Josh Giddey,Away,OKC,UTA,117,124,0,2f2a0605-aff3-436d-9114-963844afead2,0.762435050580813,0.0042600268258056444,-0.7794099616165313,-0.19086341398315762,0.23120728946651697,0.9262307271927442,-0.5080924472771003,0.5115447873437972,0.39961935785734076,-1.1513642878859804,0.40058712414605574,-1.1504872571652953,-0.16618972469716792
Aaron Wiggins,Away,OKC,UTA,117,124,0,2f2a0605-aff3-436d-9114-963844afead2,0.39229331996118544,-1.4554473281038882,0.026186220622255427,-0.5250714472779673,1.265066829671368,-1.8798263871730765,0.9671898478742265,2.2764634613094215,0.32018028671106485,0.6371944207689554,0.026794018471581534,-0.6559875624481544,-1.209648383712016
Cason Wallace,Away,OKC,UTA,117,124,0,2f2a0605-aff3-436d-9114-963844afead2,-0.955130025188614,-1.6887839903584527,0.1708439280209437,-0.13042726900275117,-1.9640500523599977,-0.09419413807895996,0.10100685669438675,1.9610729625122914,1.5765119916480042,-1.1513642878859804,-0.5078462177192957,-0.7107433111375825,0.2477650473835829
Kenrich Williams,Away,OKC,UTA,117,124,0,2f2a0605-aff3-436d-9114-963844afead2,-1.4220830749619675,1.0678102505911438,0.36652678739020444,0.6573605137436417,-0.9691287907651793,-1.0495391988479368,1.160983761443721,-2.31005221580462,0.9305896108451458,-1.1513642878859804,-0.1730208264974701,-1.4531928492580748,1.065618558996737
Jaylin Williams,Away,OKC,UTA,117,124,0,2f2a0605-aff3-436d-9114-963844afead2,-0.4528916444202348,1.3189576148733178,0.3601037121123686,-0.07811718974042967,1.31883215484294,0.303000363552483,0.7326412466421138,-0.775493587199331,0.6908739683301169,-1.1513642878859804,0.27978244471393965,-0.9427319515014361,-0.10964335553421686
Vasilije MiciÄ,Away,OKC,UTA,117,124,0,2f2a0605-aff3-436d-9114-963844afead2,-1.8450772814964933,0.7478239185408975,-3.298980331371989,3.3812025977366154,-1.0094420689042207,-0.24386556219935737,-0.6206733327803303,-2.165772852981026,2.424510409587104,-1.1513642878859804,-0.5031630271525881,-2.2020876419086046,1.4118350102985713
Ousmane Dieng,Away,OKC,UTA,117,124,0,2f2a0605-aff3-436d-9114-963844afead2,-0.004309188254385175,-0.1221726754074825,1.6810096033350497,-0.009210220175952855,0.6128849465055798,1.4696023101472104,-0.4401432995144769,5.40141087023675,-0.14762449237757477,-1.1513642878859804,0.42404729897078586,2.2986487902213035,-1.21588163562943
Lindy Waters III,Away,OKC,UTA,117,124,0,2f2a0605-aff3-436d-9114-963844afead2,-2.1095831395633122,-1.9143611920854473,0.1880757281398747,-0.07361958999396344,-1.9640500523599977,-0.09419413807895996,0.10100685669438675,-2.9227544248450275,-0.48669151735735827,-1.1513642878859804,-1.514311766265953,-0.643057948411094,0.899806089990152
Tre Mann,Away,OKC,UTA,117,124,0,2f2a0605-aff3-436d-9114-963844afead2,-2.1095831395633122,-1.9143611920854473,0.1880757281398747,-0.07361958999396344,-2.687155186588638,0.2828307119199974,0.16252777235186924,-2.9227544248450275,-0.48669151735735827,-1.1513642878859804,-2.8289409963040137,0.739979545152948,-0.06542450471270202
Aleksej Pokusevski,Away,OKC,UTA,117,124,0,2f2a0605-aff3-436d-9114-963844afead2,-2.1095831395633122,-1.9143611920854473,0.1880757281398747,-0.07361958999396344,-2.687155186588638,0.2828307119199974,0.16252777235186924,-2.9227544248450275,-0.48669151735735827,-1.1513642878859804,-2.8289409963040137,0.739979545152948,-0.06542450471270202
Shai Gilgeous-Alexander,Away,OKC,DAL,111,146,0,04492baf-7127-4f07-8b42-1bb5d47424a2,1.7435083597164662,1.7708100443651305,-1.9810986927768661,-0.8546956177970865,2.050739903867486,-0.19654439893114317,0.5962580775646232,0.30042531854989263,-1.4111354107855578,3.7055226107169603,1.0409848662626295,-2.044662946855111,-2.888350174730019
Jalen Williams,Away,OKC,DAL,111,146,0,04492baf-7127-4f07-8b42-1bb5d47424a2,0.602490845893124,2.2258863461050216,-1.9557378680894755,-1.5624620674508638,-0.11443591771901468,-0.7182865759888077,0.07482244166857815,0.11212154237462363,-0.2188538794075457,-1.1513642878859804,0.3795765071214581,-1.70550336653511,-1.2247492664422135
Josh Giddey,Away,OKC,DAL,111,146,0,04492baf-7127-4f07-8b42-1bb5d47424a2,2.6492196007603033,0.7238003264320703,0.2606736928034804,-0.35943252057586644,-0.014698794460879697,-0.7790111468038602,0.03781455291735192,-0.3251510487683176,1.0115813180244713,1.0333367887444425,0.5786808189956303,-2.2292461758475888,-1.5680938332553023
Chet Holmgren,Away,OKC,DAL,111,146,0,04492baf-7127-4f07-8b42-1bb5d47424a2,0.902621884718004,-1.0120523851774688,0.11914852766415074,-0.3008503060291143,6.435221458790565,-1.6892711375900036,0.4063393682713765,1.9613450020924554,-0.12438251400791939,2.0129944997154743,0.4923108995740487,-0.23399725674075397,-0.6843585780387079
Luguentz Dort,Away,OKC,DAL,111,146,0,04492baf-7127-4f07-8b42-1bb5d47424a2,0.4282728457718302,0.7346828539560013,-1.5319607354872142,0.3307836820008409,-1.927634685888052,-0.11318100102854775,0.09790868108573654,-0.37765190353422173,1.5592102299072836,-1.1513642878859804,0.09680692027541549,-1.9058408505486018,0.21244027364456938
Cason Wallace,Away,OKC,DAL,111,146,0,04492baf-7127-4f07-8b42-1bb5d47424a2,2.533234239311442,-0.31332611270602506,0.5824820862366122,0.8460629077628993,-0.8192554930043261,-0.15089316452747972,-0.6500606323137569,1.0158514894978061,0.6402337199845736,1.0931265788473334,0.4694743139851146,-1.5666127187323482,-1.4819382397282335
Aaron Wiggins,Away,OKC,DAL,111,146,0,04492baf-7127-4f07-8b42-1bb5d47424a2,-0.44480146043179547,0.20494138790224786,2.2825690657846707,0.6709535107974709,0.5972601051005331,-0.8244387696404589,-0.37577993189217646,1.506817171819217,0.14284247501272207,1.580643328917059,-0.12527329535448847,-0.8738407923702451,-1.0156584218516682
Isaiah Joe,Away,OKC,DAL,111,146,0,04492baf-7127-4f07-8b42-1bb5d47424a2,0.3578114376537911,-1.4138513262320807,0.009753043507436472,-0.5695412568139935,-1.2230971159273316,-0.17996718740482923,-0.40457148003955695,0.6148266593290519,0.9131688869818474,-1.1513642878859804,-0.16480454283056417,-1.2581000043975323,-0.7749903375952887
Lindy Waters III,Away,OKC,DAL,111,146,0,04492baf-7127-4f07-8b42-1bb5d47424a2,1.168514519727817,-0.8475079945177008,-0.07021781643300114,-0.8063037797005643,1.0227974981036316,1.1880880240248028,-0.84313547816809,1.9922312850592865,1.106129034360122,-1.1513642878859804,-0.07840135826438148,-0.7930833762410208,-2.0650663488821417
Ousmane Dieng,Away,OKC,DAL,111,146,0,04492baf-7127-4f07-8b42-1bb5d47424a2,0.15536424594725648,-0.3419921757976884,-0.8302410625791087,-0.4358523937742768,-1.303697625140471,1.4685555924187368,0.8745686002223821,-1.4284804429114186,0.9548857116426523,-1.1513642878859804,0.4339831117371148,-1.9746941801511926,0.7264994513228485
Kenrich Williams,Away,OKC,DAL,111,146,0,04492baf-7127-4f07-8b42-1bb5d47424a2,-1.7658331072626399,0.23374270296632463,-0.26231318500341927,-1.3700258461561279,-0.9986643915746217,-0.94693642736094,1.021263072072696,-2.085737050010654,0.8938889235445623,-1.1513642878859804,-1.0731558376059924,-2.192265091452479,-0.5163189578615721
Olivier Sarr,Away,OKC,DAL,111,146,0,04492baf-7127-4f07-8b42-1bb5d47424a2,-0.9484956974201568,-1.9143611920854473,0.1880757281398747,-0.07361958999396344,1.6573057632164803,-2.6972908044663617,1.63905465924893,1.2153887336798654,-1.684975872621493,1.7782941949098459,0.4437096345405007,-0.10736524854232789,-0.9513925325678969
Aleksej Pokusevski,Away,OKC,DAL,111,146,0,04492baf-7127-4f07-8b42-1bb5d47424a2,-1.8450772814964933,-1.9143611920854473,0.1880757281398747,-0.07361958999396344,-1.9224324906777739,-0.11589341002134601,0.09746608457021509,-2.277930435878009,2.442860753237396,-1.1513642878859804,-1.003460154629631,-1.1594469313802422,0.9306225191487594
Jaylin Williams,Away,OKC,DAL,111,146,0,04492baf-7127-4f07-8b42-1bb5d47424a2,-1.8450772814964933,0.25531364881520746,3.951308194945394,1.6585480891244178,1.9179959653710519,-0.9557131627748141,-3.2652915372712923,-2.277930435878009,2.442860753237396,-1.1513642878859804,-0.814976851400268,-0.6672763138237361,-0.2830686692551632
Shai Gilgeous-Alexander,Home,OKC,SAC,127,113,1,8468ccf6-347d-4985-9654-26a9dbce37d7,5.786021873658191,1.542124536014936,-0.23123640934745623,-1.6562588640805087,0.2704411410433976,1.933903120200079,0.16245825891798796,1.4322354439564113,-0.8285781843119597,2.855199171157699,2.8320351993769575,0.9122684074873569,0.11431431219781105
Jalen Williams,Home,OKC,SAC,127,113,1,8468ccf6-347d-4985-9654-26a9dbce37d7,4.386127689639798,2.7562980965547497,-1.8430407345536726,-2.3354042323654536,2.1739182143680056,-0.7066172745794896,-1.294897108881712,1.595505110375618,-0.872029972372202,1.9504243783940223,2.5814905331284,1.5554187633552952,0.914872072697724
Luguentz Dort,Home,OKC,SAC,127,113,1,8468ccf6-347d-4985-9654-26a9dbce37d7,2.1099274750076007,1.6019824092949702,1.724592140727324,2.1233496614054315,3.510424908161295,-0.33040482885315325,-0.10218719945278444,1.821846215041517,0.26032075910123204,2.3244938344223653,1.861812465926644,1.8834927152510377,1.46740243022066
Chet Holmgren,Home,OKC,SAC,127,113,1,8468ccf6-347d-4985-9654-26a9dbce37d7,0.416224022163468,1.667844283993051,0.6327324031636541,1.1219286908559325,2.1191984756271034,3.620535991243102,1.991314552580707,0.40514153297795863,-0.7510104998641217,2.3244938344223653,1.562610025452811,1.076821143598422,1.0864236207473499
Josh Giddey,Home,OKC,SAC,127,113,1,8468ccf6-347d-4985-9654-26a9dbce37d7,-0.20675637996091975,0.32925170308086116,-0.4049940963147187,-1.7625066714620194,1.7492197202036937,0.996254099876453,-1.4278871611616308,0.11331346266925268,0.42998901533455464,-1.1513642878859804,0.8824068653702752,1.3957015368245347,1.9317191420666544
Jaylin Williams,Home,OKC,SAC,127,113,1,8468ccf6-347d-4985-9654-26a9dbce37d7,-1.4223265534542946,-0.7437599926723462,-0.09179327320101212,-0.878051878638499,-1.4236976627476927,-0.09984305585650195,-0.30808176948861554,-1.3890945555424272,0.23890818807851252,5.127725098512973,-0.15013598101307363,-1.498273956582652,-0.7345312918947519
Aaron Wiggins,Home,OKC,SAC,127,113,1,8468ccf6-347d-4985-9654-26a9dbce37d7,-0.5505064122615921,-0.17443819340773117,-1.0794113192072698,0.13391979485552674,-2.0472851757244457,-0.050795594194187874,0.10808840094273006,1.08424793045352,0.21907155058947225,-1.1513642878859804,-0.45962790298712525,-1.9033110850082462,-1.4341873624868586
Isaiah Joe,Home,OKC,SAC,127,113,1,8468ccf6-347d-4985-9654-26a9dbce37d7,-1.2196358832554328,0.21800945326391985,1.1396802387860683,-0.45838052804673346,0.37430113587845937,-1.1544538579152215,0.16692892696775796,5.969163690232332,0.747943349338625,-1.1513642878859804,-0.6067011005545574,-0.2925153263877931,-1.3614079785636701
Kenrich Williams,Home,OKC,SAC,127,113,1,8468ccf6-347d-4985-9654-26a9dbce37d7,-0.2504444527137002,-1.32425993758511,-0.02564149181678907,-0.6653223850454344,-1.1064162156378954,-0.20446817731297226,-0.5819431545117216,3.512708588679294,0.39274953142012436,-1.1513642878859804,-0.09675922596494162,0.3937427568681722,-0.8828965918971073
Cason Wallace,Home,OKC,SAC,127,113,1,8468ccf6-347d-4985-9654-26a9dbce37d7,-1.3160655653628555,-1.9143611920854473,0.1880757281398747,-0.07361958999396344,-2.0472851757244457,-0.050795594194187874,0.10808840094273006,-2.277930435878009,2.442860753237396,-1.1513642878859804,-0.8512488906386435,-2.4877137918956573,0.3384435892033301
Ousmane Dieng,Home,OKC,SAC,127,113,1,8468ccf6-347d-4985-9654-26a9dbce37d7,-1.7842037008701437,1.6857511649278243,0.7149480492049171,2.5981259011029554,1.9963066635644349,2.4593855542630694,-0.6535552612484371,1.8633933711978434,-1.9645363668626035,-1.1513642878859804,0.1614864616131082,1.4541721445443323,-0.6649844608145502
Aleksej Pokusevski,Home,OKC,SAC,127,113,1,8468ccf6-347d-4985-9654-26a9dbce37d7,-2.1095831395633122,-1.9143611920854473,0.1880757281398747,-0.07361958999396344,-2.687155186588638,0.2828307119199974,0.16252777235186924,-2.9227544248450275,-0.48669151735735827,-1.1513642878859804,-2.8289409963040137,0.739979545152948,-0.06542450471270202
Olivier Sarr,Home,OKC,SAC,127,113,1,8468ccf6-347d-4985-9654-26a9dbce37d7,-2.1095831395633122,-1.9143611920854473,0.1880757281398747,-0.07361958999396344,-2.687155186588638,0.2828307119199974,0.16252777235186924,-2.9227544248450275,-0.48669151735735827,-1.1513642878859804,-2.8289409963040137,0.739979545152948,-0.06542450471270202
Lindy Waters III,Home,OKC,SAC,127,113,1,8468ccf6-347d-4985-9654-26a9dbce37d7,-2.1095831395633122,-1.9143611920854473,0.1880757281398747,-0.07361958999396344,-2.687155186588638,0.2828307119199974,0.16252777235186924,-2.9227544248450275,-0.48669151735735827,-1.1513642878859804,-2.8289409963040137,0.739979545152948,-0.06542450471270202
Jalen Williams,Away,OKC,ORL,127,113,1,a57c76bd-c432-4c42-a4d8-ad21da90e72c,4.837038529990249,1.7144347132788669,-0.6971522853759382,0.48753720735899797,-1.043895402828454,-0.06709925959109067,-0.5182527955997192,1.7613217426467844,-0.5115439956066656,3.100056565731407,2.0079095082761254,-0.16106248834284825,-0.5424443613061772
Shai Gilgeous-Alexander,Away,OKC,ORL,127,113,1,a57c76bd-c432-4c42-a4d8-ad21da90e72c,3.5400050519504314,2.633079465772425,0.8529573575894082,-0.8762879395844417,-0.12613033211850908,0.9144532158775158,-0.3688796755233025,1.1040548314293719,-0.9298402238509453,4.436374417973729,2.2691117447919713,-0.6589275524870086,-0.43403381085271264
Chet Holmgren,Away,OKC,ORL,127,113,1,a57c76bd-c432-4c42-a4d8-ad21da90e72c,0.6554124010850104,0.6695195712953547,0.2960141569878581,0.3899997276350951,5.258470983634308,3.705656665974145,1.755456285027913,0.9360353288159007,-0.20517320848296475,2.410345840723952,1.2899636903428635,0.741876090846027,0.536405213183811
Luguentz Dort,Away,OKC,ORL,127,113,1,a57c76bd-c432-4c42-a4d8-ad21da90e72c,0.5247025278792526,1.5028624443472582,0.7485656080582084,0.38850482881054055,0.04803046153532001,-0.10854020446590887,-1.2347729146129898,2.0869784778301823,0.8860751598678956,-1.1513642878859804,0.6469076511645212,0.24503661998501078,-0.6681276126442967
Josh Giddey,Away,OKC,ORL,127,113,1,a57c76bd-c432-4c42-a4d8-ad21da90e72c,0.3108316281029867,0.6226767399554514,-1.1092621913913252,-1.1032111881669393,0.9808795828189768,-0.834873714225662,-0.5265360175221934,0.7499557059274288,-0.38367960245455607,-1.1513642878859804,0.6885218226787849,-0.2567780551036553,-0.3590132760151114
Jaylin Williams,Away,OKC,ORL,127,113,1,a57c76bd-c432-4c42-a4d8-ad21da90e72c,-0.06518276888073471,-0.8029531869121098,-0.14029418154135714,-0.9991234377738156,-1.3226363837152701,-0.13260980273114473,-0.39395945115550157,3.3771763022675896,1.2871728227658785,-1.1513642878859804,-0.09163761457816032,0.2634424841670433,-0.6789322057473093
Cason Wallace,Away,OKC,ORL,127,113,1,a57c76bd-c432-4c42-a4d8-ad21da90e72c,0.5247025278792526,-1.4490479432005332,0.023658039527667905,-0.5319129564373559,-0.01890268922982982,1.1923028444404282,-0.21931754651589483,2.1661485363457,0.8731219761147485,-1.1513642878859804,0.5802216918757895,1.228861480070537,0.5124199006533725
Aaron Wiggins,Away,OKC,ORL,127,113,1,a57c76bd-c432-4c42-a4d8-ad21da90e72c,-0.5505064122615921,-0.1747020739551976,0.5883251894212448,1.5859815329935363,-0.7369245622195909,1.325234922075475,0.28782694406547493,0.9522978329276574,0.24066019017805085,-1.1513642878859804,0.3933725871694926,0.47896280533539043,0.9426200092211834
Isaiah Joe,Away,OKC,ORL,127,113,1,a57c76bd-c432-4c42-a4d8-ad21da90e72c,0.33836662487260855,0.1571571874750344,-1.4333270696117182,0.8093699203834716,-1.240856596386516,-0.15866383483435542,-0.4678933187243871,1.5027906298387865,-0.03127162077229498,0.6552792498273902,0.8733051724206227,-0.17662832043088245,0.8842899177075021
Kenrich Williams,Away,OKC,ORL,127,113,1,a57c76bd-c432-4c42-a4d8-ad21da90e72c,-1.8450772814964933,-0.8237500717317434,-0.2039641764492273,-1.161244051865464,-0.07962141844827239,-0.38075954788631916,-1.3595687729592498,-1.6643624823827479,2.3424735791505054,-1.1513642878859804,-0.5547552793356881,0.2438670928199598,0.50396404141594
Ousmane Dieng,Away,OKC,ORL,127,113,1,a57c76bd-c432-4c42-a4d8-ad21da90e72c,-1.4748664715998776,2.4805649682018323,0.1342855027431738,-0.1930366612337628,-0.7496598092607685,-1.4072417400845427,1.5362205627971166,-1.0964535476691906,2.222809064722005,2.347179099466942,0.29589871489646014,0.5205867088714292,0.20041363106079005
Lindy Waters III,Away,OKC,ORL,127,113,1,a57c76bd-c432-4c42-a4d8-ad21da90e72c,-2.1095831395633122,2.3505564999909114,7.84286719079883,3.5024876223400767,-2.359416888341125,0.1119489453737074,0.13464419187401747,-2.9227544248450275,-0.48669151735735827,-1.1513642878859804,-0.9436668915208504,1.6282434307920104,-1.675332515583457
Aleksej Pokusevski,Away,OKC,ORL,127,113,1,a57c76bd-c432-4c42-a4d8-ad21da90e72c,-2.1095831395633122,-1.9143611920854473,0.1880757281398747,-0.07361958999396344,-2.687155186588638,0.2828307119199974,0.16252777235186924,-2.9227544248450275,-0.48669151735735827,-1.1513642878859804,-2.8289409963040137,0.739979545152948,-0.06542450471270202
Jalen Williams,Home,OKC,LAC,129,107,1,55144da0-9ef3-4f5d-ae99-e1e5b85fb418,2.248901931417137,1.685335905520549,-0.13890161790501732,-1.093050383080627,1.0564944352481505,2.7691338383728836,0.2842948573518234,1.1375392205501842,-0.39200898302746623,1.1035972639796747,1.537760923523622,0.3170535946641878,-0.33435194368370286
Shai Gilgeous-Alexander,Home,OKC,LAC,129,107,1,55144da0-9ef3-4f5d-ae99-e1e5b85fb418,4.810577752394306,2.4928505159788688,-0.768357290695677,-1.4192331235918727,0.6933970155182587,1.8592929706826666,-0.16531693221390462,1.6326061472373854,-0.5150730344105724,2.1352378269678924,2.4839743405919528,1.5970918405916326,0.27865097888674384
Chet Holmgren,Home,OKC,LAC,129,107,1,55144da0-9ef3-4f5d-ae99-e1e5b85fb418,2.673351994171645,1.2892943440800755,-1.7440127647569417,0.4227343114962981,4.806620710421332,1.0419526057031518,1.6112330300531037,1.1802450783356764,0.20236317489285496,1.011758424359963,1.3393219029582992,-0.2923015747708884,-0.3898528177285834
Luguentz Dort,Home,OKC,LAC,129,107,1,55144da0-9ef3-4f5d-ae99-e1e5b85fb418,3.1391617454943312,-0.24612901902274795,0.9637673114673533,-0.17330566149089166,0.5160944423918218,1.316261763164624,1.188927871122384,1.7858073485451627,-0.08974586332887483,-1.1513642878859804,1.1869559109817658,0.2167022503828406,-0.6442126424961881
Josh Giddey,Home,OKC,LAC,129,107,1,55144da0-9ef3-4f5d-ae99-e1e5b85fb418,0.7610482736378189,0.19913841966849713,-1.6840007522368747,0.9527595054873831,1.277426303723121,0.9174106329466505,-1.2063200389390734,0.15629531766730084,-0.23224786509096312,1.6888802766005524,1.0086208388388955,-0.9357436999078649,0.1656379172302562
Cason Wallace,Home,OKC,LAC,129,107,1,55144da0-9ef3-4f5d-ae99-e1e5b85fb418,-0.5688770058690961,2.606110525030615,4.471283844064964,0.74846163930377,0.8164183281976618,-1.6741560778511144,1.1518565653326776,4.558506024383129,-1.001342187828025,-1.1513642878859804,0.6865376835404706,2.5933682661730613,-0.17752634135330853
Isaiah Joe,Home,OKC,LAC,129,107,1,55144da0-9ef3-4f5d-ae99-e1e5b85fb418,0.021008290890891314,-0.4626360796883742,-0.8289755068016308,0.4009146702383373,-0.8133512096473771,-0.14311486125766315,-0.7216233631947802,2.4311545767340674,-0.5099105514043265,-1.1513642878859804,0.42274845194863203,0.2695571987301124,0.4520907496209845
Kenrich Williams,Home,OKC,LAC,129,107,1,55144da0-9ef3-4f5d-ae99-e1e5b85fb418,0.11862305873224865,-1.6887839903584527,0.1708439280209437,-0.13042726900275117,1.747433933947471,-1.2869449403835063,-0.782469244331147,0.4281209814978032,0.09802490177813546,-1.1513642878859804,0.7378219400264848,0.4876588035681897,1.7452548085604442
Aaron Wiggins,Home,OKC,LAC,129,107,1,55144da0-9ef3-4f5d-ae99-e1e5b85fb418,0.6567991780280044,1.2001844648464899,1.666261731707538,2.695443377250905,-0.368089814361485,-1.0864695140049438,0.7020711159631823,1.3354526826865258,0.6767719891727463,0.6552792498273902,1.2127896751557068,1.1422395063945958,1.3420212411509196
Gordon Hayward,Home,OKC,LAC,129,107,1,55144da0-9ef3-4f5d-ae99-e1e5b85fb418,-1.9510947910956054,-1.9143611920854473,0.1880757281398747,-0.07361958999396344,0.9281506265601847,-0.4038755478124469,-1.9822070475998914,-2.9227544248450275,-0.48669151735735827,-1.1513642878859804,-0.6112517225834502,-0.9403669603191412,0.47865666998040446
Olivier Sarr,Home,OKC,LAC,129,107,1,55144da0-9ef3-4f5d-ae99-e1e5b85fb418,-2.1095831395633122,-1.9143611920854473,0.1880757281398747,-0.07361958999396344,3.0534473558360333,-1.5663940287212241,-4.215977305397656,-2.9227544248450275,-0.48669151735735827,-1.1513642878859804,-1.2233967801828587,0.36315355418317596,0.22951798767821296
Lindy Waters III,Home,OKC,LAC,129,107,1,55144da0-9ef3-4f5d-ae99-e1e5b85fb418,-2.1095831395633122,-1.9143611920854473,0.1880757281398747,-0.07361958999396344,-2.0680939565655576,-0.03994595822299486,0.10985878700481588,-2.9227544248450275,-0.48669151735735827,-1.1513642878859804,-1.3628076944815006,-0.2243723262725408,0.7598932130268081
Bismack Biyombo,Home,OKC,LAC,129,107,1,55144da0-9ef3-4f5d-ae99-e1e5b85fb418,-2.1095831395633122,-1.9143611920854473,0.1880757281398747,-0.07361958999396344,-2.687155186588638,0.2828307119199974,0.16252777235186924,-2.9227544248450275,-0.48669151735735827,-1.1513642878859804,-2.8289409963040137,0.739979545152948,-0.06542450471270202
Aleksej Pokusevski,Home,OKC,LAC,129,107,1,55144da0-9ef3-4f5d-ae99-e1e5b85fb418,-2.1095831395633122,-1.9143611920854473,0.1880757281398747,-0.07361958999396344,-2.687155186588638,0.2828307119199974,0.16252777235186924,-2.9227544248450275,-0.48669151735735827,-1.1513642878859804,-2.8289409963040137,0.739979545152948,-0.06542450471270202
Jaylin Williams,Home,OKC,LAC,129,107,1,55144da0-9ef3-4f5d-ae99-e1e5b85fb418,-2.1095831395633122,-1.9143611920854473,0.1880757281398747,-0.07361958999396344,-2.687155186588638,0.2828307119199974,0.16252777235186924,-2.9227544248450275,-0.48669151735735827,-1.1513642878859804,-2.8289409963040137,0.739979545152948,-0.06542450471270202
Shai Gilgeous-Alexander,Home,OKC,WAS,147,106,1,6d4bb5e3-155c-454e-9437-c81798509b3e,3.1096839355200734,2.8813025369477825,-0.4464790409133217,-2.2952966755998383,1.6061232340305864,0.9594164386124787,-1.3781811105428332,1.2487556493365088,-0.9166787407086164,4.529061194933078,2.625636228713891,2.4938689263250926,1.6806987585370994
Luguentz Dort,Home,OKC,WAS,147,106,1,6d4bb5e3-155c-454e-9437-c81798509b3e,0.9832528358948515,0.14869325766934302,2.1780976833456522,0.6214517783621512,-2.1669356655608394,0.01158981264017198,0.11826812079972357,2.0703651288804665,0.651879777221557,-1.1513642878859804,0.9216587710809256,1.609846487290614,1.595225102102011
Chet Holmgren,Home,OKC,WAS,147,106,1,6d4bb5e3-155c-454e-9437-c81798509b3e,3.4450963714063176,-0.14138722338328244,-1.3400288268786416,1.3757201773015715,4.281560025939027,1.2305233383742373,-0.8096401302183128,2.011071435799051,-0.5983612752623388,0.24319503470631543,1.5789709269257395,0.16405255904221966,-0.1373006289617941
Josh Giddey,Home,OKC,WAS,147,106,1,6d4bb5e3-155c-454e-9437-c81798509b3e,0.5577285539666649,1.353295603752847,-0.8746465571301938,1.235048179606009,3.1434229563883074,0.5522382435147299,1.4138283519262924,1.326353701336003,-0.656977860102191,0.40723368960399037,1.3784497472291046,1.25375878240006,1.034728280735139
Jalen Williams,Home,OKC,WAS,147,106,1,6d4bb5e3-155c-454e-9437-c81798509b3e,0.42563190381791316,1.4497958744253168,-1.2382109344216345,-1.3948934580204457,-0.5399601048097202,1.0855392838885523,-0.021978134440911568,1.8909686621506558,-0.700427845635729,-0.7395408884202627,0.6463415558057544,0.26725388518202686,0.014605098443650074
Cason Wallace,Home,OKC,WAS,147,106,1,6d4bb5e3-155c-454e-9437-c81798509b3e,1.7400292228803005,-0.5650381425022817,-0.6814780875839751,0.2732814222776178,1.1333491774086184,-1.6136327531955825,1.0040155152953634,2.8158881364057153,0.4661715733939776,-1.1513642878859804,0.7780173569275941,0.7765230923817215,0.3035322372229783
Isaiah Joe,Home,OKC,WAS,147,106,1,6d4bb5e3-155c-454e-9437-c81798509b3e,0.7892083859460716,0.877177444017684,0.643901734400993,-1.4218036393493658,-0.5741707576626585,1.085561638385059,-0.02145503056836784,1.6514817961801327,1.0897824568030379,-1.1513642878859804,1.1201857903850625,2.508824561452189,1.5699633768762697
Jaylin Williams,Home,OKC,WAS,147,106,1,6d4bb5e3-155c-454e-9437-c81798509b3e,0.06691388126801709,0.32811899836242436,-1.1101982487946493,-0.3492006914138862,3.5754213217506723,-0.004755406552942194,-0.904870334229875,1.955967907615334,0.8905475826097021,0.7905015748789318,0.9902618897054719,2.195123084391475,1.6339030169531827
Aaron Wiggins,Home,OKC,WAS,147,106,1,6d4bb5e3-155c-454e-9437-c81798509b3e,-0.005695965197379114,0.28717432774444285,-1.9542999705778519,1.6417670828717736,0.10991023534298981,-1.0939077091564733,0.43374167830166027,2.8487144494190497,-0.9811720076920376,2.148801738930482,0.6384905763539386,-0.41309548855281003,-0.144875497290653
Gordon Hayward,Home,OKC,WAS,147,106,1,6d4bb5e3-155c-454e-9437-c81798509b3e,-0.7107631747185965,-1.4746454828139535,0.03377076390601799,-0.5045469197998015,2.0689512425929006,-1.3101184984384202,-0.808600981405442,-0.2472709408377712,-1.22858024296939,1.252566019121709,0.43632505106861,-0.5413568128433014,0.3971330969030191
Kenrich Williams,Home,OKC,WAS,147,106,1,6d4bb5e3-155c-454e-9437-c81798509b3e,1.9792176018018428,-0.4411592328615262,-0.7762935309310289,0.24246252119699688,-0.8472603725406305,-0.12889260473228067,-0.7238943461756633,3.1528611364736228,1.3238735100664623,-1.1513642878859804,0.8557987659596371,1.3204864655536264,0.5064851522533347
Bismack Biyombo,Home,OKC,WAS,147,106,1,6d4bb5e3-155c-454e-9437-c81798509b3e,-2.1095831395633122,0.046594242223288417,-3.2444493204400504,4.335664406105412,-0.5084955509197114,1.739642891226573,0.42397960066243456,-2.9227544248450275,-0.48669151735735827,-1.1513642878859804,-0.732746797188795,-0.2086838162823229,0.6844383063653187
Keyontae Johnson,Home,OKC,WAS,147,106,1,6d4bb5e3-155c-454e-9437-c81798509b3e,-1.7658331072626399,-1.6887839903584527,0.1708439280209437,-0.13042726900275117,1.006279424917004,-0.6051287102097658,-2.1641379063377757,-2.600342430361518,0.9780846179400188,-1.1513642878859804,-0.6885189256065748,-1.3888482456422009,1.301488977729613
Adam Flagler,Home,OKC,WAS,147,106,1,6d4bb5e3-155c-454e-9437-c81798509b3e,-1.3160655653628555,-1.199471931969687,-0.07494102316124601,-0.7987318136535128,-2.1253181038786155,-0.01010945930221406,0.11472734867555191,-2.0734077847129218,2.409398361875099,-1.1513642878859804,-0.41055147106487305,-2.207867976103582,1.6800809577407978
Olivier Sarr,Home,OKC,WAS,147,106,1,6d4bb5e3-155c-454e-9437-c81798509b3e,-2.1095831395633122,-1.9143611920854473,0.1880757281398747,-0.07361958999396344,-2.687155186588638,0.2828307119199974,0.16252777235186924,-2.9227544248450275,-0.48669151735735827,-1.1513642878859804,-2.8289409963040137,0.739979545152948,-0.06542450471270202
Shai Gilgeous-Alexander,Away,OKC,HOU,123,110,1,a7235070-6a92-46ad-b604-908b90d983cb,4.6500084321679855,4.438494456691013,0.18712221905709545,0.20993053153501218,0.6262735596707624,0.9847794061592118,-0.7959083883931478,1.2837091657989859,-0.9060463526563232,3.96916983932278,2.7490382227656576,1.0064861788856174,0.19465046176969666
Jalen Williams,Away,OKC,HOU,123,110,1,a7235070-6a92-46ad-b604-908b90d983cb,3.8248933961063787,0.6425784443948228,-0.4374809004651919,-1.8739586765102703,-0.20926739980024894,-0.028582451788773774,-0.9962836604888756,0.20115543894294552,-0.32309239025848063,0.9536170686072546,1.8087902052574334,-0.4516857759188911,0.5068434641955115
Chet Holmgren,Away,OKC,HOU,123,110,1,a7235070-6a92-46ad-b604-908b90d983cb,5.350140648633056,2.7762690207340666,-0.8094868840717804,-1.2741365938221585,3.4441317694742333,1.9437584519234883,1.2513153021748382,2.4346231064327677,-0.08580224581035525,1.0057415010046467,1.9893569208238548,1.5073717359087238,-0.9221414204712851
Luguentz Dort,Away,OKC,HOU,123,110,1,a7235070-6a92-46ad-b604-908b90d983cb,2.568790340792515,0.28991293115712385,0.8116199612073867,-0.5502689385453517,0.34025723090888577,-0.04896223889311882,-1.3655804824387503,2.2694413422790567,0.5471568776996679,1.154449440491324,1.248025030702333,1.0135022610229072,0.5724523807106617
Josh Giddey,Away,OKC,HOU,123,110,1,a7235070-6a92-46ad-b604-908b90d983cb,-1.46722700393473,3.713865325364349,1.7934655812072275,0.2492200163724523,3.9121546020780125,-0.8790397586593224,0.9729862862117636,-1.4350854735824854,-0.8690468184044933,-1.1513642878859804,0.2895739359415185,-0.18942889338128815,-0.2990597133678771
Cason Wallace,Away,OKC,HOU,123,110,1,a7235070-6a92-46ad-b604-908b90d983cb,0.6223172957206099,-1.503442714879051,0.0451475788316619,-0.4737601285825525,0.4550063028274703,1.8642678436748208,1.8774894988672977,0.23797195259978787,1.1117522838636436,-1.1513642878859804,0.3072998584046455,-0.3499083834492282,-0.13962918871540406
Isaiah Joe,Away,OKC,HOU,123,110,1,a7235070-6a92-46ad-b604-908b90d983cb,-0.2860005541947732,1.8003194506584925,3.0370967710378327,2.360829644141739,-0.281377957825394,-0.1376990669898296,-1.1486734256059088,0.27662876879569487,0.6580959392936416,-1.1513642878859804,0.38728112779568347,0.18025370337190297,0.8033348862726211
Aaron Wiggins,Away,OKC,HOU,123,110,1,a7235070-6a92-46ad-b604-908b90d983cb,-1.7658331072626399,-1.0524553790998297,1.5223485532382153,0.5076328100032346,0.07506209123300497,0.576956528321496,1.339363713590372,-2.31005221580462,0.9305896108451458,-1.1513642878859804,-0.26109531282985093,0.05733688499215145,0.9439178521559777
Gordon Hayward,Away,OKC,HOU,123,110,1,a7235070-6a92-46ad-b604-908b90d983cb,-1.871850616861752,-0.2482443812834647,-1.2495698632650518,0.310744773930881,1.4582551282158591,-2.138273698492638,1.1699196446972566,-2.493916607885974,-0.5568545960202387,-1.1513642878859804,-0.3832067707699412,-1.3440703672167,0.3928960366183716
Jaylin Williams,Away,OKC,HOU,123,110,1,a7235070-6a92-46ad-b604-908b90d983cb,-0.36524472842862665,-1.3690556319085954,-0.007944224154676296,-0.6174318209297139,1.9796154892197357,-1.3730541779481626,-0.9673935373968662,1.2643557271066832,0.8789471146246594,-1.1513642878859804,0.09141976220506004,0.3025650963793164,0.1620042842732711
Kenrich Williams,Away,OKC,HOU,123,110,1,a7235070-6a92-46ad-b604-908b90d983cb,-1.7842037008701437,-1.6887839903584527,0.1708439280209437,-0.13042726900275117,-0.6474401201476608,-0.3442040733632245,-1.0151194875191825,2.5033513441982773,-2.0692412688672093,-1.1513642878859804,-0.9690901569109915,-0.922070742172828,-0.5465088543488523
Bismack Biyombo,Away,OKC,HOU,123,110,1,a7235070-6a92-46ad-b604-908b90d983cb,-2.1095831395633122,-1.9143611920854473,0.1880757281398747,-0.07361958999396344,-2.687155186588638,0.2828307119199974,0.16252777235186924,-2.9227544248450275,-0.48669151735735827,-1.1513642878859804,-2.8289409963040137,0.739979545152948,-0.06542450471270202
Lindy Waters III,Away,OKC,HOU,123,110,1,a7235070-6a92-46ad-b604-908b90d983cb,-2.1095831395633122,-1.9143611920854473,0.1880757281398747,-0.07361958999396344,-2.687155186588638,0.2828307119199974,0.16252777235186924,-2.9227544248450275,-0.48669151735735827,-1.1513642878859804,-2.8289409963040137,0.739979545152948,-0.06542450471270202
Jalen Williams,Home,OKC,HOU,112,95,1,5adfe556-de78-413b-8c0d-e0346e895e13,3.259453050527049,2.6354049151303904,-0.12499674873376204,0.36304643461809916,1.386549198881422,0.9161169093172998,1.6238669261479104,1.6455511328971328,-0.8800543780573626,-1.1513642878859804,1.8463242406141285,0.732472367604796,-0.8790219532589467
Chet Holmgren,Home,OKC,HOU,112,95,1,5adfe556-de78-413b-8c0d-e0346e895e13,1.7820179609207716,1.168949647809648,-0.22514862121315768,0.48920075625959275,5.603006308924049,1.9279512702736716,-0.11289899007041274,0.4732625225485711,-0.33673397357571777,2.6488938694009256,1.6330332043705025,0.5341588013633557,-0.016320027505900666
Shai Gilgeous-Alexander,Home,OKC,HOU,112,95,1,5adfe556-de78-413b-8c0d-e0346e895e13,5.155089446099343,1.1546495554720209,-0.21533890325985217,-0.012171341341827709,2.064198827138161,-1.1104475258737916,-0.15403167672182233,1.36562498258965,-0.4225827590901349,2.500040477067974,2.2164014354251083,0.6087918427783853,-0.7162955891015288
Luguentz Dort,Home,OKC,HOU,112,95,1,5adfe556-de78-413b-8c0d-e0346e895e13,0.15536424594725648,-0.5865288777493946,-0.6092724547996127,0.15511994438953103,-0.0071503592922814605,1.1241255254598417,-0.35306288683370013,-1.4548704624165911,0.959203439560368,-1.1513642878859804,0.5155074369796234,-1.0463939366573658,0.8925588442584133
Josh Giddey,Home,OKC,HOU,112,95,1,5adfe556-de78-413b-8c0d-e0346e895e13,1.2268580249605057,1.52492383504419,-2.07922364163608,-0.24145113155047823,2.0507882727615563,-0.8878880643140138,-1.2175850689585737,0.7102157194323151,-0.49871163694009846,0.3029848248092063,1.328895374278636,-0.0067088217854243916,-0.17162903769700175
Gordon Hayward,Home,OKC,HOU,112,95,1,5adfe556-de78-413b-8c0d-e0346e895e13,-1.1682392635605165,-1.6887839903584527,0.1708439280209437,-0.13042726900275117,0.41918150206159593,-0.8338611683903984,-0.14815366586622555,-0.4767234815544249,-1.169426032467875,0.7058706106836824,0.21861047692274901,-0.10717031175356027,0.5650178072953205
Jaylin Williams,Home,OKC,HOU,112,95,1,5adfe556-de78-413b-8c0d-e0346e895e13,-0.8942564445622646,0.14576286077262743,1.0415293090835187,-0.49077848758358156,0.08853387076555967,1.1777135614816372,-0.4035760907860008,4.946970922928473,-0.5690861802056553,-1.1513642878859804,0.23271319152037453,1.5046719321731734,0.0888473445129314
Isaiah Joe,Home,OKC,HOU,112,95,1,5adfe556-de78-413b-8c0d-e0346e895e13,-1.7049595266362902,-0.061259320879839756,-2.16109603460372,2.158928856257955,-0.6346631800456637,-0.8559348568960111,0.6344395764460802,-0.4076266866121691,-1.245583433729416,-1.1513642878859804,0.10655628729417399,0.1490042562624772,1.2832916129810483
Aaron Wiggins,Home,OKC,HOU,112,95,1,5adfe556-de78-413b-8c0d-e0346e895e13,-0.8508809295787995,-1.6887839903584527,0.1708439280209437,-0.13042726900275117,0.19812440097163653,-0.23493514309511573,2.6898852836753404,-0.5819240576453311,-0.6021248099364919,1.3246203815533981,0.44703537134313626,-2.1862531246900788e-05,0.566651092874721
Cason Wallace,Home,OKC,HOU,112,95,1,5adfe556-de78-413b-8c0d-e0346e895e13,-1.2551919847365058,-0.5526186801951082,1.40763837475093,0.0672488006181132,-0.8460197169447384,-0.1094958955193122,-0.7858201074221938,-0.7736064580164035,0.9604841440099972,0.2563827682044659,0.012607825525184573,0.08351821619866642,0.6071022051781622
Kenrich Williams,Home,OKC,HOU,112,95,1,5adfe556-de78-413b-8c0d-e0346e895e13,-1.5805714234296744,-1.9143611920854473,0.1880757281398747,-0.07361958999396344,1.5893352441292046,-0.44931776984828625,-2.496888462860504,-2.277930435878009,2.442860753237396,-1.1513642878859804,-0.4696048963233452,-0.3594983219875338,0.8568421240020493
Keyontae Johnson,Home,OKC,HOU,112,95,1,5adfe556-de78-413b-8c0d-e0346e895e13,-1.7049595266362902,1.1834077976581365,5.675086005189198,2.4753266743071927,0.699150089879421,-3.457232360279213,3.4832186930283755,-0.057958928168633024,-1.3027933286391493,-1.1513642878859804,0.8591885896437825,1.1327818596104615,-1.5575241062814495
Bismack Biyombo,Home,OKC,HOU,112,95,1,5adfe556-de78-413b-8c0d-e0346e895e13,-2.1095831395633122,-1.9143611920854473,0.1880757281398747,-0.07361958999396344,-2.687155186588638,0.2828307119199974,0.16252777235186924,-2.9227544248450275,-0.48669151735735827,-1.1513642878859804,-2.8289409963040137,0.739979545152948,-0.06542450471270202
Olivier Sarr,Home,OKC,HOU,112,95,1,5adfe556-de78-413b-8c0d-e0346e895e13,-2.1095831395633122,-1.9143611920854473,0.1880757281398747,-0.07361958999396344,-2.687155186588638,0.2828307119199974,0.16252777235186924,-2.9227544248450275,-0.48669151735735827,-1.1513642878859804,-2.8289409963040137,0.739979545152948,-0.06542450471270202
Shai Gilgeous-Alexander,Away,OKC,SAS,118,132,0,221f4134-c073-439c-8383-aecfb36925fd,3.4690945401973443,1.1282849935293533,0.19020956003179806,-0.5443903959991914,1.6868516614678082,0.3060180486762084,-0.2567897908259224,1.4904056644377421,-1.0420372167353174,2.9912084863133233,1.8849123736729538,-0.7780485348889851,-1.1375532377693187
Luguentz Dort,Away,OKC,SAS,118,132,0,221f4134-c073-439c-8383-aecfb36925fd,0.8065047603798969,-1.2376295869044633,0.13638032778308173,-0.24404262702032659,0.3041715701134344,-0.7174186175433095,-0.13638454793088903,0.2020365166173477,1.0760698148285155,0.5908902451012,0.25222898641501224,-1.8773766516399122,-1.0860126869221611
Chet Holmgren,Away,OKC,SAS,118,132,0,221f4134-c073-439c-8383-aecfb36925fd,2.2478967915204464,0.5070173912274245,-0.9437841920843745,-1.244898618882132,2.079539446654169,0.8405276255722305,-1.6549317409653235,1.5649873133707914,-0.5812254188894661,3.240048352530845,1.2114773399148864,-0.30087018380421376,-1.7551081148839522
Jalen Williams,Away,OKC,SAS,118,132,0,221f4134-c073-439c-8383-aecfb36925fd,3.3480415737602645,0.6971374595496115,0.2255048687835287,-0.37394585026844596,1.121246800303721,-0.1678298045973217,-1.8329212464881215,0.7711963218745298,-0.5587714897799871,2.4848552145032508,1.3137136831260905,-1.3877601514600688,-1.7492051976848038
Josh Giddey,Away,OKC,SAS,118,132,0,221f4134-c073-439c-8383-aecfb36925fd,-0.9114419524358336,-0.28369418911232763,-0.9521436748963249,0.06442331981792451,-0.6184240017387785,-0.22253731625487788,-0.8146263063574452,-1.3648713142643445,0.9404972789649476,-1.1513642878859804,-0.23347864329911625,-1.8739986168727905,0.004565851615334635
Isaiah Joe,Away,OKC,SAS,118,132,0,221f4134-c073-439c-8383-aecfb36925fd,2.6219553744767286,-1.4051756602284098,-0.4643285800674184,0.6563223709156923,-1.1388652121448164,-0.8048967618042427,0.933411380040169,2.5558210918511985,1.0414104008598,0.5908902451012,0.6972776531156227,-0.06764857921735432,-0.6241811299210341
Cason Wallace,Away,OKC,SAS,118,132,0,221f4134-c073-439c-8383-aecfb36925fd,-1.387601192654573,3.1317079941283716,5.087143302553895,0.8991851711486321,0.3263901777456664,-1.0838471453970926,0.08374338424776344,-0.34293317795094336,-0.13740777260634127,0.9097691256499514,0.1393857250154831,0.9312449758964159,-0.7848394967776586
Gordon Hayward,Away,OKC,SAS,118,132,0,221f4134-c073-439c-8383-aecfb36925fd,-1.871850616861752,-1.201072894311796,-0.0024223944223194737,-0.6126659175040039,-1.1158547272433823,-0.21607402849671492,-0.5064343448474126,-2.777609317566579,-0.5104390209047948,-1.1513642878859804,-0.6745853624643033,-1.7534791852858116,0.424583945209698
Aaron Wiggins,Away,OKC,SAS,118,132,0,221f4134-c073-439c-8383-aecfb36925fd,-1.3795800879431217,0.15514755869896446,-1.9198434767202517,1.5473771557841571,0.8877839078199484,-1.430170537318614,-0.004521094411747264,0.42332142122832117,-1.4975637176660714,-1.1513642878859804,-0.10250385585426196,-1.1865886177188065,0.1954633007756755
Jaylin Williams,Away,OKC,SAS,118,132,0,221f4134-c073-439c-8383-aecfb36925fd,-0.15390390404602142,-1.1411942128411336,-0.5680938145567114,0.7165305666245313,0.02975088049811218,-1.3086996399444868,0.6247941923824881,0.03819104326442759,0.438502901884867,0.6552792498273902,0.3718606182355491,-1.4208160506790637,0.6645950736205747
Kenrich Williams,Away,OKC,SAS,118,132,0,221f4134-c073-439c-8383-aecfb36925fd,-1.8450772814964933,-0.329066577758343,-1.8742053015030389,1.7693529265313426,-0.7624636840217328,-1.2766303568750368,1.3372226694489668,-1.8886776481767142,2.379174266451089,-1.1513642878859804,-0.5543069505569571,-0.6720900906874588,0.8928532265737386
Bismack Biyombo,Away,OKC,SAS,118,132,0,221f4134-c073-439c-8383-aecfb36925fd,-2.1095831395633122,-1.9143611920854473,0.1880757281398747,-0.07361958999396344,3.192413362464757,-1.595129518839968,-4.323095895282091,-2.9227544248450275,-0.48669151735735827,-1.1513642878859804,-1.412894760567513,-0.22740108309781432,-0.1182015521525083
Lindy Waters III,Away,OKC,SAS,118,132,0,221f4134-c073-439c-8383-aecfb36925fd,-2.1095831395633122,3.201250112859426,-4.543221697517948,0.8178712965692849,-1.9536456619394418,-0.09961895606455647,0.10012166366334384,-2.6258667054118368,-0.5352659564316601,-1.1513642878859804,0.44539128422273777,-1.8316927180544105,1.1859384952989303
Shai Gilgeous-Alexander,Away,OKC,PHO,118,110,1,1d1681a5-c9ad-4081-b0cb-0911a75404c7,4.912609330379775,4.242608554583469,1.2059158830540124,-1.7362833071668522,2.911756229408821,2.900570232083276,-0.759103721681984,0.35134757648065756,-0.8491874182987235,2.5160851637476265,2.725499618600865,1.1085787406857186,-0.40603247315991814
Jalen Williams,Away,OKC,PHO,118,110,1,1d1681a5-c9ad-4081-b0cb-0911a75404c7,2.8453524766685936,1.76024186346606,2.1255591578399518,0.7194853603710786,0.07238715592714885,-0.5949604622494009,-0.08995245607314725,0.5810593252061055,-0.812039466524254,0.4805090941420168,1.5790546919833888,-0.34555324438071805,-0.4009615000735876
Chet Holmgren,Away,OKC,PHO,118,110,1,1d1681a5-c9ad-4081-b0cb-0911a75404c7,0.31020651256435594,0.06202129705852478,0.31120999060889415,0.24524643538566157,3.2366565538991097,-2.3463535113785383,1.439667981555764,0.12869846047410813,-1.0355315374832963,2.375786142923151,0.5833563807747562,-1.6088221274548429,-1.636853636248413
Luguentz Dort,Away,OKC,PHO,118,110,1,1d1681a5-c9ad-4081-b0cb-0911a75404c7,2.586017635949352,1.134290514039217,2.3413046985655415,1.489365901260053,1.047955595718899,0.4174607468413057,0.08774792860265768,0.466707613516309,0.48715585341420015,-1.1513642878859804,0.989858286246309,-0.655312446632721,-0.5009669057717637
Josh Giddey,Away,OKC,PHO,118,110,1,1d1681a5-c9ad-4081-b0cb-0911a75404c7,1.0878144892739814,1.394192034236394,1.5654362382364018,0.7258167841633,-0.4277030926444633,2.543060590355235,0.9681122274292688,0.784523880461305,0.1387835511468323,-1.1513642878859804,0.7093849514298628,-0.10735404653118273,-0.7000225877303483
Aaron Wiggins,Away,OKC,PHO,118,110,1,1d1681a5-c9ad-4081-b0cb-0911a75404c7,-0.4723364572014173,1.0129668552026536,4.558806740972316,1.793498984968121,0.09493010280357601,1.1287430402463592,-0.4333915457602875,0.05625940066807386,-0.31150182714936053,0.534478627515271,0.808592523764213,1.1335808046877112,0.7585415531239769
Cason Wallace,Away,OKC,PHO,118,110,1,1d1681a5-c9ad-4081-b0cb-0911a75404c7,-0.8150122703284111,-1.2842648980554114,0.030443959807318434,-0.5237262984319516,-0.7598706931296985,-0.1587652460966425,-0.7658848498305578,2.779373322787416,-0.4787620630809469,-1.1513642878859804,-0.05516632394275981,0.13194530768819485,0.434281697986355
Gordon Hayward,Away,OKC,PHO,118,110,1,1d1681a5-c9ad-4081-b0cb-0911a75404c7,-1.6257153524024368,-1.497043329975696,0.04261939773707438,-0.48060163774194115,0.4646323889637765,-1.7835158841880083,1.5290838576487515,-0.7965419677410192,-1.065925092414499,-1.1513642878859804,-0.5103955668381082,-1.0839132508446292,-0.32839306242528543
Isaiah Joe,Away,OKC,PHO,118,110,1,1d1681a5-c9ad-4081-b0cb-0911a75404c7,1.5827259601465284,-1.9143611920854473,0.1880757281398747,-0.07361958999396344,-0.719378718689188,1.409775310214538,0.36312916065815554,0.22305581704916574,1.5545760167481233,-1.1513642878859804,0.7075652967364257,-0.4041064786028073,0.5999634262940053
Kenrich Williams,Away,OKC,PHO,118,110,1,1d1681a5-c9ad-4081-b0cb-0911a75404c7,-2.1095831395633122,-0.030469462666154103,-0.4260645626937656,-1.7858092438678623,0.8000854461229341,-0.5035386479312663,-2.0255029730951986,-1.4844983618131242,-0.7220076888728648,-1.1513642878859804,-0.5859082458724241,1.1148037695607498,0.6702161654095111
Bismack Biyombo,Away,OKC,PHO,118,110,1,1d1681a5-c9ad-4081-b0cb-0911a75404c7,-1.6257153524024368,-1.218670086679752,-0.06735647987748333,-0.7782072861753468,0.7675793151294706,-2.942534328507627,3.039182554682599,-0.7965419677410192,-1.065925092414499,-1.1513642878859804,0.049650241600046885,0.1559112400075527,1.215025021859309
Mike Muscala,Away,OKC,PHO,118,110,1,1d1681a5-c9ad-4081-b0cb-0911a75404c7,-2.1095831395633122,-1.9143611920854473,0.1880757281398747,-0.07361958999396344,-2.687155186588638,0.2828307119199974,0.16252777235186924,-2.9227544248450275,-0.48669151735735827,-1.1513642878859804,-2.8289409963040137,0.739979545152948,-0.06542450471270202
Olivier Sarr,Away,OKC,PHO,118,110,1,1d1681a5-c9ad-4081-b0cb-0911a75404c7,-2.1095831395633122,-1.9143611920854473,0.1880757281398747,-0.07361958999396344,-2.687155186588638,0.2828307119199974,0.16252777235186924,-2.9227544248450275,-0.48669151735735827,-1.1513642878859804,-2.8289409963040137,0.739979545152948,-0.06542450471270202
Lindy Waters III,Away,OKC,PHO,118,110,1,1d1681a5-c9ad-4081-b0cb-0911a75404c7,-2.1095831395633122,-1.9143611920854473,0.1880757281398747,-0.07361958999396344,-2.687155186588638,0.2828307119199974,0.16252777235186924,-2.9227544248450275,-0.48669151735735827,-1.1513642878859804,-2.8289409963040137,0.739979545152948,-0.06542450471270202
Shai Gilgeous-Alexander,Away,OKC,LAL,104,116,0,4b0dfff1-2739-40b8-ba79-e6bc41c316d7,1.376769232455119,4.670105192369216,1.5626931984778845,1.8270771238339856,2.9177932047274973,1.086977854868401,0.805647791637015,0.3930814121592193,-0.6393752063547103,4.77895185613234,1.543236013851592,-0.5002001266170606,-1.5161234924667084
Josh Giddey,Away,OKC,LAL,104,116,0,4b0dfff1-2739-40b8-ba79-e6bc41c316d7,0.9094996909787884,2.224936363283289,-1.126441849957387,0.4772268687527029,1.4652387786090968,-0.05822377695834766,0.9493857876262722,1.1205560027514672,-0.7568859851349187,-1.1513642878859804,1.1336709001028227,0.028235961714173002,0.04850924568801081
Chet Holmgren,Away,OKC,LAL,104,116,0,4b0dfff1-2739-40b8-ba79-e6bc41c316d7,2.399681732942708,-1.503442714879051,0.0451475788316619,-0.4737601285825525,2.759126703244081,-0.6387195417946193,1.280814751960126,0.4922994490606495,0.08605995244572091,0.5081043818818126,0.8222261557550642,-1.1850969087012315,-1.1399006772648133
Jalen Williams,Away,OKC,LAL,104,116,0,4b0dfff1-2739-40b8-ba79-e6bc41c316d7,0.13668109457043723,0.8663017781062375,0.17067921151347937,-0.1911149638834783,-0.9018971083621333,-0.10556234885407768,-0.6479660822663494,-0.6156232459772103,0.11738396499035561,1.154449440491324,0.4224766716662897,-1.575908741182101,-0.3205843529031156
Luguentz Dort,Away,OKC,LAL,104,116,0,4b0dfff1-2739-40b8-ba79-e6bc41c316d7,3.027653206577429,0.3790857813002676,0.894544315579694,-0.6655029906215753,-0.6992168785645666,-0.6880006365563428,0.42774385586548946,2.5242806229415784,0.8570411151200672,-1.1513642878859804,0.8479330838213572,0.6648305822695207,-0.6475270742496154
Cason Wallace,Away,OKC,LAL,104,116,0,4b0dfff1-2739-40b8-ba79-e6bc41c316d7,0.3831289167990676,1.4979420843303632,2.6998186821835364,1.6272751808654684,0.6538392430498734,-1.3464913998574435,0.757092333252398,0.013875040912137928,0.38536909531417374,-1.1513642878859804,0.2751059171775257,-1.1516667936388278,-1.1302386715683255
Aaron Wiggins,Away,OKC,LAL,104,116,0,4b0dfff1-2739-40b8-ba79-e6bc41c316d7,0.9290135830369591,0.2354902131571613,0.6346502310767491,0.5728969447284115,-0.5883137704230075,0.7435809208462532,1.6838332490656605,1.3806323422127045,-0.143313485447969,1.1973754436421173,0.5140089074901911,-0.8200338439701704,-1.8165000773804478
Gordon Hayward,Away,OKC,LAL,104,116,0,4b0dfff1-2739-40b8-ba79-e6bc41c316d7,-1.2819653201017644,-0.4205910550529168,-0.21946641847768272,-1.2235480911876249,-1.2382829690600867,-0.1565331767498927,-0.46102393332219427,-1.5436308513356345,-0.24427681302610094,-1.1513642878859804,-0.39805667170731096,-1.8887863105369582,0.07962962602472319
Isaiah Joe,Away,OKC,LAL,104,116,0,4b0dfff1-2739-40b8-ba79-e6bc41c316d7,-1.236821391129002,-1.9143611920854473,0.1880757281398747,-0.07361958999396344,0.24466726144449916,1.4549265583027604,-0.22808372458052714,-2.439136433119763,1.7104726855887074,-1.1513642878859804,-0.7256930602812448,-2.37007994983983,-0.19521706234717626
Mike Muscala,Away,OKC,LAL,104,116,0,4b0dfff1-2739-40b8-ba79-e6bc41c316d7,-0.2860005541947732,-1.9143611920854473,0.1880757281398747,-0.07361958999396344,0.6288161717016457,-0.42144767751040946,-1.9095938883771235,0.42177387607414385,0.6343484357462053,-1.1513642878859804,0.3136924747360198,0.08556753682983136,1.0605208129467911
Kenrich Williams,Away,OKC,LAL,104,116,0,4b0dfff1-2739-40b8-ba79-e6bc41c316d7,-1.1759478105026524,-0.2238088531584791,-0.36909457060152906,-1.6182800166984868,-0.8757578672617271,-1.135057623990598,1.1973666752976286,-0.9799157930489666,0.5392699008853987,-1.1513642878859804,-0.26555106523307104,-1.2883048723744124,0.08096895143511859
Bismack Biyombo,Away,OKC,LAL,104,116,0,4b0dfff1-2739-40b8-ba79-e6bc41c316d7,-2.0303389653294586,-1.0120523851774688,0.11914852766415074,-0.3008503060291143,-2.0160720044627776,-0.0670700481509774,0.10543282184960132,-2.9227544248450275,-0.48669151735735827,-1.1513642878859804,-1.4693308013821647,-2.73622600765814,0.7141493934122591
Lindy Waters III,Away,OKC,LAL,104,116,0,4b0dfff1-2739-40b8-ba79-e6bc41c316d7,-0.6906241671217951,2.3287287787085553,2.22079717180169,-1.3020506264977858,2.5518428884149773,-2.2624731564468563,-0.9161238805472824,0.8418573421901845,1.8172767214558279,-1.1513642878859804,0.8477920917192164,2.2751015199379214,-0.8826411238935824
Olivier Sarr,Away,OKC,LAL,104,116,0,4b0dfff1-2739-40b8-ba79-e6bc41c316d7,-1.7313512249552454,-1.6887839903584527,0.1708439280209437,-0.13042726900275117,-0.532767615025115,3.975197307805538,2.158238495747456,1.944996543837315,-1.9623169242097562,3.0901088865285806,0.10127260616846698,0.7203417663541044,0.3607228506379648
Shai Gilgeous-Alexander,Away,OKC,POR,128,120,1,c5cb338f-daac-4c8e-ac92-e17da8e7f15c,4.0499535923491905,2.633461344019694,-1.3035048748253897,0.04182856667234313,-0.050225221922881,0.9260943862164124,-0.3613061870342097,0.4145958494563649,-1.0375727053236583,5.446357520281685,2.4247914410241895,-0.5601524253613934,-0.18207708246523194
Chet Holmgren,Away,OKC,POR,128,120,1,c5cb338f-daac-4c8e-ac92-e17da8e7f15c,1.6235986917300527,0.4754789828180589,-0.9440675045115567,-1.1829538720119381,6.372451532706723,-0.5527328029210633,-1.788791720134589,1.6916695826613863,-0.26569015842575566,5.164492047237346,2.0445061104255804,2.2047727070994827,1.2771070941735427
Jalen Williams,Away,OKC,POR,128,120,1,c5cb338f-daac-4c8e-ac92-e17da8e7f15c,4.371990440071926,2.6015969833886934,1.5714140413128121,0.7657017744272144,0.5371779468975689,0.9572394126422628,-0.722343267351171,1.7137347453013914,-0.40958732085365357,4.69852965150179,2.4678652186070598,1.4497542802594385,0.8021691247196596
Josh Giddey,Away,OKC,POR,128,120,1,c5cb338f-daac-4c8e-ac92-e17da8e7f15c,1.4282309974933618,4.1971885910739495,-2.468619740777053,0.5603005443316696,1.438882268507987,-0.8374530057413336,-0.775991823556598,2.5161300944350944,-1.1212896319989492,1.154449440491324,1.6618696447783377,1.0069910934758965,0.4763746437631849
Luguentz Dort,Away,OKC,POR,128,120,1,c5cb338f-daac-4c8e-ac92-e17da8e7f15c,0.09330557958697216,0.5691004144409342,0.10687602595299153,0.758176816338786,-1.4837080683132264,-0.08294176989502089,-0.2467337521672946,1.1045959121158477,0.648168744446117,-1.1513642878859804,0.3599498780872272,-0.6772444024232938,-0.1962509102985038
Gordon Hayward,Away,OKC,POR,128,120,1,c5cb338f-daac-4c8e-ac92-e17da8e7f15c,-0.410319578124401,0.7917874979179191,1.112780484704039,2.713213367103252,-0.6579528639611835,-0.19208121754267432,-0.8653622947947107,3.5674302325938876,-0.823388181751506,3.7154696776823295,0.16760910408571908,-0.7425578003324629,-1.4276840515302704
Cason Wallace,Away,OKC,POR,128,120,1,c5cb338f-daac-4c8e-ac92-e17da8e7f15c,-1.4404536685694713,-1.2076681111183905,-0.9093576711149943,1.258118298034915,0.331431905052203,0.3458007842927662,1.4104253105486477,-0.8787032988481931,-0.041809747232143944,-1.1513642878859804,-0.09075919719789796,-0.5121106432689888,0.6103257216285335
Aaron Wiggins,Away,OKC,POR,128,120,1,c5cb338f-daac-4c8e-ac92-e17da8e7f15c,-1.5196978428033248,-0.643487073320519,1.4095314161710895,0.3568911526591693,0.7547513348335718,-2.1290023055085143,1.800487395866144,0.4095981735933253,0.1382353031107913,-1.1513642878859804,-0.42117053078189187,-0.47430814159979784,-0.10700291063381544
Isaiah Joe,Away,OKC,POR,128,120,1,c5cb338f-daac-4c8e-ac92-e17da8e7f15c,-1.8450772814964933,0.24487025562885611,1.1607417222066478,-0.45968811325668085,-0.688242778422231,1.3990208246747504,0.3317133960309094,-1.6247774531249888,2.3359969872739317,-1.1513642878859804,-0.6645110244821721,-0.5405547389091391,-0.7534766461745241
Kenrich Williams,Away,OKC,POR,128,120,1,c5cb338f-daac-4c8e-ac92-e17da8e7f15c,-1.7658331072626399,-0.27539782842433896,-2.024022870488795,2.533048507055005,1.7711217408830184,-2.130711963573519,0.06855999528395937,-2.442002313330483,0.9521782504337244,-1.1513642878859804,-0.7024650386104692,-3.0296410749569627,0.5143226931293008
Bismack Biyombo,Away,OKC,POR,128,120,1,c5cb338f-daac-4c8e-ac92-e17da8e7f15c,-2.1095831395633122,-1.9143611920854473,0.1880757281398747,-0.07361958999396344,-2.687155186588638,0.2828307119199974,0.16252777235186924,-2.9227544248450275,-0.48669151735735827,-1.1513642878859804,-2.8289409963040137,0.739979545152948,-0.06542450471270202
Mike Muscala,Away,OKC,POR,128,120,1,c5cb338f-daac-4c8e-ac92-e17da8e7f15c,-2.1095831395633122,-1.9143611920854473,0.1880757281398747,-0.07361958999396344,-2.687155186588638,0.2828307119199974,0.16252777235186924,-2.9227544248450275,-0.48669151735735827,-1.1513642878859804,-2.8289409963040137,0.739979545152948,-0.06542450471270202
Olivier Sarr,Away,OKC,POR,128,120,1,c5cb338f-daac-4c8e-ac92-e17da8e7f15c,-2.1095831395633122,-1.9143611920854473,0.1880757281398747,-0.07361958999396344,-2.687155186588638,0.2828307119199974,0.16252777235186924,-2.9227544248450275,-0.48669151735735827,-1.1513642878859804,-2.8289409963040137,0.739979545152948,-0.06542450471270202
Lindy Waters III,Away,OKC,POR,128,120,1,c5cb338f-daac-4c8e-ac92-e17da8e7f15c,-2.1095831395633122,-1.9143611920854473,0.1880757281398747,-0.07361958999396344,-2.687155186588638,0.2828307119199974,0.16252777235186924,-2.9227544248450275,-0.48669151735735827,-1.1513642878859804,-2.8289409963040137,0.739979545152948,-0.06542450471270202
Shai Gilgeous-Alexander,Home,OKC,MIA,107,100,1,9e10938b-2dcd-4ba3-b2e2-6b7d49df9c2d,5.602395991882453,1.8709228787163765,-0.1417532955894618,-1.5960054868194675,1.1941871155070976,1.9402996047420695,-0.4425330913081594,0.759382060049617,-0.49165953497115483,4.571096147082882,2.9866644680059093,1.281770127762964,-0.08911929409981253
Luguentz Dort,Home,OKC,MIA,107,100,1,9e10938b-2dcd-4ba3-b2e2-6b7d49df9c2d,1.0790317231581672,0.3537766109054807,0.23833997764135914,0.28058898319407505,2.0360563799735885,0.3860517981941328,-0.562969458594872,0.33417021774539024,0.7583084700001546,-1.1513642878859804,1.301288417672824,0.6830863805684513,1.0837002996904845
Jalen Williams,Home,OKC,MIA,107,100,1,9e10938b-2dcd-4ba3-b2e2-6b7d49df9c2d,1.3589546751092576,2.4521003907596253,-0.96537259018043,0.36596693680279196,1.135349721114584,0.3995270787662862,0.03658796484928643,0.5348074681650643,-0.5112595724103213,1.070130505730837,1.2352319967580307,-0.702830428463969,-0.3843320242071466
Chet Holmgren,Home,OKC,MIA,107,100,1,9e10938b-2dcd-4ba3-b2e2-6b7d49df9c2d,0.462373091032921,-0.6480101058399151,-0.18209508706606836,-1.1256036099868594,-0.4940219927229908,-0.08538985360069433,-0.8886509650941682,-0.20623101947935846,0.281529709315344,-1.1513642878859804,0.6331715252268735,-0.7216148871314133,-0.09418917007126838
Josh Giddey,Home,OKC,MIA,107,100,1,9e10938b-2dcd-4ba3-b2e2-6b7d49df9c2d,0.7693819361185855,1.0713038765071152,-1.3109391404068083,-1.7901202183906424,3.361014937245221,-0.9722465670038618,-2.1396740713587863,0.9651037281770597,-0.3673050243982073,-1.1513642878859804,0.7310806242206843,-0.19828949226708298,-1.288073070567989
Isaiah Joe,Home,OKC,MIA,107,100,1,9e10938b-2dcd-4ba3-b2e2-6b7d49df9c2d,1.5375820311737658,-0.9732348841824996,-0.5773327095063276,0.1490249470494914,0.8696028979587285,-1.6092897748644577,0.976588718702292,0.42177387607414385,0.6343484357462053,-1.1513642878859804,1.1324785645971749,0.11844543554718819,1.0473900949508181
Aaron Wiggins,Home,OKC,MIA,107,100,1,9e10938b-2dcd-4ba3-b2e2-6b7d49df9c2d,-0.03986528973545819,-1.2522679735386362,0.01780305433438082,-0.5579338442288948,1.2752853413496312,1.028494857809976,2.6551192538675945,1.5861650883983218,0.3048853016910879,-1.1513642878859804,0.13600089812394237,-0.1065528267034091,-0.9475576366683247
Gordon Hayward,Home,OKC,MIA,107,100,1,9e10938b-2dcd-4ba3-b2e2-6b7d49df9c2d,-0.8758858509547606,1.0782427170968425,0.8386548536021178,-1.299710660180244,-0.7827734513235896,-0.1379448778964645,-0.7952767840257798,0.8193493104941391,0.8797064956195506,-1.1513642878859804,0.15954074934121518,0.764197270951782,0.35787016133113364
Jaylin Williams,Home,OKC,MIA,107,100,1,9e10938b-2dcd-4ba3-b2e2-6b7d49df9c2d,-0.8150122703284111,-0.3897858064770719,1.4445353072716678,0.3248343398680415,3.574770383544619,-0.5306387522144244,0.287176567543754,2.7925683325400024,-0.4809209270398047,-1.1513642878859804,-0.014408135915276959,0.32851663408083465,-0.24839561641351188
Cason Wallace,Home,OKC,MIA,107,100,1,9e10938b-2dcd-4ba3-b2e2-6b7d49df9c2d,-0.6113799928879416,-0.019940318588896302,-1.679914975961533,1.35631450321046,-1.480320512865153,1.5104979210480272,0.8663323650368563,-0.32308338582440266,1.3123646717821347,-1.1513642878859804,-0.21490815477624844,-2.0036120856771666,-0.3742990244345252
Bismack Biyombo,Home,OKC,MIA,107,100,1,9e10938b-2dcd-4ba3-b2e2-6b7d49df9c2d,-2.1095831395633122,-1.9143611920854473,0.1880757281398747,-0.07361958999396344,-2.687155186588638,0.2828307119199974,0.16252777235186924,-2.9227544248450275,-0.48669151735735827,-1.1513642878859804,-2.8289409963040137,0.739979545152948,-0.06542450471270202
Ousmane Dieng,Home,OKC,MIA,107,100,1,9e10938b-2dcd-4ba3-b2e2-6b7d49df9c2d,-2.1095831395633122,-1.9143611920854473,0.1880757281398747,-0.07361958999396344,-2.687155186588638,0.2828307119199974,0.16252777235186924,-2.9227544248450275,-0.48669151735735827,-1.1513642878859804,-2.8289409963040137,0.739979545152948,-0.06542450471270202
Mike Muscala,Home,OKC,MIA,107,100,1,9e10938b-2dcd-4ba3-b2e2-6b7d49df9c2d,-2.1095831395633122,-1.9143611920854473,0.1880757281398747,-0.07361958999396344,-2.687155186588638,0.2828307119199974,0.16252777235186924,-2.9227544248450275,-0.48669151735735827,-1.1513642878859804,-2.8289409963040137,0.739979545152948,-0.06542450471270202
Lindy Waters III,Home,OKC,MIA,107,100,1,9e10938b-2dcd-4ba3-b2e2-6b7d49df9c2d,-2.1095831395633122,-1.9143611920854473,0.1880757281398747,-0.07361958999396344,-2.687155186588638,0.2828307119199974,0.16252777235186924,-2.9227544248450275,-0.48669151735735827,-1.1513642878859804,-2.8289409963040137,0.739979545152948,-0.06542450471270202
Kenrich Williams,Home,OKC,MIA,107,100,1,9e10938b-2dcd-4ba3-b2e2-6b7d49df9c2d,-2.1095831395633122,-1.9143611920854473,0.1880757281398747,-0.07361958999396344,-2.687155186588638,0.2828307119199974,0.16252777235186924,-2.9227544248450275,-0.48669151735735827,-1.1513642878859804,-2.8289409963040137,0.739979545152948,-0.06542450471270202
Shai Gilgeous-Alexander,Home,OKC,MEM,124,93,1,d829fa9a-606a-4796-a8cd-0f31ea05995b,4.267984822954438,1.1901368767338252,-1.1198150199219832,-1.757337293557696,-1.0581474748304054,-0.04973444192454493,-0.5595448266455059,2.0772052645053587,0.08728431486819735,1.0333367887444425,2.066736163518518,1.8748460728802196,1.204002346744309
Luguentz Dort,Home,OKC,MEM,124,93,1,d829fa9a-606a-4796-a8cd-0f31ea05995b,1.7755853243613735,-0.44366615216228367,2.386500157360973,0.8661274140414938,-1.0149038511176816,-0.05459696166703712,-0.6355669524407199,5.772726240327428,0.18637382778330158,-1.1513642878859804,1.0505789814480808,2.4857319526405814,0.5720085913515953
Chet Holmgren,Home,OKC,MEM,124,93,1,d829fa9a-606a-4796-a8cd-0f31ea05995b,0.40844639594434407,0.7124645120866256,-1.7990958135243875,0.8968776460938569,2.761745209091055,1.7123509333585705,0.34646236908651384,-0.5339675508986569,0.05858608215317646,-1.1513642878859804,1.4935198281987683,0.36624702216726596,2.778027614158762
Josh Giddey,Home,OKC,MEM,124,93,1,d829fa9a-606a-4796-a8cd-0f31ea05995b,1.9752316701882,2.3999046979922296,1.401352665223039,-0.4089904199768646,4.8447630521074245,-2.7262887996171323,-0.027363210632206373,0.35863277805277993,-0.4395210024639627,0.5019720957174135,2.104087532052639,1.010730404055785,1.0827729072181176
Jalen Williams,Home,OKC,MEM,124,93,1,d829fa9a-606a-4796-a8cd-0f31ea05995b,0.22464056833136073,1.1245502081297745,1.2906417680737063,-1.2089139990175664,0.429240414301173,1.8607464703387715,-0.1434285245942387,0.9703390146781198,0.6462269379416324,-1.1513642878859804,1.2062693172696481,1.9409034143767285,0.30614039771009116
Cason Wallace,Home,OKC,MEM,124,93,1,d829fa9a-606a-4796-a8cd-0f31ea05995b,3.8438473179692454,0.284456008757376,-0.387296828652606,-1.7146161073462989,-0.5559591176896195,1.146359123699761,0.009304117587058194,2.1877900611507264,-0.20929700999131023,-1.1513642878859804,1.4057118196848803,0.563848454951551,-0.45708813618906335
Gordon Hayward,Home,OKC,MEM,124,93,1,d829fa9a-606a-4796-a8cd-0f31ea05995b,-0.8150122703284111,1.4418239519751739,-1.7677251899683826,-1.1550628029693812,-0.1705326161703614,-0.18558898645655322,-1.2044734196805726,2.7002032642718987,-0.46580887932779974,-1.1513642878859804,0.28607400105376973,0.7795912035143182,0.05952906222418683
Kenrich Williams,Home,OKC,MEM,124,93,1,d829fa9a-606a-4796-a8cd-0f31ea05995b,-0.4712622380277387,1.9151273445449868,2.275499830917755,-0.38957643944575265,3.6886951284427894,-2.093504800111043,-0.6346669495586673,0.7753176494676098,0.03891365480415748,-1.1513642878859804,0.3768396404850152,0.6023254281840759,0.06599806030426254
Isaiah Joe,Home,OKC,MEM,124,93,1,d829fa9a-606a-4796-a8cd-0f31ea05995b,0.22464056833136073,-1.463206788631458,0.1536121279020127,-0.18723494801153887,-1.4393546595819322,-0.07841977764325105,-0.36149005189849787,0.7988038878944983,0.6742921694067846,-1.1513642878859804,0.32085410846874757,-0.3543901550418602,1.1515582350714129
Aaron Wiggins,Home,OKC,MEM,124,93,1,d829fa9a-606a-4796-a8cd-0f31ea05995b,-1.3795800879431217,1.8186004659348374,-0.681911011112888,1.3849577396724688,-0.3995982329743536,0.7776105929814531,2.15845188221926,0.5420765090015977,-1.516993493295792,-1.1513642878859804,0.16565774914888037,-0.1173544778466031,-0.524314846933668
Jaylin Williams,Home,OKC,MEM,124,93,1,d829fa9a-606a-4796-a8cd-0f31ea05995b,-0.36524472842862665,-1.4138513262320807,0.009753043507436472,-0.5695412568139935,1.753511165649642,1.4080142823053208,-1.220492145952454,1.1917831734674589,0.8908208663983775,-1.1513642878859804,0.23661530409575607,0.6055924497451863,0.37700264197855365
Ousmane Dieng,Home,OKC,MEM,124,93,1,d829fa9a-606a-4796-a8cd-0f31ea05995b,-1.5805714234296744,-0.9805350018639417,-0.14202373963183262,-0.9936270774604428,-2.1305202990888934,-0.007397050309415802,0.11516994519107336,-1.8227025994137829,2.3683799466567996,-1.1513642878859804,-0.6637460867389041,-1.0279743385754658,0.31982568241638026
Lindy Waters III,Home,OKC,MEM,124,93,1,d829fa9a-606a-4796-a8cd-0f31ea05995b,0.1993230891860842,-1.2762471212260362,-0.7548336811679194,1.0491613788962961,-1.1588824916508547,-0.17158873700882105,-0.6004489049060815,1.6641852430791002,1.625086430722306,-1.1513642878859804,0.21533353513995612,-0.7782272573724587,-0.08191449256217026
Bismack Biyombo,Home,OKC,MEM,124,93,1,d829fa9a-606a-4796-a8cd-0f31ea05995b,-2.0038781877335152,-0.024402192594002472,-2.0042374512083296,1.8086493753946333,0.24074865509351293,-1.5963907965506243,0.8301558850276177,-0.49568748543624414,-0.9713551580500976,0.8141075583671759,-0.5358958648606628,-0.4230620451990494,0.05233609170592386
Mike Muscala,Home,OKC,MEM,124,93,1,d829fa9a-606a-4796-a8cd-0f31ea05995b,-1.5805714234296744,-1.0122910396628224,-0.07700373671265177,-0.8144904377059686,0.28531274427801917,-0.4892934407966524,-1.7317252482980918,-2.014030240826284,2.3996834740602386,-1.1513642878859804,-0.7587130524352746,-1.6643488566823488,0.5304776498247369
Shai Gilgeous-Alexander,Home,OKC,IND,111,121,0,9d002f96-14fd-4d0a-a1a9-c4e128b0ee6a,4.9240330384495055,3.612954147011882,-0.42929038935803,0.34448947611213443,3.5279018719128596,-0.13059184418651856,-0.5261638105821335,0.009009921199995326,-0.43516259398097873,2.4019238984375892,2.131068551769511,-1.0482745024732572,-1.2342976318061494
Chet Holmgren,Home,OKC,IND,111,121,0,9d002f96-14fd-4d0a-a1a9-c4e128b0ee6a,2.8846237392772616,-0.4704282908880831,-0.18036552897559288,-1.1310999703002325,5.51918140497515,0.7655739245950446,-1.0313913615245958,0.43648126112228997,0.036642490890211016,-1.1513642878859804,1.194494269246554,-0.4784358131691898,-0.8499268927093154
Luguentz Dort,Home,OKC,IND,111,121,0,9d002f96-14fd-4d0a-a1a9-c4e128b0ee6a,2.726204470086543,0.1415606285011404,0.6825219845998709,-0.7760261208416674,-0.9019910119092602,-0.560710316911042,0.4675606832614389,1.4207595963583521,0.16008293257773407,1.6122266995455639,0.9003020585825802,-0.7011644835372717,-1.6089745892490868
Gordon Hayward,Home,OKC,IND,111,121,0,9d002f96-14fd-4d0a-a1a9-c4e128b0ee6a,-0.19866619597248045,2.2038350919716794,-0.9462041858641288,0.17244136543530425,0.21538986040803274,-0.6393994695090421,-0.19897142304148435,2.1409689410187362,-0.12026829748293302,2.1644827704207126,0.6596258296191376,0.029561014164325723,-0.3559187539962419
Josh Giddey,Home,OKC,IND,111,121,0,9d002f96-14fd-4d0a-a1a9-c4e128b0ee6a,1.5518558266073708,-0.3113904885937343,-0.7286201329552279,-0.6382833308169293,2.419801646899492,-2.387181102115998,1.9085922225620724,0.506970822647114,-0.765178498710652,-1.1513642878859804,1.2030377716751466,-0.2793307481216392,-0.2111339466081753
Cason Wallace,Home,OKC,IND,111,121,0,9d002f96-14fd-4d0a-a1a9-c4e128b0ee6a,1.30863227458802,0.03966136330090192,-1.7479721603389196,1.927366443827525,0.16535927575282483,0.9672888594650115,-0.5172996751781291,1.8663806099977007,0.34921568491392924,-1.1513642878859804,0.4796237201804819,-0.7742742393259537,-0.4865695418637564
Isaiah Joe,Home,OKC,IND,111,121,0,9d002f96-14fd-4d0a-a1a9-c4e128b0ee6a,0.7015614699544633,0.02851030715871602,0.5325684607613681,0.7135866282576185,-0.12384503082998981,-0.1975069738130121,-1.2230356065344758,-0.19856934436505322,0.9404621108012589,-1.1513642878859804,0.011969611008937623,-1.8663218631960383,-1.0805317187966033
Aaron Wiggins,Home,OKC,IND,111,121,0,9d002f96-14fd-4d0a-a1a9-c4e128b0ee6a,-0.3930922829675639,-1.3955745988133395,-0.4859619386600089,0.685576339595099,-0.4190353600884825,-0.9245463318855951,0.48691834867286743,-0.3898000157595022,-0.3323022115417977,0.4624242650835819,0.3335768762352853,-1.2650711054185504,0.26645232997994506
Kenrich Williams,Home,OKC,IND,111,121,0,9d002f96-14fd-4d0a-a1a9-c4e128b0ee6a,-1.8450772814964933,-0.5021820964544232,-0.2591186929869712,-1.3206743682650812,2.246658576206723,-2.5867241522382756,0.9034234418108564,-1.3872672775784358,2.2971374360144905,-1.1513642878859804,-0.7714756682493787,-0.20174389466040724,-0.21061444512181773
Jaylin Williams,Home,OKC,IND,111,121,0,9d002f96-14fd-4d0a-a1a9-c4e128b0ee6a,-2.1095831395633122,-0.4973814416606366,-0.33290141227319153,-1.5101610189942845,0.33267957489190786,-0.49470846690972103,-1.7477630078011739,-1.3855357886687272,-0.7381991685642987,-1.1513642878859804,-0.8466809299687964,0.7098081927547853,-0.060455421545938456
Mike Muscala,Home,OKC,IND,111,121,0,9d002f96-14fd-4d0a-a1a9-c4e128b0ee6a,-1.5805714234296744,-1.6887839903584527,0.1708439280209437,-0.13042726900275117,-2.0472851757244457,-0.050795594194187874,0.10808840094273006,-2.277930435878009,2.442860753237396,-1.1513642878859804,0.3857169571797159,-6.674300844703728,4.53488330158813
Bismack Biyombo,Home,OKC,IND,111,121,0,9d002f96-14fd-4d0a-a1a9-c4e128b0ee6a,-2.1095831395633122,-1.9143611920854473,0.1880757281398747,-0.07361958999396344,-2.687155186588638,0.2828307119199974,0.16252777235186924,-2.9227544248450275,-0.48669151735735827,-1.1513642878859804,-2.8289409963040137,0.739979545152948,-0.06542450471270202
Lindy Waters III,Home,OKC,IND,111,121,0,9d002f96-14fd-4d0a-a1a9-c4e128b0ee6a,-2.1095831395633122,-1.9143611920854473,0.1880757281398747,-0.07361958999396344,-2.687155186588638,0.2828307119199974,0.16252777235186924,-2.9227544248450275,-0.48669151735735827,-1.1513642878859804,-2.8289409963040137,0.739979545152948,-0.06542450471270202
Shai Gilgeous-Alexander,Home,OKC,DAL,126,119,1,f2713da0-7956-461f-bfd4-41268f23835b,3.1281236084045654,1.827207201283499,0.8719363974904419,-0.5774562514242584,2.7732777594177285,-0.7180123889409848,-1.7505525907022574,1.0106464264739707,-0.6699305554351305,6.751269863329323,2.2849234130495444,0.8619157457402886,0.29579210754543694
Jalen Williams,Home,OKC,DAL,126,119,1,f2713da0-7956-461f-bfd4-41268f23835b,4.431964200739936,2.399597956364269,-0.9188189523575532,-0.18920948558180284,1.3257166978634736,2.8213454128425695,0.17748076523964584,1.0678209628760038,-0.5430434526874154,0.9597493547716537,1.8320380585701905,-0.6855741729002564,-0.9510823762946494
Chet Holmgren,Home,OKC,DAL,126,119,1,f2713da0-7956-461f-bfd4-41268f23835b,0.7176727586543539,-0.7241442248416735,0.9771694282846357,-0.058382718263368896,2.955660833584743,0.19038100012720188,-1.1072952294774248,2.5441899608628775,-0.07347223200893313,0.6552792498273902,0.6299425552108474,-0.04050985322433515,-0.685928020300816
Luguentz Dort,Home,OKC,DAL,126,119,1,f2713da0-7956-461f-bfd4-41268f23835b,1.8904964666365562,1.6435826822526949,0.07760529813588078,-0.31691584605498135,-1.2654751394833939,-0.7113333624550077,0.9007929338475242,1.2349696762085498,0.7326590919507857,0.5694272435258033,0.9582230654195611,0.06213140114213862,0.44631222850278696
Josh Giddey,Home,OKC,DAL,126,119,1,f2713da0-7956-461f-bfd4-41268f23835b,3.0243614697794055,3.3346581992989193,-1.1031311357491138,-0.47474408515764377,0.589907715223898,0.27070753857327146,0.6729631353361394,1.0366627281330558,0.09562074511025795,-1.1513642878859804,1.4406902972716544,-0.40619148497814633,-0.508450372313983
Gordon Hayward,Home,OKC,DAL,126,119,1,f2713da0-7956-461f-bfd4-41268f23835b,-1.229043764909878,-0.3380753758737065,1.149919034834335,-0.06749825109693199,-1.1725835330263257,-0.8286475044642981,1.0003992878324683,0.05992138321363867,-0.2182737263665303,3.6873944344600575,0.22022582832052104,-0.017691991683137218,0.34800983479128095
Isaiah Joe,Home,OKC,DAL,126,119,1,f2713da0-7956-461f-bfd4-41268f23835b,0.868452560179925,0.2695135851882272,0.3808746061656037,0.41719185708760026,-0.41288924357316054,-0.9654374933456357,0.5570883212125091,0.8952009888149812,0.9050021168353547,-1.1513642878859804,0.6298673915356048,0.0937764119702881,0.3002082128145736
Cason Wallace,Home,OKC,DAL,126,119,1,f2713da0-7956-461f-bfd4-41268f23835b,-0.955130025188614,2.767389368062333,-0.031497716634299046,2.3406281326141545,0.1117563751100805,0.34349264447145395,1.200524979301548,1.7367577967183248,1.6132126789485877,-1.1513642878859804,-0.01281285488837335,-0.027108669412494367,-0.7174454669247534
Jaylin Williams,Home,OKC,DAL,126,119,1,f2713da0-7956-461f-bfd4-41268f23835b,-0.6906241671217951,0.6396669257082354,-1.3846952397432333,-0.08544806535530691,-0.9857246655054767,-0.24185844586430616,-0.680865997821182,0.5581646325095797,1.863692296571272,-1.1513642878859804,-0.051080413142988085,-0.593158332283928,0.7104831612864452
Aaron Wiggins,Home,OKC,DAL,126,119,1,f2713da0-7956-461f-bfd4-41268f23835b,-1.5196978428033248,-0.4973263149360066,-1.38211289547839,1.0064424795941627,-0.23190241371534884,1.644335522650965,0.23773684927670458,-0.019239643365728545,0.2083983817736717,-1.1513642878859804,-0.41321979246428203,-0.8293860755564086,-0.14901066715243516
Kenrich Williams,Home,OKC,DAL,126,119,1,f2713da0-7956-461f-bfd4-41268f23835b,-0.6297505864954456,-1.6887839903584527,0.1708439280209437,-0.13042726900275117,1.0145379458007775,-2.103872728300467,0.7348111647544266,2.359902435466603,0.3957321479756312,-1.1513642878859804,0.09684894598749667,0.30162429863501883,-0.06337941331231116
Mike Muscala,Home,OKC,DAL,126,119,1,f2713da0-7956-461f-bfd4-41268f23835b,-2.1095831395633122,-1.9143611920854473,0.1880757281398747,-0.07361958999396344,-2.021274199673056,-0.06435763915817916,0.10587541836512278,-2.9227544248450275,-0.48669151735735827,-1.1513642878859804,-1.4347163625528707,-0.25302450951712385,0.5523490133422363
Lindy Waters III,Home,OKC,DAL,126,119,1,f2713da0-7956-461f-bfd4-41268f23835b,-2.1095831395633122,-1.9143611920854473,0.1880757281398747,-0.07361958999396344,-2.021274199673056,-0.06435763915817916,0.10587541836512278,-2.9227544248450275,-0.48669151735735827,-1.1513642878859804,-1.4784849054140723,-0.43748030919508135,0.7188621654865626
Bismack Biyombo,Home,OKC,DAL,126,119,1,f2713da0-7956-461f-bfd4-41268f23835b,-2.1095831395633122,-1.9143611920854473,0.1880757281398747,-0.07361958999396344,-2.687155186588638,0.2828307119199974,0.16252777235186924,-2.9227544248450275,-0.48669151735735827,-1.1513642878859804,-2.8289409963040137,0.739979545152948,-0.06542450471270202
Jalen Williams,Away,OKC,MEM,118,112,1,65dc456a-0cdb-4e96-9e91-339bc7c28645,2.599286291486267,2.0529211454379355,-0.5844311850168759,-0.792081436064775,2.605061658277653,1.6224247747977398,0.14805344564161074,0.7004785894279499,-0.7815115501605328,2.0599734054565992,1.6902227821703377,-0.369070988266248,-0.9308843660529295
Shai Gilgeous-Alexander,Away,OKC,MEM,118,112,1,65dc456a-0cdb-4e96-9e91-339bc7c28645,2.406316060711165,0.824414218304368,-1.5894389317761186,0.2969771235937018,2.1428341885620337,0.45896997490360336,-0.41316800536596515,0.34243054542483986,-0.5101254250271355,1.813758482225257,1.7630245119990504,-0.5194745078413922,0.4543676732556333
Chet Holmgren,Away,OKC,MEM,118,112,1,65dc456a-0cdb-4e96-9e91-339bc7c28645,2.600742147706249,0.3478238377493082,0.3349904625400819,0.07807029891577653,5.354277425747666,2.818116539739091,-0.5654825423039406,1.621187564344712,-0.5291080424087756,2.115996104832797,1.2801372087321101,-0.1437605159804847,-1.5129383517319688
Luguentz Dort,Away,OKC,MEM,118,112,1,65dc456a-0cdb-4e96-9e91-339bc7c28645,1.000618289605665,1.5396000976030089,-1.6240338916856625,-0.17867321912353318,1.0177904984120503,-1.360767988248204,0.6910484468909646,1.65013969169057,1.0818312709858273,2.6663687880876132,0.9015450728521233,-0.056516111723355036,-0.0923775081086287
Josh Giddey,Away,OKC,MEM,118,112,1,65dc456a-0cdb-4e96-9e91-339bc7c28645,1.8090347747783575,0.18157299943528704,-1.2558774122275613,0.10740559862000978,2.34779775115352,-1.9382092759186222,0.28681741048683157,0.44661245845165254,0.19601258937355645,-1.1513642878859804,1.0696783714084883,-1.0325697093699395,-0.1275679036882589
Cason Wallace,Away,OKC,MEM,118,112,1,65dc456a-0cdb-4e96-9e91-339bc7c28645,-0.6653066879765185,2.1587414202068977,2.8744998894145835,-0.21689913001692873,-0.9472753133840676,-0.08985827857341444,-0.6413207071424988,-0.1279075483009416,0.5991603931361121,-1.1513642878859804,0.3394706892504444,0.17265862185849323,-0.23811915073501377
Isaiah Joe,Away,OKC,MEM,118,112,1,65dc456a-0cdb-4e96-9e91-339bc7c28645,1.1938319988730934,-1.0394895416183516,0.005627616404624874,-0.6010585049189052,-0.15423587431029184,1.390173611702839,0.024299117826949487,1.1777496125246523,0.5415863769855093,-1.1513642878859804,0.5158148156877286,-0.23783002813961074,-0.16469678737667887
Gordon Hayward,Away,OKC,MEM,118,112,1,65dc456a-0cdb-4e96-9e91-339bc7c28645,-0.7621597944135127,-1.4266500960387907,0.014809405696611518,-0.5558582384952162,-2.0368807853038895,-0.05622041217978439,0.10720320791168714,2.622539774887412,-0.4484772242040914,1.046524522242593,0.14189644590758116,0.43866993219681566,0.40348179285755953
Kenrich Williams,Away,OKC,MEM,118,112,1,65dc456a-0cdb-4e96-9e91-339bc7c28645,0.1993230891860842,-0.21193562135349714,1.5032985350186594,0.024427723037754732,1.3763404585778207,0.7216259626259683,1.166820506588839,2.079828050285568,1.5570822160182836,-1.1513642878859804,0.5459549833627243,1.7416824569536153,0.3579535014505661
Jaylin Williams,Away,OKC,MEM,118,112,1,65dc456a-0cdb-4e96-9e91-339bc7c28645,-2.0303389653294586,-0.2216260965737328,2.1930667844637277,0.7281541459240671,-1.056293923480988,-0.20849240508322478,-0.676153158537053,-2.9227544248450275,-0.48669151735735827,-1.1513642878859804,-0.9234897016660144,-0.8989391288503601,0.42005344396249394
Aaron Wiggins,Away,OKC,MEM,118,112,1,65dc456a-0cdb-4e96-9e91-339bc7c28645,-1.7049595266362902,-0.3693386168689059,-1.4326765173701406,0.8696122964063902,-0.9025216398252945,-0.2742955135681299,-0.747410736465941,-0.34824914272553087,-1.2552983215442763,-1.1513642878859804,-0.19063995123318828,-0.6899930203849217,0.8396266689442515
Mike Muscala,Away,OKC,MEM,118,112,1,65dc456a-0cdb-4e96-9e91-339bc7c28645,-2.1095831395633122,-1.9143611920854473,0.1880757281398747,-0.07361958999396344,-2.0368807853038895,-0.05622041217978439,0.10720320791168714,-2.9227544248450275,-0.48669151735735827,-1.1513642878859804,-1.4714123511615214,-0.4549845737276464,0.34557444461256764
Bismack Biyombo,Away,OKC,MEM,118,112,1,65dc456a-0cdb-4e96-9e91-339bc7c28645,-2.1095831395633122,-1.9143611920854473,0.1880757281398747,-0.07361958999396344,-2.687155186588638,0.2828307119199974,0.16252777235186924,-2.9227544248450275,-0.48669151735735827,-1.1513642878859804,-2.8289409963040137,0.739979545152948,-0.06542450471270202
Lindy Waters III,Away,OKC,MEM,118,112,1,65dc456a-0cdb-4e96-9e91-339bc7c28645,-2.1095831395633122,-1.9143611920854473,0.1880757281398747,-0.07361958999396344,-2.687155186588638,0.2828307119199974,0.16252777235186924,-2.9227544248450275,-0.48669151735735827,-1.1513642878859804,-2.8289409963040137,0.739979545152948,-0.06542450471270202
Shai Gilgeous-Alexander,Home,OKC,UTA,119,107,1,4c07a0e6-f87a-4c32-a2cd-17505065d43a,4.351333249563087,4.406034815013736,2.3708514101035076,-0.9055557003467287,-0.46752428350672304,-0.5606354345687243,0.2121537527856495,1.0604683745632741,-0.7658704495273075,2.4801105470336773,2.2467785302346015,0.5937776189268988,-0.8459556444893241
Jalen Williams,Home,OKC,UTA,119,107,1,4c07a0e6-f87a-4c32-a2cd-17505065d43a,1.4451457348808838,1.7225542927633983,-0.89244315771149,0.3968983843031028,-1.0887167268820275,-0.04481376741398156,-0.5071401697968664,0.2079825040460698,-0.962854155325056,0.9565678488803714,1.9568284796974682,0.8850400124353001,1.915639995371529
Chet Holmgren,Home,OKC,UTA,119,107,1,4c07a0e6-f87a-4c32-a2cd-17505065d43a,4.104574482253386,0.8459740003419041,0.9930334118516525,1.152357082939913,6.878533469808759,1.2953970556113694,0.32101916011345644,1.3155113477835085,-0.724716587210078,5.3509911828326695,2.766223215991388,2.044813046574235,0.6195452984777037
Josh Giddey,Home,OKC,UTA,119,107,1,4c07a0e6-f87a-4c32-a2cd-17505065d43a,0.03097614274064053,1.1570062689612202,-0.798136770918218,-2.8594874457136488,4.726189812897422,-0.34123438407855927,-0.9250637359716787,-0.5424618724139384,0.11127216334856735,-1.1513642878859804,1.2728276501076632,1.5156882514354337,1.5749745908416628
Luguentz Dort,Home,OKC,UTA,119,107,1,4c07a0e6-f87a-4c32-a2cd-17505065d43a,0.11067103329778566,0.38798735975060883,-1.3578104660850119,0.8804913646010755,-0.23733424927835167,-0.7055462597247215,0.18224019417618834,0.7459650459973903,1.141019622296108,2.8702673030538817,0.8594499719805041,0.22091846599661047,1.498220979430449
Cason Wallace,Home,OKC,UTA,119,107,1,4c07a0e6-f87a-4c32-a2cd-17505065d43a,-0.8769600701284391,0.7576687090160764,2.0628160427482185,0.0014291281724079618,1.0897687238939895,-0.2146501637473779,1.5511424020871558,0.3525583178309981,0.14664272385976784,0.7905015748789318,0.08040981229978317,-0.3553159641392509,-0.8695089710441779
Aaron Wiggins,Home,OKC,UTA,119,107,1,4c07a0e6-f87a-4c32-a2cd-17505065d43a,-0.2504444527137002,-0.12185764555847314,-1.2276148564178757,0.35998048689261725,-0.8055302538002246,-0.13825510440205244,-0.7458995831704072,3.202625859493517,0.443482834453284,-1.1513642878859804,0.06499049689643047,0.09505820977208151,0.05194387180649213
Gordon Hayward,Home,OKC,UTA,119,107,1,4c07a0e6-f87a-4c32-a2cd-17505065d43a,-0.012330292965836324,-0.5472186774958029,-0.2938005227711017,-1.4177128981068918,-0.5161003533862716,-0.8986215482175395,0.5693168039750371,3.210740907015169,1.3219577846778425,1.046524522242593,-0.12521356040219656,-0.0979960358351794,-1.385998945292142
Jaylin Williams,Home,OKC,UTA,119,107,1,4c07a0e6-f87a-4c32-a2cd-17505065d43a,-0.42611830905497616,-1.0524553790998297,1.5223485532382153,0.5076328100032346,-0.14632223825226218,1.2967557568758226,-0.13197542865229456,-0.12214245986324662,2.003749496555841,-1.1513642878859804,-0.46921383145862705,-1.353764106091533,-0.9992803173068574
Isaiah Joe,Home,OKC,UTA,119,107,1,4c07a0e6-f87a-4c32-a2cd-17505065d43a,-1.236821391129002,-1.6887839903584527,0.1708439280209437,-0.13042726900275117,-1.3427292922445857,-0.11990635562437732,-0.39911888262253264,-2.439136433119763,1.7104726855887074,-1.1513642878859804,-0.640269021023236,-2.2675156814718886,0.5867983517067852
Ousmane Dieng,Home,OKC,UTA,119,107,1,4c07a0e6-f87a-4c32-a2cd-17505065d43a,-1.8450772814964933,-0.6391958588531679,-1.6992094209693003,2.246095214719222,-0.36506506389150545,-0.43165467801596,-1.2709821464577546,-2.277930435878009,2.442860753237396,-1.1513642878859804,-0.8070173846744222,-3.0367736526762443,1.591883399707626
Lindy Waters III,Home,OKC,UTA,119,107,1,4c07a0e6-f87a-4c32-a2cd-17505065d43a,-1.8450772814964933,0.36357671455851037,-0.620562672048972,-2.2854149069745255,0.42686737649898665,7.135673547346563,3.7748000708970664,-1.9084701628055936,2.382412562389376,-1.1513642878859804,-0.15004450043735576,-0.22396877318411398,-0.5496909959712047
Bismack Biyombo,Home,OKC,UTA,119,107,1,4c07a0e6-f87a-4c32-a2cd-17505065d43a,-2.1095831395633122,-1.9143611920854473,0.1880757281398747,-0.07361958999396344,-2.687155186588638,0.2828307119199974,0.16252777235186924,-2.9227544248450275,-0.48669151735735827,-1.1513642878859804,-2.8289409963040137,0.739979545152948,-0.06542450471270202
Mike Muscala,Home,OKC,UTA,119,107,1,4c07a0e6-f87a-4c32-a2cd-17505065d43a,-2.1095831395633122,-1.9143611920854473,0.1880757281398747,-0.07361958999396344,-2.687155186588638,0.2828307119199974,0.16252777235186924,-2.9227544248450275,-0.48669151735735827,-1.1513642878859804,-2.8289409963040137,0.739979545152948,-0.06542450471270202
Kenrich Williams,Home,OKC,UTA,119,107,1,4c07a0e6-f87a-4c32-a2cd-17505065d43a,-2.1095831395633122,-1.9143611920854473,0.1880757281398747,-0.07361958999396344,-2.687155186588638,0.2828307119199974,0.16252777235186924,-2.9227544248450275,-0.48669151735735827,-1.1513642878859804,-2.8289409963040137,0.739979545152948,-0.06542450471270202
Shai Gilgeous-Alexander,Away,OKC,TOR,123,103,1,4cf3a6d3-0b5d-4b5a-804a-f753a9744341,3.207542181853758,6.027753937126962,-0.716930722544993,0.8317932608016292,2.1278610827307523,0.42928519209924393,-0.6382522807942321,0.0784970281702429,-0.454348683353883,2.110708682310296,2.121562735057548,-0.34119107214854627,0.22899313300867918
Jalen Williams,Away,OKC,TOR,123,103,1,4cf3a6d3-0b5d-4b5a-804a-f753a9744341,1.2415134574404145,2.791426876298177,1.1562490412412023,1.5868262528651047,0.5037310309183723,2.284497625420392,0.1372624400867165,0.7535571441981991,-1.5711219346845091,1.05020057569654,1.605676023074098,0.8161253556881067,0.04465051418252199
Chet Holmgren,Away,OKC,TOR,123,103,1,4cf3a6d3-0b5d-4b5a-804a-f753a9744341,2.3893322440466553,0.034274309230296195,2.0039205029189753,0.3320078442615908,4.624065929224901,-0.9117515832594844,0.3490620923287891,1.5855723397698809,-0.5191955736133111,-1.1513642878859804,1.3456970855647963,1.0404702439897224,0.17370622794543908
Luguentz Dort,Away,OKC,TOR,123,103,1,4cf3a6d3-0b5d-4b5a-804a-f753a9744341,0.9466225152400998,0.012483555858609578,-0.7444295795580527,-0.28433728094199207,-0.26179282003584275,-0.14776409643046698,-1.1310155783861848,0.4000910101938833,0.42203733997453285,0.5694272435258033,0.7083131284743484,-0.3751916233370722,0.7812982989992285
Josh Giddey,Away,OKC,TOR,123,103,1,4cf3a6d3-0b5d-4b5a-804a-f753a9744341,0.1531049410396431,1.7384359773766376,-1.908503317707061,-0.5401320008071839,-0.3313518983477905,1.20401787065155,-0.0961016776215328,1.7456634973423013,-0.5084425371961373,0.6552792498273902,0.7879088593840771,0.6552495006201406,0.5315888191176237
Gordon Hayward,Away,OKC,TOR,123,103,1,4cf3a6d3-0b5d-4b5a-804a-f753a9744341,-0.505675041058145,0.46159814267953225,-1.5474543312291513,1.1574601010345125,1.5067116166017382,-0.2535890451943566,-2.3001960611538546,0.03897838480638278,1.242566630492324,1.580643328917059,0.3174925895936849,-0.6035911190687481,0.9328867967640724
Cason Wallace,Away,OKC,TOR,123,103,1,4cf3a6d3-0b5d-4b5a-804a-f753a9744341,1.784478957037444,-0.14465383961882627,2.1294159571188063,0.4485795194447812,0.8155469470022405,-2.040972443288895,2.1051617595051866,1.0169734470524372,0.3377221105748181,0.3305801125490021,1.074744862637349,0.7592742031564162,0.49320006982120396
Kenrich Williams,Away,OKC,TOR,123,103,1,4cf3a6d3-0b5d-4b5a-804a-f753a9744341,0.990199721432624,1.6787751175776675,4.112879152938897,0.9681634584636312,1.41290969311511,-2.0924415862429284,1.7190779313221538,2.664089138045646,-0.3365542036646289,-1.1513642878859804,0.7930365013576022,1.3740329251832644,-0.7221961102848382
Isaiah Joe,Away,OKC,TOR,123,103,1,4cf3a6d3-0b5d-4b5a-804a-f753a9744341,0.057818557382887326,-0.4061935551366382,-0.15326824247522502,-1.0545859679365879,-1.403279566234149,-0.08940517581581787,-0.38473564394493437,0.9539553121350618,1.109533617395848,2.148801738930482,0.3903196608868181,0.18461552994711958,0.7966487048535706
Aaron Wiggins,Away,OKC,TOR,123,103,1,4cf3a6d3-0b5d-4b5a-804a-f753a9744341,-1.652107050721392,2.6488845051652006,3.2432971425497676,2.3149192156830867,-1.3700196004439018,-0.07354609389617173,-0.5176528195383073,-0.18911682391509793,-1.2829530404261529,1.557037345428815,0.19185899619947402,0.8752293380993671,0.16100257737373452
Lindy Waters III,Away,OKC,TOR,123,103,1,4cf3a6d3-0b5d-4b5a-804a-f753a9744341,-1.5281005845610796,-1.6887839903584527,0.1708439280209437,-0.13042726900275117,3.526332635126206,-4.611725468193665,2.678365488085977,-2.562876956381364,0.06143881748158002,-1.1513642878859804,0.1970090509281298,-3.920239928022598,2.6086095331773067
Mike Muscala,Away,OKC,TOR,123,103,1,4cf3a6d3-0b5d-4b5a-804a-f753a9744341,-1.7842037008701437,-1.9143611920854473,0.1880757281398747,-0.07361958999396344,0.5833224682653768,-3.0162024672604306,2.831970145490526,2.5561313832086223,-2.077876724702641,-1.1513642878859804,-0.5009756506730898,0.24256699955205005,-0.4875818435534308
Bismack Biyombo,Away,OKC,TOR,123,103,1,4cf3a6d3-0b5d-4b5a-804a-f753a9744341,-2.1095831395633122,-1.9143611920854473,0.1880757281398747,-0.07361958999396344,-2.687155186588638,0.2828307119199974,0.16252777235186924,-2.9227544248450275,-0.48669151735735827,-1.1513642878859804,-2.8289409963040137,0.739979545152948,-0.06542450471270202
Jaylin Williams,Away,OKC,TOR,123,103,1,4cf3a6d3-0b5d-4b5a-804a-f753a9744341,-2.1095831395633122,-1.9143611920854473,0.1880757281398747,-0.07361958999396344,-2.687155186588638,0.2828307119199974,0.16252777235186924,-2.9227544248450275,-0.48669151735735827,-1.1513642878859804,-2.8289409963040137,0.739979545152948,-0.06542450471270202
Shai Gilgeous-Alexander,Away,OKC,MIL,93,118,0,90980665-1b13-4eff-826c-c2c1363486db,0.7335132768681971,2.6464909171348827,0.7426980663558053,2.438531611795489,-0.08071401460058664,0.9543133091805382,-0.386829189452558,-0.531358958340489,-0.4114535818408274,1.011758424359963,0.9095264568720912,-1.696964341804506,-1.3746925753406103
Jalen Williams,Away,OKC,MIL,93,118,0,90980665-1b13-4eff-826c-c2c1363486db,2.221366934647515,1.3206576903224185,0.43469165442309293,-1.703427302117261,0.059756917424489325,-1.7245103254228324,2.209485670421095,0.6551401846965145,-0.5326337558537116,0.22786431929531778,0.9583174439045132,-0.9802880903256799,-1.9877311734080485
Josh Giddey,Away,OKC,MIL,93,118,0,90980665-1b13-4eff-826c-c2c1363486db,3.245940916497807,2.6606003188024485,-1.6899565246909312,-3.188957255303853,2.7160941463283264,-0.19065596896783385,-2.9304349845703586,2.027824798784686,0.06977887118064027,0.5265012403750099,1.2491355395392614,0.6501860955492076,-1.651242929508329
Chet Holmgren,Away,OKC,MIL,93,118,0,90980665-1b13-4eff-826c-c2c1363486db,0.06671219005895787,-1.2180027041616968,-0.3950269458159874,0.48249881718927806,0.36877367358145663,-0.723525693642247,-0.25067383787289693,-1.6129934921244182,0.7351172171472499,2.2570386866139756,0.6667058599455575,-1.535538728927468,0.6108960354353399
Luguentz Dort,Away,OKC,MIL,93,118,0,90980665-1b13-4eff-826c-c2c1363486db,0.6132219718354803,-1.463206788631458,0.1536121279020127,-0.18723494801153887,-0.25962161168835274,-0.16325479707645396,-1.0710930725947596,-0.39158906796952786,1.2565720645067497,1.1973754436421173,0.02650441907822335,-1.9983173791817122,-0.9933638325452425
Cason Wallace,Away,OKC,MIL,93,118,0,90980665-1b13-4eff-826c-c2c1363486db,0.7720228780725025,0.6777733734299154,1.5964719451515175,1.3510697751928324,-0.7625539907498295,-0.67302425539752,0.4808688095026368,-0.8181856327582196,1.428001875818624,-1.1513642878859804,0.32821964228938844,-1.5613771292355842,-0.3000851513954166
Kenrich Williams,Away,OKC,MIL,93,118,0,90980665-1b13-4eff-826c-c2c1363486db,-0.40111338767901505,0.5485864100934016,0.9859467366623603,-0.7096692170479495,0.6604570134771279,-0.8843915038238055,-0.3810095103425723,-0.7153083029061807,0.24815342971492643,1.252566019121709,0.04132987888493825,-1.472889802474491,-1.1669081700351047
Aaron Wiggins,Away,OKC,MIL,93,118,0,90980665-1b13-4eff-826c-c2c1363486db,-1.1681701842835284,0.2257690494504273,-0.10813491246445943,2.1370304536414158,0.2537927787526306,-1.525425836276797,1.3157801206893531,0.7268844799655698,-1.5550927628415279,4.164880631386578,0.17457268243536717,-0.8287824913477605,-0.7192314894640027
Gordon Hayward,Away,OKC,MIL,93,118,0,90980665-1b13-4eff-826c-c2c1363486db,-1.6865889330287864,0.3802531826370028,-1.4784561697892407,-0.3220070760769215,-0.37043756328049693,-0.9614546844258267,0.4947113087943659,-2.39134780245694,0.4370366537381063,-1.1513642878859804,-0.4614616682307242,-1.4619736086876005,-0.2663592130301111
Jaylin Williams,Away,OKC,MIL,93,118,0,90980665-1b13-4eff-826c-c2c1363486db,-1.8450772814964933,-0.9131005736608194,-0.11619054367875851,-0.9205338296764924,1.1224454231630445,-0.5882918269300473,-2.335634536830396,-1.967847706692232,2.392127450204236,-1.1513642878859804,-1.0642775686748391,-1.1589562971053502,-0.3437699249748206
Isaiah Joe,Away,OKC,MIL,93,118,0,90980665-1b13-4eff-826c-c2c1363486db,0.27856726341993765,-1.9143611920854473,0.1880757281398747,-0.07361958999396344,-0.774893907015746,-1.2794350186396561,1.3392167510481439,1.1205124117947975,1.183155334540145,-1.1513642878859804,0.2259487863701223,-0.6142062951470152,-1.4912309450488026
Lindy Waters III,Away,OKC,MIL,93,118,0,90980665-1b13-4eff-826c-c2c1363486db,-0.3123922525137283,-1.9143611920854473,0.1880757281398747,-0.07361958999396344,-2.0160720044627776,-0.0670700481509774,0.10543282184960132,1.2511996345679792,0.8771683915226544,0.7825241877386707,0.5135477866225945,0.07643393877361955,-0.7341797647258281
Bismack Biyombo,Away,OKC,MIL,93,118,0,90980665-1b13-4eff-826c-c2c1363486db,-2.1095831395633122,1.4707392955455214,0.2949994103191024,4.724387418848629,-2.1201159086683377,-0.012821868295012313,0.11428475216003045,-2.9227544248450275,-0.48669151735735827,-0.766175949709078,-0.33050867152832536,-1.956995641564926,1.3219750191574666
Mike Muscala,Away,OKC,MIL,93,118,0,90980665-1b13-4eff-826c-c2c1363486db,-2.1095831395633122,-1.9143611920854473,0.1880757281398747,-0.07361958999396344,-2.0160720044627776,-0.0670700481509774,0.10543282184960132,-2.9227544248450275,-0.48669151735735827,-1.1513642878859804,-1.5000358144616097,-0.4893304436216121,0.512264580881526
Olivier Sarr,Away,OKC,MIL,93,118,0,90980665-1b13-4eff-826c-c2c1363486db,-2.1095831395633122,-1.9143611920854473,0.1880757281398747,-0.07361958999396344,-2.687155186588638,0.2828307119199974,0.16252777235186924,-2.9227544248450275,-0.48669151735735827,-1.1513642878859804,-2.8289409963040137,0.739979545152948,-0.06542450471270202
Shai Gilgeous-Alexander,Away,OKC,NOP,119,112,1,c5c823ef-920e-4a38-a75e-4f2029c08b31,2.8898712901027253,2.1026108644437227,1.0376141338472675,-1.8517340983631125,0.7477472641794085,-1.1480486872059035,0.6486011008218381,0.4053522739334983,-0.7577407867608426,2.5215034786433708,2.235825327595256,0.656073578936096,0.2202482274275373
Jalen Williams,Away,OKC,NOP,119,112,1,c5c823ef-920e-4a38-a75e-4f2029c08b31,4.0457802606974065,1.5448118026730828,-1.3854764301656155,-0.9786617106642981,-0.4037253332884671,0.405423354889562,1.032563773365326,1.0721766745397445,-0.2849227290652703,2.4848552145032508,2.007511114102775,0.10856470434998061,-0.002139722871403952
Chet Holmgren,Away,OKC,NOP,119,112,1,c5c823ef-920e-4a38-a75e-4f2029c08b31,2.187266689386424,0.5513680580814764,-0.8445910824108482,-0.9458360231628012,3.408022395141316,1.9611530431009452,-1.6986433426142042,0.6548692921310726,0.0206819745624058,0.2600588216584129,1.6606036027298332,0.7287960614865318,0.5773316645281374
Luguentz Dort,Away,OKC,NOP,119,112,1,c5c823ef-920e-4a38-a75e-4f2029c08b31,0.03135777978694407,1.241768004376718,-1.0094507343859302,2.0315108247668006,1.4353544024190914,-1.2899700034848773,0.33523222570551214,-0.01231356814747296,0.9191178475820766,0.6552792498273902,0.8832000002870681,-0.3734875329621193,0.5537373970963454
Josh Giddey,Away,OKC,NOP,119,112,1,c5c823ef-920e-4a38-a75e-4f2029c08b31,4.839812083876237,1.1276975027486553,-1.856028935019405,0.03643653800289784,2.8923834126212165,-0.8033848758701412,-1.754222466474975,2.5085304416789502,0.09762718177386903,-1.1513642878859804,1.7930470733367612,0.9180988864031783,-0.4895254940077069
Kenrich Williams,Away,OKC,NOP,119,112,1,c5c823ef-920e-4a38-a75e-4f2029c08b31,-0.868938965416988,-0.022893043772817142,1.0996199854963153,-0.44000673357438286,0.15995887782794452,-0.9913408649736168,0.15940319062865468,1.4267859869524822,-0.9606455389707788,-1.1513642878859804,0.19171120078616843,0.49299354057874634,-0.3141026900290443
Isaiah Joe,Away,OKC,NOP,119,112,1,c5c823ef-920e-4a38-a75e-4f2029c08b31,0.1993230891860842,0.04489059351528158,1.1678607979472289,-0.4302464708854477,0.03723646101494057,-0.2595902395748059,-1.3537396639802919,2.0534380307803954,1.5613999439359991,-1.1513642878859804,0.17713230517147355,0.566700129926307,-0.4893923374832952
Jaylin Williams,Away,OKC,NOP,119,112,1,c5c823ef-920e-4a38-a75e-4f2029c08b31,-1.2196358832554328,1.6034974142979281,-3.4738438998234766,2.8742882102898397,3.4628988997048107,-0.7699242121093395,-3.7826565669728525,4.794807822252154,0.9400822416769743,-1.1513642878859804,-0.21625593694350573,-0.7206591973488035,-0.564463209036732
Cason Wallace,Away,OKC,NOP,119,112,1,c5c823ef-920e-4a38-a75e-4f2029c08b31,-0.4896328316352426,-1.6887839903584527,0.1708439280209437,-0.13042726900275117,-1.2573014186343023,-0.15230195833847956,-0.45769288832052496,2.907812970232096,-0.8038982756351803,-1.1513642878859804,0.001961290237451421,-0.06150287883915202,-0.2804165894167563
Gordon Hayward,Away,OKC,NOP,119,112,1,c5c823ef-920e-4a38-a75e-4f2029c08b31,-1.9510947910956054,-1.9143611920854473,0.1880757281398747,-0.07361958999396344,-2.0576895661450014,-0.04537077620859137,0.10897359397377297,-2.9227544248450275,-0.48669151735735827,-1.1513642878859804,-1.1105605119002002,-2.3449247654468053,-0.48612821437067505
Bismack Biyombo,Away,OKC,NOP,119,112,1,c5c823ef-920e-4a38-a75e-4f2029c08b31,-2.1095831395633122,-1.9143611920854473,0.1880757281398747,-0.07361958999396344,-2.687155186588638,0.2828307119199974,0.16252777235186924,-2.9227544248450275,-0.48669151735735827,-1.1513642878859804,-2.8289409963040137,0.739979545152948,-0.06542450471270202
Mike Muscala,Away,OKC,NOP,119,112,1,c5c823ef-920e-4a38-a75e-4f2029c08b31,-2.1095831395633122,-1.9143611920854473,0.1880757281398747,-0.07361958999396344,-2.687155186588638,0.2828307119199974,0.16252777235186924,-2.9227544248450275,-0.48669151735735827,-1.1513642878859804,-2.8289409963040137,0.739979545152948,-0.06542450471270202
Olivier Sarr,Away,OKC,NOP,119,112,1,c5c823ef-920e-4a38-a75e-4f2029c08b31,-2.1095831395633122,-1.9143611920854473,0.1880757281398747,-0.07361958999396344,-2.687155186588638,0.2828307119199974,0.16252777235186924,-2.9227544248450275,-0.48669151735735827,-1.1513642878859804,-2.8289409963040137,0.739979545152948,-0.06542450471270202
Lindy Waters III,Away,OKC,NOP,119,112,1,c5c823ef-920e-4a38-a75e-4f2029c08b31,-2.1095831395633122,-1.9143611920854473,0.1880757281398747,-0.07361958999396344,-2.687155186588638,0.2828307119199974,0.16252777235186924,-2.9227544248450275,-0.48669151735735827,-1.1513642878859804,-2.8289409963040137,0.739979545152948,-0.06542450471270202
Aaron Wiggins,Away,OKC,NOP,119,112,1,c5c823ef-920e-4a38-a75e-4f2029c08b31,-2.1095831395633122,-1.9143611920854473,0.1880757281398747,-0.07361958999396344,-2.687155186588638,0.2828307119199974,0.16252777235186924,-2.9227544248450275,-0.48669151735735827,-1.1513642878859804,-2.8289409963040137,0.739979545152948,-0.06542450471270202
Jalen Williams,Home,OKC,HOU,126,132,0,174bae76-3f8a-4674-8294-2cf89041addc,5.02449043945384,5.846570273161123,-1.4931588298379304,-0.7099186407278719,0.9164756660815518,0.37640655125974565,0.1305989817995726,0.19669420530353476,0.16552112337330985,0.9474847824428555,1.7575829928028088,-1.4993422988623284,-1.405347166681088
Luguentz Dort,Home,OKC,HOU,126,132,0,174bae76-3f8a-4674-8294-2cf89041addc,0.1275857706853075,0.269880241728244,0.26420756637691306,0.19126310919297734,0.3284238625888394,0.9126170659026782,-0.6068779812226641,-1.1212936620814455,0.28284276882057197,2.2570386866139756,0.7885449401851176,-1.2533272487804084,-0.3452434698581838
Josh Giddey,Home,OKC,HOU,126,132,0,174bae76-3f8a-4674-8294-2cf89041addc,3.3546759015287213,1.2026731460441427,0.06558556980615363,-0.9204043970491266,2.9327084374030705,-1.9494274926807973,3.637732113487331,0.572855613576786,-1.0220715333738308,4.088509824104645,1.8928102033330447,-0.40104445165657254,-1.4412433491983374
Cason Wallace,Home,OKC,HOU,126,132,0,174bae76-3f8a-4674-8294-2cf89041addc,-1.0358300556424493,-0.5010323891085045,-0.8138064202341055,0.44196372519466914,-0.9174166557512821,-0.11536032321835482,-0.6013564656432765,-0.636542329186888,-0.5316420998834901,-1.1513642878859804,0.04865259003426541,-1.1851794248306977,0.08332492211520226
Chet Holmgren,Home,OKC,HOU,126,132,0,174bae76-3f8a-4674-8294-2cf89041addc,-1.4748664715998776,2.1290455987877634,-3.501836992499034,3.674053670692689,3.9723538397489775,3.4903575628157335,-0.9538557346739154,-1.6572414621541067,2.3145607829734636,2.347179099466942,0.11259209865653014,-1.6363606944716087,1.124017642707592
Isaiah Joe,Home,OKC,HOU,126,132,0,174bae76-3f8a-4674-8294-2cf89041addc,2.841317303570785,0.8406926697263022,-1.1148142981602536,-1.4326133189573496,-0.552654293247542,-0.08031311100377286,-0.7892108099864222,2.3134986248015794,0.31034382961108536,0.5525634565737059,1.3163336423001768,0.8709639204439359,-0.09880071706060174
Aaron Wiggins,Home,OKC,HOU,126,132,0,174bae76-3f8a-4674-8294-2cf89041addc,1.640958598818961,-0.996087279331576,-0.5912420316765696,0.22426549287108036,1.0738146928478014,-0.2894047217790795,1.5458069427880707,2.61065752119573,-0.6593862177470522,-1.1513642878859804,0.5041324579004269,-0.5676260190610113,-1.8242915278498189
Gordon Hayward,Home,OKC,HOU,126,132,0,174bae76-3f8a-4674-8294-2cf89041addc,1.2290755425848512,-0.7616958100141142,1.1418316123476235,-0.010728135724212523,-0.8789309033386571,-0.12326578434421724,-0.6540042793733948,2.3915486911534884,-0.06037206031460023,1.506795079288913,0.5151243718917318,-0.139901379569863,-1.149129129478908
Kenrich Williams,Home,OKC,HOU,126,132,0,174bae76-3f8a-4674-8294-2cf89041addc,-0.2860005541947732,0.1655373695586393,1.1264041936387024,-0.20978723096200927,4.6313723862433145,-3.994612659380698,2.901301127177169,0.725259100383628,0.5846945646924745,-1.1513642878859804,0.28638097890926095,0.32252908172177525,0.30890839455744457
Jaylin Williams,Home,OKC,HOU,126,132,0,174bae76-3f8a-4674-8294-2cf89041addc,-0.36524472842862665,1.1066250874806975,-0.7601355380845232,3.0724785614200205,1.5002645621303532,-0.4293081555220949,-2.36823523821466,0.7497503467558188,0.9631428090201157,-1.1513642878859804,0.13067206228505698,-1.1763759081360552,0.24351969495149128
Mike Muscala,Home,OKC,HOU,126,132,0,174bae76-3f8a-4674-8294-2cf89041addc,-1.7842037008701437,-0.8647730605801625,-1.6819776208503694,2.30290289372801,-0.38748159324397763,-0.43996636929856886,-1.2014575291645953,1.6720657297853423,-1.9332328394591645,-1.1513642878859804,-0.1947494419833405,-0.4917978640044286,0.6925579797826666
Bismack Biyombo,Home,OKC,HOU,126,132,0,174bae76-3f8a-4674-8294-2cf89041addc,-2.1095831395633122,-1.9143611920854473,0.1880757281398747,-0.07361958999396344,-2.687155186588638,0.2828307119199974,0.16252777235186924,-2.9227544248450275,-0.48669151735735827,-1.1513642878859804,-2.8289409963040137,0.739979545152948,-0.06542450471270202
Keyontae Johnson,Home,OKC,HOU,126,132,0,174bae76-3f8a-4674-8294-2cf89041addc,-2.1095831395633122,-1.9143611920854473,0.1880757281398747,-0.07361958999396344,-2.687155186588638,0.2828307119199974,0.16252777235186924,-2.9227544248450275,-0.48669151735735827,-1.1513642878859804,-2.8289409963040137,0.739979545152948,-0.06542450471270202
Olivier Sarr,Home,OKC,HOU,126,132,0,174bae76-3f8a-4674-8294-2cf89041addc,-2.1095831395633122,-1.9143611920854473,0.1880757281398747,-0.07361958999396344,-2.687155186588638,0.2828307119199974,0.16252777235186924,-2.9227544248450275,-0.48669151735735827,-1.1513642878859804,-2.8289409963040137,0.739979545152948,-0.06542450471270202
Lindy Waters III,Home,OKC,HOU,126,132,0,174bae76-3f8a-4674-8294-2cf89041addc,-2.1095831395633122,-1.9143611920854473,0.1880757281398747,-0.07361958999396344,-2.687155186588638,0.2828307119199974,0.16252777235186924,-2.9227544248450275,-0.48669151735735827,-1.1513642878859804,-2.8289409963040137,0.739979545152948,-0.06542450471270202
Jalen Williams,Home,OKC,PHO,128,103,1,652f2323-4903-4efc-a7e7-768be4b25ea5,0.7148301254913778,1.5691161555251922,0.7505277130883234,0.8382084465700366,0.7567173532378948,0.3588498284465438,0.4826290764271624,0.0476271345743413,-1.0744027687613593,2.154322893360291,1.424528619333251,-0.16753713102186174,0.26739766196133813
Chet Holmgren,Home,OKC,PHO,128,103,1,652f2323-4903-4efc-a7e7-768be4b25ea5,0.5824899968502989,-0.5300982847320261,-0.6050334854447762,-0.22540583140446754,1.9814546335118446,0.2809837143332782,-0.2060970552088333,0.7120489914335514,-1.509044856268123,4.529672326667669,1.581887808890157,0.6740117399813709,0.676718508007995
Luguentz Dort,Home,OKC,PHO,128,103,1,652f2323-4903-4efc-a7e7-768be4b25ea5,1.7583998164878043,1.7059419299032141,2.236176491931187,0.9973871028176341,-1.5699022254387114,-0.039113927081636926,-0.23596600089663217,1.533850705264965,0.8958944008497596,-1.1513642878859804,0.9592086771437317,0.5518529713881145,-0.21598681892336088
Aaron Wiggins,Home,OKC,PHO,128,103,1,652f2323-4903-4efc-a7e7-768be4b25ea5,1.8801469777405033,0.2539296933135906,0.30455834310695806,0.3747160889938752,0.43062182023775714,-0.858812966244034,-0.08661908549359507,2.914642102576073,-0.1585543414267784,-1.1513642878859804,1.1581551301621904,1.1527773214913513,0.3799704860439214
Josh Giddey,Home,OKC,PHO,128,103,1,652f2323-4903-4efc-a7e7-768be4b25ea5,2.581228255648078,3.2373666065264066,-2.62098832685244,-2.3034755135093508,2.81076853738885,0.19581164080201907,-0.6457564703588277,1.3686821448196975,-0.9130408775331701,1.0180060733334448,2.3716122420216905,1.7094989724342635,0.39999318565861325
Cason Wallace,Home,OKC,PHO,128,103,1,652f2323-4903-4efc-a7e7-768be4b25ea5,2.338697285756102,0.02412837485268189,-0.8116987772946495,-0.4193913305278222,0.49293493909825825,0.9826064093611878,-0.6584471806616914,2.87712186216292,-0.16531288299676566,-1.1513642878859804,1.4700882353859046,1.430562482858309,0.9315221195868051
Isaiah Joe,Home,OKC,PHO,128,103,1,652f2323-4903-4efc-a7e7-768be4b25ea5,2.8068354212633904,-0.5938472789276064,-0.563054750954076,0.06697081898392898,-0.22255779665234682,-0.18728311339913523,-1.0933596097242528,1.2429914651050191,0.6591961880603763,-1.1513642878859804,1.1162092962818788,-0.15573063633454193,0.7592648373386489
Kenrich Williams,Home,OKC,PHO,128,103,1,652f2323-4903-4efc-a7e7-768be4b25ea5,-0.4459447588824622,-0.8331104946014221,-0.004019640430543548,-0.637341656449527,1.1679329040600215,-1.9737935410316672,1.2808617846472559,-0.2310832564457092,-0.35711396120545164,-1.1513642878859804,0.4709879992178235,-0.3986772209424617,1.3907526412851814
Jaylin Williams,Home,OKC,PHO,128,103,1,652f2323-4903-4efc-a7e7-768be4b25ea5,-1.2196358832554328,1.1814868519008608,-0.7747458385957146,-2.7796404360059555,2.190944985710884,4.645874554914604,0.9694441737975067,5.962566185356039,0.749022781318054,-1.1513642878859804,0.05322956127956383,2.2117154555368024,-1.332429458578947
Gordon Hayward,Home,OKC,PHO,128,103,1,652f2323-4903-4efc-a7e7-768be4b25ea5,-1.0358300556424493,-0.7853537623116132,-0.21913326301675243,-1.202293106821796,-1.1428584019011472,-0.19324739718123865,-0.5528690924807421,-0.46500720240326654,-0.5597073313486423,-1.1513642878859804,0.22648507933646803,-0.603164815013322,0.904472713357611
Mike Muscala,Home,OKC,PHO,128,103,1,652f2323-4903-4efc-a7e7-768be4b25ea5,-1.8450772814964933,0.6774213357037541,2.672261057618198,0.3892579554220719,-0.22127161139049192,-2.1646430355602173,2.278615580455977,-1.5192173751042986,2.318726075603069,-1.1513642878859804,-0.6536839095677518,0.03377909939706427,0.0910668196394994
Bismack Biyombo,Home,OKC,PHO,128,103,1,652f2323-4903-4efc-a7e7-768be4b25ea5,-2.1095831395633122,-1.9143611920854473,0.1880757281398747,-0.07361958999396344,-2.0524873709347236,-0.04808318520138962,0.10853099745825151,-2.9227544248450275,-0.48669151735735827,-1.1513642878859804,-1.4693427188132424,-0.6393006279682163,0.23885235367891927
Shai Gilgeous-Alexander,Away,OKC,NYK,113,112,1,26a529b3-d944-4478-92d2-419b58c38f39,2.2130332721667485,1.4793021106918125,-0.2901173098549037,0.1118920064217759,-0.8713362928499012,-0.6189644205979595,0.543843410820264,0.21296146321846965,-0.45056883687688276,2.027077955449011,1.1832110486016418,-1.8230297868669865,-1.1067481642078063
Jalen Williams,Away,OKC,NYK,113,112,1,26a529b3-d944-4478-92d2-419b58c38f39,4.094468471849661,3.1288907004855235,0.4339572642272017,-1.94240446930536,0.7509806421342943,2.0098349213296887,-0.07074985791042752,1.7509621304950964,-1.0149159821539473,2.526985843553039,2.263221404461892,1.185865919704124,-1.2293605069221842
Josh Giddey,Away,OKC,NYK,113,112,1,26a529b3-d944-4478-92d2-419b58c38f39,1.7994469472866679,4.387956919831307,-1.4545379507358602,-2.716343307081734,5.582521141647885,1.3896696024934652,-1.7807778811995383,1.7550154190924627,-0.5960154322290775,-0.48715692922892057,1.6922598316536213,1.5333822454827113,-0.7330938619946618
Luguentz Dort,Away,OKC,NYK,113,112,1,26a529b3-d944-4478-92d2-419b58c38f39,-0.10875997507325894,0.0851828589705388,-0.7328945016635964,0.15378248457928742,-1.5153151522816681,-0.074198016796919,-0.2122738166672936,-0.5624361239509407,2.093374850754723,1.3516690417741986,0.38703669075252806,-1.251904743616406,0.5444235266219709
Chet Holmgren,Away,OKC,NYK,113,112,1,26a529b3-d944-4478-92d2-419b58c38f39,0.5075170200056837,0.4263514972537044,-1.637183210026531,1.6173315818196483,1.3442371995300177,0.35923645812372285,0.13128344644869014,-0.7740710903671225,1.3277840386637803,-0.3829080644341365,0.3930343109556215,-2.334122723223997,0.2006215157338954
Jaylin Williams,Away,OKC,NYK,113,112,1,26a529b3-d944-4478-92d2-419b58c38f39,-0.5772106683498626,-0.05857947161281808,-0.9207690832137176,-0.09915402510109288,4.008142412068521,-0.5710911737908408,0.1724645333650899,1.8121346675470507,-0.45625747261513433,2.6706821908472738,0.43041655254582345,0.022062703270145274,-0.48382950470252173
Isaiah Joe,Away,OKC,NYK,113,112,1,26a529b3-d944-4478-92d2-419b58c38f39,-0.06518276888073471,-1.2076681111183905,-0.9093576711149943,1.258118298034915,-0.6756298355326966,-0.19502539238800487,-0.8144848671266783,2.9021559511744837,1.3648919252847616,-1.1513642878859804,0.05148368253692953,0.03349425856248978,0.12270004389344505
Cason Wallace,Away,OKC,NYK,113,112,1,26a529b3-d944-4478-92d2-419b58c38f39,-0.2504444527137002,-1.6887839903584527,0.1708439280209437,-0.13042726900275117,-0.6778729969819373,-0.19274228232381857,-0.817728477633476,3.492916074050415,0.39598782735841115,-1.1513642878859804,-0.22271177945027812,-0.18299029924457944,-0.5209316211448557
Aaron Wiggins,Away,OKC,NYK,113,112,1,26a529b3-d944-4478-92d2-419b58c38f39,-0.850568371809484,1.0724799203954216,0.41711296419964394,0.43865842240943675,1.3289374938801002,-0.4291243619186865,2.5778085842189618,-0.3558349192387422,0.02944141870859539,-1.1513642878859804,0.5689896915074381,0.38707127804412234,0.858379877074999
Gordon Hayward,Away,OKC,NYK,113,112,1,26a529b3-d944-4478-92d2-419b58c38f39,-0.4712622380277387,-0.6300097215576682,1.870766591655849,0.6240811945180658,-0.9393875724881426,-1.1659432285041664,1.3330103604023211,0.5575999885499363,0.07453491012531215,-1.1513642878859804,-0.041610719808484777,-1.0382098446617918,-0.7049516478121531
Kenrich Williams,Away,OKC,NYK,113,112,1,26a529b3-d944-4478-92d2-419b58c38f39,-0.30437114780227714,-0.9930928849527574,-0.08458827999641431,-0.8350149651841345,0.7744689245443318,0.5824083040303196,1.7392229899766134,2.566126965363916,-0.19707509489714017,-1.1513642878859804,0.4600452508326135,1.2803058554118862,-0.3614345908252541
Bismack Biyombo,Away,OKC,NYK,113,112,1,26a529b3-d944-4478-92d2-419b58c38f39,-2.1095831395633122,-1.9143611920854473,0.1880757281398747,-0.07361958999396344,-2.687155186588638,0.2828307119199974,0.16252777235186924,-2.9227544248450275,-0.48669151735735827,-1.1513642878859804,-2.8289409963040137,0.739979545152948,-0.06542450471270202
Mike Muscala,Away,OKC,NYK,113,112,1,26a529b3-d944-4478-92d2-419b58c38f39,-2.1095831395633122,-1.9143611920854473,0.1880757281398747,-0.07361958999396344,-2.687155186588638,0.2828307119199974,0.16252777235186924,-2.9227544248450275,-0.48669151735735827,-1.1513642878859804,-2.8289409963040137,0.739979545152948,-0.06542450471270202
Luguentz Dort,Away,OKC,PHI,105,109,0,6258e1d5-6f90-4b39-b550-edaf49bfc317,2.268728381244623,2.040437044915094,0.031174488212745672,1.302221735119402,3.2929174697449626,0.8939579358645958,0.595821779894367,1.1847026951017388,0.5037408576407806,1.2446398457608532,1.390621598886646,0.25364159761980287,-0.22915114666733183
Aaron Wiggins,Away,OKC,PHI,105,109,0,6258e1d5-6f90-4b39-b550-edaf49bfc317,0.7860531950137802,1.5185115407108845,2.7780834231454294,0.4645793174746466,0.8096991144253906,-0.11499983465901456,1.3901030220755364,-0.3373038383949262,-0.7181169484374621,2.6488938694009256,1.2276198773423252,-0.40248510015966854,-0.01117571279645216
Chet Holmgren,Away,OKC,PHI,105,109,0,6258e1d5-6f90-4b39-b550-edaf49bfc317,3.2365330348433616,0.7074263873029456,-1.481598909384712,0.8083938655224442,2.8714199809328025,1.467627409302891,-0.15766507473088506,1.1246625909216843,-0.006185235853706971,2.605967866250132,1.2331958006493822,-1.171319366900707,-1.126570200845564
Jaylin Williams,Away,OKC,PHI,105,109,0,6258e1d5-6f90-4b39-b550-edaf49bfc317,0.04865415422076938,5.046886602103288,-1.60968458305633,-2.7714516921788332,1.4066838509532587,-0.7570335045202468,-0.9021959087664037,-0.6666512555575658,0.8606143982319167,1.1973754436421173,0.8919557897500683,-0.06932652411943344,-0.4466107491067664
Josh Giddey,Away,OKC,PHI,105,109,0,6258e1d5-6f90-4b39-b550-edaf49bfc317,-0.20012205219246257,0.44394197990251594,-1.408931264364156,0.018505561988545218,1.3922758438052436,0.37741573030931813,-0.021872398921079304,-0.1267608535781867,-0.9130798263538233,1.3979469998708298,0.6929487383637964,-1.022095883098768,-0.2251288589292222
Isaiah Joe,Away,OKC,PHI,105,109,0,6258e1d5-6f90-4b39-b550-edaf49bfc317,3.565940192433441,3.0670968564650836,0.1987093398899304,-0.7691855802230552,0.7873965322058724,0.4311975316381628,0.3381387771181978,0.4995905245303113,1.4346249122971437,1.05020057569654,1.2667345743333192,-0.13557834409667122,-0.9851521497599867
Gordon Hayward,Away,OKC,PHI,105,109,0,6258e1d5-6f90-4b39-b550-edaf49bfc317,-0.22512697356842368,-0.7485584152335921,-0.16178372084535114,-1.057276265628619,-0.19062810008312456,1.1885146451774797,-0.11851444656241002,1.6230286277297177,-0.23873674423837124,-1.1513642878859804,0.07501760355708022,-0.2874322869619359,-0.5265108044924274
Kenrich Williams,Away,OKC,PHI,105,109,0,6258e1d5-6f90-4b39-b550-edaf49bfc317,0.07493498597946824,-0.132515976280519,0.6666787262505085,1.623107832320026,-1.089973952684657,-0.940615289141048,1.0989480115202743,3.1748016734611793,-0.10544452762416992,-1.1513642878859804,-0.03951425728767006,-0.4399861252329697,-1.1031368118546816
Cason Wallace,Away,OKC,PHI,105,109,0,6258e1d5-6f90-4b39-b550-edaf49bfc317,-0.5519622684815743,0.40203501476479164,0.7650808130516223,0.6431635324631414,0.49979215255813286,-1.1568633612491255,-0.018297096014734723,-0.7875692482040313,-0.7171919362874949,-1.1513642878859804,0.39616241772619903,-1.658851966528269,0.08448210987324789
Lindy Waters III,Away,OKC,PHI,105,109,0,6258e1d5-6f90-4b39-b550-edaf49bfc317,-1.2551919847365058,-1.9143611920854473,0.1880757281398747,-0.07361958999396344,1.5963697938626513,-0.3804897569038816,4.077499617184317,-0.4522119304918286,0.9021188878047781,-1.1513642878859804,-0.08122386541081765,-0.12950159451347207,0.7197183894870286
Mike Muscala,Away,OKC,PHI,105,109,0,6258e1d5-6f90-4b39-b550-edaf49bfc317,-1.8450772814964933,-1.9143611920854473,0.1880757281398747,-0.07361958999396344,-0.6261785091242044,-0.350718401838824,-1.015206922014054,-2.277930435878009,2.442860753237396,-1.1513642878859804,-0.9876533030257957,-1.1770497355014355,0.9407146053648224
Bismack Biyombo,Away,OKC,PHI,105,109,0,6258e1d5-6f90-4b39-b550-edaf49bfc317,-2.1095831395633122,-1.9143611920854473,0.1880757281398747,-0.07361958999396344,-2.687155186588638,0.2828307119199974,0.16252777235186924,-2.9227544248450275,-0.48669151735735827,-1.1513642878859804,-2.8289409963040137,0.739979545152948,-0.06542450471270202
Aaron Wiggins,Away,OKC,BOS,100,135,0,326fd422-41c6-463c-b4c4-4ad95738af6f,0.3640641283759447,3.215638931530627,-1.67898732506498,0.47555913690415075,-0.9231530883585133,0.9512471569145883,0.2521104149530975,0.46216129848892407,-0.6096681229704266,0.538765812703808,0.43718127202363405,-2.8073797253401227,-1.9715926157703827
Luguentz Dort,Away,OKC,BOS,100,135,0,326fd422-41c6-463c-b4c4-4ad95738af6f,0.8232450985520796,-0.7819356829313895,-0.3954952682654929,0.32291293696120654,1.5664943520966,0.2325822250217097,-0.08173345162040467,-0.3490596825177344,0.3830469197358268,5.097830736681091,0.7257822255848151,-1.8700368806515482,-1.0478332810883795
Cason Wallace,Away,OKC,BOS,100,135,0,326fd422-41c6-463c-b4c4-4ad95738af6f,0.35535044153711853,4.820178089388665,1.2701747157539522,1.87096025825492,-0.9775021183854571,0.9974142159487074,0.26105427517259944,-0.13676193450541355,-0.24910759600946858,2.3244938344223653,0.8663562621231641,-1.2104504853887341,-1.6389099132274314
Josh Giddey,Away,OKC,BOS,100,135,0,326fd422-41c6-463c-b4c4-4ad95738af6f,1.3405840815017536,-0.10662647112310508,-1.2164542809616965,0.23680750760545619,1.8730170498010563,-1.5085534248082237,0.16741479024231798,1.3749174143386276,-0.8801570544600237,1.0931265788473334,1.0786680479587172,-0.4493510610463711,-0.5498079137810472
Chet Holmgren,Away,OKC,BOS,100,135,0,326fd422-41c6-463c-b4c4-4ad95738af6f,0.8391491494210056,-0.4007409905228103,-0.6408465001847592,-0.3975731086279574,2.299560131983236,-0.9541103843488249,-1.3751660867961617,-0.7938692149837454,-0.4345376037673699,0.24319503470631543,0.8532425946503682,-1.8546155156759379,-0.4487064926184161
Kenrich Williams,Away,OKC,BOS,100,135,0,326fd422-41c6-463c-b4c4-4ad95738af6f,0.27711140719995553,-0.26908931570043476,0.5406093762696538,0.9503793852927216,-1.3499514621921374,-0.14156139969016043,-0.2943905760290964,-0.35712644023185774,0.003829242030882216,-1.1513642878859804,0.05563000516791982,-2.4778521618826255,-1.1223470032324012
Isaiah Joe,Away,OKC,BOS,100,135,0,326fd422-41c6-463c-b4c4-4ad95738af6f,0.7441335362502971,-1.1508896070074133,1.339523633969933,0.42100477824142507,0.5564931678386774,0.9913901071770344,-0.6528998201287809,3.225851343122995,0.026125558753858566,2.364067882627321,0.46027058178420555,0.3150510418544799,-1.2597369261784028
Gordon Hayward,Away,OKC,BOS,100,135,0,326fd422-41c6-463c-b4c4-4ad95738af6f,-1.607344758794933,-0.21647332098303662,1.1042108801423085,-0.4174066003625383,-0.5474156977460483,-0.2429311484133253,-0.881846510910745,-2.5966108056959443,0.218710750805607,-1.1513642878859804,-0.793034168498565,-2.5745083084879905,-1.5625013560033598
Jaylin Williams,Away,OKC,BOS,100,135,0,326fd422-41c6-463c-b4c4-4ad95738af6f,-0.9909296051620142,0.20926658449176552,-0.5732504511870413,-2.1872949313024677,0.6724043977958374,-1.2606448800990342,-0.012253811408453373,0.23725305261577737,0.7671142081983895,5.127725098512973,-0.025983506523733994,-0.6808351230297794,-1.9250048198205811
Lindy Waters III,Away,OKC,BOS,100,135,0,326fd422-41c6-463c-b4c4-4ad95738af6f,-1.1943184041101562,-0.8971021114024319,-0.12251099641522736,-0.9376376025749641,-0.9176518038616839,-0.2828751131468521,-0.6636880369733864,0.9217405192349433,-0.5684383866734621,-1.1513642878859804,-0.5722160885893552,-1.2432672405191079,-0.9101988424424716
Mike Muscala,Away,OKC,BOS,100,135,0,326fd422-41c6-463c-b4c4-4ad95738af6f,-1.7842037008701437,-1.9143611920854473,0.1880757281398747,-0.07361958999396344,0.5725891477657684,2.3464887840381556,0.3160424009280096,2.5033513441982773,-2.0692412688672093,-1.1513642878859804,-0.7749103697245558,-0.10941312358032164,-0.9063627873471053
Bismack Biyombo,Away,OKC,BOS,100,135,0,326fd422-41c6-463c-b4c4-4ad95738af6f,-1.7842037008701437,-1.9143611920854473,0.1880757281398747,-0.07361958999396344,-1.9224324906777739,-0.11589341002134601,0.09746608457021509,2.5033513441982773,-2.0692412688672093,-1.1513642878859804,-0.7000834840118189,-0.4595974453564478,-0.7399105870552665
Josh Giddey,Away,OKC,IND,112,126,0,e9717271-c66b-447b-9d18-80e89d1541ef,1.190607728663814,5.285321295221898,-2.606816369461788,-1.2794555328897925,3.0063871433858447,-1.3003787297564133,-0.7028396229598722,-0.7474738815880778,-0.7326415390021869,0.9950100002169483,1.6652538101505403,-0.7984263254230913,-0.3080138235695945
Luguentz Dort,Away,OKC,IND,112,126,0,e9717271-c66b-447b-9d18-80e89d1541ef,3.315015547672852,-0.001266402139991936,-0.9598873519919224,0.4122443749866993,-0.9142580266903778,-0.12138805121702412,-0.5782253104596593,0.891570694370491,0.04318594592298894,2.11976319555949,1.467951907638686,-0.5921929778650208,0.09451173514316416
Isaiah Joe,Away,OKC,IND,112,126,0,e9717271-c66b-447b-9d18-80e89d1541ef,1.053401686243575,-0.271870632481364,0.7654290044153609,-0.6479221603455151,0.5252572680729896,-1.3088749917725835,0.9102329804581138,0.7987507161656238,0.6855856027231922,1.1973754436421173,0.8296694573466067,-0.027143565015784486,-0.2332494629487695
Chet Holmgren,Away,OKC,IND,112,126,0,e9717271-c66b-447b-9d18-80e89d1541ef,1.6338791013491174,-0.12809618127437905,-0.8827930684541685,0.7494780542785041,3.8966728403871747,2.9609954455269314,-1.2589052125599396,-0.18516382461012382,0.4070810062726764,3.597317304459843,1.3076675845122174,-0.7661276446747382,0.5569339124094246
Gordon Hayward,Away,OKC,IND,112,126,0,e9717271-c66b-447b-9d18-80e89d1541ef,-1.2210226601984266,-0.9821452163086987,1.6529377812869883,0.5695099755473841,-2.0316785900936116,-0.058932821172582646,0.10676061139616569,1.129622289488505,-1.6241459554191284,2.7620303553703884,0.11778572467250199,0.273613281490644,-0.08250184619426838
Kenrich Williams,Away,OKC,IND,112,126,0,e9717271-c66b-447b-9d18-80e89d1541ef,1.4029135183480852,1.0093801837623038,-1.5701002102086088,-0.03663396853358908,3.791268411627011,-1.1539209802730153,1.1257278736885827,4.088735057017468,-1.063859990407705,1.252566019121709,0.688877207170065,0.01592125809957369,-1.8555655677592044
Cason Wallace,Away,OKC,IND,112,126,0,e9717271-c66b-447b-9d18-80e89d1541ef,-1.2819653201017644,2.5221873918246818,1.8435227808832855,2.592228329393393,-0.9070498027014128,1.1611434512925456,0.2733821619166933,-1.721763482995549,-0.21513214958151983,-1.1513642878859804,-0.43102197494228833,-2.591087182467554,-1.775725405516836
Lindy Waters III,Away,OKC,IND,112,126,0,e9717271-c66b-447b-9d18-80e89d1541ef,1.1927577796994149,1.25734149786179,2.121131137508846,-0.5333983863371873,1.0099079071731762,-1.1151900228433358,-0.4370231070936228,1.0686884476314933,0.23535053801679592,0.5694272435258033,0.5995351135351669,-0.1802201699038253,-1.8752045194677291
Aaron Wiggins,Away,OKC,IND,112,126,0,e9717271-c66b-447b-9d18-80e89d1541ef,-1.0358300556424493,-0.9978935397465439,-0.010805560710194081,-0.6455283144549313,-1.2452925080815918,-0.16738366594083887,-0.41964446778153586,-0.5441772609187842,-0.5467541475954951,-1.1513642878859804,-0.44187833103387314,-1.889678422977693,-0.5572528931753239
Jaylin Williams,Away,OKC,IND,112,126,0,e9717271-c66b-447b-9d18-80e89d1541ef,-1.1943184041101562,-0.6381330503666249,-1.6977430904757134,2.171942347786555,-0.45510229463490315,1.4734576879419514,0.2846665870703709,0.48630519739959627,-0.49719587603115284,-1.1513642878859804,-0.5125989362537295,-2.173285953134465,-1.0403536669010671
Mike Muscala,Away,OKC,IND,112,126,0,e9717271-c66b-447b-9d18-80e89d1541ef,-1.4588242621769751,-1.9143611920854473,0.1880757281398747,-0.07361958999396344,-0.37573087846629066,-1.7721755318941017,1.7613521797292782,2.0064606809930923,-1.9740690243189274,-0.19223434824764635,-0.16444835721757117,0.13085273870550407,0.0157133188153775
Bismack Biyombo,Away,OKC,IND,112,126,0,e9717271-c66b-447b-9d18-80e89d1541ef,-2.1095831395633122,-1.9143611920854473,0.1880757281398747,-0.07361958999396344,-2.687155186588638,0.2828307119199974,0.16252777235186924,-2.9227544248450275,-0.48669151735735827,-1.1513642878859804,-2.8289409963040137,0.739979545152948,-0.06542450471270202
Josh Giddey,Away,OKC,CHO,121,118,1,acdb922f-0afc-4f64-9734-a34fe80543f4,1.6308565223488969,5.441744273946882,-2.685972442383312,-1.4236358797648991,5.195476973330365,-1.3655267021187951,-2.1658093672155894,1.1925762737000576,-0.8749858147820728,2.6748106327533474,2.1033253265253533,0.47988627769775954,0.5346987693664824
Aaron Wiggins,Away,OKC,CHO,121,118,1,acdb922f-0afc-4f64-9734-a34fe80543f4,4.158675576557302,4.827323382535913,3.936262801718991,1.2920987976525866,-1.0386395680355651,-0.05427950294818043,-0.5706471649598991,0.889833363232241,-0.4520858234704889,0.9674147124771525,1.897029667030609,-0.009849815895823944,-0.5237936408489124
Luguentz Dort,Away,OKC,CHO,121,118,1,acdb922f-0afc-4f64-9734-a34fe80543f4,1.784478957037444,0.7387996594806916,-0.7787060352254339,1.452085394125014,0.2576955844891557,0.4024591989934969,0.6553563534291922,0.7596707568770049,0.3798199577725463,0.3305801125490021,0.9466147912089173,-1.0861866568276812,-0.26825065905294493
Chet Holmgren,Away,OKC,CHO,121,118,1,acdb922f-0afc-4f64-9734-a34fe80543f4,2.83190942191634,2.0740470310578694,0.29990202832697227,1.441765888847026,5.613805432296687,1.3148350046508899,1.4074836815783185,1.2126048655792125,0.19514165192464314,3.0128003430639505,1.5276212339664061,-0.0923843842070382,-0.0822585626038886
Cason Wallace,Away,OKC,CHO,121,118,1,acdb922f-0afc-4f64-9734-a34fe80543f4,0.8500819665724211,1.3340433983162396,1.8630613075745033,-0.4460624098456855,1.0701771687361878,-2.2429501173236828,2.1702657099451748,2.4852550281161725,0.37522294036648157,-1.1513642878859804,0.3744259477745682,0.12130163412210689,-0.8409360151239137
Kenrich Williams,Away,OKC,CHO,121,118,1,acdb922f-0afc-4f64-9734-a34fe80543f4,0.11862305873224865,1.423040994634288,-2.040016599609562,1.0798094944929797,-1.39521711015589,-0.11352055713688285,-0.306209665775818,0.2038058157038366,0.13472558907871904,-1.1513642878859804,0.42246213951515255,-1.5352445323155708,0.6628646486809435
Isaiah Joe,Away,OKC,CHO,121,118,1,acdb922f-0afc-4f64-9734-a34fe80543f4,0.8500819665724211,0.06460409960187186,0.8858854309828339,-0.788371516053478,-1.3477318921549966,-0.1227923757016365,-0.3718589239010747,2.419279979353241,0.38601726016077087,-1.1513642878859804,0.20823640185483014,-0.22008001446018866,-1.0055420918470759
Jaylin Williams,Away,OKC,CHO,121,118,1,acdb922f-0afc-4f64-9734-a34fe80543f4,0.3578114376537911,-0.3280408606721632,-0.30850414179544516,-1.467679067956291,-0.20720781188882598,-1.0929853762747561,0.5210620075838642,0.7797642812363802,0.8861830874961242,-1.1513642878859804,0.07120064168524957,-0.7170116126188577,-0.3946606229317397
Lindy Waters III,Away,OKC,CHO,121,118,1,acdb922f-0afc-4f64-9734-a34fe80543f4,0.5855761085056022,-0.7987541122563827,1.5573524443387936,0.4755759972121067,-2.0472851757244457,-0.050795594194187874,0.10808840094273006,3.268440714856877,0.01622827582160545,-1.1513642878859804,0.3919061048122503,0.7692640438862562,0.1882467115879443
Bismack Biyombo,Away,OKC,CHO,121,118,1,acdb922f-0afc-4f64-9734-a34fe80543f4,-2.1095831395633122,-1.9143611920854473,0.1880757281398747,-0.07361958999396344,-2.687155186588638,0.2828307119199974,0.16252777235186924,-2.9227544248450275,-0.48669151735735827,-1.1513642878859804,-2.8289409963040137,0.739979545152948,-0.06542450471270202
Mike Muscala,Away,OKC,CHO,121,118,1,acdb922f-0afc-4f64-9734-a34fe80543f4,-2.1095831395633122,-1.9143611920854473,0.1880757281398747,-0.07361958999396344,-2.687155186588638,0.2828307119199974,0.16252777235186924,-2.9227544248450275,-0.48669151735735827,-1.1513642878859804,-2.8289409963040137,0.739979545152948,-0.06542450471270202
Shai Gilgeous-Alexander,Home,OKC,SAC,112,105,1,2061e9d4-576c-4e51-b27e-1b8b338b61a4,4.422069362100836,3.241759882932796,-0.690632710176506,1.1504752418122568,2.2048253189786964,1.6829780575846487,0.31283831585210153,1.164762626366625,-0.8222033110865974,8.624732057606957,2.8511573230510603,0.3213307296671931,-0.6582987368280482
Jalen Williams,Home,OKC,SAC,112,105,1,2061e9d4-576c-4e51-b27e-1b8b338b61a4,0.7426086007533269,1.0062107600258166,-0.5064241487272979,0.21862934601007714,0.6554318917867878,-0.004763133756560244,-1.497699124931587,0.40158888803068554,-0.5924780367503476,-1.1513642878859804,1.172679723981243,-0.3934401038152219,-0.026672010802170604
Chet Holmgren,Home,OKC,SAC,112,105,1,2061e9d4-576c-4e51-b27e-1b8b338b61a4,1.677768865310957,0.2648298175370096,1.7422079963710482,-0.0397626555891484,3.7186568014066115,0.6042112932182281,1.7731438450647035,1.3895886486485607,0.26223610021366284,2.2614153722263888,1.3995943721141944,0.8587644815687836,-0.11185387054265315
Luguentz Dort,Home,OKC,SAC,112,105,1,2061e9d4-576c-4e51-b27e-1b8b338b61a4,2.64696029585269,0.5933872735205556,1.7793120126827993,-0.12443837228563831,-1.136995048189428,-0.03187579156780046,-0.46332127967661013,1.5898019358345397,0.23830029615633805,1.6956486907078228,1.295658493773341,0.520012283246517,-0.4157063569078019
Josh Giddey,Home,OKC,SAC,112,105,1,2061e9d4-576c-4e51-b27e-1b8b338b61a4,-0.32155665567584624,3.1629358857942083,-1.6307824672409719,1.5795058566763922,1.2875382588751545,2.813930658630617,0.1606495842936829,-1.0501957123077856,0.741245510472317,-1.1513642878859804,0.6683562551569951,-1.141677312731799,0.6841132304655749
Isaiah Joe,Home,OKC,SAC,112,105,1,2061e9d4-576c-4e51-b27e-1b8b338b61a4,1.1145878246392402,1.3071341128443654,1.588588781506271,1.1052130117185244,0.12371089956127275,-0.13046178469574612,-1.3328788527831426,1.513914396849111,0.7049823158399221,-1.1513642878859804,0.7268971330191195,0.442703347255528,-0.02664416253286025
Aaron Wiggins,Home,OKC,SAC,112,105,1,2061e9d4-576c-4e51-b27e-1b8b338b61a4,-0.8160864895020896,-1.2202710490218611,0.005162148861443095,-0.592141390025838,1.1788162348264375,0.6537514297323618,0.6909402685762414,1.475972863562657,-0.9716222538824607,0.7825241877386707,0.4566165406220742,1.0053735953114455,0.5873711412650996
Cason Wallace,Home,OKC,SAC,112,105,1,2061e9d4-576c-4e51-b27e-1b8b338b61a4,-0.7173975024870537,-0.25293320070300546,1.0869416683636102,-0.4058367514135081,-0.27631923577836254,1.5007509700634198,0.14105038451208093,-0.4550486116195001,0.3791711086535641,-1.1513642878859804,0.3208985380225956,0.3400649010476979,0.42005027656774707
Jaylin Williams,Home,OKC,SAC,112,105,1,2061e9d4-576c-4e51-b27e-1b8b338b61a4,-1.1943184041101562,0.4540847635109393,-1.3113779880001948,0.11295570026696349,-1.4346955611748893,-0.09635050965953543,-0.30220958225663674,0.763400402203908,-0.5425320191671679,-1.1513642878859804,-0.36054227800637006,-1.1619261842175763,-0.682310255779306
Kenrich Williams,Home,OKC,SAC,112,105,1,2061e9d4-576c-4e51-b27e-1b8b338b61a4,-1.7658331072626399,-1.6887839903584527,0.1708439280209437,-0.13042726900275117,0.5664863260654576,-1.9307016074691783,1.044405020885722,-2.316649720680913,0.9316690428245747,-1.1513642878859804,-0.9784952350113789,-2.331258001514126,0.12903738692715308
Mike Muscala,Home,OKC,SAC,112,105,1,2061e9d4-576c-4e51-b27e-1b8b338b61a4,-2.1095831395633122,-1.9143611920854473,0.1880757281398747,-0.07361958999396344,3.8868929711467053,-1.8334084007664087,-5.0350154547893675,-2.9227544248450275,-0.48669151735735827,-1.1513642878859804,-1.2488912573074875,0.43017581972064073,-0.2012384045709528
Bismack Biyombo,Home,OKC,SAC,112,105,1,2061e9d4-576c-4e51-b27e-1b8b338b61a4,-2.1095831395633122,-1.9143611920854473,0.1880757281398747,-0.07361958999396344,-2.687155186588638,0.2828307119199974,0.16252777235186924,-2.9227544248450275,-0.48669151735735827,-1.1513642878859804,-2.8289409963040137,0.739979545152948,-0.06542450471270202
Lindy Waters III,Home,OKC,SAC,112,105,1,2061e9d4-576c-4e51-b27e-1b8b338b61a4,-2.1095831395633122,-1.9143611920854473,0.1880757281398747,-0.07361958999396344,-2.687155186588638,0.2828307119199974,0.16252777235186924,-2.9227544248450275,-0.48669151735735827,-1.1513642878859804,-2.8289409963040137,0.739979545152948,-0.06542450471270202
Josh Giddey,Home,OKC,SAS,127,89,1,62d32278-bb2d-463b-aae2-3882fc4788fe,1.7636473673132678,2.7866430566584977,-1.2800792424297982,-0.5667488365923646,3.555394510136818,0.0015895690720316763,-3.3566127235475047,1.0712820414275575,-0.6597057103049655,2.6979521587161184,1.8138563723481933,1.4484834409712568,0.7250556208525478
Shai Gilgeous-Alexander,Home,OKC,SAS,127,89,1,62d32278-bb2d-463b-aae2-3882fc4788fe,2.9775182060943335,0.7876713107001891,-1.0113346374952767,-1.6409156564602225,0.7619433230190059,-0.011580994059547843,-1.694592894571462,0.8513617349434559,-0.8534919046097369,2.4848552145032508,2.1775521788034036,1.4423510781153437,1.1681721326130716
Cason Wallace,Home,OKC,SAS,127,89,1,62d32278-bb2d-463b-aae2-3882fc4788fe,-0.9723155330621832,1.3387661510679207,2.7587403520600704,0.1347061146005677,0.21924878814247406,1.1521591862352631,-0.5855199348277877,-2.1561900483722733,1.8159318839001457,-1.1513642878859804,0.6812489379395779,1.0933589346441404,1.5719442225625782
Jalen Williams,Home,OKC,SAS,127,89,1,62d32278-bb2d-463b-aae2-3882fc4788fe,0.36330246697158153,1.5935955487693731,2.3093763923914654,1.022381568527992,1.8070628971210307,1.1095411075552288,-1.5626349882994433,-0.36950585831979205,-0.6681759811489507,-1.1513642878859804,1.330788956908271,1.1840383936472163,1.4749148245270292
Chet Holmgren,Home,OKC,SAS,127,89,1,62d32278-bb2d-463b-aae2-3882fc4788fe,0.11831050096293327,0.5747740455096927,1.0706207262280931,-0.6554391448229882,1.8305690021704506,-1.0327066662273992,-1.0586359986749356,0.39135320380630434,-0.33655089165432306,1.1973754436421173,0.7570434601757583,0.25457402582737004,0.2847270547325513
Gordon Hayward,Home,OKC,SAS,127,89,1,62d32278-bb2d-463b-aae2-3882fc4788fe,1.5269890637853858,0.4256432328050299,-0.41040760730387416,2.1073411211234214,-1.702322631450058,0.031057868455561407,-0.22620187518721244,2.224562162964041,-0.44891726710256036,2.8005908758051907,1.5081220580407098,1.134695108842954,1.2424826586572286
Aaron Wiggins,Home,OKC,SAS,127,89,1,62d32278-bb2d-463b-aae2-3882fc4788fe,0.040140545902758465,1.6549622845940544,1.3411278479081745,0.45427160596202104,-1.1047460945246952,-0.004427548242761498,-0.6401590630409508,0.9535820017894341,0.05118697536871792,0.534478627515271,0.78648758934599,0.9254647902141449,0.8407970971675872
Kenrich Williams,Home,OKC,SAS,127,89,1,62d32278-bb2d-463b-aae2-3882fc4788fe,-0.4528916444202348,-0.054478219644335406,-1.0340066820460612,-0.46130697086107747,-1.6035313336581818,-0.007191851172749406,-0.2893472809385668,-0.8744561603437281,0.7070654480215509,-1.1513642878859804,0.360369260252034,-0.2529533664799464,1.1855257895038258
Mike Muscala,Home,OKC,SAS,127,89,1,62d32278-bb2d-463b-aae2-3882fc4788fe,-1.607344758794933,0.2415195930778055,-1.0999699234249003,0.057932737214588796,0.7755623520809032,-1.6425719013187707,1.1355022517564697,-2.411880669159737,0.18848665538159706,-1.1513642878859804,-0.25279327339227553,-1.2614685233230405,0.6562879699242946
Jaylin Williams,Home,OKC,SAS,127,89,1,62d32278-bb2d-463b-aae2-3882fc4788fe,0.07493498597946824,0.7623063791340742,0.9671924622439675,-1.1032417916897825,4.224988392625657,-0.5138328234786158,0.12872232021727564,3.402922179296606,-0.13513662355921333,-0.5755022335225878,0.7811988330614337,2.6797316355758345,0.016662831905640264
Isaiah Joe,Home,OKC,SAS,127,89,1,62d32278-bb2d-463b-aae2-3882fc4788fe,0.6039467021131061,-0.9032727892947628,-0.6131399328661159,0.697335133060695,1.3667275685891602,2.22794723534437,1.7761515885804375,1.2808371452622136,0.6881744025309152,-1.1513642878859804,0.6120747962660595,0.4810504934540585,0.26757227218633023
Bismack Biyombo,Home,OKC,SAS,127,89,1,62d32278-bb2d-463b-aae2-3882fc4788fe,-1.1334448234838068,-1.9143611920854473,0.1880757281398747,-0.07361958999396344,2.93054214785644,0.3708650620249001,-0.46155425999069166,2.542936373456036,-2.075717860743783,-1.1513642878859804,-0.088469633717863,0.6509422571796216,-0.34569592776573377
Lindy Waters III,Home,OKC,SAS,127,89,1,62d32278-bb2d-463b-aae2-3882fc4788fe,1.3537762035607828,-1.6887839903584527,0.1708439280209437,-0.13042726900275117,-0.49177980655975995,-0.2178895569018842,-1.1225027342113325,1.842317874739015,1.595941767277725,-1.1513642878859804,0.6150704485819292,0.2830332666783174,-0.6888541846700864
Adam Flagler,Home,OKC,SAS,127,89,1,62d32278-bb2d-463b-aae2-3882fc4788fe,-0.6113799928879416,0.012727501547762594,-0.515016368547511,-2.0163449495533974,-2.229362008084175,0.04413872055375104,0.12357927898598105,0.006791857990254123,1.2583930728106882,-1.1513642878859804,-0.04453076409890669,-0.3258022122256148,-0.017837353046109474
Shai Gilgeous-Alexander,Home,OKC,MIL,125,107,1,b0629c53-e32d-4272-b41b-cabde7035656,3.0499954406276584,-0.6160131813231399,-0.1947359925390061,-1.1598111557838024,2.474352552019396,0.24066871352360283,-0.791553079119442,-0.4689135077384424,-0.11872292806825879,4.375754040823102,2.0754356832101784,-0.6099802776926118,0.8774759740638726
Luguentz Dort,Home,OKC,MIL,125,107,1,b0629c53-e32d-4272-b41b-cabde7035656,1.723987013457398,1.8276436969933951,2.7727201713998366,0.035579359061569164,-1.5545135486268844,-0.03932814993606633,-0.2593840302091638,1.6091834785610881,1.6544494179331808,1.252566019121709,1.120012223614653,1.345834306974641,0.8572119615151818
Jalen Williams,Home,OKC,MIL,125,107,1,b0629c53-e32d-4272-b41b-cabde7035656,1.6050899395685727,1.0899008415583984,-0.003306748435314376,-0.8608539826774462,-0.47644689801142437,1.005661491632363,-0.11248978284531612,1.060511350012986,-0.6545518537369153,1.070130505730837,1.412926053234887,0.5821954957738207,0.29005045804753715
Gordon Hayward,Home,OKC,MIL,125,107,1,b0629c53-e32d-4272-b41b-cabde7035656,-1.0542006492499534,0.7883790813623703,1.0985104933584529,1.1774971670056213,1.7868034192699844,-1.4675801783218057,0.14743418257087806,0.9190898341707218,-1.630639483415261,-0.5755022335225878,0.6833870217752459,0.7983857823882609,0.7950306050907605
Chet Holmgren,Home,OKC,MIL,125,107,1,b0629c53-e32d-4272-b41b-cabde7035656,2.41471880246892,1.3794719084586806,-0.26047989203496585,0.13856516861594387,5.221623262015248,1.1413030521002698,1.774128430556071,1.5009207082732496,-0.6605625749657228,1.5830983402646686,1.7072146774953936,0.8531596878296165,-0.25296126407929914
Aaron Wiggins,Home,OKC,MIL,125,107,1,b0629c53-e32d-4272-b41b-cabde7035656,1.665963520194922,1.4150273030788498,1.29612958198028,0.14231012054116346,-0.11723266908928373,-0.7713651161347985,0.12053020381330194,1.5357318949905907,-0.9707086215325454,1.011758424359963,1.5334365696496073,0.8022426839954524,0.34534619591559224
Cason Wallace,Home,OKC,MIL,125,107,1,b0629c53-e32d-4272-b41b-cabde7035656,0.27856726341993765,0.673384999819989,2.2776137928195426,0.1264534808345861,-1.4503708715282684,-0.0726026563923767,-0.35089074222655,1.2128774800629014,1.1680432868281403,-1.1513642878859804,0.2758912031740401,0.25239004464315007,-0.009631392520970342
Jaylin Williams,Home,OKC,MIL,125,107,1,b0629c53-e32d-4272-b41b-cabde7035656,1.1938319988730934,0.6313272603199889,0.4721940987047653,0.245334581184795,-0.6167443001256675,-0.1901683984192755,-0.9390594328731463,1.0787870393802552,0.5577778566769432,-1.1513642878859804,0.9841522597310249,0.4923067607699341,0.7852581226717398
Kenrich Williams,Home,OKC,MIL,125,107,1,b0629c53-e32d-4272-b41b-cabde7035656,-0.8942564445622646,-0.30977975345820985,1.41526032969446,0.019395800138461095,0.28685274335284433,-0.3243048940170831,-1.6123930494216805,4.9601659326810585,-0.5712450441645132,-1.1513642878859804,-0.09921699315818353,0.8528711123676572,-0.01793560054779886
Isaiah Joe,Home,OKC,MIL,125,107,1,b0629c53-e32d-4272-b41b-cabde7035656,-1.5805714234296744,0.6732748844770947,-1.6619818968192768,0.20201019094962724,-0.24194258712035327,-1.0943545427398065,0.5563785009145925,-1.7831175701560242,2.361903354780226,-1.1513642878859804,-0.3956501486343541,-0.9235789666065805,0.7931435562154221
Lindy Waters III,Home,OKC,MIL,125,107,1,b0629c53-e32d-4272-b41b-cabde7035656,-0.06518276888073471,0.714863046671468,-1.6300611180004758,-0.7189023545571085,-0.6775114087064928,-0.3295065835931213,-0.9917348879656273,3.0868860877106914,1.3346678298607515,-1.1513642878859804,0.5782828613668458,0.630642099991114,-1.4713563185976781
Ousmane Dieng,Home,OKC,MIL,125,107,1,b0629c53-e32d-4272-b41b-cabde7035656,-2.1095831395633122,-0.17898295950370624,-3.227217520321119,4.3924720851142,-2.0628917613552797,-0.042658367215793115,0.10941619048929442,-2.9227544248450275,-0.48669151735735827,-1.1513642878859804,-1.0515074929329367,-1.5366387290307806,1.009729253455272
Mike Muscala,Home,OKC,MIL,125,107,1,b0629c53-e32d-4272-b41b-cabde7035656,-2.1095831395633122,-0.17898295950370624,-3.227217520321119,4.3924720851142,-2.0628917613552797,-0.042658367215793115,0.10941619048929442,-2.9227544248450275,-0.48669151735735827,-1.1513642878859804,-1.1112904147050253,-2.1128392892161965,0.7565773553351147
Olivier Sarr,Home,OKC,MIL,125,107,1,b0629c53-e32d-4272-b41b-cabde7035656,-2.1095831395633122,-1.9143611920854473,0.1880757281398747,-0.07361958999396344,0.1227403635868608,-0.582978882251852,-1.703387723296992,-2.9227544248450275,-0.48669151735735827,-1.1513642878859804,-1.5060836786082992,-0.9287186689860574,-0.15309749902979108
Bismack Biyombo,Home,OKC,MIL,125,107,1,b0629c53-e32d-4272-b41b-cabde7035656,-2.1095831395633122,-1.9143611920854473,0.1880757281398747,-0.07361958999396344,-2.687155186588638,0.2828307119199974,0.16252777235186924,-2.9227544248450275,-0.48669151735735827,-1.1513642878859804,-2.8289409963040137,0.739979545152948,-0.06542450471270202
Josh Giddey,Home,OKC,DAL,135,86,1,e972e245-50a1-4824-91df-75e2e490cbcf,0.43598139271396585,2.9869168126192847,-2.6601909731884055,-1.1246972112540492,1.762501280561381,-1.6443108611206223,0.5138729382362439,0.17263071743981312,0.35661975858965694,0.5908902451012,1.1864149604612158,0.7330581229980679,1.0233105345249536
Shai Gilgeous-Alexander,Home,OKC,DAL,135,86,1,e972e245-50a1-4824-91df-75e2e490cbcf,0.9980882142120042,1.0359019614658038,-0.7891163021591278,-2.808351621489526,-1.2732744280959474,-0.8448963678625535,1.1338671228453354,0.2767736288379901,-0.23024580652390075,2.756208877277909,1.9513625319103,1.9056940596136254,1.7822553319954915
Jalen Williams,Home,OKC,DAL,135,86,1,e972e245-50a1-4824-91df-75e2e490cbcf,0.10025246512474476,-0.19045408525002994,-0.3628600353290772,-1.6147715148831465,-2.1981488368225075,0.027864266596961507,0.1209236998928523,1.9099344648978176,-0.5333151126920649,-1.1513642878859804,0.562833884765916,0.8672457308731967,0.3293842124502609
Luguentz Dort,Home,OKC,DAL,135,86,1,e972e245-50a1-4824-91df-75e2e490cbcf,-0.02149469612795427,-0.7261605680718495,-0.17063235467640753,-1.0812215476864793,-0.7673030141630375,-0.1373667430947633,-0.8588520670805483,0.08919887076252467,0.9062862331140485,-1.1513642878859804,0.42143514473085353,0.07337860795877038,1.1690848068648734
Chet Holmgren,Home,OKC,DAL,135,86,1,e972e245-50a1-4824-91df-75e2e490cbcf,0.23929600081126903,-0.6978445306874361,-1.0721550924148124,1.2458738851611129,5.794785383534911,-1.13583656614467,-0.19428652458414014,1.0619880889406563,-1.2818834881365329,0.5908902451012,1.4951177656110697,0.719887037416424,0.7542289296201804
Gordon Hayward,Home,OKC,DAL,135,86,1,e972e245-50a1-4824-91df-75e2e490cbcf,-0.35861040066016947,0.2851251965515427,-1.4084015101070104,0.5875279491697412,-0.03765592485040099,-0.06735077931865498,-1.2365035790950203,0.677069883871246,-1.0334594707855527,1.3950263096349045,0.997802104362792,0.7829877768936925,1.7767917633868662
Kenrich Williams,Home,OKC,DAL,135,86,1,e972e245-50a1-4824-91df-75e2e490cbcf,0.33798498782630504,2.58053188375186,-2.9611515588387776,-0.1625344479218203,1.6844560662605268,-0.174700713267053,-2.3362714497087027,0.3974822173927887,-0.4642246756522121,-1.1513642878859804,1.0941236839716932,-0.00592559590744962,0.5183345659925223
Mike Muscala,Home,OKC,DAL,135,86,1,e972e245-50a1-4824-91df-75e2e490cbcf,-1.5196978428033248,-0.6426725508857095,-1.2003310946650005,1.4913714257874469,1.2983689503831013,-1.6964673296636141,0.8930131694777017,0.11271045416013414,0.1868097421850931,-1.1513642878859804,-0.2105746936041324,-0.416060771072219,0.5496067813335037
Ousmane Dieng,Home,OKC,DAL,135,86,1,e972e245-50a1-4824-91df-75e2e490cbcf,1.2532497232794608,3.066932945592643,2.5501242445199024,0.2790680818315717,-0.6620865390052264,2.5883812042568715,0.987945928966659,0.5490068573383381,-0.5104994554554717,-1.1513642878859804,1.2484997373001938,0.5011513956711671,-0.5703677869719301
Bismack Biyombo,Home,OKC,DAL,135,86,1,e972e245-50a1-4824-91df-75e2e490cbcf,-1.1946309618794717,-1.6887839903584527,0.1708439280209437,-0.13042726900275117,2.1170361982376718,0.3141246089532809,-0.1900649459063128,-0.05716672638923526,-1.3045416800147316,2.1644827704207126,0.16708027575744913,-0.2513220223437727,0.3216948356258288
Aaron Wiggins,Home,OKC,DAL,135,86,1,e972e245-50a1-4824-91df-75e2e490cbcf,0.9898871636633085,-0.47667078560253723,1.2278071041204173,-0.021454836877374914,1.6076606747333702,-0.9799652562500671,-0.8221360315913376,2.450271752495479,-0.6451215030732831,1.1973754436421173,1.2779843279374477,2.01596505149556,1.0722151567365612
Lindy Waters III,Home,OKC,DAL,135,86,1,e972e245-50a1-4824-91df-75e2e490cbcf,1.7939559179688773,-0.7997534944604323,-0.14155827208865085,-1.0025441923535099,-1.6406654831596168,1.4102241503633206,0.794676295736085,3.4212315719543622,0.8283974807828226,-1.1513642878859804,0.3764037095825124,0.7482428323861633,-1.4502061955336547
Cason Wallace,Home,OKC,DAL,135,86,1,e972e245-50a1-4824-91df-75e2e490cbcf,0.7256938633658051,-1.2234707414735386,0.006426239408736912,-0.5887206354461436,-0.06284880852175309,0.47490181486158684,1.4170050047196254,3.6219978385219473,-0.7320909922205067,-1.1513642878859804,1.1532101082207247,2.786315012098805,1.3549136558972312
Jaylin Williams,Home,OKC,DAL,135,86,1,e972e245-50a1-4824-91df-75e2e490cbcf,-0.8942564445622646,-0.2439325458702724,1.5159394404915971,0.058635268834697926,2.790679234878432,-0.5360439303878444,-3.324266380166559,4.953568427804766,-0.5701656121850842,-1.1513642878859804,0.27032351426838075,2.246887247594105,0.6385165678695083
Isaiah Joe,Home,OKC,DAL,135,86,1,e972e245-50a1-4824-91df-75e2e490cbcf,-1.2551919847365058,0.36441479334247073,0.6071859456982974,1.5030220764169246,-0.284401904074161,-1.2531001700003424,0.8802666801412483,-0.5907595328939845,0.9247869593727857,-1.1513642878859804,0.42771191008507503,0.9888232732782075,2.1874264827188483
